:1000000000800020BD010000AD0F0200790F02004A
:10001000790F0200790F0200790F0200790F0200B8
:10002000790F0200790F0200790F0200AD0F020074
:10003000AD0F0200790F0200AD0F0200690F020040
:10004000AD0F0200AD0F0200AD0F0200AD0F0200B8
:10005000AD0F0200AD0F0200AD0F0200AD0F0200A8
:10006000AD0F0200AD0F0200AD0F0200AD0F020098
:10007000AD0F0200AD0F0200AD0F0200AD0F020088
:10008000AD0F0200AD0F0200AD0F0200AD0F020078
:10009000AD0F0200AD0F0200AD0F0200AD0F020068
:1000A000AD0F0200AD0F0200AD0F0200AD0F020058
:1000B000AD0F0200AD0F0200AD0F0200AD0F020048
:1000C000AD0F0200AD0F0200AD0F0200AD0F020038
:1000D000AD0F0200AD0F0200AD0F0200AD0F020028
:1000E000AD0F0200AD0F0200AD0F0200AD0F020018
:1000F000AD0F0200AD0F0200AD0F0200AD0F020008
:10010000AD0F0200AD0F0200AD0F0200AD0F0200F7
:10011000AD0F0200AD0F0200AD0F0200AD0F0200E7
:10012000AD0F0200AD0F0200AD0F0200AD0F0200D7
:10013000AD0F0200AD0F0200AD0F0200AD0F0200C7
:10014000AD0F0200AD0F0200AD0F0200AD0F0200B7
:10015000AD0F0200AD0F0200AD0F0200AD0F0200A7
:10016000AD0F020045050200AD0F0200AD0F020009
:10017000AD0F0200AD0F0200AD0F0200AD0F020087
:10018000AD0F0200AD0F0200AD0F0200AD0F020077
:10019000AD0F0200AD0F0200AD0F0200AD0F020067
:1001A000AD0F0200AD0F0200AD0F0200AD0F020057
:1001B000AD0F0200AD0F0200AD0F0200564B4CF226
:1001C000205210B51A804DF628121A8000BF00BFC9
:1001D00020F0F0FE514B4FF010621A60504A9A60C6
:1001E000504ADA60A3F53043203B1A6812F480725B
:1001F00004D14D490A604FF4A8521A604B4B1A784B
:10020000110703D51A7842F008021A70484B2A22C7
:100210001A700023474A48499818884204D247492F
:10022000595899500433F5E7454A464B9A424FF0E6
:10023000000302D242F8043BF7E74349434A5958C6
:1002400099500433B3F5DE7FF7D1414B802103F899
:10025000011B40498B42F9D13F4B1A603F4B0A22A8
:100260001A70A3F5805324225A70A0221A709A792A
:100270009207FCD59A79D406FCD4394B9A7902F0CE
:100280000C02082AF9D105221A7143225A719A796F
:100290009006FCD5324B9A795106FBD5314A4FF086
:1002A000817111600521516020221A702C4B9B79BD
:1002B00003F00C030C2BF9D12B4B2C4A1A602C4B5E
:1002C0002C4A1A6000225A60072243F8042C2A4A5A
:1002D000C3F80C2D62B621F023FB134B1B68DA0721
:1002E00005D5264821F0A8F9254B264A1A60264B49
:1002F0001B785B0609D5224C224A2368934204D11D
:100300001E4821F099F90023236022F097FD20F088
:1003100057FE21F003FFFEE70E2005403080044029
:10032000823F04000100002B14D0034002D007409C
:1003300000E00740708CFF1FF08EFF1FE8B1020045
:10034000F08EFF1FECFFFF1F000000000082FF1F68
:1003500000E400E05FE400E008ED00E0005006404B
:10036000004006404480044004800440C010050062
:1003700014E000E03F19010000002020F94CBD6AA4
:100380001CE00340A5C3945A00F00740FFFFFFFFA5
:10039000FFFFFFFFFFFFFFFFFFFFFFFFFFFFFFFF6D
:1003A000FFFFFFFFFFFFFFFFFFFFFFFFFFFFFFFF5D
:1003B000FFFFFFFFFFFFFFFFFFFFFFFFFFFFFFFF4D
:1003C000FFFFFFFFFFFFFFFFFFFFFFFFFFFFFFFF3D
:1003D000FFFFFFFFFFFFFFFFFFFFFFFFFFFFFFFF2D
:1003E000FFFFFFFFFFFFFFFFFFFFFFFFFFFFFFFF1D
:1003F000FFFFFFFFFFFFFFFFFFFFFFFFFFFFFFFF0D
:10040000FFFFFFFFFFFFFFFFFFFFFFFFFEFFFFFFFD
:1004100010B5054C237833B9044B13B10448AFF33E
:1004200000800123237010BDF08EFF1F000000002C
:10043000E8B1020008B5064B1BB106480649AFF308
:1004400000800648036813B1054B03B1984708BD07
:1004500000000000E8B10200F48EFF1FF08EFF1FC5
:10046000000000007047FFFF08B5C82021F042FAE5
:10047000074A0023137053709370D3701371537134
:10048000044A1370044A1370BDE8084020F01CBFF2
:1004900098FDFF1F9EFDFF1F9FFDFF1FF8B51A4B24
:1004A0001A481B4E1B4F00251D701B4B01241C704E
:1004B00001F0C8FB194B1A481C602022294622F083
:1004C0001DFD0823337020F0FFFE0F233B7020F04A
:1004D000FBFEFFF7C9FF347020F0F6FE09233370EE
:1004E00020F0F2FE14233B7020F0EEFE4FF4FA7081
:1004F00021F000FA0B4B1D7020F0E6FEFFF7B4FF71
:10050000094B0A4A1A60F8BDFDC7FF1FBCC7FF1F91
:100510009EFDFF1F98FDFF1F808CFF1F848CFF1F17
:100520001091FF1F9FFDFF1F0CED00E00400FA0576
:100530002DE9F04F964C9FB0002305460DF10F00BA
:10054000237002F05DF9934B1B7823B99DF80F30AF
:1005500003F00F0305E0012B08D19DF80F301B09B4
:100560000C339D4202D1FFF799FFBFE18A4E294625
:10057000304602F0D1F8317811B9304602F0CCF8AB
:10058000337813B9844B04221A700DF10E002946FA
:1005900003F008F99DF80E90C9F3C0038DF80E30F2
:1005A0007E4B1F78002F40F0A1817D4E39464022BE
:1005B0000EA822F0A3FC3946FB22304622F09EFC16
:1005C0000EA8294607F074FAB0F1000826DD754B35
:1005D000CDF800800EA8E9B20F220AF0B9FE9DF80E
:1005E0003830082B0CD108F1FF380DF139003146B5
:1005F000424623780DF088F8012784F800800DE04A
:10060000424623780EA831460DF07EF85FFA88F353
:10061000022208F10108F25484F8008000214022EF
:100620000EA822F06BFC0EA8294603F047F99DF8AE
:100630003830C9F3800A5BB1AFB91E2B00F250818C
:100640009846237808F10A02F2540133237048E1F6
:10065000BAF1000F0AD05FB9B84623780122F254EC
:100660001344237005E04FF0000802E0D04600E09C
:1006700098460EA8294607F09FFBB0F1000A11DD4D
:10068000CDF800A00EA8E9B20222464B0AF060FEA7
:100690005246237842490EA80DF036F823789A4442
:1006A00084F800A009F0030A0EA80021402222F0DD
:1006B00025FCBAF1000F0BD057B9BAF1010F02D0E7
:1006C000BAF1020F04D1237806F803A00133237096
:1006D000002140220EA822F011FC0EA8294603F0AA
:1006E00079F99DF838B00BF1FF331D2B07D837B9D6
:1006F00023780BF10A02F2540133237001E04FF02A
:10070000000B0EA8294602F07FFDB0F1000A11DDB2
:10071000CDF800A00EA8E9B20522224B0AF018FE7F
:10072000524623781E490EA80CF0EEFF23789A4417
:1007300084F800A0C9F3011A0EA80021402222F07B
:10074000DDFBBAF1000F0BD057B9BAF1010F02D09F
:10075000BAF1020F04D1237806F803A00133237005
:10076000002140220EA822F0C9FB0EA8294603F062
:10077000BDF99DF838A00AF1FF331D2B14D89FB99D
:1007800023780AF10A02F254013323700EE000BF0D
:10079000348FFF1FB4D5FF1FA48CFF1FA1C7FF1FFD
:1007A000508FFF1F1091FF1F4FF0000A0EA800216D
:1007B000402222F0A3FB9DF80E302BB127B92378FD
:1007C0000122F254134423700EA8294603F04AFA7A
:1007D0009DF83830002B6ED0672B46D129460EA8E5
:1007E00007F07CFC434F00900646E9B20EA80922B0
:1007F000414B0AF0ADFD237832460EA839460CF085
:1008000083FF32460EA904A801F020FE01F086FE07
:10081000404400EB0B01514404A801F01BFE0646C6
:1008200001F0B8FE237858B94E22FA541F445322DF
:100830004F237B70FA7054234522BB703A710BE052
:100840003278FA541F4472787A70B378BB70F378B8
:10085000FB7033793B7173797B7123780EA8063373
:1008600000214022237022F049FB9DF83830214EB0
:10087000792B07D12078002130440BF07FFA2378C0
:100880002C3323709DF83830322B01D0592B09D1ED
:100890002078E9B230440BF071FA2378203303EB6F
:1008A000400020709DF83830752B04D12378092240
:1008B000F254013323705FEAD9130E4B04D022782F
:1008C000012199540A44227019F0400F04D0227873
:1008D000022199540132227022780021995405E0B6
:1008E000B846BAF1000F7FF4B8AEC2E61FB0BDE85B
:1008F000F08F00BF508FFF1F1091FF1F0A4B1A7817
:100900000A4B18681AB90A4A5278022A01D12438C7
:1009100007E0012A01D12A3803E0032A0CBF1E3860
:100920003038FFF705BE00BFB4D5FF1F30ADFF1F45
:10093000E8C7FF1F0D4B1A780D4B18681AB90D4AFE
:100940005278022A01D1243807E0012A01D12A383D
:1009500003E0032A0CBF1E383038074B1B78092BE5
:100960000CBF03300630FFF7E3BD00BFB4D5FF1F57
:1009700030ADFF1FE8C7FF1FB78CFF1F10B5464BF8
:100980001B6804461878A0F13103082B06D84FF4F1
:100990007A733038584320F0ADFF42E074285CD0C1
:1009A00072285ED03D4B1B78002B3AD01CB120F052
:1009B00029FD002435E0702832D0682855D07528EC
:1009C00055D06F2855D0652855D0642855D0622859
:1009D00055D04C2855D0522855D0552855D04428AC
:1009E00055D0452855D0632804D12D4B1A7842F0B4
:1009F000010213E0732804D1294B1A7842F0020255
:100A00000CE0612804D1264B1A7842F0040205E07C
:100A1000672806D1224B1A7842F008021A7000E0CB
:100A20004624204B1A780AB91C7012E05A780AB989
:100A30005C700EE09A780AB99C700AE0DA780AB91C
:100A4000DC7006E01A790AB91C7102E05A7902B921
:100A50005C71BDE8104020F037BC002CA7D12B24DE
:100A6000DFE7002CA3D12824DBE74A24D9E74B2475
:100A7000D7E74E24D5E74D24D3E74C24D1E72A24E9
:100A8000CFE75024CDE74F24CBE75224C9E75124C8
:100A9000C7E72924C5E700BF4C90FF1FACD5FF1F57
:100AA0009EFDFF1F98FDFF1F2DE9F0415F4B604A3F
:100AB0001B7810785F4C4BB1AA2807D121680A78BF
:100AC00022B1092A02D001312160F3E722685A4E8F
:100AD00015783778DFF85C819DB95848584900F09F
:100AE000E4FF5648574901F011F83046294601F015
:100AF00013FE3378002B40F0968004233370BDE85A
:100B0000F08117FB07F7032697FBF6F6012D4FEA56
:100B1000C6064FEA470704D1002B73D14FF22B00D2
:100B200066E0022D04D1002B6CD14FF228005FE06B
:100B3000092D11D1444C01232360444B1E681D46EE
:100B400006F57A662268002A61D02B68B3425ED22D
:100B500000200CF05BF8F5E7A5F10A01C8B21528F2
:100B60000DD8002B5FD14FF47A70484320F0C2FEBD
:100B7000D8F800300133C8F80030BDE8F081202DEE
:100B800034D151785C2931D10132C8F800209BB1B1
:100B9000BDE8F0815C2B14D1264B01321A60002095
:100BA000FFF7ECFE304620F0A5FE23685A1C2260B9
:100BB0005A78202A07D04AB122681378002BE9D14D
:100BC00012E00120ECE71B4A0233136020F066FCC0
:100BD000304620F08FFE20F061FCFFF745FC3846E0
:100BE000BDE8F04120F086BEBDE8F08153B928464B
:100BF00020F008FC304620F07DFE20F04FFC384607
:100C000020F078FE236801332360BDE8F0810023E3
:100C10000A480B49236000F048FF08480949BDE82D
:100C2000F04100F073BFBDE8F08100BFA1C7FF1F16
:100C300026C7FF1F4C90FF1FA48CFF1F8490FF1F2F
:100C4000388FFF1F0C8FFF1F84D8FF1FA8FDFF1FC9
:100C500008B5054807F09AFE044B012205201A70DA
:100C600007F0A2FFF5E700BF343A020026C7FF1FD6
:100C70002DE9F74F9B4F3B7804465BB99A4B1B78A5
:100C8000092B05D1142803DD984B1A6803321A602A
:100C90002D2000E0002007F03DFF954B1A68022A46
:100CA000994601DDFFF7D4FF924E3368013333607C
:100CB000914B1A789A46002A35D0684601F0BAFD61
:100CC0009DF80030D3B101A801F0A7FD9DF80430D4
:100CD000132B0DD900238948FF221A540133202BEE
:100CE000F9D109F0B3FC02A8002300F8013D03E0AC
:100CF00001338DF8043001A801F097FD804B1A688C
:100D000001321A609DF8003032680133DBB20132E3
:100D10000A2B8DF8003032602FD8684601F092FD22
:100D200000238AF80030DFF8D881704DD8F8003001
:100D3000297874480133C8F8003000F076FF336832
:100D400001333360704B1B680321B3FBF1F202EBFC
:100D50004202981A0B40184420F0CCFD3B78C34661
:100D6000A3BB684800F088FF80BB664801F0BEF86E
:100D700060BB644801F0B8F910B107F023FEF6E15A
:100D8000D8F80030614C0133C8F800302368092BD3
:100D900002DC01332360EAE1D9F8003001252B445D
:100DA000C9F800305A4B8AF8005003201D7007F034
:100DB000FBFE684601F03EFD524800F043FFD9F8C3
:100DC00000302560022B40F3D2816BE7DBF8003066
:100DD00097F800800133CBF80030B8F1000F3FD115
:100DE00002AC04F8018D204601F02CFD454800F0CE
:100DF00029FF484BC9F800801A781E4622B9464898
:100E00000BF070FE07F0C2FD414D4449444800F02C
:100E10004CFE287807F06AFB552007F073FF1AF0A4
:100E2000FFFF002320463F4C8DF8073001F0FDFC0A
:100E30000CF074FC3C4B22681A6033780120387047
:100E400013B1287007F052FB2568C8352368AB4200
:100E500003D200200BF0DAFEF8E71FF031FA86E14A
:100E6000324B1B682BB9324B1B68002B00F07F8183
:100E70000FE0092B0DDC274B1B78002B00F077814E
:100E8000234C2D230120237007F08EFE01232370B5
:100E90006DE1284900230B70224B1868224B186023
:100EA00025480378012B884602460BD1234991F847
:100EB0000090296849454ED12149097800294AD036
:100EC00002230CE0022B3FD11E4991F800902968C3
:100ED000494540D11A49097800293CD003230370C1
:100EE00045E100BFFDC7FF1FB78CFF1F30ADFF1FDF
:100EF0004C8FFF1F8890FF1F808CFF1FB090FF1F3B
:100F00008C90FF1FBCC7FF1F5CC8FF1F848CFF1F96
:100F100026C7FF1FAFD5FF1F943A0200208FFF1F87
:100F20008490FF1FA8FDFF1F10D6FF1FB8C7FF1F2B
:100F300028D6FF1F508FFF1F50C7FF1F0CD6FF1F63
:100F4000A1C7FF1F0DD6FF1F032B04D189490878C5
:100F50002968814204D088490978012906D173B1F2
:100F60008649097811B18649097879B9032B06D1E8
:100F700083490978F52902D18049097831B9804936
:100F80000978F62907D17D49097821B10423137026
:100F90000CF0C6F8EBE0EBB1774B1D78774B1C7883
:100FA00000231370774A1370774A1370714A012037
:100FB000137007F0A7FE0CB9744803E0012D0CBFB5
:100FC0007348744807F0E2FC734BFF21187820F057
:100FD0008DFBCCE0A4F148036B2B10D82B68312B90
:100FE0000DD1664B1B7853B96C486D4900F05DFD1F
:100FF0000AF0ECFE69486A4900F088FDB7E0694BE9
:10100000197809290BD1B4F5B47F08DB2B68322B92
:1010100007D1654B1B7823B107F0D4FC7AE0472C4D
:1010200078DD2B68322B0DD154480078002848D148
:10103000012007F005FC8B2C40F39980012007F07C
:1010400055FB94E0332B3CD14C480078002838D134
:1010500009291ED1B32C1CDC544B5A7822B9544AAE
:1010600054211170012205E0012A05D1504AD621F0
:10107000117002225A707AE0022A04D14C4A80216F
:1010800011700322F6E7032A71D1494A5870107093
:101090006DE00024012647483C708AF8006000F0AB
:1010A000D1FD454B45481E602022214621F026FFF8
:1010B0003A48434900F02AFD424B434A2C601A60EB
:1010C00055E0092903D1B32C24DD312B02E0472C54
:1010D00020DD362B1ED1294B1B78DBB9316801315D
:1010E0003160314901240C7030490978A1420BD09C
:1010F00030483B708AF8004000F0A4FD2E4B274892
:101100002F491C6000F002FDDBF800300133CBF802
:1011100000302CE0002007F0FDFC142C05DC224BF5
:101120001B7813B9FFF7EAFB14E0A4F11503442B75
:1011300005D81D4B1B786BB9FFF7FCFB0AE0592C57
:1011400008DD194B1B782BB9204B012202201A70A5
:1011500007F02AFD1E4B11481149C3F8008000F02A
:10116000A4FC1C4B0D481C491A7800F0B0FC03B0DD
:10117000BDE8F08F0ED6FF1F51C7FF1FA1C7FF1F8D
:10118000E5ACFF1F0CD6FF1F0DD6FF1FA83A0200CB
:10119000E73A02000B3B020059C8FF1F8490FF1F73
:1011A0000C8FFF1FB78CFF1FAFD5FF1FE8C7FF1FB6
:1011B00030C8FF1FBCC7FF1F848CFF1F1091FF1F8B
:1011C000208FFF1F0CED00E00400FA0526C7FF1F6B
:1011D0004C90FF1FA48CFF1F388FFF1FF8B52120F4
:1011E00020F05AFAE8B94F4B1D6804461E46326893
:1011F00040F6B733521B9A4207D8642020F07AFB9E
:10120000212020F049FA0444F1E754B92046012195
:101210001FF090FE012001461FF08CFE424B434A16
:101220001A60434B434D1B7A012B0DD1424B1B7867
:101230000BB12B7843B1414B1B78032B02D0032019
:1012400005F044FD0BF0BEFF3D4B3E4C1A680132E9
:101250001A603D4B1A680623B2FBF3F003FB102023
:1012600020F048FB2278394B22B31A680020013263
:101270001A600BF0CBFC364B1B782BB1354B1B782F
:10128000042B01D10BF04CFF334B1B78ABB1334B2C
:101290001B6893B107F0BEF8314B1B786BB1214A44
:1012A0001168304A12688A1A4EF660214B439A42FE
:1012B00021D202E01A6801321A602B784BB12378F0
:1012C0003BB11D4B1B7823B9274B0120187007F049
:1012D0000DF908F063F9254A12780A32D2B2012AD0
:1012E00004D82D20BDE8F84007F014BCC8B1BDE813
:1012F000F840FFF7BDBC1E4B1E48002601271F709B
:10130000267000F09FFC1C4B1C481F6020223146B9
:1013100021F0F4FD1A481B4900F0F8FB034A024B88
:10132000CAE7F8BDA8FDFF1F0CED00E00400FA05B8
:10133000A3C7FF1FAFD5FF1FA1C7FF1F28C7FF1FF0
:101340008890FF1FFDC7FF1F5CC8FF1F8C90FF1F09
:1013500060C8FF1F50C7FF1FA2C7FF1F28D6FF1F6F
:10136000BC8CFF1F10D6FF1F26C7FF1F25C7FF1FFE
:10137000808CFF1FBCC7FF1F848CFF1F1091FF1FB5
:101380008490FF1F208FFF1FF8B51D4F3B78092B5E
:1013900030D11C4C0021204620F0D8FD40B32379E9
:1013A000E12B25D163792F2B22D9174B1B78FBB169
:1013B000164E3578E5B93B78092B19D1144B1548F1
:1013C00001221A7000F03EFC0CF08CF9124B0A203E
:1013D0001860124B1D60FFF74BFC20462946402247
:1013E00021F08CFD337853B10D480BF07BFB02E00C
:1013F0000C4800E00C48BDE8F84007F0C7BAF8BD5B
:10140000B78CFF1F58C7FF1FA2C7FF1FFDC7FF1FD5
:10141000808CFF1FBCC7FF1F848CFF1F30ADFF1FD8
:10142000943A0200313B02003F3B020008B51FF036
:1014300037FD3221084A094800F028FB3221084ACA
:10144000084800F023FB0848084A4FF47A71BDE8C9
:10145000084000F01BBB00BFDD1100000C8FFF1F18
:10146000A90A0000388FFF1F208FFF1F891300007B
:1014700070B5B8B0044668460E46154610F010F830
:1014800068460FF0D7FF684631462A4610F0AEFA9C
:1014900068462146402210F0ECFA68460FF0E6FF5D
:1014A00038B070BDF0B5ADF5844D9BB0054646F241
:1014B0006004684621464FF4804205F053FC46F232
:1014C00060039C4204D1284669464FF4804210E0F4
:1014D0002B460DF5804605F14007186859683246DD
:1014E00003C20833BB421646F7D12846694644F288
:1014F0004002FFF7BDFF044B04F580449C42D8D165
:101500000DF5844D1BB0F0BD60A003007FB5102029
:1015100020F03CFB6D4B6E4E6E4C6F486F4D0022C1
:101520001A706F4B06221A706E4B01221A706E4BA6
:1015300016221A706D4B17221A706D4B11221A70F9
:101540006C4B0F221A706C4B10221A700E23202144
:1015500033701523237006F0F1F9286000F06AFA61
:10156000307820F03DFB0290207820F039FB634B6F
:1015700003901A6801321A60614B1B78442B16D015
:101580006048FFF78FFF02245E4EA319204613F830
:10159000021C01341FF0CEFC422CF5D13046002154
:1015A0004FF4006221F0AAFC44200FF005FF2C68E4
:1015B0007CB905F0BFFB4FF4F86003211FF0BAFCC3
:1015C000514801F022F8514B01221A70504B1C7007
:1015D00035E04B4B1B78442B2ED120214D484E4CEF
:1015E00006F0F0F94D4806F003FA4D4806F036FAD9
:1015F0000021204601F090F84A4801F073F8237862
:101600000BB904232370484801F0E0F8474801F083
:10161000EAF83D4800F0F1FF454801F0CAF820F033
:1016200035FD3A4B4348444900221A70384B012299
:101630001A7000F06BFA02E0404B414A1A60414BCD
:1016400041481A68414901321A6040F2FD7212F0B5
:10165000FBFB3D4802A90222042312F0ADFB3A48ED
:1016600003A90222042312F0A7FB07F07DFD07F077
:1016700031FA07F06FFF2F48354900F047FA2D681F
:101680009DB93448344E01240470347000F0F1FFE9
:10169000304600F0FBFF04A800F80A4D01F003F803
:1016A00004A800F8095D01F00BF82C4B1B78092BFE
:1016B00009D1174B1B7833B1294800F0DDFA10B17E
:1016C0000A20FFF7D5FA04B070BD00BFB4D5FF1FE4
:1016D000A1D5FF1FE4ACFF1F9090FF1F28D6FF1F6E
:1016E00059C8FF1F2CD6FF1F2DD6FF1FFEC7FF1F97
:1016F00034D6FF1FADD5FF1F85D6FF1F8890FF1F73
:10170000020002406CADFF1FBC8CFF1FFDC7FF1F16
:10171000A2C7FF1FB090FF1FA48CFF1FF090FF1FF8
:10172000D090FF1FACD5FF1FA2D5FF1FFFC7FF1F23
:10173000E6FFFF1F8490FF1F208FFF1F0CED00E0CE
:101740000400FA058C90FF1F88D6FF1F9C3A020008
:101750000C8FFF1F00C8FF1FFCC7FF1FB78CFF1FA8
:10176000BCC7FF1F2DE9F04F0A46C9B00023CD5C6E
:10177000D47844EA0564557844EA0544957803F141
:10178000200644EA052404336D46402B745102F1CF
:101790000402ECD108AB002208AF9C6B5E6ABD5816
:1017A000596835444FEA744686EAF44686EA94243A
:1017B0002C444FEAF11585EAB14585EAD10104329E
:1017C0002144C02A196403F10403E5D1026D00929B
:1017D000436D426E0193856D836EC66D076E0295F3
:1017E0000396C56E0497059217469DE8140006936C
:1017F0001E46DDF80CC0049B02990795A8460025FB
:1018000005F1200BE9465BF809A0DFF8989055F840
:101810000990D1444FEAB31A8AEAF32A8AEA736A32
:10182000D14426EA030B07EA030A8BEA0A0AD144E9
:10183000C84481EA040901EA040A09EA020989EABA
:101840000A094FEAB20A8AEA723A8AEAB25A0435B7
:10185000D144B5F5807FC444C14408D0B0463E466B
:101860001F4663468C46214614464A46C8E7009DFB
:101870004D440565019D2A444265029A039D144426
:10188000049A846562440266059A134429444366B7
:10189000079D069BC1651F442E448766C66649B0F6
:1018A000BDE8F08F4C3B02000023036400220023BC
:1018B000C0E912230A4B03650A4B43650A4B836553
:1018C0000A4BC3650A4B03660A4B43660A4B8366A1
:1018D00003F17453A3F52303A3F69243C366704741
:1018E00067E6096A85AE67BB72F36E3C3AF54FA5B1
:1018F0007F520E518C68059BABD9831F2DE9F041B7
:1019000006460F4601EB0208474516D0336C17F820
:10191000012BF2540133402B3364F5D1304631466C
:10192000FFF720FFD6E9124514F5007445F10005D4
:101930000023C6E912453364E6E7BDE8F081026C96
:101940002DE9F84F372A88464FF08001814602F191
:101950000103815406D8382B14D0002209F8032043
:101960000133F8E73F2B04D8002209F803200133A4
:10197000F8E748464946FFF7F5FE48460021382279
:1019800021F0BCFAD9F84030D900D9E91223521815
:1019900043F100034FEA122A160C140E4AEA036AB6
:1019A0004FEA132B46EA03461F0C44EA03241D0E9C
:1019B000C9E9122389F83B30494689F83F2089F864
:1019C0003EA089F83D6089F83C4089F83AB089F832
:1019D000397089F838504846FFF7C4FE4346032162
:1019E000D9F85000CA00D0401870D9F85400D0403F
:1019F0001871D9F85800D0401872D9F85C00D0405E
:101A00001873D9F86000D0401874D9F86400D04039
:101A10001875D9F86800D0401876D9F86C000139EB
:101A200020FA02F21A774A1C03F10103D8D1BDE86B
:101A3000F88FFFFF07B5064B06499A680092DA68EF
:101A400001920CCB044821F08DFC03B05DF804FB3F
:101A50005090FF1F4C3C02006090FF1F064B1A681D
:101A6000064B1A60064A12685A60064A12689A6063
:101A7000054A1268DA607047548004405090FF1F96
:101A8000588004405C8004406080044010B54FF4EE
:101A90007A746143C260002201604260026110BD3D
:101AA0004FF47A73594301607047036873B18B42F6
:101AB00005D11B69036070478A4204D013461A6936
:101AC000002AF9D102E00A691A617047704770B5BF
:101AD00006460C461546FFF7E8FF33680BB934603D
:101AE00004E01A690AB11346FBE71C611FF0E2FE2D
:101AF00023680322C01A4FF4FA536B43B5FBF2F587
:101B00005D43002360602560236170BD38B50546E4
:101B10000C46FFF7CAFF2B680BB92C6004E01A696A
:101B20000AB11346FBE71C611FF0C4FE2368C01A0C
:101B300000236060236138BD38B50C461FF0BAFE43
:101B40006268236813449842054605D3626893424D
:101B500008D26268824205D86268954207D26268FC
:101B60009A4204D8A560E36820469847656038BD6E
:101B700038B505462C68002CFCD021462846FFF7D6
:101B8000DBFF2469F7E7FFFF08B50148FFF7F0FF27
:101B90008490FF1FF8B504460E4615461F46044ABA
:101BA000FFF774FF6661E561A7612046F8BD00BFDD
:101BB000D51B000010B50021044680F82010FFF767
:101BC0006FFF21460248BDE81040FFF79FBF00BFEE
:101BD0008490FF1F10B590F8203004463BB90123D4
:101BE00080F820304169BDE81040FFF759BF012B54
:101BF00010D109482146FFF758FFE36913B9A069DE
:101C000020B910BD2046984720B1F8E7BDE8104044
:101C1000FFF7D0BF10BD00BF8490FF1F00224161BD
:101C200042740270704741617047437C102B07D0AB
:101C30005A1CD2B24274C15400238354012070470D
:101C400000207047002343740370704710B5446947
:101C500002782178002321B9D2F1010038BF002099
:101C600010BD914206D1E2185178C2180133102BF1
:101C70005278F0D1002010BD2DE9F043B9B00446F0
:101C800021F0ABFB8C4B00221A708C4A1278092A87
:101C9000054619460ED168B9894B224603F110005A
:101CA00053F8045B42F8045B8342F9D101230B70C3
:101CB000102505E0062803D81E201FF01BFEF6E0C5
:101CC0001CA8FFF7F1FD21462A461CA8FFF716FEC7
:101CD00020221CA87B497C4CFFF710FE1CA80CA9F5
:101CE000FFF72DFE9DF8303023F007038DF83030DC
:101CF0009DF84F3003F03F0343F040030CA900224E
:101D000020468DF84F3010F063FA1CA8FFF7CCFD89
:101D100014A800F09CFD1CA814A91022FFF7EEFDEA
:101D20001CA86A491022FFF7E9FD20221CA82146C1
:101D3000FFF7E4FD21461CA8FFF701FE1CA8FFF7F2
:101D4000B3FD1CA814A91022FFF7D8FD1CA85F49F9
:101D50001022FFF7D3FD20221CA85D49FFF7CEFD1E
:101D60001CA804A9FFF7EBFD5A4B9DF81050D3F8BF
:101D70000080594B20781A68531C02F11F0902F1A8
:101D8000200CC2EB08014B4503F1FF37C2F10006FE
:101D9000194477D14F4B504C19608542276004D0CD
:101DA0004D4B1A6801321A6081E00DF10F0000F00E
:101DB000A6FC9DF80F504448012D28D105F064FE83
:101DC00018B94148454A0CA927E00CA9434A04A880
:101DD00010F0FEF91CA8FFF767FD1CA814A920222B
:101DE000FFF78CFD1CA83E491022FFF787FD1CA8B9
:101DF00004A92022FFF782FD1CA832492022FFF708
:101E00007DFD1CA80CA9FFF79AFD00952AE005F0BE
:101E10003BFE28B92C482E4A0CA910F0D9F927E02E
:101E20000CA92B4A04A810F0D3F91CA8FFF73CFD1D
:101E30001CA814A92022FFF761FD1CA82849102224
:101E4000FFF75CFD1CA804A92022FFF757FD1CA882
:101E50001C492022FFF752FD1CA80CA9FFF76FFDBB
:101E60000123009318481E490CAA202304F018FEF1
:101E700023681C4A01332360002313701A4A01208F
:101E8000136015E0854204D0124B1960124B1F609D
:101E900086E704A830442644C55CF05C1E46013346
:101EA00063457FF46EAF0B4B19600B4B1E60002037
:101EB00039B0BDE8F08300BFE8C7FF1FB78CFF1F34
:101EC0007290FF1F9090FF1F1091FF1F7090FF1FD7
:101ED000B090FF1F8890FF1F8C90FF1FD090FF1FB6
:101EE0006090FF1FB4D5FF1F30C8FF1F2DE9F043DE
:101EF000B9B0054621F071FA0628044603D81E2021
:101F00001FF0F8FC73E01CA8FFF7CEFC2946224620
:101F10001CA8FFF7F3FC20221CA86849684CFFF7B7
:101F2000EDFC1CA80CA9FFF70AFD9DF8303023F04A
:101F300007038DF830309DF84F3003F03F0343F036
:101F400040030CA9002220468DF84F3010F040F9D4
:101F50001CA8FFF7A9FC14A800F079FC1CA814A980
:101F60001022FFF7CBFC1CA856491022FFF7C6FC35
:101F700020221CA82146FFF7C1FC21461CA8FFF720
:101F8000DEFC1CA8FFF790FC1CA814A91022FFF788
:101F9000B5FC1CA84B491022FFF7B0FC20221CA85E
:101FA0004949FFF7ABFC1CA804A9FFF7C8FC474B45
:101FB0009DF81050D3F80080454B20781A68531CC8
:101FC00002F11F0902F1200CC2EB08014B4503F19D
:101FD000FF37C2F10006194457D13C4B3C4C196005
:101FE0008542276005D03A4B1A6801321A600020FA
:101FF00060E00DF10F0000F082FB9DF80F30022B26
:1020000038D02F4805F040FD28B90CA9314A2C489A
:1020100010F0DEF827E00CA92E4A04A810F0D8F83A
:102020001CA8FFF741FC1CA814A92022FFF766FC9E
:102030001CA829491022FFF761FC1CA804A9202232
:10204000FFF75CFC20221CA81C49FFF757FC1CA8CA
:102050000CA9FFF774FC0123009319481E490CAA30
:10206000202304F01DFD1D4B01221A701C4B54222D
:102070001A7005E01B4A1278002AB8D1174A13706B
:10208000236801332360012014E0854204D00F4B04
:1020900019600F4B1F60A6E704A830442644C55CB6
:1020A000F05C1E46013363458ED1084B1960084B26
:1020B0001E609CE739B0BDE8F08300BF9090FF1F21
:1020C0001091FF1F7090FF1FD090FF1F8890FF1F7F
:1020D0008C90FF1FB090FF1F6090FF1FB4D5FF1FB3
:1020E00030C8FF1FAFD5FF1F30B59DB0054621F0AA
:1020F00074F90628044603D81E201FF0FBFB22E0DB
:102100006846FFF7D1FB2246684629460F4CFFF789
:10211000F5FB202268460E49FFF7F0FB6846214692
:10212000FFF70DFC0B4920780A78002382420AD180
:10213000CA18E01801331E2B52784078F6D1131AD2
:102140005842584100E000201DB030BD1091FF1FE3
:102150009090FF1FF090FF1F1EF0A2BE10B5084B1D
:1021600000F14C0203F1140153F8044B42F8044B04
:102170008B42F9D10023036680F8483010BD00BFC0
:10218000888CFF1F2DE9F04F416D826DC36DD0F833
:102190004C80D0F850C085B09946019102920393CB
:1021A0004646134600240A466146E5B20F2D07D87D
:1021B00083EA020A0AEA010A8AEA030A334F3FE085
:1021C00004F10D0B04F108070BF00F0B07F00F07DC
:1021D0000BF1020B023705F00F0A50F8277050F888
:1021E0002BB000EB8A0A8BEA070BDAF808708BEA4F
:1021F000070BA71C07F00F070237132D50F82770A5
:102200008BEA07074FEAF777CAF80870D0D9272D6D
:1022100005D882EA010A8AEA030A1D4F10E03B2D25
:1022200009D842EA010A02EA01070AEA030A4AEA6D
:10223000070A184F04E082EA010A174F8AEA030AE4
:1022400005F00F050235574450F82550013405EBD1
:10225000F6653D44502C4D444FEAB10105D09946F6
:1022600013460A4631462E469FE7019C21444165AC
:1022700002990A448265039A454466441344C5643E
:102280000665C36505B0BDE8F08F00BF9979825A35
:10229000A1EBD96EDCBC1B8FD6C162CA90F8483066
:1022A00083F003020133DBB20244402B10B51172FC
:1022B000044680F8483004D1FFF764FF002384F817
:1022C000483010BD08B5026E01320266FFF7E6FF26
:1022D000012008BD10B580210446FFF7DFFF94F808
:1022E0004830382B20464FF00001F6D1FFF7D6FFDB
:1022F00020460021FFF7D2FF20460021FFF7CEFF46
:10230000216E2046490FFFF7C9FF216E2046C1F319
:102310004751FFF7C3FF216E2046C1F34731FFF756
:10232000BDFF216E2046C1F34711FFF7B7FF216EB5
:10233000C900204601F0F801BDE81040FFF7AEBF2C
:1023400010B50446FFF7C6FF0023E2180433D16C32
:10235000142B09BAD164F8D104F14C0010BDF8B5C2
:1023600000F16406174604460D463046002140221F
:1023700020F0C4FD402F18DD2046FFF7EFFE2F446C
:10238000BD4206D0236815F8011B1B6820469847FC
:10239000F6E72046FFF7D4FF00F1140250F8041BC3
:1023A00046F8041B9042F9D104E0304629463A46EB
:1023B0001DF0CCFE2046FFF7D1FE254604F1400675
:1023C00095F86410236820461B6881F036010135BA
:1023D0009847B542F4D1F8BD70B50446FFF7B0FF99
:1023E00004F1A40300F1140250F8041B43F8041B89
:1023F0009042F9D12046FFF7B1FE04F14006254690
:1024000095F86410236820461B6881F05C01013553
:102410009847B542F4D104F114062546236895F88F
:10242000A4101B68204601359847B542F6D12046D6
:10243000BDE87040FFF784BF024B00221A71024AC8
:102440001A6070473091FF1F703C020080E8060060
:102450007047FFFF1E2391FBF3F10B0E70B51E4E6C
:1024600003740B140446002543740B1281608374BB
:10247000C174057394E8060045738573C5733046CF
:10248000FFF76DFF336804F10C015B6808223046EA
:1024900098473046FFF7A0FF6061C37CE56103F019
:1024A0000F03A361E269C1181202E261495D0135BF
:1024B0000A43042DE261F5D1084B22F0004292FB61
:1024C000F3F103FB1122E26120342046044920F09D
:1024D00049FF204670BD00BF3091FF1F40420F00F2
:1024E000783C0200074B1860074B1B681844074BE9
:1024F0001860074B02221A70064B1A68064B1A60C6
:10250000704700BFE891FF1F9C8CFF1FF891FF1FD1
:10251000EC91FF1FA8FDFF1FF491FF1F70B5164936
:10252000164C0A68236816480068801AB0F57A7F4E
:1025300002F57A7603F1010502D32B463246F2E723
:10254000104D0A602A6823609A4213D80E4B1B680C
:1025500083B1984710B1FFF7C5FF0BE00B4B1A682A
:10256000064B1B6813442B60094B1A78003218BFC6
:1025700001221A70206870BDF491FF1FE891FF1FBF
:10258000A8FDFF1FF891FF1FF091FF1F9C8CFF1FFC
:10259000EC91FF1F08B5FFF7C1FF014B187808BD8C
:1025A000EC91FF1FF8B506460D468F180C46BC424D
:1025B00006D020461EF0AAFC731B18550134F6E71E
:1025C000F8BDF8B506460D468F180C46BC4206D03D
:1025D000731B2046195D1EF0ADFC0134F6E7F8BD13
:1025E00008B54FF4D5610122FFF7DCFF012008BDDB
:1025F0004FF4D5610122FFF7E4BF08B540F2A961AD
:102600000122FFF7CFFF012008BD40F2A96101229E
:10261000FFF7D7BF08B540F2AA610122FFF7C2FF5A
:10262000012008BD40F2AA610122FFF7CABF08B528
:1026300040F2D561D022FFF7B5FFD02008BD40F2AF
:10264000D561D022FFF7BDBF08B540F2AB610122D2
:10265000FFF7A8FF012008BD40F2AB610122FFF7A0
:10266000B0BF08B540F2AC610122FFF79BFF01202B
:1026700008BD40F2AC610122FFF7A3BF08B540F2EC
:10268000AD610122FFF78EFF012008BD40F2AD6170
:102690000122FFF796BF08B54FF4FB610122FFF757
:1026A00081FF012008BD4FF4FB610122FFF789BFC4
:1026B00008B540F2D9710122FFF774FF012008BD6F
:1026C00040F2D9710122FFF77CBF08B540F2A57135
:1026D0000122FFF767FF012008BD40F2A57101222A
:1026E000FFF76FBF08B540F2A6710122FFF75AFF4E
:1026F000012008BD40F2A6710122FFF762BF08B5B4
:1027000040F2AE610122FFF74DFF012008BD40F20B
:10271000AE610122FFF755BF10B5044629B940F25A
:10272000AF610122FFF73EFF17E04B1E0B2B08D8CD
:1027300001F2CB710122FFF735FF237803F00F037D
:102740000AE0A1F10D030B2B07D801F2CB71012296
:10275000FFF728FF23781B092370012010BD70B5F7
:1027600001F2CB760D460446314601300122FFF7D7
:1027700019FF1DB9204640F2AF6114E06B1E0B2B10
:1027800005D86378227823F00F03134408E00D3D49
:102790000B2D0DD86378227803F00F0303EB02139F
:1027A0002370204631460122BDE87040FFF709BF83
:1027B00070BD08B54FF4D6610122FFF7F3FE01208A
:1027C00008BD4FF4D6610122FFF7FBBE08B540F209
:1027D000D3610122FFF7E6FE012008BD40F2D3617C
:1027E0000122FFF7EEBE08B540F2BF710122FFF7EC
:1027F000D9FE012008BD40F2BF710122FFF7E1BE02
:1028000008B540F2D4610122FFF7CCFE012008BDDB
:1028100040F2D4610122FFF7D4BE08B540F2B161A5
:102820000122FFF7BFFE012008BD40F2B161012285
:10283000FFF7C7BE08B540F2B2610122FFF7B2FE52
:10284000012008BD40F2B2610122FFF7BABE08B50F
:1028500040F2B3612022FFF7A5FE202008BD40F220
:10286000B3612022FFF7ADBE08B540F21C61012222
:10287000FFF798FE012008BD40F21C610122FFF71E
:10288000A0BE08B540F21D610122FFF78BFE0120BA
:1028900008BD40F21D610122FFF793BE08B540F26A
:1028A0001E610122FFF77EFE012008BD40F21E617D
:1028B0000122FFF786BE08B540F21F610122FFF733
:1028C00071FE012008BD40F21F610122FFF779BEB1
:1028D00008B54FF4C4610122FFF764FE012008BD72
:1028E0004FF4C4610122FFF76CBE08B540F22161CC
:1028F0000122FFF757FE012008BD40F221610122AD
:10290000FFF75FBE08B540F222610122FFF74AFEE1
:10291000012008BD40F222610122FFF752BE08B536
:1029200040F223610122FFF73DFE012008BD40F285
:1029300023610122FFF745BE08B540F22461012260
:10294000FFF730FE012008BD40F224610122FFF7AD
:1029500038BE08B540F225610122FFF723FE0120B1
:1029600008BD40F225610122FFF72BBE08B540F2F9
:1029700026610122FFF716FE012008BD40F2266104
:102980000122FFF71EBE08B540F227610122FFF7C2
:1029900009FE012008BD40F227610122FFF711BEA8
:1029A00008B54FF4C5610122FFF7FCFD012008BD09
:1029B0004FF4C5610122FFF704BE08B540F229615A
:1029C0000122FFF7EFFD012008BD40F2296101223D
:1029D000FFF7F7BD08B540F22A610122FFF7E2FDDB
:1029E000012008BD40F22A610122FFF7EABD08B5C7
:1029F00040F22B610122FFF7D5FD012008BD40F216
:102A00002B610122FFF7DDBD08B540F22C610122E8
:102A1000FFF7C8FD012008BD40F22C610122FFF73D
:102A2000D0BD08B540F22D610122FFF7BBFD0120AA
:102A300008BD40F22D610122FFF7C3BD08B540F289
:102A40002E610122FFF7AEFD012008BD40F22E618C
:102A50000122FFF7B6BD08B540F22F610122FFF752
:102A6000A1FD012008BD40F22F610122FFF7A9BDA1
:102A700008B54FF4C6610122FFF794FD012008BD9F
:102A80004FF4C6610122FFF79CBD08B540F23161E9
:102A90000122FFF787FD012008BD40F231610122CC
:102AA000FFF78FBD08B540F232610122FFF77AFDD2
:102AB000012008BD40F232610122FFF782BD08B556
:102AC00040F233610122FFF76DFD012008BD40F2A5
:102AD00033610122FFF775BD08B5AC210122FFF774
:102AE00061FD012008BDAC210122FFF76ABD08B5D8
:102AF000AD210122FFF756FD012008BDAD210122C5
:102B0000FFF75FBD08B5AE210122FFF74BFD0120A5
:102B100008BDAE210122FFF754BD08B5AF21012247
:102B2000FFF740FD012008BDAF210122FFF749BD9D
:102B300008B5B0210122FFF735FD012008BDB02105
:102B40000122FFF73EBD08B5B1210122FFF72AFDA2
:102B5000012008BDB1210122FFF733BD08B5B22124
:102B60000122FFF71FFD012008BDB2210122FFF75E
:102B700028BD08B5B3210122FFF714FD012008BDCF
:102B8000B3210122FFF71DBD08B5B4210122FFF7D3
:102B900009FD012008BDB4210122FFF712BD08B5CF
:102BA000B5210122FFF7FEFC012008BDB52101225D
:102BB000FFF707BD08B5B6210122FFF7F3FC01209E
:102BC00008BDB6210122FFF7FCBC08B5B7210122E0
:102BD000FFF7E8FC012008BDB7210122FFF7F1BC97
:102BE00008B5B8210122FFF7DDFC012008BDB8219E
:102BF0000122FFF7E6BC08B5B9210122FFF7D2FC9C
:102C0000012008BDB9210122FFF7DBBC08B5BA21BC
:102C10000122FFF7C7FC012008BDBA210122FFF7FE
:102C2000D0BC08B5BB210122FFF7BCFC012008BDC8
:102C3000BB210122FFF7C5BC08B5BC210122FFF76B
:102C4000B1FC012008BDBC210122FFF7BABC08B5C8
:102C5000BD210122FFF7A6FC012008BDBD210122F4
:102C6000FFF7AFBC08B5BE210122FFF79BFC012096
:102C700008BDBE210122FFF7A4BC08B5BF21012277
:102C8000FFF790FC012008BDBF210122FFF799BC8E
:102C900008B5C0210122FFF785FC012008BDC02135
:102CA0000122FFF78EBC08B5C1210122FFF77AFC93
:102CB000012008BDC1210122FFF783BC08B5C22154
:102CC0000122FFF76FFC012008BDC2210122FFF79E
:102CD00078BC08B5C3210122FFF764FC012008BDC0
:102CE000C3210122FFF76DBC08B564210122FFF763
:102CF00059FC012008BD64210122FFF762BC08B520
:102D000065210122FFF74EFC012008BD652101224B
:102D1000FFF757BC08B566210122FFF743FC0120ED
:102D200008BD66210122FFF74CBC08B567210122CE
:102D3000FFF738FC012008BD67210122FFF741BCE5
:102D400008B568210122FFF72DFC012008BD68218C
:102D50000122FFF736BC08B569210122FFF722FCEA
:102D6000012008BD69210122FFF72BBC08B56A21AB
:102D70000122FFF717FC012008BD6A210122FFF79D
:102D800020BC08B56B210122FFF70CFC012008BD17
:102D90006B210122FFF715BC08B56C210122FFF75A
:102DA00001FC012008BD6C210122FFF70ABC08B517
:102DB0006D210122FFF7F6FB012008BD6D210122E4
:102DC000FFF7FFBB08B56E210122FFF7EBFB0120E7
:102DD00008BD6E210122FFF7F4BB08B56F21012267
:102DE000FFF7E0FB012008BD6F210122FFF7E9BBDF
:102DF00008B570210122FFF7D5FB012008BD702125
:102E00000122FFF7DEBB08B571210122FFF7CAFBE3
:102E1000012008BD71210122FFF7D3BB08B5722143
:102E20000122FFF7BFFB012008BD72210122FFF73D
:102E3000C8BB08B573210122FFF7B4FB012008BD10
:102E400073210122FFF7BDBB08B574210122FFF7F2
:102E5000A9FB012008BD74210122FFF7B2BB08B510
:102E600075210122FFF79EFB012008BD752101227B
:102E7000FFF7A7BB08B576210122FFF793FB0120DE
:102E800008BD76210122FFF79CBB08B577210122FE
:102E9000FFF788FB012008BD77210122FFF791BBD6
:102EA00008B578210122FFF77DFB012008BD7821BC
:102EB0000122FFF786BB08B579210122FFF772FBDB
:102EC000012008BD79210122FFF77BBB08B57A21DB
:102ED0000122FFF767FB012008BD7A210122FFF7DD
:102EE00070BB08B57B210122FFF75CFB012008BD08
:102EF0007B210122FFF765BB08B540F26461012226
:102F0000FFF750FB012008BD40F264610122FFF78A
:102F100058BB08B540F265610122FFF743FB012071
:102F200008BD40F265610122FFF74BBB08B540F2D6
:102F300066610122FFF736FB012008BD40F26661A1
:102F40000122FFF73EBB08B540F267610122FFF79F
:102F500029FB012008BD40F267610122FFF731BB68
:102F600008B54FF4CD610122FFF71CFB012008BD1D
:102F70004FF4CD610122FFF724BB08B540F269612F
:102F80000122FFF70FFB012008BD40F26961012219
:102F9000FFF717BB08B540F26A610122FFF702FB99
:102FA000012008BD40F26A610122FFF70ABB08B5A3
:102FB00040F26B610122FFF7F5FA012008BD40F2F3
:102FC0006B610122FFF7FDBA08B540F26C61012286
:102FD000FFF7E8FA012008BD40F26C610122FFF71B
:102FE000F0BA08B540F26D610122FFF7DBFA01206B
:102FF00008BD40F26D610122FFF7E3BA08B540F267
:103000006E610122FFF7CEFA012008BD40F26E6129
:103010000122FFF7D6BA08B540F26F610122FFF72F
:10302000C1FA012008BD40F26F610122FFF7C9BA61
:1030300008B54FF4CE610122FFF7B4FA012008BDB4
:103040004FF4CE610122FFF7BCBA08B540F27161BE
:103050000122FFF7A7FA012008BD40F271610122A9
:10306000FFF7AFBA08B540F272610122FFF79AFA92
:10307000012008BD40F272610122FFF7A2BA08B533
:1030800040F273610122FFF78DFA012008BD40F282
:1030900073610122FFF795BA08B540F2746101220D
:1030A000FFF780FA012008BD40F274610122FFF7AA
:1030B00088BA08B540F275610122FFF773FA012062
:1030C00008BD40F275610122FFF77BBA08B540F2F6
:1030D00076610122FFF766FA012008BD40F27661B1
:1030E0000122FFF76EBA08B540F277610122FFF7BF
:1030F00059FA012008BD40F277610122FFF761BA59
:1031000008B54FF4CF610122FFF74CFA012008BD4A
:103110004FF4CF610122FFF754BA08B540F279614C
:103120000122FFF73FFA012008BD40F27961012238
:10313000FFF747BA08B540F27A610122FFF732FA89
:10314000012008BD40F27A610122FFF73ABA08B5C2
:1031500040F27B610122FFF725FA012008BD40F211
:103160007B610122FFF72DBA08B546211022FFF737
:1031700019FA102008BD46211022FFF722BA38B5EF
:1031800005460C4611B9622102220BE04B1E172B9B
:103190000AD801F263610122FFF704FA681C04F205
:1031A000A6710122FFF7FEF9022038BD38B50546A9
:1031B0000C4611B9622102220BE04B1E172B0CD8D2
:1031C00001F263610122FFF7FCF9681C04F2A671A9
:1031D0000122BDE83840FFF7F4B938BD08B55C21DD
:1031E0000622FFF7DFF9062008BD5C210622FFF763
:1031F000E8B908B556210622FFF7D4F9062008BD24
:1032000056210622FFF7DDB937B5013904461729E3
:1032100000F25581DFE811F01800240031003E0073
:103220004B005800650072007F008C009900A600DA
:10323000B300C000CD00DA00E700F40001010E0188
:103240001B012801350142010DF10700FFF70CFBBE
:103250009DF807502046382DA8BF3825DC2129E1EC
:103260000DF10700FFF70DFB9DF807502046382DA4
:10327000A8BF38254FF48A711CE10DF10700FFF754
:103280000DFB9DF807502046382DA8BF38254FF478
:10329000A6710FE10DF10700FFF70DFB9DF8075038
:1032A0002046382DA8BF38254FF4C27102E10DF138
:1032B0000700FFF70DFB9DF807502046382DA8BFEB
:1032C00038254FF4DE71F5E00DF10700FFF70DFB37
:1032D0009DF807502046382DA8BF38254FF4FA71C5
:1032E000E8E00DF10700FFF70DFB9DF807502046C1
:1032F000382DA8BF38254FF40B71DBE00DF1070026
:10330000FFF70DFB9DF807502046382DA8BF382544
:103310004FF41971CEE00DF10700FFF70DFB9DF89A
:1033200007502046382DA8BF38254FF42771C1E03B
:103330000DF10700FFF70DFB9DF807502046382DD3
:10334000A8BF38254FF43571B4E00DF10700FFF741
:103350000DFB9DF807502046382DA8BF38254FF4A7
:103360004371A7E00DF10700FFF70DFB9DF8075033
:103370002046382DA8BF38254FF451719AE00DF141
:103380000700FFF70DFB9DF807502046382DA8BF1A
:1033900038254FF45F718DE00DF10700FFF70DFB4D
:1033A0009DF807502046382DA8BF38254FF46D7181
:1033B00080E00DF10700FFF70DFB9DF80750204658
:1033C000382DA8BF38254FF47B7173E00DF107004D
:1033D000FFF70DFB9DF807502046382DA8BF382574
:1033E00040F2244166E00DF10700FFF70DFB9DF868
:1033F00007502046382DA8BF382540F25C4159E0DF
:103400000DF10700FFF70DFB9DF807502046382D02
:10341000A8BF382540F294414CE00DF10700FFF7BA
:103420000DFB9DF807502046382DA8BF382540F2E7
:10343000CC413FE00DF10700FFF70DFB9DF8075071
:103440002046382DA8BF382540F2045132E00DF156
:103450000700FFF70DFB9DF807502046382DA8BF49
:10346000382540F23C5125E00DF10700FFF70DFB38
:103470009DF807502046382DA8BF382540F27451DA
:1034800018E00DF10700FFF70DFB9DF807502046EF
:10349000382DA8BF382540F2AC510BE00DF10700E4
:1034A000FFF70DFB9DF807502046382DA8BF3825A3
:1034B00040F2E4513822FFF775F8284600E000207A
:1034C00003B030BD013A13B50C46172A00F26881EB
:1034D000DFE812F018002500330041004F005D00C6
:1034E0006B00790087009500A300B100BF00CD00FC
:1034F000DB00E900F7000501130121012F013D0167
:103500004B015901DC213822FFF75BF802A8382C67
:10351000A8BF382400F8014DFFF7AEF940E14FF4A1
:103520008A713822FFF74DF802A8382CA8BF38243A
:1035300000F8014DFFF7ADF932E14FF4A6713822E2
:10354000FFF73FF802A8382CA8BF382400F8014D37
:10355000FFF7ACF924E14FF4C2713822FFF731F8DC
:1035600002A8382CA8BF382400F8014DFFF7ABF9AA
:1035700016E14FF4DE713822FFF723F802A8382C49
:10358000A8BF382400F8014DFFF7AAF908E14FF46D
:10359000FA713822FFF715F802A8382CA8BF382492
:1035A00000F8014DFFF7A9F9FAE04FF40B7138224A
:1035B000FFF707F802A8382CA8BF382400F8014DFF
:1035C000FFF7A8F9ECE04FF419713822FEF7F9FF84
:1035D00002A8382CA8BF382400F8014DFFF7A7F93E
:1035E000DEE04FF427713822FEF7EBFF02A8382CFB
:1035F000A8BF382400F8014DFFF7A6F9D0E04FF43A
:1036000035713822FEF7DDFF02A8382CA8BF382418
:1036100000F8014DFFF7A5F9C2E04FF443713822DD
:10362000FEF7CFFF02A8382CA8BF382400F8014DC0
:10363000FFF7A4F9B4E04FF451713822FEF7C1FF4F
:1036400002A8382CA8BF382400F8014DFFF7A3F9D1
:10365000A6E04FF45F713822FEF7B3FF02A8382CC2
:10366000A8BF382400F8014DFFF7A2F998E04FF405
:103670006D713822FEF7A5FF02A8382CA8BF3824A8
:1036800000F8014DFFF7A1F98AE04FF47B71382271
:10369000FEF797FF02A8382CA8BF382400F8014D88
:1036A000FFF7A0F97CE040F224413822FEF789FFC1
:1036B00002A8382CA8BF382400F8014DFFF79FF965
:1036C0006EE040F25C413822FEF77BFF02A8382C06
:1036D000A8BF382400F8014DFFF79EF960E040F2E2
:1036E00094413822FEF76DFF02A8382CA8BF382479
:1036F00000F8014DFFF79DF952E040F2CC4138222D
:10370000FEF75FFF02A8382CA8BF382400F8014D4F
:10371000FFF79CF944E040F204513822FEF751FFD4
:1037200002A8382CA8BF382400F8014DFFF79BF9F8
:1037300036E040F23C513822FEF743FF02A8382C15
:10374000A8BF382400F8014DFFF79AF928E040F2AD
:1037500074513822FEF735FF02A8382CA8BF382450
:1037600000F8014DFFF799F91AE040F2AC51382208
:10377000FEF727FF02A8382CA8BF382400F8014D17
:10378000FFF798F90CE040F2E4513822FEF719FFF8
:1037900002A8382CA8BF382400F8014DFFF797F98C
:1037A00002B010BD013908B5172941D8DFE801F092
:1037B0000C0E10121416181A1C1E20222426282A59
:1037C0002C2E30323436383A7C212CE07D212AE010
:1037D0007E2128E07F2126E0802124E0812122E053
:1037E000822120E083211EE084211CE085211AE053
:1037F000862118E0872116E0882114E0892112E053
:103800008A2110E08B210EE08C210CE08D210AE052
:103810008E2108E08F2106E0902104E0912102E052
:10382000922100E093210122FEF7BCFE012008BD99
:10383000002008BD013917293FD8DFE801F00C0E40
:1038400010121416181A1C1E20222426282A2C2E88
:1038500030323436383A7C212CE07D212AE07E213A
:1038600028E07F2126E0802124E0812122E08221BE
:1038700020E083211EE084211CE085211AE08621BE
:1038800018E0872116E0882114E0892112E08A21BE
:1038900010E08B210EE08C210CE08D210AE08E21BE
:1038A00008E08F2106E0902104E0912102E09221BE
:1038B00000E093210122FEF784BE7047013908B56C
:1038C000172941D8DFE801F00C0E10121416181A4F
:1038D0001C1E20222426282A2C2E30323436383A38
:1038E00094212CE095212AE0962128E0972126E0DA
:1038F000982124E0992122E09A2120E09B211EE0DA
:103900009C211CE09D211AE09E2118E09F2116E0D9
:10391000A02114E0A12112E0A22110E0A3210EE0D9
:10392000A4210CE0A5210AE0A62108E0A72106E0D9
:10393000A82104E0A92102E0AA2100E0AB21012294
:10394000FEF730FE012008BD002008BD013917290F
:103950003FD8DFE801F00C0E10121416181A1C1EC6
:1039600020222426282A2C2E30323436383A94212C
:103970002CE095212AE0962128E0972126E0982145
:1039800024E0992122E09A2120E09B211EE09C2145
:103990001CE09D211AE09E2118E09F2116E0A02145
:1039A00014E0A12112E0A22110E0A3210EE0A42145
:1039B0000CE0A5210AE0A62108E0A72106E0A82145
:1039C00004E0A92102E0AA2100E0AB210122FEF7D8
:1039D000F8BD7047013908B5172941D8DFE801F073
:1039E0000C0E10121416181A1C1E20222426282A27
:1039F0002C2E30323436383AC4212CE0C5212AE04E
:103A0000C62128E0C72126E0C82124E0C92122E000
:103A1000CA2120E0CB211EE0CC211CE0CD211AE000
:103A2000CE2118E0CF2116E0D02114E0D12112E000
:103A3000D22110E0D3210EE0D4210CE0D5210AE000
:103A4000D62108E0D72106E0D82104E0D92102E000
:103A5000DA2100E0DB210122FEF7A4FD012008BDF0
:103A6000002008BD013917293FD8DFE801F00C0E0E
:103A700010121416181A1C1E20222426282A2C2E56
:103A800030323436383AC4212CE0C5212AE0C62130
:103A900028E0C72126E0C82124E0C92122E0CA216C
:103AA00020E0CB211EE0CC211CE0CD211AE0CE216C
:103AB00018E0CF2116E0D02114E0D12112E0D2216C
:103AC00010E0D3210EE0D4210CE0D5210AE0D6216C
:103AD00008E0D72106E0D82104E0D92102E0DA216C
:103AE00000E0DB210122FEF76CBD7047013908B50B
:103AF000172959D8DFE801F00C0F1215181B1E21E9
:103B000024272A2D303336393C3F4245484B4E510D
:103B100040F2346143E040F2356140E040F236610A
:103B20003DE040F237613AE04FF4C76137E040F2E0
:103B3000396134E040F23A6131E040F23B612EE01D
:103B400040F23C612BE040F23D6128E040F23E61F2
:103B500025E040F23F6122E04FF4C8611FE040F2EF
:103B600041611CE040F2426119E040F2436116E01D
:103B700040F2446113E040F2456110E040F24661DA
:103B80000DE040F247610AE04FF4C96107E040F2FE
:103B9000496104E040F24A6101E040F24B610122D8
:103BA000FEF700FD012008BD002008BD01391729DE
:103BB00057D8DFE801F00C0F1215181B1E2124271F
:103BC0002A2D303336393C3F4245484B4E5140F266
:103BD000346143E040F2356140E040F236613DE05F
:103BE00040F237613AE04FF4C76137E040F23961A3
:103BF00034E040F23A6131E040F23B612EE040F2C5
:103C00003C612BE040F23D6128E040F23E6125E05E
:103C100040F23F6122E04FF4C8611FE040F2416191
:103C20001CE040F2426119E040F2436116E040F2CC
:103C3000446113E040F2456110E040F246610DE05E
:103C400040F247610AE04FF4C96107E040F2496180
:103C500004E040F24A6101E040F24B610122FEF7CC
:103C6000B0BC7047013908B5172959D8DFE801F011
:103C70000C0F1215181B1E2124272A2D303336391C
:103C80003C3F4245484B4E5140F24C6143E040F2CC
:103C90004D6140E040F24E613DE040F24F613AE05C
:103CA0004FF4CA6137E040F2516134E040F25261B2
:103CB00031E040F253612EE040F254612BE040F2DB
:103CC000556128E040F2566125E040F2576122E05C
:103CD0004FF4CB611FE040F259611CE040F25A61A1
:103CE00019E040F25B6116E040F25C6113E040F2E3
:103CF0005D6110E040F25E610DE040F25F610AE05C
:103D00004FF4CC6107E040F2616104E040F262618F
:103D100001E040F263610122FEF744FC012008BD8E
:103D2000002008BD0139172957D8DFE801F00C0F32
:103D30001215181B1E2124272A2D303336393C3FFB
:103D40004245484B4E5140F24C6143E040F24D61D8
:103D500040E040F24E613DE040F24F613AE04FF406
:103D6000CA6137E040F2516134E040F2526131E023
:103D700040F253612EE040F254612BE040F2556175
:103D800028E040F2566125E040F2576122E04FF40E
:103D9000CB611FE040F259611CE040F25A6119E02A
:103DA00040F25B6116E040F25C6113E040F25D615D
:103DB00010E040F25E610DE040F25F610AE04FF416
:103DC000CC6107E040F2616104E040F2626101E031
:103DD00040F263610122FEF7F4BB7047653908B514
:103DE0001F2975D8DFE801F0101316191C1F2225B2
:103DF000282B2E3134373A3D404346494C4F5255DB
:103E0000585B5E6164676A6D40F27C615BE040F222
:103E10007D6158E040F27E6155E040F27F6152E002
:103E20004FF4D0614FE040F281614CE040F282619A
:103E300049E040F2836146E040F2846143E040F2B1
:103E4000856140E040F286613DE040F287613AE002
:103E50004FF4D16137E040F2896134E040F28A6189
:103E600031E040F28B612EE040F28C612BE040F2B9
:103E70008D6128E040F28E6125E040F28F6122E002
:103E80004FF4D2611FE040F291611CE040F2926178
:103E900019E040F2936116E040F2946113E040F2C1
:103EA000956110E040F296610DE040F297610AE002
:103EB0004FF4D36107E040F2996104E040F29A6167
:103EC00001E040F29B610122FEF76CFB012008BD7E
:103ED000002008BD65391F2973D8DFE801F01013F1
:103EE00016191C1F2225282B2E3134373A3D40430A
:103EF00046494C4F5255585B5E6164676A6D40F2AB
:103F00007C615BE040F27D6158E040F27E6155E00B
:103F100040F27F6152E04FF4D0614FE040F28161A6
:103F20004CE040F2826149E040F2836146E040F2B9
:103F3000846143E040F2856140E040F286613DE00B
:103F400040F287613AE04FF4D16137E040F2896195
:103F500034E040F28A6131E040F28B612EE040F2C1
:103F60008C612BE040F28D6128E040F28E6125E00B
:103F700040F28F6122E04FF4D2611FE040F2916184
:103F80001CE040F2926119E040F2936116E040F2C9
:103F9000946113E040F2956110E040F296610DE00B
:103FA00040F297610AE04FF4D36107E040F2996173
:103FB00004E040F29A6101E040F29B610122FEF7C9
:103FC00000BB7047013908B5032913D8DFE801F0B9
:103FD0000205080B40F29C6107E040F29D6104E09D
:103FE00040F29E6101E040F29F610122FEF7DAFAA1
:103FF000012008BD002008BD0139032911D8DFE8E0
:1040000001F00205080B40F29C6107E040F29D615F
:1040100004E040F29E6101E040F29F610122FEF760
:10402000D0BA704708B503460A46034819460FF050
:1040300045FE002008BD00BF88D6FF1F2DE9F043D4
:104040005F4B1978ADF2F47D31B90A4607F022F9D9
:104050005C4BF9221A70AEE0042940F0AC805A4D56
:104060005A4C2B685A4F2178627800933868594B24
:1040700007F06EF95349A2783E68F2230B70564B55
:104080001A602A6816F8013B002ACCBF02F1FF38FB
:104090004FF00008022B0D461FD15049504A14A87A
:1040A0000DF06FF8002104464FF47C624B481EF07F
:1040B00025FF386800214FF48C621EF01FFF1CB1F1
:1040C00000232B70474863E0F12301222B7014A8D2
:1040D0002021134604F03EFA6AE073BB424C04AB65
:1040E00004F1200E206861681A4603C20834744542
:1040F0001346F7D10CA804A90EF0DCFE334614A831
:1041000004A90CAACDF800800EF050FE0021202258
:1041100004A81EF0F3FE00214FF48C6238681EF0F4
:10412000EDFE0122F1232B7014A84021134604F068
:1041300011FA14A80021402238E0DFF8A090284AA4
:10414000002314A849460C930DF01BF8044650B9FF
:1041500000900190CDF8089024480CA932464346BF
:104160000CF0ABFF044600214FF47C621B481EF0AC
:10417000C5FE386800214FF48C621EF0BFFE24B9E2
:104180000C9E40F6ED439E4205D0002318482B704C
:1041900004F0FCFB0FE00122F1232B7013483146A1
:1041A000134604F0D7F91148214632461EF0A6FE08
:1041B000552004F0A7FD0DF2F47DBDE8F08300BFAB
:1041C00050C7FF1F25C7FF1F98C7FF1FE5ACFF1F84
:1041D000B88CFF1F1091FF1F28C7FF1FFC91FF1F06
:1041E000CCA2FF1F7E3C0200ACA2FF1F6CADFF1FE4
:1041F000923C0200F0B5644B1978ADF2EC4D31B948
:104200000A4607F047F8614BF9221A70B8E0042912
:1042100040F0B6805E4E5F4D33685F4C6A78297817
:1042200000935A4F5D4B206807F092F8F2233B70E1
:104230005B4BAA781A603368202B3D4626464DD149
:10424000584A23680AACA64602F1200C106851684F
:10425000774603C708326245BE46F7D112AF03F175
:10426000200E186859683A4603C20833734517464A
:10427000F7D1237823F007032370E37F03F03F0394
:1042800043F04003214612AA02A8E3770DF0A0FFF5
:1042900000210746202220461EF030FE3068002113
:1042A0004FF48C621EF02AFE17B92F703E483BE097
:1042B0003E4B1A6802AE1F46334603CBA342106042
:1042C00051601E4602F10802F6D102A80021202208
:1042D0001EF014FEF1232B7038683DE0B3F5886FB3
:1042E00040D112AF38463249324A0BF0DEFB044669
:1042F00028B90AA831682E4A0BF0DDFC04460021DB
:104300004FF416622A481EF0F9FD306800214FF480
:104310008C621EF0F3FD54B10AA8002120221EF089
:10432000EDFD002324482B7004F030FB28E01F4BE8
:104330001A680AAC1E46234603CBBB42106051608C
:104340001C4602F10802F6D10AA8002120221EF024
:10435000D5FDF12330682B7001222021134604F093
:10436000F9F80AE0154804F011FB206800214FF429
:104370008C621EF0C3FD00233B70552004F0C2FC8C
:104380000DF2EC4DF0BD00BF50C7FF1F25C7FF1F4A
:1043900098C7FF1FE5ACFF1FB88CFF1F1091FF1FD0
:1043A00028C7FF1FECA2FF1FA43C0200A88CFF1F20
:1043B000FC91FF1F0CA3FF1FB13C0200C53C020093
:1043C00008B50846114605F053FA002008BDFFFF66
:1043D000F0B5A3B006460C466F4601F1200E2068EA
:1043E00061683D4603C5083474452F46F7D108ADD2
:1043F00002F12007106851682C4603C40832BA4203
:104400002546F7D110AC03F12005186859682246FB
:1044100003C20833AB421446F7D1289B18AC03F112
:10442000200518685968224603C20833AB42144677
:10443000F7D1094B186820909B88ADF8843030463E
:10444000694686220BF05EF86846002186221EF03F
:1044500055FD23B0F0BD00BF3F410200094B0A48A3
:1044600010B500241C60094B214620221C701EF050
:1044700045FD074B214618684FF48C62BDE810409B
:104480001EF03CBD04A6FF1F8CA2FF1F4DA6FF1F00
:10449000B88CFF1F034B044819780122C901134649
:1044A00004F058B8BCA1FF1F4EA6FF1F38B52C4B17
:1044B0001B78042B05460C4622D00DD8022B13D0B6
:1044C00015D8012B47D10846264A294615F0B6FED5
:1044D000003018BF012038BD062B3AD037D3662BE9
:1044E00020D0672B29D036E011F0C8FA01E011F096
:1044F000C9FA03461B492846224611F003FB0CE08B
:1045000008462A4617490DF063FE00231846E25C70
:104510000133202B40EA0200F9D1D0F1010038BF6D
:10452000002038BD11F0AAFA0E490346224628465B
:1045300011F070FB08B1002038BD11F0A3FA094951
:1045400003462246284611F065FB0028F3D10648B1
:1045500002E0064800E0064804F018FA012038BDE1
:10456000BCA1FF1F6CA2FF1F693D0200933D02002A
:10457000BD3D0200014B00221A60704708A6FF1FD4
:104580002DE9F04F91B0DFF8E481734D98F80030D9
:1045900092466A46A2EBC3128B46002104AF064640
:1045A000954628460A4614F014FD07F10C0011F058
:1045B000ECFF07F1180011F0E8FF07F1240011F0FB
:1045C000E4FF98F8003005F11400DB014FF0011111
:1045D0006B6012F04DF80DF11009044600286CD103
:1045E0005E4B98F800207B60194605F12C00920183
:1045F00012F099F87B68044600285ED198F80020F4
:10460000920105F13800991812F08DF8044600283F
:1046100053D105F1080005F12C0105F1380212F023
:104620005AFB0446002848D107F10C0005F12C0183
:10463000012212F03AFB044600283ED107F118008F
:1046400005F13801012212F030FB0446A8BB07F146
:10465000240007F10C0107F1180212F03CFB04469C
:1046600058BB05F1200005F1140107F1240213F0F5
:1046700067F8044608BB05F1440005F1200107F185
:104680000C0212F065FD0446B8B905F1500005F1C1
:10469000200107F1180212F05BFD044668B905F12C
:1046A0005C00A0F12401A0F1300213F049F80446A7
:1046B00018B9284614F0C6FC044607F10C0011F0A6
:1046C0006BFF07F1180011F067FF07F1240011F0EC
:1046D00063FF0CB1224836E098F8003080226FF07A
:1046E000090112FB0311B142DCBF6FF00A0612FB95
:1046F0000366202E0CD003DC1C2E0BD105230AE010
:10470000302E03D0402E05D1082304E0072302E019
:10471000062300E000238DE848081249CDF80C90EC
:10472000012300220C4815F00DF898F800200446EB
:104730004946D20150461BF009FD074815F0D0F854
:10474000204624B1084804F021F94FF0FF303437F7
:10475000BD46BDE8F08F00BF58A5FF1FACA2FF1FEC
:10476000D63D0200C1430000403E0200BCA1FF1F35
:104770002DE9F04F95B0464B19784FF0FF3202EB20
:10478000C11202F1010A083222F0070202AFE84624
:10479000ADEB020D3F4A117802AC9B4621B90A46A7
:1047A00006F078FDF8226CE0042969D13A4E3B4DC1
:1047B00033681C2BB14611D023F01002202A0DD0F3
:1047C000402B0BD0364804F0E1F8012004F09AFAAF
:1047D0000021316028684FF48C624EE0314E317810
:1047E000727800932868304B06F0B2FD2F4B2D688D
:1047F00024221A702946D9F800207B6007F10800AE
:104800001BF0A4FC284600214FF48C621EF076FBBE
:104810002246D9F80000264D07F10801FFF7B0FE47
:104820007B680246A0B9F6211970B3789BF8001096
:104830002B60012B20464FEAC11103D11A4603F029
:1048400089FE0AE0134603F085FE04F043FB04E012
:10485000002218481A7004F099F8552004F052FA12
:104860002046002152461EF049FB2B68012B0AD03E
:10487000114B186800214FF454621EF03FFB02E018
:1048800023220A4B1A704C37C546BD46BDE8F08F4F
:10489000BCA1FF1F50C7FF1F98C7FF1FB88CFF1F89
:1048A000FA3D0200E5ACFF1F1091FF1F25C7FF1F57
:1048B00028C7FF1F233E0200A88CFF1F2DE9F043ED
:1048C0004E4C4F4D884600218FB0814617462046FA
:1048D0000A4614F07EFB05A811F057FE08A811F057
:1048E00054FE0BA811F051FE2B7804F11400DB01EB
:1048F0004FF00111636011F0BBFE00284FD1414E13
:104900002A7804F12C003146920111F00CFF0028A6
:1049100045D12A78920104F13800B11811F003FF53
:1049200000283CD104F1080004F12C0104F1380204
:1049300012F0D1F998BB05A804F12C01012212F064
:10494000B4F960BB08A804F13801012212F0ADF9F6
:1049500028BB0BA805A908AA12F0BDF9F8B904F103
:10496000200004F114010BAA12F0EAFEB8B904F118
:10497000440004F1200105AA12F0EAFB78B904F121
:10498000500004F1200108AA12F0E2FB38B904F14A
:104990005C00A0F12401A0F1300212F0D1FE05A8C4
:1049A00011F0FAFD08A811F0F7FD0BA811F0F4FDC5
:1049B000124814F047FB044668B1134803F0E6FFC1
:1049C0000E4814F08DFF2046ACB1104803F0DEFF16
:1049D0004FF0FF300FE04FF400730393214622465F
:1049E000CDF80090CDF8048002970448012314F01C
:1049F0002DFE0446E4E70FB0BDE8F083C0A1FF1F21
:104A0000BCA1FF1FACA2FF1FD63D02003A3E020030
:104A10002DE9F04F85B03F4B02AF197800247C6040
:104A200021B90A4606F036FCF9226CE0042969D166
:104A3000394DDFF804B12B689BF80020374EB3EBFB
:104A4000C21FEA460BD0364803F0A0FF012004F055
:104A500059F92C60306821464FF48C624EE0DFF843
:104A6000DC80DFF8D09098F8001098F801200093CF
:104A700030682C4B06F06CFC242389F800309BF83E
:104A800000303668AAEBC31295460DF1080B31468B
:104A90002A68254D58461BF059FB304621464FF4F5
:104AA0008C621EF02BFA2A68204E381D5946FFF7FB
:104AB00005FF024698B9F62389F8003098F80230CD
:104AC0003360012B2868796803D11A4603F042FD50
:104AD0000AE0134603F03EFD04F0FCF904E014483C
:104AE00089F8004003F052FF552004F00BF93368B9
:104AF000012B05D0286800214FF454621EF0FEF906
:104B0000D54602E023220B4B1A700C37BD46BDE898
:104B1000F08F00BF50C7FF1F98C7FF1FB88CFF1F43
:104B2000693E02001091FF1FA88CFF1F28C7FF1FBE
:104B3000953E020025C7FF1FBCA1FF1FE5ACFF1F6C
:104B4000F0B58BB0064601A811F01FFD36B204A8DF
:104B5000184F11F01AFDB50107A811F016FD01A8B4
:104B600039462A4611F0DFFD044698B904A87919A0
:104B70002A4611F0D8FD044660B907A801A904AA85
:104B800012F0A9F8044628B907A80B49F20111F060
:104B900004FE044601A811F0FFFC04A811F0FCFC7F
:104BA00007A811F0F9FC14B1044803F0EFFE0BB0B4
:104BB000F0BD00BFACA2FF1F4EA6FF1FAF3E02001C
:104BC0002DE9F043474C484D884600218FB081467F
:104BD000174620460A4614F0FCF905A811F0D5FC4A
:104BE00008A811F0D2FC0BA811F0CFFC2B7804F12F
:104BF0001400DB014FF00111636011F039FD002852
:104C00004FD13A4E2A7804F12C003146920111F02E
:104C10008AFD002845D12A78920104F13800B118A4
:104C200011F081FD00283CD104F1080004F12C01B1
:104C300004F1380212F04FF898BB05A804F12C01DA
:104C4000012212F032F860BB08A804F138010122F9
:104C500012F02BF828BB0BA805A908AA12F03BF804
:104C6000F8B904F1200004F114010BAA12F068FD58
:104C7000B8B904F1440004F1200105AA12F068FA61
:104C800078B904F1500004F1200108AA12F060FA8A
:104C900038B904F15C00A0F12401A0F1300212F057
:104CA0004FFD05A811F078FC08A811F075FC0BA8C1
:104CB00011F072FC0B4814F099F9024670B90C49D6
:104CC000CDF800901346CDF804800297054814F003
:104CD00047FC0446034814F003FE20460FB0BDE82D
:104CE000F08300BFACA4FF1FBCA1FF1FACA2FF1F3D
:104CF000C1430000F0B5C51D99B0044620212846E7
:104D000004F0B6FD2B4604F127026D461868596879
:104D10002E4603C6083393423546F7D12523A371A7
:104D200020460021012205F097FA202308A84021FF
:104D30006A460AF031FB0021202268461EF0DEF8A8
:104D40001A4808AAA0F516610AF0AFFE044698B109
:104D5000174803F01BFE002003F0D4FF08A8002131
:104D600040221EF0CBF8134800214FF4606219B0C6
:104D7000BDE8F0401EF0C2B80F4B0C48F6221A7086
:104D8000012213464FF4946103F0E4FB214608A886
:104D900040221EF0B3F821464FF4606205481EF031
:104DA000ADF8552003F0AEFF19B0F0BDCCB6FF1F33
:104DB000CD3E02006CADFF1F25C7FF1FF0B54B4B6A
:104DC00019789BB031B90A4606F064FA484BF922CB
:104DD0001A7089E0042940F08780464C464D474EC2
:104DE000236800933178464B7278286806F0B0FA51
:104DF0002368B3F5886F2F460CD0424803F0C6FDF8
:104E0000002003F07FFF286800214FF48C621EF021
:104E100075F869E00AA840213B4A20230AF0BCFA51
:104E20003A480AAAA0F516610AF03FFE0446A8B166
:104E3000374803F0ABFD002140220AA81EF05EF8BF
:104E400000214FF4606233481EF058F828680021B2
:104E50004FF48C621EF052F8002043E021464022BD
:104E60000AA81EF04BF802A829682A4A0AF023FF74
:104E7000A8B1294803F08AFD2146202202A81EF08D
:104E80003DF821464FF4606222481EF037F828684A
:104E900021464FF48C621EF031F8204622E0144B7C
:104EA0001E4CF6221A70B37823600122134602A822
:104EB000202103F04FFB2368012B01D004F00AF8F6
:104EC0000021202202A81EF019F800214FF4606290
:104ED00010481EF013F8386800214FF48C621EF061
:104EE0000DF8552003F00EFF1BB0F0BD50C7FF1F9B
:104EF00025C7FF1F98C7FF1FB88CFF1FE5ACFF1F1A
:104F00001091FF1FE83E02006CA2FF1FCCB6FF1FEE
:104F1000033F02006CADFF1F253F020028C7FF1FA3
:104F200010B590B068464021174A20230AF034FAA1
:104F300016486A46A0F516610AF0B7FD04466846B1
:104F400074B1002140221DF0D9FF00214FF46062AE
:104F50000F481DF0D3FF0F4803F018FD10B010BD2F
:104F6000214640221DF0CAFF0122134607484FF494
:104F7000946103F0EFFA064821464FF4606210B0E6
:104F8000BDE810401DF0BABF6CA2FF1FCCB6FF1FDA
:104F90006CADFF1F403F0200F0B5C51DA9B004462F
:104FA0002021284604F064FC2B4604F127026D46BC
:104FB000186859682E4603C6083393423546F7D120
:104FC0002623A37120460021012210AC05F044F9EC
:104FD000204660216A4620230AF0DEF900212022C3
:104FE00068461DF08BFF24482246A0F516610AF0A2
:104FF0005CFD98B1214803F0C9FC002003F082FE5B
:105000002046002160221DF079FF1D4800214FF449
:10501000606229B0BDE8F0401DF070BF08A820A96B
:1050200015F0F8F8174A08AD2B4603CBA3421060E1
:1050300051601D4602F10802F6D1134B0E48F622CC
:105040001A70012213464FF4986103F083FA204648
:10505000002160221DF052FF08A8002120221DF02F
:105060004DFF00214FF4626208481DF047FF5520B4
:1050700003F048FE29B0F0BDCCB6FF1F543F02003C
:105080006CADFF1F6CBBFF1F25C7FF1F6CADFF1F63
:1050900010B50446234810F0EBFC6379642B3FD92C
:1050A000A37903F00F03052B04D12046BDE810407F
:1050B000FFF720BE062B04D12046BDE81040FFF7C5
:1050C0006BBF012B04D1E11D174815F0A9F820E0B2
:1050D000022B02D110F0D2FC03E0032B07D110F019
:1050E000D1FC0246E11D104810F0D0FC11E0042B69
:1050F0000FD1E01D202104F0BBFB94F8263023F0F3
:10510000070384F82630E37903F03F0343F04003BC
:10511000E371054800214122BDE810401DF0EEBEBC
:1051200010BD00BF719800000CA6FF1F2DE9F047CD
:10513000604B1978BAB031B90A4606F0ABF85E4B4D
:10514000F9221A70B2E0042940F0B0805B4C5C4D4B
:105150005C4F236839787A78286800935A4B06F0B8
:10516000F7F8D4F80080B8F58C6FAA460CD05748F1
:1051700003F00CFC002003F0C5FD286800214FF46B
:105180008C621DF0BBFE91E022A86021504AD5F848
:10519000009020230AF000F94E4822AAA0F51661DB
:1051A0000AF083FC0446A0B14B4803F0EFFB00215A
:1051B000602222A81DF0A2FE00214FF46062474841
:1051C0001DF09CFE2868002142461DF097FE00203D
:1051D0006AE01AAE32A9304615F01CF802A849461A
:1051E0003E4A0AF068FDC8B13D4803F0CFFB2146B6
:1051F000202202A81DF082FE2146602222A81DF076
:105200007DFE21464FF4606234481DF077FE286829
:10521000214642461DF072FE204645E009F58869A8
:1052200032A94A460AA814F0F9FE12A802A90AAA4D
:105230004B460096FFF7CCF81F4B2A4CF6221A700B
:10524000BB7823600122134612A8202103F082F9C3
:105250002368012B01D003F03DFE0021202202A88B
:105260001DF04CFE002120220AA81DF047FE00215F
:10527000202212A81DF042FE0021602222A81DF06B
:105280003DFE0021202230461DF038FE00214FF463
:10529000606212481DF032FEDAF8000000214FF47F
:1052A0008C621DF02BFE552003F02CFD3AB0BDE8BA
:1052B000F08700BF50C7FF1F25C7FF1F98C7FF1FFC
:1052C000B88CFF1FE5ACFF1F1091FF1F763F020057
:1052D0006CA2FF1FCCB6FF1F913F02006CADFF1FF9
:1052E000B33F020028C7FF1F30B5A1B008AC20466D
:1052F0006021224A20230AF04FF821482246A0F5D7
:1053000016610AF0D2FB78B12046002160221DF020
:10531000F5FD00214FF462621A481DF0EFFD1A48B6
:1053200003F034FB21B030BD684618A914F072FFB9
:10533000164A6D462B4603CBA342106051601D46B2
:1053400002F10802F6D1012213460D484FF498618C
:1053500003F000F92046002160221DF0CFFD6846D1
:10536000002120221DF0CAFD094800214FF462628D
:1053700021B0BDE830401DF0C1BD00BF6CA2FF1FD1
:10538000CCB6FF1F6CADFF1F403F02006CBBFF1F80
:105390006CADFF1FF0B50025ECB20B1B0444DBB273
:1053A000E4B29C4205F1010504D2165DD75C1755A5
:1053B000D654F1E7F0BDFFFF08B5412217480021A0
:1053C0001DF09CFD164B1B785A1F012A25D9012B75
:1053D00005D112481349BDE808400DF06BBD022B02
:1053E00002D110F04BFB03E0032B08D110F04AFB75
:1053F00002460A490B48BDE8084010F04ABC042B9D
:105400000BD100201F21074AFFF7C4FF03480549BD
:105410000022BDE808400CF0DBBE08BD0CA6FF1F53
:10542000BCA1FF1F6CA2FF1F38B5144D0446407984
:1054300005F0D8FF2B78012B05D1A379042B02D1DD
:105440002B70FFF7B9FF2B78042B04D0012B14BF6E
:105450004021202100E0202101221346084803F0CA
:1054600079F80021402206481DF048FD054800213A
:105470002022BDE838401DF041BD00BFBCA1FF1F88
:105480000CA6FF1F6CA2FF1F38B505462C460DF079
:1054900043FF044B44F8783B20460DF07FFA6C60E4
:1054A000284638BDF03C02002DE9F04FABB08046F5
:1054B0000CA89B4689469246349F00250EF068FD55
:1054C00001238DF80F302C46BC422ED20CA8414649
:1054D00020220EF0DCFE25B10CA804A92A460EF00D
:1054E00045FE0CA8494652460EF040FE20250CA869
:1054F0000DF10F0101223E1B0EF038FEAE4228BF17
:105500002E4604AB0CA841462A4600950EF0D8FE64
:105510000BEB040004A932461AF018FE9DF80F3078
:10552000013334448DF80F30CEE70021202204A847
:105530001DF0E4FC0CA80EF011FD2BB0BDE8F08FBF
:1055400030B5B3B0044621220D460BA800211DF052
:10555000D5FC20460DF12D0204F1200350F8041B68
:1055600042F8041B9842F9D1802005F03BFF14A8B3
:105570000EF00EFD14A80BA921220EF088FE2024A7
:1055800014A8134920220EF0F1FD14A80BA903ABB7
:10559000009421220EF094FE2B4603A800940D499E
:1055A0001522FFF781FF224603A800211DF0A6FC6B
:1055B0000BA8002121221DF0A1FC00212246044855
:1055C0001DF09CFC14A80EF0C9FC33B030BD00BF28
:1055D0006CA2FF1F2941020030B5A1B00D466946FB
:1055E000FFF7AEFF08A860216A46202309F0D4FE29
:1055F000204808AAA0F516610AF057FA0446D0B16F
:105600006846002120221DF079FC08A800216022B4
:105610001DF074FC00214FF4606217481DF06EFC11
:1056200000214FF4986228461DF068FC134803F0EF
:10563000ADF921B030BD4FF4946228460D491AF0FF
:1056400085FD18A905F5946014F0E4FD214668462F
:1056500020221DF053FC214608A860221DF04EFCBC
:10566000054821464FF4606221B0BDE830401DF08E
:1056700045BC00BF25BEFF1FC5B4FF1F403F020051
:10568000F0B5BBB00D4602A91746FFF759FF22A897
:10569000602102AA202309F07FFE234822AAA0F558
:1056A00016610AF002FA1AAC10B14FF0FF3619E099
:1056B00032A9204614F0AEFD0AA829461B4A0AF07A
:1056C000FAFA06460028F0D105F5886532A92A467F
:1056D00012A814F0A3FC009438460AA912AA2B467B
:1056E000FEF776FE02A8002120221DF007FC22A86A
:1056F000002160221DF002FC0AA8002120221DF0DA
:10570000FDFB12A8002120221DF0F8FB20460021FD
:1057100020221DF0F3FB00214FF4606203481DF0CE
:10572000EDFB30463BB0F0BD25BEFF1FC5B4FF1FEB
:10573000F0B50D46B3B016461F46044628B92146BB
:105740000BA821221DF0DAFB0BAC14A80EF020FCF4
:1057500014A8214621220EF09AFD14A829462022E1
:1057600020250EF003FD214603AB14A8212200954D
:105770000EF0A6FD14A80EF0E5FB334603A83899F9
:10578000399A0097FFF790FE00212A4603A81DF0E2
:10579000B5FB14A80EF0E2FB33B0F0BD13B5044C1A
:1057A000009415240194FFF7C3FF02B010BD00BFA1
:1057B0001341020070B506469EB00D461446CAB9A4
:1057C000842005F00FFE214641222D481DF096FB56
:1057D00002A8FCF769F802A82A492022FCF78EF8F3
:1057E00002A829462022FCF789F802A82549FCF7DF
:1057F000A6F83FE0802A09D1104605F0F3FD2149C3
:1058000028460A462023FFF7C9FF26E0842A24D130
:10581000104605F0E7FD0021412219481DF06EFBFE
:1058200020238DF8083029460DF1090305F12002E7
:1058300051F8040B43F8040B9142F9D11149124B72
:10584000009310230A46019302A82023FFF770FF5C
:1058500002A8002121221DF051FB042E0AD1094B80
:10586000DA7F22F00702DA771A7802F03F0242F07C
:1058700040021A70054B1E70FFF79EFD1EB070BDF2
:105880000CA6FF1F6CA2FF1F583D0200BCA1FF1F0A
:1058900070B504464079042815D8A379ABB905F052
:1058A000F5FD002853D02A4B1B7803F00F03072B7C
:1058B00004D12848BDE8704003F068B82046BDE830
:1058C0007040FEF7E7BD742816D805F08BFD002860
:1058D0003DD01F4B1B78052B204603D1BDE87040FF
:1058E000FFF71EBB062B03D1BDE87040FFF7FCBCE1
:1058F000BDE87040FFF798BD842805D1A079042841
:1059000025D8E11D002207E0E8280BD1A079431E2D
:10591000032B1CD8E11D8422FFF74CFF0E484021C9
:1059200000220FE0802812D1A37903F00F03062B89
:105930000DD10A4DE01D2968FFF74EFE28684FF48F
:10594000986101221346BDE8704002F003BE70BDAD
:10595000BCA1FF1FD53F02000CA6FF1FA88CFF1F94
:105960002DE9F0416D4C6E4E6E4D236831787278A2
:10597000F0B00746009328686B4B05F0E9FC4EA891
:10598000002188221DF0BAFA684B4E93684B4F9362
:10599000684B509378794023519320235293C82821
:1059A0002EAB5393B0463ED900F13703DBB2022B46
:1059B0000CD9D32819D0D4281CD0D5281FD000F159
:1059C0002303DBB2022B21D95B4858E021682B6806
:1059D000C928A1F1200101D1012003E0CA280CBF90
:1059E000022003201944002217E021682B68203987
:1059F000012008E021682B682039022003E021689B
:105A00002B68203903201944802206E021682B6886
:105A100024302039C0B219448422FFF7CBFE23681A
:105A2000203B236005E0A0F165030F2B73D805F040
:105A3000D9FC2268394E414F202A01D0402A04D196
:105A400002A829681AF082FB10E012A8FBF72CFFCD
:105A500012A829683268FBF751FF12A802A9FBF7C8
:105A60006EFF3B78012B1CBF20233360344A242374
:105A700013703B78591E0229174606D9314802F0A7
:105A800085FF002003F03EF945E0012B12AE08D15E
:105A90002368009330462C492C4A2B680DF086F978
:105AA0000EE0022B02D10FF0E9FF01E00FF0EAFF58
:105AB000019000962448226802A94EAB10F029F903
:105AC000F62398F802203B70214B012A1A603046D9
:105AD0004FF0400103D1134602F03CFD05E00122E6
:105AE000134602F037FD03F0F5F9552003F00AF9EB
:105AF000286800214FF48C621DF000FA0021412239
:105B000012481DF0FBF910480021202270B0BDE8BA
:105B1000F0411DF0F3B970B0BDE8F08198C7FF1FE8
:105B2000E5ACFF1FB88CFF1F1091FF1F39BC0100AF
:105B30003FBC010045BC010002400200BCA1FF1FA8
:105B400025C7FF1F214002006CA2FF1F0CA6FF1FEC
:105B500028C7FF1F08B5094B197821B90A4605F077
:105B600099FBF82206E0042903D1BDE80840FFF7BD
:105B7000F7BE2322024B1A7008BD00BF50C7FF1F9B
:105B800025C7FF1F10B5044621480FF071FF60794B
:105B9000642816D805F07AFC1E4B1B780BB91E48FA
:105BA00027E003F00F03072B04D12046BDE8104087
:105BB000FEF744BA42061BD52046BDE81040FEF76A
:105BC000D7BD00F13702D2B2032A19D900F123025E
:105BD000D2B2032A14D9A0F165020F2A15D805F014
:105BE00001FCC0B20B4B1B78002BD8D0430607D466
:105BF0000A4802F0CBFE0020BDE8104003F082B856
:105C00002046BDE81040FFF7A5BF0020EAE700BF2F
:105C100071980000BCA1FF1F444002002140020017
:105C2000F0B595B000210746412203A81DF066F9A2
:105C30006A4B197839B90A46384605F02BFB684B90
:105C4000F9221A70C8E0042940F0C680654C664EFF
:105C5000664D23683178727828680093644B05F0AC
:105C600077FB7879C828374655D900F13603DBB27F
:105C7000022B10D900F12C03DBB2022B0BD900F15F
:105C80002203DBB2022B06D95A4802F07FFE002025
:105C900003F038F8A0E0CA2804D121682B68203925
:105CA000022005E0CB2806D121682B68203903208B
:105CB0001944002229E0CC2804D121682B6820391E
:105CC0000420F5E7D42804D121682B68203902206C
:105CD0000CE0D52804D121682B682039032005E089
:105CE000D62806D121682B68203904201944802247
:105CF0000BE000F12203DBB2022B08D821682B68ED
:105D000024302039C0B219448422FFF753FD2368A0
:105D1000203B236005E0A0F165030F2B5CD805F064
:105D200061FB354B1A78911E01299CBF64321A70B1
:105D30001B78012B06D1304B04221A702026FFF766
:105D40003BFB00E040262268212A01D0412A05D1F0
:105D500029682A48013A2260013105E0202A01D051
:105D6000402A03D1254829681AF0F0F91C4A232358
:105D700013702368402B144601D0202B03D11F48F9
:105D800003A9FEF793FBF623BA7823701C4B012A74
:105D90001A6003A8314603D1134602F0DBFB05E08D
:105DA0000122134602F0D6FB03F094F8552002F0CE
:105DB000A9FF286800214FF48C621DF09FF8002194
:105DC00041220E481DF09AF80E480021202215B0FD
:105DD000BDE8F0401DF092B815B0F0BD50C7FF1FF0
:105DE00025C7FF1F98C7FF1FE5ACFF1FB88CFF1F1B
:105DF0001091FF1F02400200BCA1FF1F0CA6FF1F55
:105E000028C7FF1F6CA2FF1FF0B50446A5B0884845
:105E10000FF02EFE6179802940F0B180854B1D780E
:105E2000042D33D1844B9A78844B1A60844B1D78AF
:105E3000012D01D08348BDE0834E844831680024A1
:105E400008AA1C70FFF71CFC30B1814802F09EFDCF
:105E5000204602F057FF05E008A820212A462B46DD
:105E600002F078FB0021202208A81DF047F800214D
:105E7000202276481DF042F8306800214FF48C62F1
:105E80001DF03CF8552002F03DFFCFE0002D40F022
:105E9000CD80A379A3F13A01FF2BC9B214BF1A46F2
:105EA0003922C42906D8FEF7D9FA6A4802F06EFDF5
:105EB0002846E8E7FF2B684809D003686FF490652F
:105EC000991829440E2902D8D3F5906206D40168A6
:105ED0008E18B6F5906F01DC0B460BE0FEF7BEFAAC
:105EE0005E4867E0651A1D441F2BEF7906DC574DAD
:105EF0005F5501335D1A9542F4DB05E0524D2D6884
:105F00001D4405F8207CF4E7066002F009FBA37944
:105F1000514DFF2B00F08A802B68B3F5906FDDD1D7
:105F2000474B0024012208A81A702C60FBF7BCFC28
:105F300008A846492022FBF7E1FC434B08A8196852
:105F40004FF48C62FBF7DAFC08A86946FBF7F7FC14
:105F50006A46F0208021202303F06CF8374B1A6842
:105F6000354B68469A70214620221CF0C7FF3C4BF7
:105F7000F9221A703B4B187802F0B8FA56E06429FF
:105F80001CD8084605F082FA374B1B780BB9374806
:105F900010E003F00F03072B03D12046FEF72AF988
:105FA00044E0820605D52046FEF732FD3EE083063A
:105FB0000ED42F4802F0EAFC002064E701F1370319
:105FC000DBB2032B04D901F12303DBB2032B03D88B
:105FD0002046FFF725FE29E0A1F165030F2B224D96
:105FE00015D82B78053B012B0CD8124B1B7813F0DE
:105FF000FB0F07D02846FDF7F1FE2B7803F00F03C7
:106000002B7004E0084605F0EDF9C0B200E0002076
:106010002B78002BBBD0052B03D12046FEF7CEFEFC
:1060200004E0062BC3D12046FFF780F825B0F0BD71
:106030007198000050C7FF1FE5ACFF1F28C7FF1F66
:106040004DA6FF1F62400200B88CFF1F8CA2FF1FED
:106050008A400200AD40020004A6FF1FCD400200AE
:1060600025C7FF1F26C7FF1FBCA1FF1F444002001A
:10607000EF400200F0B55D4B5D4E1B7896F8405046
:10608000042B89B0344640F0AF80304603F0A0FCCA
:10609000074660B93946092256481CF02FFF3046A2
:1060A0003946502209B0BDE8F0401CF027BF524BE2
:1060B0000022382D1A601E4601D1812002E0302DC9
:1060C00003D1822005F08EF906E06B1E172B03D852
:1060D0004A48294605F048F9494B1B7853B9EA1854
:1060E0000DF803200133202BF9D100206946024628
:1060F000FFF760FB94F839200323202A33603C4BE0
:1061000017D193F83A20202A13D193F83B20202A64
:106110000FD193F83C20202A0BD193F83D20202A60
:1061200007D193F83E20202A03D193F83F60202E18
:1061300007D03F22A35C13B9013A0E2AFAD10132EB
:10614000D6B2304D2D4928461422FCF708F92B68A9
:1061500027495B683246284698472846FCF73CF9B1
:106160006A46034600F1100618685968154603C5CB
:106170000833B3422A46F7D118682860202200214C
:106180001E481CF0BBFE142168460FF09FFFBDF8AF
:106190000420A28008AA054652F8191D00989DF80F
:1061A000063020601848A160A37191889279C023BD
:1061B000E3718271C1228180E27308AA103052F823
:1061C000121D2161928820F8042CC222E275002160
:1061D00038221CF093FEE84380B2C323A075E37716
:1061E00000124B232076237709B0F0BD50C7FF1F64
:1061F00035D6FF1FA3C7FF1F28C7FF1F6CA2FF1FB5
:10620000BCA1FF1F3091FF1F3DD6FF1F2DE9F04FAE
:10621000B5B00C460DF110080021064692464046E6
:1062200018229B461CF06AFE20686168434603C33F
:10623000BBF1010FA068186076D19DF811309DF870
:1062400010501D4405F0030505F5B4551035AD009B
:106250000FCD0AAC0FC495E80F0084E80F0014219D
:1062600012A80DF01DF90AAF002312A802930393A0
:106270000DF0E9F8394612A820220DF073F84146D6
:1062800012A808220DF0BEF802A912A808220DF0EB
:1062900017F96FF002019AFBF1F1514403239AFBC5
:1062A000F3FA314412A853460A460DF0FDF99DF861
:1062B00011309DF810401C4404F0030404F5B4545C
:1062C0001834A4000FCCB946A9E80F0094E80F00D9
:1062D0004FEAEA7589E80F00314652462B46CDF861
:1062E00000800197304613F005FE9DF811309DF8AF
:1062F00010E09E440EF0030E0EF5B55E4FEA8E0ED2
:10630000BEE80F00BC46ACE80F009EE80F0089E82D
:106310000F0006EB0A00CDF80080019701465246B7
:106320002B4613F05DFE28E1BBF1020F52D19DF820
:1063300011309DF810501D4405F0030505F5B455C6
:10634000AD000FCD0AAC0FC495E80F0084E80F0034
:10635000142112A80DF0A4F80AAF002312A802938A
:1063600003930DF070F8394612A820220CF0FAFFC2
:10637000414612A808220DF045F802A912A80822E9
:106380000DF09EF89AFBFBFB12A8314632465B46A5
:106390000DF08AF99DF811309DF810501D4405F05C
:1063A000030505F5B4550835AD000FCD3C460FC4C7
:1063B00095E80F00CBEB0A0A84E80F0006EB0A0011
:1063C000CDF80080019701465A464FEAEB7313F06F
:1063D00091FDD2E0BBF1030F76D19DF811309DF80D
:1063E00010401C4404F0030404F5B554A4000FCC81
:1063F0000DF12809A9E80F0094E80F009AFBFBFBB8
:1064000089E80F000AAF4FEAEB7506EB0B002B464D
:1064100001465A46CDF80080019713F0E1FD9DF842
:1064200011309DF810E09E440EF0030E0EF5B45EA0
:106430000EF1180E4FEA8E0EBEE80F00BC46ACE817
:106440000F009EE80F0089E80F002B4631465A46A0
:10645000CDF800800197304613F04CFD9DF81130C7
:106460009DF810401C4404F0030404F5B4541034A7
:10647000A4000FCC3D460FC594E80F0089E80F003B
:10648000142112A80DF00CF8002312A80293039314
:106490000CF0D9FF3946202212A80CF063FF4146C8
:1064A000082212A80CF0AEFF02A9082212A80DF0D3
:1064B00007F86FF002019AFBF1F18A4406EB0A013A
:1064C00012A80A465B4656E0BBF1040F58D19DF86E
:1064D00011309DF810501D4405F0030505F5B45525
:1064E0000835AD000FCD0AAC0FC495E80F0084E865
:1064F0000F0002239AFBF3F0C0EB0A000DF128090C
:106500009AFBF3FA3044014652464FEAEA73CDF85B
:106510000080CDF8049013F0EDFC9DF811309DF84B
:1065200010501D4405F0030505F5B455AD000FCD21
:106530004F460FC795E80F0084E80F00142112A8FA
:106540000CF0AEFF002312A8029303930CF07BFF24
:106550004946202212A80CF005FF4146082212A845
:106560000CF050FF02A9082212A80CF0A9FF12A8F3
:106570003146324653460CF0EFFE12A80CF072FF83
:1065800035B0BDE8F08F30B545F6B0359DF80C401C
:106590002D7805F0FD05012D04D11CB1BDE830407A
:1065A000FFF734BE30BDFFFF10B5054B044640F881
:1065B0002C3B0CF061F920460DF0E6FA204610BDA8
:1065C000303D02002DE9F041CAB005460BAC6846EB
:1065D0000E4690461F460DF009FB0F4B00932046D8
:1065E0000CF0DCF9684601940DF0EBFA4146684680
:1065F00020220DF0A1FA3146684610220DF0AFFAC4
:10660000684629462A463B460DF040FA6846FFF7A1
:10661000CBFF4AB0BDE8F081303D02002DE9F041EA
:10662000CAB005460BAC68460E4690461F460DF0B4
:10663000DDFA0F4B009320460CF0B0F96846019448
:106640000DF0BFFA4146684620220DF075FA31463A
:10665000684610220DF083FA684629462A463B46D2
:106660000DF03FFA6846FFF79FFF4AB0BDE8F081A2
:10667000303D020010B50446FFF796FF20461BF0A0
:106680004BFD204610BDFFFF10B5054B044640F8FA
:10669000783B0CF0F1F820460CF0BCFD204610BD14
:1066A000F03C02002DE9F047234B1D68E2B00446A0
:1066B000071D6A1C4FEA156AC5F30749C5F3072889
:1066C00004A8EDB21A600E46FEF7DEFE84F800A0C4
:1066D00084F8019084F80280E5700C2422460021A1
:1066E00001A81CF00BFC04A88DF805A08DF80690FD
:1066F0008DF807808DF808500CF0EAFC04A80F49CB
:1067000020220CF0F8FC01A9224604A80CF080FC21
:10671000334604A839463A460CF014FC04A8B919CB
:1067200010220CF02AFD04A8FFF7AEFF06F11400BA
:1067300062B0BDE8F08700BF08A6FF1F5DD8FF1F4D
:106740002DE9F043E7B088460446071D08A8FEF788
:106750009BFEB8F1140604D52046002128EAE87211
:106760004AE094F8019023784FEA094949EA03691D
:10677000E37849EA0309A378BD1949EA032904AA81
:1067800005F1100E28686968134603C3083575457E
:106790001A46F7D100210C2201A81CF0AFFB0123FF
:1067A0008DF804304FEA19638DF805304FEA19432C
:1067B0008DF8063008A84FEA19238DF807308DF8B8
:1067C00008900CF085FC1749202208A80CF093FCD7
:1067D00001A90C2208A80CF01BFC08A839463A466F
:1067E00033460CF034FD04A908A810220CF0B0FCCC
:1067F0000146204629B942461CF080FB4FF0FF3687
:1068000008E0394632461CF05EFBA0190021142234
:106810001CF074FB08A8FFF737FF304667B0BDE8EF
:10682000F08300BF5DD8FF1F2DE9F043ADF5257D56
:1068300006460C4646A898461546AC9FFEF724FE31
:106840008DF8084003AC0C2120468DF8095001F06A
:1068500075F80EA8FBF728F80EA821460C22FBF7C6
:106860004DF80EA802A90222FBF748F806AD0EA8C3
:1068700020222B49FBF742F80EA82946FBF75FF8C8
:1068800095E8070084E807002AA8FBF70DF82AA876
:1068900041461022FBF732F82AA802A90222FBF790
:1068A0002DF82AA820221E49FBF728F82AA82946F5
:1068B000FBF745F8237803F00103002B4FF00108A4
:1068C0000CBF0223434621463A463046CDF80080AD
:1068D0000CBFC1464FF00209FFF755FE46A80CF069
:1068E000F7FB294646A820220CF005FC214646A8C5
:1068F0000C220CF08DFB46A8314632463B460CF08C
:1069000021FB304621463A464B46CDF80080FFF742
:106910003AFE46A8FFF7B8FE0DF5257DBDE8F083E9
:106920006090FF1F2DE9F043ADF5257D06460C462E
:1069300046A898461546AC9FFEF7A6FD8DF8084080
:1069400003AC0C2120468DF8095000F0F7FF0EA88B
:10695000FAF7AAFF0EA821460C22FAF7CFFF0EA8DD
:1069600002A90222FAF7CAFF06AD0EA820222C497E
:10697000FAF7C4FF0EA82946FAF7E1FF95E80700E9
:1069800084E807002AA8FAF78FFF2AA841461022B8
:10699000FAF7B4FF2AA802A90222FAF7AFFF2AA841
:1069A00020221F49FAF7AAFF2AA82946FAF7C7FFAB
:1069B000237803F00103002B4FF001080CBF0323E1
:1069C000042321463A463046CDF800800CBF4FF0F4
:1069D00004094FF00309FFF7D6FD46A80CF078FB39
:1069E000294646A820220CF086FB214646A80C2208
:1069F0000CF00EFB46A8314632463B460CF027FC15
:106A0000304621463A464B46CDF80080FFF7BBFDA5
:106A100046A8FFF739FE0DF5257DBDE8F08300BFE0
:106A20006090FF1F2DE9F0430C46E1B0054602A837
:106A30001E4691469DF8A071FEF726FD237800972B
:106A400003F00103002B0CBF022301232146324631
:106A500028460CBF4FF001084FF00208FFF793FDE6
:106A600002A80CF035FB494602A820220CF043FB9B
:106A7000214602A80C220CF0CBFA02A829462A468D
:106A800033460CF05FFA28462146324643460097CB
:106A9000FFF779FD02A8FFF7F7FD61B0BDE8F083CD
:106AA0002DE9F0430C46E1B0054602A81E4691468A
:106AB0009DF8A071FEF7E8FC2378009703F001032E
:106AC000002B0CBF032304232146324628460CBF6B
:106AD0004FF004084FF00308FFF755FD02A80CF033
:106AE000F7FA494602A820220CF005FB214602A82D
:106AF0000C220CF08DFA02A829462A4633460CF0E7
:106B0000A6FB28462146324643460097FFF73BFD49
:106B100002A8FFF7B9FD61B0BDE8F08310B50446E7
:106B2000FFF7B2FD20461BF0F7FA204610BDFFFF2D
:106B300010B5064C06492046FAF7B7FF204605492E
:106B4000FAF7B3FF044B0020187010BD8490FF1FAC
:106B5000B8D5FF1F14D6FF1FA1C7FF1F38B5434B81
:106B6000434C1D78012D12D100210A4620780DF0EA
:106B700071FD002102463F480DF050FD00210A46FC
:106B800020780DF067FD294602463A4858E02B2D43
:106B90000FD820784008014600220DF05BFD00214F
:106BA000024634480DF03AFD2078400801460022A4
:106BB00041E0552D0CD80020217802460DF04AFD09
:106BC000002102462B480DF029FD0020217831E0FC
:106BD000802D0FD8217849080A4600200DF03AFD93
:106BE0000021024623480DF019FD217849080020B4
:106BF0000A4620E0AA2D0DD80020014622780DF08B
:106C000029FD002102461B480DF008FD0020014629
:106C1000227810E0D52D15D82078400800210246B2
:106C20000DF018FD0021024612480DF0F7FC207807
:106C30000021400802460DF00DFD02460D480121DD
:106C40000DF0ECFC0B480DF04FFC23780833DBB261
:106C500023704BB908480949FAF727FF0648084945
:106C6000BDE83840FAF752BF38BD00BF26C7FF1F46
:106C700058C8FF1F44C8FF1F8490FF1FB8D5FF1FCF
:106C800014D6FF1F13B5422420461AF03FF902AB79
:106C900023440134462C03F8460CF5D1019802B088
:106CA00010BD37B54224019002AB2344204613F8AF
:106CB000465C1AF02BF9854203D0204629461AF08B
:106CC00039F90134462CEFD103B030BD034B00211C
:106CD0001860402202481CF011B900BF28C7FF1FEE
:106CE000EAACFF1F70B5044614F8010BC0B1FF28D1
:106CF000FAD00E4E1AF086FB3378032513FB03F30C
:106D000093FBF5F0A8401AF0F5FD1AF0C7FB3378B5
:106D100013FB03F393FBF5F0A8401AF0EBFDE3E758
:106D20000348BDE870401BF013BA00BFA48CFF1FDE
:106D3000B8FFFF1F10B542242046002101341AF08D
:106D4000F9F8B4F5006FF7D110BD10B54FF46A34FF
:106D50002046002104F500640AF00AFBB4F57E3FEA
:106D6000F6D110BD30B50023D41E9C420DDDCC58A9
:106D7000240EC454CD58C4182D0C6570CD582D0A5E
:106D8000A570CD58E5700433EEE730BDF7B50F467A
:106D90001646C41C0025F31EAB4207EB050004F1A8
:106DA000040416DD14F8062C14F8053C120442EA1B
:106DB000032214F8043C1A4314F8073C02A942EADF
:106DC000036241F8042D002213460AF0A1FA0435AB
:106DD000E1E703B0F0BD70B5ADF6080D1546064607
:106DE0000C4602A84FF46E314FF40062FFF7BAFF71
:106DF000013D38206843002302AA0244F15CD154CB
:106E00000133382BF8D14FF46E3000210AF0B0FA7C
:106E1000172D00F2B181DFE815F0180029003A00C3
:106E20004B005C006D007E008F00A000B100C2002E
:106E3000D300E400F50006011701280139014A01D9
:106E40005B016C017D018E019F0102A84FF46E3140
:106E50004FF40062FFF79AFF382CA8BF38240DF1D9
:106E600007008DF80740FBF746FF85E102A84FF4C5
:106E70006E314FF40062FFF789FF382CA8BF382429
:106E80000DF107008DF80740FBF740FF74E102A801
:106E90004FF46E314FF40062FFF778FF382CA8BF33
:106EA00038240DF107008DF80740FBF73AFF63E146
:106EB00002A84FF46E314FF40062FFF767FF382CE1
:106EC000A8BF38240DF107008DF80740FBF734FF09
:106ED00052E102A84FF46E314FF40062FFF756FF03
:106EE000382CA8BF38240DF107008DF80740FBF7B8
:106EF0002EFF41E102A84FF46E314FF40062FFF71C
:106F000045FF382CA8BF38240DF107008DF8074045
:106F1000FBF728FF30E102A84FF46E314FF4006216
:106F2000FFF734FF382CA8BF38240DF107008DF887
:106F30000740FBF722FF1FE102A84FF46E314FF428
:106F40000062FFF723FF382CA8BF38240DF107009B
:106F50008DF80740FBF71CFF0EE102A84FF46E31DD
:106F60004FF40062FFF712FF382CA8BF38240DF150
:106F700007008DF80740FBF716FFFDE002A84FF46D
:106F80006E314FF40062FFF701FF382CA8BF3824A0
:106F90000DF107008DF80740FBF710FFECE002A8A9
:106FA0004FF46E314FF40062FFF7F0FE382CA8BFAB
:106FB00038240DF107008DF80740FBF70AFFDBE0EE
:106FC00002A84FF46E314FF40062FFF7DFFE382C59
:106FD000A8BF38240DF107008DF80740FBF704FF28
:106FE000CAE002A84FF46E314FF40062FFF7CEFE04
:106FF000382CA8BF38240DF107008DF80740FBF7A7
:10700000FEFEB9E002A84FF46E314FF40062FFF7C4
:10701000BDFE382CA8BF38240DF107008DF80740BD
:10702000FBF7F8FEA8E002A84FF46E314FF40062BF
:10703000FFF7ACFE382CA8BF38240DF107008DF8FF
:107040000740FBF7F2FE97E002A84FF46E314FF4D1
:107050000062FFF79BFE382CA8BF38240DF1070013
:107060008DF80740FBF7ECFE86E002A84FF46E3186
:107070004FF40062FFF78AFE382CA8BF38240DF1C8
:1070800007008DF80740FBF7E6FE75E002A84FF415
:107090006E314FF40062FFF779FE382CA8BF382418
:1070A0000DF107008DF80740FBF7E0FE64E002A851
:1070B0004FF46E314FF40062FFF768FE382CA8BF22
:1070C00038240DF107008DF80740FBF7DAFE53E096
:1070D00002A84FF46E314FF40062FFF757FE382CD0
:1070E000A8BF38240DF107008DF80740FBF7D4FE48
:1070F00042E002A84FF46E314FF40062FFF746FE03
:10710000382CA8BF38240DF107008DF80740FBF795
:10711000CEFE31E002A84FF46E314FF40062FFF76B
:1071200035FE382CA8BF38240DF107008DF8074034
:10713000FBF7C8FE20E002A84FF46E314FF4006266
:10714000FFF724FE382CA8BF38240DF107008DF876
:107150000740FBF7C2FE0FE002A84FF46E314FF478
:107160000062FFF713FE382CA8BF38240DF107008A
:107170008DF80740FBF7BCFE0DF6080D70BD70B52D
:10718000ADF6080D154606460C4602A84FF47031C0
:107190004FF40062FFF7E6FD013D3820684300230D
:1071A00002AA0244F15CD1540133382BF8D14FF4D8
:1071B000703000210AF0DCF8172D00F2B181DFE811
:1071C00015F0180029003A004B005C006D007E00AD
:1071D0008F00A000B100C200D300E400F50006015A
:1071E0001701280139014A015B016C017D018E0103
:1071F0009F0102A84FF470314FF40062FFF7C6FD03
:10720000382CA8BF38240DF107008DF80740FBF794
:107210006AFC85E102A84FF470314FF40062FFF779
:10722000B5FD382CA8BF38240DF107008DF80740B4
:10723000FBF764FC74E102A84FF470314FF4006274
:10724000FFF7A4FD382CA8BF38240DF107008DF8F6
:107250000740FBF75EFC63E102A84FF470314FF486
:107260000062FFF793FD382CA8BF38240DF107000A
:107270008DF80740FBF758FC52E102A84FF470313B
:107280004FF40062FFF782FD382CA8BF38240DF1BF
:1072900007008DF80740FBF752FC41E102A84FF4CC
:1072A00070314FF40062FFF771FD382CA8BF38240D
:1072B0000DF107008DF80740FBF74CFC30E102A808
:1072C0004FF470314FF40062FFF760FD382CA8BF17
:1072D00038240DF107008DF80740FBF746FC1FE14D
:1072E00002A84FF470314FF40062FFF74FFD382CC5
:1072F000A8BF38240DF107008DF80740FBF740FCCC
:107300000EE102A84FF470314FF40062FFF73EFD2A
:10731000382CA8BF38240DF107008DF80740FBF783
:107320003AFCFDE002A84FF470314FF40062FFF721
:107330002DFD382CA8BF38240DF107008DF807402B
:10734000FBF734FCECE002A84FF470314FF400621C
:10735000FFF71CFD382CA8BF38240DF107008DF86D
:107360000740FBF72EFCDBE002A84FF470314FF42E
:107370000062FFF70BFD382CA8BF38240DF1070081
:107380008DF80740FBF728FCCAE002A84FF47031E3
:107390004FF40062FFF7FAFC382CA8BF38240DF137
:1073A00007008DF80740FBF722FCB9E002A84FF474
:1073B00070314FF40062FFF7E9FC382CA8BF382485
:1073C0000DF107008DF80740FBF71CFCA8E002A8B0
:1073D0004FF470314FF40062FFF7D8FC382CA8BF8F
:1073E00038240DF107008DF80740FBF716FC97E0F5
:1073F00002A84FF470314FF40062FFF7C7FC382C3D
:10740000A8BF38240DF107008DF80740FBF710FCEA
:1074100086E002A84FF470314FF40062FFF7B6FC2B
:10742000382CA8BF38240DF107008DF80740FBF772
:107430000AFC75E002A84FF470314FF40062FFF7C8
:10744000A5FC382CA8BF38240DF107008DF80740A3
:10745000FBF704FC64E002A84FF470314FF40062C3
:10746000FFF794FC382CA8BF38240DF107008DF8E5
:107470000740FBF7FEFB53E002A84FF470314FF4D6
:107480000062FFF783FC382CA8BF38240DF10700F9
:107490008DF80740FBF7F8FB42E002A84FF470318B
:1074A0004FF40062FFF772FC382CA8BF38240DF1AE
:1074B00007008DF80740FBF7F2FB31E002A84FF41C
:1074C00070314FF40062FFF761FC382CA8BF3824FC
:1074D0000DF107008DF80740FBF7ECFB20E002A858
:1074E0004FF470314FF40062FFF750FC382CA8BF06
:1074F00038240DF107008DF80740FBF7E6FB0FE09D
:1075000002A84FF470314FF40062FFF73FFC382CB3
:10751000A8BF38240DF107008DF80740FBF7E0FB0A
:107520000DF6080D70BD30B50D01B5F5006FADF667
:10753000040D04461DD868464FF472314FF40062C2
:10754000FFF710FC103D002300AA2A44E15CD1544F
:107550000133102BF8D1237823B14FF4723000217E
:1075600009F006FF68464FF472314FF40062FFF7EE
:107570000DFC0DF6040D30BD70B51546ADF6080DC9
:1075800006460C4602A84FF474314FF40062013DE8
:10759000FFF7E8FBA801002302AA0244F15CD154E2
:1075A0000133402BF8D14FF47430002109F0E0FE94
:1075B000172D00F2B181DFE815F0180029003A001C
:1075C0004B005C006D007E008F00A000B100C20087
:1075D000D300E400F50006011701280139014A0132
:1075E0005B016C017D018E019F0102A84FF4743193
:1075F0004FF40062FFF7CAFB402CA8BF40240DF1F6
:1076000007008DF80740FBF77FFC85E102A84FF4E7
:1076100074314FF40062FFF7B9FB402CA8BF40243F
:107620000DF107008DF80740FBF77BFC74E102A821
:107630004FF474314FF40062FFF7A8FB402CA8BF51
:1076400040240DF107008DF80740FBF777FC63E15C
:1076500002A84FF474314FF40062FFF797FB402CFF
:10766000A8BF40240DF107008DF80740FBF773FC1D
:1076700052E102A84FF474314FF40062FFF786FB29
:10768000402CA8BF40240DF107008DF80740FBF700
:107690006FFC41E102A84FF474314FF40062FFF730
:1076A00075FB402CA8BF40240DF107008DF8074062
:1076B000FBF76BFC30E102A84FF474314FF4006229
:1076C000FFF764FB402CA8BF40240DF107008DF8A4
:1076D0000740FBF767FC1FE102A84FF474314FF439
:1076E0000062FFF753FB402CA8BF40240DF10700B8
:1076F0008DF80740FBF763FC0EE102A84FF47431EC
:107700004FF40062FFF742FB402CA8BF40240DF16C
:1077100007008DF80740FBF75FFCFDE002A84FF47F
:1077200074314FF40062FFF731FB402CA8BF4024B6
:107730000DF107008DF80740FBF75BFCECE002A8B9
:107740004FF474314FF40062FFF720FB402CA8BFC8
:1077500040240DF107008DF80740FBF757FCDBE0F4
:1077600002A84FF474314FF40062FFF70FFB402C76
:10777000A8BF40240DF107008DF80740FBF753FC2C
:10778000CAE002A84FF474314FF40062FFF7FEFA2A
:10779000402CA8BF40240DF107008DF80740FBF7EF
:1077A0004FFCB9E002A84FF474314FF40062FFF7C8
:1077B000EDFA402CA8BF40240DF107008DF80740DA
:1077C000FBF74BFCA8E002A84FF474314FF40062C1
:1077D000FFF7DCFA402CA8BF40240DF107008DF81C
:1077E0000740FBF747FC97E002A84FF474314FF4D1
:1077F0000062FFF7CBFA402CA8BF40240DF1070030
:107800008DF80740FBF743FC86E002A84FF4743183
:107810004FF40062FFF7BAFA402CA8BF40240DF1E4
:1078200007008DF80740FBF73FFC75E002A84FF416
:1078300074314FF40062FFF7A9FA402CA8BF40242E
:107840000DF107008DF80740FBF73BFC64E002A850
:107850004FF474314FF40062FFF798FA402CA8BF40
:1078600040240DF107008DF80740FBF737FC53E08B
:1078700002A84FF474314FF40062FFF787FA402CEE
:10788000A8BF40240DF107008DF80740FBF733FC3B
:1078900042E002A84FF474314FF40062FFF776FA29
:1078A000402CA8BF40240DF107008DF80740FBF7DE
:1078B0002FFC31E002A84FF474314FF40062FFF75F
:1078C00065FA402CA8BF40240DF107008DF8074051
:1078D000FBF72BFC20E002A84FF474314FF4006258
:1078E000FFF754FA402CA8BF40240DF107008DF893
:1078F0000740FBF727FC0FE002A84FF474314FF468
:107900000062FFF743FA402CA8BF40240DF10700A6
:107910008DF80740FBF723FC0DF6080D70BD70B520
:1079200005460C4616460846002109F021FD28466A
:1079300021463246BDE87040FFF728BA10B50A4626
:107940004FF46C310446FFF70DFA00231846E15C52
:107950000133202B0844FAD1B0F5FF5018BF0120A5
:1079600010BDFFFF30B5154BC1B0012205461A709E
:107970004FF46C31FE226846FFF7F4F9104A2B46AB
:1079800005F1200153F8040B42F8040B8B42F9D1A6
:1079900000242B5D0DF804300134202CF9D1684609
:1079A0004FF46C31FE22FFF7BAFF28464FF46C31DA
:1079B0002246FFF7D7F941B030BD00BFA2C7FF1F75
:1079C0009090FF1F10B5044608492022FFF7CAF91E
:1079D0002378FF2B07D16378FF2B04D1A078FF38E1
:1079E00018BF012010BD012010BD00BF20B0030052
:1079F00010B5044608492022FFF7B4F92378FF2B7D
:107A000007D16378FF2B04D1A078FF3818BF01207D
:107A100010BD012010BD00BF40B0030030B5C1B0A3
:107A200005464FF46C316846FE22FFF79BF90024AF
:107A300000AB23442A5D83F840200134202CF7D189
:107A400068464FF46C31FE22FFF769FF28464FF479
:107A50006C312246FFF786F941B030BD10B50446BF
:107A600008492022FFF77EF92378FF2B07D163789E
:107A7000FF2B04D1A078FF3818BF012010BD0120D2
:107A800010BD00BF60B0030010B5084920220446B5
:107A9000FFF768F900231846E15C0133202B084406
:107AA000FAD1B0F5FF5018BF012010BD80B003001F
:107AB00037B501390446172900F23F81DFE811F09C
:107AC0001800250031003D004900550061006D009F
:107AD0007900850091009D00A900B500C100CD008E
:107AE000D900E500F100FD000901150121012D017A
:107AF0000DF10700FBF7F8F89DF807502046382DE8
:107B0000A8BF38254FF46E3112E10DF10700FBF7E5
:107B1000F6F89DF807508A49382DA8BF3825204629
:107B200006E10DF10700FBF7F5F89DF807508549D0
:107B3000382DA8BF38252046FAE00DF10700FBF7E5
:107B4000F4F89DF807508049382DA8BF3825204605
:107B5000EEE00DF10700FBF7F3F89DF807507B49C5
:107B6000382DA8BF38252046E2E00DF10700FBF7CD
:107B7000F2F89DF807507649382DA8BF38252046E1
:107B8000D6E00DF10700FBF7F1F89DF807507149B9
:107B9000382DA8BF38252046CAE00DF10700FBF7B5
:107BA000F0F89DF807506C49382DA8BF38252046BD
:107BB000BEE00DF10700FBF7EFF89DF807506749AD
:107BC000382DA8BF38252046B2E00DF10700FBF79D
:107BD000EEF89DF807506249382DA8BF3825204699
:107BE000A6E00DF10700FBF7EDF89DF807505D49A1
:107BF000382DA8BF382520469AE00DF10700FBF785
:107C0000ECF89DF807505849382DA8BF3825204674
:107C10008EE00DF10700FBF7EBF89DF80750534994
:107C2000382DA8BF3825204682E00DF10700FBF76C
:107C3000EAF89DF807504E49382DA8BF3825204650
:107C400076E00DF10700FBF7E9F89DF80750494988
:107C5000382DA8BF382520466AE00DF10700FBF754
:107C6000E8F89DF807504449382DA8BF382520462C
:107C70005EE00DF10700FBF7E7F89DF807503F497C
:107C8000382DA8BF3825204652E00DF10700FBF73C
:107C9000E6F89DF807503A49382DA8BF3825204608
:107CA00046E00DF10700FBF7E5F89DF80750354970
:107CB000382DA8BF382520463AE00DF10700FBF724
:107CC000E4F89DF807503049382DA8BF38252046E4
:107CD0002EE00DF10700FBF7E3F89DF807502B4964
:107CE000382DA8BF3825204622E00DF10700FBF70C
:107CF000E2F89DF807502649382DA8BF38252046C0
:107D000016E00DF10700FBF7E1F89DF80750214957
:107D1000382DA8BF382520460AE00DF10700FBF7F3
:107D2000E0F89DF807501C49382DA8BF382520469B
:107D30003822FFF717F8284600E0002003B030BDD6
:107D400038B8030070B80300A8B80300E0B8030017
:107D500018B9030050B9030088B90300C0B9030083
:107D6000F8B9030030BA030068BA0300A0BA0300F0
:107D7000D8BA030010BB030048BB030080BB03005C
:107D8000B8BB0300F0BB030028BC030060BC0300C9
:107D900098BC0300D0BC030008BD0300131E10B53F
:107DA00008DD38246343B3F5006F03D8BDE8104005
:107DB000FFF711B810BDFFFF37B501390446172989
:107DC00000F23F81DFE811F01800250031003D008E
:107DD0004900550061006D007900850091009D000B
:107DE000A900B500C100CD00D900E500F100FD00FB
:107DF0000901150121012D010DF10700FAF76CFEB3
:107E00009DF807502046382DA8BF38254FF4703113
:107E100012E10DF10700FAF76AFE9DF807508A4952
:107E2000382DA8BF3825204606E10DF10700FAF7E6
:107E300069FE9DF807508549382DA8BF3825204692
:107E4000FAE00DF10700FAF768FE9DF80750804947
:107E5000382DA8BF38252046EEE00DF10700FAF7CF
:107E600067FE9DF807507B49382DA8BF382520466E
:107E7000E2E00DF10700FAF766FE9DF8075076493B
:107E8000382DA8BF38252046D6E00DF10700FAF7B7
:107E900065FE9DF807507149382DA8BF382520464A
:107EA000CAE00DF10700FAF764FE9DF807506C492F
:107EB000382DA8BF38252046BEE00DF10700FAF79F
:107EC00063FE9DF807506749382DA8BF3825204626
:107ED000B2E00DF10700FAF762FE9DF80750624923
:107EE000382DA8BF38252046A6E00DF10700FAF787
:107EF00061FE9DF807505D49382DA8BF3825204602
:107F00009AE00DF10700FAF760FE9DF80750584916
:107F1000382DA8BF382520468EE00DF10700FAF76E
:107F20005FFE9DF807505349382DA8BF38252046DD
:107F300082E00DF10700FAF75EFE9DF807504E490A
:107F4000382DA8BF3825204676E00DF10700FAF756
:107F50005DFE9DF807504949382DA8BF38252046B9
:107F60006AE00DF10700FAF75CFE9DF807504449FE
:107F7000382DA8BF382520465EE00DF10700FAF73E
:107F80005BFE9DF807503F49382DA8BF3825204695
:107F900052E00DF10700FAF75AFE9DF807503A49F2
:107FA000382DA8BF3825204646E00DF10700FAF726
:107FB00059FE9DF807503549382DA8BF3825204671
:107FC0003AE00DF10700FAF758FE9DF807503049E6
:107FD000382DA8BF382520462EE00DF10700FAF70E
:107FE00057FE9DF807502B49382DA8BF382520464D
:107FF00022E00DF10700FAF756FE9DF807502649DA
:10800000382DA8BF3825204616E00DF10700FAF7F5
:1080100055FE9DF807502149382DA8BF3825204628
:108020000AE00DF10700FAF754FE9DF807501C49CD
:10803000382DA8BF382520463822FEF793FE284663
:1080400000E0002003B030BD38C0030070C0030062
:10805000A8C00300E0C0030018C1030050C1030022
:1080600088C10300C0C10300F8C1030030C203008F
:1080700068C20300A0C20300D8C2030010C30300FB
:1080800048C3030080C30300B8C30300F0C3030068
:1080900028C4030060C4030098C40300D0C40300D4
:1080A00008C50300131E10B508DD38246343B3F57B
:1080B000006F03D8BDE81040FFF761B810BD0B0694
:1080C00007D4090101F5713101F57C711022FEF729
:1080D00049BE704709B1FFF726BA704737B5013975
:1080E0000446172900F24081DFE811F0180025004E
:1080F00031003D004900550061006D0079008500A8
:1081000091009D00A900B500C100CD00D900E60096
:10811000F200FE000A01160122012E010DF10700F6
:10812000FAF7EAFE9DF807502046402DA8BF4025EB
:108130004FF4743113E10DF10700FAF7EAFE9DF8F0
:1081400007508B49402DA8BF4025204607E10DF17F
:108150000700FAF7EBFE9DF807508649402DA8BFAF
:1081600040252046FBE00DF10700FAF7ECFE9DF8F4
:1081700007508149402DA8BF40252046EFE00DF172
:108180000700FAF7EDFE9DF807507C49402DA8BF87
:1081900040252046E3E00DF10700FAF7EEFE9DF8DA
:1081A00007507749402DA8BF40252046D7E00DF164
:1081B0000700FAF7EFFE9DF807507249402DA8BF5F
:1081C00040252046CBE00DF10700FAF7F0FE9DF8C0
:1081D00007506D49402DA8BF40252046BFE00DF156
:1081E0000700FAF7F1FE9DF807506849402DA8BF37
:1081F00040252046B3E00DF10700FAF7F2FE9DF8A6
:1082000007506349402DA8BF40252046A7E00DF147
:108210000700FAF7F3FE9DF807505E49402DA8BF0E
:10822000402520469BE00DF10700FAF7F4FE9DF88B
:1082300007505949402DA8BF402520468FE00DF139
:108240000700FAF7F5FE9DF807505449402DA8BFE6
:108250004025204683E00DF10700FAF7F6FE9DF871
:1082600007504F49402DA8BF4025204677E00DF12B
:108270000700FAF7F7FE9DF807504A49402DA8BFBE
:10828000402520466BE00DF10700FAF7F8FE9DF857
:1082900007504549402DA8BF402520465FE00DF11D
:1082A0000700FAF7F9FE9DF807502046402DA8BFB9
:1082B00040254FF4753152E00DF10700FAF7F9FE51
:1082C0009DF807503949402DA8BF4025204646E07B
:1082D0000DF10700FAF7FAFE9DF807503449402DDA
:1082E000A8BF402520463AE00DF10700FAF7FBFE53
:1082F0009DF807502F49402DA8BF402520462EE06D
:108300000DF10700FAF7FCFE9DF807502A49402DB1
:10831000A8BF4025204622E00DF10700FAF7FDFE38
:108320009DF807502549402DA8BF4025204616E05E
:108330000DF10700FAF7FEFE9DF807502049402D89
:10834000A8BF402520460AE00DF10700FAF7FFFE1E
:108350009DF807501B49402DA8BF402520464022CC
:10836000FEF700FD284600E0002003B030BD00BF4E
:1083700040D0030080D00300C0D0030000D1030030
:1083800040D1030080D10300C0D1030000D203001C
:1083900040D2030080D20300C0D2030000D3030008
:1083A00040D3030080D30300C0D3030040D40300B4
:1083B00080D40300C0D4030000D5030040D50300DF
:1083C00080D50300C0D50300131E05DD9B01B3F566
:1083D000006F01D8FFF7D0B8704710B50446FFF71B
:1083E0007DFE04F1260000211A22BDE810401AF09B
:1083F00085BDF0B501389DF81460584300249C42B7
:1084000007DA0D180EB1002700E0175D2F55013473
:10841000F5E7F0BD034B1B78022B02D002480CF0AD
:10842000CCB97047B4D5FF1FB0ACFF1F07B502A889
:10843000FF2300F8023DFAF73BF99DF8060000F033
:10844000FC03802B02D100F003000FE002A8002300
:1084500000F8013DFAF705F99DF80700FF281DBF58
:1084600000F0020040F00100C0B2012003B05DF84E
:1084700004FB13B502A8012400F8014DFAF70BF92B
:108480009DF80730022B88BF8DF807409DF8070044
:1084900002B010BD802813B5044602D1FFF7E9FFF2
:1084A00021E0C82C02A84FF0000394BF002401244F
:1084B00000F8023D14B1FAF7D4F801E0FAF7DEF85B
:1084C0009DF8060000F0030044B1022808D102A87C
:1084D000FF2300F8013DFAF7EBF803E0022801D092
:1084E000032800D1002002B010BDFFFF08B5074BE4
:1084F000AA28187002D1064BF6221A7005480649C0
:10850000F9F704FB054B01221A7008BD26C7FF1FAF
:10851000E5ACFF1F8490FF1FB8D5FF1FA1C7FF1F49
:1085200008B508480849F9F7C0FA0748F9F742FBC7
:10853000064B1B78AA2B064B1CBF00221A70002288
:108540005A7008BD8490FF1F2CC7FF1F26C7FF1F4E
:10855000E5ACFF1FF8B5604B1C6805460E46F4B944
:10856000B44280F2AE80321B3F2A05EB040109DDE4
:108570005A4B01F1400251F8040B43F8040B9142AD
:10858000F9D102E0554817F0E1FD05275348642171
:1085900019F046FD08B9013FF8D14034E0E7504BEF
:1085A0001B78022B05D0012C03D1BDE8F84013F055
:1085B00093BB032C40F085804A4C2B682360AB882A
:1085C000A380AB79A371C023E3712B46284653F8EF
:1085D000071FA1609988A1819B79A373C123E373CD
:1085E0002B4653F80E1F21619988A1829B79A375B0
:1085F000C223E3752B4653F8151FA1619988A18307
:108600009B79A377C323E3772B4653F81C1F216282
:108610009988A1849B7984F82630C42384F8273074
:108620002B4653F8231FA1629988A1859B7984F872
:108630002E30C52384F82F302B4653F82A1F216390
:108640009988A1869B7984F83630C62384F8373020
:108650002B4653F8311FA1639988A1879B7984F831
:108660003E30C72384F83F302B4653F8381F21642F
:108670009988A4F844109B7984F84630C82384F87C
:10868000473095F83F3084F848304021C92384F8BA
:108690004F300DF01BFDC04387B200210922124864
:1086A0001AF02CFC2846002140221AF027FC84F8FE
:1086B00049704B233F1284F84A7084F84C30FFF71E
:1086C0002FFF0020FEF702FB284632460021BDE8BE
:1086D000F8401AF013BC00BF28C7FF1FEAACFF1F09
:1086E000B4D5FF1F35D6FF1FA3C7FF1F70B5524B70
:1086F0001B78022B86B0054601D100209AE068461F
:10870000002117221AF0FAFB19240DF1020021466C
:10871000FFF7D5FC7C23012D8DF800408DF801304A
:108720001DD10DF105000DF1020110221AF0CBFB55
:1087300052238DF8003053238DF8013041238DF8FA
:10874000023004F118038DF8033020238DF8043033
:10875000684600238DF81530FEF7C4FA17E0022DA5
:1087600009D10022684615211346FFF7F3FE1420B5
:1087700019F0C0F80BE0032D09D10DF105002F49C8
:1087800010221AF091FB10B9183CE0B252E001340B
:10879000E4B21D2CB9D1E6B20DF102003146FFF76B
:1087A0008EFC7C23032D8DF800608DF8013009D1FB
:1087B0000DF10200214910221AF076FBB0BB183EE1
:1087C000F0B237E0012D26D10DF106000DF10201C6
:1087D00010221AF078FB45238DF80030252C4FF03D
:1087E00043038DF801308DF8023004DC30238DF81E
:1087F0000330143603E031238DF803300A3620238A
:108800008DF80530684600238DF804608DF8163029
:10881000FEF768FA0AE0022D08D100226846162108
:108820001346FFF797FE142019F064F801342D2C3D
:10883000B1D162E706B070BDB4D5FF1F5EC7FF1FA0
:108840002DE9F04389B01B220646002101A81AF049
:1088500055FB474B1B78002B464B1A7814BF4FF043
:108860000C084FF00008092A994614BF0C27182756
:108870000124E5B205EB08010DF10600C9B2FFF7CE
:108880001EFC092CC6BFAB1D8DF804308DF80450BA
:108890007C23012E8DF8053056D199F80030092B34
:1088A00033D1012C03D13448FEF71CFA31E0072CF8
:1088B00003D13248FEF716FA13E00D2C03D13048ED
:1088C000FEF710FA15E0132C03D12E48FEF70AFA32
:1088D00019E0032C1DDD062CD8BF2D351EDD092C1B
:1088E00001DC2A3516E00C2CD8BF273516DD0F2CFD
:1088F00001DC24350EE0122CD8BF21350EDD152CFD
:10890000C8BF1B350ADC1E3504E0062CC8BF2A355B
:1089100004DC30358DF80450612302E08DF80450FA
:1089200062230DF107000DF1060110228DF80530CC
:108930001AF0C9FA20238DF8063001A800238DF81B
:108940001730FEF7CFF908E0002201A812211346E4
:10895000FFF700FE142018F0CDFF0134BC4288DD83
:10896000012E02D10848FEF7BDF909B0BDE8F08339
:10897000B4D5FF1FB78CFF1F454102004B410200D9
:1089800050410200574102005E41020010B5002133
:10899000044640220A481AF0B1FA0021635C43B150
:1089A000402906D0FF2B064A08BF0023535401314B
:1089B000F4E7002202481346BDE81040FFF7CABDA5
:1089C000EAACFF1F13B50DF10700F9F723FEFEF720
:1089D000B1F99DF80730012B02D8FEF7B6F911E086
:1089E000FEF7B3F9022420460021013418F0A2FA60
:1089F000432CF8D10120014618F09CFA00200121F7
:108A000018F098FA084B094800221A70084B012206
:108A10001A70FFF7BBFF642018F06CFF054A064B85
:108A20001A6002B010BD00BFA2C7FF1FB041020014
:108A3000FDC7FF1F0400FA050CED00E00148F9F73F
:108A4000B9B800BF40ADFF1F01480249F9F72DB882
:108A50008490FF1F40ADFF1FC043C2B2542A07D805
:108A6000A2EB8200013802EB4202C0B200210AE010
:108A7000A92A0AD8553AD2B202EB4201A2EB8202ED
:108A8000013A0020C9B2D2B209E05632D2B202EBAA
:108A90004200A2EB8202511EC0B2C9B200220BF00A
:108AA000D9BD38B50A250024242019F099F80444CA
:108AB000012018F01FFF013DF6D10A2394FBF3F4C7
:108AC000A4F5724441F28630313C84428CBF0020D0
:108AD000012038BD08B50C480BF0F9FC0B4B1B7896
:108AE000092B0B4B1B780CBF0B2116211BB15943D3
:108AF0000548C9B201E00448C9000BF0B0FD0248C6
:108B0000BDE808400BF0F0BC44C8FF1FB78CFF1F46
:108B1000A2D5FF1F10B5044670B9014602460BF0FE
:108B200099FD214602461D480BF078FD204621465E
:108B300022460BF08FFD11E0552815D1184C206806
:108B40005530C0B2FFF788FF0021024613480BF0F2
:108B500065FD20685530C0B2FFF77EFF0246012157
:108B60000E480BF05BFD10E0FFF776FF0021024698
:108B70000A480BF053FD2046FFF76EFF0121024625
:108B800006480BF04BFD074B1C7004480BF0ACFC87
:108B90000120BDE8104018F0ADBE00BF44C8FF1F63
:108BA00030C8FF1F26C7FF1F38B505460024AC425A
:108BB0000EDA084B1878FFF7ADFF642018F09AFE24
:108BC0000020FFF7A7FF642018F094FE0134EEE7C1
:108BD00038BD00BF26C7FF1FF7B58779467900214A
:108BE000402205461AF08AF90A2F34460CD15EB9A4
:108BF000E81DFAF7C0FA05F11700FAF7F6FA05F1E1
:108C00001D00FAF7FDFA62E0731E172B5FD8324B96
:108C10001B781BB10C2ED8BF06F10C040735E6B249
:108C200031462846FFF756FA2C48FFF7AFFE22469A
:108C300000212846FFF7B2F82948FFF7A7FE214692
:108C40002846FAF7F7FD2748FFF7A0FE21462846F9
:108C5000FAF77CFE2448FFF799FE224600212846B9
:108C6000FFF720FA2148FFF791FE21462846FAF740
:108C7000F9FE1F48FFF78AFE224600212846FAF730
:108C800021FC1C48FFF782FE21462846FAF78EFF9A
:108C90001948FFF77BFE21462846FBF743F81748A3
:108CA000FFF774FE002122462846FFF78DFB14488B
:108CB000FFF76CFE002301A821468DF804308DF8E3
:108CC0000530FBF72FF801A83146FAF76FFA0120BB
:108CD000FFF76AFF03B0F0BDB4D5FF1FD14102001A
:108CE000EA410200014202002A420200454202001B
:108CF000614202007C42020098420200B34202003C
:108D0000CF42020010B504460A48F8F753FFFFF7B8
:108D100007FC64B908480949F8F7C7FE064808493E
:108D2000F8F7C3FE5520BDE81040FFF7F3BE054B32
:108D30001C7010BD0CC8FF1F8490FF1FB8D5FF1F0B
:108D400014D6FF1F26C7FF1F38B5574C574B227844
:108D50001D78083AD2B2012D227012D1002110469E
:108D60000A460BF077FC0021024651480BF056FCF6
:108D700000210A4620780BF06DFC294602464C483B
:108D800014E02B2D15D85008014600220BF062FC90
:108D90000021024646480BF041FC2078400801467D
:108DA00000220BF057FC0246414801210BF036FC33
:108DB00049E0552D0DD80020114602460BF04AFC23
:108DC000002102463A480BF029FC00202178024697
:108DD000E7E7802D0ED851080A4600200BF03AFC38
:108DE0000021024632480BF019FC21784908002086
:108DF0000A46D6E7AA2D0CD8002001460BF02AFC23
:108E0000002102462A480BF009FC00200146227886
:108E1000C7E7D52D17D85008002102460BF01AFCE1
:108E20000021024622480BF0F9FB2078400800217F
:108E300002460BF00FFC012102461D480BF0EEFB31
:108E40001B480BF051FB257865BB1A481A491B4C8F
:108E5000F8F72BFE17481A49F8F758FEE37903F1A3
:108E60005F02D2B20E2A1DD8A12B19D10120FFF723
:108E700049FF5022134829461AF040F8124AE5717A
:108E80001278A2710223114A6370A3700323E37066
:108E90002371637113700E4B25721D705D7038BDA8
:108EA000013BE37138BD00BF58C8FF1F26C7FF1F35
:108EB00044C8FF1F8490FF1F14D6FF1FAE8CFF1FF6
:108EC000B8D5FF1F35D6FF1FAD8CFF1FAC8CFF1F21
:108ED000E5ACFF1F10B5334B3348002421464FF457
:108EE00000721C601AF00AF8214620222F481AF05E
:108EF00005F813F04FFA014620B92D4841F6B91292
:108F000019F0FCFF2B4B002118684FF4546219F044
:108F1000F5FF00215022284819F0F0FF002105221A
:108F2000264819F0EBFF264B2648DA790021BF2AA4
:108F3000C17111D902225A709A700322DA705A71E3
:108F4000214A224C127824789A71092219701C71D6
:108F5000D971197219F0D2FF1D4A1E4C00231360FB
:108F60001D4A237013601D4A13701D4A13701D4A59
:108F700013701D4A13701D4A13701D4A13701D4A49
:108F800013701D4A13701D4A1370FBF767FA1C4BD0
:108F90001B780BB9237823B10120BDE81040FFF7FF
:108FA000B1BE10BD9CC7FF1FACA2FF1F6CA2FF1F6C
:108FB0006CADFF1FA88CFF1F35D6FF1FE5ACFF1F50
:108FC000AE8CFF1FA3C7FF1FAD8CFF1FAC8CFF1F14
:108FD00004C8FF1F50C7FF1F68ADFF1FAED5FF1F9E
:108FE0000CD6FF1F0DD6FF1F0ED6FF1F00C8FF1F98
:108FF000FCC7FF1F51C7FF1F60C8FF1F25C7FF1F0A
:10900000A1C7FF1F10B5094A1378232B144601D0BE
:10901000F62B04D1FFF712FDF723237004E0044B75
:109020001B780BB9FFF756FF002010BD25C7FF1FA7
:10903000AFD5FF1F2DE9F0470E46A4B082463A494E
:109040003A483B4F91469846F8F72FFD3748394943
:10905000F8F72BFD384B87F800A001251D70374B22
:109060007E7000241C70364B1C70364C2570FFF748
:10907000E5FC3046FFF70EFA334B0228187004D196
:1090800004232370314B1D7046E0012801D10323D6
:1090900041E008A8F8F708FC424608A84946F8F756
:1090A0002DFC08A86946F8F74AFC294B294E1B7885
:1090B0009DF80000284D9DF80F10284C9DF81F20AA
:1090C000092B16D10323B0FBF3F707EB4707C01BAF
:1090D00031303070B1FBF3F0B2FBF3F300EB400042
:1090E00003EB4303091AD21A31313132297022704D
:1090F00012E00623B0FBF3F703FB170031303070AA
:10910000B1FBF3F003FB101131312970B2FBF3F125
:1091100003FB11233133237068460021202219F00C
:10912000EDFE24B0BDE8F0872CC7FF1F8490FF1F21
:10913000E5ACFF1F0CC8FF1FA1C7FF1F00C8FF1F22
:10914000FCC7FF1F50C7FF1F51C7FF1F60C8FF1F8D
:10915000B78CFF1F0CD6FF1F0DD6FF1F0ED6FF1FAB
:10916000262018F03DBDFFFF2DE9F04F85B0FFF739
:10917000F7FF04A9022241F80C0D01235448554C75
:10918000554E564F564D0AF017FE564B187818F0AC
:1091900027FD04A90222134641F8080D4C480AF0A5
:1091A0000BFE514B187817F033FE504A504B127893
:1091B0001860092A9A4605D1207817F029FE3060F8
:1091C000387804E0387817F023FE3060207817F004
:1091D0001FFE3268DAF80030286003241344B3FB22
:1091E000F4F202EB4202981A029B424FDFF82CB1D4
:1091F000DFF82C81DFF82C91B3FBF4F202EB420292
:109200009B1A184418F076FB3B6801333B603A4BDD
:10921000187817F0FDFD394BCBF80000187817F0DF
:10922000F7FD374BC8F80000187817F0F1FD354B03
:10923000C9F80000187818F0D3FC04A9022241F8FC
:10924000040D134622480AF0B7FD039BD9F800200D
:10925000DBF800002C491A442B681A44D8F8003077
:109260001A44029B1344326803441344DAF8002082
:10927000174813440B60224604230AF09DFD14484E
:109280000AF078FD2A68D9F800301344D8F8002095
:109290001344B3FBF4F202EB4202981A039BB3FBB4
:1092A000F4F404EB44041C1B204418F023FB174A7D
:1092B0001368013313603A689A4205D0144B0022B8
:1092C0001A70144B144A1A6005B0BDE8F08F00BF45
:1092D00088D6FF1FADD5FF1F30D6FF1F2DD6FF1F2D
:1092E000B0C7FF1FA1D5FF1F2CD6FF1FB78CFF1FD4
:1092F000F4C7FF1F8890FF1FFEC7FF1F34D6FF1F54
:1093000085D6FF1FE4ACFF1F5CC8FF1F8C90FF1FBA
:10931000FDC7FF1F0CED00E00400FA0534ADFF1F90
:10932000ACC7FF1FB4C7FF1F2DE9F04F85B004463F
:10933000FFF71AFF754B1B78092B25D0744B186863
:10934000744B1B681844744B1B68184419F04EF892
:10935000724B05461868724B1B681844714B1B68AA
:10936000184419F043F80146284619F04BF96E49A4
:10937000054619F04FFA08B90124C2E028466B49A6
:1093800019F02AFA0028F7D0C72C40F2B980C82C6F
:10939000604B674A15D119681160614908686549D1
:1093A00008605E490868644908605949086863496B
:1093B000086059490868624908605A490868614963
:1093C00008601668D3F800A006EB56035345D3D3C4
:1093D0005848534B0568D3F8009005EB55034B45AF
:1093E000CAD34E4B54491B6802930868029A00EB9B
:1093F00050039342C0D3514B1968454B1B680193EE
:10940000019A01EB51039342B6D34D4B1A68424B7C
:10941000D3F8008002EB52034345ADD3494FDFF848
:1094200004C13B68DCF800C003EB530BE345A3D356
:10943000B2443F4E4FEA5A0AC6F800A04D443D4E92
:109440006D083560029D3C4E2844400830606344FE
:1094500001983A4D3A4E5B08014442443B6040F269
:109460002B13490852089C422960326048D1364A81
:10947000264D136803F00F03052B16463FD0FFF768
:1094800010FB0446E0B9FFF70CFB10B12F4B304A3C
:109490001A60FFF706FB10B12C4B2D4A1A60FFF73C
:1094A00000FB10B1294B2A4A1A60FFF7FAFA10B1F3
:1094B000264B274A1A60336803F00F032B7020E015
:1094C0002B78092B02D1214B214A1A60FFF7E9FAC8
:1094D00010B91E4B1E4A1A60FFF7E3FA10B91B4B76
:1094E0001B4A1A60FFF7DDFA10B9184B184A1A60C8
:1094F000FFF7D7FA10B9154B154A1A6005232B70E0
:109500000024204605B0BDE8F08F00BFB78CFF1FD8
:10951000ACC7FF1FF4C7FF1FB0C7FF1F34ADFF1F4D
:1095200030D6FF1FB4C7FF1F9A99193FCDCCCC3F4F
:10953000A4D5FF1FF8C7FF1FE4C7FF1F08C8FF1F00
:10954000E0C7FF1FA8D5FF1F248004400CED00E0FA
:109550000400FA0538B50024E5B22846FFF77CFA86
:10956000002102460C480BF059F82846FFF774FA20
:109570000121024608480BF051F807480AF0B4FFF1
:109580002046FFF7D1FE002818BF14240134A4B2EE
:10959000B4F5967FE0D338BD44C8FF1F2DE9F041F4
:1095A000FFF7E2FD9B4803780BB90C2303709A4F39
:1095B0009A4C39789A4D092962D09A4B1A689A4B7D
:1095C0001E681423B2FBF3FC9444B44546D2DFF882
:1095D00064C2DCF800C0BCFBF3F8C444DFF8588276
:1095E000D8F80080C44539D2DFF854C2DCF800C096
:1095F000BCFBF3F8C444DFF84C82D8F80080C445C3
:109600002CD2DFF84CC2DCF800C0BCFBF3F8C44439
:10961000DFF84082D8F80080C4451FD2DFF838C296
:10962000DCF800C0BCFBF3F8C444DFF83082D8F8A3
:109630000080C44512D2DFF828C2DCF800C0BCFBB1
:10964000F3F39C44794B1B689C4507D200262660A7
:109650002E60FFF77FFF3046BDE8F081322390F89F
:1096600000C0B2FBF3F30CFB0322964208D9704A08
:10967000002313602B60236801332360352262E0EE
:109680006C4B027818683223B0FBF3F602FB06003D
:10969000694E36688642664E22D9002030602668C0
:1096A000286001362660654E0929336040F08D80C0
:1096B00063490968B1FBF3F302FB0312614B1B68BA
:1096C0009342614B04D9614A11680131116005E090
:1096D0001A680132022A1A6077DD5C4B186074E068
:1096E00057480068B0FBF3FC02FB0C00DFF854C1E4
:1096F000DCF800C0844513D92268013222604F4A49
:1097000000233120092933602B6010605DD14E4960
:109710000A680132022A0A6057DD4C4A136054E09D
:10972000092937D04A490968B1FBF3F002FB00115F
:1097300048480068884209D9002333602B602368B9
:109740000133236033223D4B1A603EE042490968F1
:10975000B1FBF3F002FB001140480068884207D9D2
:10976000002333602B602368013323603422EAE74F
:109770003B490968B1FBF3F302FB03122B4B1B6857
:10978000934207D9002333602B60236801332360A1
:109790003622D8E7D4F80080404618F02BFE4FF070
:1097A0007C5119F037F808B1C5F8008033680133EF
:1097B00033602C4B187830B12B4B1B782BB92B4BCB
:1097C0001B6813B15520FFF7A5F9284B1B6833B967
:1097D000174B1B68022B02DD5520FFF79BF9286809
:1097E000002814DD124B1B68022B10DD3B78174A52
:1097F000092B04D1136813B1104B332119600023D6
:109800001360114A236013602B60BDE8F0810020D3
:10981000BDE8F081FFC7FF1FB78CFF1F3CADFF1FE6
:1098200040C8FF1FA4D5FF1FF4C7FF1FB4C7FF1F09
:1098300064ADFF1FF8C7FF1F30D6FF1F30ADFF1FFD
:10984000E4C7FF1F34ADFF1F38ADFF1FB0D5FF1FAA
:1098500008C8FF1FACC7FF1FE0C7FF1FB0C7FF1F2F
:10986000A8D5FF1FFDC7FF1FA1C7FF1F28D6FF1FD9
:1098700070B506460D46094C094821680AF0EEF914
:1098800010B9FFF771FCF6E7054831462A460AF0A1
:1098900015FA20232360012070BD00BFA08CFF1F9C
:1098A00088D6FF1F10B507210446FFF7E1FF00230C
:1098B000E15C0622B1FBF2F002FB10123132E254FD
:1098C0000133072BF4D10023E37110BD10B51B2128
:1098D0000446FFF7CDFF0023E25C2421B2FBF1F048
:1098E00001FB1022D2B202F16101C9B27A298ABF0A
:1098F0001632E154E25401331B2BEDD10023E37601
:1099000010BDFFFF30B5E7B004460AA8F7F7CCFF5B
:1099100002A8F8F79CFF0AA802A92022F7F7EEFF99
:109920000AA827491022F7F7E9FF0AA821462022B2
:10993000F7F7E4FF0AA823492022F7F7DFFF0AA878
:1099400026A9F7F7FCFF20462021FEF73BF818B9BF
:109950001D482021FFF78CFF1B4B224603F12001FD
:1099600053F8040B42F8040B8B42F9D1174B1B78C8
:10997000022B07D0012300932046114926AA202359
:10998000FDF750F826A84FF46C31FE22FDF7EAF9F6
:10999000002526AB2B44625D83F880200135202D05
:1099A000F7D126A84FF46C31FE22FDF7B8FF204610
:1099B0004FF46C312A46FDF7D5F967B030BD00BFD2
:1099C0006090FF1F9090FF1F1091FF1FB4D5FF1FE5
:1099D00010B5402104460CF079FB94F84120C3B245
:1099E0009A4207D194F84230C0F307201B1A58421C
:1099F000584110BD002010BD30B5044D2D78022D0A
:109A000003D0BDE83040FCF70FBF30BDB4D5FF1F19
:109A10002DE9F041457990F806808EB00446034662
:109A20000026D9791A7A0A44597A0A44997ACA429C
:109A300004D00136362E03F10103F2D12378A34F6F
:109A4000BA2B06D10C2D04DD0DF10F00F8F757FEEF
:109A500002E03B788DF80F303B782BB10C2D03DC06
:109A60002278BA2A18BF0C3508F1FF321E2A00F2FC
:109A7000B683DFE812F01F009800AC00C700D400E6
:109A8000F7001E014B016801FC01900298028F0350
:109A9000A10325003B00550062007D00CB02E302DC
:109AA000F6024403510378032C0338036303910146
:109AB00007031603E01DE9B2FEF70CFB844812E031
:109AC0009DF80F30022B04F1070706D000963846A8
:109AD000E9B20F227F4BFFF78FFF384631462A4607
:109AE000FEF75CF97C48FEF751FF72E3E3792F2B18
:109AF00084BF303BE37129460DF10E00F9F752FEA9
:109B0000E2799DF80E30204602F0030223F00303B1
:109B1000134300F8073F2946F9F78CFE6F48E2E748
:109B2000E379302B88BF303B04F1070088BFE37135
:109B30002946F9F70BFF6A48D5E7E3792F2B84BF55
:109B4000303BE37129460DF10E00F9F72BFEE37966
:109B50009DF80E209B00204622F0040203F004032F
:109B6000134300F8073F2946F9F764FE5D48BAE75A
:109B7000E3792F2B84BF303BE37129460DF10E00B2
:109B8000F9F710FEE3799DF80E20DB00204622F065
:109B9000080203F00803134300F8073F2946F9F7CA
:109BA00049FE51489FE79DF80F30022B04F107074B
:109BB00006D000963846E9B20222464BFFF71CFF5A
:109BC000384631462A46FEF76DFA48488BE7E37976
:109BD0002F2B84BF303BE37129460DF10E00F9F7BE
:109BE000E1FDE3799DF80E201B01204622F03002B2
:109BF00003F03003134300F8073F2946F9F71AFE34
:109C00003B4870E7E379302B88BF303B04F1070015
:109C100088BFE3712946F9F725FF364863E79DF8C9
:109C20000F30022B17D0344B1F78012F0CD10DF1C0
:109C30000E002946FAF716F89DF80E3023B12F488A
:109C4000FEF7A4FE3846C8E20096E01DE9B2052200
:109C5000204BFFF7D1FEE01D31462A46F9F732FCD2
:109C6000274840E7E3792F2B84BF303BE3710DF1A8
:109C70000E002946F9F796FDE379022B01D1402326
:109C800006E0012B01D1802302E0032B01D1C02388
:109C9000E371E2799DF80E30204622F03F0203F096
:109CA0003F03134300F8073F2946F9F7C3FD154862
:109CB00019E7E379302B88BF303B04F1070088BFF8
:109CC000E3712946F9F772FF0F480CE7B4D5FF1F7F
:109CD000EA4202001091FF1F0143020016430200F6
:109CE0004A4302006243020098430200C943020053
:109CF000E343020018440200E8C7FF1F304402009B
:109D00006C44020086440200AB440200AE4B1B7858
:109D1000012B12D1AD4E29463068F9F775FA0021B2
:109D20008DF80E004022306819F0E8F89DF80E30EA
:109D30001BB1A748FEF72AFE4EE2E01D2946F9F7BF
:109D4000F1FFA448CFE6A04B1B78012B0FD19F4F0A
:109D500029463868F9F758FA00218DF80E0040229C
:109D6000386819F0CBF89DF80E30002BE1D1E71DD3
:109D70003846E9B2984B00960922FFF73DFE384677
:109D800031462A46FEF720FB0EA8672300F82A3D3D
:109D90002946F9F7C7FF68E08B4B1B78012B0FD1E1
:109DA0008A4E29463068F9F72FFA00218DF80E0007
:109DB0004022306819F0A2F89DF80E30002BB8D17F
:109DC00029460DF10E00F9F74DFFE61D152300930E
:109DD0001D22814B3046E9B2FFF70EFE04AA33463E
:109DE00004F1170E174618685968164603C608335B
:109DF00073453246F7D1186830601B7933712046BD
:109E00002946FEF76BF93A4604F12B0308AF1646D4
:109E100003CEBE4218605960324603F10803F6D102
:109E20003068186032791A719DF80E30322B01D0EB
:109E3000592B08D132230DF10E0029468DF80E3032
:109E4000F9F770FF0CE048230DF10E0029468DF85C
:109E50000E30F9F767FF204600212B2219F04EF84B
:109E6000204600212A46FEF7AFFA5C483BE69DF803
:109E70000F30022B00F0AD81A5B9E61D1C23294649
:109E80000A2200933046544BFFF7B6FD3046F9F7EF
:109E9000B7F904F10D00F9F7A8F904F11300F9F787
:109EA0006AF96FE06B1E172B6CD8474B1E78012E9A
:109EB00013D1464F29463868F9F7A6F900218DF8E5
:109EC0000E004022386819F019F89DF80E3023B1C1
:109ED0003F48FEF75BFD30467FE129460DF10E005D
:109EE000F9F7C0FEE61D262300930A223A4B3046BE
:109EF000E9B2FFF781FD04AA334604F1270E1746A5
:109F000018685968164603C6083373453246F7D1B8
:109F1000186830609B88B38020462946FEF7DEF83B
:109F20003A4623460CAF164603CEBE42186059602F
:109F3000324603F10803F6D130681860B2889A807F
:109F40009DF80E30322B01D0482B08D132230DF171
:109F50000E0029468DF80E30F9F7E4FE0DE0592386
:109F60000DF10E0029468DF80E30F9F7DBFE04F1F5
:109F70002B000021152218F0C1FF204600212A469F
:109F8000FEF722FA0EA8002320F8283DE9B2F9F7DF
:109F90000DF91348A7E5E01DF8F737FB114BE279FF
:109FA0001A7011489FE5E279022A25D10F4A1278EA
:109FB00022B90F4A12680AB1022B1DD1E01DF8F731
:109FC00031FB0C488FE500BFE8C7FF1FB88CFF1FAF
:109FD000C3440200044502001091FF1F1E45020009
:109FE00037450200BC8CFF1F6B450200AFD5FF1F39
:109FF00028D6FF1F894502007A4B1B6823B9E01D54
:10A00000F8F710FB78486EE578486CE5E379012BAA
:10A010000AD1774B1B7813B9724B1B6823B9E01D2B
:10A02000F8F71AFB73485EE56E4B1B6823B9E01D19
:10A03000F8F712FB704856E5704854E56C4B1B78F6
:10A0400013B9684B1B6893B9E379022B01D96C48AB
:10A0500049E501D16B4846E5E01DF8F70AFB6A487F
:10A0600041E5634B1B7823B95E4B1B680BB1674816
:10A0700039E5E379022BEAD8ECD0E01DF8F706FBCE
:10A08000634830E55A4B1B781BB9564B1B68002BB5
:10A09000EDD1E379022BDAD8E01DF8F704FB5D4837
:10A0A00021E5534B1B781BB94E4B1B68002BDED1AF
:10A0B000E37913F0FC0F01D0574814E50EA863F0C4
:10A0C0007F0300F8283DF8F7FBFA54480BE5484BAE
:10A0D0001B781BB9434B1B68002BC8D1E01DF8F758
:10A0E000FCFA4F48FFE4424B1B781BB93D4B1B6801
:10A0F000002BBCD1E01DF8F7FDFA4A48F3E49DF8C7
:10A100000F30022B6BD0374B1B681BB9E01DF8F7E3
:10A11000FEFA5EE04448E6E4E01DF8F75FFBE37911
:10A12000424A4348137003EB830103EB4103590098
:10A1300001F0FE010AF093FA3E48D4E42C4B1B7860
:10A140001BB9284B1B68002B91D1E379023B622B92
:10A1500007D8E01DF8F74FFB374BE2791A70374804
:10A16000C1E43748BFE404A8F8F74AFB3978E3793B
:10A170009DF8102021B102F00F0202EB031302E060
:10A1800022F00F02134404A88DF81030F8F740FBBA
:10A190002C48A8E4E3790A2B0CD82046C3F10B0322
:10A1A00000F8073F2946F8F7DAFA237A13B9264B65
:10A1B000E2791A70254896E42046254B10F8072FBF
:10A1C0001A70F8F7FEFA17F061FF2248FEF7DEFB7F
:10A1D00005E02378BA2B02D00120FEF7E5FC0EB093
:10A1E000BDE8F08128D6FF1FB1450200DF4502001F
:10A1F000AFD5FF1F024602002D460200674602004F
:10A2000090460200AE460200D0460200FC46020024
:10A210001547020040470200704702008E470200C7
:10A22000AF470200D4470200F3470200A2D5FF1F48
:10A2300044C8FF1F28480200FFC7FF1F484802000C
:10A240006B4802008F480200A48CFF1FAC4802003C
:10A25000E6FFFF1FC74802002DE9F041404B1B7885
:10A26000022BADF6080D04460E46174674D0417910
:10A27000A1F165021F2A09D801F0FB02802A07D14B
:10A28000384A127822B9384A12680AB137484DE084
:10A29000A01DF9F71FFE237AE5791D44637A1D445A
:10A2A000A37A1D44E37A1D44237B1D44637B1D4434
:10A2B000A37B1D44B5F5FF6F13D020236179A279EC
:10A2C0000093E01D2A4BFFF797FB02A84FF478316B
:10A2D0004FF40062FCF746FD6079653840010023C9
:10A2E0000CE094F8068008F00F082046A8F1050855
:10A2F000FAF7CEFEB8F1010FDFD82DE0E218D179E0
:10A3000002AA0244D1540133202BF7D100214FF48B
:10A31000783007F02DF802A84FF478314FF400623E
:10A32000FCF734FD6379832B03D11248FEF72EFB33
:10A3300012E055B10C4B1B683BB137B90E48FEF724
:10A3400025FB2378BA2B04D106E02EB10B48FEF78B
:10A350001DFB0220FEF728FC0DF6080DBDE8F0817C
:10A36000B4D5FF1FAFD5FF1F28D6FF1FE848020056
:10A370001091FF1FFF480200224902003B490200E2
:10A38000F0B57E4B1B78022BADF60C0D044600F0A9
:10A39000F280D1B102A84FF47A314FF40062FCF799
:10A3A000E1FC01236079009302A922464FF4007377
:10A3B000FEF71FF802A84FF47A314FF40062FCF761
:10A3C000E5FC6F48FEF7E2FAD2E04379013B032B4C
:10A3D00001D96C4874E0837903F00F03012B13D18A
:10A3E0000378BA2B6FD0684E3568722D6BDC6748E6
:10A3F000C5F180022844E11D392AA8BF3922393528
:10A4000015F0A4FE35605EE0022B13D10378BA2B61
:10A410005BD05D4E3568E42D57DC5C48C5F5807235
:10A420002844E11D392AA8BF3922393515F08EFE9E
:10A4300035604AE0032B14D10378BA2B48D0524E32
:10A440003568B5F5AB7F43DC5048C5F5C07228448C
:10A45000E11D392AA8BF3922393515F077FE35605C
:10A4600036E0042B14D10378BA2B34D0464E35682D
:10A47000B5F5E47F2FDC4548C5F500722844E11DA1
:10A48000392AA8BF3922393515F060FE356022E03F
:10A49000072B14D10378BA2B20D03B4B1D689F2D7E
:10A4A0001E461BDC3948C5F1A0022844E11D392AAB
:10A4B000A8BF3922393515F049FE35600EE0344821
:10A4C000FEF764FA57E0802509E04FF4807506E056
:10A4D0004FF4C07503E04FF4007500E0A0252A4A50
:10A4E0001368AB421746237802DABA2B43D101E056
:10A4F000BA2B04D12548E11D2A4615F027FE234E2C
:10A500006179A01DF9F778FD0021C5F50072701979
:10A5100018F0F4FC1F4B6179A27900953046FFF7E3
:10A520006BFA02A84FF47A314FF40062FCF71AFC80
:10A53000607901384002002302AA0244F15CD15440
:10A540000133B3F5007FF7D100214FF47A3006F0E4
:10A550000FFF02A84FF47A314FF40062FCF716FCAB
:10A5600000230D483B60FEF711FA2378BA2B02D086
:10A570000220FEF719FB0DF60C0DF0BDB4D5FF1F40
:10A5800056490200794902009CC7FF1FACA2FF1F79
:10A59000904902001091FF1FA749020073B5264E93
:10A5A000264D044602A800238DF8063000F8013D30
:10A5B000336801333360F8F713F82B680DF10600A8
:10A5C00001332B60F8F740F833689DF8062001331B
:10A5D0003360A379802B01D932B90FE072B19DF8B5
:10A5E00007106279914209D1154A126832B11548B3
:10A5F000FEF7CCF92B6801332B601AE02A68013290
:10A600002A60114A1278022A13D0802B04D9803B89
:10A61000A371601DF7F7ECFF6379013B032B204624
:10A620004FF0000102D8FFF7ABFE02E00A46FFF749
:10A6300013FE02B070BD00BF8C90FF1F8890FF1FFB
:10A6400028D6FF1FC0490200B4D5FF1FF0B503781C
:10A6500023F007030370C37F03F03F03044643F076
:10A660004003CBB00022C37721462D4807F0B0FD50
:10A670000DF10700F8F743F89DF80730012B21464C
:10A680000CBF284A264A02A807F0A2FD02A8FFF73D
:10A6900039F9234B224603F1200153F8040B42F809
:10A6A000040B8B42F9D10AA84FF46C31FE22FCF75F
:10A6B00059FB00260AAB3344A25D83F82020013603
:10A6C000202EF7D10AA84FF46C31FE22FDF727F9AE
:10A6D000154B1F68DFB9154DEF232B7184233146CD
:10A6E0006B71E81D6123AB71FFF7C2F82846FFF7D5
:10A6F00055FF80233146E81D6B71FFF7B9F82846F6
:10A70000FFF74CFF28463946402218F0F7FB204659
:10A710004FF46C312022FCF725FB4BB0F0BD00BF9D
:10A72000B090FF1FD090FF1F28D6FF1F58C7FF1FF4
:10A73000F0B5037823F007030370C37F03F03F03F2
:10A7400043F040030446CBB0C3772146002235488E
:10A7500007F03EFD0DF10700F7F7D1FF9DF8073038
:10A76000022B15D0304B1B6833B901230DF10700C4
:10A770008DF80730F7F7CBFF20212C48FDF722F9A1
:10A7800002A82146294A07F023FD02A8FFF7BAF8DC
:10A79000244B224603F1200153F8040B42F8040B2A
:10A7A0008B42F9D10AA84FF46C31FE22FCF7DAFA99
:10A7B00000260AAB3344A25D83F860200136202EC8
:10A7C000F7D10AA84FF46C31FE22FDF7A8F89DF8E6
:10A7D0000730022B1ED0144B1F68DFB9144DEF2336
:10A7E0002B71842331466B71E81D6123AB71FFF738
:10A7F0003FF82846FFF7D2FE80233146E81D6B71F3
:10A80000FFF736F82846FFF7C9FE284639464022AA
:10A8100018F074FB20464FF46C312022FCF7A2FAAA
:10A820004BB0F0BDD090FF1F28D6FF1FB090FF1F88
:10A8300058C7FF1F30B5ADB004460021684640221E
:10A8400018F05CFB874B00251D7017F01FFC54BBF4
:10A850008548FCF747FA8548FCF744FA8448FCF73A
:10A8600041FA8448FCF73EFA834817F071FC834BA9
:10A870001B78092B0BD08248FCF734FA8148FCF78F
:10A8800031FA8148FCF72EFA8048FCF72BFA804811
:10A89000FCF728FA7F48FCF725FA7F4B0A221A605A
:10A8A000FEF7CCF8DCE0012C0CD17B4B7B481D6023
:10A8B000FCF718FA7A48FCF715FA2846214600F00A
:10A8C00003FBCDE0022C38D17648734DFCF70AFA31
:10A8D000032368462B60FEF7E5FF2146684600F03B
:10A8E000F3FA654817F034FC6F48FCF7FBF968464B
:10A8F000FCF7F8F9614B1B78092B0ED00923684649
:10A900002B60FEF7CFFF6846214600F0D9F9674873
:10A91000FCF7E8F96846FCF7E5F9062368462B6082
:10A92000FEF7C0FF6846022100F0DAF86048FCF745
:10A93000D9F96846FCF7D6F94FE0052C0FD15D48F0
:10A94000FCF7D0F94948FCF7CDF95B48FCF7CAF9A8
:10A950004848FCF7C7F9484817F0FAFB3DE0062CD9
:10A9600002D100F0C1FB38E0032C36D12846FCF7B9
:10A97000ADF9524B6C4603F1400518685968224600
:10A9800003C20833AB421446F7D19DF806302F2B93
:10A9900006D9414B03210DF10600196000F094FA2D
:10A9A000364B1B78092B0BD09DF816302F2B07D96F
:10A9B000394B09220DF1160003211A6000F080F9CD
:10A9C0009DF826302F2B4BD9334B06220DF1260054
:10A9D00003211A6000F084F842E083238DF80530EB
:10A9E00010A8A1238DF80630F6F75EFF062C2ED0B6
:10A9F0003348FCF777F90DF10700FEF767FF0DF11B
:10AA00000700FCF76FF91C4817F0A2FB1B2210A8E7
:10AA10000DF10701F6F772FF10A80DF10701F6F727
:10AA20008EFF6846FFF7BAFD144B1B78092B02D046
:10AA30002448FCF757F92448FCF754F92348FCF75D
:10AA400051F92348FCF74EF92248FCF74BF9053C35
:10AA5000012C02D80120F7F7FFFD1F4B1F4A1A6097
:10AA60002DB030BDE6FFFF1FE44902000B4A020093
:10AA70004B4A02008A4A0200B8FFFF1FB78CFF1F33
:10AA8000A94A0200E24A0200254B0200674B02007D
:10AA9000B74B0200FF4B0200B8C7FF1F234C020058
:10AAA0005B4C0200794C0200C74C0200DC4C0200F7
:10AAB000004D0200234D02004E4D020058C7FF1FFB
:10AAC000904D0200B34D02000D4E02005F4E020099
:10AAD000B34E0200CB4E02000CED00E00400FA057C
:10AAE00070B56B4D2B68043B022B84BF00232B6099
:10AAF0002B68A4B006460C46062B00F2C780DFE8A0
:10AB000003F004C5C5C50F4654006248F7F79AF82C
:10AB10000423012C2B6001D15F483DE05F4841E0F8
:10AB200005235C482B6018F058FC073803281AD816
:10AB30005B4814B9FDF72AFF01E0FCF7D3F80025C4
:10AB4000544E304618F049FC854204D8554BAA5D56
:10AB5000EA540135F4E730465249F7F764F83046D5
:10AB6000F7F770F80BE0504814B9FDF70FFF01E05C
:10AB7000FCF7B8F84748F7F765F800232B60012C7D
:10AB800040F0848000202146FFF7AAFF7EE00623E4
:10AB900001292B6005D14548FCF7A4F8FDF74EFFCD
:10ABA00074E04348FDF7F2FE70E0002339482B6063
:10ABB00018F013FC0738032802D9A31E012B51D823
:10ABC0003448F7F743F820B9022C04D0032C44D1C1
:10ABD0000CE0022C08D12F4B30681860B188B27994
:10ABE0009A71998000250DE0032CFBD1294D334645
:10ABF0001036186859682A4603C20833B34215460E
:10AC0000F7D1EFE7234E304618F0E7FB854204D832
:10AC1000AB5D0DF805300135F4E708A8F6F744FE02
:10AC2000304618F0DAFB6946024608A8F6F766FED9
:10AC3000202208A81F49F6F761FE08A86946F6F722
:10AC40007EFE6846FCF7EAFE012C1B4807D1FCF7A4
:10AC500049F80720FFF7EEFD0FE0ACB91748FDF704
:10AC600095FE0AE01048002CF9D0FCF73BF8012CC7
:10AC700003D100200121FFF733FF0648F6F7E2FF7A
:10AC80000320FDF791FF01E00C48EEE724B070BD12
:10AC9000B8C7FF1FBCC7FF1FF44E0200314F0200B0
:10ACA000604F0200EAC7FF1F754F02009C4F020071
:10ACB000CE4F02009090FF1FFD4F02001250020085
:10ACC00070B5754D2B68062BDCBF00232B602B68FD
:10ACD000AEB006460C46092B00F2DB80DFE813F02D
:10ACE0000A00D900D900D900D900D900D90015002F
:10ACF0004C005A006948F6F7A5FF0723012C2B608A
:10AD000001D167483DE0674841E0082363482B6074
:10AD100018F063FB073803281AD8634814B9FDF705
:10AD200035FE01E0FBF7DEFF00255C4E304618F0F3
:10AD300054FB854204D85D4BAA5DEA540135F4E723
:10AD400030465A49F6F76FFF3046F6F77BFF0BE0C7
:10AD5000574814B9FDF71AFE01E0FBF7C3FF4F484F
:10AD6000F6F770FF00232B60012C40F0928000204A
:10AD70002146FFF7A5FF8CE0092301292B6005D1AF
:10AD80004C48FBF7AFFFFDF759FE82E04A48FDF75C
:10AD9000FDFD7EE0002341482B6018F01EFB0738C4
:10ADA000032802D9A31E012B07D83C48F6F74EFF13
:10ADB00090B9A31E012B68D80EE03D481CB9FDF7E1
:10ADC000E5FD4DE03D48FBF78DFF012C48D100200B
:10ADD0000121FFF775FF43E00DF10700F7F78FFC46
:10ADE0009DF80730022B06D00AA82021FEF740FD6F
:10ADF0000AA8F7F734FD12A8F6F756FD022C36D153
:10AE0000264B30681860B188B2799A7199802348CE
:10AE100018F0E3FA2149024612A8F6F76FFD284818
:10AE20002021FCF78BFD30B925482021FEF720FDBD
:10AE30002348FCF797FD202212A82149F6F75EFD72
:10AE400012A802A9F6F77BFD02A8FFF771FC012CFE
:10AE50001C48B4D1FBF746FF00202146FFF740FE17
:10AE60000E48F6F7EFFE0320FDF79EFE11E0032CDF
:10AE7000CDD10A4D33461036186859682A4603C2A8
:10AE80000833B3421546F7D1C1E7002C9AD10B48DD
:10AE900095E72EB070BD00BFB8C7FF1FBCC7FF1F2E
:10AEA0002950020067500200604F0200D4C7FF1F04
:10AEB000754F02009C4F0200CE4F0200125002005C
:10AEC0009090FF1FFD4F020070B5784D2B68032B4B
:10AED000C4BF00232B602B68ACB006460C46032B86
:10AEE00000F2E280DFE803F0020D44527048F6F70A
:10AEF000A9FE01239C422B6001D16E483DE06E48C3
:10AF000041E002236A482B6018F067FA07380328EB
:10AF10001AD86A4814B9FDF739FD01E0FBF7E2FEE3
:10AF20000025634E304618F058FA854204D8644B29
:10AF3000AA5DEA540135F4E730466149F6F773FE3D
:10AF40003046F6F77FFE0BE05E4814B9FDF71EFDB4
:10AF500001E0FBF7C7FE5648F6F774FE00232B60AE
:10AF6000012C40F0A18000202146FFF7ADFF9BE0BF
:10AF7000032301292B6005D15348FBF7B3FEFDF7EE
:10AF80005DFD91E05148FDF701FD8DE0002348484B
:10AF90002B6018F022FA0738032802D9A31E012BD0
:10AFA00007D84348F6F752FE90B9A31E012B77D875
:10AFB0000EE044481CB9FDF7E9FC52E04448FBF7B9
:10AFC00091FE012C4DD100200121FFF77DFF48E0CB
:10AFD000202108A8FEF74CFC08A8F7F740FC10A8B1
:10AFE000F6F762FC022C4AD13A4B314A1B78092B06
:10AFF0003ED1394B154603F11006186859682A46A8
:10B0000003C20833B3421546F7D1294818F0E5F9D1
:10B010002749024610A8F6F771FC304B1B6833B97C
:10B020002F482021FEF724FC2D48FCF79BFC202212
:10B0300010A82B49F6F762FC10A86946F6F77FFCCA
:10B040006846FFF703FB012C2648B4D1FBF74AFE04
:10B05000204B1B78092B4FF0000021461DD0FFF735
:10B060002FFE1348F6F7EEFD0320FDF79DFD1BE0D4
:10B0700030681060B188B37993719180C5E7032C73
:10B08000C3D10B4D33461036186859682A4603C29F
:10B090000833B3421546F7D1B7E7FFF721FDE0E7E4
:10B0A000002C8BD10A4886E72CB070BDB8C7FF1FB3
:10B0B000BCC7FF1F8850020067500200604F0200AB
:10B0C00034C8FF1F754F02009C4F0200CE4F020094
:10B0D00012500200B78CFF1F7290FF1F28D6FF1F6F
:10B0E0009090FF1FFD4F020013B5124B1248032230
:10B0F00002211A60FFF7E8FE02A8002300F8013DD4
:10B10000F7F783FA20210D48FCF718FC0C4B20219F
:10B1100018600C48FCF756FC0B4B0C4801241C70C3
:10B12000F6F7AAFD18B10A4B1C7010F079FE02B0B8
:10B1300010BD00BFB8C7FF1F58C7FF1F9090FF1F6B
:10B1400028D6FF1FB090FF1FA2C7FF1FBCC7FF1F5D
:10B15000FDC7FF1F08B51A4B1A781A4B2AB91A4AAD
:10B16000127812B91A78F72A0AD11B780833DBB2A1
:10B17000012B02D81548FDF709FC0120FDF7C2FD9F
:10B18000134B1868D0B9134B1B68032B03DC012148
:10B19000FFF79AFE12E0062B03DC0121FFF7A0FC6B
:10B1A0000CE0092B07DC0C4B1B78092B06D0012186
:10B1B000FFF786FD02E00220FFF73CFB002008BD00
:10B1C000A1C7FF1F25C7FF1F50C7FF1FC7500200A1
:10B1D00028D6FF1FB8C7FF1FB78CFF1F30B50D4B18
:10B1E0001B78022B04460D4613D04379013B032BF9
:10B1F0000BD906230022E2540133272BFAD1204633
:10B200002946BDE83040FFF727B8BDE83040FFF7DA
:10B21000B7B830BDB4D5FF1F73B5144D144C154EDF
:10B220002878697823683246FDF704FF2368297877
:10B230006A7800933046104BFEF7DEFB0F4B226816
:10B2400000251D600E4B1D600E4B1D700E4B1A60CD
:10B250000E4B3146186817F036FE0D4B25601878F6
:10B2600002B0BDE87040FDF741B900BFE5ACFF1F7B
:10B270009CC7FF1F4EA8FF1F1091FF1F04C8FF1F90
:10B2800068ADFF1FAED5FF1F98C7FF1FB88CFF1F0B
:10B2900026C7FF1F70B50446FDF742F9254B2179FB
:10B2A0002A221A70244B1A78184642B95D7835B9AB
:10B2B00062795A70214A197012689A7005E09142B9
:10B2C00037D1427863799A4233D1A2791C4DFF2A53
:10B2D00012D12A68B2F5856F13DA1A49E31D1144B9
:10B2E0003F3453F8040B41F8040BA342F9D11B7807
:10B2F0000B7039322A6070BD2E68B318B3F58C6FAD
:10B3000004DD1148BDE87040FDF740BB531E382BEB
:10B31000F7D80C48E11D304414F018FFA3790B480E
:10B320001E4402212E60FEF7A3FABDE87040FFF72D
:10B3300073BF70BD25C7FF1FE5ACFF1F28C7FF1FE8
:10B340009CC7FF1F4EA8FF1F01510200E8ACFF1F62
:10B3500030B5044D2D78022D03D0BDE83040FBF709
:10B36000E1BA30BDB4D5FF1FF0B51B4B1B78022BE3
:10B3700093B007460D4601D100202BE0174C204624
:10B38000F8F770FC2278482A264601D0322AF3D1F9
:10B39000294602A8FCF7A2FE152300932946104B6C
:10B3A0000DF133001D22FFF7D3FF0DAC3B4611AD6D
:10B3B000224603CAAA4218605960144603F10803E2
:10B3C000F6D1106818609DF8330009233370431ECE
:10B3D0005842584113B0F0BDB4D5FF1FBCA1FF1FA8
:10B3E0001091FF1FF7B5214B1B78022B054607D0A4
:10B3F000A0F16507FBB21F2B04D91D48FDF7C6FA63
:10B40000002031E01B4E29463046F8F7E7FC34783F
:10B41000ACB91948FDF7BAFA184B1D681DB10120E7
:10B42000FDF770FCECE7164B1A782D2AE8D02B2A92
:10B43000E6D0012202201A70FDF7B6FBE0E77901A1
:10B4400004F00F030F48337001F578312022FBF729
:10B4500089FC20230B480093294622460A4BFFF71C
:10B4600077FFF9F7A9FF204603B0F0BDB4D5FF1F61
:10B47000E8480200BCA1FF1F2C51020028C7FF1F93
:10B4800026C7FF1F6CA2FF1F1091FF1FF7B5294BA6
:10B490001B78022B06464AD0471EFBB2032B03D96A
:10B4A0002548FDF773FA42E0244D31462846F8F767
:10B4B00089FD2C789CB92248FDF768FA214B1D685C
:10B4C0001DB10120FDF71EFC2DE01F4B1A782D2A1F
:10B4D0002BD0012202201A70FDF766FB25E004F054
:10B4E0000F027902072A2A70184801F57A310BD128
:10B4F000A022FBF737FCA02300931448144B3146DD
:10B500002246FFF725FF0EE0D201FBF72BFC2B783C
:10B510000E48DB010093314622460D4BFFF718FF22
:10B520002878F9F70DFB204602E0284600E00020CD
:10B5300003B0F0BDB4D5FF1F79490200BCA1FF1FC5
:10B540005651020028C7FF1F26C7FF1FACA2FF1FCE
:10B550001091FF1F2DE9F04F052BADF60C0D0D4698
:10B5600016469A4618D100214FF4763005F000FFB8
:10B570000A2016F0BFF900214FF47C3005F0F8FEE8
:10B580000A2016F0B7F900214FF47E3005F0F0FEE6
:10B590000A2016F0AFF98CE0032B16D10846F7F716
:10B5A00046F82B7843B96B7833B9EB7823B92B790C
:10B5B00013B96B79002B7CD0284600960021FF221E
:10B5C000514BFFF7C5FE012099E0042B0AD10092F0
:10B5D0000846FF2200214C4BFFF7BAFE2846F7F73A
:10B5E0002EF866E00B2864D8B2F5007F61DC00F12C
:10B5F0000109B9F1040F0BDDB9F1080FD9BFA0F1B2
:10B60000030B4FF47C38A0F1070B4FF47E3802E0B7
:10B61000CB464FF476383D4C02A841464FF40062C9
:10B620004FF40077FBF79EFB00213A46204617F0C7
:10B6300065FC20462946324614F088FDBAF1010F18
:10B6400039D102AB0BF1FF3B03EB4B2B59463A468A
:10B65000204614F07BFD28465946324614F076FD0C
:10B660002378FF2B09D16378FF2B0DD1E378FF2BD3
:10B670000AD12379FF2B07D11BE02BB963781BB9C3
:10B68000E3780BB92379A3B14FF400746FEA090290
:10B690001E481D4B00940021D2B2FFF759FE1B49F2
:10B6A0003246284614F052FD18480021224617F071
:10B6B00025FC002023E0BAF1020FFAD16FEA09025B
:10B6C000002520460021D2B20F4B0097FEF794F9D7
:10B6D0003B46584602A922460095FCF78AFE3A46A8
:10B6E0002946204617F00AFC2946404605F040FE50
:10B6F00002A841464FF40062FBF748FB28460DF6CE
:10B700000C0DBDE8F08F00BF1091FF1FACA2FF1F12
:10B710002DE9F041AE4F3B78022BADF5856D8046AB
:10B7200000F06C82AB4D2C6854B944F2506017F0B5
:10B73000ABFBA94B214644F25062186017F0DEFBC8
:10B7400098F80520FF2A44F217631CD19C420DD8BB
:10B75000A14B1868002308EB030291790219D15418
:10B760000133392BF7D139342C6047E29B48FDF780
:10B770000DF99B4B012206201A70FDF715FA994B23
:10B78000994A1A603AE29C42934E0CD8392A0AD858
:10B79000306808F10601204414F0D8FC98F8053010
:10B7A0001C442C600BE08D48FDF7F0F88C4B012217
:10B7B00006201A70FDF7F8F98A4B8B4A1A602B683D
:10B7C00013B9884B884A1A600DF10F00F6F708FF8D
:10B7D0002B689DF80F007F4C013B2B6008B9834814
:10B7E00048E0642836D9FFF7FDFD814B31682268B7
:10B7F00018788B5C643B98423BD10C3A22600A4437
:10B8000005AB1068516803C39068186088A979482F
:10B81000F8F74CFE08A8F6F747F808A888A92022F0
:10B82000F6F76CF808A873492022F6F767F808A81D
:10B8300005A90C22F6F762F808A888A9F6F77FF8A0
:10B840003B78022B42D000230093634B05A9186874
:10B8500088AA38E0042839D84FF00008CDF81080C5
:10B86000FFF714FE624B316818782368CA5C824285
:10B870000CD06148FDF78AF8594B012206201A7056
:10B88000FDF792F9574B584A1A601FE0A3EBC21319
:10B890001944D20188A8236014F058FC88A908AA8A
:10B8A00004A8F9F70BF8554A1068516805AB03C3B3
:10B8B000906818603B78022B08D0474BCDF8008089
:10B8C000186805A908AA2368FBF7EAF834682B680A
:10B8D0002344FC225A702378934208D84848FDF745
:10B8E00055F80620FDF760F93E4B3F4A1A602D20BF
:10B8F000FDF710F92778002F00F06881FF2F40F046
:10B900009F8088AE3046002140F2072217F0F6FAF9
:10B91000BA233370E6237770B770F770337194F8F9
:10B92000018086F80580A378B3710A2B37D1E71C14
:10B930000DF22723B8F1000F0BD11F3457F8042B59
:10B9400043F8042BA742F9D13046FEF761F83C4694
:10B950000DE004F1270257F8041B43F8041B97423B
:10B96000F9D13A881A803046FEF752F82934227805
:10B97000637843EA022303F596739BB21A0A08A878
:10B9800041468DF820208DF82130F7F70FFC304626
:10B99000002140F20722023417F0B0FAAAE7092B7F
:10B9A00004F10407E47801D01D2B2BD1224639463F
:10B9B0000DF2272014F0CAFB3046FEF729F8304676
:10B9C000002140F2072217F099FA3C4492E700BFA9
:10B9D000B4D5FF1F2CADFF1FE0ACFF1F805102004C
:10B9E00026C7FF1F0CED00E00400FA059C51020081
:10B9F000BCA1FF1F0CA6FF1FB45102008152020020
:10BA0000E25102000B2BF4710AD13046FEF700F828
:10BA10003046002140F2072217F070FA3C4669E7F1
:10BA200008233A78111DC9B203293C4607F10107E2
:10BA300002D9F2540133F4E73046FDF7E9FF59E744
:10BA4000FE2F40F0BC80607840B9A11C0423D022B6
:10BA5000FFF780FD2B68D234D23BA0E0C7282AD95B
:10BA600094F88A31FE2B04F1010703D194F88B215D
:10BA700082420ED894F8BB21FE2A03D194F8BC214F
:10BA8000824209D8002B40F2B91608BF4FF4C476A1
:10BA900004E04FF4C47601E040F2B916A11C32462E
:10BAA0000223C838FFF756FD2B680233741C9E1B17
:10BAB0003C442E601EE740F2072288A8002117F0C0
:10BAC0001DFABA238DF82032FF238DF821328DF82C
:10BAD00022328DF82332EF238DF8243262788DF8EC
:10BAE0002522A3788DF82632642A10D9E61C0DF29F
:10BAF0002723233456F8042B43F8042BA642F9D10C
:10BB000088A8FEF74BFD2B683446233B47E003F043
:10BB10000F03012B0CD1E11C80220DF2272014F021
:10BB200015FB88A8FEF73AFD2B688334833B36E08B
:10BB3000022B10D1E11C4FF480720DF2272014F07B
:10BB400005FB88A8FEF72AFD2B686FF4817104F2CB
:10BB500003140B4423E0032B10D1E11C4FF4C072FB
:10BB60000DF2272014F0F2FA88A8FEF717FD2B68D3
:10BB70006FF4C17204F28314134410E0042B10D14B
:10BB8000E11C4FF400720DF2272014F0DFFA88A8B0
:10BB9000FEF704FD2B6804F20324A3F203232B60B9
:10BBA000A8E61848FCF7F2FE174B012206201A708F
:10BBB000FCF7FAFF154B164A1A6002349AE6FD2F7D
:10BBC00004D12B68253B2B60253493E61148FCF704
:10BBD000DDFE4FF47A7015F08DFE0F48FCF7D6FEAF
:10BBE0000020FDF78FF84FF4FA7015F083FE074B35
:10BBF000074A1A600320FCF7D7FFFBE70DF5856DB8
:10BC0000BDE8F0810152020026C7FF1F0CED00E0E5
:10BC10000400FA053652020051520200F0B5534BAF
:10BC20001B78022BAFB0054600F09E80042105A8CA
:10BC3000FDF71EFE1EAC0021112210A817F05EF9C0
:10BC400020460021402217F059F94DBB2046F7F756
:10BC5000D0FA21AE0DF17E00F7F7C0FA3046F7F7C3
:10BC600083FA1C230093204629460A22404BFFF703
:10BC70006FFB94E80300BDF882301090DDF87E0081
:10BC8000ADF844100690ADF81C3096E80F000CAFEC
:10BC900087E80F0015A810A906220AF02FFA3EE047
:10BCA0006B1E172B3BD820462946FCF796FB262314
:10BCB000009320462E4B29460A22FFF749FB2523F5
:10BCC000DAB2E15CA2F11506F6B229B9013BA2F1A4
:10BCD0001606012BF6B2F3D1324610A8214614F015
:10BCE00035FA2EAA324413460CAF53F8400D069095
:10BCF0009B88ADF81C30A2F12A0EA2F13A03186815
:10BD000059683A4603C2083373451746F7D115A858
:10BD100010A932460AF0F2F9164B83F8266008A8FB
:10BD200006A906220AF0EAF940222046002117F06F
:10BD3000E5F8294604A8F7F722FA9DF810209DF8A7
:10BD400011300C4C43EA022394F8275000930A4B1D
:10BD50000193059B029320460CA915AA08AB013557
:10BD600008F0A4FC84F827502FB0F0BDB4D5FF1F15
:10BD70001091FF1FB0ACFF1F0302010073B5114B00
:10BD80001B78022B06460D4618D00F4C0846FFF7CD
:10BD900045FF2946204608F01FFD238D8DF805300C
:10BDA0001A0A01A829468DF80420F7F7FFF9304652
:10BDB000214608F0B3FC94F8260000E0002002B011
:10BDC00070BD00BFB4D5FF1FB0ACFF1F2DE9F04F11
:10BDD000504B1B78ADF59A4D022B8DB000F052867A
:10BDE0004D4B15AE324603F11805186859681446D4
:10BDF00003C40833AB422246F7D1186899889B796F
:10BE0000A371464B2060A1800DAA03F118051868A4
:10BE10005968144603C40833AB422246F7D1186868
:10BE20001B7923713E4B20600DF1200818683D49B5
:10BE30009B8808900DF1B4096E224846A8F804309A
:10BE4000002714F083F9384D0DF11A000DF5DC646C
:10BE5000F6F755FC394644F2506220462F6017F041
:10BE60004DF82D20FCF756FEBA46304F16F80A0062
:10BE700015F0C8FA3B784FF0030B13FB03F393FB69
:10BE8000FBF000FA0BF015F035FD15F007FB3B78E1
:10BE900013FB03F393FBFBF000FA0BF00AF1010A2A
:10BEA00015F028FDBAF11F0FDFD101238DF81830EE
:10BEB0009DF818A0BAF13D0FB8AE39D800214FF463
:10BEC0000072304617F01AF830465146FCF7F7F882
:10BED0003378013BDBB2FD2B18D82A689DF8181087
:10BEE000FF23A354A318B646597001219970D31C9F
:10BEF000E6180DF53C7C734603CB634530607160FA
:10BF00009E4606F10806F6D113322A609DF81830D5
:10BF10000133CBE7B4D5FF1FC4520200E352020045
:10BF2000FA5202000053020098C7FF1FA48CFF1FA3
:10BF300001238DF81830B2469DF818B0BBF1180FE8
:10BF400000F2508200214FF40072304616F0D6FF06
:10BF500059463046FBF7ACFDB0F1000B25DD9DF8EE
:10BF600018100C2903D99DF81A30022B06D0CDF8F1
:10BF700000B030460F22B34BFFF7EAF9D5F800A026
:10BF80009DF81820FF2304F80A3004EB0A030AF195
:10BF900003005A700F229A70204431465A46DA4400
:10BFA00014F0D4F80AF103032B609DF818100DF17A
:10BFB0001900F7F7F7FB9DF819A00AF00403CAF37C
:10BFC000C001CAF3011CCAF380104FEADA1EDBB2CB
:10BFD0001AF0030A05938DF819100FD02B689DF8FD
:10BFE00018B0FF22E254E218043382F801B04FF097
:10BFF000100B82F802B082F803A02B60BCF1000F96
:10C000000FD02B689DF818A0FF22E254E2180433E9
:10C0100082F801A04FF0030A82F802A082F803C060
:10C020002B6010B9BEF1000F11D02B689DF818C01D
:10C03000FF22E254E2180EF1010E82F801C07044B2
:10C040004FF0060C043382F802C0D0702B60059BC1
:10C0500063B12B689DF81800FF22E254E218043304
:10C060005070122090700120D0702B6061B12B684D
:10C070009DF81810FF22E254E21804335170132186
:10C0800091700121D1702B609DF818103046F7F7A0
:10C0900015FC317859B12B689DF81800FF22E25445
:10C0A000E2180433507011209070D1702B6030462C
:10C0B0009DF81810FBF780FEB0F1000B25DD9DF810
:10C0C00018100C2903D99DF81A30022B06D0CDF890
:10C0D00000B0304602225B4BFFF73AF9D5F800A0DA
:10C0E0009DF81820FF2304F80A3004EB0A030AF134
:10C0F00003005A7002229A70204431465A46DA44AC
:10C1000014F024F80AF103032B609DF81810304650
:10C11000F7F760FC317859B12B689DF81800FF22C1
:10C12000E254E2185070042003449070D1702B60E8
:10C1300030469DF81810F7F767F8B0F1000B25DDD1
:10C140009DF818100C2903D99DF81A30022B06D03F
:10C15000CDF800B0304605223A4BFFF7F9F8D5F894
:10C1600000A09DF81820FF2304F80A3004EB0A030E
:10C170000AF103005A7005229A70204431465A464B
:10C18000DA4413F0E3FF0AF103032B609DF8181063
:10C190003046F7F7ABFC317859B12B689DF81800A1
:10C1A000FF22E254E2180433507007209070D170DF
:10C1B0002B6030469DF81810F7F754FD96F800A054
:10C1C000BAF1000F6DD02B689DF81810FF22E254D1
:10C1D000E21808200433BAF1670F5170907082F8AA
:10C1E00003A02B6005D0BAF1320F02D0BAF1480F8C
:10C1F0004ED13046FBF772FF2B689DF81810FF22D6
:10C20000E2542344BAF1670F834659701CD10C29BC
:10C2100003D99DF81A30022B06D0CDF800B0304675
:10C220000922084BFFF794F82B680393181D5A4610
:10C230002044314613F08AFF039B234409229A705D
:10C240001FE000BF1091FF1F15230DF20B3B009361
:10C2500058461D22614BFFF77BF8614B1A68131D8E
:10C26000584623440DF21F3150F804EB43F804EB19
:10C270008842F9D10178197022441D2393704FF040
:10C28000150B2B68E2185B44043382F803B02B6073
:10C29000BAF1790F07D0BAF1590F3CD0BAF1320F89
:10C2A00039D0B2467BE0002107A8F6F768FF304698
:10C2B000F6F79FFF0DF2E620F6F790FFBBA8F6F722
:10C2C00053FF1C2300930A22444B30460021FFF702
:10C2D0003FF8D5F800E0FF2304F80E3004EB0E031E
:10C2E00000225A700A229A700EF10303B4462344C6
:10C2F0000DF53E7A624603CA52451860596094466D
:10C3000003F10803F6D1106818600EF11F032B60CB
:10C310000DF53B7A39E09DF818104B1E172B33D8DA
:10C3200007A8F6F72CFF30469DF81810FCF755F8D3
:10C33000262300930A22294B9DF818103046FFF758
:10C3400007F8D5F800C09DF81820FF2304F80C303A
:10C3500004EB0C030DF5407A5A700A229A700CF126
:10C360000303324623449646BEE80300D6451860D0
:10C370005960724603F10803F5D11068186092887D
:10C380009A800CF129032B60B2462B689DF81C2083
:10C39000E254E2189DF81D10517002332B60504694
:10C3A0009DF81810F6F7B8F99AF8003083B1C3F188
:10C3B0000B038AF800302B689DF81810FF22E25416
:10C3C000E218043351700D2191703178D1702B60D7
:10C3D0009DF8183001338DF81830ADE51091FF1F2E
:10C3E00098C7FF1F50460021F6F796F99AF80030DB
:10C3F00083B1C3F10B038AF800302B68FF22E254AB
:10C40000E218002151700D21917004339DF8E01263
:10C41000D1702B605046F6F7CCF99AF8003063B132
:10C420002B68FF22E254E218002151700E21917016
:10C4300004339DF8E012D1702B605046F6F7DDF81A
:10C440009AF8003063B12B68FF22E254E218002111
:10C4500051700B21917004339DF8E012D1702B6064
:10C460005046F6F732F99AF8003063B12B68FF2294
:10C47000E254E218002151701A21917004339DF8A2
:10C48000E012D1702B605046F6F72CF99AF8003084
:10C4900063B12B68FF22E254E218002151701B2186
:10C4A000917004339DF8E012D1702B605046F6F77E
:10C4B000E5F89AF8003063B12B68FF22E254E218E5
:10C4C000002151701621917004339DF8E012D17053
:10C4D0002B605046F6F7C5F89AF8003063B12B6828
:10C4E000FF22E254E21800215170152191700433AB
:10C4F0009DF8E012D1702B605046F6F7CCF89AF810
:10C50000003063B12B68FF22E254E2180021517021
:10C510001E21917004339DF8E012D1702B600DF153
:10C520001B00F6F75DF84FF0010A00214FF400728E
:10C53000304616F0E3FC5046FEF7A8FF9DF81B308E
:10C54000C0B2534508BF80F08000F8B1D5F800B004
:10C550009549FE2304F80B3004EB0B034FF0800CDD
:10C56000987083F801A0914B1B7803930BF10300A3
:10C5700003FB0CF22044CDF810C013F0E7FD039B41
:10C58000DDF810C01CFB03B303332B600AF1010A72
:10C590005FFA8AFABAF1050FC7D14FF0650A002198
:10C5A0004FF40072304616F0A9FC5046FEF71AFF11
:10C5B0009DF81B30C0B2534508BF80F08000A0B189
:10C5C0002B68FE22E254E2180DF2E361907082F8CB
:10C5D00001A0774A194402F1200052F804EB41F817
:10C5E00004EB8242F9D123332B600AF1010A5FFA8E
:10C5F0008AFABAF1850FD2D1D5F800B0FE2304F83B
:10C600000B3004EB0B034FF0000A83F801A0694BD9
:10C6100003930BF102001946D022204413F096FD3B
:10C62000039B0BF1D202B3F84AB02A60DA451DDA57
:10C63000504649A90FF064FD9DF8AA319BB12B68C3
:10C64000FE22E254E218AAF138010DF2E2605170C4
:10C65000184449A940F2B912039313F077FD039BE4
:10C6600003F2BB132B600AF1010ADFE706A8F5F716
:10C67000B7FF30462021FDF7FBF89DF818A0BAF16E
:10C68000000F1FD14C48FCF781F919F80A0014F08B
:10C69000B9FE3B78032413FB03F393FBF4F0A040B3
:10C6A00015F028F914F0FAFE3B7813FB03F393FB23
:10C6B000F4F0A0400AF1010A15F01CF9BAF16E0F6E
:10C6C000E3D1DFE1BAF1640F4AD996E807000DF132
:10C6D000280989E807005046FEF784FE37481DA95F
:10C6E000F7F7E4FE824608B135485AE00DF59C6044
:10C6F000F5F7DAF80DF59C601DA92022F5F7FEF894
:10C700000DF59C602D492022F5F7F8F80DF59C6099
:10C7100049460C22F5F7F2F80DF59C601DA9F5F7D6
:10C720000EF9284B1B78022B07D0CDF800A020462D
:10C7300049461DAA2B68FAF775F94B4603CB2A68C0
:10C74000A0501868194B1B7804EB020E64330D32AD
:10C75000CEF80410CEF808008EF80C302A604DE0B8
:10C76000BAF1040F4AD85046FEF790FE164A1068F8
:10C7700051681DAB03C390681860124B1B78022BE5
:10C7800007D00023009320461DA932462B68FAF7F4
:10C7900049F9202031460DF59C62F8F711FAB8B13D
:10C7A0000A48FCF7F3F86DE1ACA2FF1FBCA1FF1F24
:10C7B0006CA2FF1F20FBFF1F9C5102000CA6FF1F55
:10C7C0008D520200B4D5FF1F81520200AA5202000E
:10C7D000AF4BD5F800A093F800904FF0800B04EB1E
:10C7E0000A001BFB09AA0DF59C6109FB0BF213F073
:10C7F000ADFC0AF1010304F80A902B601DA800218A
:10C80000202216F07BFB4FF000092B68DFF888B27E
:10C81000DFF888A299454FF2280000F3B18044F276
:10C820005C63994500F0AC8014F0ECFD3B7813FBA1
:10C8300003F0032390FBF3F09840039315F05AF8AC
:10C8400014F02CFE3A78039B12FB02F292FBF3F0F9
:10C85000C00015F04FF8DBF80030C9EB0303382BAC
:10C860000DF59C6047DCF5F71FF80DF59C601DA9E0
:10C870002022F5F743F8DBF8002004EB0903194602
:10C88000C9EB02020DF59C600393F5F737F80DF53F
:10C890009C601DA9F5F753F8DBF80020039B314697
:10C8A0001846C9EB0202002307F03EFD4FF0000BD3
:10C8B00001468B455BDA16F80B00049114F0A2FDDB
:10C8C0009AF8003013FB03F0032390FBF3F0984039
:10C8D000039315F00FF814F0E1FD9AF80020039B84
:10C8E00012FB02F292FBF3F0C00015F003F80BF11B
:10C8F000010B0499DDE7F4F7D7FF04EB090A0DF506
:10C900009C601DA92022F4F7F9FF514639220DF54C
:10C910009C60F4F7F3FF0DF59C601DA9F5F70FF887
:10C92000504631463922002307F0FEFC4FF0000A42
:10C9300016F80A0014F066FD3B784FF0030B13FB6A
:10C9400003F393FBFBF000FA0BF014F0D3FF14F0A9
:10C95000A5FD3B7813FB03F393FBFBF000FA0BF010
:10C960000AF1010A14F0C6FFBAF14C0FE0D13046CB
:10C9700000214FF4007209F1390916F0BFFA44E7BB
:10C9800014F040FD3B78032413FB03F393FBF4F016
:10C99000A04014F0AFFF14F081FD3B7813FB03F3CC
:10C9A00093FBF4F0A04014F0A5FF1DA8314620220F
:10C9B000002307F0B9FC0024814618F8040014F0A5
:10C9C00021FD3B78032513FB03F393FBF5F0A8400F
:10C9D00014F090FF14F062FD3B7813FB03F393FB1C
:10C9E000F5F0A840013414F085FF022CE5D10024B5
:10C9F000E3B24B4504F1010418DAF05C14F002FDD7
:10CA00009AF80030032513FB03F393FBF5F0A840DD
:10CA100014F070FF14F042FD9AF8003013FB03F39A
:10CA200093FBF5F0A84014F065FFE1E7194815F015
:10CA30008FFB00240DAB0325185D14F0E3FC9AF87E
:10CA4000003013FB03F393FBF5F0A84014F052FF02
:10CA500014F024FD9AF8003013FB03F393FBF5F078
:10CA6000A840013414F046FF1D2CE3D1094815F00D
:10CA70006FFB094B00210DF5DC6044F25062196038
:10CA800016F03CFA0DF59A4D0DB0BDE8F08F00BFE1
:10CA9000BCA1FF1FB8FFFF1F98C7FF1FA48CFF1F7B
:10CAA0007FB506460D46144668460021102216F052
:10CAB00025FA304669462A462346F9F783FD04B035
:10CAC00070BD7FB506460D4614466846002110220B
:10CAD00016F014FA304669462A462346F9F79EFDB9
:10CAE00004B070BD38B5054616F077FC0D4B3E28F6
:10CAF00034BF04463E2422461846294613F026FB3E
:10CB0000094A1278092A06D1084B1B78012B0CBF61
:10CB10006E23702300E063230355044400236370F5
:10CB2000004838BDCCD5FF1FB78CFF1FE8C7FF1FDB
:10CB300038B52B4B1A782B4B05461B7812B9002BB6
:10CB40004DD004E0002B4AD0274B1B680BB9274877
:10CB500003E0274B27481B782BB1FFF7C3FFBDE845
:10CB60003840FBF713BFFFF7BDFFFBF70FFFF5F7EB
:10CB700011FD002833D10346EA181F4C117A6FF0DB
:10CB800007025A4301FA02F22168013B0A43191DC8
:10CB90002260F1D1194B1A4918680968401A40F609
:10CBA000B731884206D819684FF47A73B1FBF3F3B2
:10CBB0001A4422602068F5F795FCFAF763F82268BA
:10CBC000104B9A420BD9104B13440522B3FBF2F3DE
:10CBD000834204D91846BDE83840FAF762B838BD38
:10CBE000A2C7FF1FFDC7FF1F28D6FF1F6E530200FD
:10CBF000AFD5FF1F943A020054C7FF1FA8FDFF1FC7
:10CC000010D6FF1F6EA72B5D9258D4A270B58D4C25
:10CC10002378022B054604D08B4B1B78242B00F085
:10CC200063825DB92946894815F090F9884B1B68E5
:10CC300005461BB110B10020FAF748F8854B1A6879
:10CC4000854B1B689A4203D0844B00221A70EFE197
:10CC5000002D40F33882824B7C4A1B7873B11179E6
:10CC6000F1290BD0F42909D001F11200C0B201283A
:10CC700004D91F31C9B2062900F236821179E1398F
:10CC8000132900F2EA81DFE811F0140036004200B7
:10CC900049004E0068009F00E801E801E801E80152
:10CCA000850148012801B00067019D01E801E80104
:10CCB000B701217802296B4912D0096811B1002B04
:10CCC00000F012825379FF2B04D10320BDE870409D
:10CCD000FDF7B0BD5D480021BDE87040FEF7F4B837
:10CCE0000A6812B1002B00F0FF8158480021BDE80E
:10CCF0007040FDF7E5BF5B4A126812B1002B00F0EF
:10CD0000F38152480021BDE87040FDF7E9BE554A65
:10CD10001268002AE9D0002BE7D170BD4B48BDE86E
:10CD20007040FFF705BF504B19784C4B1B7811B979
:10CD3000E3B14E481BE0CBB14D4B1B78442B15D1D2
:10CD400053796B2B4FF0020003D1BDE87040FBF725
:10CD5000CDBCBDE87040FBF773BD434908783F493F
:10CD60000D78B0B93DB93F4D2D68CDB14148BDE812
:10CD70007040FBF70BBE93790C2B01D0142BD8D14C
:10CD80001378BA2B00F0B0813048BDE87040FCF752
:10CD90003FBE002DE7D0364D2D78442DE3D104E081
:10CDA00009780029E2D00028E0D01278BA2A00F0F1
:10CDB0009B812278022AE7D02F4A1278002AE3D0FA
:10CDC000002BE1D12D48D2E7274B1A78234B1B7853
:10CDD000002AADD0002BC9D0254B1B78442BC5D1E0
:10CDE0001A48BDE87040FBF7F7BE1F4909780029D3
:10CDF0004CD01A480078002848D01D4800784428B4
:10CE000000D11BB9174D2D68002D3BD12378022B83
:10CE100000F06A8112780D4BBA2A00F065815A79C8
:10CE2000A2F175010F2907D8832A03D193F906309F
:10CE3000002B01DB12489AE70448BDE87040FDF77B
:10CE4000ADBB00BFB4D5FF1F25C7FF1F58C7FF1FCD
:10CE500028C7FF1F8890FF1F8C90FF1FFDC7FF1F73
:10CE6000AFD5FF1F28D6FF1FA2C7FF1F87530200A1
:10CE700002000240AF530200ACD5FF1FFC46020087
:10CE8000C3530200442801D1002B9BD09379802BFF
:10CE90007FF66CAF954B1B78092B7FF467AF0029A9
:10CEA0007FF464AF924C934B226803F1400153F836
:10CEB000040B42F8040B8B42F9D1FEF715F92068F8
:10CEC000FDF76CFB0120F5F7C7FB4022206800212D
:10CED00016F014F80022884BACE0884A1178884A92
:10CEE00029B91378002B3FF441AF86483FE7127809
:10CEF000002A3FF43BAF844A1278442A7FF436AFCD
:10CF0000002B3FF45FAF2378022B00F0ED807948CF
:10CF10000121BDE87040FEF761B9784B1A78784B73
:10CF2000002A3BD01B78002B3FF420AF764B1B78B8
:10CF3000442B7FF41BAF754B1B78002B7FF416AF8F
:10CF40002378022B00F0D080D520FBF7CFFA694878
:10CF5000BDE87040F8F716BE684B1A78684BEAB126
:10CF60001B78002B3FF402AF674B1B78442B7FF4F8
:10CF7000FDAE664B1B78002B7FF4F8AE2378022BB6
:10CF800000F0B2808020FBF7B1FA5A48BDE870404B
:10CF9000F8F73ABF594B1A78594B0AB91B78A1E7F1
:10CFA0001B78002B3FF4E2AE574B1B78442B7FF4E9
:10CFB000DDAE2378022B00F097804E48BDE870402C
:10CFC000F8F766BC4D4A11784D4A002989D012788D
:10CFD000002A3FF4CBAE4C4A1278442A00D11BB948
:10CFE00045490968002931D12378022B7CD041487A
:10CFF000BDE87040FEF78CBB404A12783AB1404918
:10D00000097821B140490978442900D113B93A4936
:10D01000096889B93E48FBF7B9FC0020012113F0EB
:10D0200089FF0120014613F085FF642014F062FCA3
:10D03000384A394B1A6070BD002A3FF497AE304A27
:10D040001278002A3FF492AE2F4A1278442A7FF4D5
:10D050008DAE002B7FF48AAEB4E62378022B43D04A
:10D06000294B1B78442B3FD1204B244C1B78092B98
:10D0700009D123783BB91F480FF01AFAFEF734F8AC
:10D080000120F5F7E9FA237873B31D4B1B785BB3E6
:10D09000224C267876B9642014F02CFC15482570B3
:10D0A000314614F053FF00B120701248BDE87040C3
:10D0B0000EF0B6BDAE42F8D00E4825700EF0B0FDB1
:10D0C0000023237070BD2378022B0DD00B4B1B78EF
:10D0D00053B10B4B1B783BB10B4B1B78442B03D14B
:10D0E000BDE870400EF09ABD70BD00BFB78CFF1F49
:10D0F000B88CFF1F58C7FF1F28D6FF1FA2C7FF1FEE
:10D10000FDC7FF1FF35302000200024050C7FF1F7C
:10D11000185402000400FA050CED00E0A0C7FF1F40
:10D120001F4AF8B5002313701E4C1F4A1370237852
:10D13000ED2B06D11D48037163784371F8F722FD8A
:10D140001EE0F02B06D11948037163784371F8F79C
:10D150005BFE15E0F52B02D1F8F78CFF10E0F62B03
:10D160000ED1134D01232B60124B1F681E4607F58D
:10D170007A672A6812B13368BB420DD300232B6053
:10D180000D4B002018700D4B207018700C4B187050
:10D19000BDE8F840FBF7B6BD0020FFF737FDE8E734
:10D1A00000C8FF1FE5ACFF1FFCC7FF1F58C7FF1FCC
:10D1B00084D8FF1FA8FDFF1F50C7FF1F51C7FF1FC7
:10D1C00060C8FF1F2DE9F043A94AAA4F137893B016
:10D1D000904673B1A84A14785CB921465022A748FA
:10D1E00015F08CFEA6482146092215F087FEFC7139
:10D1F00064E2A24D95F84040012C02D0E21E182AAC
:10D2000022D80BB39C4A1278F2B19E4E3278022A91
:10D210001AD095F82D20052A00D0AAB9DFF85C8233
:10D2200097480021892309227971FB7115F066FE68
:10D230004046FCF7CDFB002800F09B80924B1B780A
:10D24000002B40F096809CE0AF228D49FA710022BD
:10D250000A72D1B20132A818407D3F28F9D00929BD
:10D2600005D900210922864815F048FE81E004F026
:10D27000F702302A02D0013C0B2C53D8002B59D096
:10D280007D4B1B78002B00F015827E4C2378022BFF
:10D2900000F0148212A8002300F8403DF5F715FABB
:10D2A00095F84030302B19D0382B19D022781AB18C
:10D2B000724A0C3382F8403095F840104B1E172B01
:10D2C00000F2FC817148FEF74FF800218DF808004C
:10D2D00020226E4815F012FE012302E0822300E0B6
:10D2E00081239DF80820684C012A01D09A4207D179
:10D2F00004232370F8F7BEFE0021217060480FE080
:10D3000003232370624B63496348F5221A70F4F7D4
:10D31000CCFB2B20FBF7EAF8FBF790FB58480021E9
:10D32000092229E0202A05D123B1534B1B78002B79
:10D3300040F0C4812B78514CFF2B40F0BF816378C3
:10D34000FF2B40F0BB81A378FF2B40F0B781E3783F
:10D35000FF2B40F0B3812046FCF73AFB002880D039
:10D36000494B1B78002B7FF47CAF4C4B04F14002FF
:10D370008CE142480021502213B0BDE8F04315F083
:10D38000BDBD474A136098F82E3003F0DF02402AF3
:10D3900040F0BB804349414E0B46022C53F8062B0C
:10D3A000C6F8172086BF033C5FFA84F84FF00108E7
:10D3B000F21D163153F8040B42F8040B8B42F9D1DD
:10D3C000364C002104F11B00252215F097FDEF23B8
:10D3D000337195F84030012B01D1822302E0032BF9
:10D3E00002D18123637101E084F805800923B371C0
:10D3F00096F80790337A294C9944737A9944B37A12
:10D400009944F37A19EB030919D163798DF80D303A
:10D410000DF107008DF80790F5F75FF963797F3319
:10D42000DBB2012B04D802A84946FDF7D7FE19E16B
:10D43000E72323711D2384F80580A37162E0002394
:10D440000DF107008DF807308DF80830F5F73DF93C
:10D45000642014F04FFA9DF80730012B26D0627932
:10D46000934223D003B301238DF807301EE000BFA1
:10D47000A2C7FF1FAE8CFF1FFDC7FF1F35D6FF1FC2
:10D48000A3C7FF1FB4D5FF1F50C7FF1F6CA2FF1F0C
:10D49000E5ACFF1F2CC7FF1F8490FF1F58C7FF1F5D
:10D4A00028C7FF1F45D6FF1F8DF807207379854CCD
:10D4B00003F17F02D2B2012A15D82046FDF76EF89B
:10D4C00095F84030012B0CBF8221812102A8F6F78C
:10D4D00085FC9DF80830092B40F0C4800DF1070051
:10D4E000F5F7FBF8BEE0002B00F0BC80E6232371CB
:10D4F00004F108001D23E11D142284F80580A371A6
:10D5000015F0E1FC0120E071AAE01BB998F82C307D
:10D5100063B9ABE0202B09D0102B07D0082B05D026
:10D52000042B03D0013B012B00F2A080022C84BF0E
:10D5300004F1FF345FFA84F8624C63484FF0E6036D
:10D54000237195F82F3098BF4FF00108042B03D0BA
:10D55000082B0CBF0523032300210370F5F7FFF808
:10D5600033781BB108F10C06F6B200E0464695F898
:10D570002E30042B0DF10700314608D1F6F712F9D1
:10D580009DF8073003F03F0363F07F0310E0202B8A
:10D5900008D1F6F707F99DF8073003F03F0343F091
:10D5A000400305E0F6F7FEF89DF8073003F03F036F
:10D5B00002A831468DF80830F6F73CF90A2300211D
:10D5C00039224248A37184F8058015F097FC404B3E
:10D5D0003E4803F11002114653F8045B40F8045B27
:10D5E0009342F9D10023E518D8B2AD7D00F11002C5
:10D5F000D2B235B9013B00F10F0213F10F0FD2B2D5
:10D60000F1D1D31DE0180D68E5508B888380314B34
:10D610000D32224403F1100153F8040B42F8040BBD
:10D620008B42F9D1E279237A1344627A1344A27AC5
:10D630001344E27AD34212D12248FBF7CDFA3146A5
:10D640000DF10700F6F7AEF89DF8073002A803F0D9
:10D650003F0331468DF80830F6F7ECF802E0012080
:10D66000FFF7D4FA1C4B1A7801321A701A4B18487B
:10D670001B783B7100240323214650227B71FC71EF
:10D6800015F03CFC0F482146402275E654F8041B77
:10D6900043F8041B9442F9D198F8003033B10F4B92
:10D6A0001B781BB90E48FBF771F907E00120FFF763
:10D6B000ADFA03E0202A7FF43DAE36E613B0BDE8B4
:10D6C000F08300BF58C7FF1FA48CFF1F5FC7FF1F59
:10D6D00035D6FF1F4BD6FF1FAC8CFF1FFDC7FF1FAA
:10D6E0003F3B020038B5064C04F1100514F8011F49
:10D6F0002F2904D90348F4F798FAAC42F6D138BD83
:10D700005CC7FF1FBCC7FF1F70B50024944204D044
:10D71000CD18065D2E550134F8E770BD13B5802194
:10D720000DF10700F6F75AFB9DF80730612B1BD06F
:10D730000E4B0F4C04221A60EF232371802320210B
:10D740006371E01D6123A371FCF792F82046FCF79A
:10D7500025FF00214022204615F0D0FB0020014685
:10D7600002460523FDF7F6FE02B010BD28C7FF1FD5
:10D7700058C7FF1F10B51B4C13F092FB0323204624
:10D7800002210A2206F068FE20461749174A15F0C2
:10D7900021FB174B17481A68174B0F211A60174ABD
:10D7A000F4F774F90A21164A1648F4F76FF941F2B2
:10D7B0008831154A15480023F4F7ECF944F6206146
:10D7C000134A14480023F4F7E5F940F6C41112484F
:10D7D000124A0023F4F7DEF911481249BDE810405F
:10D7E000F4F71CBA44C8FF1FB74401007C8CFF1F2C
:10D7F000A8FDFF1FB8D5FF1F10D6FF1F5D6B0000EF
:10D80000498D000014D6FF1F059000002CC7FF1F94
:10D8100055B1000040ADFF1F0CC8FF1F316B000069
:10D82000BCC7FF1F425402000023F0B51C461D4632
:10D83000934206D0CF5CC65C7E40354374400133D2
:10D84000F6E7684284EA2040C0B26040F0BD00EBD9
:10D85000400303EBC30303EBC30300EB03234FF2CB
:10D86000FF2213FB020000147047FFFF37B500F1E1
:10D87000800200230093019331F91340164D6C434D
:10D8800004F10064240F0DF803400133082BF3D199
:10D890009DF801409DF8003043EA041303709DF8A1
:10D8A00003409DF8023043EA041343709DF805409D
:10D8B0009DF8043043EA041383709DF807409DF8F7
:10D8C000063043EA0413C3700430904201F11001A2
:10D8D000CFD103B030BD00BFB0AF13002DE9F74387
:10D8E0004FF000084FF0000C01EB0803DFF86C90DC
:10D8F00033F90C60A6FB0923F717003209FB073345
:10D9000043F101035C08C4F309032DF80C300CF15A
:10D91000020CBCF1080FE7D1BDF80020BDF80230C1
:10D920000270120A42EA83024270BDF804209B0989
:10D9300043EA02138370BDF80630120908F10808A3
:10D9400042EA8312B8F5007F4FEA9303C270037175
:10D9500000F10500C6D103B0BDE8F08300BC7D9D99
:10D9600010B50023CC5C40F6015204F00F04544380
:10D97000083424090480CC5C240962430832013352
:10D980001209802B428000F10400EBD110BD37B5A5
:10D990000023CA18CD5C547845EA0425C5F309056F
:10D9A000ADF800509578A40844EA8514C4F309043E
:10D9B000ADF80240D47812792D0945EA0415A4097E
:10D9C00044EA8204C5F30905ADF80450ADF80640F9
:10D9D00000223DF8024040F601556C4304F5007406
:10D9E000A40A84520232082AF3D10533B3F5A07F8A
:10D9F00000F10800CDD103B030BD10B50023CA1826
:10DA0000CC5A528804700433240A44EA0214B3F551
:10DA1000007F4FEA12124470827000F10300EED1D1
:10DA200010BD70B500234A788D7811F8036B14028D
:10DA3000C4F30B043443C4521209C418043342EA39
:10DA40000512B3F5007F6280EDD170BDF8B50E46CA
:10DA5000054600240C4B708823440234B3F88070D0
:10DA600010FB07F0FFF7F3FE2880F0887F4210FBE1
:10DA700007F0FFF7ECFE802C688006F1080605F140
:10DA80000405E7D1F8BD00BF605402002DE9F04F56
:10DA9000814685B0002439F9040040F2A15358436F
:10DAA000FFF7D5FE29F804000234B4F5007FF2D167
:10DAB0000725274A02234FF48077AB40EF401344F9
:10DAC0006FF001027A4309EB470603924FF000081A
:10DAD000DDF80CA033F8022D0292B244C3460024B4
:10DAE00008EB0702934524D23AF80420315B114435
:10DAF00089B21FFA81FC44F6BF6E4FF000701CFB28
:10DB00000E00801600EB400E00EB8E0E00EB0E2098
:10DB1000091A2AF80410315B0193881A029A10FB43
:10DB200002F0FFF794FE0BF1010B3053019B02341E
:10DB3000D6E702EB07086FF00506B8F1FF0F06FB0A
:10DB400017A6C5D9013DB4D105B0BDE8F08F00BF1F
:10DB5000605402002DE9F84F9B4606468F1C904604
:10DB60004FF0000900252C462846AA460BEB090277
:10DB70003B5B525B08F1020E13FB0200BA1E3EF83B
:10DB800004E0115B38F8042004F5007411FB0EAAC0
:10DB9000B4F5C06F11FB020013FB02AA05F58075F6
:10DBA000E4D1FFF754FE30805046FFF750FE09F1F4
:10DBB0000209B9F5807F708007F1040706F10406B9
:10DBC00008F10408CED1BDE8F88FFFFF2DE9F04F32
:10DBD000D0E90023ADF5317DD0E90245D0E90467F5
:10DBE000D0E906ABCDE90A23D0E90823CDE90C45FD
:10DBF000CDE90E67D0E90A45D0E90C67CDE910AB55
:10DC0000CDE91223D0E90EABD0E91023CDE91445BC
:10DC1000CDE91667D0E91245D0E91467CDE918AB14
:10DC2000CDE91A23D0E916ABD0E91823CDE91C457C
:10DC3000CDE91E67D0E91A45D0E91C67CDE920ABD4
:10DC4000CDE92223D0E91EABD0E92023CDE924453C
:10DC5000CDE92667CDE928ABCDE92A23D0E92245D5
:10DC6000D0E92467D0E926ABD0E92823CDE92C45BB
:10DC7000CDE92E67CDE930ABCDE93223D0E92A4595
:10DC8000D0E92C67D0E92EABD0E93023CDE934457B
:10DC9000CDE93667CDE938ABCDE93A230349044DE8
:10DCA0001031A94200F0F18704E000BF6055020086
:10DCB00030560200DDE90A45DDE914ABDDE91E67F7
:10DCC000DDE928238AEA040A8BEA050BDDE93245FF
:10DCD0008AEA060A8BEA070B8AEA020ADDE90C6780
:10DCE0008BEA030BDDE9168984EA0A0485EA0B0551
:10DCF000DDE920ABDDE92A23CDE9024588EA060803
:10DD0000DDE9344589EA070988EA0A0889EA0B0946
:10DD100088EA020889EA030988EA040889EA050909
:10DD2000DDE90E67DDE91845DDE922ABDDE92C23ED
:10DD300074407D40DDE9366784EA0A0485EA0B0514
:10DD40005440DDE910AB5D40DDE91A2366406F40C9
:10DD5000DDE92445CDE90867DDE92E6782EA0A029C
:10DD600083EA0B03DDE938AB62406B407240DDE9CA
:10DD700012457B40DDE91C6782EA0A0283EA0B0355
:10DD8000DDE926AB66406F404FEA480CDDE93045DF
:10DD90004CEAD97C86EA0A0687EA0B07DDE93AAB4A
:10DDA000CDF870C24FEA490C66404CEAD87C8AEA4A
:10DDB000060ACDF874C29CAE6F40D6E900458BEAE6
:10DDC000070B089FCDE900AB84EA0A04DDF824A024
:10DDD0004FEA470C85EA0B054CEADA7CCDE90445AD
:10DDE000CDF878C24FEA4A0C4CEAD77CCDF87CC219
:10DDF0009EACDDE902ABD4E900674FEA420C4CEA85
:10DE0000D37CCDF880C24FEA430C86EA0A0687EA43
:10DE10000B074CEAD27CCDE90667CDF884C2A0AFEF
:10DE2000D7E90067DDF800A0DDF804B0029D89EABB
:10DE300007094FEA4A0C4FEA4B074CEADB7C47EAFA
:10DE4000DA77CDF888C2A397A2AC88EA0608DDE9A4
:10DE500008ABD4E9006786EA0A0687EA0B07CDE932
:10DE60000867039E6C0044EAD674A494740044EAE4
:10DE7000D574A594A4ACD4E900ABDDE90A67DDE96B
:10DE800004458AEA020A8BEA030B74407D40DDE90F
:10DE90000623DDE9166772407B40160D46EA03361D
:10DEA0001B0D43EA02333D93DDE9222382EA080297
:10DEB00083EA09033C96560D46EAC3265B0D43EA06
:10DEC000C2233E963F93DDE92E67DDE908237240C9
:10DED0007B40560546EAD3265B0543EAD2234193AD
:10DEE000DDE93A2382EA0A0283EA0B0340969603AD
:10DEF00046EA93469B0343EA92434296439351E991
:10DF0000042382EA040683EA0507CDE90A67DDE90E
:10DF10003E23DDE93C6722EA060623EA0707DDE93E
:10DF20000A2372407B4040AFD7E90067CDE90A235E
:10DF3000DDE93E2326EA020227EA0303DDE93C6726
:10DF400056405F40CDE9226740AF42AED7E900239B
:10DF5000D6E9006726EA020227EA0303DDE93E6705
:10DF600056405F40CDE93A6742AED6E9002324EA45
:10DF7000020225EA0303CDE9162340AAD2E900678D
:10DF8000DDE9162356405F40CDE91667DDE93C67C1
:10DF900026EA040442AED6E9002327EA05056240DA
:10DFA0006B40CDE92E23DDE91045DDE90823624011
:10DFB0006B40140744EA13141B0743EA12134593FA
:10DFC000DDE91C2382EA0A0283EA0B034494140568
:10DFD00044EA13341B0543EA1233DDE91E67479315
:10DFE000DDE9042372407B404694D40044EA537434
:10DFF000DB0043EA527348944993DDE92A45DDE9A1
:10E00000062362406B40D40C44EA4334DB0C43EA01
:10E0100042334B93DDE9362382EA08024A9483EACD
:10E020000903D40844EA4374DB0843EA427346AF69
:10E0300048AE4D93D7E90023D6E9006726EA0202ED
:10E0400044AE4C94D6E9004527EA030354405D40B2
:10E050004AAA48ABCDE92A45D3E90045D2E90023D5
:10E0600022EA040446AAD2E9006723EA05056640CD
:10E070006F404CAC4AADD5E90023D4E9004524EA11
:10E08000020248ACCDE91067D4E9006725EA030332
:10E0900056405F40CDE91E674CAF44AED7E900451E
:10E0A000D6E9006726EA04044AAED6E9002327EA47
:10E0B000050562406B4046AC44ADCDE93623D5E959
:10E0C0000023D4E9004524EA02024CACD4E90067FD
:10E0D00025EA030356405F40DDE90645CDE91C67AC
:10E0E000DDE90C6774407D40630043EAD5734E93CD
:10E0F0006B0043EAD4734F93DDE9182382EA0802E8
:10E1000083EA0903940144EA93649B0143EA92631E
:10E1100050945193DDE92445DDE9082362406B40CA
:10E12000540644EAD3145B0643EAD2135393DDE961
:10E13000302382EA0A02529483EA0B03140244EA6F
:10E1400013641B0243EA12635593DDE93267DDE98C
:10E150000423724054947B40940444EA93349B0417
:10E16000569443EA923350AD52AC5793D5E900230D
:10E17000D4E9004524EA02024EACD4E9006725EA5E
:10E18000030356405F40CDE9186752AF54AED7E95C
:10E190000023D6E9006726EA020250AED6E9004520
:10E1A00027EA030354405D4056AA54ABCDE93045FD
:10E1B000D3E90045D2E9002322EA040452AAD2E9B5
:10E1C000006723EA050566406F404EAC56ADD5E9C1
:10E1D0000023D4E9004524EA020254ACCDE90C67DF
:10E1E000D4E9006725EA030356405F40CDE9246780
:10E1F0004EAF50AED7E90023D6E9006726EA020207
:10E2000056AED6E9004527EA030354405D40DDE9F8
:10E21000122382EA0A02CDE9324583EA0B03D406CF
:10E2200044EA5314DB0643EA521358945993DDE948
:10E230001445DDE9042362406B40140F44EA0314E3
:10E240001B0F43EA02135B93DDE92067DDE9062338
:10E2500072405A947B40940244EA93549B0243EAEE
:10E2600092535D93DDE92C2382EA08025C9483EAF1
:10E270000903D40344EA5344DB0343EA52435E9464
:10E280005F93DDE93845DDE9082362406B40140AFD
:10E2900044EA03641B0A43EA02635AAF5CAE61932B
:10E2A000D7E90023D6E9006726EA020258AE609457
:10E2B000D6E9004527EA030354405D40CDE93845DF
:10E2C0005CAD5EACD5E90023D4E9004524EA020246
:10E2D0005AACD4E9006725EA030356405F40CDE914
:10E2E00014675EAF60AED7E90023D6E9006726EA7F
:10E2F00002025CAED6E9004527EA030354405D40C4
:10E30000CDE92C4560AD58ACD5E90023D4E90045F2
:10E3100024EA02025EACD4E9006725EA0303564012
:10E320005F40CDE9126758AF5AAED7E90023D6E96E
:10E33000006726EA020260AED6E9004527EA030339
:10E3400054405D40CDE92045DDE90E2388EA02080E
:10E35000DDE91A6789EA0309DDE908454FEA980310
:10E3600043EA897362934FEA9903744043EA8873DE
:10E3700063937D40630A43EAC55364936B0A43EA9F
:10E38000C4536593DDE9262382EA0A0283EA0B037C
:10E39000540E44EAC3145B0E43EAC2136793DDE9EB
:10E3A00028ABDDE9042382EA0A02669483EA0B03C0
:10E3B000D40D44EA4324DB0D43EA42236894699375
:10E3C000DDE93445DDE9062362406B40940044EA10
:10E3D00093749B0043EA927364AF66AE6A946B9346
:10E3E00062ACD7E90023D6E90067D4E900AB26EA9E
:10E3F000020227EA030368AE66AF8AEA020A8BEAE2
:10E40000030B64ACD7E90023D6E90067CDE926AB5E
:10E41000D4E900AB26EA020227EA03036AAE68AF3A
:10E420008AEA020A8BEA030B66ACD7E90023D6E935
:10E430000067CDE934ABD4E900AB26EA020227EA53
:10E44000030362AE6AAF8AEA020A8BEA030B68AC86
:10E45000D7E90023D6E90067CDE91AABD4E900ABD0
:10E4600026EA020227EA03038AEA020A8BEA030B7E
:10E4700062AF64AECDE928AB6AACD7E90023D6E938
:10E480000067D4E900AB26EA020227EA03038AEA1E
:10E49000020A8BEA030BDDE90A67CDE90EABDDE981
:10E4A0002AABDDE91823DDE938458AEA060A8BEA5A
:10E4B000070BDDE926678AEA020A8BEA030B8AEA80
:10E4C000040A8BEA050B86EA0A0687EA0B07DDE9F0
:10E4D0001089DDE922ABDDE93023DDE9144588EA66
:10E4E0000A0889EA0B09CDE9026788EA0208DDE932
:10E4F000346789EA0309DDE93AAB88EA040889EA66
:10E500000509DDE91E45DDE90C2388EA060889EAEC
:10E510000709DDE92C6784EA0A0485EA0B05DDE9D1
:10E520001AAB54405D4074407D408AEA040A8BEA8D
:10E53000050BDDE93623DDE91645DDE92467CDE984
:10E5400008ABDDE912AB62406B40DDE92845724063
:10E550007B4082EA0A02DDE91C6783EA0B03DDE9FE
:10E5600032AB62406B40DDE92E4586EA0A0687EA57
:10E570000B07DDE920AB66406F40DDE90E454FEA51
:10E58000480C86EA0A0687EA0B074CEAD97C7440F5
:10E590007D40CDF898C24FEA490CCDE900454CEAE0
:10E5A000D87CA6ACCDF89CC2D4E90067DDE9004573
:10E5B00066406F40089DCDE90467099E4FEA450C0F
:10E5C0004CEAD67CCDF8A0C24FEA460C4CEAD57C8A
:10E5D000CDF8A4C2A8AFD7E90045DDE902674FEA4C
:10E5E000420C74407D404CEAD37CCDE90645019E47
:10E5F000009DCDF8A8C24FEA430C4CEAD27CCDF87E
:10E60000ACC277004FEA450C47EAD577AAAC4CEA92
:10E61000D67CD4E900ABAD97CDF8B0C2ACAFD7E9AA
:10E620000045DDE9086788EA0A08DDF808A089EAFC
:10E630000B097440DDF80CB07D40CDE908454FEA88
:10E640004A0444EADB74AE944FEA4B0444EADA74B9
:10E65000AF94AEAFD7E900ABDDE90A458AEA020A1A
:10E660008BEA030BDDE90423DDE9106762406B40B0
:10E67000DDE9064574407D40260D46EA05362D0D40
:10E6800045EA04356D95DDE90C4584EA080485EA20
:10E6900009056C96660D46EAC5266D0D45EAC4254A
:10E6A0006E966F95DDE91267DDE9084574407D409F
:10E6B000660546EAD5266D0545EAD4257195DDE95E
:10E6C0000E4584EA0A04709685EA0B05A60346EA1D
:10E6D0009546AD0345EA9445739551E90245729616
:10E6E00085EA030784EA02066CAD6EACCDE90A67E1
:10E6F000D5E90067D4E9004524EA060625EA0707BC
:10E70000DDE90A4574407D40CDE90A456EAD70AC47
:10E71000D5E90067D4E9004524EA060625EA07079B
:10E72000CDE90C676CAED6E90045DDE90C677440B5
:10E730007D4072AE70AFCDE90C45D7E90045D6E912
:10E74000006726EA040427EA0505CDE90E456EAC0C
:10E75000D4E90067DDE90E4566406F4072ACCDE953
:10E760000E67D4E9006722EA060623EA0707CDE927
:10E77000106770AED6E90045DDE9106774407D4052
:10E78000CDE910456CADD5E9004524EA020272AC32
:10E79000D4E9006725EA030356405F40CDE91267DC
:10E7A000DDE90823DDE9166772407B40140744EA7F
:10E7B00013141B0743EA121374947593DDE91C23A9
:10E7C00082EA0A0283EA0B03140544EA13341B05A8
:10E7D00043EA123376947793DDE91845DDE90423A3
:10E7E00062406B40D40044EA5374DB0043EA527346
:10E7F0007993DDE91467DDE90623724078947B4064
:10E80000D40C44EA4334DB0C43EA42337B93DDE926
:10E810001A2382EA08027A9483EA0903D40844EAB4
:10E820004374DB087C9443EA427376AD78AC7D9305
:10E83000D5E90023D4E9004524EA020274ACD4E906
:10E84000006725EA030356405F40CDE9146778AFBF
:10E850007AAED7E90023D6E9006726EA020276AE4F
:10E86000D6E9004527EA030354405D40CDE916454B
:10E870007AAD7CACD5E90023D4E9004524EA020254
:10E8800078ACD4E9006725EA030356405F40CDE940
:10E8900018677CAF74AED7E90045D6E9006726EA71
:10E8A00004047AAED6E9002327EA050562406B40EE
:10E8B00076AC74ADCDE91A23D5E90023D4E900453F
:10E8C00024EA02027CACD4E9006725EA030356403F
:10E8D0005F40CDE91C67DDE92267DDE90623724070
:10E8E0007B40540044EAD3745B0043EAD2737F93C5
:10E8F000DDE91E2382EA08027E9483EA090394017B
:10E9000044EA93649B0143EA926380948193DDE936
:10E910002445DDE9082362406B40540644EAD314E1
:10E920005B0643EAD2138393DDE9202382EA0A02DD
:10E93000829483EA0B03140244EA13641B0243EA41
:10E9400012638593DDE92667DDE904237240849430
:10E950007B40940444EA93349B04869443EA9233C4
:10E9600080AD82AC8793D5E90023D4E9004524EA41
:10E9700002027EACD4E9006725EA030356405F40FB
:10E98000CDE91E6782AF84AED7E90023D6E90067E0
:10E9900026EA020280AED6E9004527EA0303544086
:10E9A0005D40CDE9204584AD86ACD5E90023D4E9AE
:10E9B000004524EA020282ACD4E9006725EA030399
:10E9C00056405F40CDE9226786AF7EAED7E900238F
:10E9D000D6E9006726EA020284AED6E9004527EAB6
:10E9E000030354405D40CDE924457EAD80ACD5E9BC
:10E9F0000023D4E9004524EA020286ACD4E900678A
:10EA000025EA0303DDE92E4584EA0A0485EA0B05BD
:10EA10005F40E30643EA55138893EB06564043EA0A
:10EA200054138993CDE92667DDE90423DDE92A67DC
:10EA300072407B40140F44EA03141B0F43EA021395
:10EA40008A948B93DDE93045DDE9062362406B4013
:10EA5000940244EA93549B0243EA92538D93DDE976
:10EA60002C2382EA08028C9483EA0903D40344EA43
:10EA70005344DB0343EA5243DDE928678F93DDE922
:10EA8000082372408E947B40140A44EA03641B0AF4
:10EA9000909443EA02638AAD8CAC9193D5E900234C
:10EAA000D4E9004524EA020288ACD4E9006725EAEB
:10EAB000030356405F40CDE928678CAF8EAED7E99F
:10EAC0000023D6E9006726EA02028AAED6E90045AD
:10EAD00027EA030354405D40CDE92A458EAD90AC52
:10EAE000D5E90023D4E9004524EA02028CACD4E93C
:10EAF000006725EA030356405F40CDE92C6790AFDD
:10EB000088AED7E90023D6E9006726EA02028EAE76
:10EB1000D6E9004527EA030354405D40CDE92E4580
:10EB200088AD8AACD5E90023D4E9004524EA020285
:10EB300090ACD4E9006725EA030356405F40CDE975
:10EB40003067DDE93A6788EA060889EA07094FEA8B
:10EB5000980343EA897392934FEA990343EA8873CF
:10EB60009393DDE90845DDE9362354405D40630AAF
:10EB700043EAC55394936B0A43EAC4539593DDE982
:10EB8000322382EA0A0283EA0B03540E44EAC314D6
:10EB90005B0E43EAC21396949793DDE93845DDE9AD
:10EBA000042362406B40D40D44EA4324DB0D43EA66
:10EBB0004223DDE934679993DDE906237240989496
:10EBC0007B40940044EA93749B009A9443EA9273C6
:10EBD00094AC9B93D4E9002396ACD4E900AB92ACFF
:10EBE000D4E900672AEA02022BEA030356405F4099
:10EBF000CDE9326798AED6E9006794AC26EA0A02FE
:10EC000027EA0B03D4E900AB98AF9AAE8AEA020A6E
:10EC10008BEA030B96ACD7E90023D6E90067CDE970
:10EC200034ABD4E900AB26EA020227EA03038AEAFE
:10EC3000020A8BEA030B9AAF92AECDE936AB98ACE1
:10EC4000D7E90023D6E90067D4E900AB26EA02023F
:10EC500027EA030394AE92AF8AEA020A8BEA030B17
:10EC60009AACD7E90023D6E90067CDE938ABD4E9FF
:10EC700000AB26EA020227EA03038AEA020A8BEAC9
:10EC8000030BCDE93AABFFF70AB8DDE90A67DDE926
:10EC90000CABDDE90E23DDE91045C0E90067DDE9D5
:10ECA0001267C0E902ABC0E90423DDE914ABDDE97A
:10ECB0001623C0E90645C0E90867DDE91845DDE926
:10ECC0001A67C0E90AABC0E90C23DDE91CABDDE93A
:10ECD0001E23C0E90E45C0E91067DDE92045DDE9E6
:10ECE0002267C0E912ABC0E91423DDE924ABDDE9FA
:10ECF0002623C0E91645C0E91867DDE92845DDE9A6
:10ED00002A67C0E91AABC0E91C23C0E91E45C0E967
:10ED10002067DDE92CABDDE92E23DDE93045DDE9B7
:10ED20003267C0E922ABC0E92423C0E92645C0E927
:10ED30002867DDE934ABDDE93623DDE93845DDE977
:10ED40003A67C0E92AABC0E92C23C0E92E45C0E9E7
:10ED500030670DF5317DBDE8F08F00BF10B50A4674
:10ED60000021044614F0CAF810BDFFFF2DE9F74F4B
:10ED70004FF4807828FA01F84FF0010B01390BFAB3
:10ED800001FB174B0BF1FF3B4FEA480A03EB4B0B20
:10ED9000054600263BF8022F05EB0A07B146002482
:10EDA00006EB0803994511D2385B019210FB02F083
:10EDB000FEF74DFD2B5B019A80B21B1A3B532B5B78
:10EDC0001844285309F101090234E9E703EB080666
:10EDD000FF2E07EB0A05DDD903B0BDE8F08F00BFB9
:10EDE00060540200F0B50025FF2923D803359D4269
:10EDF00020D8541914F8027C14F803CC14F8016CD0
:10EE00004CEA072CCCF30B0CBCF5506F06DC4C1C09
:10EE1000B4F5807F20F811C00AD021463F0947EAA7
:10EE20000616B6F5506FDABF20F811604C1C0C4680
:10EE30002146D9E70846F0BD10B50023C45A4FF06B
:10EE4000007244F6BF6114FB0121891601EB4102F7
:10EE500001EB820201EB0222A21A92B211B2090C5A
:10EE6000494202F60154544004EA21414A40C25248
:10EE70000233B3F5007FE1D110BD70B5002200EB85
:10EE80000215002301249C408E5C34406442261409
:10EE900040F28164344025F813400133082BF1D14E
:10EEA0000132202AEBD170BD70B500230022C2547C
:10EEB00001EB031636F91240074D6C4304F1804410
:10EEC000C55CE40F944001322C43082AC454F1D1AC
:10EED0000133202BEAD170BDB8AF130010B5002369
:10EEE000CC5AC25A2244C2520233B3F5007FF7D142
:10EEF00010BD10B50023C45ACA5AA21AC252023316
:10EF0000B3F5007FF7D110BD38B505460C46FEF7C6
:10EF1000E5FC05F5A07004F50071FEF7DFFC05F5D2
:10EF2000207004F58061BDE83840FEF7D7BC38B5E5
:10EF300005460C46FEF72BFD05F5007004F5A071A3
:10EF4000FEF725FD05F5806004F52071BDE8384029
:10EF5000FEF71DBD38B505460C46FEF74EFD05F51E
:10EF6000C07004F50071FEF748FD05F5407004F52A
:10EF70008061BDE83840FEF740BD38B505460C4617
:10EF8000FEF74FFD05F5007004F5C071FEF749FD71
:10EF900005F5806004F54071BDE83840FEF741BDDD
:10EFA000F8B50646002437190125294638460135AB
:10EFB000FFF7DCFE082DF8D104F50074B4F5C06F3E
:10EFC000F1D1F8BD10B50446FEF760FD04F5007000
:10EFD000FEF75CFD04F58060BDE81040FEF756BD0D
:10EFE00038B505460C46FEF731FD05F5807004F591
:10EFF0000071FEF72BFD05F5007004F58061BDE89A
:10F000003840FEF723BD2DE9F04700AFADF5995D1F
:10F010000DF11F0424F01F0404F5C06504F58856A3
:10F020008246884628469146FFF781FF304608F51C
:10F030007071FEF795FC49462046FFF79EFF04F5E8
:10F0400040692846FFF7ACFF04F57068484629463A
:10F05000FFF7C6FF2A464B4621464046FEF77AFD9B
:10F060004046FEF713FD41463046FFF742FF30466B
:10F07000FFF7E2FE50463146FFF716FF48464FF4D1
:10F080004071FFF76BFE40464FF40071FFF766FEDC
:10F0900030464FF40071FFF761FE20464FF4C06127
:10F0A000FFF75CFE28464FF4C061FFF757FE0020D3
:10F0B000BD46BDE8F08710B50446FFF7BDFE04F578
:10F0C0000070FFF7B9FE04F58060BDE81040FFF75F
:10F0D000B3BE38B505460C46FFF700FF05F50070D6
:10F0E00004F50071FFF7FAFE05F5806004F5806114
:10F0F000BDE83840FFF7F2BEF8B5074600257E1997
:10F100000024305F40F249535843FEF7A0FB3053D0
:10F110000234B4F5007FF4D105F50075B5F5C06F84
:10F12000EDD1F8BDF0B50023CA18CD5C94785678BF
:10F13000D278240444EA06242C4344EA02625408A8
:10F1400002F0553504F055342C4400EB83060022C0
:10F15000550024FA05F7023524FA05F507F00307F0
:10F1600005F003057D1BB5520232102AF0D104339D
:10F17000802BD9D1F0BDE021FFF7F0BD4FF44871ED
:10F18000FFF7ECBD10B5024400249C4203D0105D93
:10F1900008550134F9E710BD2DE9F047099D0A9C97
:10F1A000089F0646914698462A462346FFF7EAFFFF
:10F1B00006F1C80049462A462346FFF7E3FF06F555
:10F1C000C87041462A462346FFF7DCFF06F5167055
:10F1D00039462A462346BDE8F047FFF7D3BF2DE95D
:10F1E000F04105460C46174698467CB1444534BF6D
:10F1F000264646463846FEF7E9FC294638460022B0
:10F200003346FFF7BFFF3544A41BEEE7BDE8F081AE
:10F2100070B505460C4616465CB13046FEF7D6FC86
:10F22000294630460022A823FFF7ACFFA835013C51
:10F23000F2E770BD30B5024400249C4205D00D5D5C
:10F24000105D684010550134F7E730BD2DE9F047F7
:10F25000099D0A9C089F0646914698462A462346E1
:10F26000FFF7E8FF06F1C80049462A462346FFF7A4
:10F27000E1FF06F5C87041462A462346FFF7DAFF4C
:10F2800006F5167039462A462346BDE8F047FFF7D3
:10F29000D1BF2DE9F8431E46074688469146002314
:10F2A000FA18083300240025C82BC2E90045F7D11D
:10F2B00046450CD34946384600224346FFF7BAFF7D
:10F2C0003846FEF783FCC8EB0606C144F0E72EB1D2
:10F2D0003846494600223346FFF7ACFF08F1FF38B5
:10F2E000464509D19DF8203063F07F038DF820302A
:10F2F000384608A932460BE0384608A932460123B1
:10F30000FFF798FF80238DF82030384608A9424641
:10F310000123FFF78FFFBDE8F88313B513460C46B2
:10F320001F220092A8212246FFF7B3FF02B010BDB2
:10F330002DE9F04100AFADF5407D0DF11F0424F043
:10F340001F0404F50075804622222846FFF7E5FFDA
:10F35000204603212A46FFF75BFF40460021224654
:10F360004FF4FC73FFF73EFDFF28064609D8204600
:10F3700001212A46FFF74CFF404631462246A8238A
:10F38000F0E72846FFF7F7FE20464FF4FC71FFF741
:10F39000E5FCBD46BDE8F081F0B583B002AFC0B07A
:10F3A0000DF1270424F01F040D461F21064600918D
:10F3B00020468821FFF76DFF3046294622468823E4
:10F3C000FFF70DFF2046E021FFF7C8FC0437BD46DC
:10F3D000F0BD2DE9F04F83B000AFADF5487D1D467F
:10F3E0000DF11F043B6B7A6024F01F0483468A46AC
:10F3F0001A4604F5007E03F1200C10685168764629
:10F4000003C608326245B646F7D11A4604F5107EA7
:10F4100003F1200C10685168764603C60832624535
:10F42000B646F7D11A4604F5207E03F1200C106889
:10F430005168764603C608326245B646F7D104F5F0
:10F44000307C664603F1200E18685968324603C2C4
:10F45000083373451646F7D197F8343084F82032D4
:10F4600097F8383084F8603297F83C3084F8A0324E
:10F4700004F5007697F8403084F8E0322046802189
:10F480003246212304F18009C7F800C004F58078D2
:10F49000FFF782FF4846802104F510722123FFF711
:10F4A0007BFF4046802104F520722123FFF774FF83
:10F4B000D7F800C035B104F5C07080216246212321
:10F4C000FFF76AFF58462146FFF72CFE5046494693
:10F4D000FFF728FE78684146FFF724FE25B128464D
:10F4E00004F5C071FFF71EFE20464FF40071FFF7D0
:10F4F00035FC30464FF48071FFF730FC0C37BD46C9
:10F50000BDE8F08F30B5B5B00D461346062204466F
:10F51000009202A82A468821FFF7BBFE204602AAD5
:10F5200088232021FFF75BFE02A8C821FFF716FC05
:10F5300035B030BDB0B500AF90B00DF11F04054639
:10F5400024F01F04204605F590614FF49462FFF704
:10F55000D9FF2146202205F51260FEF765F920212A
:10F5600005462046FFF7FAFB281C18BF0120404241
:10F57000BD46B0BD30B5B5B00D46134606220446B3
:10F58000009202A82A464821FFF783FE204602AADD
:10F5900048234021FFF723FE02A8C821FFF7DEFB26
:10F5A00035B030BD10B50446FEF710FB04F1C800BD
:10F5B000FEF70CFB04F5C870FEF708FB04F51670A7
:10F5C000BDE81040FEF702BB2DE9F04F87B0804642
:10F5D000109D894692469B460024129A0BEB040329
:10F5E000059309EB04070AEB040308EB0406144433
:10F5F0008DB111980493FFF7D5FF059A0092002072
:10F60000129A019002921198049B31463A46FFF7F4
:10F61000C3FD013DE1E707B0BDE8F08F1FB5069CD3
:10F620000094079C0194A8240294FFF7CDFF04B036
:10F6300010BD2DE9F04D86B09B460F9F109D1F23F6
:10F6400006460C4692468DF817304FF000080E9B88
:10F65000A54207EB080043440BEB08020AEB080144
:10F66000A0440BD300900020019002943046FFF795
:10F67000EDFD3046FFF796FF2D1BE8E735B1009012
:10F680000020019002953046FFF7E0FD671EBD4265
:10F690000DF117040AD19DF8173063F07F038DF840
:10F6A000173001238DE8300002930FE08DE8300021
:10F6B000012523460295304621462246FFF7C6FD26
:10F6C0008DE8900080238DF8173002953046214652
:10F6D00022462346FFF7BAFD06B0BDE8F08DF0B52F
:10F6E00085B01C460E46154600214FF44872074669
:10F6F00013F004FC00940A9C01940B9C029438467D
:10F70000A82132462B46FFF794FF05B0F0BD2DE946
:10F71000F04F89B002AFADF5346D7961396CFB60A3
:10F720000DF1270424F01F0401F1C00304F5006863
:10F730000093222382463A61404601F14002019340
:10F7400001F18003FFF7CBFF04F5007604F5806537
:10F7500004F5C06903238DE8080131462A46204696
:10F760004B46FFF75BFF002122464FF4FC735046E7
:10F77000FFF738FB324600214FF4FC73804678696E
:10F78000FFF730FB2A4600214FF4FC730646386928
:10F79000FFF728FB0546F86800214A464FF4FC7342
:10F7A000FFF720FBB8F1FF0F81462FD8012204F5A7
:10F7B000007C04F5806304F5C06B009204F50062E0
:10F7C0006146019220461A46BB605B46C7F804C0FA
:10F7D000FFF724FF41462246A8235046FFF702FBCD
:10F7E000D7F804C031466246A82380467869FFF7FF
:10F7F000F9FA2946BA68A82306463869FFF7F2FAEB
:10F80000494605465A46F868A823C9E7FF2ECDD9D0
:10F81000FF2DCBD9FF28C9D904F50060FFF7AEFC56
:10F8200020464FF40061FFF799FA1C37BD46BDE84A
:10F83000F08F2DE9F04182B002AFC8B00DF127047E
:10F840000546904624F01F0400230A46E01801F103
:10F85000200652F804EB40F804EBB242F9D14033F1
:10F86000B3F5807FF1D1234600260322B6FBF2F2E6
:10F87000D1B202EB4202B21AD2B2B8F1000F14D1E7
:10F8800083F8202083F821100136042E03F1400371
:10F89000EBD105F5C0630094284605F5007105F528
:10F8A0008062FFF734FF234604E083F8201083F8DA
:10F8B0002120E9E70322B6FBF2F2D1B202EB4202C9
:10F8C000B21AD2B2B8F1000F25D183F8202083F804
:10F8D00021100136082E03F14003EBD105F54062FB
:10F8E00005F5006005F5206105F560630094FFF7FC
:10F8F0000EFF022305F58050214684F8203084F85D
:10F900002130FFF715FD20464FF48071FFF726FAEE
:10F91000BD46BDE8F08183F8201083F82120D8E7A8
:10F920002DE9F04F8BB006AFADF51E5D0DF137043C
:10F9300024F01F0404F51D58F860B960454602F133
:10F940002006106851682B4603C30832B2421D4698
:10F95000F7D14FF0030B04F51C5688F820B0304661
:10F9600041462122FFF706FE204631460022FFF7DE
:10F9700060FF01230293022306F1200C4FF0000ADE
:10F9800004F590550393FF23CDF800C00493284657
:10F9900004F5A05104F5B0525346CDF804A0C7F8C1
:10F9A00004C0FFF716FD042302930523D7F804C013
:10F9B000039304F5F059FF23CDF800C004F500517E
:10F9C00004F50852CDF804B0049348465346FFF7B7
:10F9D00000FD2846FFF7E4FA04F5105B4846FFF700
:10F9E000DFFA58462946FFF7FBFAD4460CEB4C01E8
:10F9F00004F5C05A0AEB0C0021442A4604F51053C2
:10FA0000C7F804C0FEF7A6F8D7F804C00CF5007CD0
:10FA1000BCF5C06FEAD15046FFF76EFB4946504631
:10FA2000FFF757FB5046FFF746FB2846FFF743FB1F
:10FA3000B8682946FFF78EFAF8685146FFF78AFA48
:10FA4000FB68B64603F5906206F1200C734603CBC3
:10FA50006345106051609E4602F10802F6D1584697
:10FA60004FF44071FFF77AF928464FF4C061FFF771
:10FA700075F950464FF4C061FFF770F948464FF4EE
:10FA8000C061FFF76BF920464FF49051FFF766F91C
:10FA900040462121FFF762F930464021FFF75EF929
:10FAA00000201437BD46BDE8F08FF8B505460C467A
:10FAB0001746FFF735FF0646D0B904F59060294692
:10FAC0004FF4946210F042FB04F512604FF494621C
:10FAD0002946FFF717FD07F1200204F5146402F12F
:10FAE000200352F8041B44F8041B9A42F9D109E0A0
:10FAF00028464FF49461FFF731F920464FF4166120
:10FB0000FFF72CF93046F8BD2DE9F04F8DB006AF68
:10FB1000ADF54D5D0DF1370424F01F0404F5F05BE5
:10FB2000386188465846114691461E46FFF725FA29
:10FB300004F54C5109F5906579610A4609F5946917
:10FB400028686968134603C308354D451A46F7D13E
:10FB5000414604F53C50FFF790F9204679690122AF
:10FB6000FFF767FE01230293022304F510580025D6
:10FB70000393FF230493404604F5185104F52052E3
:10FB80002B4600960195FFF724FC032301930423E1
:10FB9000029305230393062304F5D051049304F53F
:10FBA000C05004F5E05204F534530096FFF711FC01
:10FBB00004F5285A4046FFF7F3F950464146FFF74F
:10FBC0000FFA05EB450104F5905909EB05002144B6
:10FBD0004246534605F50075FDF7BCFFB5F5C06F0D
:10FBE000EFD104F544564246594653463046FDF798
:10FBF000B1FF4846FFF7E6F93046FDF747FF04F549
:10FC0000C053194648467B60FFF763FA04F5345C3D
:10FC100061463046C7F80CC0FFF760F904F53C5266
:10FC200011463046BA60FFF759F94846FFF743FAE4
:10FC30003046FFF701F938694946FFF765F9396938
:10FC400001F570703146FDF711FE50464FF44071DA
:10FC5000FFF784F8D7F80CC04FF400716046FFF747
:10FC60007DF8BA684FF400711046FFF777F8304618
:10FC70004FF40071FFF772F848462946FFF76EF817
:10FC80007B6829461846FFF769F858462946FFF76A
:10FC900065F840462946FFF761F820464FF4905139
:10FCA000FFF75CF878692021FFF758F800201C372F
:10FCB000BD46BDE8F08F2DE9F04F83B0814600AF1F
:10FCC0001046ADF5A06D8A461546FFF733FC0DF1E1
:10FCD0001F0424F01F04064604F5946800285AD136
:10FCE000404651462A46FFF78EF90646002852D173
:10FCF00005F5126B04F5986205F51466DBF8000053
:10FD0000DBF80410134603C30BF1080BB3451A4686
:10FD1000F4D104F58C60414640227860FFF72AFC5C
:10FD20002046414605F5906204F59063FFF7ECFE2E
:10FD3000064680BB504621464FF48862FDF774FDAD
:10FD400005F5166538605B46A64618685968724620
:10FD500003C20833AB429646F7D151464FF488624E
:10FD600004F1200010F0F2F94FF48C634846202192
:10FD70002246FFF711FB00237A683868D15C4242C3
:10FD800019F80300484000EA2242514009F80310E4
:10FD90000133202BF0D120464FF48C61FEF7DEFFBB
:10FDA00004F58C604021FEF7D9FF40464021FEF764
:10FDB000D5FF30460C37BD46BDE8F08FFDF706BFD6
:10FDC00070B5002146583246F317D40F44EA430475
:10FDD0002346054A3244724013405E404650043187
:10FDE000B1F5806FEED170BD01E07F002DE9F04FDD
:10FDF000082689B00423334AB340D3184FF4807CDB
:10FE00002CFA06FC06936FF0030303FB0CF300EBE4
:10FE10008C0707934FF000080699DDF81C9051F805
:10FE2000043D06915B420193B944C246002108EBB0
:10FE30000C039A451FD259F801407A58224449F8D8
:10FE400001207B58019AC3EB040B8BFB0245C4EBEA
:10FE5000C40204EB82221C4B04EB4232019C82FB65
:10FE60000323C4FB0B23DC177B50029303940AF19A
:10FE7000010A0431DBE703EB0C086FF00B07B8F164
:10FE8000FF0F07FB1C97C7D9013EB3D187590E4B13
:10FE90004AF2FA3187FB0145C4EBC40204EB82222B
:10FEA00004EB423282FB0323C1FB07238351043658
:10FEB000DC17B6F5806F04930594E7D109B0BDE86F
:10FEC000F08F00BF20560200FF1F80FF2DE9F04396
:10FED0004FF0000C50F80C9051F80C800A4B89FB45
:10FEE0000845C4EBC40204EB822204EB423282FBDD
:10FEF0000323C8FB092340F80C300CF1040CBCF5BB
:10FF0000806FE7D1BDE8F083FF1F80FF4FF0000C4A
:10FF10002DE9F047824660465AF80C301C46DD1742
:10FF20004FEAD47848EA450844465D425D402C409B
:10FF300063404A1ED21AD317D60F0CF1040C46EABE
:10FF40004306BCF5806F40EA0600E5D1BDE8F087C6
:10FF5000F0B500268A5902F17F03DB1103EB8323FE
:10FF600003F50013C3F383538351A3EB832302EB05
:10FF70004327C7F57F1202F54052D317D40F44EA46
:10FF800043042346054A3A447A4013405F408F5168
:10FF90000436B6F5806FDDD1F0BD00BFFF1F80FFD6
:10FFA00030B5024600230C78C4504D7844EA05244D
:10FFB000C4508D7844EA0544C4F31304C4508C78CB
:10FFC00024095460CD7844EA051454600D7944EA5C
:10FFD00005345460C458C4F50024C4505468083330
:10FFE000C4F50024B3F5806F546001F1050102F1FE
:10FFF0000802D8D130BD10B50A460021044612F0DF
:020000021000EC
:100000007DFF10BD2DE9F047089E07460C4692463D
:100010001D46C4EB0A08464538462946224604EBED
:1000200006090AD34346FFF705F93846CAEB090625
:100030004544FFF7C3FE0024EBE73346FFF7FAF829
:100040004846BDE8F08770B50024FF291AD89C42C5
:1000500018D0155D05F00F06082E04F101044FEAD3
:10006000151504D8C6F1040640F821600131082DA9
:10007000EBD8B1F5807F05D0C5F1040540F82150DB
:100080000131E2E7084670BDF0B50024FF2916D81B
:1000900003349C4213D8151915F8036C15F8027C2B
:1000A00015F8015C2D0445EA07253543054EC5F3D7
:1000B0001605B5429CBF40F821500131E6E70846DD
:1000C000F0BD00BF00E07F002DE9F04F87B00125B3
:1000D000049004226B1E02FA03F3244A049E4FF498
:1000E000807A2AFA05FAD3184FF0000C05934FEAEC
:1000F0008A0B6746059850F80C00039006EB0B0836
:10010000B946002407EB0A03994521D258F8042088
:10011000039B82FB0301C0EBC00200EB8222144B65
:10012000039900EB423258F8040082FB0323C1FB21
:1001300000230093D8170099335901905B1A48F8AF
:10014000043033590B44335109F101090434D9E720
:1001500003EB0A07FF2F0CF1040C08EB0B06C9D9BF
:100160000135092DB5D107B0BDE8F08F205602004A
:10017000FF1F80FFF0B5079C254604F1200655F8C7
:10018000047B40F8047BB542F9D105F1200055F815
:10019000046B42F8046B8542F9D104F1400202F18C
:1001A000400052F8045B41F8045B8242F9D1059AA1
:1001B00004F180011160069A04F5407104F5C064F1
:1001C00011601C60F0BD01F1300351F8042B40F8C0
:1001D000042B9942F9D170472DE9F84F00F54B6790
:1001E000804689469246384600213D2212F086FE1E
:1001F00000242546A30209EB03010AEB03020023B6
:1002000051F82300DFF84CB052F823C000F57F36D8
:1002100006F540765E4505D80D4EB04206D1BCF1DC
:10022000000F03D0372D0FD07B5501350133B3F5C7
:10023000807FE5D108EB04030134062C83F8E75CEA
:10024000D8D10020BDE8F88F4FF0FF30BDE8F88F1F
:100250000001FCFF00FE070010B50023C258064C49
:1002600002F58001C91504FB0122C2500433B3F525
:10027000806FF3D110BD00BFFF1F80FF10B50023BA
:10028000C458CA582244C2500433B3F5806FF7D122
:1002900010BD10B50023C458CA58A21AC250043366
:1002A000B3F5806FF7D110BD30B50023D55805F6F2
:1002B000FF746413C450A5EB4434CC500433B3F53D
:1002C000806FF3D130BD10B500F5A0740B680370DA
:1002D00091E80C00121242EA830343704A688B686B
:1002E000921142EA031383708A68CB68121142EAC2
:1002F0008313C370CB689B1003710530A04201F1DA
:100300001001E3D110BD2DE9F04700230A684E68C3
:10031000CD680C69CF69C2F580588A68C6F58056E9
:10032000C2F5805C4A694FEA461AC2F580598A696B
:1003300080F800804AEA182880F801804FEAD60841
:1003400080F802804FEA8C08C5F5805548EAD62629
:10035000C670EE01C4F5805446EA9C1C6E084671D6
:10036000260146EA552585712509C5714FEA4905DB
:10037000C2F5805245EA143404729401C7F58057DF
:1003800044EAD919940884720133FC0044EA9222A9
:100390007F09202B80F804C080F80990C27207738F
:1003A00001F1200100F10D00B0D1BDE8F08730B5BA
:1003B000034600220C7884504D7844EA0524C4F3A7
:1003C0000C0484504C7864095C608D7844EAC50460
:1003D0005C60CD7844EAC524C4F30C045C60CC783E
:1003E000A4089C600D7944EA8514C4F30C049C6055
:1003F0000C79E409DC604D7944EA4504DC608D79D0
:1004000044EA4524C4F30C04DC608C7924091C61A3
:10041000CD7944EA05141C610D7A44EA0534C4F32D
:100420000C041C610C7A64085C614D7A44EAC514C2
:10043000C4F30C045C614C7AA4099C618D7A44EA93
:1004400085049C61CD7A44EA8524C4F30C049C6144
:10045000CC7AE408DC610D7B44EA4514DC61845805
:10046000C4F5805484505C68C4F580545C609C681A
:10047000C4F580549C60DC68C4F58054DC601C6961
:10048000C4F580541C615C69C4F580545C619C694E
:10049000C4F580549C61DC692032C4F58054B2F507
:1004A000806FDC6101F10D0103F1200382D130BDC9
:1004B00010B500234C6851F8082B42EA0412C254CC
:1004C0000133802BF6D110BD10B500234A6851F8D6
:1004D000084BC2F10402D2B2C4F1040444EA02128D
:1004E000C2540133802BF1D110BD10B50023CA5C7A
:1004F00002F00F020260CC5CC2F104022409013355
:100500000260802BC4F10402426000F10800EED1C9
:1005100010BD30B50023CA18CC585268C4F5002469
:10052000C2F500220470250A240C44EA02140833A0
:100530008470B3F5806F4FEA12144FEA123245709F
:10054000C470027100F10500E5D130BD4FF4207395
:1005500003FB02003030FFF7DCBF38B5054600244E
:10056000281904F58064FFF7AFFDB4F5A05FF7D15B
:1005700038BD38B505460024281904F58064FFF716
:100580006BFEB4F5C05FF7D138BD38B50546002421
:10059000281904F58064FFF713FCB4F5C05FF7D1A8
:1005A00038BD38B505460024281904F58064FFF7E6
:1005B0001DFCB4F5C05FF7D138BD70B506460D46D9
:1005C00000243019291904F58064FFF7C1FCB4F543
:1005D000C05FF6D170BD70B506460D4600243019D7
:1005E00005EBC4018034FFF763FFB4F5407FF6D11B
:1005F00070BD70B506460D460024301905EBC401E8
:100600008034FFF761FFB4F5407FF6D170BDF0B5DF
:10061000059D044601F1200651F8047B44F8047B53
:10062000B142F9D100F1200403F1200153F8046B29
:1006300044F8046B8B42F9D100F1400302F1400110
:1006400052F8044B43F8044B8A42F9D1294600F58D
:100650004070BDE8F040FFF7CCBF70B506460D46D0
:100660000024301905EBC4018034FFF72DFFB4F5E9
:10067000207FF6D170BD8030FFF7EFBF00F58060BE
:1006800001F1200351F8042B40F8042B9942F9D1D1
:100690007047FFFF2DE9F041069D079FFF2D06469D
:1006A0008846144649D8A7B1002943D07A1E0B2AA0
:1006B00043D8DFE802F0060A080C060A060A080C0E
:1006C0000A0C1C2C04E0302C02E0202C00E0402C12
:1006D00033D13A1C18BF01223270757025B1B01C9D
:1006E00019462A460FF032FD17B9A81CBDE8F08163
:1006F0000022134813011958B9420CD103440433A2
:1007000003CB7719C7F8061019889B78C7F8020041
:1007100079813B7302E001320C2AEAD105F10D0028
:100720003044414622460FF011FD04F10D002844EB
:10073000BDE8F0810846BDE8F0810020BDE8F08109
:10074000205A020010B500210446C82212F0D6FB40
:100750000023C4F8C83010BD13B500920B46A82280
:10076000D0F8C8100446FFF74DFCC4F8C80002B02A
:1007700010BD13B51F238DF8073080230446D0F831
:10078000C8208DF806300DF107010123FEF752FD58
:1007900020460DF10601A7220123FEF74BFDA823F9
:1007A000C4F8C83002B010BD2DE9F843D2F8C840F3
:1007B00081460E4615464FF00008AEB1A82C03D175
:1007C0002846FFF7FBFA0024C4F1A807B74228BF68
:1007D000374609EB0801224628463B46FEF7D2FC85
:1007E000F61B3C44B844E8E7C5F8C840BDE8F883C8
:1007F000D021FFF700BCF0B5B5B000AF0646ADF5AF
:100800005A7D0D463846FFF79DFF0DF11F0429461E
:1008100022223846FFF7A0FF24F01F043846FFF7D6
:10082000A8FF20464FF452713A46FFF7BDFF30460D
:10083000002122464FF45273FFF726FCFF2805469D
:1008400009D82046A8213A46FFF7AEFF3046294690
:100850002246A823F0E73846FFF7CAFF20464FF4A8
:100860005271FFF7C8FBD437BD46F0BD2DE9F04704
:1008700000AF98B00DF11F0424F01F04914680468C
:100880000D4601F58066224601F5846C306871687A
:100890009646AEE80300083666457246F6D15FFA22
:1008A00083FA40460023214684F8203084F821A0B2
:1008B000FFF7A1FF40464946FFF708FB01262846FF
:1008C000214684F8206084F821A0FFF794FF09EB0B
:1008D00086212846FFF7FAFA013640462946FFF7F7
:1008E000CDFC052EEBD14046FFF7B6FC204640215B
:1008F000FFF781FBBD46BDE8F0872DE9F04F83B0DF
:1009000000AFADF5446D0DF11F0626F01F067960AE
:100910008146396B304693469A46FFF7AFFE002575
:1009200006F502642B465A4631462046FFF79EFFE5
:100930002046FFF75BFA0AEB85212046FFF79EFC75
:100940002046FFF789FC06F584682046FFF738FA51
:10095000224640462146FFF7A7FC4FF4A07000FB5B
:1009600005904146FFF7AFFC7B684FF4D07000FB69
:10097000053021460135FFF7C6FC062DD0D1404693
:100980004FF48061FFF737FB20464FF48061FFF79B
:1009900032FB30464FF48461FFF72DFB00200C370B
:1009A000BD46BDE8F08F10B500210446C82212F004
:1009B000A5FA0023C4F8C83010BD13B500920B4649
:1009C0008822D0F8C8100446FFF71CFBC4F8C80002
:1009D00002B010BD13B51F238DF8073080230446E5
:1009E000D0F8C8208DF806300DF107010123FEF77D
:1009F00021FC20460DF1060187220123FEF71AFC97
:100A00008823C4F8C83002B010BD2DE9F843D2F8ED
:100A1000C84081460E4615464FF00008AEB1882CFE
:100A200003D12846FFF7CAF90024C4F18807B7426A
:100A300028BF374609EB0801224628463B46FEF709
:100A4000A1FBF61B3C44B844E8E7C5F8C840BDE844
:100A5000F883D021FFF7CFBA2DE9F041B4B000AF51
:100A6000E2B00DF11F0424F01F0404F590768046D7
:100A70000B46B64601F1400C18685968754603C527
:100A800008336345AE46F7D10025384684F8602127
:100A900084F86151FFF787FF314642223846FFF75D
:100AA0008CFF3846FFF796FF20464FF488713A4690
:100AB000FFF7ABFF4046294622464FF48873FFF705
:100AC000C2FAFF28054609D8204688213A46FFF792
:100AD0009CFF4046294622468823F0E73846FFF728
:100AE000B8FF20464FF48871FFF785FA304642215F
:100AF000FFF781FAD037BD46BDE8F0812DE9F0411E
:100B0000B4B000AFADF54A7D0DF11F0424F01F0411
:100B100004F5307680460B46B64601F1400C186865
:100B20005968754603C508336345AE46F7D184F866
:100B300000233846120A84F80123FFF734FF3146B8
:100B400038464222FFF739FF3846FFF743FF3A465F
:100B500020464FF42A71FFF758FF21464046FFF721
:100B60001FFA3846FFF775FF20464FF42A71FFF74A
:100B700042FA30464221FFF73EFAD037BD46BDE883
:100B8000F0812DE9F04F83B000AF98B00DF11F0454
:100B900024F01F04994682460E467A6001F5806370
:100BA000254601F5846E186859682A4603C2083341
:100BB00073451546F7D100257B689A8819682A4441
:100BC000484692B2FFF79AFF4846FFF77DFAD046B3
:100BD0004FF0000B84F8205084F821B045B940460E
:100BE0002146FFF708FE40464946FFF76FF90BE044
:100BF00030462146FFF7FFFD30464946FFF766F9CC
:100C000040463146FFF73AFB0BF1010BBBF1060FF3
:100C100008F58068DED10135052DCDD14021204673
:100C2000FFF7E9F95046FFF7A4FC5046FFF7B9FC7F
:100C30000C37BD46BDE8F08F2DE9F043B7B000AFEB
:100C40000C46AAB0804607F10800FFF7ACFE0DF194
:100C50001F062146302207F10800FFF7AEFE26F0FE
:100C60001F0607F10800FFF7B5FE3046882107F19F
:100C70000802FFF7CAFE002400254FF0000916F80D
:100C800009004FEAC902002111F0EEFA09F1010949
:100C9000B9F1080F40EA040041EA050102D0044618
:100CA0000D46ECE7C7E900014FF4806240460021A1
:100CB00012F024F94D46CF24872D2B4606D9304615
:100CC000882107F10802FFF7A0FE002316F803E0D1
:100CD000A64503F10105EFD858F82E3048F8243026
:100CE000D7E9002301201040001801345B084FEAC7
:100CF0003202C0F10100B4F5807F48F82E00C7E948
:100D00000023D9D107F10800FFF7A3FE3046882160
:100D1000FFF771F938460821FFF76DF9DC37BD465A
:100D2000BDE8F0832DE9F043B5B0914698463D9D6E
:100D30003F9C074668460E46FFF735FE6846494623
:100D40004246FFF73AFE25B168463C992A46FFF72E
:100D500034FE24B168463E992246FFF72EFE6846CF
:100D6000FFF738FE31466A463846FFF74EFE6846C2
:100D7000FFF76FFE6846D021FFF73DF935B0BDE8BB
:100D8000F083FFFF2DE9F04F87B004AFADF5715D43
:100D90008AB00DF12F0424F01F0404F5715604F5F8
:100DA000C059824688463260396BB38032464B4622
:100DB0002046FFF7E6FE2046FFF7E7FB48462146C0
:100DC000FFF7FBFB50464946FFF705FC002504F5FD
:100DD00070514FF440734246084604F5505879600C
:100DE000019330214023CDF800A002950395FFF731
:100DF00099FF40467968FFF71FFF4046FFF764F907
:100E0000A8467A6B116804F5405501EBC8112846D5
:100E1000FFF76BFB2846FFF757F904F550531946C7
:100E200028463B60FFF752F82846FEF7DFFFB288FE
:100E3000316804F5605342449B46184692B2FFF76E
:100E40005DFE59462846FFF719FA2846FFF704FACF
:100E500028464649FFF75AF8834610B14FF0FF3550
:100E60005BE042465046294608F10108FFF76EFB59
:100E7000B8F1050FC5D1D846BA6B116804F56055B5
:100E800001EBC8112846FFF730FB2846FFF71CF995
:100E900039682846FFF71AF804EB882B2846FEF736
:100EA000A5FF29465846FFF7F4F95846FFF7D4F94D
:100EB00058462F49FFF72AF80028CFD1F96B0B6865
:100EC0004FF4D07101FB08312846FFF770FA28462D
:100ED000FFF7FAF839682846FEF7F8FF2846FEF7CC
:100EE00085FF2846FFF7B8F928462249FFF70EF894
:100EF0000028B3D15846294608F10108FFF7BEF98A
:100F0000B8F1060FB8D150467968FFF75CF9504642
:100F100021464A46FFF760F9054604F540504FF474
:100F20008061FFF768F838684FF48061FFF763F875
:100F300020464FF4C051FFF75EF848464FF4C051C9
:100F4000FFF759F804F560504FF48061FFF753F84C
:100F500030460821FFF74FF878683021FFF74BF84B
:100F600028460C37BD46BDE8F08F00BF3CFF0700A8
:100F70003CFE030000FF03002DE9F04F8BB004AFEF
:100F8000ADF5B16D0DF12F0424F01F047B6104F564
:100F9000AC6304F5886C3B61009304F58466FB6CDC
:100FA000F86004F5906B04F5A86804F5A469B960CD
:100FB0000293614643469246CDF8049030465A4625
:100FC000C7F804C0FFF7D6F83B6DD7F804C004F5A6
:100FD000946573B93B6C00937B6C019340217B69F2
:100FE0000393CDF808A0284662460B46FFF79AFE09
:100FF0000BE05346AE460AF1400C18685968724639
:1010000003C2083363459646F7D104F59C637B61C0
:10101000BB6C0093402120235A46019303917869C9
:101020000295FFF77FFE20463146FFF727FB4FF082
:10103000000B3B6901930094CDF80890CDF80C802B
:10104000F8687A6929465B46FFF79CFE824620B91C
:10105000BB6840F6ED421A6014E0B0F1FF3F09D1E1
:101060000BF1050B1FFA8BFB4FF6FA739B45E0D192
:101070006FF0030ABB68F8680021196040F6ED4282
:1010800011F03CFF48460421FEF7B5FF404604211D
:10109000FEF7B1FF38690421FEF7ADFF20464FF49B
:1010A0008461FEF7A8FF30464FF48071FEF7A3FF7E
:1010B00050461C37BD46BDE8F08F2DE9F04F87B094
:1010C00006AFE8B00DF1370424F01F0489469A46B4
:1010D0000021FB6A009380469346019120460A4610
:1010E000BB6AFFF7D7FA04F5B0760546D0B13046B3
:1010F0002021F2F797FFC0B93B6B03938DE8700096
:101100000490494640465A465346FFF735FF054688
:1011100070B10021C9F80010404640F6ED4211F0D0
:10112000EDFE05E04FF0FF35F3E76FF00205F0E765
:1011300030462021FEF75FFF20464FF4A671FEF7F0
:101140005AFF28460437BD46BDE8F08FF0B5B5B06C
:101150001E461746054668460C46FFF724FC3946EE
:1011600032466846FFF729FC6846FFF733FC2846FD
:1011700021466A46FFF749FC6846FFF76AFC35B02E
:10118000F0BD2DE9F04F85B0ADF53455A5F108035C
:101190001F3525F01F0502AF05F5335678608A46E6
:1011A0009D46344602F1200E10685168234603C361
:1011B000083272451C46F7D1062386F8203005F523
:1011C0003054052386F821302046802132462223E0
:1011D000FFF7BCFF4FF0000905F5C05808EB892068
:1011E0005FFA89F204F1200109F10109FFF734FCEB
:1011F000B9F1050FF0D14FF0000B0BF1050204F12E
:10120000200905EB8B204946D2B20BF1010BFFF709
:1012100023FCBBF1060FF0D150464146FFF72BFAF5
:101220004046FFF79AF97A68A646734603CB4B45CA
:10123000106051609E4602F10802F6D100947B686E
:101240000AF5C06103F1200042462B46FFF755FB2B
:1012500005F53259834670B9484640217A684FF403
:10126000F463FFF773FF0095504621464A4604F1A8
:101270006003FFF7CCF928464FF4C051FEF7BBFEE0
:1012800040464FF4A051FEF7B6FE48464021FEF717
:10129000B2FE30462221FEF7AEFE20468021FEF748
:1012A000AAFE58460C37BD46BDE8F08F074B1A78AA
:1012B0001206FBD530221A70C1F30742D8719A7119
:1012C000C1F30722C9B25A71197170470000024078
:1012D00020F4FF6110B521F007010120FFF7E6FFC0
:1012E000084B02221A70084A0023137002F8013CCE
:1012F00072B6064C204619F05BFF62B6207800F00B
:10130000310010BD0B0002400A0002400000024004
:1013100010B50C4620F00301B1F5006F00D2EAB120
:10132000A1F5A0620C2A00D8DBB10620FFF7BEFFB2
:101330000D4BE2781A70A27803F8012C627803F85A
:10134000022C227803F8032C72B6084C204619F0C0
:101350002FFF62B6207800F0310010BD4FF0FF3053
:1013600010BD6FF0010010BD0B00024000000240F4
:1013700010B520F4FF6424F00704B4F5006F00D228
:1013800031B12046FFF7A4FF90B124B9204610BD2B
:101390004FF0FF3010BD09202146FFF787FF72B6DE
:1013A000044C204619F004FF62B6207800F03100AA
:1013B00010BD00BF0000024010B5124C23781B0680
:1013C000FBD530232370104B06221A70002203F83D
:1013D000012C042203F8022C0C2203F8032C0B4AE4
:1013E000FF23137002F8013C02F8023C084B18700E
:1013F00072B6204619F0DCFE62B6207800F03100AB
:1014000010BD00BF00000240070002400B00024078
:1014100008000240402070478020704710B5044605
:10142000D821083002F0FBFA236820461B69984750
:1014300010BDFFFF70B50C4D044600F1080205F128
:1014400040062B4603CBB342106051601D4602F1AB
:101450000802F6D10023002284F8D8300023C4E922
:101460003223C4E9342370BDE05A020010B5064BA4
:101470000446D82140F8083B02F0D1FA204600F09B
:10148000A7FB204610BD00BF285B020010B5044634
:10149000FFF7ECFF204610F03FFE204610BDFFFF97
:1014A00010B5044600F0A4FB034B23602046FFF771
:1014B000C1FF204610BD00BF285B02002DE9F04FA0
:1014C0000021C3B000F14806D6E9004508312ABA28
:1014D00023BA8029E6E80223F6D1D0E90223D0E935
:1014E0000445D0E90667D0E90889CDE91423CDE9A0
:1014F0001645D0E90A23D0E90C45CDE91867CDE9B6
:101500001A89D0E90E67D0E91089CDE91C23CDE90D
:101510001E45CDE92067CDE92289CDE90C89CDE9C9
:101520000667CDE9084592469B46DDE91845DDE9A9
:101530001A23DDE91667DDE91489CDE90023CDE939
:101540000A45CDE90467CDE902890021694EDDF83D
:101550000CC042187318D2E91245D3E900231219BE
:101560004FEA9A4444EA8B340E944FEA9B4444EA8F
:101570008A340F944FEA9A3444EA8B4424944FEA15
:101580009B3444EA8A444FEACA57259447EA5B27CA
:10159000DDE9248943EB05032697DDE90E454FEA93
:1015A000CB5747EA5A27279784EA080485EA0905B2
:1015B000DDE9268984EA0804121985EA090543EB66
:1015C0000503DDE90689DDE9084528EA0A0804EA99
:1015D0000A0405EA0B0529EA0B0988EA040889EAE6
:1015E0000509DDE90C4518EB020849EB030914EB8A
:1015F000080445EB0905DDE90423DDE90A8988EAE9
:10160000020889EA0309DDE9022302EA080203EA83
:101610000903CDE90C23DDE90489DDE90A2302EAA7
:10162000080203EA0903DDE90C8988EA020889EA6D
:101630000309CDE90C89DDF808904FEA897343EA84
:101640009C0328934FEA8C7343EA990329934FEA4A
:10165000197343EA0C134F462A934FEA1C7343EA6B
:1016600007132B93DDE92A89DDE9282383EA09039F
:10167000B9467F0647EADC172C974FEA4C6747EAE2
:10168000D9172D9782EA0802DDE92C8982EA08023F
:1016900083EA0903DDE90C8918EB020849EB030929
:1016A000DDE90023121943EB0503083118EB0408A8
:1016B00049EB05098029CDE900231DD0DDE9064568
:1016C000DDE90867CDE90C45CDE908ABDDE9044566
:1016D000CDE906679246DDE902679B46DDE90A230C
:1016E000CDE90467CDE90023CDE90A45CDE90289BA
:1016F0002CE700BF505B020078360E96012101F006
:101700000F0300EBC303D3E9124501F10D0303F00E
:101710000F0300EBC303D3E91267CDE90C67260A78
:1017200046EA05662E962E0A46EA04662F96660855
:1017300046EAC57630966E0846EAC4763196DDE90B
:101740003023DDE92E675F40E309564043EA4562F6
:10175000EB0910921193DDE9104501F10F0C0CF02B
:101760000F0C00EBCC0C66406F40DCE912453619DB
:1017700001F1080404F00F0400EBC40447EB050773
:10178000D4E91245361947EB05070C9D0D9AEC007C
:1017900044EA52743294D40044EA557413463394A4
:1017A000EC0C44EA43342A463494DC0C44EA4234D8
:1017B0003594DDE93423DDE932455D400C9B54402E
:1017C0000D9A9B0943EA82620D9B12929B09139327
:1017D000DDE912235440361985EA0305009C47EBE6
:1017E0000507019DA30C43EA85333693AB0C43EA0E
:1017F00084333793A30B43EA8543CCE912673893CC
:10180000AB0B43EA84433993AC46DDE93623DDE98B
:1018100038456B40009D6240EC0544EA5C243A94F4
:101820004FEACC54DDF800C044EA5C243B94DDE987
:101830003A4554405D40DDE9002302EA0A0203EA2A
:101840000B03CDE92445CDE92623DDE90045DDE99B
:10185000082322EA040423EA050522462B46DDE993
:10186000264554405D40DDE92423121943EB05036E
:10187000CDE90C230E9BF3E902450E93DDE90C2321
:10188000121943EB0503DDE90645921943EB070303
:10189000A41845EB0305DDE90267CDE90645DDE95E
:1018A0000445DDE904237D403B4005EA09055D4030
:1018B0004FEA887343EA99033C934FEA897343EAFA
:1018C00098033D934FEA187343EA09133E934FEA96
:1018D0001973744043EA081332403F9304EA080442
:1018E000DDE93E675440DDE93C2372404FEA48663B
:1018F00046EAD91640964FEA496646EAD8167B4032
:10190000419640AFD7E900677240A41883EA070305
:1019100045EB0305DDE90667DDE90A23921943EB90
:1019200007030131A41945EB0705412916D0DDE96C
:101930000867CDE908ABCDE90667DDE900ABDDE975
:101940000267CDE90023DDE90423CDE90289CDE971
:101950000A23CDE90467A046A946D0E6DDE914676D
:10196000A41945EB0705C0E90245DDE9164518EB6A
:10197000040849EB0509DDE91867DDE90245A4190A
:1019800045EB0705C0E90489C0E90645DDE91A8988
:10199000DDE9044514EB080445EB0905C0E90845F9
:1019A000DDE91C45121943EB0503DDE91E67C0E9BB
:1019B0000A23DDE90023921943EB0703C0E90C2356
:1019C000DDE9202312EB0A0243EB0B03DDE9228958
:1019D000C0E90E23DDE9082312EB080243EB0903FB
:1019E000C0E9102343B0BDE8F08F00BF2DE9F84FE8
:1019F0009346D0E932234FEACB06B6184FEA5B771D
:101A000047EB03079F4208BF964282460D46C0E956
:101A10003267D0E9348927D218F1010849F1000969
:101A2000C0E9348920E09AF8D820C2F18004E4B2F9
:101A30005C4588BF5FFA8BF40AF1480010442946E0
:101A400022460EF083FB9AF8D8202244D2B2802A94
:101A50008AF8D820C4EB0B0B254405D15046FFF77C
:101A60002DFD00228AF8D820BBF1000FDBD1BDE8A4
:101A7000F88F2DE9F84300F1480890F8D8309146E6
:101A8000802208F8032090F8D82006466F2B02F138
:101A900001000F4640444FF0000114D8C2F16F021C
:101AA00011F02CFAD6F8D010D6F8D4000BBA02BA3E
:101AB000D6F8C810D6F8CC00C6E92E2302BA0BBA65
:101AC000C6E930231BE0C2F17F0211F017FA30465D
:101AD000FFF7F4FC70224046002111F00FFAD6F80F
:101AE000D030D6F8D4201DBA14BAD6F8C830D6F8FB
:101AF000CC20C6E92E4514BA1DBAC6E93045304699
:101B0000FFF7DCFC06F14003002053F8382C53F8B3
:101B1000341C08300CBA15BA4028E3E90245F4D168
:101B200038464146B9F1400F34BF4A464022BDE82D
:101B3000F8430EF00BBB37B513460D46362204466C
:101B4000009200F148012A4600F058F8D4E9322307
:101B500012F5806243F100032046C4E9322303B04A
:101B6000BDE83040FFF7AABC2DE9F04105461E460E
:101B700055F8483B92B08846174602A99B69402217
:101B8000044698475C2329460093204642463B463C
:101B900000F034F8D4E9322312F5806243F10003F7
:101BA000C4E932232046FFF789FC226820465369A6
:101BB00002A940229847226820469369189A314624
:101BC000984702A8402101F02AFF12B0BDE8F08139
:101BD000014B0360704700BFD85D020010B5034B96
:101BE0000360044610F098FA204610BDD85D02004C
:101BF000014B0360704700BFD85D02002DE9F84338
:101C00001E4603689DF82070DB6804460D46914629
:101C10009847236880461B6920469847464505D863
:101C20002846494632460EF091FA14E023683246BF
:101C300049465B6920469847236820469B68984739
:101C4000236806469B692046294632469847236802
:101C500020461B699847AB1918463946C6EB08025F
:101C600011F04CF903469D4205D015F8012B7A403E
:101C700005F8012CF7E7BDE8F883002280F8202062
:101C8000704710B52421044601F0C9FE204610BD5E
:101C900010B5044601F05EFE04F110000021102290
:101CA00011F02CF9002384F8203010BDF8B504465B
:101CB0000F46164646B394F82020C2F11003DBB25B
:101CC000B34204F1100088BFF3B202440025E9B228
:101CD000994207D217F805C0515D8CEA01015155B0
:101CE0000135F4E794F820201A44D2B2102A84F87F
:101CF0002020C3EB06061F44DCD1214601F041FE43
:101D0000002384F82030D5E7F8BD10B590F82030D6
:101D1000044633B11030214601F033FE002384F82D
:101D2000203010BD70B504460E461546FFF7EDFF96
:101D3000304604F11001102D34BF2A461022BDE8B0
:101D400070400EF003BA242101F069BECB692DE981
:101D5000F047DD0F23F000460B46132401EB820C05
:101D600043F81C6F8246A5FB04450CF11C0C63452F
:101D70000FD053F8049F53F8200C261845F10007A4
:101D80004FF02608E8FB096743F8206C3C46002525
:101D9000EDE7072A0FD80FFA82FC013251F82C30F8
:101DA000D2B2E61845F10007082A41F82C603C46FB
:101DB0004FF00005EFD12626A4FB0623CC6906FBD5
:101DC0000533E60F132524F00044E5FB0623CC6120
:101DD00000268F59D4198C5106F1040643F10005F1
:101DE000202E2A464FF00003F3D11E461322002373
:101DF0008F59D41901EB060706F1040643F10005DB
:101E0000202E3C622A464FF00003F1D1CC6BE21742
:101E100024F00044D643CC63CC18256ACC58154036
:101E200034402C434AF803400433202BF4D1BDE85E
:101E3000F08770B5002188B013220023465894190A
:101E40004DF8014001F1040143F1000520292A4623
:101E50004FF00003F2D1079CE11724F00044CA437D
:101E600007945DF8034001EA0405C45814402C436C
:101E7000C4500433202BF4D1104608B070BDD1F803
:101E800000C02DE9F04700238A4600240025D658DB
:101E9000A046A946ECFB068940F803800433202BBA
:101EA0004C464FF00005F2D1C0F82090AC4604300B
:101EB0000AEB0C030024D3F8048000250023C65845
:101EC000D1580027E8FB01673619C65003F1040317
:101ED00047EB0507202B3C464FF00005EFD10CF1F6
:101EE000040CBCF11C0F076200F10400E0D1BDE856
:101EF000F08710B590B004466846FFF7C0FF204653
:101F000069460822FFF722FF10B010BD0A46FFF70E
:101F1000F0BFFFFF2DE97043002290B000260023A0
:101F20008C590B4D90469946E5FB04894DF8068087
:101F30000436202E4A464FF00003F1D169460122B3
:101F4000CDF82090FFF702FF10B0BDE8708300BF0E
:101F500041DB01002DE9F047D2F800E090B0824665
:101F6000002300240025CE58A046A946EEFB068992
:101F70004DF803800433202B4C464FF00005F2D17E
:101F8000CDF8209001AB0DF1200852F804CF4FF0AE
:101F9000000E0024002553F80E6051F80E000027B3
:101FA000ECFB0067361943F80E600EF1040E47EBA8
:101FB0000507BEF1200F3C464FF00005EBD11F6234
:101FC00004334345E1D1504669460822FFF7BEFE7F
:101FD00010B0BDE8F0872DE9F04300230024002570
:101FE000D758CE584FF0000916EB070849F1000901
:101FF00018EB0406C65003F1040349EB0507202B38
:102000003C464FF00005EBD1BDE8F043FFF711BFB0
:102010002DE9F04F002300252E460124002500273E
:1020200006EA040A07EA050BD458CD582C1B65EBC9
:102030000505B4EB0A0465EB0B05C4500433202BF3
:10204000EAD12A4613241440002502683D400023AB
:10205000121B63EB05030260014600F11C064A688F
:102060004FF00009012400251C4005EA0905002362
:10207000121B63EB050341F8042FB142EFD122F0AC
:102080000043C361BDE8F08F2DE9704300240125B2
:10209000B4EB000865F1000900250E4609F1FF3494
:1020A0002B46F058D158414021404840F050D0587C
:1020B0004140D1500433202BF3D1BDE870832DE98A
:1020C000704300240125B4EB000865F100090025E8
:1020D0000E4609F1FF342B46F158D05848402040B5
:1020E0004140F1500433202BF6D1BDE8708320210C
:1020F00001F095BC70B588B0044668460E46FFF7FF
:1021000005FF092568466946013DFFF7FFFE15F00A
:10211000FF05F7D1204669463246FFF7EAFE17254C
:102120000A2668466946013EFFF7F0FE16F0FF06F4
:10213000F7D1204621466A46013DFFF7DAFE15F049
:10214000FF05EDD168462146FFF7E0FE2046214617
:102150006A46FFF7CEFE082568466946FFF7D6FEB9
:10216000013D204621466A46FFF7C3FE15F0FF05F4
:10217000F2D16846FFF7BBFF08B070BD38B5044622
:102180000D46FFF7B7FF20462146FFF7BFFE20466A
:102190002146FFF7BBFE2A4620462146FFF7A9FE4F
:1021A00020462146FFF7B2FE20462146FFF7AEFE4D
:1021B0002A4620462146FFF79CFE20462146FFF78F
:1021C000A5FE204621462A46BDE83840FFF791BECD
:1021D0002DE9F04FF1B0074688466846114642B1F6
:1021E0002023082101F0B8FA079B23F0004307934E
:1021F00004E0202210F082FE092300936846FFF7D6
:1022000018FE0021202200F0010608A810F076FE3A
:102210006D4601230021202218A8089310F06EFEBD
:102220000FCD10AC0FC495E80F0008AD84E80F0087
:102230000FCD20AC0FC495E80F004FF0FF0B84E8E2
:102240000F004FF01F090024402518F809A005EAE7
:102250000A0A84EA0A04204608A910AAFFF714FF14
:10226000204618A920AAFFF70FFF18AA28A808A936
:10227000FFF7B1FE50A828A9FFF748FE18AA30A81A
:1022800008A9FFF7C5FE58A830A9FFF73FFE48A8E8
:1022900050A958AAFFF7BCFE38A810A920AAFFF73A
:1022A0009AFE40A810A920AAFFF7B2FE60A840A994
:1022B00028AAFFF71EFE68A838A930AAFFF719FE62
:1022C00068AA10A860A9FFF786FE10A80146FFF7CC
:1022D0001DFE68AA20A860A9FFF79AFE20A8014663
:1022E000FFF714FE20A801466A46FFF702FE58AA2F
:1022F00008A850A9FFF7FDFD18A848A9FFF70AFE96
:1023000018A8014650AAFFF766FE18A8014648AA79
:10231000FFF7EFFD6D0808D109F1FF394FEACA1444
:102320005FFA89F9E4B2802501E04FEA5A040BF123
:10233000FF3B1BF0FF0B88D1204608A910AAFFF72E
:10234000A3FE20AA204618A9FFF79EFE20A818A9E0
:10235000FFF714FF08A8014620AAFFF7CAFD2021B5
:102360000DEB01020823384601F00CFA6846FFF72E
:10237000BEFE08A8FFF7BBFE10A8FFF7B8FE18A81E
:10238000FFF7B5FE20A8FFF7B2FE28A8FFF7AFFEC3
:1023900030A8FFF7ACFE38A8FFF7A9FE40A8FFF76A
:1023A000A6FE48A8FFF7A3FE50A8FFF7A0FE58A876
:1023B000FFF79DFE60A8FFF79AFE68A8FFF797FE5B
:1023C000304671B0BDE8F08F10207047184B0A7886
:1023D0009A5C02704A799A5C42708A7A9A5C82703E
:1023E000CA7B9A5CC2700A799A5C02714A7A9A5CDA
:1023F00042718A7B9A5C8271CA789A5CC2710A7A4D
:102400009A5C02724A7B9A5C42728A789A5C827207
:10241000CA799A5CC2720A7B9A5C02734A789A5CA7
:1024200042738A799A5C8273CA7A9B5CC3737047E1
:10243000085E0200184B0A789A5C02704A7B9A5C2C
:1024400042708A7A9A5C8270CA799A5CC2700A7900
:102450009A5C02714A789A5C42718A7B9A5C8271BA
:10246000CA7A9A5CC2710A7A9A5C02724A799A5C58
:1024700042728A789A5C8272CA7B9A5CC2720A7BC8
:102480009A5C02734A7A9A5C42738A799A5C827384
:10249000CA789B5CC3737047085F02002DE9F04364
:1024A0000C788B78CA784D7861000E1277003E4424
:1024B00006EBC6064E4069000F124FEA470CBC44BB
:1024C0000CEBCC0C8CEA010C59000F124FEA4708B8
:1024D000474407EBC7074FEA42084F404FEA28211D
:1024E0004FEA4109494401EBC10181EA080183EA4D
:1024F0000508F6B282EA08085FFA8CFC86EA08084A
:102500008CEA080880F8008083EA040882EA080858
:102510006C40FFB262408CEA080C5C40C9B287EAAA
:102520000C0C664057404F40714080F801C08770E6
:10253000C170BDE8F083FFFF2DE9F04F0C784D78B6
:102540008A78C97863001E1277003E4406EBC606FF
:1025500087B07340DBB200936B001E124FEA46094E
:10256000B14409EBC90989EA030953001E12770037
:102570003E4406EBC6067340DBB201934B001E12CD
:1025800077003E4406EBC6067340DBB2AE00029312
:1025900037124A4BDF5D7E40F6B203969600371243
:1025A0004FEA840ADF5D7E40F6B204968E00371251
:1025B0005FFA89F9DF5D7E40F6B20596E6003712D4
:1025C00013F8078088EA0608EE0037125FFA88F8E9
:1025D00013F807C08CEA060CD60037125FFA8CFCA1
:1025E000DF5D7740CE004FEA262BFFB213F80BB029
:1025F0008BEA06064FEA2A2BF6B213F80B30DDF809
:1026000010B083EA0A0A82EA05034B408BEA03030F
:102610008CEA0303DDF800B07B40734088EA0A0AC5
:102620008BEA03035FFA8AFA89EA03038AEA03035F
:10263000DDF80CB0037082EA04034B408BEA03031D
:10264000DDF814B08BEA03036C40DDF810B088EAC3
:1026500003038CEA030361407B408BEA0101734072
:102660008CEA010189EA03037940DDF80490DDF882
:1026700014B0714089EA030389EA0101DDF80C9086
:102680004370544089EA04048BEA0404029BDDF899
:10269000089088EA04088CEA080C594087EA0C077D
:1026A000009B7E405E408AEA010A89EA060680F8BD
:1026B00002A0C67007B0BDE8F08F00BF005E020048
:1026C000F0B5856889B00F460023EC5CD15C6140B1
:1026D0000DF803100133102BF7D10679103504AC37
:1026E000012E204669461FD9FFF770FE6846214635
:1026F000FFF7D4FE01A805A9FFF7D0FE02A806A99E
:10270000FFF7CCFE03A807A9FFF7C8FE0023E95C8A
:102710001DF803204A400DF803200133102BF6D199
:10272000013E1035F6B2DAE7FFF750FE0023E95C10
:10273000E25C4A40FA540133102BF8D109B0F0BDE5
:102740002DE9F0418368057988B003EB051506464D
:102750000F460023E85CD15C41400DF803100133C3
:10276000102BF7D104AC20466946FFF763FE36799B
:10277000012E23D9A5F110080023EA1812F8101C25
:10278000E25C4A40E2540133102BF6D16846214600
:10279000FFF7D2FE01A805A9FFF7CEFE02A806A901
:1027A000FFF7CAFE03A807A9FFF7C6FE013E2046B1
:1027B0006946FFF73FFEF6B24546D9E70023EA181F
:1027C00012F8101CE25C4A40FA540133102BF6D187
:1027D00008B0BDE8F081FFFF10B5034B036004466D
:1027E00000F0A4FF204610BD1060020010B50446A2
:1027F000FFF7F2FF20460FF08FFC204610BD017955
:1028000080680131090101F00AB9FFFF10B50446E3
:1028100000F09CFF034B236000232371A36020463C
:1028200010BD00BF1060020030B508485478084D54
:10283000045DEB5C5C400C709378C35C4B70D378A8
:10284000C35C8B701378C35CCB7030BD085E020034
:10285000306002001078064B185C08705078185CE5
:1028600048709078185C8870D2789B5CCB70704709
:10287000085E02002020704710B5064B0446F02188
:1028800040F80C3B01F0CBF82046FFF7A5FF2046AF
:1028900010BD00BF4860020010B50446FFF7ECFF12
:1028A00020460FF039FC204610BD202A2DE9F041CA
:1028B00006466FD100F10C04234601F1200251F8C5
:1028C000040B43F8040B9142F9D106F1DC0801270F
:1028D0000825082D23D13B4604F11C02304604F1A3
:1028E0002001FFF7A1FF227894F82030534084F8AC
:1028F0002030627894F82130534084F82130A27857
:1029000094F82230534084F82230E27894F823304F
:102910000137534084F82330FFB2002532E0042D04
:102920001CD104F11C02304604F12001FFF792FF94
:10293000227894F82030534084F82030627894F85C
:102940002130534084F82130A27894F8223053404B
:1029500084F82230E27894F8233010E02278237F44
:10296000534084F820306278637F534084F82130EC
:10297000A278A37F534084F82230E278E37F53406B
:1029800084F82330043401354445EDB2A1D101204F
:10299000BDE8F0810020BDE8F081FFFF10B50446DE
:1029A000FFF734FF044B23600E23237104F10C0363
:1029B000A360204610BD00BF486002002DE9F04131
:1029C0009CB0164D164B4FF009080746082403A883
:1029D000CDF8008010220E4600F04BFF03A813A98B
:1029E00042462B46009400F044FF314603AA23469A
:1029F000304600F0F8FE384631462A46234600F0BD
:102A000084FF384639462A46234600F07EFF03A855
:102A1000642101F004F81CB0BDE8F081A860020058
:102A2000C860020038B50B46144605461021104612
:102A30001A46402300F090FE0023236428462146D6
:102A4000BDE83840FFF7BABF2DE9F04101F160065B
:102A50000C46074640313046FFF790FB04F1200555
:102A6000204621463246FFF744FA28462946324698
:102A7000FFF73FFA2268E36B43EAC273E363384629
:102A80002A4620210823BDE8F04100F07BBE036800
:102A90002DE9F04104461B6900F148050E46174632
:102AA00098472368204639465B6920229847236867
:102AB000204629469B690022984794F8483023F025
:102AC000070384F8483094F8673003F07F0343F03D
:102AD000400384F8673030462A4608212023BDE8A9
:102AE000F04100F039BE802100F099BF2DE9F04F90
:102AF000C5B00546039114460021802202930126A9
:102B000010F0FCF9FF232E622E6401934FF00009B0
:102B1000039A029B52F82970374013B9002F00F036
:102B2000908005F1200804F1200A04A841462A46B5
:102B3000FFF76EFA514614A82246FFF769FA04A877
:102B4000014614AAFFF7D5F90CA841462A46FFF71B
:102B500042FA514614A82246FFF73DFA0CA8014656
:102B600014AA05F1600AFFF7C4F914A8514604F14C
:102B70006002FFF7BEF914A801466F4A05F1400B49
:102B8000FFF7E8F91CA8594604F14002FFF7B1F934
:102B90001CA801460246FFF71EFA3CA80CA904AA8D
:102BA000FFF736FA34A81CA914AAFFF731FA1CA8BB
:102BB000014614AAFFF70FFA0CA8014604AAFFF772
:102BC0000AFA029B002B28D024A83CA934AAFFF7BC
:102BD00090F92CA81CA90CAAFFF78BF934A8014680
:102BE0001CAAFFF786F93CA801460CAAFFF781F959
:102BF0003846294624AAFFF762FA384641462CAAED
:102C0000FFF75DFA3846594634AAFFF758FA3846B6
:102C100051463CAAFFF753FA13E028463CA934AAD0
:102C2000FFF767F940461CA90CAAFFF762F958465E
:102C300034A91CAAFFF75DF950463CA90CAAFFF77E
:102C400058F904F1200A04A851462246FFF7E0F99A
:102C500004A801460246FFF74CF90CA8514622464B
:102C6000FFF7B9F90CA804F1600701460246FFF727
:102C700040F914A839463A46FFF73BF914A804F185
:102C8000400801462C4AFFF765F91CA84146424618
:102C9000FFF72FF91CA801460246FFF79CF93846BA
:102CA0000CA904AAFFF7B4F940461CA914AAFFF71F
:102CB000AFF91CA8014614AAFFF78DF90CA801462C
:102CC00004AAFFF788F9204639464246FFF711F972
:102CD00050461CA90CAAFFF70CF9404641461CAA15
:102CE000FFF707F90CAA38463946FFF702F9019AAF
:102CF000B6F1004F08BF09F1010902F1FF3312BF1D
:102D000076005FFA89F9012613F0FF0301937FF43F
:102D1000FFAE24A8FFF7E7FE04A8FFF7E8F90CA828
:102D2000FFF7E5F914A8FFF7E2F91CA8FFF7DFF9B0
:102D300045B0BDE8F08F00BF68600200F0B5174DE8
:102D400086460F4616460FCDA1B06C460FC495E8D7
:102D50000F00134D84E80F000FCD08AC0FC495E8A9
:102D60000F00104D84E80F000FCD10AC0FC495E894
:102D70000F000D4D84E80F000FCD18AC0FC495E87F
:102D80000F0084E80F00704639466A463346FFF765
:102D9000ADFE6846FFF7A7FE21B0F0BD0C61020052
:102DA0002C610200EC600200886002002DE9F04115
:102DB000ADF5027D044688464AA81E461746889D02
:102DC000FEF76EFB01A942464AA8FFF760FE4AA83B
:102DD000FEF730FB4AA864A92022FEF707FE4AA8A6
:102DE00031462A46FEF702FE4AA85CA90022FEF7F9
:102DF00040FE09A85CA919AAFFF714FE01222AA81F
:102E000009A9FFF79BFF2AA92046FFF71DFE4AA844
:102E1000FEF710FB4AA821462022FEF7E7FD4AA84C
:102E200039462022FEF7E2FD4AA831462A46FEF73F
:102E3000DDFD4AA85CA90022FEF71BFE11A85CA9D3
:102E400019AAFFF7EFFD01AA19A811A9FFF717F8B2
:102E500019A8002301462993FFF7B0FD19A809AA74
:102E60000146082300F0A4FC19A80146104A0823D3
:102E700000F04BFD19AA0823202104F1200000F0E6
:102E800081FC01A8FFF733F909A8FFF730F911A871
:102E9000FFF72DF9442119A800F0C1FD2AA8FFF77A
:102EA00022FE4AA8FEF7E2FA0DF5027DBDE8F081A8
:102EB000A860020030B5E1B00D46044628A8FEF730
:102EC000EFFA28A869462A46FFF7E1FD012208A883
:102ED0006946FFF733FF08A92046FFF7B5FD6846AE
:102EE000FFF705F908A8FFF7FEFD28A8FEF7BEFAD0
:102EF00061B030BD10B5034B0360044600F0A8FD7F
:102F0000204610BD5861020010B50446FFF7F2FFDD
:102F100020460FF001F9204610BDFFFF10B5044612
:102F200000F0A6FD014B2360204610BD5861020051
:102F300008B540680368DB68984708BD0C207047F7
:102F4000102070472DE9F0471F4690F87030064674
:102F50008A4690462BB90830FEF7D7FE012386F843
:102F600070303D46D146002D43D096F871300F2B7E
:102F700021D996F83F3096F83E207068013386F8E4
:102F80003F3002EB132396F83D2086F83E3002EBEB
:102F9000132396F83C2086F83D3002EB132386F885
:102FA0003C30036806F140015B6906F13002984746
:102FB000002386F8713096F87130C3F11000C0B26A
:102FC000A84288BFE8B203F140020344324486F8C5
:102FD00071302D1A0024E3B2984207D0115D18F821
:102FE00004304B4009F804300134F4E78044814454
:102FF000B9E706F1080051463A46FEF757FED6E912
:103000001A45E41945F10005C6E91A45BDE8F087FF
:103010002DE9F04F0C2A824687B014460AF130039E
:1030200011D10A68CAF830204A685A608A689A60E2
:1030300000228AF83C208AF83D208AF83E200122AE
:103040008AF83F202CE00AF1080B58460193670FDD
:10305000FEF72CFE5846FEF758FEE600002110222F
:1030600002A800244FEA07680FF048FF35BA102283
:10307000584602A944EA0804CDE90445FEF716FEC5
:1030800002A8102100F0CBFC019B584619461022E3
:10309000FEF748FE58460AF15001FEF7F9FD019B84
:1030A000002000210022CAE91801CAE91A018AF8A1
:1030B0007020DAF8040010228AF8712002680AF100
:1030C000500154691A46A047012007B0BDE8F08FAF
:1030D00010B5044640680368DB69984704F10800AE
:1030E000FEF731FE04F13000482100F098FC102377
:1030F00084F8713010BD70B50546406803681B69DF
:103100009847064688B105F1500400211022204658
:103110000FF0F4FE6868036821465B692246984711
:1031200005F108002146FEF7B3FD304670BDF8B545
:1031300090F87030064617464BB90830FEF7B6FDDA
:10314000D6E91845E41945F10005C6E91845F8BD6A
:10315000102A70B50E4614460DD8036800F13005EC
:1031600029461022DB6A9847284631462246BDE8A8
:10317000704000F05CBC002070BD2DE9F04F80462F
:1031800000F1080985B048468B469246FEF7BDFD22
:10319000D8F86420D8F86030D50045EA5375DC00D3
:1031A0002ABA23BACDE90023D8F86C20D8F86830C1
:1031B000D500DC0045EA5375102227BA4846694617
:1031C0002EBACDE9026708F14004FEF76FFD6846AC
:1031D000102100F024FC102248462146FEF7A2FDF3
:1031E0004346002293F8401093F8500001324140CA
:1031F000102A83F8401003F10103F3D15846214609
:10320000BAF1100F34BF5246102205B0BDE8F04F9E
:103210000CF09CBF10B5084B0446482140F8303BE9
:1032200000F0FDFB04F10800FEF72BFD2046FFF740
:1032300061FE204610BD00BF9861020010B5044633
:10324000FFF7E8FF20460EF067FF204610BD2DE98E
:10325000F8431F4690F8703006468946904600F1C4
:1032600008042BB92046FEF750FD012386F8703084
:10327000204641463A46FEF719FDD6E91A45E419BB
:1032800045F10005C6E91A45002F43D096F8713084
:103290000F2B21D996F83F3096F83E207068013305
:1032A00086F83F3002EB132396F83D2086F83E3037
:1032B00002EB132396F83C2086F83D3002EB1323F3
:1032C00086F83C30036806F140015B6906F1300284
:1032D0009847002386F8713096F87120C2F11003E8
:1032E000DBB2BB4288BFFBB202F140001A4486F851
:1032F00071203044FF1A0022D1B28B4207D0845C87
:1033000018F80210614009F802100132F4E79944FC
:103310009844B9E7BDE8F88338B504460025FFF7BF
:10332000FDFD0A4B2360656004F10800FEF7A5FC73
:1033300000220023C4E91823C4E91A23102384F8C7
:10334000713084F87050204638BD00BF986102008B
:10335000202070470820704710B50468A469A04772
:1033600010BDFFFF102A70B5154604460E4600F149
:10337000040223D8214B03F1100153F8040B42F847
:10338000040B8B42F9D131462A4604F114000CF0AB
:10339000DDFE04F1240031462A460CF0D7FE102D44
:1033A00027D0C5F1100660190021324614300FF005
:1033B000A5FD601924300021324618E0104B202D65
:1033C00028BF202503F1100153F8040B42F8040B29
:1033D0008B42F9D104F1140031462A460CF0B6FEB6
:1033E000202D06D0601914300021C5F120020FF005
:1033F00085FD402384F88530012070BD0062020005
:1034000011620200082A38B504460D4607D134304F
:1034100000210FF073FD2B68E3636B680BE00C2A4F
:103420000FD13430002104220FF068FD2B68A36314
:103430006B68E363AB682364402384F88530012024
:1034400038BD002038BD10B540210446043000F0DE
:10345000E6FA04F14400402100F0E1FA402384F848
:10346000853010BD10B5084B0446402140F8043BA0
:1034700000F0D5FA04F14400402100F0D0FA2046D3
:1034800000F0E6FA204610BDD861020010B50446EF
:10349000FFF7E8FF20460EF03FFE204610BDFFFF7D
:1034A00038B504460D4600F0E3FA044B2360402390
:1034B00084F8845084F88530204638BDD8610200F5
:1034C000042A10B5044601D0082A08D104F13400BA
:1034D0000CF03CFE402384F88530012010BD002014
:1034E00010BD2DE9F04F002387B0CC58C4500433F1
:1034F000402BFAD1012A40F2CC8004680369056AA6
:103500004669476B03EB0408046B88EA04044FEA3E
:10351000344425446B404FEA3353984488EA04040A
:103520004FEA3464651900956B4045684FEA736350
:10353000354401936F40436A4FEA37473B445E404E
:103540004FEA365635446F404FEA376702971F44BB
:10355000039783697E40876803EB0709876B89EAD5
:1035600007074FEA374A876A0AEB070C8CEA03031E
:103570004FEA33539944CDF81090C76889EA0A0A94
:10358000D0F81C904FEA3A6AD444CDF814A009EB65
:10359000070AC76B8AEA07074FEA374BC76A5F44D7
:1035A00087EA09098CEA03034FEA3959CA444FEA0A
:1035B00073631D448AEA0B0B4FEA76664FEA3B6B56
:1035C0006C405F44B0444FEA344487EA090988EA12
:1035D0000B0B27444FEA3B4B7B40DC444FEA335311
:1035E0001D448CEA06064FEA36566C40B0444FEA5A
:1035F0003464274488EA0B0B4FEA3B6B7B40DC4486
:1036000045604FEA7363049D83614FEA7969029BC9
:10361000C7628CEA06064D444FEA76664661009F13
:10362000046385EA03064FEA3646374487EA090908
:103630004FEA3954254485EA06034FEA3363C0F85C
:103640003CB0C0F80080C0F828C043633B445C40F5
:103650004FEA7464C461019C8560059D0362A244C5
:103660008AEA0503039D4FEA33431D446C404FEA49
:10367000345404EB0A077B404FEA336383632B44E3
:103680005C404FEA7464023AC76004614362D2B29C
:1036900030E70023C458CA582244C2500433402B98
:1036A000F8D107B0BDE8F08FF8B504460E461746CE
:1036B0001D46CDB394F885303F2B08D894F885008B
:1036C000C0F14000C0B2A84218D9E8B216E094F8A0
:1036D000842004F14400211DFFF703FF002384F838
:1036E00085300122E118013391F83400082B02449F
:1036F00081F83420C2F30F22F4D1DFE72D1A002322
:10370000DAB290420DD094F88520F95C02F1010CF8
:10371000224484F885C092F844204A40F254013390
:10372000EEE706440744C4E7F8BDFFFF014B036022
:10373000704700BF3062020010B5034B03600446BF
:103740000EF0EAFC204610BD30620200014B03601F
:10375000704700BF3062020070B58D00AB42064674
:103760001C46114609D21A460CF0F0FC30192A1BEF
:103770000021BDE870400FF0C1BB2A46BDE8704093
:103780000CF0E4BC70B50D469C00A54206461146FF
:1037900004D82A46BDE870400CF0D8BC22460CF094
:1037A000D5FC30192A1B0021BDE870400FF0A6BBE4
:1037B0002DE9F0418C46804600260020002183B18F
:1037C0005CF8067094590025E41945F100052418A9
:1037D00045EB010548F8064028460021013B043628
:1037E000EDE7BDE8F0812DE9F0434FF0000C002536
:1037F000C3B12E4601240025002706EA040807EA83
:10380000050952F80C4051F80C502C1B65EB0505CE
:10381000B4EB080465EB090540F80C40013B0CF1E2
:10382000040CE5E705F00100BDE8F0832DE9F04365
:103830004FF0000C0025C3B12E46012400250027BF
:1038400006EA040807EA050952F80C4051F80C5042
:103850002C1B65EB0505B4EB080465EB090540F886
:103860000C40013B0CF1040CE5E705F00100BDE85C
:10387000F083D3F800C02DE9F74F002400254FF066
:10388000000890450CD051F82860A246AB46ECFBEE
:1038900006AB40F828A05C46002508F10108F0E7D7
:1038A0004FF0010B40F822404FEA820804309C465A
:1038B000CDF804B0019C0C9B9C4223D25CF8049F81
:1038C00003464FF0000A4FF0000B002696420FD03F
:1038D0001F681AEB070451F826704BF10005E9FB4D
:1038E000074543F8044BAA464FF0000B0136EDE7BD
:1038F00040F808A0DDF804A00AF1010ACDF804A000
:103900000430D7E703B0BDE8F08F2DE9F0479846C3
:1039100081469246FFF78AFF00244042002300259B
:10392000B8F1000F14D05AF8032059F80360024090
:10393000B6184FF0000747F10007361947EB0507A7
:1039400049F803603C46002508F1FF380433E7E7F7
:10395000BDE8F08710B5034601F1100251F8044BA1
:1039600043F8044B9142F9D103681BBA03604368E2
:103970001BBA436083681BBA8360C3681BBAC36009
:1039800010BD2DE9F74F00230E684D688C68CA689A
:103990001F469C4698469946082110F803A00191BD
:1039A0004AF3C01101EA060B89EA0B0901EA050B8B
:1039B00088EA0B0801EA040B8CEA0B0C11404FEA71
:1039C000C47B4F4042F300014BEA52024FEAC57BF1
:1039D0004BEA54044FEAC67B4BEA5505DDF804B0C8
:1039E00001F0614181EA56060BF1FF314FEA4A0AC4
:1039F00011F0FF015FFA8AFA0191D1D10133102B46
:103A0000CAD199FA89F3036098FA88F343603FBA00
:103A10009CFA8CF38360C76003B0BDE8F08F01446B
:103A2000884203D0002303700130F9E77047002378
:103A300070B51C46934205D0CE5CC55C75402C43E6
:103A40000133F7E7C4F58070C0F3002070BDFFFFBD
:103A5000014B0360704700BF5862020010B5034B72
:103A6000036004460EF058FB204610BD5862020069
:103A7000014B0360704700BF5862020008B5406800
:103A80000368DB68984708BD102070472DE9F047B0
:103A900006460F4690469A460024C4EB0A020F2AB7
:103AA00008EB040307EB040919D9002570195A5DC6
:103AB000017A01354A40102D0272F7D1706803680F
:103AC00006F108015B690A469847002573191B7ABD
:103AD00009F805300135102DF8D11034DDE7BDE8C7
:103AE000F0872DE9F74F07468A4691469B4600240A
:103AF000C4EB0B020F2A0AEB040309EB040818D9E4
:103B00007868026807F11801956901934246A84751
:103B1000019B3E460025307A317E18F80520414051
:103B200059550135102D327206F10106F3D11034CA
:103B3000DEE703B0BDE8F08F70B504464068036867
:103B40009B680E4615469847102806D160680368A2
:103B500031461B692A46984770BD002070BD102A67
:103B600010B50ED100F1080301F1100251F8044B19
:103B700043F8044B9142F9D1102380F828300120FA
:103B800010BD002010BDFFFF10B5084B04461021EA
:103B900040F8083BFFF743FF04F118001021FFF73E
:103BA0003EFF2046FFF754FF204610BD886202000A
:103BB00010B50446FFF7E8FF20460EF0ADFA2046A8
:103BC00010BD10B5044640680368DB69984704F1EE
:103BD00008001021FFF723FF04F118001021FFF760
:103BE0001EFF102384F8283010BDFFFF10B50446D7
:103BF000FFF73EFF044B236000236360102384F82B
:103C00002830204610BD00BF8862020010B5402158
:103C10000446FFF704FF04F140004021FFF7FFFED8
:103C2000204610BDB0F88410002262F30E01A0F807
:103C30008410C1F3072141F0800180F88510064906
:103C4000C0F88020C0F88820C0F88C1080F8A02030
:103C500080F8A120704700BF80EE36002F29B0F811
:103C6000840007D9C0F30E00B0F5C07FB4BF0020B8
:103C700001207047C0F3CB0081428CBF002001209F
:103C8000704738B5036B0446013300F14005036308
:103C9000142228462146FFF724FC284604F110038D
:103CA00004F1700250F8041B43F8041B9042F9D150
:103CB0000DF000FE636B5840606338BD2DE9F0479E
:103CC000B0F884301646C3F30E02B6EBD20F96BF9F
:103CD000A2EBC6026FF30E0362F30E03044689469D
:103CE000A0F884303546002709EB060AC5EB0A0A1E
:103CF00035B30F2F04D92046FFF7C3FF012701E09A
:103D00000137FFB2236B04F14008013323634046BF
:103D100021461422FFF7E5FB3F2D05D850464146CA
:103D20002A460CF013FA0BE04346524608F14001D4
:103D300053F8040B42F8040B8B42F9D1403DD3E712
:103D40002046BDE8F047FFF79CBFFFFF036B10B5AF
:103D5000013304460363214640301422FFF7C1FBC0
:103D60002046FFF78EFF024B1B68C4F8883010BD59
:103D7000A8FDFF1F38B50446002394F8A0205D1C61
:103D8000DBB29A4207D9243354F823000368DB6876
:103D900098472B46F1E7074B1A68D4F88830D21AB7
:103DA000D4F88C309A4204D32046BDE83840FFF75F
:103DB000CDBF38BDA8FDFF1FB2EBD30FF8B5044649
:103DC0000E46154601D802B1D300B4F88420C2F3E0
:103DD0000E01C1F5C07098428CBF5B184FF4C073E0
:103DE00063F30E02A4F88420ADB1302D34BF2A460F
:103DF000302204F11001AD1A0023CF5CF05C784052
:103E0000C85401339342F8D120461E44FFF739FFCE
:103E1000002DEAD102E02046FFF733FF94F8853009
:103E2000DA090FD0B4F88420C2F30E02B2F5C07FD5
:103E300008DB6FF3C71384F885302046BDE8F840EF
:103E4000FFF784BFF8BDFFFF38B51B4BC0F88020DB
:103E50000D460446024603F1100153F8040B42F8E4
:103E6000040B8B42F9D1154B04F1100203F1300120
:103E700053F8040B42F8040B8B42F9D1B4F88430A8
:103E80006FF30E03A4F88430C3F3072343F08003D9
:103E900084F885302046FFF7F4FE45B128460FF040
:103EA0009CFA2946024600232046FFF785FF20465C
:103EB000BDE83840FFF74ABFB0620200C0620200AE
:103EC00010B5054C2046FFF7ADFE20460349044AD5
:103ED000BDE810400EF07EBF88D6FF1F0D3C0100EC
:103EE0007C8CFF1F20207047402070470E4B836062
:103EF0000E4BC3600E4B03610E4B43610E4B83614F
:103F00000E4BC3610E4B036203F17453A3F52303FD
:103F1000A3F692434362002380F87030002200230E
:103F2000C0E91A23704700BF67E6096A85AE67BB20
:103F300072F36E3C3AF54FA57F520E518C68059B8B
:103F4000ABD9831F10B5044670210830FFF767FD19
:103F5000236820461B69984710BDFFFF10B5064B2C
:103F60000446702140F8083BFFF759FD2046FDF755
:103F70002FFE204610BD00BFF863020010B50446B6
:103F8000FFF7ECFF20460EF0C7F8204610BDFFFFFC
:103F900010B50446FDF72CFE034B23602046FFF7C7
:103FA000A5FF204610BD00BFF86302002DE9F04FC9
:103FB00000238DB0C2180433916A402B09BA916274
:103FC000F8D18268C368039204938269C369056962
:103FD0000595079208931E46134603AA476906975C
:103FE00092E81401476A056A06990A97B946099545
:103FF00002950027C519DFF870C1D5F828B057F829
:104000000C504FEAB31A8AEAF32AAB448AEA736A7D
:10401000DA44DDF808B02BEA030506EA030B85EA6B
:104020000B055544A94488EA040508EA040A15402A
:1040300085EA0A054FEAB20A8AEA723A8AEAB25A6D
:1040400004375544402F49444D4409D0DDF80890C9
:1040500002961E460B464146A04614462A46C9E72C
:104060000CF13C070B974FF0010C0CF00F070A37CF
:104070000CF10F0A50F827700AF00F0A00EB8A0AB9
:104080004FEAF71B8BEAB74B8BEAD70BDAF82870AD
:104090000CF10D09BB440CF1080709F00F0907F0FA
:1040A0000F0709F10A090A3750F8299050F82770CC
:1040B0005F444FEA794B8BEAF94B8BEA99294F44DD
:1040C0004FEAB119CAF82870019726EA010B0B9F35
:1040D00089EAF12903EA010A8BEA0A0A89EA716985
:1040E000D14457F804AF0B97019FDDF808B0D144D5
:1040F000B94484EA020704EA020A2F4087EA0A0761
:104100004FEAB50A8AEA753A8AEAB55A0CF1010C07
:10411000D9445744BCF1310FC844B94408D0029681
:104120001E460B464146A04614462A464D469CE78D
:10413000039FB944049FC0F808903D44C560059DA5
:10414000069F2A440261079A099D42443C448261C9
:104150000A9F089A446111442B443E44C1610362A2
:1041600046620DB0BDE8F08FF06202002DE9F04428
:10417000550FD4001646D0E91A23A41845EB0305C1
:10418000C0E91A4507468A4606B397F87030C3F16E
:104190004004E4B2B44288BFF4B207F128001844E6
:1041A000514622460BF0D2FF97F870302344DBB221
:1041B000402B87F87030C4EB0606A244E4D13846A1
:1041C000FFF7F4FE002387F87030DDE7BDE8F084E8
:1041D0002DE9F04B00F1280B90F8703090468022CA
:1041E0000BF8032090F870200746372B02F10100EE
:1041F000894658444FF0000115D8C2F137020EF03D
:104200007DFED7E91A23190E1C4641EA03611B0AF9
:1042100003F47F4324020B4304F47F041C4312BACB
:104220003C667A661BE0C2F13F020EF067FE38463C
:10423000FFF7BCFE0021382258460EF05FFED7E99A
:104240001A010A0E0B0A42EA016203F47F430C02D0
:10425000134304F47F041C4306BA3C667E6638466A
:10426000FFF7A4FE3B4600229968043209BA202ACF
:10427000996203F10403F7D148465946B8F1200F7B
:1042800034BF42462022BDE8F04B0BF05FBF37B58C
:1042900013460D4636220446009200F128012A46B4
:1042A000FDF7ACFCD4E91A2312F5007243F10003C8
:1042B0002046C4E91A2303B0BDE83040FFF776BEBC
:1042C0002DE9F04105461E4655F8283B8AB0884640
:1042D000174602A99B692022044698475C23294679
:1042E0000093204642463B46FDF788FCD4E91A235A
:1042F00012F5007243F10003C4E91A232046FFF7C8
:1043000055FE22682046536902A920229847226858
:1043100020469369109A3146984702A82021FFF75A
:104320007EFB0AB0BDE8F0812DE9F74F044603207B
:10433000B2FBF0F000EB40050195571B51B980002E
:1043400007B10430002B00F082803923B2FBF3F276
:1043500010447CE00026254630463246DDF804C095
:10436000624548D214F802C0DFF8E8804FEA9C0C9E
:1043700001EB000B18F80CC001F800C014F8029013
:1043800095F801A009F003094FEA091949EA1A1939
:1043900000F1010C18F8099001F80C9095F801A0B3
:1043A00095F802900AF00F0A4FEA991949EA8A092A
:1043B00018F809908BF8029095F8029009F03F09DF
:1043C00018F809808BF8038000F10408C6EB080A8E
:1043D0004FF04C09BAFBF9FB09FB1BA9B9F1000F1F
:1043E00005D123B10A2001F80800013660460332E6
:1043F00004300335B2E7012F0ED1A55C154BAD0893
:104400005D5D0D54A25C02F00302120101449B5C4D
:104410004B703D238B7018E0022F18D1A55C0D4B1B
:10442000AD085D5D0D54551CA25C665D02F0030293
:10443000120142EA161201449A5C4A70625D02F06F
:104440000F0213F822308B703D23CB70043003B081
:10445000BDE8F08F20640200F8B50180044601EB4E
:1044600041018EB20027468002714771E3730761F4
:1044700030461D460EF008FDA06018B139463246A0
:104480000EF03CFD15F0010005D00123237300233D
:10449000637302230CE005F0040505F0FF0101221F
:1044A00002231DB122736373A07302E02173627350
:1044B000A3732046F8BD10B50446806808B10EF01D
:1044C000EBFC207900210DF0F5F8204610BD10B569
:1044D0000446012100790DF0EDF820790021BDE8B6
:1044E00010400DF0B9B8FFFFF8B583680446002B03
:1044F00000F08A800DF0DEF92369C01A3128F9D95D
:1045000072B6424B2179A26853F83100404B67885C
:10451000196841F0807119603E4B196841F0010142
:104520001960E37B13F0020F3B4B1744196837D037
:104530005A31BA422BD212F801CB08258026D3F883
:1045400000E0C1EB0E0EBEF1590FF8D932494FF021
:10455000010E16EA0C0F096880F880E007D0D3F846
:1045600000E0C1EB0E0EBEF1380FF8D906E0D3F82B
:1045700000E0C1EB0E0EBEF1110FF8D94FF0010EA5
:10458000013D80F800E126FA0EF6D8D1D1E71A688D
:10459000521A592AFBD962B60DF08CF92061F8BD88
:1045A000B431BA422BD212F801CB08258026D3F8B9
:1045B00000E0C1EB0E0EBEF1B30FF8D916494FF073
:1045C000010E16EA0C0F096880F880E007D0D3F8D6
:1045D00000E0C1EB0E0EBEF1550FF8D906E0D3F89E
:1045E00000E0C1EB0E0EBEF1230FF8D94FF0010E23
:1045F000013D80F800E126FA0EF6D8D1D1E71A681D
:10460000521AB32AFBD9C6E7F8BD00BF7C77020077
:10461000FCED00E0001000E0041000E003888B4295
:1046200030B516D94379C2F30745C2F30724D2B295
:104630002BB15D435C435A432D0A240A120A836856
:1046400001EB41011944037BCD54437BCC54837B64
:10465000CA5430BD42EA012242EA004070474A1C77
:104660004379D2B29A4270B51FD0013B13F0FF03D9
:1046700084680CD0FF2904D14FF6FF7191FBF3F150
:1046800006E01102013991FBF3F189B200E019460D
:1046900023461D1B4688ADB2AE4205D91D784D4359
:1046A0002D1203F8015BF4E7427170BD2DE9F84368
:1046B000DDF82480BDF820900A9F16460D4604467A
:1046C0000246103155F8040B42F8040B8D42F9D123
:1046D0001946062204F1100001F02CFD30460EF0C0
:1046E0007CFEC0F3470010288ABF102384F8260000
:1046F00084F8263094F8262022B104F116003146C1
:1047000001F018FD002384F82730A4F82890C4F89D
:104710002C803846BDE8F8430DF02ABD30B50B4675
:10472000054653F8100F97B09B88ADF8043091F808
:1047300027308DF80B300B8DADF80630CB6A00902A
:10474000ADF808304FF480301B0C0C468DF80A3061
:104750000DF036FD0E21ADF80C00684601F0B6FCF8
:1047600094F82620C043ADF80E008AB104A804F1E5
:10477000160101F0ADFB94F826200123284603EB37
:10478000420204A90BF0E2FC94F8263005EB430545
:10479000214668460DAA01F08FFB0DAC2B4615ADE6
:1047A000224603CAAA4218605960144603F108035E
:1047B000F6D112781A7017B030BDC36A0133C362E4
:1047C000704707B5014602A8002220F8042DEEF735
:1047D000EDFC03B05DF804FB038D10B54FF6FF74DC
:1047E000A34204D10846FFF7ECFF012010BD0133BE
:1047F00020F8283FEEF7DAFC002010BD70B5044623
:10480000002020C940CA40087541404120C4013BF6
:10481000F7D170BD70B5012420C940CA6408B54104
:10482000644120C0013BF7D1D4F1010038BF002022
:1048300070BD2DE9F043013B00249B00274625462F
:1048400026465FF0000803E05FEA0608B8EB0308BD
:10485000B6EB080952F809C051F80890A9FB0C9C66
:1048600014EB090457EB0C0755F1000518F1040887
:10487000984501DCB045EBDD84513C462F460025D0
:1048800004369E42DDDDB6EB430FDDDD8451BDE82D
:10489000F08300235AB28A4204DA002240F823202F
:1048A0000133F7E7704710B500231A465CB28C421B
:1048B00004DA50F8234001332243F7E7D2F1010034
:1048C00038BF002010BD4B11012250F8230001F029
:1048D0001F0102FA01F1084070470139C9B24BB219
:1048E000002B0BDA013111F0FF0315D059B201F1A1
:1048F0008042013A002350F8222004E050F823308F
:10490000002BEAD0EEE712B152080133FBE7013980
:1049100003EB411398B200E0184600B2704710B59F
:1049200000235CB2944205DA51F8234040F823405A
:104930000133F6E710BD10B5013AD2B253B2002BE5
:1049400009DB1BB250F8234051F823309C4204D8B5
:10495000F2D2FF2002E0002000E0012040B210BDB2
:1049600030B50B4689B0144605461A4629462346FB
:104970006846FFF74FFF214605466846FFF793FF5D
:10498000003518BF01256D00002814BF6842C5F12D
:10499000010009B030BD00EB81010023814207D93D
:1049A00051F8042C43EA520341F8043DD307F5E7DC
:1049B000704770B59DF910401D4623460646FFF727
:1049C0001DFF30B9284631462246FFF7B4FF0128C3
:1049D00007D0304631462A462346BDE87040FFF7EF
:1049E00019BF70BD70B59DF910401D46234606469F
:1049F000FFF710FF38B1304631462A462346BDE85E
:104A00007040FFF7FBBE70BD2DE9F047B2B002ADBC
:104A10009DF9E8401F46804623462846FFF709FFD8
:104A200022AB384621468DE82800FFF756FFC0EB41
:104A3000841086B2454A33B220251A4093FBF5F51F
:104A4000002AEDB203DA013A62F01F0201326DB2C0
:104A50005FFA82F912A82946FFF71BFF4FFA89F285
:104A6000002A28B214DD12AB03EB800000231D46A0
:104A7000A54215D257F8251001FA02FE43EA0E03AB
:104A800040F82530C2F1200321FA03F30135EFE7A6
:104A90000DF1480C0CEB800039462246FFF73FFF32
:104AA000A7000DF148094FEA440AB944012533042F
:104AB00040D400231A4659B2514520DA0DF1C80CF2
:104AC0000CEB850E08B25EF8C8EC0CEB81015EF8C9
:104AD00020E051F8801CC1EB0E01891A714502D00B
:104AE00094BF00220122C5F1010E0DF1C80C0CEBA0
:104AF0008E0E01335EF8C8EC4EF82010DBE7AA1AE0
:104B0000554212A821465541FFF745FF32AA631EC0
:104B100002EB83033A44484652F8801C53F8802C39
:104B2000013E42EAC172214643F8802CB6B2FFF73B
:104B300032FFBCE732AB03EB8505404655F8C81C95
:104B40002246FFF7ECFE32B0BDE8F0871F00008080
:104B500030B51C4691B0054693F900306846FFF722
:104B600068FED4F8AC3028466946984711B030BD8D
:104B700013460A46FFF7ECBF2DE9F04115468AB00F
:104B800004460E4602A8002120220EF0B7F995F83F
:104B900000800323204631462A462F1D4FFA88F80D
:104BA0000293FFF7E5FF2046214602AA3B46CDF8D7
:104BB0000080FFF717FF2046214632462B46FFF7BD
:104BC000C7FFCDF800802046214605F184023B4610
:104BD000FFF7EFFE0AB0BDE8F081FFFF2DE9F04FCF
:104BE0000C468BB008220546FFF799FEE36A059351
:104BF000236B0693636B0793A36B089302A8E36B85
:104C0000099300260146024608230496039602965D
:104C1000FFF7F4FD2946834602AA08232846FFF73A
:104C2000EDFD236B0593636B0693A36B079384469B
:104C3000E36B089302A8014602460823CDF800C0A2
:104C40000996FFF7DBFD2946824602AA082328467B
:104C5000FFF7D4FD236A0293636A0393A36A049364
:104C6000A36B0893E36B09938146294602AA0823A4
:104C70002846079606960596FFF7C0FD636A0293DD
:104C8000A36A0393E36AA26B0493636B0593069292
:104C90000893E26B236A079280460993294602AA89
:104CA00008232846FFF7AAFDE36A0293236B0393C8
:104CB000636B0493236A0893A36A09930746294602
:104CC00002AA08232846079606960596FFF7A2FD36
:104CD000236B0293636B0393A36B0493E36B0593C2
:104CE000636A0893E36A01900993294602AA08239C
:104CF000284607960696FFF78DFDDDF800C0019B5C
:104D00000896E344DA44D144C8444744381AC71AE1
:104D1000636B0293A36B0393E36B0493236A059382
:104D2000636A0693A36A0793236B0993294602AA31
:104D300008232846FFF76EFDA36B0293E36B0393F2
:104D4000636A0593A36A0693E36A0793636B099307
:104D50003F1A2946284602AA082304960896FFF718
:104D600059FD3C1A16D5284629460D4A0823FFF757
:104D700045FD0419F7D410E0094829460822FFF739
:104D8000DAFD012809D028462946054A0823FFF7FD
:104D900041FD241A002CEFD0F5E70BB0BDE8F08FF1
:104DA0001865020073B5054614460E46FFF7E0FE8F
:104DB0002846294632462346FFF7CAFE08230093B9
:104DC0002846294604F18402231DFFF7F2FD02B0B4
:104DD00070BD00232DE9F0410A4680461C46D1589B
:104DE000002540F2D130E0FB014548F80340043390
:104DF000202B2C46F3D108F10400C8F820500146BE
:104E00000823FFF7FBFCC8F82400BDE8F081FFFF92
:104E100070B590B00D46044608216846FFF739FD8D
:104E200008A80821FFF735FD05F120016846FFF7C6
:104E3000D0FF6A46082329462046FFF7DFFC0821F9
:104E400006462846FFF725FD284608A9FFF7C1FFBB
:104E50002A46204621460823FFF7D0FC85193DB19C
:104E6000204621460A4A0823013DFFF7D3FCF6E716
:104E7000204607490822FFF75EFD002805DD204691
:104E80002146034A0823FFF7C5FC10B070BD00BFE0
:104E900068640200F0B589B01C4607460E46154608
:104EA000684611461A46FFF763FE384639466A4699
:104EB0002346FFF74DFE684669462A462346FFF71C
:104EC00047FE304631466A462346FFF741FE09B0A9
:104ED000F0BD2DE9F0478AB08146129F3D46144649
:104EE00015F9046B009698468A462B4602A811468F
:104EF0004A46FFF777FD02A801463A46FFF738FE1B
:104F00004846494602AA3B46FFF722FE2046214674
:104F100002AA3B46FFF71CFE2B464046414652463E
:104F20000096FFF75FFD02A841463A46FFF720FED4
:104F300002A801464A462B460096FFF753FD02A8F9
:104F4000014622462B460096FFF74CFD204621469F
:104F50004A462B460096FFF745FD504651462246ED
:104F60003B46FFF7F5FD2046494602AA2B46009630
:104F7000FFF738FD4046414622463B46FFF7E8FD35
:104F80004046414652462B460096FFF72BFD2046F1
:104F900002A93246FFF7C3FC0AB0BDE8F0872DE94D
:104FA000F0479AB08046229E3446174614F9045BB7
:104FB000009599468A46234602A811464246FFF7C5
:104FC00011FD02A801463246FFF7D2FD4046414698
:104FD00002AA3346FFF7BCFD3846394602AA3346DB
:104FE000FFF7B6FD02A84946524623460095FFF753
:104FF000E0FC48464946524623460095FFF7F2FC3E
:105000000AA83946424623460095FFF7EBFC504676
:1050100051460AAA3346FFF79BFD23460AA841469C
:105020003A460095FFF7C5FC384649463246FFF739
:105030009FFD384639460AAA23460095FFF7D2FC61
:1050400012A841463A4623460095FFF7CBFC484656
:10505000494612AA3346FFF77BFD23464846494698
:1050600052460095FFF7BEFC12A802A93246FFF790
:105070007FFD12A801460AAA23460095FFF7B2FC5D
:105080000AA812A9424623460095FFF7ABFC0AA8DE
:10509000014602AA3346FFF75BFD50460AA9524675
:1050A00023460095FFF79EFC404612A92A46FFF7CB
:1050B00036FC1AB0BDE8F0872DE9F843B3F9027069
:1050C000914607F11F05202295FBF2F5044603F1F6
:1050D00024086DB20E460846424621462B46FFF78D
:1050E0008DFB50B9B7EB451F09DA30463946FFF75B
:1050F000EAFB041C18BF012402E0012400E004467E
:105100004846314642462B46FFF778FB2046BDE82D
:10511000F88370B5002463B28B4204F101040BDA0A
:105120004D1EED1AAE0805F0030552F82660ED009D
:1051300026FA05F5C554EEE770BDF8B504230F4611
:10514000D11C91FBF3F149B214460546FFF7A1FBD0
:10515000002253B2A34202F101020EDA661EF61AD1
:10516000B008FB5C06F00306F60003FA06F655F8F5
:105170002030334345F82030EBE7F8BD2DE9F84FF8
:1051800005460F46084611461446FFF7A6FB194B85
:105190001A689B4612B90020BDE8F88FC0EB441096
:1051A00005EB840800B24FF0FF3A4FEA8409A8F1FA
:1051B00004082AFA00FA4026DBF80030284649465F
:1051C00098470028E7D0D8F8003003EA0A03C8F867
:1051D000003028462146FFF766FB10B1013EEBD1B7
:1051E000D9E7384629462246FFF7BAFB0128F5D110
:1051F000BDE8F88F2CD7FF1F2DE9F047B3F9025017
:105200001F4605F10708082398FBF3F81F352023F4
:1052100095FBF3F56EB2424538BF90460446894689
:105220003146FFF736FB424620464946FFF785FFE9
:10523000B7F902304FEAC808984522D9C3EB0808ED
:1052400004EB85050022A5420BD955F8043C23FA4E
:1052500008F10A4345F8042DC8F1200203FA02F2CE
:10526000F1E72437384621463246FFF764FB012830
:1052700007D0204621463A463346BDE8F047FFF7BF
:10528000C9BABDE8F08738B543690569044603EB40
:10529000450500232269934205D2CA5C82F036029A
:1052A000EA540133F6E7E268934203D23622EA5425
:1052B0000133F8E72368204698476368E268204690
:1052C0002946984738BD08B54368984708BD70B56A
:1052D00043690669044603EB460615460023226926
:1052E000934205D2CA5C82F05C02F2540133F6E7C5
:1052F000E268934203D25C22F2540133F8E7294674
:10530000A368204698472368204698476368E26868
:1053100020463146984763682269204629469847C7
:10532000A36820462946984770BD70B504461546C7
:105330000E46FFF7A8FF204629462269FFF7C3FF64
:10534000204631462A46BDE87040FFF7C0BFF8B599
:10535000036813F0010604460F46154605D00146C2
:105360003A462B46FFF74AFA064620462946FFF7FB
:1053700012FB46B105F18042013A54F8223043F065
:10538000004344F82230F8BDF0B50646A1B00F4600
:105390000846194615461C46FFF785FA20B13046E7
:1053A0002146FFF776FA73E0684639462246FFF752
:1053B000B6FA08A829462246FFF7B1FA10A82146F6
:1053C000FFF767FA012318A821461093FFF761FA47
:1053D000684608A92246FFF7AEFA002853D0009B82
:1053E000DA0704D468462146FFF7D5FA26E0089B81
:1053F000DB0704D408A82146FFF7CDFA3DE00028DA
:105400001EDD08AA234669466846FFF703FA684688
:105410002146FFF7C0FA10A818A92246FFF78BFA19
:10542000002805DA10A801462A462346FFF7E6F9C8
:1054300010A8014618AA2346FFF7ECF910A81DE0B2
:1054400008A86A4623460146FFF7E4F908A8214662
:10545000FFF7A1FA18A810A92246FFF76CFA002856
:1054600005DA18A801462A462346FFF7C7F918A807
:10547000014610AA2346FFF7CDF918A8294622466F
:10548000FFF765FFA4E7304610A92246FFF747FA69
:1054900021B0F0BD2DE9F04FAFB09046399C05909A
:1054A00094F9005016A82A460F469946FFF737FA96
:1054B000AB0003933B4426A819462A460493FFF702
:1054C0002EFA94F9006006A8B9F1000F04D04946FD
:1054D0003246FFF724FA04E03146FFF7DAF90123F8
:1054E000069332460EA816A9FFF719FA32461EA8EF
:1054F00026A9FFF714FA16A826A906AA2346FFF73D
:10550000C9FCD4F8A46016A826A906AA2346B04769
:105510000EA81EA906AA2346FFF7BCFCBDF9E06051
:10552000023EB6B231B2002929DD4046FFF7CBF981
:10553000D0F1010038BF0020C0F101091EAB4FEAD5
:10554000401B4FEA49190DF1380A0DF1380CDC44C3
:10555000CA449B4499446246504649465B4600947F
:10556000CDF808C0FFF71BFDDDF808C000946046C9
:10557000594652464B46FFF7ACFC013ED1E7D8F8FE
:105580000030009403F0010989F00109C9F1010616
:105590001EAB76010DF138084FEA49190DF1380AB2
:1055A000B044CA441E4499444046314652464B4694
:1055B00004F1040BFFF7F3FC06A816A90EAA5B463C
:1055C0000095FFF70FFA06A8014632462346FFF77B
:1055D000BFFA06A801463A462346FFF7B9FA06A8DD
:1055E00001465A462B46FFF7CFFE06A80146049A0D
:1055F0002346FFF7ADFA06A8014642462346FFF7C9
:10560000A7FA50464946424633460094FFF761FCEC
:1056100023460EA81EA906AAFFF73CFC05980EA972
:105620002A46FFF77CF90598039B1EA918442A46D1
:10563000FFF775F92FB0BDE8F08F30B595B014467F
:1056400004AB05460CAA029308461946234603926A
:10565000FFF732FDD0F1010038BF002014AA02EBA1
:1056600080036288013212B28DE81400284653F894
:10567000482C04F144010023FFF70CFF2178490076
:10568000284649B2FFF70FF9D0F1010038BF0020DA
:1056900015B030BD2DE9F04FABB00DF12808359DA8
:1056A000059095F9009006910DF1480B1846494672
:1056B00007921E46CDF82080CDF824B0FFF7F3F80E
:1056C000B5F802A0039008B100209BE00FFA8AF41D
:1056D00020231F3494FBF3F405F1240764B2384609
:1056E00031462246FFF73CF901280490ECD14146AF
:1056F0005A462B463046FFF7DFFCD0F1010038BF99
:1057000000202AAA02EB80030AF1010212B28DE8FE
:1057100024001AA805F1440153F8882C039BFFF7D5
:10572000B9FE1AA84946FFF7BEF80028CCD1374B7E
:105730001B6840462BB92146FFF7ABF8049B0A9340
:1057400005E039462246FFF719FD0028BCD0304657
:1057500031460AAA3B460094FFF756F930463146D7
:105760003A462346FFF710FE3B46304631460AAA2A
:105770000094FFF749F9349895F901101AAAFFF738
:10578000C8FCB5F9022005990823073292FBF3F211
:105790000AA8FFF7D2FC2AAA631E02EB83030022A9
:1057A00043F8602C12A81AA94A46FFF7B8F812A8C5
:1057B00002460AA93B460094FFF726F90AA8069973
:1057C000079A2B46FFF718FD12A802460AA93B4686
:1057D0000094FFF7EEF812A8014632463B460094CB
:1057E000FFF712F9214612A8FFF777F895F9011093
:1057F000B0EBC10F3FF768AF349812AA0844FFF727
:1058000088FC01202BB0BDE8F08F00BF2CD7FF1F14
:105810002DE9F04793F9006092B00446894610469E
:10582000314615469846FFF73EF8002840F097802D
:1058300002A849464246FFF79BF943460AA821467B
:1058400002AAFFF785F902A801464246FFF790F940
:105850004346484649462A46FFF77AF908F10407C5
:10586000284629464246FFF783F9204621462A4624
:105870003B460096FFF79DF8284629462A463B46B8
:105880000096FFF796F8284621462A463B460096A2
:10589000FFF7A8F8204621462A464346FFF758F965
:1058A0002846214622463B460096FFF782F82046CE
:1058B0003B46009621462A46FFF77BF82368DB0724
:1058C000204613D53A4633462146FEF797FF314628
:1058D00082462046FFF75FF806F18043013B54F80B
:1058E000232042EACA7244F8232002E03146FFF73F
:1058F00052F8284621464246FFF73AF928462946FB
:105900000AAA3B460096FFF76DF8284629460AAAE0
:105910003B460096FFF766F80AA801462A463B4632
:105920000096FFF75FF8204621460AAA4346FFF794
:105930000FF902A802463B4621460096FFF752F8AF
:10594000204629463246FEF7EAFF284649463246B7
:10595000FEF7E5FF484602A93246FEF7E0FF12B027
:10596000BDE8F0872DE9F043054693B00C4610469C
:10597000082117461E46FEF796FF002874D10AA894
:1059800021463246FFF7F4F8334602A829460AAA10
:10599000FFF7DEF8284629463246FFF7E9F80AA85D
:1059A00001463246FFF7E4F84FF0080838463A4619
:1059B00021463346371DFFF7CBF8204629462A46B5
:1059C0003B46CDF80080FEF7F4FF20463B46CDF87D
:1059D000008021462A46FEF7ECFF2368DB072046BD
:1059E0000ED5434621463A46FEF708FF414681461A
:1059F0002046FEF7D0FFE36943EAC973E36102E0A2
:105A00004146FEF7C8FF4FF00808284621463246B7
:105A1000FFF7AEF8284629460DEB08023B46CDF8C5
:105A20000080FEF7DFFF284629460DEB08023B46C3
:105A3000CDF80080FEF7D6FF0DEB080001462A46A0
:105A40003B46CDF80080FEF7CDFF204621460DEB0A
:105A500008023346FFF77CF8CDF800802046214647
:105A60000AAA3B46FEF7BEFF13B0BDE8F083FFFF76
:105A7000014B1860704700BF2CD7FF1F00487047CC
:105A8000146502000048704764640200F0B50646E1
:105A900099B00F4614464025B4F9022020231F3246
:105AA00092FBF3F2684604F1240152B2FFF766FB61
:105AB00008B9002024E008A869462246FFF7BDFD8A
:105AC000D8B1B4F902100823073191FBF3F138463D
:105AD0006A46FFF71EFB304694F9011008AAFFF74B
:105AE00018FB94F9011094F9002008AB701803EB2F
:105AF0008202FFF70EFB012002E0013DCCD1D8E786
:105B000019B0F0BD2DE9F0479146B3F902205D7858
:105B100093F80080A4B004AE1C460732082392FB21
:105B2000F3F207466DB230460DF1300A0296CDF819
:105B30000CA0FFF702FB394614A82A46FFF7FDFA2E
:105B40004FFA88F814AA02EB880079192A46FFF761
:105B5000F4FA3046314623465246FFF7ADFA1A4B67
:105B60001E68074656B124AA02EB8003211D53F894
:105B7000886C42463046FFF701FB08B3D7F10107B6
:105B800038BF002724AB03EB8707638801331BB2C0
:105B90008DE8180014A80146334657F8882CFFF703
:105BA00079FC4846294614AAFFF7B3FA2178490040
:105BB00014A849B2FEF777FED0F1010038BF0020EB
:105BC00024B0BDE8F08700BF2CD7FF1F2DE9B041FE
:105BD00095B00CAD80460F46104604A92A461C46D7
:105BE00002910395FFF768FAD0F1010038BF002059
:105BF00014AA02EB80036288013212B28DE814000D
:105C0000404653F8482C39460023FFF743FC15B0B3
:105C1000BDE8B0812DE9F0411646B3F902205C7869
:105C200093F8008098B01D460732082364B20746F7
:105C300092FBF3F26846FFF780FA08A8394622463D
:105C4000FFF77BFA4FFA88F808AB03EB8808404669
:105C500039192246FFF771FA08A82B466A46014611
:105C6000FFF7B4FF3046214608AAFFF752FA301971
:105C700021464246FFF74DFA2978490008A849B263
:105C8000FEF711FED0F1010038BF002018B0BDE8CA
:105C9000F08170B51446B2F90220034698B00E4662
:105CA000073219460823684692FBF3F2FFF745FADC
:105CB000B4F9025020231F3595FBF3F56DB2684609
:105CC0002946FEF7F0FD08B1002020E02A4604F145
:105CD00024006946FEF744FE01280546F4D108A8D1
:105CE00069462246FFF7A9FC0028EDD0304694F91A
:105CF000011008AAFFF70DFA94F9011094F9002099
:105D000008AB701803EB8202FFF703FA284618B0BD
:105D100070BD2DE9F04F91B05D691B9F1E6997F82A
:105D200001807F880FFA87FC93461C460CF11F0206
:105D3000202392FBF3F381468A462E44CDF810C00F
:105D4000DBB2002221698A4205D20121B15400212F
:105D5000A9540132F6E7204629460293FFF793FA49
:105D600022690021B15422694FFA88F82046314651
:105D70000132FFF7A8FA424620464946FFF7A3FA48
:105D8000204651465A46FFF79EFA204629462A46A3
:105D9000FFF79DFA324620462946FFF7C6FA20460D
:105DA0002946FFF770FA22690121B1542269204681
:105DB00031460132FFF787FA424620464946FFF74F
:105DC00082FA204651465A46FFF77DFA2046294678
:105DD0002A46FFF77CFA204629463246FFF7A5FA05
:105DE000029B4FFA83F80FFA88F34FEA830CC7EB54
:105DF00048175B013FB206934FF0FF33FB4040274B
:105E0000CDF814C007930397002729462046324651
:105E1000FFF78BFA216900238B42F6D00DF1400C7D
:105E20004CFA87F07A1CD2B216F803E0059F00F80E
:105E300020EC50B2B84202DA01331746ECE7DDF845
:105E400018C0049FBC450BDD08F1FF330DF1400C79
:105E50000CEB8303079F53F8202C3A4043F8202C87
:105E60001A9F00971B9F0197484651465A4608AB18
:105E7000FFF710FC074608B1012719E02046294624
:105E8000FFF701FA2269B7542269204631460132F0
:105E9000FFF719FA204629462A46FFF718FA29463D
:105EA00020463246FFF741FA039901390391ABD1FD
:105EB000384611B0BDE8F08F38B50446154600F0FD
:105EC0002DF8284621461022BDE8384000F000B8E1
:105ED00070B500230446934204F102040DD0CE5C59
:105EE000084D3609AE5D04F8026CCE5C06F00F0674
:105EF0000133AD5D04F8015CEDE7002200F81320EA
:105F000070BD00BFC465020010F0800F4FEA400072
:105F100018BF80F01B00C0B27047FFFF2DE9F04FA3
:105F200087B002AA04460E460B4601F110079246BE
:105F300018685968154603C50833BB422A46F7D18D
:105F40000023F15CE25C4A40E2540133102BF8D1AB
:105F500000275C4D23786279EB5C23702379AA5C7F
:105F6000EB5C2371237AEB5C2372237BEB5C237362
:105F700063786270627AEB5CAA5C6271627B6373C5
:105F8000AA5C6272A27AA378AA5CA270A27BEB5C84
:105F9000AA5CA372A379A271E27AEB5CAA5CA373F8
:105FA000E37BE273E279EB5CAA5CE272E278E37095
:105FB000FBB2AA5CE271092B27D19DF81530EA5C8F
:105FC0009DF808305340404ABA5C53408DF8083081
:105FD0009DF81630EA5C9DF8093053408DF8093081
:105FE0009DF81730EA5C9DF80A3053408DF80A306E
:105FF0009DF81430EA5C9DF80B3053408DF80B305F
:106000000DF113020DF1070344E0264604F10108E7
:1060100004F1100218F801BCB378707896F8039078
:1060200000928BEA000089EA030980EA0909FFF778
:106030006BFF8BEA000089EA000B08F801BC96F8B8
:1060400002B07378019383EA0B00FFF75DFF019BB9
:10605000584089EA0003F07873708BEA0000FFF77C
:1060600053FF8BEA000089EA000B5FFA8BFB86F88E
:1060700002B0717818F8013C4B4089EA03098BEAB9
:10608000090B86F803B0009A0436964208F104081A
:10609000C0D192E7587913F8011F4140934219711A
:1060A000F8D10023E25C1AF803104A40E2540133AD
:1060B000102BF7D101370A2F7FF44BAF07B0BDE8A3
:1060C000F08F00BFD5650200D566020010B503460B
:1060D00001444FF6FF708B420FD013F8012B504054
:1060E000082200F00104400824B180F4044080F04C
:1060F000080080B2013AF4D1EDE710BD70B500237D
:106100000446934204F102040DD0CE5C084D3609DA
:10611000AE5D04F8026CCE5C06F00F060133AD5D97
:1061200004F8015CEDE7002200F8132070BD00BF09
:10613000DF6602002DE9F041044615464F1E002699
:1061400017F8011F09B9254416E0002DFBD0DFF830
:10615000388040460DF02AF910B1C8EB0000C0B2FB
:1061600096F0010601D02070EAE7237840EA031098
:1061700004F8010B013DE3E7AC4203D0002304F82F
:10618000013BF9E7BDE8F081DF66020001F0B2BC37
:1061900001F05ABC10B5044601F04CFC024B2046FD
:1061A0001B68984710BD00BFC48CFF1F054B10B57E
:1061B0001B6801206C219847044608B101F036FCA9
:1061C000204610BDC08CFF1F012301F001BE00233B
:1061D00001F0FEBD01F07ABD01F074BD012101F0B6
:1061E00039BC002101F036BC01F0BEBE01F019BE81
:1061F00010B5044601F00BFE024B20461B68984781
:1062000010BD00BFC48CFF1F054B10B51B680120DB
:10621000D8219847044608B101F0F5FD204610BD8D
:10622000C08CFF1F012302F0A9BE002302F0A6BE0E
:1062300002F02EBD02F028BD012101F0F9BD0021C0
:1062400001F0F6BD00232DE9F04115461C468442BD
:1062500005F104054FEA840617D055F804CCC3EBCA
:106260000C0645F8046C51F82470BE422CBF4FF068
:1062700000084FF00108F61B9C452CBF434608F16F
:10628000010345F8046C0134E1E7324443B111687D
:10629000C81A994242F8040B2CBF00230123F5E7EA
:1062A000BDE8F0812DE9F04186B0844601930023DA
:1062B0000391029205938046B8F10F0F40F2CA8015
:1062C00003980299059A019B50F8044B4FF0000582
:1062D0000E68E3FB0425B71845F1000241F8047B82
:1062E00050F8044B4FF000050E68E3FB0425B71887
:1062F00045F1000241F8047B50F8044B4FF00005D3
:106300000E68E3FB0425B71845F1000241F8047B51
:1063100050F8044B4FF000050E68E3FB0425B71856
:1063200045F1000241F8047B50F8044B4FF00005A2
:106330000E68E3FB0425B71845F1000241F8047B21
:1063400050F8044B4FF000050E68E3FB0425B71826
:1063500045F1000241F8047B50F8044B4FF0000572
:106360000E68E3FB0425B71845F1000241F8047BF1
:1063700050F8044B4FF000050E68E3FB0425B718F6
:1063800045F1000241F8047B50F8044B4FF0000542
:106390000E68E3FB0425B71845F1000241F8047BC1
:1063A00050F8044B4FF000050E68E3FB0425B718C6
:1063B00045F1000241F8047B50F8044B4FF0000512
:1063C0000E68E3FB0425B71845F1000241F8047B91
:1063D00050F8044B4FF000050E68E3FB0425B71896
:1063E00045F1000241F8047B50F8044B4FF00005E2
:1063F0000E68E3FB0425B71845F1000241F8047B61
:1064000050F8044B4FF000050E68E3FB0425B71865
:1064100045F1000241F8047B50F8044B4FF00005B1
:106420000E68E3FB0425B71845F1000241F8047B30
:1064300050F8044B4FF000050E68E3FB0425B71835
:1064400045F1000241F8047B059202910390A8F106
:10645000100831E70CF00F08B8F1070F69D903985D
:106460000299059A019B50F8044B4FF000050E6805
:10647000E3FB0425B71845F1000241F8047B50F80E
:10648000044B4FF000050E68E3FB0425B71845F1F7
:10649000000241F8047B50F8044B4FF000050E68F1
:1064A000E3FB0425B71845F1000241F8047B50F8DE
:1064B000044B4FF000050E68E3FB0425B71845F1C7
:1064C000000241F8047B50F8044B4FF000050E68C1
:1064D000E3FB0425B71845F1000241F8047B50F8AE
:1064E000044B4FF000050E68E3FB0425B71845F197
:1064F000000241F8047B50F8044B4FF000050E6891
:10650000E3FB0425B71845F1000241F8047B50F87D
:10651000044B4FF000050E68E3FB0425B71845F166
:10652000000241F8047B059202910390A8F108084B
:1065300092E70CF0070CBCF1000F15D003980299FC
:10654000059A019B50F8044B4FF000050E68E3FBE1
:106550000425B71845F1000241F8047B0592029129
:1065600003900CF1FF3CE6E7029B1968059A0A4488
:1065700043F8042B05998A422CBF00220122059280
:10658000002AF2D106B0BDE8F08120B101230360FA
:10659000002343608360704710B5044688B180686B
:1065A00050B16368024613F1FF3303D30021116039
:1065B0000432F8E70CF070FC0123236000236360D1
:1065C000A36010BDF8B542F21073994204460D461F
:1065D00002D96FF00F00F8BD46688E4219D2084606
:1065E00004210CF0FDFB07460028F2D0A16871B130
:1065F000B20009F0ABFDA0686368024613F1FF33F7
:1066000003D3002111600432F8E70CF045FC65600B
:10661000A7600020F8BD8842F8B504460D4623D097
:106620008E6816B9FFF7B8FF20E04B68591E06EBDD
:10663000830621B156F8043D0BB90139F9E72B68FF
:1066400023604F1C20463946FFF7BCFF064668B959
:106650006268A068314692000CF050FCA068A968FE
:10666000BA0009F073FD01E00020F8BD3046F8BD26
:1066700070B50E4601210446FFF7A4FF054688B910
:106680006268A068920029460CF038FCA36886EA8C
:10669000E672A2EBE672002E1A60ACBF01234FF047
:1066A000FF332360284670BD70B500234568194646
:1066B000A94210D0826852F82140002224FA02F642
:1066C000F60706D40132202A03F10103F6D1013185
:1066D000EEE7184670BD002070BD10B50446406856
:1066E000D0B100F18042013A431E9200A16823B16B
:1066F0008858043A08B9013BF8E751F82310002004
:106700004FF000420A4204D1013020284FEA5202E1
:10671000F8D1C0EB4310203010BD08B5FFF7DDFF06
:106720000730C00808BD2DE9F04107460E46154662
:106730000024AC4201D0335D63B1291B11F0030387
:1067400018BF012303EB91013846FFF73BFF0346D7
:1067500000BB01E00134ECE719463846FFF788FF3B
:106760000346B8B971190D46A81BA042C5EB01023A
:1067700010D94FEA920CB86815F8018D02F00302A7
:10678000D20008FA02F850F82C2042EA080840F833
:106790002C80E9E71846BDE8F081F8B514460746B5
:1067A0000D46FFF7BAFF8442064616D32246284616
:1067B00000210CF0A3FB2C440023B3420BD098081B
:1067C000BA6803F0030152F82020C900CA4004F857
:1067D000012D0133F1E70020F8BD6FF00700F8BD8F
:1067E0002DE9F04105460F464C0901F01F06FFF761
:1067F00074FF6B68C119B1EB431F01D87CB90CE081
:1068000011F01F0318BF0123284603EB5111FFF7B6
:10681000D9FE0028F2D0BDE8F08106BB1CE06B6811
:1068200003F18042013A6FF0030792006743A342ED
:1068300006D9A9688818013BC0598850043AF6E780
:1068400003F18042013A9200002BE6D0A9680020B3
:106850008850013B043AF7E70020BDE8F0816F68FB
:10686000A3000022BC42F7D2A868C15801FA06F87A
:1068700042EA0802C6F1200CC2500134043321FA66
:106880000CF2EFE74368F0B54D099D4201F01F019E
:1068900001D805D121B10021BDE8F040FFF7E8BEE5
:1068A00035B949B303F18042013A9200002414E063
:1068B00000245A1B944207D28268661952F8266057
:1068C00042F824600134F4E794009A42E9D28568E2
:1068D00000262E5101320434F7E76BB18668B558B3
:1068E00025FA01FC44EA0C04C1F12007B450013B35
:1068F000043A05FA07F4F0E70020F0BD436870B5EC
:1069000003F18042013A92002BB18468A458043A02
:106910000CB9013BF8E74A6802F18044013CA4004D
:10692000FAB18D682E59043C0EB9013AF8E793424A
:1069300012D89A4212D803F18042013A92004BB128
:1069400081688C58A9588C4206D8A2F1040205D35C
:10695000013BF4E7184670BD012070BD4FF0FF30D9
:1069600070BD181C18BF012070BD2DE9F04F85B017
:10697000164603930E9B5A68736801339A42074682
:106980008B4653D30E9B986800284FD0920000216D
:106990000CF0B4FA0E9AD6F80480DBF80430D2F882
:1069A00008C0984538BF434608F1010901934FEAF2
:1069B0008909654600244445B86820D0DBF80810F2
:1069C00050F824A00A682B680198CDF800C002FB9B
:1069D0000A33039A534302932A465346FFF762FC55
:1069E0002A46029BB1684046FFF75CFC45F804ABC1
:1069F000002345F809300134DDF800C0DBE7A9F1D8
:106A0000040161444A4609F0A1FB38463146FFF7CC
:106A100075FF0028204602DBB168BA6802E00E9BD1
:106A2000B9689A68FFF70EFC002001E06FF00300E0
:106A300005B0BDE8F08F436870B503F18042013ABC
:106A400092002BB18468A458043A0CB9013BF8E7D2
:106A50004A6802F18044013CA4006AB38D682E5953
:106A6000043C0EB9013AF8E7934201D9026826E0E6
:106A70009A42096801D94A4221E00268002A01DDF0
:106A8000002917DB002904DC03F18041013989006A
:106A900005E0002AF8DA4FF0FF3210E0013B6BB15D
:106AA000846866586C58A64209D8A1F10401F5D251
:106AB000524204E0012202E0002BD7D11A461046D0
:106AC00070BD1FB581EAE173A3EBE1730029009368
:106AD000ACBF01234FF0FF3301930123029301A9BF
:106AE00000AB0393FFF7A7FF05B05DF804FB9042EE
:106AF0002DE9F8430546174606D0884205D0FFF732
:106B00008AFD064608B14CE00F467C6801232B60E5
:106B100004F18043013B9B002CB1BA68D258043B7E
:106B20000AB9013CF8E728462146FFF74BFD064627
:106B3000002836D1AB68D7F8088018463746324669
:106B4000A24212D0016858F822C0CF19674434BF5E
:106B50004FF000094FF0010940F8047B013267450E
:106B60002CBF4F4609F10107EAE74FEA8408434486
:106B7000BFB16A68944204F1010406D32846214655
:106B8000FFF720FD60B9AB6843441A683A44BA4243
:106B900043F8042B2CBF0027012708F10408E7E77E
:106BA00006463046BDE8F883F0B5044685B0084691
:106BB0000F4611461546FFF7A1FE002830DB0123E2
:106BC0000193AC424FF000030293039306D101A856
:106BD0002146FFF720FD0646E8B901ADBC4207D1CA
:106BE00068680123236000F18043013B9B000BE0B8
:106BF00020463946FFF70FFD064660B9F0E7AA6860
:106C0000D258043B12B901380028F8D1A968A2680B
:106C1000FFF718FB002601A8FFF7BEFC304601E095
:106C20006FF0090005B0F0BDF8B50D6813686B434F
:106C300004460E46174612D508461146FFF75EFE7B
:106C40000028204604DB31463A46FFF7ADFF08E056
:106C500039463246FFF7A8FF28B96D4202E0FFF738
:106C600046FF00B92560F8BDF8B50D6813686B43A1
:106C7000002B04460E46174612DD08461146FFF764
:106C80003DFE0028204604DB31463A46FFF78CFFE4
:106C900008E039463246FFF787FF28B96D4202E027
:106CA000FFF725FF00B92560F8BD1FB582EAE27342
:106CB000A3EBE273002A0093ACBF01234FF0FF3334
:106CC00001930123029301AA00AB0393FFF7CCFFCA
:106CD00005B05DF804FB2DE9F04786B000231746A8
:106CE00088424FF00102064688468DE80C00029368
:106CF00003920493059306D16846FFF78CFC044683
:106D000000284ED1E846BE4207D103A83146FFF71E
:106D100082FC0446002844D103AFD8F8049009F15E
:106D20008043013B9B00B9F1000F07D0D8F8082041
:106D3000D258043B12B909F1FF39F4E77D6805F137
:106D40008043013B9B002DB1BA68D258043B0AB97D
:106D5000013DF8E7304605EB0901FFF733FC044637
:106D6000F8B921463046FFF783FC0446C8B905F15F
:106D7000804A0AF1FF3A4FEA8A0A6DB1B268BB68ED
:106D8000D8F8081053F80A3052444846FFF78AFAF8
:106D9000013DAAF1040AF0E7D8F800303A685343FD
:106DA000336003A8FFF7F8FB6846FFF7F5FB2046C2
:106DB00006B0BDE8F0871FB501230193029300924E
:106DC00000AB01AA0393FFF786FF05B05DF804FB53
:106DD0002DE9F04F9BB088460190002118461746D8
:106DE0000493FFF76EFE002800F0AD81002401251A
:106DF000384604990B950C940D940E950F941094AD
:106E0000119512941394149515941694179518943B
:106E10001994FFF773FDA04218DA019818B9B8F178
:106E2000000F09D110E001982146FFF721FC06462A
:106E3000002840F07781F2E740463946FFF7EBFB48
:106E40000646002840F06E8100207EE10BA83946FE
:106E5000FFF7E1FB0646002840F064810EA8049984
:106E6000FFF7D9FB0646002840F05C8179680E9553
:106E700011A802310B95FFF7A5FB0646002840F04C
:106E80005181314611A8FFF7F3FB0646002840F078
:106E9000498114A80221FFF795FB0646002840F01F
:106EA000418117A80321FFF78DFB0646002840F01B
:106EB00039810EA8FFF711FC00F01F001F2813D026
:106EC000C0F11F00029002990BA8FFF789FC06464B
:106ED000002840F027810EA80299FFF781FC0646A2
:106EE000002840F01F8100E002960C9C0F9D04F1E9
:106EF000FF39691EC1EB090B4FEA4B1A00910EA82E
:106F00005146FFF76DFC0646002840F00B814FEA22
:106F10008B0B0BA80EA9FFF78EFD00280EDB139B31
:106F200053F80B200BA8013243F80B2001460EAAA0
:106F3000FFF79AFE06460028EBD0F3E00EA8514674
:106F4000FFF7A0FC0646002840F0EC80009A4FEACC
:106F5000820BABF10403089304F10063013B5B1B5C
:106F60005B01039304F180446FF00303013C6B4326
:106F7000A4000593009B994540F2AE800D99109AAC
:106F80000B5952F80BE0139D734505D32544059822
:106F90004FF0FF332B5022E0DDF814A02144A2442F
:106FA00051F8040CBEF1000F15D000210691079393
:106FB000DDE9062342EA0002104619467246002324
:106FC0000BF032FC4FF0FF3200238B4208BF8242AD
:106FD00003D2104601E04FF0FF3045F80A00059D4E
:106FE000139B2544A4F1040A5A5901325A51A4F1C1
:106FF00008030993139B5A59013A5A5114A80021C6
:10700000FFF736FB002840F08A800098169B109A04
:1070100010B10898115800E00099196052F80B203F
:107020005A60139B14A801465A59FFF7C4FE014643
:10703000002876D117A8FFF71BFB00286FD1B9F104
:10704000010F0D9A18BF0999199B18BF5058186065
:1070500052F80A10596012599A6014A817A9FFF73C
:10706000EAFC0028C6DC139B14A80EA95A59FFF7A6
:10707000A2FE002853D114A80399FFF7B1FB002802
:107080004DD10BA8014614AAFFF7EEFD01460028DA
:1070900047D10BA8FFF715FD002816DA14A80EA992
:1070A000FFF7B9FA00283AD114A80399FFF798FB23
:1070B000002834D10BA8014614AAFFF7B5FD00281B
:1070C0002DD1139B5A59013A5A51039A203A09F18A
:1070D000FF390392043C4DE7019848B111A9FFF72D
:1070E0009AFAE0B904993B680A685343019A13601D
:1070F000B8F1000F16D00BA80299FFF7C3FB70B9C7
:107100003B680B930BA94046FFF785FA014640B94F
:107110004046FFF7D6FC28B90123C8F800300646E0
:1071200000E00E460BA8FFF737FA0EA8FFF734FA77
:1071300011A8FFF731FA14A8FFF72EFA17A8FFF7E6
:107140002BFA304601E06FF00B001BB0BDE8F08F6A
:1071500070B504460E46104600211546FFF7B1FCF7
:10716000002822DB0020214632462B46FFF730FE66
:10717000F8B920460021FFF7A4FC002807DA2046D2
:1071800021462A46FFF750FD0028F2D070BD204668
:107190002946FFF750FC00280ADB204621462A46F4
:1071A000FFF762FD0028F2D070BD6FF0090070BDDE
:1071B000002070BD2DE9F04FADF2546D05460F462D
:1071C0001846002103921C46FFF77BFC0028DDF8DF
:1071D0007886C0F21082A3681E68F10740F10B8226
:1071E00003980021FFF76DFC0028C0F2048206F12D
:1071F000020909F0040906EB4909032106FB09F31A
:10720000C3F10203013903FB09F9F7D101234FF45C
:10721000C06214A8089309910A910B930C910D91E7
:107220000E930F9110910BF069FE0398FFF755FA3A
:10723000B0F5287F08D2EF2808D84F2808D818289A
:1072400034BF0126032604E0062602E0052600E0FE
:107250000426636803F1010A28465146FFF7B2F994
:107260000346002840F09E8117A85146FFF7AAF96F
:107270000346002840F096810BA84FEA4A01FFF729
:10728000A1F90346002840F08D813B68B3F1FF323D
:1072900053425341059353B10EA83946FFF7BBF94A
:1072A0000346002840F07E8101230E930EAFB8F113
:1072B000000F02D0D8F8083033BB08A80121FFF72F
:1072C000D7F90346002840F06D81616808A889015C
:1072D000FFF786FA0346002840F0648108A80146BB
:1072E0002246FFF735FF0346002840F05B81B8F1E6
:1072F000000F12D008AB03CBC8F800001868C8F81C
:107300000410C8F8080008E0D8F80000D8F8041005
:1073100008AB03C3D8F80800186021463846FFF7C9
:107320008AFB0028394617A815DB2246FFF710FF15
:107330000346002840F03681C9F100090BAF4B46E7
:10734000009717A808A92246FFF70FFB034600285D
:1073500040F0288102E0FFF75EF9E9E7284608A936
:10736000FFF759F90346002840F01C8107AA4FF0A7
:10737000010A13924B460097284611A92246CDF8E0
:107380001CA0CDF844A0CDF848A0FFF7EEFA0346C4
:10739000002840F00781564507D1039B00275B6812
:1073A0000493BC46BB46BA4676E006F1FF3B14AAFE
:1073B00061680AFA0BFA0C2707FB0A2738460131E5
:1073C000FFF700F90346002840F0EC80384617A983
:1073D000FFF721F90346002840F0E48084460BAB18
:1073E000009338464B4639462246CDF808C0FFF791
:1073F000BCFADDF808C00346002840F0D3800CF149
:10740000010CDC45EBD30AF1010A01274FF00C0B0C
:1074100014ABB7400BFB0A3BBA45BED26168584675
:107420000131FFF7CFF80346002840F0BB805846F3
:10743000ABF10C01FFF7EFF80346002840F0B280F3
:107440000BAB009358464B4617A92246FFF78DFA1F
:107450000BF10C0B0346002840F0A4800AF1010A4E
:10746000DAE7049B013B04934FF0200B039A9368E7
:10747000049A53F822300BF1FF3B23FA0BF313F07D
:10748000010314D00CF1010CCCEB06029340B4457F
:107490004AEA030A1FD00227BBF1000FE6D1049A83
:1074A000002ADED10123B340039393464FE0002F1F
:1074B000F2D0012FE6D10BAB009328464B4629466C
:1074C0002246CDF808C0FFF750FADDF808C00346A1
:1074D000002867D1E0E74FF0000C0BAF4B46009758
:1074E000284629462246CDF808C0FFF73EFADDF8C7
:1074F00008C00346002855D10CF1010CB445ECD36B
:1075000014AB0C2101FB0A3100974B46284622465A
:10751000FFF72BFA0346002844D101278246844610
:10752000BAE74B460097284629462246CDF808C0C0
:10753000FFF71BFADDF808C00346002832D1039A92
:107540004FEA4A0A12EA0A0F05D10BF1010BE34593
:107550000BAFE6D10CE04B460097284617A9224610
:10756000FFF703FADDF808C003460028EDD019E064
:10757000012307931193129307AB139300974B4684
:10758000284611A92246FFF7F0F9034650B9059A9B
:1075900042B14FF0FF332B60284621462A46FFF7C1
:1075A00043FB0346741E012202FA04F402FA06F6B3
:1075B000B44209D214AA0C2000FB04200293013427
:1075C000FEF7EAFF029BF3E717A80293FEF7E4FF3A
:1075D0000BA8FEF7E1FF0EA8FEF7DEFF029BB8F155
:1075E000000F02D0D8F8082042B908A80293FEF78D
:1075F000D3FF029B02E06FF0030000E018460DF29B
:10760000546DBDE8F08FF0B58BB00023012507461F
:1076100004A81646019502930393049505930693D7
:10762000079508930993FEF7F6FF0446002862D1F8
:1076300007A83146FEF7EFFF044600285BD104A8F7
:10764000FFF732F8064607A8FFF72EF8B04238BF1A
:107650000646314604A8FFF715F9044600284AD12A
:1076600007A83146FFF70EF90446002843D10795D5
:10767000049504A80021FFF724FA002830D004A8BC
:10768000FFF712F8014604A8FFF7FCF804460028AB
:1076900031D107A8FFF708F8014607A8FFF7F2F86D
:1076A000044640BB04A807A9FFF7C5F9002808DB7A
:1076B00004A8014607AAFFF777FA0446D8B904A838
:1076C00007E007A8014604AAFFF76EFA044690B93E
:1076D00007A80121FFF7D6F804460028C9D00AE020
:1076E00007A83146FFF77CF8044620B9384607A9B9
:1076F000FEF791FF044601A8FEF74EFF04A8FEF72F
:107700004BFF07A8FEF748FF20460BB0F0BD70B551
:10771000B1F5806FADF5806D05460C4616460AD86A
:10772000184669462246B04738B928466946224677
:10773000FEF7F9FF01E06FF003000DF5806D70BDFD
:107740002DE9F04180469CB00F46104600211646B8
:10775000FFF7B7F9002840F34E810023012501A867
:107760003946324604950593069307950893099385
:107770000A950B930C930D950E930F93019502931D
:1077800003931095119312931395149315931695D3
:107790001793189319951A931B93FFF734FF044618
:1077A000002840F00B8101A82946FFF78AF900283C
:1077B00040F0028104A839463246FFF7C9FC04466E
:1077C000002840F0FB8007A804A9FEF724FF044628
:1077D000002840F0F38010A83146FEF71CFF044655
:1077E000002840F0EB8013A83146FEF714FF044652
:1077F000002840F0E3800AA82946FEF739FF044636
:10780000002840F0DB8021460DA8FEF731FF04463A
:10781000002840F0D380214616A8FEF729FF044631
:10782000002840F0CB8019A82946FEF721FF044626
:10783000002840F0C380099B1B68D8074CD407A8D8
:107840000121FFF71FF80446002840F0B7800C9B89
:107850001B68DD0710D40F9B1B68DC070CD40AA83B
:107860000121FFF70FF80446002840F0A7800DA87B
:107870000121FFF707F8DAE70AA8014610AAFFF787
:10788000D3F90446002840F099800DA8014604AAC7
:10789000FFF7EAF904460028E1D08FE013A80121A0
:1078A000FEF7F0FF0446002840F08880189B1B6814
:1078B000DA0716D41B9B1B68DB0712D416A801211C
:1078C000FEF7E0FF0446002878D119A80121FEF751
:1078D000D9FF0446002871D1159B1B68D90711D424
:1078E000DCE716A8014610AAFFF79EF90446002817
:1078F00064D119A8014604AAFFF7B6F90446002886
:10790000DCD05BE007A813A9FFF795F800281FDB80
:1079100007A8014613AAFFF7A7F9044600284DD18E
:107920000AA8014616AAFFF79FF90446002845D188
:107930000DA8014619AAFFF797F9044600283DD182
:1079400007A80021FFF7BDF800287FF474AF19E005
:1079500013A8014607AAFFF787F9044600282DD18E
:1079600016A801460AAAFFF77FF9044630BB19A8FA
:1079700001460DAADFE716A801463246FFF754F983
:107980000446D8B916A80021FFF79BF80028F2DBBF
:1079900006E016A801463246FFF766F9044668B9C4
:1079A00016A83146FFF747F80028F2DA404616A934
:1079B000FEF731FE044601E06FF00D0404A8FEF767
:1079C000EBFD07A8FEF7E8FD0AA8FEF7E5FD0DA808
:1079D000FEF7E2FD01A8FEF7DFFD10A8FEF7DCFDD3
:1079E00013A8FEF7D9FD16A8FEF7D6FD19A8FEF7D5
:1079F000D3FD204601E06FF003001CB0BDE8F0812C
:107A000070B5094B53F8144CA3F114054CB1143361
:107A100013F8186C8642F5D16B680C600020136077
:107A200070BD6FF02D0070BD7869020000216C22DE
:107A30000BF064BA38B100F16C03984203D0002215
:107A400002700130F9E7704708B56C2208F07EFB40
:107A500008BDFFFF002303604360A1B9184B83609A
:107A6000184BC360184B0361184B4361184B83617B
:107A7000184BC361184B036203F17453A3F523033E
:107A8000A3F6924318E0154B8360154BC36003F1D6
:107A9000794303F5740303F501630361114B4361FB
:107AA000114B836103F1D14303F5C01303F51E634A
:107AB000C3610E4B03620E4B43628166704700BF89
:107AC00067E6096A85AE67BB72F36E3C3AF54FA56F
:107AD0007F520E518C68059BABD9831FD89E05C180
:107AE00007D57C3639590EF7310BC0FFA78FF964E3
:107AF000A44FFABE2DE9F04FCFB0002304900591BA
:107B0000049A1A4403F118016846043392680A5033
:107B1000202BF5D10D9B0393099B089D02930A9995
:107B20000B9E0C9C069A0798019500231F460F2F69
:107B30000DF1380814D8DDF814C0059D9C4415F8E3
:107B400003A09CF8039049EA0A699CF801A049EA5D
:107B50000A499CF802A049EA0A2948F803901AE069
:107B600008EB030C5CF808AC5CF83C9C5CF840BC8F
:107B70005CF81CCCDC444FEA7A4B8BEAFA4B8BEA7C
:107B80009A2AD4444FEAF91A8AEAB94A8AEAD90900
:107B9000CC4448F803C00DF1380C039D53F80C8019
:107BA000DFF89CC053F80CC0E0444FEAB11C8CEAEB
:107BB000F12C8CEA716CE04484EA060C0CEA010CAE
:107BC0008CEA040CE044A844019DDDF808C040EABA
:107BD000020A00EA02090AEA050A4AEA090A4FEA21
:107BE000B20989EA723989EAB2590137D144402F82
:107BF000C44403F10403C84408D0039401903446FC
:107C000010460E4602954246614690E7089001985C
:107C10000D94CDF828C00B910C96CDF818800792E2
:107C200009900023049A06AC1A44E1589068043382
:107C30000144202B9160F5D14FB0BDE8F08F00BF1B
:107C4000086A020003682DE9F04103F03F0713447E
:107C5000934205460E461446036002D24368013340
:107C600043609FB1C7F1400844450FD307F1280096
:107C700031464246284408F069FA284605F12801B1
:107C8000FFF738FF4644C8EB04040027A04631192B
:107C9000B8F13F0FC8EB010105D92846FFF72AFFCD
:107CA000A8F14008F3E724F03F0114F03F0231440B
:107CB00006D007F128002844BDE8F04108F046BA94
:107CC000BDE8F0810AB1FFF7BDBF704737B590E856
:107CD0000C000D46510F41EAC3010446080ED300C3
:107CE0008DF80000080C8DF801008DF80310080ACB
:107CF000190E02F03F028DF80410190C372A8DF886
:107D000005104FEA132194BFC2F13802C2F1780284
:107D10008DF802008DF8061020462C498DF80730AA
:107D2000FFF7D0FF204669460822FFF78BFFE37A72
:107D30002B7063896B70A3681B0AAB70A368EB7030
:107D4000E37B2B71E3896B71E3681B0AAB71E3681A
:107D5000EB71E37C2B72638A6B7223691B0AAB7233
:107D60002369EB72E37D2B73E38A6B7363691B0AF0
:107D7000AB736369EB73E37E2B74638B6B74A369E2
:107D80001B0AAB74A369EB74E37F2B75E38B6B75F4
:107D9000E3691B0AAB75E369EB7594F823302B7626
:107DA000638C6B76236A1B0AAB76236AEB76A36E31
:107DB0004BB994F827302B77E38C6B77636A1B0AF7
:107DC000AB77636AEB7703B030BD00BFC8690200D0
:107DD000F0B59DB01F46064601A814460D46FFF7B4
:107DE00025FE01A83946FFF735FE2A4601A831468F
:107DF000FFF768FF01A82146FFF768FF01A8FFF71A
:107E000019FE1DB0F0BD0021D8220BF077B838B1B3
:107E100000F1D803984203D0002202700130F9E744
:107E2000704708B5D82208F091F908BDFFFFFFFFA1
:107E300000220023C0E90023C0E9022331BB2AA3AA
:107E4000D3E90023C0E9042329A3D3E90023C0E92F
:107E5000062329A3D3E90023C0E9082328A3D3E9F3
:107E60000023C0E90A2328A3D3E90023C0E90C2397
:107E700027A3D3E90023C0E90E2327A3D3E90023D6
:107E8000C0E9102326A3D3E9002325E026A3D3E9E4
:107E90000023C0E9042326A3D3E90023C0E9062375
:107EA00025A3D3E90023C0E9082325A3D3E90023B0
:107EB000C0E90A2324A3D3E90023C0E90C2324A3A7
:107EC000D3E90023C0E90E2323A3D3E90023C0E9AB
:107ED000102323A3D3E90023C0E91223C0F8D01054
:107EE000704700BFAFF3008008C9BCF367E6096ABA
:107EF0003BA7CA8485AE67BB2BF894FE72F36E3C39
:107F0000F1361D5F3AF54FA5D182E6AD7F520E5195
:107F10001F6C3E2B8C68059B6BBD41FBABD9831F4F
:107F200079217E1319CDE05BD89E05C15D9DBBCB49
:107F300007D57C362A299A6217DD70305A0159918B
:107F400039590EF7D8EC2F15310BC0FF6726336770
:107F500011155868874AB48EA78FF9640D2E0CDB73
:107F6000A44FFABE1D48B5472DE9F04FADF2844D40
:107F70007EAD0F9006914FF0000C069800EBCC04FC
:107F800010F83C00E2794FEA006B60784FF0000A8D
:107F900006040996CDF820A0DDE90867A078CDF8A1
:107FA00028A0002343EA0B033B43070242EA0A02EC
:107FB0000B973243DDE90A673B43E7782079119755
:107FC000CDF840A03243DDE910674FEA0068CDF8F4
:107FD0001080CDF814A032433B43DDE9046760799B
:107FE00032430604A0793B43324343EA0A034FEA93
:107FF00000280CF1010C42EA080243EA0A03BCF132
:10800000100FE5E90223B8D10DF50079D9E9122363
:10801000D9E90001D9E91C67801841EB0301F3009D
:1080200043EA57731293FB0043EA56731393F30C1E
:1080300043EA47331493FB0C43EA46331593DDE9D7
:1080400014ABDDE9122383EA0B034FEA961B4BEADC
:10805000876882EA0A024FEA971ACDF804A0CDF8A1
:108060000080DDE90067D9E9024572407B40801855
:1080700041EB0301230A43EA056316932B0A43EA03
:1080800004631793630843EAC57318936B0843EAC4
:10809000C4731993DDE918ABDDE9162383EA0B03FA
:1080A0004FEAD41B4BEA4566EF090296039782EA32
:1080B0000A02DDE902AB82EA0A02121883EA0B0324
:1080C0000CF1010C43EB0103BCF1500FC9E9202373
:1080D00009F108099AD10F990F9D0F9B0F9FD1E9C4
:1080E0000401D5E90845CDE910010F98CDE9144503
:1080F000D0E90CABD0E91045D3E90623D7E90A67EC
:10810000CDE91C45CDE918ABCDE91223DDE91CAB67
:10811000D0E90E23CDE91667D0E91267DDE9180131
:10812000CDE908ABCDE91A23CDE91E67CDE90A6791
:1081300092469B46CDE90601DDE91423DDE912678D
:10814000DDE91001064CDDE91689CDE90423CDE90E
:108150000267CDE900018EAD04F5207C02E000BF8E
:10816000C06B020055E90E0154E90E23069E079FDD
:10817000121843EB0103B10C41EA87312091B90C8D
:1081800041EA863138462191B10B41EA8041229182
:108190003746810B41EA87412391DDE92201DDE980
:1081A0002067464006984F40C105079841EA502194
:1081B0002491C105069841EA50212591DDE9240169
:1081C00046404F40921943EB0703DDE90867DDE9BC
:1081D000060186EA0A0687EA0B0706400F40DDE93A
:1081E00008014640921987EA010743EB0703DDE9DE
:1081F0000A67B61847EB0307CDE90C6716EB0806CC
:1082000047EB0907DDE90023DDE90201CDE90A6753
:10821000DDE90467104319433040DDE902233940AA
:10822000DDE900673B401943B30743EA9703019F29
:10823000DDF800802693BB0743EA980327934FEAB3
:10824000187343EA071328933B0F43EA081332409D
:108250002993DDE928671043DDE9262372404FEAC0
:108260004866DDF8048046EAD8162A964FEA486642
:10827000DDF8008046EAD8162B967B40DDE92A67B8
:10828000DDE90C897240121883EA070343EB01030E
:1082900018EB020849EB030954E90C0155E90C23DA
:1082A000121843EB0103DDE90801121843EB010347
:1082B000DDE90601DDE90A6780EA0A0081EA0B01CF
:1082C000304080EA0A003940121881EA0B0143EB82
:1082D0000103B10C41EA87310B9F0A982C91B90C2C
:1082E00041EA80312D91810B41EA874106462E916A
:1082F000B90B41EA86412F91DDE92E01DDE92C67BA
:1083000046400A984F40C1050B9841EA50213091F0
:10831000C1050A9841EA50213191DDE9300146401A
:10832000901987EA010743EB0701DDE90423CDE952
:108330000C01801841EB0301CDE90801DDE90001E2
:10834000DDE90267DDE9002341EA090103EA0903E7
:10835000394019434FEA887343EA990332934FEA4D
:10836000897343EA980333934FEA187343EA091376
:1083700034934FEA197343EA081340EA080002EA0B
:108380000802359330401043DDE93467DDE93223DC
:1083900072404FEA486646EAD91636964FEA496671
:1083A00046EAD81637967B40DDE9366772401218E8
:1083B00083EA070343EB0103DDE90C01801841EB7D
:1083C0000301CDE9040155E90A2354E90A01121811
:1083D00043EB010312EB0A02DDE9066743EB0B03F3
:1083E000DDE90AABDDE908018AEA060A0AEA000AC1
:1083F0008AEA060A8BEA070B099E0BEA010B810C3D
:1084000012EB0A0241EA8631DDF820A038914FEAEA
:10841000964141EA8A3139914FEA9A3141EA8641DF
:108420003A914FEA963141EA8A418BEA070B3B9138
:1084300043EB0B033046DDE93AABDDE9386787EA09
:108440000B07DDF820B04FEACB5141EA50213C91B7
:10845000C10541EA5B213D9186EA0A06DDE93CABB4
:1084600086EA0A06901987EA0B0743EB0701DDE964
:10847000022310EB020A41EB030BCDE90C01DDE90D
:108480000401DDE90067DDE9042340EA080041EA70
:10849000090102EA080230403940049F03EA090357
:1084A0001043059A1943BB0743EA92033E9393078F
:1084B00043EA970316463F933B0F43EA06133A46B7
:1084C0004093330F43EA0213419340AFD7E900676B
:1084D000DDE93E237B40049F72407E06059F46EA0D
:1084E000D71642967E06049F46EAD716439642AFB9
:1084F000D7E900677240121883EA070343EB0103D0
:10850000DDE90C01801841EB0301CDE9020155E9D9
:10851000082354E90801DDE90667121843EB01035B
:108520009219DDE90A0143EB0703DDE908674F40D3
:1085300007EA0B074F404FEA9A4141EA8B314491D9
:108540004FEA9B4141EA8A3145914FEA9A3141EA2B
:108550008B414640469106EA0A064FEA9B31464067
:1085600041EA8A419219479146A844A943EB07037F
:10857000D1E90067D0E900014F404FEACA5141EA12
:108580005B2148914FEACB5141EA5A21499148A9D0
:108590004640D1E900014640901987EA010743EBC4
:1085A0000701DDE90023CDE90C01801841EB03014F
:1085B000DDE90267CDE90601DDE90401DDE9022319
:1085C000064302400B400F4306EA08060299164391
:1085D00007EA0907039A1F438B0743EA92034A936A
:1085E000930743EA910310464B930B0F43EA0013A2
:1085F0000A464C93030F43EA02134D934AA94CA831
:10860000D1E90023D0E90001424002984B404106E5
:10861000039841EAD0114E914106029841EAD011E7
:108620004F914EA9D1E900014240921983EA01031A
:1086300043EB0703DDE90C67B61855E9060147EB84
:10864000030754E90623121843EB0103DDE90A018D
:10865000CDE900671218DDE9086743EB0103DDE9A6
:10866000060186EA0A0687EA0B0706400F40DDE9A5
:1086700008014640921987EA0107069E43EB07036B
:10868000079FB10C41EA87315091B90C41EA86311C
:1086900038465191B10B41EA804152913746810BE6
:1086A00041EA8741539152A850A9D1E90067D0E926
:1086B0000001464006984F40C105079841EA502105
:1086C0005491C105069841EA5021559154A9D1E928
:1086D00000014640901987EA010743EB0701CDE905
:1086E0000C0110EB080041EB0901DDE90223CDE9A3
:1086F0000A01DDE90001DDE9046710431943304058
:10870000DDE900233940DDE902673B40009FDDF8E9
:1087100004801943BB0743EA980356934FEA8873D2
:1087200043EA970357933B0F43EA081358934FEAE2
:10873000187343EA07133240599356AF58AE1043AB
:10874000D7E90023D6E900677B40009F72407E0690
:1087500046EAD8165A964FEA4866DDF8008046EA9F
:10876000D8165B965AAFD7E90067DDE90C897240ED
:10877000121883EA070343EB010318EB020849EBE5
:10878000030955E9040154E90423121843EB0103DA
:10879000DDE90801DDE90667121843EB0103DDE9B5
:1087A0000A0186EA0A06064086EA0A06921987EA5C
:1087B0000B070B9E07EA01074FEA904141EA863119
:1087C0000A985C914FEA964187EA0B0741EA8031AB
:1087D00043EB07035D913746810B41EA874106462B
:1087E0005E91B90B41EA86415F915EA85CA9D1E92F
:1087F0000067D0E9000146400A984F40C1050B9838
:1088000041EA50216091C1050A9841EA50216191E5
:1088100060A9D1E900014640901987EA010743EBBE
:108820000701DDE90423CDE90C01801841EB0301C8
:10883000CDE90801DDE90001DDE90267DDE900239A
:1088400041EA0901394003EA090319434FEA8873F1
:1088500043EA990362934FEA897343EA9803639367
:108860004FEA187343EA091364934FEA197343EA12
:10887000081340EA08006593304002EA080262AF3C
:1088800064AE1043D7E90023D6E9006772404FEA8F
:10889000486646EAD91666964FEA496646EAD81609
:1088A0007B40679666AFD7E900677240121883EA8B
:1088B000070343EB0103DDE90C01801841EB0301E1
:1088C000CDE9040154E9022355E90201121843EBF2
:1088D000010312EB0A02DDE9066743EB0B03DDE956
:1088E0000AABDDE908018AEA060A0AEA000A8AEA0E
:1088F000060A8BEA070B099E0BEA010B810C12EBAF
:108900000A0241EA8631DDF820A068914FEA9641DB
:1089100041EA8A3169914FEA9A3141EA86416A9186
:108920004FEA963141EA8A4168A88BEA070B6B91BE
:10893000D0E900676AA843EB0B03D0E900AB86EAF5
:108940000A06DDF820A087EA0B07DDF824B04FEA1D
:10895000CA5141EA5B216C914FEACB5141EA5A215D
:108960006D916CA9D1E9000146404F40DDE902015B
:1089700012EB060A43EB070BCDE90CAB1AEB000A2E
:108980004BEB010BDDE90401DDE9002340EA0800BF
:1089900041EA090110401940DDE90423049E059FC6
:1089A00003EA09031943B30743EA97036E93BB072E
:1089B00043EA960302EA080210436F933A46330FE4
:1089C00043EA021337467093130F43EA0713719378
:1089D0006EAF70AED7E90023D6E900677B40049FF5
:1089E00072407E06059F46EAD71672967E06049F61
:1089F00046EAD716739672AFD7E90067724012182D
:108A000083EA070343EB0103DDE90C01801841EB26
:108A10000301CDE90201F4E81023F5E81001DDE9D6
:108A20000667121843EB01039219DDE90A0143EBD3
:108A30000703DDE908674F4007EA0B074F404FEA9D
:108A40009A4141EA8B3174914FEA9B4141EA8A3164
:108A5000759146404FEA9A3141EA8B4106EA0A068F
:108A6000464076914FEA9B31921941EA8A4143EBA5
:108A70000703779174AF76AED7E90001D6E90067B6
:108A800070404FEACA5646EA5B2678964FEACB56C4
:108A900046EA5A267940799678AFD7E90067704060
:108AA000161881EA070143EB0107DDE90001CDE972
:108AB0000C67361847EB0107DDE90423DDE9020105
:108AC000CDE906671043DDE904671943DDE90223B8
:108AD00000EA080032403B40029F104301EA0901CE
:108AE000039A1943BB0743EA92037A93930743EA35
:108AF000970316467B933B0F43EA06133A467C9353
:108B0000330F43EA02137D937AAF7CAED7E900239B
:108B1000D6E900677B40029F72407E06039F46EACB
:108B2000D7167E967E06029F46EAD7167F967EAFC0
:108B3000D7E900677240121883EA070343EB010389
:108B4000DDE90C01801841EB03016445CDE900012A
:108B50007FF408ABDDE91045021941EB05030F9DD9
:108B6000DDE91267C5E90423DDE90223921943EB2D
:108B70000703C5E90623DDE91401DDE90423121822
:108B800043EB0103C5E90823DDE9162312EB0802D4
:108B900043EB0903C5E90A23DDE91845DDE90623AE
:108BA000121943EB05030F9DC5E90C23DDE91A23D8
:108BB00012EB0A0243EB0B03DDE91C67C5E90E2348
:108BC000DDE90823921943EB0703DDE91EABC5E994
:108BD0001023DDE90A2312EB0A0243EB0B03C5E97C
:108BE00012230DF2844DBDE8F08F00BF2DE9F84F40
:108BF000D0E90067002506F07F0BB61847EB0507A4
:108C00001446AF4208BFA64280468A469146C0E954
:108C1000006706D2D0E90245013445F10005C0E9FC
:108C20000245BBF1000F14D0CBF18004A14510D355
:108C30000BF1500051462246404407F087FA404667
:108C400008F15001FFF790F9A244C4EB09094FF075
:108C5000000B4C460AEB09017F2CC4EB010104D93F
:108C60004046FFF781F9803CF4E729F07F0119F0D5
:108C70007F02514406D00BF150004044BDE8F84F4C
:108C800007F064BABDE8F88F0AB1FFF7AFBF7047CD
:108C90002DE9F04FC2688368D5000E4645EA53754A
:108CA00041684FF0000B85B045EA0B050746DC0034
:108CB0004FEA517ACB0001688DF80350280E8DF8E9
:108CC0000000280C44EA0A048DF80100280A8DF8F7
:108CD0000200200E40EA05208DF80400200C43EA33
:108CE000517340EA05408DF80500180E8DF8080014
:108CF000180CCA008DF80900180A8DF80A00100E29
:108D000040EA03208DF80C00100C40EA03408DF877
:108D10000D00100A40EA03608DF80B303B688DF8B7
:108D20000F2003F07F026F2A4FEA142894BFC2F18C
:108D30007002C2F1F0028DF80E008F498DF80740E5
:108D4000384648EA05688DF80680FFF79DFF3846EB
:108D500069461022FFF74AFFFA7D3270F88A707078
:108D60007A69100AB0707869F0707A69F87C40EA24
:108D7000022030717A69788A40EA024070713C6959
:108D80007A69200A40EA0260B0713A69F271F87FAC
:108D90003072F88B7072FA69100AB072F869F0726A
:108DA000FA69F87E40EA02203073FA69788B40EA6B
:108DB00002407073BC69FA69200A40EA0260B0732D
:108DC000BA69F27397F827003074F88C70747A6A75
:108DD000100AB074786AF0747A6A97F8230040EA4F
:108DE000022030757A6A788C40EA024070753C6ADD
:108DF0007A6A200A40EA0260B0753A6AF27597F81A
:108E00002F003076F88D7076FA6A100AB076F86A1C
:108E1000F076FA6A97F82B0040EA02203077FA6A77
:108E2000788D40EA02407077BC6AFA6A200A40EA0C
:108E30000260B077BA6AF27797F8370086F82000B8
:108E4000F88E86F821007A6B100A86F82200786B7B
:108E500086F823007A6B97F8330040EA022086F800
:108E600024007A6B788E40EA024086F825003C6B3D
:108E70007A6B200A40EA026086F826003A6B86F890
:108E8000272097F83F0086F82800F88F86F82900F9
:108E9000FA6B100A86F82A00F86B86F82B00F96B3B
:108EA00097F83B2042EA012286F82C20F96B7A8F52
:108EB00042EA014286F82D20B86BF96B020A42EAB9
:108EC000016286F82E20BB6B86F82F30D7F8D010C1
:108ED00000294DD197F8472086F83020B7F8462072
:108EE00086F83120786C020A86F832207A6C86F88F
:108EF0003320786C97F8432042EA002286F8342029
:108F0000786CB7F8422042EA004286F835203C6C83
:108F1000786C220A42EA006286F836203B6C86F8BA
:108F2000373097F84F2086F83820B7F84E2086F86B
:108F30003920F86C020A86F83A20FA6C86F83B2051
:108F4000F96C97F84B2042EA012286F83C20F96C34
:108F5000B7F84A2042EA014286F83D20B86CF96C25
:108F6000020A42EA016286F83E20BB6C86F83F3076
:108F700005B0BDE8F08F00BF086B0200F0B5B7B0D8
:108F80001F460646684614460D46FEF73CFF6846F7
:108F90003946FEF74DFF2A4668463146FFF774FE14
:108FA00068462146FFF774FE6846FEF730FF37B08B
:108FB000F0BDFFFF0538C0B203289ABF024B53F83B
:108FC00020000020704700BF086E020000B1007A48
:108FD000704770B504460E4615460021AC2209F0D4
:108FE0008DFFC4F8A460C4F8A85070BD026938B5FC
:108FF0000446D2B1C369C3B11268D20715D51B6844
:10900000DB0712D500F108052846FDF766FB7F282F
:109010000BD92846FDF761FBB0F5005F05D8143485
:109020002046FDF75AFB012801D8054838BD2046E7
:109030002946FDF700FD0028F7DA002038BD00BF03
:1090400000BEFFFF2DE9F043A9B00546FFF7CEFFB4
:10905000002840F0FA806B6B0BB97D48F5E02B6C73
:10906000002BFAD0AB6A002BF7D001A8FDF78DFAE0
:1090700004A8FDF78AFA07A8FDF787FA0AA8FDF702
:1090800084FA0DA8FDF781FA10A8FDF77EFA13A85F
:10909000FDF77BFA16A8FDF778FA19A8FDF775FA1F
:1090A0001CA8FDF772FA1FA8FDF76FFA22A8FDF7BA
:1090B0006CFA05F12C0625A805F13807FDF765FACD
:1090C00001A831463A46FDF706FE0446002840F066
:1090D000898005F1200805F1140904A841464A4693
:1090E000FDF7F9FD044600287CD107A8314601228E
:1090F000FDF7DBFD0446002874D10AA83946012299
:10910000FDF7D3FD044600286CD10DA807A90AAAD3
:10911000FDF7E1FD0446002864D113A849460DAAD5
:10912000FEF771FA044600285CD116A807A90AAA1E
:10913000FEF769FA0446002854D119A81CA90DAA03
:1091400016ABFDF745FE044600284BD110A804A934
:1091500019AAFDF7FDFF0446002843D11FA8414688
:1091600007AAFDF7F5FF044600283BD122A8414697
:109170000AAAFDF7EDFF0446002833D125A8394699
:109180003246FEF7DDFA044660BB01A805F108018E
:10919000FDF751FC002856D11FA805F14401FDF749
:1091A0004AFC00284FD122A805F15001FDF743FCED
:1091B000002848D125A805F15C01FDF73CFC0028FA
:1091C00041D11CA80021FDF77CFC00283BD110A850
:1091D0000121FDF776FC002835D113A80121FDF708
:1091E00070FC80BB01A8FDF7D7F904A8FDF7D4F9FE
:1091F00007A8FDF7D1F90AA8FDF7CEF90DA8FDF7EC
:10920000CBF910A8FDF7C8F913A8FDF7C5F916A802
:10921000FDF7C2F919A8FDF7BFF91CA8FDF7BCF9C5
:109220001FA8FDF7B9F922A8FDF7B6F925A8FDF7A3
:10923000B3F914F5844F3FF410AF14B1A4F5844092
:1092400003E0204601E0024CCCE729B0BDE8F08302
:1092500000BEFFFFF0B5054687B00C4603A81746D1
:10926000FDF793F9214603A86A68FDF75CFA044606
:10927000E8B905F1080403A82146FDF7DCFB002846
:1092800013DA05F1680303A800930146234605F1AC
:1092900014026E68FDF78EFF044640B903A83946F4
:1092A0003246FDF77AFA044601E06FF0030403A8A2
:1092B000FDF772F914B1A4F5854000E0204607B02F
:1092C000F0BDFFFF2DE9F04F9346426B8DB0054690
:1092D00088461C46002A00F03681026C002A00F005
:1092E0003281826A002A00F02E8103A8FDF74DF931
:1092F00006A8FDF74AF909A8FDF747F9214603A892
:109300006A68FDF710FA0446002840F00F8105F165
:10931000080603A83146FDF78EFB002880F2048181
:10932000B8F1000F16D102F0F9FD05F12C0902F099
:10933000F5FD02F0F3FD05F17403009306A803A9FF
:1093400005F144024B46FDF735FF0446002840F086
:10935000ED8074E0D5F8A03023B305F18C073846D2
:1093600039463A46FDF7B7FC0446002840F0DE8057
:10937000384639463246FDF7EBFE0446002840F0F9
:10938000D58005F19807384639463A46FDF7A3FCE3
:109390000446002840F0CA80384639463246FDF778
:1093A000D7FE36E04FF00C0ABAF1010A00F0CF8088
:1093B000696805F198094846013942465B46FEF75F
:1093C000A6F90446002840F0B18005F18C07384624
:1093D00049463246FEF717F90446002840F0A680B9
:1093E00038460121FDF76DFB0028DDD1384649469E
:1093F0003246FEF7A5F90446002840F0978005F1B3
:10940000680300933846394605F114023346FDF7E8
:10941000D1FE0446002840F0898003A8014605F1EA
:109420008C02FDF758FC044600287FD103A80146B2
:109430003246FDF78DFE0446002877D173E702F02F
:109440006DFD05F1380702F069FD02F067FD05F1D9
:109450008003009309A803A905F150023B46FDF7DC
:10946000A9FE0446002861D102F058FD02F056FD25
:1094700002F054FD03A806A909AAFDF7F5FB04466E
:10948000002853D102F04AFD02F048FD02F046FDEB
:1094900006A803A905F15C02FDF71DFC044600289F
:1094A00044D102F03BFD02F039FD02F037FD03A884
:1094B00006A94A46FDF74CFE0446002836D102F0C4
:1094C0002DFD02F02BFD02F029FD06A803A93A4666
:1094D000FDF701FC044648BB02F020FD02F01EFD32
:1094E00002F01CFD03A809A906AAFDF79DFB04468E
:1094F000E0B9B8F1000F06D103A816996A68FDF724
:109500004CF9044612E003A8014605F19802FDF764
:10951000E2FB044650B903A801463246FDF718FEA7
:1095200004460028E8D001E06FF0030403A8FDF72B
:1095300033F806A8FDF730F809A8FDF72DF824B197
:10954000A4F5864005E0044803E0204601E0034C12
:10955000ECE70DB0BDE8F08F80BFFFFF80BBFFFFE1
:109560002DE9F74F012B0646884691469A460C9FF7
:10957000DDF834B00E9D03D1D0F8A430002B5AD1C1
:10958000B8F1000F57D0BBF1000F54D0002D52D0CE
:1095900017F10B0273684ED293424CD32C46A3F1C1
:1095A000030C0023C7EB0C0C04F8023BBAF1000FCC
:1095B0001AD102236B70A44464451FD06423012296
:1095C000484621460193CDF800C0C0472278019B50
:1095D000DDF800C0002A30D1013B02D1A0F589405E
:1095E0002FE00028EBD0F9E7012320466B7064449C
:1095F000A04203D0FF2300F8013BF9E720460023F7
:1096000000F8013B59463A4606F0A0FDBAF1000FBA
:1096100007D1304629462A4603B0BDE8F04FFFF790
:1096200019BE304641464A462B460C9503B0BDE86C
:10963000F04FFFF747BE044803E00028CED10134C5
:10964000BAE703B0BDE8F08F80BFFFFFF0B51E465C
:10965000ADF20C4D012EDDF8243403D1D0F8A44036
:10966000002C61D14568A5F11004B4F57C7F5BD86E
:1096700002AC26B919462246FFF7ECFD02E0009441
:10968000FFF720FE002854D1012E23786678A5F13B
:1096900003071BD186F002061E4302460346BA4268
:1096A00027D2A11801328978C1F1000C41EA0C01DE
:1096B000C1F3C01181F001010843C0B2414201432E
:1096C000C1F3C01181F001010B44E8E786F0010607
:1096D0001E4301460346B9420BD26218013192780B
:1096E000FF2A18BF40F00100C0B280F0010213440D
:1096F000F1E70DF10A02D118D25C1643072B98BF8F
:1097000046F0010676B2013186B9641ADDF82C34D0
:1097100062199A420CD8DDF82034DDF828041A606A
:1097200006F014FD304604E0034802E0034800E080
:1097300003480DF20C4DF0BD80BFFFFF00BFFFFFDF
:1097400000BCFFFF2DE9F04F89B002AF012B3A605A
:109750004FF0000204467960994697F84060D7F8C8
:1097600044B0FD6C3A617A6104D1D0F8A4200AB10A
:109770005848AAE0D4F804A0AAF10308BEB13046C4
:10978000FFF718FC83460028F2D0304607F1140199
:1097900007F11002FEF734F90028E9D13A6958467A
:1097A000C2EB0808FFF712FCA8F10A088346CBEBCE
:1097B0000808B8F1070FDBD9D045D9D82B464FF0B0
:1097C000000A03F802AB01226A701846FF214246E4
:1097D00009F094FB0346404403F808A00EB9013099
:1097E0001FE0302141703A69C17002F108065FFA4A
:1097F0008BF8D1B2464486700E1D0671062646715E
:10980000C61D81717969304606F0A0FC3A690521D0
:10981000B018B154042280F801A0827080F803804F
:109820001044B96C5A4606F091FCB9F1000F05D10D
:10983000204629462A46FFF70DFD46E063680733B8
:1098400023F00703ADEB030D6A4612F108083AD086
:10985000ADEB030D6B4613F1080904D11E4B4046D6
:109860001B6898472FE0CDF80080204679683A6859
:109870002B46FFF727FD0646E0B9204641464A46FB
:10988000FFF7E8FC0646A8B96168034602468A422B
:1098900007D0AC5C19F8020060400343DBB2013230
:1098A000F5E7FB73FB7B23B92846414606F04EFCE7
:1098B00000E00A4E084C4046236898474846236813
:1098C0009847304601E06FF00F001C37BD46BDE8F9
:1098D000F08F00BF80BFFFFFC48CFF1F00BDFFFFE4
:1098E00010B504468C30FCF757FE04F19800FCF7E5
:1098F00053FE04F18000FCF74FFE04F17400FCF706
:109900004BFE04F16800FCF747FE04F15C00FCF735
:1099100043FE04F15000FCF73FFE04F14400FCF765
:109920003BFE04F13800FCF737FE04F12C00FCF795
:1099300033FE04F12000FCF72FFE04F11400FCF7C5
:109940002BFE04F10800BDE81040FCF725BE002006
:10995000704770478378C27843EA022243780078E0
:1099600043EA022240EA022070472DE9F74F014600
:109970004FF00009D1E9004514F5803445F10005A8
:10998000220C42EA0542B9F10E0FE1E802454FEA26
:109990002543CCBF4FF000084FF0010812F1FF340F
:1099A00043F1FF35CDE90045009D2524A5FB046763
:1099B000019D04FB0577B9F10F0409F1010CD4F105
:1099C000000959EB0409A6FB094509FB0755DDE928
:1099D000006708FB0CF8A41900EBC80845EB070565
:1099E000D8E90067A41945EB0705C8E9004551E926
:1099F00002454FEA034B4BEA124B4FEA024AB4EBE3
:109A00000A0465EB0B05BCF1100F41E9024501D0DA
:109A1000E146AFE703B0BDE8F08F2DE9F0415242D7
:109A2000D3174FF0000C00EB0C08D8E90067D1E920
:109A3000004574407D4014401D4066406F40C8E9B9
:109A40000067D1E900670CF1080C74407D40BCF15F
:109A5000800FE1E80245E6D1BDE8F0812DE9F04F45
:109A60008046C7B000200B1826ACD3E9002304447D
:109A700008308028C4E90023F5D126A8FFF775FF38
:109A800026A8FFF772FF26A8FFF76FFF4FF0020925
:109A9000DDE926233C484FF0FF31121846AE43EB78
:109AA000010366E94023012726A800EBC703D3E999
:109AB0000001364AB6F802A012184FF0FF3343EB0C
:109AC0000103716801244AEA014A4FEA214B00254B
:109AD0000AEA04000BEA0501121A63EB0103C6E966
:109AE00002230137328800230F2FE6E80223DBD15F
:109AF00044A9DDE92223D1E9006725484FF0FF3171
:109B000036184FEA124047EB010740EA03411814A8
:109B100000910190DDE9000104400D40361B67EB28
:109B200005074FF6FF70002102400B40310CCDE9D4
:109B3000222341EA0742029202F001023B1426A8C6
:109B400006A9C2F10102CDE924670393FFF765FF7F
:109B5000B9F101099CD124A9F1E90223160A46EAC8
:109B6000036708F8092008EB0900049709F10209C6
:109B70001C129DF810600594B9F1200F4670EBD1CE
:109B800047B0BDE8F08F00BF1300FFFF0100FFFFEB
:109B90000180FFFF2DE9F0414FF0000C8846A0F155
:109BA000080108EB0C0618F80C4076783202A4186D
:109BB0004FF000054FF000030CF1020C45EB0305DC
:109BC000BCF1200FE1E90245EBD1D0E91E2347F6B5
:109BD000FF74002522402B40C0E91E23BDE8F08120
:109BE000F0B50023CD18D418D5E90067D4E90045B5
:109BF00000EB030CA41903F1080345EB0705802BC8
:109C0000CCE90045EED1F0BDF0B50023CC18D61854
:109C1000D4E90045D6E9006700EB030C0833A41B28
:109C200065EB0705802BCCE90045EFD1F0BD2DE9B0
:109C3000F04FBFB08046ADF108030DF1F00C0024E9
:109C40000025E3E902456345F9D14FF0000E01EB31
:109C50000E0300A8D3E9004570440023D718D0E9CB
:109C600000AB7F68D65804FB07F906FB0599A6FBF5
:109C7000046716EB0A064F4403F1080347EB0B0792
:109C8000802BE0E80267E9D10EF1080EBEF1800FEB
:109C9000DDD11EAC54E91E01083422686568262611
:109CA000A2FB0623121806FB053343EB01036445B0
:109CB00044E92023EED100213EAB0B4453E93E237F
:109CC00008EB010008318029C0E90023F4D14046A7
:109CD000FFF74BFE40463FB0BDE8F04FFFF745BEF3
:109CE0000A46FFF7A4BFF0B50023A1B006460F4611
:109CF000F91800AAD1E900451A440833802BC2E9BB
:109D00000045F5D1FD2468466946FFF7E9FF022CBE
:109D100006D0042C04D0684669463A46FFF787FF10
:109D200014F1FF34EFD2002100AB0B44D3E9002340
:109D3000701808318029C0E90023F5D121B0F0BDA9
:109D40002DE9F04F0646B5B00F46924698460025DD
:109D500008EB0500FFF7FEFD14AC05EB850304EBF3
:109D60000509E0500AEB0500FFF7F4FDC9F804000F
:109D70007819FFF7EFFDC9F818000AF11000284420
:109D8000FFF7E8FD0435102DC9F82C00E0D10023C1
:109D900024A8E2581A500433402BF9D1142500228C
:109DA0004FEA820909EB0201002303EB010C0CF0DE
:109DB0000F0C0DF1D00A0AEB8C0C5CF880CC4DF83E
:109DC00003C00433102BF0D1DDF800C0DDF80CA087
:109DD00001990AEB0C0381EA7361029B019101EB8B
:109DE0000C0B83EAFB5319448AEAF14102930B44BA
:109DF0008CEAB33303910093002101EB020C0CF0C9
:109E0000030C34ABCC4403EB8C0C5DF821304CF8E4
:109E1000C03C01310429F0D10132042AC0D1002212
:109E200004ABD358A3500432402AF9D1013DB6D136
:109E30003E9B002B3BD06359425913446351043578
:109E4000402DF8D1002505EB850908EB0500FFF74B
:109E500081FD54F80930181A44F8090004EB05098B
:109E60007819FFF777FDD9F818300435181A102D36
:109E7000C9F81800E7D1002303EB83029819A15811
:109E8000002281540132042A4FEA1121F9D1E2184B
:109E900006F1100091691844002281540132042A0D
:109EA0004FEA1121F9D10433102BE5D10EE03E9B8E
:109EB000E258C158F51811440022A9540132042A6D
:109EC0004FEA1121F9D10433402BF1D135B0BDE86F
:109ED000F08F13B500240094FFF732FF204602B044
:109EE00010BD13B501240094FFF72AFF002002B033
:109EF00010BDFFFF2DE9F04F144695B01D4654EA02
:109F000005038A4683461E9964D0002200230DF87B
:109F100002300132102AF9D1CA5C0DF80320013356
:109F2000082BF9D1A046A9460BEB0407B9F1000FA5
:109F300008BFB8F1400FC8EB07072AD304AE274B80
:109F40001F9A30466946FFF7C4FF0023BAF1000F9D
:109F500002D01AF8032000E05246F15C4A40FA545D
:109F60000133402BF2D1082301221DF803100A44CB
:109F70000DF803200133102B4FEA1222F5D1B8F16E
:109F8000400849F1FF39BAF1000FCDD00AF1400A7B
:109F9000CAE7A60900233F2246EA856614401D4011
:109FA00054EA05030BEB861614D004AD0B4B1F9A35
:109FB00028466946FFF78DFF0023BAF1000F02D053
:109FC0001AF8032000E05246E95C4A40F25401339B
:109FD000A342F2D1002015B0BDE8F08F986E0200C8
:109FE0002DE9F0438BB002AF129E8146884614469D
:109FF0001D463146139A084B38461036FFF771FF5D
:10A000008DE8C0004846414622462B46FFF772FFC6
:10A010000BB0BDE8F08300BF986E02002DE9F0435D
:10A020000023ADF2A45D8046C85C0DF80300013347
:10A030001F2BF9D1CB7F03F03F0343F040038DF892
:10A040001F309DF80030114623F00703C8A88DF893
:10A050000030FFF79FFD0021C8AB0B44D3E900237C
:10A0600028A80844C0E9002348A808440022002387
:10A07000C0E9002308A80844C0E9002368A84418E0
:10A0800008318029C4E90023E6D101220023C0E978
:10A090000023CDE90823FE240025E60846EA45769C
:10A0A00000AB334408A893F8009004F0070349FA82
:10A0B00003F909F0010928A94A46FFF7AEFC48A8B0
:10A0C00068A94A46FFF7A9FC88A808A948AAFFF78B
:10A0D00087FD08A8014648AAFFF796FD48A828A9C9
:10A0E00068AAFFF77DFD28A868AA0146FFF78CFD46
:10A0F00068A888A9FFF7F4FDA8A808A9FFF7F0FD54
:10A1000008A8024648A9FFF792FD48A828A988AAEE
:10A11000FFF78DFD88A808A948AAFFF761FD08A8E8
:10A12000014648AAFFF770FD28A808A9FFF7D8FD47
:10A1300048A868A9A8AAFFF767FD08A848A9344A53
:10A14000FFF775FD08A8014668AAFFF749FD48A872
:10A15000014608AAFFF76BFD08A868A9A8AAFFF79F
:10A1600066FDC8AA68A828A9FFF761FD28A888A9E4
:10A17000FFF7B6FD08A828A94A46FFF74EFC48A8F5
:10A1800068A94A46FFF749FC14F1FF3445F1FF3551
:10A19000B5F1FF3F08BFB4F1FF3F7FF47EAFC8A821
:10A1A000002108AB0B44D3E90023C0E9202348ABCE
:10A1B0000B44D3E9002300F58074C4E9002328ABE5
:10A1C0000B44D3E9002300F5C074C4E9002368AB55
:10A1D0000B44D3E90023083100F500748029C4E959
:10A1E000002300F10800DCD10DF584600146FFF783
:10A1F0007AFDE8A801460DF58462FFF718FD404698
:10A20000E8A9FFF72BFC00200DF2A45DBDE8F08368
:10A21000186E0200014AFFF701BF00BFA86E0200DE
:10A2200038B505460C4608462021EFF721FB2846A5
:10A230002146BDE83840FFF7EDBFFFFF10B50B46E4
:10A240008AB00446114602A81A46FFF7E7FE01232A
:10A25000009320460349044B02AAFFF771FD00203A
:10A260000AB010BD30D7FF1F986E02000148E7F713
:10A270001BBB00BFE8D7FF1F10B504462146402294
:10A28000054808F020FE04F1400104482022BDE802
:10A29000104008F018BE00BF40D7FF1FA0D7FF1F17
:10A2A00003460A4601481946E7F728BBE8D7FF1FCF
:10A2B00001460148E7F743BBE8D7FF1F30B591B02F
:10A2C00004460D4668460021402208F017FE34B1CE
:10A2D000012C1DD0402D04D9012008F09BFD0D4C10
:10A2E0002025214668462A4605F030FF00241DF847
:10A2F000043083F036030DF804300134402CF6D1DD
:10A30000FFF7B4FF68462146FFF7CAFF11B030BD22
:10A31000014CE5E740D7FF1FA0D7FF1F70B50446EB
:10A3200090B010460E461546FFF7C2FF6846002162
:10A33000402208F0E3FD34B1022C24D0402E04D991
:10A34000012008F067FD114C202621466846324660
:10A3500005F0FCFE00241DF8043083F05C030DF8CA
:10A3600004300134402CF6D1FFF780FF68462146C7
:10A37000FFF796FF28462021FFF792FF2846FFF7B8
:10A3800097FF10B070BD024CDEE700BF40D7FF1F43
:10A39000A0D7FF1F08B50448FBF76AFBFBF76EFB6D
:10A3A000024B186008BD00BFDDC00100E4D7FF1FED
:10A3B000034B044A1A60044B20221A60704700BF06
:10A3C00058D8FF1FCA8CFF1FC0D7FF1F70B5C4B07D
:10A3D00006460D4614460021882222A808F08EFD6C
:10A3E0000E4B22930E4B23930E4B24934023259325
:10A3F0002023269302AB27930B4B00941B680193F9
:10A400000A4B314618682A4622ABFBF782FC10B98A
:10A41000012008F0FFFC44B070BD00BF39BC010052
:10A420003FBC010045BC0100E4D7FF1F58D8FF1F07
:10A430002DE9F041069C074600200E4615460146D0
:10A4400022469846FFF73AFF38463146FFF728FF85
:10A4500028460A4D4146FFF723FF28462021FFF7F3
:10A460001FFF002001462246FFF758FF204605F156
:10A4700020012022BDE8F041F2F712BB40D7FF1FB8
:10A4800013B5054C0094FFF7D3FF044B1C60044B3D
:10A4900020221A6002B010BD80D7FF1F58D8FF1FBE
:10A4A000C0D7FF1FF0B59BB0164602AC00221F4676
:10A4B00000941346FFF7BCFF002140220AA808F0D1
:10A4C0001DFD104B20461A680AA9FBF7E2FB0AADF6
:10A4D000324612AE2C4603CCB44210605160254681
:10A4E00002F10802F6D134463B461AAD224603CAB1
:10A4F000AA4218605960144603F10803F6D11BB054
:10A50000F0BD00BFE4D7FF1F30B58BB0154602ACDD
:10A51000002213460094FFF78BFF28462146F8F7E8
:10A52000C9FC0BB030BDFFFF13B50022054C0094F1
:10A530001346FFF77DFF044B1C60044B20221A607A
:10A5400002B010BDC4D7FF1F58D8FF1FC0D7FF1FD0
:10A550002DE9F04F95B002AFB1F5007F86460C466D
:10A5600093461E46D7F87090E84602D8B3F5007FB0
:10A5700005D948460021402208F0C0FC1FE001EB4D
:10A58000030A0AF1070323F00703ADEB030D02AD45
:10A5900071462246284605F0D9FD28190A4C324654
:10A5A000594605F0D3FD381D2168F8F783FCCDF836
:10A5B00000A0484621683A1D2B46F8F7F7FB4C37B8
:10A5C000C546BD46BDE8F08F58D8FF1F014B1A683D
:10A5D000FBF75FBBE4D7FF1F08B5054B1B68FBF714
:10A5E00091FA012802D0012008F014FC08BD00BF38
:10A5F000E4D7FF1F2DE9F84F334B1B78022B0E4693
:10A6000001D100205CE0314B1D78242D994656D0B5
:10A610002F4B1F689A46002F3DD02E4B1C68BC4222
:10A62000984609DA51B12C4B1D7885B1A9428CBFEF
:10A63000002501255DB103E0012501E00D4606E09E
:10A640002CB1013C4FF4007394FBF3F464023F1B04
:10A65000B7F5007FA8BF4FF400771FFA87FB594674
:10A6600004F0E2FD1D4B18685946204404F0EAFD51
:10A67000002DC6D1184B3C441E70C8F80040EDF7C1
:10A680004FFFD8F80020DAF800309A42B9DBF72300
:10A6900089F8003013E0124B1B7813B9114B1B687B
:10A6A00043B10E4B002118684FF4546208F026FCA9
:10A6B000232005E00120EEF725FB2A2000E02846B4
:10A6C00000B2BDE8F88F00BFB4D5FF1F25C7FF1F3C
:10A6D00004C8FF1F68ADFF1FAED5FF1FA88CFF1F6A
:10A6E00050C7FF1F9CC7FF1F2DE9F04FA2F10A06BC
:10A6F000F62EADF54D7D81461D4601D9002034E290
:10A700008B780F7891F80180CC7801930A3132462A
:10A710004CA805F01BFD48464CA901F097FA83466A
:10A72000002800F01F82BE4B0422E42F1A609946D5
:10A7300040F03981BB4B93F800A0BAF1000F40F014
:10A740003281B94B4CA8C3F800A0F2F7F1F94122CD
:10A750005146B64808F0D2FBB549B448FFF760FD52
:10A76000B448F2F7BFF9B44B00F1140250F8041BDF
:10A7700043F8041B9042F9D102781A70AB490123C7
:10A7800041228CA8C9F8003005F0E0FCA74A0DF280
:10A7900039130DF2591153F8040B42F8040B8B4294
:10A7A000F9D1A64BA148A6499DF85A7101221A7009
:10A7B000E9F77CFE0646002840F0F38014A8E7F78E
:10A7C00073F8202214A89E49E7F798F814A89C492A
:10A7D000E7F7B5F8E9F7CEFE9A4BF6221A709946DC
:10A7E000B8F1000F00F0D680B8F1020F00F2BA8184
:10A7F000002C31464FF021020BA818BF022408F0AC
:10A800007DFB0DF25B130DF12D020DF27B119A46CB
:10A8100053F8040B42F8040B8B42F9D1019B834E91
:10A8200003F1010B5FFA8BFB30460021412208F057
:10A8300065FBBBF1060F13D1B8F1020F01D18248BD
:10A84000DBE0824E8CA93522306808F03CFB316891
:10A8500050463531EAF7C0FE306840F2F54196E0E7
:10A86000BBF1010F02D0BBF1040F06D104200BA9EC
:10A870008022EAF79FFF202617E0BBF1020F02D0EB
:10A88000BBF1030F0DD158460BA98022EAF792FFC6
:10A89000701C3146402208F016FB04233370412619
:10A8A00003E0EDF73DFE26205FE10DF265205F49F4
:10A8B000324605F04BFCB8F1020F65D1572F06D197
:10A8C000634BDA78572A02D10022DA7044E1EDF7BF
:10A8D000D0FD0228804600F05281022001F082FA69
:10A8E000B8F1010F05D144F6382001F033FB804662
:10A8F00034E030A8E6F7D8FF06F1200230A8514630
:10A90000E6F7FCFF30A803A9E7F719F8514B9DF8CB
:10A910000C201B78092B14BF06230323B2FBF3F191
:10A9200003FB1122511C9DF81B20B2FBF3F003FB2B
:10A9300010229DF82B00B0FBF3FE03FB1E03013237
:10A940000133C9B2D2B244F63820DBB201F06CFB5D
:10A9500000218046202203A808F0D0FA18F1020F47
:10A9600004D1002389F80030272006E1B8F1010F57
:10A9700000F30081B8F1000FC0F2FE8040F0FF80CC
:10A9800089F800803A20F8E08CA806F135012246CB
:10A99000002303E08CA8352122464346EDF7DAFD7B
:10A9A000DAE02720E1E031464CA8EBF7C9FE061EAD
:10A9B00013DA294B1B68002B40F0CE80194B1B7813
:10A9C000002B40F0C9801F4B1B78242B00F0C48063
:10A9D0000123C9F8003021480FE0F32F114B0FD1AC
:10A9E0001B780122C9F80020002B40F0B5801A4BDB
:10A9F0001B68002B40F0B0801948EDF7C7FFABE0B3
:10AA00001B78002B40F0A880BBF1010F2CDCB8F1C3
:10AA1000800F29D00123C9F800301248EDE700BFAC
:10AA200028C7FF1F50C7FF1F98C7FF1F0CA6FF1F97
:10AA30006CA2FF1F943A02002CA6FF1FBCA1FF1FAF
:10AA40005DD8FF1F25C7FF1F7A740200A88CFF1F67
:10AA5000E5ACFF1FB78CFF1F04C8FF1FAF740200D7
:10AA60000B3B0200D37402004F4A13789346ABB9F4
:10AA7000F02F147001D0ED2F0DD14C4B4FF45462D8
:10AA80001868002108F03AFA494A00231360494A3D
:10AA90001360494A13700DF5987A3CE09C42FAD84D
:10AAA0002CE646480021402208F028FA382E434B75
:10AAB00034DD5246D91D0AF1380052F804EB41F852
:10AAC00004EB8242F9D112780A70DFF8F0C00093EB
:10AAD00004226046FF2108F011FA009BFF221F713B
:10AAE00083F805809A71019B13B1392ED8BF867106
:10AAF000F02F1BD1324B31488BF8004080221A7066
:10AB0000304B00221A600123C9F80030EBF77CF9C2
:10AB1000393E0AF1390A002EC3DC18E0D81D51462F
:10AB20003246009305F012FB009BCEE7ED2FEFD1EC
:10AB3000234B22488BF80040D5221A70214B00226B
:10AB40001A600123C9F80030EBF71CF8E0E7019B1D
:10AB500013B100238BF8003028462146FFF74AFD49
:10AB600040B20AE0EDF7DCFC182000B20DF54D7D97
:10AB7000BDE8F08F212000E02D2080B2F5E7572FAF
:10AB800001D1114BDF708CAB06F1350119440DF288
:10AB90007B10E9F78BFC034600287FF402AF8CA8FA
:10ABA00006F155012246F9E65CD8FF1FA88CFF1F6D
:10ABB00004C8FF1F68ADFF1FAED5FF1F58C7FF1F9A
:10ABC00026C7FF1F98C7FF1FE5ACFF1F2DE9F04107
:10ABD000164680460C46084647211F4604F024FBD3
:10ABE0003578E42D1DD00ED8142D13D0152D24D179
:10ABF0002046472101F072FA40B201280CBF002024
:10AC00002120BDE8F081F02D0BD0F32D09D0ED2DE2
:10AC100013D106E00020042323706070A070BDE80B
:10AC2000F0812046002104F0FFFA404631463A46C2
:10AC30002346BDE8F041FFF757BD0120BDE8F08194
:10AC4000C27BD20701D505F03AB98089002170474F
:10AC500038B50C460546FFF7F3FF2060EB7B9B07FA
:10AC600044BFC0432060002038BD10B5C37B5B07E4
:10AC70000C460CD4FFF7E4FF002302468B4208BFCA
:10AC8000824220600CBF00204FF4806010BD022083
:10AC900010BD10B5C37B5B070C460CD4FFF7D0FF8B
:10ACA000002302468B4208BF824220600CBF002076
:10ACB0004FF4806010BD022010BD10B5C37B5B0750
:10ACC0000C460CD4FFF7BCFF002302468B4208BFA2
:10ACD000824220600CBF00204FF4806010BD022033
:10ACE00010BD704730B58B7BA02B8DB004460D4650
:10ACF00001D013209EE0084602A905F025F908B10D
:10AD0000102097E0284601A9FFF7D7FF0028F7D1C8
:10AD10000546019B9D4280F088809DF81630602B8F
:10AD2000E7D1182300930DEB030102A86A46002324
:10AD300005F06AF9B0F1004F01D115207AE0002842
:10AD4000DED18DF82F0002A805F0AEF90028D7D18A
:10AD500006A8394908F037FB034698B99DF8162034
:10AD6000402AC6D1009202A804F5A4716A4605F0F3
:10AD70004BF9B0F1004FE0D0009B84F888310028F7
:10AD80004BD0BDE706A82D4908F01DFB034688B946
:10AD90009DF81620602AACD14122009202A804F24C
:10ADA00089116A4605F030F930F00040A8D184F8E6
:10ADB000C90132E006A8224908F005FB034698B90C
:10ADC0009DF81620602A94D14022009202A804F532
:10ADD000E5716A4605F018F920F0004000288FD18F
:10ADE000002384F8093218E006A8164908F0EBFAA7
:10ADF00098B99DF81630602B7FF47BAF80230093C9
:10AE000002A804F20A216A46002305F0FDF830F09A
:10AE100000407FF475AF84F8890202A805F044F978
:10AE200000287FF46DAF013573E7236843F0040316
:10AE3000236000200DB030BDD57502005C420200D9
:10AE4000D8750200E475020070B58EB0102301932E
:10AE5000837BA02B04460D46164618BF13242FD122
:10AE6000194902AA05F030F908B1102428E020465B
:10AE7000164906AA05F028F90028F6D19DF81630E3
:10AE8000602B1CD19DF82640CCB902A80AA901AAC2
:10AE9000234605F0B9F80028E7D10AA80C498DF837
:10AEA000374008F090FA08B9012300E03F232B70E7
:10AEB00006A8314605F087F80028D6D100E0142412
:10AEC00020460EB070BD00BFA2490200E975020025
:10AED000ED75020070B58B7B802B88B004460D4663
:10AEE00018BF13234CD1084604A905F02DF808B16A
:10AEF000102345E0284602A9FFF7CBFE0028F7D132
:10AF00000646029B9E420FD204A80DF1070103AA38
:10AF1000FFF79AFF0346002832D104A805F0C4F8D1
:10AF20000028E5D10136ECE7284604A905F00CF825
:10AF30000028DDD10546029B9D4217D204A80DF1E1
:10AF4000070103AAFFF780FF034640B99DF80710E9
:10AF5000039A012903D102F10800012808D904A8A5
:10AF600005F0A2F80028C3D10135E4E7262307E065
:10AF7000C4F88C22226884F88A1242F00802226007
:10AF8000184608B070BD13B5837B402B144618BF1C
:10AF900013200DD102AA002342F8044D05F034F825
:10AFA00028B90198A04214BF0320002000E010201F
:10AFB00002B010BD13B5FD2301938B7B602B0446BB
:10AFC00018BF132012D1084601AA2146002305F01C
:10AFD0001BF8B0F1004F06D038B9019B84F8FD0092
:10AFE000C4F8003102E0152000E0102002B010BDCE
:10AFF00030B58B7BA02B89B004460D4601D01320C1
:10B000005CE0084604A904F09FFF08B1102055E059
:10B01000284601A9FFF751FE0028F7D1C4F8000126
:10B020000546019B9D4241D29DF81E30602BE6D122
:10B03000082300930DEB030104A86A46002304F0E3
:10B04000E3FFB0F1004F38D00028DFD18DF80F00BA
:10B0500004A805F029F80028D8D19DF81E30602BEF
:10B06000CDD102A8164908F0AEF928B9204604A9A6
:10B07000FFF7A0FF98B121E002A8124908F0A3F958
:10B08000034660B92022009204A804F582716A4642
:10B0900004F0BAFF30F00040B8D184F8230104A8CE
:10B0A00005F002F80028B1D10135BAE7D4F8003133
:10B0B000002B14BF0020142000E0152009B030BD83
:10B0C000D57502005C420200F0B51F46837BA02BC1
:10B0D00089B004460D4616465DD104A904F034FF3C
:10B0E00008B1102058E0204601A9FFF7E6FD00282E
:10B0F000F7D104460198844249D29DF81E30602B56
:10B1000049D1082300930DEB030104A86A460023EC
:10B1100004F07AFFB0F1004F3BD00028E1D18DF868
:10B120000F0004A804F0C0FF0028DAD19DF81E30FB
:10B13000F52B30D102A81949022208F056F930B98E
:10B14000BDF81C30003318BF01232B7018E002A893
:10B150001349022208F049F930B9BDF81C30003318
:10B1600018BF012333700BE002A80E49022208F039
:10B170003CF928B9BDF81C30003318BF01233B70DF
:10B1800004A804F091FF0028ABD10134B2E70020FD
:10B1900002E0152000E0132009B0F0BDF8750200B0
:10B1A000FB7502004E5202002DE9F04F00230B7098
:10B1B000837BA02B89B080460C4618BF132372D125
:10B1C0003B4904AA04F080FF064608B110236AE058
:10B1D0009DF81E30402B01D0142364E008AD671C9D
:10B1E00033464FF0460904A839466A4645F8209D83
:10B1F00004F00AFF009B302B02D14123237024E08E
:10B20000462B22D0422323704FF4807300932949A8
:10B2100033466A4604A804F0F7FE42F21513264AA4
:10B22000DDF800A002F803A0314683464A463846BE
:10B2300007F064FE38461F49BAF1460F34BF524644
:10B24000462204F083FF5E4600E00646002EBDD194
:10B2500040461A4904AA04F037FF0028B6D19DF8E9
:10B260001E30602BB8D10C23009304A801A96A46B4
:10B27000334604F0C9FEB0F1004F02D13F232370E2
:10B2800001E00028A2D101A80D490B2208F0ADF879
:10B2900020B9237833B90122227004E03F232370C0
:10B2A000002300E00346184609B0BDE8F08F00BF58
:10B2B000D57502001DFAFF1F08DAFF1FA249020020
:10B2C000ED75020010B5837B802B0446E8B018BFF3
:10B2D00013201DD16946FFF7DCFC08B1102017E0F0
:10B2E000204601A904F030FE0028F7D10446009B57
:10B2F0009C420CD201A805A9FFF756FF0028EDD10A
:10B3000001A804F0D1FE0028E8D10134EFE70020C5
:10B3100068B010BD30B58B7B802B054687B00C46DE
:10B3200018BF13202DD1084602A904F00DFE08B164
:10B33000102026E0204601A9FFF7ABFC0028F7D13A
:10B34000C5F84C010446019B9C4217D2142C17D01F
:10B35000D5F84C310133C5F84C31D5F86C3140F299
:10B36000891102A801FB0431FFF71EFF48B902A8AA
:10B3700004F09AFE0028DBD10134E4E7002000E06D
:10B38000172007B030BDF0B597B00F461646002124
:10B390004FF459720AAD044607F0B0FD00953846E7
:10B3A000314640F6FF7208AB04F09EFD08B1102054
:10B3B000AEE09DF83630A02B01D01320A8E028463F
:10B3C0000EA904F0C1FD0028F1D1284604A9FFF719
:10B3D00074FC0028EBD10546049B9D4280F09780C9
:10B3E0009DF84630002BE8D10EA803A904F0EBFD30
:10B3F0000028DCD10EA804F057FE0028D7D1039B0B
:10B40000013B032B7BD8DFE803F0021064709DF84A
:10B410004630002BD1D10EA8214604F0D4FD0028DF
:10B42000C5D1236884F8AD3169E0202307939DF8E6
:10B430004630A02BBBD10EA812A904F085FD002830
:10B44000B5D1139F0EA805A9013FFFF736FC0028D0
:10B45000ADD10646059B9E422CD29DF85630002B5E
:10B46000A5D112A806A9FFF7F3FB00289FD112A8C7
:10B4700004F01AFE0346002899D1069A012A07D043
:10B48000022A0FD112A804F12401FFF78DFE07E074
:10B4900012A8211D07AA04F0B7FDB0F1004F86D015
:10B4A000002884D112A804F0FFFD00287FF47FAFAC
:10B4B0000136CFE7139EF61BB6F5CD7FBFF477AF0D
:10B4C00004F5D7703946324607F0FDFCC4F84863EE
:10B4D00015E09DF84630002B7FF46FAF0EA804F501
:10B4E000587104F070FD50B161E70EA804F5537176
:10B4F0001022FFF748FD58B9012384F85C330EA8E9
:10B5000004F0D2FD00287FF452AF013564E700203B
:10B5100017B0F0BDF0B500230B644B64837BA02B08
:10B5200087B005460C465DD102A904F00DFD08B1B7
:10B53000102058E028466946FFF7BFFB0028F7D1E6
:10B54000054607460646009B9E423FD29DF81630B0
:10B55000002B47D102A801A904F035FD0028E7D14E
:10B5600002A804F0A1FD0028E2D1019B0333042BC3
:10B5700025D8DFE803F01C140A2403009DF81630D8
:10B5800083BB02A804F1400105E09DF816304BBBD7
:10B5900002A804F1440104F016FD80B1C8E702A836
:10B5A00021462022FFF7EFFCE8B9012707E002A8B7
:10B5B00004F120012022FFF7E6FCA0B9012502A832
:10B5C00004F072FD0028B3D10136BCE747B13DB1AC
:10B5D000236C2BB1636C002B14BF0020142002E0FD
:10B5E000142000E0132007B0F0BD70B5837BA02BC2
:10B5F00088B004460E4601D013205CE004A904F094
:10B60000A3FC08B1102056E0204601A9FFF755FB26
:10B610000028F7D105460446019B9D4245D29DF87E
:10B620001E30002BE8D104A803A9FFF711FB002866
:10B63000E8D104A804F038FD03460028E2D1039ABB
:10B64000022A0AD0032A1CD0012A27D104A806F115
:10B650006401FFF75FFFF8B12DE008AA402142F82E
:10B66000181D04A8711C04F0CFFC029B202B01D0F4
:10B67000402B1FD1B0F1004F1CD00028C2D1337035
:10B680000AE008AA202142F8181D04A806F1410189
:10B6900004F0BAFC0028B5D10134E4B204A804F0E7
:10B6A00003FD0028AED10135B6E7032C0CBF002006
:10B6B000142000E0032008B070BDFFFF30B5837B8D
:10B6C000A02B8BB005460C4665D102A904F03CFCCA
:10B6D00008B1102060E0284601A9FFF7EEFA002823
:10B6E000F7D10546019B9D4253D29DF81630602B41
:10B6F00051D11023009302A806A96A46002304F042
:10B7000083FCB0F1004F0BD102A804F0CDFC02A8DD
:10B7100004F0CAFC0028DCD102A804F0C5FC31E02A
:10B720000028D6D18DF8270002A804F0BDFC00281F
:10B73000CFD106A819490B2207F057FE90B99DF802
:10B740001630F52B04D1BDF81430DBB1012307E02E
:10B75000A02B17D102A8211DFFF747FFE0B9022354
:10B7600023700FE006A80E490B2207F03EFE48B9F1
:10B770009DF8163033B902A804F1B401FFF768FA56
:10B780000028A6D102A804F08FFC0028A1D1013521
:10B79000A8E7002000E013200BB030BDFE750200CA
:10B7A0000A760200F0B5002191B0044616464FF427
:10B7B0005E721F4608AD07F0A1FBFF2384F8A93293
:10B7C00000953046394640F6FF7206AB04F08CFB1C
:10B7D000C8B99DF82E30A02B01D01120B6E0284624
:10B7E0000CA904F0B1FB08B11020AFE0284604A971
:10B7F000FFF763FA0028F7D1054617E020460CA9A9
:10B80000FFF770FA60B1C0B2A0E00CA8211D2022A1
:10B81000FFF7B9FB0028F6D1236843F0010323604A
:10B820000CA804F041FC0028DED10135049B9D42A8
:10B830007BD29DF83E30002BCFD10CA803A904F099
:10B84000C2FB0028D0D10CA804F02EFC0028CBD1DC
:10B85000039B013B082BE3D801A252F823F000BF61
:10B860000BB8010085B80100FDB701009BB80100CD
:10B87000A5B80100C9B80100DDB80100F5B80100A4
:10B8800013B9010004F124000CA9FFF7B1FB002853
:10B89000B9D1236843F00203C1E720460CA9FFF7A2
:10B8A00019FBAFE70CA8FFF70DFD00289CD10CA8F1
:10B8B00004F5257104F048FB002895D10CA804F587
:10B8C0002971FFF7E6F92CE09DF83E30A02B2ED130
:10B8D0000CA804F53071FFF7F1FE08E00CA804F5A0
:10B8E000247104F52A7204F2A923FFF7EDFB002866
:10B8F00096D02BE09DF83E30402B1AD10CA805A91C
:10B90000FFF7B3F9A8B9059B9BB9012384F8BB32B3
:10B9100086E79DF83E3053B90CA804F52F7104F06A
:10B9200052FB00283FF47CAF5EE700200EE01320BE
:10B930000CE00CA804F2AA211022FFF724FB032834
:10B9400000D018B9012384F8BA3269E711B0F0BD0C
:10B95000F0B5044691B00F46164600214FF40B7225
:10B9600007F0CCFA4F4BC4F86C3108ADFF2384F8D4
:10B97000523100953846314640F6FF7206AB04F06E
:10B98000B3FA08B110208AE09DF82E30A02B01D028
:10B99000132084E028460CA904F0D6FA0028F1D13F
:10B9A000284604A9FFF789F90028EBD10546049B36
:10B9B0009D4265D29DF83E30002BE9D10CA803A929
:10B9C00004F001FB0028DDD10CA804F06DFB002879
:10B9D000D8D1039B013B062B4BD8DFE803F00F04C3
:10B9E000151F25303F000CA8211D2022FFF7CBFAA0
:10B9F000002854D1012384F824303AE004F12800CF
:10BA00000CA9FFF7D7FA18E020460CA9FFF782FC33
:10BA10000028B7D1012384F870312AE00CA804F57E
:10BA2000BA71FFF74BFE08E00CA804F5A87104F208
:10BA3000511204F5A973FFF747FBD0B12FE09DF831
:10BA40003E30402B1ED10CA805A9FFF70EF9C8B94E
:10BA5000059BBBB9012384F864310AE09DF83E30B0
:10BA6000002B95D10CA804F5B47104F0ACFA0028B1
:10BA700088D10CA804F018FB002883D1013596E783
:10BA800000200CE00CA804F253111022FFF77BFAFF
:10BA9000032800D018B9012384F86331E9E711B015
:10BAA000F0BD00BF58DBFF1FF0B591B00F46164642
:10BAB00000214FF4BE7208AD044607F01FFA00954E
:10BAC0003846314640F6FF7206AB04F00DFA08B175
:10BAD0001020A1E09DF82E30A02B01D013209BE078
:10BAE00028460CA904F030FA0028F1D1284604A910
:10BAF000FFF7E3F80028EBD10546049B9D4280F058
:10BB000088809DF83E30002BE8D10CA803A904F0F2
:10BB10005AFA0028DCD10CA804F0C6FA0028D7D1C4
:10BB2000039B013B072B6CD8DFE803F0040B141FC9
:10BB30002B48535F9DF83E30002BCFD10CA82146F7
:10BB400005E09DF83E30002BC8D10CA8211D04F063
:10BB50003AFA56E00CA804F10801FFF7DBFC0028D4
:10BB60005AD1012384F850304BE00CA804F1510164
:10BB70001022FFF708FA00284ED1012384F8613023
:10BB80003FE09DF83E30402BA8D10CA805A904F059
:10BB900093FA034600289BD1059AA2F14001C029DF
:10BBA00039D8C4F864214FF4807205920CA804F1CE
:10BBB000620105AA04F028FA18B389E70CA804F575
:10BBC000B4711022FFF7DFF930BB012384F878311C
:10BBD00017E09DF83E30F52B80D1BDF83C300033A6
:10BBE00018BF012384F879310BE09DF83E30F52B26
:10BBF0007FF474AFBDF83C30003318BF012384F8E4
:10BC00007A310CA804F050FA00287FF461AF0135B6
:10BC100073E7002000E0372011B0F0BD00F0C2BB98
:10BC200008B500F045FC034800214022BDE808406B
:10BC300007F064B958C7FF1F1830E5F735BE183054
:10BC4000E5F75CBE1830E5F77ABEFFFFF0B51D4B97
:10BC500085B004466A4603F110071868596815460E
:10BC600003C50833BB422A46F7D1ECF7DFFB054694
:10BC700034B9154869460C2207F016F9B0B106E050
:10BC800012482146202207F00FF978B1F1E734B9C4
:10BC90000F486946102207F007F938B10EE00D4849
:10BCA0002146202207F000F90028F1D1AB0705D486
:10BCB00015F0010F0CBF0120022000E0002005B0AC
:10BCC000F0BD00BF70ADFF1F1676020023760200A4
:10BCD00044760200557602002DE9F04116460C46E6
:10BCE0000546ECF7B1FE731E012B94BF04F114035B
:10BCF0002346B3F5546F01DB324804E0022E06D12F
:10BD00001F2C14DC3048BDE8F041ECF73FBE012E9B
:10BD10002E4F2F4E22D1306829462246043007F09C
:10BD2000D2F830682146EAF7BDFC386041E0284E81
:10BD30003068203C05F120012246243007F0C3F88A
:10BD400029462022306807F0BEF8306821462030AE
:10BD5000EAF7A8FC1D4B203018602AE028461D4950
:10BD600007F031FBF8B13068854214D300F5546315
:10BD70009D4210D22A1A002102EB040807F0BEF8F7
:10BD80003068B8F5546FA8BF4FF4546840440021A0
:10BD9000C8F5546202E000214FF4546207F0AEF897
:10BDA0000D4B00221A7030682946224607F08BF8A6
:10BDB0003C600A4A00231360094A1370BDE8F04151
:10BDC000ECF7AEBB767602009876020004C8FF1F3F
:10BDD000A88CFF1FB176020050C7FF1F68ADFF1F80
:10BDE000AED5FF1F38B5074B074D1A68074B044601
:10BDF0001A6028B12B68834202D040B200F000FBE9
:10BE00002C6038BDA8FDFF1F8CD8FF1F80D8FF1FF6
:10BE100008B500F0B7FABDE8084002F03DBDFFFFED
:10BE200030B545F6B033ADF5057D1C78012C19D140
:10BE300003A84FF4B44140F20122EAF793FF0094C3
:10BE400073AA7BA870A92023EAF72AFE084A7BACD4
:10BE500083AD234603CBAB42106051601C4602F118
:10BE60000802F6D1FFF7D4FF0DF5057D30BD00BF08
:10BE7000CA8CFF1F044B1B78022B4FF0640101D1C9
:10BE800006F0CEB806F096B8A0C7FF1F08B5AB20E5
:10BE9000ECF740FE4FF4FA70BDE8084005F02ABD0B
:10BEA00030B5B5B0044669460323D0220020EFF731
:10BEB00051FB69460546D022204604F047F9284642
:10BEC00035B030BD10B5D024B4B001462246684626
:10BED00004F03CF96946224604230020EFF73AFBC0
:10BEE00034B010BD10B50446EAF7CCFE54B1B4F539
:10BEF000807F8CBF20460019EAF7D3FEBDE81040D2
:10BF0000EAF7C0BE441C2046EAF7CBFE204610BD2F
:10BF1000014B1870704700BF88D8FF1F00B591B063
:10BF200000216846402206F0E9FF6846002106F03D
:10BF30000DF808B9002009E0684600F0B9FA912828
:10BF4000F8D10120ECF7DEFE4FF0FF3011B05DF8C4
:10BF500004FBFFFFF8B5304B304E1C783768002CDF
:10BF600054D140F2EE239842074432D9AB20ECF78B
:10BF7000BDFA33689F4204D20120ECF7C3FE0020D3
:10BF8000F8BDEDF70BFB10B1254B01221A60FFF74E
:10BF9000C5FF14F0FF03054601D1AB2002E0802B62
:10BFA00002D10020ECF7B6FD002D31D11C4B1B68EF
:10BFB000012B04F10104DCD11EE0AA20ECF7AAFD5C
:10BFC000EDF7ECFA164B08B101221A601B68012B41
:10BFD0000CD0144B1A68542A04BF2A221A601C463B
:10BFE00033689F42E9D20020ECF78CFE23682A2BAD
:10BFF00002D10C4B54221A60094E35680024012DE1
:10C00000204607D1ECF77EFE346001E00220F8BD47
:10C010002846F8BDF8BD00BF88D8FF1FA8FDFF1F48
:10C0200084D8FF1F30C8FF1F2DE9F7438DF8052086
:10C03000264A8DF806301478254B8DF8041080467A
:10C040001F689946002C3DD1AB20ECF74FFA2546EE
:10C05000D9F8003008EB07029A4204D20120ECF72D
:10C0600051FE00202FE0EDF799FAE8B1194A0026B9
:10C070001368166002AA2A44303B12F8042CDBB283
:10C080009A4207D00120ECF73DFE134B6FF0010000
:10C090001E6018E00135032D06D13046ECF732FE64
:10C0A0000D4B01201E600EE0FFF738FF58B914F069
:10C0B000FF0301D1AB2001E0802B01D1ECF72AFD79
:10C0C0000134C5E7022003B0BDE8F08388D8FF1F24
:10C0D000A8FDFF1F30ADFF1F84D8FF1F08B5EDF787
:10C0E000C7FB012008BD0020014602460523EFF7EB
:10C0F00031BA0C20704740F2B9120223EFF72ABA86
:10C1000040F2B9120123EFF725BAFFF7F4BF10B5DB
:10C11000F0B0044640F2B91201A8FF2106F0EEFE8D
:10C12000204601A9FFF7E7FF70B010BD45F6B03318
:10C130001B78012B09D10A4B03F1100253F8041BA1
:10C1400040F8041B9342F9D17047064B03F11002EB
:10C1500053F8041B40F8041B9342F9D1704700BF09
:10C16000B7760200C876020045F6B0331B78012B83
:10C170000CBF024B024B1888704700BFC88CFF1FD2
:10C18000EC8CFF1F10B545F6B03304461B78012B2D
:10C1900005D1FFF7E9FF06490246204604E0FFF714
:10C1A000E3FF044902462046BDE8104006F08BBE7E
:10C1B0009C710200C86E020010B500230A4A1821C3
:10C1C00001FB03210C7C4CB901230B74074B086065
:10C1D0001A680023C1E90223204603E00133092B3A
:10C1E000ECD1FF2040B210BDB0D8FF1FA8FDFF1F4B
:10C1F00010B5002318210A4C59430A59824209D12B
:10C20000084B1A6821440023C1E9022301230B745F
:10C21000002003E00133092BECD1FF2040B210BD18
:10C22000B0D8FF1FA8FDFF1F10B500231822074933
:10C230005A435458844203D10A440020107403E046
:10C240000133092BF2D1FF2040B210BDB0D8FF1F3F
:10C25000044A00231380044A1360044A1360044A0A
:10C2600013607047A4D8FF1FA0D8FF1FFCD9FF1F81
:10C27000F8D9FF1F044B188828B1044B1B68834270
:10C2800014BF012002207047A4D8FF1FA0D8FF1FB1
:10C29000F8B5044617460E4609B1002536E0C368D6
:10C2A0007BB903696BB9211D0422153006F00BFE22
:10C2B0002378E26863762389E376190A0732A17648
:10C2C000E260E268002A3EDDA01815300021C2F1CC
:10C2D000400206F013FE04F11500BDE8F840FFF738
:10C2E000C9BDE368ABB1E1684B1CE3602144725DFA
:10C2F0004A752269402B02F10102226105D104F145
:10C300001500FFF7B7FD0023E3600135BD42E8DB10
:10C3100019E0042204F11500211D06F0D4FDE368A4
:10C320001A1DE26022693AB9227862762289E276A1
:10C33000110AA176073304E0217D61764A1C22753B
:10C340000533E360CFE7F8BD10B598B004468DF82B
:10C35000071002A80021582206F0D0FDBF230122B9
:10C3600002A80DF107018DF80830ADF810200394F4
:10C37000FFF78EFF002102A80A46FFF789FF18B0D9
:10C3800010BDFFFF024B00221A60FFF761BF00BF24
:10C3900000DAFF1F08B5FFF76DFF431E58425841F2
:10C3A00008BDFFFF38B5134C04F1F005237AEBB15B
:10C3B000114BD4E900011A680023121A63EB010340
:10C3C00040F2ED200021994208BF90420ED254F86D
:10C3D000080C0521FFF7B8FF084A002323721268F2
:10C3E00054F8083C934201D1FFF732FF1834AC42B5
:10C3F000DCD138BDB8D8FF1FA8FDFF1FF8D9FF1F3B
:10C4000000B599B000218DF80700582202A806F067
:10C4100075FD0B4B1B6803930122BB2302A80DF192
:10C4200007018DF80830ADF81020FFF731FF00212B
:10C4300002A80A46FFF72CFF19B05DF804FB00BF05
:10C44000F8D9FF1F38B51446084602F019FA2378C8
:10C45000E02B0FD0E12B27D11449042222810025A3
:10C4600020460A704D708D70CD70FFF711FF204689
:10C47000294614E00D4B1B7803B939232381228907
:10C480000A48002106F03AFD21890848FFF726FEF8
:10C49000204606492289FFF7FBFE204600210A4676
:10C4A000FFF7F6FE012038BD002038BD6CADFF1F40
:10C4B0002DE9F04702790568862AADF6180D064683
:10C4C0005FD14279837943EA0223082B03D0032604
:10C4D0000024374699E0002D7ED0FFF753FF3468E3
:10C4E000601C0ED1A54B1F680137791E033107F17F
:10C4F000010201D91746F8E738461F60FFF75CFED6
:10C500000FE000239E4A9A58A24206D01833D82B37
:10C51000F8D12046FFF750FE02E02046FFF768FE04
:10C52000274601305AD005A80021582206F0E6FC23
:10C530004FF011088623F11D6846082206948DF8F5
:10C540001430ADF81C8006F0BEFC022300248DF8E8
:10C550000C3005A80523694642468DF81030029735
:10C560008DF80D408DF80E408DF80F40FFF790FECE
:10C5700005A821462246FFF78BFE3846FFF754FEFA
:10C5800041E0691C2CD000237D495858A8420C4634
:10C590000AD01833D82BF7D1130605D5FFF76AFE5A
:10C5A00010B92846FFF708FE37680023E258BA4260
:10C5B00003D01833D82BF9D107E0FFF75BFE012831
:10C5C00019D1704B1B689F4210D096F90430002B94
:10C5D0004FF0000417DA06E02C4602E0002402E0E7
:10C5E00000240B2600E0062603270EE096F904300F
:10C5F000002BC0F2E28033791A0600F1E1800028B6
:10C6000040F0CC80044626460427DFF884810021D0
:10C610004046582206F072FC042FC8F8045088F8EF
:10C62000006072D0032F09D12846FFF7FDFD042ECC
:10C6300001D1FFF70DFE2846314664E0012F06D1F7
:10C64000514B52491A680023C1E900235DE0A6F16D
:10C650008103102B78D8DFE803F00C774D7777094A
:10C660007714777777777777771C7D00012006F04E
:10C67000D1FB47484749A8F808402246FFF708FE83
:10C6800001E0FFF703FC002141480A46FFF700FEE6
:10C6900068E084B3DFF8009199F80070002F30D182
:10C6A0004FF0010A05A889F800A002F0E9F8214638
:10C6B00005AA384802F018FDBDF81638009053441A
:10C6C0006946A8F808303248C8F80450902352460A
:10C6D00088F80030FFF7DCFD05A92D48B1F80228E5
:10C6E000FFF7D6FD2A4839463A46FFF7D1FD89F8CB
:10C6F000007037E014B92846032104E0264F3C7847
:10C700002CB128460621FFF71FFE002099E00123E7
:10C7100005A83B7002F0B4F81E4805A903F0FAF82A
:10C72000BDF816281A48A8F80820832305A988F818
:10C730000030C8F80450FFF7ABFD154821462246EB
:10C74000FFF7A6FD3C700DE0204605A9104AFFF753
:10C7500079FE18B1104B00221A7003E0284601211F
:10C76000FFF7F2FD2846FFF75FFDFFF771FD0A4B6B
:10C770001B78002BC9D1304663E000BFF08CFF1F4F
:10C78000B0D8FF1FF8D9FF1FA8FDFF1F98D8FF1FC3
:10C79000A0D9FF1F6CADFF1F90D8FF1F2B4A126856
:10C7A00097423ED12A4A2B49B2F800800A682A4FA4
:10C7B00001329A423C680A6020D00024042613E724
:10C7C0007179B27942EA012241F6B9118A423FF702
:10C7D0007EAE1F49214892B20A8021490B601B4B53
:10C7E000382A1F601C4B88BF39221A60194B4FF042
:10C7F000FF311960F11D06F066FB14E0C4EB08027E
:10C8000016483B2A06F10501204404DC06F05BFBD8
:10C81000C7F8008007E03B223B3406F054FB3C6045
:10C8200001E00024EFE63068FFF7E2FC00287FF427
:10C830001DAF074B1C880A4B1E78FFF71BFD0746F0
:10C84000E3E60DF6180DBDE8F08700BFF8D9FF1F2D
:10C85000A4D8FF1FFCD9FF1FA0D8FF1F6CADFF1F7E
:10C86000A8D8FF1FD1F84330D0F84300181A7047FA
:10C8700010B588B004466A4601200021FDF71EFD70
:10C8800004F110000E21FDF70BFD012000216A4686
:10C89000FDF744FDD4F81E00009B584008B010BDC1
:10C8A00038B50C461546FFF7E3FF80B2022802D0E8
:10C8B000032801D005E025B9002C0CBF3020002052
:10C8C00038BD002038BDFFFF70B588B004460E4665
:10C8D00015460C486A461021FDF7F0FC3046294603
:10C8E000FDF7DEFC6A4607481021FDF717FD2046DC
:10C8F0006946102206F0D8FA002814BF3320002021
:10C9000008B070BDF4FBFF1FF8B5202205460C46A9
:10C910002230223106F0C8FA064678B995F88670BA
:10C9200005F1460004F146013A4606F0BDFA38B971
:10C9300094F88600C31B58425841F8BD0020F8BD4A
:10C940003046F8BD08B50220FFF74CFA44F638200F
:10C95000FFF700FB012805DC06D000280CBF3A20B9
:10C960002D2008BD212008BD002008BD0148202140
:10C97000FFF7B4BB45FCFF1FF8B5002407460E4681
:10C980002546FFF7B6FB84420DD220463146FFF71D
:10C99000B7FBD6F84230013B033302D8BD4205D085
:10C9A00001350134EDE74FF0FF30F8BD2046F8BD0A
:10C9B000F0B5431CF9B0044609D1002009A9FFF7DE
:10C9C0009FFBDDF86630013B03332ED90024FFF7CF
:10C9D00090FB013484422AD2204609A9FFF790FB3C
:10C9E0000DF1460301AD0DF166071E461868596842
:10C9F0002A4603C20833BB421546F7D1DDF866303C
:10CA0000013B0333E3D80025A5420CDA284609A9E7
:10CA1000FFF776FB304601A9202206F045FA0028F0
:10CA2000D5D00135F0E7204603E0002001E04FF0CB
:10CA3000FF3079B0F0BD70B50446F8B071B10B4667
:10CA400001AC01F1200518685968224603C2083379
:10CA5000AB421446F7D14FF0FF340FE009A9FFF7BE
:10CA60004FFB01AD0DF146030DF1660618685968DC
:10CA70002A4603C20833B3421546F7D1FFF739FB04
:10CA8000013484420DD2204609A9FFF739FB0DF18C
:10CA9000460001A9202206F007FA0028EED1204620
:10CAA00001E04FF0FF3078B070BD10B504460020B3
:10CAB000FFF718FA034610B9FFF714FA03461A0EE7
:10CAC00084F821201A0C84F822201A0A84F82320E2
:10CAD00084F82430184610BD38B5124CD022FF21FE
:10CAE000204606F00BFA802104F14E00FFF7F6FA1B
:10CAF000A5232370082384F84830012500236370A0
:10CB0000A4F84A3084F8CE50FFF7EDFA04F1220081
:10CB10002021FFF7E3FAA84202D0284606F07AF96E
:10CB200038BD00BF20FBFF1F2DE9FF4113F1080FA7
:10CB30000F46164669460CBF0422052205461C46D0
:10CB400002F0CCFF4FF48A7180465B4AFEF7C9F8C9
:10CB5000B8F1000F01D01020AAE00122684600239E
:10CB600002F078FF40F219118046534AFEF7B9F8F7
:10CB7000B8F1000FEFD114F1080F14BF0222012207
:10CB80000023684602F066FF40F21B1180464A4AC5
:10CB9000FEF7A7F8B8F1000FDDD1032268460023A5
:10CBA00002F058FF4FF490718046434AFEF799F81F
:10CBB000B8F1000FCFD122466846E31702F04AFFD2
:10CBC0004FF4917180463C4AFEF78BF8B8F1000FA4
:10CBD000C1D14FF0FF3268464FF0FF3302F03AFF09
:10CBE00040F227118046344AFEF77BF8B8F1000F77
:10CBF000B1D114F1080F14BF0122062200236846A8
:10CC000002F028FF40F2291180462B4AFEF769F80E
:10CC1000B8F1000F9FD16FF0010268464FF0FF336B
:10CC200002F018FF40F22F118046234AFEF759F810
:10CC3000B8F1000F8FD139462022684602F026FF56
:10CC400040F2311107461C4AFEF74BF8002F82D103
:10CC500008340ED16946284602F050FF4FF49E7109
:10CC60000446154AFEF73DF8002C7FF474AF2046C9
:10CC70001EE06FF0020268464FF0FF3302F0EAFE5A
:10CC80004FF49B7104460C4AFEF72BF8002C7FF4FE
:10CC900062AF31462022684602F0F8FE4FF49C71E4
:10CCA0000446054AFEF71DF8002C7FF454AFD1E787
:10CCB00004B0BDE8F08100BFD976020030B5012A8A
:10CCC000054691B008461C461FD113F1080F07D046
:10CCD00007331AD146216A4608ABFDF7E3FB03E0B0
:10CCE00046216A46FDF710FC2346694608AA2846F5
:10CCF000FFF71AFF40F259110446064AFDF7F1FF0B
:10CD0000002C0CBF0020102001E04FF0FF3011B0CC
:10CD100030BD00BFD9760200F0B585B00E4614468E
:10CD200069460222054602F0D9FE40F2C5310746A7
:10CD30002A4AFDF7D6FF0FB110204DE02849022204
:10CD4000684602F0B5FE40F2C9310746234AFDF7B6
:10CD5000C8FF002FF0D1412C314639D0422C39D1B7
:10CD600042F215131F4A2049D25C684602F08EFE3B
:10CD700040F2D7310446194AFDF7B3FF002CDBD14E
:10CD80001A490422684602F093FE4FF47771044674
:10CD9000124AFDF7A6FF002CCED115490A2268469B
:10CDA00002F086FE40F2DF3104460C4AFDF799FF9F
:10CDB000002CC1D16946284602F0A0FE4FF47971DB
:10CDC0000446064AFDF78DFF002CB5D1204603E04E
:10CDD0003022CAE74622C8E705B0F0BDD976020086
:10CDE000D575020008DAFF1F1DFAFF1FA2490200D5
:10CDF000ED75020038B5054608460C4606F0EDFA1A
:10CE0000214602462846BDE8384002F051BEFFFFE9
:10CE10002DE9F0470578022DC0B004468846174634
:10CE200072D130AB451D00F1450E1E462868696879
:10CE30001A4603C2083575451346F7D108AA04F10E
:10CE400068007A49FDF7C8FBFDF710FA202108A811
:10CE5000FDF726FA08A8FDF72BFA10AA08A820214A
:10CE6000FDF72CFA30462179FDF71AFA08A820219F
:10CE700010AAFDF753FA284610A9102206F014F85C
:10CE80000546002840F0CE8018AA02202946FDF76A
:10CE900015FAD4F8B0004621FDF702FA64480121E2
:10CEA000FDF7FEF90220294618AAFDF737FA3046A9
:10CEB00008A92279EFF705FE20AA18A82021FDF77E
:10CEC000FDF930462021FDF7EBF918A8202120AA12
:10CED000FDF724FA2379402B0DD128AA18A8202188
:10CEE000FDF7ECF938A82021FDF7DAF918A8202180
:10CEF00028AAFDF713FA20A808A922790126EFF73E
:10CF0000CFFD0025304604E0012D18BF0025002686
:10CF10002846D4F8B430013B022B05D801305FFA23
:10CF200080FA4FF0010905E0002879D04FF00009A0
:10CF30004FF0010A684641463A68002302F07BFD43
:10CF4000524604A9684602F0C9FD4FF4FD718246BD
:10CF5000384AFDF7C6FEBAF1000F5FD11EB9B9F12C
:10CF6000000F33D019E0344904A8FFF743FF4FF412
:10CF7000FF7106462F4AFDF7B4FE002E4ED120A9C0
:10CF8000227904A802F082FD40F201210646294AD6
:10CF9000FDF7A7FE002E41D1E1E7284904A8FFF7DD
:10CFA00029FF40F207210646224AFDF79AFE002E8D
:10CFB00034D1D4F8B42004A8002302F04BFD40F291
:10CFC0000A2104461B4AFDF78CFE3CBBADB11A4951
:10CFD00004A8FFF70FFF4FF404710446154AFDF74C
:10CFE00080FEDCB9152104A802F03FFD40F21321B8
:10CFF0000446104AFDF775FE84B904A9684602F09C
:10D000007DFD40F2172104460A4AFDF76AFE2CB95D
:10D01000009BC8EB03033B60204604E0102002E0C5
:10D02000386000E0E02040B0BDE8F08745FCFF1F1D
:10D030001CFAFF1FD9760200FE7502000A76020074
:10D040002022FFF741BCFFFF30B595B0044610A881
:10D05000FFF76CF804A90822204602F03FFD832167
:10D060000546034AFDF73DFE25B11020EFE100BF64
:10D07000D9760200012204A8002302F0E3FC8721F4
:10D080000546B14AFDF72DFE002DEED1694603227B
:10D0900004A802F01FFD8A210546AB4AFDF721FED8
:10D0A000002DE2D1A9496846FFF7A4FE8D2105466F
:10D0B000A54AFDF716FE002DD7D1A5496846FFF712
:10D0C00099FE8F210546A04AFDF70BFE002DCCD11D
:10D0D000A0496846FFF78EFE912105469A4AFDF762
:10D0E00000FE002DC1D1694604A802F007FD94217D
:10D0F0000546954AFDF7F5FD002DB6D1022204A89C
:10D10000002302F09FFC982105468F4AFDF7E9FDB8
:10D11000002DAAD16946022204A802F0DBFC9B2163
:10D120000546894AFDF7DDFD002D9ED18A496846F6
:10D13000FFF760FE9E210546834AFDF7D2FD002DD4
:10D1400093D186496846FFF755FEA12105467E4AE0
:10D15000FDF7C7FD002D88D1694604A802F0CEFC7A
:10D16000A4210546784AFDF7BCFD002D7FF47DAF74
:10D17000032204A8002302F065FCA8210546724A98
:10D18000FDF7AFFD002D7FF470AF10A9102204A8A9
:10D1900002F07CFCAB2105466B4AFDF7A2FD002D99
:10D1A0007FF463AF042204A8002302F04BFCAF21FC
:10D1B0000546654AFDF795FD002D7FF456AF08A999
:10D1C000052204A802F08AFCB22105465E4AFDF75A
:10D1D00088FD002D7FF449AF6149022208A802F0C2
:10D1E00067FCB5210546584AFDF77BFD002D7FF40D
:10D1F0003CAF152108A802F038FCB8210546524A78
:10D20000FDF76FFD002D7FF430AF5649022208A8CC
:10D2100002F04EFCBC2105464B4AFDF762FD002D95
:10D220007FF423AF152108A802F01FFCBF2105469B
:10D23000454AFDF756FD002D7FF417AF4A490422F9
:10D2400008A802F035FCCD2105463F4AFDF749FD0F
:10D25000002D7FF40AAF142108A802F006FCD021AB
:10D260000546394AFDF73DFD002D7FF4FEAE3F49EE
:10D27000082208A802F01CFCD4210546324AFDF71A
:10D2800030FD002D7FF4F1AE152108A802F0EDFB72
:10D29000D72105462C4AFDF724FD002D7FF4E5AE8D
:10D2A0003349092208A802F003FCDB210546264A7F
:10D2B000FDF717FD002D7FF4D8AE2E4B597808A846
:10D2C00001290CBF1521142102F0CFFBDE210546F8
:10D2D0001D4AFDF706FD002D7FF4C7AE08A904A87E
:10D2E00002F00CFCE2210546174AFDF7FAFC002D7E
:10D2F0007FF4BBAE052204A8002302F0A3FBE621C5
:10D300000546114AFDF7EDFC002D7FF4AEAE4FF45B
:10D31000966204A8002302F09DFBE92105460A4A13
:10D32000FDF7DFFC002D7FF4A0AE062204A8002349
:10D3300002F088FBED210546034AFDF7D2FC002DE3
:10D340007FF493AE18E000BFD976020000770200A8
:10D3500007770200107702000A760200FE750200CD
:10D36000F87502004E5202001D770200227702007B
:10D370002B77020020FBFF1F0CA9012204A802F05A
:10D38000A9FBF0210546334AFDF7ABFC002D7FF4E5
:10D390006CAE01220CA8002302F05CFBF3210546D1
:10D3A0002C4AFDF79EFC002D7FF45FAE0CA904A86B
:10D3B00002F0A4FBF6210546264AFDF792FC002D5B
:10D3C0007FF453AE072204A8002302F03BFBFB21AD
:10D3D0000546204AFDF785FC002D7FF446AE142259
:10D3E00004A8002302F02EFBFE210546194AFDF792
:10D3F00078FC002D7FF439AE082204A8002302F047
:10D4000021FB4FF481710546124AFDF76AFC002D9D
:10D410007FF42BAE4FF4807204A8002302F012FBBD
:10D4200040F2051105460B4AFDF75BFC002D7FF429
:10D430001CAE204604A902F061FB40F2091104462B
:10D44000044AFDF74EFC002C7FF40FAE204615B0C9
:10D4500030BD00BFD976020070B58AB005460C46D3
:10D4600001920021202202A81E4605F047FD02AAD3
:10D4700001200021FCF722FF28462021FCF710FFA5
:10D4800020461221FCF70CFF01A80421FCF708FF3D
:10D490000120002102AAFCF741FF02AC334606AD91
:10D4A000224603CAAA4218605960144603F10803D1
:10D4B000F6D10AB070BDFFFF0148FEF703BD00BF03
:10D4C00020FBFF1F2DE9F04FADF56F7D91468046A3
:10D4D00040F2B9120C4610A800211D4605F00EFDC1
:10D4E0007FA8002140F2B91205F008FDD9F80030FC
:10D4F000242B02D8012005F08DFCFCF7B7FED8F8EC
:10D5000000114046FCF7CCFE2046FCF7D1FE204639
:10D51000FFF7CBFA0290FFF715FA2128064601D152
:10D52000002308E04FF416716B4AFDF7DAFB002E7A
:10D5300040F0CD800123DFF8A4A184F82030012041
:10D54000FEF750FC9AF801305A1E5342534194F8AA
:10D55000202042EA83031DB984F820302523B2E05D
:10D5600043F0400384F8203004F17D020192D9F8A1
:10D570000020019900237D3A04A802F05CFA04F12E
:10D580002500FEF7D3FD00264FF0460C04F13707C7
:10D5900084F836C0624604F1470B84F835603146A2
:10D5A0003846CDF800C005F0A9FC12215846FEF718
:10D5B00095FDD5F844210832F89A116814BF00206F
:10D5C000012041EA004108AA039101203146FCF7FD
:10D5D00075FE58460E21FCF763FE0120314608AA6D
:10D5E000FCF79CFE039B089A5A40C4F85520029A07
:10D5F000C4F879202146202204F1590005F063FC8B
:10D600003B4620465946029AFFF726FF95F84831D7
:10D61000DDF800C0002B4AD06246394610A802F05F
:10D6200095FD29464FF4A1720DF1860002F08EFDA2
:10D63000D8F800412F2C88BF3024224672A84146DA
:10D6400002F084FD8DF8F841BAF84A40A64210D2A3
:10D650007FA93046FFF790F97FA9804610A8FFF711
:10D6600053F920B1404610A9FEF74FFD1FE00136E7
:10D67000ECE70024FEF73DFD844216D220467FA948
:10D68000FEF73EFDDDF83E32013B03330BD9BAF81D
:10D690004A300133AAF84A30FFF70EFF204610A99E
:10D6A000FEF729FD03E00134E4E7282010E095F8B7
:10D6B0004221D5F8443104A83946FFF7FFFA049B0C
:10D6C000019A9B1A7D33C9F80030002000E03046F3
:10D6D0000DF56F7DBDE8F08FD976020020FBFF1FAE
:10D6E0002DE9F74F00230D46C25CDCB20AB10023DE
:10D6F0000AE001330134202BE4B2F5D1F7E701331E
:10D700000137202BFFB205D0C218DFB292F82020DB
:10D71000002AF4D007F12003065D10F8038000EB27
:10D72000030B0021031948222846019305F0E6FB6C
:10D730003022F6092A70C4F1440232444FEAD81864
:10D74000D21B42446A70AA194FF0020A4FF0000936
:10D7500085F802A082F80390019BC4F12002B11861
:10D76000301DE9702844194605F0ADFB06F124038D
:10D770001B1BC4F1260005F803A006F1250303EBEB
:10D780000802121B1B1B05F802903044C7F120024F
:10D7900008EB02014044E9542844594608F1460880
:10D7A00005F091FB4644301BC01B03B0BDE8F08F71
:10D7B0002DE9F7431D460C9B0A9C0B9E08338146BE
:10D7C0008846174618D0FCF751FD48464146FCF7FD
:10D7D00067FD38462021FCF763FD2846FCF768FD0D
:10D7E000284620212246FCF7F1FD2046314603B0B1
:10D7F000BDE8F043FFF774BF00962023FCF7A8FEB6
:10D80000402003B0BDE8F083F0B5ADF2244D0446EE
:10D810000E461546FEF7A8FCB0F5806F00F2958025
:10D8200008A8FEF7AFFC03222046002302F012F9FD
:10D8300040F2FD210746474AFDF753FA0FB1102089
:10D8400084E069460322204602F048F940F2FF21B5
:10D850000746404AFDF745FA002FF0D13E49684699
:10D86000FFF7C8FA40F2023107463A4AFDF739FAA3
:10D87000002FE4D16FF0060268464FF0FF3302F04C
:10D88000E9F84FF441710746324AFDF72AFA002FB2
:10D89000D5D132496846FFF7ADFA4FF442710746D9
:10D8A0002C4AFDF71EFA002FC9D12A463146684698
:10D8B00002F0ECF840F20A310546264AFDF711FA6B
:10D8C000002DBCD126496846FFF794FA40F20E318C
:10D8D0000546204AFDF705FA002DB0D104A9012222
:10D8E000684602F0F7F84FF444710546194AFDF70F
:10D8F000F8F9002DA3D1FEF737FC08A9024604A8C9
:10D9000002F0C4F840F213310546124AFDF7E9F976
:10D91000002D94D104A9684602F0F0F840F21531C8
:10D9200005460C4AFDF7DDF9002D88D120466946F1
:10D9300002F0E4F840F21A310446064AFDF7D1F944
:10D94000002C7FF47CAF204600E021200DF2244D16
:10D95000F0BD00BFD9760200E975020035770200FC
:10D960003977020030B50B78412B8DB005460C4657
:10D9700026D0422B34D0012B3AD1FCF777FCD5F8D6
:10D9800000112846FCF78CFC04A8FCF791FC04F17C
:10D99000230004A9202205F087FA48BB04A804F15B
:10D9A0001101D4F843206B46FFF756FD601C694611
:10D9B000102205F079FAD0F1010038BF002018E0FC
:10D9C000FCF754FCD5F800112846FCF769FC04A8C4
:10D9D000FCF76EFC601C302104AA01F068FE08E030
:10D9E00042F21513044A0548D15C01F00BFC00E03B
:10D9F00000200DB030BD00BF08DAFF1F1DFAFF1F69
:10DA0000F0B50C46ADF2D44D0546134656A8224655
:10DA10002946FDF7C7FE0446002840F024819DF802
:10DA200013447CB1FEF78EFF4FF455710446904AC3
:10DA3000FDF757F90CBB8F4B5B78012B14BF3524D6
:10DA4000332410E1569B03F00F030F2B40F0F680B8
:10DA5000884B5B78012B9DF8123404D1002B40F0E9
:10DA6000F3803624FFE0002B40F0EE809DF8013477
:10DA7000012B40F2E580002609E0E4B2F3E0FBA8C8
:10DA800008A9FDF791FB1128074604D10136FF9B39
:10DA90009E42F4D32DE04FF45C71754AFDF721F9F5
:10DAA000002F40F0CF805FA808A9FFF75BFF98B177
:10DAB0000DF121009DF812140122FEF7F1FE58B974
:10DAC000FEF740FF4FF45E710446694AFDF709F91D
:10DAD000002CD2D11924C6E0FBA802F0E5FA40F2EE
:10DAE0007F310746624AFDF7FCF8002FCED01024A4
:10DAF000B9E004A90322284601F0F0FF40F2853185
:10DB000006465B4AFDF7EDF8002EF0D1012204A88D
:10DB1000002301F09FFF40F289310646544AFDF789
:10DB2000E0F8002EE3D1544904A8FFF763F940F26E
:10DB30008B3106464E4AFDF7D4F8002ED7D14FF46C
:10DB40009B7302930DF2CC43009308A902AA5FA82D
:10DB5000A8ABFFF7B7FC40F292310646444AFDF706
:10DB6000C0F88EB90299C1F59B73039308AB1944B1
:10DB700003AA0DF58360FFF74BF940F29931064691
:10DB80003B4AFDF7AEF80EB1F4B26CE0039B43B133
:10DB90009DF8402062F07F028DF84020029A1344E5
:10DBA0000293022204A8002301F054FF40F2A231A4
:10DBB00006462F4AFDF795F8002E98D108A9029A3B
:10DBC00004A801F063FF4FF469710646284AFDF787
:10DBD00088F8002E8BD1FCF7EBFB029EFCF746FB8E
:10DBE000314608A8FCF75CFB202157A8FCF758FB3E
:10DBF00008A8FCF75DFB10AA08A82021FCF7E6FBAB
:10DC000020A910A8FFF76CFD20A9024604A8FFF781
:10DC1000FBFD40F2AD310646154AFDF762F80EBB3A
:10DC2000284604A901F06AFF4FF46C710546104ABA
:10DC3000FDF757F8002D7FF45AAF14E0142412E0DA
:10DC40002C2410E03C460EE057A90DF20240FFF7ED
:10DC5000F7F940F262310646054AFDF742F8002E18
:10DC60003FF404AF344620460DF2D44DF0BD00BF62
:10DC7000D976020020FBFF1F3D770200F0B591F836
:10DC8000415085B006460C4655B1151C18BF0125FC
:10DC900035B191F8C230002B0CBF0322042200E002
:10DCA00001226946304601F019FF40F2F331074680
:10DCB000424AFDF716F80FB110207DE040490222DC
:10DCC000684601F0F5FE40F2F63107463B4AFDF7A3
:10DCD00008F8002FF0D1214694F84020684601F062
:10DCE000D5FE40F2F9310746344AFCF7FAFF002F1F
:10DCF000E2D16DB96946304601F000FF40F21141B2
:10DD000004462E4AFCF7EDFF002CD5D1204653E007
:10DD100094F8C2306BB92B490422684601F0C8FE62
:10DD200040F204410546254AFCF7DBFF002DC3D134
:10DD30001AE025490422684601F0BAFE40F2FE319D
:10DD400005461E4AFCF7CDFF002DB5D104F1C201F6
:10DD50006846FFF74FF84FF480610546174AFCF715
:10DD6000C0FF002DA8D1D6E704F141016846FFF7B6
:10DD700041F840F207410546104AFCF7B2FF002D7A
:10DD80009AD112490B22684601F092FE40F20A41F4
:10DD900005460A4AFCF7A5FF002D8DD104F182014A
:10DDA0006846FFF727F840F20D410446034AFCF7A6
:10DDB00098FF002C80D19DE705B0F0BDD976020018
:10DDC000D57502005C420200E4750200D8750200BD
:10DDD0002DE9F0479146ADF5167D022298460023C5
:10DDE0000C46054601F036FE40F2B64106464C4A66
:10DDF000FCF777FF0EB110248DE0494642462846D5
:10DE000001F044FE4FF497610646454AFCF769FF6E
:10DE1000002EF0D12378412B06D0422B06D142F2BE
:10DE20001513404AD75C02E0302700E04627661C05
:10DE30003046FEF71DFDC0F3074001283946304645
:10DE400004D1FCF771FB6FF0070A05E000221346CE
:10DE5000FCF716FB6FF0060A15AF304621463A462E
:10DE600001F08AFA58B1304B1B889BB12F4B1E88AA
:10DE700096B140F201239E420EDC01360DE005AB67
:10DE80008DE88804484641469E9A4B46FFF790FC31
:10DE9000064602E0012600E0482603222846002329
:10DEA00001F0D8FD40F2DC4180461D4AFCF719FF25
:10DEB000B8F1000F9FD132463946284601F0E6FD01
:10DEC00040F2DE410646164AFCF70BFF002E92D1C7
:10DED00094F887300BB900241DE004222846002363
:10DEE00001F0B8FD40F2E54106460D4AFCF7F9FEA7
:10DEF000002E80D142F214030A4A04F14701D25C99
:10DF00002846FFF7BBFE4FF49D610446044AFCF728
:10DF1000E8FE002CDFD020460DF5167DBDE8F08729
:10DF2000D976020008DAFF1F68FCFF1F66FCFF1F9E
:10DF30002DE9F0470025F8B004462F46D4F84C31BF
:10DF40009F425BD2D4F86C1140F289167E4304F1F3
:10DF500028003144FFF706FDD4F86C3198B99819C0
:10DF60000130462101F04EF908B1013544E0D4F802
:10DF70006C311E4486F8430086F8440086F845005C
:10DF800086F8460038E09819444B01301978012290
:10DF9000FEF786FCD4F86C91014650B14E44002344
:10DFA00086F8433086F8443086F8453086F84630A7
:10DFB00022E03B4B0135B3F84AA0FDF747FED8B944
:10DFC0004E448046D04517DA09A94046FEF7D4FCF6
:10DFD00009A8711CFEF798FC58B106F147000DF135
:10DFE0006A014FF4A172013704F06DFFC4F84C715F
:10DFF00004E008F10108E5E701379FE7D4F84C6138
:10E00000002E3DD1FCF732F904F12800D4F8281194
:10E01000FCF746F901A8FCF74BF9FEF76AF88642CF
:10E0200018D2304609A9FEF76BF8DDF86630013BDF
:10E03000033323D8194B09A819780022FEF730FCC6
:10E04000E0B90DF1460001A9202204F02DFFA8B986
:10E05000132D02DDC4F84C5112E040F289136B43DA
:10E06000D4F86C210121D154D4F86C01184408442F
:10E070004FF4C47209A904F026FF01350136CCE73C
:10E08000D4F86C01D4F84C11064B40F2891205F01B
:10E090001DF8284678B0BDE8F08700BF1CFAFF1FC6
:10E0A00020FBFF1F65C801002DE9F04790461F4681
:10E0B000012200230C460646DDF8209001F0CAFC40
:10E0C00040F2AF4105460F4AFCF70BFEADB9611CAB
:10E0D00022783046FEF720FE40F2B2410546094A5A
:10E0E000FCF7FFFD55B9CDF8209030462146424659
:10E0F0003B46BDE8F047FFF76BBE10252846BDE85C
:10E10000F08700BFD9760200F0B542F20803384C20
:10E11000E15889B00746002966D042F20C02A358A4
:10E120008B4261D240F2891505FB0345591C05F568
:10E13000A8752046A150FEF7B8FC05F12301204642
:10E14000202204F0C0FE95F88730384604A90BB1B0
:10E15000042200E0032201F0C1FC40F20451064613
:10E16000244AFCF7BEFD0EB110243EE042F2140337
:10E17000E35C2BB905F188003146412204F0BEFE74
:10E1800008AA1B4C502342F8143D04F1780004F116
:10E190002501FEF73DFE039B48B994F8202013B1FA
:10E1A00062F07F0201E002F07F0284F82020124A30
:10E1B00000922946A2F5987204A82533FFF774FF50
:10E1C00040F21C5104460B4AFCF78BFD6CB904A9C4
:10E1D000384601F093FC40F21F510546054AFCF712
:10E1E00080FD002DC0D100E03024204609B0F0BDF4
:10E1F00008DAFF1FD976020038DBFF1F7FB5022245
:10E200006946054601F06AFC40F227510446274A58
:10E21000FCF767FD0CB1102046E0012268460023A0
:10E2200001F018FC40F229510446204AFCF759FD40
:10E23000002CF0D11E4C6846B4F84A20002301F0AF
:10E2400009FC40F22B510646184AFCF74AFD002E05
:10E25000E1D102226846002301F0FCFB40F22D517F
:10E260000646124AFCF73DFD002ED4D1FDF741FFD2
:10E27000B4F84A20821AD317684601F0EBFB4FF43A
:10E28000A6610446094AFCF72CFD002CC3D169465F
:10E29000284601F033FC40F232510446034AFCF7B1
:10E2A00020FD002CB7D1204604B070BDD976020005
:10E2B00020FBFF1FF0B5F9B015460646084609A930
:10E2C000FDF71EFF002DD4BF0222032201A9304614
:10E2D00001F004FC40F23D510446524AFCF701FDB6
:10E2E000002C40F08180032201A8002301F0B2FB42
:10E2F00040F23F5104464B4AFCF7F3FC002C73D12B
:10E3000005A9022201A801F0E9FB40F243510446AD
:10E31000444AFCF7E6FC002C66D1434905A8FEF709
:10E3200069FD40F2455104463E4AFCF7DAFC002CF8
:10E330005AD19DF8DC21302A8ABF22466BA93B497D
:10E3400005A801F0B5FB40F24B510446354AFCF7F5
:10E35000C8FC002C48D1364905A8FEF74BFD40F219
:10E360004D5107462F4AFCF7BCFC002F3CD10DF164
:10E37000AB0105A8FEF73EFD40F24F510746294A82
:10E38000FCF7AFFC87BB05A901A801F0B7FB40F281
:10E3900051510746234AFCF7A4FC2FBB042201A8D5
:10E3A000002301F057FB40F2545107461D4AFCF789
:10E3B00098FCCFB90DF14601202201A801F066FBBF
:10E3C000204640F25651174AFCF78BFC002D1ADD0F
:10E3D000052201A8002301F03DFB40F259510446FB
:10E3E000104AFCF77EFC0CB1102019E02A4601A867
:10E3F000EB1701F02FFB40F25B510446094AFCF792
:10E4000070FC002CF0D101A9304601F077FB40F2FE
:10E410005E510446034AFCF764FC002CE4D120461C
:10E4200079B0F0BDD9760200D57502002B680200E4
:10E430005C4202002DE9F041F4B00646084605A909
:10E440001546FDF75DFE05A8FEF712FA431E032BE5
:10E45000044605A828BF0124FEF70AFAC0F30740C6
:10E4600001280CBF6FF007076FF00607002DD4BF1F
:10E470000422052201A9304601F030FB40F271511F
:10E4800080464F4AFCF72DFCB8F1000F01D0102058
:10E4900093E0062201A8002301F0DCFA40F2745157
:10E4A0008046474AFCF71DFCB8F1000FEFD10DF193
:10E4B0005A01012201A8FFF7E1FB40F277518046A3
:10E4C0003F4AFCF70EFCB8F1000FE0D1072201A88B
:10E4D000002301F0BFFA40F27B518046384AFCF736
:10E4E00000FCB8F1000FD2D105A9012201A8FEF766
:10E4F00013FC40F27E518046314AFCF7F2FBB8F142
:10E50000000FC4D1082201A8002301F0A3FA40F2B1
:10E51000825180462A4AFCF7E4FBB8F1000FB6D1DD
:10E5200001A805A901223B46FEF7C8FB002D0DDC22
:10E530000A2201A8002301F08DFA40F28F5105460E
:10E540001F4AFCF7CEFB002DA1D11AE0092201A839
:10E55000002301F07FFA40F289510746184AFCF780
:10E56000C0FB002F93D12A46EB1701A801F072FAE5
:10E5700040F28B510546124AFCF7B3FB002D86D1C1
:10E58000D6E7224601A8002301F064FA40F2915137
:10E5900004460B4AFCF7A5FB002C7FF478AF01A9D9
:10E5A000304601F0ABFA40F294510446044AFCF7BD
:10E5B00098FB002C7FF46BAF204674B0BDE8F0816F
:10E5C000D97602002DE9F04FADF5157D824609A8F8
:10E5D000FDF7BEF90446002840F044819DF88841CB
:10E5E0008CB1FEF7AFF94FF4D1610446A04AFCF7B5
:10E5F00078FB0CB1E4B235E19E4B5B78012B14BF84
:10E60000352433242EE19DF887319BB10AA90DF200
:10E610007710FEF715FD40F28D610546944AFCF730
:10E6200060FB002D40F0178142F21403924A012151
:10E63000D15403E042F214038F4AD454539B002B6D
:10E6400000F00B819DF84830002B00F0068109A8EE
:10E65000FFF76EFC0546002800F0018140F28919A1
:10E66000649B09FB00F94B446FF4C4710B4401280F
:10E6700093F88730CCBF0422032203B1013205A9ED
:10E68000504601F02BFA40F2AE610646784AFCF79C
:10E6900028FB0EB11024E5E0012D6498764E03DDD1
:10E6A00042F21403F35C3BB90378422B04D0883068
:10E6B0000021412204F022FCDDF890B125230BF16A
:10E6C000010046219290039300F09CFD074660B143
:10E6D000FBF7CCFD13A85399FBF7E2FD6648FBF767
:10E6E000E7FD052386F8203047E09DF87601624E6D
:10E6F000D0F1010038BF0020FDF70AFC93AB314692
:10E7000003AA009313A83B46FEF7DCFE804638467A
:10E71000FDF7FEFB40464FF4DB61554AFCF7E1FA9A
:10E72000B8F1000F02D05FFA88F49BE042F21403C4
:10E7300006F12501F25C96F8203023F0040343EA49
:10E74000820386F8203004AA502366A80493FEF7BB
:10E750005FFB40F2E1610746454AFCF7C2FA0FB1A0
:10E76000FCB27FE0049B43B196F8202062F07F0268
:10E7700086F82020039A134403930AAE59463E4A72
:10E78000009605A8039BFFF78FFC40F2EA6107465D
:10E79000374AFCF7A6FA002F63D1012D0DDC05A93D
:10E7A000504601F0ABF940F2F4610746304AFCF7FD
:10E7B00098FA002F7FF46EAF1CE0052205A8002315
:10E7C00001F048F940F2EE610746294AFCF789FA60
:10E7D000002F7FF45FAF2A4605A8EB1701F03AF946
:10E7E0004FF4DE610746224AFCF77BFA002F7FF4E4
:10E7F00051AFD4E7649B6F1E03F2891E17D0132F0D
:10E800001ED80FCE1D4D0FC596E80F0085E80F00EE
:10E810006FF4C473714609EB030205F1100004F0B4
:10E8200052FBA5F1C80066A9B82201F08FFC124B7B
:10E8300042F2080200259F5042F20C029D5000E077
:10E8400017256EB2304640F2FA61094AFCF749FAE0
:10E8500046B1ECB206E02C4604E0142402E02E247B
:10E8600000E03C4620460DF5157DBDE8F08F00BF69
:10E87000D976020020FBFF1F08DAFF1F38DBFF1FDD
:10E8800010B50021044640F6040204F037FB4FF4B3
:10E890000063A4F8003810BD10B5FBF77BFD1148EC
:10E8A000FDF7FEFA04460020FDF79CFA24B9FEF7B6
:10E8B00013F90C48FDF706FB0A4800F0FFFD0A4873
:10E8C000FBF7DAFC09481021FDF708FC012802D00B
:10E8D000012004F09FFAFEF749F8BDE8104001F06E
:10E8E00027B800BF20FBFF1F6EFBFF1FF4FBFF1FBD
:10E8F00030B50B1F3B2B89B005460C4602D90120D1
:10E9000004F088FAFBF7B2FC21462846FBF7C8FC66
:10E910006846FBF7CDFC0D4CFBF7A8FC68461021C0
:10E92000FBF7BEFC20226846002104F0E7FA202114
:10E9300004F12200FBF7B4FCA01CFBF7B9FC012397
:10E9400020466370FDF7BEFA09B030BD20FBFF1F03
:10E95000044B082283F84820034B03221A70FEF769
:10E96000ABBD00BF20FBFF1FF48CFF1F024800213E
:10E9700042F2181204F0C2BA08DAFF1F08B5FEF717
:10E98000ABF80A48FDF79EFA09481021FDF7A6FBEF
:10E99000012802D0012004F03DFAFFF7E7FFFDF760
:10E9A000E5FF0448BDE80840FBF766BC20FBFF1FFD
:10E9B000F4FBFF1F6EFBFF1F10B5084C0848002139
:10E9C000102204F09BFAA01C0021202204F096FAE9
:10E9D0002046BDE81040FDF775BA00BF20FBFF1FC1
:10E9E000F4FBFF1F10B50F4B0F4C1A7851B20029E2
:10E9F000C4BF02F1FF321A7094F848305AB2002AAC
:10EA00000BDD013B84F84830FEF756FD94F94830A1
:10EA1000002B04DCFFF7D0FF01E0FF2010BD002039
:10EA200010BD00BFF48CFF1F20FBFF1F03685A1EA0
:10EA3000012A10B5014603D923F00203042B17D194
:10EA4000D1F8482301F55370013201F2AD11FDF701
:10EA50003BFF3328044608D1FFF7C4FF064B93F968
:10EA60000030002BD8BF342403E0FFF771FF00E033
:10EA70000024204610BD00BFF48CFF1F2DE9F04399
:10EA8000ADF2245D07466FA8FCF77DFC0546002823
:10EA900040F0E1806FA8FFF7C9FF40F21D61044616
:10EAA0006F4AFCF71EF9002C40F0D0806D4BB3F894
:10EAB0004A2098461AB96F9B012B40F0CC806F9B7F
:10EAC000022B1FD1684B4FF0FF301860674B0122BB
:10EAD0001A70674B00261E70FDF76AFF654B1860C1
:10EAE0009946D9F80000634C002804DBFDF760FF6D
:10EAF00001362060F5E74FF0FF30FDF759FF206049
:10EB000000242FE0042B1CD170A90020FDF793FFF7
:10EB1000554B574A18600121117000249946D9F8C5
:10EB20000000514E002805DB0021FDF784FF013471
:10EB30003060F4E7002070A9FDF77DFF306000260B
:10EB400010E0052B4FF000040BD0032B09D0484BED
:10EB5000454A1C70454B1C704FF0FF331360454A0B
:10EB6000136026466F9B013B052B71D8DFE803F04D
:10EB700005121230300300244EE03846FFF73EFB0A
:10EB800040F24A610446364AFCF7ABF8002C62D0EA
:10EB9000102560E0374C2168002902DB334B1B78DD
:10EBA0002BB9324A00231370314A137052E03246B7
:10EBB0003846FFF77FFB40F256610646284AFCF7CD
:10EBC00090F8002EE4D12068FDF7F2FE206042E0CC
:10EBD000254E31680029E4DB254B1B78002BE0D063
:10EBE00022463846FFF726FC40F2646104461C4A80
:10EBF000FCF777F8002CCBD130682146FDF71BFFDE
:10EC0000306028E020466946FDF77AFADDF84230A8
:10EC1000013B033305D90134FDF76BFA8442F1D38C
:10EC200018E068460DF2E111462204F03DF9002893
:10EC3000F1D1002C0EDB2046FDF769FAB8F84A3016
:10EC4000013BA8F84A30FEF737FC04E0254602E015
:10EC5000012500E02E2528460DF2245DBDE8F08355
:10EC6000D976020020FBFF1F04DAFF1F44FCFF1FC0
:10EC700065FCFF1FF0FBFF1F2DE9F04399B03F2912
:10EC800005460C469946209E40F390804B4F7B787A
:10EC9000012BB8460AD197F94830002B40F3888001
:10ECA000474B93F90030002B40F3848010464549D0
:10ECB0006A46FBF791FCFBF7D9FA20216846FBF77F
:10ECC000EFFA6846FBF7F4FA202168460DEB0102E3
:10ECD000FBF7F4FA28462146FBF7E2FA1EB130466C
:10ECE0001021FBF7DDFA20210DEB01026846FBF74E
:10ECF00015FB08A84946102204F0D6F8002851D187
:10ED0000230701D00134FBE7284669462246EDF788
:10ED1000D8FE3F23EA5CC3F13F072AB1C7F14007A1
:10ED20003B1F3B2B40D803E0002BF7D0013BF1E722
:10ED300098F80130214C012B2ED194F94830002B4A
:10ED400036DDDFF87C8098F90030002B32DD1022B0
:10ED500030466946EDF7B5FEFBF788FA30461021DC
:10ED6000FBF79EFA202104F12200FBF799FA10A884
:10ED7000FBF79EFA10A8A11C102204F095F848B1E8
:10ED8000FDF7F4FDFFF72EFE98F90030002B11DDA2
:10ED9000312010E0FFF7DCFD28463946FFF7A8FDDB
:10EDA000002008E0332006E0372004E07F2002E066
:10EDB000322000E0342019B0BDE8F08320FBFF1FB3
:10EDC000F48CFF1F45FCFF1F30B591B0154604467B
:10EDD0006A4608461F49FBF7FFFBFBF747FA20216D
:10EDE0006846FBF75DFA6846FBF762FA1022284690
:10EDF0006946EDF766FEFBF739FA28461021FBF766
:10EE00004FFA20211448FBF74BFA08A8FBF750FAF9
:10EE100008A81249102204F047F8054658B1FDF73A
:10EE2000A5FDFFF7DFFD0E4B93F90030002BCCBFA3
:10EE3000312034200CE0FFF78BFD0A4910222046D8
:10EE400004F041F8204669461022EDF729FE2846D5
:10EE500011B030BD45FCFF1F42FBFF1F22FBFF1F0F
:10EE6000F48CFF1FF4FBFF1FF0B5EBB006460BA8B8
:10EE7000FCF71AFE0C9BDA1E022A04460BD8954AB0
:10EE800092F94820002A40F31781934A92F9002012
:10EE9000002A40F31381002C40F019810B9A012ABB
:10EEA00040F00E81002B00F00B81013B9DF8A65134
:10EEB000042B00F20581DFE803F0031547658B00A2
:10EEC00003A90122304600F009FE40F2C77107464F
:10EED000824AFBF706FF002F40F08B8001238DF85C
:10EEE000A631B7E0013503A92A46304600F0F6FD09
:10EEF0004FF4FA610746794AFBF7F3FE002F78D109
:10EF0000012203A8002300F0A5FD40F2D3710746BB
:10EF1000724AFBF7E6FE002F6BD171487149FBF78F
:10EF200055FB704903A801F120026FF01803FDF7AB
:10EF3000FBFD40F2DA710746684AFBF7D2FE002F6C
:10EF400000F08880FCB2C2E0624B5B78012B00F0DD
:10EF5000B980649909B91424B9E09DF88D30002B6B
:10EF6000F9D09DF87C30002BF5D0002300930DF1F3
:10EF70008E000DAA0DF17D03FFF77EFE4FF4FD61BB
:10EF800007461FE0534B5B78012B40F09D8064994E
:10EF90000029E0D09DF88D30002BDCD09DF87C302E
:10EFA000002BD8D09DF8A431002BD4D065AB0093B2
:10EFB0000DF18E000DAA0DF17D03FFF75DFE40F20D
:10EFC000F6710746454AFBF78CFE002F42D07DE0E4
:10EFD000404B5B78012B77D1013503A92A46304697
:10EFE00000F07CFD40F2FE7107463C4AFBF779FEDB
:10EFF0000FB110246BE09DF87C30002BABD09DF856
:10F00000A431002BA7D0022203A8002300F022FD88
:10F0100040F606010746314AFBF763FE002FE8D1B0
:10F020000DA965AA07A8FFF7CFFE40F60A0107461B
:10F030002A4AFBF756FE002F48D107A9102203A841
:10F0400000F024FD40F60D010746244AFBF749FE77
:10F05000002FCED19DF8A6310BB9EDB11FE00322F0
:10F0600003A8002300F0F6FC40F6190107461B4AEE
:10F07000FBF737FE002FBCD1164B93F9482003A8AD
:10F08000D31700F0E7FC40F61B010746134AFBF7D5
:10F0900028FE002FADD1E0E79DF8A631BBB103A952
:10F0A000304600F02BFD4FF4026105460B4AFBF79A
:10F0B00018FE002D9DD10AE0322408E0342406E039
:10F0C0007F2404E0302402E0352400E03C46204662
:10F0D0006BB0F0BD20FBFF1FF48CFF1FD976020040
:10F0E00045FCFF1F04FCFF1F2DE9FF4105461446A8
:10F0F000884610220021684603F000FF2E78B4F8FD
:10F1000000283D4F68462146002300F094FC0A2E5B
:10F1100006D003D8731E012B0CD801E0412E09D173
:10F12000364B93F94830002B52DD354B93F90030C4
:10F13000002B4FDD062E05F1010108F1FF321FD033
:10F1400010D8022E18D005D8012E45D16846FEF7FA
:10F1500057FC37E0032E0DD0042E3DD16846FDF755
:10F1600073FF2FE0082E16D00ED30A2E27D0412E83
:10F1700025D031E0002530E06846FFF723FA21E092
:10F180006846FFF771FE1DE0FDF7DCFBC5B225BB4D
:10F19000FFF7F4FB21E042F20403FB5C022B18BFF3
:10F1A00030251AD16846FEF7AFFF009B1B1BA4F861
:10F1B00002380546002814BF082602260DE06846DE
:10F1C000FFF75CFC009B1B1B0546A4F8023804E01B
:10F1D000322502E0342500E001250020FCF702FE84
:10F1E00042F20403FE5415B10023A4F80238284665
:10F1F00004B0BDE8F08100BF08DAFF1F20FBFF1F4D
:10F20000F48CFF1F172908B509DD064904220430D4
:10F2100003F04AFED0F1010038BF002008BD0020F5
:10F2200008BD00BF44770200034B1860034B002267
:10F230001A80034B198070476CFCFF1F66FCFF1F90
:10F2400068FCFF1F38B50A4C238802460D46581843
:10F2500008490988884209DC0749086811461844AA
:10F260002A4603F030FE23881D44258038BD00BFA8
:10F2700066FCFF1F68FCFF1F6CFCFF1F2DE9F047B9
:10F280001D46ADF5047D01238DF807302B78103B2A
:10F290000024012B0F4616468DF806401BD8204649
:10F2A000FCF720FE82462046FCF71CFE81462046E5
:10F2B000FCF718FE80462046FCF714FE4FEA0A6A67
:10F2C0004AEA106009F47F4940EA092A08F47F08F5
:10F2D0004AEA182301E04FF0206301210DF10700F5
:10F2E000029300F035F9042102A800F031F9012160
:10F2F0000DF1060000F02CF93346384603A92A46E2
:10F30000FBF764FC1A4B8DF806001C88B4F5007FEF
:10F310000DDC3E2C07DD601C03AB18440021C4F556
:10F32000007203F0EBFD03A8214600F011F99DF9EE
:10F330000630C3B100F02AF901210DF1070000F0F9
:10F3400007F9042102A800F003F9002103A840F204
:10F35000012203F0D3FD9DF806308DF80C3003A890
:10F36000482100F0F5F803480DF5047DBDE8F0876D
:10F3700068FCFF1F0090FFFF38B50B78422B054655
:10F3800014460CD142F215130D4AD55C2946FFF7FD
:10F3900039FF98B10020611C0A4A2B4608E004306E
:10F3A0000949042203F080FD38B9611C2A4646232E
:10F3B000FBF70CFC2070012000E0002000B238BDFB
:10F3C00008DAFF1F1DFAFF1F4477020070B543786B
:10F3D000022B0D461DD1837891F8406001F1410464
:10F3E000072B2046314608D1FFF70CFF002846F6D0
:10F3F000851008BF4FF4D54070BDFFF703FF78B10B
:10F40000284605F1200132462346BDE87040FFF74B
:10F4100035BF032B07D14AB9BDE8704000F070B981
:10F420004FF4D54070BD4FF4DA4070BD4FF4CE407C
:10F4300070BD70B591F8CE30FF2B88B005460C46F4
:10F4400001D0002029E001F1220630462021FCF7FE
:10F4500045FE0128F5D16B78D3B1FAF707FF696C47
:10F46000A81CFAF71DFF6846FAF722FFFAF7FEFE1E
:10F4700068461021FAF714FF00212022684603F0A5
:10F480003DFD30462021FAF70BFFA01CFAF710FFD4
:10F49000FF230120636484F8CE0008B070BDFFFF35
:10F4A00010B5044621460448D02203F00CFD204646
:10F4B000BDE81040FCF706BD20FBFF1F10B5037828
:10F4C000E8B00446DBB134A8FCF7EAFC6846FCF778
:10F4D000E7FC94F8CE30FF2B07D134A86946FFF73C
:10F4E000A8FF10B16846FFF7DBFF0021D022684675
:10F4F00003F004FD34A80021D02203F0FFFC68B023
:10F5000010BD70B5064688B000200C461546014671
:10F510006A46FAF7D3FE06F110002021FAF7C0FE82
:10F5200020462021FAF7BCFE00206A460146FAF781
:10F53000F5FE6C462A4604AD234603CBAB42106071
:10F5400051601C4602F10802F6D108B070BDFFFF01
:10F5500038B50D4B1C68B4F8023802460D465818F1
:10F56000B4F80018884202DD012003F053FCE018D3
:10F5700011462A4603F0A7FCB4F802381D44A4F84B
:10F580000258002038BD00BF70FCFF1F014B1868F7
:10F59000FFF776B970FCFF1F70B504460E461030B9
:10F5A00020211546FCF79AFD204631462246FFF7FA
:10F5B000A8FF204630212A4605F12003FAF772FF02
:10F5C000002070BD70B5ADF59C6D00238DF8043042
:10F5D000042304468DF80530FCF7C6FDB0F5806FB6
:10F5E000054602D949F210205DE040F2EE20FCF71A
:10F5F000B1FC002855D004F120060AA8314616AA0D
:10F60000FFF7CAFF0130EDD0FAF730FE01A8012163
:10F61000FAF746FE30462021FAF742FE2046202126
:10F62000FAF73EFE0AA83021FAF73AFE0DF105007E
:10F630000121FAF735FE402116A8FAF731FE02A89B
:10F64000FAF736FEFAF7B4FE224602A82021FAF7AE
:10F65000BDFE0523022101A88DF80430FFF778FFD5
:10F66000402116A8FFF774FF3026012101A88DF86C
:10F670000460FFF76DFF31460AA8FFF769FF38A85D
:10F68000FCF780FD294638A8FFF762FF26A920462F
:10F69000FEF726F881B226A8FFF75AFF4FF4104074
:10F6A00001E046F6851000B20DF59C6D70BD30B5D9
:10F6B000462985B0044615460ED111462230202237
:10F6C00003F0F2FBC0B9284604F11001D4F842203F
:10F6D0006B46FDF7C1FE05E030290DD111466A46A3
:10F6E000FFF70FFF20466946102203F0DDFBD0F143
:10F6F000010038BF002000E0002005B030BDFFFF52
:10F7000007B5084B18689A8800909B79ADF80420DB
:10F71000684606218DF80630FFF71AFF024803B04D
:10F720005DF804FB007702000090FFFF2DE9F04731
:10F7300006469CB018461C4617460D46FFF7A0F833
:10F74000734B32781C609846002A40F0CA803046DD
:10F7500029463A46FFF73AFE84B2B4F5104F00F05E
:10F76000B98046F685139C4200F0B4807378032B71
:10F7700000F0A68004D8012B0AD0022B14D0A4E0FC
:10F78000C02B02D0FF2B40F0A0804FF41044A1E02A
:10F79000402F40F09D80AA20E8F7A8FEE8F7C0FEC1
:10F7A0002846FFF70FFF8EE0AA20E8F79FFEE8F754
:10F7B000B7FEB4780123072C8DF807300BD105F183
:10F7C000410095F8401005F12002FFF770FF30B1BD
:10F7D00046F6851472E0032C04D0082C02D04FF4B6
:10F7E000D5446BE005F1410705F12006384695F850
:10F7F00040103246FFF75BFF0028F0D0002213468E
:10F80000384695F84010FAF73BFE082C04BF002359
:10F810008DF807309DF80730002B48D10020FCF709
:10F8200061FBC4B24FEA106AC0F30749C0F307276F
:10F830008DF80B408DF808A08DF809908DF80A70AE
:10F84000FAF714FD30462021FAF72AFD0DF10700E2
:10F850000121FAF725FD02A80421FAF721FD202154
:10F860002846FAF71DFD02A8FAF722FD2A4602A84B
:10F870002021FAF7ABFD01210DF10700FFF768FE2B
:10F88000042102A88DF80B408DF808A08DF809908E
:10F890008DF80A70FFF75CFE0AA92846FDF720FFE5
:10F8A00081B20AA8FFF754FE4FF4104406E040F27C
:10F8B000EE20FCF74FFB00288AD0AFE7A4B209E0A6
:10F8C00037B9FFF71DFF84B204E04FF4DA4401E0DA
:10F8D0004FF4CE440020FCF785FAB4F5104F06D063
:10F8E00001E04FF4DC44D8F80000FEF7C9FF230A1A
:10F8F0000AA801218DF82830FFF72AFE0AA8012165
:10F900008DF82840FFF724FE1CB0BDE8F08700BF4B
:10F9100070FCFF1F30B5057942792D0445EA0225B8
:10F9200082790B462A43C11DBDE83040FFF7FEBE79
:10F93000704770B5044609C81E1AB61A002E15463F
:10F940000BDA23B1C01A00230544636023602368E7
:10F950001D4425604FF0004070BD00F0F7FB2368A8
:10F960001D442560002070BD7FB5002B08BF182AFC
:10F970001CBA15BA9DF82060CDE902450DF10F01C2
:10F9800005D29DF80F301E448DF80F6015E0002B56
:10F9900008BFB2F5807F16D3002B08BFB2F5803FB9
:10F9A00013D3012B08BF002A2CBF032302230122FB
:10F9B0009A40891A183633440B7004AB5A1AFFF771
:10F9C000B8FF04B070BD0023F1E70123EFE710B5E5
:10F9D00081689DF8084009B1013981600294BDE851
:10F9E0001040FFF7C1BF1FB50446084621680160FB
:10F9F00061684160A16809B10139A16003F020018B
:10FA0000541CC9B2B2F1FF3F8460C1600AD141F019
:10FA10000401C16004A91F3301F8013D0122FFF771
:10FA200088FF06E009B11444846000930023FFF7C7
:10FA30009BFF04B010BD0A44426002220160826054
:10FA4000C360704707B500210091FFF7C0FF03B006
:10FA50005DF804FB37B5DC1704F02001009162402B
:10FA60006340FFF7B4FF03B030BDA1F11903062BCB
:10FA700007B506D9E0230093CAB20023FFF7A7FF1A
:10FA800001E04FF4837003B05DF804FB73B54023CD
:10FA9000144600932246002305460E46FFF797FFC3
:10FAA00028463146224602B0BDE87040FFF741BF0C
:10FAB00073B56023144600932246002305460E4684
:10FAC000FFF785FF28463146224602B0BDE8704068
:10FAD000FFF72FBF8023FFF786BFFFFF064B10B550
:10FAE00002F100449C4204D9A023BDE81040FFF776
:10FAF0007ABF4FF4806010BDFEFFFF7F07B50B6833
:10FB00000360CA684B684360520707D502A9FF2308
:10FB100001F8013D0122FFF70CFF0EE08A68012A7F
:10FB200006D0002A40F2013008BF4FF4407004E0D4
:10FB3000002B14BF00204FF0004003B05DF804FB21
:10FB400000F0DF00402803D0803818BF0120704744
:10FB5000002070470120704782B00388ADF806305E
:10FB6000BDF8060040BA80B202B0704700F0EEBAAD
:10FB7000FF230168426870B583730B689A4204469C
:10FB800002D140F2011070BD137803F0E00503F0DC
:10FB90001F0385731B2B4FF00000E073A38117D95F
:10FBA0001F2B07D040F2051340F20310E02D18BFC1
:10FBB000184670BD2846FFF7C3FF10B90423E3734E
:10FBC00070BDE02D40F2051008BF4FF4817070BD8C
:10FBD000172B04D9A3F11800012606FA00F00968D2
:10FBE0000130891A8842CCD86D09012D04D1022137
:10FBF000E1730021A1731DE0072D1BD1143B072BDE
:10FC00002AD8DFE803F0040B0B0B0E0B0909F523D0
:10FC10000020A373A08170BD0123E3731378A37345
:10FC20001AE05378A3811F2B16D8FF23A3734FF438
:10FC3000837070BD172B0FD9182B02D15378A38175
:10FC40000AE0192B04D1501CFFF786FFA08103E0C6
:10FC5000E37B43F00103E373002070BD8268531C13
:10FC600007D190E80A0009688B4202D01978FF2971
:10FC700001D0FFF77DBF01334360002382738360AF
:10FC80001846704783685A1C05D0827BC02A02D070
:10FC9000013B83600BB1FFF7E1BFFF22827318467F
:10FCA000704708B503F000F9D0F1010038BF00201B
:10FCB00008BD2DE9F341164602681346074613F8BE
:10FCC000010B3B6000F01F00172804D8C0B20021D0
:10FCD000C6E900012DE01B282DD818384FF0010887
:10FCE00008FA00F8C91A884528D8B8F1010F01D1DF
:10FCF000547811E0B8F1020F07D11846FFF72CFF36
:10FD0000002180B2C6E9000110E0B8F1040F05D16E
:10FD100018680090009C24BA002505E0186859680E
:10FD20006A4603C20CBA05BAC6E900453B684344BB
:10FD30003B60002004E040F2051001E040F20110B9
:10FD400002B0BDE8F08113B50368044619680430B9
:10FD50006A46FFF7AEFFA37B03F0DF03402B04D11D
:10FD6000DDE9002361680A4462602046FFF78AFFEC
:10FD700002B010BD2DE9F0439046C27B12F0020F95
:10FD8000894685B0034602F0040101D039B913E079
:10FD900029B1416842F0020201314160C27393E827
:10FDA000060009688A4202D140F201103EE0107854
:10FDB000FF280AD101325A600022C9F800201846F3
:10FDC000C8F80020FFF75EFF30E09A7B00F0E0000B
:10FDD000824218BF4FF4827028D1181D02AA0193E5
:10FDE000FFF767FF019B18B10023C8F800301DE042
:10FDF000DDE9024500272646BD4208BFB442C8F8E7
:10FE0000004002D04FF4806010E01C6859682468FC
:10FE1000D8F80020641AA242C6D8C9F80010596860
:10FE20000A445A60DA7B42F00202DA7305B0BDE898
:10FE3000F0832DE9F04786B089460E9DDDF83C80C1
:10FE400017461E4605B902AD0FC885E80F0001230D
:10FE5000337000242846694601AAFFF78BFF58BB80
:10FE60000099B9B1019A14EB020A10D2337853B158
:10FE70003B68534507D309EB0400C047003018BF67
:10FE80000120307001E0002333705446E2E74FF464
:10FE9000806011E033786BB13B68A3420AD98DF8DA
:10FEA000041009EB040001A90122C047003018BF6B
:10FEB000012030703C60002006B0BDE8F087436848
:10FEC00013F8012BD20782B005D41868009000986F
:10FED000002100BA06E0596818686A4603C2009B10
:10FEE00008BA19BA02B070472DE9F04106468846B3
:10FEF00017461846002108221D46069C02F0FEFF08
:10FF000006EB080385E88800012384E86000A3600D
:10FF10002046BDE8F041FFF72BBE836800B51BB15A
:10FF20005DF804EBFFF70FBF03205DF804FB10B58D
:10FF30000446A37BC02B05D12046FFF7EEFF002827
:10FF4000F7D000E0002010BDF7B507460E460FC8F9
:10FF500086E80F00FB7B5B0705D54FF0FF330131CF
:10FF6000B360716026E003466A461968301DFFF7EA
:10FF7000A0FEDDE9004500232246AB4208BFA242B5
:10FF8000B46004D1002B08BFB2F1FF3F04D17B68FD
:10FF900073604FF4806010E0B17BA02903D1002C86
:10FFA000F5DB6100B16052EA030103D1FF23B373B3
:10FFB000002002E03046FFF751FE03B0F0BD4B6871
:10FFC0004360FFF75FBE70B5C37BDB0704460D4699
:10FFD00002D5FFF774FF01E080890021E47B04F083
:10FFE00002046FF0004200233CB18B4208BF824202
:10FFF00007D3C0432860002070BD8B4208BF8242F7
:020000022000DC
:10000000F8D24FF4806070BD30B50B4C0B4D85B00D
:10001000002908BF2C468DE818000DF10F03FFF7EB
:1000200008FF30B99DF80F30002B0CBF4FF0004097
:10003000002005B030BD00BF6DFB010055FB010085
:100040007FB5867B044630460D46FFF779FD18B133
:100050002046FFF778FE25E006F0DF01B1F18003CE
:100060005942594151B904AA4FF0FF3342F8103DAB
:1000700020466A462346FFF7C7FF13E085B12046B6
:100080006946FFF761FF68B9029B23B16846691EA4
:10009000FFF7D6FFF7E720466946FFF790FF01E03C
:1000A00040F2014004B070BD83681BB14FF4806121
:1000B000FFF7C6BF032070474FF0FF330B600A46BF
:1000C00000210B46FFF7A0BFF0B5074685B00846F4
:1000D0000D46144603F081F9214606463846FFF7DF
:1000E00033FF60BBA36833B32046FFF720FF30BB6C
:1000F000A37B602B13D104AA134B42F8046D204656
:100100000193009429460DF10B03FFF792FEB0B95D
:100110009DF80B303BB12046FFF72AFD11E0204649
:10012000FFF7C2FF58B92046FFF701FF38B9204654
:10013000FFF7BAFFD5E7FF22A273184601E0FF23BD
:10014000A37305B0F0BD00BFA3FC0100844641EAE3
:10015000000313F003036DD1403A41D351F8043B3F
:1001600040F8043B51F8043B40F8043B51F8043B91
:1001700040F8043B51F8043B40F8043B51F8043B81
:1001800040F8043B51F8043B40F8043B51F8043B71
:1001900040F8043B51F8043B40F8043B51F8043B61
:1001A00040F8043B51F8043B40F8043B51F8043B51
:1001B00040F8043B51F8043B40F8043B51F8043B41
:1001C00040F8043B51F8043B40F8043B51F8043B31
:1001D00040F8043B51F8043B40F8043B403ABDD2A0
:1001E000303211D351F8043B40F8043B51F8043B42
:1001F00040F8043B51F8043B40F8043B51F8043B01
:1002000040F8043B103AEDD20C3205D351F8043BD0
:1002100040F8043B043AF9D2043208D0D2071CBF9C
:1002200011F8013B00F8013B01D30B8803806046C5
:10023000704700BF082A13D38B078DD010F003033B
:100240008AD0C3F10403D21ADB071CBF11F8013BAB
:1002500000F8013B80D331F8023B20F8023B7BE7FA
:10026000043AD9D3013A11F8013B00F8013BF9D225
:100270000B7803704B7843708B78837060467047BF
:10028000F0B50C4B0C4C1A7842F0020504EBC50695
:1002900082F00102706009481A700678002E0CBFC7
:1002A0008827C82786F0010647EA0141067044F80E
:1002B0003510F0BDF8FCFF1F0080FF1F91FDFF1FF0
:1002C0002DE9F0413E4C04F1E0062546236A1B0669
:1002D00003D5606A083801F08DF90834B442F5D1CD
:1002E00000242646374FE05928B1D0F8048001F0A9
:1002F00081F94046F8E73851334B344FE050E0592C
:1003000028B1D0F8048001F075F94046F8E7304B89
:100310003851E0502F4B23F816002F4BF25C023A75
:10032000032A07D8DFE802F002040204002200E0FA
:1003300001229A550136072E04F10404D2D1274F29
:1003400000233B700124264A264B2244234412F802
:10035000012C9B0012F0080F1A704FEA840621D07E
:1003600001F02AF938B105EB4413083058601E4BF0
:1003700045F8363004E03B7845F8360001333B70F1
:1003800001F01AF946F0010338B105EBC302083059
:100390005060164A45F8332004E045F833003B78B6
:1003A00001333B7046F00202013446F0030600239D
:1003B000082C45F8323045F83630C4D1BDE8F0811C
:1003C0000080FF1FDCFCFF1F78FCFF1F3CFDFF1FB0
:1003D0005CFDFF1FD8FFFF1F94FCFF1F87FDFF1F61
:1003E0008C78020030C8011088004000C80040002E
:1003F000431E062B10B510D872B6094A52F82300D6
:1004000048B1416842F82310064A018832F8134087
:10041000611A22F8131062B610BD002010BD00BF93
:10042000DCFCFF1FD8FFFF1F013806280AD872B670
:10043000054B53F82030002013B101305B68FBE717
:1004400062B67047002070473CFDFF1F10B572B6C2
:100450000123174A1A4412F8012C12071CD59900DF
:10046000144A52F831402CB902EB4313083058605B
:10047000114B09E041F0010152F8314064B902EB3F
:10048000C103083058600D4B42F831300C4B1A78DC
:10049000013A1A7062B610BD0133082BD9D162B689
:1004A000074B00221A70BDE8104001F0A3B800BF4E
:1004B0008C7802000080FF1F88004000C8004000C8
:1004C00087FDFF1F431E062B30B532D8194A400165
:1004D00040F01000104472B6174CE25C032A09D8B1
:1004E000DFE802F0160218050830022213E0083097
:1004F000042210E01148124A50F8234014B940F881
:10050000231002E052F82300416042F823100FE06C
:10051000032200E00522E25410F0080F01F1080365
:100520000A8843600CBF8823C82343EA0243036060
:1005300062B630BD0080FF1F94FCFF1F3CFDFF1F13
:100540005CFDFF1F2DE9F047AB4E3478E4B214F0A8
:10055000040F354619D0A94B1B78A3B1A84A1178CE
:1005600001F0FF0321B1013BDBB2137003B900BE00
:10057000A44A117801F0FF0329B1013BDBB21370EB
:100580000BB901F0C7FC0423337004F0080303F037
:10059000FF02002B00F094839B4B9C4C1A78D2B244
:1005A00015094FEA920740F0108354F8372004EB06
:1005B000C703C2F38302013A5B680C2A00F202838C
:1005C000DFE812F058028C0200030003000300036E
:1005D00000030003DC020003000300030D001A689F
:1005E0008B4D5B682A6012066B6013D4EB888BB16D
:1005F000884B87F0010707F001071F70864B44F80E
:10060000373087F00107403B44F83730834B0122F5
:100610001A7002E0804B44F83730814A814F7C49A0
:10062000012010702A8840F2816C002362453B60F3
:100630002361A3611ED8B2F5D06F80F03081B2F58E
:10064000817F00F0098106D8802A00F0C180822ACB
:1006500000F0C280DDE140F20230824200F00D8104
:10066000B2F5A06F00F0D98140F2A1118A4200F0EA
:100670003A81CEE140F6211C624500F02A810ED875
:10068000B2F5086F00F09E80B2F5106F40F0C181A6
:100690005A4B5E4F8A781A7007F1E0080AE040F67C
:1006A00021239A4200F0B98140F621339A4200F0AA
:1006B000B481AEE13B6A1B0603D5786A083800F0C6
:1006C00099FF08374745F5D10027B846DFF88091F4
:1006D00057F8090028B1D0F804A000F08BFF50466D
:1006E000F8E749F80700504BDFF86891F85057F8E1
:1006F000090028B1D0F804A000F07CFF5046F8E7CC
:100700004A4B49F80700F850494B23F81800494B69
:1007100018F80320023A032A08D8DFE802F002049E
:100720000204002200E0012203F8082008F1010879
:10073000B8F1070F07F10407C8D13F4B00221A7028
:10074000012799463D4A3E4B3A443B4412F8012C5E
:100750009B0012F0080F1A704FEA870825D000F0AE
:100760002BFF38B104EB471308305860354B44F881
:10077000383006E099F8003044F83800013389F841
:10078000003000F019FF48F0010338B104EBC30258
:1007900008305060204A44F8332006E044F8330023
:1007A00099F80030013389F8003048F0020201372F
:1007B00048F003080023082F44F8323044F838305A
:1007C000C0D12AE10D4B204C1B78237003462AE14F
:1007D0001D4C2370637023E18A88072A00F2198177
:1007E000194C920023706370184B9B5C9F0740F17B
:1007F0001781207014E100BF8020074090FDFF1F8B
:10080000F9FCFF1FC0FDFF1F902007400080FF1F65
:1008100078FDFF1F86FDFF1FC800400080FDFF1F01
:1008200091FDFF1F58FDFF1F78FCFF1F5CFDFF1FA0
:10083000D8FFFF1F94FCFF1F87FDFF1F8C7802006D
:1008400030C801108800400088FDFF1FC02007400D
:10085000DCFCFF1F3CFDFF1F8A8802F07F02072A95
:1008600000F3D7804B88002B40F0D3809100A14A41
:100870000A44117821F002010FE08A8802F07F0219
:10088000072A00F3C6804B88002B40F0C2809100FD
:10089000984A0A44117841F002011170BEE04A887A
:1008A000954B898853F8084CA3F10C00002C00F0FC
:1008B000B08033F80C7C974209D133F80A7C8F4220
:1008C00005D1120A032A0CBF23780389ABE00C334D
:1008D000E8E7CA88002A00F0A080884A3A60884A7F
:1008E000082111809AE08549C879A0F18002D4B22C
:1008F000092C8E460FD8C2EBC202824C1EF8037040
:100900001444E7540133072BF7D100F17F03DBB226
:10091000072B02D921E08F28F7D17B4B7B4C022299
:100920005A709A700322DA705A71794A24781278D0
:100930009A718F284FF000021C71DA711A7204D07C
:100940000023CB71704C08236DE013466D4A0020E4
:1009500098540133502BF9D1F2E74C78674B6A4A2F
:10096000102C16D19F786B2F13D1DF785B2F10D10D
:10097000BF2191709121D170ED21117145215171EB
:10098000C02000215470D9719171D0710823144690
:1009900049E0D3795C4CA02B30D9237A5948432BBA
:1009A00001D0A92B13D10223537093700323D3706A
:1009B0005371574B55481B78937100230078D371BE
:1009C00013728F23CB71107108234E4C2BE03BB177
:1009D0000133DBB2237203F00F0300EBC30421E009
:1009E00090F84F30C92B01D1A02303E0C37FC32B64
:1009F00018D1402323720823044614E0892811D11A
:100A0000A37903F0FD03052B0CD10123E0710B72D8
:100A100008E0384B0F221A7029E000231C4602E040
:100A2000022300E00823EF88BB4238BF1F46402F57
:100A300034BF3D46402520462946FFF721FC7F1B59
:100A40002C4403D1402D12D13D4603E0402F34BF4A
:100A50003D46402520462946FFF712FC7F1B2C44CB
:100A600001D1402D03D12B4B2B4A1C601780012252
:100A70002A4BA6E02A4D286800287BD0294F3A78D7
:100A800004EBC20354F83210D3F80480C1F30741D9
:100A900000235FFA83FC614505D018F803C000F815
:100AA00003C00133F5E7204BDFF88C8093F800C0DA
:100AB000DFF88890BCF1000F08BFC8468CF0010C2D
:100AC00083F800C00E4B44F8328082F001023A7085
:100AD0001A880844511A2860198073E0134A144890
:100AE000116881422CD15268B2F5803F42D11A7808
:100AF000104B3AE0C0200740A0780200A3C7FF1FB8
:100B000084FDFF1F35D6FF1FAE8CFF1FAC8CFF1F6F
:100B1000AD8CFF1F74FCFF1F82FDFF1F9420074058
:100B200058FDFF1F86FDFF1F80FDFF1F78FDFF1F83
:100B300021090002A4FDFF1FC800400088004000FA
:100B40007B48814216D151687A4A914212D11A7873
:100B5000A92A0FD15A78452A0CD19A78C22A09D1EC
:100B6000DB786B2B06D1744B052200201A700146EE
:100B7000FFF786FB714B44F8373023E0704F3D6838
:100B8000B5B1DFF80482B8F80090B9F1400F34BF76
:100B90004C46402428462146FFF772FBC4EB09036C
:100BA0009BB2A8F800300BB9402C00D12B193B6048
:100BB000644B1A88B2F5A06F04D100225A709A785B
:100BC000614B1A700122614B6DE0B84604EBC70718
:100BD000013D7B6802F00802A3F10800EDB202F0CB
:100BE000FF01002A36D000F005FD5948594B50F856
:100BF0002520EAB1516840F8251002F1080179601A
:100C0000595D03290BD8DFE801F00204060803212F
:100C100004E0022102E0052100E00421595517F00B
:100C2000080F12880CBF8823C82343EA024342E01E
:100C30005A5D032A07D8DFE802F040400204002290
:100C400006E0012204E017F0080F0CBF0222032285
:100C50005A5532E054F83820120C23F8082C22B3ED
:100C6000DFF828E123F8061C43F8041C5EF8253061
:100C7000394913B94EF8250002E051F82530586083
:100C8000364B41F8250033F815100A4423F8152097
:100C900000F092FC10B10830786006E0304B44F868
:100CA00038001A7801321A7007E0244B2D4A17F0E9
:100CB000080F08BF134644F838300823337043E464
:100CC000E0071FD521492748274C02230B70274BEB
:100CD0001A70274B186098602648D8601A619A618C
:100CE0005C60254B0D2018702448FF2303702B7087
:100CF0000274234A1370234B9F221A7001230B7036
:100D0000BDE8F087210604D51B4B0D221A70802305
:100D10002B70A20705D5194B1A78D2B21A7002238C
:100D20002B70E30644BF10232B70BDE8F08700BF93
:100D30002109000303000400F9FCFF1FC800400064
:100D400074FCFF1F78FDFF1F982007409420074088
:100D50003CFDFF1F94FCFF1F78FCFF1FD8FFFF1F07
:100D600087FDFF1F880040009CFCFF1FF8FCFF1F51
:100D70000080FF1FFCFCFF1FC020074088200740A9
:100D80008C2007408420074082FDFF1FDCFCFF1FF2
:100D900008B500F013FE00221A4B0021D15098181C
:100DA0000832E82A4160F7D1174A106840F48020E1
:100DB000106002F528326832C3F307201070C3F3C5
:100DC00007401B0E10751376FF2302F81C3C02F837
:100DD000143C02F88C3C012302F8083C82F86410B1
:100DE00002F8183C094B70226FF450711A700B44D2
:100DF0004FF400721A6003F1C04303F5C8231022B8
:100E00001A7008BD0080FF1F3480044049E400E0F0
:100E100021282AD8164B1B5CFF2B26D0154A02EB43
:100E2000C000002142681160134A106840F02000A1
:100E30001060124A01201160114998400860114861
:100E400041F8040C10491160F02101397FF4FDAF25
:100E500011688905FCD41822013A7FF4FDAF0B4AD2
:100E60001BB232F8130080B270470020704700BFF9
:100E7000497702007C77020038800440005004402B
:100E8000085004400000020380014A000051044061
:100E9000024B1B78DB07FBD5704700BF0100024007
:100EA0007FB5174B6A4603F110056E4618685968FE
:100EB000144603C40833AB422246F7D1114B1A78CB
:100EC00012F0020F1D4612D080229A7133229A72BC
:100ED00003225A7272B60C4C46F001062046B04707
:100EE00062B6237813F0700301D0237006E044F655
:100EF00021632A78D20701D4013BFAD104B070BD36
:100F00006C7702000100024000000240B0F5006F63
:100F100010B5044609D2064B1B78DB0701D4FFF756
:100F2000BFFF04F1A054207810BD002010BD00BF09
:100F300001000240B0F5006F38B504460D460FD2EF
:100F4000084B1B78DB0701D4FFF7AAFF04F1A0547C
:100F50002378AB4204D02570BDE83840FFF798BF36
:100F600038BD00BF01000240024B1A6801321A600E
:100F7000704700BFA8FDFF1F08B50B4C236858033E
:100F800001D5FFF7DFFA2368590501D500F00EF807
:100F900023681A0501D500F009F82368DB04ECD5B5
:100FA00000F004F8E9E700BF3480044008B5FFF71B
:100FB000E3FFFFFF014B10221A807047002005401D
:100FC0007047FFFF024A13681844106018467047C4
:100FD000F88CFF1FFEE7FEE7324B1B88002B5DD02D
:100FE00018405ED0304B1B881BB1984201D12F4B6B
:100FF00052E02F4B1B881BB1984201D12D4B4BE087
:101000002D4B1B881BB1984201D12C4B44E02C4B3B
:101010001B881BB1984201D12A4B3DE02A4B1B880B
:101020001BB1984201D1294B36E0294B1B881BB1DB
:10103000984201D1274B2FE0274B1B881BB19842C8
:1010400001D1264B28E0264B1B881BB1984201D1C9
:10105000244B21E0244B1B881BB1984201D1234B28
:101060001AE0234B1B881BB1984201D1214B13E09E
:10107000214B1B881BB1984201D1204B0CE0204B27
:101080001B881BB1984201D11E4B05E01E4B1B88EB
:1010900023B1984204D11D4B1888704718467047F9
:1010A000002070476CFFFF1FA2FFFF1FC4FDFF1F42
:1010B0007CFFFF1FA2FEFF1F74FFFF1FAAFFFF1F81
:1010C000D2FDFF1FA0FEFF1FA4FEFF1F76FFFF1F24
:1010D000C6FDFF1FA8FFFF1F9CFEFF1F68FFFF1F2D
:1010E000CCFDFF1F72FFFF1F70FFFF1FCAFDFF1F18
:1010F0006AFFFF1FD4FDFF1F9EFEFF1FD6FDFF1FCF
:10110000D8FDFF1FD0FDFF1FC8FDFF1FA4FFFF1F5D
:101110000C4A0346108818B103420CBF002002207D
:10112000094A128822B113421CBF40F04000C0B2ED
:10113000064A128822B113421CBF40F01000C0B210
:10114000704700BFCEFDFF1FAEFFFF1F6EFFFF1FEA
:10115000044B1B8800F03F0013B1984208BF642085
:10116000704700BF7AFFFF1F1F28034612D80A28C6
:1011700006D13B4B188820F47D6020F0070007E083
:101180000B286BD1364B188820F47D6020F00400CA
:1011900080B270477F2805D8A0F12003314A32F889
:1011A00013007047304A128842B1A0F1A00291B2F8
:1011B0005F2903D82D4B33F8120070472C4A108852
:1011C00018B12C4A12889A4245D02B4A108818B17F
:1011D0002A4A12889A423ED0294A108818B1294AD0
:1011E00012889A4237D0284A108818B1274A1288A4
:1011F0009A4230D0264A108818B1264A12889A425C
:1012000029D0254A108818B1244A12889A4222D03F
:10121000234A108818B1234A12889A421BD0224AC6
:10122000108818B1214A12889A4214D0204A108896
:1012300018B1204A12889A420DD01F4A108818B15E
:101240001E4A12889A4206D01D4A108838B11D4A9B
:1012500012889A4202D1C0F30D00704700207047F7
:10126000ACFFFF1FDAFDFF1F9AFEFF1FA8FEFF1F46
:101270008CFFFF1F7EFFFF1F8EFFFF1F80FFFF1FE2
:10128000A6FEFF1F82FFFF1F92FFFF1F84FFFF1FAD
:1012900094FFFF1F86FFFF1F96FFFF1F88FFFF1FA2
:1012A00098FFFF1F8AFFFF1F9AFFFF1FB0FFFF1F5E
:1012B0009CFFFF1FC2FDFF1F9EFFFF1F90FFFF1F30
:1012C000A6FFFF1FA0FFFF1F10B546F20144174BFA
:1012D0001B7843B30720FFF7A7F8032803D9013C85
:1012E000134B18D119E000F067F901460028F6D039
:1012F000104B1B780372104B1B7843720F4B1A680C
:101300009B88C3810823C0F80A2003800720FFF7C9
:10131000D9F8002010BD1A7812B101221A7002E02B
:10132000DFF7A0F8D3E74FF0FF3010BD90FDFF1FAF
:10133000A0FDFF1F9EFDFF1F9FFDFF1F98FDFF1FCC
:1013400010B50446A1B1134A137811EA03000ED078
:1013500023EA01011170FFF7B7FFFFF7B5FFFFF7B1
:10136000B3FFFFF7B1FFFFF7AFFF012100E0014638
:1013700054B10023084A985CA04202D1002199543C
:1013800001210133062BF5D119B1BDE81040FFF75B
:101390009BBF10BD9EFDFF1F98FDFF1F10B50446AB
:1013A000A1B1164B1A7801EA020088420DD0114310
:1013B0001970FFF789FFFFF787FFFFF785FFFFF73A
:1013C00083FFFFF781FF012100E0002184B10023AA
:1013D0000B4A985CA0420BD00133062BF8D10023B6
:1013E000D05C10B9064AD45403E00133062BF7D180
:1013F00019B1BDE81040FFF767BF10BD9EFDFF1F8C
:1014000098FDFF1FF8B5030AC12B01460FD9DF2B4A
:1014100004D803F01F0363F39F1108E0F02B02D1FF
:10142000C0B2002131E0E02B33D100202CE008468F
:10143000FFF79AFE064660B3164B1C88DCB1FFF737
:10144000CBFD0546B0B1144B1C781CB100221A70BC
:10145000FFF73AFF2846FFF75BFE07462846FFF7EF
:1014600077FE39460546FFF799FF28463946FFF7CC
:1014700067FF00E004463046FFF74AFE0546304667
:10148000FFF766FE45EA0401C9B2BDE8F840FFF780
:1014900085BFF8BD6CFFFF1F9EFDFF1F0A4B00219B
:1014A00018781970094B1A781970094B0243991D65
:1014B00058780243002003F8010F8B42F8D10AB19B
:1014C000FFF702BF704700BF9EFDFF1F9FFDFF1F7C
:1014D00097FDFF1F38B50A4C0A4D20700023297074
:1014E0006370A370E37023716371FFF7EDFE28B999
:1014F00028702070BDE83840FFF7E6BE38BD00BF59
:1015000098FDFF1F9EFDFF1F38B50546FFF720FE23
:1015100004462846FFF7FCFD01462046BDE838405A
:10152000FFF7D8BF10B5FFF71FFE044660B1074BA9
:101530001B8823B1FFF750FD08B1FFF7E5FF2046F8
:10154000BDE81040FFF7E0BF10BD00BF6CFFFF1FFC
:1015500010F0800F164B02D100221A600BE0BF285A
:1015600012D81968012900F03F0206D10021196044
:10157000104B18881043FFF7D5BF022916D10D492B
:10158000088840EA821205E0DF2806D800F01F0232
:10159000084992010A80012207E0EF2804D8054992
:1015A00002030A80022200E0FF221A60704700BF97
:1015B00094FDFF1FA2FDFF1F72B60C4A1168B1FA1D
:1015C00081F31D2B02D962B6002070474FF0004016
:1015D000D84021EA0001116062B605494822534310
:1015E000C8180022CA504260704700BFFC8CFF1F21
:1015F0000084FF1F0C4B4822C31AB3FBF2F31D2BD0
:1016000011D80A4A127822B1094A12780AB1FEF7B3
:101610001DBF72B6074A4FF0004121FA03F311686B
:101620001943116062B670470084FF1F87FDFF1FDA
:1016300090FDFF1FFC8CFF1F044B054900221A6020
:101640000A60044A106010221A60704714D00340E8
:1016500004D0034000D00340212810B518D80D4A0B
:1016600052F8303093F880423CB1012211B183F836
:10167000802010BD83F8002110BD02EBC00043683C
:101680001A6811B142F0030201E022F002021A606E
:1016900010BD00BF7C770200212806D8044B53F808
:1016A000303093F80002C0B270470020704700BF8E
:1016B0007C770200212816D80B4A02EBC0030129CF
:1016C0005B6852F8302004D182F880124FF4A27285
:1016D00008E0002082F8800211B94FF4807201E026
:1016E00040F203121A6070477C770200282838B550
:1016F000604A04460B4611D112780B2A04D8C2F175
:101700000C0201FA02F304E00C2A1CBF0C3A41FA65
:1017100002F31846BDE8384000F0D2BA117801252E
:10172000002B05FA01F2D8BF002102DD934205D358
:101730002946FFF791FF2046294697E00338C2B2B9
:10174000012A01D84C4A06E0202C01D0192C01D1E5
:101750004A4A00E04A4A126802FB0332CA401D2886
:101760007BD8DFE800F0575F4E337A7A212A7A7A05
:101770007A7A7A7A7A7A7A3C450F187A707A7A7A13
:101780007A7A7A673F4B1A6003F5973340F2444206
:1017900003F5FA735FE03C4B1A6003F5973340F2B0
:1017A000444203F5F87356E0384B1A6003F597335B
:1017B00040F2444203F5F6734DE0354B1A6003F5F1
:1017C000973340F2444203F5F47344E0314B1A601E
:1017D00003F59F3340F2444203F5F0733BE02E4B98
:1017E0001A6003F59F3340F2444203F5EE7332E092
:1017F0002A4B1A6003F59F3340F2444203F5EC7321
:1018000029E0274B1A6003F59F3340F2444203F569
:10181000EA7320E0234B1A6003F580334FF45172D2
:10182000203318E0204B1A6003F580334FF45172D7
:101830001C3310E01D4B1A60A3F5DB234FF45172EB
:10184000A3F5F96307E01A4B1A60A3F5DB234FF405
:101850005172A3F2CC731A6038BD7F2B2046D4BFDF
:1018600000210121FFF7F8FE20460121BDE83840A4
:10187000FFF720BF008DFF1F0890034008800B403A
:1018800008800340108003401880034020800340FC
:10189000288003403080034038800340408003406C
:1018A00048800340109003401890034010800B4084
:1018B00018800B4072B60C4B0C491A680C4B1B6815
:1018C000096862B6490102D5322A88BF0133C2F5E0
:1018D0008C32482102F23F12B2FBF1F24FF47A70DF
:1018E00000FB0320704700BF18E000E004ED00E0BB
:1018F000A8FDFF1F38B50446FFF7DCFF054624B9F5
:1019000038BD013C0AD005F57A75FFF7D3FF401BBF
:10191000B0F57A7FF5D2DEF7A5FDF6E738BDFFFF1B
:101920001F4B4FF4000210B51A604FF080721A601E
:101930004FF000721A604FF080621A604FF0006240
:101940001A60184B184A194C002048F6FF711860AD
:10195000596028231360936013619361136293624B
:10196000136393630922226004F5805404342060D9
:101970006160A360236144F8042C04F5FE24206018
:101980000B4801600B490B608B600B4B1A6000F039
:10199000A1F8FA20FFF7AEFFBDE81040FFF7F8B955
:1019A00008E100E0048003400C8003400080034015
:1019B00008800B400C800B4000800B401FB501AC31
:1019C000094821460A2200F031FC0023E15C074A65
:1019D00029B102EB430001330A2B4180F6D10133D8
:1019E0005B00137004B010BD00CA9A3B728EFF1FDB
:1019F000F0B5304B1B681B06FBD42F4B1B6813F054
:101A00008002F6D172B62D4B1978002950D02C499E
:101A100008684F688E68CD680C69384414313044CA
:101A20000968284420440844C0F34E00254940F486
:101A300000400860C86A0F6B4E6B8D6BCC6B3844EE
:101A4000403130440968284420440844C0F34E0023
:101A50001D4940F40040086001F10811143151F8AB
:101A6000140C51F8107C51F80C6C51F8085C51F8CA
:101A7000044C096838443044284420440844C0F3E6
:101A80004E00124940F400400860C86A0F6B4E6B6C
:101A90008D6BCC6B38444031304409682844204475
:101AA0000844C0F34E000A4940F4004008601A7030
:101AB00062B6F0BD24B0034024B00B40ADFDFF1F63
:101AC00038B003402CB0034030B003402CB00B4082
:101AD00030B00B4010B5204B2048214960221A70CD
:101AE000E1225A701F4B204A1C78204B082C01D150
:101AF000012402E00A2C03D119240460132005E01C
:101B00000C2C0CBF15243D240460122008601460C6
:101B10001860174B17491B78174A03B101230B6054
:101B20001360164B164A1978164B012901D88021EB
:101B30000BE0042901D8842107E0082901D8852178
:101B400003E0102994BF86218721116019600E4B94
:101B500001221A7010BD00BF0040074008B00340CA
:101B60000CB00340888EFF1F08B00B400CB00B4038
:101B7000B0FDFF1F20B0034020B00B40898EFF1F37
:101B800024B0034024B00B40ADFDFF1F0C2804D946
:101B9000102828BF1020102307E00A2804D809289D
:101BA00034BF08230A2300E00C23094AD9B2081ADB
:101BB0001070084A1078834208D0074B11701B78C8
:101BC00013B1064B00221A60FFF784BF704700BFB5
:101BD000ACFDFF1F888EFF1FADFDFF1F24B003402B
:101BE0000D2838B50FD9172801D80E380AE0A0F112
:101BF0001A03052B01D8093804E0A0F12203062BB3
:101C000047D81838C0B2244B1C5C244B1B780BB14E
:101C1000FFF7EEFE210614D472B6214B214D1C6055
:101C200001232B7062B672B61D4B1B681A0601D5D4
:101C30001D4B1FE02B78002BEFD062B6DEF712FCB5
:101C4000F1E772B6194B1A4D1A6814F0400F14BF21
:101C500022F0100242F010021A60164B04F03F020C
:101C60001A6001232B7062B672B6124B1B681B06FA
:101C700008D5114B186800232B7062B60F4B1B78E8
:101C8000184138BD2B78002BDCD062B6DEF7EAFBBA
:101C9000EAE7002038BD00BF60790200ADFDFF1FFC
:101CA00000B00340AFFDFF1F10B003400CB00B406D
:101CB000AEFDFF1F00B00B4010B00B40ACFDFF1F8E
:101CC000084B1A6842F480521A60074B1A78074B87
:101CD0000AB1802200E0C0221A70054B80F30C008C
:101CE000188070472C800440B0FDFF1F21C00C40BD
:101CF00000C00C4038B5124B1B78EBB1114C236877
:101D00001BB90220FEF774FB206020680D4D98B1CE
:101D10004388C218147A5CB102880133934204D319
:101D2000FFF768FC00232B6000E04380204638BDAD
:101D3000FFF760FC2C60DEE74FF0FF3038BD00BFDE
:101D400090FDFF1FBCFDFF1F10B50D4B1B788BB125
:101D50000C4C23681BB90220FEF74AFB2060206868
:101D600040B1438803441C7A3CB9FFF743FC054B60
:101D70001C60EAE74FF0FF3010BD204610BD00BFE9
:101D800090FDFF1FBCFDFF1F38B5104D2B6823B120
:101D900028680024028843880FE00D4B1B781BB194
:101DA0000220FEF725FB28602C68002CF0D10BE008
:101DB000C1182144097A19B10134E1189142F7DBC5
:101DC00014B9FFF717FC2C60204638BDBCFDFF1F7F
:101DD00090FDFF1F2DE9F843324D012307460C46C5
:101DE0002B70002C5AD0304E3368B1465BBB43F6A3
:101DF00001482E4B1B7803F0FF020BB92A7018E044
:101E00000120FEF711FB052804D9B8F10108284A82
:101E100009D10AE001232B70FFF7CEFBC9F80000BF
:101E20000028F2D00FE013783BB101231370002398
:101E30002B704FF0FF30BDE8F8832B70DEF712FBFC
:101E400001232B70D5E73168194A488800231370A5
:101E5000C0F14002944238BF224600F1080C104401
:101E60008C444880A41A934204D0F85C0CF8030018
:101E70000133F8E71F444B883F2B0E4B02D8052255
:101E80001A70AEE740220A804FF00008012083F864
:101E90000080FEF717FBC6F80080A2E72C702046F2
:101EA000BDE8F883B1FDFF1FB4FDFF1F90FDFF1FCC
:101EB000B8FDFF1FC0FDFF1F07B502AB012103F8EE
:101EC000010D1846FFF786FF03B05DF804FBFFFF26
:101ED00010B50D4B1B78B3B10C4B19681C4691B172
:101EE0004B8883B10A4A002010703F2B04DCCA18CB
:101EF000002010720133F8E740230B800120FEF729
:101F0000E1FA0023236010BD90FDFF1FB4FDFF1F09
:101F1000C0FDFF1F10B50B4B1B788BB90A4A116827
:101F20004B8814463F2B04DCCA1800201072013382
:101F3000F8E740230B800120FEF7C4FA002323605A
:101F400010BD00BFB1FDFF1FB4FDFF1FF8B5174B5B
:101F50001E6805460C461F46154B1B7803B304202C
:101F6000FEF746FA58B90620FEF742FA48B93B6830
:101F70009B1BA34218D8B4B1DEF774FAECE7012436
:101F800000E0022400F108032A4600F1480153F85A
:101F9000045B42F8045B8B42F9D1FFF72BFB02E0B4
:101FA0004FF0FF30F8BD2046F8BD00BFA8FDFF1F71
:101FB00090FDFF1FF8B5184B1D6804460E461F46DE
:101FC000164B1B781BB30320FEF72EFA032806D905
:101FD0003B685B1BB3421DD8DEF744FAF0E7FFF71E
:101FE000EBFA03460028F3D0204603F1080204F17F
:101FF000400150F8044B42F8044B8842F9D1402488
:102000001C8003201946FEF75DFA2046F8BD4FF00C
:10201000FF30F8BD0020F8BDA8FDFF1F90FDFF1F99
:10202000F8B5184B1D6804460E461F46164B1B7824
:102030001BB30520FEF7F8F9032806D93B685B1BA4
:10204000B3421DD8DEF70EFAF0E7FFF7B5FA034604
:102050000028F3D0204603F1080204F1400150F8B3
:10206000044B42F8044B8842F9D140241C800520DF
:102070001946FEF727FA2046F8BD4FF0FF30F8BDAD
:102080000020F8BDA8FDFF1F90FDFF1F30B51B4BC2
:102090001B491B780C881C2B96BF1A4A002352F848
:1020A00023300022184850F812500BB1985A00E023
:1020B000184602326E2A2880F4D113B1B3F82E21CB
:1020C00000E01A461148028003B90C8009880022FA
:1020D0001BB19818B0F86E0000E018460C4C084090
:1020E00010531BB19818B0F82E0100E01846094CA7
:1020F000084010530232C02AEAD130BDE6FFFF1F6C
:10210000ACFFFF1FB8A60200687B02009AFEFF1F0B
:10211000DAFDFF1FA8FEFF1F00F0BEBE08B5DFF707
:10212000F5F9DFF731FDDEF79DF9FAE7F8B5064678
:102130000C468F180025BC4207D0336814F8011BE9
:102140001B68304698470544F5E72846F8BDFFFF71
:1021500007B5064B1B88ADF80430036801A95B681E
:102160000222984703B05DF804FB00BFD2B0020022
:1021700008B1014B18607047B4FFFF1F0C4A0D48AF
:10218000136811460C4A002B08BF134693FBF0F26C
:1021900000FB12330948424344F2A71000FB03201E
:1021A0000028BCBF00F1004000F1FF30086070471C
:1021B000B4FFFF1F1DF3010024D95B07ECF4FFFF00
:1021C00010B5044630B1FFF7D9FFB0FBF4F303FBC1
:1021D000140010BD10BDFFF7D7BDFFF78BBDFFF793
:1021E000B3BDFFF775BE0846FFF766BE0846114649
:1021F000FFF7F0BD08B50846FFF7AAF9012008BDB2
:10220000064B0749196000221A71064B4FF47A7188
:102210001A711A73044A99601A607047B8FFFF1F59
:1022200000B10200C0FFFF1FE0B0020010B50023A4
:10223000B0FBF2F402FB1400092894BF30303730B1
:10224000C0B2C85420460CB10133F1E7CA1854702B
:1022500022469A4206DA885CCC5C8C54C85401321F
:10226000013BF6E7084610BD9140031C90409C4698
:10227000203A9340194352426346D3401943704772
:1022800080F0004002E000BF81F0004142001FBF2B
:102290005FEA410392EA030F7FEA226C7FEA236C34
:1022A0006AD04FEA1262D2EB1363C1BFD218414029
:1022B00048404140B8BF5B42192B88BF704710F0BF
:1022C000004F40F4000020F07F4018BF404211F062
:1022D000004F41F4000121F07F4118BF494292EACA
:1022E000030F3FD0A2F1010241FA03FC10EB0C00F6
:1022F000C3F1200301FA03F100F0004302D5494283
:1023000060EB4000B0F5000F13D3B0F1807F06D32F
:1023100040084FEA310102F10102FE2A51D2B1F127
:10232000004F40EBC25008BF20F0010040EA03001C
:102330007047490040EB000010F4000FA2F10102C9
:10234000EDD1B0FA80FCACF1080CB2EB0C0200FA53
:102350000CF0AABF00EBC25052421843BCBFD040A1
:102360001843704792F0000F81F4000106BF80F41B
:1023700000000132013BB5E74FEA41037FEA226CDE
:1023800018BF7FEA236C21D092EA030F04D092F0A9
:10239000000F08BF0846704790EA010F1CBF0020DD
:1023A000704712F07F4F04D1400028BF40F000403A
:1023B000704712F100723CBF00F50000704700F05A
:1023C000004343F0FE4040F4000070477FEA226281
:1023D00016BF08467FEA23630146420206BF5FEA52
:1023E000412390EA010F40F4800070474FF0000352
:1023F00004E000BF10F0004348BF40425FEA000C19
:1024000008BF704743F0964301464FF000001CE0C0
:1024100050EA010208BF70474FF000030AE000BF16
:1024200050EA010208BF704711F0004302D5404254
:1024300061EB41015FEA010C02BF844601460020C6
:1024400043F0B64308BFA3F18053A3F50003BCFAE1
:102450008CF2083AA3EBC25310DB01FA02FC63448E
:1024600000FA02FCC2F12002BCF1004F20FA02F295
:1024700043EB020008BF20F00100704702F1200288
:1024800001FA02FCC2F1200250EA4C0021FA02F2E9
:1024900043EB020008BF20EADC7070474FF0FF0CEE
:1024A0001CEAD0521EBF1CEAD15392EA0C0F93EAE9
:1024B0000C0F6FD01A4480EA010C400218BF5FEA8B
:1024C00041211ED04FF0006343EA501043EA5111FE
:1024D000A0FB01310CF00040B1F5000F3EBF4900F8
:1024E00041EAD3715B0040EA010062F17F02FD2AFC
:1024F0001DD8B3F1004F40EBC25008BF20F00100DF
:10250000704790F0000F0CF0004C08BF49024CEAF5
:10251000502040EA51207F3AC2BFD2F1FF0340EA87
:10252000C250704740F400004FF00003013A5DDCF8
:1025300012F1190FDCBF00F000407047C2F1000239
:10254000410021FA02F1C2F1200200FA02FC5FEA26
:10255000310040F1000053EA4C0308BF20EADC7070
:10256000704792F0000F00F0004C02BF400010F4E2
:10257000000F013AF9D040EA0C0093F0000F01F08F
:10258000004C02BF490011F4000F013BF9D041EAB1
:102590000C018FE70CEAD15392EA0C0F18BF93EAB3
:1025A0000C0F0AD030F0004C18BF31F0004CD8D1DD
:1025B00080EA010000F00040704790F0000F17BF64
:1025C00090F0004F084691F0000F91F0004F14D0AA
:1025D00092EA0C0F01D142020FD193EA0C0F03D102
:1025E0004B0218BF084608D180EA010000F0004005
:1025F00040F0FE4040F40000704740F0FE4040F4E0
:10260000400070474FF0FF0C1CEAD0521EBF1CEA7E
:10261000D15392EA0C0F93EA0C0F69D0A2EB03029C
:1026200080EA010C49024FEA402037D04FF0805336
:1026300043EA111143EA10130CF000408B4238BFFB
:102640005B0042F17D024FF4000C8B4224BF5B1A09
:1026500040EA0C00B3EB510F24BFA3EB510340EA57
:102660005C00B3EB910F24BFA3EB910340EA9C0005
:10267000B3EBD10F24BFA3EBD10340EADC001B0175
:1026800018BF5FEA1C1CE0D1FD2A3FF650AF8B4219
:1026900040EBC25008BF20F0010070470CF0004C26
:1026A0004CEA50207F32C2BFD2F1FF0340EAC25051
:1026B000704740F400004FF00003013A37E792F012
:1026C000000F00F0004C02BF400010F4000F013A70
:1026D000F9D040EA0C0093F0000F01F0004C02BF6B
:1026E000490011F4000F013BF9D041EA0C0195E7D4
:1026F0000CEAD15392EA0C0F08D142027FF47DAF6D
:1027000093EA0C0F7FF470AF084676E793EA0C0F5C
:1027100004D14B023FF44CAF08466EE730F0004C5A
:1027200018BF31F0004CCAD130F000427FF45CAFEA
:1027300031F000437FF43CAF5FE700BF4FF0FF3C58
:1027400006E000BF4FF0010C02E000BF4FF0010CAB
:102750004DF804CD4FEA40024FEA41037FEA226C74
:1027600018BF7FEA236C11D001B052EA530C18BF96
:1027700090EA010F58BFB2EB030088BFC81738BFFB
:102780006FEAE17018BF40F0010070477FEA226CE9
:1027900002D15FEA402C05D17FEA236CE4D15FEAE5
:1027A000412CE1D05DF8040B704700BF8446084619
:1027B0006146FFE70FB5FFF7C9FF002848BF10F1DA
:1027C000000F0FBD4DF808EDFFF7F4FF0CBF01201F
:1027D00000205DF808FB00BF4DF808EDFFF7EAFFA9
:1027E00034BF012000205DF808FB00BF4DF808ED64
:1027F000FFF7E0FF94BF012000205DF808FB00BF59
:102800004DF808EDFFF7D2FF94BF012000205DF8DE
:1028100008FB00BF4DF808EDFFF7C8FF34BF0120EB
:1028200000205DF808FB00BF4BB942B9002908BF82
:10283000002802D04FF0FF31084600F03BB882B0CC
:10284000EC462DE9005000F01DF8DDF804E002B080
:102850000CBC70472DE97043069E14461D46804609
:10286000894600F029F804FB01F300FB0533A4FBC3
:1028700000451D44B8EB040469EB0505C6E90045B5
:10288000BDE870832DE97043069E14468046894654
:102890001D4600F05DF900FB05F504FB0153A0FBAC
:1028A00004451D44B8EB040469EB0505C6E9004581
:1028B000BDE87083704700BF00292DE9F00FC0F21A
:1028C0009F800024002BC0F29680154606460F46D6
:1028D000002B3ED18A4257D9B2FA82F34BB1C3F1F1
:1028E000200201FA03F720FA02F29D40174300FA92
:1028F00003F6290CB7FBF1F2330C01FB127CA8B2F2
:1029000043EA0C4700FB02F3BB4209D97F1902F1ED
:10291000FF3C80F00181BB4240F2FE80023A2F442E
:10292000FF1AB7FBF1F3B6B201FB137146EA01419E
:1029300000FB03F0884208D9491903F1FF3780F002
:10294000ED80884240F2EA80023B43EA02420023E3
:1029500003E08B420AD900231A461046194614B1E7
:10296000404261EB4101BDE8F00F7047B3FA83F8D4
:10297000B8F1000F40F084808B4202D3824200F213
:10298000DE8000230122E8E712B90123B3FBF2F550
:10299000B5FA85F2002A39D17F1B280C1FFA85FC75
:1029A0000123B7FBF0F1320C00FB117742EA074735
:1029B0000CFB01F2BA4207D97F1901F1FF3802D2AC
:1029C000BA4200F2C1804146BF1AB7FBF0F2B6B27C
:1029D00000FB127046EA00400CFB02FC844507D95C
:1029E000401902F1FF3702D2844500F2AB803A462B
:1029F00042EA0142B1E7E443524263EB430364E736
:102A0000404261EB41014FF0FF345BE79540C2F17A
:102A1000200327FA03F1280C26FA03F39740B1FBB1
:102A2000F0F81F433B0C00FB18111FFA85FC43EA2A
:102A300001410CFB08F38B4206FA02F608D949194A
:102A400008F1FF3279D28B4277D9A8F102082944E4
:102A5000C91AB1FBF0F3BFB200FB131147EA0147FB
:102A60000CFB03F2BA4207D97F1903F1FF3160D2A0
:102A7000BA425ED9023B2F44BF1A43EA084390E7AB
:102A8000C8F1200203FA08FC25FA02F343EA0C0C11
:102A90004FEA1C4921FA02F301FA08F720FA02F280
:102AA000B3FBF9F1174309FB11333A0C1FFA8CFB06
:102AB00042EA03430BFB01FA9A4505FA08F008D9EC
:102AC00013EB0C0301F1FF3235D29A4533D90239A9
:102AD0006344CAEB0303B3FBF9F209FB1233BFB241
:102AE00047EA03470BFB02F9B94508D917EB0C0776
:102AF00002F1FF331BD2B94519D9023A674442EAC1
:102B00000145A5FB0001C9EB07078F424FF0000309
:102B10000AD305D02A4620E7624601E73B4614E780
:102B200006FA08F68642F5D26A1E002315E71A4611
:102B3000E5E70B46A0E71146CBE7904688E743461A
:102B400042460AE7023A53E702392F443CE700BF06
:102B50002DE9F00F144605460E46002B43D18A425C
:102B600053D9B2FA82F757B1C7F1200620FA06F618
:102B700001FA07F302FA07F41E4300FA07F5210CE5
:102B8000B6FBF1F22B0C01FB1267A0B243EA074639
:102B900000FB02F3B34209D9361902F1FF3780F086
:102BA000F680B34240F2F380023A2644F61AB6FBAE
:102BB000F1F3ADB201FB136145EA014100FB03F003
:102BC000884208D9091903F1FF3680F0E280884273
:102BD00040F2DF80023B43EA0242002310461946DE
:102BE000BDE8F00F70478B424AD8B3FA83F6002E47
:102BF0004DD18B4202D3824200F2D68000230122C3
:102C000010461946BDE8F00F704712B90124B4FB15
:102C1000F2F4B4FA84F2002A7CD1091B260CA7B284
:102C20000123B1FBF6F02A0C06FB101142EA014128
:102C300007FB00F28A4207D9091900F1FF3C02D2D2
:102C40008A4200F2C3806046891AB1FBF6F2ADB247
:102C500006FB121145EA014507FB02F7AF4208D90E
:102C60002C1902F1FF3180F09680A74240F2938048
:102C7000023A42EA004210461946BDE8F00F70479A
:102C800000231A4610461946BDE8F00F7047C6F1FA
:102C9000200522FA05F4B3401C434FEA144821FAF8
:102CA00005F301FA06F720FA05F5B3FBF8FC2F430C
:102CB00008FB1C333D0C1FFA84FA45EA03430AFB68
:102CC0000CF9994502FA06FB04D91B190CF1FF32E5
:102CD0006DD39446C9EB0303B3FBF8F508FB15333A
:102CE000BFB247EA03470AFB05F8B84504D93F19C4
:102CF00005F1FF3361D31D4645EA0C4CACFB0B23B9
:102D0000C8EB07079F424FF0000549D345D0624604
:102D10002B4663E79440C2F1200321FA03FC260C02
:102D200020FA03F301FA02F5BCFBF6F843EA0501C9
:102D30000B0C06FB18CCA7B243EA0C4C07FB08F3BC
:102D4000634500FA02F509D91CEB040C08F1FF32C7
:102D50003AD2634538D9A8F10208A444C3EB0C0C5D
:102D6000BCFBF6F389B206FB13CC41EA0C4107FB2E
:102D700003F28A4207D9091903F1FF3022D28A42AD
:102D800020D9023B2144891A43EA084349E73A46DD
:102D90000CE733461FE70A466BE7B0409042B6D2D5
:102DA0000CF1FF32002319E73346324616E7994506
:102DB0008FD9ACF1020C23448CE7B8459BD9023D76
:102DC000274499E70346DEE79046C7E702382144E7
:102DD0003AE700BF03460846194600F00BB8FFFF6C
:102DE0000A46034903460868194600F08FB800BF39
:102DF000EC8EFF1F70B5064C06460D4613462CB1EF
:102E000031462A460220AFF3008070BD204670BDD7
:102E10000000000008B5074B044613B10021AFF3D2
:102E20000080054B1868836A03B198472046FEF777
:102E3000D1F800BF000000006CB1020070B50E4B6D
:102E40000E4DED1AAD1000241E46AC4204D056F8CB
:102E5000242090470134F8E708F0A4F9084D094B05
:102E6000ED1AAD1000241E46AC4204D056F82420C2
:102E700090470134F8E770BDC0B10200C0B1020054
:102E8000E0B10200C0B10200024B0146186800F038
:102E90008FB800BFEC8EFF1F024B0146186800F090
:102EA00043B800BFEC8EFF1F30B50023934208D01B
:102EB000C55C0133CC1814F8014CA542F6D0281B90
:102EC00030BD002030BD814270B501D300230EE03B
:102ED0008C18A042FAD28518134613F1FF3305D39C
:102EE000514266182944F65CCE54F6E770BD934211
:102EF00003D0CC5CC4540133F9E770BD02440346EF
:102F0000934202D003F8011BFAE7704738B502FB81
:102F100001F4214600F04CF8054618B10021224684
:102F2000FFF7ECFF284638BD30B500293CD051F8FA
:102F3000042C0B1F1D49002AB8BF9B180A680C46B9
:102F400012B95A600B6030BD93420DD219685818FF
:102F5000904203D15A581144426819605A60236064
:102F600030BD994203D80A4651680029F9D1146846
:102F700015199D420AD11B682344D018884213605A
:102F800012D10868034413604B680CE002D90C238B
:102F9000036030BD18681C188C4203D10C68496866
:102FA000204418605960536030BD00BFD4FFFF1F3C
:102FB00070B5CD1C25F0030508350C2D38BF0C2548
:102FC000002D06463FDB8D423DD3214B1C68184641
:102FD0002146A1B10B685B1B0ED40B2B03D90B60F0
:102FE000CC18CD501FE08C4202D1626802601AE01A
:102FF0004B6863600C4616E00C464968E9E7154CDF
:1030000023681BB9304600F09DF920602946304600
:1030100000F098F9431C014615D0C41C24F00304A9
:1030200084420AD1256004F10B00231D20F0070023
:10303000C31A0BD05A42E25070BD3046611A00F0FC
:1030400081F90130EED10C233360002070BD00BF48
:10305000D4FFFF1FD0FFFF1F012B30B50ADC920801
:10306000013A04680B6840F8043B002A41F8044B1D
:10307000F6DC30BD0023C45CCD5CC554CC540133B8
:10308000D41A002CF7DC30BDF8B50E4614460746BE
:103090001D4698470028214630460ADAA8470028EE
:1030A00012DB38462146A84737EA200028BF2046D1
:1030B000F8BDA847002807DC38462146A84734EA6F
:1030C000200028BF3846F8BD3046F8BD2DE9F04F46
:1030D00085B00546894614460293AA0705D1A30781
:1030E00003D1261F18BF012600E002262A19B9F1D4
:1030F000060F019222D8934604FB0959CB4580F074
:103100001E815F46AF4217D9C4EB070A50463946C5
:10311000029B984700280FDD36B93A68DAF800308C
:103120003B60CAF8002005E0384651462246334647
:10313000FFF792FF5746E5E7A344DFE74FEA590759
:10314000B9F1070F04FB075736D009F1FF38B9F181
:10315000280F04FB085827D94FEAD90A04FB0AFABA
:103160004FEA4A0C05EB0C0205EB0A01029BCDF875
:1031700000C02846FFF788FFCAF1000B394607EB6D
:103180000A020390029B07EB0B00FFF77DFFDDF8BF
:1031900000C0029B08EB0B0142460746CCEB08003F
:1031A000FFF772FF804600E0039539460398029BC3
:1031B0004246FFF769FF074626B92A683B682B603D
:1031C0003A6005E02846394622463346FFF744FF79
:1031D00009F1FF38019F04FB0858C346BA46002393
:1031E000474525D8009338462946029A904700283B
:1031F000009B1DDC0FD136B9DAF800203B68CAF815
:1032000000303A6005E05046394622463346FFF723
:1032100023FFA24401232744E2E7009340462946C6
:10322000029A90470028009B19DB04D0C4EB0808E1
:103230004745F2D926E046B9D8F80020DBF800303F
:10324000C8F80030CBF8002005E040465946224639
:103250003346FFF701FFC4EB0B0B0123E6E736B95A
:103260003A68D8F800303B60C8F8002005E03846DE
:10327000414622463346FFF7EFFE2744C4EB0808D9
:103280000123ADE704FB09F9A9440BBB019B4B45A6
:1032900055D21F46AF4217D9C4EB070A50463946EC
:1032A000029B984700280FDD36B93A68DAF80030FB
:1032B0003B60CAF8002005E03846514622463346B6
:1032C000FFF7CAFE5746E5E7019A22440192DDE77F
:1032D000CAEB070CC5EB0A0AE245B4BF5246624688
:1032E000002A08DD2846B91A3346CDF800C0FFF79A
:1032F000B3FEDDF800C0CBEB0902C8EB0B08121BD4
:10330000424528BF4246002A09DD3846C2EB090182
:103310003346CDF800C0FFF79FFEDDF800C0A4459E
:1033200006D92846BCFBF4F12246029BFFF7CEFEED
:10333000A04504D9C8EB0905B8FBF4F9CDE605B002
:10334000BDE8F08F38B5064C0023054608462360DB
:10335000FDF738FE431C02D1236803B12B6038BD52
:10336000E8FFFF1F0EB400B59CB04FF40271ADF83A
:1033700014106FF00041049107914FF6FF711DABDF
:10338000ADF81610084953F8042B0290069008680F
:10339000019302A900F09CF8029B00221A701CB055
:1033A0005DF804EB03B07047EC8EFF1FC9B2024614
:1033B00010F8013B1BB18B42F9D110467047002930
:1033C000FBD01846704710F8012B11F8013B012A79
:1033D00028BF9A42F7D0D01A7047034613F8012B42
:1033E000002AFBD1181A0138704770B592B10B460C
:1033F00005461C7810F8016BB44201F1010101D1BE
:10340000012A03D128781B78C01A70BD013A002C1C
:10341000EDD1F7E7104670BD2DE9F0478D68AB425E
:1034200081460C4692461F4643D38B8913F4906F16
:103430003DD026680969C1EB06086669022206EBE1
:10344000460696FBF2F608F101023A44964238BF6E
:1034500016465B050FD53146FFF7AAFD054698B124
:1034600021694246FCF772FEA38923F4906343F07E
:103470008003A38113E0324600F0ADFA054670B92F
:1034800048462169FFF750FD0C23C9F80030A38995
:1034900043F04003A3814FF0FF30BDE8F087256182
:1034A00066614544C8EB06062560A6603D46AF420E
:1034B00000D23D462A4620685146FFF704FDA36826
:1034C0005B1BA36023681D4425600020BDE8F087D6
:1034D0002DE9F0439DB0074603938B891C060D46EA
:1034E00016460CD50B6953B94021FFF761FD2860E2
:1034F000286110B90C233B60C8E040236B610023B6
:10350000099320238DF8293030238DF82A30334653
:103510001C4613F8012B1AB9B4EB06090FD002E0D0
:10352000252AF5D1F8E73846294632464B46FFF7BB
:1035300073FF013000F0A580099B4B440993237869
:10354000002B00F09E8000234FF0FF32049307937E
:10355000059206938DF853301A9304F101094C46F5
:103560004D4E21783046052200F026FA09F1010976
:10357000049B28B1861B0120B04003430493EEE76F
:10358000D90644BF20228DF853201A0744BF2B22AE
:103590008DF8532022782A2A02D0079B21460EE07C
:1035A000039A111D12680391002A01DB079204E0BF
:1035B000524243F002030792049301340AE00C469E
:1035C00001312278303A092A03D80A2000FB03236C
:1035D000F5E7079323782E2B1AD163782A2B0AD18B
:1035E000039B1A1D1B680392002B04F10204B8BF51
:1035F0004FF0FF330BE0611C00230C4601312278B1
:10360000303A092A03D80A2000FB0323F5E7059383
:10361000224E21783046032200F0CEF930B1861BCD
:10362000049B4020B04003430493013421781C489C
:103630008DF828100622661C00F0BEF988B1194BDF
:1036400033B9039B073323F007030833039314E0D4
:1036500003AB0093384604A92A46134BAFF300800E
:1036600007E003AB0093384604A92A460E4B00F04E
:103670008FF8B0F1FF3F804603D0099B4344099384
:1036800045E7AB895B0601D4099801E04FF0FF30B4
:103690001DB0BDE8F08300BF70B1020076B102003A
:1036A0007AB1020000000000193402002DE9F8434D
:1036B00015461F468A680B69DDF820809A42A8BF2C
:1036C00013462B6091F8432006460C460AB101339D
:1036D0002B602368990602D52B6802332B60236880
:1036E00013F006091DD094F843302268003318BF48
:1036F000012392061FD5E1185A1C302081F843009F
:10370000224494F8451082F84310023313E0304607
:10371000394604F119020123C047013007D009F1ED
:103720000109E2682B68D31A9945F0DBDBE74FF01B
:10373000FF30BDE8F8833046394604F14302C04704
:103740000130F4D023682A68E16803F00603042BF3
:1037500008BFC2EB01052369A2680CBF25EAE57525
:1037600000259A42C4BFC3EB0203ED184FF00009D5
:10377000A9450ADA3046394604F11A020123C04746
:103780000130D4D009F10109F2E70020BDE8F88347
:103790002DE9FF470E7E0C9D6E2E80460C4691460D
:1037A0009A4601F1430000F0A58011D8632E22D083
:1037B00009D8002E00F0AF80582E40F0BF8081F86D
:1037C00045607B4A4FE0642E1ED0692E1CD0B5E0C8
:1037D000732E00F0A48009D86F2E2BD0702E40F0ED
:1037E000AD800B6843F020030B6038E0752E21D0CC
:1037F000782E34D0A2E02B681A1D1B682A6001F1D4
:10380000420781F842309DE022682B6812F0800F59
:1038100003D01A1D2A601D6805E05106F9D51A1D4E
:103820002A60B3F90050002D39DA2D236D4284F857
:10383000433034E022682B6812F0800F03D01A1D49
:103840002A601D6804E05206F9D51A1D2A601D88F9
:10385000237E574A6F2B14BF0A2308231BE07823CB
:10386000544A84F845302368296813F0800F01F129
:1038700004062E6001D00D6802E05F06FBD50D88BE
:10388000DE0744BF43F0200323601DB9236823F003
:10389000200323601023002184F8431001E0444AF0
:1038A0000A236668A660002E03DB216821F004016C
:1038B000216005B96EB104F14201B5FBF3F603FBDB
:1038C00016550F46555D01F801593546002EF4D1C5
:1038D00000E00746082B0AD12368DD0707D5626898
:1038E00023699A4203DC302307F8013C013FC01BE7
:1038F00020612CE009682B68626911F0800F04D008
:10390000191D29601B681A6005E04906F8D5191DC4
:1039100029601B681A8000232361074617E02B6883
:103920001A1D2A601F683846FFF757FD636820613B
:10393000984288BF23612369636005E004F1420770
:1039400084F8426001232361002384F84330CDF8DA
:1039500000A04046214603AA4B46FFF7A7FE0130D0
:1039600002D14FF0FF301FE0404649463A462369F6
:10397000D0470130F5D023689B0705D4E068039B4E
:103980009842B8BF18460FE00025E268039BD31A9F
:103990009D42F3DA4046494604F119020123D0471B
:1039A0000130DED00135F0E704B0BDE8F08700BF9C
:1039B00081B1020092B1020010B5C9B20244904236
:1039C000034606D01C788C4200F10100F7D118465E
:1039D00010BD002010BDF8B5064614460D4621B9AD
:1039E0001146BDE8F840FFF7E3BA1AB9FFF79CFAB1
:1039F0002046F8BD00F015F8A0420ED23046214610
:103A0000FFF7D6FA074650B129462246FCF79EFB3F
:103A100030462946FFF788FA01E02846F8BD3846C7
:103A2000F8BD51F8040C002802DA04390B58184488
:103A3000043870474572726F722070617373776FCC
:103A4000726420617474656D70747320666F722087
:103A5000746869732073657373696F6E206578632A
:103A600065656465642C2072656D6F7665204F6EA8
:103A70006C794B657920616E64207265696E73653F
:103A8000727420746F20617474656D7074206C6F33
:103A900067696E00554E4C4F434B454476332E318B
:103AA0002E302D70726F64004572726F7220636FDA
:103AB0006E6669726D6174696F6E2077696E646F8E
:103AC0007720636C6F736564206265666F72652032
:103AD00074686520627574746F6E207761732070EE
:103AE000726573736564004572726F7220627574DB
:103AF000746F6E20707265737320776173206E6FC0
:103B000074206163636570746564004572726F72DE
:103B100020696E636F7272656374206368616C6C98
:103B2000656E67652077617320656E746572656484
:103B300000494E495449414C495A45442D44004995
:103B40004E495449414C495A454400FF982F8A42F6
:103B500091443771CFFBC0B5A5DBB5E95BC25639DF
:103B6000F111F159A4823F92D55E1CAB98AA07D8F7
:103B7000015B8312BE853124C37D0C55745DBE721A
:103B8000FEB1DE80A706DC9B74F19BC1C1699BE49A
:103B90008647BEEFC69DC10FCCA10C246F2CE92D2A
:103BA000AA84744ADCA9B05CDA88F97652513E984E
:103BB0006DC631A8C82703B0C77F59BFF30BE0C655
:103BC0004791A7D55163CA0667292914850AB727E3
:103BD00038211B2EFC6D2C4D130D385354730A6580
:103BE000BB0A6A762EC9C281852C7292A1E8BFA257
:103BF0004B661AA8708B4BC2A3516CC719E892D1BF
:103C0000240699D685350EF470A06A1016C1A41941
:103C1000086C371E4C774827B5BCB034B30C1C3940
:103C20004AAAD84E4FCA9C5BF36F2E68EE828F74FF
:103C30006F63A5781478C8840802C78CFAFFBE9019
:103C4000EB6C50A4F7A3F9BEF27871C62530386C3E
:103C500058202530386C58202530386C58202530B5
:103C6000386C5800FFFFFFFF00000000000000005C
:103C7000C52200002D2102002530366C64004572FB
:103C8000726F72204D4C2D445341206B65796765EE
:103C90006E004572726F72204D4C2D44534120735B
:103CA00069676E004572726F72205832353531394E
:103CB000004572726F72204D4C2D4B454D2064654E
:103CC00063617073004572726F72205051432064BB
:103CD0006563727970743A2062616420696E7075F0
:103CE000742073697A6500FF000000000000000086
:103CF000896600001D6B0000312F01003D2F01007F
:103D0000F730010011300100452F01004F32010052
:103D1000D1300100412F01002F3101007B31010022
:103D20005131010000000000000000000000000010
:103D3000A9650000756600007D3A0100893A01001E
:103D4000393B01005F3B01008D3A0100E33A01007D
:103D5000C33B0100000000006F6E6C796B65792F2A
:103D60006167656E742F7632004572726F722075CE
:103D70007365204D4C2D4B454D2064656361707318
:103D800020666F722074686973206B65792074797E
:103D90007065004572726F722075736520582D57DB
:103DA000696E672064656361707320666F7220744A
:103DB000686973206B65792074797065004572724B
:103DC0006F7220454343207479706520696E636F7C
:103DD0007272656374004572726F7220696E7661EB
:103DE0006C6964206B65792C206B6579206368654C
:103DF000636B206661696C6564004572726F722046
:103E00007769746820525341206461746120746F33
:103E1000207369676E20696E76616C6964207369CE
:103E20007A65004572726F72207769746820525308
:103E300041207369676E696E67004572726F722008
:103E4000696E76616C696420646174612C206F72A4
:103E5000206461746120646F6573206E6F74206DDF
:103E600061746368206B6579004572726F722077A8
:103E700069746820525341206461746120746F201A
:103E80006465637279707420696E76616C69642010
:103E900073697A65004572726F7220776974682061
:103EA0005253412064656372797074696F6E004586
:103EB00072726F722067656E65726174696E6720D9
:103EC000525341207075626C6963204E00457272D6
:103ED0006F72204D4C2D4B454D206B657967656E9B
:103EE000206661696C6564004572726F72204D4C8A
:103EF0002D4B454D2043542077726F6E67207369B8
:103F00007A65004572726F72204D4C2D4B454D20E5
:103F10006B657920657870616E73696F6E2066617C
:103F2000696C6564004572726F72204D4C2D4B4573
:103F30004D20646563617073206661696C6564001F
:103F40004572726F72204D4C2D4B454D206B65793B
:103F500067656E004572726F7220582D57696E67E3
:103F6000204D4C2D4B454D206B657967656E206665
:103F700061696C6564004572726F7220582D5769D3
:103F80006E672043542077726F6E672073697A657D
:103F9000004572726F7220582D57696E67206B65ED
:103FA0007920657870616E73696F6E206661696CE7
:103FB0006564004572726F7220582D57696E6720D4
:103FC0004D4C2D4B454D20646563617073206661D7
:103FD000696C6564004572726F7220757365204F5D
:103FE0004B4745545055424B45592050514320664C
:103FF0006F7220636F6D706F73697465206B657984
:1040000073004572726F7220696E76616C6964200C
:1040100064657269766564206B657920736C6F7472
:10402000004572726F72206B6579206E6F74207319
:104030006574206173207369676E617475726520A1
:104040006B6579004572726F72206E6F206B6579B7
:104050002073657420696E207468697320736C6FB7
:1040600074004572726F72206E6F2064657269769B
:104070006564206465636170732072657175657332
:10408000742070656E64696E67004572726F72208D
:10409000582D57696E67206465726976656420647F
:1040A0006563617073206661696C65640045727256
:1040B0006F722064657269766564206465636170FF
:1040C00073206368756E6B2073697A650045727240
:1040D0006F722064657269766564206465636170DF
:1040E00073207061796C6F61642073697A65004533
:1040F00072726F72206B6579206E6F7420736574B5
:104100002061732064656372797074696F6E206BCF
:104110006579006F6E6C796B65792F64657269766D
:10412000652F6563632F7632006F6E6C796B6579EE
:104130002F7877696E672F736565642F7633005C1F
:104140002E2F2F5E5C475245454E00424C55450090
:1041500059454C4C4F5700505552504C4500466FF6
:1041600072204F6E6C794B6579206F6E2D74686587
:104170002D676F2076697369742068747470733A60
:104180002F2F617070732E6372702E746F007573B1
:10419000657273706163652077697065206861730B
:1041A000206265656E20636F6D706C657465640078
:1041B000666163746F7279207265736574206861DB
:1041C00073206265656E20636F6D706C65746564E5
:1041D000005375636365737366756C6C79207769DA
:1041E000706564204C6162656C0053756363657330
:1041F0007366756C6C792077697065642055524CD4
:10420000005375636365737366756C6C79207769A9
:10421000706564204164646974696F6E616C2043E9
:10422000686172616374657273005375636365736B
:104230007366756C6C792077697065642044656C71
:1042400061792031005375636365737366756C6CB7
:104250007920776970656420557365726E616D654C
:10426000005375636365737366756C6C7920776949
:104270007065642044656C61792032005375636316
:1042800065737366756C6C7920776970656420500E
:10429000617373776F7264005375636365737366DC
:1042A000756C6C792077697065642044656C617900
:1042B0002033005375636365737366756C6C792086
:1042C00077697065642032464120547970650053E7
:1042D00075636365737366756C6C79207769706557
:1042E0006420324641204B657900537563636573E2
:1042F0007366756C6C7920736574204C6162656CB3
:10430000005375636365737366756C6C79207365B0
:10431000742055524C005375636365737366756CF6
:104320006C792073657420616674657220557365BD
:10433000726E616D652041646469746F6E616C209A
:10434000436861726163746572005375636365737A
:104350007366756C6C79207365742044656C617943
:1043600031005375636365737366756C6C79207384
:104370006574206265666F726520557365726E6143
:104380006D65204164646974696F6E616C20436877
:1043900061726163746572005375636365737366FC
:1043A000756C6C7920736574206265666F72652028
:1043B0004F5450204164646974696F6E616C20438E
:1043C00068617261637465720053756363657373CA
:1043D00066756C6C792073657420557365726E61B7
:1043E0006D65005375636365737366756C6C7920D6
:1043F000736574206164646974696F6E616C2063B5
:1044000068617261637465722061667465722070A0
:10441000617373776F72640053756363657373665A
:10442000756C6C79207365742044656C6179320019
:104430004572726F72204D464120616C72656164F5
:104440007920656E61626C6564206F6E20746869A6
:104450007320736C6F742C206465766963652050DB
:10446000494E2072657175697265640053756363A6
:1044700065737366756C6C79207365742050617315
:1044800073776F7264005375636365737366756CDD
:104490006C7920736574206166746572204F545086
:1044A000204368617261637465720053756363656C
:1044B000737366756C6C79207365742044656C61E8
:1044C0007933004572726F722070617373776F7207
:1044D0006420616C726561647920656E61626C65EF
:1044E00064206F6E207468697320736C6F742C2065
:1044F0006465766963652050494E207265717569FF
:10450000726564005375636365737366756C6C796B
:1045100020736574203246412054797065005375CC
:10452000636365737366756C6C7920736574203290
:104530004641204B657900537563636573736675F7
:104540006C6C792073657420414553204B65792C40
:1045500020507269766174652049442C20616E6434
:10456000205075626C69632049440053756363652C
:10457000737366756C6C79207365742069646C65FF
:104580002074696D656F757400537563636573732B
:1045900066756C6C79207365742057697065204D61
:1045A0006F646520746F2046756C6C205769706568
:1045B000005375636365737366756C6C79207365FE
:1045C000742057697065204D6F646520746F206496
:1045D000656661756C742073657474696E670045F7
:1045E00072726F722057697065204D6F6465206D1F
:1045F0006179206E6F74206265206368616E676503
:1046000064005375636365737366756C6C792073AE
:104610006574204261636B7570204B6579204D6F26
:10462000646520746F204C6F636B65640053756321
:104630006365737366756C6C792073657420426171
:10464000636B7570204B6579204D6F646520746FC6
:10465000205065726D6974204675747572652043CB
:1046600068616E676573004572726F7220426163A4
:104670006B7570204B6579204D6F6465206D617995
:10468000206E6F74206265206368616E67656400E8
:104690004572726F7220696E76616C696420757301
:1046A000657220696E707574206D6F646500457267
:1046B000726F7220756E737570706F72746564209E
:1046C0007573657220696E707574206D6F64650016
:1046D0005375636365737366756C6C792073657469
:1046E0002064657269766564206B65792063686112
:1046F0006C6C656E6765206D6F6465004572726FE6
:1047000072206E6F7420696E20636F6E6669672019
:104710006D6F6465005375636365737366756C6C68
:1047200079207365742073746F726564206B65798A
:10473000206368616C6C656E6765206D6F646500F1
:104740005375636365737366756C6C7920736574F8
:104750002077656220616E64206167656E742064F5
:10476000657269766564206B6579206D6F6465009C
:104770004572726F7220696E76616C69642077652C
:1047800062637279707420706F6C6963790053751D
:10479000636365737366756C6C79207365742077D9
:1047A0006562637279707420706F6C69637900530D
:1047B00075636365737366756C6C792073657420BB
:1047C000484D4143204368616C6C656E6765204DC0
:1047D0006F6465005375636365737366756C6C799C
:1047E000207365742053797361646D696E204D6F19
:1047F0006465005365636F6E642050726F66696C08
:1048000065204D6F6465206D6179206F6E6C792035
:104810006265206368616E676564206F6E206669FB
:104820007273742075736500537563636573736683
:10483000756C6C7920736574204C454420627269F4
:104840006768746E6573730053756363657373662D
:10485000756C6C792073657420546F756368205390
:10486000656E7369746976697479004572726F72E6
:1048700020746F75636873656E73652076616C75FF
:1048800065206F7574206F662072616E67650053D6
:1048900075636365737366756C6C792073657420DA
:1048A0006C6F636B20627574746F6E005375636315
:1048B00065737366756C6C79207365742074797098
:1048C00065737065656400537563636573736675BE
:1048D0006C6C7920736574206B6579626F617264AA
:1048E000206C61796F7574004572726F7220696E09
:1048F00076616C69642045434320736C6F74005388
:1049000075636365737366756C6C79207365742069
:104910004261636B7570205061737370687261736C
:1049200065005375636365737366756C6C7920738A
:10493000657420454343204B657900537563636577
:10494000737366756C6C7920776970656420454374
:1049500043204B6579005375636365737366756CAB
:104960006C792077697065642052534120507269D8
:1049700076617465204B6579004572726F722069AB
:104980006E76616C69642052534120736C6F7400C1
:104990004572726F7220696E76616C696420525341
:1049A0004120747970650053756363657373667530
:1049B0006C6C792073657420525341204B657900EB
:1049C0004572726F72206261636B7570206B6579DE
:1049D000206D6F64652073657420746F206C6F6345
:1049E0006B6564002A2A2A2057454C434F4D4520C9
:1049F000544F204F4E4C594B455920515549434B2C
:104A0000205345545550202A2A2A0052554E2054EE
:104A10004849532053455455502046524F4D20414C
:104A2000205452555354454420434F4D50555445FE
:104A30005220414E44204341524546554C4C59204A
:104A4000575249544520444F574E0050494E732009
:104A5000414E4420504153535048524153452E201B
:104A600053544F524520494E2041205345435552FF
:104A700045204C4F434154494F4E20535543482005
:104A8000415320412053414645005748454E20465A
:104A9000494E49534845442044454C4554452054CB
:104AA0004849532054455854005468726565206441
:104AB0006966666572656E742050494E20636F6446
:104AC00065732077696C6C2062652073657420754E
:104AD00070206F6E20796F7572204F6E6C794B6508
:104AE00079005468652066697273742050494E20BD
:104AF000756E6C6F636B7320796F7572207072695D
:104B00006D6172792070726F66696C652028692EFC
:104B10006520506572736F6E616C204163636F75C1
:104B20006E74732900546865207365636F6E64202A
:104B300050494E20756E6C6F636B7320616E2061FF
:104B400064646974696F6E616C2070726F66696C01
:104B5000652028692E652E20576F726B2041636394
:104B60006F756E7473290054686520746869726487
:104B70002050494E20697320796F75722073656CDF
:104B8000662D64657374727563742050494E207588
:104B90007365207468697320746F20776970652F5E
:104BA000666163746F72792064656661756C7420E8
:104BB00064657669636500546F2063686F6F736521
:104BC000207468652050494E7320796F7572736543
:104BD0006C662070726573732031206F6E204F6E8B
:104BE0006C794B65792C20666F722072616E646FF0
:104BF0006D2050494E7320707265737320320059D6
:104C00006F752068617665203230207365636F6E42
:104C10006473207374617274696E67206E6F772E8F
:104C20002E2E00596F752077696C6C206E6F77207F
:104C3000656E74657220612050494E206F6E20743D
:104C40006865204F6E6C794B6579203620627574EB
:104C5000746F6E206B65797061640043686F6F7369
:104C60006520612050494E20372D3130206469671E
:104C7000697473206C6F6E6700596F7572204F6E88
:104C80006C794B65792077696C6C206E6F77206248
:104C90006520636F6E6669677572656420617574FF
:104CA0006F6D61746963616C6C79207769746820D9
:104CB00072616E646F6D2050494E732F5061737333
:104CC00070687261736500594F5552204F4E4C59B0
:104CD0004B45592050494E2049533A00594F55529F
:104CE000204F4E4C594B4559205345434F4E44207D
:104CF00050524F46494C452050494E2049533A00A6
:104D0000594F5552204F4E4C594B45592053454C05
:104D1000462D44455354525543542050494E204942
:104D2000533A002A2A2A2057454C434F4D452054D8
:104D30004F204F4E4C594B45592044554F2051550B
:104D400049434B205345545550202A2A2A00594F95
:104D50005552204241434B555020504153535048E7
:104D6000524153452E2053544F524520494E204125
:104D700020534543555245204C4F434154494F4ED3
:104D8000205355434820415320412053414645007C
:104D9000594F5552204F4E4C594B45592042414393
:104DA0004B55502050415353504852415345204990
:104DB000533A00546F207374617274207573696E76
:104DC00067204F6E6C794B657920656E7465722033
:104DD000796F7572207072696D617279206F7220BF
:104DE0007365636F6E646172792050494E206F6EF7
:104DF00020746865204F6E6C794B6579203620628F
:104E00007574746F6E206B6579706164004F6E6CA1
:104E1000794B657920697320726561647920666FCA
:104E200072207573652061732061207365637572EC
:104E3000697479206B657920284649444F322F5593
:104E400032462920616E6420666F72206368616C4F
:104E50006C656E67652D726573706F6E7365004665
:104E60006F72206164646974696F6E616C2066653D
:104E70006174757265732073756368206173207047
:104E8000617373776F7264206D616E6167656D65C4
:104E90006E7420696E7374616C6C20746865204F49
:104EA0006E6C794B6579206465736B746F702061EB
:104EB00070700068747470733A2F2F6F6E6C796B1A
:104EC00065792E696F2F61707020002A2A2A20537D
:104ED0004554555020434F4D504C4554452C20448B
:104EE000454C455445205448495320544558542076
:104EF0002A2A2A00596F7520686176652032302091
:104F00007365636F6E647320746F20656E74657271
:104F10002073656C662D64657374727563742050BC
:104F2000494E2C207374617274696E67206E6F77BE
:104F3000004F6E6C794B65792069732072656164EE
:104F4000792C20656E74657220796F757220736597
:104F50006C662D64657374727563742050494E00DD
:104F60005375636365737366756C2050494E206595
:104F70006E747279004572726F722050494E2069CA
:104F800073206E6F74206265747765656E203720BC
:104F90002D2031302064696769747300596F752062
:104FA00068617665203230207365636F6E647320AC
:104FB000746F2072652D656E7465722050494E2C99
:104FC000207374617274696E67206E6F77004F6E24
:104FD0006C794B65792069732072656164792C2046
:104FE00072652D656E74657220796F7572205049F7
:104FF0004E20746F20636F6E6669726D0053756327
:105000006365737366756C6C7920736574205049A1
:105010004E004572726F722050494E7320446F6E7D
:105020002774204D6174636800596F75206861763C
:1050300065203230207365636F6E647320746F2057
:10504000656E746572207365636F6E642070726F35
:1050500066696C652050494E2C20737461727469C6
:105060006E67206E6F77004F6E6C794B65792069A3
:10507000732072656164792C20656E746572207985
:105080006F75722050494E00596F752068617665C2
:10509000203230207365636F6E647320746F2065F7
:1050A0006E746572207072696D6172792070726FB2
:1050B00066696C652050494E2C2073746172746966
:1050C0006E67206E6F770054696D656F7574206F21
:1050D000636375726564207768696C6520776169C0
:1050E00074696E6720666F7220636F6E6669726D99
:1050F0006174696F6E206F6E204F6E6C794B6579AD
:10510000004572726F72207061636B6574732072F8
:105110006563656976656420657863656564656463
:105120002073697A65206C696D6974004572726FCD
:1051300072206E6F2045434320507269766174651A
:10514000204B65792073657420696E2074686973DB
:1051500020736C6F74004572726F72206E6F2052F4
:1051600053412050726976617465204B65792073D4
:10517000657420696E207468697320736C6F7400A5
:105180004572726F72206261636B75702066696C24
:105190006520746F6F206C61726765004572726F75
:1051A00072206E6F206261636B7570206B65792071
:1051B000736574004572726F72206B657920747923
:1051C0007065207573656420666F72206261636B21
:1051D000757020646F6573206E6F74206D617463E9
:1051E00068004572726F7220696E636F72726563D8
:1051F00074206261636B7570206B657920736574D0
:10520000004572726F72206B657920636F6E6669FC
:105210006775726174696F6E206261636B7570206F
:1052200066696C6520666F726D617420696E636F6C
:105230007272656374005375636365737366756C2E
:105240006C79206C6F61646564206261636B75705A
:105250000052656D6F766520616E64205265696EDF
:1052600073657274204F6E6C794B657920746F2072
:10527000636F6D706C65746520726573746F7265B1
:10528000004241434B555031323334350045727240
:105290006F722077697468204543432053686172B8
:1052A000656420536563726574004572726F722085
:1052B000776974682052534120456E637279707427
:1052C000696F6E002D2D2D2D2D424547494E204FE3
:1052D0004E4C594B4559204241434B55502D2D2D95
:1052E0002D2D002D2D2D2D2D454E44204F4E4C594A
:1052F0004B4559204241434B55502D2D2D2D2D000E
:105300004E6F204261636B7570204B6579202D20B4
:10531000466F6C6C6F7720696E7374727563746915
:105320006F6E7320686572652068747470733A2FAD
:105330002F646F63732E6372702E746F2F75736595
:10534000727367756964652E68746D6C2373656329
:105350007572652D656E637279707465642D626116
:10536000636B75702D616E79776865726500554E57
:10537000494E495449414C495A454476332E312EC1
:10538000302D70726F64004572726F72204F6E6CB8
:10539000794B6579206D75737420626520696E693B
:1053A0007469616C697A656420666972737400451A
:1053B00072726F7220646576696365206C6F636BCF
:1053C0006564004572726F722063616E6E6F742047
:1053D000736574206B657920696E207265736572E0
:1053E00076656420736C6F7420283131372D31332A
:1053F0003229004E6F2050494E207365742C20597D
:105400006F75206D75737420736574206120504929
:105410004E20666972737400535543434553534697
:10542000554C4C204657204C4F4144205245515535
:105430004553542C205245424F4F54494E472E2E2F
:105440002E006E6F74207573656400FFFFFFFFFF11
:10545000FFFFFFFFFFFFFFFFFFFFFFFFFFFFFFFF5C
:10546000ECFB0AFD99FE13FAD5058E051F01CA0053
:1054700055FF6E022906B600C2034EFB3EFABC057C
:105480003D02D3FA08017F01C3FCB205BEF97EFFDD
:1054900057FDF903DC026002FAF99B0133FFDDF9E5
:1054A000C7048C02D8FDF703F3FAD305E6FEF8F93A
:1054B0000402F8FFC0FE66FDAEF976FB7E00BD0576
:1054C000ABFCA6FFF1FE3E036B0073FA09FF49FC3B
:1054D00072FEC1031CFA2BFDC001D7FBA50205FB20
:1054E000B1FBAE012B024B031DFB67030E066900E7
:1054F000A6014B02B10015FFDDFE34FE260675063F
:105500000AFF0A0387046DFFF7FCCB05A6FD5F04C5
:10551000CAF9840298FC5D01A201490164FFB5FF4C
:10552000310349045B0262022A05FBFA47FA800153
:1055300041FB78FFC204C9FA96FCDC005DFB85F9EB
:105540005FFB06FA02FB1A031AFAAAFC9AFCDE01B8
:1055500094FFCCFEE403DF03BE034CFAF2055C06C5
:105560000100000000000000828000000000000038
:105570008A80000000000080008000800000008021
:105580008B8000000000000001000080000000008F
:105590008180008000000080098000000000008001
:1055A0008A000000000000008800000000000000E9
:1055B00009800080000000000A0000800000000058
:1055C0008B800080000000008B0000000000008045
:1055D000898000000000008003800000000000803F
:1055E00002800000000000808000000000000080B9
:1055F0000A800000000000000A0000800000008017
:105600008180008000000080808000000000008019
:105610000100008000000000088000800000008081
:1056200000000000F76400000231D8FF0315F8FF06
:10563000449E03001821F4FF28A1F2FF241E070056
:105640002BDE1B002BE92300AD84FAFF7F14E0FF63
:10565000759A2F0009FBD3FF497A2F0027E5280010
:105660005896290070A00F00A485EFFF88B7360078
:10567000909DF7FFA0EAEEFF68F927007BD3DFFFDC
:10568000D6ADDFFFE71AC5FFF7A4EAFF98FCCDFF10
:1056900035D01A0022B4FFFF01323D00C545040099
:1056A000674A290020760100CDF42E00C5DE3500C2
:1056B00003A5E6FF2C30C9FFD447D9FFAFBE3B009E
:1056C0008515C5FF7C8ED1FF968A3600413ED4FFFA
:1056D000000436004D6AFBFF9CD623005DC5F7FF32
:1056E0003D12E6FFD6EAE6FF1E7E350059AFC5FF44
:1056F0003F8435001756DFFF5C94E7FF8C7338005A
:10570000A8630C009A1B0800768F0E0053383B00EC
:1057100034853B0030FCD8FF549D1F002D4FD5FF32
:10572000E506C4FF81ACE8FFCFE1C7FF1998D1FFC0
:105730005DD6E9FFEE093500C7352100BBCFE7FF95
:1057400075CFECFF72971D0072B0C1FFF6BCF0FF81
:105750008052CFFFAED2CFFFE090C8FFCAEF01006A
:10576000F210340085FEF0FF38C620009F6E29003D
:10577000A3B7D2FF4BA4C7FF6DBAF9FF0934DAFF14
:1057800082C2F5FF1341EDFF3BA6FFFFF709ECFFD7
:10579000DD2BFAFFD495140063451C00622CEAFF50
:1057A000E9FBCCFFF00A040017C4070088452F006E
:1057B00000AD0000BE36EFFF44CD0D005A673C003F
:1057C000CA2BC7FF7EDEFFFF48391900C069CEFF34
:1057D0006C752400DFC7FCFFA1980B0008E8EBFF05
:1057E0006CE4020008C8C9FFC2363000F6BFE3FF10
:1057F000933CDBFFE04AFDFF051314009277140091
:10580000259E1300E0D0E7FF4499F3FF0208EAFF6A
:10581000A2EED1FF9CC7C4FF57A0C8FFD9973A009A
:1058200093EA1F005AFF3300D4582300F8413A008E
:1058300072FFCCFFFB3D22009FABDAFF22A4C9FF21
:10584000F512040087252500F024EDFF5D9B35004F
:10585000A048CAFFFCA2C6FF56BBEDFFDE45CFFF46
:105860005EBE0D001A5E1C00E6E00D005A7F0C00C3
:10587000838F07008A62E7FF0457FFFFFC06F8FFEB
:105880002100F6FFF65AD0FF84001F0086EF30009B
:105890007DB9C9FFD6FCF7FF9245F4FFC221C9FFCD
:1058A000193905000C61040041CDDAFF1BB03E0040
:1058B000E77234003B00CDFFC77C1A0024190300B7
:1058C000E55E2B00991129003A7AD8FF714D13003B
:1058D0001CE13D008409130051F02500465A1800D0
:1058E0001885C6FFBE1413009138280090DBC9FF4D
:1058F0008950D2FF3F851C004B0B1D00A6F6EFFF21
:10590000BEA8EBFF1BE112003E5ECDFF2F2DEAFF8C
:10591000E41DF9FFC7061400837232006E0DE2FF2A
:105920005379ECFF99401D007825D9FFAD05EBFFB9
:1059300005E41600E7DB0B00E81D2200CFF833007A
:1059400034B9F7FF0CCAD4FFF87FE6FF57D1E3FF65
:105950001B91D8FF122CC7FFD81009001F5EC6FF8D
:105960005846E1FF8B1D2500B77325008F7CFDFF96
:1059700098DD1D0098683300BBD40200A793EDFFAB
:10598000BE6CCFFF1C7C020008AA180071FD2D0020
:10599000A55C0C009A37190067A1C7FF3D8CE4FF96
:1059A0003CA1D1FF39C5350015013B00C01D0400E5
:1059B000F7C42100F41BF1FFE7351A000E3407008D
:1059C000457DF9FFD04C1A00AE7CE4FF68261D002F
:1059D000988EE6FF3326EFFFDA05FCFFDB7FC5FF7D
:1059E0006427D3FFAFE1DDFFDD93F9FF091DDDFF84
:1059F00093CC02000518F1FF2A9C1800A9E5C9FF05
:105A0000508AF7FF2CCF3B004E43FFFFDF36EBFF02
:105A1000CA153C00685E1500B616F3FFCE291E00BD
:105A200001000000060960864801650304020400C5
:105A300002000000060960864801650304020100B7
:105A400003000000060960864801650304020200A5
:105A50000400000006096086480165030402030093
:105A60000500000006096086480165030402050080
:105A7000060000000609608648016503040206006E
:105A8000070000000609608648016503040207005C
:105A9000080000000609608648016503040208004A
:105AA0000900000006096086480165030402090038
:105AB0000A000000060960864801650304020A0026
:105AC0000B000000060960864801650304020B0014
:105AD0000C000000060960864801650304020C0002
:105AE00008C9BCF367E6096A3BA7CA8485AE67BBF1
:105AF0002BF894FE72F36E3CF1361D5F3AF54FA51C
:105B0000D182E6AD7F520E511F6C3E2B8C68059BF7
:105B10006BBD41FBABD9831F79217E1319CDE05BAF
:105B200000000000000000006D1401008D14010051
:105B3000151401001914010035140100ED190100BC
:105B4000731A01001D140100371B0100691B0100BD
:105B500022AE28D7982F8A42CD65EF239144377122
:105B60002F3B4DECCFFBC0B5BCDB8981A5DBB5E994
:105B700038B548F35BC2563919D005B6F111F15961
:105B80009B4F19AFA4823F9218816DDAD55E1CAB92
:105B9000420203A398AA07D8BE6F7045015B831227
:105BA0008CB2E44EBE853124E2B4FFD5C37D0C55E2
:105BB0006F897BF2745DBE72B196163BFEB1DE80DA
:105BC0003512C725A706DC9B942669CF74F19BC1CB
:105BD000D24AF19EC1699BE4E3254F388647BEEF68
:105BE000B5D58C8BC69DC10F659CAC77CCA10C2420
:105BF00075022B596F2CE92D83E4A66EAA84744A92
:105C0000D4FB41BDDCA9B05CB5531183DA88F976C9
:105C1000ABDF66EE52513E981032B42D6DC631A8FE
:105C20003F21FB98C82703B0E40EEFBEC77F59BFE2
:105C3000C28FA83DF30BE0C625A70A934791A7D5CD
:105C40006F8203E05163CA06706E0E0A6729291439
:105C5000FC2FD246850AB72726C9265C38211B2E81
:105C6000ED2AC45AFC6D2C4DDFB3959D130D3853AE
:105C7000DE63AF8B54730A65A8B2773CBB0A6A76C1
:105C8000E6AEED472EC9C2813B358214852C729257
:105C90006403F14CA1E8BFA2013042BC4B661AA8D4
:105CA0009197F8D0708B4BC230BE5406A3516CC78D
:105CB0001852EFD619E892D110A96555240699D645
:105CC0002A20715785350EF4B8D1BB3270A06A1006
:105CD000C8D0D2B816C1A41953AB4151086C371EB5
:105CE00099EB8EDF4C774827A8489BE1B5BCB034D0
:105CF000635AC9C5B30C1C39CB8A41E34AAAD84EB2
:105D000073E363774FCA9C5BA3B8B2D6F36F2E6878
:105D1000FCB2EF5DEE828F74602F17436F63A5783E
:105D200072ABF0A11478C884EC39641A0802C78CED
:105D3000281E6323FAFFBE90E9BD82DEEB6C50A4FF
:105D40001579C6B2F7A3F9BE2B5372E3F27871C688
:105D50009C6126EACE3E27CA07C2C021C7B886D1B9
:105D60001EEBE0CDD67DDAEA78D16EEE7F4F7DF581
:105D7000BA6F1772AA67F006A698C8A2C57D630A13
:105D8000AE0DF9BE04983F111B471C13350B711B58
:105D9000847D0423F577DB289324C7407BABCA328C
:105DA000BCBEC9150ABE9E3C4C0D109CC4671D4369
:105DB000B6423ECBBED4C54C2A7E65FC9C297F5999
:105DC000ECFAD63AAB6FCB5F1758474A8C19446C44
:105DD0000000000000000000D11B0100DD1B0100DD
:105DE000D70F0200D70F0200D70F0200D70F020013
:105DF000D70F0200D70F0200D70F0200D70F020003
:105E0000001B362D6C775A41637C777BF26B6FC534
:105E10003001672BFED7AB76CA82C97DFA5947F0AD
:105E2000ADD4A2AF9CA472C0B7FD9326363FF7CC89
:105E300034A5E5F171D8311504C723C31896059A26
:105E4000071280E2EB27B27509832C1A1B6E5AA049
:105E5000523BD6B329E32F8453D100ED20FCB15B34
:105E60006ACBBE394A4C58CFD0EFAAFB434D33859D
:105E700045F9027F503C9FA851A3408F929D38F571
:105E8000BCB6DA2110FFF3D2CD0C13EC5F974417A8
:105E9000C4A77E3D645D197360814FDC222A90881F
:105EA00046EEB814DE5E0BDBE0323A0A4906245CAB
:105EB000C2D3AC629195E479E7C8376D8DD54EA910
:105EC0006C56F4EA657AAE08BA78252E1CA6B4C6DC
:105ED000E8DD741F4BBD8B8A703EB5664803F60E35
:105EE000613557B986C11D9EE1F8981169D98E9424
:105EF0009B1E87E9CE5528DF8CA1890DBFE642683D
:105F000041992D0FB054BB1652096AD53036A538C9
:105F1000BF40A39E81F3D7FB7CE339829B2FFF8791
:105F2000348E4344C4DEE9CB547B9432A6C2233D75
:105F3000EE4C950B42FAC34E082EA16628D924B226
:105F4000765BA2496D8BD12572F8F6648668981647
:105F5000D4A45CCC5D65B6926C704850FDEDB9DAA6
:105F60005E154657A78D9D8490D8AB008CBCD30A94
:105F7000F7E45805B8B34506D02C1E8FCA3F0F0270
:105F8000C1AFBD0301138A6B3A9111414F67DCEA3F
:105F900097F2CFCEF0B4E67396AC7422E7AD3585B8
:105FA000E2F937E81C75DF6E47F11A711D29C589C2
:105FB0006FB7620EAA18BE1BFC563E4BC6D27920A4
:105FC0009ADBC0FE78CD5AF41FDDA8338807C731AD
:105FD000B11210592780EC5F60517FA919B54A0DA5
:105FE0002DE57A9F93C99CEFA0E03B4DAE2AF5B01A
:105FF000C8EBBB3C83539961172B047EBA77D62636
:10600000E169146355210C7D0000000000000000D0
:10601000D9270100ED270100C9230100D70F020095
:10602000D70F0200C126010041270100FF27010010
:106030000001020408102040801B36FFFFFFFFFF15
:1060400000000000000000007928010099280100EC
:10605000C923010075280100AB280100C1260100F9
:1060600041270100FF27010059F1B226949BD6EB8E
:1060700056B183829A14E00030D1F3EEF2808E198B
:10608000E7FCDF56DCD90624A3DDB7A5B38ADE6DB5
:10609000F5525177809FF0207DE3AB648E4EEA6627
:1060A00065768BD70F5F8767EDD3F55C1A6312585F
:1060B000D69CF7A2DEF9DE1400000000000000000C
:1060C00000000000000000101B132C0AA3E59CED4B
:1060D000A72963085D210621EBFFFFFFFFFFFFFFFC
:1060E000FFFFFFFFFFFFFFFF0F00000001000000A8
:1060F00000000000000000000000000000000000A0
:106100000000000000000000000000001AD5258FEC
:10611000602D56C9B2A7259560C72C695CDCD6FDF9
:1061200031E2A4C0FE536ECDD3366921586666664F
:1061300066666666666666666666666666666666FF
:10614000666666666666666666666666FFFFFFFF8B
:106150000000000000000000F52E0100092F0100E2
:10616000D70F0200D70F0200D70F0200D70F02008F
:10617000D70F0200D70F0200D70F0200D70F02007F
:10618000D70F0200D70F0200D70F02000000000057
:106190000000000000000000153201003D32010047
:1061A000312F01003D2F0100F730010011300100B7
:1061B000452F01004F320100D1300100412F010075
:1061C0002F3101007B31010051310100000000003E
:1061D0000000000000000000653401008D34010063
:1061E00051330100553301006533010005340100CE
:1061F000A9360100593301004734010000000000B6
:10620000657870616E642031362D62797465206B1B
:1062100000657870616E642033322D627974652078
:106220006B00FFFFFFFFFFFF000000000000000009
:106230002D37010039370100D70F0200D70F0200B8
:10624000D70F0200D70F0200D70F0200D70F0200AE
:106250000000000000000000513A01005D3A01001A
:10626000D70F0200D70F0200D70F0200D70F02008E
:10627000D70F0200D70F0200D70F02000000000066
:106280000000000000000000893B0100B13B01005C
:106290007D3A0100893A0100393B01005F3B010072
:1062A0008D3A0100E33A0100C33B01000000000009
:1062B000657870616E642033322D62797465206B6D
:1062C000B02AAE7DEECBBBB1FC036FDDDC7D766723
:1062D0000CE81F0DA3A0AA1EB0BD726B2B4C8A7ECA
:1062E00034FC3760F41E22A00BFB188460A5777283
:1062F000982F8A4291443771CFFBC0B5A5DBB5E931
:106300005BC25639F111F159A4823F92D55E1CABA4
:1063100098AA07D8015B8312BE853124C37D0C5532
:10632000745DBE72FEB1DE80A706DC9B74F19BC17A
:10633000C1699BE48647BEEFC69DC10FCCA10C246A
:106340006F2CE92DAA84744ADCA9B05CDA88F9764E
:1063500052513E986DC631A8C82703B0C77F59BFB8
:10636000F30BE0C64791A7D55163CA0667292914E4
:10637000850AB72738211B2EFC6D2C4D130D385381
:1063800054730A65BB0A6A762EC9C281852C729243
:10639000A1E8BFA24B661AA8708B4BC2A3516CC771
:1063A00019E892D1240699D685350EF470A06A10AA
:1063B00016C1A419086C371E4C774827B5BCB034F9
:1063C000B30C1C394AAAD84E4FCA9C5BF36F2E6897
:1063D000EE828F746F63A5781478C8840802C78C26
:1063E000FAFFBE90EB6C50A4F7A3F9BEF27871C629
:1063F00000000000000000005D3F01007D3F010043
:10640000E53E0100E93E0100ED3E01006D41010065
:10641000D1410100453F01008F420100C14201000E
:106420004142434445464748494A4B4C4D4E4F50E4
:106430005152535455565758595A616263646566B0
:106440006768696A6B6C6D6E6F7071727374757664
:106450007778797A303132333435363738392B2FF3
:1064600000FFFFFF082000012FFCFFFFFEFFFFFFE2
:10647000FFFFFFFFFFFFFFFFFFFFFFFFFFFFFFFF2C
:10648000FFFFFFFFFFFFFFFF414136D08C5ED2BF11
:106490003BA048AFE6DCAEBAFEFFFFFFFFFFFFFF09
:1064A000FFFFFFFFFFFFFFFF9817F8165B81F25910
:1064B000D928CE2DDBFC9B02070B87CE9562A05519
:1064C000ACBBDCF97E66BE79B8D410FB8FD0479C9C
:1064D000195485A648B417FDA808110EFCFBA45D4D
:1064E00065C4A32677DA3A480700000000000000E0
:1064F000000000000000000000000000000000009C
:10650000000000000000000065590100A54D0100D9
:10651000114E010008200001FFFFFFFFFFFFFFFFFA
:10652000FFFFFFFF0000000000000000000000006F
:1065300001000000FFFFFFFF512563FCC2CAB9F351
:10654000849E17A7ADFAE6BCFFFFFFFFFFFFFFFF2A
:1065500000000000FFFFFFFF96C298D84539A1F464
:10656000A033EB2D817D0377F240A463E5E6BCF810
:1065700047422CE1F2D1176BF551BF376840B6CBDB
:10658000CE5E316B5733CE2B169E0F7C4AEBE78ED7
:106590009B7F1AFEE242E34F4B60D2273E3CCE3B4C
:1065A000F6B053CCB0061D65BC86987655BDEBB3EE
:1065B000E7933AAAD835C65A11580100794B010021
:1065C000DD4B010063626465666768696A6B6C6EC7
:1065D0007274757600637C777BF26B6FC5300167F0
:1065E0002BFED7AB76CA82C97DFA5947F0ADD4A24B
:1065F000AF9CA472C0B7FD9326363FF7CC34A5E517
:10660000F171D8311504C723C31896059A07128073
:10661000E2EB27B27509832C1A1B6E5AA0523BD6A7
:10662000B329E32F8453D100ED20FCB15B6ACBBECC
:10663000394A4C58CFD0EFAAFB434D338545F90278
:106640007F503C9FA851A3408F929D38F5BCB6DA8D
:106650002110FFF3D2CD0C13EC5F974417C4A77E33
:106660003D645D197360814FDC222A908846EEB844
:1066700014DE5E0BDBE0323A0A4906245CC2D3AC7E
:10668000629195E479E7C8376D8DD54EA96C56F4C3
:10669000EA657AAE08BA78252E1CA6B4C6E8DD7481
:1066A0001F4BBD8B8A703EB5664803F60E613557A9
:1066B000B986C11D9EE1F8981169D98E949B1E87F9
:1066C000E9CE5528DF8CA1890DBFE6426841992D9E
:1066D0000FB054BB1601020408102040801B363056
:1066E0003132333435363738396162636465660078
:1066F00005000000656702001C000000400000006B
:10670000DD610100D9610100D5610100C9610100AD
:10671000AD61010095610100916101008D61010091
:1067200007000000576702003000000080000000F2
:106730003962010035620100316201002562010009
:1067400009620100F1610100ED610100E9610100F0
:1067500053484135313200534841333834005348AF
:1067600041323536005348413232340008000000CF
:106770005067020040000000800000003F620100FE
:1067800035620100316201002B62010009620100E3
:10679000F1610100ED610100E96101000600000006
:1067A0005E6702002000000040000000E36101007D
:1067B000D9610100D5610100CF610100AD61010027
:1067C00095610100916101008D61010025642E2514
:1067D00064006086480165030402040069642D7347
:1067E00068613232340060864801650304020100AA
:1067F00069642D736861323536006086480165032F
:106800000402020069642D736861333834006086C5
:10681000480165030402030069642D736861353122
:1068200032002A864886F70D010101007273614526
:106830006E6372797074696F6E00525341002A86DC
:1068400048CE3D02010069642D65635075626C6934
:10685000634B65790047656E657269632045432027
:106860006B6579002B8104010C0069642D6563441C
:1068700048004543206B657920666F72204543448C
:1068800048002A864886F70D01010E0073686132C0
:10689000323457697468525341456E63727970742B
:1068A000696F6E00525341207769746820534841E4
:1068B0002D323234002A864886F70D01010B007311
:1068C000686132353657697468525341456E637258
:1068D000797074696F6E0052534120776974682033
:1068E0005348412D323536002A864886F70D01017E
:1068F0000C007368613338345769746852534145EA
:106900006E6372797074696F6E00525341207769BB
:106910007468205348412D333834002A864886F75E
:106920000D01010D00736861353132576974685289
:106930005341456E6372797074696F6E00525341B2
:106940002077697468205348412D353132002A86FA
:106950004886F70D01010A005253415353412D500F
:10696000535300FFD267020009000000DC670200F9
:10697000AD68020005000000E667020009000000A3
:10698000F0670200E068020006000000FA670200FB
:1069900009000000046802001369020007000000FB
:1069A0000E68020009000000186802004669020033
:1069B00008000000000000000000000000000000CF
:1069C0000000000000000000800000000000000047
:1069D00000000000000000000000000000000000B7
:1069E00000000000000000000000000000000000A7
:1069F0000000000000000000000000000000000097
:106A00000000000000000000982F8A429144377176
:106A1000CFFBC0B5A5DBB5E95BC25639F111F15921
:106A2000A4823F92D55E1CAB98AA07D8015B831263
:106A3000BE853124C37D0C55745DBE72FEB1DE800F
:106A4000A706DC9B74F19BC1C1699BE48647BEEF3E
:106A5000C69DC10FCCA10C246F2CE92DAA84744AC9
:106A6000DCA9B05CDA88F97652513E986DC631A83F
:106A7000C82703B0C77F59BFF30BE0C64791A7D51E
:106A80005163CA0667292914850AB72738211B2EA6
:106A9000FC6D2C4D130D385354730A65BB0A6A768E
:106AA0002EC9C281852C7292A1E8BFA24B661AA89A
:106AB000708B4BC2A3516CC719E892D1240699D6AA
:106AC00085350EF470A06A1016C1A419086C371E23
:106AD0004C774827B5BCB034B30C1C394AAAD84E01
:106AE0004FCA9C5BF36F2E68EE828F746F63A5783C
:106AF0001478C8840802C78CFAFFBE90EB6C50A4CF
:106B0000F7A3F9BEF27871C6800000000000000013
:106B10000000000000000000000000000000000075
:106B20000000000000000000000000000000000065
:106B30000000000000000000000000000000000055
:106B40000000000000000000000000000000000045
:106B50000000000000000000000000000000000035
:106B60000000000000000000000000000000000025
:106B70000000000000000000000000000000000015
:106B8000000000000000000022AE28D7982F8A42A3
:106B9000CD65EF23914437712F3B4DECCFFBC0B552
:106BA000BCDB8981A5DBB5E938B548F35BC2563952
:106BB00019D005B6F111F1599B4F19AFA4823F923C
:106BC00018816DDAD55E1CAB420203A398AA07D8E0
:106BD000BE6F7045015B83128CB2E44EBE853124DA
:106BE000E2B4FFD5C37D0C556F897BF2745DBE7234
:106BF000B196163BFEB1DE803512C725A706DC9B99
:106C0000942669CF74F19BC1D24AF19EC1699BE47D
:106C1000E3254F388647BEEFB5D58C8BC69DC10F97
:106C2000659CAC77CCA10C2475022B596F2CE92DF7
:106C300083E4A66EAA84744AD4FB41BDDCA9B05C8F
:106C4000B5531183DA88F976ABDF66EE52513E9880
:106C50001032B42D6DC631A83F21FB98C82703B070
:106C6000E40EEFBEC77F59BFC28FA83DF30BE0C64D
:106C700025A70A934791A7D56F8203E05163CA06FF
:106C8000706E0E0A67292914FC2FD246850AB72791
:106C900026C9265C38211B2EED2AC45AFC6D2C4DCA
:106CA000DFB3959D130D3853DE63AF8B54730A65C4
:106CB000A8B2773CBB0A6A76E6AEED472EC9C28120
:106CC0003B358214852C72926403F14CA1E8BFA27B
:106CD000013042BC4B661AA89197F8D0708B4BC21A
:106CE00030BE5406A3516CC71852EFD619E892D1A2
:106CF00010A96555240699D62A20715785350EF4BA
:106D0000B8D1BB3270A06A10C8D0D2B816C1A419CD
:106D100053AB4151086C371E99EB8EDF4C774827F7
:106D2000A8489BE1B5BCB034635AC9C5B30C1C3943
:106D3000CB8A41E34AAAD84E73E363774FCA9C5B80
:106D4000A3B8B2D6F36F2E68FCB2EF5DEE828F74FB
:106D5000602F17436F63A57872ABF0A11478C884D5
:106D6000EC39641A0802C78C281E6323FAFFBE9010
:106D7000E9BD82DEEB6C50A41579C6B2F7A3F9BE6B
:106D80002B5372E3F27871C69C6126EACE3E27CA85
:106D900007C2C021C7B886D11EEBE0CDD67DDAEAA6
:106DA00078D16EEE7F4F7DF5BA6F1772AA67F00645
:106DB000A698C8A2C57D630AAE0DF9BE04983F111E
:106DC0001B471C13350B711B847D0423F577DB28CF
:106DD0009324C7407BABCA32BCBEC9150ABE9E3CD9
:106DE0004C0D109CC4671D43B6423ECBBED4C54C6F
:106DF0002A7E65FC9C297F59ECFAD63AAB6FCB5FB3
:106E00001758474A8C19446CF06602009C670200D0
:106E1000206702006C67020041DB000000000000F8
:106E20000100000000000000000000000000000061
:106E30000000000000000000000000000000000052
:106E40000000000000000000000000000000000042
:106E50000000000000000000000000000000000032
:106E60000000000000000000000000000000000022
:106E70000000000000000000000000000000000012
:106E80000000000000000000000000000000000002
:106E90000000000000000000657870616E6420331F
:106EA000322D62797465206B09000000000000003B
:106EB00000000000000000000000000000000000D2
:106EC0000000000000000000308202CF3082027516
:106ED000A003020102020100300A06082A8648CEF9
:106EE0003D040302307B310B3009060355040613C1
:106EF0000255533117301506035504080C0E4E6F1A
:106F0000727468204361726F6C696E613114301263
:106F1000060355040A0C0B43727970746F54727532
:106F200073743110300E060355040B0C07526F6F4B
:106F300074204341310F300D06035504030C0663E2
:106F400072702E746F311A301806092A864886F737
:106F50000D010901160B696E666F406372702E7425
:106F60006F3020170D313930383039313232363008
:106F7000385A180F323036393037323731323236EC
:106F800030385A30818D310B300906035504061311
:106F90000255533117301506035504080C0E4E6F79
:106FA000727468204361726F6C696E6131143012C3
:106FB000060355040A0C0B43727970746F54727592
:106FC000737431223020060355040B0C194175747B
:106FD00068656E74696361746F722041747465735F
:106FE000746174696F6E310F300D06035504030C24
:106FF000066372702E746F311A301806092A86489B
:1070000086F70D010901160B696E666F4063727099
:107010002E746F3059301306072A8648CE3D020180
:1070200006082A8648CE3D0301070342000478077C
:107030006610CF5B050795D2B6425D4EADF0653464
:107040000A90C8AA8A6213DB95A04B0C95FC828F2C
:107050002DF84B79DD3EE9F00228A68CE862154E4A
:107060003BA9E684602D7576DD9D9A2C4C6AA38140
:10707000D43081D1301D0603551D0E04160414DBD7
:10708000A0676363C4F7F571ED00820F92D3656565
:107090007687483081970603551D2304818F308100
:1070A0008CA17FA47D307B310B300906035504068B
:1070B000130255533117301506035504080C0E4EB4
:1070C0006F727468204361726F6C696E6131143045
:1070D00012060355040A0C0B43727970746F5472D4
:1070E0007573743110300E060355040B0C07526F84
:1070F0006F74204341310F300D06035504030C0615
:107100006372702E746F311A301806092A86488609
:10711000F70D010901160B696E666F406372702EE0
:10712000746F820900A5857B46325AE6E130090674
:1071300003551D1304023000300B0603551D0F04C8
:1071400004030204F0300A06082A8648CE3D0403F0
:10715000020348003045022100A56A92506A98183F
:1071600021E59B3C2E7652C9CED1B40F9629BC3C6A
:10717000891D241589B3FF9336022039DD7435FD4E
:107180008BEF381EC38DE53F74CD68B0771841840E
:10719000A2408F58281BA81715B73200308202D999
:1071A00030820280A003020102020101300A0608B7
:1071B0002A8648CE3D040302307B310B300906039A
:1071C00055040613025553311730150603550408AC
:1071D0000C0E4E6F727468204361726F6C696E6141
:1071E00031143012060355040A0C0B437279707483
:1071F0006F54727573743110300E060355040B0C06
:1072000007526F6F74204341310F300D0603550450
:10721000030C066372702E746F311A301806092A37
:10722000864886F70D010901160B696E666F40638B
:1072300072702E746F3020170D323230323231328C
:1072400030313133315A180F323037323032303931
:107250003230313133315A30818D310B30090603F0
:10726000550406130255533117301506035504080B
:107270000C0E4E6F727468204361726F6C696E61A0
:1072800031143012060355040A0C0B4372797074E2
:107290006F547275737431223020060355040B0C41
:1072A0001941757468656E74696361746F72204109
:1072B00074746573746174696F6E310F300D0603F9
:1072C0005504030C066372702E746F311A30180661
:1072D000092A864886F70D010901160B696E666F4B
:1072E000406372702E746F3059301306072A864837
:1072F000CE3D020106082A8648CE3D03010703421F
:107300000004F0C70606BB77AB8D81A523135E5042
:10731000871BE0C9E4ED521DEE4C62425E1D4CFF3E
:107320009A79FCDFDCDC4163A20D06A0E3747CC625
:10733000692198FA383EF4582D485CEA554387DBBA
:107340007ED6A381DF3081DC301D0603551D0E047F
:10735000160414C16DDB03C0DE975740F696D9487A
:1073600017BDE125CBB4A43081A20603551D23042B
:10737000819A308197A17FA47D307B310B30090643
:1073800003550406130255533117301506035504EF
:10739000080C0E4E6F727468204361726F6C696ED8
:1073A0006131143012060355040A0C0B43727970D4
:1073B000746F54727573743110300E060355040BDC
:1073C0000C07526F6F74204341310F300D06035587
:1073D00004030C066372702E746F311A301806099C
:1073E0002A864886F70D010901160B696E666F4003
:1073F0006372702E746F8214537A3BBC6720A6FBB5
:10740000E3CDE9AA2AA0B804FA56940C3009060381
:10741000551D1304023000300B0603551D0F0404E4
:10742000030204F0300A06082A8648CE3D0403020F
:10743000034700304402205C3C9E62C4EB26CC1122
:10744000A7CE7218265E9707E0D22C7705A50EE727
:10745000EB79D2FE07E0A20220475ACCBBEF0D3DEC
:10746000782FEC123A15706926C11719913B66AD59
:107470008A0DCE0BA28D8315B5004572726F7220F6
:10748000757365204F4B4445435259505420666FE5
:1074900072206465726976656420582D57696E673D
:1074A00020646563617073756C6174696F6E00450B
:1074B00072726F72206D65737361676520666169B2
:1074C0006C65642061757468656E74696361746964
:1074D0006F6E004572726F722073746F72656420F4
:1074E0006B657920757365206F7665722046494417
:1074F0004F32206E6F7420656E61626C656400436C
:10750000626F72496E746567657254797065004385
:10751000626F7242797465537472696E67547970E0
:10752000650043626F7254657874537472696E6754
:10753000547970650043626F724172726179547957
:1075400070650043626F724D6170547970650043DD
:10755000626F72546167547970650043626F725351
:10756000696D706C65547970650043626F72426F2B
:107570006F6C65616E547970650043626F724E7511
:107580006C6C547970650043626F72556E64656609
:10759000696E6564547970650043626F7248616C0E
:1075A00066466C6F6174547970650043626F724611
:1075B0006C6F6174547970650043626F72446F75CB
:1075C000626C655479706500496E76616C696420FF
:1075D0007479706500696400646973706C61794ED8
:1075E000616D650069636F6E00616C670070756244
:1075F0006C69632D6B657900726B00757600686D40
:1076000061632D73656372657400637265645072A3
:107610006F7465637400617070732E6372702E7482
:107620006F0200EBAEE329090A5B5192E0BD132D16
:107630005C22C6D18A4D23FC8EFD4A21AFA8E4C846
:10764000FD935400617070732E6F6E6C796B657969
:107650002E696F0200AE3C14A610DEE7C1611C8BE0
:10766000DCE653705E43B54D089D25317C942CF0CB
:107670005169DCC7AA004572726F7220726573701F
:107680006F6E736520746F6F206C61726765207414
:107690006F2073746F7265004572726F72206D6136
:1076A0006C666F726D656420726573706F6E736562
:1076B000004572726F7200998F358B2DD24CBEA42B
:1076C0003AE8107438DFB30079D699DF01914B1096
:1076D000B9035467E7CE8231002F776F726B2F6149
:1076E000726475696E6F2F6C69627261726965731D
:1076F0002F6669646F322F637461702E637070003F
:107700005532465F5632004649444F5F325F300083
:107710004649444F5F325F315F50524500706C61A3
:107720007400637265644D676D7400636C69656EA7
:107730007450696E00736967007835630070616327
:107740006B6564008C2790F600090AFFFFFFFFFFBE
:10775000FFFFFFFFFFFFFFFF0D00060807FFFF0E03
:107760000FFF0CFFFFFFFFFFFF0B05FF6FF07F0315
:107770000370037813F0800FFBD070474008FE437E
:1077800040A004404408FE4344A004400018FE43C7
:1077900000C004403000FE43309004403400FE43FB
:1077A000349004401C18FE431CC004401018FE43D3
:1077B00010C004400818FE4308C004400C18FE43E3
:1077C0000CC004400C10FE430CB004401010FE43EB
:1077D00010B004401810FE4318B004401C10FE43C3
:1077E0001CB004401410FE4314B004400418FE43BF
:1077F00004C004400010FE4300B004400008FE43F3
:1078000000A004400408FE4304A004400C08FE430A
:107810000CA004400808FE4308A004401418FE43CE
:1078200014C004401818FE4318C004400410FE435E
:1078300004B004400810FE4308B004401400FE43A6
:10784000149004404C08FE434CA004400420FE4326
:1078500004D004402410FE4324B004402010FE4312
:1078600020B004402810FE4328B004402C10FE43F2
:107870002CB004400020FE4300D004404808FE43E2
:1078800048A004401000FE4310900440151915193B
:10789000151915FF000100004C8DFF1F120000009C
:1078A00000020000768DFF1F82000000002203000E
:1078B000F88DFF1F2100000000210300E18DFF1F54
:1078C0000900000000220000018DFF1F4B00000096
:1078D00000210000888DFF1F090000000022010028
:1078E000198EFF1F2200000000210100A18DFF1F43
:1078F00009000000002202003B8EFF1F2200000052
:1079000000210200C18DFF1F0900000000030000DC
:107910006E8EFF1F00000000000309046E8EFF1F23
:1079200000000000010200006E8EFF1F000000003A
:10793000010309045E8DFF1F00000000020309041B
:107940005E8EFF1F0000000003030904728EFF1FFC
:107950000000000000000000000000000000000027
:10796000050E08090D0C06070F04001303931A9265
:1079700017C585848687C4FF4000800000003F0053
:10798000000754F000000002000400032FF0000084
:10799000A4F09FF06FF088F00000000000000000ED
:1079A00000000000000000000000000000000000D7
:1079B000000000000000000000000000AC200000FB
:1079C00000000000000000000000000000000000B7
:1079D00088F000000000000000000000000000002F
:1079E00000000000FF072CF038F020F0A0F030F08D
:1079F00074F01EF021F022F02DF031F06EF010F056
:107A000023F076F077F067F05EF05FF060F061F001
:107A100062F063F064F065F066F037F036F03F0036
:107A20002EF07F0050F0A7F054F045F046F047F0FC
:107A300048F049F04AF04BF04CF04DF04EF04FF06A
:107A400073F051F052F053F044F055F056F057F007
:107A500058F059F05DF05BF05CF05AF0A2F0A5F040
:107A6000ADF0A6F025F02CF214F005F006F007F0CA
:107A700008F009F00AF00BF00CF00DF00EF00FF02A
:107A800033F011F012F013F004F015F016F017F0C7
:107A900018F019F01DF01BF01CF01AF0A1F0A3F083
:107AA000AEF02CF42AF02CF00000000070F0B0F0E2
:107AB0000000000078F02CF300000000000000003F
:107AC0000000000000006DF0000035F00000000034
:107AD00071F0000000000000000000000000000045
:107AE00000000000000054F2000054F054F454F37D
:107AF00000000000000048F200009CE048F34CF257
:107B00000000A0E04CF3000051F452F20000A6E0A7
:107B100052F452F30000000058F20000ACE018F3F9
:107B200000000000000027F0000068E014F414F3E7
:107B30000000000026F024F01FF05CE008F30CF2D7
:107B4000000060E00CF3000011F412F2000066E0A7
:107B500012F412F30000000033F000006CE018F3A0
:107B6000000000001CF3FFFFCEFDFF1FAEFFFF1F54
:107B70006EFFFF1F7AFFFF1F6CFFFF1F74FFFF1FC9
:107B8000A2FFFF1FA4FEFF1FC6FDFF1FD2FDFF1FA8
:107B9000AAFFFF1FC4FDFF1F76FFFF1FA8FFFF1FE7
:107BA000A0FEFF1F78FFFF1F7CFFFF1FA2FEFF1F2D
:107BB0009CFEFF1F68FFFF1FCCFDFF1F70FFFF1F14
:107BC0006AFFFF1F9EFEFF1FD8FDFF1FC8FDFF1F9E
:107BD00072FFFF1FCAFDFF1FD4FDFF1FD6FDFF1F51
:107BE000D0FDFF1FA4FFFF1FA0FFFF1FA6FFFF1F69
:107BF0007EFFFF1F80FFFF1F82FFFF1F84FFFF1F0D
:107C000086FFFF1F88FFFF1F8AFFFF1FB0FFFF1FB8
:107C1000C2FDFF1F90FFFF1F8CFFFF1F8EFFFF1F86
:107C2000A6FEFF1F92FFFF1F94FFFF1F96FFFF1F7F
:107C300098FFFF1F9AFFFF1F9CFFFF1F9EFFFF1F64
:107C4000ACFFFF1F4000800000003F00000F44F029
:107C5000000800000000000AA0F0A6F000000000EC
:107C6000ADF088F0000135F00000000000050002D2
:107C70000004000600070009A2F09FF0A1F0A3F0A5
:107C8000A5F0A7F0000000006001610110011101E2
:107C90000C010D01060107017D017E016FF02FF03F
:107CA00070F030F073F033F074F034F071F031F0C4
:107CB000FF0F2CF05EF05FF060F061F062F063F0B7
:107CC0002DF065F066F06EF02EF036F038F037F0FB
:107CD00064F027F01EF01FF020F021F022F023F0D6
:107CE00024F025F026F077F076F03F0067F07F0073
:107CF0006DF099F044F045F046F047F048F049F057
:107D00004AF04BF04CF04DF04EF04FF050F051F087
:107D100052F053F054F055F056F057F058F059F037
:107D20005AF05BF05DF05CF089F094F08AF02CF38F
:107D300078F0A4F004F005F006F007F008F009F080
:107D40000AF00BF00CF00DF00EF00FF010F011F047
:107D500012F013F014F015F016F017F018F019F0F7
:107D60001AF01BF01DF01CF085F09AF091F09EF0D7
:107D70002AF02CF0000000000000B1F0000000002C
:107D800090F02CFA0000000000000000000000004D
:107D900000002CF50000000000002CF8000000009E
:107DA00000002CF1000000000000000000000000B6
:107DB0000000000044F844F0000044FA0000000015
:107DC00046F1000048F88CE048FA00004CF890E0DA
:107DD0004CFA00000000000052F896E0000052FA51
:107DE000B0F00000000058F89CE058FA5DF8000080
:107DF000B4F0000004F848E0000004FA00000000BD
:107E000006F1000008F84CE008FA00000CF850E019
:107E10000CFA00000000000012F856E0000012FA10
:107E2000AFF00000000018F85CE018FA1DF8000040
:107E300000004000800000003F00000744F0000503
:107E40000002000400032EF0ADF06EF0AEF030F052
:107E500088F00000000000000000000000000000AA
:107E60000000000000000000000000000000000012
:107E7000000000000000AC20000000000000000036
:107E80000000000000000000000088F0000000007A
:107E90000000000000000000000000000000FF07DC
:107EA0002CF070F05FF0A0F031F062F063F02DF094
:107EB00065F066F060F05EF036F038F037F064F0B0
:107EC00027F01EF01FF020F021F022F023F024F024
:107ED00025F026F077F076F03F0067F07F006DF038
:107EE0009FF044F045F046F047F048F049F04AF082
:107EF0004BF04CF04DF04EF04FF050F051F052F08E
:107F000053F054F055F056F057F058F059F05AF03D
:107F10005BF05DF05CF0AFF0BF00B0F02CF178F0FA
:107F20002CF204F005F006F007F008F009F00AF072
:107F30000BF00CF00DF00EF00FF010F011F012F04D
:107F400013F014F015F016F017F018F019F01AF0FD
:107F50001BF01DF01CF0B4F0A4F0B1F02CF42AF0EA
:107F60002CF00000A5F071F0000000009EF0A2F0DF
:107F70002CF3000000000000A3F00000000000004F
:107F8000A1F00000000000002CF50000000000003F
:107F900000000000000000000000000000000000E1
:107FA00044F244F544F044F444F3000000000000BF
:107FB00048F248F58CE048F34CF24CF590E04CF375
:107FC000000051F452F252F596E052F452F30000E0
:107FD000000058F258F59CE058F35CF500000000F2
:107FE00034F004F548E004F474F00000000061F09F
:107FF0002FF033F04CE008F30CF20CF550E00CF3EA
:10800000000011F412F212F556E012F473F00000C1
:10801000000018F218F55CE06FF01CF500001CF38E
:108020004000800000003F00000700010002000344
:1080300000000004B4F02FF0B1F000006FF0000079
:108040000000000000000000000000000000000030
:108050000000000000000000000000000000000020
:108060000000000000000000000000000000000010
:108070000000000000000000000000000000000000
:10808000000000000000000000000000FF072CF0CE
:108090005EF05FF0A0F061F062F063F02DF065F04B
:1080A00066F070F030F036F038F037F064F027F01A
:1080B0001EF01FF020F021F022F023F024F025F034
:1080C00026F077F076F03F0067F07F006DF094F0D7
:1080D00044F045F046F047F048F049F04AF04BF0E4
:1080E0004CF04DF04EF04FF050F051F052F053F094
:1080F00054F055F056F057F058F059F05AF05BF044
:108100005CF05DF074F0ADF071F02CF178F02CF3D0
:1081100004F005F006F007F008F009F00AF00BF0A3
:108120000CF00DF00EF00FF010F011F012F013F053
:1081300014F015F016F017F018F019F01AF01BF003
:108140001CF01DF034F035F031F0B0F02AF02CF0D6
:108150006EF00000000000000000000000002CF4A1
:10816000000000000000B5F000000000000075F005
:108170000000000000002CF20000000000000000E1
:108180000000000000000000000000002EF044F39A
:1081900044F244F1000044F400000000000048F301
:1081A00048F248F148F44CF34CF24CF14CF4000026
:1081B00073F052F352F252F1000052F4000000004A
:1081C00058F358F258F158F45CF20000000004F340
:1081D00004F204F1000004F400000000000008F3C1
:1081E00008F208F108F40CF30CF20CF10CF40000A6
:1081F00033F012F312F212F1000012F4000000004A
:1082000018F318F218F118F41CF200001CF44000E6
:10821000800000003F00000744F000050002000459
:1082200000032EF0ADF06EF0AEF030F088F00000FC
:10823000000000000000000000000000000000003E
:10824000000000000000000000000000000000002E
:108250000000AC2000000000000000000000000052
:1082600000000000000088F0000000000000000096
:1082700000000000000000000000FF072CF070F07C
:108280005FF0A0F031F062F063F02DF065F066F081
:1082900060F05EF036F038F037F064F027F01EF052
:1082A0001FF020F021F022F023F024F025F026F03A
:1082B00077F076F03F0067F07F006DF09FF044F0BC
:1082C00045F046F047F048F049F04AF04BF04CF0EA
:1082D0004DF04EF04FF050F051F052F053F054F09A
:1082E00055F056F057F058F059F05AF05BF05DF049
:1082F0005CF0AFF0BF00B0F02CF178F02CF204F09D
:1083000005F006F007F008F009F00AF00BF00CF0A9
:108310000DF00EF00FF010F011F012F013F014F059
:1083200015F016F017F018F019F01AF01BF01DF008
:108330001CF0B4F0A4F0B1F02CF42AF02CF0000002
:10834000A5F071F0000000009EF0A2F02CF30000F8
:1083500000000000A3F0000000000000A1F00000F9
:10836000000000002CF500000000000000000000EC
:1083700000000000000000000000000044F244F58E
:1083800044F044F444F300000000000048F248F5D3
:108390008CE048F34CF24CF590E04CF3000051F4C3
:1083A00052F252F596E052F452F30000000058F2F7
:1083B00058F59CE058F35CF50000000074F004F5FB
:1083C00048E004F434F00000000061F06FF073F056
:1083D0004CE008F30CF20CF550E00CF3000011F443
:1083E00012F212F556E012F433F00000000018F219
:1083F00018F55CE02FF01CF500001CF340000000B5
:10840000000000000000000000000000000000006C
:10841000000000000000000000000000000000005C
:10842000000000000000000000000000000000004C
:10843000000000000000000000000000000000003C
:10844000000000000000000000000000000000002C
:10845000000000000000000000000000000000001C
:1084600000000000000000007F002CF05EF054F0DF
:1084700060F061F062F064F014F066F067F065F0AF
:1084800070F01AF034F008F02FF027F01EF01FF013
:1084900020F021F022F023F024F025F026F05DF00A
:1084A0001DF05AF030F048F06FF05FF044F051F0FA
:1084B0004CF04BF047F05CF058F04DF04AF046F0CD
:1084C00059F053F050F04FF056F055F05BF052F089
:1084D00073F04EF049F077F076F045F057F078F011
:1084E0002DF031F02EF063F074F035F004F011F05F
:1084F0000CF00BF007F01CF018F00DF00AF006F08D
:1085000019F013F010F00FF016F015F01BF012F048
:1085100033F00EF009F037F036F005F017F038F0D0
:108520006DF071F06EF075F02AF0000000000000B0
:10853000000000000000000000000000000000003B
:10854000000000000000000000000000000000002B
:10855000000000000000000000000000000000001B
:10856000000000000000000000000000000000000B
:1085700000000000000000000000000000000000FB
:1085800000000000000000000000000000000000EB
:1085900000000000000000000000000000000000DB
:1085A00000000000000000000000000000000000CB
:1085B00000000000000000000000000000000000BB
:1085C00000000000000000000000000000000000AB
:1085D000000000000000000000000000000000009B
:1085E00000000000000000000000400080000000CB
:1085F0003F0000070001000200030004000570F0C6
:108600002EF06EF0B0F030F088F0000000000000B6
:10861000000000000000000000000000000000005A
:108620000000000000000000000000000000AC207E
:10863000000000000000000000000000000000003A
:10864000000088F0000000000000000000000000B2
:10865000000000000000FF072CF05EF05FF060F00B
:10866000A1F062F063F031F065F066F071F02DF08A
:1086700036F038F037F064F027F01EF01FF020F0ED
:1086800021F022F023F024F025F026F077F076F0A8
:108690003F0067F07F006DF09FF044F045F046F03A
:1086A00047F048F049F04AF04BF04CF04DF04EF0F6
:1086B0004FF050F051F052F053F054F055F056F0A6
:1086C00057F058F059F05AF05BF05CF05DF0A5F00F
:1086D000BF00A6F02CF178F02CF304F005F006F0C2
:1086E00007F008F009F00AF00BF00CF00DF00EF0B6
:1086F0000FF010F011F012F013F014F015F016F066
:1087000017F018F019F01AF01BF01CF01DF0A4F08F
:10871000AEF0A7F02CF42AF02CF000000000A0F03E
:1087200061F00000000075F02CF50000000021F061
:108730000000000000000000000000000000000039
:108740002CF290F00000000000000000000000008B
:10875000000035F00000000044F344F244F144F41A
:1087600044F56FF073F0000048F348F248F148F523
:108770004CF34CF24CF14CF5C7F051F452F352F279
:1087800052F152F452F5000074F058F358F258F1D7
:1087900058F55CF2D7F096F004F304F204F104F417
:1087A00004F52FF033F0000008F308F208F108F5A3
:1087B0000CF30CF20CF10CF587F011F412F312F239
:1087C00012F112F412F5000034F018F318F218F157
:1087D00018F51CF297F01CF54000800000003F00E7
:1087E0000000000000000000000000000000000089
:1087F000000000000000A1F00000000000000000E8
:108800000000000000000000000000000000000068
:10881000000000000000000000000000AC2000008C
:108820000000000000000000000000000000000048
:10883000A1F00000000000000000000000000000A7
:1088400000000000FF002CF05EF05FF031F061F0FE
:1088500062F064F034F066F067F065F06EF036F0C8
:108860002DF037F038F027F01EF01FF020F021F047
:1088700022F023F024F025F026F073F033F076F0A8
:108880002EF077F078F074F044F045F046F047F0C1
:1088900048F049F04AF04BF04CF04DF04EF04FF0FC
:1088A00050F051F052F053F054F055F056F057F0AC
:1088B00058F059F05AF05BF05CF05DF02FF03F009B
:1088C00030F063F06DF035F004F005F006F007F0DD
:1088D00008F009F00AF00BF00CF00DF00EF00FF0BC
:1088E00010F011F012F013F014F015F016F017F06C
:1088F00018F019F01AF01BF01CF01DF06FF07F005B
:1089000070F071F02AF02CF00000000060F0000020
:108910000000B5F00000000000000000000075F04D
:108920000000000000000000000000000000000047
:108930000000000000000000000000000000000037
:108940000000000000000000C4F000000000000073
:108950000000000000000000C8F00000000000005F
:10896000CCF000000000000000000000D2F0000089
:1089700000000000000000000000D8F0000000002F
:10898000000000000000000084F000000000000073
:10899000000000000000000088F00000000000005F
:1089A0008CF00000000000000000000092F00000C9
:1089B0000000000000000000000098F0000000002F
:1089C0000000000000004000800000003F000003A5
:1089D000000000020001000000000000B4F035F0CB
:1089E00000000000A1F000000000000000000000F6
:1089F0000000000000000000000000000000000077
:108A000000000000000000000000AC20000000009A
:108A10000000000000000000000000000000A1F0C5
:108A20000000000000000000000000000000000046
:108A30000000FF032CF05EF05FF031F061F062F0B7
:108A400064F034F066F067F065F06EF036F02DF00B
:108A500037F038F027F01EF01FF020F021F022F060
:108A600023F024F025F026F073F033F076F02EF0AA
:108A700077F078F074F044F045F046F047F048F0B5
:108A800049F04AF04BF04CF04DF04EF04FF050F002
:108A900051F052F053F054F055F056F057F058F0B2
:108AA00059F05AF05BF05CF05DF02FF03F0030F0D1
:108AB00063F06DF0F4F004F005F006F007F008F054
:108AC00009F00AF00BF00CF00DF00EF00FF010F0C2
:108AD00011F012F013F014F015F016F017F018F072
:108AE00019F01AF01BF01CF01DF06FF07F0070F011
:108AF00071F02AF02CF00000000060F0000000008F
:108B0000B5F00000000000000000000075F000005B
:108B10000000000000000000000000000000000055
:108B20000000000000000000000000000000000045
:108B30000000000004F1C4F000000000000000008C
:108B40000000000008F1C8F0000000000CF1CCF0BB
:108B5000000000000000000012F1D2F00000000050
:108B600000000000000018F1D8F0000000005CF2E6
:108B70000000000004F184F000000000000000008C
:108B80000000000008F188F0000000000CF18CF0FB
:108B9000000000000000000012F192F00000000050
:108BA00000000000000018F198F0000000001CF226
:108BB000000000004000800000003F0000070001AE
:108BC000000200030004000570F02EF06EF0B0F01B
:108BD00030F088F0000000000000000000000000FD
:108BE0000000000000000000000000000000000085
:108BF0000000000000000000AC20000000000000A9
:108C000000000000000000000000000088F00000EC
:108C10000000000000000000000000000000000054
:108C2000FF072CF05EF05FF060F0A1F062F063F0FF
:108C300031F065F066F071F02DF036F038F037F075
:108C400064F027F01EF01FF020F021F022F023F056
:108C500024F025F026F077F076F03F0067F07F00F3
:108C60006DF09FF044F045F046F047F048F049F0D1
:108C70004AF04BF04CF04DF04EF04FF050F051F008
:108C800052F053F054F055F056F057F058F059F0B8
:108C90005AF05BF05CF05DF0A5F0ADF0A6F02CF1C1
:108CA00078F02CF304F005F006F007F008F009F076
:108CB0000AF00BF00CF00DF00EF00FF010F011F0C8
:108CC00012F013F014F015F016F017F018F019F078
:108CD0001AF01BF01CF01DF0A4F0BF00A7F02CF45C
:108CE0002AF0ACF0DEF00000A0F061F0000000001F
:108CF00035F02CF500000000E1F00000B8F00000B5
:108D00000000E7F00000000000002CF290F00000EE
:108D1000DBF0000000000000E0F0000075F0000053
:108D2000EDF044F344F244F144F474F06FF0F4F0E5
:108D3000000048F348F248F148F54CF34CF24CF18E
:108D40004CF5C7F051F452F352F252F152F473F071
:108D50009BF0F3F058F358F258F158F55CF2D7F065
:108D600096F004F304F204F104F434F02FF0B4F0BC
:108D7000000008F308F208F108F50CF30CF20CF10E
:108D80000CF587F011F412F312F212F112F433F031
:108D90000000B3F018F318F218F118F51CF297F070
:108DA0001CF54000800000003F00000000000000B3
:108DB00000000000000000000000000000000000B3
:108DC00000000000000000000000000000000000A3
:108DD0000000000000000000000000000000000093
:108DE0000000000000000000000000000000000083
:108DF0000000000000000000000000000000000073
:108E00000000000000000000000000000000FF0063
:108E10002CF05EF05FF0B4F061F062F063F02DF0E2
:108E200065F066F070F030F036F038F037F064F04E
:108E300027F01EF01FF020F021F022F023F024F0A4
:108E400025F026F077F076F03F0067F07F006DF0B8
:108E5000B3F044F045F046F047F048F049F04AF0EE
:108E60004BF04CF04DF04EF04FF050F051F052F00E
:108E700053F054F055F056F057F058F059F05AF0BE
:108E80005BF05CF05DF0AFF035F0B0F06EF078F0D4
:108E9000000004F005F006F007F008F009F00AF011
:108EA0000BF00CF00DF00EF00FF010F011F012F0CE
:108EB00013F014F015F016F017F018F019F01AF07E
:108EC0001BF01CF01DF0EFF075F0F0F000002AF040
:108ED0002CF00000000060F000000000000071F0C5
:108EE0000000000000000000000000000000000082
:108EF00074F000000000000000000000000000000E
:108F00000000000000000000000000000000000061
:108F10000000000000000000000000000000000051
:108F20000000000000000000000000000000000041
:108F30000000000000000000000000000000000031
:108F40000000000000000000000000000000000021
:108F500034F000000000000000000000000073F08A
:108F60002FF06FF0000000002EF000000000000065
:108F70000000000033F000000000000000000000CE
:108F8000000031F0000000000000000000000000C0
:108F90004000800000083F00000744F00003000587
:108FA000000600022FF033F8AFF0B0F06FF00000D1
:108FB00000042EF800076FF8000000000000000019
:108FC00000000000000000000000000000000000A1
:108FD0000000000000000000000000000000000091
:108FE0000000000000000000000000000000000081
:108FF000000000000000000000000000FF0F2CF047
:109000005EF077F060F061F062F064F076F066F0A8
:1090100067F065F06EF036F02DF037F035F027F0A0
:109020001EF01FF020F021F022F023F024F025F0B4
:1090300026F073F033F0B6F02EF0B7F063F05FF087
:1090400044F045F046F047F048F049F04AF04BF064
:109050004CF04DF04EF04FF050F051F052F053F014
:1090600054F055F056F057F058F059F05AF05BF0C4
:109070005CF05DF0A6F075F0A7F02CF16DF02CF52A
:1090800004F005F006F007F008F009F00AF00BF024
:109090000CF00DF00EF00FF010F011F012F013F0D4
:1090A00014F015F016F017F018F019F01AF01BF084
:1090B0001CF01DF0A4F0B5F0A5F030F82AF0ACF0EB
:1090C0005EF806F860F861F85CF87F0856F82CF254
:1090D00046F849F89DF0AEF075F855F80000B3F089
:1090E00066F81FF820F82CF310F815F800002CF49F
:1090F0001EF850F89BF021F822F823F86DF871F073
:1091000044F344F044F644F244F744F870F074F049
:1091100078F08CE048F24CF54CF390E04CF247F8D4
:1091200051F652F552F396E052F652F276F852F8B2
:109130007F0058F39CE018F25CF353F816F831F016
:1091400004F348E004F604F204F704F830F034F0D5
:1091500038F04CE008F20CF50CF350E00CF207F894
:1091600011F612F512F356E012F612F277F812F831
:109170003F0018F35CE018F21CF313F81CF24000F7
:10918000800000003F00000754F0000500020004CA
:1091900000032FF0B4F0B1F0B8F06FF088F00000E9
:1091A00000000000000000000000000000000000BF
:1091B00000000000000000000000000000000000AF
:1091C0000000AC20000000000000000000000000D3
:1091D00000000000000088F0000000000000000017
:1091E00000000000000000000000FF072CF025F048
:1091F00020F0A0F030F074F01EF021F022F02DF0FD
:1092000070F078F010F02EF076F077F067F05EF006
:109210005FF060F061F062F063F064F065F066F0BA
:1092200037F036F03F0038F07F0050F09FF054F0F8
:1092300045F046F047F048F049F04AF04BF04CF06A
:109240004DF04EF04FF073F051F052F053F044F007
:1092500055F056F057F058F059F05DF05BF05CF0C7
:109260005AF0B0F0BF00AFF0A3F06EF02CF214F0A3
:1092700005F006F007F008F009F00AF00BF00CF02A
:109280000DF00EF00FF033F011F012F013F004F0C7
:1092900015F016F017F018F019F01DF01BF01CF087
:1092A0001AF0A6F09EF0A7F02CF42AF02CF00000A3
:1092B000000071F000000000000023F02CF300001B
:1092C0000000000000000000000000006DF0000041
:1092D00035F075F02CF531F00000000000000000C2
:1092E00000000000000000000000000054F254F5EF
:1092F00054F054F454F300000000000048F248F524
:109300009CE048F34CF24CF5A0E04CF3000051F423
:1093100052F252F5A6E052F452F30000000058F267
:1093200058F5ACE018F35CF50000000027F014F5E8
:1093300068E014F414F30000000026F024F01FF09D
:109340005CE008F30CF20CF560E00CF3000011F4A3
:1093500012F212F566E012F412F30000000034F08D
:1093600018F56CE018F31CF500001CF340008000B9
:1093700000003F00000F0004000100070000000A89
:10938000A0F0A7F0A4F00000ADF00000000BAEF0DC
:1093900000000000000200030005000600080009AC
:1093A000A2F06EF0A1F0A3F0A5F0A7F0000000007D
:1093B000510150017101700111011001420141017F
:1093C000AC2000002FF06FF031F071F087F096F0D4
:1093D0008EF08FF098F00000FF0F2CF061F05FF03E
:1093E0009BF0B3F062F086F05EF065F066F0B8F0E6
:1093F00060F036F038F037F063F035F01EF01FF013
:1094000020F021F022F023F024F025F026F077F070
:10941000B6F0BF0064F09DF076F099F044F045F0AE
:1094200046F047F048F049F04AF04BF04CF04DF070
:109430004EF04FF050F051F052F053F054F055F020
:1094400056F057F058F059F05AF05BF05DF05CF0D0
:1094500089F094F08AF0A0F078F0A4F004F005F020
:1094600006F007F008F009F00AF00BF00CF00DF030
:109470000EF00FF010F011F012F013F014F015F0E0
:1094800016F017F018F019F01AF01BF01DF01CF090
:1094900085F09AF091F09EF02AF02CF00000000088
:1094A0000000B1F00000000075F0000000000000B6
:1094B000000000000000000000002CF2000000008E
:1094C00000002CF10000000000002CFB0000000058
:1094D00000000000000000000000000074F0000028
:1094E000000088F00000000046FB000073F0000060
:1094F000000000007F000000000087F00000000076
:109500006EF00000000067F0B0F00000000070F0A6
:1095100000006DF000000000B4F0000034F0000026
:10952000000084F00000000006FB000033F00000A3
:10953000000000003F0000000000000000000000EC
:109540002EF00000000027F0AFF00000000030F027
:1095500000002DF0000000000000400000000000AE
:1095600000000000000000000000000000000000FB
:1095700000000000000000000000000000000000EB
:1095800000000000000000000000000000000000DB
:1095900000000000000000000000000000000000CB
:1095A00000000000000000000000000000000000BB
:1095B00000000000000000000000000000000000AB
:1095C0000000000000007F002CF05EF074F060F0FE
:1095D00061F062F064F034F066F067F065F06EF010
:1095E00036F02DF037F038F027F01EF01FF020F0A5
:1095F00021F022F023F024F025F026F073F033F070
:1096000076F02EF077F078F05FF044F045F046F019
:1096100047F048F049F04AF04BF04CF04DF04EF076
:109620004FF050F051F052F053F054F055F056F026
:1096300057F058F059F05AF05BF05CF05DF02FF005
:1096400031F030F063F06DF035F004F005F006F025
:1096500007F008F009F00AF00BF00CF00DF00EF036
:109660000FF010F011F012F013F014F015F016F0E6
:1096700017F018F019F01AF01BF01CF01DF06FF045
:1096800071F070F075F02AF000000000000000009A
:1096900000000000000000000000000000000000CA
:1096A00000000000000000000000000000000000BA
:1096B00000000000000000000000000000000000AA
:1096C000000000000000000000000000000000009A
:1096D000000000000000000000000000000000008A
:1096E000000000000000000000000000000000007A
:1096F000000000000000000000000000000000006A
:109700000000000000000000000000000000000059
:109710000000000000000000000000000000000049
:109720000000000000000000000000000000000039
:109730000000000000000000000000000000000029
:1097400000000000000000004000800000003F001A
:10975000000744F000020003000000042FF0B8F0FE
:1097600034F0000070F00000000530F00000000050
:1097700000000000000000000000000000000000E9
:1097800000000000000000000000000000000000D9
:1097900000000000000000000000000000000000C9
:1097A00000000000000000000000000000000000B9
:1097B00000000000FF072CF05EF05FF075F061F034
:1097C00062F064F076F066F067F065F06EF036F007
:1097D0002DF037F060F027F01EF01FF020F021F0A0
:1097E00022F023F024F025F026F073F033F031F06E
:1097F0002EF071F063F09FF044F045F046F047F032
:1098000048F049F04AF04BF04CF04DF04EF04FF07C
:1098100050F051F052F053F054F055F056F057F02C
:1098200058F059F05AF05BF05CF05DF0AFF0B5F035
:10983000B0F02CF16DF02CF304F005F006F007F019
:1098400008F009F00AF00BF00CF00DF00EF00FF03C
:1098500010F011F012F013F014F015F016F017F0EC
:1098600018F019F01AF01BF01CF01DF0B4F075F0B0
:10987000B1F0B3F02AF02CF00000A1F0A0F0A2F0BB
:109880000000A4F092F00000000000003F00A3F0F0
:10989000B7F00000B6F0BF009EF0A5F0A6F0000003
:1098A00090F093F000000000000000007F00A7F09F
:1098B000ADF0AEF0000044F344F244F0000044F494
:1098C0000000000046F548F378F08CE048F44CF3D3
:1098D0004CF290E04CF40000000052F352F296E09B
:1098E000000052F40000000058F358F29CE018F415
:1098F0005CF20000000004F304F248E0000004F40D
:109900000000000006F508F338F04CE008F40CF312
:109910000CF250E00CF40000000012F312F256E0DA
:10992000000012F40000000018F318F25CE018F4D4
:109930001CF200001CF44000800000003F00000703
:1099400044F00001000200050004E3F02EF06EF088
:1099500091F098F088F00000000000000000000086
:1099600000000000000000000000000000000000F7
:1099700000000000000000000000AC20000000001B
:10998000000000000000000000000000000088F05F
:1099900000000000000000000000000000000000C7
:1099A0000000FF072CF05EF05FF031F061F062F034
:1099B00063F071F065F066F070F030F036F038F07A
:1099C00037F064F027F01EF01FF020F021F022F0B5
:1099D00023F024F025F026F077F076F035F067F0EC
:1099E00075F06DF08FF044F045F046F047F048F028
:1099F00049F04AF04BF04CF04DF04EF04FF050F083
:109A000051F052F053F054F055F056F057F058F032
:109A100059F05AF05BF05DF05CF0A2F0E4F0A3F0D6
:109A20002CF378F02CF204F005F006F007F008F0C3
:109A300009F00AF00BF00CF00DF00EF00FF010F042
:109A400011F012F013F014F015F016F017F018F0F2
:109A500019F01AF01BF01DF01CF0A5F0A4F0A6F010
:109A60002CF52AF02CF09EF0A1F0E1F088F09DF0AA
:109A7000000060F02CF48AF08BF094F000000000FD
:109A800095F0E7F0EFF0B0F0000000002CF190F05E
:109A9000A0F0E6F0000000008DF0D4F0000000001F
:109AA0000000ADF044F244F144F044F574F0C4F029
:109AB000F4F0C6F048F248F18CE048F44CF24CF176
:109AC00090E04CF4000051F552F252F196E052F55C
:109AD00073F00000D2F058F258F19CE06FF05DF1A5
:109AE00000002DF004F204F148E004F534F084F0B5
:109AF000B4F086F008F208F14CE008F40CF20CF136
:109B000050E00CF4000011F512F212F156E012F5DB
:109B100033F0000092F018F218F15CE02FF01DF124
:109B200000001DF44000800000003F00000700011D
:109B3000000200030004000574F02FF06FF034F011
:109B400063F00000000000000000000000000000C2
:109B50000000000000000000000000000000000005
:109B600000000000000000000000000000000000F5
:109B700000000000000000000000000000000000E5
:109B800000000000000000000000000000000000D5
:109B9000FF072CF05EF075F0A0F061F062F064F069
:109BA00035F066F067F064F06EF036F02DF037F0C7
:109BB00094F027F01EF01FF020F021F022F023F0A7
:109BC00024F025F026F078F038F076F02EF077F0DB
:109BD0009AF05FF044F045F046F047F048F049F065
:109BE0004AF04BF04CF04DF04EF04FF050F051F089
:109BF00052F053F054F055F056F057F058F059F039
:109C00005AF05BF05CF05DF030F03F0031F02CF189
:109C10006DF02CF304F005F006F007F008F009F001
:109C20000AF00BF00CF00DF00EF00FF010F011F048
:109C300012F013F014F015F016F017F018F019F0F8
:109C40001AF01BF01CF01DF070F07F0071F02CF486
:109C50002AF02CF00000A2F0A1F0000000000000AB
:109C6000AEF02CF50000B0F00000A3F00000000002
:109C7000000088F000009FF09FF02CF20000000030
:109C8000000000009EF0B1F00000000000000000A5
:109C9000000044F344F244F144F444F500000000B1
:109CA000000048F348F248F148F54CF34CF24CF10F
:109CB0004CF5000051F452F352F252F152F452F5C5
:109CC0000000000058F358F258F158F55CF200001B
:109CD000000004F304F204F104F404F500000000B1
:109CE000000008F308F208F108F50CF30CF20CF18F
:109CF0000CF5000011F412F312F212F112F412F545
:109D00000000000018F318F218F118F51CF200001A
:109D10001CF54000800000003F0000070001000229
:109D200000030004000531F070F070F031F06FF0C6
:109D300088F00000000000000000000000000000AB
:109D40000000000000000000000000000000000013
:109D5000000000000000AC20000000000000000037
:109D60000000000000000000000088F0000000007B
:109D70000000000000000000000000000000FF07DD
:109D80002CF05EF05FF0A0F061F062F063F02DF077
:109D900065F066F06FF02FF036F038F037F064F0D1
:109DA00027F01EF01FF020F021F022F023F024F025
:109DB00025F026F077F076F03F0067F07F006DF039
:109DC0009FF044F045F046F047F048F049F04AF083
:109DD0004BF04CF04DF04EF04FF050F051F052F08F
:109DE00053F054F055F056F057F058F059F05AF03F
:109DF0005BF05CF05DF0A5F0B5F0A6F02CF178F02A
:109E00002CF304F005F006F007F008F009F00AF072
:109E10000BF00CF00DF00EF00FF010F011F012F04E
:109E200013F014F015F016F017F018F019F01AF0FE
:109E30001BF01CF01DF0A4F075F0A7F02CF42AF034
:109E40002CF000000000A0F0000000000000A1F0D5
:109E50002CF5000074F02EF000000000000000005F
:109E600000000000000000002CF2000000000000D4
:109E70000000000034F06EF0000000000000000060
:109E800044F344F244F144F444F50000000073F05C
:109E900048F348F248F148F54CF34CF24CF14CF5DC
:109EA000000051F452F352F252F152F452F5000014
:109EB000000058F358F258F158F55CF20000000029
:109EC00004F304F204F104F404F50000000033F09C
:109ED00008F308F208F108F50CF30CF20CF10CF59C
:109EE000000011F412F312F212F112F412F5000054
:109EF000000018F318F218F118F51CF200001CF518
:109F00004000800000003F00000F00000001000042
:109F10000000000000002EF000000000ADF088F00E
:109F2000000BAEF000000000000200030005000678
:109F30000008000975F06EF0A1F0A3F0A5F0A7F0FD
:109F4000AC2088F01B0161010D0159017E016F01F8
:109F500011011001420141011FF020F021F022F017
:109F600023F033F096F087F08EF08FF0FF0F2CF097
:109F700074F073F09BF0B3F06DF086F071F070F058
:109F800030F0B8F01EF036F038F037F06FF067F0D0
:109F90005EF05FF060F061F062F063F064F065F035
:109FA00066F077F035F0B6F02DF0B7F076F099F076
:109FB00044F045F046F047F048F049F04AF04BF0E5
:109FC0004CF04DF04EF04FF050F051F052F053F095
:109FD00054F055F056F057F058F059F05AF05BF045
:109FE0005DF05CF089F03F008AF0A0F078F0A4F01A
:109FF00004F005F006F007F008F009F00AF00BF0A5
:10A000000CF00DF00EF00FF010F011F012F013F054
:10A0100014F015F016F017F018F019F01AF01BF004
:10A020001DF01CF085F07F0091F09EF02AF02CF0DE
:10A03000000000000000B1F00000000034F000005B
:10A0400000000000000000000000000000002CF2F2
:10A050000000000000002CF10000000000002CFBBC
:10A0600000000000000000000000000000000000F0
:10A0700044F10000000000000000000046FB00006A
:10A0800048F10000000000004CF10000000000005A
:10A090000000000052F1000000000000B0F00000DD
:10A0A000000058F1000000005DF10000B4F0000075
:10A0B00025F00000000000000000000006FB00008A
:10A0C00027F000000000000026F000000000000063
:10A0D0000000000012F1000000000000AFF00000DE
:10A0E00000002FF00000000024F0000000004000FD
:10A0F000800000003F000007000100020003000490
:10A1000000056FF034F02FF0A1F074F0A2F0000021
:10A11000000000000000000000000000000000003F
:10A12000000000000000000000000000000000002F
:10A130000000AC2000000000000000000000000053
:10A14000000000000000A2F000000000000000007D
:10A1500000000000000000000000FF072CF05EF08F
:10A160005FF0A0F061F062F063F02DF065F066F052
:10A1700070F030F036F038F037F064F027F01EF071
:10A180001FF020F021F022F023F024F025F026F03B
:10A1900077F076F03F0067F07F006DF09FF044F0BD
:10A1A00045F046F047F048F049F04AF04BF04CF0EB
:10A1B0004DF04EF04FF050F051F052F053F054F09B
:10A1C00055F056F057F058F059F05AF05BF05CF04B
:10A1D0005DF0AFF0B5F0B0F02CF178F02CF304F0B6
:10A1E00005F006F007F008F009F00AF00BF00CF0AB
:10A1F0000DF00EF00FF010F011F012F013F014F05B
:10A2000015F016F017F018F019F01AF01BF01CF00A
:10A210001DF0B4F09EF0B1F02CF42AF02CF02EF0EA
:10A220000000000000000000000000002CF500000D
:10A2300075F00000A3F00000000000000000000026
:10A24000000000002CF20000000060F000000000A0
:10A2500035F000000000000000002EF044F344F24E
:10A2600044F144F444F50000000071F048F348F272
:10A2700048F148F54CF34CF24CF14CF5000073F00A
:10A2800052F352F252F152F452F50000000058F32A
:10A2900058F258F158F55CF20000000004F304F2A3
:10A2A00004F104F404F50000000031F008F308F2B2
:10A2B00008F108F50CF30CF20CF10CF5000033F08A
:10A2C00012F312F212F112F412F50000000018F36A
:10A2D00018F218F118F51CF200001CF5400080007F
:10A2E00000003F0000070001000200030004000519
:10A2F00070F02EF06EF0B0F030F088F0000000004A
:10A30000000000000000000000000000000000004D
:10A31000000000000000000000000000000000003D
:10A32000AC20000000000000000000000000000061
:10A330000000000088F000000000000000000000A5
:10A340000000000000000000FF072CF05EF05FF04E
:10A3500060F0E0F062F063F031F065F066F071F00B
:10A360002DF036F038F037F064F027F01EF01FF0D3
:10A3700020F021F022F023F024F025F026F077F0F1
:10A3800076F035F067F075F06DF0B1F044F045F01F
:10A3900046F047F048F049F04AF04BF04CF04DF0F1
:10A3A0004EF04FF050F051F052F053F054F055F0A1
:10A3B00056F057F058F059F05AF05BF05CF05DF051
:10A3C000A5F0E4F0A6F02CF178F02CF304F005F001
:10A3D00006F007F008F009F00AF00BF00CF00DF0B1
:10A3E0000EF00FF010F011F012F013F014F015F061
:10A3F00016F017F018F019F01AF01BF01CF01DF011
:10A40000A4F0AEF0E6F02CF42AF02CF09EF0E1F08F
:10A41000A1F061F09CF0000000002CF58AF084F0BF
:10A420008BF08FF0000095F0E7F094F0ADF00000B5
:10A4300000002CF290F0A4F0B7F000000000F1F062
:10A44000CBF0000035F00000EDF044F344F244F1AD
:10A4500044F444F56FF073F0C6F048F348F248F165
:10A4600048F54CF34CF24CF14CF5000051F452F32A
:10A4700052F252F152F452F5000074F058F358F2CF
:10A4800058F158F55CF2000096F004F304F204F180
:10A4900004F404F52FF033F086F008F308F208F125
:10A4A00008F50CF30CF20CF10CF587F011F412F333
:10A4B00012F212F112F412F5000034F018F318F24F
:10A4C00018F118F51CF200001CF540008000000097
:10A4D0003F00000744F00002000300000004B4F055
:10A4E00034F0B1F0000075F0A2F0000000000005AB
:10A4F00035F0000000000000000000000000000037
:10A500000000000000000000000000000000AC207F
:10A51000000000000000000000000000000000003B
:10A520000000A2F000000000000000000000000099
:10A53000000000000000FF072CF05EF05FF060F00C
:10A5400061F062F063F074F065F066F071F031F084
:10A5500036F02EF037F064F027F01EF01FF020F0F8
:10A5600021F022F023F024F025F026F077F076F0A9
:10A570003F0067F07F0070F094F044F045F046F043
:10A5800047F048F049F04AF04BF04CF04DF04EF0F7
:10A590004FF050F051F052F053F054F055F056F0A7
:10A5A00057F058F059F05AF05BF05CF05DF0A5F010
:10A5B000ADF0A6F02CF16EF02CF304F005F006F0EF
:10A5C00007F008F009F00AF00BF00CF00DF00EF0B7
:10A5D0000FF010F011F012F013F014F015F016F067
:10A5E00017F018F019F01AF01BF01CF01DF0A4F091
:10A5F000BF00A7F0B0F02AF02CF00000000000002F
:10A6000000000000000000002CF40000000000002A
:10A610000000000000000000B5F000000000000095
:10A620002CF290F00000000000000000000000008C
:10A63000000000000000000044F384F244F0000039
:10A6400044F444F573F0000048F348F28CE048F419
:10A650004CF34CF290E04CF46FF0000052F352F2E5
:10A6600096E0000052F40000000058F358F29CE01D
:10A6700058F45CF278F0000004F304F248E00000C3
:10A6800004F404F533F0000008F308F24CE008F499
:10A690000CF30CF250E00CF42FF0000012F312F265
:10A6A00056E0000012F40000000018F318F25CE01D
:10A6B00018F41CF238F01CF45A9502005A95020066
:10A6C00048970200908F0200EA850200B48B0200D6
:10A6D000787902007E910200327E020008AB02000F
:10A6E000369902000E820200CAA40200C689020046
:10A6F000A28D02002CA70200129D0200249B0200E2
:10A70000EEA00200208002001AA90200E4AE0200BE
:10A71000D8870200F6AC0200009F0200447C0200D1
:10A720006C930200DCA20200FC8302004000800067
:10A7300000003F00000700010002000300040005C4
:10A7400070F0AEF06EF0B0F030F088F00000000075
:10A7500000000000000000000000000000000000F9
:10A7600000000000000000000000000000000000E9
:10A77000AC2000000000000000000000000000000D
:10A780000000000088F00000000000000000000051
:10A790000000000000000000FF072CF05EF05FF0FA
:10A7A00060F0A1F062F063F031F065F066F071F0F6
:10A7B0002DF036F038F037F064F027F01EF01FF07F
:10A7C00020F021F022F023F024F025F026F077F09D
:10A7D00076F03F0067F07F006DF09FF044F045F0A9
:10A7E00046F047F048F049F04AF04BF04CF04DF09D
:10A7F0004EF04FF050F051F052F053F054F055F04D
:10A8000056F057F058F059F05AF05BF05CF05DF0FC
:10A81000A5F02EF0A6F02CF178F02CF304F005F062
:10A8200006F007F008F009F00AF00BF00CF00DF05C
:10A830000EF00FF010F011F012F013F014F015F00C
:10A8400016F017F018F019F01AF01BF01CF01DF0BC
:10A85000A4F035F0A7F02CF42AF02CF00000000052
:10A86000A0F061F00000000075F02CF50000000081
:10A8700021F00000000000000000000000000000C7
:10A8800000002CF290F0000000000000000000002A
:10A890000000000035F00000000044F344F244F1F1
:10A8A00044F444F56FF074F0000048F348F248F1C6
:10A8B00048F54CF34CF24CF14CF5C7F051F452F31F
:10A8C00052F252F152F452F5000073F058F358F27C
:10A8D00058F158F55CF2D7F096F004F304F204F165
:10A8E00004F404F52FF034F0000008F308F208F146
:10A8F00008F50CF30CF20CF10CF587F011F412F3DF
:10A9000012F212F112F412F5000033F018F318F2FB
:10A9100018F118F51CF297F01CF5400080000000BB
:10A920003F0000070001000200030004000570F072
:10A930002EF06EF0B0F030F088F000000000000063
:10A940000000000000000000000000000000000007
:10A950000000000000000000000000000000AC202B
:10A9600000000000000000000000000000000000E7
:10A97000000088F00000000000000000000000005F
:10A98000000000000000FF072CF05EF05FF060F0B8
:10A99000A1F062F063F031F065F066F071F02DF037
:10A9A00036F038F037F064F027F01EF01FF020F09A
:10A9B00021F022F023F024F025F026F077F076F055
:10A9C0003F0067F07F006DF09FF044F045F046F0E7
:10A9D00047F048F049F04AF04BF04CF04DF04EF0A3
:10A9E0004FF050F051F052F053F054F055F056F053
:10A9F00057F058F059F05AF05BF05CF05DF0A5F0BC
:10AA0000ADF0A6F02CF178F02CF304F005F006F090
:10AA100007F008F009F00AF00BF00CF00DF00EF062
:10AA20000FF010F011F012F013F014F015F016F012
:10AA300017F018F019F01AF01BF01CF01DF0A4F03C
:10AA4000BF00A7F02CF42AF02CF000000000A0F0CA
:10AA500061F00000000035F02CF50000000021F04E
:10AA600000000000000000000000000000000000E6
:10AA70002CF290F000000000000000000000000038
:10AA8000000075F00000000044F344F244F144F487
:10AA900074F06FF00000000048F348F248F148F508
:10AAA0004CF34CF24CF14CF5C7F051F452F352F226
:10AAB00052F152F473F00000000058F358F258F1CC
:10AAC00058F55CF2D7F096F004F304F204F104F4C4
:10AAD00034F02FF00000000008F308F208F108F548
:10AAE0000CF30CF20CF10CF587F011F412F312F2E6
:10AAF00012F112F433F00000000018F318F218F10C
:10AB000018F51CF297F01CF54000800000003F0093
:10AB1000000744F0000400050000000035F02EF0AE
:10AB20006EF00000000088F000000000000000004F
:10AB30000000000000000000000000000000000015
:10AB4000000000000000000000000000AC20000039
:10AB500000000000000000000000000000000000F5
:10AB600088F000000000000000000000000000006D
:10AB700000000000FF072CF05EF05FF031F061F0A4
:10AB800062F063F071F065F066F070F030F036F06E
:10AB900038F037F064F027F01EF01FF020F021F0BD
:10ABA00022F023F024F025F026F077F076F03F0035
:10ABB00067F07F006DF094F044F045F046F047F008
:10ABC00048F049F04AF04BF04CF04DF04EF04FF0A9
:10ABD00050F051F052F053F054F055F056F057F059
:10ABE00058F059F05AF05BF05DF05CF0A5F0ADF074
:10ABF000A6F02CF378F02CF504F005F006F007F041
:10AC000008F009F00AF00BF00CF00DF00EF00FF068
:10AC100010F011F012F013F014F015F016F017F018
:10AC200018F019F01AF01BF01DF01CF0A4F0BF0092
:10AC3000A7F0B0F02AF02CF000000000000088F02F
:10AC40000000000060F000000000000000000000B4
:10AC500000000000000075F000009FF0A0F0000070
:10AC600090F0000000000000000000000000000064
:10AC700000000000000044F544F444F0000074F0CB
:10AC800000000000000048F548F48CE000004CF59E
:10AC90004CF490E000000000000052F552F496E001
:10ACA000000073F00000000058F558F49CE06FF0CD
:10ACB0005DF400002DF004F504F448E0000034F0E9
:10ACC00000000000000008F508F44CE000000CF55E
:10ACD0000CF450E000000000000012F512F456E001
:10ACE000000033F00000000018F518F45CE02FF0CD
:10ACF0001DF400000000400080000000000000077C
:10AD000044F0000200030004000563F034F035F065
:10AD100075F074F0A2F000000000000000000000D8
:10AD20000000000000000000000000000000000023
:10AD300000000000000000000000AC200000000047
:10AD40000000000000000000000000000000A2F071
:10AD500000000000000000000000000000000000F3
:10AD60000000FF072CF05EF02CF560F061F062F05F
:10AD700064F02CF266F067F065F06EF036F02DF0BE
:10AD800037F038F027F01EF01FF020F021F022F00D
:10AD900023F024F025F026F073F033F076F02EF057
:10ADA00077F078F05FF044F045F046F047F048F077
:10ADB00049F04AF04BF04CF04DF04EF04FF050F0AF
:10ADC00051F052F053F054F055F056F057F058F05F
:10ADD00059F05AF05BF05CF05DF02FF031F030F09C
:10ADE0002CF16DF02CF304F005F006F007F008F0FC
:10ADF00009F00AF00BF00CF00DF00EF00FF010F06F
:10AE000011F012F013F014F015F016F017F018F01E
:10AE100019F01AF01BF01CF01DF06FF071F070F0DB
:10AE20002CF42AF02CF09EF0C6F0E1F0A1F0ADF089
:10AE3000F1F0D6F0F4F086F00000AFF0B1F00000D1
:10AE400095F00000F3F000009FF0A0F0B4F090F057
:10AE5000B3F000000000DEF00000B0F0A3F0A4F0BA
:10AE6000A5F0B8F044F3C4F044F044F4D4F0DAF0C0
:10AE7000DDF0F6F048F3C8F08CE048F54CF3CCF088
:10AE800090E04CF5C7F0D1F052F3D2F096E052F4D6
:10AE9000D3F0AEF0CFF058F3D8F09CE0DCF05CF2E9
:10AEA000D7F096F004F384F048E004F404F59AF047
:10AEB0009DF0B6F008F308F24CE008F50CF38CF0C6
:10AEC00050E00CF587F091F012F392F056E012F496
:10AED00093F0EEF08FF018F398F05CE09CF01CF229
:10AEE00097F01CF54000800000000000000744F0CF
:10AEF000000200030004000560F0B3F0B1F0B0F010
:10AF0000AFF088F00000000000000000000000002A
:10AF10000000000000000000000000000000000031
:10AF20000000000000000000AC201E011F013001E5
:10AF300031015E01510100000000000088F06FF057
:10AF40002FF074F00CF073F033F0000000000000FC
:10AF5000FF072CF05EF035F0A0F0A1F062F063F096
:10AF60005FF065F066F02DF061F031F02EF038F012
:10AF700064F027F01EF01FF020F021F022F023F003
:10AF800024F025F026F078F071F0B5F067F09EF02F
:10AF90006DF094F044F045F046F047F048F049F089
:10AFA0004AF04BF04CF04DF04EF04FF050F051F0B5
:10AFB00052F053F054F055F056F057F058F059F065
:10AFC0005AF05BF05CF05DF0A5F0ADF0A6F02CF16E
:10AFD0006EF02CF304F005F006F007F008F009F02D
:10AFE0000AF00BF034F00DF00EF00FF010F011F04D
:10AFF00012F013F014F015F016F017F018F019F025
:10B000001AF01BF01CF01DF0A4F0AEF0A7F02CF429
:10B010002AF02CF0000000009FF00000000000006B
:10B0200000002CF5000000000000000000000000FF
:10B03000000000000000000000002CF200000000F2
:10B04000000000000000000000000000A2F000006E
:10B05000000044F344F244F044F444F5000084F06A
:10B0600077F048F348F28CE048F54CF34CF290E06E
:10B070004CF5000051F452F352F296E052F476F09F
:10B080000000000058F358F29CE070F05CF2000001
:10B0900096F004F304F248E004F404F50000000024
:10B0A00037F008F375F04CE008F50CF30CF250E0C3
:10B0B0000CF5000011F412F312F256E012F436F01F
:10B0C0000000000018F318F25CE030F01CF2000001
:10B0D0001CF50D0AFFFFFFFF00000000000000004C
:10B0E000E7210200ED210200D7210200DB2102004E
:10B0F000DF210200E3210200000000000000000048
:10B10000F52102002D2102000000000000000000D7
:10B11000000000000000000000000000000000002F
:10B12000000000000000000000000000000000001F
:10B13000000000000000000000000000000000000F
:10B1400000000000000000000000000000000000FF
:10B1500000000000000000000000000000000000EF
:10B1600000000000000000004300FFFF8C8EFF1F66
:10B17000232D302B2000686C4C00656667454647E0
:10B180000030313233343536373839414243444563
:10B1900046003031323334353637383961626364D2
:10B1A000656600FFF8B500BFF8BC08BC9E46704756
:10B1B00001B40248844601BC604700BF718CFF1F88
:10B1C000350400002D1400005D1A00005921000014
:10B1D0003924000075D70000C13E010001220200A1
:08B1E000D876FF7F010000009A
:10B1E8008023037003781B06FCD57047000000001D
:10B1F80001000000010000000123456789ABCDEF85
:10B20800FEDCBA9876543210F0E1D2C32C0100006B
:10B21800300000000300000061C8FF1F03050002A2
:10B228000203030305000005C5C2FF1F1E0000003E
:10B238004F99010053990100DD0211C5D7E32BD5C1
:10B24800642DF81CEA3BCDA79A64B788EECA9776B6
:10B2580003AD44ED327A61C71F920000D3020000AB
:10B268000100000003000000ECFFFF1FFFFFFFFFCD
:10B278000805010906A101050719E029E7150025B8
:10B288000175019508810295017508050C09B881B9
:10B2980001950575010508190129059102950175A2
:10B2A800039101950675081500257F0507190029E2
:10B2B8007F8100097695087508B102C01201000265
:10B2C80000000040501DFC6000010102030118034A
:10B2D800430052005900500054004F0054005200DF
:10B2E800550053005400090282000401008032090D
:10B2F8000400000103010102092111010001224B90
:10B30800000705870308000509040100020300007F
:10B3180002092111010001222200070583034000D0
:10B3280005070504034000050904020002030000A4
:10B3380002092111010001222200070585034000AE
:10B348000507050603400005090403000203000081
:10B358000009211101000122210007058103400095
:10B36800050705020320000206C9FF0904A15C7550
:10B3780008150026FF009540097581029520097679
:10B38800910295040976B102C006D0F10901A10124
:10B398000920150026FF007508954081020921152E
:10B3A8000026FF00750895409102C006ABFF090210
:10B3B800A1010920150026FF0075089540810209A2
:10B3C80021150026FF00750895409102C000100362
:10B3D8004F004E004C0059004B0045005900040333
:10B3E80009040C0300000000000000000000000039
:10B3F80000000000000000000A0400000000000037
:10B4080008B1020028B1020048B1020000000000A3
:10B4180000000000000000000000000068B1020009
:10B428000000000000000000000000000000000014
:10B438000000000000000000000000000000000004
:10B4480000000000000000000000000000000000F4
:10B458000000000000000000000000008C8EFF1FAC
:00000001FF
