:1000000000800020BD010000D14902009D4902008E
:100010009D4902009D4902009D4902009D49020040
:100020009D4902009D4902009D490200D1490200FC
:10003000D14902009D490200D14902008D490200C8
:10004000D1490200D1490200D1490200D149020040
:10005000D1490200D1490200D1490200D149020030
:10006000D1490200D1490200D1490200D149020020
:10007000D1490200D1490200D1490200D149020010
:10008000D1490200D1490200D1490200D149020000
:10009000D1490200D1490200D1490200D1490200F0
:1000A000D1490200D1490200D1490200D1490200E0
:1000B000D1490200D1490200D1490200D1490200D0
:1000C000D1490200D1490200D1490200D1490200C0
:1000D000D1490200D1490200D1490200D1490200B0
:1000E000D1490200D1490200D1490200D1490200A0
:1000F000D1490200716A0200D1490200E5640200A0
:10010000D1490200A15F0200D1490200D149020099
:10011000D1490200D1490200D1490200D14902006F
:10012000D1490200D1490200D1490200D14902005F
:10013000D1490200D1490200D1490200D14902004F
:10014000D1490200D1490200D1490200D14902003F
:10015000D1490200D1490200D1490200D14902002F
:10016000D1490200B5AD0100D1490200D1490200D8
:10017000D1490200D1490200D1490200D14902000F
:10018000D1490200D1490200D1490200D1490200FF
:10019000D1490200D1490200D1490200D1490200EF
:1001A000D1490200D1490200D1490200D1490200DF
:1001B000D1490200D1490200D1490200564B4CF20C
:1001C000205210B51A804DF628121A8000BF00BFC9
:1001D00024F002FC514B4FF010621A60504A9A60B2
:1001E000504ADA60A3F53043203B1A6812F480725B
:1001F00004D14D490A604FF4A8521A604B4B1A784B
:10020000110703D51A7842F008021A70484B2A22C7
:100210001A700023474A48499818884204D247492F
:10022000595899500433F5E7454A464B9A424FF0E6
:10023000000302D242F8043BF7E74349434A5958C6
:1002400099500433B3F5DE7FF7D1414B802103F899
:10025000011B40498B42F9D13F4B1A603F4B0A22A8
:100260001A70A3F5805324225A70A0221A709A792A
:100270009207FCD59A79D406FCD4394B9A7902F0CE
:100280000C02082AF9D105221A7143225A719A796F
:100290009006FCD5324B9A795106FBD5314A4FF086
:1002A000817111600521516020221A702C4B9B79BD
:1002B00003F00C030C2BF9D12B4B2C4A1A602C4B5E
:1002C0002C4A1A6000225A60072243F8042C2A4A5A
:1002D000C3F80C2D62B61BF061FB134B1B68DA07E9
:1002E00005D526481BF0E6F9254B264A1A60264B11
:1002F0001B785B0609D5224C224A2368934204D11D
:100300001E481BF0D7F90023236027F0A5FA24F03C
:1003100069FB25F01BFCFEE70E2005403080044001
:10032000823F04000100002B14D0034002D007409C
:1003300000E00740708CFF1FEC8EFF1F04B9020025
:10034000F08EFF1FCCE6FF1F000000000082FF1FA1
:1003500000E400E05FE400E008ED00E0005006404B
:10036000004006404480044004800440C010050062
:1003700014E000E03F19010000002020AFBFA96A8F
:100380001CE00340A5C3945A00F00740FFFFFFFFA5
:10039000FFFFFFFFFFFFFFFFFFFFFFFFFFFFFFFF6D
:1003A000FFFFFFFFFFFFFFFFFFFFFFFFFFFFFFFF5D
:1003B000FFFFFFFFFFFFFFFFFFFFFFFFFFFFFFFF4D
:1003C000FFFFFFFFFFFFFFFFFFFFFFFFFFFFFFFF3D
:1003D000FFFFFFFFFFFFFFFFFFFFFFFFFFFFFFFF2D
:1003E000FFFFFFFFFFFFFFFFFFFFFFFFFFFFFFFF1D
:1003F000FFFFFFFFFFFFFFFFFFFFFFFFFFFFFFFF0D
:10040000FFFFFFFFFFFFFFFFFFFFFFFFFEFFFFFFFD
:1004100010B5054C237833B9044B13B10448AFF33E
:1004200000800123237010BDF08EFF1F000000002C
:1004300004B9020008B5064B1BB106480649AFF3E4
:1004400000800648036813B1054B03B1984708BD07
:100450000000000004B90200F48EFF1FEC8EFF1FA5
:100460000000000008B5C8201BF082FA074A0023EC
:10047000137053709370D37013715371044A1370D7
:10048000044A1370BDE8084024F0ACBCBCE4FF1F74
:10049000C2E4FF1FC3E4FF1FF8B51A4B1A481B4EF6
:1004A0001B4F00251D701B4B01241C7001F02AFC02
:1004B000194B1A481C602022294627F02DFA0823E0
:1004C000337024F08FFC0F233B7024F08BFCFFF77C
:1004D000C9FF347024F086FC0923337024F082FCB9
:1004E00014233B7024F07EFC4FF4FA701BF040FAAA
:1004F0000B4B1D7024F076FCFFF7B4FF094B0A4A42
:100500001A60F8BD99BAFF1FF8BAFF1FC2E4FF1FB7
:10051000BCE4FF1F808CFF1F848CFF1F1091FF1F06
:10052000C3E4FF1F0CED00E00400FA052DE9F04FD5
:100530008E4C9FB0002305460DF10F00237002F092
:1005400055F98B4B1B7823B99DF80F3003F00F033F
:1005500005E0012B08D19DF80F301B090C339D429B
:1005600002D1FFF799FFB9E10DF10E00294603F022
:100570000FF99DF80E90C9F3C0038DF80E307D4B36
:100580001F78002F40F0AA817B4E394640220EA8EA
:1005900027F0C2F93946FB22304627F0BDF90EA8F4
:1005A000294605F0C3FAB0F1000826DD734BCDF8FB
:1005B00000800EA8E9B20F2209F06CFA9DF83830DD
:1005C000082B0CD108F1FF380DF1390031464246B5
:1005D00023780BF07FFB012784F800800DE0424672
:1005E00023780EA831460BF075FB5FFA88F30222E0
:1005F00008F10108F25484F80080002140220EA87E
:1006000027F08AF90EA8294603F04EF99DF83830F4
:10061000C9F3800A5BB1AFB91E2B00F2598198462D
:10062000237808F10A02F2540133237051E1BAF140
:10063000000F0AD05FB9B84623780122F254134460
:10064000237005E04FF0000802E0D04600E0984635
:100650000EA8294605F0B4FDB0F1000A11DDCDF871
:1006600000A00EA8E9B20222444B09F013FA524648
:10067000237841490EA80BF02DFB23789A4484F887
:1006800000A009F0030A0EA80021402227F044F937
:10069000BAF1000F0BD057B9BAF1010F02D0BAF17D
:1006A000020F04D1237806F803A001332370002140
:1006B00040220EA827F030F90EA8294603F080F951
:1006C0009DF838B00BF1FF331D2B07D837B92378CD
:1006D0000BF10A02F2540133237001E04FF0000BDA
:1006E0000EA8294602F086FDB0F1000A11DDCDF812
:1006F00000A00EA8E9B20522204B09F0CBF9524622
:1007000023781D490EA80BF0E5FA23789A4484F863
:1007100000A0C9F3011A0EA80021402227F0FCF81E
:10072000BAF1000F0BD057B9BAF1010F02D0BAF1EC
:10073000020F04D1237806F803A0013323700021AF
:1007400040220EA827F0E8F80EA8294603F0C4F9C5
:100750009DF838A00AF1FF331D2B11D887B92378F3
:100760000AF10A02F254013323700BE0348FFF1FA9
:100770002CBBFF1F55BAFF1F508FFF1F1091FF1F8B
:100780004FF0000A0EA80021402227F0C5F89DF87E
:100790000E302BB127B923780122F2541344237071
:1007A0000EA8294603F054FA9DF83830002B7AD071
:1007B000672B46D129460EA806F05CF8494F0090F9
:1007C0000646E9B20EA80922474B09F063F92378DF
:1007D00032460EA839460BF07DFA32460EA904A81F
:1007E00001F084FE01F0EAFE404400EB0B015144AD
:1007F00004A801F07FFE064601F01CFF237858B9DB
:100800004E22FA541F4453224F237B70FA70542314
:100810004522BB703A710BE03278FA541F4472786B
:100820007A70B378BB70F378FB7033793B7173796E
:100830007B7123780EA8063300214022237027F015
:100840006BF89DF83830274E792B0BD1274B1B784E
:10085000022B07D020780021304409F02FFE2378A6
:100860002C3323709DF83830322B01D0592B0DD109
:100870001E4B1B78022B09D02078E9B2304409F0D6
:100880001DFE2378203303EB400020709DF83830A4
:10089000752B08D1154B1B78022B04D02378092225
:1008A000F254013323705FEAD9130E4B04D022783F
:1008B000012199540A44227019F0400F04D0227883
:1008C000022199540132227022780021995405E0C6
:1008D000B846BAF1000F7FF4AFAEB9E61FB0BDE87D
:1008E000F08F00BF508FFF1F1091FF1F2CBBFF1F09
:1008F000044B1A78044B18680AB1243800E03038E9
:10090000FFF714BE2CBBFF1FE09BFF1F054B1A789F
:10091000054B18680AB1243800E030380630FFF77C
:1009200005BE00BF2CBBFF1FE09BFF1FF0B5ADF560
:10093000844D9BB0054646F26004684621464FF45C
:10094000804204F0CBFF46F260039C4204D128466B
:1009500069464FF4804210E02B460DF5804605F1C4
:10096000400718685968324603C20833BB4216462E
:10097000F7D12846694644F24002002314F04CFAAD
:10098000044B04F580449C42D7D10DF5844D1BB037
:10099000F0BD00BF60A0030010B5464B1B680446C5
:1009A0001878A0F13103082B06D84FF47A73303849
:1009B00058431AF0DDFF42E074285CD072285ED004
:1009C0003D4B1B78002B3AD01CB124F0A1FA002437
:1009D00035E0702832D0682855D0752855D06F285A
:1009E00055D0652855D0642855D0622855D04C285C
:1009F00055D0522855D0552855D0442855D0452893
:100A000055D0632804D12D4B1A7842F0010213E02F
:100A1000732804D1294B1A7842F002020CE06128B5
:100A200004D1264B1A7842F0040205E0672806D16B
:100A3000224B1A7842F008021A7000E04624204B3C
:100A40001A780AB91C7012E05A780AB95C700EE084
:100A50009A780AB99C700AE0DA780AB9DC7006E084
:100A60001A790AB91C7102E05A7902B95C71BDE8C1
:100A7000104024F0B7B9002CA7D12B24DFE7002CBD
:100A8000A3D12824DBE74A24D9E74B24D7E74E2417
:100A9000D5E74D24D3E74C24D1E72A24CFE75024CF
:100AA000CDE74F24CBE75224C9E75124C7E72924D7
:100AB000C5E700BF4C90FF1F1CBBFF1FC2E4FF1F18
:100AC000BCE4FF1FF8B5534B1A78534B1878534CBE
:100AD0004AB1AA2807D121680B7823B1092B02D08B
:100AE00001312160F3E74E4B21681E780B784B4FA4
:100AF00016FB06F6032596FBF5F5ED007600002BB8
:100B00007DD0012B04D1002A73D14FF22B0066E077
:100B1000022B04D1002A6CD14FF228005FE0092B90
:100B200015D1404B1B78022B73D03F4C012323601F
:100B30003E4B1E681D4606F57A662268002A5CD088
:100B40002B68B34259D200200AF0CEFBF5E7A3F19F
:100B50000A005FFA80FCBCF1150F0AD8002A58D1B0
:100B60004FF47A7358431AF003FF3B6801333B603C
:100B7000F8BD202B31D148785C282ED10131396065
:100B800092B1F8BD5C2B14D1244B01321A600020C5
:100B9000FFF702FF28461AF0EBFE23685A1C22607A
:100BA0005A78202A07D04AB122681378002BE9D15D
:100BB00012E00120ECE7194A0233136024F0F4F943
:100BC00028461AF0D5FE24F0EFF9FFF74BFC30462B
:100BD000BDE8F8401AF0CCBEF8BD52B9184624F072
:100BE00097F928461AF0C4FE24F0DEF930461AF0D0
:100BF000BFFE236801332360F8BD002323600C4847
:100C00000C4900F0A3FF0A480B49BDE8F84000F08A
:100C1000CEBFF8BD55BAFF1FD6B9FF1F4C90FF1FBE
:100C2000A48CFF1F2CBBFF1F7CBCFF1FC4E2FF1F57
:100C30008490FF1F388FFF1F0C8FFF1F08B50548DA
:100C400006F088FB044B012205201A7006F090FC88
:100C5000F5E700BF50840200D6B9FF1F2DE9F74F1A
:100C6000A84F3B7804465BB9A74B1B78092B05D1ED
:100C7000142803DDA54B1A6803321A602D2000E00A
:100C8000002006F02BFCA24B1A68022A994601DDCF
:100C9000FFF7D4FF9F4E3368013333609E4B1A78C1
:100CA00092B3684601F0BCFD9DF80030BBB101A8CD
:100CB00001F0A9FD9DF80430132B0AD900239748B1
:100CC000FF221A540133202BF9D108F00FF800202D
:100CD00003E001338DF8043001A801F09CFD904B36
:100CE0001A6801321A609DF8003032680133DBB2B5
:100CF00001320A2B8DF80030326055D8684601F079
:100D000097FD854A00231370DFF814827F4DD8F8D1
:100D10000030297883480133C8F8003000F0E5FF3F
:100D2000336801333360804B1B684FF0030BB3FB18
:100D3000FBF202EB4202981A03EA0B0318441AF082
:100D400017FE3A78C246002A5CD1764800F0F4FFDC
:100D5000002857D1734801F007F9002852D126E046
:100D6000472C00F3BB81A4F14802352A40F2D4811C
:100D7000654A1278092A40F0CC81B4F5877F80F269
:100D8000CB81592CDFF8808140F3D9812A68322A3F
:100D900040F0D881654A1278002A00F0D38198F893
:100DA0000020092A40F0CE8106F0F0FACDE25D483D
:100DB00001F0EAF90028F7D1D8F800305C4C013393
:100DC000C8F800302368092B02DC01332360BCE241
:100DD000514B01251D70D9F800302B44C9F8003063
:100DE000544B58461D7006F0C3FB684601F018FDD1
:100DF0004C4800F087FFD9F800302560022B40F303
:100E0000A48245E7DAF8002097F800800132CAF89A
:100E10000020B8F1000F3FD1404601F009FD4148E4
:100E200000F070FF414BC9F800801A781D4622B9C6
:100E300041480AF0C3F906F08DFA3E4C3F4940485C
:100E400000F084FE207806F087F8552006F038FC84
:100E50003C4B1B78022B264606D015F028F90020C3
:100E600001F0D9FC0AF040FF374B384A196811608D
:100E70002A78012038701C4612B1307006F06CF8E8
:100E80002568C8352368AB4203D200200AF02CFA4B
:100E9000F8E719F04DFE58E22D4A1078A0B9542C0D
:100EA00012DD2A68312A09D1264A1278022A0BD08B
:100EB000154B1B78092B18D1062017E0322A4BD18D
:100EC000204A1278022A14D1224A1268002A4ED0EF
:100ED000092A52DD0A2A5ED106F09AFA2B68312BD4
:100EE0000DD1094B1B78092B09D0012007F0F2FF27
:100EF0002BE2054B1B78092B01D10520F6E70220D8
:100F0000F4E700BF99BAFF1FB78CFF1FE09BFF1FDC
:100F10004C8FFF1F8890FF1F808CFF1FB090FF1F1A
:100F20008C90FF1FF8BAFF1FF4BAFF1F24BBFF1FEE
:100F3000848CFF1FD6B9FF1FB0840200208FFF1FD3
:100F40008490FF1F2CBBFF1FC4E2FF1F48BBFF1F85
:100F50005CBAFF1F74BAFF1F332AB5D19C4A1278BE
:100F6000022AB1D09B4A1278092ABFD1ACE79A4A2B
:100F70001268002A00F0E9810DE0984B1B78002BE5
:100F800000F0E381964C2D230120237006F0F0FA47
:100F900001232370D9E1934A9348002111709349AA
:100FA0000B6803608A48007802288B46914600F05F
:100FB0007D818F480178012980460AD18D4A92F8B7
:100FC00000C02A68624519D18B4A1278B2B1022357
:100FD0000BE002290BD1894A92F800C02A686245C9
:100FE0000CD1854A12784AB103230370ADE103297D
:100FF00004D1834A10782A68824207D0814A127845
:10100000012A03D0804A1278012A05D17A4A12783F
:1010100012B17E4A12787AB903297C4A05D1107838
:10102000F52802D17448007830B91278F62A3DD1FB
:10103000714A1278002A39D00423724A88F80030A5
:1010400000231370714C704A13702378ED2B06D176
:101050006F4803716378437103F060FF1FE0F02B6A
:1010600006D16B4803716378437104F06BF816E0A6
:10107000F52B02D104F0A6F811E0F62B0FD1654D47
:10108000DBF8006001232B6006F57A662B6823B13C
:10109000DBF80030B342C0F04B8100232B6000200E
:1010A00088F80000207006F00BFB4EE100293FF4A9
:1010B00057AE504A00231370504A88F8003013701E
:1010C0004F4A0120137006F0FBFA534806F042F92C
:1010D000524BFF2118781AF047FB36E17D2C04DDD6
:1010E0003C4A1278092A3FF43EAE2A68312A7FF43E
:1010F0003AAE414A1278002A7FF435AE4848494951
:1011000000F024FD09F002FA4548464900F04FFD81
:101110001BE18B2C7FF735AE2A68322A7FF431AE83
:10112000354A1278002A7FF42CAE012006F0BAF876
:101130008B2C40F30A81012006F00AF805E1472CC8
:101140003BDD05E07D2C03DD98F80020092A34D032
:101150002A68332A31D1284A92F800B0BBF1000F37
:101160002BD1314B314887F800B001241C7000F0BE
:10117000C9FD2F4B2F481C605946202226F0CCFB7E
:1011800027482D4900F013FD2C4BC3F800B098F808
:101190000030092B0DD12A4D2B782E46002B40F024
:1011A000CB80224800F0E0FE002800F0C5802C70C3
:1011B000C8E0244B244A1A60C7E098F80020092AA6
:1011C00044D1B4F5877F71DB2A68332A42E000BF3F
:1011D0002CBBFF1FB78CFF1F149CFF1F24BBFF1FDE
:1011E000D6B9FF1F508FFF1F48BBFF1FC4E2FF1F70
:1011F00000BAFF1F44BBFF1F55BAFF1F45BBFF1FAF
:1012000046BBFF1F9CBAFF1F98BAFF1F999BFF1F89
:101210000CBAFF1F7CBCFF1FC4840200F1BAFF1F81
:101220008490FF1F0C8FFF1F808CFF1FF8BAFF1FD9
:10123000848CFF1F1091FF1F208FFF1FE09BFF1F5B
:10124000CCBAFF1F0CED00E00400FA05472C2DDDA1
:101250002A68362A2AD13E4A92F800B0BBF1000F24
:1012600024D132683B4887F800B0013232603A4AF4
:1012700001241470394A147000F044FD384BDAF838
:1012800000201C6098F800302244092BCAF8002086
:101290005BD13048C5F800B000F04EFD002851D1B8
:1012A0002C4800F061FE00284CD14EE0002006F0F2
:1012B00015F92C4B1B78092B0FD1A4F1B403582B33
:1012C00004D82B6803332B6015240EE07D2C04DD3D
:1012D0002B6803332B600A2401E0142C05DC1E4B21
:1012E0001B7813B9FFF704FB14E0A4F11503442B9A
:1012F00005D8194B1B786BB9FFF708FB0AE0592C8E
:1013000008DD154B1B782BB9174B012202201A70F0
:1013100006F02EF9154B16481649C3F8009000F058
:1013200015FC154B124815491A7800F021FC0CE009
:10133000002009F0D9FFA9E6337833B1054800F061
:10134000FBFCB0E70A20FFF789FC03B0BDE8F08F93
:1013500055BAFF1FF8BAFF1F24BBFF1F808CFF1F69
:10136000848CFF1FB78CFF1FD6B9FF1F4C90FF1F47
:101370008490FF1F0C8FFF1FA48CFF1F388FFF1F4F
:1013800073B5102024F044F9684B694D694C6A48E4
:101390006A4E00221A706A4B06221A70694B0122AB
:1013A0001A70694B16221A70684B17221A70684B14
:1013B00011221A70674B0F221A70674B10221A7095
:1013C0000E2320212B701523237004F0F6FA3060D1
:1013D00000F090FB287824F045F90090207824F064
:1013E00041F95E4B01901A6801321A605C4B1B7820
:1013F000442B16D05B48FFF799FA0224594D631924
:10140000204613F8021C013423F0DAFF422CF5D1F8
:10141000284600214FF4006226F07EFA44200AF0AC
:101420006FFD34687CB904F041FA4FF4F860022192
:1014300023F0C6FF4C4801F038F94C4B01221A70DA
:101440004B4B1C7034E0464B1B78442B2DD1202194
:101450004848494C04F0F4FA484804F007FB48486F
:1014600004F03AFB204601F08DF9464801F070F98E
:1014700023780BB904232370434801F09DF94348B6
:1014800001F0A7F9384801F008F9414801F087F95F
:101490001AF0D2FA354B3F483F4900221A70344BBC
:1014A00001221A7000F083FB02E03C4B3C4A1A60B8
:1014B0003C4B3D481A683D4901321A6040F2FD72CA
:1014C0000CF0DAFA38486946022204230CF08CFA50
:1014D00002220423344801A90CF086FA06F05EFAD1
:1014E00005F0DCFF06F050FC2A48314900F05FFBB4
:1014F000304B1A78092A1C460AD11D4B1B783BB188
:101500002D4800F019FC50B92B4800F02DFD30B9E2
:101510002378092B07D1214B214A1A6003E00A20C6
:10152000FFF79CFBF4E702B070BD00BF2CBBFF1FB0
:1015300010BBFF1F989BFF1F9090FF1F149CFF1F65
:10154000F1BAFF1F64BBFF1F65BBFF1F9ABAFF1FE5
:101550006CBBFF1F1DBBFF1FBDBBFF1F8890FF1F84
:10156000020002401C9CFF1FBC8CFF1F99BAFF1F8A
:101570005CBAFF1FB090FF1FA48CFF1FF090FF1FED
:10158000D090FF1F1CBBFF1F11BBFF1F9BBAFF1F8B
:10159000C6E6FF1F8490FF1F208FFF1F0CED00E0A9
:1015A0000400FA058C90FF1FC0BBFF1FB884020027
:1015B0000C8FFF1FB78CFF1FF8BAFF1FF8B5212053
:1015C0001AF0A8F8E8B94B4B1D6804461E4632686D
:1015D00040F6B733521B9A4207D864201AF0C8F974
:1015E00021201AF097F80444F1E754B9204601216C
:1015F00023F0E6FE0120014623F0E2FE3E4B3F4A87
:101600001A603F4B3F4D1B7A012B0DD13E4B1B788F
:101610000BB12B7843B13D4B1B78032B02D0032039
:1016200004F010F90AF0C6F8394B3A4C1A68013246
:101630001A60394B1A680623B2FBF3F003FB102043
:101640001AF096F92278354BDAB11A680020013287
:101650001A6009F049FE324B1B78ABB1314B1B6865
:1016600093B105F06DFC304B1B786BB1214A1168CA
:101670002E4A12688A1A4EF660214B439A4221D2B2
:1016800002E01A6801321A602B784BB123783BB123
:101690001D4B1B7823B9264B0120187005F05CFC0C
:1016A00006F096FB234A12780A32D2B2012A04D8F5
:1016B0002D20BDE8F84005F011BFC8B1BDE8F840E5
:1016C000FFF7CCBA1C4B1D48002601271F7026705F
:1016D00000F018FB1A4B1B481F602022314626F0F1
:1016E0001BF91948194900F062FA044A024BCAE78B
:1016F000F8BD00BFC4E2FF1F0CED00E00400FA05D6
:101700005DBAFF1F24BBFF1F55BAFF1FD8B9FF1FCB
:101710008890FF1F99BAFF1FF4BAFF1F8C90FF1F1C
:101720005CBAFF1F149CFF1FBC8CFF1F48BBFF1F30
:10173000D6B9FF1FD5B9FF1F808CFF1FF8BAFF1F56
:10174000848CFF1F1091FF1F8490FF1F208FFF1FAD
:1017500070B51A4D2B78092B2AD1194C002120463F
:1017600024F00AF810B32379E12B1FD163792F2BD2
:101770001CD9144B1B78CBB1134B1E78B6B92B7800
:10178000092B13D1114B124801221A7000F0BAFA3A
:101790000AF08EFA0F4B0A201860FFF75FFA204616
:1017A00031464022BDE8704026F0B6B80A4800E055
:1017B0000A48BDE8704005F0CDBD00BFB78CFF1FE3
:1017C0000CBAFF1F5CBAFF1F99BAFF1F808CFF1F66
:1017D000F8BAFF1F848CFF1FEA840200F88402001D
:1017E00008B523F0A3FD3221084A094800F022FA87
:1017F0003221084A084800F01DFA0848084A4FF408
:101800007A71BDE8084000F015BA00BFBD150000B0
:101810000C8FFF1FC50A0000388FFF1F208FFF1F8E
:10182000511700002DE9F04F0A46C9B00023CD5CE6
:10183000D47844EA0564557844EA0544957803F180
:10184000200644EA052404336D46402B745102F10E
:101850000402ECD108AB002208AF9C6B5E6ABD5855
:10186000596835444FEA744686EAF44686EA942479
:101870002C444FEAF11585EAB14585EAD1010432DD
:101880002144C02A196403F10403E5D1026D0092DA
:10189000436D426E0193856D836EC66D076E029532
:1018A0000396C56E0497059217469DE814000693AB
:1018B0001E46DDF80CC0049B02990795A84600253A
:1018C00005F1200BE9465BF809A0DFF8989055F880
:1018D0000990D1444FEAB31A8AEAF32A8AEA736A72
:1018E000D14426EA030B07EA030A8BEA0A0AD14429
:1018F000C84481EA040901EA040A09EA020989EAFA
:101900000A094FEAB20A8AEA723A8AEAB25A0435F6
:10191000D144B5F5807FC444C14408D0B0463E46AA
:101920001F4663468C46214614464A46C8E7009D3A
:101930004D440565019D2A444265029A039D144465
:10194000049A846562440266059A134429444366F6
:10195000079D069BC1651F442E448766C66649B035
:10196000BDE8F08F048502000023036400220023F9
:10197000C0E912230A4B03650A4B43650A4B836592
:101980000A4BC3650A4B03660A4B43660A4B8366E0
:1019900003F17453A3F52303A3F69243C366704780
:1019A00067E6096A85AE67BB72F36E3C3AF54FA5F0
:1019B0007F520E518C68059BABD9831F2DE9F041F6
:1019C00006460F4601EB0208474516D0336C17F860
:1019D000012BF2540133402B3364F5D130463146AC
:1019E000FFF720FFD6E9124514F5007445F1000514
:1019F0000023C6E912453364E6E7BDE8F081026CD6
:101A00002DE9F84F372A88464FF08001814602F1D0
:101A10000103815406D8382B14D0002209F8032082
:101A20000133F8E73F2B04D8002209F803200133E3
:101A3000F8E748464946FFF7F5FE484600213822B8
:101A400025F06AFFD9F84030D900D9E9122352189D
:101A500043F100034FEA122A160C140E4AEA036AF5
:101A60004FEA132B46EA03461F0C44EA03241D0EDB
:101A7000C9E9122389F83B30494689F83F2089F8A3
:101A80003EA089F83D6089F83C4089F83AB089F871
:101A9000397089F838504846FFF7C4FE43460321A1
:101AA000D9F85000CA00D0401870D9F85400D0407E
:101AB0001871D9F85800D0401872D9F85C00D0409D
:101AC0001873D9F86000D0401874D9F86400D04079
:101AD0001875D9F86800D0401876D9F86C0001392B
:101AE00020FA02F21A774A1C03F10103D8D1BDE8AB
:101AF000F88FFFFF07B5064B06499A680092DA682F
:101B000001920CCB044826F03BF903B05DF804FBCE
:101B10005090FF1F048602006090FF1F064B1A685A
:101B2000064B1A60064A12685A60064A12689A60A2
:101B3000054A1268DA607047548004405090FF1FD5
:101B4000588004405C80044060800440036873B1A6
:101B50008B4205D11B69036070478A4204D013464B
:101B60001A69002AF9D102E00A691A6170477047C0
:101B700070B506460C461546FFF7E8FF33680BB90B
:101B8000346004E01A690AB11346FBE71C6119F0DE
:101B9000CFFE23680322C01A4FF4FA536B43B5FB00
:101BA000F2F55D43002360602560236170BD38B5A8
:101BB00005460C46FFF7CAFF2B680BB92C6004E002
:101BC0001A690AB11346FBE71C6119F0B1FE2368DC
:101BD000C01A00236060236138BD38B50C4619F087
:101BE000A7FE6268236813449842054605D36268DD
:101BF000934208D26268824205D86268954207D251
:101C000062689A4204D8A560E368204698476560F8
:101C100038BD38B505462C68002CFCD02146284636
:101C2000FFF7DBFF2469F7E708B50148FFF7F1FF8D
:101C30008490FF1F10B54FF47A746143C260002294
:101C400001604260026110BD4FF47A735943016034
:101C50007047FFFFF8B504460E4615461F46044A76
:101C6000FFF7E8FF6661E561A7612046F8BD00BFA8
:101C7000951C000010B50021044680F82010FFF7E5
:101C8000E3FF21460248BDE81040FFF790BF00BFC8
:101C90008490FF1F10B590F8203004463BB9012313
:101CA00080F820304169BDE81040FFF7CDBF012B1F
:101CB00010D109482146FFF749FFE36913B9A0692C
:101CC00020B910BD2046984720B1F8E7BDE8104084
:101CD000FFF7D0BF10BD00BF8490FF1F00224161FD
:101CE00042740270704741617047437C102B07D0EB
:101CF0005A1CD2B24274C15400238354012070474D
:101D000000207047002343740370704710B5446986
:101D100002782178002321B9D2F1010038BF0020D8
:101D200010BD914206D1E2185178C2180133102B30
:101D30005278F0D1002010BD2DE9F043B7B0044631
:101D400026F059F87C4B1B78092B054613D17B4BA9
:101D50001A78012A02D100201870E9E058B9784BAE
:101D6000224603F1100153F8040B42F8040B8B4296
:101D7000F9D1102505E0062803D81E2019F0F8FD3A
:101D8000D5E01AA8FFF7F0FD21462A461AA8FFF76A
:101D900015FE20221AA86B496B4CFFF70FFE1AA8FC
:101DA0000AA9FFF72CFE9DF8283023F007038DF8D1
:101DB00028309DF8473003F03F0343F040030AA961
:101DC000002220468DF847300AF0CCFD1AA8FFF714
:101DD000CBFD12A800F031FD1AA812A91022FFF7BE
:101DE000EDFD1AA859491022FFF7E8FD20221AA894
:101DF0002146FFF7E3FD21461AA8FFF700FE1AA8C7
:101E0000FFF7B2FD1AA812A91022FFF7D7FD1AA8F2
:101E10004E491022FFF7D2FD20221AA84C49FFF7A5
:101E2000CDFD1AA802A9FFF7EAFD4A4B9DF808501C
:101E3000D3F80080484B20781A68531C02F11F0920
:101E400002F1200CC2EB08014B4503F1FF37C2F150
:101E50000006194457D13F4B3F4C1960854227601B
:101E600004D03D4B1A6801321A6060E00DF10700A2
:101E700000F07BFC9DF807303348012B0AD103F0BA
:101E800041FE18B93048354A0AA909E002A80AA952
:101E9000324A0BE003F036FE28B92B482C4A0AA937
:101EA0000AF060FD25E02A4A02A80AA90AF05AFDB4
:101EB0001AA8FFF759FD1AA812A92022FFF77EFDE4
:101EC0001AA827491022FFF779FD1AA802A9202293
:101ED000FFF774FD20221AA81A49FFF76FFD1AA810
:101EE0000AA9FFF78CFD18481D490AAA202303F010
:101EF00098FB23681B4A01332360002313700F4AA9
:101F00000120137014E0854204D0124B1960124B6B
:101F10001F60A6E702A830442644C55CF05C1E465C
:101F2000013363458ED10B4B19600B4B1E600020B3
:101F300037B0BDE8F08300BFB78CFF1FCCBAFF1FDE
:101F40007290FF1F9090FF1F1091FF1F7090FF1F56
:101F5000B090FF1F8890FF1F8C90FF1FD090FF1F35
:101F60006090FF1F2CBBFF1F2DE9F043B7B0044664
:101F700025F041FF774B1B78092B05460CD158B94A
:101F8000754B224603F1100153F8040B42F8040B81
:101F90008B42F9D1102505E0062803D81E2019F040
:101FA000E7FC73E01AA8FFF7DFFC21462A461AA8CF
:101FB000FFF704FD20221AA86849694CFFF7FEFCD0
:101FC0001AA80AA9FFF71BFD9DF8283023F0070384
:101FD0008DF828309DF8473003F03F0343F040036D
:101FE0000AA9002220468DF847300AF0BBFC1AA847
:101FF000FFF7BAFC12A800F020FC1AA812A91022C0
:10200000FFF7DCFC1AA857491022FFF7D7FC202263
:102010001AA82146FFF7D2FC21461AA8FFF7EFFCC9
:102020001AA8FFF7A1FC1AA812A91022FFF7C6FCF4
:102030001AA84C491022FFF7C1FC20221AA84A49CD
:10204000FFF7BCFC1AA802A9FFF7D9FC474B9DF883
:102050000850D3F80080464B20781A68531C02F1D0
:102060001F0902F1200CC2EB08014B4503F1FF37B9
:10207000C2F10006194455D13C4B3D4C19608542D4
:10208000276005D03A4B1A6801321A6000205EE0E2
:102090000DF1070000F069FB9DF80730022B36D0E8
:1020A0002F4803F02FFD28B90AA9324A2C480AF01C
:1020B00059FC25E00AA92F4A02A80AF053FC1AA8E5
:1020C000FFF752FC1AA812A92022FFF777FC1AA8E2
:1020D00029491022FFF772FC1AA802A92022FFF753
:1020E0006DFC20221AA81D49FFF768FC1AA80AA94E
:1020F000FFF785FC1A4820490AAA202303F091FA29
:102100001E4B01221A701E4B54221A7005E01D4A04
:102110001278002ABAD1194A137023680133236058
:10212000012014E0854204D0104B1960104B1F6051
:10213000A8E702A830442644C55CF05C1E46013383
:10214000634590D1094B1960094B1E609EE737B07B
:10215000BDE8F083B78CFF1F7390FF1F9090FF1FA7
:102160001091FF1F7090FF1FD090FF1F8890FF1FDE
:102170008C90FF1FB090FF1F6090FF1F2CBBFF1FB4
:10218000CCBAFF1F24BBFF1F30B59DB0054625F01C
:1021900032FE0628044603D81E2019F0E9FB22E08F
:1021A0006846FFF7E1FB2246684629460F4CFFF7D9
:1021B00005FC202268460E49FFF700FC68462146D0
:1021C000FFF71DFC0B4920780A78002382420AD1D0
:1021D000CA18E01801331E2B52784078F6D1131A32
:1021E0005842584100E000201DB030BD1091FF1F43
:1021F0009090FF1FF090FF1F23F098B810B5084B88
:1022000000F14C0203F1140153F8044B42F8044B63
:102210008B42F9D10023036680F8483010BD00BF1F
:10222000888CFF1F2DE9F04F416D826DC36DD0F892
:102230004C80D0F850C085B099460191029203932A
:102240004646134600240A466146E5B20F2D07D8DC
:1022500083EA020A0AEA010A8AEA030A334F3FE0E4
:1022600004F10D0B04F108070BF00F0B07F00F073B
:102270000BF1020B023705F00F0A50F8277050F8E7
:102280002BB000EB8A0A8BEA070BDAF808708BEAAE
:10229000070BA71C07F00F070237132D50F8277004
:1022A0008BEA07074FEAF777CAF80870D0D9272DCD
:1022B00005D882EA010A8AEA030A1D4F10E03B2D85
:1022C00009D842EA010A02EA01070AEA030A4AEACD
:1022D000070A184F04E082EA010A174F8AEA030A44
:1022E00005F00F050235574450F82550013405EB31
:1022F000F6653D44502C4D444FEAB10105D0994656
:1023000013460A4631462E469FE7019C214441650B
:1023100002990A448265039A454466441344C5649D
:102320000665C36505B0BDE8F08F00BF9979825A94
:10233000A1EBD96EDCBC1B8FD6C162CA90F84830C5
:1023400083F003020133DBB20244402B10B511725B
:10235000044680F8483004D1FFF764FF002384F876
:10236000483010BD08B5026E01320266FFF7E6FF85
:10237000012008BD10B580210446FFF7DFFF94F867
:102380004830382B20464FF00001F6D1FFF7D6FF3A
:1023900020460021FFF7D2FF20460021FFF7CEFFA5
:1023A000216E2046490FFFF7C9FF216E2046C1F379
:1023B0004751FFF7C3FF216E2046C1F34731FFF7B6
:1023C000BDFF216E2046C1F34711FFF7B7FF216E15
:1023D000C900204601F0F801BDE81040FFF7AEBF8C
:1023E00010B50446FFF7C6FF0023E2180433D16C92
:1023F000142B09BAD164F8D104F14C0010BDF8B522
:1024000000F16406174604460D463046002140227E
:1024100025F082FA402F18DD2046FFF7EFFE2F440B
:10242000BD4206D0236815F8011B1B68204698475B
:10243000F6E72046FFF7D4FF00F1140250F8041B22
:1024400046F8041B9042F9D104E0304629463A464A
:1024500018F0B4FA2046FFF7D1FE254604F14006F5
:1024600095F86410236820461B6881F03601013519
:102470009847B542F4D1F8BD70B50446FFF7B0FFF8
:1024800004F1A40300F1140250F8041B43F8041BE8
:102490009042F9D12046FFF7B1FE04F140062546EF
:1024A00095F86410236820461B6881F05C010135B3
:1024B0009847B542F4D104F114062546236895F8EF
:1024C000A4101B68204601359847B542F6D1204636
:1024D000BDE87040FFF784BF024B00221A71024A28
:1024E0001A6070473091FF1F2886020080E80600BE
:1024F0007047FFFF1E2391FBF3F10B0E70B51E4ECC
:1025000003740B140446002543740B12816083741A
:10251000C174057394E8060045738573C57330462E
:10252000FFF76DFF336804F10C015B680822304649
:1025300098473046FFF7A0FF6061C37CE56103F078
:102540000F03A361E269C1181202E261495D01351E
:102550000A43042DE261F5D1084B22F0004292FBC0
:10256000F3F103FB1122E26120342046044925F0F7
:1025700007FC204670BD00BF3091FF1F40420F0096
:1025800030860200074B1860074B1B681844074B46
:102590001860074B02221A70064B1A68064B1A6025
:1025A000704700BFE891FF1F9C8CFF1FF891FF1F31
:1025B000EC91FF1FC4E2FF1FF491FF1F70B5164995
:1025C000164C0A68236816480068801AB0F57A7FAE
:1025D00002F57A7603F1010502D32B463246F2E783
:1025E000104D0A602A6823609A4213D80E4B1B686C
:1025F00083B1984710B1FFF7C5FF0BE00B4B1A688A
:10260000064B1B6813442B60094B1A78003218BF25
:1026100001221A70206870BDF491FF1FE891FF1F1E
:10262000C4E2FF1FF891FF1FF091FF1F9C8CFF1F5A
:10263000EC91FF1F08B5FFF7C1FF014B187808BDEB
:10264000EC91FF1FF8B506460D468F180C46BC42AC
:1026500006D0204622F0A0FE731B18550134F6E781
:10266000F8BDF8B506460D468F180C46BC4206D09C
:10267000731B2046195D22F0A3FE0134F6E7F8BD76
:1026800008B54FF4D5610122FFF7DCFF012008BD3A
:102690004FF4D5610122FFF7E4BF08B540F2A9610C
:1026A0000122FFF7CFFF012008BD40F2A9610122FE
:1026B000FFF7D7BF08B540F2AA610122FFF7C2FFBA
:1026C000012008BD40F2AA610122FFF7CABF08B588
:1026D00040F2D561D022FFF7B5FFD02008BD40F20F
:1026E000D561D022FFF7BDBF08B540F2AB61012232
:1026F000FFF7A8FF012008BD40F2AB610122FFF700
:10270000B0BF08B540F2AC610122FFF79BFF01208A
:1027100008BD40F2AC610122FFF7A3BF08B540F24B
:10272000AD610122FFF78EFF012008BD40F2AD61CF
:102730000122FFF796BF08B540F2A5710122FFF70D
:1027400081FF012008BD40F2A5710122FFF789BF7A
:1027500008B540F2A6710122FFF774FF012008BD01
:1027600040F2A6710122FFF77CBF08B540F2AE61CE
:102770000122FFF767FF012008BD40F2AE61012290
:10278000FFF76FBF08B540F2AF610122FFF75AFFB4
:10279000012008BD40F2AF610122FFF762BF08B51A
:1027A0004FF4D6610122FFF74DFF012008BD4FF421
:1027B000D6610122FFF755BF08B540F2D36101226F
:1027C000FFF740FF012008BD40F2D3610122FFF76F
:1027D00048BF08B540F2BF710122FFF733FF012067
:1027E00008BD40F2BF710122FFF73BBF08B540F2C0
:1027F000D4610122FFF726FF012008BD40F2D46119
:102800000122FFF72EBF08B540F2B1610122FFF7A8
:1028100019FF012008BD40F2B1610122FFF721BF7D
:1028200008B540F2B2610122FFF70CFF012008BD9C
:1028300040F2B2610122FFF714BF08B540F2B36164
:102840002022FFF7FFFE202008BD40F2B3612022C6
:10285000FFF707BF08B540F21C610122FFF7F2FE47
:10286000012008BD40F21C610122FFF7FABE08B545
:1028700040F21D610122FFF7E5FE012008BD40F294
:102880001D610122FFF7EDBE08B540F21E61012275
:10289000FFF7D8FE012008BD40F21E610122FFF7BC
:1028A000E0BE08B540F21F610122FFF7CBFE012018
:1028B00008BD40F21F610122FFF7D3BE08B54FF4F7
:1028C000C4610122FFF7BEFE012008BD4FF4C461C0
:1028D0000122FFF7C6BE08B540F221610122FFF7D1
:1028E000B1FE012008BD40F221610122FFF7B9BE0F
:1028F00008B540F222610122FFF7A4FE012008BDC5
:1029000040F222610122FFF7ACBE08B540F223611C
:102910000122FFF797FE012008BD40F2236101224A
:10292000FFF79FBE08B540F224610122FFF78AFE3F
:10293000012008BD40F224610122FFF792BE08B5D4
:1029400040F225610122FFF77DFE012008BD40F223
:1029500025610122FFF785BE08B540F226610122FC
:10296000FFF770FE012008BD40F226610122FFF74B
:1029700078BE08B540F227610122FFF763FE01200F
:1029800008BD40F227610122FFF76BBE08B54FF486
:10299000C5610122FFF756FE012008BD4FF4C56155
:1029A0000122FFF75EBE08B540F229610122FFF760
:1029B00049FE012008BD40F229610122FFF751BE06
:1029C00008B540F22A610122FFF73CFE012008BD54
:1029D00040F22A610122FFF744BE08B540F22B61A4
:1029E0000122FFF72FFE012008BD40F22B610122DA
:1029F000FFF737BE08B540F22C610122FFF722FE37
:102A0000012008BD40F22C610122FFF72ABE08B563
:102A100040F22D610122FFF715FE012008BD40F2B2
:102A20002D610122FFF71DBE08B540F22E61012283
:102A3000FFF708FE012008BD40F22E610122FFF7DA
:102A400010BE08B540F22F610122FFF7FBFD012007
:102A500008BD40F22F610122FFF703BE08B54FF415
:102A6000C6610122FFF7EEFD012008BD4FF4C661EB
:102A70000122FFF7F6BD08B540F231610122FFF7F0
:102A8000E1FD012008BD40F231610122FFF7E9BDFF
:102A900008B540F232610122FFF7D4FD012008BDE4
:102AA00040F232610122FFF7DCBD08B540F233612C
:102AB0000122FFF7C7FD012008BD40F2336101226A
:102AC000FFF7CFBD08B5AC210122FFF7BBFD012008
:102AD00008BDAC210122FFF7C4BD08B5AD2101221C
:102AE000FFF7B0FD012008BDAD210122FFF7B9BD00
:102AF00008B5AE210122FFF7A5FD012008BDAE21DA
:102B00000122FFF7AEBD08B5AF210122FFF79AFD04
:102B1000012008BDAF210122FFF7A3BD08B5B021F8
:102B20000122FFF78FFD012008BDB0210122FFF730
:102B300098BD08B5B1210122FFF784FD012008BD31
:102B4000B1210122FFF78DBD08B5B2210122FFF7A7
:102B500079FD012008BDB2210122FFF782BD08B531
:102B6000B3210122FFF76EFD012008BDB321012230
:102B7000FFF777BD08B5B4210122FFF763FD0120FF
:102B800008BDB4210122FFF76CBD08B5B5210122B3
:102B9000FFF758FD012008BDB5210122FFF761BDF7
:102BA00008B5B6210122FFF74DFD012008BDB62171
:102BB0000122FFF756BD08B5B7210122FFF742FDFC
:102BC000012008BDB7210122FFF74BBD08B5B82190
:102BD0000122FFF737FD012008BDB8210122FFF7D0
:102BE00040BD08B5B9210122FFF72CFD012008BD29
:102BF000B9210122FFF735BD08B5BA210122FFF73F
:102C000021FD012008BDBA210122FFF72ABD08B528
:102C1000BB210122FFF716FD012008BDBB210122C7
:102C2000FFF71FBD08B5BC210122FFF70BFD0120F6
:102C300008BDBC210122FFF714BD08B5BD2101224A
:102C4000FFF700FD012008BDBD210122FFF709BDEE
:102C500008B5BE210122FFF7F5FC012008BDBE2109
:102C60000122FFF7FEBC08B5BF210122FFF7EAFCF5
:102C7000012008BDBF210122FFF7F3BC08B5C02128
:102C80000122FFF7DFFC012008BDC0210122FFF770
:102C9000E8BC08B5C1210122FFF7D4FC012008BD22
:102CA000C1210122FFF7DDBC08B5C2210122FFF7D7
:102CB000C9FC012008BDC2210122FFF7D2BC08B522
:102CC000C3210122FFF7BEFC012008BDC321012260
:102CD000FFF7C7BC08B564210122FFF7B3FC012050
:102CE00008BD64210122FFF7BCBC08B565210122A3
:102CF000FFF7A8FC012008BD65210122FFF7B1BC48
:102D000008B566210122FFF79DFC012008BD662160
:102D10000122FFF7A6BC08B567210122FFF792FC4C
:102D2000012008BD67210122FFF79BBC08B568217F
:102D30000122FFF787FC012008BD68210122FFF76F
:102D400090BC08B569210122FFF77CFC012008BD79
:102D500069210122FFF785BC08B56A210122FFF72E
:102D600071FC012008BD6A210122FFF77ABC08B579
:102D70006B210122FFF766FC012008BD6B210122B7
:102D8000FFF76FBC08B56C210122FFF75BFC012047
:102D900008BD6C210122FFF764BC08B56D2101223A
:102DA000FFF750FC012008BD6D210122FFF759BC3F
:102DB00008B56E210122FFF745FC012008BD6E21F8
:102DC0000122FFF74EBC08B56F210122FFF73AFC44
:102DD000012008BD6F210122FFF743BC08B5702117
:102DE0000122FFF72FFC012008BD70210122FFF70F
:102DF00038BC08B571210122FFF724FC012008BD71
:102E000071210122FFF72DBC08B572210122FFF7C5
:102E100019FC012008BD72210122FFF722BC08B570
:102E200073210122FFF70EFC012008BD732101224E
:102E3000FFF717BC08B574210122FFF703FC01203E
:102E400008BD74210122FFF70CBC08B575210122D1
:102E5000FFF7F8FB012008BD75210122FFF701BC37
:102E600008B576210122FFF7EDFB012008BD762190
:102E70000122FFF7F6BB08B577210122FFF7E2FB3D
:102E8000012008BD77210122FFF7EBBB08B57821AF
:102E90000122FFF7D7FB012008BD78210122FFF7AF
:102EA000E0BB08B579210122FFF7CCFB012008BD6A
:102EB00079210122FFF7D5BB08B57A210122FFF75E
:102EC000C1FB012008BD7A210122FFF7CABB08B56A
:102ED0007B210122FFF7B6FB012008BD7B210122E7
:102EE000FFF7BFBB08B540F264610122FFF7AAFB00
:102EF000012008BD40F264610122FFF7B2BB08B5B2
:102F000040F265610122FFF79DFB012008BD40F200
:102F100065610122FFF7A5BB08B540F26661012299
:102F2000FFF790FB012008BD40F266610122FFF728
:102F300098BB08B540F267610122FFF783FB0120CF
:102F400008BD40F267610122FFF78BBB08B54FF463
:102F5000CD610122FFF776FB012008BD4FF4CD6162
:102F60000122FFF77EBB08B540F269610122FFF73D
:102F700069FB012008BD40F269610122FFF771BBC6
:102F800008B540F26A610122FFF75CFB012008BD31
:102F900040F26A610122FFF764BB08B540F26B6141
:102FA0000122FFF74FFB012008BD40F26B610122B7
:102FB000FFF757BB08B540F26C610122FFF742FBF7
:102FC000012008BD40F26C610122FFF74ABB08B541
:102FD00040F26D610122FFF735FB012008BD40F290
:102FE0006D610122FFF73DBB08B540F26E61012221
:102FF000FFF728FB012008BD40F26E610122FFF7B8
:1030000030BB08B540F26F610122FFF71BFB0120C6
:1030100008BD40F26F610122FFF723BB08B54FF4F2
:10302000CE610122FFF70EFB012008BD4FF4CE61F7
:103030000122FFF716BB08B540F271610122FFF7CC
:1030400001FB012008BD40F271610122FFF709BBBD
:1030500008B540F272610122FFF7F4FA012008BDC1
:1030600040F272610122FFF7FCBA08B540F27361C9
:103070000122FFF7E7FA012008BD40F27361012247
:10308000FFF7EFBA08B540F274610122FFF7DAFAF0
:10309000012008BD40F274610122FFF7E2BA08B5D1
:1030A00040F275610122FFF7CDFA012008BD40F220
:1030B00075610122FFF7D5BA08B540F276610122A9
:1030C000FFF7C0FA012008BD40F276610122FFF748
:1030D000C8BA08B540F277610122FFF7B3FA0120C0
:1030E00008BD40F277610122FFF7BBBA08B54FF483
:1030F000CF610122FFF7A6FA012008BD4FF4CF618E
:103100000122FFF7AEBA08B540F279610122FFF75C
:1031100099FA012008BD40F279610122FFF7A1BAB6
:1031200008B540F27A610122FFF78CFA012008BD50
:1031300040F27A610122FFF794BA08B540F27B6150
:103140000122FFF77FFA012008BD40F27B610122D6
:10315000FFF787BA08B546211022FFF773FA10204F
:1031600008BD46211022FFF77CBA38B505460C464B
:1031700011B9622102220BE04B1E172B0AD801F273
:1031800063610122FFF75EFA681C04F2A671012256
:10319000FFF758FA022038BD38B505460C4611B97C
:1031A000622102220BE04B1E172B0CD801F2636147
:1031B0000122FFF756FA681C04F2A6710122BDE84D
:1031C0003840FFF74EBA38BD08B55C210622FFF73C
:1031D00039FA062008BD5C210622FFF742BA08B57D
:1031E00056210622FFF72EFA062008BD5621062298
:1031F000FFF737BA37B501390446172900F2558170
:10320000DFE811F01800240031003E004B005800A8
:10321000650072007F008C009900A600B300C0001A
:10322000CD00DA00E700F40001010E011B012801C6
:10323000350142010DF10700FFF70CFB9DF8075027
:103240002046382DA8BF3825DC2129E10DF10700E3
:10325000FFF70DFB9DF807502046382DA8BF3825F5
:103260004FF48A711CE10DF10700FFF70DFB9DF88B
:1032700007502046382DA8BF38254FF4A6710FE11E
:103280000DF10700FFF70DFB9DF807502046382D84
:10329000A8BF38254FF4C27102E10DF10700FFF716
:1032A0000DFB9DF807502046382DA8BF38254FF458
:1032B000DE71F5E00DF10700FFF70DFB9DF80750FB
:1032C0002046382DA8BF38254FF4FA71E8E00DF1FB
:1032D0000700FFF70DFB9DF807502046382DA8BFCB
:1032E00038254FF40B71DBE00DF10700FFF70DFB04
:1032F0009DF807502046382DA8BF38254FF4197186
:10330000CEE00DF10700FFF70DFB9DF807502046BA
:10331000382DA8BF38254FF42771C1E00DF1070003
:10332000FFF70DFB9DF807502046382DA8BF382524
:103330004FF43571B4E00DF10700FFF70DFB9DF878
:1033400007502046382DA8BF38254FF44371A7E019
:103350000DF10700FFF70DFB9DF807502046382DB3
:10336000A8BF38254FF451719AE00DF10700FFF71F
:103370000DFB9DF807502046382DA8BF38254FF487
:103380005F718DE00DF10700FFF70DFB9DF8075011
:103390002046382DA8BF38254FF46D7180E00DF11F
:1033A0000700FFF70DFB9DF807502046382DA8BFFA
:1033B00038254FF47B7173E00DF10700FFF70DFB2B
:1033C0009DF807502046382DA8BF382540F22441EB
:1033D00066E00DF10700FFF70DFB9DF80750204652
:1033E000382DA8BF382540F25C4159E00DF10700A7
:1033F000FFF70DFB9DF807502046382DA8BF382554
:1034000040F294414CE00DF10700FFF70DFB9DF8F1
:1034100007502046382DA8BF382540F2CC413FE068
:103420000DF10700FFF70DFB9DF807502046382DE2
:10343000A8BF382540F2045132E00DF10700FFF734
:103440000DFB9DF807502046382DA8BF382540F2C7
:103450003C5125E00DF10700FFF70DFB9DF80750EB
:103460002046382DA8BF382540F2745118E00DF1E0
:103470000700FFF70DFB9DF807502046382DA8BF29
:10348000382540F2AC510BE00DF10700FFF70DFBC2
:103490009DF807502046382DA8BF382540F2E4514A
:1034A0003822FFF7CFF8284600E0002003B030BDF7
:1034B000013A13B50C46172A00F26881DFE812F0D2
:1034C00018002500330041004F005D006B007900BB
:1034D00087009500A300B100BF00CD00DB00E9002C
:1034E000F7000501130121012F013D014B01590195
:1034F000DC213822FFF7B5F802A8382CA8BF382401
:1035000000F8014DFFF7AEF940E14FF48A7138221F
:10351000FFF7A7F802A8382CA8BF382400F8014DFF
:10352000FFF7ADF932E14FF4A6713822FFF799F8B1
:1035300002A8382CA8BF382400F8014DFFF7ACF9D9
:1035400024E14FF4C2713822FFF78BF802A8382C1F
:10355000A8BF382400F8014DFFF7ABF916E14FF48E
:10356000DE713822FFF77DF802A8382CA8BF382476
:1035700000F8014DFFF7AAF908E14FF4FA7138227B
:10358000FFF76FF802A8382CA8BF382400F8014DC7
:10359000FFF7A9F9FAE04FF40B713822FFF761F851
:1035A00002A8382CA8BF382400F8014DFFF7A8F96D
:1035B000ECE04FF419713822FFF753F802A8382CC9
:1035C000A8BF382400F8014DFFF7A7F9DEE04FF45B
:1035D00027713822FFF745F802A8382CA8BF3824F5
:1035E00000F8014DFFF7A6F9D0E04FF4357138220D
:1035F000FFF737F802A8382CA8BF382400F8014D8F
:10360000FFF7A5F9C2E04FF443713822FFF729F81C
:1036100002A8382CA8BF382400F8014DFFF7A4F900
:10362000B4E04FF451713822FFF71BF802A8382C90
:10363000A8BF382400F8014DFFF7A3F9A6E04FF426
:103640005F713822FFF70DF802A8382CA8BF382484
:1036500000F8014DFFF7A2F998E04FF46D713822A0
:10366000FEF7FFFF02A8382CA8BF382400F8014D50
:10367000FFF7A1F98AE04FF47B713822FEF7F1FFE2
:1036800002A8382CA8BF382400F8014DFFF7A0F994
:103690007CE040F224413822FEF7E3FF02A8382CF8
:1036A000A8BF382400F8014DFFF79FF96EE040F203
:1036B0005C413822FEF7D5FF02A8382CA8BF382479
:1036C00000F8014DFFF79EF960E040F29441382286
:1036D000FEF7C7FF02A8382CA8BF382400F8014D18
:1036E000FFF79DF952E040F2CC413822FEF7B9FFD6
:1036F00002A8382CA8BF382400F8014DFFF79CF928
:1037000044E040F204513822FEF7ABFF02A8382C07
:10371000A8BF382400F8014DFFF79BF936E040F2CE
:103720003C513822FEF79DFF02A8382CA8BF382450
:1037300000F8014DFFF79AF928E040F27451382261
:10374000FEF78FFF02A8382CA8BF382400F8014DDF
:10375000FFF799F91AE040F2AC513822FEF781FFE9
:1037600002A8382CA8BF382400F8014DFFF798F9BB
:103770000CE040F2E4513822FEF773FF02A8382C27
:10378000A8BF382400F8014DFFF797F902B010BD2B
:10379000013908B5172941D8DFE801F00C0E1012E5
:1037A0001416181A1C1E20222426282A2C2E3032E9
:1037B0003436383A7C212CE07D212AE07E2128E035
:1037C0007F2126E0802124E0812122E0822120E067
:1037D00083211EE084211CE085211AE0862118E067
:1037E000872116E0882114E0892112E08A2110E067
:1037F0008B210EE08C210CE08D210AE08E2108E067
:103800008F2106E0902104E0912102E0922100E066
:1038100093210122FEF716FF012008BD002008BDFC
:10382000013917293FD8DFE801F00C0E10121416E9
:10383000181A1C1E20222426282A2C2E3032343618
:10384000383A7C212CE07D212AE07E2128E07F216E
:1038500026E0802124E0812122E0822120E08321D2
:103860001EE084211CE085211AE0862118E08721D2
:1038700016E0882114E0892112E08A2110E08B21D2
:103880000EE08C210CE08D210AE08E2108E08F21D2
:1038900006E0902104E0912102E0922100E09321D2
:1038A0000122FEF7DEBE7047013908B5172941D85D
:1038B000DFE801F00C0E10121416181A1C1E20223C
:1038C0002426282A2C2E30323436383A94212CE003
:1038D00095212AE0962128E0972126E0982124E0EE
:1038E000992122E09A2120E09B211EE09C211CE0EE
:1038F0009D211AE09E2118E09F2116E0A02114E0EE
:10390000A12112E0A22110E0A3210EE0A4210CE0ED
:10391000A5210AE0A62108E0A72106E0A82104E0ED
:10392000A92102E0AA2100E0AB210122FEF78AFED4
:10393000012008BD002008BD013917293FD8DFE864
:1039400001F00C0E10121416181A1C1E2022242628
:10395000282A2C2E30323436383A94212CE0952106
:103960002AE0962128E0972126E0982124E0992159
:1039700022E09A2120E09B211EE09C211CE09D2159
:103980001AE09E2118E09F2116E0A02114E0A12159
:1039900012E0A22110E0A3210EE0A4210CE0A52159
:1039A0000AE0A62108E0A72106E0A82104E0A92159
:1039B00002E0AA2100E0AB210122FEF752BE7047CF
:1039C000013908B5172941D8DFE801F00C0E1012B3
:1039D0001416181A1C1E20222426282A2C2E3032B7
:1039E0003436383AC4212CE0C5212AE0C62128E02B
:1039F000C72126E0C82124E0C92122E0CA2120E015
:103A0000CB211EE0CC211CE0CD211AE0CE2118E014
:103A1000CF2116E0D02114E0D12112E0D22110E014
:103A2000D3210EE0D4210CE0D5210AE0D62108E014
:103A3000D72106E0D82104E0D92102E0DA2100E014
:103A4000DB210122FEF7FEFD012008BD002008BD9C
:103A5000013917293FD8DFE801F00C0E10121416B7
:103A6000181A1C1E20222426282A2C2E30323436E6
:103A7000383AC4212CE0C5212AE0C62128E0C7211C
:103A800026E0C82124E0C92122E0CA2120E0CB2180
:103A90001EE0CC211CE0CD211AE0CE2118E0CF2180
:103AA00016E0D02114E0D12112E0D22110E0D32180
:103AB0000EE0D4210CE0D5210AE0D62108E0D72180
:103AC00006E0D82104E0D92102E0DA2100E0DB2180
:103AD0000122FEF7C6BD7047013908B5172959D82C
:103AE000DFE801F00C0F1215181B1E2124272A2DC8
:103AF000303336393C3F4245484B4E5140F23461F9
:103B000043E040F2356140E040F236613DE040F292
:103B100037613AE04FF4C76137E040F2396134E091
:103B200040F23A6131E040F23B612EE040F23C610C
:103B30002BE040F23D6128E040F23E6125E040F29A
:103B40003F6122E04FF4C8611FE040F241611CE098
:103B500040F2426119E040F2436116E040F24461F4
:103B600013E040F2456110E040F246610DE040F2A2
:103B700047610AE04FF4C96107E040F2496104E09F
:103B800040F24A6101E040F24B610122FEF75AFD2A
:103B9000012008BD002008BD0139172957D8DFE8EA
:103BA00001F00C0F1215181B1E2124272A2D30336B
:103BB00036393C3F4245484B4E5140F2346143E078
:103BC00040F2356140E040F236613DE040F237615D
:103BD0003AE04FF4C76137E040F2396134E040F237
:103BE0003A6131E040F23B612EE040F23C612BE073
:103BF00040F23D6128E040F23E6125E040F23F6145
:103C000022E04FF4C8611FE040F241611CE040F245
:103C1000426119E040F2436116E040F2446113E072
:103C200040F2456110E040F246610DE040F247612C
:103C30000AE04FF4C96107E040F2496104E040F254
:103C40004A6101E040F24B610122FEF70ABD704774
:103C5000013908B5172959D8DFE801F00C0F121502
:103C6000181B1E2124272A2D303336393C3F42456C
:103C7000484B4E5140F24C6143E040F24D6140E010
:103C800040F24E613DE040F24F613AE04FF4CA61CC
:103C900037E040F2516134E040F2526131E040F2ED
:103CA00053612EE040F254612BE040F2556128E070
:103CB00040F2566125E040F2576122E04FF4CB61BB
:103CC0001FE040F259611CE040F25A6119E040F2F5
:103CD0005B6116E040F25C6113E040F25D6110E070
:103CE00040F25E610DE040F25F610AE04FF4CC61AA
:103CF00007E040F2616104E040F2626101E040F2FD
:103D000063610122FEF79EFC012008BD002008BD72
:103D10000139172957D8DFE801F00C0F1215181BCD
:103D20001E2124272A2D303336393C3F4245484B4B
:103D30004E5140F24C6143E040F24D6140E040F2B0
:103D40004E613DE040F24F613AE04FF4CA6137E026
:103D500040F2516134E040F2526131E040F253618F
:103D60002EE040F254612BE040F2556128E040F231
:103D7000566125E040F2576122E04FF4CB611FE02D
:103D800040F259611CE040F25A6119E040F25B6177
:103D900016E040F25C6113E040F25D6110E040F239
:103DA0005E610DE040F25F610AE04FF4CC6107E034
:103DB00040F2616104E040F2626101E040F263615F
:103DC0000122FEF74EBC7047653908B51F2975D82A
:103DD000DFE801F0101316191C1F2225282B2E31A5
:103DE00034373A3D404346494C4F5255585B5E612B
:103DF00064676A6D40F27C615BE040F27D6158E08F
:103E000040F27E6155E040F27F6152E04FF4D061B4
:103E10004FE040F281614CE040F2826149E040F2C3
:103E2000836146E040F2846143E040F2856140E016
:103E300040F286613DE040F287613AE04FF4D161A3
:103E400037E040F2896134E040F28A6131E040F2CB
:103E50008B612EE040F28C612BE040F28D6128E016
:103E600040F28E6125E040F28F6122E04FF4D26192
:103E70001FE040F291611CE040F2926119E040F2D3
:103E8000936116E040F2946113E040F2956110E016
:103E900040F296610DE040F297610AE04FF4D36181
:103EA00007E040F2996104E040F29A6101E040F2DB
:103EB0009B610122FEF7C6FB012008BD002008BD62
:103EC00065391F2973D8DFE801F0101316191C1F7C
:103ED0002225282B2E3134373A3D404346494C4F5A
:103EE0005255585B5E6164676A6D40F27C615BE0CD
:103EF00040F27D6158E040F27E6155E040F27F6122
:103F000052E04FF4D0614FE040F281614CE040F26A
:103F1000826149E040F2836146E040F2846143E01F
:103F200040F2856140E040F286613DE040F2876109
:103F30003AE04FF4D16137E040F2896134E040F279
:103F40008A6131E040F28B612EE040F28C612BE01F
:103F500040F28D6128E040F28E6125E040F28F61F1
:103F600022E04FF4D2611FE040F291611CE040F288
:103F7000926119E040F2936116E040F2946113E01F
:103F800040F2956110E040F296610DE040F29761D9
:103F90000AE04FF4D36107E040F2996104E040F297
:103FA0009A6101E040F29B610122FEF75ABB704723
:103FB000013908B5032913D8DFE801F00205080B21
:103FC00040F29C6107E040F29D6104E040F29E6196
:103FD00001E040F29F610122FEF734FB012008BDA1
:103FE000002008BD0139032911D8DFE801F00205DE
:103FF000080B40F29C6107E040F29D6104E040F252
:104000009E6101E040F29F610122FEF72ABB7047EA
:1040100008B50846114604F045F8002008BDFFFF2A
:1040200010B5044612480CF0BFF96379642B1ED911
:10403000A37903F00F03012B04D1E11D0D4810F00B
:10404000EBFC0DE0022B02D10CF0B4F903E0032BE2
:1040500006D10CF0B3F90246E11D06480CF0B2F9A6
:10406000044800214122BDE8104023F055BC10BD9A
:10407000A58000007895FF1F034B044819780122A2
:10408000C901134602F09CBFFC91FF1F6896FF1FF9
:1040900038B5254B1B78032B05460C461CD006D89B
:1040A000012B10D0022B39D10CF084F916E0662BCD
:1040B0001FD0672B28D0042B30D108462A461B4935
:1040C00008F050FC1EE00846184A294610F0B2FCE1
:1040D000003018BF012038BD0CF070F903461349B9
:1040E000284622460CF0AAF9D0F1010038BF002082
:1040F00038BD0CF05FF90D490346224628460CF006
:1041000025FA08B1002038BD0CF058F907490346DC
:10411000224628460CF01AFA0028F3D1044803F08E
:1041200019F9012038BD00BFFC91FF1FAC92FF1FA1
:10413000A88602002DE9F04F91B0DFF8E481734DBD
:1041400098F8003092466A46A2EBC3128B460021D3
:1041500004AF0646954628460A460FF0DCFB07F1F9
:104160000C000DF096FF07F118000DF092FF07F11B
:1041700024000DF08EFF98F8003005F11400DB01EB
:104180004FF001116B600DF0F7FF0DF110090446BF
:1041900000286CD15E4B98F800207B60194605F131
:1041A0002C0092010EF043F87B68044600285ED193
:1041B00098F80020920105F1380099180EF037F8B0
:1041C0000446002853D105F1080005F12C0105F142
:1041D00038020EF004FB0446002848D107F10C0019
:1041E00005F12C0101220EF0E4FA044600283ED12C
:1041F00007F1180005F1380101220EF0DAFA044641
:10420000A8BB07F1240007F10C0107F118020EF01A
:10421000E6FA044658BB05F1200005F1140107F148
:1042200024020FF011F8044608BB05F1440005F123
:10423000200107F10C020EF00FFD0446B8B905F19C
:10424000500005F1200107F118020EF005FD0446AB
:1042500068B905F15C00A0F12401A0F130020EF074
:10426000F3FF044618B928460FF08EFB044607F109
:104270000C000DF015FF07F118000DF011FF07F10C
:1042800024000DF00DFF0CB1224836E098F8003004
:1042900080226FF0090112FB0311B142DCBF6FF005
:1042A0000A0612FB0366202E0CD003DC1C2E0BD159
:1042B00005230AE0302E03D0402E05D1082304E068
:1042C000072302E0062300E000238DE84808124996
:1042D000CDF80C90012300220C480FF0D5FE98F881
:1042E000002004464946D201504616F067FB0748B5
:1042F0000FF098FF204624B1084803F02BF84FF048
:10430000FF303437BD46BDE8F08F00BFCC94FF1FAF
:10431000CC92FF1FC1860200114000002B870200D3
:10432000FC91FF1F2DE9F04F95B0454B19784FF0E8
:10433000FF3202EBC11202F1010A083222F0070239
:1043400002AFE846ADEB020D3E4A117802AC9B4647
:1043500021B90A4605F040FBF8226AE0042967D13A
:10436000394E3A4D33681C2BB1460FD023F0100262
:10437000202A0BD0402B09D0354802F0EBFF01205A
:1043800003F09EF90021316028684CE0314E31780D
:10439000727800932868304B05F07CFB2F4B2D681A
:1043A00024221A702946D9F800207B6007F1080002
:1043B00016F004FB284600214FF4806223F0ACFA8B
:1043C0002246D9F80000264D07F10801FFF7B2FE9A
:1043D0007B680246A0B9F6211970B3789BF80010EB
:1043E0002B70012B20464FEAC11103D11A4602F06F
:1043F000E7FD0AE0134602F0E3FD03F049FA04E0AA
:10440000002218481A7002F0A5FF552003F058F951
:1044100020460021524623F07FFA2B78012B0AD048
:10442000114B186800214FF4806223F075FA02E006
:1044300023220A4B1A704C37C546BD46BDE8F08FA3
:10444000FC91FF1F00BAFF1F4CBAFF1FB88CFF1F63
:10445000E5860200999BFF1F1091FF1FD5B9FF1F32
:10446000D8B9FF1F0E870200A88CFF1F2DE9F0436B
:104470004E4C4F4D884600218FB08146174620464E
:104480000A460FF048FA05A80DF003FE08A80DF043
:1044900000FE0BA80DF0FDFD2B7804F11400DB01EC
:1044A0004FF0011163600DF067FE00284FD1414EBF
:1044B0002A7804F12C00314692010DF0B8FE002854
:1044C00045D12A78920104F13800B1180DF0AFFE01
:1044D00000283CD104F1080004F12C0104F1380259
:1044E0000EF07DF998BB05A804F12C0101220EF015
:1044F00060F960BB08A804F1380101220EF059F9F7
:1045000028BB0BA805A908AA0EF069F9F8B904F1AF
:10451000200004F114010BAA0EF096FEB8B904F1C4
:10452000440004F1200105AA0EF096FB78B904F1CD
:10453000500004F1200108AA0EF08EFB38B904F1F6
:104540005C00A0F12401A0F130020EF07DFE05A870
:104550000DF0A6FD08A80DF0A3FD0BA80DF0A0FD21
:1045600012480FF011FA044668B1134802F0F2FE47
:104570000E480FF057FE2046ACB1104802F0EAFE9C
:104580004FF0FF300FE04FF40073039321462246B3
:10459000CDF80090CDF804800297044801230FF075
:1045A000F7FC0446E4E70FB0BDE8F0830092FF1F7C
:1045B000FC91FF1FCC92FF1FC186020025870200DD
:1045C0002DE9F04F85B03E4B02AF197800247C6096
:1045D00021B90A4605F000FAF9226AE0042967D1F8
:1045E000384DDFF800B12B689BF80020364EB3EB56
:1045F000C21FEA4609D0354802F0ACFE012003F0A4
:104600005FF82C60306821464CE0DFF8DC80DFF892
:10461000D09098F8001098F80120009330682C4B47
:1046200005F038FA242389F800309BF8003036680A
:10463000AAEBC31295460DF1080B31462A68254DA9
:10464000584616F0BBF9304621464FF4806223F0FD
:1046500063F92A68204E381D5946FFF707FF0246C6
:1046600098B9F62389F8003098F802303370012B9E
:104670002868796803D11A4602F0A2FC0AE01346C2
:1046800002F09EFC03F004F904E0144889F80040AD
:1046900002F060FE552003F013F83378012B05D0AB
:1046A000286800214FF4806223F036F9D54602E0F5
:1046B00023220B4B1A700C37BD46BDE8F08F00BFAC
:1046C00000BAFF1F4CBAFF1FB88CFF1F54870200AF
:1046D0001091FF1FA88CFF1FD8B9FF1F8087020011
:1046E000D5B9FF1FFC91FF1F999BFF1FF0B58BB041
:1046F000064601A80DF0CDFC36B204A8184F0DF007
:10470000C8FCB50107A80DF0C4FC01A839462A462B
:104710000DF08DFD044698B904A879192A460DF0CC
:1047200086FD044660B907A801A904AA0EF057F84F
:10473000044628B907A80B49F2010DF0B2FD044662
:1047400001A80DF0ADFC04A80DF0AAFC07A80DF01F
:10475000A7FC14B1044802F0FDFD0BB0F0BD00BF92
:10476000CC92FF1F6896FF1F9A8702002DE9F04345
:10477000474C484D884600218FB081461746204659
:104780000A460FF0C8F805A80DF083FC08A80DF044
:1047900080FC0BA80DF07DFC2B7804F11400DB01EC
:1047A0004FF0011163600DF0E7FC00284FD13A4E45
:1047B0002A7804F12C00314692010DF038FD0028D2
:1047C00045D12A78920104F13800B1180DF02FFD7F
:1047D00000283CD104F1080004F12C0104F1380256
:1047E0000DF0FDFF98BB05A804F12C0101220DF08E
:1047F000E0FF60BB08A804F1380101220DF0D9FFE9
:1048000028BB0BA805A908AA0DF0E9FFF8B904F127
:10481000200004F114010BAA0EF016FDB8B904F142
:10482000440004F1200105AA0EF016FA78B904F14B
:10483000500004F1200108AA0EF00EFA38B904F174
:104840005C00A0F12401A0F130020EF0FDFC05A8EF
:104850000DF026FC08A80DF023FC0BA80DF020FCA1
:104860000B480FF065F8024670B90C49CDF800907E
:104870001346CDF80480029705480FF013FB044659
:1048800003480FF0CFFC20460FB0BDE8F08300BF17
:10489000BC95FF1FFC91FF1FCC92FF1F1140000031
:1048A000F0B50025ECB20B1B0444DBB2E4B29C4231
:1048B00005F1010504D2165DD75C1755D654F1E712
:1048C000F0BDFFFF08B517480021412223F024F86E
:1048D000154B1B78012B05D112481449BDE808403F
:1048E00009F058BF022B02D10BF064FD03E0032B4B
:1048F00008D10BF063FD02460A490C48BDE80840A8
:104900000BF063BE042B0BD100201F21074AFFF7D9
:10491000C7FF044805490022BDE8084008F022B856
:1049200008BD00BF7895FF1FFC91FF1FAC92FF1FD1
:1049300038B5144D0446407905F0F6F82B78012B74
:1049400005D1A379042B02D12B70FFF7BBFF2B7885
:10495000042B04D0012B14BF4021202100E0202192
:1049600001221346084802F02BFB00214022064892
:1049700022F0D2FF054800212022BDE8384022F075
:10498000CBBF00BFFC91FF1F7895FF1FAC92FF1FAC
:1049900038B505462C4608F0EDFA044B44F8783B50
:1049A000204609F06BFC6C60284638BD408602004A
:1049B0002DE9F04FADF5097D02AF044607F1A000E7
:1049C0009A468846164609F0F9F907F1A00009F061
:1049D0009FF9073020F00700ADEB000D07F1A000B4
:1049E00009F096F907F58C79FF22BAFBF0FB00215C
:1049F000484622F091FF02AD0022954B13441B79EB
:104A0000022B19D107F130007A60FCF7ADFF07F1F6
:104A1000300049467A68FCF7D1FF07F1300049467B
:104A2000FCF7EDFF74B9214607F11000212222F0B6
:104A300073FF07F1100405E0FF2AE3D009F8023004
:104A40000132DAE7214607F1A000212209F035FB07
:104A50004146202207F1A00009F09EFA07F1A000CC
:104A600009F056F92146212200902B4607F1A000BB
:104A700009F03CFB07F1A00009F04AF900F121031D
:104A800000F12008283020F00700ADEB000D02AC4B
:104A9000FB60012304F8083007F1A00009F038F9A1
:104AA00007F59C7E22184B4603CB7345106051607E
:104AB000994602F10802F6D107F1A00009F028F9A1
:104AC0002946024607F1A00009F0F7FA07F1A00015
:104AD00009F01EF92122211807F1A00009F05CFA63
:104AE00007F1A00009F014F9814607F1A00009F0D0
:104AF0000FF94A4629460090334607F1A00009F015
:104B0000F5FA14F80830013304F8083007F1A00072
:104B100009F0FEF831460246204615F04FFF4FF0EF
:104B20000109D94507F1A0003EDA09F0F1F829465C
:104B3000024607F1A00009F0C0FA2146FA6807F121
:104B4000A00009F029FA07F1A00009F0E1F80246F7
:104B500007F1A0007A6009F0DBF809FB006307F1B8
:104B6000A000BB6009F0D4F800907A68BB682946C1
:104B700007F1A00009F0BAFA14F80830013304F87C
:104B8000083007F1A00009F0C3F809FB006107F144
:104B9000A000B96009F0BCF8B9680246204615F0DB
:104BA0000DFF09F10109BCE709F0B2F8BAFBF0F317
:104BB00003FB10A000283DD007F1A00009F0A8F8E1
:104BC000073020F00700E946ADEB000D07F1A0002B
:104BD00009F09EF80BFB10AA07F1A00009F098F865
:104BE0002946024607F1A00009F067FA2146FA6853
:104BF00007F1A00009F0D0F907F1A00009F088F84A
:104C0000044607F1A00009F083F80DF108080090B0
:104C100029462246434607F1A00009F067FA07F14A
:104C2000A00009F075F841460BFB0060524615F0F4
:104C3000C5FECD4607F1A00009F09AF807F1A000E3
:104C400009F0A2F807F50777BD46BDE8F08F00BF71
:104C50001C9CFF1F70B506469CB00D461446CAB991
:104C6000842004F061FF21464122134822F054FEC3
:104C70006846FCF779FE684610492022FCF79EFE44
:104C8000684629462022FCF799FE68460B49FCF746
:104C9000B6FE0AE0802A08D1104604F045FF074915
:104CA00028460A462023FFF783FE054B1E70FFF7B8
:104CB00009FE1CB070BD00BF7895FF1FAC92FF1FAE
:104CC000FC91FF1F10B504464079042809D8A37948
:104CD0004BB904F07DFFF8B12046BDE81040FFF766
:104CE000CBB9742807D804F01FFFA8B12046BDE84F
:104CF0001040FFF71DBE84280ED1A07904280BD8E0
:104D0000E11D0022FFF7A6FF0022044840211346C0
:104D1000BDE8104002F054B910BD00BF7895FF1FE8
:104D20002DE9F043654C664E664D23683178727804
:104D3000F1B0074600932868634B04F0ABFE4EA821
:104D40000021882222F0E8FD604B4E93604B4F9388
:104D5000604B509378794023519320235293C82875
:104D60002EAB5393B04632D9C92804D121682B68A1
:104D70002039012005E0CA2806D121682B68203996
:104D80000220194400221CE0CB2804D121682B68A2
:104D900020390320F5E7D32804D121682B68203976
:104DA00001200CE0D42804D121682B68203902208E
:104DB00005E0D52807D121682B6820390320194444
:104DC0008022FFF747FF2368203B236005E0A0F126
:104DD00065030F2B6ED804F0A7FE2268DFF8DC9085
:104DE0003D4F202A12AE01D0402A04D102A82968E2
:104DF00015F0E4FD12E03046FCF7B6FD30462968B8
:104E0000D9F80020FCF7DAFD304602A9FCF7F7FDDF
:104E10003B78012B1CBF2023C9F800302F4A2423E4
:104E200013703B78012B174608D123680093304656
:104E30002B492C4A2B6809F029FC10E0022B02D1E7
:104E40000BF0B8FA03E0032B09D10BF0B7FA01908D
:104E500000962348226802A94EAB0BF0F6FBF6231E
:104E600098F802203B70204B012A1A7030464FF010
:104E7000400103D1134602F0A3F805E001221346D6
:104E800002F09EF802F004FD552002F019FC28689B
:104E900000214FF4806222F03FFD002141221148A1
:104EA00022F03AFD0E480021202271B0BDE8F04307
:104EB00022F032BD71B0BDE8F08300BF4CBAFF1FD5
:104EC000999BFF1FB88CFF1F1091FF1F3D5F0100D2
:104ED000435F0100495F0100FC91FF1FD5B9FF1F2F
:104EE000AC92FF1F7895FF1FD8B9FF1F08B5094B7B
:104EF000197821B90A4604F06FFDF82206E004296A
:104F000003D1BDE80840FFF70BBF2322024B1A7004
:104F100008BD00BF00BAFF1FD5B9FF1F10B504467A
:104F20001A480BF041FA607964280DD804F050FE5D
:104F3000174B1B780BB9174819E0420616D52046C7
:104F4000BDE81040FFF7EEB900F13702D2B2032AF4
:104F500014D9A0F165020F2A15D804F0E5FDC0B2FE
:104F60000B4B1B78002BE6D0430607D40A4802F00F
:104F7000F1F90020BDE8104002F0A2BB2046BDE8D8
:104F80001040FFF7B3BF0020EAE700BFA580000094
:104F9000FC91FF1FB8870200D68702002DE9F0417F
:104FA00094B00446002103A8412222F0B5FC5B4BDB
:104FB0001E7846B932462046314604F00DFD584B66
:104FC000F9221A70A7E0042E40F0A580DFF8708166
:104FD000544F554DD8F8003039787A7828680093C6
:104FE000524B04F057FD6079C928444632D9CA288B
:104FF00004D121682B682039022005E0CB2806D196
:1050000021682B6820390320194400221CE0CC2899
:1050100004D121682B6820393046F5E7D42804D123
:1050200021682B68203902200CE0D52804D12168A2
:105030002B682039032005E0D62807D121682B688A
:105040002039304619448022FFF704FE2368203BB4
:10505000236005E0A0F165020F2A5CD804F064FD2E
:10506000334B1A78911E01299CBF64321A701B7849
:10507000012B06D12E4B04221A702026FFF722FCAA
:1050800000E040262268212A01D0412A05D1296862
:105090002848013A2260013105E0202A01D0402A47
:1050A00003D12448296815F089FC1D4A2323137075
:1050B0002368402B144601D0202B03D11D4803A99F
:1050C000FEF7E6FFF623BA7823701B4B012A1A700D
:1050D00003A8314603D1134601F072FF05E0012217
:1050E000134601F06DFF02F0D3FB552002F0E8FA01
:1050F000286800214FF4806222F00EFC002141223A
:105100000C4822F009FC0D480021202214B0BDE813
:10511000F04122F001BC14B0BDE8F08100BAFF1FDD
:10512000D5B9FF1F999BFF1FB88CFF1F1091FF1F60
:10513000FC91FF1F7895FF1FD8B9FF1FAC92FF1F8E
:105140004CBAFF1F10B504461A480BF02DF96079D0
:1051500064280DD804F03CFD174B1B780BB9174899
:1051600019E0820616D52046BDE81040FFF728BAA0
:1051700000F13702D2B2032A14D9A0F165020F2A36
:1051800015D804F0D1FCC0B20B4B1B78002BE6D035
:10519000830607D40A4802F0DDF80020BDE810407D
:1051A00002F08EBA2046BDE81040FFF7F7BE00209F
:1051B000EAE700BFA5800000FC91FF1FB88702004E
:1051C000F9870200F0B55D4B5D4E1B7896F84050B4
:1051D000042B89B0344640F0AF80304603F010F81D
:1051E000074660B939460922564822F095FB3046F9
:1051F0003946502209B0BDE8F04022F08DBB524B39
:105200000022382D1A701E4601D1812002E0302D77
:1052100003D1822004F088FC06E06B1E172B03D814
:105220004A48294604F042FC494B1B7853B9EA1816
:105230000DF803200133202BF9D1002069460246E6
:10524000FFF708FD94F839200323202A33703C4BE4
:1052500017D193F83A20202A13D193F83B20202A23
:105260000FD193F83C20202A0BD193F83D20202A1F
:1052700007D193F83E20202A03D193F83F60202ED7
:1052800007D03F22A35C13B9013A0E2AFAD10132AA
:10529000D6B2304D2D4928461422FDF7B0F82B68C0
:1052A00027495B683246284698472846FDF7E4F8C8
:1052B0006A46034600F1100618685968154603C58A
:1052C0000833B3422A46F7D118682860202200210B
:1052D0001E4822F021FB142168460BF0DDFABDF8D0
:1052E0000420A28008AA054652F8191D00989DF8CE
:1052F000063020601848A160A37191889279C0237C
:10530000E3718271C1228180E27308AA103052F8E1
:10531000121D2161928820F8042CC222E27500211E
:10532000382222F0F9FAE84380B2C323A075E3776C
:1053300000124B232076237709B0F0BD00BAFF1F7F
:105340006DBBFF1F5DBAFF1FD8B9FF1FAC92FF1FD7
:10535000FC91FF1F3091FF1F75BBFF1F10B5054B60
:10536000044640F82C3B08F0F7FE204609F034FBD9
:10537000204610BD808602002DE9F041CAB00546E6
:105380000BAC68460E4690461F4609F057FB0F4B84
:105390000093204608F072FF6846019409F039FB3B
:1053A00041466846202209F0EFFA3146684610224D
:1053B00009F0FDFA684629462A463B4609F08EFA6E
:1053C0006846FFF7CBFF4AB0BDE8F0818086020057
:1053D0002DE9F041CAB005460BAC68460E46904632
:1053E0001F4609F02BFB0F4B0093204608F046FFA9
:1053F0006846019409F00DFB41466846202209F0F9
:10540000C3FA31466846102209F0D1FA68462946A7
:105410002A463B4609F08DFA6846FFF79FFF4AB0DF
:10542000BDE8F0818086020010B50446FFF796FFC4
:10543000204620F0B5FB204610BDFFFF10B5054B00
:10544000044640F8783B08F087FE204607F010FD40
:10545000204610BD408602002DE9F041ADF5227DC9
:1054600007460C4644A898461546FFF791FA8DF872
:10547000004001AC0C2120468DF8015000F09DFA4F
:105480000CA8FCF771FA244E0CA821460C22FCF75C
:1054900095FA0CA869460222FCF790FA04AD0CA814
:1054A00031462022FCF78AFA0CA82946FCF7A7FA15
:1054B00095E8070084E8070028A8FCF755FA28A813
:1054C00041461022FCF77AFA28A869460222FCF726
:1054D00075FA202228A83146FCF770FA294628A838
:1054E000FCF78DFA44A807F021FC294644A82022A5
:1054F00007F02FFC214644A80C2207F0B7FB44A874
:1055000039463A46A89B07F04BFB44A8FFF796FFA5
:105510000DF5227DBDE8F0816090FF1F2DE9F0417F
:10552000ADF5227D07460C4644A898461546FFF780
:105530002FFA8DF8004001AC0C2120468DF8015067
:1055400000F03BFA0CA8FCF70FFA244E0CA82146F9
:105550000C22FCF733FA0CA869460222FCF72EFA5B
:1055600004AD0CA831462022FCF728FA0CA82946E5
:10557000FCF745FA95E8070084E8070028A8FCF73F
:10558000F3F928A841461022FCF718FA28A8694622
:105590000222FCF713FA202228A83146FCF70EFA63
:1055A000294628A8FCF72BFA44A807F0BFFB294698
:1055B00044A8202207F0CDFB214644A80C2207F086
:1055C00055FB44A839463A46A89B07F06EFC44A810
:1055D000FFF734FF0DF5227DBDE8F0816090FF1FDD
:1055E000F0B5DFB0044668461E460D461746FFF785
:1055F000CFF9684607F09AFB39466846202207F043
:10560000A8FB294668460C2207F030FB6846214675
:105610002246334607F0C4FA6846FFF70FFF5FB033
:10562000F0BDF0B5DFB0044668461E460D4617468D
:10563000FFF7AEF9684607F079FB39466846202245
:1056400007F087FB294668460C2207F00FFB6846E7
:1056500021462246334607F028FC6846FFF7EEFE57
:105660005FB0F0BD7FB505460C46164600210C2202
:1056700001A822F051F9284601A9054A234616B18E
:10568000FFF7CFFF01E0FFF7ABFF04B070BD00BF35
:10569000EEDEFF1F10B50446FFF7D0FE204620F0D7
:1056A0007FFA204610BDFFFF10B5064C0649204684
:1056B000FCF74CFA20460549FCF748FA044B002059
:1056C000187010BD8490FF1F30BBFF1F4CBBFF1F25
:1056D00055BAFF1F38B5434B434C1D78012D12D1ED
:1056E00000210A46207809F051FC002102463F487B
:1056F00009F030FC00210A46207809F047FC2946D1
:1057000002463A4858E02B2D0FD820784008014631
:10571000002209F03BFC00210246344809F01AFC43
:10572000207840080146002241E0552D0CD8002089
:105730002178024609F02AFC002102462B4809F094
:1057400009FC0020217831E0802D0FD8217849080C
:105750000A46002009F01AFC00210246234809F0FD
:10576000F9FB2178490800200A4620E0AA2D0DD82F
:1057700000200146227809F009FC002102461B485E
:1057800009F0E8FB00200146227810E0D52D15D85D
:10579000207840080021024609F0F8FB002102466B
:1057A000124809F0D7FB207800214008024609F092
:1057B000EDFB02460D48012109F0CCFB0B4809F036
:1057C0002FFB23780833DBB223704BB90848094913
:1057D000FCF7BCF906480849BDE83840FCF7E7B9D2
:1057E00038BD00BFD6B9FF1FF0BAFF1FDCBAFF1FDC
:1057F0008490FF1F30BBFF1F4CBBFF1F13B542241B
:1058000020461FF0C9FD02AB23440134462C03F8A7
:10581000460CF5D1019802B010BD37B54224019075
:1058200002AB2344204613F8465C1FF0B5FD8542C9
:1058300003D0204629461FF0C3FD0134462CEFD18A
:1058400003B030BD034B002118604022024822F013
:1058500063B800BFD8B9FF1F9E9BFF1F70B50446F9
:1058600014F8010BC0B1FF28FAD00E4E1FF050FB08
:105870003378032513FB03F393FBF5F0A84016F0F0
:1058800077F81FF091FB337813FB03F393FBF5F0EC
:10589000A84016F06DF8E3E70348BDE8704020F03B
:1058A0006FB900BFA48CFF1FF8E4FF1F10B542249E
:1058B0002046002101341FF083FDB4F5006FF7D1BD
:1058C00010BD10B54FF46A342046002104F5006481
:1058D00006F0F2FAB4F57E3FF6D110BD30B50023E4
:1058E000D41E9C420DDDCC58240EC454CD58C4188F
:1058F0002D0C6570CD582D0AA570CD58E570043378
:10590000EEE730BDF7B50F461646C41C0025F31E62
:10591000AB4207EB050004F1040416DD14F8062C75
:1059200014F8053C120442EA032214F8043C1A431A
:1059300014F8073C02A942EA036241F8042D002250
:10594000134606F089FA0435E1E703B0F0BD30B53F
:105950000D46ADF6040D04464FF4723168464FF41F
:105960000062013DFFF7BAFF2D01002300AA2A447F
:10597000E15CD1540133102BF8D1237823B14FF4DB
:105980007230002106F098FA68464FF472314FF4F5
:105990000062FFF7B7FF0DF6040D30BD70B5054688
:1059A0000C4616460846002106F086FA284621468F
:1059B0003246BDE87040FFF7A5BF10B50A464FF468
:1059C0006C310446FFF78AFF00231846E15C01337F
:1059D000202B0844FAD1B0F5FF5018BF012010BDAC
:1059E00030B5154BC1B0012205461A704FF46C3129
:1059F000FE226846FFF772FF104A2B4605F1200190
:105A000053F8040B42F8040B8B42F9D100242B5DB0
:105A10000DF804300134202CF9D168464FF46C3174
:105A2000FE22FFF7BBFF28464FF46C312246FFF7FA
:105A300055FF41B030BD00BF5CBAFF1F9090FF1F03
:105A400010B5044608492022FFF748FF2378FF2BB2
:105A500007D16378FF2B04D1A078FF3818BF01204D
:105A600010BD012010BD00BF20B0030010B50446DA
:105A700008492022FFF732FF2378FF2B07D16378F4
:105A8000FF2B04D1A078FF3818BF012010BD0120E2
:105A900010BD00BF40B0030030B5C1B005464FF4A3
:105AA0006C316846FE22FFF719FF002400AB234447
:105AB0002A5D83F840200134202CF7D168464FF44A
:105AC0006C31FE22FFF76AFF28464FF46C31224604
:105AD000FFF704FF41B030BD10B50446084920224D
:105AE000FFF7FCFE2378FF2B07D16378FF2B04D14F
:105AF000A078FF3818BF012010BD012010BD00BFE5
:105B000060B0030010B5084920220446FFF7E6FE06
:105B100000231846E15C0133202B0844FAD1B0F58C
:105B2000FF5018BF012010BD80B0030037B5013908
:105B30000446172900F23F81DFE811F01800250024
:105B400031003D004900550061006D00790085007D
:105B500091009D00A900B500C100CD00D900E5006D
:105B6000F100FD000901150121012D010DF10700D2
:105B7000FDF7B0F89DF807502046382DA8BF38250E
:105B80004FF46E3112E10DF10700FDF7AEF89DF80C
:105B900007508A49382DA8BF3825204606E10DF167
:105BA0000700FDF7ADF89DF807508549382DA8BFCF
:105BB00038252046FAE00DF10700FDF7ACF89DF816
:105BC00007508049382DA8BF38252046EEE00DF15A
:105BD0000700FDF7ABF89DF807507B49382DA8BFAB
:105BE00038252046E2E00DF10700FDF7AAF89DF800
:105BF00007507649382DA8BF38252046D6E00DF14C
:105C00000700FDF7A9F89DF807507149382DA8BF86
:105C100038252046CAE00DF10700FDF7A8F89DF8E9
:105C200007506C49382DA8BF38252046BEE00DF13D
:105C30000700FDF7A7F89DF807506749382DA8BF62
:105C400038252046B2E00DF10700FDF7A6F89DF8D3
:105C500007506249382DA8BF38252046A6E00DF12F
:105C60000700FDF7A5F89DF807505D49382DA8BF3E
:105C7000382520469AE00DF10700FDF7A4F89DF8BD
:105C800007505849382DA8BF382520468EE00DF121
:105C90000700FDF7A3F89DF807505349382DA8BF1A
:105CA0003825204682E00DF10700FDF7A2F89DF8A7
:105CB00007504E49382DA8BF3825204676E00DF113
:105CC0000700FDF7A1F89DF807504949382DA8BFF6
:105CD000382520466AE00DF10700FDF7A0F89DF891
:105CE00007504449382DA8BF382520465EE00DF105
:105CF0000700FDF79FF89DF807503F49382DA8BFD2
:105D00003825204652E00DF10700FDF79EF89DF87A
:105D100007503A49382DA8BF3825204646E00DF1F6
:105D20000700FDF79DF89DF807503549382DA8BFAD
:105D3000382520463AE00DF10700FDF79CF89DF864
:105D400007503049382DA8BF382520462EE00DF1E8
:105D50000700FDF79BF89DF807502B49382DA8BF89
:105D60003825204622E00DF10700FDF79AF89DF84E
:105D700007502649382DA8BF3825204616E00DF1DA
:105D80000700FDF799F89DF807502149382DA8BF65
:105D9000382520460AE00DF10700FDF798F89DF838
:105DA00007501C49382DA8BF382520463822FFF758
:105DB00095FD284600E0002003B030BD38B8030050
:105DC00070B80300A8B80300E0B8030018B90300D6
:105DD00050B9030088B90300C0B90300F8B9030043
:105DE00030BA030068BA0300A0BA0300D8BA0300AF
:105DF00010BB030048BB030080BB0300B8BB03001B
:105E0000F0BB030028BC030060BC030098BC030087
:105E1000D0BC030008BD030070B5ADF6080D1546F3
:105E200006460C4602A84FF46E314FF40062FFF7AD
:105E300055FD013D38206843002302AA0244F15C6D
:105E4000D1540133382BF8D14FF46E30002106F0D5
:105E500033F8172D00F2B181DFE815F018002900A2
:105E60003A004B005C006D007E008F00A000B10086
:105E7000C200D300E400F500060117012801390132
:105E80004A015B016C017D018E019F0102A84FF464
:105E90006E314FF40062FFF735FD382CA8BF38246F
:105EA0000DF107008DF80740FCF71BFF85E102A804
:105EB0004FF46E314FF40062FFF724FD382CA8BF79
:105EC00038240DF107008DF80740FCF715FF74E149
:105ED00002A84FF46E314FF40062FFF713FD382C27
:105EE000A8BF38240DF107008DF80740FCF70FFF1D
:105EF00063E102A84FF46E314FF40062FFF702FD38
:105F0000382CA8BF38240DF107008DF80740FCF7A6
:105F100009FF52E102A84FF46E314FF40062FFF71F
:105F2000F1FC382CA8BF38240DF107008DF807408C
:105F3000FCF703FF41E102A84FF46E314FF4006219
:105F4000FFF7E0FC382CA8BF38240DF107008DF8CE
:105F50000740FCF7FDFE30E102A84FF46E314FF42C
:105F60000062FFF7CFFC382CA8BF38240DF10700E2
:105F70008DF80740FCF7F7FE1FE102A84FF46E31E1
:105F80004FF40062FFF7BEFC382CA8BF38240DF197
:105F900007008DF80740FCF7F1FE0EE102A84FF470
:105FA0006E314FF40062FFF7ADFC382CA8BF3824E7
:105FB0000DF107008DF80740FCF7EBFEFDE002A8AD
:105FC0004FF46E314FF40062FFF79CFC382CA8BFF1
:105FD00038240DF107008DF80740FCF7E5FEECE0F2
:105FE00002A84FF46E314FF40062FFF78BFC382C9F
:105FF000A8BF38240DF107008DF80740FCF7DFFE3D
:10600000DBE002A84FF46E314FF40062FFF77AFC38
:10601000382CA8BF38240DF107008DF80740FCF795
:10602000D9FECAE002A84FF46E314FF40062FFF7C8
:1060300069FC382CA8BF38240DF107008DF8074003
:10604000FCF7D3FEB9E002A84FF46E314FF40062C2
:10605000FFF758FC382CA8BF38240DF107008DF845
:106060000740FCF7CDFEA8E002A84FF46E314FF4D4
:106070000062FFF747FC382CA8BF38240DF1070059
:106080008DF80740FCF7C7FE97E002A84FF46E3189
:106090004FF40062FFF736FC382CA8BF38240DF10E
:1060A00007008DF80740FCF7C1FE86E002A84FF418
:1060B0006E314FF40062FFF725FC382CA8BF38245E
:1060C0000DF107008DF80740FCF7BBFE75E002A854
:1060D0004FF46E314FF40062FFF714FC382CA8BF68
:1060E00038240DF107008DF80740FCF7B5FE64E099
:1060F00002A84FF46E314FF40062FFF703FC382C16
:10610000A8BF38240DF107008DF80740FCF7AFFE5B
:1061100053E002A84FF46E314FF40062FFF7F2FB38
:10612000382CA8BF38240DF107008DF80740FCF784
:10613000A9FE42E002A84FF46E314FF40062FFF76F
:10614000E1FB382CA8BF38240DF107008DF807407B
:10615000FCF7A3FE31E002A84FF46E314FF4006269
:10616000FFF7D0FB382CA8BF38240DF107008DF8BD
:106170000740FCF79DFE20E002A84FF46E314FF47B
:106180000062FFF7BFFB382CA8BF38240DF10700D1
:106190008DF80740FCF797FE0FE002A84FF46E3130
:1061A0004FF40062FFF7AEFB382CA8BF38240DF186
:1061B00007008DF80740FCF791FE0DF6080D70BD45
:1061C00037B501390446172900F23F81DFE811F0A5
:1061D0001800250031003D004900550061006D00A8
:1061E0007900850091009D00A900B500C100CD0097
:1061F000D900E500F100FD000901150121012D0183
:106200000DF10700FCF75EFC9DF807502046382D85
:10621000A8BF38254FF4703112E10DF10700FCF7EB
:106220005CFC9DF807508A49382DA8BF38252046C8
:1062300006E10DF10700FCF75BFC9DF8075085496E
:10624000382DA8BF38252046FAE00DF10700FCF7ED
:106250005AFC9DF807508049382DA8BF38252046A4
:10626000EEE00DF10700FCF759FC9DF807507B4963
:10627000382DA8BF38252046E2E00DF10700FCF7D5
:1062800058FC9DF807507649382DA8BF3825204680
:10629000D6E00DF10700FCF757FC9DF80750714957
:1062A000382DA8BF38252046CAE00DF10700FCF7BD
:1062B00056FC9DF807506C49382DA8BF382520465C
:1062C000BEE00DF10700FCF755FC9DF8075067494B
:1062D000382DA8BF38252046B2E00DF10700FCF7A5
:1062E00054FC9DF807506249382DA8BF3825204638
:1062F000A6E00DF10700FCF753FC9DF807505D493F
:10630000382DA8BF382520469AE00DF10700FCF78C
:1063100052FC9DF807505849382DA8BF3825204613
:106320008EE00DF10700FCF751FC9DF80750534932
:10633000382DA8BF3825204682E00DF10700FCF774
:1063400050FC9DF807504E49382DA8BF38252046EF
:1063500076E00DF10700FCF74FFC9DF80750494926
:10636000382DA8BF382520466AE00DF10700FCF75C
:106370004EFC9DF807504449382DA8BF38252046CB
:106380005EE00DF10700FCF74DFC9DF807503F491A
:10639000382DA8BF3825204652E00DF10700FCF744
:1063A0004CFC9DF807503A49382DA8BF38252046A7
:1063B00046E00DF10700FCF74BFC9DF8075035490E
:1063C000382DA8BF382520463AE00DF10700FCF72C
:1063D0004AFC9DF807503049382DA8BF3825204683
:1063E0002EE00DF10700FCF749FC9DF807502B4902
:1063F000382DA8BF3825204622E00DF10700FCF714
:1064000048FC9DF807502649382DA8BF382520465E
:1064100016E00DF10700FCF747FC9DF807502149F5
:10642000382DA8BF382520460AE00DF10700FCF7FB
:1064300046FC9DF807501C49382DA8BF382520463A
:106440003822FFF74BFA284600E0002003B030BDA9
:1064500038C0030070C00300A8C00300E0C0030000
:1064600018C1030050C1030088C10300C0C103006C
:10647000F8C1030030C2030068C20300A0C20300D9
:10648000D8C2030010C3030048C3030080C3030045
:10649000B8C30300F0C3030028C4030060C40300B2
:1064A00098C40300D0C4030008C5030070B5ADF65E
:1064B000080D154606460C4602A84FF470314FF4FD
:1064C0000062FFF70BFA013D38206843002302AA5F
:1064D0000244F15CD1540133382BF8D14FF47030C1
:1064E000002105F0E9FC172D00F2B181DFE815F07D
:1064F000180029003A004B005C006D007E008F0000
:10650000A000B100C200D300E400F50006011701AD
:10651000280139014A015B016C017D018E019F0157
:1065200002A84FF470314FF40062FFF7EBF9382CFA
:10653000A8BF38240DF107008DF80740FCF7C9FA11
:1065400085E102A84FF470314FF40062FFF7DAF9E9
:10655000382CA8BF38240DF107008DF80740FCF750
:10656000C3FA74E102A84FF470314FF40062FFF7F0
:10657000C9F9382CA8BF38240DF107008DF8074061
:10658000FCF7BDFA63E102A84FF470314FF40062EA
:10659000FFF7B8F9382CA8BF38240DF107008DF8A3
:1065A0000740FCF7B7FA52E102A84FF470314FF4FC
:1065B0000062FFF7A7F9382CA8BF38240DF10700B7
:1065C0008DF80740FCF7B1FA41E102A84FF47031B1
:1065D0004FF40062FFF796F9382CA8BF38240DF16C
:1065E00007008DF80740FCF7ABFA30E102A84FF442
:1065F00070314FF40062FFF785F9382CA8BF3824BA
:106600000DF107008DF80740FCF7A5FA1FE102A87D
:106610004FF470314FF40062FFF774F9382CA8BFC3
:1066200038240DF107008DF80740FCF79FFA0EE1C2
:1066300002A84FF470314FF40062FFF763F9382C71
:10664000A8BF38240DF107008DF80740FCF799FA30
:10665000FDE002A84FF470314FF40062FFF752F9E9
:10666000382CA8BF38240DF107008DF80740FCF73F
:1066700093FAECE002A84FF470314FF40062FFF798
:1066800041F9382CA8BF38240DF107008DF80740D8
:10669000FCF78DFADBE002A84FF470314FF4006292
:1066A000FFF730F9382CA8BF38240DF107008DF81A
:1066B0000740FCF787FACAE002A84FF470314FF4A4
:1066C0000062FFF71FF9382CA8BF38240DF107002E
:1066D0008DF80740FCF781FAB9E002A84FF4703159
:1066E0004FF40062FFF70EF9382CA8BF38240DF1E3
:1066F00007008DF80740FCF77BFAA8E002A84FF4EA
:1067000070314FF40062FFF7FDF8382CA8BF382431
:106710000DF107008DF80740FCF775FA97E002A825
:106720004FF470314FF40062FFF7ECF8382CA8BF3B
:1067300038240DF107008DF80740FCF76FFA86E06A
:1067400002A84FF470314FF40062FFF7DBF8382CE9
:10675000A8BF38240DF107008DF80740FCF769FA4F
:1067600075E002A84FF470314FF40062FFF7CAF8E9
:10677000382CA8BF38240DF107008DF80740FCF72E
:1067800063FA64E002A84FF470314FF40062FFF73F
:10679000B9F8382CA8BF38240DF107008DF8074050
:1067A000FCF75DFA53E002A84FF470314FF4006239
:1067B000FFF7A8F8382CA8BF38240DF107008DF892
:1067C0000740FCF757FA42E002A84FF470314FF44B
:1067D0000062FFF797F8382CA8BF38240DF10700A6
:1067E0008DF80740FCF751FA31E002A84FF4703100
:1067F0004FF40062FFF786F8382CA8BF38240DF15B
:1068000007008DF80740FCF74BFA20E002A84FF490
:1068100070314FF40062FFF775F8382CA8BF3824A8
:106820000DF107008DF80740FCF745FA0FE002A8CC
:106830004FF470314FF40062FFF764F8382CA8BFB2
:1068400038240DF107008DF80740FCF73FFA0DF6EC
:10685000080D70BD0B0607D4090101F5713101F572
:106860007C711022FFF73AB870470B0601D4FFF78E
:106870006EB8704737B501390446172900F24081D8
:10688000DFE811F01800250031003D0049005500F7
:1068900061006D007900850091009D00A900B500A0
:1068A000C100CD00D900E600F200FE000A01160189
:1068B00022012E010DF10700FCF714FB9DF8075093
:1068C0002046402DA8BF40254FF4743113E10DF14F
:1068D0000700FCF714FB9DF807508B49402DA8BF1B
:1068E0004025204607E10DF10700FCF715FB9DF858
:1068F00007508649402DA8BF40252046FBE00DF1FA
:106900000700FCF716FB9DF807508149402DA8BFF2
:1069100040252046EFE00DF10700FCF717FB9DF83E
:1069200007507C49402DA8BF40252046E3E00DF1EB
:106930000700FCF718FB9DF807507749402DA8BFCA
:1069400040252046D7E00DF10700FCF719FB9DF824
:1069500007507249402DA8BF40252046CBE00DF1DD
:106960000700FCF71AFB9DF807506D49402DA8BFA2
:1069700040252046BFE00DF10700FCF71BFB9DF80A
:1069800007506849402DA8BF40252046B3E00DF1CF
:106990000700FCF71CFB9DF807506349402DA8BF7A
:1069A00040252046A7E00DF10700FCF71DFB9DF8F0
:1069B00007505E49402DA8BF402520469BE00DF1C1
:1069C0000700FCF71EFB9DF807505949402DA8BF52
:1069D000402520468FE00DF10700FCF71FFB9DF8D6
:1069E00007505449402DA8BF4025204683E00DF1B3
:1069F0000700FCF720FB9DF807504F49402DA8BF2A
:106A00004025204677E00DF10700FCF721FB9DF8BB
:106A100007504A49402DA8BF402520466BE00DF1A4
:106A20000700FCF722FB9DF807504549402DA8BF01
:106A3000402520465FE00DF10700FCF723FB9DF8A1
:106A400007502046402DA8BF40254FF4753152E035
:106A50000DF10700FCF723FB9DF807503949402D45
:106A6000A8BF4025204646E00DF10700FCF724FBB7
:106A70009DF807503449402DA8BF402520463AE0F4
:106A80000DF10700FCF725FB9DF807502F49402D1D
:106A9000A8BF402520462EE00DF10700FCF726FB9D
:106AA0009DF807502A49402DA8BF4025204622E0E6
:106AB0000DF10700FCF727FB9DF807502549402DF5
:106AC000A8BF4025204616E00DF10700FCF728FB83
:106AD0009DF807502049402DA8BF402520460AE0D8
:106AE0000DF10700FCF729FB9DF807501B49402DCD
:106AF000A8BF402520464022FEF7F0FE284600E0D1
:106B0000002003B030BD00BF40D0030080D00300A0
:106B1000C0D0030000D1030040D1030080D10300A6
:106B2000C0D1030000D2030040D2030080D2030092
:106B3000C0D2030000D3030040D3030080D303007E
:106B4000C0D3030040D4030080D40300C0D40300AA
:106B500000D5030040D5030080D50300C0D5030055
:106B600070B51546ADF6080D06460C4602A84FF462
:106B700074314FF40062013DFEF7B0FEA80100231E
:106B800002AA0244F15CD1540133402BF8D14FF4F6
:106B90007430002105F090F9172D00F2B181DFE883
:106BA00015F0180029003A004B005C006D007E00D3
:106BB0008F00A000B100C200D300E400F500060180
:106BC0001701280139014A015B016C017D018E0129
:106BD0009F0102A84FF474314FF40062FEF792FE59
:106BE000402CA8BF40240DF107008DF80740FCF7AA
:106BF00081F985E102A84FF474314FF40062FEF789
:106C000081FE402CA8BF40240DF107008DF80740FD
:106C1000FCF77DF974E102A84FF474314FF400627F
:106C2000FEF770FE402CA8BF40240DF107008DF840
:106C30000740FCF779F963E102A84FF474314FF48F
:106C40000062FEF75FFE402CA8BF40240DF1070054
:106C50008DF80740FCF775F952E102A84FF4743142
:106C60004FF40062FEF74EFE402CA8BF40240DF109
:106C700007008DF80740FCF771F941E102A84FF4D5
:106C800074314FF40062FEF73DFE402CA8BF402453
:106C90000DF107008DF80740FCF76DF930E102A80F
:106CA0004FF474314FF40062FEF72CFE402CA8BF65
:106CB00040240DF107008DF80740FCF769F91FE14A
:106CC00002A84FF474314FF40062FEF71BFE402C13
:106CD000A8BF40240DF107008DF80740FCF765F9C7
:106CE0000EE102A84FF474314FF40062FEF70AFE81
:106CF000402CA8BF40240DF107008DF80740FCF799
:106D000061F9FDE002A84FF474314FF40062FEF720
:106D1000F9FD402CA8BF40240DF107008DF8074075
:106D2000FCF75DF9ECE002A84FF474314FF4006217
:106D3000FEF7E8FD402CA8BF40240DF107008DF8B8
:106D40000740FCF759F9DBE002A84FF474314FF427
:106D50000062FEF7D7FD402CA8BF40240DF10700CC
:106D60008DF80740FCF755F9CAE002A84FF47431DA
:106D70004FF40062FEF7C6FD402CA8BF40240DF181
:106D800007008DF80740FCF751F9B9E002A84FF46D
:106D900074314FF40062FEF7B5FD402CA8BF4024CB
:106DA0000DF107008DF80740FCF74DF9A8E002A8A7
:106DB0004FF474314FF40062FEF7A4FD402CA8BFDD
:106DC00040240DF107008DF80740FCF749F997E0E2
:106DD00002A84FF474314FF40062FEF793FD402C8B
:106DE000A8BF40240DF107008DF80740FCF745F9D6
:106DF00086E002A84FF474314FF40062FEF782FD82
:106E0000402CA8BF40240DF107008DF80740FCF787
:106E100041F975E002A84FF474314FF40062FEF7B7
:106E200071FD402CA8BF40240DF107008DF80740EC
:106E3000FCF73DF964E002A84FF474314FF40062AE
:106E4000FEF760FD402CA8BF40240DF107008DF82F
:106E50000740FCF739F953E002A84FF474314FF4BE
:106E60000062FEF74FFD402CA8BF40240DF1070043
:106E70008DF80740FCF735F942E002A84FF4743171
:106E80004FF40062FEF73EFD402CA8BF40240DF1F8
:106E900007008DF80740FCF731F931E002A84FF404
:106EA00074314FF40062FEF72DFD402CA8BF402442
:106EB0000DF107008DF80740FCF72DF920E002A83E
:106EC0004FF474314FF40062FEF71CFD402CA8BF54
:106ED00040240DF107008DF80740FCF729F90FE079
:106EE00002A84FF474314FF40062FEF70BFD402C02
:106EF000A8BF40240DF107008DF80740FCF725F9E5
:106F00000DF6080D70BD10B50446FFF7B3FC04F193
:106F1000260000211A22BDE8104020F0FDBCF0B58B
:106F200001389DF81460584300249C4207DA0D187C
:106F30000EB1002700E0175D2F550134F5E7F0BDD5
:106F4000034B1B78022B02D0024808F0D2B87047DE
:106F50002CBBFF1F689BFF1F08B5074BAA281870A2
:106F600002D1064BF6221A7005480649FAF71FFEB1
:106F7000054B01221A7008BDD6B9FF1F999BFF1F50
:106F80008490FF1F30BBFF1F55BAFF1F08B508488C
:106F90000849FAF7DBFD0748FAF76CFE064B1B7849
:106FA000AA2B064B1CBF00221A7000225A7008BD83
:106FB0008490FF1FDCB9FF1FD6B9FF1F999BFF1FED
:106FC000F8B55E4B1C6805460E46D4B9B44280F253
:106FD000AA80321B3F2A05EB040109DD584B01F161
:106FE000400251F8040B43F8040B9142F9D102E03E
:106FF000534813F0E3FC524800211EF027FC4034B4
:10700000E4E7504B1B78022B05D0012C03D1BDE8DF
:10701000F8400EF0F3BF032C40F085804A4C2B68FB
:107020002360AB88A380AB79A371C023E3712B46A7
:10703000284653F8071FA1609988A1819B79A37303
:10704000C123E3732B4653F80E1F21619988A18257
:107050009B79A375C223E3752B4653F8151FA161D5
:107060009988A1839B79A377C323E3772B4653F8B1
:107070001C1F21629988A1849B7984F82630C4233F
:1070800084F827302B4653F8231FA1629988A185E5
:107090009B7984F82E30C52384F82F302B4653F883
:1070A0002A1F21639988A1869B7984F83630C623EC
:1070B00084F837302B4653F8311FA1639988A18794
:1070C0009B7984F83E30C72384F83F302B4653F831
:1070D000381F21649988A4F844109B7984F84630BD
:1070E000C82384F8473095F83F3084F84830402171
:1070F000C92384F84F3009F0CFFBC04387B2002189
:107100000922124820F008FC28460021402220F0E5
:1071100003FC84F849704B233F1284F84A7084F8CA
:107120004C30FFF733FF0020FEF78CFB2846324639
:107130000021BDE8F84020F0EFBB00BFD8B9FF1F29
:107140009E9BFF1F2CBBFF1F6DBBFF1F5DBAFF1F68
:1071500070B5524B1B78022B86B0054601D100203A
:107160009AE068460021172220F0D6FB19240DF181
:1071700002002146FFF76EFB7C23012D8DF80040B5
:107180008DF801301DD10DF105000DF10201102225
:1071900020F0A7FB52238DF8003053238DF80130E7
:1071A00041238DF8023004F118038DF803302023B9
:1071B0008DF80430684600238DF81530FEF74EFB3D
:1071C00017E0022D09D10022684615211346FFF76A
:1071D000F7FE142014F0CCFB0BE0032D09D10DF1C8
:1071E00005002F49102220F06DFB10B9183CE0B2C9
:1071F00052E00134E4B21D2CB9D1E6B20DF1020027
:107200003146FFF727FB7C23032D8DF800608DF8B6
:10721000013009D10DF102002149102220F052FB6A
:10722000B0BB183EF0B237E0012D26D10DF10600BB
:107230000DF10201102220F054FB45238DF800309F
:10724000252C4FF043038DF801308DF8023004DC1B
:1072500030238DF80330143603E031238DF80330EA
:107260000A3620238DF80530684600238DF8046027
:107270008DF81630FEF7F2FA0AE0022D08D100224E
:10728000684616211346FFF79BFE142014F070FB8E
:1072900001342D2CB1D162E706B070BD2CBBFF1FAD
:1072A00012BAFF1FF0B587B00646002101A81422CC
:1072B00020F032FB254B1B78002B14BF0C27002736
:1072C0000124E5B2E9190DF10600C9B2FFF7C2FACF
:1072D000092CC6BFAB1D8DF804308DF804507C23FB
:1072E000012E8DF805301DD1062C04DC30358DF8CB
:1072F0000450612303E02A358DF8045062230DF118
:1073000007000DF1060110228DF8053020F0E9FA92
:1073100020238DF8063001A800238DF81730FEF7E2
:107320009DFA08E0002201A812211346FFF748FE4B
:10733000142014F01DFB01340D2CC2D1012E02D1FA
:107340000348FEF78BFA07B0F0BD00BF2CBBFF1F50
:107350001D88020010B50021044640220A4820F092
:10736000DBFA0021635C43B1402906D0FF2B064ABB
:1073700008BF002353540131F4E7002202481346AA
:10738000BDE81040FFF71CBE9E9BFF1F13B50DF11B
:107390000700FBF78FF9FEF789FA9DF80730012BFC
:1073A00002D8FEF78EFA11E0FEF78BFA022420468F
:1073B000002101341EF004F8432CF8D101200146CD
:1073C0001DF0FEFF002001211DF0FAFF084B0948C7
:1073D00000221A70084B01221A70FFF7BBFF6420CD
:1073E00014F0C6FA054A064B1A6002B010BD00BF81
:1073F0005CBAFF1F4D88020099BAFF1F0400FA050E
:107400000CED00E00148FAF735BC00BFF09BFF1F10
:1074100001480249FAF79ABB8490FF1FF09BFF1FB7
:10742000C043C2B2542A07D8A2EB8200013802EB53
:107430004202C0B200210AE0A92A0AD8553AD2B2C3
:1074400002EB4201A2EB8202013A0020C9B2D2B2A1
:1074500009E05632D2B202EB4200A2EB8202511E88
:10746000C0B2C9B2002207F091BD38B50A25002488
:1074700024201EF0F7F80444012014F079FA013DAD
:10748000F6D10A2394FBF3F4A4F5724441F286305A
:10749000313C84428CBF0020012038BD08B50C4827
:1074A00007F0B1FC0B4B1B78092B0B4B1B780CBF67
:1074B0000B2116211BB159430548C9B201E004480C
:1074C000C90007F068FD0248BDE8084007F0A8BC05
:1074D000DCBAFF1FB78CFF1F11BBFF1F10B504469E
:1074E00070B90146024607F051FD214602461D488B
:1074F00007F030FD20462146224607F047FD11E007
:10750000552815D1184C20785530C0B2FFF788FFA8
:1075100000210246134807F01DFD20785530C0B207
:10752000FFF77EFF024601210E4807F013FD10E031
:10753000FFF776FF002102460A4807F00BFD2046C0
:10754000FFF76EFF01210246064807F003FD074BD7
:107550001C70044807F064FC0120BDE8104014F0E2
:1075600007BA00BFDCBAFF1FCCBAFF1FD6B9FF1F96
:1075700038B505460024AC420EDA084B1878FFF700
:10758000ADFF642014F0F4F90020FFF7A7FF64209A
:1075900014F0EEF90134EEE738BD00BFD6B9FF1F95
:1075A000F8B58779467900214022054620F0B4F9E4
:1075B0000A2F34460CD15EB9E81DFBF7D2FD05F168
:1075C0001700FBF708FE05F11D00FBF70FFE5BE05F
:1075D000731E0B2B58D82F4B1B780BB106F10C04E4
:1075E0000735E6B231462846FFF73FF92A48FFF74C
:1075F000B1FE224600212846FEF70EFC2748FFF781
:10760000A9FE21462846FCF70BF92548FFF7A2FE04
:1076100021462846FCF790F92248FFF79BFE2246B8
:1076200000212846FEF742FF1F48FFF793FE214640
:107630002846FCF70DFA1D48FFF78CFE2246002174
:107640002846FBF735FF1A48FFF784FE21462846F7
:10765000FCF7A2FA1748FFF77DFE21462846FCF703
:1076600057FB1548FFF776FE002122462846FFF714
:1076700077FA1248FFF76EFE00202146FCF748FB20
:1076800000203146FBF788FD0120BDE8F840FFF7F8
:107690006FBF00BF2CBBFF1F6E88020087880200EF
:1076A0009E880200C7880200E2880200FE8802006D
:1076B0001989020035890200508902006C89020094
:1076C00010B504460A48FAF7D5FAFFF75FFC64B92B
:1076D00008480949FAF73AFA06480849FAF736FA23
:1076E0005520BDE81040FFF7F9BE054B1C7010BDDA
:1076F000A8BAFF1F8490FF1F30BBFF1F4CBBFF1FAA
:10770000D6B9FF1F38B5574C574B22781D78083A29
:10771000D2B2012D227012D1002110460A4607F084
:1077200035FC00210246514807F014FC00210A46AE
:10773000207807F02BFC294602464C4814E02B2DFC
:1077400015D850080146002207F020FC002102460F
:10775000464807F0FFFB207840080146002207F06A
:1077600015FC02464148012107F0F4FB49E0552D84
:107770000DD800201146024607F008FC0021024601
:107780003A4807F0E7FB002021780246E7E7802D22
:107790000ED851080A46002007F0F8FB00210246E7
:1077A000324807F0D7FB2178490800200A46D6E77F
:1077B000AA2D0CD80020014607F0E8FB0021024664
:1077C0002A4807F0C7FB002001462278C7E7D52DDD
:1077D00017D850080021024607F0D8FB00210246C6
:1077E000224807F0B7FB207840080021024607F046
:1077F000CDFB012102461D4807F0ACFB1B4807F0FA
:107800000FFB257865BB1A481A491B4CFAF79EF9FD
:1078100017481A49FAF7CBF9E37903F15F02D2B2BC
:107820000E2A1DD8A12B19D10120FFF749FF5022A4
:107830001348294620F070F8124AE5711278A271B7
:107840000223114A6370A3700323E37023716371F1
:1078500013700E4B25721D705D7038BD013BE371D6
:1078600038BD00BFF0BAFF1FD6B9FF1FDCBAFF1F3B
:107870008490FF1F4CBBFF1FAC8CFF1F30BBFF1F52
:107880006DBBFF1FB68CFF1FB58CFF1F999BFF1FA1
:1078900010B5234B23480024214641F6B9521C6001
:1078A00020F03AF8214650221F4820F035F80522F2
:1078B0001E48214620F030F81D4B1E48DA79C4716D
:1078C000BF2A12D902225A709A700322DA701A491A
:1078D0005A711A4A0978127819719A712146092247
:1078E0001C70DC711C7220F017F8154A002313601D
:1078F000144A1370144A1370144A1370144A137004
:10790000144A1370144A1370144A1370144B1B78E2
:1079100023B10120BDE81040FFF7D2BE10BD00BF6B
:1079200050BAFF1F1C9CFF1F6DBBFF1F999BFF1FC1
:10793000AC8CFF1F5DBAFF1FB58CFF1FB68CFF1FFD
:10794000A0BAFF1F00BAFF1F44BBFF1F45BBFF1FAC
:1079500046BBFF1F9CBAFF1F98BAFF1FD5B9FF1F78
:1079600055BAFF1F10B5094A1378232B144601D0CE
:10797000F62B04D1FFF746FDF723237004E0044BF8
:107980001B780BB9FFF784FF002010BDD5B9FF1F8E
:1079900024BBFF1F26201DF065BEFFFF2DE9F04F21
:1079A00085B0FFF7F7FF04A9022241F80C0D01236F
:1079B0005448554C554E564F564D06F015F8564BFB
:1079C00018781DF04FFE04A90222134641F8080D55
:1079D0004C4806F009F8514B18781DF02DF8504A24
:1079E000504B12781860092A9A4605D120781DF06C
:1079F00023F83060387804E038781DF01DF83060E6
:107A000020781DF019F83268DAF800302860032475
:107A10001344B3FBF4F202EB4202981A029B424F6A
:107A2000DFF82CB1DFF82C81DFF82C91B3FBF4F2F6
:107A300002EB42029B1A184413F09AFF3B68013391
:107A40003B603A4B18781CF0F7FF394BCBF800003D
:107A500018781CF0F1FF374BC8F8000018781CF0BC
:107A6000EBFF354BC9F8000018781DF0FBFD04A9A9
:107A7000022241F8040D1346224805F0B5FF039B8E
:107A8000D9F80020DBF800002C491A442B681A446E
:107A9000D8F800301A44029B13443268034413445C
:107AA000DAF80020174813440B602246042305F03F
:107AB0009BFF144805F076FF2A68D9F8003013447C
:107AC000D8F800201344B3FBF4F202EB4202981AF8
:107AD000039BB3FBF4F404EB44041C1B204413F09D
:107AE00047FF174A1368013313603A689A4205D07A
:107AF000144B00221A70144B144A1A6005B0BDE8EA
:107B0000F08F00BFC0BBFF1F1DBBFF1F68BBFF1F67
:107B100065BBFF1F6CBAFF1F10BBFF1F64BBFF1FBD
:107B2000B78CFF1F58BAFF1F8890FF1F9ABAFF1F1C
:107B30006CBBFF1FBDBBFF1F989BFF1FF4BAFF1F4D
:107B40008C90FF1F99BAFF1F0CED00E00400FA05AE
:107B5000E49BFF1F68BAFF1F70BAFF1F2DE9F04FAB
:107B600085B00446FFF71AFF754B1B78092B25D00B
:107B7000744B1868744B1B681844744B1B6818448A
:107B80001FF042F9724B05461868724B1B68184487
:107B9000714B1B6818441FF037F9014628461FF047
:107BA0003FFA6E4905461FF043FB08B90124C2E0C5
:107BB00028466B491FF01EFB0028F7D0C72C40F267
:107BC000B980C82C604B674A15D1196811606149AA
:107BD0000868654908605E49086864490860594951
:107BE00008686349086059490868624908605A4949
:107BF0000868614908601668D3F800A006EB5603D0
:107C00005345D3D35848534B0568D3F8009005EB40
:107C100055034B45CAD34E4B54491B680293086821
:107C2000029A00EB50039342C0D3514B1968454B65
:107C30001B680193019A01EB51039342B6D34D4B5C
:107C40001A68424BD3F8008002EB52034345ADD390
:107C5000494FDFF804C13B68DCF800C003EB530B6D
:107C6000E345A3D3B2443F4E4FEA5A0AC6F800A0F8
:107C70004D443D4E6D083560029D3C4E2844400801
:107C80003060634401983A4D3A4E5B0801444244E7
:107C90003B6040F22B13490852089C422960326035
:107CA00048D1364A264D136803F00F03052B1646BC
:107CB0003FD0FFF7DAFB0446E0B9FFF7D6FB10B17F
:107CC0002F4B304A1A60FFF7D0FB10B12C4B2D4AD6
:107CD0001A60FFF7CAFB10B1294B2A4A1A60FFF756
:107CE000C4FB10B1264B274A1A60336803F00F0318
:107CF0002B7020E02B78092B02D1214B214A1A60EE
:107D0000FFF7B3FB10B91E4B1E4A1A60FFF7ADFB1D
:107D100010B91B4B1B4A1A60FFF7A7FB10B9184B91
:107D2000184A1A60FFF7A1FB10B9154B154A1A60E3
:107D300005232B700024204605B0BDE8F08F00BF5E
:107D4000B78CFF1F68BAFF1F58BAFF1F6CBAFF1F1E
:107D5000E49BFF1F68BBFF1F70BAFF1F9A99193F72
:107D6000CDCCCC3F14BBFF1F94BAFF1F20BBFF1F1D
:107D7000A4BAFF1F84BAFF1F18BBFF1F2480044052
:107D80000CED00E00400FA0538B50024E5B2284601
:107D9000FFF746FB002102460C4807F0DBF82846B7
:107DA000FFF73EFB01210246084807F0D3F80748D9
:107DB00007F036F82046FFF7D1FE002818BF14243C
:107DC0000134A4B2B4F5967FE0D338BDDCBAFF1F0E
:107DD0002DE9F041FFF7E2FD9B4803780BB90C2336
:107DE00003709A4F9A4C39789A4D092962D09A4B70
:107DF0001A689A4B1E681423B2FBF3FC9444B445F2
:107E000046D2DFF864C2DCF800C0BCFBF3F8C4441F
:107E1000DFF85882D8F80080C44539D2DFF854C260
:107E2000DCF800C0BCFBF3F8C444DFF84C82D8F89F
:107E30000080C4452CD2DFF84CC2DCF800C0BCFB8B
:107E4000F3F8C444DFF84082D8F80080C4451FD25C
:107E5000DFF838C2DCF800C0BCFBF3F8C444DFF83C
:107E60003082D8F80080C44512D2DFF828C2DCF88E
:107E700000C0BCFBF3F39C44794B1B689C4507D2C4
:107E8000002626602E60FFF77FFF3046BDE8F081B8
:107E9000322390F800C0B2FBF3F30CFB03229642AE
:107EA00008D9704A002313602B60236801332360D4
:107EB000352262E06C4B027818683223B0FBF3F68F
:107EC00002FB0600694E36688642664E22D90020C3
:107ED00030602668286001362660654E09293360C7
:107EE00040F08D8063490968B1FBF3F302FB031294
:107EF000614B1B689342614B04D9614A116801319F
:107F0000116005E01A680132022A1A6077DD5C4BC5
:107F1000186074E057480068B0FBF3FC02FB0C00EB
:107F2000DFF854C1DCF800C0844513D9226801325F
:107F300022604F4A00233120092933602B601060F2
:107F40005DD14E490A680132022A0A6057DD4C4A67
:107F5000136054E0092937D04A490968B1FBF3F0AE
:107F600002FB001148480068884209D900233360A9
:107F70002B6023680133236033223D4B1A603EE0BF
:107F800042490968B1FBF3F002FB00114048006868
:107F9000884207D9002333602B60236801332360B4
:107FA0003422EAE73B490968B1FBF3F302FB031211
:107FB0002B4B1B68934207D9002333602B60236847
:107FC000013323603622D8E7D4F8008040461EF003
:107FD0001FFF4FF07C511FF02BF908B1C5F800804E
:107FE0003368013333602C4B187830B12B4B1B783E
:107FF0002BB92B4B1B6813B15520FFF76FFA284B99
:108000001B6833B9174B1B68022B02DD5520FFF7A5
:1080100065FA2868002814DD124B1B68022B10DD5E
:108020003B78174A092B04D1136813B1104B332145
:10803000196000231360114A236013602B60BDE8B0
:10804000F0810020BDE8F0819BBAFF1FB78CFF1FB5
:10805000EC9BFF1FD8BAFF1F14BBFF1F58BAFF1FAE
:1080600070BAFF1F189CFF1F94BAFF1F68BBFF1F49
:10807000E09BFF1F20BBFF1FE49BFF1FE89BFF1F30
:1080800028BBFF1FA4BAFF1F68BAFF1F84BAFF1FD7
:108090006CBAFF1F18BBFF1F99BAFF1F55BAFF1F0D
:1080A000149CFF1F70B506460D46094C094821680F
:1080B00005F0ECFB10B9FFF771FCF6E70548314617
:1080C0002A4605F013FC20232360012070BD00BF69
:1080D000A08CFF1FC0BBFF1F10B507210446FFF790
:1080E000E1FF0023E15C0622B1FBF2F002FB10127B
:1080F0003132E2540133072BF4D10023E37110BD78
:1081000010B51B210446FFF7CDFF0023E25C2421BC
:10811000B2FBF1F001FB1022D2B202F16101C9B24F
:108120007A298ABF1632E154E25401331B2BEDD178
:108130000023E37610BDFFFF30B5E5B0044608A884
:10814000F9F712FC6846FAF778FB08A8694620227E
:10815000F9F734FC08A826491022F9F72FFC08A8E3
:1081600021462022F9F72AFC08A822492022F9F703
:1081700025FC08A824A9F9F742FC20462021FDF798
:108180005FFC18B91C482021FFF78CFF1A4B2246D0
:1081900003F1200153F8040B42F8040B8B42F9D190
:1081A000164B1B78022B05D02046114924AA202308
:1081B000FDF716FA24A84FF46C31FE22FDF78EFB72
:1081C000002524AB2B44625D83F880200135202DEF
:1081D000F7D124A84FF46C31FE22FDF7DFFB2046D7
:1081E0004FF46C312A46FDF779FB65B030BD00BF16
:1081F0006090FF1F9090FF1F1091FF1F2CBBFF1F6F
:1082000010B54021044608F047FB94F84120C3B262
:108210009A4207D194F84230C0F307201B1A584203
:10822000584110BD002010BD30B5044D2D78022DF1
:1082300003D0BDE83040FDF70FB930BD2CBBFF1FA8
:108240002DE9F041457990F806808EB0044602464B
:1082500000261346D079197A0144587A9B7A014452
:10826000D94202F1010201D00136F2E72378A74F8B
:10827000BA2B06D10C2D04DD0DF10F00FAF775FABB
:1082800002E03B788DF80F303B781BB12278BA2A98
:1082900018BF0C3508F1FF321C2A00F22783DFE8F3
:1082A00012F01D009600AA00C500D200E6000D01E4
:1082B0001A012001AA0127022F020303120323003F
:1082C0003900530060007B00490261026C02910298
:1082D000C502EC0279028502D7025301E01DE9B222
:1082E000FEF7C3FA8A4812E09DF80F30022B04F122
:1082F000070706D000963846E9B20F22854BFFF7F4
:1083000093FF384631462A46FDF786FD8248FFF73F
:1083100021F8E5E2E3792F2B84BF303BE371294656
:108320000DF10E00FBF734FAE2799DF80E3020468D
:1083300002F0030223F00303134300F8073F29462A
:10834000FBF76EFA7548E2E7E379302B88BF303BE4
:1083500004F1070088BFE3712946FBF7EDFA704886
:10836000D5E7E3792F2B84BF303BE37129460DF12C
:108370000E00FBF70DFAE3799DF80E209B002046D6
:1083800022F0040203F00403134300F8073F2946D8
:10839000FBF746FA6348BAE7E3792F2B84BF303BFB
:1083A000E37129460DF10E00FBF7F2F9E3799DF830
:1083B0000E20DB00204622F0080203F008031343DE
:1083C00000F8073F2946FBF72BFA57489FE79DF82F
:1083D0000F30022B04F1070706D000963846E9B2A9
:1083E00002224C4BFFF720FF384631462A46FEF763
:1083F0005DF84E488BE7E3792F2B84BF303BE37168
:1084000029460DF10E00FBF7C3F9E3799DF80E2024
:108410001B01204622F0300203F03003134300F822
:10842000073F2946FBF7FCF9414870E7E379302B19
:1084300088BF303B04F1070088BFE3712946FBF792
:1084400007FB3C4863E79DF80F30022B04F1070758
:1084500006D000963846E9B205222E4BFFF7E4FE1F
:10846000384631462A46FBF723F833484FE7E3798D
:108470002F2B84BF303BE3710DF10E002946FBF733
:1084800087F9E379022B01D1402306E0012B01D1CA
:10849000802302E0032B01D1C023E371E2799DF830
:1084A0000E30204622F03F0203F03F03134300F852
:1084B000073F2946FBF7B4F9204828E7E379302B3A
:1084C00088BF303B04F1070088BFE3712946FBF702
:1084D00063FB1B481BE7E01D2946FBF719FC194805
:1084E00015E7E71D3846E9B20A4B00960922FFF767
:1084F0009BFE384631462A46FEF732FB0EA867231C
:1085000000F82A3D2946FBF703FC72E02CBBFF1F55
:10851000878902001091FF1F9E890200B389020023
:10852000E7890200FF890200358A0200668A02009C
:10853000808A0200B58A0200CD8A0200E78A020022
:108540000C8B0200248B020029460DF10E00FBF774
:108550007FFBE61D152300931D22A14B3046E9B297
:10856000FFF762FE04AA334604F1170E1746186897
:108570005968164603C6083373453246F7D1186862
:1085800030601B79337120462946FEF773F93A466D
:1085900004F12B0308AF164603CEBE4218605960A3
:1085A000324603F10803F6D13068186032791A7147
:1085B0009DF80E30322B01D0592B08D132230DF10A
:1085C0000E0029468DF80E30FBF7A2FB0CE0482385
:1085D0000DF10E0029468DF80E30FBF799FB204671
:1085E00000212B221FF098F9204600212A46FEF791
:1085F000B7FA7C488BE69DF80F30022B00F07081B3
:10860000EFB2A5B9E61D1C2329460A220093304685
:10861000734BFFF709FE3046FAF7E8FD04F10D0051
:10862000FAF7D9FD04F11300FAF79BFD57E06B1E32
:10863000172B54D829460DF10E00FBF709FBE61D58
:10864000262300930A22664B30463946FFF7ECFD9D
:10865000334604AA04F1270E18685968164603C663
:10866000083373453246F7D1186830609B88B38071
:1086700020462946FEF7FEF804AA23460DF1300EE7
:10868000164603CE764518605960324603F108035A
:10869000F6D130681860B2889A809DF80E30322B7F
:1086A00001D0482B08D132230DF10E0029468DF858
:1086B0000E30FBF72DFB0DE059230DF10E0029467E
:1086C0008DF80E30FBF724FB04F12B00002115225E
:1086D0001FF022F9204600212A46FEF741FA002326
:1086E00004A83946ADF81030FAF756FD3E480EE6BC
:1086F000E01DF9F7DAFF3D4BE2791A703C4806E6D7
:10870000E279022A0CD13B4A127822B93A4A12681D
:108710000AB1022B04D1E01DF9F7D4FF3748F6E582
:10872000354B1B6823B9E01DF9F7CCFF3448EEE563
:108730003448ECE5E379012B0AD12E4B1B7813B9B1
:108740002D4B1B6823B9E01DF9F7D6FF2E48DEE557
:10875000294B1B6823B9E01DF9F7CEFF2B48D6E55E
:108760002B48D4E5234B1B7813B9234B1B6853B913
:10877000E01DF9F7CEFF2748C9E51E4B1B7823B94A
:108780001D4B1B680BB12448C1E5E01DF9F7CEFF76
:108790002248BCE5174B1B781BB9174B1B68002BF5
:1087A000F1D1E01DF9F7CFFF1D48B0E5114B1B7863
:1087B0001BB9114B1B68002BE5D1E01DF9F7D0FF69
:1087C0001848A4E59DF80F30022B00F08F800A4B6B
:1087D0001B681BB9E01DF9F7D0FF81E0124896E550
:1087E0001091FF1F3E8B0200578B0200BC8CFF1FB5
:1087F0008B8B020024BBFF1F149CFF1FA98B020060
:10880000D18B0200FF8B0200228C02004D8C0200F3
:10881000878C0200B08C0200DC8C0200138D0200F9
:108820003E8D0200638D0200828D0200E01DF9F78B
:10883000CBFFE3792F4A3048137003EB830103EB3E
:108840004103590001F0FE0106F0A5FB2B485EE54F
:108850002B4B1B781BB92B4B1B68002B93D1E37957
:10886000023B622B07D8E01DF9F7BBFF264BE279EC
:108870001A7026484BE5264849E504A8F9F7B6FFE3
:108880003978E3799DF8102021B102F00F0202EB54
:10889000031302E022F00F02134404A88DF81030F5
:1088A000F9F7ACFF1B4832E5E3790A2B09D82046DB
:1088B000C3F10B0300F8073FF9F76CFF164BE279A1
:1088C0001A70164823E52046154B10F8072F1A702A
:1088D000F9F76DFF13F0B0F81248FEF73BFD05E025
:1088E0002378BA2B02D00120FEF742FE0EB0BDE87D
:1088F000F08100BF11BBFF1FDCBAFF1FB78D020064
:1089000024BBFF1F149CFF1F9BBAFF1FD78D0200C3
:10891000FA8D02001E8E0200A48CFF1F3B8E020007
:10892000C6E6FF1F5F8E020070B53A4B1B78022B24
:10893000ADF6080D04460E4668D04179A1F16502F6
:108940001F2A09D801F0FB02802A07D1324A127887
:1089500022B9324A12680AB1314842E0A01DFBF741
:10896000AFFA237AE5791D44637A1D44A37A1D4446
:10897000E37A1D44237B1D44637B1D44A37B1D447C
:10898000B5F5FF6F02D12046FBF74AFB2023617942
:10899000A2790093E01D234BFFF746FC02A84FF499
:1089A00078314FF40062FCF799FF60796538400137
:1089B0000023E218D17902AA0244D1540133202BBA
:1089C000F7D100214FF4783003F076FA02A84FF483
:1089D00078314FF40062FCF795FF6379832B03D164
:1089E0001148FEF7B7FC11E04DB10C4B1B6833B1D9
:1089F0000E48FEF7AFFC2378BA2B04D106E02EB167
:108A00000B48FEF7A7FC0220FEF7B2FD0DF6080D9D
:108A100070BD00BF2CBBFF1F24BBFF1F149CFF1F9A
:108A2000808E02001091FF1F978E0200BA8E020006
:108A3000D38E020070B5774B1B78022BADF6080D74
:108A4000044600F0E380D1B102A84FF47A314FF42C
:108A50000062FCF743FF01236079009302A92246DC
:108A60004FF40073FEF75BFA02A84FF47A314FF42B
:108A70000062FCF747FF6848FEF76CFCC3E04379EF
:108A8000013B032B01D965486DE0837903F00F03A7
:108A9000012B17D10378BA2B68D0614B1A68722A60
:108AA000184663DC5F49E31D114404F13F0553F8A8
:108AB000046B41F8046BAB42F9D11B780B7039326F
:108AC000026053E0022B17D10378BA2B50D0544BDD
:108AD0001A68E42A18464BDC5249E31D114404F19C
:108AE0003F0553F8046B41F8046BAB42F9D11B7896
:108AF0000B70393202603BE0032B18D10378BA2B9C
:108B000039D0474B1A68B2F5AB7F184633DC45497C
:108B1000E31D114404F13F0553F8046B41F8046B65
:108B2000AB42F9D11B780B703932026023E0042B81
:108B300018D10378BA2B21D0394B1A68B2F5E47FEB
:108B400018461BDC3749E31D114404F13F0553F877
:108B5000046B41F8046BAB42F9D11B780B703932CE
:108B600002600BE03048FEF7F5FB4FE0802507E0A0
:108B70004FF4807504E04FF4C07501E04FF40075C8
:108B8000274A1368AB421646237802DABA2B3DD146
:108B900001E0BA2B04D12348E11D2A4611F00EFF53
:108BA000A01D6179FBF71EFA204B6179A2791D485F
:108BB0000095FFF739FB02A84FF47A314FF40062B9
:108BC000FCF78CFE6079013840020023154A995C5D
:108BD00002AA0244D1540133B3F5007FF6D100213B
:108BE0004FF47A3003F068F902A84FF47A314FF469
:108BF0000062FCF787FE00230D483360FEF7AAFBF6
:108C00002378BA2B02D00220FEF7B2FC0DF6080D35
:108C100070BD00BF2CBBFF1FEE8E0200118F020043
:108C200050BAFF1FCC92FF1F288F02001091FF1F28
:108C30003F8F020073B5274E274D044602A800233C
:108C40008DF8063000F8013D336801333360F9F7E1
:108C500017FD2B680DF1060001332B60F9F744FD79
:108C600033689DF8062001333360A379802B01D946
:108C700052B900E01AB9194A1278092A0ED19DF8A2
:108C800007106279914209D1154A126832B115482C
:108C9000FEF760FB2B6801332B6019E02A68013274
:108CA0002A60114A1278022A12D0802B04D9803B04
:108CB000A371601DF9F7ECFC6379013B032B20469F
:108CC0004FF0000102D8FFF7B5FE01E0FFF72CFEE0
:108CD00002B070BD8C90FF1F8890FF1FB78CFF1FE4
:108CE000149CFF1F588F02002CBBFF1FF0B50378A8
:108CF00023F007030370C37F03F03F03044643F0F0
:108D00004003CBB00022C37721462D4803F02AFE52
:108D10000DF10700F9F729FD9DF80730012B2146D9
:108D20000CBF284A264A02A803F01CFE02A8FFF73F
:108D300003FA234B224603F1200153F8040B42F8B7
:108D4000040B8B42F9D10AA84FF46C31FE22FCF7D8
:108D5000C5FD00260AAB3344A25D83F8202001360E
:108D6000202EF7D10AA84FF46C31FE22FCF716FE34
:108D7000154B1F68DFB9154DEF232B718423314646
:108D80006B71E81D6123AB71FFF78CF92846FFF783
:108D900051FF80233146E81D6B71FFF783F92846A8
:108DA000FFF748FF2846394640221EF0B5FD204611
:108DB0004FF46C312022FCF791FD4BB0F0BD00BFA9
:108DC000B090FF1FD090FF1F149CFF1F0CBAFF1F15
:108DD000F0B5037823F007030370C37F03F03F036C
:108DE00043F040030446CBB0C37721460022354808
:108DF00003F0B8FD0DF10700F9F7B7FC9DF8073057
:108E0000022B15D0304B1B6833B901230DF107003D
:108E10008DF80730F9F7B1FC20212C48FCF710FE43
:108E200002A82146294A03F09DFD02A8FFF784F914
:108E3000244B224603F1200153F8040B42F8040BA3
:108E40008B42F9D10AA84FF46C31FE22FCF746FDA3
:108E500000260AAB3344A25D83F860200136202E41
:108E6000F7D10AA84FF46C31FE22FCF797FD9DF86C
:108E70000730022B1ED0144B1F68DFB9144DEF23AF
:108E80002B71842331466B71E81D6123AB71FFF7B1
:108E900009F92846FFF7CEFE80233146E81D6B71A5
:108EA000FFF700F92846FFF7C5FE2846394640225D
:108EB0001EF032FD20464FF46C312022FCF70EFDEF
:108EC0004BB0F0BDD090FF1F149CFF1FB090FF1F50
:108ED0000CBAFF1F30B5ADB00446002168464022F1
:108EE0001EF01AFD814B00251D7012F0A5FD34BB4C
:108EF0007F48FCF7B3FC7F48FCF7B0FC7E48FCF7EA
:108F0000ADFC7E48FCF7AAFC7D481CF039FE7D488C
:108F1000FCF7A4FC7C48FCF7A1FC7C48FCF79EFC19
:108F20007B48FCF79BFC7B48FCF798FC7A48FCF7F5
:108F300095FC7A4B0A221A60FEF764FAD4E0012C01
:108F40000CD1764B76481D60FCF788FC7548FCF721
:108F500085FC2846214600F00FFBC5E0022C34D1E9
:108F60006E4D7148FCF77AFC032368462B60FFF7CF
:108F7000B3F82146684600F0FFFA61481CF000FE95
:108F80006A48FCF76BFC6846FCF768FC09236846F6
:108F90002B60FFF7A1F82146684600F0D5F9644838
:108FA000FCF75CFC6846FCF759FC062368462B601E
:108FB000FFF792F86846214600F0D6F85D48FCF7C6
:108FC0004DFC6846FCF74AFC4BE0052C0FD15A4893
:108FD000FCF744FC4748FCF741FC5848FCF73EFCD2
:108FE0004648FCF73BFC46481CF0CAFD39E0062C1D
:108FF00002D100F0C9FB34E0032C32D12846FCF743
:1090000021FC4F4B6C4603F1400518685968224615
:1090100003C20833AB421446F7D19DF805302F2B1D
:1090200006D93E4B03210DF10500196000F0A4FAAA
:109030009DF815302F2B07D9384B09220DF115005B
:1090400003211A6000F080F99DF825302F2B4BD9B1
:10905000324B06220DF1250003211A6000F084F83E
:1090600042E083238DF8053010A8A1238DF8063047
:10907000F8F77AFC062C2ED03248FCF7EFFB0DF106
:109080000700FFF73DF80DF10700FCF7E7FB1C4870
:109090001CF076FD1B2210A80DF10701F8F78EFCDD
:1090A00010A80DF10701F8F7AAFC6846FFF7C2FD0A
:1090B000254B1B78092B02D02448FCF7CFFB244812
:1090C000FCF7CCFB2348FCF7C9FB2348FCF7C6FBA5
:1090D0002248FCF7C3FB053C012C02D80120F9F71C
:1090E0000BFB1F4B1F4A1A602DB030BDC6E6FF1F99
:1090F0007C8F0200A38F0200E38F02002290020007
:10910000F8E4FF1F419002007A900200BD90020037
:10911000FF9002004F9102009791020074BAFF1F66
:10912000BB910200F3910200119202005F920200D3
:109130007492020098920200BB920200E592020033
:109140000CBAFF1F27930200B78CFF1F4A9302003F
:10915000A4930200F69302004A9402006294020073
:109160000CED00E00400FA0570B56B4D2B68043B74
:10917000022B84BF00232B602B68A4B006460C464C
:10918000062B00F2C780DFE803F004C5C5C50F4613
:1091900054006248F8F7B6FD0423012C2B6001D17E
:1091A0005F483DE05F4841E005235C482B601EF0CE
:1091B00022FE073803281AD85B4814B9FEF7CAF80C
:1091C00001E0FCF74BFB0025544E30461EF013FE29
:1091D000854204D8554BAA5DEA540135F4E7304680
:1091E0005249F8F780FD3046F8F78CFD0BE0504807
:1091F00014B9FEF7AFF801E0FCF730FB4748F8F789
:1092000081FD00232B60012C40F08480002021464A
:10921000FFF7AAFF7EE0062301292B6005D1454810
:10922000FCF71CFBFEF7EEF874E04348FEF792F8FB
:1092300070E0002339482B601EF0DDFD073803285D
:1092400002D9A31E012B51D83448F8F75FFD20B98D
:10925000022C04D0032C44D10CE0022C08D12F4B5B
:1092600030681860B188B2799A71998000250DE054
:10927000032CFBD1294D33461036186859682A460D
:1092800003C20833B3421546F7D1EFE7234E304609
:109290001EF0B1FD854204D8AB5D0DF805300135F7
:1092A000F4E708A8F8F760FB30461EF0A4FD694615
:1092B000024608A8F8F782FB202208A81F49F8F701
:1092C0007DFB08A86946F8F79AFB6846FCF7E4FBC3
:1092D000012C1B4807D1FCF7C1FA0320FFF7FAFD68
:1092E0000FE0ACB91748FEF735F80AE01048002C3B
:1092F000F9D0FCF7B3FA012C03D100200121FFF7CC
:1093000033FF0648F8F7FEFC0320FEF731F901E0D1
:109310000C48EEE724B070BD74BAFF1FF8BAFF1F07
:109320008B940200C8940200F794020088BAFF1FD1
:109330000C95020033950200659502009090FF1F86
:1093400094950200A995020070B57D4D2B68062BFF
:10935000DCBF00232B602B68AEB006460C46092B01
:1093600000F2EC80DFE813F00A00EA00EA00EA000D
:10937000EA00EA00EA0015004C005A007148F8F7CC
:10938000C1FC0723012C2B6001D16F483DE06F48E1
:1093900041E008236B482B601EF02DFD07380328A1
:1093A0001AD86B4814B9FDF7D5FF01E0FCF756FA5F
:1093B0000025644E30461EF01EFD854204D8654BE4
:1093C000AA5DEA540135F4E730466249F8F78BFCB0
:1093D0003046F8F797FC0BE05F4814B9FDF7BAFF89
:1093E00001E0FCF73BFA5748F8F78CFC00232B60B0
:1093F000012C40F0A38000202146FFF7A5FF9DE04F
:10940000092301292B6005D15448FCF727FAFDF701
:10941000F9FF93E05248FDF79DFF8FE00023494894
:109420002B601EF0E8FC0738032802D9A31E012B8D
:1094300007D84448F8F76AFC90B9A31E012B79D8E5
:109440000EE045481CB9FDF785FF57E04548FCF79D
:1094500005FA012C52D100200121FFF775FF4DE0E4
:109460000DF10700F9F781F99DF80730022B06D0BE
:109470000AA82021FEF716FE0AA8F9F7E6F912A8B5
:10948000F8F772FA022C47D1374B2E4A1B78092B7A
:109490003BD1364B154603F11006186859682A4629
:1094A00003C20833B3421546F7D126481EF0A3FC89
:1094B0002449024612A8F8F781FA2D482021FCF72A
:1094C0007CFA30B92A482021FEF7ECFD2848FCF749
:1094D00087FA202212A82649F8F770FA12A802A9E2
:1094E000F8F78DFA02A8FFF773FC012C2148AAD1E6
:1094F000FCF7B4F900202146FFF736FE1148F8F7D3
:1095000001FC0320FEF734F818E030681060B188E1
:10951000B37993719180C8E7032CC6D1094D3346C6
:109520001036186859682A4603C20833B3421546F4
:10953000F7D1BAE7002C89D10A4884E72EB070BD74
:1095400074BAFF1FF8BAFF1FC0950200FE95020013
:10955000F794020078BAFF1F0C95020033950200C1
:1095600065950200A9950200B78CFF1F7390FF1F3D
:109570009090FF1F9495020070B5744D2B68032BDB
:10958000C4BF00232B602B68ACB006460C46032BEF
:1095900000F2DA80DFE803F0020D44526C48F8F77D
:1095A000B1FB01239C422B6001D16A483DE06A482F
:1095B00041E0022366482B601EF01DFC073803289B
:1095C0001AD8664814B9FDF7C5FE01E0FCF746F964
:1095D00000255F4E30461EF00EFC854204D8604BDD
:1095E000AA5DEA540135F4E730465D49F8F77BFBA4
:1095F0003046F8F787FB0BE05A4814B9FDF7AAFE8E
:1096000001E0FCF72BF95248F8F77CFB00232B60B4
:10961000012C40F0998000202146FFF7ADFF93E038
:10962000032301292B6005D14F48FCF717F9FDF7FB
:10963000E9FE89E04D48FDF78DFE85E000234448B2
:109640002B601EF0D8FB0738032802D9A31E012B7C
:1096500007D83F48F8F75AFB90B9A31E012B6FD8E3
:109660000EE040481CB9FDF775FE4DE04048FCF7A0
:10967000F5F8012C48D100200121FFF77DFF43E0E0
:10968000202108A8FEF70EFD08A8F9F7DEF810A8BB
:10969000F8F76AF9022C45D1364B2D4A1B78092B75
:1096A00039D1354B154603F11006186859682A461A
:1096B00003C20833B3421546F7D125481EF09BFB81
:1096C0002349024610A8F8F779F92C4B1B6833B9E7
:1096D0002B482021FEF7E6FC2948FCF781F92022DF
:1096E00010A82749F8F76AF910A86946F8F787F92A
:1096F0006846FFF7FBFA012C2248B4D1FCF7AEF81C
:1097000000202146FFF720FE1148F8F7FBFA03205E
:10971000FDF72EFF18E030681060B188B3799371BF
:109720009180CAE7032CC8D1094D3346103618681A
:1097300059682A4603C20833B3421546F7D1BCE73D
:10974000002C93D10A488EE72CB070BD74BAFF1F6D
:10975000F8BAFF1F1F960200FE950200F794020060
:10976000CDBAFF1F0C9502003395020065950200EB
:10977000A9950200B78CFF1F7290FF1F149CFF1F5A
:109780009090FF1F9495020038B5094C094D0323B2
:10979000204602212B60FFF7EFFE0923204602211D
:1097A0002B60FFF7D1FD0020BDE83840F8F77DBF02
:1097B0000CBAFF1F74BAFF1F08B5184B1A78184B64
:1097C0002AB9184A127812B91A78F72A0AD11B78DE
:1097D0000833DBB2012B02D81348FDF7BBFD012093
:1097E000FDF76EFF114B1868B0B9114B1B68032BC6
:1097F00003DC0121FFF7C0FE0EE0062B03DC012194
:10980000FFF7B2FC08E0092B03DC0121FFF79CFD08
:1098100002E00220FFF75EFB002008BD55BAFF1FE3
:10982000D5B9FF1F00BAFF1F5E960200149CFF1FF0
:1098300074BAFF1F10B50D4B1B78022B02460C4665
:1098400013D04379013B032B0BD906230021D154BC
:109850000133272BFAD121461046BDE81040FFF70F
:1098600063B8BDE81040FFF7E5B810BD2CBBFF1F83
:10987000F0B546484649474C474F484E484DA7B07B
:10988000F8F764F941484749F8F760F9464A012377
:1098900013700022337022703A70FDF7B3FD6B78BD
:1098A000C82B02D92046F8F72CFF6B78042B02D97D
:1098B000653B0F2B02D83848F8F730FF23783B4C34
:1098C0000BB93B780BB1032345E00AA8F8F74CF835
:1098D00022683749374F384E0AA8F8F76FF80AA8B8
:1098E00002A9F8F78CF8354BDFF8E8E01B789DF813
:1098F00008009DF817109DF82720092B18D1032385
:10990000B0FBF3FC0CEB4C0CCCEB000031308EF8D0
:109910000000B1FBF3F0B2FBF3F300EB400003EB0C
:109920004303091AD21A313131323970327013E0DF
:109930000623B0FBF3FC03FB1C0031308EF8000063
:10994000B1FBF3F003FB101131313970B2FBF3F1CD
:1099500003FB112331333370236829786A78144864
:109960000093174BFEF760FC164B22681049002548
:109970001D60154B1A60154B18681DF0B2FF144B93
:1099800025601878FDF7E8FA27B0F0BD8490FF1F36
:10999000DCB9FF1F9CBAFF1F98BAFF1F00BAFF1F58
:1099A000999BFF1FA8BAFF1F55BAFF1F50BAFF1F90
:1099B0006898FF1F45BBFF1F46BBFF1FB78CFF1FEB
:1099C0001091FF1FA0BAFF1F4CBAFF1FB88CFF1FDA
:1099D000D6B9FF1F44BBFF1F70B50446FDF7D6FA8A
:1099E000254B21792A221A70244B1A78184642B93D
:1099F0005D7835B962795A70214A197012689A7087
:109A000005E0914203D0427863799A4232D1A2793B
:109A10001C4DFF2A12D12A68B2F5327F12DA1A4998
:109A2000E31D11443F3453F8040B41F8040BA342E7
:109A3000F9D11B780B7039322A6070BD2E68B6F5EB
:109A4000327F04DB1148BDE87040FDF783BC531E34
:109A5000382BF7D80C48E11D304410F0AFFFA37944
:109A60000B481E4402212E60FEF71CFBBDE870402F
:109A7000FFF7FEBE70BD00BFD5B9FF1F999BFF1F4A
:109A8000D8B9FF1F50BAFF1F6898FF1F98960200B1
:109A90009C9BFF1F30B5044D2D78022D03D0BDE8EF
:109AA0003040FBF73BBD30BD2CBBFF1FF0B51B4B5F
:109AB0001B78022B93B007460D4601D100202BE006
:109AC000174C2046FAF7C4F82278482A264601D0D7
:109AD000322AF3D1294602A8FCF7CCFE15230093C5
:109AE0002946104B0DF133001D22FFF7D3FF0DACBB
:109AF0003B4611AD224603CAAA421860596014467B
:109B000003F10803F6D1106818609DF833000923AB
:109B10003370431E5842584113B0F0BD2CBBFF1F99
:109B2000FC91FF1F1091FF1FF7B5214B1B78022BF3
:109B3000054607D0A0F16507FBB21F2B04D91D48CD
:109B4000FDF708FC002031E01B4E29463046FAF7AD
:109B50003BF93478ACB91948FDF7FCFB184B1D688C
:109B60001DB10120FDF7ACFDECE7164B1A782D2A4C
:109B7000E8D02B2AE6D0012202201A70FDF7F8FC6B
:109B8000E0E7790104F00F030F48337001F57831F5
:109B90002022FBF7A3FE20230B48009329462246F0
:109BA0000A4BFFF777FFFAF78DFE204603B0F0BDB2
:109BB0002CBBFF1F808E0200FC91FF1FC39602008A
:109BC000D8B9FF1FD6B9FF1FAC92FF1F1091FF1F1E
:109BD000F7B5214B1B78022B064606D0471EFBB279
:109BE000032B04D91D48FDF7B5FB002031E01C4DC7
:109BF00031462846FAF7DCF92C789CB91948FDF76C
:109C0000A9FB194B1D681DB10120FDF759FDECE7BB
:109C1000164B1A782D2AE8D0012202201A70FDF77F
:109C2000A7FCE2E704F00F0279022A70104801F560
:109C30007A31D201FBF752FE2B780D48DB010093FD
:109C4000314622460B4BFFF725FF2878FAF74EFDE9
:109C5000204603B0F0BD00BF2CBBFF1F118F0200D8
:109C6000FC91FF1FED960200D8B9FF1FD6B9FF1F68
:109C7000CC92FF1F1091FF1F2DE9F04F052BADF681
:109C80000C0D0D4616469A4618D100214FF4763039
:109C900002F012F90A2011F06BFE00214FF47C3023
:109CA00002F00AF90A2011F063FE00214FF47E3021
:109CB00002F002F90A2011F05BFEB5E0032B17D188
:109CC0000846F8F704FD2B784BB96B783BB9EB7875
:109CD0002BB92B791BB96B79002B00F0A580284696
:109CE00000960021FF22534BFFF7D4FE01209CE099
:109CF000042B0AD100920846FF2200214D4BFFF7AA
:109D0000C9FE2846F8F7EBFC8EE00B2800F28C80A9
:109D1000B2F5007F00F3888000F10109B9F1040F6A
:109D20000BDDB9F1080FD9BFA0F1030B4FF47C385C
:109D3000A0F1070B4FF47E3802E0CB464FF47638A3
:109D40003D4C02A841464FF400624FF40077FBF708
:109D5000C5FD00213A4620461DF0DEFD204629467D
:109D6000324610F02BFEBAF1010F39D102AB0BF1E4
:109D7000FF3B03EB4B2B59463A46204610F01EFEA4
:109D800028465946324610F019FE2378FF2B09D198
:109D90006378FF2B0ED1E378FF2B0BD12379FF2BB8
:109DA00008D141E033B9637823B9E37813B9237953
:109DB000002B39D04FF400746FEA09021D4B009458
:109DC0001D480021D2B2FFF765FE324628461A49E7
:109DD00010F0F4FD0021224617481DF09DFD23E000
:109DE000BAF1020F1FD16FEA0902002520460021B7
:109DF000D2B2104B0097FEF717FA3B46584602A91D
:109E000022460095FDF78BF83A46294620461DF07C
:109E100083FD2946404602F04FF802A841464FF420
:109E20000062FBF76FFD00E000200DF60C0DBDE8B1
:109E3000F08F00BF1091FF1FCC92FF1F2DE9F04360
:109E4000B14B1A78022AADF2244D8146984600F0B3
:109E50007882AE4D2C6854B944F2F0501DF022FDCA
:109E6000AB4B214644F2F05218601DF055FD99F8B5
:109E70000520FF2A44F2B7531CD19C420DD8A44BB5
:109E80001868002309EB030291790219D1540133B8
:109E9000392BF7D139342C6053E29E48FDF75AFA3A
:109EA0009D4B012206201A70FDF762FB9B4B9C4ADA
:109EB0001A6046E29C42964E0CD8392A0AD830687D
:109EC00009F10601204410F079FD99F805301C4491
:109ED0002C600BE08F48FDF73DFA8F4B01220620E6
:109EE0001A70FDF745FB8D4B8D4A1A602B6813B92C
:109EF0008A4B8B4A1A600DF10700F8F7C1FB2B68FB
:109F00009DF80700814C013B2B6008B9854845E06E
:109F1000642835D9FFF708FE834B3168226818782A
:109F20008B5C643B984238D10C3A22600A4403AB04
:109F30001068516803C39068186086A97B48FAF7D7
:109F4000A7F806A8F7F710FD06A886A92022F7F7BC
:109F500035FD06A875492022F7F730FD06A803A9AC
:109F60000C22F7F72BFD06A886A9F7F748FD98F80D
:109F70000030022B3DD0664B03A9186886AA35E055
:109F8000042836D800230293FFF722FE664B31687F
:109F900018782368CA5C82420CD06548FDF7DAF96C
:109FA0005D4B012206201A70FDF7E2FA5B4B5C4A1A
:109FB0001A601EE0A3EBC2131944D20186A82360E5
:109FC00010F0FCFC86A906AA02A8FAF74FFA594A33
:109FD0001068516803AB03C39068186098F80030AC
:109FE000022B06D04A4B186803A906AA2368FBF780
:109FF00018FB34682B682344FC225A702378934260
:10A0000008D84D48FDF7A6F90620FDF7B1FA434BF5
:10A01000434A1A602D20FDF761FA94F80080B8F1E8
:10A02000000F00F07181B8F1FF0F40F0A58086AEFF
:10A030003046002140F207221DF06EFCBA23337037
:10A04000E62386F8018086F8028086F80380337163
:10A0500094F8019086F80590A378B3710A2B3BD150
:10A0600004F10308B9F1000F0DD10DF21F231F34C5
:10A0700058F8042B43F8042BA045F9D13046FEF7DD
:10A08000DFF8444610E043460DF21F2204F1270199
:10A0900053F8040B42F8040B8B42F9D11B88138050
:10A0A0003046FEF7CDF829342278637843EA02235C
:10A0B00003F596739BB21A0A06A849468DF8182034
:10A0C0008DF81930F9F768F83046002140F2072280
:10A0D00002341DF021FCA0E7092B04F10408E47808
:10A0E00001D01D2B2AD1224641460DF21F2010F02F
:10A0F00065FC3046FEF7A4F83046002140F2072206
:10A100001DF00AFC444488E72CBBFF1F04BAFF1F64
:10A1100060BBFF1F17970200D6B9FF1F0CED00E0D0
:10A120000400FA0533970200FC91FF1F7895FF1F8A
:10A130004B97020018980200799702000B2BF471DC
:10A140000AD13046FEF77CF83046002140F2072263
:10A150001DF0E2FB444660E70823444608F101088D
:10A160002278111DC9B2032902D9F2540133F4E750
:10A170003046FEF765F850E7B8F1FE0F40F0BC80BE
:10A18000607840B9A11C0423D022FFF775FD2B682D
:10A19000D234D23BA0E0C7282AD994F88A31FE2BCA
:10A1A00004F1010603D194F88B21824212D894F86D
:10A1B000BB21FE2A07D194F8BC21824240F2BC8028
:10A1C00040F2B91708E02BB140F2B913002A08BFDA
:10A1D0001F4601E04FF4C477A11C0223C8383A4659
:10A1E000FFF74AFD2B687C1C02333444DB1B73E011
:10A1F00040F2072286A800211DF08EFBBA238DF8BD
:10A200001832FF238DF819328DF81A328DF81B326F
:10A21000EF238DF81C3262788DF81D22A3788DF81B
:10A220001E32642A10D9E61C0DF21F23233456F87F
:10A23000042B43F8042BA642F9D186A8FEF7FAFCBA
:10A240002B683446233B47E003F00F03012B0CD16E
:10A25000E11C80220DF21F2010F0B0FB86A8FEF753
:10A26000E9FC2B688334833B36E0022B10D1E11CE0
:10A270004FF480720DF21F2010F0A0FB86A8FEF7AD
:10A28000D9FC2B686FF4817104F203140B4423E0B2
:10A29000032B10D1E11C4FF4C0720DF21F2010F0FF
:10A2A0008DFB86A8FEF7C6FC2B686FF4C17204F222
:10A2B0008314134410E0042B10D1E11C4FF40072FE
:10A2C0000DF21F2010F07AFB86A8FEF7B3FC2B6876
:10A2D00004F20324A3F203232B609EE61B48FDF740
:10A2E00039F81B4B012206201A70FDF741F9194B72
:10A2F000194A1A60023490E6B8F1FD0F04D12B68B8
:10A30000253B2B60253488E61448FDF723F84FF4ED
:10A310007A7011F02DFB1248FDF71CF80020FDF7B4
:10A32000CFF94FF4FA7011F023FB0A4B0A4A1A6076
:10A330000320FDF71DF9FBE7002B08BF4FF4C4779E
:10A340004AE70DF2244DBDE8F08300BF9897020064
:10A35000D6B9FF1F0CED00E00400FA05CD9702000E
:10A36000E8970200F0B5514B1B78022BAFB00546C1
:10A3700000F09980042105A8FDF794FE1EAC002191
:10A38000112210A81DF0C8FA2046002140221DF01D
:10A39000C3FA3DBB2046F8F722FF21AE0DF17E0047
:10A3A000F8F712FF3046F8F7D5FE1C23009320463D
:10A3B00029460A223E4BFFF76DFB94E80300BDF8E7
:10A3C00082301090DDF87E00ADF844100690ADF8B4
:10A3D0001C3096E80F000CAF87E80F0015A810A9F5
:10A3E000062239E06B1E172B38D820462946FCF789
:10A3F0008AFD2623009320462D4B29460A22FFF78B
:10A4000049FB2523DAB2E15CA2F11506F6B229B9BF
:10A41000013BA2F116061B2BF6B2F3D1324610A86F
:10A42000214610F0CBFA2EAA324413460CAF53F853
:10A43000400D06909B88ADF81C30A2F12A0EA2F1C7
:10A440003A03186859683A4603C2083373451746F9
:10A45000F7D115A810A9324606F0D6F908A806A922
:10A46000062206F0D1F94022204600211DF054FAC0
:10A47000294604A8F8F779FE9DF810209DF81130C0
:10A480000C4C43EA022394F8275000930A4B0193A3
:10A49000059B029320460CA915AA08AB013504F0D0
:10A4A000A1FD84F827502FB0F0BD00BF2CBBFF1FCB
:10A4B0001091FF1F689BFF1F0302010073B5114B32
:10A4C0001B78022B06460D4618D00F4C0846FFF7A6
:10A4D00049FF2946204604F01BFE238D8DF80530E8
:10A4E0001A0A01A829468DF80420F8F755FE3046CF
:10A4F000214604F0AFFD94F8260000E0002002B0F1
:10A5000070BD00BF2CBBFF1F689BFF1F2DE9F04FE4
:10A51000504B1B78ADF5994D022B95B000F01F867E
:10A520004D4B15AE324603F11805186859681446AC
:10A5300003C40833AB422246F7D1186899889B7947
:10A54000A371464B2060A1800DAA03F1180518687D
:10A550005968144603C40833AB422246F7D1186841
:10A560001B7923713E4B20600DF1200818683D498E
:10A570009B8808900DF1B4096E224846A8F8043073
:10A58000002710F01BFA384D0DF11A000DF5DC64B0
:10A59000F8F7EBF8394644F2F05220462F601DF0F0
:10A5A000BBF92D20FCF79AFFBA46304F16F80A0087
:10A5B0001AF0AEFC3B784FF0030B13FB03F393FB55
:10A5C000FBF000FA0BF011F0D3F91AF0EDFC3B7838
:10A5D00013FB03F393FBFBF000FA0BF00AF1010A03
:10A5E00011F0C6F9BAF11F0FDFD101238DF8183031
:10A5F0009DF818A0BAF13D0FB8AE39D800214FF43C
:10A60000007230461DF088F930465146FCF722F9B9
:10A610003378013BDBB2FD2B18D82A689DF818105F
:10A62000FF23A354A318B646597001219970D31C77
:10A63000E6180DF53C7C734603CB634530607160D2
:10A640009E4606F10806F6D113322A609DF81830AE
:10A650000133CBE72CBBFF1F5B9802007A98020006
:10A6600091980200979802004CBAFF1FA48CFF1F1C
:10A6700001238DF81830B2469DF818B0BBF1180FC1
:10A6800000F2388200214FF4007230461DF044F988
:10A6900059463046FBF74AFAB0F1000B25DD9DF82C
:10A6A00018100C2903D99DF81A30022B06D0CDF8CA
:10A6B00000B030460F22B34BFFF7ECF9D5F800A0FD
:10A6C0009DF81820FF2304F80A3004EB0A030AF16E
:10A6D00003005A700F229A70204431465A46DA44D9
:10A6E00010F06CF90AF103032B609DF818100DF1BE
:10A6F0001900F9F74DF89DF819A00AF00403CAF300
:10A70000C001CAF3011CCAF380104FEADA1EDBB2A3
:10A710001AF0030A05938DF819100FD02B689DF8D5
:10A7200018B0FF22E254E218043382F801B04FF06F
:10A73000100B82F802B082F803A02B60BCF1000F6E
:10A740000FD02B689DF818A0FF22E254E2180433C2
:10A7500082F801A04FF0030A82F802A082F803C039
:10A760002B6010B9BEF1000F11D02B689DF818C0F6
:10A77000FF22E254E2180EF1010E82F801C070448B
:10A780004FF0060C043382F802C0D0702B60059B9A
:10A7900063B12B689DF81800FF22E254E2180433DD
:10A7A0005070122090700120D0702B6061B12B6826
:10A7B0009DF81810FF22E254E2180433517013215F
:10A7C00091700121D1702B609DF818103046F9F777
:10A7D0006BF8317859B12B689DF81800FF22E254CC
:10A7E000E2180433507011209070D1702B60304605
:10A7F0009DF81810FBF7E4FCB0F1000B25DD9DF887
:10A8000018100C2903D99DF81A30022B06D0CDF868
:10A8100000B0304602225B4BFFF73CF9D5F800A0B0
:10A820009DF81820FF2304F80A3004EB0A030AF10C
:10A8300003005A7002229A70204431465A46DA4484
:10A8400010F0BCF80AF103032B609DF81810304695
:10A85000F9F7B6F8317859B12B689DF81800FF2246
:10A86000E254E2185070042003449070D1702B60C1
:10A8700030469DF81810F8F7BDFCB0F1000B25DD4F
:10A880009DF818100C2903D99DF81A30022B06D018
:10A89000CDF800B0304605223A4BFFF7FBF8D5F86B
:10A8A00000A09DF81820FF2304F80A3004EB0A03E7
:10A8B0000AF103005A7005229A70204431465A4624
:10A8C000DA4410F07BF80AF103032B609DF81810AE
:10A8D0003046F9F701F9317859B12B689DF8180025
:10A8E000FF22E254E2180433507007209070D170B8
:10A8F0002B6030469DF81810F9F7AAF996F800A0D9
:10A90000BAF1000F6DD02B689DF81810FF22E254A9
:10A91000E21808200433BAF1670F5170907082F882
:10A9200003A02B6005D0BAF1320F02D0BAF1480F64
:10A930004ED13046FBF79EFF2B689DF81810FF2282
:10A94000E2542344BAF1670F834659701CD10C2995
:10A9500003D99DF81A30022B06D0CDF800B030464E
:10A960000922084BFFF796F82B680393181D5A46E7
:10A970002044314610F022F8039B234409229A70A8
:10A980001FE000BF1091FF1F15230DF20B3B00933A
:10A9900058461D22554BFFF77DF8554B1A68131D7D
:10A9A000584623440DF21F3150F804EB43F804EBF2
:10A9B0008842F9D10178197022441D2393704FF019
:10A9C000150B2B68E2185B44043382F803B02B604C
:10A9D000BAF1790F07D0BAF1590F3CD0BAF1320F62
:10A9E00039D0B2467BE0002107A8F8F7BEFB30461D
:10A9F000F8F7F5FB0DF2E620F8F7E6FBBBA8F8F751
:10AA0000A9FB1C2300930A22384B30460021FFF794
:10AA100041F8D5F800E0FF2304F80E3004EB0E03F4
:10AA200000225A700A229A700EF10303B44623449E
:10AA30000DF53E7A624603CA524518605960944645
:10AA400003F10803F6D1106818600EF11F032B60A4
:10AA50000DF53B7A39E09DF818104B1E172B33D8B3
:10AA600007A8F8F782FB30469DF81810FCF74BFA60
:10AA7000262300930A221D4B9DF818103046FFF73D
:10AA800009F8D5F800C09DF81820FF2304F80C3011
:10AA900004EB0C030DF5407A5A700A229A700CF1FF
:10AAA0000303324623449646BEE80300D6451860A9
:10AAB0005960724603F10803F5D110681860928856
:10AAC0009A800CF129032B60B2462B689DF81C205C
:10AAD000E254E2189DF81D10517002332B609DF86E
:10AAE000183001338DF81830C6E500BF1091FF1FF4
:10AAF0004CBAFF1F5046F7F745FE9AF8003083B175
:10AB0000C3F10B038AF800302B68FF22E254E218ED
:10AB1000002151700D21917004339DF8E012D17025
:10AB20002B605046F7F73BFE9AF8003063B12B6874
:10AB3000FF22E254E218002151700E21917004337B
:10AB40009DF8E012D1702B605046F7F7A6FD9AF8F9
:10AB5000003063B12B68FF22E254E21800215170EB
:10AB60000B21917004339DF8E012D1702B60504698
:10AB7000F7F7E1FD9AF8003063B12B68FF22E25449
:10AB8000E218002151701A21917004339DF8E012EF
:10AB9000D1702B605046F7F7DBFD9AF8003063B1B7
:10ABA0002B68FF22E254E218002151701B219170A2
:10ABB00004339DF8E012D1702B605046F7F7AEFDDC
:10ABC0009AF8003063B12B68FF22E254E2180021AA
:10ABD00051701621917004339DF8E012D1702B60F2
:10ABE0005046F7F78EFD9AF8003063B12B68FF22CC
:10ABF000E254E218002151701521917004339DF840
:10AC0000E012D1702B600DF11B00F7F739FD4FF00A
:10AC1000010A00214FF4007230461CF07DFE5046C0
:10AC2000FEF7D6FF9DF81B30C0B2534508BF80F039
:10AC30008000F8B1D5F800B09349FE2304F80B303A
:10AC400004EB0B034FF0800C987083F801A08F4B3E
:10AC50001B7803930BF1030003FB0CF22044CDF8A7
:10AC600010C00FF0ABFE039BDDF810C01CFB03B35C
:10AC700003332B600AF1010A5FFA8AFABAF1050F71
:10AC8000C7D14FF0650A00214FF4007230461CF026
:10AC900043FE5046FEF748FF9DF81B30C0B25345B7
:10ACA00008BF80F08000A0B12B68FE22E254E218B9
:10ACB0000DF2E361907082F801A0754A194402F127
:10ACC000200052F804EB41F804EB8242F9D123331F
:10ACD0002B600AF1010A5FFA8AFABAF1850FD2D124
:10ACE000D5F800B0FE2304F80B3004EB0B034FF053
:10ACF000000A83F801A0674B03930BF10200194689
:10AD0000D02220440FF05AFE039B0BF1D202B3F87D
:10AD10004AB02A60DA451DDA504649A90BF0A4FA78
:10AD20009DF8AA319BB12B68FE22E254E218AAF1E9
:10AD300038010DF2E2605170184449A940F2B9128D
:10AD400003930FF03BFE039B03F2BB132B600AF14E
:10AD5000010ADFE706A8F7F793FC30462021FDF74C
:10AD6000A1F99DF818A0BAF1000F1FD14A48FCF7CD
:10AD7000F1FA19F80A001AF0CBF83B78032413FB18
:10AD800003F393FBF4F0A04010F0F2FD1AF00CF97D
:10AD90003B7813FB03F393FBF4F0A0400AF1010AA4
:10ADA00010F0E6FDBAF16E0FE3D1D8E1BAF1640F0D
:10ADB00047D996E807000DF1280989E807005046B1
:10ADC000FEF7B2FE35481DA9F9F762F908B134481B
:10ADD00056E00DF59C60F6F7C7FD0DF59C601DA9CA
:10ADE0002022F6F7EBFD0DF59C602C492022F6F7AA
:10ADF000E5FD0DF59C6049460C22F6F7DFFD0DF5EB
:10AE00009C601DA9F6F7FBFD264B1B78022B05D095
:10AE1000204649461DAA2B68FAF7E2FB4B4603CBB6
:10AE20002A68A0501868194B1B7804EB020E643393
:10AE30000D32CEF80410CEF808008EF80C302A60DF
:10AE40004CE0BAF1040F49D85046FEF7C1FE164A4D
:10AE5000106851681DAB03C390681860114B1B78D4
:10AE6000022B05D020461DA932462B68FAF7B8FB05
:10AE7000202031460DF59C62F9F778FCC0B10B48F3
:10AE8000FCF768FA6BE100BFCC92FF1FFC91FF1F3B
:10AE9000AC92FF1FA8DDFF1F339702007895FF1FBC
:10AEA000249802002CBBFF1F189802004198020052
:10AEB000AD4BD5F800A093F800904FF0800B04EB59
:10AEC0000A001BFB09AA0DF59C6109FB0BF20FF0B0
:10AED00075FD0AF1010304F80A902B601DA80021FA
:10AEE00020221CF019FD4FF000092B68DFF884A226
:10AEF00099454FF2280000F3B38044F2236399454B
:10AF000000F0AE801AF004F83B784FF0030B13FB0F
:10AF100003F393FBFBF000FA0BF010F029FD1AF09D
:10AF200043F83B7813FB03F393FBFBF000FA0BF0C1
:10AF300010F01EFD3046142105F0AEFCDAF80030AA
:10AF4000C9EB0303382B0DF59C6044DCF6F70CFDD0
:10AF50000DF59C601DA92022F6F730FDDAF80020DF
:10AF600004EB090BC9EB02020DF59C605946F6F79C
:10AF700025FD0DF59C601DA9F6F741FDDAF80020CE
:10AF80005846C9EB02023146002303F069FE4FF038
:10AF9000000A024692455ADA16F80A00049219F09D
:10AFA000B7FF3B784FF0030B13FB03F393FBFBF06E
:10AFB00000FA0BF010F0DCFC19F0F6FF3B7813FB05
:10AFC00003F393FBFBF000FA0BF010F0D1FC0AF155
:10AFD000010A049ADEE7F6F7C7FC04EB090A0DF54F
:10AFE0009C601DA92022F6F7E9FC514639220DF597
:10AFF0009C60F6F7E3FC0DF59C601DA9F6F7FFFCDD
:10B00000504631463922002303F02AFE4FF0000A51
:10B0100016F80A0019F07CFF3B784FF0030B13FB86
:10B0200003F393FBFBF000FA0BF010F0A1FC19F016
:10B03000BBFF3B7813FB03F393FBFBF000FA0BF031
:10B040000AF1010A10F094FCBAF14C0FE0D130463D
:10B0500000214FF4007209F139091CF05DFC44E74E
:10B0600019F056FF3B78032413FB03F393FBF4F032
:10B07000A04010F07DFC19F097FF3B7813FB03F321
:10B0800093FBF4F0A04010F073FC1DA83146202281
:10B09000002303F0E5FD0024814618F8040019F0B0
:10B0A00037FF3B78032513FB03F393FBF5F0A84030
:10B0B00010F05EFC19F078FF3B7813FB03F393FB71
:10B0C000F5F0A840013410F053FC022CE5D1002427
:10B0D000E3B24B4504F1010416DAF05C19F018FFF5
:10B0E0003B78032513FB03F393FBF5F0A84010F026
:10B0F0003FFC19F059FF3B7813FB03F393FBF5F08A
:10B10000A84010F035FCE3E718481AF039FD002498
:10B110000DAB174E185D19F0FBFE3378032513FBBA
:10B1200003F393FBF5F0A84010F022FC19F03CFF6C
:10B13000337813FB03F393FBF5F0A840013410F0D0
:10B1400017FC1D2CE4D109481AF01AFD094B002107
:10B150000DF5DC6044F2F05219601CF0DDFB0DF5DA
:10B16000994D15B0BDE8F08FFC91FF1FF8E4FF1F6B
:10B17000A48CFF1F4CBAFF1F7FB506460D46144630
:10B180006846002110221CF0C7FB304669462A465B
:10B190002346FAF7F1F804B070BD7FB506460D46B8
:10B1A00014466846002110221CF0B6FB3046694662
:10B1B0002A462346FAF70CF904B070BD2DE9F04198
:10B1C00000AF05461CF017FE00F1090323F007034A
:10B1D000ADEB030D044600F1010828461CF00BFE00
:10B1E0002946024668460FF0E9FB074B1B78092BFE
:10B1F0000CBF702363230DF80430684600230DF85C
:10B200000830BD46BDE8F081B78CFF1F38B52B4B29
:10B210001A782B4B05461B7812B9002B4DD004E051
:10B22000002B4AD0274B1B680BB9274803E0274B5C
:10B2300027481B782BB1FFF7C1FFBDE83840FCF76A
:10B2400089B8FFF7BBFFFCF785F8F7F7F3F900289B
:10B2500033D10346EA181F4C117A6FF007025A43A4
:10B2600001FA02F22168013B0A43191D2260F1D163
:10B27000194B1A4918680968401A40F6B7318842D4
:10B2800006D819684FF47A73B1FBF3F31A442260BD
:10B290002068F7F777F9FAF7B1FA2268104B9A426B
:10B2A0000BD9104B13440522B3FBF2F3834204D9AC
:10B2B0001846BDE83840FAF7B0BA38BD5CBAFF1F8F
:10B2C00099BAFF1F149CFF1F0599020024BBFF1FA2
:10B2D000B084020008BAFF1FC4E2FF1F48BBFF1F73
:10B2E0006EA72B5D9258D4A270B5844C2378022BA4
:10B2F000054604D0824B1B78242B00F040825DB9B8
:10B30000294680481AF038FA7F4B1B6805461BB166
:10B3100010B10020FAF796FA7C4B1A687C4B1B6838
:10B320009A4203D07B4B00221A70D9E1002D40F3E2
:10B330001582794B734A1B7873B11179F1290BD0BF
:10B34000F42909D001F11200C0B2012804D91F313B
:10B35000C9B2062900F213821179E139132900F2EA
:10B36000D481DFE811F014003600420049004E009D
:10B3700068009C00D201D201D201D2016F013201DA
:10B380001201AD0051018701D201D201A101217842
:10B390000229624912D0096811B1002B00F0EF8137
:10B3A00053792F2B04D90320BDE87040FDF792BDDF
:10B3B00054480021BDE87040FEF7DEB80A6812B1BB
:10B3C000002B00F0DC814F480021BDE87040FDF704
:10B3D000BBBF524A126812B1002B00F0D08149481D
:10B3E0000021BDE87040FDF7BFBE4C4A1268002A3C
:10B3F000E9D0002BE7D170BD4248BDE87040FFF7AF
:10B4000005BF474B1978434B1B7811B9E3B1454849
:10B410001BE0CBB1444B1B78442B15D153796B2BDC
:10B420004FF0020003D1BDE87040FBF791BEBDE8CC
:10B430007040FBF737BF3A49087836490C78B0B905
:10B440003CB9364C2468CCB13848BDE87040FBF7B5
:10B4500081BF93790C2B01D0142BD8D11378BA2B40
:10B4600000F08D812748BDE87040FCF7E9BE002C54
:10B47000E7D02D4C2478442CE3D104E0097800294E
:10B48000E2D00028E0D01278BA2A00F07881284A69
:10B490001278002AE6D0002BE4D12648D5E7204BCD
:10B4A0001A781C4B1B78002AB0D0002BCCD01E4B36
:10B4B0001B78442BC8D11348BDE87040FCF770B826
:10B4C0001749097800293BD012480078002837D066
:10B4D00015480078442800D113B9104D2D685DBB84
:10B4E0002378022B00F04B811378BA2B00F04781B0
:10B4F0000448BDE87040FDF79DBB00BF2CBBFF1F9B
:10B50000D5B9FF1F0CBAFF1FD8B9FF1F8890FF1FC6
:10B510008C90FF1F99BAFF1F24BBFF1F149CFF1FB5
:10B520005CBAFF1F1E990200020002404899020007
:10B530001CBBFF1FDC8C0200442801D1002BACD0C7
:10B540009379802B80D98E4B1B78092B7FF47CAFAD
:10B5500000297FF479AF8B4C8B4B226803F14001BB
:10B5600053F8040B42F8040B8B42F9D1FEF70CF9A7
:10B570002068FDF75FFB0120F7F7BEF82068002187
:10B580004022BDE870401CF0C7B9804A1178804A5B
:10B5900029B91378002B3FF457AF7E4855E712784E
:10B5A000002A3FF451AF7C4A1278442A7FF44CAF12
:10B5B000002B3FF449AF2378022B00F0E080724863
:10B5C0000121BDE87040FEF735B9704B1A78704B19
:10B5D000002A3BD01B78002B3FF436AF6E4B1B7814
:10B5E000442B7FF431AF6D4B1B78002B7FF42CAFD5
:10B5F0002378022B00F0C380D520FBF7ADFC624816
:10B60000BDE87040F9F78ABC604B1A78604BEAB12C
:10B610001B78002B3FF418AF5F4B1B78442B7FF453
:10B6200013AF5E4B1B78002B7FF40EAF2378022BF9
:10B6300000F0A5808020FBF78FFC5348BDE87040E8
:10B64000F9F780BD514B1A78514B0AB91B78A1E725
:10B650001B78002B3FF4F8AE4F4B1B78442B7FF444
:10B66000F3AE2378022B00F08A804748BDE8704093
:10B67000F9F728BB454A1178454A002989D0127844
:10B68000002A3FF4E1AE444A1278442A00D11BB9A3
:10B6900043490968002931D12378022B6FD03A48F9
:10B6A000BDE87040FEF7CABB384A12783AB1384953
:10B6B000097821B138490978442900D113B93849AA
:10B6C000096889B93748FBF745FE0020012119F0C8
:10B6D00077FE0120014619F073FE642010F048F94E
:10B6E000314B324A1A6070BD002A3FF4ADAE284A91
:10B6F0001278002A3FF4A8AE274A1278442A7FF431
:10B70000A3AE002B7FF4A0AEC7E62378022B36D081
:10B710001E4B1B78002B32D01D4B1B787BB31E4B6E
:10B720001B78442B2BD1224C267876B9642010F05C
:10B730001FF91548257031461AF01EF800B1207027
:10B740001148BDE870400AF0EDBBAE42F8D00E489B
:10B7500025700AF0E7FB0023237070BD2378022BCD
:10B760000DD00A4B1B7853B1094B1B783BB10A4BE8
:10B770001B78442B03D1BDE870400AF0D1BB70BDEB
:10B78000B78CFF1FB88CFF1F0CBAFF1F5CBAFF1FDE
:10B7900099BAFF1F5C9902000200024000BAFF1F25
:10B7A000149CFF1F819902000CED00E00400FA05D3
:10B7B00054BAFF1F2DE9F043A74EA84F337893B03A
:10B7C00073B1A74A14785CB921465022A5481CF0F1
:10B7D000A3F8A548214609221CF09EF8FC7150E20E
:10B7E000A04C94F84050012D02D0EA1E182A22D80D
:10B7F0000BB39B4A1278F2B19C4A11780229914608
:10B8000019D094F82D20052A00D0A2B9954E96485B
:10B810000021892309227971FB711CF07DF83046E3
:10B82000FCF7EEFC002800F09B80914B1B78002B6E
:10B8300040F096809CE0AF228B49FA7100220A7298
:10B84000D1B20132A018407D3F28F9D0092905D98D
:10B850000021092284481CF05FF881E005F0F7021E
:10B86000302A02D0013D0B2D53D8002B59D07C4BF0
:10B870001B78002B00F001827C4D2B78022B00F00E
:10B88000008212A8002300F8403DF6F754FF94F818
:10B890004030302B19D0382B19D02A781AB1714A80
:10B8A0000C3382F8403094F840104B1E172B00F2F6
:10B8B000E8817048FEF7FAF800218DF80800202290
:10B8C0006C481CF029F8012302E0822300E0812368
:10B8D0009DF80820664C012A01D09A4207D1042322
:10B8E0002370F9F76FFC002121705F480FE00323FC
:10B8F0002370614B61496248F5221A70F6F726F908
:10B900002B20FBF729FBFBF77DFD5748002109227F
:10B9100029E0202A05D123B1514B1B78002B40F0A0
:10B92000B08123784F4DFF2B40F0AB816B78FF2B1C
:10B9300040F0A781AB78FF2B40F0A381EB78FF2B81
:10B9400040F09F812846FCF75BFC002880D0484BE4
:10B950001B78002B7FF47CAF4A4B05F1400279E164
:10B9600040480021502213B0BDE8F0431BF0D4BF83
:10B97000454A136096F82E3003F0DF02402A40F06B
:10B98000B88042493F4E0B46022D53F8062BC6F8AD
:10B99000172086BF033D5FFA85F84FF00108F21DBE
:10B9A000163153F8040B42F8040B8B42F9D1354D94
:10B9B000002105F11B0025221BF0AEFFEF233371A0
:10B9C00094F84030012B01D1822302E0032B02D1F5
:10B9D00081236B7101E085F805800923B37196F826
:10B9E0000790337A274D9944737A9944B37A9944EE
:10B9F000F37A19EB030916D16B798DF80D304846AF
:10BA0000F6F7A1FE6B797F33DBB2012B04D802A8D5
:10BA10004946FDF70FFF09E1E7232B711D2385F848
:10BA20000580AB7162E000230DF107008DF807304F
:10BA30008DF80830F6F77FFE64200FF099FF9DF82F
:10BA40000730012B26D06A79934223D003B3012318
:10BA50008DF807301EE000BF5CBAFF1FAC8CFF1FE3
:10BA600099BAFF1F6DBBFF1F5DBAFF1F2CBBFF1FE5
:10BA700000BAFF1FAC92FF1F999BFF1FDCB9FF1F8D
:10BA80008490FF1F0CBAFF1FD8B9FF1F7DBBFF1F9B
:10BA90008DF8072073797C4D03F17F02D2B2012A21
:10BAA00015D82846FDF7C6F894F84030012B0CBF96
:10BAB0008221812102A8F8F787F99DF80830092B27
:10BAC00040F0B4800DF10700F6F73DFEAEE0002B2C
:10BAD00000F0AC80E6232B7105F108001D23E91D61
:10BAE000142285F80580AB711BF0FBFE0120E87184
:10BAF0009AE01BB996F82C3063B99BE0202B09D053
:10BB0000102B07D0082B05D0042B03D0013B012BB1
:10BB100000F290805C4E5D48E623022D337194F86C
:10BB20002F3086BF05F1FF355FFA85F84FF0010829
:10BB3000042B01D1022303E0082B0CBF04230123B3
:10BB40000370F6F727FE99F800301BB108F10C05D9
:10BB5000EDB200E0454694F82E30042B0DF10700BD
:10BB6000294608D1F7F714FE9DF8073003F03F038C
:10BB700063F07F0310E0202B08D1F7F709FE9DF852
:10BB8000073003F03F0343F0400305E0F7F700FE02
:10BB90009DF8073003F03F0302A829468DF80830CE
:10BBA000F7F73EFE0A23B371394B3A4886F8058011
:10BBB00003F11002114653F8044B40F8044B934232
:10BBC000F9D10B68344AC6F817308B889380334B11
:10BBD000063203F1100153F8040B42F8040B8B42B8
:10BBE000F9D112222E4800211BF096FEF279337A09
:10BBF0001344727A1344B27A1344F27AD34212D1C4
:10BC00002148FBF7CDFC29460DF10700F7F7C0FDF1
:10BC10009DF8073002A803F03F0329468DF808304D
:10BC2000F7F7FEFD02E00120FFF75EFB1D4B1A78DF
:10BC300001321A701B4B16481B783B7100240323FA
:10BC4000214650227B71FC711BF066FE0E48214696
:10BC5000402288E655F8041B43F8041B9542F9D1AD
:10BC6000337833B1104B1B781BB91048FBF772FBCC
:10BC700007E00120FFF738FB03E0202A7FF451AEF4
:10BC80004AE613B0BDE8F0830CBAFF1FA48CFF1F77
:10BC90006DBBFF1F13BAFF1F23BAFF1F83BBFF1F1C
:10BCA0003ABAFF1FB58CFF1F99BAFF1FF884020034
:10BCB00038B5064C04F1100514F8011F2F2904D9DA
:10BCC0000348F6F712F8AC42F6D138BD10BAFF1FA0
:10BCD000F8BAFF1F70B50024944204D0CD18065D59
:10BCE0002E550134F8E770BD13B580210DF1070022
:10BCF000F8F76AF89DF80730612B1BD00E4B0F4CFC
:10BD000004221A60EF232371802320216371E01D38
:10BD10006123A371FCF7C6F92046FCF78BFF0021D5
:10BD2000402220461BF0F8FD002001460246052374
:10BD3000FDF7A2FF02B010BDD8B9FF1F0CBAFF1F5C
:10BD400010B51B4C19F0F2FA0323204602210A22F7
:10BD500003F01EF820461749174A1BF049FD174B00
:10BD600017481A68174B0F211A60174AF5F762FF38
:10BD70000A21164A1648F5F75DFF41F28831154A47
:10BD800015480023F5F766FF44F62061134A14486E
:10BD90000023F5F75FFF40F6C4111248124A002352
:10BDA000F5F758FF11481249BDE81040F5F796BF66
:10BDB000DCBAFF1FEFED00007C8CFF1FC4E2FF1F09
:10BDC00030BBFF1F48BBFF1FD556000005770000A2
:10BDD0004CBBFF1F65790000DCB9FF1FB99700005D
:10BDE000F09BFF1FA8BAFF1FA9560000F8BAFF1F5B
:10BDF000AB990200074B1A781206FBD530221A7055
:10BE0000C1F30742D8719A71C1F30722C9B25A71BE
:10BE1000197170470000024020F4FF6110B521F055
:10BE200007010120FFF7E6FF084B02221A70084ABB
:10BE30000023137002F8013C72B6064C20461FF036
:10BE40003FFD62B6207800F0310010BD0B000240CB
:10BE50000A0002400000024010B50C4620F0030129
:10BE6000B1F5006F00D2EAB1A1F5A0620C2A00D8AA
:10BE7000DBB10620FFF7BEFF0D4BE2781A70A27807
:10BE800003F8012C627803F8022C227803F8032CC3
:10BE900072B6084C20461FF013FD62B6207800F001
:10BEA000310010BD4FF0FF3010BD6FF0010010BD2C
:10BEB0000B0002400000024010B520F4FF6424F0A3
:10BEC0000704B4F5006F00D231B12046FFF7A4FF9C
:10BED00090B124B9204610BD4FF0FF3010BD0920AD
:10BEE0002146FFF787FF72B6044C20461FF0E8FC9E
:10BEF00062B6207800F0310010BD00BF00000240A3
:10BF000010B5124C23781B06FBD530232370104B41
:10BF100006221A70002203F8012C042203F8022CD6
:10BF20000C2203F8032C0B4AFF23137002F8013C88
:10BF300002F8023C084B187072B620461FF0C0FC95
:10BF400062B6207800F0310010BD00BF0000024052
:10BF5000070002400B00024008000240014B036052
:10BF6000704700BFC099020010B5034B0360044640
:10BF700019F016FE204610BDC0990200014B036067
:10BF8000704700BFC0990200014B0360704700BFBB
:10BF9000F099020010B5034B0360044619F000FE4F
:10BFA000204610BDF0990200014B0360704700BFAE
:10BFB000F09902002DE9F8431E4603689DF82070B1
:10BFC000DB6804460D4691469847236880461B6906
:10BFD00020469847464505D82846494632460EF041
:10BFE000EDFC14E02368324649465B6920469847D9
:10BFF000236820469B689847236806469B6920462D
:10C00000294632469847236820461B699847AB1952
:10C0100018463946C6EB08021BF07EFC03469D42DB
:10C0200005D015F8012B7A4005F8012CF7E7BDE89B
:10C03000F88310207047FFFF184B0A789A5C027053
:10C040004A799A5C42708A7A9A5C8270CA7B9A5C5E
:10C05000C2700A799A5C02714A7A9A5C42718A7B50
:10C060009A5C8271CA789A5CC2710A7A9A5C02728E
:10C070004A7B9A5C42728A789A5C8272CA799A5C2C
:10C08000C2720A7B9A5C02734A789A5C42738A791C
:10C090009A5C8273CA7A9B5CC3737047209A0200D1
:10C0A000184B0A789A5C02704A7B9A5C42708A7AD2
:10C0B0009A5C8270CA799A5CC2700A799A5C027141
:10C0C0004A789A5C42718A7B9A5C8271CA7A9A5CDD
:10C0D000C2710A7A9A5C02724A799A5C42728A78D0
:10C0E0009A5C8272CA7B9A5CC2720A7B9A5C027307
:10C0F0004A7A9A5C42738A799A5C8273CA789B5CAA
:10C10000C3737047209B02002DE9F0430C788B78B5
:10C11000CA784D7861000E1277003E4406EBC606E1
:10C120004E4069000F124FEA470CBC440CEBCC0C9C
:10C130008CEA010C59000F124FEA4708474407EBFD
:10C14000C7074FEA42084F404FEA28214FEA41090A
:10C15000494401EBC10181EA080183EA0508F6B20E
:10C1600082EA08085FFA8CFC86EA08088CEA08086C
:10C1700080F8008083EA040882EA08086C40FFB275
:10C1800062408CEA080C5C40C9B287EA0C0C66403D
:10C1900057404F40714080F801C08770C170BDE8C2
:10C1A000F083FFFF2DE9F04F0C784D788A78C9783D
:10C1B00063001E1277003E4406EBC60687B073404C
:10C1C000DBB200936B001E124FEA4609B14409EB43
:10C1D000C90989EA030953001E1277003E4406EBA1
:10C1E000C6067340DBB201934B001E1277003E443B
:10C1F00006EBC6067340DBB2AE00029337124A4B21
:10C20000DF5D7E40F6B20396960037124FEA840A4D
:10C21000DF5D7E40F6B204968E0037125FFA89F930
:10C22000DF5D7E40F6B20596E600371213F8078010
:10C2300088EA0608EE0037125FFA88F813F807C09C
:10C240008CEA060CD60037125FFA8CFCDF5D774073
:10C25000CE004FEA262BFFB213F80BB08BEA06068E
:10C260004FEA2A2BF6B213F80B30DDF810B083EA50
:10C270000A0A82EA05034B408BEA03038CEA0303B4
:10C28000DDF800B07B40734088EA0A0A8BEA0303BA
:10C290005FFA8AFA89EA03038AEA0303DDF80CB03D
:10C2A000037082EA04034B408BEA0303DDF814B009
:10C2B0008BEA03036C40DDF810B088EA03038CEAD4
:10C2C000030361407B408BEA010173408CEA01016A
:10C2D00089EA03037940DDF80490DDF814B0714079
:10C2E00089EA030389EA0101DDF80C9043705440A8
:10C2F00089EA04048BEA0404029BDDF8089088EACA
:10C3000004088CEA080C594087EA0C07009B7E4021
:10C310005E408AEA010A89EA060680F802A0C67031
:10C3200007B0BDE8F08F00BF189A0200F0B585682D
:10C3300089B00F460023EC5CD15C61400DF803101E
:10C340000133102BF7D10679103504AC012E2046AD
:10C3500069461FD9FFF770FE68462146FFF7D4FEF5
:10C3600001A805A9FFF7D0FE02A806A9FFF7CCFE99
:10C3700003A807A9FFF7C8FE0023E95C1DF8032006
:10C380004A400DF803200133102BF6D1013E103541
:10C39000F6B2DAE7FFF750FE0023E95CE25C4A40C0
:10C3A000FA540133102BF8D109B0F0BD2DE9F0415A
:10C3B0008368057988B003EB051506460F46002310
:10C3C000E85CD15C41400DF803100133102BF7D12C
:10C3D00004AC20466946FFF763FE3679012E23D967
:10C3E000A5F110080023EA1812F8101CE25C4A407C
:10C3F000E2540133102BF6D168462146FFF7D2FEF6
:10C4000001A805A9FFF7CEFE02A806A9FFF7CAFEFC
:10C4100003A807A9FFF7C6FE013E20466946FFF7BD
:10C420003FFEF6B24546D9E70023EA1812F8101C81
:10C43000E25C4A40FA540133102BF6D108B0BDE853
:10C44000F081FFFF10B5034B0360044602F028FAA9
:10C45000204610BD289C020010B50446FFF7F2FFED
:10C46000204619F09DFB204610BD017980680131FE
:10C47000090100F073BBFFFF10B5044602F020FA7B
:10C48000034B236000232371A360204610BD00BF2F
:10C49000289C020030B508485478084D045DEB5CD8
:10C4A0005C400C709378C35C4B70D378C35C8B702A
:10C4B0001378C35CCB7030BD209A0200489C020008
:10C4C0001078064B185C08705078185C48709078AB
:10C4D000185C8870D2789B5CCB707047209A020001
:10C4E000CB692DE9F047DD0F23F000460B461324FE
:10C4F00001EB820C43F81C6F8246A5FB04450CF14E
:10C500001C0C63450FD053F8049F53F8200C2618D9
:10C5100045F100074FF02608E8FB096743F8206C57
:10C520003C460025EDE7072A0FD80FFA82FC0132BE
:10C5300051F82C30D2B2E61845F10007082A41F82C
:10C540002C603C464FF00005EFD12626A4FB0623C5
:10C55000CC6906FB0533E60F132524F00044E5FB08
:10C560000623CC6100268F59D4198C5106F104069C
:10C5700043F10005202E2A464FF00003F3D11E465A
:10C58000132200238F59D41901EB060706F1040684
:10C5900043F10005202E3C622A464FF00003F1D102
:10C5A000CC6BE21724F00044D643CC63CC18256A48
:10C5B000CC58154034402C434AF803400433202B18
:10C5C000F4D1BDE8F08770B5002188B013220023B4
:10C5D000465894194DF8014001F1040143F100055A
:10C5E00020292A464FF00003F2D1079CE11724F0DE
:10C5F0000044CA4307945DF8034001EA0405C458A7
:10C6000014402C43C4500433202BF4D1104608B0FE
:10C6100070BDD1F800C02DE9F04700238A46002400
:10C620000025D658A046A946ECFB068940F80380B1
:10C630000433202B4C464FF00005F2D1C0F8209077
:10C64000AC4604300AEB0C030024D3F80480002528
:10C650000023C658D1580027E8FB01673619C65099
:10C6600003F1040347EB0507202B3C464FF0000580
:10C67000EFD10CF1040CBCF11C0F076200F10400B7
:10C68000E0D1BDE8F08710B590B004466846FFF7EA
:10C69000C0FF204669460822FFF722FF10B010BDF8
:10C6A0000A46FFF7F0BFFFFF2DE97043002290B06C
:10C6B000002600238C590B4D90469946E5FB0489D2
:10C6C0004DF806800436202E4A464FF00003F1D183
:10C6D00069460122CDF82090FFF702FF10B0BDE8B7
:10C6E000708300BF41DB01002DE9F047D2F800E084
:10C6F00090B08246002300240025CE58A046A946CB
:10C70000EEFB06894DF803800433202B4C464FF096
:10C710000005F2D1CDF8209001AB0DF1200852F8C0
:10C7200004CF4FF0000E0024002553F80E6051F89E
:10C730000E000027ECFB0067361943F80E600EF17F
:10C74000040E47EB0507BEF1200F3C464FF00005F5
:10C75000EBD11F6204334345E1D1504669460822BC
:10C76000FFF7BEFE10B0BDE8F0872DE9F0430023CF
:10C7700000240025D758CE584FF0000916EB0708C3
:10C7800049F1000918EB0406C65003F1040349EB14
:10C790000507202B3C464FF00005EBD1BDE8F043E8
:10C7A000FFF711BF2DE9F04F002300252E4601248D
:10C7B0000025002706EA040A07EA050BD458CD58DD
:10C7C0002C1B65EB0505B4EB0A0465EB0B05C450A7
:10C7D0000433202BEAD12A46132414400025026892
:10C7E0003D400023121B63EB05030260014600F18C
:10C7F0001C064A684FF00009012400251C4005EA88
:10C8000009050023121B63EB050341F8042FB14215
:10C81000EFD122F00043C361BDE8F08F2DE97043F2
:10C8200000240125B4EB000865F1000900250E463F
:10C8300009F1FF342B46F058D1584140214048407F
:10C84000F050D0584140D1500433202BF3D1BDE8F3
:10C8500070832DE9704300240125B4EB000865F1D5
:10C86000000900250E4609F1FF342B46F158D05837
:10C87000484020404140F1500433202BF6D1BDE820
:10C880007083202100F06AB970B588B0044668460C
:10C890000E46FFF705FF092568466946013DFFF78B
:10C8A000FFFE15F0FF05F7D1204669463246FFF737
:10C8B000EAFE17250A2668466946013EFFF7F0FEA4
:10C8C00016F0FF06F7D1204621466A46013DFFF7E4
:10C8D000DAFE15F0FF05EDD168462146FFF7E0FED0
:10C8E000204621466A46FFF7CEFE0825684669467F
:10C8F000FFF7D6FE013D204621466A46FFF7C3FEFC
:10C9000015F0FF05F2D16846FFF7BBFF08B070BD18
:10C9100038B504460D46FFF7B7FF20462146FFF71E
:10C92000BFFE20462146FFF7BBFE2A462046214691
:10C93000FFF7A9FE20462146FFF7B2FE204621461A
:10C94000FFF7AEFE2A4620462146FFF79CFE204612
:10C950002146FFF7A5FE204621462A46BDE838407D
:10C96000FFF791BE2DE9F04FF1B0074688466846C3
:10C97000114642B12023082101F0CCF8079B23F097
:10C980000043079304E020221AF0C6FF0923009316
:10C990006846FFF718FE0021202200F0010608A8D3
:10C9A0001AF0BAFF6D4601230021202218A808932F
:10C9B0001AF0B2FF0FCD10AC0FC495E80F0008AD10
:10C9C00084E80F000FCD20AC0FC495E80F004FF0A6
:10C9D000FF0B84E80F004FF01F090024402518F8D2
:10C9E00009A005EA0A0A84EA0A04204608A910AA4E
:10C9F000FFF714FF204618A920AAFFF70FFF18AA77
:10CA000028A808A9FFF7B1FE50A828A9FFF748FEFB
:10CA100018AA30A808A9FFF7C5FE58A830A9FFF743
:10CA20003FFE48A850A958AAFFF7BCFE38A810A995
:10CA300020AAFFF79AFE40A810A920AAFFF7B2FE8D
:10CA400060A840A928AAFFF71EFE68A838A930AA46
:10CA5000FFF719FE68AA10A860A9FFF786FE10A8C4
:10CA60000146FFF71DFE68AA20A860A9FFF79AFEFD
:10CA700020A80146FFF714FE20A801466A46FFF7EA
:10CA800002FE58AA08A850A9FFF7FDFD18A848A95A
:10CA9000FFF70AFE18A8014650AAFFF766FE18A87D
:10CAA000014648AAFFF7EFFD6D0808D109F1FF39EB
:10CAB0004FEACA145FFA89F9E4B2802501E04FEA2F
:10CAC0005A040BF1FF3B1BF0FF0B88D1204608A94D
:10CAD00010AAFFF7A3FE20AA204618A9FFF79EFE82
:10CAE00020A818A9FFF714FF08A8014620AAFFF7FD
:10CAF000CAFD20210DEB01020823384601F020F881
:10CB00006846FFF7BEFE08A8FFF7BBFE10A8FFF7B8
:10CB1000B8FE18A8FFF7B5FE20A8FFF7B2FE28A8B8
:10CB2000FFF7AFFE30A8FFF7ACFE38A8FFF7A9FE6D
:10CB300040A8FFF7A6FE48A8FFF7A3FE50A8FFF7FE
:10CB4000A0FE58A8FFF79DFE60A8FFF79AFE68A810
:10CB5000FFF797FE304671B0BDE8F08F0144884280
:10CB600003D0002303700130F9E77047002370B54C
:10CB70001C46934205D0CE5CC55C75402C43013306
:10CB8000F7E7C4F58070C0F3002070BD08B54068B9
:10CB90000368DB68984708BD0C2070471020704779
:10CBA0002DE9F0471F4690F8703006468A469046B9
:10CBB0002BB9083000F020FE012386F870303D4686
:10CBC000D146002D43D096F871300F2B21D996F81D
:10CBD0003F3096F83E207068013386F83F3002EB14
:10CBE000132396F83D2086F83E3002EB132396F887
:10CBF0003C2086F83D3002EB132386F83C30036876
:10CC000006F140015B6906F130029847002386F87F
:10CC1000713096F87130C3F11000C0B2A84288BFDD
:10CC2000E8B203F140020344324486F871302D1A11
:10CC30000024E3B2984207D0115D18F804304B404D
:10CC400009F804300134F4E780448144B9E706F17F
:10CC5000080051463A4600F0A0FDD6E91A45E4190D
:10CC600045F10005C6E91A45BDE8F0872DE9F04F0A
:10CC70000C2A824687B014460AF1300311D10A68A3
:10CC8000CAF830204A685A608A689A6000228AF896
:10CC90003C208AF83D208AF83E2001228AF83F2075
:10CCA0002CE00AF1080B58460193670F00F075FD60
:10CCB000584600F0A1FDE6000021102202A8002441
:10CCC0004FEA07681AF028FE35BA1022584602A922
:10CCD00044EA0804CDE9044500F05FFD02A81021F4
:10CCE000FFF73CFF019B58461946102200F091FDCA
:10CCF00058460AF1500100F042FD019B002000213E
:10CD00000022CAE91801CAE91A018AF87020DAF883
:10CD1000040010228AF8712002680AF15001546957
:10CD20001A46A047012007B0BDE8F08F10B50446B1
:10CD300040680368DB69984704F1080000F07AFD59
:10CD400004F130004821FFF709FF102384F8713007
:10CD500010BD70B50546406803681B6998470646D4
:10CD600088B105F150040021102220461AF0D4FDAC
:10CD70006868036821465B692246984705F1080008
:10CD8000214600F0FCFC304670BDF8B590F87030DC
:10CD9000064617464BB9083000F0FFFCD6E91845A7
:10CDA000E41945F10005C6E91845F8BD102A70B52B
:10CDB0000E4614460DD8036800F1300529461022AE
:10CDC000DB6A9847284631462246BDE87040FFF7A7
:10CDD000CDBE002070BD2DE9F04F804600F108095E
:10CDE00085B048468B46924600F006FDD8F8642090
:10CDF000D8F86030D50045EA5375DC002ABA23BA6A
:10CE0000CDE90023D8F86C20D8F86830D500DC00D4
:10CE100045EA5375102227BA484669462EBACDE92D
:10CE2000026708F1400400F0B8FC68461021FFF7E3
:10CE300095FE10224846214600F0EBFC43460022B6
:10CE400093F8401093F8500001324140102A83F8C3
:10CE5000401003F10103F3D158462146BAF1100FF7
:10CE600034BF5246102205B0BDE8F04F0DF0A6BD0C
:10CE700010B5084B0446482140F8303BFFF76EFEE2
:10CE800004F1080000F074FC204601F0E7FD2046A4
:10CE900010BD00BF609C020010B50446FFF7E8FF1C
:10CEA000204618F07DFE204610BD2DE9F8431F46B0
:10CEB00090F8703006468946904600F108042BB978
:10CEC000204600F099FC012386F870302046414648
:10CED0003A4600F062FCD6E91A45E41945F100052E
:10CEE000C6E91A45002F43D096F871300F2B21D98F
:10CEF00096F83F3096F83E207068013386F83F3050
:10CF000002EB132396F83D2086F83E3002EB132304
:10CF100096F83C2086F83D3002EB132386F83C302F
:10CF2000036806F140015B6906F13002984700236F
:10CF300086F8713096F87120C2F11003DBB2BB4263
:10CF400088BFFBB202F140001A4486F871203044D9
:10CF5000FF1A0022D1B28B4207D0845C18F802106D
:10CF6000614009F802100132F4E799449844B9E7A6
:10CF7000BDE8F88338B50446002501F083FD0A4B6F
:10CF80002360656004F1080000F0EEFB002200233E
:10CF9000C4E91823C4E91A23102384F8713084F8F3
:10CFA0007050204638BD00BF609C02004020704792
:10CFB0008020704710B50446D8210830FFF7CEFD19
:10CFC000236820461B69984710BDFFFF70B50C4DC4
:10CFD000044600F1080205F140062B4603CBB3429C
:10CFE000106051601D4602F10802F6D100230022B4
:10CFF00084F8D8300023C4E93223C4E9342370BD57
:10D00000989C020010B5064B0446D82140F8083B16
:10D01000FFF7A4FD2046FEF7B7FF204610BD00BF76
:10D02000E09C020010B50446FFF7ECFF204618F024
:10D03000B7FD204610BDFFFF10B50446FEF7B4FF54
:10D04000034B23602046FFF7C1FF204610BD00BF01
:10D05000E09C02002DE9F04F0021C3B000F148062A
:10D06000D6E9004508312ABA23BA8029E6E8022326
:10D07000F6D1D0E90223D0E90445D0E90667D0E92A
:10D080000889CDE91423CDE91645D0E90A23D0E972
:10D090000C45CDE91867CDE91A89D0E90E67D0E9CA
:10D0A0001089CDE91C23CDE91E45CDE92067CDE9E6
:10D0B0002289CDE90C89CDE90667CDE9084592467C
:10D0C0009B46DDE91845DDE91A23DDE91667DDE950
:10D0D0001489CDE90023CDE90A45CDE90467CDE9FE
:10D0E00002890021694EDDF80CC042187318D2E99C
:10D0F0001245D3E9002312194FEA9A4444EA8B34CB
:10D100000E944FEA9B4444EA8A340F944FEA9A34CF
:10D1100044EA8B4424944FEA9B3444EA8A444FEA1D
:10D12000CA57259447EA5B27DDE9248943EB0503C9
:10D130002697DDE90E454FEACB5747EA5A2727974E
:10D1400084EA080485EA0905DDE9268984EA0804F9
:10D15000121985EA090543EB0503DDE90689DDE9D6
:10D16000084528EA0A0804EA0A0405EA0B0529EA40
:10D170000B0988EA040889EA0509DDE90C4518EB82
:10D18000020849EB030914EB080445EB0905DDE946
:10D190000423DDE90A8988EA020889EA0309DDE94E
:10D1A000022302EA080203EA0903CDE90C23DDE9C0
:10D1B0000489DDE90A2302EA080203EA0903DDE93A
:10D1C0000C8988EA020889EA0309CDE90C89DDF8AF
:10D1D00008904FEA897343EA9C0328934FEA8C73C3
:10D1E00043EA990329934FEA197343EA0C134F4614
:10D1F0002A934FEA1C7343EA07132B93DDE92A892C
:10D20000DDE9282383EA0903B9467F0647EADC17EC
:10D210002C974FEA4C6747EAD9172D9782EA080204
:10D22000DDE92C8982EA080283EA0903DDE90C8939
:10D2300018EB020849EB0309DDE90023121943EB5F
:10D240000503083118EB040849EB05098029CDE9ED
:10D2500000231DD0DDE90645DDE90867CDE90C4571
:10D26000CDE908ABDDE90445CDE906679246DDE985
:10D2700002679B46DDE90A23CDE90467CDE9002377
:10D28000CDE90A45CDE902892CE700BF089D0200DF
:10D2900078360E96012101F00F0300EBC303D3E9AA
:10D2A000124501F10D0303F00F0300EBC303D3E9B3
:10D2B0001267CDE90C67260A46EA05662E962E0A05
:10D2C00046EA04662F96660846EAC57630966E08EA
:10D2D00046EAC4763196DDE93023DDE92E675F400A
:10D2E000E309564043EA4562EB0910921193DDE9E8
:10D2F000104501F10F0C0CF00F0C00EBCC0C66404C
:10D300006F40DCE91245361901F1080404F00F04FE
:10D3100000EBC40447EB0507D4E91245361947EB87
:10D3200005070C9D0D9AEC0044EA52743294D40027
:10D3300044EA557413463394EC0C44EA43342A46C9
:10D340003494DC0C44EA42343594DDE93423DDE9DD
:10D3500032455D400C9B54400D9A9B0943EA826222
:10D360000D9B12929B091393DDE912235440361949
:10D3700085EA0305009C47EB0507019DA30C43EAE2
:10D3800085333693AB0C43EA84333793A30B43EADC
:10D390008543CCE912673893AB0B43EA8443399356
:10D3A000AC46DDE93623DDE938456B40009D62403F
:10D3B000EC0544EA5C243A944FEACC54DDF800C012
:10D3C00044EA5C243B94DDE93A4554405D40DDE9A4
:10D3D000002302EA0A0203EA0B03CDE92445CDE962
:10D3E0002623DDE90045DDE9082322EA040423EAD7
:10D3F000050522462B46DDE9264554405D40DDE922
:10D400002423121943EB0503CDE90C230E9BF3E90A
:10D4100002450E93DDE90C23121943EB0503DDE908
:10D420000645921943EB0703A41845EB0305DDE914
:10D430000267CDE90645DDE90445DDE904237D40C9
:10D440003B4005EA09055D404FEA887343EA9903CA
:10D450003C934FEA897343EA98033D934FEA18736C
:10D4600043EA09133E934FEA1973744043EA0813E1
:10D4700032403F9304EA0804DDE93E675440DDE9A9
:10D480003C2372404FEA486646EAD91640964FEA76
:10D49000496646EAD8167B40419640AFD7E9006717
:10D4A0007240A41883EA070345EB0305DDE906672C
:10D4B000DDE90A23921943EB07030131A41945EB77
:10D4C0000705412916D0DDE90867CDE908ABCDE9AC
:10D4D0000667DDE900ABDDE90267CDE90023DDE9A0
:10D4E0000423CDE90289CDE90A23CDE90467A046EA
:10D4F000A946D0E6DDE91467A41945EB0705C0E9A4
:10D500000245DDE9164518EB040849EB0509DDE99C
:10D510001867DDE90245A41945EB0705C0E9048950
:10D52000C0E90645DDE91A89DDE9044514EB080484
:10D5300045EB0905C0E90845DDE91C45121943EB37
:10D540000503DDE91E67C0E90A23DDE9002392191E
:10D5500043EB0703C0E90C23DDE9202312EB0A02A9
:10D5600043EB0B03DDE92289C0E90E23DDE9082343
:10D5700012EB080243EB0903C0E9102343B0BDE8F6
:10D58000F08F00BF2DE9F84F9346D0E932234FEAE0
:10D59000CB06B6184FEA5B7747EB03079F4208BFFD
:10D5A000964282460D46C0E93267D0E9348927D2D7
:10D5B00018F1010849F10009C0E9348920E09AF81E
:10D5C000D820C2F18004E4B25C4588BF5FFA8BF4D6
:10D5D0000AF148001044294622460DF0EFF99AF866
:10D5E000D8202244D2B2802A8AF8D820C4EB0B0B70
:10D5F000254405D15046FFF72DFD00228AF8D8209A
:10D60000BBF1000FDBD1BDE8F88F2DE9F84300F145
:10D61000480890F8D8309146802208F8032090F806
:10D62000D82006466F2B02F101000F4640444FF010
:10D63000000114D8C2F16F021AF06EF9D6F8D010BA
:10D64000D6F8D4000BBA02BAD6F8C810D6F8CC0077
:10D65000C6E92E2302BA0BBAC6E930231BE0C2F199
:10D660007F021AF059F93046FFF7F4FC7022404669
:10D6700000211AF051F9D6F8D030D6F8D4201DBACE
:10D6800014BAD6F8C830D6F8CC20C6E92E4514BA5C
:10D690001DBAC6E930453046FFF7DCFC06F1400311
:10D6A000002053F8382C53F8341C08300CBA15BA43
:10D6B0004028E3E90245F4D138464146B9F1400F2C
:10D6C00034BF4A464022BDE8F8430DF077B937B57C
:10D6D00013460D4636220446009200F148012A46C0
:10D6E000FEF768FCD4E9322312F5806243F10003AF
:10D6F0002046C4E9322303B0BDE83040FFF7AABC9E
:10D700002DE9F04105461E4655F8483B92B0884643
:10D71000174602A99B694022044698475C23294684
:10D720000093204642463B46FEF744FCD4E93223B0
:10D7300012F5806243F10003C4E932232046FFF76B
:10D7400089FC22682046536902A940229847226832
:10D7500020469369189A3146984702A84021FFF75E
:10D76000FDF912B0BDE8F081002280F8202070475A
:10D7700010B524210446FFF7F1F9204610BD10B57D
:10D78000044601F027F804F11000002110221AF0DD
:10D79000C3F8002384F8203010BDF8B504460F46C6
:10D7A000164646B394F82020C2F11003DBB2B34210
:10D7B00004F1100088BFF3B202440025E9B2994297
:10D7C00007D217F805C0515D8CEA010151550135AA
:10D7D000F4E794F820201A44D2B2102A84F82020CA
:10D7E000C3EB06061F44DCD1214601F00AF80023F2
:10D7F00084F82030D5E7F8BD10B590F82030044605
:10D8000033B11030214600F0FCFF002384F82030B3
:10D8100010BD70B504460E461546FFF7EDFF3046C5
:10D8200004F11001102D34BF2A461022BDE87040CB
:10D830000DF0C4B82421FFF791B910B5402104467A
:10D84000FFF78CF904F140004021FFF787F92046EB
:10D8500010BDFFFFB0F88410002262F30E01A0F8A3
:10D860008410C1F3072141F0800180F8851006493A
:10D87000C0F88020C0F88820C0F88C1080F8A02064
:10D8800080F8A120704700BF80EE36002F29B0F845
:10D89000840007D9C0F30E00B0F5C07FB4BF0020EC
:10D8A00001207047C0F3CB0081428CBF00200120D3
:10D8B000704738B5036B0446013300F1400503633C
:10D8C00014222846214601F0E7F8284604F1100307
:10D8D00004F1700250F8041B43F8041B9042F9D184
:10D8E0000EF026F8636B5840606338BD2DE9F047B1
:10D8F000B0F884301646C3F30E02B6EBD20F96BFD3
:10D90000A2EBC6026FF30E0362F30E0304468946D0
:10D91000A0F884303546002709EB060AC5EB0A0A51
:10D9200035B30F2F04D92046FFF7C3FF012701E0CD
:10D930000137FFB2236B04F14008013323634046F3
:10D940002146142201F0A8F83F2D05D85046414643
:10D950002A460DF033F80BE04346524608F14001E9
:10D9600053F8040B42F8040B8B42F9D1403DD3E746
:10D970002046BDE8F047FFF79CBFFFFF036B10B5E3
:10D9800001330446036321464030142201F084F839
:10D990002046FFF78EFF024B1B68C4F8883010BD8D
:10D9A000C4E2FF1F38B50446002394F8A0205D1C94
:10D9B000DBB29A4207D9243354F823000368DB68AA
:10D9C00098472B46F1E7074B1A68D4F88830D21AEB
:10D9D000D4F88C309A4204D32046BDE83840FFF793
:10D9E000CDBF38BDC4E2FF1FB2EBD30FF8B504467C
:10D9F0000E46154601D802B1D300B4F88420C2F314
:10DA00000E01C1F5C07098428CBF5B184FF4C07313
:10DA100063F30E02A4F88420ADB1302D34BF2A4642
:10DA2000302204F11001AD1A0023CF5CF05C784085
:10DA3000C85401339342F8D120461E44FFF739FF02
:10DA4000002DEAD102E02046FFF733FF94F885303D
:10DA5000DA090FD0B4F88420C2F30E02B2F5C07F09
:10DA600008DB6FF3C71384F885302046BDE8F84023
:10DA7000FFF784BFF8BDFFFF38B51B4BC0F880200F
:10DA80000D460446024603F1100153F8040B42F818
:10DA9000040B8B42F9D1154B04F1100203F1300154
:10DAA00053F8040B42F8040B8B42F9D1B4F88430DC
:10DAB0006FF30E03A4F88430C3F3072343F080030D
:10DAC00084F885302046FFF7F4FE45B128461AF069
:10DAD00092F92946024600232046FFF785FF20469B
:10DAE000BDE83840FFF74ABF889F0200989F0200B8
:10DAF00010B5054C2046FFF7ADFE20460349044A09
:10DB0000BDE8104019F074BEC0BBFF1F3BD8000039
:10DB10007C8CFF1F70B58D00AB4206461C4611463B
:10DB200009D21A460CF04AFF30192A1B0021BDE821
:10DB3000704019F0F1BE2A46BDE870400CF03EBFBF
:10DB400070B50D469C00A5420646114604D82A46EB
:10DB5000BDE870400CF032BF22460CF02FFF3019A8
:10DB60002A1B0021BDE8704019F0D6BE2DE9F04116
:10DB70008C46804600260020002183B15CF80670A8
:10DB800094590025E41945F10005241845EB0105D9
:10DB900048F8064028460021013B0436EDE7BDE881
:10DBA000F0812DE9F0434FF0000C0025C3B12E4663
:10DBB00001240025002706EA040807EA050952F8AF
:10DBC0000C4051F80C502C1B65EB0505B4EB080418
:10DBD00065EB090540F80C40013B0CF1040CE5E74E
:10DBE00005F00100BDE8F0832DE9F0434FF0000C93
:10DBF0000025C3B12E4601240025002706EA0408AB
:10DC000007EA050952F80C4051F80C502C1B65EB43
:10DC10000505B4EB080465EB090540F80C40013B31
:10DC20000CF1040CE5E705F00100BDE8F083D3F842
:10DC300000C02DE9F74F002400254FF00008904563
:10DC40000CD051F82860A246AB46ECFB06AB40F87E
:10DC500028A05C46002508F10108F0E74FF0010B11
:10DC600040F822404FEA820804309C46CDF804B0C8
:10DC7000019C0C9B9C4223D25CF8049F03464FF00E
:10DC8000000A4FF0000B002696420FD01F681AEBD7
:10DC9000070451F826704BF10005E9FB074543F8EE
:10DCA000044BAA464FF0000B0136EDE740F808A000
:10DCB000DDF804A00AF1010ACDF804A00430D7E78A
:10DCC00003B0BDE8F08F2DE9F047984681469246B3
:10DCD000FFF78AFF0024404200230025B8F1000F1F
:10DCE00014D05AF8032059F803600240B6184FF0D8
:10DCF000000747F10007361947EB050749F80360AD
:10DD00003C46002508F1FF380433E7E7BDE8F0871B
:10DD100020207047402070470E4B83600E4BC3603D
:10DD20000E4B03610E4B43610E4B83610E4BC3617F
:10DD30000E4B036203F17453A3F52303A3F692433E
:10DD40004362002380F8703000220023C0E91A23C8
:10DD5000704700BF67E6096A85AE67BB72F36E3C29
:10DD60003AF54FA57F520E518C68059BABD9831FA6
:10DD700010B5044670210830FEF7F0FE23682046F7
:10DD80001B69984710BDFFFF10B5064B0446702174
:10DD900040F8083BFEF7E2FE2046FEF7F5F8204685
:10DDA00010BD00BFD0A0020010B50446FFF7ECFF85
:10DDB000204617F0F5FE204610BDFFFF10B50446C3
:10DDC000FEF7F2F8034B23602046FFF7A5FF20463D
:10DDD00010BD00BFD0A002002DE9F04F00238DB090
:10DDE000C2180433916A402B09BA9162F8D1826853
:10DDF000C368039204938269C36905690595079214
:10DE000008931E46134603AA4769069792E8140131
:10DE1000476A056A06990A97B94609950295002747
:10DE2000C519DFF870C1D5F828B057F80C504FEA83
:10DE3000B31A8AEAF32AAB448AEA736ADA44DDF851
:10DE400008B02BEA030506EA030B85EA0B055544E7
:10DE5000A94488EA040508EA040A154085EA0A0587
:10DE60004FEAB20A8AEA723A8AEAB25A0437554449
:10DE7000402F49444D4409D0DDF8089002961E46D3
:10DE80000B464146A04614462A46C9E70CF13C071A
:10DE90000B974FF0010C0CF00F070A370CF10F0A2B
:10DEA00050F827700AF00F0A00EB8A0A4FEAF71BB6
:10DEB0008BEAB74B8BEAD70BDAF828700CF10D0917
:10DEC000BB440CF1080709F00F0907F00F0709F12F
:10DED0000A090A3750F8299050F827705F444FEA32
:10DEE000794B8BEAF94B8BEA99294F444FEAB119E8
:10DEF000CAF82870019726EA010B0B9F89EAF129DD
:10DF000003EA010A8BEA0A0A89EA7169D14457F8DF
:10DF100004AF0B97019FDDF808B0D144B94484EAFF
:10DF2000020704EA020A2F4087EA0A074FEAB50A05
:10DF30008AEA753A8AEAB55A0CF1010CD944574479
:10DF4000BCF1310FC844B94408D002961E460B46B6
:10DF50004146A04614462A464D469CE7039FB944D5
:10DF6000049FC0F808903D44C560059D069F2A4463
:10DF70000261079A099D42443C4482610A9F089AC3
:10DF8000446111442B443E44C161036246620DB0BA
:10DF9000BDE8F08FC89F02002DE9F044550FD40072
:10DFA0001646D0E91A23A41845EB0305C0E91A4523
:10DFB00007468A4606B397F87030C3F14004E4B2CE
:10DFC000B44288BFF4B207F12800184451462246F3
:10DFD0000CF0F4FC97F870302344DBB2402B87F848
:10DFE0007030C4EB0606A244E4D13846FFF7F4FED5
:10DFF000002387F87030DDE7BDE8F0842DE9F04BB1
:10E0000000F1280B90F87030904680220BF8032026
:10E0100090F870200746372B02F1010089465844DA
:10E020004FF0000115D8C2F1370219F075FCD7E99D
:10E030001A23190E1C4641EA03611B0A03F47F43AD
:10E0400024020B4304F47F041C4312BA3C667A6634
:10E050001BE0C2F13F0219F05FFC3846FFF7BCFE3F
:10E0600000213822584619F057FCD7E91A010A0E48
:10E070000B0A42EA016203F47F430C02134304F4E7
:10E080007F041C4306BA3C667E663846FFF7A4FE52
:10E090003B4600229968043209BA202A996203F1AA
:10E0A0000403F7D148465946B8F1200F34BF424621
:10E0B0002022BDE8F04B0CF081BC37B513460D466D
:10E0C00036220446009200F128012A46FDF772FF2D
:10E0D000D4E91A2312F5007243F100032046C4E983
:10E0E0001A2303B0BDE83040FFF776BE2DE9F041BA
:10E0F00005461E4655F8283B8AB08846174602A9B1
:10E100009B692022044698475C23294600932046B9
:10E1100042463B46FDF74EFFD4E91A2312F5007242
:10E1200043F10003C4E91A232046FFF755FE226895
:10E130002046536902A92022984722682046936905
:10E14000109A3146984702A82021FEF707FD0AB031
:10E15000BDE8F0812020704710B5064B0446F02141
:10E1600040F80C3BFEF7FAFC2046FEF76BF9204620
:10E1700010BD00BF00A1020010B50446FFF7ECFF80
:10E18000204617F00DFD204610BD202A2DE9F04154
:10E1900006466FD100F10C04234601F1200251F82C
:10E1A000040B43F8040B9142F9D106F1DC08012776
:10E1B0000825082D23D13B4604F11C02304604F10A
:10E1C0002001FEF767F9227894F82030534084F854
:10E1D0002030627894F82130534084F82130A278BE
:10E1E00094F82230534084F82230E27894F82330B7
:10E1F0000137534084F82330FFB2002532E0042D6C
:10E200001CD104F11C02304604F12001FEF758F93C
:10E21000227894F82030534084F82030627894F8C3
:10E220002130534084F82130A27894F822305340B2
:10E2300084F82230E27894F8233010E02278237FAB
:10E24000534084F820306278637F534084F8213053
:10E25000A278A37F534084F82230E278E37F5340D2
:10E2600084F82330043401354445EDB2A1D10120B6
:10E27000BDE8F0810020BDE8F081FFFF10B5044645
:10E28000FEF7FAF8044B23600E23237104F10C030C
:10E29000A360204610BD00BF00A102002DE9F0419F
:10E2A0009CB0164D164B4FF009080746082403A8EA
:10E2B000CDF8008010220E46FFF7B9FC03A813A981
:10E2C00042462B460094FFF7B2FC314603AA234690
:10E2D0003046FFF766FC384631462A462346FFF7AC
:10E2E000F2FC384639462A462346FFF7ECFC03A8E1
:10E2F0006421FEF733FC1CB0BDE8F08160A1020090
:10E3000080A1020038B50B46144605461021104680
:10E310001A464023FFF7FEFB0023236428462146CC
:10E32000BDE83840FFF7BABF2DE9F04101F16006C2
:10E330000C46074640313046FEF7EAFA04F1200564
:10E34000204621463246FEF79EF9284629463246A7
:10E35000FEF799F92268E36B43EAC273E363384638
:10E360002A4620210823BDE8F041FFF7E9BB0368F6
:10E370002DE9F04104461B6900F148050E46174699
:10E3800098472368204639465B69202298472368CE
:10E39000204629469B690022984794F8483023F08C
:10E3A000070384F8483094F8673003F07F0343F0A4
:10E3B000400384F8673030462A4608212023BDE810
:10E3C000F041FFF7A7BB8021FEF7C8BB2DE9F04F56
:10E3D000C5B0054603911446002180220293012610
:10E3E00019F09AFAFF232E622E6401934FF0000970
:10E3F000039A029B52F82970374013B9002F00F09E
:10E40000908005F1200804F1200A04A841462A461C
:10E41000FEF7C8F9514614A82246FEF7C3F904A82E
:10E42000014614AAFEF72FF90CA841462A46FEF72A
:10E430009CF9514614A82246FEF797F90CA801460C
:10E4400014AA05F1600AFEF71EF914A8514604F15A
:10E450006002FEF718F914A801466F4A05F1400B57
:10E46000FEF742F91CA8594604F14002FEF70BF9E9
:10E470001CA801460246FEF778F93CA80CA904AA9C
:10E48000FEF790F934A81CA914AAFEF78BF91CA872
:10E49000014614AAFEF769F90CA8014604AAFEF782
:10E4A00064F9029B002B28D024A83CA934AAFEF7CB
:10E4B000EAF82CA81CA90CAAFEF7E5F834A8014636
:10E4C0001CAAFEF7E0F83CA801460CAAFEF7DBF810
:10E4D0003846294624AAFEF7BCF9384641462CAAFC
:10E4E000FEF7B7F93846594634AAFEF7B2F938466E
:10E4F00051463CAAFEF7ADF913E028463CA934AAE0
:10E50000FEF7C1F840461CA90CAAFEF7BCF8584615
:10E5100034A91CAAFEF7B7F850463CA90CAAFEF78E
:10E52000B2F804F1200A04A851462246FEF73AF94F
:10E5300004A801460246FEF7A6F80CA8514622465A
:10E54000FEF713F90CA804F1600701460246FEF736
:10E550009AF814A839463A46FEF795F814A804F13B
:10E56000400801462C4AFEF7BFF81CA84146424627
:10E57000FEF789F81CA801460246FEF7F6F8384671
:10E580000CA904AAFEF70EF940461CA914AAFEF72E
:10E5900009F91CA8014614AAFEF7E7F80CA80146E1
:10E5A00004AAFEF7E2F8204639464246FEF76BF829
:10E5B00050461CA90CAAFEF766F8404641461CAA24
:10E5C000FEF761F80CAA38463946FEF75CF8019A66
:10E5D000B6F1004F08BF09F1010902F1FF3312BF84
:10E5E00076005FFA89F9012613F0FF0301937FF4A7
:10E5F000FFAE24A8FFF7E7FE04A8FEF742F90CA837
:10E60000FEF73FF914A8FEF73CF91CA8FEF739F90C
:10E6100045B0BDE8F08F00BF20A10200F0B5174D56
:10E6200086460F4616460FCDA1B06C460FC495E83E
:10E630000F00134D84E80F000FCD08AC0FC495E810
:10E640000F00104D84E80F000FCD10AC0FC495E8FB
:10E650000F000D4D84E80F000FCD18AC0FC495E8E6
:10E660000F0084E80F00704639466A463346FFF7CC
:10E67000ADFE6846FFF7A7FE21B0F0BDC4A10200C1
:10E68000E4A10200A4A1020040A102002DE9F04192
:10E69000ADF5027D044688464AA81E461746889D69
:10E6A000FEF7CAFC01A942464AA8FFF760FE4AA845
:10E6B000FEF78CFC4AA864A92022FEF763FF4AA853
:10E6C00031462A46FEF75EFF4AA85CA90022FEF703
:10E6D0009CFF09A85CA919AAFFF714FE01222AA829
:10E6E00009A9FFF79BFF2AA92046FFF71DFE4AA8AC
:10E6F000FEF76CFC4AA821462022FEF743FF4AA8F9
:10E7000039462022FEF73EFF4AA831462A46FEF748
:10E7100039FF4AA85CA90022FEF777FF11A85CA97F
:10E7200019AAFFF7EFFD01AA19A811A9FDF771FFBA
:10E7300019A8002301462993FFF7B0FD19A809AADB
:10E7400001460823FFF712FA19A80146104A0823C8
:10E75000FFF7B9FA19AA0823202104F12000FFF7D6
:10E76000EFF901A8FEF78DF809A8FEF78AF811A8BD
:10E77000FEF787F8442119A8FEF7F0F92AA8FFF759
:10E7800022FE4AA8FEF73EFC0DF5027DBDE8F081B1
:10E7900060A1020030B5E1B00D46044628A8FEF79E
:10E7A0004BFC28A869462A46FFF7E1FD012208A88C
:10E7B0006946FFF733FF08A92046FFF7B5FD684615
:10E7C000FEF75FF808A8FFF7FEFD28A8FEF71AFC81
:10E7D00061B030BD10B5034601F1100251F8044B91
:10E7E00043F8044B9142F9D103681BBA03604368B4
:10E7F0001BBA436083681BBA8360C3681BBAC360DB
:10E8000010BD2DE9F74F00230E684D688C68CA686B
:10E810001F469C4698469946082110F803A001918E
:10E820004AF3C01101EA060B89EA0B0901EA050B5C
:10E8300088EA0B0801EA040B8CEA0B0C11404FEA42
:10E84000C47B4F4042F300014BEA52024FEAC57BC2
:10E850004BEA54044FEAC67B4BEA5505DDF804B099
:10E8600001F0614181EA56060BF1FF314FEA4A0A95
:10E8700011F0FF015FFA8AFA0191D1D10133102B17
:10E88000CAD199FA89F3036098FA88F343603FBAD2
:10E890009CFA8CF38360C76003B0BDE8F08FFFFF84
:10E8A000014B0360704700BF10A2020010B5034B7C
:10E8B0000360044617F074F9204610BD10A2020050
:10E8C000014B0360704700BF10A2020008B540680A
:10E8D0000368DB68984708BD102070472DE9F047B2
:10E8E00006460F4690469A460024C4EB0A020F2AB9
:10E8F00008EB040307EB040919D9002570195A5DC8
:10E90000017A01354A40102D0272F7D17068036810
:10E9100006F108015B690A469847002573191B7ABE
:10E9200009F805300135102DF8D11034DDE7BDE8C8
:10E93000F0872DE9F74F07468A4691469B4600240B
:10E94000C4EB0B020F2A0AEB040309EB040818D9E5
:10E950007868026807F11801956901934246A84753
:10E96000019B3E460025307A317E18F80520414053
:10E9700059550135102D327206F10106F3D11034CC
:10E98000DEE703B0BDE8F08F70B504464068036869
:10E990009B680E4615469847102806D160680368A4
:10E9A00031461B692A46984770BD002070BD102A69
:10E9B00010B50ED100F1080301F1100251F8044B1B
:10E9C00043F8044B9142F9D1102380F828300120FC
:10E9D00010BD002010BDFFFF10B5084B04461021EC
:10E9E00040F8083BFEF7BAF804F118001021FEF7D2
:10E9F000B5F82046FDF7B2FA204610BD38A2020055
:10EA000010B50446FFF7E8FF204617F0C9F8204686
:10EA100010BD10B5044640680368DB69984704F1EF
:10EA200008001021FEF79AF804F118001021FEF7F3
:10EA300095F8102384F8283010BDFFFF10B5044668
:10EA4000FDF79CFA044B236000236360102384F8D5
:10EA50002830204610BD00BF38A2020010B5034B7D
:10EA600003600446FDF77AFA204610BD68A2020052
:10EA700010B50446FFF7F2FF204617F091F8204644
:10EA800010BDFFFF10B50446FDF778FA014B236077
:10EA9000204610BD68A202002DE9F04F002387B088
:10EAA000CC58C4500433402BFAD1012A40F2CC8018
:10EAB00004680369056A4669476B03EB0408046B45
:10EAC00088EA04044FEA344425446B404FEA335348
:10EAD000984488EA04044FEA3464651900956B4051
:10EAE00045684FEA7363354401936F40436A4FEAC8
:10EAF00037473B445E404FEA365635446F404FEA55
:10EB0000376702971F44039783697E40876803EB4A
:10EB10000709876B89EA07074FEA374A876A0AEBD2
:10EB2000070C8CEA03034FEA33539944CDF8109055
:10EB3000C76889EA0A0AD0F81C904FEA3A6AD444B6
:10EB4000CDF814A009EB070AC76B8AEA07074FEA5A
:10EB5000374BC76A5F4487EA09098CEA03034FEA27
:10EB60003959CA444FEA73631D448AEA0B0B4FEAD2
:10EB700076664FEA3B6B6C405F44B0444FEA3444E6
:10EB800087EA090988EA0B0B27444FEA3B4B7B4095
:10EB9000DC444FEA33531D448CEA06064FEA3656EE
:10EBA0006C40B0444FEA3464274488EA0B0B4FEAC8
:10EBB0003B6B7B40DC4445604FEA7363049D83619B
:10EBC0004FEA7969029BC7628CEA06064D444FEA18
:10EBD00076664661009F046385EA03064FEA36467F
:10EBE000374487EA09094FEA3954254485EA060380
:10EBF0004FEA3363C0F83CB0C0F80080C0F828C0CA
:10EC000043633B445C404FEA7464C461019C85608B
:10EC1000059D0362A2448AEA0503039D4FEA33433C
:10EC20001D446C404FEA345404EB0A077B404FEA22
:10EC3000336383632B445C404FEA7464023AC760D9
:10EC400004614362D2B230E70023C458CA58224458
:10EC5000C2500433402BF8D107B0BDE8F08FFFFF5E
:10EC60002DE9F74F04460320B2FBF0F000EB40051E
:10EC70000195571B51B9800007B10430002B00F0FB
:10EC800082803923B2FBF3F210447CE00026254653
:10EC900030463246DDF804C0624548D214F802C05E
:10ECA000DFF8E8804FEA9C0C01EB000B18F80CC071
:10ECB00001F800C014F8029095F801A009F00309CA
:10ECC0004FEA091949EA1A1900F1010C18F80990DC
:10ECD00001F80C9095F801A095F802900AF00F0A3F
:10ECE0004FEA991949EA8A0918F809908BF80290B5
:10ECF00095F8029009F03F0918F809808BF8038015
:10ED000000F10408C6EB080A4FF04C09BAFBF9FB06
:10ED100009FB1BA9B9F1000F05D123B10A2001F8A5
:10ED2000080001366046033204300335B2E7012F94
:10ED30000ED1A55C154BAD085D5D0D54A25C02F0D3
:10ED40000302120101449B5C4B703D238B7018E061
:10ED5000022F18D1A55C0D4BAD085D5D0D54551CFF
:10ED6000A25C665D02F00302120142EA161201443F
:10ED70009A5C4A70625D02F00F0213F822308B70C9
:10ED80003D23CB70043003B0BDE8F08FA0A2020099
:10ED9000F8B50180044601EB41018EB200274680A0
:10EDA00002714771E373076130461D4618F07AFD22
:10EDB000A06018B13946324618F0AEFD15F00100DA
:10EDC00005D0012323730023637302230CE005F0B5
:10EDD000040505F0FF01012202231DB122736373B4
:10EDE000A07302E021736273A3732046F8BD10B5CF
:10EDF0000446806808B118F05DFD207900210CF010
:10EE000097FC204610BD10B50446012100790CF096
:10EE10008FFC20790021BDE810400CF05BBCFFFFA7
:10EE2000F8B583680446002B00F08A800CF080FD62
:10EE30002369C01A3128F9D972B6424B2179A268E8
:10EE400053F83100404B6788196841F080711960B0
:10EE50003E4B196841F001011960E37B13F0020F8A
:10EE60003B4B1744196837D05A31BA422BD212F8AB
:10EE700001CB08258026D3F800E0C1EB0E0EBEF1D1
:10EE8000590FF8D932494FF0010E16EA0C0F0968F4
:10EE900080F880E007D0D3F800E0C1EB0E0EBEF1A1
:10EEA000380FF8D906E0D3F800E0C1EB0E0EBEF142
:10EEB000110FF8D94FF0010E013D80F800E126FA5C
:10EEC0000EF6D8D1D1E71A68521A592AFBD962B680
:10EED0000CF02EFD2061F8BDB431BA422BD212F8ED
:10EEE00001CB08258026D3F800E0C1EB0E0EBEF161
:10EEF000B30FF8D916494FF0010E16EA0C0F096846
:10EF000080F880E007D0D3F800E0C1EB0E0EBEF130
:10EF1000550FF8D906E0D3F800E0C1EB0E0EBEF1B4
:10EF2000230FF8D94FF0010E013D80F800E126FAD9
:10EF30000EF6D8D1D1E71A68521AB32AFBD9C6E720
:10EF4000F8BD00BF7CB50200FCED00E0001000E061
:10EF5000041000E003888B4230B516D94379C2F320
:10EF60000745C2F30724D2B22BB15D435C435A4339
:10EF70002D0A240A120A836801EB41011944037B1C
:10EF8000CD54437BCC54837BCA5430BD42EA01222A
:10EF900042EA004070474A1C4379D2B29A4270B5A7
:10EFA0001FD0013B13F0FF0384680CD0FF2904D16C
:10EFB0004FF6FF7191FBF3F106E01102013991FB6D
:10EFC000F3F189B200E0194623461D1B4688ADB215
:10EFD000AE4205D91D784D432D1203F8015BF4E7CD
:10EFE000427170BD2DE9F843DDF82480BDF8209012
:10EFF0000A9F16460D4604460246103155F8040B8A
:10F0000042F8040B8D42F9D11946062204F1100092
:10F0100001F016FC304618F0EEFEC0F34700102851
:10F020008ABF102384F8260084F8263094F826201E
:10F0300022B104F11600314601F002FC002384F8ED
:10F040002730A4F82890C4F82C803846BDE8F8434F
:10F0500016F032BC30B50B46054653F8100F97B08A
:10F060009B88ADF8043091F827308DF80B300B8D6C
:10F07000ADF80630CB6A0090ADF808304FF4803020
:10F080001B0C0C468DF80A3016F03EFC0E21ADF834
:10F090000C00684601F000FC94F82620C043ADF84F
:10F0A0000E008AB104A804F1160101F00DFC94F8D9
:10F0B00026200123284603EB420204A90BF07EFC24
:10F0C00094F8263005EB4305214668460DAA01F069
:10F0D0008FFB0DAC2B4615AD224603CAAA42186021
:10F0E0005960144603F10803F6D112781A7017B06C
:10F0F00030BDC36A0133C362704707B5014602A839
:10F10000002220F8042DF4F747F803B05DF804FB63
:10F11000038D10B54FF6FF74A34204D10846FFF7E4
:10F12000ECFF012010BD013320F8283FF4F734F83C
:10F13000002010BD70B50446002020C940CA400818
:10F140007541404120C4013BF7D170BD70B5012429
:10F1500020C940CA6408B541644120C0013BF7D1D1
:10F16000D4F1010038BF002070BD2DE9F043013B10
:10F1700000249B002746254626465FF0000803E052
:10F180005FEA0608B8EB0308B6EB080952F809C0B5
:10F1900051F80890A9FB0C9C14EB090457EB0C07E1
:10F1A00055F1000518F10408984501DCB045EBDD88
:10F1B00084513C462F46002504369E42DDDDB6EBE9
:10F1C000430FDDDD8451BDE8F08300235AB28A424B
:10F1D00004DA002240F823200133F7E7704710B526
:10F1E00000231A465CB28C4204DA50F82340013303
:10F1F0002243F7E7D2F1010038BF002010BD4B11C8
:10F20000012250F8230001F01F0102FA01F1084029
:10F2100070470139C9B24BB2002B0BDA013111F042
:10F22000FF0315D059B201F18042013A002350F892
:10F23000222004E050F82330002BEAD0EEE712B190
:10F2400052080133FBE7013903EB411398B200E0A8
:10F25000184600B2704710B500235CB2944205DA3C
:10F2600051F8234040F823400133F6E710BD10B5B4
:10F27000013AD2B253B2002B09DB1BB250F8234043
:10F2800051F823309C4204D8F2D2FF2002E0002043
:10F2900000E0012040B210BD30B50B4689B01446E5
:10F2A00005461A46294623466846FFF74FFF214682
:10F2B00005466846FFF793FF003518BF01256D002E
:10F2C000002814BF6842C5F1010009B030BD00EB51
:10F2D00081010023814207D951F8042C43EA5203EB
:10F2E00041F8043DD307F5E7704770B59DF910402C
:10F2F0001D4623460646FFF71DFF30B92846314616
:10F300002246FFF7B4FF012807D0304631462A468F
:10F310002346BDE87040FFF719BF70BD70B59DF979
:10F3200010401D4623460646FFF710FF38B1304611
:10F3300031462A462346BDE87040FFF7FBBE70BD4C
:10F340002DE9F047B2B002AD9DF9E8401F46804676
:10F3500023462846FFF709FF22AB384621468DE8B1
:10F360002800FFF756FFC0EB841086B2454A33B23F
:10F3700020251A4093FBF5F5002AEDB203DA013A95
:10F3800062F01F0201326DB25FFA82F912A82946BB
:10F39000FFF71BFF4FFA89F2002A28B214DD12ABE7
:10F3A00003EB800000231D46A54215D257F8251017
:10F3B00001FA02FE43EA0E0340F82530C2F12003B1
:10F3C00021FA03F30135EFE70DF1480C0CEB800057
:10F3D00039462246FFF73FFFA7000DF148094FEAE3
:10F3E000440AB9440125330440D400231A4659B2D3
:10F3F000514520DA0DF1C80C0CEB850E08B25EF811
:10F40000C8EC0CEB81015EF820E051F8801CC1EBE8
:10F410000E01891A714502D094BF00220122C5F164
:10F42000010E0DF1C80C0CEB8E0E01335EF8C8EC2A
:10F430004EF82010DBE7AA1A554212A82146554182
:10F44000FFF745FF32AA631E02EB83033A444846A6
:10F4500052F8801C53F8802C013E42EAC1722146CA
:10F4600043F8802CB6B2FFF732FFBCE732AB03EBB8
:10F470008505404655F8C81C2246FFF7ECFE32B021
:10F48000BDE8F0871F00008030B51C4691B00546EE
:10F4900093F900306846FFF768FED4F8AC30284690
:10F4A0006946984711B030BD13460A46FFF7ECBFD6
:10F4B0002DE9F04115468AB004460E4602A8002107
:10F4C000202218F029FA95F80080032320463146BF
:10F4D0002A462F1D4FFA88F80293FFF7E5FF2046D2
:10F4E000214602AA3B46CDF80080FFF717FF2046D1
:10F4F000214632462B46FFF7C7FFCDF80080204655
:10F50000214605F184023B46FFF7EFFE0AB0BDE855
:10F51000F081FFFF2DE9F04F0C468BB00822054625
:10F52000FFF799FEE36A0593236B0693636B0793DA
:10F53000A36B089302A8E36B0993002601460246D9
:10F540000823049603960296FFF7F4FD29468346A6
:10F5500002AA08232846FFF7EDFD236B0593636B92
:10F560000693A36B07938446E36B089302A80146B6
:10F5700002460823CDF800C00996FFF7DBFD2946B7
:10F58000824602AA08232846FFF7D4FD236A029385
:10F59000636A0393A36A0493A36B0893E36B0993D1
:10F5A0008146294602AA082328460796069605960C
:10F5B000FFF7C0FD636A0293A36A0393E36AA26B39
:10F5C0000493636B059306920893E26B236A079298
:10F5D00080460993294602AA08232846FFF7AAFD78
:10F5E000E36A0293236B0393636B0493236A089388
:10F5F000A36A09930746294602AA082328460796C4
:10F6000006960596FFF7A2FD236B0293636B0393A7
:10F61000A36B0493E36B0593636A0893E36A019019
:10F620000993294602AA0823284607960696FFF75B
:10F630008DFDDDF800C0019B0896E344DA44D14417
:10F64000C8444744381AC71A636B0293A36B0393E9
:10F65000E36B0493236A0593636A0693A36A079393
:10F66000236B0993294602AA08232846FFF76EFD5B
:10F67000A36B0293E36B0393636A0593A36A0693F8
:10F68000E36A0793636B09933F1A2946284602AA47
:10F69000082304960896FFF759FD3C1A16D528460C
:10F6A00029460D4A0823FFF745FD0419F7D410E059
:10F6B000094829460822FFF7DAFD012809D0284623
:10F6C0002946054A0823FFF741FD241A002CEFD0F4
:10F6D000F5E70BB0BDE8F08F98A3020073B50546BF
:10F6E00014460E46FFF7E0FE2846294632462346DA
:10F6F000FFF7CAFE082300932846294604F1840236
:10F70000231DFFF7F2FD02B070BD00232DE9F0418B
:10F710000A4680461C46D158002540F2D130E0FB15
:10F72000014548F803400433202B2C46F3D108F15F
:10F730000400C8F8205001460823FFF7FBFCC8F876
:10F740002400BDE8F081FFFF70B590B00D4604467F
:10F7500008216846FFF739FD08A80821FFF735FDA5
:10F7600005F120016846FFF7D0FF6A4608232946C5
:10F770002046FFF7DFFC082106462846FFF725FD57
:10F78000284608A9FFF7C1FF2A462046214608233C
:10F79000FFF7D0FC85193DB1204621460A4A0823CF
:10F7A000013DFFF7D3FCF6E7204607490822FFF7A3
:10F7B0005EFD002805DD20462146034A0823FFF7A9
:10F7C000C5FC10B070BD00BFE8A20200F0B589B062
:10F7D0001C4607460E461546684611461A46FFF770
:10F7E00063FE384639466A462346FFF74DFE6846B3
:10F7F00069462A462346FFF747FE304631466A46A9
:10F800002346FFF741FE09B0F0BD2DE9F0478AB06D
:10F810008146129F3D46144615F9046B00969846A2
:10F820008A462B4602A811464A46FFF777FD02A8F2
:10F8300001463A46FFF738FE4846494602AA3B468B
:10F84000FFF722FE2046214602AA3B46FFF71CFE98
:10F850002B464046414652460096FFF75FFD02A800
:10F8600041463A46FFF720FE02A801464A462B468B
:10F870000096FFF753FD02A8014622462B4600964C
:10F88000FFF74CFD204621464A462B460096FFF7DF
:10F8900045FD5046514622463B46FFF7F5FD2046C2
:10F8A000494602AA2B460096FFF738FD40464146DE
:10F8B00022463B46FFF7E8FD4046414652462B466E
:10F8C0000096FFF72BFD204602A93246FFF7C3FC46
:10F8D0000AB0BDE8F0872DE9F0479AB08046229E35
:10F8E0003446174614F9045B009599468A46234628
:10F8F00002A811464246FFF711FD02A80146324612
:10F90000FFF7D2FD4046414602AA3346FFF7BCFD51
:10F910003846394602AA3346FFF7B6FD02A84946E3
:10F92000524623460095FFF7E0FC484649465246BA
:10F9300023460095FFF7F2FC0AA8394642462346C3
:10F940000095FFF7EBFC504651460AAA3346FFF7F5
:10F950009BFD23460AA841463A460095FFF7C5FCA1
:10F96000384649463246FFF79FFD384639460AAACF
:10F9700023460095FFF7D2FC12A841463A4623469B
:10F980000095FFF7CBFC4846494612AA3346FFF7DD
:10F990007BFD23464846494652460095FFF7BEFC8C
:10F9A00012A802A93246FFF77FFD12A801460AAA53
:10F9B00023460095FFF7B2FC0AA812A94246234647
:10F9C0000095FFF7ABFC0AA8014602AA3346FFF7F1
:10F9D0005BFD50460AA9524623460095FFF79EFC60
:10F9E000404612A92A46FFF736FC1AB0BDE8F08758
:10F9F0002DE9F843B3F90270914607F11F05202263
:10FA000095FBF2F5044603F124086DB20E46084654
:10FA1000424621462B46FFF78DFB50B9B7EB451FF9
:10FA200009DA30463946FFF7EAFB041C18BF012407
:10FA300002E0012400E004464846314642462B4697
:10FA4000FFF778FB2046BDE8F88370B5002463B269
:10FA50008B4204F101040BDA4D1EED1AAE0805F0DD
:10FA6000030552F82660ED0026FA05F5C554EEE7C9
:10FA700070BDF8B504230F46D11C91FBF3F149B2D8
:10FA800014460546FFF7A1FB002253B2A34202F140
:10FA900001020EDA661EF61AB008FB5C06F00306D9
:10FAA000F60003FA06F655F82030334345F82030C7
:10FAB000EBE7F8BD2DE9F84F05460F46084611461D
:10FAC0001446FFF7A6FB194B1A689B4612B9002093
:10FAD000BDE8F88FC0EB441005EB840800B24FF08E
:10FAE000FF3A4FEA8409A8F104082AFA00FA4026EE
:10FAF000DBF800302846494698470028E7D0D8F878
:10FB0000003003EA0A03C8F8003028462146FFF710
:10FB100066FB10B1013EEBD1D9E7384629462246B3
:10FB2000FFF7BAFB0128F5D1BDE8F88F64BCFF1FD1
:10FB30002DE9F047B3F902501F4605F107080823E5
:10FB400098FBF3F81F35202395FBF3F56EB2424581
:10FB500038BF9046044689463146FFF736FB424699
:10FB600020464946FFF785FFB7F902304FEAC8083B
:10FB7000984522D9C3EB080804EB85050022A5426D
:10FB80000BD955F8043C23FA08F10A4345F8042D33
:10FB9000C8F1200203FA02F2F1E724373846214681
:10FBA0003246FFF764FB012807D0204621463A463B
:10FBB0003346BDE8F047FFF7C9BABDE8F08738B56E
:10FBC00043690569044603EB450500232269934216
:10FBD00005D2CA5C82F03602EA540133F6E7E268E5
:10FBE000934203D23622EA540133F8E723682046D1
:10FBF00098476368E26820462946984738BD08B5AB
:10FC00004368984708BD70B543690669044603EB2D
:10FC10004606154600232269934205D2CA5C82F04B
:10FC20005C02F2540133F6E7E268934203D25C22AD
:10FC3000F2540133F8E72946A36820469847236821
:10FC4000204698476368E2682046314698476368D3
:10FC50002269204629469847A368204629469847A6
:10FC600070BD70B5044615460E46FFF7A8FF204646
:10FC700029462269FFF7C3FF204631462A46BDE8E0
:10FC80007040FFF7C0BFF8B5036813F001060446E3
:10FC90000F46154605D001463A462B46FFF74AFA6D
:10FCA000064620462946FFF712FB46B105F1804281
:10FCB000013A54F8223043F0004344F82230F8BDB2
:10FCC000F0B50646A1B00F460846194615461C4633
:10FCD000FFF785FA20B130462146FFF776FA73E048
:10FCE000684639462246FFF7B6FA08A82946224652
:10FCF000FFF7B1FA10A82146FFF767FA012318A809
:10FD000021461093FFF761FA684608A92246FFF7DB
:10FD1000AEFA002853D0009BDA0704D46846214687
:10FD2000FFF7D5FA26E0089BDB0704D408A8214694
:10FD3000FFF7CDFA3DE000281EDD08AA23466946FC
:10FD40006846FFF703FA68462146FFF7C0FA10A895
:10FD500018A92246FFF78BFA002805DA10A80146F9
:10FD60002A462346FFF7E6F910A8014618AA2346BB
:10FD7000FFF7ECF910A81DE008A86A4623460146E3
:10FD8000FFF7E4F908A82146FFF7A1FA18A810A97F
:10FD90002246FFF76CFA002805DA18A801462A4621
:10FDA0002346FFF7C7F918A8014610AA2346FFF714
:10FDB000CDF918A829462246FFF765FFA4E730468B
:10FDC00010A92246FFF747FA21B0F0BD2DE9F04F08
:10FDD000AFB09046399C059094F9005016A82A4679
:10FDE0000F469946FFF737FAAB0003933B4426A82A
:10FDF00019462A460493FFF72EFA94F9006006A8E4
:10FE0000B9F1000F04D049463246FFF724FA04E066
:10FE10003146FFF7DAF90123069332460EA816A9F8
:10FE2000FFF719FA32461EA826A9FFF714FA16A8FA
:10FE300026A906AA2346FFF7C9FCD4F8A46016A891
:10FE400026A906AA2346B0470EA81EA906AA23463D
:10FE5000FFF7BCFCBDF9E060023EB6B231B200294A
:10FE600029DD4046FFF7CBF9D0F1010038BF002073
:10FE7000C0F101091EAB4FEA401B4FEA49190DF1D1
:10FE8000380A0DF1380CDC44CA449B44994462465C
:10FE9000504649465B460094CDF808C0FFF71BFD6D
:10FEA000DDF808C000946046594652464B46FFF7BD
:10FEB000ACFC013ED1E7D8F80030009403F0010912
:10FEC00089F00109C9F101061EAB76010DF1380870
:10FED0004FEA49190DF1380AB044CA441E44994406
:10FEE0004046314652464B4604F1040BFFF7F3FC03
:10FEF00006A816A90EAA5B460095FFF70FFA06A8FA
:10FF0000014632462346FFF7BFFA06A801463A46A5
:10FF10002346FFF7B9FA06A801465A462B46FFF7D3
:10FF2000CFFE06A80146049A2346FFF7ADFA06A8BD
:10FF3000014642462346FFF7A7FA50464946424645
:10FF400033460094FFF761FC23460EA81EA906AABB
:10FF5000FFF73CFC05980EA92A46FFF77CF90598A7
:10FF6000039B1EA918442A46FFF775F92FB0BDE878
:10FF7000F08F30B595B0144604AB05460CAA029339
:10FF80000846194623460392FFF732FDD0F10100DF
:10FF900038BF002014AA02EB80036288013212B23B
:10FFA0008DE81400284653F8482C04F1440100233E
:10FFB000FFF70CFF21784900284649B2FFF70FF9F7
:10FFC000D0F1010038BF002015B030BD2DE9F04F51
:10FFD000ABB00DF12808359D059095F9009006917C
:10FFE0000DF1480B1846494607921E46CDF8208071
:10FFF000CDF824B0FFF7F3F8B5F802A0039008B1EC
:020000021000EC
:1000000000209BE00FFA8AF420231F3494FBF3F4C2
:1000100005F1240764B2384631462246FFF73CF921
:1000200001280490ECD141465A462B463046FFF752
:10003000DFFCD0F1010038BF00202AAA02EB8003C8
:100040000AF1010212B28DE824001AA805F1440158
:1000500053F8882C039BFFF7B9FE1AA84946FFF70F
:10006000BEF80028CCD1374B1B6840462BB921463F
:10007000FFF7ABF8049B0A9305E039462246FFF7E9
:1000800019FD0028BCD0304631460AAA3B460094F0
:10009000FFF756F9304631463A462346FFF710FE41
:1000A0003B46304631460AAA0094FFF749F9349896
:1000B00095F901101AAAFFF7C8FCB5F902200599B5
:1000C0000823073292FBF3F20AA8FFF7D2FC2AAA10
:1000D000631E02EB8303002243F8602C12A81AA9C6
:1000E0004A46FFF7B8F812A802460AA93B46009410
:1000F000FFF726F90AA80699079A2B46FFF718FD7D
:1001000012A802460AA93B460094FFF7EEF812A88F
:10011000014632463B460094FFF712F9214612A8E9
:10012000FFF777F895F90110B0EBC10F3FF768AF13
:10013000349812AA0844FFF788FC01202BB0BDE8D0
:10014000F08F00BF64BCFF1F2DE9F04793F90060FA
:1001500092B0044689461046314615469846FFF748
:100160003EF8002840F0978002A849464246FFF733
:100170009BF943460AA8214602AAFFF785F902A87F
:1001800001464246FFF790F94346484649462A460B
:10019000FFF77AF908F10407284629464246FFF797
:1001A00083F9204621462A463B460096FFF79DF8F4
:1001B000284629462A463B460096FFF796F82846E9
:1001C00021462A463B460096FFF7A8F820462146DE
:1001D0002A464346FFF758F92846214622463B4621
:1001E0000096FFF782F820463B46009621462A46B5
:1001F000FFF77BF82368DB07204613D53A463346E2
:100200002146FEF797FF314682462046FFF75FF80A
:1002100006F18043013B54F8232042EACA7244F8B5
:10022000232002E03146FFF752F828462146424695
:10023000FFF73AF9284629460AAA3B460096FFF7F7
:100240006DF8284629460AAA3B460096FFF766F84D
:100250000AA801462A463B460096FFF75FF820466B
:1002600021460AAA4346FFF70FF902A802463B4679
:1002700021460096FFF752F8204629463246FEF7FF
:10028000EAFF284649463246FEF7E5FF484602A9FE
:100290003246FEF7E0FF12B0BDE8F0872DE9F043EB
:1002A000054693B00C461046082117461E46FEF739
:1002B00096FF002874D10AA821463246FFF7F4F8C9
:1002C000334602A829460AAAFFF7DEF8284629463F
:1002D0003246FFF7E9F80AA801463246FFF7E4F88C
:1002E0004FF0080838463A4621463346371DFFF797
:1002F000CBF8204629462A463B46CDF80080FEF73B
:10030000F4FF20463B46CDF8008021462A46FEF702
:10031000ECFF2368DB0720460ED5434621463A46CC
:10032000FEF708FF414681462046FEF7D0FFE3690D
:1003300043EAC973E36102E04146FEF7C8FF4FF0AC
:100340000808284621463246FFF7AEF828462946D7
:100350000DEB08023B46CDF80080FEF7DFFF284694
:1003600029460DEB08023B46CDF80080FEF7D6FF8C
:100370000DEB080001462A463B46CDF80080FEF70B
:10038000CDFF204621460DEB08023346FFF77CF8EF
:10039000CDF80080204621460AAA3B46FEF7BEFF64
:1003A00013B0BDE8F083FFFF014B1860704700BF3A
:1003B00064BCFF1F0048704794A3020000487047C8
:1003C000E4A20200F0B5064699B00F461446402557
:1003D000B4F9022020231F3292FBF3F2684604F1A5
:1003E000240152B2FFF766FB08B9002024E008A8F8
:1003F00069462246FFF7BDFDD8B1B4F902100823C3
:10040000073191FBF3F138466A46FFF71EFB304691
:1004100094F9011008AAFFF718FB94F9011094F958
:10042000002008AB701803EB8202FFF70EFB0120DF
:1004300002E0013DCCD1D8E719B0F0BD2DE9F0477D
:100440009146B3F902205D7893F80080A4B004AE21
:100450001C460732082392FBF3F207466DB2304682
:100460000DF1300A0296CDF80CA0FFF702FB3946D9
:1004700014A82A46FFF7FDFA4FFA88F814AA02EBEF
:10048000880079192A46FFF7F4FA304631462346A8
:100490005246FFF7ADFA1A4B1E68074656B124AA1A
:1004A00002EB8003211D53F8886C42463046FFF76B
:1004B00001FB08B3D7F1010738BF002724AB03EBDA
:1004C0008707638801331BB28DE8180014A8014622
:1004D000334657F8882CFFF779FC4846294614AA7A
:1004E000FFF7B3FA2178490014A849B2FEF777FE66
:1004F000D0F1010038BF002024B0BDE8F08700BF74
:1005000064BCFF1F2DE9B04195B00CAD80460F468D
:10051000104604A92A461C4602910395FFF768FA83
:10052000D0F1010038BF002014AA02EB80036288DA
:10053000013212B28DE81400404653F8482C394677
:100540000023FFF743FC15B0BDE8B0812DE9F04171
:100550001646B3F902205C7893F8008098B01D46E7
:100560000732082364B2074692FBF3F26846FFF7AE
:1005700080FA08A839462246FFF77BFA4FFA88F836
:1005800008AB03EB8808404639192246FFF771FA99
:1005900008A82B466A460146FFF7B4FF30462146BD
:1005A00008AAFFF752FA301921464246FFF74DFAE2
:1005B0002978490008A849B2FEF711FED0F10100E0
:1005C00038BF002018B0BDE8F08170B51446B2F90C
:1005D0000220034698B00E460732194608236846A3
:1005E00092FBF3F2FFF745FAB4F9025020231F35CE
:1005F00095FBF3F56DB268462946FEF7F0FD08B1AC
:10060000002020E02A4604F124006946FEF744FE5B
:1006100001280546F4D108A869462246FFF7A9FC3F
:100620000028EDD0304694F9011008AAFFF70DFA22
:1006300094F9011094F9002008AB701803EB8202C2
:10064000FFF703FA284618B070BD2DE9F04F91B0BE
:100650005D691B9F1E6997F801807F880FFA87FCF0
:1006600093461C460CF11F02202392FBF3F38146B4
:100670008A462E44CDF810C0DBB2002221698A429E
:1006800005D20121B1540021A9540132F6E72046D8
:1006900029460293FFF793FA22690021B154226997
:1006A0004FFA88F8204631460132FFF7A8FA424651
:1006B00020464946FFF7A3FA204651465A46FFF71F
:1006C0009EFA204629462A46FFF79DFA32462046E2
:1006D0002946FFF7C6FA20462946FFF770FA226935
:1006E0000121B1542269204631460132FFF787FAD1
:1006F000424620464946FFF782FA204651465A466E
:10070000FFF77DFA204629462A46FFF77CFA204665
:1007100029463246FFF7A5FA029B4FFA83F80FFAF3
:1007200088F34FEA830CC7EB48175B013FB206938F
:100730004FF0FF33FB404027CDF814C007930397D9
:100740000027294620463246FFF78BFA216900230D
:100750008B42F6D00DF1400C4CFA87F07A1CD2B2E5
:1007600016F803E0059F00F820EC50B2B84202DA18
:1007700001331746ECE7DDF818C0049FBC450BDDDC
:1007800008F1FF330DF1400C0CEB8303079F53F886
:10079000202C3A4043F8202C1A9F00971B9F01976A
:1007A000484651465A4608ABFFF710FC074608B1C9
:1007B000012719E020462946FFF701FA2269B754BC
:1007C0002269204631460132FFF719FA20462946B0
:1007D0002A46FFF718FA294620463246FFF741FA23
:1007E000039901390391ABD1384611B0BDE8F08FC0
:1007F00038B50446154600F08DF8284621461022EB
:10080000BDE8384000F060B870B50023044693425C
:1008100004F102040DD0CE5C084D3609AE5D04F83B
:10082000026CCE5C06F00F060133AD5D04F8015C8E
:10083000EDE7002200F8132070BD00BF44A40200C1
:100840002DE9F041044615464F1E002617F8011FFA
:1008500009B9254416E0002DFBD0DFF8388040466A
:1008600017F0B2FA10B1C8EB0000C0B296F0010662
:1008700001D02070EAE7237840EA031004F8010B66
:10088000013DE3E7AC4203D0002304F8013BF9E764
:10089000BDE8F08144A4020010B5034601444FF6C0
:1008A000FF708B420FD013F8012B5040082200F04C
:1008B0000104400824B180F4044080F0080080B2B4
:1008C000013AF4D1EDE710BD70B500230446934220
:1008D00004F102040DD0CE5C084D3609AE5D04F87B
:1008E000026CCE5C06F00F060133AD5D04F8015CCE
:1008F000EDE7002200F8132070BD00BF55A40200F0
:1009000010F0800F4FEA400018BF80F01B00C0B20B
:100910007047FFFF2DE9F04F87B002AA04460E464C
:100920000B4601F11007924618685968154603C531
:100930000833BB422A46F7D10023F15CE25C4A400F
:10094000E2540133102BF8D100275C4D23786279F3
:10095000EB5C23702379AA5CEB5C2371237AEB5C5C
:100960002372237BEB5C237363786270627AEB5CA7
:10097000AA5C6271627B6373AA5C6272A27AA378DA
:10098000AA5CA270A27BEB5CAA5CA372A379A271A1
:10099000E27AEB5CAA5CA373E37BE273E279EB5C43
:1009A000AA5CE272E278E370FBB2AA5CE271092B06
:1009B00027D19DF81530EA5C9DF808305340404A35
:1009C000BA5C53408DF808309DF81630EA5C9DF80B
:1009D000093053408DF809309DF81730EA5C9DF8D6
:1009E0000A3053408DF80A309DF81430EA5C9DF8C7
:1009F0000B3053408DF80B300DF113020DF107034E
:100A000044E0264604F1010804F1100218F801BC84
:100A1000B378707896F8039000928BEA000089EA28
:100A2000030980EA0909FFF76BFF8BEA000089EAF6
:100A3000000B08F801BC96F802B07378019383EAC2
:100A40000B00FFF75DFF019B584089EA0003F07837
:100A500073708BEA0000FFF753FF8BEA000089EA0E
:100A6000000B5FFA8BFB86F802B0717818F8013C36
:100A70004B4089EA03098BEA090B86F803B0009A18
:100A80000436964208F10408C0D192E7587913F869
:100A9000011F414093421971F8D10023E25C1AF81A
:100AA00003104A40E2540133102BF7D101370A2FCB
:100AB0007FF44BAF07B0BDE8F08F00BF66A4020023
:100AC00066A502000021D82216F026BF38B100F139
:100AD000D803984203D0002202700130F9E7704732
:100AE00008B5D82209F06AFF08BDFFFFFFFFFFFF2E
:100AF00000220023C0E90023C0E9022331BB2AA35E
:100B0000D3E90023C0E9042329A3D3E90023C0E9E2
:100B1000062329A3D3E90023C0E9082328A3D3E9A6
:100B20000023C0E90A2328A3D3E90023C0E90C234A
:100B300027A3D3E90023C0E90E2327A3D3E9002389
:100B4000C0E9102326A3D3E9002325E026A3D3E997
:100B50000023C0E9042326A3D3E90023C0E9062328
:100B600025A3D3E90023C0E9082325A3D3E9002363
:100B7000C0E90A2324A3D3E90023C0E90C2324A35A
:100B8000D3E90023C0E90E2323A3D3E90023C0E95E
:100B9000102323A3D3E90023C0E91223C0F8D01007
:100BA000704700BFAFF3008008C9BCF367E6096A6D
:100BB0003BA7CA8485AE67BB2BF894FE72F36E3CEC
:100BC000F1361D5F3AF54FA5D182E6AD7F520E5149
:100BD0001F6C3E2B8C68059B6BBD41FBABD9831F03
:100BE00079217E1319CDE05BD89E05C15D9DBBCBFD
:100BF00007D57C362A299A6217DD70305A0159913F
:100C000039590EF7D8EC2F15310BC0FF6726336723
:100C100011155868874AB48EA78FF9640D2E0CDB26
:100C2000A44FFABE1D48B5472DE9F04FADF2844DF3
:100C30007EAD0F9006914FF0000C069800EBCC04AF
:100C400010F83C00E2794FEA006B60784FF0000A40
:100C500006040996CDF820A0DDE90867A078CDF854
:100C600028A0002343EA0B033B43070242EA0A029F
:100C70000B973243DDE90A673B43E7782079119708
:100C8000CDF840A03243DDE910674FEA0068CDF8A7
:100C90001080CDF814A032433B43DDE9046760794E
:100CA00032430604A0793B43324343EA0A034FEA46
:100CB00000280CF1010C42EA080243EA0A03BCF1E5
:100CC000100FE5E90223B8D10DF50079D9E9122317
:100CD000D9E90001D9E91C67801841EB0301F30051
:100CE00043EA57731293FB0043EA56731393F30CD2
:100CF00043EA47331493FB0C43EA46331593DDE98B
:100D000014ABDDE9122383EA0B034FEA961B4BEA8F
:100D1000876882EA0A024FEA971ACDF804A0CDF854
:100D20000080DDE90067D9E9024572407B40801808
:100D300041EB0301230A43EA056316932B0A43EAB6
:100D400004631793630843EAC57318936B0843EA77
:100D5000C4731993DDE918ABDDE9162383EA0B03AD
:100D60004FEAD41B4BEA4566EF090296039782EAE5
:100D70000A02DDE902AB82EA0A02121883EA0B03D7
:100D80000CF1010C43EB0103BCF1500FC9E9202326
:100D900009F108099AD10F990F9D0F9B0F9FD1E977
:100DA0000401D5E90845CDE910010F98CDE91445B6
:100DB000D0E90CABD0E91045D3E90623D7E90A679F
:100DC000CDE91C45CDE918ABCDE91223DDE91CAB1B
:100DD000D0E90E23CDE91667D0E91267DDE91801E5
:100DE000CDE908ABCDE91A23CDE91E67CDE90A6745
:100DF00092469B46CDE90601DDE91423DDE9126741
:100E0000DDE91001064CDDE91689CDE90423CDE9C1
:100E10000267CDE900018EAD04F5207C02E000BF41
:100E200028A6020055E90E0154E90E23069E079FED
:100E3000121843EB0103B10C41EA87312091B90C40
:100E400041EA863138462191B10B41EA8041229135
:100E50003746810B41EA87412391DDE92201DDE933
:100E60002067464006984F40C105079841EA502147
:100E70002491C105069841EA50212591DDE924011C
:100E800046404F40921943EB0703DDE90867DDE96F
:100E9000060186EA0A0687EA0B0706400F40DDE9ED
:100EA00008014640921987EA010743EB0703DDE991
:100EB0000A67B61847EB0307CDE90C6716EB08067F
:100EC00047EB0907DDE90023DDE90201CDE90A6707
:100ED000DDE90467104319433040DDE9022339405E
:100EE000DDE900673B401943B30743EA9703019FDD
:100EF000DDF800802693BB0743EA980327934FEA67
:100F0000187343EA071328933B0F43EA0813324050
:100F10002993DDE928671043DDE9262372404FEA73
:100F20004866DDF8048046EAD8162A964FEA4866F5
:100F3000DDF8008046EAD8162B967B40DDE92A676B
:100F4000DDE90C897240121883EA070343EB0103C1
:100F500018EB020849EB030954E90C0155E90C238D
:100F6000121843EB0103DDE90801121843EB0103FA
:100F7000DDE90601DDE90A6780EA0A0081EA0B0182
:100F8000304080EA0A003940121881EA0B0143EB35
:100F90000103B10C41EA87310B9F0A982C91B90CDF
:100FA00041EA80312D91810B41EA874106462E911D
:100FB000B90B41EA86412F91DDE92E01DDE92C676D
:100FC00046400A984F40C1050B9841EA50213091A4
:100FD000C1050A9841EA50213191DDE930014640CE
:100FE000901987EA010743EB0701DDE90423CDE906
:100FF0000C01801841EB0301CDE90801DDE9000196
:10100000DDE90267DDE9002341EA090103EA09039A
:10101000394019434FEA887343EA990332934FEA00
:10102000897343EA980333934FEA187343EA091329
:1010300034934FEA197343EA081340EA080002EABE
:101040000802359330401043DDE93467DDE932238F
:1010500072404FEA486646EAD91636964FEA496624
:1010600046EAD81637967B40DDE93667724012189B
:1010700083EA070343EB0103DDE90C01801841EB30
:101080000301CDE9040155E90A2354E90A011218C4
:1010900043EB010312EB0A02DDE9066743EB0B03A6
:1010A000DDE90AABDDE908018AEA060A0AEA000A74
:1010B0008AEA060A8BEA070B099E0BEA010B810CF0
:1010C00012EB0A0241EA8631DDF820A038914FEA9E
:1010D000964141EA8A3139914FEA9A3141EA864193
:1010E0003A914FEA963141EA8A418BEA070B3B91EC
:1010F00043EB0B033046DDE93AABDDE9386787EABD
:101100000B07DDF820B04FEACB5141EA50213C916A
:10111000C10541EA5B213D9186EA0A06DDE93CAB67
:1011200086EA0A06901987EA0B0743EB0701DDE917
:10113000022310EB020A41EB030BCDE90C01DDE9C0
:101140000401DDE90067DDE9042340EA080041EA23
:10115000090102EA080230403940049F03EA09030A
:101160001043059A1943BB0743EA92033E93930742
:1011700043EA970316463F933B0F43EA06133A466A
:101180004093330F43EA0213419340AFD7E900671E
:10119000DDE93E237B40049F72407E06059F46EAC0
:1011A000D71642967E06049F46EAD716439642AF6C
:1011B000D7E900677240121883EA070343EB010383
:1011C000DDE90C01801841EB0301CDE9020155E98D
:1011D000082354E90801DDE90667121843EB01030F
:1011E0009219DDE90A0143EB0703DDE908674F4087
:1011F00007EA0B074F404FEA9A4141EA8B3144918D
:101200004FEA9B4141EA8A3145914FEA9A3141EADE
:101210008B414640469106EA0A064FEA9B3146401A
:1012200041EA8A419219479146A844A943EB070332
:10123000D1E90067D0E900014F404FEACA5141EAC5
:101240005B2148914FEACB5141EA5A21499148A983
:101250004640D1E900014640901987EA010743EB77
:101260000701DDE90023CDE90C01801841EB030102
:10127000DDE90267CDE90601DDE90401DDE90223CC
:10128000064302400B400F4306EA08060299164344
:1012900007EA0907039A1F438B0743EA92034A931D
:1012A000930743EA910310464B930B0F43EA001355
:1012B0000A464C93030F43EA02134D934AA94CA8E4
:1012C000D1E90023D0E90001424002984B40410699
:1012D000039841EAD0114E914106029841EAD0119B
:1012E0004F914EA9D1E900014240921983EA0103CE
:1012F00043EB0703DDE90C67B61855E9060147EB38
:10130000030754E90623121843EB0103DDE90A0140
:10131000CDE900671218DDE9086743EB0103DDE959
:10132000060186EA0A0687EA0B0706400F40DDE958
:1013300008014640921987EA0107069E43EB07031E
:10134000079FB10C41EA87315091B90C41EA8631CF
:1013500038465191B10B41EA804152913746810B99
:1013600041EA8741539152A850A9D1E90067D0E9D9
:101370000001464006984F40C105079841EA5021B8
:101380005491C105069841EA5021559154A9D1E9DB
:1013900000014640901987EA010743EB0701CDE9B8
:1013A0000C0110EB080041EB0901DDE90223CDE956
:1013B0000A01DDE90001DDE904671043194330400B
:1013C000DDE900233940DDE902673B40009FDDF89D
:1013D00004801943BB0743EA980356934FEA887386
:1013E00043EA970357933B0F43EA081358934FEA96
:1013F000187343EA07133240599356AF58AE10435F
:10140000D7E90023D6E900677B40009F72407E0643
:1014100046EAD8165A964FEA4866DDF8008046EA52
:10142000D8165B965AAFD7E90067DDE90C897240A0
:10143000121883EA070343EB010318EB020849EB98
:10144000030955E9040154E90423121843EB01038D
:10145000DDE90801DDE90667121843EB0103DDE968
:101460000A0186EA0A06064086EA0A06921987EA0F
:101470000B070B9E07EA01074FEA904141EA8631CC
:101480000A985C914FEA964187EA0B0741EA80315E
:1014900043EB07035D913746810B41EA87410646DE
:1014A0005E91B90B41EA86415F915EA85CA9D1E9E2
:1014B0000067D0E9000146400A984F40C1050B98EB
:1014C00041EA50216091C1050A9841EA5021619199
:1014D00060A9D1E900014640901987EA010743EB72
:1014E0000701DDE90423CDE90C01801841EB03017C
:1014F000CDE90801DDE90001DDE90267DDE900234E
:1015000041EA0901394003EA090319434FEA8873A4
:1015100043EA990362934FEA897343EA980363931A
:101520004FEA187343EA091364934FEA197343EAC5
:10153000081340EA08006593304002EA080262AFEF
:1015400064AE1043D7E90023D6E9006772404FEA42
:10155000486646EAD91666964FEA496646EAD816BC
:101560007B40679666AFD7E900677240121883EA3E
:10157000070343EB0103DDE90C01801841EB030194
:10158000CDE9040154E9022355E90201121843EBA5
:10159000010312EB0A02DDE9066743EB0B03DDE909
:1015A0000AABDDE908018AEA060A0AEA000A8AEAC1
:1015B000060A8BEA070B099E0BEA010B810C12EB62
:1015C0000A0241EA8631DDF820A068914FEA96418F
:1015D00041EA8A3169914FEA9A3141EA86416A913A
:1015E0004FEA963141EA8A4168A88BEA070B6B9172
:1015F000D0E900676AA843EB0B03D0E900AB86EAA9
:101600000A06DDF820A087EA0B07DDF824B04FEAD0
:10161000CA5141EA5B216C914FEACB5141EA5A2110
:101620006D916CA9D1E9000146404F40DDE902010E
:1016300012EB060A43EB070BCDE90CAB1AEB000AE1
:101640004BEB010BDDE90401DDE9002340EA080072
:1016500041EA090110401940DDE90423049E059F79
:1016600003EA09031943B30743EA97036E93BB07E1
:1016700043EA960302EA080210436F933A46330F97
:1016800043EA021337467093130F43EA071371932B
:101690006EAF70AED7E90023D6E900677B40049FA8
:1016A00072407E06059F46EAD71672967E06049F14
:1016B00046EAD716739672AFD7E9006772401218E0
:1016C00083EA070343EB0103DDE90C01801841EBDA
:1016D0000301CDE90201F4E81023F5E81001DDE98A
:1016E0000667121843EB01039219DDE90A0143EB87
:1016F0000703DDE908674F4007EA0B074F404FEA51
:101700009A4141EA8B3174914FEA9B4141EA8A3117
:10171000759146404FEA9A3141EA8B4106EA0A0642
:10172000464076914FEA9B31921941EA8A4143EB58
:101730000703779174AF76AED7E90001D6E9006769
:1017400070404FEACA5646EA5B2678964FEACB5677
:1017500046EA5A267940799678AFD7E90067704013
:10176000161881EA070143EB0107DDE90001CDE925
:101770000C67361847EB0107DDE90423DDE90201B8
:10178000CDE906671043DDE904671943DDE902236B
:1017900000EA080032403B40029F104301EA090181
:1017A000039A1943BB0743EA92037A93930743EAE8
:1017B000970316467B933B0F43EA06133A467C9306
:1017C000330F43EA02137D937AAF7CAED7E900234F
:1017D000D6E900677B40029F72407E06039F46EA7F
:1017E000D7167E967E06029F46EAD7167F967EAF74
:1017F000D7E900677240121883EA070343EB01033D
:10180000DDE90C01801841EB03016445CDE90001DD
:101810007FF408ABDDE91045021941EB05030F9D8C
:10182000DDE91267C5E90423DDE90223921943EBE0
:101830000703C5E90623DDE91401DDE904231218D5
:1018400043EB0103C5E90823DDE9162312EB080287
:1018500043EB0903C5E90A23DDE91845DDE9062361
:10186000121943EB05030F9DC5E90C23DDE91A238B
:1018700012EB0A0243EB0B03DDE91C67C5E90E23FB
:10188000DDE90823921943EB0703DDE91EABC5E947
:101890001023DDE90A2312EB0A0243EB0B03C5E92F
:1018A00012230DF2844DBDE8F08F00BF2DE9F84FF3
:1018B000D0E90067002506F07F0BB61847EB050757
:1018C0001446AF4208BFA64280468A469146C0E908
:1018D000006706D2D0E90245013445F10005C0E9B0
:1018E0000245BBF1000F14D0CBF18004A14510D309
:1018F0000BF1500051462246404409F05FF8404643
:1019000008F15001FFF790F9A244C4EB09094FF028
:10191000000B4C460AEB09017F2CC4EB010104D9F2
:101920004046FFF781F9803CF4E729F07F0119F088
:101930007F02514406D00BF150004044BDE8F84FFF
:1019400009F03CB8BDE8F88F0AB1FFF7AFBF7047A8
:101950002DE9F04FC2688368D5000E4645EA5375FD
:1019600041684FF0000B85B045EA0B050746DC00E7
:101970004FEA517ACB0001688DF80350280E8DF89C
:101980000000280C44EA0A048DF80100280A8DF8AA
:101990000200200E40EA05208DF80400200C43EAE6
:1019A000517340EA05408DF80500180E8DF80800C7
:1019B000180CCA008DF80900180A8DF80A00100EDC
:1019C00040EA03208DF80C00100C40EA03408DF82B
:1019D0000D00100A40EA03608DF80B303B688DF86B
:1019E0000F2003F07F026F2A4FEA142894BFC2F140
:1019F0007002C2F1F0028DF80E008F498DF8074099
:101A0000384648EA05688DF80680FFF79DFF38469E
:101A100069461022FFF74AFFFA7D3270F88A70702B
:101A20007A69100AB0707869F0707A69F87C40EAD7
:101A3000022030717A69788A40EA024070713C690C
:101A40007A69200A40EA0260B0713A69F271F87F5F
:101A50003072F88B7072FA69100AB072F869F0721D
:101A6000FA69F87E40EA02203073FA69788B40EA1E
:101A700002407073BC69FA69200A40EA0260B073E0
:101A8000BA69F27397F827003074F88C70747A6A28
:101A9000100AB074786AF0747A6A97F8230040EA02
:101AA000022030757A6A788C40EA024070753C6A90
:101AB0007A6A200A40EA0260B0753A6AF27597F8CD
:101AC0002F003076F88D7076FA6A100AB076F86AD0
:101AD000F076FA6A97F82B0040EA02203077FA6A2B
:101AE000788D40EA02407077BC6AFA6A200A40EAC0
:101AF0000260B077BA6AF27797F8370086F820006C
:101B0000F88E86F821007A6B100A86F82200786B2E
:101B100086F823007A6B97F8330040EA022086F8B3
:101B200024007A6B788E40EA024086F825003C6BF0
:101B30007A6B200A40EA026086F826003A6B86F843
:101B4000272097F83F0086F82800F88F86F82900AC
:101B5000FA6B100A86F82A00F86B86F82B00F96BEE
:101B600097F83B2042EA012286F82C20F96B7A8F05
:101B700042EA014286F82D20B86BF96B020A42EA6C
:101B8000016286F82E20BB6B86F82F30D7F8D01074
:101B900000294DD197F8472086F83020B7F8462025
:101BA00086F83120786C020A86F832207A6C86F842
:101BB0003320786C97F8432042EA002286F83420DC
:101BC000786CB7F8422042EA004286F835203C6C37
:101BD000786C220A42EA006286F836203B6C86F86E
:101BE000373097F84F2086F83820B7F84E2086F81F
:101BF0003920F86C020A86F83A20FA6C86F83B2005
:101C0000F96C97F84B2042EA012286F83C20F96CE7
:101C1000B7F84A2042EA014286F83D20B86CF96CD8
:101C2000020A42EA016286F83E20BB6C86F83F3029
:101C300005B0BDE8F08F00BF70A50200F0B5B7B0E9
:101C40001F460646684614460D46FEF73BFF6846AB
:101C50003946FEF74DFF2A4668463146FFF774FEC7
:101C600068462146FFF774FE6846FEF72FFF37B03F
:101C7000F0BDFFFF0538C0B203289ABF024B53F8EE
:101C800020000020704700BF70A8020000B1007A59
:101C9000704701F09DBC01F045BCFFFF10B5044644
:101CA00001F036FC024B20461B68984710BD00BF70
:101CB000C48CFF1F054B10B51B6801206C21984791
:101CC000044608B101F020FC204610BDC08CFF1F67
:101CD000012301F0EBBD002301F0E8BD01F064BD7C
:101CE00001F05EBD012101F023BC002101F020BC08
:101CF000FEF79ABFFEF7F4BE10B50446FEF7E6FE07
:101D0000024B20461B68984710BD00BFC48CFF1FC4
:101D1000054B10B51B680120D8219847044608B12F
:101D2000FEF7D0FE204610BDC08CFF1F0123FFF739
:101D300085BF0023FFF782BFFFF70ABEFFF704BE8F
:101D40000121FEF7D5BE0021FEF7D2BE00232DE90A
:101D5000F04115461C46844205F104054FEA84060D
:101D600017D055F804CCC3EB0C0645F8046C51F8B9
:101D70002470BE422CBF4FF000084FF00108F61B44
:101D80009C452CBF434608F1010345F8046C01341F
:101D9000E1E7324443B11168C81A994242F8040B92
:101DA0002CBF00230123F5E7BDE8F0812DE9F041C8
:101DB00086B08446019300230391029205938046E6
:101DC000B8F10F0F40F2CA8003980299059A019B5F
:101DD00050F8044B4FF000050E68E3FB0425B718DC
:101DE00045F1000241F8047B50F8044B4FF0000528
:101DF0000E68E3FB0425B71845F1000241F8047BA7
:101E000050F8044B4FF000050E68E3FB0425B718AB
:101E100045F1000241F8047B50F8044B4FF00005F7
:101E20000E68E3FB0425B71845F1000241F8047B76
:101E300050F8044B4FF000050E68E3FB0425B7187B
:101E400045F1000241F8047B50F8044B4FF00005C7
:101E50000E68E3FB0425B71845F1000241F8047B46
:101E600050F8044B4FF000050E68E3FB0425B7184B
:101E700045F1000241F8047B50F8044B4FF0000597
:101E80000E68E3FB0425B71845F1000241F8047B16
:101E900050F8044B4FF000050E68E3FB0425B7181B
:101EA00045F1000241F8047B50F8044B4FF0000567
:101EB0000E68E3FB0425B71845F1000241F8047BE6
:101EC00050F8044B4FF000050E68E3FB0425B718EB
:101ED00045F1000241F8047B50F8044B4FF0000537
:101EE0000E68E3FB0425B71845F1000241F8047BB6
:101EF00050F8044B4FF000050E68E3FB0425B718BB
:101F000045F1000241F8047B50F8044B4FF0000506
:101F10000E68E3FB0425B71845F1000241F8047B85
:101F200050F8044B4FF000050E68E3FB0425B7188A
:101F300045F1000241F8047B50F8044B4FF00005D6
:101F40000E68E3FB0425B71845F1000241F8047B55
:101F5000059202910390A8F1100831E70CF00F08E8
:101F6000B8F1070F69D903980299059A019B50F8B7
:101F7000044B4FF000050E68E3FB0425B71845F14C
:101F8000000241F8047B50F8044B4FF000050E6846
:101F9000E3FB0425B71845F1000241F8047B50F833
:101FA000044B4FF000050E68E3FB0425B71845F11C
:101FB000000241F8047B50F8044B4FF000050E6816
:101FC000E3FB0425B71845F1000241F8047B50F803
:101FD000044B4FF000050E68E3FB0425B71845F1EC
:101FE000000241F8047B50F8044B4FF000050E68E6
:101FF000E3FB0425B71845F1000241F8047B50F8D3
:10200000044B4FF000050E68E3FB0425B71845F1BB
:10201000000241F8047B50F8044B4FF000050E68B5
:10202000E3FB0425B71845F1000241F8047B059253
:1020300002910390A8F1080892E70CF0070CBCF19C
:10204000000F15D003980299059A019B50F8044B94
:102050004FF000050E68E3FB0425B71845F10002B8
:1020600041F8047B0592029103900CF1FF3CE6E7F6
:10207000029B1968059A0A4443F8042B05998A4281
:102080002CBF002201220592002AF2D106B0BDE841
:10209000F08120B101230360002343608360704717
:1020A00010B5044688B1806850B16368024613F1E8
:1020B000FF3303D3002111600432F8E715F0FAFB77
:1020C0000123236000236360A36010BDF8B542F2D2
:1020D0001073994204460D4602D96FF00F00F8BD07
:1020E00046688E4219D20846042115F087FB074640
:1020F0000028F2D0A16871B1B20008F05FFCA068BE
:102100006368024613F1FF3303D3002111600432E8
:10211000F8E715F0CFFB6560A7600020F8BD8842A6
:10212000F8B504460D4623D08E6816B9FFF7B8FF00
:1021300020E04B68591E06EB830621B156F8043D9A
:102140000BB90139F9E72B6823604F1C204639464B
:10215000FFF7BCFF064668B96268A0683146920086
:1021600015F0DAFBA068A968BA0008F027FC01E0C6
:102170000020F8BD3046F8BD70B50E46012104467A
:10218000FFF7A4FF054688B96268A0689200294657
:1021900015F0C2FBA36886EAE672A2EBE672002E97
:1021A0001A60ACBF01234FF0FF332360284670BD97
:1021B00070B5002345681946A94210D0826852F8CC
:1021C0002140002224FA02F6F60706D40132202A22
:1021D00003F10103F6D10131EEE7184670BD00208E
:1021E00070BD10B504464068D0B100F18042013A9C
:1021F000431E9200A16823B18858043A08B9013BF4
:10220000F8E751F8231000204FF000420A4204D1B1
:10221000013020284FEA5202F8D1C0EB43102030A1
:1022200010BD08B5FFF7DDFF0730C00808BD2DE978
:10223000F04107460E4615460024AC4201D0335DFE
:1022400063B1291B11F0030318BF012303EB9101B4
:102250003846FFF73BFF034600BB01E00134ECE7E3
:1022600019463846FFF788FF0346B8B971190D467D
:10227000A81BA042C5EB010210D94FEA920CB86826
:1022800015F8018D02F00302D20008FA02F850F8A6
:102290002C2042EA080840F82C80E9E71846BDE8FF
:1022A000F081F8B5144607460D46FFF7BAFF8442A1
:1022B000064616D322462846002115F02DFB2C4455
:1022C0000023B3420BD09808BA6803F0030152F818
:1022D0002020C900CA4004F8012D0133F1E7002095
:1022E000F8BD6FF00700F8BD2DE9F04105460F4637
:1022F0004C0901F01F06FFF774FF6B68C119B1EBC1
:10230000431F01D87CB90CE011F01F0318BF012353
:10231000284603EB5111FFF7D9FE0028F2D0BDE8A3
:10232000F08106BB1CE06B6803F18042013A6FF05C
:10233000030792006743A34206D9A9688818013BA6
:10234000C0598850043AF6E703F18042013A9200FE
:10235000002BE6D0A96800208850013B043AF7E73B
:102360000020BDE8F0816F68A3000022BC42F7D2D4
:10237000A868C15801FA06F842EA0802C6F1200C22
:10238000C2500134043321FA0CF2EFE74368F0B590
:102390004D099D4201F01F0101D805D121B1002155
:1023A000BDE8F040FFF7E8BE35B949B303F180421C
:1023B000013A9200002414E000245A1B944207D2F0
:1023C0008268661952F8266042F824600134F4E706
:1023D00094009A42E9D2856800262E5101320434D5
:1023E000F7E76BB18668B55825FA01FC44EA0C049E
:1023F000C1F12007B450013B043A05FA07F4F0E7B5
:102400000020F0BD436870B503F18042013A9200AC
:102410002BB18468A458043A0CB9013BF8E74A6828
:1024200002F18044013CA400FAB18D682E59043CAD
:102430000EB9013AF8E7934212D89A4212D803F142
:102440008042013A92004BB181688C58A9588C4265
:1024500006D8A2F1040205D3013BF4E7184670BD8B
:10246000012070BD4FF0FF3070BD181C18BF012057
:1024700070BD2DE9F04F85B0164603930E9B5A6848
:10248000736801339A4207468B4653D30E9B986874
:1024900000284FD09200002115F03EFA0E9AD6F88F
:1024A0000480DBF80430D2F808C0984538BF4346B2
:1024B00008F1010901934FEA890965460024444562
:1024C000B86820D0DBF8081050F824A00A682B6800
:1024D0000198CDF800C002FB0A33039A53430293DC
:1024E0002A465346FFF762FC2A46029BB1684046E3
:1024F000FFF75CFC45F804AB002345F809300134D4
:10250000DDF800C0DBE7A9F1040161444A4608F0A8
:1025100055FA38463146FFF775FF0028204602DBA2
:10252000B168BA6802E00E9BB9689A68FFF70EFCC2
:10253000002001E06FF0030005B0BDE8F08F4368B4
:1025400070B503F18042013A92002BB18468A4581F
:10255000043A0CB9013BF8E74A6802F18044013CB7
:10256000A4006AB38D682E59043C0EB9013AF8E70D
:10257000934201D9026826E09A42096801D94A4289
:1025800021E00268002A01DD002917DB002904DCB4
:1025900003F180410139890005E0002AF8DA4FF0A3
:1025A000FF3210E0013B6BB1846866586C58A6425C
:1025B00009D8A1F10401F5D2524204E0012202E05F
:1025C000002BD7D11A46104670BD1FB581EAE173C2
:1025D000A3EBE17300290093ACBF01234FF0FF335D
:1025E00001930123029301A900AB0393FFF7A7FF17
:1025F00005B05DF804FB90422DE9F8430546174607
:1026000006D0884205D0FFF78AFD064608B14CE0A7
:102610000F467C6801232B6004F18043013B9B0043
:102620002CB1BA68D258043B0AB9013CF8E72846F5
:102630002146FFF74BFD0646002836D1AB68D7F898
:102640000880184637463246A24212D0016858F830
:1026500022C0CF19674434BF4FF000094FF0010981
:1026600040F8047B013267452CBF4F4609F1010752
:10267000EAE74FEA84084344BFB16A68944204F130
:10268000010406D328462146FFF720FD60B9AB6858
:1026900043441A683A44BA4243F8042B2CBF00273B
:1026A000012708F10408E7E706463046BDE8F8834D
:1026B000F0B5044685B008460F4611461546FFF7AB
:1026C000A1FE002830DB01230193AC424FF0000350
:1026D0000293039306D101A82146FFF720FD064689
:1026E000E8B901ADBC4207D168680123236000F15D
:1026F0008043013B9B000BE020463946FFF70FFD6E
:10270000064660B9F0E7AA68D258043B12B901380E
:102710000028F8D1A968A268FFF718FB002601A8D5
:10272000FFF7BEFC304601E06FF0090005B0F0BDD8
:10273000F8B50D6813686B4304460E46174612D56C
:1027400008461146FFF75EFE0028204604DB3146AE
:102750003A46FFF7ADFF08E039463246FFF7A8FFDB
:1027600028B96D4202E0FFF746FF00B92560F8BDC9
:10277000F8B50D6813686B43002B04460E461746E8
:1027800012DD08461146FFF73DFE0028204604DB17
:1027900031463A46FFF78CFF08E039463246FFF7EC
:1027A00087FF28B96D4202E0FFF725FF00B92560D9
:1027B000F8BD1FB582EAE273A3EBE273002A00932F
:1027C000ACBF01234FF0FF3301930123029301AA11
:1027D00000AB0393FFF7CCFF05B05DF804FB2DE9D8
:1027E000F04786B00023174688424FF001020646A4
:1027F00088468DE80C00029303920493059306D15A
:102800006846FFF78CFC044600284ED1E846BE42DD
:1028100007D103A83146FFF782FC0446002844D1C3
:1028200003AFD8F8049009F18043013B9B00B9F154
:10283000000F07D0D8F80820D258043B12B909F18C
:10284000FF39F4E77D6805F18043013B9B002DB122
:10285000BA68D258043B0AB9013DF8E7304605EBA7
:102860000901FFF733FC0446F8B921463046FFF76B
:1028700083FC0446C8B905F1804A0AF1FF3A4FEAE1
:102880008A0A6DB1B268BB68D8F8081053F80A30EC
:1028900052444846FFF78AFA013DAAF1040AF0E7DC
:1028A000D8F800303A685343336003A8FFF7F8FBC9
:1028B0006846FFF7F5FB204606B0BDE8F0871FB578
:1028C000012301930293009200AB01AA0393FFF747
:1028D00086FF05B05DF804FB2DE9F04F9BB08846FC
:1028E00001900021184617460493FFF76EFE00285A
:1028F00000F0AD8100240125384604990B950C9415
:102900000D940E950F9410941195129413941495A0
:1029100015941694179518941994FFF773FDA04217
:1029200018DA019818B9B8F1000F09D110E0019830
:102930002146FFF721FC0646002840F07781F2E7A8
:1029400040463946FFF7EBFB0646002840F06E8113
:1029500000207EE10BA83946FFF7E1FB0646002880
:1029600040F064810EA80499FFF7D9FB06460028C1
:1029700040F05C8179680E9511A802310B95FFF744
:10298000A5FB0646002840F05181314611A8FFF70B
:10299000F3FB0646002840F0498114A80221FFF706
:1029A00095FB0646002840F0418117A80321FFF758
:1029B0008DFB0646002840F039810EA8FFF711FC78
:1029C00000F01F001F2813D0C0F11F0002900299D1
:1029D0000BA8FFF789FC0646002840F027810EA8C7
:1029E0000299FFF781FC0646002840F01F8100E0B5
:1029F00002960C9C0F9D04F1FF39691EC1EB090B77
:102A00004FEA4B1A00910EA85146FFF76DFC06469F
:102A1000002840F00B814FEA8B0B0BA80EA9FFF7A3
:102A20008EFD00280EDB139B53F80B200BA8013200
:102A300043F80B2001460EAAFFF79AFE064600282F
:102A4000EBD0F3E00EA85146FFF7A0FC06460028A5
:102A500040F0EC80009A4FEA820BABF1040308933C
:102A600004F10063013B5B1B5B01039304F18044B1
:102A70006FF00303013C6B43A4000593009B994551
:102A800040F2AE800D99109A0B5952F80BE0139D4D
:102A9000734505D3254405984FF0FF332B5022E0B2
:102AA000DDF814A02144A24451F8040CBEF1000F3B
:102AB00015D0002106910793DDE9062342EA0002C2
:102AC000104619467246002314F0BCFB4FF0FF324B
:102AD00000238B4208BF824203D2104601E04FF030
:102AE000FF3045F80A00059D139B2544A4F1040A14
:102AF0005A5901325A51A4F108030993139B5A59A8
:102B0000013A5A5114A80021FFF736FB002840F083
:102B10008A800098169B109A10B10898115800E00E
:102B20000099196052F80B205A60139B14A80146B3
:102B30005A59FFF7C4FE0146002876D117A8FFF7BF
:102B40001BFB00286FD1B9F1010F0D9A18BF09992D
:102B5000199B18BF5058186052F80A105960125942
:102B60009A6014A817A9FFF7EAFC0028C6DC139B9B
:102B700014A80EA95A59FFF7A2FE002853D114A891
:102B80000399FFF7B1FB00284DD10BA8014614AA09
:102B9000FFF7EEFD0146002847D10BA8FFF715FD12
:102BA000002816DA14A80EA9FFF7B9FA00283AD1BE
:102BB00014A80399FFF798FB002834D10BA801460D
:102BC00014AAFFF7B5FD00282DD1139B5A59013ADD
:102BD0005A51039A203A09F1FF390392043C4DE718
:102BE000019848B111A9FFF79AFAE0B904993B6836
:102BF0000A685343019A1360B8F1000F16D00BA86E
:102C00000299FFF7C3FB70B93B680B930BA94046D1
:102C1000FFF785FA014640B94046FFF7D6FC28B9D0
:102C20000123C8F80030064600E00E460BA8FFF767
:102C300037FA0EA8FFF734FA11A8FFF731FA14A8F3
:102C4000FFF72EFA17A8FFF72BFA304601E06FF0D6
:102C50000B001BB0BDE8F08F70B504460E46104661
:102C600000211546FFF7B1FC002822DB0020214699
:102C700032462B46FFF730FEF8B920460021FFF719
:102C8000A4FC002807DA204621462A46FFF750FD1B
:102C90000028F2D070BD20462946FFF750FC0028DE
:102CA0000ADB204621462A46FFF762FD0028F2D0C3
:102CB00070BD6FF0090070BD002070BD2DE9F04FB0
:102CC000ADF2546D05460F461846002103921C468E
:102CD000FFF77BFC0028DDF87886C0F21082A3683D
:102CE0001E68F10740F10B8203980021FFF76DFC8D
:102CF0000028C0F2048206F1020909F0040906EB7B
:102D00004909032106FB09F3C3F10203013903FB5F
:102D100009F9F7D101234FF4C06214A8089309916F
:102D20000A910B930C910D910E930F91109114F049
:102D3000F3FD0398FFF755FAB0F5287F08D2EF2886
:102D400008D84F2808D8182834BF0126032604E0E5
:102D5000062602E0052600E00426636803F1010A66
:102D600028465146FFF7B2F90346002840F09E81FD
:102D700017A85146FFF7AAF90346002840F09681AC
:102D80000BA84FEA4A01FFF7A1F90346002840F0DB
:102D90008D813B68B3F1FF3253425341059353B1E8
:102DA0000EA83946FFF7BBF90346002840F07E81A4
:102DB00001230E930EAFB8F1000F02D0D8F80830FF
:102DC00033BB08A80121FFF7D7F90346002840F0DC
:102DD0006D81616808A88901FFF786FA034600281B
:102DE00040F0648108A801462246FFF735FF0346FC
:102DF000002840F05B81B8F1000F12D008AB03CB84
:102E0000C8F800001868C8F80410C8F8080008E0FE
:102E1000D8F80000D8F8041008AB03C3D8F80800AD
:102E2000186021463846FFF78AFB0028394617A864
:102E300015DB2246FFF710FF0346002840F03681DD
:102E4000C9F100090BAF4B46009717A808A9224605
:102E5000FFF70FFB0346002840F0288102E0FFF750
:102E60005EF9E9E7284608A9FFF759F90346002863
:102E700040F01C8107AA4FF0010A13924B460097BD
:102E8000284611A92246CDF81CA0CDF844A0CDF8C3
:102E900048A0FFF7EEFA0346002840F007815645A8
:102EA00007D1039B00275B680493BC46BB46BA4628
:102EB00076E006F1FF3B14AA61680AFA0BFA0C27C8
:102EC00007FB0A2738460131FFF700F903460028BF
:102ED00040F0EC80384617A9FFF721F90346002897
:102EE00040F0E48084460BAB009338464B463946AD
:102EF0002246CDF808C0FFF7BCFADDF808C003464B
:102F0000002840F0D3800CF1010CDC45EBD30AF132
:102F1000010A01274FF00C0B14ABB7400BFB0A3B27
:102F2000BA45BED2616858460131FFF7CFF8034673
:102F3000002840F0BB805846ABF10C01FFF7EFF8DA
:102F40000346002840F0B2800BAB009358464B4636
:102F500017A92246FFF78DFA0BF10C0B0346002848
:102F600040F0A4800AF1010ADAE7049B013B0493D4
:102F70004FF0200B039A9368049A53F822300BF118
:102F8000FF3B23FA0BF313F0010314D00CF1010CF7
:102F9000CCEB06029340B4454AEA030A1FD002274D
:102FA000BBF1000FE6D1049A002ADED10123B34021
:102FB000039393464FE0002FF2D0012FE6D10BABE5
:102FC000009328464B4629462246CDF808C0FFF715
:102FD00050FADDF808C00346002867D1E0E74FF05B
:102FE000000C0BAF4B460097284629462246CDF8E9
:102FF00008C0FFF73EFADDF808C00346002855D1A7
:103000000CF1010CB445ECD314AB0C2101FB0A31DB
:1030100000974B4628462246FFF72BFA0346002826
:1030200044D1012782468446BAE74B46009728469A
:1030300029462246CDF808C0FFF71BFADDF808C084
:103040000346002832D1039A4FEA4A0A12EA0A0FCD
:1030500005D10BF1010BE3450BAFE6D10CE04B467C
:103060000097284617A92246FFF703FADDF808C0A3
:1030700003460028EDD019E0012307931193129322
:1030800007AB139300974B46284611A92246FFF73A
:10309000F0F9034650B9059A42B14FF0FF332B6067
:1030A000284621462A46FFF743FB0346741E0122A9
:1030B00002FA04F402FA06F6B44209D214AA0C2069
:1030C00000FB042002930134FEF7EAFF029BF3E7C2
:1030D00017A80293FEF7E4FF0BA8FEF7E1FF0EA886
:1030E000FEF7DEFF029BB8F1000F02D0D8F80820EF
:1030F00042B908A80293FEF7D3FF029B02E06FF0EB
:10310000030000E018460DF2546DBDE8F08FF0B5F5
:103110008BB000230125074604A8164601950293AB
:103120000393049505930693079508930993FEF777
:10313000F6FF0446002862D107A83146FEF7EFFFEC
:10314000044600285BD104A8FFF732F8064607A81A
:10315000FFF72EF8B04238BF0646314604A8FFF705
:1031600015F9044600284AD107A83146FFF70EF9A1
:103170000446002843D10795049504A80021FFF7D1
:1031800024FA002830D004A8FFF712F8014604A85A
:10319000FFF7FCF80446002831D107A8FFF708F82C
:1031A000014607A8FFF7F2F8044640BB04A807A9A8
:1031B000FFF7C5F9002808DB04A8014607AAFFF7B6
:1031C00077FA0446D8B904A807E007A8014604AA7C
:1031D000FFF76EFA044690B907A80121FFF7D6F869
:1031E00004460028C9D00AE007A83146FFF77CF85A
:1031F000044620B9384607A9FEF791FF044601A806
:10320000FEF74EFF04A8FEF74BFF07A8FEF748FFA6
:1032100020460BB0F0BD70B5B1F5806FADF5806D97
:1032200005460C4616460AD8184669462246B04757
:1032300038B9284669462246FEF7F9FF01E06FF0EB
:1032400003000DF5806D70BD2DE9F04180469CB006
:103250000F46104600211646FFF7B7F9002840F345
:103260004E810023012501A8394632460495059375
:1032700006930795089309930A950B930C930D9564
:103280000E930F930195029303931095119312934C
:1032900013951493159316951793189319951A93DC
:1032A0001B93FFF734FF0446002840F00B8101A870
:1032B0002946FFF78AF9002840F0028104A8394620
:1032C0003246FFF7C9FC0446002840F0FB8007A8FF
:1032D00004A9FEF724FF0446002840F0F38010A85C
:1032E0003146FEF71CFF0446002840F0EB8013A88F
:1032F0003146FEF714FF0446002840F0E3800AA898
:103300002946FEF739FF0446002840F0DB802146BD
:103310000DA8FEF731FF0446002840F0D380214677
:1033200016A8FEF729FF0446002840F0CB8019A814
:103330002946FEF721FF0446002840F0C380099B80
:103340001B68D8074CD407A80121FFF71FF80446D3
:10335000002840F0B7800C9B1B68DD0710D40F9B42
:103360001B68DC070CD40AA80121FFF70FF80446FC
:10337000002840F0A7800DA80121FFF707F8DAE741
:103380000AA8014610AAFFF7D3F90446002840F026
:1033900099800DA8014604AAFFF7EAF9044600281F
:1033A000E1D08FE013A80121FEF7F0FF04460028CA
:1033B00040F08880189B1B68DA0716D41B9B1B689B
:1033C000DB0712D416A80121FEF7E0FF044600280F
:1033D00078D119A80121FEF7D9FF0446002871D140
:1033E000159B1B68D90711D4DCE716A8014610AA63
:1033F000FFF79EF90446002864D119A8014604AAE3
:10340000FFF7B6F904460028DCD05BE007A813A953
:10341000FFF795F800281FDB07A8014613AAFFF75E
:10342000A7F9044600284DD10AA8014616AAFFF7BD
:103430009FF90446002845D10DA8014619AAFFF7B7
:1034400097F9044600283DD107A80021FFF7BDF8F1
:1034500000287FF474AF19E013A8014607AAFFF70C
:1034600087F9044600282DD116A801460AAAFFF7BD
:103470007FF9044630BB19A801460DAADFE716A85C
:1034800001463246FFF754F90446D8B916A8002180
:10349000FFF79BF80028F2DB06E016A8014632464B
:1034A000FFF766F9044668B916A83146FFF747F8F2
:1034B0000028F2DA404616A9FEF731FE044601E084
:1034C0006FF00D0404A8FEF7EBFD07A8FEF7E8FD7A
:1034D0000AA8FEF7E5FD0DA8FEF7E2FD01A8FEF73C
:1034E000DFFD10A8FEF7DCFD13A8FEF7D9FD16A836
:1034F000FEF7D6FD19A8FEF7D3FD204601E06FF0D8
:1035000003001CB0BDE8F08100216C2214F004BA65
:1035100038B100F16C03984203D0002202700130F0
:10352000F9E7704708B56C2207F048FA08BDFFFFBD
:10353000002303604360A1B9184B8360184BC3603C
:10354000184B0361184B4361184B8361184BC361DF
:10355000184B036203F17453A3F52303A3F69243BC
:1035600018E0154B8360154BC36003F1794303F5F5
:10357000740303F501630361114B4361114B8361D4
:1035800003F1D14303F5C01303F51E63C3610E4B72
:1035900003620E4B43628166704700BF67E6096AAB
:1035A00085AE67BB72F36E3C3AF54FA57F520E5164
:1035B0008C68059BABD9831FD89E05C107D57C3687
:1035C00039590EF7310BC0FFA78FF964A44FFABE2B
:1035D0002DE9F04FCFB0002304900591049A1A44CE
:1035E00003F118016846043392680A50202BF5D184
:1035F0000D9B0393099B089D02930A990B9E0C9CBB
:10360000069A0798019500231F460F2F0DF13808E1
:1036100014D8DDF814C0059D9C4415F803A09CF84F
:10362000039049EA0A699CF801A049EA0A499CF812
:1036300002A049EA0A2948F803901AE008EB030CB3
:103640005CF808AC5CF83C9C5CF840BC5CF81CCCBA
:10365000DC444FEA7A4B8BEAFA4B8BEA9A2AD44441
:103660004FEAF91A8AEAB94A8AEAD909CC4448F8F1
:1036700003C00DF1380C039D53F80C80DFF89CC09B
:1036800053F80CC0E0444FEAB11C8CEAF12C8CEAF0
:10369000716CE04484EA060C0CEA010C8CEA040C20
:1036A000E044A844019DDDF808C040EA020A00EAAF
:1036B00002090AEA050A4AEA090A4FEAB20989EA4E
:1036C000723989EAB2590137D144402FC44403F119
:1036D0000403C84408D003940190344610460E46B3
:1036E00002954246614690E7089001980D94CDF806
:1036F00028C00B910C96CDF81880079209900023F2
:10370000049A06AC1A44E158906804330144202B13
:103710009160F5D14FB0BDE8F08F00BF9CA90200C9
:1037200003682DE9F04103F03F0713449342054637
:103730000E461446036002D24368013343609FB1D2
:10374000C7F1400844450FD307F1280031464246EF
:10375000284407F033F9284605F12801FFF738FF20
:103760004644C8EB04040027A0463119B8F13F0FC6
:10377000C8EB010105D92846FFF72AFFA8F1400848
:10378000F3E724F03F0114F03F02314406D007F183
:1037900028002844BDE8F04107F010B9BDE8F081E9
:1037A0000AB1FFF7BDBF704737B590E80C000D4672
:1037B000510F41EAC3010446080ED3008DF8000002
:1037C000080C8DF801008DF80310080A190E02F09C
:1037D0003F028DF80410190C372A8DF805104FEAB6
:1037E000132194BFC2F13802C2F178028DF80200B1
:1037F0008DF8061020462C498DF80730FFF7D0FFD2
:10380000204669460822FFF78BFFE37A2B70638915
:103810006B70A3681B0AAB70A368EB70E37B2B7122
:10382000E3896B71E3681B0AAB71E368EB71E37CBE
:103830002B72638A6B7223691B0AAB722369EB726A
:10384000E37D2B73E38A6B7363691B0AAB73636954
:10385000EB73E37E2B74638B6B74A3691B0AAB74ED
:10386000A369EB74E37F2B75E38B6B75E3691B0A2C
:10387000AB75E369EB7594F823302B76638C6B762C
:10388000236A1B0AAB76236AEB76A36E4BB994F8D6
:1038900027302B77E38C6B77636A1B0AAB77636AFD
:1038A000EB7703B030BD00BF5CA90200F0B59DB05E
:1038B0001F46064601A814460D46FFF725FE01A83F
:1038C0003946FFF735FE2A4601A83146FFF768FF63
:1038D00001A82146FFF768FF01A8FFF719FE1DB0F8
:1038E000F0BDFFFF70B5094B53F8144CA3F114055C
:1038F0004CB1143313F8186C8642F5D16B680C6028
:103900000020136070BD6FF02D0070BD48AC020048
:1039100000207047704770B504460E4615460021DA
:10392000AC2213F0F9FFC4F8A460C4F8A85070BD2D
:10393000026938B50446D2B1C369C3B11268D2076F
:1039400015D51B68DB0712D500F108052846FEF7E0
:1039500048FC7F280BD92846FEF743FCB0F5005FF2
:1039600005D814342046FEF73CFC012801D8054850
:1039700038BD20462946FEF7E2FD0028F7DA002090
:1039800038BD00BF00BEFFFF2DE9F043A9B00546DA
:10399000FFF7CEFF002840F0FA806B6B0BB97D4833
:1039A000F5E02B6C002BFAD0AB6A002BF7D001A806
:1039B000FEF76FFB04A8FEF76CFB07A8FEF769FB98
:1039C0000AA8FEF766FB0DA8FEF763FB10A8FEF73A
:1039D00060FB13A8FEF75DFB16A8FEF75AFB19A8BB
:1039E000FEF757FB1CA8FEF754FB1FA8FEF751FB80
:1039F00022A8FEF74EFB05F12C0625A805F1380795
:103A0000FEF747FB01A831463A46FEF7E8FE0446BA
:103A1000002840F0898005F1200805F1140904A868
:103A200041464A46FEF7DBFE044600287CD107A843
:103A300031460122FEF7BDFE0446002874D10AA8D3
:103A400039460122FEF7B5FE044600286CD10DA8C8
:103A500007A90AAAFEF7C3FE0446002864D113A8EA
:103A600049460DAAFFF753FB044600285CD116A86F
:103A700007A90AAAFFF74BFB0446002854D119A84E
:103A80001CA90DAA16ABFEF727FF044600284BD150
:103A900010A804A919AAFFF7DFF80446002843D1AB
:103AA0001FA8414607AAFFF7D7F8044600283BD1D4
:103AB00022A841460AAAFFF7CFF80446002833D1CE
:103AC00025A839463246FFF7BFFB044660BB01A874
:103AD00005F10801FEF733FD002856D11FA805F1B6
:103AE0004401FEF72CFD00284FD122A805F150011A
:103AF000FEF725FD002848D125A805F15C01FEF759
:103B00001EFD002841D11CA80021FEF75EFD002803
:103B10003BD110A80121FEF758FD002835D113A88C
:103B20000121FEF752FD80BB01A8FEF7B9FA04A8F7
:103B3000FEF7B6FA07A8FEF7B3FA0AA8FEF7B0FA3E
:103B40000DA8FEF7ADFA10A8FEF7AAFA13A8FEF723
:103B5000A7FA16A8FEF7A4FA19A8FEF7A1FA1CA85E
:103B6000FEF79EFA1FA8FEF79BFA22A8FEF798FA26
:103B700025A8FEF795FA14F5844F3FF410AF14B161
:103B8000A4F5844003E0204601E0024CCCE729B0D4
:103B9000BDE8F08300BEFFFFF0B5054687B00C46D8
:103BA00003A81746FEF775FA214603A86A68FEF7D0
:103BB0003EFB0446E8B905F1080403A82146FEF7D8
:103BC000BEFC002813DA05F1680303A80093014640
:103BD000234605F114026E68FFF770F8044640B9F9
:103BE00003A839463246FEF75CFB044601E06FF05D
:103BF000030403A8FEF754FA14B1A4F5854000E0CD
:103C0000204607B0F0BDFFFF2DE9F04F9346426B11
:103C10008DB0054688461C46002A00F03681026CAD
:103C2000002A00F03281826A002A00F02E8103A867
:103C3000FEF72FFA06A8FEF72CFA09A8FEF729FAD4
:103C4000214603A86A68FEF7F2FA0446002840F00D
:103C50000F8105F1080603A83146FEF770FC002825
:103C600080F20481B8F1000F16D102F075FA05F167
:103C70002C0902F071FA02F06FFA05F17403009357
:103C800006A803A905F144024B46FFF717F80446BE
:103C9000002840F0ED8074E0D5F8A03023B305F1A2
:103CA0008C07384639463A46FEF799FD0446002807
:103CB00040F0DE80384639463246FEF7CDFF0446F6
:103CC000002840F0D58005F19807384639463A4635
:103CD000FEF785FD0446002840F0CA803846394684
:103CE0003246FEF7B9FF36E04FF00C0ABAF1010A8E
:103CF00000F0CF80696805F19809484601394246CD
:103D00005B46FFF788FA0446002840F0B18005F1D1
:103D10008C07384649463246FFF7F9F90446002831
:103D200040F0A68038460121FEF74FFC0028DDD187
:103D3000384649463246FFF787FA0446002840F0E5
:103D4000978005F1680300933846394605F114025F
:103D50003346FEF7B3FF0446002840F0898003A8ED
:103D6000014605F18C02FEF73AFD044600287FD19A
:103D700003A801463246FEF76FFF0446002877D1BC
:103D800073E702F0E9F905F1380702F0E5F902F00E
:103D9000E3F905F18003009309A803A905F1500296
:103DA0003B46FEF78BFF0446002861D102F0D4F9B0
:103DB00002F0D2F902F0D0F903A806A909AAFEF789
:103DC000D7FC0446002853D102F0C6F902F0C4F92A
:103DD00002F0C2F906A803A905F15C02FEF7FFFC98
:103DE0000446002844D102F0B7F902F0B5F902F018
:103DF000B3F903A806A94A46FEF72EFF0446002899
:103E000036D102F0A9F902F0A7F902F0A5F906A847
:103E100003A93A46FEF7E3FC044648BB02F09CF9CE
:103E200002F09AF902F098F903A809A906AAFEF788
:103E30007FFC0446E0B9B8F1000F06D103A816993B
:103E40006A68FEF72EFA044612E003A8014605F15F
:103E50009802FEF7C4FC044650B903A80146324656
:103E6000FEF7FAFE04460028E8D001E06FF00304F4
:103E700003A8FEF715F906A8FEF712F909A8FEF740
:103E80000FF924B1A4F5864005E0044803E020467C
:103E900001E0034CECE70DB0BDE8F08F80BFFFFF01
:103EA00080BBFFFF2DE9F74F012B06468846914660
:103EB0009A460C9FDDF834B00E9D03D1D0F8A430A3
:103EC000002B5AD1B8F1000F57D0BBF1000F54D0DE
:103ED000002D52D017F10B0273684ED293424CD38F
:103EE0002C46A3F1030C0023C7EB0C0C04F8023B97
:103EF000BAF1000F1AD102236B70A44464451FD09D
:103F000064230122484621460193CDF800C0C047F2
:103F10002278019BDDF800C0002A30D1013B02D19C
:103F2000A0F589402FE00028EBD0F9E701232046D7
:103F30006B706444A04203D0FF2300F8013BF9E713
:103F40002046002300F8013B59463A4606F036FD6C
:103F5000BAF1000F07D1304629462A4603B0BDE822
:103F6000F04FFFF719BE304641464A462B460C95A6
:103F700003B0BDE8F04FFFF747BE044803E0002858
:103F8000CED10134BAE703B0BDE8F08F80BFFFFFA8
:103F9000F0B51E46ADF20C4D012EDDF8243403D1F0
:103FA000D0F8A440002C61D14568A5F11004B4F507
:103FB0007C7F5BD802AC26B919462246FFF7ECFDA0
:103FC00002E00094FFF720FE002854D1012E237850
:103FD0006678A5F103071BD186F002061E43024650
:103FE0000346BA4227D2A11801328978C1F1000CE8
:103FF00041EA0C01C1F3C01181F001010843C0B2D4
:1040000041420143C1F3C01181F001010B44E8E7D3
:1040100086F001061E4301460346B9420BD26218E0
:1040200001319278FF2A18BF40F00100C0B280F041
:1040300001021344F1E70DF10A02D118D25C1643D4
:10404000072B98BF46F0010676B2013186B9641A93
:10405000DDF82C3462199A420CD8DDF82034DDF8F2
:1040600028041A6006F0AAFC304604E0034802E087
:10407000034800E003480DF20C4DF0BD80BFFFFF88
:1040800000BFFFFF00BCFFFF2DE9F04F89B002AF7A
:10409000012B3A604FF0000204467960994697F888
:1040A0004060D7F844B0FD6C3A617A6104D1D0F831
:1040B000A4200AB15848AAE0D4F804A0AAF1030841
:1040C000BEB13046FDF7D6FD83460028F2D030461B
:1040D00007F1140107F11002FFF704FC0028E9D1F1
:1040E0003A695846C2EB0808FDF7D0FDA8F10A0866
:1040F0008346CBEB0808B8F1070FDBD9D045D9D8F8
:104100002B464FF0000A03F802AB01226A701846F2
:10411000FF21424613F000FC0346404403F808A088
:104120000EB901301FE0302141703A69C17002F1CF
:1041300008065FFA8BF8D1B2464486700E1D0671F0
:1041400006264671C61D81717969304606F036FC37
:104150003A690521B018B154042280F801A0827098
:1041600080F803801044B96C5A4606F027FCB9F178
:10417000000F05D1204629462A46FFF70DFD46E0EF
:104180006368073323F00703ADEB030D6A4612F1B2
:1041900008083AD0ADEB030D6B4613F1080904D1C2
:1041A0001E4B40461B6898472FE0CDF80080204604
:1041B00079683A682B46FFF727FD0646E0B92046A6
:1041C00041464A46FFF7E8FC0646A8B9616803463F
:1041D00002468A4207D0AC5C19F8020060400343F3
:1041E000DBB20132F5E7FB73FB7B23B9284641467E
:1041F00006F0E4FB00E00A4E084C4046236898476E
:10420000484623689847304601E06FF00F001C379E
:10421000BD46BDE8F08F00BF80BFFFFFC48CFF1F0D
:1042200000BDFFFF10B504468C30FDF739FF04F1E7
:104230009800FDF735FF04F18000FDF731FF04F130
:104240007400FDF72DFF04F16800FDF729FF04F16C
:104250005C00FDF725FF04F15000FDF721FF04F19C
:104260004400FDF71DFF04F13800FDF719FF04F1CC
:104270002C00FDF715FF04F12000FDF711FF04F1FC
:104280001400FDF70DFF04F10800BDE81040FDF734
:1042900007BF8378C27843EA02224378007843EA72
:1042A000022240EA022070472DE9F74F01464FF005
:1042B0000009D1E9004514F5803445F10005220CD0
:1042C00042EA0542B9F10E0FE1E802454FEA254303
:1042D000CCBF4FF000084FF0010812F1FF3443F15A
:1042E000FF35CDE90045009D2524A5FB0467019D10
:1042F00004FB0577B9F10F0409F1010CD4F10009B1
:1043000059EB0409A6FB094509FB0755DDE90067E0
:1043100008FB0CF8A41900EBC80845EB0705D8E921
:104320000067A41945EB0705C8E9004551E90245B6
:104330004FEA034B4BEA124B4FEA024AB4EB0A0432
:1043400065EB0B05BCF1100F41E9024501D0E146D8
:10435000AFE703B0BDE8F08F2DE9F0415242D3172B
:104360004FF0000C00EB0C08D8E90067D1E90045DC
:1043700074407D4014401D4066406F40C8E90067AE
:10438000D1E900670CF1080C74407D40BCF1800F4E
:10439000E1E80245E6D1BDE8F081FFFF2DE9F04FED
:1043A0008046C7B000200B1826ACD3E90023044494
:1043B00008308028C4E90023F5D126A8FFF774FF50
:1043C00026A8FFF771FF26A8FFF76EFF4FF002093E
:1043D000DDE926233C484FF0FF31121846AE43EB8F
:1043E000010366E94023012726A800EBC703D3E9B0
:1043F0000001364AB6F802A012184FF0FF3343EB23
:104400000103716801244AEA014A4FEA214B002561
:104410000AEA04000BEA0501121A63EB0103C6E97C
:1044200002230137328800230F2FE6E80223DBD175
:1044300044A9DDE92223D1E9006725484FF0FF3187
:1044400036184FEA124047EB010740EA03411814BF
:1044500000910190DDE9000104400D40361B67EB3F
:1044600005074FF6FF70002102400B40310CCDE9EB
:10447000222341EA0742029202F001023B1426A8DD
:1044800006A9C2F10102CDE924670393FFF764FF97
:10449000B9F101099CD124A9F1E90223160A46EADF
:1044A000036708F8092008EB0900049709F10209DD
:1044B0001C129DF810600594B9F1200F4670EBD1E5
:1044C00047B0BDE8F08F00BF1300FFFF0100FFFF02
:1044D0000180FFFF2DE9F0414FF0000C8846A0F16C
:1044E000080108EB0C0618F80C4076783202A41884
:1044F0004FF000054FF000030CF1020C45EB0305F3
:10450000BCF1200FE1E90245EBD1D0E91E2347F6CB
:10451000FF74002522402B40C0E91E23BDE8F08136
:10452000F0B50023CD18D418D5E90067D4E90045CB
:1045300000EB030CA41903F1080345EB0705802BDE
:10454000CCE90045EED1F0BDF0B50023CC18D6186B
:10455000D4E90045D6E9006700EB030C0833A41B3F
:1045600065EB0705802BCCE90045EFD1F0BD2DE9C7
:10457000F04FBFB08046ADF108030DF1F00C002400
:104580000025E3E902456345F9D14FF0000E01EB48
:104590000E0300A8D3E9004570440023D718D0E9E2
:1045A00000AB7F68D65804FB07F906FB0599A6FB0C
:1045B000046716EB0A064F4403F1080347EB0B07A9
:1045C000802BE0E80267E9D10EF1080EBEF1800F02
:1045D000DDD11EAC54E91E01083422686568262628
:1045E000A2FB0623121806FB053343EB01036445C7
:1045F00044E92023EED100213EAB0B4453E93E2396
:1046000008EB010008318029C0E90023F4D14046BD
:10461000FFF74AFE40463FB0BDE8F04FFFF744BE0B
:104620000A46FFF7A4BFF0B50023A1B006460F4627
:10463000F91800AAD1E900451A440833802BC2E9D1
:104640000045F5D1FD2468466946FFF7E9FF022CD5
:1046500006D0042C04D0684669463A46FFF787FF27
:1046600014F1FF34EFD2002100AB0B44D3E9002357
:10467000701808318029C0E90023F5D121B0F0BDC0
:104680002DE9F04F0646B5B00F46924698460025F4
:1046900008EB0500FFF7FDFD14AC05EB850304EB0B
:1046A0000509E0500AEB0500FFF7F3FDC9F8040027
:1046B0007819FFF7EEFDC9F818000AF11000284438
:1046C000FFF7E7FD0435102DC9F82C00E0D10023D9
:1046D00024A8E2581A500433402BF9D114250022A3
:1046E0004FEA820909EB0201002303EB010C0CF0F5
:1046F0000F0C0DF1D00A0AEB8C0C5CF880CC4DF855
:1047000003C00433102BF0D1DDF800C0DDF80CA09D
:1047100001990AEB0C0381EA7361029B019101EBA1
:104720000C0B83EAFB5319448AEAF14102930B44D0
:104730008CEAB33303910093002101EB020C0CF0DF
:10474000030C34ABCC4403EB8C0C5DF821304CF8FB
:10475000C03C01310429F0D10132042AC0D1002229
:1047600004ABD358A3500432402AF9D1013DB6D14D
:104770003E9B002B3BD0635942591344635104358F
:10478000402DF8D1002505EB850908EB0500FFF762
:1047900080FD54F80930181A44F8090004EB0509A3
:1047A0007819FFF776FDD9F818300435181A102D4E
:1047B000C9F81800E7D1002303EB83029819A15828
:1047C000002281540132042A4FEA1121F9D1E21862
:1047D00006F1100091691844002281540132042A24
:1047E0004FEA1121F9D10433102BE5D10EE03E9BA5
:1047F000E258C158F51811440022A9540132042A84
:104800004FEA1121F9D10433402BF1D135B0BDE885
:10481000F08FFFFF2DE9F0430023ADF2A45D804649
:10482000C85C0DF8030001331F2BF9D1CB7F03F0D7
:104830003F0343F040038DF81F309DF800301146D0
:1048400023F00703C8A88DF80030FFF743FE0021CE
:10485000C8AB0B44D3E9002328A80844C0E90023CF
:1048600048A8084400220023C0E9002308A80844FF
:10487000C0E9002368A8441808318029C4E900234E
:10488000E6D101220023C0E90023CDE90823FE245C
:104890000025E60846EA457600AB334408A893F8BD
:1048A000009004F0070349FA03F909F0010928A967
:1048B0004A46FFF751FD48A868A94A46FFF74CFD54
:1048C00088A808A948AAFFF72BFE08A8014648AA0D
:1048D000FFF73AFE48A828A968AAFFF721FE28A8F2
:1048E00068AA0146FFF730FE68A888A9FFF798FE7E
:1048F000A8A808A9FFF794FE08A8024648A9FFF750
:1049000036FE48A828A988AAFFF731FE88A808A97A
:1049100048AAFFF705FE08A8014648AAFFF714FEBB
:1049200028A808A9FFF77CFE48A868A9A8AAFFF74D
:104930000BFE08A848A9344AFFF719FE08A801464B
:1049400068AAFFF7EDFD48A8014608AAFFF70FFE89
:1049500008A868A9A8AAFFF70AFEC8AA68A828A9F3
:10496000FFF705FE28A888A9FFF75AFE08A828A97E
:104970004A46FFF7F1FC48A868A94A46FFF7ECFC55
:1049800014F1FF3445F1FF35B5F1FF3F08BFB4F135
:10499000FF3F7FF47EAFC8A8002108AB0B44D3E9EA
:1049A0000023C0E9202348AB0B44D3E9002300F5E2
:1049B0008074C4E9002328AB0B44D3E9002300F53D
:1049C000C074C4E9002368AB0B44D3E90023083169
:1049D00000F500748029C4E9002300F10800DCD14F
:1049E0000DF584600146FFF71EFEE8A801460DF5AF
:1049F0008462FFF7BCFD4046E8A9FFF7CFFC00202A
:104A00000DF2A45DBDE8F08398AC0200014AFFF707
:104A100001BF00BF68AD020038B505460C46084628
:104A20002021F3F73FFB28462146BDE83840FFF739
:104A3000EDBFFFFF10B50B468AB00446114602A831
:104A40001A46FFF7E7FE0123009320460349044B73
:104A500002AAFFF715FE00200AB010BD68BCFF1FB8
:104A600018AD02002DE9F04FF5B0CDE90A232391EE
:104A700022900021229E00200E44002200231D02CD
:104A800045EA12651402325C01300023082842EA2C
:104A9000040243EA0503F2D174A8084440E9302334
:104AA00024A8084408314029C0E90023E2D1DDE907
:104AB0000A01CDE90001DDE90001002908BF8028D5
:104AC000C0F0888100210A9A239C009B1444E41AB8
:104AD0000C440020002200231D0245EA1266170242
:104AE00003960297DDE90289225C01300023082841
:104AF00042EA080243EA0903EED174A808440831E7
:104B0000802940E92023DED1B1480D900027002301
:104B100074A9194434AA51E930011A440833402BCE
:104B2000C2E90001F4D14CA9D1E90023910C41EA7A
:104B300083310E91990C41EA82310F91910B41EA38
:104B400083411091990B41EA82411191D10541EACB
:104B500053211291D90541EA5221DDE91089DDE99D
:104B60000E451391DDE912AB84EA080485EA0905D4
:104B700050A84EA9D0E9008984EA0A0485EA0B0509
:104B8000D1E900AB28EA02080AEA020052AA0BEABD
:104B90000301D2E900AB29EA030980EA08002418DE
:104BA00081EA090145EB010507F00F061AEB040A3B
:104BB00074AC04EBC60353E920234BEB050B0D9DAE
:104BC0001AEB020A4BEB030BF5E9022344A81AEB9C
:104BD000020A46AC0D9548ADD5E900894BEB030BB5
:104BE000D0E90023D4E9000189EA01051D4001EA6A
:104BF00009014D40910741EA93011491990741EA57
:104C000092011591110F41EA03111691190F88EACB
:104C1000000441EA021100EA0800144017914FEA2B
:104C2000426CDDE9168944404CEAD31CDDE91401ED
:104C30005B0643EAD2131993CDF860C080EA0800FE
:104C400081EA0901DDE9188980EA0800001981EA92
:104C5000090141EB050110EB0A0041EB0B0142AAEF
:104C6000C2E90001DDE93A2312EB0A0243EB0B0330
:104C7000CDE93A2332AA0023013374AC03F00701D3
:104C800004EBC101F2E90245082B41E93045F3D1BB
:104C90000F2E05D00137502F7FF439AF00247BE071
:104CA0000DF5A47C002606F1090374AD03F00F0393
:104CB00005EBC303013653E9208906F00F0305EB2A
:104CC000C30353E92001040A44EA01641A940C0A5C
:104CD00044EA00641B94440844EAC1741C944C08E0
:104CE00044EAC07406F10D031D9403F00F03DDE9DF
:104CF0001CAB05EBC303DDE91A4585EA0B054FEA5A
:104D0000D01B84EA0A044BEA416A4FEAD11BCDF872
:104D100010A0CDF814B0DDE904ABFCE9020153E9C1
:104D2000202384EA0A0414EB080485EA0B0545EB0A
:104D30000905241845EB0105D10041EA53711E9184
:104D4000D90041EA52711F91D10C41EA43312091BF
:104D5000D90C41EA42312191DDE92089DDE91E01CA
:104D600081EA09014FEA921949EA836A4FEA931BE3
:104D7000CDF818A0CDF81CB080EA0800DDE906895E
:104D800080EA0800001981EA090141EB0501102EB3
:104D9000CCE9000187D17DE744AE24AD264425440B
:104DA000D5E90001D6E900230834121843EB0103CA
:104DB000402CC6E90023C5E90023EDD1DDE900ABB5
:104DC000BAF1800A4BF1FF3BCDE900AB73E600BFBF
:104DD00080AD0200DDE90A237F201040002424ABCF
:104DE0002344229ED3E9002326440725170A47EAD5
:104DF00003684FEA13297255CDF82080CDF824902E
:104E000015F1FF35DDE90823F0D20834402CE6D156
:104E100075B0BDE8F08F00BF2DE9F0431D46D1B05D
:104E200080468946144600232E4A9A5C0DF80320DA
:104E30000133402BF8D1494622462B466846FFF7FE
:104E400011FE7F222240A14400232B401146C2EBD9
:104E500009094FF0000C0DF1400E00200CF80E0077
:104E60000CF1010CBCF5807FF5D1884205D019F812
:104E700000C00EF800C00130F7E7002B08BF702A11
:104E80000EEB020134BF80224FF4807280200EEBC3
:104E9000020C08706146680F01F8090CA2F1080CB9
:104EA000E90041EA5471E0000023F4440724060AB3
:104EB0000CF8040046EA01660F0A14F1FF3430468C
:104EC0003946F4D268467146FFF7CCFD00231DF841
:104ED000032008F803200133402BF8D1002051B003
:104EE000BDE8F08328AD02002DE9F04116460746E3
:104EF0000C4608464721984605F04EF83578E42DD3
:104F00001DD00ED8142D13D0152D20D120464721A9
:104F100001F098F940B201280CBF00202120BDE823
:104F2000F081F02D0BD0F32D09D0ED2D0FD106E03F
:104F30000020042323706070A070BDE8F081384623
:104F4000314642462346BDE8F04104F0D1B8012085
:104F5000BDE8F081C27BD20701D505F0E1BA8089B6
:104F60000021704738B50C460546FFF7F3FF206077
:104F7000EB7B9B0744BFC0432060002038BD10B5C9
:104F8000C37B5B070C460CD4FFF7E4FF002302460B
:104F90008B4208BF824220600CBF00204FF480602B
:104FA00010BD022010BD10B5C37B5B070C460CD4AE
:104FB000FFF7D0FF002302468B4208BF82422060E9
:104FC0000CBF00204FF4806010BD022010BD10B552
:104FD000C37B5B070C460CD4FFF7BCFF00230246E3
:104FE0008B4208BF824220600CBF00204FF48060DB
:104FF00010BD022010BD704730B58B7BA02B8DB04B
:1050000004460D4601D013209EE0084602A905F093
:10501000CCFA08B1102097E0284601A9FFF7D7FF86
:105020000028F7D10546019B9D4280F088809DF8BD
:105030001630602BE7D1182300930DEB030102A873
:105040006A46002305F012FBB0F1004F01D1152094
:105050007AE00028DED18DF82F0002A805F056FB7B
:105060000028D7D106A8394912F0BBFE034698B9EB
:105070009DF81620402AC6D1009202A804F5A4711A
:105080006A4605F0F3FAB0F1004FE0D0009B84F8D7
:10509000883100284BD0BDE706A82D4912F0A1FEAB
:1050A000034688B99DF81620602AACD141220092AF
:1050B00002A804F289116A4605F0D8FA30F00040DF
:1050C000A8D184F8C90132E006A8224912F089FE6D
:1050D000034698B99DF81620602A94D14022009288
:1050E00002A804F5E5716A4605F0C0FA20F0004018
:1050F00000288FD1002384F8093218E006A8164949
:1051000012F06FFE98B99DF81630602B7FF47BAFDC
:105110008023009302A804F20A216A46002305F0C6
:10512000A5FA30F000407FF475AF84F8890202A838
:1051300005F0ECFA00287FF46DAF013573E72368C2
:1051400043F00403236000200DB030BDDEB0020048
:10515000F9880200E1B00200EDB0020070B58EB037
:1051600010230193837BA02B04460D46164618BFDF
:1051700013242FD1194902AA05F0D8FA08B1102436
:1051800028E02046164906AA05F0D0FA0028F6D1F4
:105190009DF81630602B1CD19DF82640CCB902A892
:1051A0000AA901AA234605F061FA0028E7D10AA856
:1051B0000C498DF8374012F014FE08B9012300E0C5
:1051C0003F232B7006A8314605F02EFA0028D6D1D1
:1051D00000E0142420460EB070BD00BF3A8F0200DC
:1051E000F2B00200F6B0020070B58B7B802B88B065
:1051F00004460D4618BF13234CD1084604A905F0F8
:10520000D4F908B1102345E0284602A9FFF7CBFEE8
:105210000028F7D10646029B9E420FD204A80DF14A
:10522000070103AAFFF79AFF0346002832D104A81A
:1052300005F06CFA0028E5D10136ECE7284604A910
:1052400005F0B3F90028DDD10546029B9D4217D237
:1052500004A80DF1070103AAFFF780FF034640B938
:105260009DF80710039A012903D102F108000128D3
:1052700008D904A805F04AFA0028C3D10135E4E7AB
:10528000262307E0C4F88C22226884F88A1242F0B0
:1052900008022260184608B070BD13B5837B402B0E
:1052A000144618BF13200DD102AA002342F8044D62
:1052B00005F0DCF928B90198A04214BF03200020B2
:1052C00000E0102002B010BD13B5FD2301938B7BCD
:1052D000602B044618BF132012D1084601AA2146AC
:1052E000002305F0C3F9B0F1004F06D038B9019B97
:1052F00084F8FD00C4F8003102E0152000E0102021
:1053000002B010BD30B58B7BA02B89B004460D4692
:1053100001D013205CE0084604A905F046F908B165
:10532000102055E0284601A9FFF751FE0028F7D1CB
:10533000C4F800010546019B9D4241D29DF81E30F4
:10534000602BE6D1082300930DEB030104A86A4605
:10535000002305F08BF9B0F1004F38D00028DFD1E1
:105360008DF80F0004A805F0D1F90028D8D19DF8D8
:105370001E30602BCDD102A8164912F032FD28B99B
:10538000204604A9FFF7A0FF98B121E002A8124926
:1053900012F027FD034660B92022009204A804F50C
:1053A00082716A4605F062F930F00040B8D184F8A5
:1053B000230104A805F0AAF90028B1D10135BAE704
:1053C000D4F80031002B14BF0020142000E0152079
:1053D00009B030BDDEB00200F9880200F0B51F460A
:1053E000837BA02B89B004460D4616465DD104A9E7
:1053F00005F0DBF808B1102058E0204601A9FFF7BE
:10540000E6FD0028F7D104460198844249D29DF870
:105410001E30602B49D1082300930DEB030104A833
:105420006A46002305F022F9B0F1004F3BD0002876
:10543000E1D18DF80F0004A805F068F90028DAD151
:105440009DF81E30F52B30D102A81949022212F026
:10545000DAFC30B9BDF81C30003318BF01232B70C3
:1054600018E002A81349022212F0CDFC30B9BDF8B1
:105470001C30003318BF012333700BE002A80E4923
:10548000022212F0C0FC28B9BDF81C30003318BF4E
:1054900001233B7004A805F039F90028ABD1013491
:1054A000B2E7002002E0152000E0132009B0F0BDB3
:1054B00001B1020004B10200E59702002DE9F043BA
:1054C00000230B70837BA02B89B007460C4618BFC6
:1054D00013236AD1374904AA05F028F9064608B112
:1054E000102362E09DF81E30402B01D014235CE0B5
:1054F00008AD462304F1010845F8203D04A83346D1
:1055000041466A4605F0B2F8009B302B02D1412398
:1055100023701CE0462B1AD0422323704FF4807373
:10552000414600936A463346DFF8989042F21518D8
:1055300004A805F09BF8009B09F8083004A833463E
:105540001D496A4605F092F8009B09F808300646A6
:105550000028C5D13846194904AA05F0E7F8002803
:10556000BED19DF81E30602BC0D10C23009304A83F
:1055700001A96A46334605F079F8B0F1004F02D12F
:105580003F23237001E00028AAD101A80C490B2277
:1055900012F039FC20B9237833B90122227004E0DB
:1055A0003F232370002300E00346184609B0BDE8FE
:1055B000F08300BFDEB00200A5DCFF1F3A8F0200BF
:1055C000F6B0020090BCFF1F10B5837B802B044611
:1055D000E8B018BF13201DD16946FFF7E4FC08B1FD
:1055E000102017E0204601A904F0DFFF0028F7D1C2
:1055F0000446009B9C420CD201A805A9FFF75EFF60
:105600000028EDD101A805F081F80028E8D1013487
:10561000EFE7002068B010BD30B58B7B802B0546CE
:1056200087B00C4618BF13202DD1084602A904F0FC
:10563000BCFF08B1102026E0204601A9FFF7B3FC0B
:105640000028F7D1C5F84C010446019B9C4217D2B3
:10565000142C17D0D5F84C310133C5F84C31D5F89E
:105660006C3140F2891102A801FB0431FFF726FFDB
:1056700048B902A805F04AF80028DBD10134E4E774
:10568000002000E0172007B030BDF0B597B00F46FE
:10569000164600214FF459720AAD044612F03CF947
:1056A00000953846314640F6FF7208AB04F04DFFD6
:1056B00008B11020AEE09DF83630A02B01D01320A9
:1056C000A8E028460EA904F070FF0028F1D1284672
:1056D00004A9FFF77CFC0028EBD10546049B9D4202
:1056E00080F097809DF84630002BE8D10EA803A9E2
:1056F00004F09AFF0028DCD10EA805F007F8002876
:10570000D7D1039B013B032B7BD8DFE803F00210CA
:1057100064709DF84630002BD1D10EA8214604F0CC
:1057200083FF0028C5D1236884F8AD3169E02023C8
:1057300007939DF84630A02BBBD10EA812A904F008
:1057400034FF0028B5D1139F0EA805A9013FFFF72C
:105750003EFC0028ADD10646059B9E422CD29DF80A
:105760005630002BA5D112A806A9FFF7FBFB002895
:105770009FD112A804F0CAFF0346002899D1069AC7
:10578000012A07D0022A0FD112A804F12401FFF741
:1057900095FE07E012A8211D07AA04F067FFB0F1EB
:1057A000004F86D0002884D112A804F0AFFF002853
:1057B0007FF47FAF0136CFE7139EF61BB6F5CD7FA2
:1057C000BFF477AF04F5D7703946324612F089F846
:1057D000C4F8486315E09DF84630002B7FF46FAFA6
:1057E0000EA804F5587104F01FFF50B161E70EA830
:1057F00004F553711022FFF750FD58B9012384F8C6
:105800005C330EA804F082FF00287FF452AF01350C
:1058100064E7002017B0F0BDF0B500230B644B64C3
:10582000837BA02B87B005460C465DD102A904F00E
:10583000BCFE08B1102058E028466946FFF7C7FBB8
:105840000028F7D1054607460646009B9E423FD2F8
:105850009DF81630002B47D102A801A904F0E4FE00
:105860000028E7D102A804F051FF0028E2D1019BF3
:105870000333042B25D8DFE803F01C140A240300AB
:105880009DF8163083BB02A804F1400105E09DF8A5
:1058900016304BBB02A804F1440104F0C5FE80B1F0
:1058A000C8E702A821462022FFF7F7FCE8B9012744
:1058B00007E002A804F120012022FFF7EEFCA0B9C6
:1058C000012502A804F022FF0028B3D10136BCE76D
:1058D00047B13DB1236C2BB1636C002B14BF00208A
:1058E000142002E0142000E0132007B0F0BD70B5D2
:1058F000837BA02B88B004460E4601D013205CE0C9
:1059000004A904F052FE08B1102056E0204601A977
:10591000FFF75DFB0028F7D105460446019B9D4239
:1059200045D29DF81E30002BE8D104A803A9FFF74B
:1059300019FB0028E8D104A804F0E8FE034600287B
:10594000E2D1039A022A0AD0032A1CD0012A27D1C5
:1059500004A806F16401FFF75FFFF8B12DE008AA83
:10596000402142F8181D04A8711C04F07FFE029B20
:10597000202B01D0402B1FD1B0F1004F1CD00028AC
:10598000C2D133700AE008AA202142F8181D04A8E9
:1059900006F1410104F06AFE0028B5D10134E4B2F9
:1059A00004A804F0B3FE0028AED10135B6E7032CFD
:1059B0000CBF0020142000E0032008B070BDFFFFE2
:1059C00030B5837BA02B8BB005460C4665D102A970
:1059D00004F0EBFD08B1102060E0284601A9FFF7B4
:1059E000F6FA0028F7D10546019B9D4253D29DF857
:1059F0001630602B51D11023009302A806A96A46E5
:105A0000002304F033FEB0F1004F0BD102A804F0E4
:105A10007DFE02A804F07AFE0028DCD102A804F082
:105A200075FE31E00028D6D18DF8270002A804F0D9
:105A30006DFE0028CFD106A819490B2212F0E3F918
:105A400090B99DF81630F52B04D1BDF81430DBB1B8
:105A5000012307E0A02B17D102A8211DFFF747FF64
:105A6000E0B9022323700FE006A80E490B2212F0C2
:105A7000CAF948B99DF8163033B902A804F1B40147
:105A8000FFF770FA0028A6D102A804F03FFE002814
:105A9000A1D10135A8E7002000E013200BB030BDF4
:105AA00007B1020013B10200F0B5002191B0044625
:105AB00016464FF45E721F4608AD11F02DFFFF230E
:105AC00084F8A93200953046394640F6FF7206AB9D
:105AD00004F03BFDC8B99DF82E30A02B01D0112059
:105AE000B6E028460CA904F060FD08B11020AFE034
:105AF000284604A9FFF76BFA0028F7D1054617E0FE
:105B000020460CA9FFF778FA60B1C0B2A0E00CA85B
:105B1000211D2022FFF7C1FB0028F6D1236843F0A6
:105B2000010323600CA804F0F1FD0028DED101354B
:105B3000049B9D427BD29DF83E30002BCFD10CA818
:105B400003A904F071FD0028D0D10CA804F0DEFDFB
:105B50000028CBD1039B013B082BE3D801A252F8CC
:105B600023F000BF0F5B0100895B0100015B0100B6
:105B70009F5B0100A95B0100CD5B0100E15B0100BF
:105B8000F95B0100175C010004F124000CA9FFF788
:105B9000B9FB0028B9D1236843F00203C1E72046CE
:105BA0000CA9FFF721FBAFE70CA8FFF70DFD0028BC
:105BB0009CD10CA804F5257104F0F7FC002895D1C0
:105BC0000CA804F52971FFF7EEF92CE09DF83E30A2
:105BD000A02B2ED10CA804F53071FFF7F1FE08E0E0
:105BE0000CA804F5247104F52A7204F2A923FFF726
:105BF000F5FB002896D02BE09DF83E30402B1AD1C3
:105C00000CA805A9FFF7BBF9A8B9059B9BB901230F
:105C100084F8BB3286E79DF83E3053B90CA804F5F2
:105C20002F7104F001FD00283FF47CAF5EE70020F7
:105C30000EE013200CE00CA804F2AA211022FFF7BA
:105C40002CFB032800D018B9012384F8BA3269E785
:105C500011B0F0BDF0B5044691B00F4616460021D4
:105C60004FF40B7211F058FE4F4BC4F86C3108AD75
:105C7000FF2384F8523100953846314640F6FF72D2
:105C800006AB04F062FC08B110208AE09DF82E30CB
:105C9000A02B01D0132084E028460CA904F085FC39
:105CA0000028F1D1284604A9FFF791F90028EBD18B
:105CB0000546049B9D4265D29DF83E30002BE9D1FC
:105CC0000CA803A904F0B0FC0028DDD10CA804F056
:105CD0001DFD0028D8D1039B013B062B4BD8DFE8E4
:105CE00003F00F04151F25303F000CA8211D2022B2
:105CF000FFF7D3FA002854D1012384F824303AE086
:105D000004F128000CA9FFF7DFFA18E020460CA9DF
:105D1000FFF782FC0028B7D1012384F870312AE014
:105D20000CA804F5BA71FFF74BFE08E00CA804F5C7
:105D3000A87104F2511204F5A973FFF74FFBD0B11B
:105D40002FE09DF83E30402B1ED10CA805A9FFF78F
:105D500016F9C8B9059BBBB9012384F864310AE080
:105D60009DF83E30002B95D10CA804F5B47104F0D9
:105D70005BFC002888D10CA804F0C8FC002883D163
:105D8000013596E700200CE00CA804F25311102214
:105D9000FFF783FA032800D018B9012384F8633190
:105DA000E9E711B0F0BD00BFE0BDFF1FF0B591B055
:105DB0000F46164600214FF4BE7208AD044611F09E
:105DC000ABFD00953846314640F6FF7206AB04F055
:105DD000BCFB08B11020A1E09DF82E30A02B01D013
:105DE00013209BE028460CA904F0DFFB0028F1D12A
:105DF000284604A9FFF7EBF80028EBD10546049BE1
:105E00009D4280F088809DF83E30002BE8D10CA8A0
:105E100003A904F009FC0028DCD10CA804F076FCEE
:105E20000028D7D1039B013B072B6CD8DFE803F098
:105E3000040B141F2B48535F9DF83E30002BCFD12D
:105E40000CA8214605E09DF83E30002BC8D10CA8D7
:105E5000211D04F0E9FB56E00CA804F10801FFF74E
:105E6000DBFC00285AD1012384F850304BE00CA809
:105E700004F151011022FFF710FA00284ED101233E
:105E800084F861303FE09DF83E30402BA8D10CA84B
:105E900005A904F043FC034600289BD1059AA2F112
:105EA0004001C02939D8C4F864214FF480720592AA
:105EB0000CA804F1620105AA04F0D8FB18B389E725
:105EC0000CA804F5B4711022FFF7E7F930BB0123E9
:105ED00084F8783117E09DF83E30F52B80D1BDF87D
:105EE0003C30003318BF012384F879310BE09DF872
:105EF0003E30F52B7FF474AFBDF83C30003318BF53
:105F0000012384F87A310CA804F000FC00287FF407
:105F100061AF013573E7002000E0372011B0F0BD1C
:105F200003F0BEBD08B503F041FE03480021402246
:105F3000BDE8084011F0F0BC0CBAFF1F1830EBF7B9
:105F400013BD1830EBF73ABD1830EBF758BDFFFF23
:105F5000F0B5274B91B007AA06460C4603F1200E78
:105F6000174618685968154603C5083373452A460D
:105F7000F7D11B782B701F4B03AA03F1080C964630
:105F800018685968154603C5083363452A46F7D192
:105F9000194A18681B792B712860106851686B4684
:105FA00003C39068186069460C22704611F08AFCA1
:105FB000314605462022384611F084FC95B188B15F
:105FC0002378FF2B10D16378FF2B0DD1A378FF2B03
:105FD0000AD1E378FF2B07D12079B0F1E4035842CE
:105FE000584102E0022000E0002011B0F0BD00BFE7
:105FF0001FB1020040B10200209CFF1FF8B50C4603
:1060000005461746F1F704FAB4F5806F28DA012F38
:10601000144E02D12846214605E0022F07D105F192
:106020002000A4F120010022EFF71CFB0DE0284620
:106030000D4911F0D6FE40B14FF480623068002166
:1060400011F06AFC094B00221A70094B30681C6081
:106050002946224611F045FCBDE8F840F0F796BF0E
:10606000F8BD00BFA88CFF1F4DB1020000BAFF1F92
:10607000A0BAFF1F38B5074B074D1A68074B0446F7
:106080001A6028B12B68834202D040B203F036FD7B
:106090002C6038BDC4E2FF1F84BCFF1F78BCFF1F0B
:1060A00008B503F0F5FCBDE8084002F029BBFFF796
:1060B000F7BFFFFF044B1B78022B4FF0640101D1A7
:1060C0000FF0C4BB0FF08CBB54BAFF1F08B5AB2058
:1060D000F1F704FA4FF4FA70BDE8084005F048BC47
:1060E00030B5B5B0044669460323D0220020F3F74B
:1060F000C3FD69460546D022204604F05FFC2846D1
:1061000035B030BD10B5D024B4B001462246684643
:1061100004F054FC6946224604230020F3F7ACFD4A
:1061200034B010BD10B50446EFF768FB2CB9441C21
:106130002046EFF772FB204610BDB4F5807F8CBF80
:1061400020460019EFF769FB10BDFFFF014B1870E7
:10615000704700BF80BCFF1F00B591B000216846AA
:10616000402211F0D9FB684600210FF005FB08B969
:10617000002009E0684603F019FD9128F8D10120BC
:10618000F1F79EFA4FF0FF3011B05DF804FBFFFF0E
:10619000F8B5294B294E1C783768002C46D140F2BF
:1061A000EE239842074431D9AB20F0F7D5FE33688F
:1061B0009F4204D20120F1F783FA0020F8BDF1F7E5
:1061C00007FE10B11E4B01221A60FFF7C5FF14F045
:1061D000FF03054601D1AB2002E0802B02D1002055
:1061E000F1F77CF925BB164B1B68012B04F1010468
:1061F000DDD111E0AA20F1F771F9F1F7E9FD104BBB
:1062000008B101221A601B68012B05D033689F4238
:10621000F0D20020F1F754FA094E35680024012D20
:10622000204607D1F1F74CFA346001E00220F8BDB6
:106230002846F8BDF8BD00BF80BCFF1FC4E2FF1FA9
:106240007CBCFF1F08B5F1F72DFF012008BD002021
:10625000014602460523F3F70FBD0C20704740F2BC
:10626000B9120223F3F708BD40F2B9120123F3F784
:1062700003BDFFF7F4BF10B5F0B0044640F2B91209
:1062800001A8FF2111F048FB204601A9FFF7E7FF15
:1062900070B010BD044B03F1100253F8041B40F81A
:1062A000041B9342F9D1704753B10200014B188887
:1062B000704700BFEA8CFF1F024B03491A8811F098
:1062C00010BB00BFEA8CFF1FCFB10200704770B552
:1062D000064688B000200C46154601466A4603F083
:1062E000EDF806F11000202103F0DAF82046202115
:1062F00003F0D6F800206A46014603F00FF96C4619
:106300002A4604AD234603CBAB42106051601C46C5
:1063100002F10802F6D108B070BDFFFF0D4B70B559
:106320001C6841F202050246635B0E46581804F5EC
:1063300080510988884202DD012011F079FAE018C5
:106340001146324611F0CDFA635B1E4466530020BD
:1063500070BD00BF88BCFF1F014B186802F0C2B9B6
:1063600088BCFF1F70B504460E461030202115462C
:10637000FFF768FF204631462246FFF7A8FF204678
:1063800030212A4605F1200303F08CF9002070BD6E
:1063900030B5462985B0044615460ED11146223047
:1063A000202211F08FFAC0B9284604F11001D4F868
:1063B00042206B4600F080FF05E030290DD11146E8
:1063C0006A46FFF784FF20466946102211F07AFAE8
:1063D000D0F1010038BF002000E0002005B030BD42
:1063E00007B5084B18689A8800909B79ADF804208F
:1063F000684606218DF80630FFF790FF024803B08B
:106400005DF804FB64B102000090FFFF2DE9F04746
:106410000646B8B018461D460C46174602F062F90B
:106420009E4B96F800A01D609846BAF1000F40F010
:106430001E81304621463A4603F080FE85B2B5F50E
:10644000104F00F00D8146F685194D4500F008818A
:106450007378032B00F0FA8004D8012B0AD0022BAA
:106460006AD0F8E0C02B02D0FF2B40F0F4804FF44C
:106470001045F5E0402F40F0F180AA20F0F76CFDC8
:10648000F0F784FD04238DF80530854B8DF804A0CA
:106490001D88B5F5806F02D949F21025D4E040F28D
:1064A000EE20FFF775FE00285AD004F120060AA856
:1064B000314616AAFFF756FF0130EDD002F0D6FFA5
:1064C00001A8012102F0ECFF3046202102F0E8FF94
:1064D0002046202102F0E4FF0AA8302102F0E0FF6C
:1064E0000DF10500012102F0DBFF402116A802F0AA
:1064F000D7FF02A802F0DCFF03F05AF8224602A8F8
:10650000202103F063F80523022101A88DF804304F
:10651000FFF704FF402116A8FFF700FF30260121F6
:1065200001A88DF80460FFF7F9FE31460AA8FFF7CD
:10653000F5FE5C48294673E0AA20F0F70DFDF0F760
:1065400025FDB5780123072D8DF828300BD104F1F6
:10655000410094F8401004F12002FFF719FF30B118
:1065600046F6851570E0032D04D0082D02D04FF4B7
:10657000D54569E004F1410704F12006384694F856
:1065800040103246FFF704FF0028F0D000221346E7
:10659000384694F8401003F073F8082D04BF002328
:1065A0008DF828309DF82830002B46D10020FFF7C9
:1065B000B9FD4FEA106AC0F30749C0F30727C5B217
:1065C0008DF858A08DF859908DF85A708DF85B5061
:1065D00002F04CFF3046202102F062FF0AA80121A0
:1065E00002F05EFF16A8042102F05AFF2021204687
:1065F00002F056FF16A802F05BFF16A820212246E3
:1066000002F0E4FF01210AA8FFF788FE8DF858A0E8
:106610008DF859908DF85A708DF85B5016A80421AA
:10662000FFF77CFE26A9204600F08AFF81B226A84B
:10663000FFF774FE4FF4104506E040F2EE20FFF73E
:10664000A7FD00288CD0B1E7ADB209E037B9FFF75C
:10665000C7FE85B204E04FF4DA4501E04FF4CE45C1
:106660000020FFF707FDB5F5104F06D001E04FF40D
:10667000DC45D8F8000002F035F82B0A26A80121E5
:106680008DF89830FFF74AFE26A801218DF8985022
:10669000FFF744FE38B0BDE8F08700BF88BCFF1F9D
:1066A000EA8CFF1FCFB1020030B5057942792D0485
:1066B00045EA022582790B462A43C11DBDE83040D8
:1066C000FFF7A4BED1F84330D0F84300181A704742
:1066D00010B588B004466A460120002102F0EEFEA3
:1066E00004F110000E2102F0DBFE012000216A46B9
:1066F00002F014FFD4F81E00009B584008B010BDF3
:1067000038B50C461546FFF7E3FF80B2022802D0E9
:10671000032801D005E025B9002C0CBF3020002053
:1067200038BD002038BDFFFF70B588B004460E4666
:1067300015460C486A46102102F0C0FE3046294634
:1067400002F0AEFE6A460748102102F0E7FE20463E
:106750006946102211F0B6F8002814BF332000203B
:1067600008B070BD7CDEFF1FF8B5202205460C4640
:106770002230223111F0A6F8064678B995F88670D5
:1067800005F1460004F146013A4611F09BF838B98C
:1067900094F88600C31B58425841F8BD0020F8BD4C
:1067A0003046F8BD08B50220FFF764FC44F63820F7
:1067B000FFF7EEFC012805DC06D000280CBF3A20CC
:1067C0002D2008BD212008BD002008BD0148202142
:1067D000FFF738BDCDDEFF1FF8B5002407460E4693
:1067E0002546FFF73AFD84420DD220463146FFF799
:1067F0003BFDD6F84230013B033302D8BD4205D001
:1068000001350134EDE74FF0FF30F8BD2046F8BD0B
:10681000F0B5431CF9B0044609D1002009A9FFF7DF
:1068200023FDDDF86630013B03332ED90024FFF74A
:1068300014FD013484422AD2204609A9FFF714FD31
:106840000DF1460301AD0DF166071E461868596843
:106850002A4603C20833BB421546F7D1DDF866303D
:10686000013B0333E3D80025A5420CDA284609A9E9
:10687000FFF7FAFC304601A9202211F023F8002886
:10688000D5D00135F0E7204603E0002001E04FF0CD
:10689000FF3079B0F0BD70B50446F8B071B10B4669
:1068A00001AC01F1200518685968224603C208337B
:1068B000AB421446F7D14FF0FF340FE009A9FFF7C0
:1068C000D3FC01AD0DF146030DF166061868596859
:1068D0002A4603C20833B3421546F7D1FFF7BDFC81
:1068E000013484420DD2204609A9FFF7BDFC0DF109
:1068F000460001A9202210F0E5FF0028EED1204635
:1069000001E04FF0FF3078B070BD10B504460020B4
:10691000FFF708FC034610B9FFF704FC03461A0E04
:1069200084F821201A0C84F822201A0A84F82320E3
:1069300084F82430184610BD38B5124CD022FF21FF
:10694000204610F0E9FF802104F14E00FFF77AFCA9
:10695000A5232370082384F84830012500236370A1
:10696000A4F84A3084F8CE50FFF771FC04F12200FD
:106970002021FFF767FCA84202D0284610F058FFFC
:1069800038BD00BFA8DDFF1F2DE9FF4113F1080F3F
:106990000F46164669460CBF0422052205461C46D2
:1069A00003F0DAFF40F2271180465B4AFEF723FB33
:1069B000B8F1000F01D01020AAE0012268460023A0
:1069C00003F087FF4FF496718046534AFEF713FB9E
:1069D000B8F1000FEFD114F1080F14BF0222012209
:1069E0000023684603F075FF4FF4977180464A4ACA
:1069F000FEF701FBB8F1000FDDD10322684600234A
:106A000003F067FF40F233118046434AFEF7F3FA82
:106A1000B8F1000FCFD122466846E31703F059FFC3
:106A200040F2351180463C4AFEF7E5FAB8F1000F16
:106A3000C1D14FF0FF3268464FF0FF3303F049FFFA
:106A40004FF49D718046344AFEF7D5FAB8F1000F35
:106A5000B1D114F1080F14BF0122062200236846A9
:106A600003F037FF4FF49E7180462B4AFEF7C3FABE
:106A7000B8F1000F9FD16FF0010268464FF0FF336D
:106A800003F027FF4FF4A1718046234AFEF7B3FAC3
:106A9000B8F1000F8FD139462022684603F035FF48
:106AA0004FF4A27107461C4AFEF7A5FA002F82D1C7
:106AB00008340ED16946284603F05EFF4FF4A871F2
:106AC0000446154AFEF797FA002C7FF474AF20466F
:106AD0001EE06FF0020268464FF0FF3303F0F9FE4C
:106AE0004FF4A57104460C4AFEF785FA002C7FF49A
:106AF00062AF31462022684603F007FF4FF4A671CB
:106B00000446054AFEF777FA002C7FF454AFD1E72C
:106B100004B0BDE8F08100BF6BB1020030B5012ABE
:106B2000054691B008461C461FD113F1080F07D047
:106B300007331AD146216A4608AB02F0B3FD03E0E1
:106B400046216A4602F0E0FD2346694608AA284627
:106B5000FFF71AFF4FF4B8710446064AFEF74BFAE6
:106B6000002C0CBF0020102001E04FF0FF3011B0CE
:106B700030BD00BF6BB10200F0B585B00E461446C3
:106B800069460222054603F0E7FE40F21B41074634
:106B9000294AFEF730FA0FB110204BE027490222B4
:106BA000684603F0C4FE40F21F410746224AFEF742
:106BB00022FA002FF0D1412C06D0422C06D142F20D
:106BC00015131F4AD25C02E0302200E04622314613
:106BD000684603F09AFE40F223410446164AFEF747
:106BE0000AFA002CD8D117490422684603F09FFE08
:106BF0004FF485610446104AFEF7FDF9002CCBD115
:106C000011490A22684603F092FE40F22B410446E5
:106C1000094AFEF7F0F9002CBED16946284603F078
:106C2000ABFE4FF486610446034AFEF7E4F9002CFC
:106C3000B2D1204605B0F0BD6BB10200DEB002005B
:106C400090BCFF1F3A8F0200F6B0020038B505462F
:106C500008460C4611F0CFF8214602462846BDE80A
:106C6000384003F064BEFFFF2DE9F0470578022DA0
:106C7000C0B004468846174672D130AB451D00F1BE
:106C8000450E1E46286869681A4603C208357545D0
:106C90001346F7D108AA04F168007A4902F09CFD76
:106CA00002F0E4FB202108A802F0FAFB08A802F099
:106CB000FFFB10AA08A8202102F000FC3046217931
:106CC00002F0EEFB08A8202110AA02F027FC2846BB
:106CD00010A9102210F0F6FD0546002840F0CE80E5
:106CE00018AA0220294602F0E9FBD4F8B000462198
:106CF00002F0D6FB6448012102F0D2FB02202946B3
:106D000018AA02F00BFC304608A92279F4F745FADC
:106D100020AA18A8202102F0D1FB3046202102F041
:106D2000BFFB18A8202120AA02F0F8FB2379402BF2
:106D30000DD128AA18A8202102F0C0FB38A82021D4
:106D400002F0AEFB18A8202128AA02F0E7FB20A839
:106D500008A922790126F4F70FFA0025304604E04D
:106D6000012D18BF002500262846D4F8B430013B79
:106D7000022B05D801305FFA80FA4FF0010905E0D7
:106D8000002879D04FF000094FF0010A68464146CB
:106D90003A68002303F08EFD524604A9684603F0CA
:106DA000DBFD40F225218246384AFEF724F9BAF18C
:106DB000000F5FD11EB9B9F1000F33D019E034498B
:106DC00004A8FFF743FF40F2292106462F4AFEF7A9
:106DD00012F9002E4ED120A9227904A803F095FDC6
:106DE0004FF40B710646294AFEF705F9002E41D1F2
:106DF000E1E7284904A8FFF729FF40F232210646BF
:106E0000224AFEF7F8F8002E34D1D4F8B42004A8B2
:106E1000002303F05EFD40F2352104461B4AFEF7D5
:106E2000EAF83CBBADB11A4904A8FFF70FFF40F2E6
:106E30003B210446154AFEF7DEF8DCB9152104A80B
:106E400003F052FD40F23E210446104AFEF7D3F80B
:106E500084B904A9684603F08FFD40F2422104463C
:106E60000A4AFEF7C8F82CB9009BC8EB03033B6045
:106E7000204604E0102002E0386000E0E02040B04E
:106E8000BDE8F087CDDEFF1FA4DCFF1F6BB1020061
:106E900007B1020013B102002022FFF745BCFFFF3B
:106EA00030B595B0044610A8FFF7F4F904A90822FC
:106EB000204603F051FD8F210546034AFEF79BF85B
:106EC00025B11020F4E100BF6BB10200012204A83B
:106ED000002303F0F6FC93210546B14AFEF78BF838
:106EE000002DEED16946032204A803F032FD96215D
:106EF0000546AB4AFEF77FF8002DE2D1A949684666
:106F0000FFF7A4FE99210546A54AFEF774F8002D67
:106F1000D7D1A5496846FFF799FE9B210546A04AAF
:106F2000FEF769F8002DCCD1A0496846FFF78EFE28
:106F30009D2105469A4AFEF75EF8002DC1D16946AB
:106F400004A803F019FDA0210546954AFEF753F861
:106F5000002DB6D1022204A8002303F0B2FCA42124
:106F600005468F4AFEF747F8002DAAD1694602224E
:106F700004A803F0EEFCA7210546894AFEF73BF87A
:106F8000002D9ED18A496846FFF760FEAA2105467A
:106F9000834AFEF730F8002D93D186496846FFF703
:106FA00055FEAD2105467E4AFEF725F8002D88D115
:106FB000694604A803F0E0FCB0210546784AFEF7D4
:106FC0001AF8002D7FF47DAF032204A8002303F0FC
:106FD00078FCB4210546724AFEF70DF8002D7FF4C7
:106FE00070AF10A9102204A803F08FFCB72105464A
:106FF0006B4AFEF700F8002D7FF463AF042204A86B
:10700000002303F05EFCBB210546654AFDF7F3FF54
:10701000002D7FF456AF08A9052204A803F09CFCBC
:10702000BE2105465E4AFDF7E6FF002D7FF449AF1D
:107030006149022208A803F07AFCC1210546584A9A
:10704000FDF7D9FF002D7FF43CAF152108A803F010
:107050004BFCC4210546524AFDF7CDFF002D7FF4BD
:1070600030AF5649022208A803F061FCC82105464A
:107070004B4AFDF7C0FF002D7FF423AF152108A870
:1070800003F032FCCB210546454AFDF7B4FF002D45
:107090007FF417AF4A49042208A803F048FCD9211D
:1070A00005463F4AFDF7A7FF002D7FF40AAF1421E4
:1070B00008A803F019FCDC210546394AFDF79BFFBF
:1070C000002D7FF4FEAE3F49082208A803F02FFCF4
:1070D000E0210546324AFDF78EFF002D7FF4F1AE28
:1070E000152108A803F000FCE32105462C4AFDF712
:1070F00082FF002D7FF4E5AE3349092208A803F092
:1071000016FCE7210546264AFDF775FF002D7FF4A2
:10711000D8AE2E4B597808A801290CBF152114218F
:1071200003F0E2FBEA2105461D4AFDF764FF002D4E
:107130007FF4C7AE08A904A803F01EFCF22105469F
:10714000174AFDF758FF002D7FF4BBAE052204A8B7
:10715000002303F0B6FBF6210546114AFDF74BFF6D
:10716000002D7FF4AEAE4FF4966204A8002303F026
:10717000B0FBF92105460A4AFDF73DFF002D7FF4DB
:10718000A0AE062204A8002303F09BFBFD210546C8
:10719000034AFDF730FF002D7FF493AE18E000BFE7
:1071A0006BB1020064B1020092B102009BB1020017
:1071B00013B1020007B1020001B10200E59702001D
:1071C000A8B10200ADB10200B6B10200A8DDFF1FF8
:1071D0000CA9012204A803F0BCFB4FF48071054602
:1071E000344AFDF708FF002D7FF46BAE01220CA896
:1071F000002303F06EFB40F2031105462D4AFDF714
:10720000FAFE002D7FF45DAE0CA904A803F0B4FBD8
:107210004FF483710546274AFDF7EDFE002D7FF4FC
:1072200050AE072204A8002303F04BFB40F20B11E1
:107230000546204AFDF7DFFE002D7FF442AE142202
:1072400004A8002303F03DFB4FF487710546194A5B
:10725000FDF7D1FE002D7FF434AE082204A80023F0
:1072600003F02FFB4FF489710546124AFDF7C3FE68
:10727000002D7FF426AE4FF4807204A8002303F0A3
:1072800020FB40F2151105460A4AFDF7B4FE002D19
:107290007FF417AE204604A903F06EFB4FF48D7106
:1072A0000446044AFDF7A7FE002C7FF40AAE2046F0
:1072B00015B030BD6BB1020070B58AB005460C4602
:1072C00001920021202202A81E4610F025FB02AAEE
:1072D0000120002102F0F2F82846202102F0E0F817
:1072E0002046122102F0DCF801A8042102F0D8F8AF
:1072F0000120002102AA02F011F902AC334606ADCA
:10730000224603CAAA4218605960144603F10803D2
:10731000F6D10AB070BDFFFF0148FEF7F3BE00BF13
:10732000A8DDFF1F2DE9F04FADF56F7D914680463A
:1073300040F2B9120C4610A800211D4610F0ECFADC
:107340007FA8002140F2B91210F0E6FAD9F8003017
:10735000242B02D8012010F06BFA02F087F8D8F83D
:107360000011404602F09CF8204602F0A1F82046A9
:10737000FFF7CBFA0290FFF715FA2128064601D154
:10738000002308E04FF425716B4AFDF734FE002E10
:1073900040F0CD800123DFF8A4A184F82030012043
:1073A000FEF768FE9AF801305A1E5342534194F892
:1073B000202042EA83031DB984F820302523B2E05F
:1073C00043F0400384F8203004F17D020192D9F8A3
:1073D0000020019900237D3A04A803F06BFA04F120
:1073E0002500FEF757FF00264FF0460C04F1370743
:1073F00084F836C0624604F1470B84F835603146A4
:107400003846CDF800C010F087FA12215846FEF732
:1074100019FFD5F844210832F89A116814BF0020EA
:10742000012041EA004108AA03910120314602F0FF
:1074300045F858460E2102F033F80120314608AADB
:1074400002F06CF8039B089A5A40C4F85520029A3F
:10745000C4F879202146202204F1590010F041FAA5
:107460003B4620465946029AFFF726FF95F84831D9
:10747000DDF800C0002B4AD06246394610A803F060
:107480009DFA29464FF4A1720DF1860003F096FA99
:10749000D8F800412F2C88BF3024224672A84146DC
:1074A00003F08CFA8DF8F841BAF84A40A64210D29F
:1074B0007FA93046FFF790F97FA9804610A8FFF713
:1074C00053F920B1404610A9FEF7D3FE1FE0013664
:1074D000ECE70024FEF7C1FE844216D220467FA9C5
:1074E000FEF7C2FEDDF83E32013B03330BD9BAF89A
:1074F0004A300133AAF84A30FFF70EFF204610A9A0
:10750000FEF7ADFE03E00134E4E7282010E095F833
:107510004221D5F8443104A83946FFF7FFFA049B0D
:10752000019A9B1A7D33C9F80030002000E03046F4
:107530000DF56F7DBDE8F08F6BB10200A8DDFF1F78
:107540002DE9F74F00230D46C25CDCB20AB10023DF
:107550000AE001330134202BE4B2F5D1F7E701331F
:107560000137202BFFB205D0C218DFB292F82020DD
:10757000002AF4D007F12003065D10F8038000EB29
:10758000030B0021031948222846019310F0C4F987
:107590003022F6092A70C4F1440232444FEAD81866
:1075A000D21B42446A70AA194FF0020A4FF0000938
:1075B00085F802A082F80390019BC4F12002B11863
:1075C000301DE9702844194610F08BF906F12403A8
:1075D0001B1BC4F1260005F803A006F1250303EBED
:1075E0000802121B1B1B05F802903044C7F1200251
:1075F00008EB02014044E9542844594608F1460882
:1076000010F06FF94644301BC01B03B0BDE8F08F8B
:107610002DE9F7431D460C9B0A9C0B9E08338146BF
:107620008846174618D001F021FF4846414601F030
:1076300037FF3846202101F033FF284601F038FF9C
:1076400028462021224601F0C1FF2046314603B0E2
:10765000BDE8F043FFF774BF0096202302F078F8EE
:10766000402003B0BDE8F083F0B5ADF2244D0446F0
:107670000E461546FEF71AFEB0F5806F00F29580B3
:1076800008A8FEF719FE03222046002303F021F983
:1076900040F243310746474AFDF7ADFC0FB11020D9
:1076A00084E069460322204603F056F940F2453152
:1076B0000746404AFDF79FFC002FF0D13E4968463F
:1076C000FFF7C4FA4FF4527107463A4AFDF793FCAC
:1076D000002FE4D16FF0060268464FF0FF3303F04D
:1076E000F8F840F24A310746324AFDF784FC002F91
:1076F000D5D132496846FFF7A9FA40F24E31074624
:107700002C4AFDF778FC002FC9D12A46314668463D
:1077100003F0FBF84FF454710546264AFDF76BFC65
:10772000002DBCD126496846FFF790FA4FF45571F9
:107730000546204AFDF75FFC002DB0D104A90122C7
:10774000684603F006F940F256310546194AFDF73E
:1077500052FC002DA3D1FEF7A9FD08A9024604A8FA
:1077600003F0D3F840F259310546124AFDF743FCC5
:10777000002D94D104A9684603F0FEF840F25B3175
:1077800005460C4AFDF737FC002D88D12046694696
:1077900003F0F2F84FF458710446064AFDF72BFC4B
:1077A000002C7FF47CAF204600E021200DF2244D18
:1077B000F0BD00BF6BB10200F2B00200C0B1020028
:1077C000C4B1020030B50B78412B8DB005460C4694
:1077D00026D0422B34D0012B3AD101F047FED5F808
:1077E0000011284601F05CFE04A801F061FE04F1DE
:1077F000230004A9202210F065F848BB04A804F176
:107800001101D4F843206B46FFF756FD601C694612
:10781000102210F057F8D0F1010038BF002018E016
:1078200001F024FED5F80011284601F039FE04A825
:1078300001F03EFE601C302104AAFEF7A9FD08E01D
:1078400042F21513044A0548D15C02F093FB00E0B4
:1078500000200DB030BD00BF90BCFF1FA5DCFF1F96
:10786000F0B50C46ADF2D44D0546134656A8224657
:107870002946FEF719F90446002840F024819DF8B6
:1078800013447CB1FEF78EFF4FF468710446904AB2
:10789000FDF7B1FB0CBB8F4B5B78012B14BF35247C
:1078A000332410E1569B03F00F030F2B40F0F680BA
:1078B000884B5B78012B9DF8123404D1002B40F0EB
:1078C000F3803624FFE0002B40F0EE809DF8013479
:1078D000012B40F2E580002609E0E4B2F3E0FBA8CA
:1078E00008A9FDF7EBFD1128074604D10136FF9BDF
:1078F0009E42F4D32DE04FF47171754AFDF77BFB86
:10790000002F40F0CF805FA808A9FFF75BFF98B178
:107910000DF121009DF812140122FEF7F1FE58B975
:10792000FEF740FF40F2CD310446694AFDF763FBA4
:10793000002CD2D11924C6E0FBA802F0E7FE4FF4D8
:1079400075710746624AFDF756FB002FCED0102412
:10795000B9E004A90322284602F0FEFF40F2DA3122
:1079600006465B4AFDF747FB002EF0D1012204A832
:10797000002302F0AEFF40F2DE310646544AFDF726
:107980003AFB002EE3D1544904A8FFF75FF94FF406
:10799000787106464E4AFDF72EFB002ED7D14FF4E4
:1079A0009B7302930DF2CC43009308A902AA5FA82F
:1079B000A8ABFFF7B7FC40F2E7310646444AFDF7B3
:1079C0001AFB8EB90299C1F59B73039308AB194456
:1079D00003AA0DF58360FFF747F940F2EE31064642
:1079E0003B4AFDF708FB0EB1F4B26CE0039B43B1D8
:1079F0009DF8402062F07F028DF84020029A1344E7
:107A00000293022204A8002302F063FF4FF47E7168
:107A100006462F4AFDF7EFFA002E98D108A9029AE0
:107A200004A802F072FF40F2FA310646284AFDF738
:107A3000E2FA002E8BD101F0BBFD029E01F016FD93
:107A4000314608A801F02CFD202157A801F028FD9F
:107A500008A801F02DFD10AA08A8202101F0B6FD0C
:107A600020A910A8FFF76CFD20A9024604A8FFF783
:107A7000FBFD40F202410646154AFDF7BCFA0EBB7B
:107A8000284604A902F078FF40F205410546104A55
:107A9000FDF7B1FA002D7FF45AAF14E0142412E080
:107AA0002C2410E03C460EE057A90DF20240FFF7EF
:107AB000F3F940F2B3310646054AFDF79CFA002E71
:107AC0003FF404AF344620460DF2D44DF0BD00BF64
:107AD0006BB10200A8DDFF1FC8B10200F0B591F83C
:107AE000415085B006460C4655B1151C18BF0125FE
:107AF00035B191F8C230002B0CBF0322042200E004
:107B000001226946304602F027FF40F24141074614
:107B1000424AFDF770FA0FB110207DE04049022281
:107B2000684602F004FF40F2444107463B4AFDF735
:107B300062FA002FF0D1214694F84020684602F006
:107B4000E4FE40F247410746344AFDF754FA002F5D
:107B5000E2D16DB96946304602F00EFF40F2624153
:107B600004462E4AFDF747FA002CD5D1204653E0B3
:107B700094F8C2306BB92B490422684602F0D7FE54
:107B800040F254410546254AFDF735FA002DC3D190
:107B90001AE025490422684602F0C9FE40F24E412F
:107BA00005461E4AFDF727FA002DB5D104F1C201A2
:107BB0006846FFF74BF84FF48A610546174AFDF710
:107BC0001AFA002DA8D1D6E704F141016846FFF763
:107BD0003DF840F257410546104AFDF70CFA002DDA
:107BE0009AD112490B22684602F0A1FE40F25A4196
:107BF00005460A4AFDF7FFF9002D8DD104F18201F7
:107C00006846FFF723F840F25D410446034AFDF75A
:107C1000F2F9002C80D19DE705B0F0BD6BB10200F8
:107C2000DEB00200F9880200EDB00200E1B002000F
:107C30002DE9F0479146ADF5167D022298460023C6
:107C40000D46064602F045FE40F2215104464D4ADB
:107C5000FDF7D1F90CB110248FE049464246304679
:107C600002F053FE40F223510446464AFDF7C3F9A1
:107C7000002CF0D12B78412B06D0422B06D142F2BA
:107C80001513414AD75C02E0302700E046276C1C00
:107C90002046FEF71DFDC0F3074001283946204667
:107CA00004D101F041FD6FF0070A05E00022134600
:107CB00001F0E6FC6FF0060A15AF204629463A4669
:107CC00002F014FA70B1314B1B780A33DBB2012B8E
:107CD00013D82F4B1C6840F2012301349C4288BF0B
:107CE00048240BE005AB8DE88804484641469E9A3F
:107CF0004B46FFF78DFC044600E048240322304643
:107D0000002302F0E6FD40F2475180461D4AFDF790
:107D100072F9B8F1000F9ED122463946304602F082
:107D2000F4FD40F249510446164AFDF764F9002C6F
:107D300091D195F887300BB900241EE0042230461B
:107D4000002302F0C6FD40F2515104460D4AFDF7F2
:107D500052F9002C7FF47FAF42F214030A4A05F176
:107D60004701D25C3046FFF7B9FE40F25451044659
:107D7000044AFDF740F9002CDED020460DF5167DB3
:107D8000BDE8F0876BB1020090BCFF1FD5B9FF1FA3
:107D9000A0BAFF1F2DE9F0470025F8B004462F4692
:107DA000D4F84C319F425BD2D4F86C1140F2891662
:107DB0007E4304F128003144FFF704FDD4F86C3110
:107DC00098B998190130462102F0D4F808B101356C
:107DD00044E0D4F86C311E4486F8430086F8440031
:107DE00086F8450086F8460038E09819444B013083
:107DF00019780122FEF784FCD4F86C91014650B149
:107E00004E44002386F8433086F8443086F84530E7
:107E100086F8463022E03B4B0135B3F84AA0FEF726
:107E200097F8D8B94E448046D04517DA09A940469C
:107E3000FEF7D2FC09A8711CFEF796FC58B106F1BA
:107E400047000DF16A014FF4A17201370FF049FDAF
:107E5000C4F84C7104E008F10108E5E701379FE739
:107E6000D4F84C61002E3DD101F000FB04F1280054
:107E7000D4F8281101F014FB01A801F019FBFEF75A
:107E8000ECF9864218D2304609A9FEF7EDF9DDF883
:107E90006630013B033323D8194B09A81978002217
:107EA000FEF72EFCE0B90DF1460001A920220FF0EB
:107EB00009FDA8B9132D02DDC4F84C5112E040F2BF
:107EC00089136B43D4F86C210121D154D4F86C018F
:107ED000184408444FF4C47209A90FF002FD01359B
:107EE0000136CCE7D4F86C01D4F84C11064B40F2C3
:107EF00089120FF0F9FD284678B0BDE8F08700BF81
:107F0000A4DCFF1FA8DDFF1FC56601002DE9F047B7
:107F100090461F46012200230C460646DDF82090BD
:107F200002F0D7FC40F21A5105460F4AFDF763F8FC
:107F3000ADB9611C22783046FEF71EFE40F21D519D
:107F40000546094AFDF757F855B9CDF82090304657
:107F5000214642463B46BDE8F047FFF769BE102583
:107F60002846BDE8F08700BF6BB10200F0B542F2D1
:107F70000803384CE15889B00746002966D042F220
:107F80000C02A3588B4261D240F2891505FB0345D0
:107F9000591C05F5A8752046A150FEF7B6FC05F161
:107FA0002301204620220FF09CFC95F887303846AC
:107FB00004A90BB1042200E0032202F0CDFC40F240
:107FC00075510646244AFDF716F80EB110243EE01E
:107FD00042F21403E35C2BB905F1880031464122DB
:107FE0000FF09AFC08AA1B4C502342F8143D04F1F0
:107FF000780004F12501FEF737FE039B48B994F899
:10800000202013B162F07F0201E002F07F0284F8C9
:108010002020124A00922946A2F5987204A825331E
:10802000FFF774FF4FF4B26104460B4AFCF7E3FF1D
:108030006CB904A9384602F09FFC40F29351054602
:10804000054AFCF7D8FF002DC0D100E030242046BF
:1080500009B0F0BD90BCFF1F6BB10200C0BDFF1F97
:108060007FB502226946054602F076FC40F29C513B
:108070000446274AFCF7BFFF0CB1102046E001225E
:108080006846002302F025FC40F29E510446204A37
:10809000FCF7B1FF002CF0D11E4C6846B4F84A2022
:1080A000002302F016FC4FF4B4610646184AFCF7B0
:1080B000A2FF002EE1D102226846002302F009FC53
:1080C00040F2A2510646124AFCF795FF002ED4D189
:1080D000FEF7C3F8B4F84A20821AD317684602F0B4
:1080E000F8FB40F2A5510446094AFCF784FF002C36
:1080F000C3D16946284602F03FFC40F2A75104462E
:10810000034AFCF778FF002CB7D1204604B070BDBD
:108110006BB10200A8DDFF1FF0B5F9B015460646A9
:10812000084609A9FEF7A0F8002DD4BF02220322B9
:1081300001A9304602F010FC40F2B3510446524A05
:10814000FCF759FF002C40F08180032201A8002396
:1081500002F0BFFB40F2B55104464B4AFCF74BFF1F
:10816000002C73D105A9022201A802F0F5FB40F210
:10817000B9510446444AFCF73EFF002C66D14349FE
:1081800005A8FEF763FD40F2BB5104463E4AFCF7EA
:1081900032FF002C5AD19DF8DC21302A8ABF2246BA
:1081A0006BA93B4905A802F0C2FB40F2C45104464A
:1081B000354AFCF720FF002C48D1364905A8FEF7C8
:1081C00045FD40F2C65107462F4AFCF714FF002F29
:1081D0003CD10DF1AB0105A8FEF738FD4FF4B961B4
:1081E0000746294AFCF707FF87BB05A901A802F04B
:1081F000C3FB40F2CA510746234AFCF7FCFE2FBBE3
:10820000042201A8002302F064FB40F2CD5107468E
:108210001D4AFCF7F0FECFB90DF14601202201A85E
:1082200002F073FB204640F2CF51174AFCF7E3FE01
:10823000002D1ADD052201A8002302F04AFB40F2BE
:10824000D3510446104AFCF7D6FE0CB1102019E0B9
:108250002A4601A8EB1702F03CFB40F2D551044638
:10826000094AFCF7C8FE002CF0D101A9304602F003
:1082700083FB4FF4BB610446034AFCF7BCFE002CB1
:10828000E4D1204679B0F0BD6BB10200DEB002004F
:10829000FBAA0200F98802002DE9F041F4B006467D
:1082A000084605A91546FDF7DFFF05A8FEF710FAF9
:1082B000431E032B044605A828BF0124FEF708FA35
:1082C000C0F3074001280CBF6FF007076FF00607E7
:1082D000002DD4BF0422052201A9304602F03CFB48
:1082E00040F2ED5180464F4AFCF785FEB8F1000F91
:1082F00001D0102093E0062201A8002302F0E9FA41
:108300004FF4BE618046474AFCF775FEB8F1000F96
:10831000EFD10DF15A01012201A8FFF7DFFB40F276
:10832000F35180463F4AFCF766FEB8F1000FE0D1FA
:10833000072201A8002302F0CCFA40F2F751804650
:10834000384AFCF758FEB8F1000FD2D105A9012236
:1083500001A8FEF711FC40F2FA518046314AFCF7C1
:108360004AFEB8F1000FC4D1082201A8002302F090
:10837000B0FA40F2FE5180462A4AFCF73CFEB8F1C2
:10838000000FB6D101A805A901223B46FEF7C6FBA6
:10839000002D0DDC0A2201A8002302F09AFA40F217
:1083A0000C6105461F4AFCF726FE002DA1D11AE0FC
:1083B000092201A8002302F08CFA40F20661074668
:1083C000184AFCF718FE002F93D12A46EB1701A894
:1083D00002F07FFA4FF4C1610546124AFCF70BFE2A
:1083E000002D86D1D6E7224601A8002302F071FABB
:1083F00040F20E6104460B4AFCF7FDFD002C7FF4B1
:1084000078AF01A9304602F0B7FA40F21161044694
:10841000044AFCF7F0FD002C7FF46BAF204674B0EB
:10842000BDE8F0816BB102002DE9F04FADF5157D8F
:10843000824609A8FDF70EFC0446002840F044815E
:108440009DF888418CB1FEF7ADF940F229710446E0
:10845000A04AFCF7D0FD0CB1E4B235E19E4B5B784D
:10846000012B14BF352433242EE19DF887319BB1B5
:108470000AA90DF27710FEF70FFD40F22F710546A5
:10848000944AFCF7B8FD002D40F0178142F2140326
:10849000924A0121D15403E042F214038F4AD4548A
:1084A000539B002B00F00B819DF84830002B00F00F
:1084B000068109A8FFF76EFC0546002800F001813F
:1084C00040F28919649B09FB00F94B446FF4C471B5
:1084D0000B44012893F88730CCBF0422032203B158
:1084E000013205A9504602F037FA4FF4EB61064617
:1084F000784AFCF780FD0EB11024E5E0012D649868
:10850000764E03DD42F21403F35C3BB90378422B51
:1085100004D08830002141220FF0FEF9DDF890B13F
:1085200025230BF1010046219290039301F022FDD7
:10853000074660B100F09AFF13A8539900F0B0FF0E
:10854000664800F0B5FF052386F8203047E09DF827
:108550007601624ED0F1010038BF0020FDF7F6FD34
:1085600093AB314603AA009313A83B46FEF7DAFE0D
:1085700080463846FDF7EAFD404640F28571554A8F
:10858000FCF739FDB8F1000F02D05FFA88F49BE0E8
:1085900042F2140306F12501F25C96F8203023F034
:1085A000040343EA820386F8203004AA502366A815
:1085B0000493FEF759FB40F28E710746454AFCF7DB
:1085C0001AFD0FB1FCB27FE0049B43B196F8202066
:1085D00062F07F0286F82020039A134403930AAEC8
:1085E00059463E4A009605A8039BFFF78FFC40F2D0
:1085F00099710746374AFCF7FEFC002F63D1012D25
:108600000DDC05A9504602F0B7F940F2A471074607
:10861000304AFCF7F0FC002F7FF46EAF1CE005221F
:1086200005A8002302F055F940F29E710746294A39
:10863000FCF7E1FC002F7FF45FAF2A4605A8EB179B
:1086400002F047F94FF4F4610746224AFCF7D3FCE5
:10865000002F7FF451AFD4E7649B6F1E03F2891E95
:1086600017D0132F1ED80FCE1D4D0FC596E80F0043
:1086700085E80F006FF4C473714609EB030205F13E
:1086800010000FF02EF9A5F1C80066A9B82202F07B
:1086900095F9124B42F2080200259F5042F20C025B
:1086A0009D5000E017256EB2304640F2AA71094A8B
:1086B000FCF7A1FC46B1ECB206E02C4604E0142421
:1086C00002E02E2400E03C4620460DF5157DBDE875
:1086D000F08F00BF6BB10200A8DDFF1F90BCFF1F31
:1086E000C0BDFF1F10B50446002141F2040204F58D
:1086F00080540FF011F94FF48053238010BDFFFF19
:1087000010B500F047FF1148FDF7EAFC04460020D1
:10871000FDF7B0FC24B9FEF70FF90C48FDF7F2FCA9
:108720000A4801F0ABF80A4800F0A6FE09481021FB
:10873000FDF788FD012802D001200FF079F8FEF73F
:1087400045F8BDE81040FDF7C1BD00BFA8DDFF1F23
:10875000F6DDFF1F7CDEFF1F30B50B1F3B2B89B002
:1087600005460C4602D901200FF062F800F07EFEAB
:108770002146284600F094FE684600F099FE0D4C14
:1087800000F074FE6846102100F08AFE2022684640
:1087900000210FF0C1F8202104F1220000F080FE3A
:1087A000A01C00F085FE012320466370FDF7AAFCA3
:1087B00009B030BDA8DDFF1F044B082283F8482014
:1087C000034B03221A70FEF7A7BD00BFA8DDFF1FF1
:1087D000C88CFF1F0248002142F218120FF09CB80B
:1087E00090BCFF1F08B5FEF7A7F80A48FDF78AFC02
:1087F00009481021FDF726FD012802D001200FF0C5
:1088000017F8FFF7E7FFFDF7E1FF0448BDE8084070
:1088100000F032BEA8DDFF1F7CDEFF1FF6DDFF1F6C
:1088200010B5084C0848002110220FF075F8A01C64
:10883000002120220FF070F82046BDE81040FDF71F
:1088400061BC00BFA8DDFF1F7CDEFF1F10B50F4B12
:108850000F4C1A7851B20029C4BF02F1FF321A70CE
:1088600094F848305AB2002A0BDD013B84F84830B6
:10887000FEF752FD94F94830002B04DCFFF7D0FFDF
:1088800001E0FF2010BD002010BD00BFC88CFF1FFD
:10889000A8DDFF1F03685A1E012A10B5014603D93F
:1088A00023F00203042B17D1D1F8482301F55370AC
:1088B000013201F2AD11FDF737FF3328044608D12C
:1088C000FFF7C4FF064B93F90030002BD8BF3424C8
:1088D00003E0FFF771FF00E00024204610BD00BF59
:1088E000C88CFF1F2DE9F043ADF2245D07466FA849
:1088F000FCF7CBFE0546002840F0E1806FA8FFF7AB
:10890000C9FF40F2B26104466F4AFCF774FB002CC9
:1089100040F0D0806D4BB3F84A2098461AB96F9B4F
:10892000012B40F0CC806F9B022B1FD1684B4FF086
:10893000FF301860674B01221A70674B00261E70CB
:10894000FDF766FF654B18609946D9F80000634C47
:10895000002804DBFDF75CFF01362060F5E74FF0EF
:10896000FF30FDF755FF206000242FE0042B1CD1C1
:1089700070A90020FDF78FFF554B574A1860012161
:10898000117000249946D9F80000514E002805DBEB
:108990000021FDF780FF01343060F4E7002070A96A
:1089A000FDF779FF3060002610E0052B4FF0000442
:1089B0000BD0032B09D0484B454A1C70454B1C700B
:1089C0004FF0FF331360454A136026466F9B013B0F
:1089D000052B71D8DFE803F00512123030030024B4
:1089E0004EE03846FFF73CFB4FF4DD610446364A63
:1089F000FCF701FB002C62D0102560E0374C2168A9
:108A0000002902DB334B1B782BB9324A0023137049
:108A1000314A137052E032463846FFF77DFB40F290
:108A2000F4610646284AFCF7E6FA002EE4D12068F5
:108A3000FDF7EEFE206042E0254E31680029E4DBC0
:108A4000254B1B78002BE0D022463846FFF724FC4C
:108A500040F2027104461C4AFCF7CDFA002CCBD13F
:108A600030682146FDF717FF306028E02046694650
:108A7000FDF7FAFBDDF84230013B033305D9013441
:108A8000FDF7EBFB8442F1D318E068460DF2E111EB
:108A900046220EF017FF0028F1D1002C0EDB2046F5
:108AA000FDF7E9FBB8F84A30013BA8F84A30FEF779
:108AB00033FC04E0254602E0012500E02E2528468F
:108AC0000DF2245DBDE8F0836BB10200A8DDFF1F4D
:108AD0008CBCFF1FCCDEFF1FEDDEFF1F78DEFF1F0B
:108AE0002DE9F04399B03F2905460C469946209E52
:108AF00040F390804B4F7B78012BB8460AD197F911
:108B00004830002B40F38880474B93F90030002B0E
:108B100040F38480104645496A4600F05DFE00F04F
:108B2000A5FC2021684600F0BBFC684600F0C0FCB4
:108B3000202168460DEB010200F0C0FC28462146CA
:108B400000F0AEFC1EB13046102100F0A9FC20213F
:108B50000DEB0102684600F0E1FC08A8494610222E
:108B60000EF0B0FE002851D1230701D00134FBE7FD
:108B7000284669462246F2F710FB3F23EA5CC3F120
:108B80003F072AB1C7F140073B1F3B2B40D803E00A
:108B9000002BF7D0013BF1E798F80130214C012B75
:108BA0002ED194F94830002B36DDDFF87C8098F91F
:108BB0000030002B32DD102230466946F2F7EDFA24
:108BC00000F054FC3046102100F06AFC202104F132
:108BD000220000F065FC10A800F06AFC10A8A11C9F
:108BE00010220EF06FFE48B1FDF7F0FDFFF72EFEEC
:108BF00098F90030002B11DD312010E0FFF7DCFD8B
:108C000028463946FFF7A8FD002008E0332006E09B
:108C1000372004E07F2002E0322000E0342019B049
:108C2000BDE8F083A8DDFF1FC88CFF1FCDDEFF1F4E
:108C300030B591B0154604466A4608461F4900F013
:108C4000CBFD00F013FC2021684600F029FC6846AB
:108C500000F02EFC102228466946F2F79EFA00F03A
:108C600005FC2846102100F01BFC2021144800F0D0
:108C700017FC08A800F01CFC08A8124910220EF0EE
:108C800021FE054658B1FDF7A1FDFFF7DFFD0E4BB4
:108C900093F90030002BCCBF312034200CE0FFF7DB
:108CA0008BFD0A49102220460EF01BFE2046694625
:108CB0001022F2F761FA284611B030BDCDDEFF1F59
:108CC000CADDFF1FAADDFF1FC88CFF1F7CDEFF1F50
:108CD000F0B5EBB006460BA8FDF768F80C9BDA1E62
:108CE000022A04460BD8954A92F94820002A40F3FC
:108CF0001781934A92F90020002A40F31381002C37
:108D000040F019810B9A012A40F00E81002B00F0EF
:108D10000B81013B9DF8A651042B00F20581DFE891
:108D200003F0031547658B0003A90122304601F0CB
:108D300013FE40F68E010746824AFCF75CF9002FCD
:108D400040F08B8001238DF8A631B7E0013503A9EF
:108D50002A46304601F000FE40F697010746794A60
:108D6000FCF749F9002F78D1012203A8002301F074
:108D7000B0FD40F69A010746724AFCF73CF9002F15
:108D80006BD17148714900F021FD704903A801F1D0
:108D900020026FF01803FDF7F7FD40F6A10107462A
:108DA000684AFCF728F9002F00F08880FCB2C2E086
:108DB000624B5B78012B00F0B980649909B91424E7
:108DC000B9E09DF88D30002BF9D09DF87C30002B58
:108DD000F5D0002300930DF18E000DAA0DF17D0357
:108DE000FFF77EFE40F6B10107461FE0534B5B786C
:108DF000012B40F09D8064990029E0D09DF88D30D2
:108E0000002BDCD09DF87C30002BD8D09DF8A4310D
:108E1000002BD4D065AB00930DF18E000DAA0DF19F
:108E20007D03FFF75DFE40F6C1010746454AFCF7AA
:108E3000E2F8002F42D07DE0404B5B78012B77D1E8
:108E4000013503A92A46304601F086FD40F6CA01E5
:108E500007463C4AFCF7CFF80FB110246BE09DF8B1
:108E60007C30002BABD09DF8A431002BA7D0022280
:108E700003A8002301F02DFD40F6D3010746314A37
:108E8000FCF7B9F8002FE8D10DA965AA07A8FFF7EC
:108E9000CFFE40F6D70107462A4AFCF7ACF8002F70
:108EA00048D107A9102203A801F02FFD40F6DA01EE
:108EB0000746244AFCF79FF8002FCED19DF8A63133
:108EC0000BB9EDB11FE0032203A8002301F001FD5F
:108ED00040F6E80107461B4AFCF78DF8002FBCD18D
:108EE000164B93F9482003A8D31701F0F2FC40F683
:108EF000EA010746134AFCF77EF8002FADD1E0E700
:108F00009DF8A631BBB103A9304601F035FD4FF401
:108F10000F6105460B4AFCF76EF8002D9DD10AE063
:108F2000322408E0342406E07F2404E0302402E008
:108F3000352400E03C4620466BB0F0BDA8DDFF1FA5
:108F4000C88CFF1F6BB10200CDDEFF1F8CDEFF1F40
:108F50002DE9FF4114460546102288466846002147
:108F60000EF0DAFC04F580532E781A883E4F6846DE
:108F70002146002301F09EFC0A2E06D003D8731E62
:108F8000012B0CD801E0412E09D1384B93F9483020
:108F9000002B54DD364B93F90030002B51DD062EAB
:108FA00005F1010108F1FF321FD010D8022E18D0B0
:108FB00005D8012E47D16846FEF752FC38E0032E53
:108FC0000DD0042E3FD16846FDF76AFF30E0082E31
:108FD00016D00ED30A2E28D0412E26D033E00025FD
:108FE00032E06846FFF720FA22E06846FFF770FE9D
:108FF0001EE0FDF7D7FBC5B235BBFFF7F3FB23E05F
:1090000042F20403FB5C022B18BF30251CD16846DA
:10901000FEF7ACFF009B41F202021B1BA352054668
:10902000002814BF082602260EE06846FFF75AFC07
:10903000009B41F202021B1B0546A35204E03225AD
:1090400002E0342500E001250020FDF713F842F28C
:109050000403FE541DB141F202030022E2522846ED
:1090600004B0BDE8F08100BF90BCFF1FA8DDFF1F6A
:10907000C88CFF1F38B5184B1B78022B2BD0174C10
:109080002378242B24D0164D296869B189B200F0C9
:1090900083FF144B2988186800F08CFFEDF776FFEA
:1090A000F7232370002014E00F4B1B7813B90F4BEC
:1090B0001B6843B10B4B002118684FF480620EF01F
:1090C0002BFC232005E00120EEF7FAFA2A2000E02D
:1090D000184600B238BD38BD2CBBFF1FD5B9FF1FE5
:1090E000A0BAFF1FA88CFF1F00BAFF1F50BAFF1FB6
:1090F0002DE9F04FADF5297DA2F10A0591F8008028
:109100004E78CC78019383468B7800930A3128A857
:109110002A4601F053FC584628A9FCF719FF0028FD
:1091200000F09C81BB4B0422B8F1E40F1A60994611
:1091300040F0EA80B84B93F800A0BAF1000F40F07D
:10914000E380B64B28A8C3F800A0F2F75FF84122ED
:109150005146B3480EF0E0FBB249B148FBF75CFC66
:10916000B148F2F72BF8B14B00F1140250F8041B90
:1091700043F8041B9042F9D102781A70A8490123E0
:10918000412268A8C9F8003001F018FCA44A0DF18A
:10919000A9030DF1C90153F8040B42F8040B8B42EB
:1091A000F9D1A34B9E48A3499DF8CA504FF001083E
:1091B00083F80080EAF76CFF8346002840F0A28025
:1091C0000CA8E8F7D1FB20220CA89A49E8F7F6FB97
:1091D0000CA89849E8F713FC974BF6221A709946A9
:1091E000002E00F08880002C4FF0210203A8594681
:1091F00018BF02240EF090FBF31E434598BF8DF874
:109200000C800DF1CB030DF10D020DF1EB0853F8BD
:10921000041B42F8041B4345F9D1009ADFF800B261
:10922000531C5FFA83FA5846002141220EF074FB6A
:10923000BAF1010F02D0BAF1040F06D1042003A93C
:109240008022EBF707FD202714E0BAF1020F02D0CD
:10925000BAF1030F0ED1504603A98022EBF7FAFCB6
:109260000BF10100594640220EF03BFB04238BF822
:10927000003041270DF2D51069493A4601F09EFBB6
:10928000022E01D0042E2CD1572D06D16B4BDA784B
:10929000572A02D10022DA70DAE0042E13D102201C
:1092A000FCF7E8FE44F63820FCF772FF01281EDCCC
:1092B00000281EDB03D189F800003A20D1E0572DA9
:1092C00004BF5E4BDD7068AB07F1350119444046C1
:1092D000EAF7DEFE0346A8B968A807F15501224661
:1092E0000DE068A807F135012246002307E02120A0
:1092F000B7E02D20B5E068A8352122463346EDF7CA
:109300005FFEA5E02720ACE0584628A9FCF720FE28
:10931000012840F39D8028A829460122ECF7A2F9F4
:10932000B8F1F30F3C4B0FD11B780122C9F8002094
:10933000002B40F08D80424B1B68002B40F0888052
:109340004048EEF707F883E01878002840F0808066
:109350003A4AD378934613B9D47028AF3EE09C4282
:10936000FBD87EE03848DFF8E0A0002140220EF074
:10937000D3FA382D35DD3A460AF1070107F13800F6
:1093800052F804EB41F804EB8242F9D112780A70EA
:10939000DFF8B4C004226046FF210EF0BDFA009B46
:1093A0008AF80480FF228AF805608AF8062013B143
:1093B000392DD8BF8571B8F1F00F19D1234B224850
:1093C0008BF8034080221A70144B00221A6001238C
:1093D000C9F80030EBF7B6FE393D3937002DC1DC56
:1093E00036E00AF1070039462A4601F0E7FACFE7EE
:1093F000B8F1ED0FF0D1154B13488BF80340D5228F
:109400001A70064B00221A600123C9F80030EBF7EE
:1094100085FDE1E7D8B9FF1F00BAFF1F4CBAFF1F57
:109420007895FF1FAC92FF1FB08402009895FF1F34
:10943000FC91FF1FEEDEFF1FD5B9FF1F999BFF1F99
:10944000A0BAFF1FC48402000CBAFF1FD6B9FF1FC9
:109450000198FFF70FFE40B280B202E0EDF796FDF3
:10946000182000B20DF5297DBDE8F08F0148E8F71E
:109470007BBA00BFB8DFFF1F10B50446214640226B
:1094800005480EF02EFA04F1400104482022BDE800
:1094900010400EF026BA00BF0EDFFF1F6EDFFF1F69
:1094A00003460A4601481946E8F788BAB8DFFF1FA5
:1094B00001460148E8F7A3BAB8DFFF1F30B591B005
:1094C00004460D466846002140220EF025FA34B1CC
:1094D000012C1DD0402D04D901200EF0A9F90D4C0E
:1094E0002025214668462A4601F068FA00241DF826
:1094F000043083F036030DF804300134402CF6D1EB
:10950000FFF7B4FF68462146FFF7CAFF11B030BD30
:10951000014CE5E70EDFFF1F6EDFFF1F70B504464D
:1095200090B010460E461546FFF7C2FF6846002170
:1095300040220EF0F1F934B1022C24D0402E04D98F
:1095400001200EF075F9114C20262146684632465E
:1095500001F034FA00241DF8043083F05C030DF8A8
:1095600004300134402CF6D1FFF780FF68462146D5
:10957000FFF796FF28462021FFF792FF2846FFF7C6
:1095800097FF10B070BD024CDEE700BF0EDFFF1F7B
:109590006EDFFF1F08B50448F6F706FFF6F70AFF6F
:1095A000024B186008BD00BF45620100B4DFFF1F19
:1095B000034B044A1A60044B20221A60704700BF14
:1095C00028E0FF1FC98CFF1F90DFFF1F70B5C4B0DC
:1095D00006460D4614460021882222A80EF09CF96A
:1095E0000E4B22930E4B23930E4B24934023259333
:1095F0002023269302AB27930B4B00941B68019307
:109600000A4B314618682A4622ABF7F71EF810B904
:1096100001200EF00DF944B070BD00BF3D5F0100A8
:10962000435F0100495F0100B4DFFF1F28E0FF1F17
:109630002DE9F041069C074600200E4615460146DE
:1096400022469846FFF73AFF38463146FFF728FF93
:1096500028460A4D4146FFF723FF28462021FFF701
:109660001FFF002001462246FFF758FF204605F164
:1096700020012022BDE8F041F1F77EBD0EDFFF1F83
:1096800013B5054C0094FFF7D3FF044B1C60044B4B
:1096900020221A6002B010BD4EDFFF1F28E0FF1F1E
:1096A00090DFFF1FF0B59BB0164602AC00221F46AC
:1096B00000941346FFF7BCFF002140220AA80EF0D9
:1096C0002BF9104B20461A680AA9F6F77EFF0AAD5F
:1096D000324612AE2C4603CCB4421060516025468F
:1096E00002F10802F6D134463B461AAD224603CABF
:1096F000AA4218605960144603F10803F6D11BB062
:10970000F0BD00BFB4DFFF1F30B58BB0154602AC13
:10971000002213460094FFF78BFF28462146F5F7F9
:1097200039F80BB030BDFFFF13B50022054C009493
:109730001346FFF77DFF044B1C60044B20221A6088
:1097400002B010BD94DFFF1F28E0FF1F90DFFF1F56
:109750002DE9F04F95B002AFB1F5007F86460C467B
:1097600093461E46D7F87090E84602D8B3F5007FBE
:1097700005D94846002140220EF0CEF81FE001EB4B
:10978000030A0AF1070323F00703ADEB030D02AD53
:1097900071462246284601F011F928190A4C324632
:1097A000594601F00BF9381D2168F4F7F3FFCDF8A5
:1097B00000A0484621683A1D2B46F4F767FF4C3756
:1097C000C546BD46BDE8F08F28E0FF1F014B1A6873
:1097D000F6F7FBBEB4DFFF1F08B5054B1B68F6F7B5
:1097E0002DFE012802D001200EF022F808BD00BF96
:1097F000B4DFFF1F70B591F8CE30FF2B88B005465F
:109800000C4601D0002029E001F12206304620213B
:10981000FCF718FD0128F5D16B78D3B1FFF726FED0
:10982000696CA81CFFF73CFE6846FFF741FEFFF796
:109830001DFE68461021FFF733FE002120226846F6
:109840000EF06AF830462021FFF72AFEA01CFFF731
:109850002FFEFF230120636484F8CE0008B070BDA2
:1098600010B5044621460448D0220EF03AF82046AE
:10987000BDE81040FCF746BCA8DDFF1F10B503781B
:10988000E8B00446DBB134A8FCF72AFC6846FCF7D4
:1098900027FC94F8CE30FF2B07D134A86946FFF798
:1098A000A9FF10B16846FFF7DBFF0021D022684610
:1098B0000EF032F834A80021D0220EF02DF868B056
:1098C00010BDFFFF10B500230A4A182101FB032138
:1098D0000C7C4CB901230B74074B08601A680023F9
:1098E000C1E90223204603E00133092BECD1FF201C
:1098F00040B210BD48E0FF1FC4E2FF1F10B50023B7
:1099000018210A4C59430A59824209D1084B1A6856
:1099100021440023C1E9022301230B74002003E04A
:109920000133092BECD1FF2040B210BD48E0FF1FEE
:10993000C4E2FF1F10B50023182207495A435458A8
:10994000844203D10A440020107403E00133092B40
:10995000F2D1FF2040B210BD48E0FF1F044A0023AF
:109960001380044A1360044A1360044A136070476A
:109970003CE0FF1F38E0FF1F94E1FF1F90E1FF1F55
:10998000044B188828B1044B1B68834214BF012084
:10999000022070473CE0FF1F38E0FF1FF8B5044687
:1099A00017460E4609B1002536E0C3687BB9036946
:1099B0006BB9211D042215300DF093FF2378E26866
:1099C00063762389E376190A0732A176E260E268BA
:1099D000002A3EDDA01815300021C2F140020DF032
:1099E0009BFF04F11500BDE8F840FCF763BBE3689A
:1099F000ABB1E1684B1CE3602144725D4A7522699A
:109A0000402B02F10102226105D104F11500FCF79F
:109A100051FB0023E3600135BD42E8DB19E004227D
:109A200004F11500211D0DF05CFFE3681A1DE260D2
:109A300022693AB9227862762289E276110AA17601
:109A4000073304E0217D61764A1C22750533E3600B
:109A5000CFE7F8BD10B598B004468DF8071002A8FE
:109A6000002158220DF058FFBF23012202A80DF15A
:109A700007018DF80830ADF810200394FFF78EFF32
:109A8000002102A80A46FFF789FF18B010BDFFFFAA
:109A9000024B00221A60FFF761BF00BF98E1FF1F71
:109AA00038B5134C04F1F005237AEBB1114BD4E92E
:109AB00000011A680023121A63EB010340F2ED2043
:109AC0000021994208BF90420ED254F8080C05219B
:109AD000FFF7C0FF084A00232372126854F8083CBD
:109AE000934201D1FFF73AFF1834AC42DCD138BDC4
:109AF00050E0FF1FC4E2FF1F90E1FF1F00B599B0C7
:109B000000218DF80700582202A80DF005FF0B4B2D
:109B10001B6803930122BB2302A80DF107018DF8F6
:109B20000830ADF81020FFF739FF002102A80A46DF
:109B3000FFF734FF19B05DF804FB00BF90E1FF1F91
:109B400038B514460846FEF7CDFD2378E02B0FD03C
:109B5000E12B27D1144904222281002520460A70D6
:109B60004D708D70CD70FFF719FF2046294614E027
:109B70000D4B1B7803B93923238122890A48002120
:109B80000DF0CAFE21890848FCF75CFB2046064917
:109B90002289FFF703FF204600210A46FFF7FEFE59
:109BA000012038BD002038BD1C9CFF1F2DE9F04767
:109BB00002790568ADF5805D862A86B006465FD1DC
:109BC0004279837943EA0223082B03D00326002439
:109BD000374699E0002D7ED0FFF75AFF3468601CAD
:109BE0000ED1A14B1F680137791E033107F1010225
:109BF00001D91746F8E738461F60FFF763FE0FE00C
:109C000000239A4A9A58A24206D01833D82BF8D18A
:109C10002046FFF757FE02E02046FFF76FFE27467B
:109C200001305AD005A8002158220DF075FE4FF0E2
:109C300011088623F11D6846082206948DF8143019
:109C4000ADF81C800DF04DFE022300248DF80C3081
:109C500005A80523694642468DF8103002978DF815
:109C60000D408DF80E408DF80F40FFF797FE05A8C8
:109C700021462246FFF792FE3846FFF75BFE41E0A1
:109C8000691C2CD0002379495858A8420C460AD0A8
:109C90001833D82BF7D1130605D5FFF771FE10B98D
:109CA0002846FFF70FFE37680023E258BA4203D078
:109CB0001833D82BF9D107E0FFF762FE012819D13C
:109CC0006B4B1B689F4210D096F90430002B4FF06D
:109CD000000417DA06E02C4602E0002402E000242B
:109CE0000B2600E0062603270EE096F90430002B31
:109CF000C0F2E88033791A0600F1E780002840F0CE
:109D0000D280044626460427DFF8708100214046B1
:109D100058220DF001FE042FC8F8045088F80060A6
:109D200077D0032F09D12846FFF704FE042E01D176
:109D3000FFF714FE2846314669E0012F06D14D4B4E
:109D40004D491A680023C1E9002362E0A6F18103AE
:109D5000102B7FD8DFE803F00C7E527E7E097E1444
:109D60007E7E7E7E7E7E7E1C840001200DF060FD66
:109D700042484349A8F808402246FFF70FFE01E099
:109D8000FCF7A4F900213D480A46FFF707FE7FE0F3
:109D9000002C34D0DFF8EC9099F80070002F34D10B
:109DA0004FF0010A05A889F800A0FEF79BFC2146A8
:109DB00005AA3348FFF7CCF80DF580521632138808
:109DC00000905344A8F808302C48C8F80450902359
:109DD0006946524688F80030FFF7E0FD0DF58053E4
:109DE000163326481A8805A9FFF7D8FD23483946B7
:109DF0003A46FFF7D3FD89F8007049E014B92846C8
:109E0000032104E01F4F3C782CB128460621FFF7C0
:109E100021FE00209AE0012305A80DF118093B70EE
:109E2000FEF760FC164805A9FCF73EFCB9F8FE2FCA
:109E30001248A8F80820832305A988F80030C8F83C
:109E40000450FFF7ABFD0D4821462246FFF7A6FD63
:109E50003C701DE0204605A9084AFFF771FE98B145
:109E6000084B00221A7013E0EC8CFF1F48E0FF1F24
:109E700090E1FF1FC4E2FF1F30E0FF1F38E1FF1F2A
:109E80001C9CFF1F2CE0FF1F28460121FFF7E2FD6D
:109E90002846FFF74FFDFFF761FD2F4B1B78002B86
:109EA000B7D1304652E02D4A126897423ED12C4A33
:109EB0002C49B2F800800A682B4F01329A423C6864
:109EC0000A6020D0002404260DE77179B27942EAB5
:109ED000012241F6B9518A423FF778AE2049234822
:109EE00092B20A8022490B601C4B382A1F601E4B1D
:109EF00088BF39221A601B4B4FF0FF311960F11DEA
:109F00000DF0EFFC14E0C4EB080218483B2A06F100
:109F10000501204404DC0DF0E4FCC7F8008007E0F4
:109F20003B223B340DF0DDFC3C6001E00024E9E61F
:109F30003068FFF7E3FC00287FF417AF084B1C885C
:109F40000B4B1E78FFF71CFD0746DDE60DF5805D27
:109F500006B0BDE8F08700BF2CE0FF1F90E1FF1FB7
:109F60003CE0FF1F94E1FF1F38E0FF1F1C9CFF1F18
:109F700040E0FF1F172908B509DD06490422043017
:109F80000DF0A0FCD0F1010038BF002008BD00207A
:109F900008BD00BFA3B40200034B1860034B0022AE
:109FA0001A80034B19807047A0E1FF1F9CE1FF1F3F
:109FB0009EE1FF1F38B50A4C238802460D4658180B
:109FC00008490988884209DC07490868114618448D
:109FD0002A460DF086FC23881D44258038BD00BF2D
:109FE0009CE1FF1F9EE1FF1FA0E1FF1F2DE9F0474D
:109FF0001D46ADF5047D01238DF807302B78103B0D
:10A000000024012B0F4616468DF806401BD820462B
:10A01000FCF788F882462046FCF784F88146204603
:10A02000FCF780F880462046FCF77CF84FEA0A6A85
:10A030004AEA106009F47F4940EA092A08F47F08D7
:10A040004AEA182301E04FF0206301210DF10700D7
:10A050000293FCF763F9042102A8FCF75FF90121E0
:10A060000DF10600FCF75AF93346384603A92A4693
:10A07000FAF73AFF1B4B8DF806001C8840F20123CB
:10A08000601C98420CD83E2C06DD03AB184400211E
:10A09000C4F500720DF040FC03A82146FCF73EF920
:10A0A0009DF90630C3B1FCF757F901210DF1070006
:10A0B000FCF734F9042102A8FCF730F9002103A8C9
:10A0C00040F201220DF028FC9DF806308DF80C308E
:10A0D00003A84821FCF722F903480DF5047DBDE8EB
:10A0E000F08700BF9EE1FF1F0090FFFF38B50B789F
:10A0F0000F49422B0546144600F104004FF00402BC
:10A1000009D10DF0DFFB88B942F21513094D0A4A57
:10A11000EB5C611C05E00DF0D5FB38B9611C2A46EB
:10A120004623FAF7E1FE2070012038BD002038BD3B
:10A13000A3B4020090BCFF1FA5DCFF1F70B54378DD
:10A14000022B0D461DD1837891F8406001F1410446
:10A15000072B2046314608D1FFF70CFF002846F6B2
:10A16000851008BF4FF4D54070BDFFF703FF78B1ED
:10A17000284605F1200132462346BDE87040FFF72E
:10A1800035BF032B07D14AB9BDE87040FCF728B9A9
:10A190004FF4D54070BD4FF4DA4070BD4FF4CE405F
:10A1A00070BD00F0DF00402803D0803818BF0120C8
:10A1B0007047002070470120704782B00388ADF8D7
:10A1C0000630BDF8060040BA80B202B0704700F019
:10A1D000F5BBFF230168426870B583730B689A4230
:10A1E000044602D140F2011070BD137803F0E0057F
:10A1F00003F01F0385731B2B4FF00000E073A38156
:10A2000017D91F2B07D040F2051340F20310E02DA1
:10A2100018BF184670BD2846FFF7C3FF10B90423C6
:10A22000E37370BDE02D40F2051008BF4FF481705C
:10A2300070BD172B04D9A3F11800012606FA00F00F
:10A2400009680130891A8842CCD86D09012D04D1E2
:10A250000221E1730021A1731DE0072D1BD1143BE6
:10A26000072B2AD8DFE803F0040B0B0B0E0B0909B0
:10A27000F5230020A373A08170BD0123E37313783D
:10A28000A3731AE05378A3811F2B16D8FF23A3735F
:10A290004FF4837070BD172B0FD9182B02D1537850
:10A2A000A3810AE0192B04D1501CFFF786FFA0817F
:10A2B00003E0E37B43F00103E373002070BD826899
:10A2C000531C07D190E80A0009688B4202D0197824
:10A2D000FF2901D0FFF77DBF013343600023827364
:10A2E00083601846704783685A1C05D0827BC02A59
:10A2F00002D0013B83600BB1FFF7E1BFFF22827305
:10A300001846704708B50DF0DDFAD0F1010038BFEE
:10A31000002008BD2DE9F3411646026813460746A2
:10A3200013F8010B3B6000F01F00172804D8C0B2DF
:10A330000021C6E900012DE01B282DD818384FF068
:10A34000010808FA00F8C91A884528D8B8F1010FA1
:10A3500001D1547811E0B8F1020F07D11846FFF788
:10A360002CFF002180B2C6E9000110E0B8F1040F13
:10A3700005D118680090009C24BA002505E01868F3
:10A3800059686A4603C20CBA05BAC6E900453B687B
:10A3900043443B60002004E040F2051001E040F23D
:10A3A000011002B0BDE8F08113B5036804461968D6
:10A3B00004306A46FFF7AEFFA37B03F0DF03402BB8
:10A3C00004D1DDE9002361680A4462602046FFF79A
:10A3D0008AFF02B010BD2DE9F0439046C27B12F017
:10A3E000020F894685B0034602F0040101D039B955
:10A3F00013E029B1416842F0020201314160C273A9
:10A4000093E8060009688A4202D140F201103EE05A
:10A410001078FF280AD101325A600022C9F80020C2
:10A420001846C8F80020FFF75EFF30E09A7B00F086
:10A43000E000824218BF4FF4827028D1181D02AA92
:10A440000193FFF767FF019B18B10023C8F80030A4
:10A450001DE0DDE9024500272646BD4208BFB442A3
:10A46000C8F8004002D04FF4806010E01C685968C2
:10A470002468D8F80020641AA242C6D8C9F800108F
:10A4800059680A445A60DA7B42F00202DA7305B076
:10A49000BDE8F0832DE9F04786B089460E9DDDF8D2
:10A4A0003C8017461E4605B902AD0FC885E80F006F
:10A4B0000123337000242846694601AAFFF78BFF69
:10A4C00058BB0099B9B1019A14EB020A10D2337843
:10A4D00053B13B68534507D309EB0400C047003034
:10A4E00018BF0120307001E0002333705446E2E7CA
:10A4F0004FF4806011E033786BB13B68A3420AD916
:10A500008DF8041009EB040001A90122C0470030B6
:10A5100018BF012030703C60002006B0BDE8F08715
:10A52000436813F8012BD20782B005D41868009055
:10A530000098002100BA06E0596818686A4603C20C
:10A54000009B08BA19BA02B070472DE9F0410646DF
:10A55000884617461846002108221D46069C0DF025
:10A56000DBF906EB080385E88800012384E8600036
:10A57000A3602046BDE8F041FFF72BBE836800B51D
:10A580001BB15DF804EBFFF70FBF03205DF804FB80
:10A5900010B50446A37BC02B05D12046FFF7EEFF84
:10A5A0000028F7D000E0002010BDF7B507460E46A2
:10A5B0000FC886E80F00FB7B5B0705D54FF0FF3324
:10A5C0000131B360716026E003466A461968301DA8
:10A5D000FFF7A0FEDDE9004500232246AB4208BF9D
:10A5E000A242B46004D1002B08BFB2F1FF3F04D1F6
:10A5F0007B6873604FF4806010E0B17BA02903D1C9
:10A60000002CF5DB6100B16052EA030103D1FF23A6
:10A61000B373002002E03046FFF751FE03B0F0BDF7
:10A620004B684360FFF75FBE70B5C37BDB07044632
:10A630000D4602D5FFF774FF01E080890021E47B1D
:10A6400004F002046FF0004200233CB18B4208BFCB
:10A65000824207D3C0432860002070BD8B4208BFF0
:10A660008242F8D24FF4806070BDFFFF30B50B4CD2
:10A670000B4D85B0002908BF2C468DE818000DF160
:10A680000F03FFF707FF30B99DF80F30002B0CBF09
:10A690004FF00040002005B030BD00BFCFA1010049
:10A6A000B7A101007FB5867B044630460D46FFF713
:10A6B00078FD18B12046FFF777FE25E006F0DF01B0
:10A6C000B1F180035942594151B904AA4FF0FF3307
:10A6D00042F8103D20466A462346FFF7C7FF13E0C5
:10A6E00085B120466946FFF760FF68B9029B23B138
:10A6F0006846691EFFF7D6FFF7E720466946FFF771
:10A700008FFF01E040F2014004B070BD83681BB1CF
:10A710004FF48061FFF7C6BF032070474FF0FF334F
:10A720000B600A4600210B46FFF7A0BFF0B50746B5
:10A7300085B008460D4614460DF05DFB21460646E1
:10A740003846FFF732FF60BBA36833B32046FFF7FC
:10A750001FFF30BBA37B602B13D104AA134B42F81D
:10A76000046D20460193009429460DF10B03FFF779
:10A7700091FEB0B99DF80B303BB12046FFF729FDA3
:10A7800011E02046FFF7C2FF58B92046FFF700FF4F
:10A7900038B92046FFF7BAFFD5E7FF22A273184663
:10A7A00001E0FF23A37305B0F0BD00BF05A30100C6
:10A7B00070B5044609C81E1AB61A002E15460BDAE3
:10A7C00023B1C01A002305446360236023681D443D
:10A7D00025604FF0004070BD00F0F0F823681D4484
:10A7E0002560002070BD7FB5002B08BF182A1CBA59
:10A7F00015BA9DF82060CDE902450DF10F0105D293
:10A800009DF80F301E448DF80F6015E0002B08BF37
:10A81000B2F5807F16D3002B08BFB2F5803F13D36B
:10A82000012B08BF002A2CBF0323022301229A40D8
:10A83000891A183633440B7004AB5A1AFFF7B8FF65
:10A8400004B070BD0023F1E70123EFE710B5816884
:10A850009DF8084009B1013981600294BDE81040BB
:10A86000FFF7C1BF1FB50446084621680160616853
:10A870004160A16809B10139A16003F02001541CB5
:10A88000C9B2B2F1FF3F8460C1600AD141F0040156
:10A89000C16004A91F3301F8013D0122FFF788FFC1
:10A8A00006E009B11444846000930023FFF79BFF86
:10A8B00004B010BD0A444260022201608260C3609D
:10A8C000704707B500210091FFF7C0FF03B05DF8A6
:10A8D00004FB37B5DC1704F02001009162406340AF
:10A8E000FFF7B4FF03B030BDA1F11903062B07B584
:10A8F00006D9E0230093CAB20023FFF7A7FF01E0C7
:10A900004FF4837003B05DF804FB73B54023144625
:10A9100000932246002305460E46FFF797FF284680
:10A920003146224602B0BDE87040FFF741BF73B523
:10A930006023144600932246002305460E46FFF787
:10A9400085FF28463146224602B0BDE87040FFF739
:10A950002FBF8023FFF786BF064B10B502F10044DE
:10A960009C4204D9A023BDE81040FFF77BBF4FF401
:10A97000806010BDFEFFFF7F07B50B680360CA68EB
:10A980004B684360520707D502A9FF2301F8013D38
:10A990000122FFF70DFF0EE08A68012A06D0002A87
:10A9A00040F2013008BF4FF4407004E0002B14BFA8
:10A9B00000204FF0004003B05DF804FB844641EAFC
:10A9C000000313F003036DD1403A41D351F8043B27
:10A9D00040F8043B51F8043B40F8043B51F8043B79
:10A9E00040F8043B51F8043B40F8043B51F8043B69
:10A9F00040F8043B51F8043B40F8043B51F8043B59
:10AA000040F8043B51F8043B40F8043B51F8043B48
:10AA100040F8043B51F8043B40F8043B51F8043B38
:10AA200040F8043B51F8043B40F8043B51F8043B28
:10AA300040F8043B51F8043B40F8043B51F8043B18
:10AA400040F8043B51F8043B40F8043B403ABDD287
:10AA5000303211D351F8043B40F8043B51F8043B29
:10AA600040F8043B51F8043B40F8043B51F8043BE8
:10AA700040F8043B103AEDD20C3205D351F8043BB8
:10AA800040F8043B043AF9D2043208D0D2071CBF84
:10AA900011F8013B00F8013B01D30B8803806046AD
:10AAA000704700BF082A13D38B078DD010F0030323
:10AAB0008AD0C3F10403D21ADB071CBF11F8013B93
:10AAC00000F8013B80D331F8023B20F8023B7BE7E2
:10AAD000043AD9D3013A11F8013B00F8013BF9D20D
:10AAE0000B7803704B7843708B78837060467047A7
:10AAF000F0B50C4B0C4C1A7842F0020504EBC5067D
:10AB000082F00102706009481A700678002E0CBFAE
:10AB10008827C82786F0010647EA0141067044F8F5
:10AB20003510F0BD28E2FF1F0080FF1FC1E2FF1FAC
:10AB30002DE9F0413E4C04F1E0062546236A1B0650
:10AB400003D5606A08380AF073FC0834B442F5D1C2
:10AB500000242646374FE05928B1D0F804800AF087
:10AB600067FC4046F8E73851334B344FE050E0592A
:10AB700028B1D0F804800AF05BFC4046F8E7304B7F
:10AB80003851E0502F4B23F816002F4BF25C023A5D
:10AB9000032A07D8DFE802F002040204002200E0E2
:10ABA00001229A550136072E04F10404D2D1274F11
:10ABB00000233B700124264A264B2244234412F8EA
:10ABC000012C9B0012F0080F1A704FEA840621D066
:10ABD0000AF010FC38B105EB4413083058601E4BE6
:10ABE00045F8363004E03B7845F8360001333B70D9
:10ABF0000AF000FC46F0010338B105EBC30208304F
:10AC00005060164A45F8332004E045F833003B789D
:10AC100001333B7046F00202013446F00306002384
:10AC2000082C45F8323045F83630C4D1BDE8F08103
:10AC30000080FF1F0CE2FF1FA8E1FF1F6CE2FF1F57
:10AC40008CE2FF1FB8E6FF1FC4E1FF1FB7E2FF1F42
:10AC5000A8B4020030C8011088004000C8004000BD
:10AC6000431E062B10B510D872B6094A52F82300BD
:10AC700048B1416842F82310064A018832F813406F
:10AC8000611A22F8131062B610BD002010BD00BF7B
:10AC90000CE2FF1FB8E6FF1F013806280AD872B67B
:10ACA000054B53F82030002013B101305B68FBE7FF
:10ACB00062B67047002070476CE2FF1F10B572B695
:10ACC0000123174A1A4412F8012C12071CD59900C7
:10ACD000144A52F831402CB902EB43130830586043
:10ACE000114B09E041F0010152F8314064B902EB27
:10ACF000C103083058600D4B42F831300C4B1A78C4
:10AD0000013A1A7062B610BD0133082BD9D162B670
:10AD1000074B00221A70BDE810400AF089BB00BF43
:10AD2000A8B402000080FF1F88004000C800400057
:10AD3000B7E2FF1F431E062B30B532D8194A400137
:10AD400040F01000104472B6174CE25C032A09D898
:10AD5000DFE802F0160218050830022213E008307E
:10AD6000042210E01148124A50F8234014B940F868
:10AD7000231002E052F82300416042F823100FE054
:10AD8000032200E00522E25410F0080F01F108034D
:10AD90000A8843600CBF8823C82343EA0243036048
:10ADA00062B630BD0080FF1FC4E1FF1F6CE2FF1FD1
:10ADB0008CE2FF1F2DE9F047AB4E3478E4B214F07B
:10ADC000040F354619D0A94B1B78A3B1A84A1178B6
:10ADD00001F0FF0321B1013BDBB2137003B900BEE8
:10ADE000A44A117801F0FF0329B1013BDBB21370D3
:10ADF0000BB90AF077FA0423337004F0080303F068
:10AE0000FF02002B00F094839B4B9C4C1A78D2B22B
:10AE100015094FEA920740F0108354F8372004EBED
:10AE2000C703C2F38302013A5B680C2A00F2028373
:10AE3000DFE812F058028C02000300030003000355
:10AE400000030003DC020003000300030D001A6886
:10AE50008B4D5B682A6012066B6013D4EB888BB154
:10AE6000884B87F0010707F001071F70864B44F8F5
:10AE7000373087F00107403B44F83730834B0122DD
:10AE80001A7002E0804B44F83730814A814F7C4988
:10AE9000012010702A8840F2816C002362453B60DB
:10AEA0002361A3611ED8B2F5D06F80F03081B2F576
:10AEB000817F00F0098106D8802A00F0C180822AB3
:10AEC00000F0C280DDE140F20230824200F00D81EC
:10AED000B2F5A06F00F0D98140F2A1118A4200F0D2
:10AEE0003A81CEE140F6211C624500F02A810ED85D
:10AEF000B2F5086F00F09E80B2F5106F40F0C1818E
:10AF00005A4B5E4F8A781A7007F1E0080AE040F663
:10AF100021239A4200F0B98140F621339A4200F091
:10AF2000B481AEE13B6A1B0603D5786A08380AF0A3
:10AF30007FFA08374745F5D10027B846DFF88091FA
:10AF400057F8090028B1D0F804A00AF071FA504669
:10AF5000F8E749F80700504BDFF86891F85057F8C8
:10AF6000090028B1D0F804A00AF062FA5046F8E7C8
:10AF70004A4B49F80700F850494B23F81800494B51
:10AF800018F80320023A032A08D8DFE802F0020486
:10AF90000204002200E0012203F8082008F1010861
:10AFA000B8F1070F07F10407C8D13F4B00221A7010
:10AFB000012799463D4A3E4B3A443B4412F8012C46
:10AFC0009B0012F0080F1A704FEA870825D00AF08C
:10AFD00011FA38B104EB471308305860354B44F888
:10AFE000383006E099F8003044F83800013389F829
:10AFF00000300AF0FFF948F0010338B104EBC30256
:10B0000008305060204A44F8332006E044F833000A
:10B0100099F80030013389F8003048F00202013716
:10B0200048F003080023082F44F8323044F8383041
:10B03000C0D12AE10D4B204C1B78237003462AE136
:10B040001D4C2370637023E18A88072A00F219815E
:10B05000194C920023706370184B9B5C9F0740F162
:10B060001781207014E100BF80200740C0E2FF1F5D
:10B0700029E2FF1FD8E4FF1F902007400080FF1F38
:10B08000A8E2FF1FB6E2FF1FC8004000B0E2FF1FAA
:10B09000C1E2FF1F88E2FF1FA8E1FF1F8CE2FF1F34
:10B0A000B8E6FF1FC4E1FF1FB7E2FF1FA8B402000C
:10B0B00030C8011088004000B8E2FF1FC0200740E0
:10B0C0000CE2FF1F6CE2FF1F8A8802F07F02072A52
:10B0D00000F3D7804B88002B40F0D3809100A14A29
:10B0E0000A44117821F002010FE08A8802F07F0201
:10B0F000072A00F3C6804B88002B40F0C2809100E5
:10B10000984A0A44117841F002011170BEE04A8861
:10B11000954B898853F8084CA3F10C00002C00F0E3
:10B12000B08033F80C7C974209D133F80A7C8F4207
:10B1300005D1120A032A0CBF23780389ABE00C3334
:10B14000E8E7CA88002A00F0A080884A3A60884A66
:10B15000082111809AE08549C879A0F18002D4B213
:10B16000092C8E460FD8C2EBC202824C1EF8037027
:10B170001444E7540133072BF7D100F17F03DBB20E
:10B18000072B02D921E08F28F7D17B4B7B4C022281
:10B190005A709A700322DA705A71794A24781278B8
:10B1A0009A718F284FF000021C71DA711A7204D064
:10B1B0000023CB71704C08236DE013466D4A0020CC
:10B1C00098540133502BF9D1F2E74C78674B6A4A17
:10B1D000102C16D19F786B2F13D1DF785B2F10D1F5
:10B1E000BF2191709121D170ED21117145215171D3
:10B1F000C02000215470D9719171D0710823144678
:10B2000049E0D3795C4CA02B30D9237A5948432BA1
:10B2100001D0A92B13D10223537093700323D37051
:10B220005371574B55481B78937100230078D371A5
:10B2300013728F23CB71107108234E4C2BE03BB15E
:10B240000133DBB2237203F00F0300EBC30421E0F0
:10B2500090F84F30C92B01D1A02303E0C37FC32B4B
:10B2600018D1402323720823044614E0892811D101
:10B27000A37903F0FD03052B0CD10123E0710B72C0
:10B2800008E0384B0F221A7029E000231C4602E028
:10B29000022300E00823EF88BB4238BF1F46402F3F
:10B2A00034BF3D46402520462946FFF721FC7F1B41
:10B2B0002C4403D1402D12D13D4603E0402F34BF32
:10B2C0003D46402520462946FFF712FC7F1B2C44B3
:10B2D00001D1402D03D12B4B2B4A1C60178001223A
:10B2E0002A4BA6E02A4D286800287BD0294F3A78BF
:10B2F00004EBC20354F83210D3F80480C1F30741C1
:10B3000000235FFA83FC614505D018F803C000F8FC
:10B3100003C00133F5E7204BDFF88C8093F800C0C1
:10B32000DFF88890BCF1000F08BFC8468CF0010C14
:10B3300083F800C00E4B44F8328082F001023A706C
:10B340001A880844511A2860198073E0134A144877
:10B35000116881422CD15268B2F5803F42D11A78EF
:10B36000104B3AE0C0200740BCB402005DBAFF1F9A
:10B37000B4E2FF1F6DBBFF1FAC8CFF1FB58CFF1F1E
:10B38000B68CFF1FA4E1FF1FB2E2FF1F942007400D
:10B3900088E2FF1FB6E2FF1FB0E2FF1FA8E2FF1F17
:10B3A00021090002C8E4FF1FC800400088004000D7
:10B3B0007B48814216D151687A4A914212D11A785B
:10B3C000A92A0FD15A78452A0CD19A78C22A09D1D4
:10B3D000DB786B2B06D1744B052200201A700146D6
:10B3E000FFF786FB714B44F8373023E0704F3D6820
:10B3F000B5B1DFF80482B8F80090B9F1400F34BF5E
:10B400004C46402428462146FFF772FBC4EB090353
:10B410009BB2A8F800300BB9402C00D12B193B602F
:10B42000644B1A88B2F5A06F04D100225A709A7842
:10B43000614B1A700122614B6DE0B84604EBC707FF
:10B44000013D7B6802F00802A3F10800EDB202F0B2
:10B45000FF01002A36D009F0EBFF5948594B50F84C
:10B460002520EAB1516840F8251002F10801796001
:10B47000595D03290BD8DFE801F002040608032117
:10B4800004E0022102E0052100E00421595517F0F3
:10B49000080F12880CBF8823C82343EA024342E006
:10B4A0005A5D032A07D8DFE802F040400204002278
:10B4B00006E0012204E017F0080F0CBF022203226D
:10B4C0005A5532E054F83820120C23F8082C22B3D5
:10B4D000DFF828E123F8061C43F8041C5EF8253049
:10B4E000394913B94EF8250002E051F8253058606B
:10B4F000364B41F8250033F815100A4423F815207F
:10B5000009F078FF10B10830786006E0304B44F85D
:10B5100038001A7801321A7007E0244B2D4A17F0D0
:10B52000080F08BF134644F838300823337043E44B
:10B53000E0071FD521492748274C02230B70274BD2
:10B540001A70274B186098602648D8601A619A6173
:10B550005C60254B0D2018702448FF2303702B706E
:10B560000274234A1370234B9F221A7001230B701D
:10B57000BDE8F087210604D51B4B0D221A708023ED
:10B580002B70A20705D5194B1A78D2B21A70022374
:10B590002B70E30644BF10232B70BDE8F08700BF7B
:10B5A000210900030300040029E2FF1FC800400036
:10B5B000A4E1FF1FA8E2FF1F982007409420074046
:10B5C0006CE2FF1FC4E1FF1FA8E1FF1FB8E6FF1FE9
:10B5D000B7E2FF1F88004000CCE1FF1F28E2FF1FF9
:10B5E0000080FF1F2CE2FF1FC0200740882007407B
:10B5F0008C20074084200740B2E2FF1F0CE2FF1FAF
:10B6000008B500F03DF800221A4B0021D1509818DF
:10B610000832E82A4160F7D1174A106840F48020C8
:10B62000106002F528326832C3F307201070C3F3AC
:10B6300007401B0E10751376FF2302F81C3C02F81E
:10B64000143C02F88C3C012302F8083C82F8641098
:10B6500002F8183C094B70226FF450711A700B44B9
:10B660004FF400721A6003F1C04303F5C82310229F
:10B670001A7008BD0080FF1F3480044049E400E0D8
:10B680001FB501AC094821460A2209F015FA00232A
:10B69000E15C074A29B102EB430001330A2B4180E8
:10B6A000F6D101335B00137004B010BD00CA9A3BA1
:10B6B000628EFF1F044B054900221A600A60044A8B
:10B6C000106010221A60704714D0034004D0034069
:10B6D00000D00340212810B518D80D4A52F8303058
:10B6E00093F880423CB1012211B183F8802010BD53
:10B6F00083F8002110BD02EBC00043681A6811B145
:10B7000042F0030201E022F002021A6010BD00BF05
:10B710007CB50200212806D8044B53F8303093F84A
:10B720000002C0B270470020704700BF7CB5020025
:10B73000212816D80B4A02EBC00301295B6852F896
:10B74000302004D182F880124FF4A27208E0002069
:10B7500082F8800211B94FF4807201E040F20312C6
:10B760001A6070477CB50200282838B5604A044644
:10B770000B4611D112780B2A04D8C2F10C0201FA3F
:10B7800002F304E00C2A1CBF0C3A41FA02F31846FB
:10B79000BDE8384009F0D6BF11780125002B05FA25
:10B7A00001F2D8BF002102DD934205D32946FFF7FD
:10B7B00091FF2046294697E00338C2B2012A01D8FA
:10B7C0004C4A06E0202C01D0192C01D14A4A00E055
:10B7D0004A4A126802FB0332CA401D287BD8DFE8C0
:10B7E00000F0575F4E337A7A212A7A7A7A7A7A7A17
:10B7F0007A7A7A3C450F187A707A7A7A7A7A7A6706
:10B800003F4B1A6003F5973340F2444203F5FA7355
:10B810005FE03C4B1A6003F5973340F2444203F576
:10B82000F87356E0384B1A6003F5973340F2444200
:10B8300003F5F6734DE0354B1A6003F5973340F28C
:10B84000444203F5F47344E0314B1A6003F59F332F
:10B8500040F2444203F5F0733BE02E4B1A6003F5CF
:10B860009F3340F2444203F5EE7332E02A4B1A60F4
:10B8700003F59F3340F2444203F5EC7329E0274B74
:10B880001A6003F59F3340F2444203F5EA7320E067
:10B89000234B1A6003F580334FF45172203318E0C4
:10B8A000204B1A6003F580334FF451721C3310E0C3
:10B8B0001D4B1A60A3F5DB234FF45172A3F5F96316
:10B8C00007E01A4B1A60A3F5DB234FF45172A3F281
:10B8D000CC731A6038BD7F2B2046D4BF00210121D4
:10B8E000FFF7F8FE20460121BDE83840FFF720BFF2
:10B8F000788EFF1F0890034008800B4008800340AB
:10B9000010800340188003402080034028800340BB
:10B91000308003403880034040800340488003402B
:10B92000109003401890034010800B4018800B408B
:10B9300072B60C4B0C491A680C4B1B68096862B64E
:10B94000490102D5322A88BF0133C2F58C32482121
:10B9500002F23F12B2FBF1F24FF47A7000FB0320C7
:10B96000704700BF18E000E004ED00E0C4E2FF1FF4
:10B9700038B50446FFF7DCFF054624B938BD013C65
:10B980000AD005F57A75FFF7D3FF401BB0F57A7F33
:10B99000F5D209F0C5FFF6E738BDFFFF1F4B4FF4A6
:10B9A000000210B51A604FF080721A604FF00072FA
:10B9B0001A604FF080621A604FF000621A60184BF4
:10B9C000184A194C002048F6FF7118605960282366
:10B9D00013609360136193611362936213639363C3
:10B9E0000922226004F58054043420606160A36061
:10B9F000236144F8042C04F5FE2420600B48016008
:10BA00000B490B608B600B4B1A6009F0A5FDFA2007
:10BA1000FFF7AEFFBDE81040FFF7F2BD08E100E020
:10BA2000048003400C8003400080034008800B40EA
:10BA30000C800B4000800B40764B77487749DFF84D
:10BA4000A4C200222DE9F04F1A80754B754D1A8063
:10BA5000754B2A801A80754B754D1A80754B2A805C
:10BA60001A80754B754D1A80754B2A801A80754B5C
:10BA7000754D1A80754B2A801A80754B754D1A804A
:10BA8000754B764C1A80764BDFF85C821A80754BCA
:10BA9000754F1A80754B764E1A80764BDFF84C92B4
:10BAA0001A80754BDFF848B21A80744BDFF844A255
:10BAB0001A80734B2A8002800A80ACF80020228012
:10BAC000A8F800203A803280A9F80020ABF80020C6
:10BAD000AAF800201A806B4B6B4D1A806B4B2A80A2
:10BAE0001A806B4B1A806B4B1A806B4B1A806B4B16
:10BAF0001A806B4B1A806B4B1A806B4B1A806B4B06
:10BB00001A806B4B1A806B4B1A806B4B1A806B4BF5
:10BB10001A806B4B1A806B4B1A806B4B1A806B4BE5
:10BB20001A806B4B1A806B4B1A806B4B1A806B4BD5
:10BB30001B781C2BADF5357D02D0012B00F21D8248
:10BB4000354C40222280664A7F211C2B4FF0000397
:10BB50001180B393B293B1930193B093AF93AE932B
:10BB6000AD930C93AC93AB93AA93A993A8930B9327
:10BB7000A793A693A5930A93A493A393A293A193A7
:10BB8000A0939F939E9309939D939C939B939A93C9
:10BB90001E4699931F4698939793969395939493E3
:10BBA00093939293919390938F938E938D938C9381
:10BBB0008B938A93899388938793869385938493B1
:10BBC00083938293819380937F9308937E930093D2
:10BBD0007D937C937B937A939C46079398461C466F
:10BBE0001D4606937993789305937793769375938F
:10BBF0007493739372937193994670936F936E934A
:10BC00006D936C936B936A9304936993689307F0B5
:10BC1000518671E074E4FF1F9EE4FF1F9CE3FF1F49
:10BC2000B0E3FF1F7CE4FF1FB0E4FF1F7EE4FF1FB3
:10BC3000A6E4FF1FA4E3FF1F94E3FF1F7AE4FF1FA6
:10BC400076E4FF1FB2E3FF1FA8E3FF1FA6E3FF1F79
:10BC500096E4FF1FCEE2FF1F90E3FF1FA2E4FF1F49
:10BC6000AEE4FF1FB2E4FF1FAAE4FF1FAEE3FF1F15
:10BC7000AAE3FF1F9EE3FF1F9AE3FF1F8CE4FF1F51
:10BC800098E3FF1FA4E4FF1FA2E3FF1F80E4FF1F50
:10BC900082E4FF1F84E4FF1F86E4FF1F88E4FF1F88
:10BCA0008AE4FF1FB4E4FF1FB6E4FF1F90E4FF1F08
:10BCB00092E4FF1FC8E2FF1FCCE2FF1FACE3FF1FAF
:10BCC00094E4FF1F92E3FF1F98E4FF1F9AE4FF1F15
:10BCD0009CE4FF1F96E3FF1FA0E4FF1FC6E6FF1FC3
:10BCE000ACE4FF1F8EE4FF1FA0E3FF1FA8E4FF1FCB
:10BCF000CAE2FF1F78E4FF1F4FF22A0A4FF2750BCA
:10BD00004FF270004FF271014FF26F02CDF89CA11B
:10BD1000CDF898B16590039164924FF21D0A4FF2ED
:10BD20001C0B4FF21B004FF21A014FF21902CDF813
:10BD30008CA1CDF888B1619060915F924FF2180AA2
:10BD40004FF2170B4FF216004FF215014FF214028B
:10BD5000CDF878A1CDF874B15C905B915A924FF216
:10BD6000130A4FF2120B4FF211004FF210014FF273
:10BD70000F02CDF864A1CDF860B15790569155925D
:10BD80004FF20E0A4FF20D0B4FF20C004FF20B0167
:10BD90004FF20A02CDF850A1CDF84CB1529051911A
:10BDA00050924FF2090A4FF2080B4FF207004FF280
:10BDB00006014FF20502CDF83CA1CDF838B14D9007
:10BDC0004C914B924FF2040A4FF2350B4FF26D003B
:10BDD0004FF263014FF23002CDF828A1CDF824B123
:10BDE00048904FF2310A47914FF22F0B46924FF293
:10BDF0005D004FF25C014FF25B02CDF814A1CDF86B
:10BE000010B14390429141924FF25A0A4FF2590BAE
:10BE10004FF258004FF257014FF25602CDF800A1F1
:10BE2000CDF8FCB03E903D913C924FF2550A4FF256
:10BE3000540B4FF253004FF252014FF25102CDF822
:10BE4000ECA0CDF8E8B03990389137924FF2500A13
:10BE50004FF24F0B4FF24E004FF24D014FF24C029A
:10BE6000CDF8D8A0CDF8D4B03490339132924FF2BF
:10BE70004B0A4FF24A0B4FF249004FF248014FF282
:10BE80004702CDF8C4A0CDF8C0B02F902E912D92CE
:10BE90004FF2460A4FF2450B4FF244004FF25F015A
:10BEA0004FF27802CDF8B0A0CDF8ACB02A9029912D
:10BEB00028924FF2770A4FF22E0B4FF276004FF294
:10BEC00033014FF27302CDF89CA0CDF898B04FF239
:10BED000260A25904FF2250B249123924FF223013D
:10BEE0004FF22202CDF888A0CDF884B04FF2210A9B
:10BEF0004FF2200B1F911E924FF21E014FF22702AC
:10BF00004FF22400CDF874A0CDF870B04FF2380A8B
:10BF10004FF2370B1A9119924FF236014FF26E021F
:10BF20002090CDF860A04FF21F004FF2650ACDF8C7
:10BF30005CB015914FF2660B4FF2340114924FF240
:10BF400064021B90CDF808A04FF22D00CDF84CB044
:10BF5000129111924FF2620A4FF2610B4FF260019F
:10BF60004FF274021690CDF840A04FF26700CDF862
:10BF70003CB00E910D9201F09DBC172B40F0A782B2
:10BF80004023038080230B804FF4E06323804FF431
:10BF900000733B80D04CD1484FF4407333804FF452
:10BFA000806323804FF4A0630380CD4BCD4C40F2DF
:10BFB000FF7119804FF26303A9F800304FF2340388
:10BFC000ABF80030C8494FF23503AAF800304FF201
:10BFD0002C0B4FF27503A5F800B00B80C34D4FF248
:10BFE000740323804FF2A2032B80C14CC14D42F257
:10BFF000AC004EF25C0A20802B804FF21C29CDF859
:10C00000C8A24FF218304FF293044FF212454FF28C
:10C01000920ACDF8CC920190B094AF954EF25609A9
:10C02000CDF8B4A24FF212304FF291044FF28705CF
:10C030004EF2500A4FF244014FF2980CCDF8B892EC
:10C040000C90AC94AB954FF20C59CDF8A4A24FF2E2
:10C050008C004FF20C344FF208554FF2082AA8F822
:10C060000010CDF8C4C2CDF8A892A8900B944EF25F
:10C070004C09A7954FF20830CDF894A24FF2B604C0
:10C080004FF29D054FF2045ACDF898920A90A4946D
:10C09000A3954FF29A09CDF884A24FF204404EF2D4
:10C0A00048044FF284054FF2960ACDF88892A0908A
:10C0B0009F949E954FF20439CDF874A24FF2D700A9
:10C0C0004FF25C244FF2DC054FF2D80ACDF82490F1
:10C0D0009C909B949A954EF29C09CDF860A24FF2E9
:10C0E00058304FF2CF044FF2AE054FF2524ACDF81E
:10C0F00064929790969495954FF2D309CDF84CA2FF
:10C100004EF296004FF2D2044FF252354FF2C70A68
:10C11000CDF850929290919490954FF2D109CDF82C
:10C1200038A24FF24C504EF290044FF2CC054FF231
:10C13000485ACDF83C928D908C948B954FF24C39A7
:10C14000CDF824A24EF28C004FF2C8044FF24835CD
:10C150004FF2DD0ACDF82892889087944FF2DA00EA
:10C160008695CDF810A24FF2D4044FF244454FF219
:10C17000443A4FF2F6098390829481950C46CDF8AB
:10C18000FCA14FF2B8004FF2A5014FF2A4054FF207
:10C19000B00ACDF8149208904FF2C4097E91009530
:10C1A000CDF8F0A115464FF2DE007A9207924FF2D9
:10C1B000B3014FF290024FF2A00ACDF800927B90AB
:10C1C0004FF2A30906917992CDF814A04FF29F0087
:10C1D0004FF2F3014FF295024FF2860ACDF8F49137
:10C1E00077904FF2B40975917392CDF8BCA14FF2DC
:10C1F000F4004FF2D6014FF2F1024FF2AD0ACDF842
:10C20000E0916E904FF2B1096D916C92CDF8ACA1B6
:10C210004FF2A1004FF2E1014FF2C6024FF29E0A27
:10C22000CDF8C49176957495729570956A90049145
:10C230006992CDF8A0A14FF22A004FF22C414FF2A3
:10C2400070024FF2710A679066916592CDF80CA06A
:10C250004FF26F004FF21D014FF21C024FF21B0A0A
:10C26000649063916292CDF884A14FF21A004FF26C
:10C2700019014FF218024FF2170A60905F915E9217
:10C28000CDF874A14FF216004FF215014FF21402CF
:10C290004FF2130A5C905B915A92CDF864A14FF271
:10C2A00012004FF211014FF210024FF20F0A589094
:10C2B00057915692CDF854A14FF20E004FF20D0156
:10C2C0004FF20C024FF20B0A549053915292CDF858
:10C2D00044A14FF20A000FE07CE4FF1FB0E3FF1F10
:10C2E000ACE4FF1FB0E4FF1FA6E4FF1F7AE4FF1FCA
:10C2F00080E4FF1FC8E2FF1F4FF209014FF208025E
:10C300004FF2070A50904F914E92CDF834A14FF260
:10C3100006004FF205014FF204024FF22C3A4C9006
:10C320004B914FF26D004A924FF22C11CDF824A19F
:10C330004FF230024FF2310A489047914692CDF8C1
:10C3400014A14FF22F004FF25D014FF25C024FF249
:10C350005B0A449043914292CDF804A14FF25A00F7
:10C360004FF259014FF258024FF2570A40903F9155
:10C370003E92CDF8F4A04FF256004FF255014FF225
:10C3800054024FF2530A3C903B913A92CDF8E4A00C
:10C390004FF252004FF251014FF250024FF24F0A4A
:10C3A000389037913692CDF8D4A04FF24E004FF22C
:10C3B0004D014FF24C024FF24B0A349033913292BE
:10C3C000CDF8C4A04FF24A004FF249014FF24802A3
:10C3D0004FF2470A30902F912E92CDF8B4A04FF231
:10C3E00046004FF245014FF25F024FF2780A2C905F
:10C3F0002B9129924FF22E014FF276022A94CDF81A
:10C40000A0A04FF2330A4FF27700269125924FF207
:10C4100026014FF22502CDF890A04FF2240A279072
:10C4200022914FF273004FF222012192CDF880A0A9
:10C430004FF221024FF2200A23901E914FF2230067
:10C440004FF21E011D92CDF870A04FF227024FF25D
:10C45000380A1F901A914FF21F004FF22D011992C6
:10C46000CDF860A04FF236024FF26E0A1B90169183
:10C470004FF237004FF266011592CDF850A04FF2FF
:10C480002C224FF2640A179013914FF265004FF27D
:10C4900062011292CDF844A04FF261024FF2600A9D
:10C4A000029010914FF21C534FF297064FF29C07E7
:10C4B0004FF28F0C4FF2EE084FF2AF094FF26700C8
:10C4C0000F92CDF838A04FF22C5107F072BD092B16
:10C4D00040F029824023038080230B804FF4E063E7
:10C4E00023804FF480633B804FF4A0633380C84BBC
:10C4F000C84C40F2FF7119804FF23503A9F80030A3
:10C500004FF22E03ABF800304FF26E03AAF8003062
:10C51000C14B4FF28800188042F2AC033F212380C8
:10C520004FF22C0BBD4BACF80010A5F800B04FF249
:10C530001D444FF244054FF2184A4FF2185CA8F818
:10C5400000501880B39413464EF25C09CDF8C4A293
:10C55000CDF804C04EF256044FF2125A16469446D5
:10C5600090464FF23302CDF8C892B092AE944FF29B
:10C570001249CDF830A04EF250024FF20C444EF268
:10C580004C0ACDF8B492A992A8944FF20C59CDF868
:10C5900098A24FF208424FF208544EF2480ACDF8E2
:10C5A0002C90A5924FF234094FF20442AF93AC9312
:10C5B000AB93AA93A7930A94CDF87CA24FF20454AC
:10C5C0004FF25D4ACDF884929E9209944FF22D0964
:10C5D000CDF86CA24FF26F024EF29C044FF2585A03
:10C5E000CDF874929A9299944FF25849CDF85CA282
:10C5F0004FF273024EF296044FF2525ACDF8609207
:10C60000949292944FF25249CDF840A24EF2900289
:10C610004FF24C444EF28C0ACDF844928C928B949B
:10C620004FF24C59CDF820A24FF248424FF24854F5
:10C630004FF2444ACDF82892879286944FF27409BB
:10C640004FF24452A493A393A293A0939C939693E6
:10C65000959393938F938E938D93899385938493DE
:10C66000CDF800A24FF2A00ACDF808927F924FF2C7
:10C670009009CDF814A04FF29F024FF2600ACDF856
:10C68000E49177924FF27509CDF8B4A16A904FF218
:10C69000B0024FF22A004FF2A70ACDF8D49183934B
:10C6A000819308937E9300937D937C937B937A93FD
:10C6B000079306937893769374937393729371931D
:10C6C00070936F936E936C936B93049369936893D9
:10C6D00067906692CDF894A1BF204FF2A4024FF26A
:10C6E0001C0A03906492CDF88CA14FF21D004FF20A
:10C6F0001B024FF21A0A62906192CDF880A14FF2AC
:10C7000019004FF218024FF2170A5F905E92CDF8AF
:10C7100074A14FF216004FF215024FF2140A5C900A
:10C720005B92CDF868A14FF213004FF212024FF264
:10C73000110A59905892CDF85CA14FF210004FF2B7
:10C740000F024FF20E0A56905592CDF850A14FF2BB
:10C750000D004FF20C024FF20B0A53905292CDF89B
:10C7600044A14FF20A004FF209024FF2080A50901A
:10C770004F92CDF838A14FF207004FF206024FF268
:10C78000050A4D904C92CDF82CA14FF204004FF2C7
:10C790002C524FF2780A4A904992CDF820A14FF2DC
:10C7A0002C304FF2A6024FF2AD0A47904692CDF8D8
:10C7B00014A14FF2A5004FF25C024FF25D0A4490C3
:10C7C0004392CDF808A14FF25B004FF25A024FF2AC
:10C7D000590A41904092CDF8FCA04FF258004FF218
:10C7E00057024FF2560A3E903D92CDF8F0A04FF21C
:10C7F00055004FF254024FF2530A3B903A92CDF853
:10C80000E4A04FF252004FF251024FF2500A07E0FB
:10C81000ACE4FF1F80E4FF1F7AE4FF1FC8E2FF1FA4
:10C8200038903792CDF8D8A04FF24F004FF24E0219
:10C830004FF24D0A35903492CDF8CCA04FF24C0017
:10C840004FF24B024FF24A0A32903192CDF8C0A01B
:10C850004FF249004FF248024FF2470A2F902E92B2
:10C86000CDF8B4A04FF246004FF245024FF2940AC1
:10C870002C462C902B92CDF8A4A04FF26D007F2275
:10C880004FF2670A28902792CDF898A04FF27600D1
:10C890004FF226024FF2250A2A9425914FF2770192
:10C8A000249023914FF224004FF223012292CDF8DD
:10C8B00084A04FF222024FF2210A20901F914FF2E2
:10C8C00020004FF21F011E92CDF874A04FF21E02FD
:10C8D0004FF2270A1C901B914FF264004FF2370170
:10C8E0001A92CDF864A04FF238024FF2360A18902F
:10C8F00017914FF230004FF270011692CDF854A00C
:10C900004FF265024FF2710A149002914FF22F0715
:10C910001D4699464FF266001392CDF848A04FF29B
:10C92000630105F093B90A2B40F091824023038004
:10C9300080230B804FF4E06323804FF480733B80AF
:10C94000CD4CCE484FF4007333804FF48063238086
:10C950004FF4A0630380CA4BCA4C40F2FF711980A8
:10C960004FF22E03ABF800304FF26E03AAF80030FE
:10C97000C5494FF2E303A9F800304FF22C0B4FF2F8
:10C980009803A5F800B00B80C04D4FF291032380AF
:10C990004FF288013F23BE4C2980ACF80030BD4DDA
:10C9A00042F2AC03164623804FF21D194EF25C0A88
:10C9B0004FF218224FF233042980CDF8CC92CDF8F3
:10C9C000C8A20192B0944FF212554EF256094FF29E
:10C9D000121A4FF212224FF211544FF244004FF24A
:10C9E000181CAF95CDF8B892CDF8B4A20C92AC94C7
:10C9F0004FF20C454EF250094FF20C1A4FF20C2236
:10CA00004FF20844A8F80000CDF8C4C2AA95CDF8AA
:10CA1000A492CDF8A0A24EF24C054FF208194FF2A5
:10CA2000082AAB960B92A7944FF286024FF2B404F9
:10CA3000A695CDF89492CDF828A0A492A3944FF295
:10CA400084054FF234094FF2045A4EF248024FF275
:10CA50000414A295CDF88492CDF880A29F929E9462
:10CA60004FF204254FF22D094FF25D1A4FF26F027B
:10CA70004EF29C040995CDF87492CDF86CA29A926E
:10CA800099944FF258154FF258294FF2D20A4FF2AB
:10CA900073024FF252549895CDF85C92CDF858A29B
:10CAA000949293944EF296054FF252194FF2522AF5
:10CAB0004FF251524FF24C449295CDF84492CDF83A
:10CAC00040A28F928D944EF290054FF24C194FF286
:10CAD0004C2A4FF248424EF28C048C95CDF82C92A1
:10CAE000CDF828A289924FF2C60A9C9695968E960A
:10CAF00088944FF2C404CDF814A24FF2F402839448
:10CB00004FF2441A04464FF244204FF248298492CF
:10CB1000CDF800A27F904FF2AD024FF2A00A4FF283
:10CB200090004FF24815CDF8189208924FF24459F0
:10CB3000CDF818A079904FF22C124FF2EF0A4FF275
:10CB4000E7008795CDF804924FF274054FF2E6099D
:10CB50007892CDF8D4A174904FF295024FF28B0ADF
:10CB60004FF28A008295CDF81C904FF2D4054FF217
:10CB7000B0097392CDF8C0A16F904FF22C424FF2E2
:10CB8000600A4FF29D007C95CDF8D8916E92CDF859
:10CB9000B4A14FF2A1027E9600967D967B967A967E
:10CBA00005967796729671966C966B906A914FF295
:10CBB000E101049169924FF29E0A4FF22A004FF26E
:10CBC0002C514FF2A602CDF8A0A167906691659214
:10CBD0004FF2A40A4FF2A5004FF21C014FF21D02C2
:10CBE000CDF80CA06490639162924FF21B0A4FF251
:10CBF0001A004FF219014FF21802CDF884A160908B
:10CC00005F915E924FF2170A4FF216004FF2150134
:10CC10004FF21402CDF874A15C905B915A924FF2DE
:10CC2000130A4FF212004FF211014FF21002CDF829
:10CC300064A15890579156924FF20F0A4FF20E008E
:10CC40004FF20D014FF20C02CDF854A154905391C4
:10CC500052924FF20B0A4FF20A004FF209014FF2C3
:10CC60000802CDF844A150904F914E924FF2070A1E
:10CC70004FF2060010E000BFB0E3FF1F7CE4FF1F8F
:10CC8000ACE4FF1FA6E4FF1FB0E4FF1F7AE4FF1F20
:10CC900080E4FF1FC8E2FF1F4FF205014FF20402BC
:10CCA000CDF834A14C904FF22C2A4B914FF27800E2
:10CCB0004A924FF22C314FF2A302CDF824A14890B2
:10CCC000479146924FF2E40A4FF2A2004FF25C0104
:10CCD0004FF25D02CDF814A14490439142924FF27D
:10CCE0005B0A4FF25A004FF259014FF25802CDF849
:10CCF00004A140903F913E924FF2570A4FF25600E6
:10CD00004FF255014FF25402CDF8F4A03C903B9104
:10CD10003A924FF2530A4FF252004FF251014FF242
:10CD20005002CDF8E4A03890379136924FF24F0A76
:10CD30004FF24E004FF24D014FF24C02CDF8D4A00D
:10CD40003490339132924FF24B0A4FF24A004FF235
:10CD500049014FF24802CDF8C4A030902F912E9295
:10CD60004FF2470A4FF246004FF245014FF28F0251
:10CD7000CDF8B4A02C902B914FF26D0A4FF26701C1
:10CD80002A9429924FF235024FF27500CDF8A0A0F7
:10CD900026914FF2760A4FF2260125924FF2250294
:10CDA0002790CDF890A04FF277004FF2240A2291FD
:10CDB00021924FF222014FF221022390CDF880A060
:10CDC0004FF223004FF2200A1E911D924FF21E01D6
:10CDD0004FF227021F90CDF870A04FF21F004FF2C4
:10CDE000640A1A9119924FF238014FF236021B90E1
:10CDF000CDF860A04FF237004FF2300A169115922D
:10CE00004FF265014FF271021790CDF850A04FF22A
:10CE100070004FF2630A139112924FF262014FF2C7
:10CE200061020290CDF844A04FF21D434FF22F074C
:10CE30004FF2920CB0464FF28D054FF294094FF22B
:10CE4000660010910F924FF2310A07F0AEB8022B34
:10CE500040F05D824023038080230B804FF4E06329
:10CE600023804FF400733B80C94CCA484FF4407391
:10CE700033804FF4806323804FF4A0630380C64B5C
:10CE8000C64C40F2FF7119804FF22F03A9F8003011
:10CE90004FF2B803ABF80030C1494FF23403AAF89F
:10CEA00000304FF270030B803F21ACF800104FF2BE
:10CEB00044004FF230034FF2183C4FF22C0B164651
:10CEC0002380A8F80000A5F800B04EF25C094FF2EC
:10CED0001C254FF2182ACDF804C04EF25604944691
:10CEE00090464FF21242B395CDF8C892CDF8C4A245
:10CEF000B092AE944FF212254FF212394FF20C4A13
:10CF00004EF250024FF20C24AD95CDF83090CDF892
:10CF1000A8A2A992A8944FF20C354FF208494EF2FC
:10CF20004C0A4FF238024FF208340B95CDF89C9220
:10CF3000CDF898A24FF206554FF204494EF2480A36
:10CF4000AF96AC96AB96A5920A944FF204224FF29C
:10CF50000434A495CDF88492CDF87CA29E920994D5
:10CF60004FF25C254EF29C094FF2582A4FF258328C
:10CF70004FF252449B95CDF86492CDF860A29792FF
:10CF800094944EF296054FF252294FF2523A4FF2D4
:10CF90004C424EF290049295CDF84492CDF840A2C6
:10CFA0008D928C944FF24C254FF24C394FF2484AF7
:10CFB0004EF28C024FF278048B95CDF82892CDF882
:10CFC00024A2889287944FF248354FF246594FF287
:10CFD000444A04464FF244324FF244204FF218477D
:10CFE0008695A396A296A0969D969C969A979696BD
:10CFF000959693968F968E96CDF81492CDF808A2BA
:10D0000080907F924FF2AD094FF2A70A7F204FF236
:10D010009302CDF80090CDF8F4A17C9006924FF2E7
:10D0200090094FF2A60A4FF2A5004FF29E02CDF8EA
:10D03000E491CDF814A0779076924FF0BF094FF2AB
:10D04000B60A4FF2B7004FF2A302CDF8D491CDF853
:10D05000D0A1729071924FF2920A4FF2A4004FF257
:10D06000A00289464FF2A2014FF2AE05CDF8B4A15D
:10D070006C906A9104924FF2A10A4FF22A004FF28B
:10D08000B3014FF2B1027E958496839681960896FD
:10D090007B967A9607967896739670966F966E96AC
:10D0A0006B96CDF8A4A16790669165924FF2750AD0
:10D0B0004FF2B4004FF21D014FF21C02CDF80CA04C
:10D0C0006490639162924FF21B0A4FF21A004FF282
:10D0D00019014FF21802CDF884A160905F915E9221
:10D0E0004FF2170A4FF216004FF215014FF21402D9
:10D0F000CDF874A15C905B915A924FF2130A4FF2F3
:10D1000012004FF211014FF21002CDF864A15890B5
:10D11000579156924FF20F0A4FF20E004FF20D0147
:10D120004FF20C02CDF854A15490539152924FF209
:10D130000B0A4FF20A004FF209014FF20802CDF834
:10D1400044A150904F914E924FF2070A4FF20600C1
:10D150004FF205014FF20402CDF834A14C904B91EF
:10D160004A924FF22C3A4FF26D004FF22C114FF2CF
:10D17000B002CDF824A168964FF2B50A48904791C5
:10D1800046924FF2AF004FF25D014FF25C0209E0B0
:10D19000B0E3FF1F7EE4FF1FACE4FF1FA8E3FF1F07
:10D1A000B0E4FF1FCDF814A14490439142924FF296
:10D1B0005B0A4FF25A004FF259014FF25802CDF874
:10D1C00004A140903F913E924FF2570A4FF2560011
:10D1D0004FF255014FF25402CDF8F4A03C903B9130
:10D1E0003A924FF2530A4FF252004FF251014FF26E
:10D1F0005002CDF8E4A03890379136924FF24F0AA2
:10D200004FF24E004FF24D014FF24C02CDF8D4A038
:10D210003490339132924FF24B0A4FF24A004FF260
:10D2200049014FF24802CDF8C4A030902F912E92C0
:10D230004FF2470A4FF246004FF245014FF29F026C
:10D24000CDF8B4A02C902B9129924FF2630A4FF2A3
:10D2500071004FF22E014FF23102CDF8A0A02790BD
:10D260004FF2330A2A9426914FF2260125924FF26B
:10D2700025024FF27300CDF890A022914FF2240ABC
:10D280004FF2220121924FF221022390CDF880A08B
:10D290004FF223004FF2200A1E911D924FF21E0101
:10D2A0004FF227021F90CDF870A04FF21F004FF2EF
:10D2B000600A1A9119924FF22D014FF236021B901B
:10D2C000CDF860A04FF237004FF26E0A169115921A
:10D2D0004FF266014FF276021790CDF850A04FF250
:10D2E0006500139112924FF262014FF2640A4FF2FD
:10D2F0006102029010914FF21C4335464FF26700D5
:10D30000CDF844A00F924FF2750104F0A9BC032B95
:10D3100040F0D682402303808023D5480B804FF411
:10D32000006303804FF4E0632380D24CD2484FF473
:10D33000007121804FF4407139804FF48061018089
:10D34000CE48CF4C03804FF4A0613180CD4BCE4806
:10D350004FF4C061218040F6FF7119804FF22F0316
:10D36000CA49A9F800304FF26F030B80C84CC94975
:10D370004FF63303ABF800304FF62E0323804FF205
:10D38000AF03AAF800304FF2B00303804FF66F03EB
:10D390000B804FF2AC033F202B804FF21C344EF237
:10D3A0005C054FF218394FF2122A4FF2126BACF8AB
:10D3B0000000B394B295CDF8C4920190CDF8C0A20C
:10D3C000CDF8BCB24EF256004FF212344FF2125565
:10D3D0004FF211694FF6070A4FF20C2B4FF244013E
:10D3E000AE90AD940C95CDF8B092CDF8ACA2CDF83E
:10D3F000A8B24EF250004FF20C344FF20C554FF2DF
:10D4000008294EF24C0A4FF2380BA8F80010A990E8
:10D41000A8940B95CDF89C92CDF898A2CDF894B233
:10D420004FF234004FF230044FF604054FF2047906
:10D430004FF2042A4FF2046B0A90A494A395CDF8FE
:10D440008892CDF884A2CDF880B24EF248004FF217
:10D4500004344FF231054FF616094FF6530A4FF2D6
:10D460005C3B9F909E940995CDF87492CDF870A284
:10D47000CDF86CB24EF29C004FF258347F254FF637
:10D4800052094FF6760A4FF2522B9990989497953D
:10D49000CDF85892CDF854A2CDF850B24FF2526068
:10D4A0004EF296044FF252354FF252594FF2516AF2
:10D4B0004FF6470B939092949195CDF84092CDF80A
:10D4C0003CA2CDF838B24FF24C204EF290044FF20D
:10D4D0004C354FF24C594FF2482A4EF28C0B4FF21A
:10D4E00018278D908C948B954FF278004FF274042E
:10D4F0009A97CDF82892CDF824A2CDF820B24FF219
:10D50000447A4FF2442B879086944FF64409CDF825
:10D510000CA2CDF808B24FF244600C464FF6230A35
:10D520004FF244314FF6220BCDF81092819080914A
:10D530004FF66D09CDF8F8A1CDF800B04FF62100F7
:10D540004FF29B014FF22C4A4FF6150B0792CDF884
:10D5500020907D907C914FF61E09CDF8E8A1CDF882
:10D5600018B04FF610004FF22C314FF620024FF654
:10D57000660A4FF2B30B4FF27005CDF8EC9179903B
:10D580007891079805924FF61F09CDF8D8A1CDF8EC
:10D59000D4B14FF655014FF675024FF6490A4FF6D2
:10D5A000460B8595CDF8DC914FF27105749073911F
:10D5B00072924FF2AE09CDF8C0A1CDF8BCB14FF2D6
:10D5C0002C204FF6560140F67F024FF65C0A4FF6CC
:10D5D000610B7F95CDF8C4916E906D916C92CDF8F2
:10D5E000ACA1CDF8A8B14FF660004FF606014FF69A
:10D5F0005E024FF22A0A4FF6300B0490699168924E
:10D60000CDF89CA1CDF898B14FF2A5004FF2B5012D
:10D610004FF2A4024FF21D0A4FF21C0B65900391CA
:10D620006492CDF88CA1CDF888B14FF21B004FF277
:10D630001A014FF219024FF2180A4FF2170B6190BC
:10D6400060915F92CDF878A1CDF874B14FF21600D9
:10D650004FF215014FF214024FF2130A4FF2120B60
:10D660005C905B915A92CDF864A1CDF860B113E063
:10D6700074E4FF1FB0E3FF1F7EE4FF1FA4E3FF1F5E
:10D680007CE4FF1FACE4FF1FA6E4FF1FB0E4FF1F14
:10D69000A8E3FF1FCEE2FF1F4FF211004FF210016F
:10D6A0004FF20F024FF20E0A4FF20D0B57905691A8
:10D6B0005592CDF850A1CDF84CB14FF20C004FF27D
:10D6C0000B014FF20A024FF2090A4FF2080B529077
:10D6D00051915092CDF83CA14FF20700CDF838B1EE
:10D6E0004FF206014FF205024FF2040A4FF22C5B93
:10D6F0004D904C914B92CDF828A1CDF824B14FF22A
:10D700006D004FF22C114FF2A7024FF2750A4FF243
:10D71000A60B489047914692CDF814A1CDF810B1D0
:10D720004FF25D004FF25C014FF25B024FF25A0A7A
:10D730004FF2590B439042914192CDF800A1CDF8A0
:10D74000FCB04FF258004FF257014FF256024FF221
:10D75000550A4FF2540B3E903D913C92CDF8ECA00F
:10D76000CDF8E8B04FF253004FF252014FF25102A0
:10D770004FF2500A4FF24F0B399038913792CDF853
:10D78000D8A0CDF8D4B04FF24E004FF24D014FF279
:10D790004C024FF24B0A4FF24A0B349033913292C3
:10D7A000CDF8C4A0CDF8C0B04FF249004FF2480107
:10D7B0004FF247024FF2460A4FF2450B2F902E913F
:10D7C0002D924FF26301CDF8B0A04FF2B7024FF2A5
:10D7D0002E0ACDF8ACB04FF2B60B4FF25F00289195
:10D7E00027924FF273014FF22602CDF898A0CDF8A0
:10D7F00094B04FF2250A4FF2240B299023914FF257
:10D8000033004FF222012292CDF884A04FF2210280
:10D810004FF2200ACDF880B04FF21F0B24901E91DA
:10D820004FF223004FF227011D92CDF870A04FF266
:10D8300035024FF2370ACDF86CB04FF22D0B1F9026
:10D8400019914FF21E004FF26E011892CDF85CA0B4
:10D850004FF265024FF2660ACDF858B04FF2760BE0
:10D860001A9014914FF236004FF264010292CDF8F3
:10D870004CA0CDF848B04FF262024FF2610A4FF26D
:10D88000600B159011914FF21C234FF613064FF6C3
:10D89000120C4FF677084FF650054FF29D092A9467
:10D8A0004FF267001092CDF83CA0CDF838B04FF29F
:10D8B00077010D914FF25E0A4FF22C0B06F03CBC43
:10D8C000162B40F0CD8140234FF22C0B0380A5F89E
:10D8D00000B08023B64D0B8042F2AC00B54B2880DF
:10D8E000FF21B54CB54819804FF2A1033F21238099
:10D8F0000380B3921346B2924FF292044FF28C051A
:10D900004FF288094FF2840A4FF2D80016461746A4
:10D910004FF29802ACF80010B192AD94A895CDF8F2
:10D9200094924FF2D2024FF2CC044FF2C8054FF25C
:10D93000C4090193B093AF93AE930C93AC93AB93A4
:10D94000AA93A9930B93A793A6930A93A493A39343
:10D95000A293A193A0939F93CDF878A298904FF2B1
:10D96000750A4FF2B50091928B948795CDF800928D
:10D970004FF2600209939D939C939B939A93999382
:10D9800097939693959394939393929390938F9365
:10D990008E938D938C938A938993889386938593A2
:10D9A00084938393829381937F9308937E93CDF89E
:10D9B000C4A16C904FF22A0A4FF271000492CDF884
:10D9C0009CA166904FF270024FF07F0A4FF26F00F9
:10D9D0006592CDF80CA064904FF21D024FF21C0A24
:10D9E0004FF21B00639200934FF21A027D937C93D7
:10D9F0007B937A9307930693799378930593779320
:10DA00007693759374937393729370936F936E93ED
:10DA10006D936B936A9369936893CDF888A1619035
:10DA20004FF2190A4FF218006092CDF87CA15E9077
:10DA30004FF217024FF2160A4FF215005D92CDF821
:10DA400070A15B904FF214024FF2130A4FF21200D2
:10DA50005A92CDF864A158904FF211024FF2100A79
:10DA60004FF20F005792CDF858A155904FF20E0289
:10DA70004FF20D0A4FF20C005492CDF84CA1529087
:10DA80004FF20B024FF20A0A4FF209005192CDF801
:10DA900040A14F904FF208024FF2070A4FF20600E2
:10DAA0004E92CDF834A14C904FF205024FF2040A89
:10DAB0004FF235004B92CDF828A149904FF26D02FC
:10DAC0004FF2630A4FF2300045914FF22F01489216
:10DAD000CDF81CA1469044914FF25D024FF25C0AD2
:10DAE0004FF25B004FF25A014392CDF808A14190EA
:10DAF0004FF2590240914FF2580A4FF256013F92AD
:10DB0000CDF8F8A04FF257003C914FF255024FF27A
:10DB1000540A4FF252013D903B92CDF8E8A04FF2EB
:10DB2000530038914FF251024FF2500A4FF24E011A
:10DB300039903792CDF8D8A04FF24F0034914FF280
:10DB40004D024FF24C0A4FF24A0135903392CDF814
:10DB5000C8A04FF24B0030914FF249024FF2480AF1
:10DB60004FF2460131902F92CDF8B8A04FF2470006
:10DB70002C914FF245024FF2440A4FF278012D905A
:10DB80002B92CDF8A8A04FF2740028914FF27702A3
:10DB90004FF22E0A4FF2330129902792CDF898A028
:10DBA0004FF2760024914FF273024FF2260A07E0FB
:10DBB00080E4FF1FACE4FF1F7AE4FF1FC8E2FF1FF1
:10DBC0004FF2240125902392CDF888A04FF2250032
:10DBD00020914FF223024FF2220A4FF220012190AE
:10DBE0001F92CDF878A04FF21F024FF21E0A1C912F
:10DBF0004FF238014FF221001B92CDF868A04FF28E
:10DC000037024FF22D0A18914FF26E011D901792B4
:10DC10004FF227004FF26502CDF858A014914FF251
:10DC2000660A4FF23401199002924FF236004FF219
:10DC30006402CDF84CA012914FF2620A4FF26101DA
:10DC4000159011929C4698461C461D4699464FF2E7
:10DC50006700CDF840A00F914FF2310203F0E9BD0B
:10DC6000052B40F0B7824023038080230B804FF4C4
:10DC7000E06323804FF48073A8F800304FF4007302
:10DC80003B80DA48DA49DB4C4FF4407333804FF481
:10DC9000806303804FF4A0630B80D74BD74840F2DA
:10DCA000FF7119804FF27003A9F800304FF22E0374
:10DCB000ABF800304FF26E03AAF800304FF2B00319
:10DCC00023804FF2300303804FF2AC032B80CC4D06
:10DCD000CC4C42F2AC004FF288032880CA48238023
:10DCE0004FF2183A4FF21C244FF2330B9046038048
:10DCF000B3944FF218154FF21829CDF804A0CDF8BF
:10DD0000C0B24FF212404FF212124FF212244FF2F1
:10DD1000870A4FF20C5B3F21B295CDF8C492AF90C9
:10DD2000AE92AD944FF212354FF21149CDF8ACA23C
:10DD3000CDF8A8B24FF20C104FF20C224FF20C3477
:10DD40004FF2082A4FF2083BACF800100C95CDF8C2
:10DD5000B092A990A8924FF208550B944FF208196F
:10DD6000CDF894A2CDF828B04FF2B4004FF22F02B4
:10DD70004FF2042A4FF2043BA795CDF89892A39056
:10DD8000A2924FF234044FF204454FF20419CDF839
:10DD900078A2CDF824B04FF296004FF2D7024FF29E
:10DDA000582A4FF2583BA194A095CDF87C929D90B3
:10DDB0009C924FF25C244FF258554FF25819CDF80F
:10DDC00060A2CDF85CB24FF2F3004FF29B024FF22B
:10DDD000522A4FF2523B9B949A95CDF864929690BA
:10DDE00095924FF273044FF252454FF25219CDF80B
:10DDF00044A2CDF840B24FF251404FF2C7024FF269
:10DE00004C3A4FF2485B94949395CDF848928F909A
:10DE10008E924FF24C544FF24C154FF24C29CDF8E4
:10DE200028A2CDF824B24FF248104FF248224FF208
:10DE3000740A4FF2444B8D948C95CDF82C92CDF80A
:10DE400090824FF26F0988908792CDF808A2CDF8A2
:10DE500004B24FF244204FF244324FF2E00A4FF244
:10DE6000DB0B4FF2F405CDF80C9280907F924FF2CD
:10DE70007509CDF8F0A1CDF81CB04FF290004FF22B
:10DE80002C224FF2B80A4FF22C5B4FF248348495A3
:10DE9000CDF800904FF2ED05799078924FF2E709B6
:10DEA000CDF8C8A1CDF8B8B14FF235004FF26102FC
:10DEB0004FF2A00A4FF2DE0B86940895CDF8D4916C
:10DEC0006D90CDF814824FF22A00CDF8F881CDF88C
:10DED000F481CDF8EC81CDF8E881CDF81880CDF84B
:10DEE0001480CDF8DC81CDF8D881CDF8D081CDF883
:10DEF000CC81CDF8C481CDF8C081CDF8BC81CDF8FE
:10DF0000B081CDF8AC816A92CDF810A0CDF8A0B167
:10DF10004FF22C424FF2A70A4FF0BF0B6790669268
:10DF2000CDF894A1CDF80CB04FF2A4004FF21D0231
:10DF30004FF21C0A4FF21B0B64906392CDF888A13C
:10DF4000CDF884B14FF21A004FF219024FF2180ABD
:10DF50004FF2170B60905F92CDF878A1CDF874B1B5
:10DF60004FF216004FF215024FF2140A4FF2130B44
:10DF70005C905B92CDF868A1CDF864B14FF21200CD
:10DF80004FF211024FF2100A4FF20F0B58905792B6
:10DF9000CDF858A1CDF854B14FF20E004FF20D025A
:10DFA0004FF20C0A4FF20B0B54905392CDF848A14C
:10DFB000CDF844B14FF20A004FF209024FF2080ABD
:10DFC0004FF2070B50904F92CDF838A1CDF834B1F5
:10DFD0004FF206004FF205024FF2040A4FF22C3BBB
:10DFE0004C90CDF8A4814FF278000FE07CE4FF1F45
:10DFF000B0E3FF1FA6E4FF1FACE4FF1FB0E4FF1F68
:10E0000080E4FF1F7AE4FF1FC8E2FF1F4B92CDF8A8
:10E0100028A1CDF824B14FF22C124FF2A60A4FF2EC
:10E02000AD0B48904792CDF818A1CDF814B14FF23E
:10E03000A5004FF25D024FF25C0A4FF25B0B449079
:10E040004392CDF808A1CDF804B14FF25A004FF237
:10E0500059024FF2580A4FF2570B40903F92CDF8B9
:10E06000F8A0CDF8F4B04FF256004FF255024FF23F
:10E07000540A4FF2530B3C903B92CDF8E8A0CDF8F8
:10E08000E4B04FF252004FF251024FF2500A4FF2F9
:10E090004F0B38903792CDF8D8A0CDF8D4B04FF2CE
:10E0A0004E004FF24D024FF24C0A4FF24B0B3490A0
:10E0B0003392CDF8C8A0CDF8C4B04FF24A004FF269
:10E0C00049024FF2480A4FF2470B30902F92CDF899
:10E0D000B8A0CDF8B4B04FF246004FF245024FF26F
:10E0E000440A4FF29F0B2C902B92CDF8A8A07F22D0
:10E0F000CDF8A4B04FF2670A4FF2760B4FF26D00E5
:10E100002792CDF898A04FF225024FF2240A2591CC
:10E11000CDF890B04FF226014FF2230B28902291B8
:10E120004FF277004FF221012192CDF880A04FF2FB
:10E1300020024FF21F0ACDF87CB04FF21E0B239045
:10E140001D914FF222004FF264011C92CDF86CA099
:10E150004FF237024FF2380ACDF868B04FF2360B63
:10E160001E9018914FF227004FF271011792CDF8CF
:10E1700058A04FF265024FF2310ACDF854B04FF279
:10E18000630B199002914FF22D001392CDF848A025
:10E19000CDF844B04FF262014FF2A1024FF2600A93
:10E1A0004FF25F0B14904FF21C534FF297064FF251
:10E1B00018574FF2B30C4FF2441445464FF2E109A1
:10E1C0004FF2660010910F92CDF838A0CDF834B020
:10E1D000FFF770BB062B40F05D82BE4BBE4840226D
:10E1E0001A80BE4B80221A80BD4B4FF4E0621A8029
:10E1F000BC4B4FF400721A80BB4B4FF440721A8034
:10E20000BA4B4FF480621A80B94B40F2FF721A8009
:10E21000B84B4FF22F021A80B74B4FF2A4021A806C
:10E22000B64B4FF26F021A80B54B4FF29F021A8025
:10E23000B44B3F221A80B44B4FF22C0BA3F800B022
:10E24000B24B4FF2540119804FF288030380B0485B
:10E2500042F2AC040480AF484FF2123403804FF214
:10E2600033000190B0944FF212454EF266094FF21E
:10E27000122A4FF211404FF20C3400264EF26C0C71
:10E28000AF95CDF8B892CDF830A0AC90AA944EF2EC
:10E2900060054FF20C294FF2083A4EF25C004FF243
:10E2A0001F04CDF8C8C2A995CDF82C90CDF89CA23A
:10E2B0004FF224054FF226094FF2143AB396B19665
:10E2C000AD96AB96A896A690A5944FF214404EF248
:10E2D00068040A95CDF89092CDF884A2A0909F94FE
:10E2E0004FF227054EF2AC094FF2582A4FF2523046
:10E2F0004FF252440995CDF86492CDF85CA2949007
:10E3000093944EF2A6054FF252294FF2514A4FF222
:10E310004C304EF2A0049295CDF84092CDF83CA23C
:10E320008D908C944FF24C254FF248394EF29C0A56
:10E330004FF248204FF254344FF218378A95CDF8F7
:10E340002492CDF820A2A3964FF2710AA2969E962F
:10E350009D969C969B969A9798969696959691964A
:10E360008E968B968796869082944FF235000C4657
:10E370004FF26D01CDF8E4A1779075914FF22C3AF0
:10E380004FF278004FF2B0014FF254454FF254294A
:10E39000CDF8B8A16D906A914FF2700A4FF22A0041
:10E3A0004FF22C418195CDF8FC9185968496839609
:10E3B000809608967E9600967D967C967B967A96B9
:10E3C0000796069678960596769674967396729644
:10E3D000719670966F966C966B96CDF810A06790BC
:10E3E00066914FF2AE0A4FF2A3004FF2A101CDF8B1
:10E3F00094A1039064914FF21A0A4FF21C004FF25D
:10E400001B01CDF88CA1629061914FF21D0A4FF271
:10E4100019004FF21801CDF880A15F905E914FF284
:10E42000170A4FF216004FF21501CDF874A15C9057
:10E430005B914FF2040A4FF213004FF21201CDF834
:10E4400068A1599058914FF2110A4FF233004FF2E0
:10E450000F01CDF85CA1569055914FF20E0A4FF284
:10E460000D004FF20C01CDF850A1539052914FF294
:10E470000B0A4FF20A004FF20901CDF844A1509067
:10E480004F914FF2080A4FF207004FF20601CDF804
:10E4900038A14D904C914FF2050A4FF214004FF203
:10E4A0002C21CDF82CA14A904FF2250A4FF2A6005C
:10E4B0006996689649914FF2AD01CDF820A1479039
:10E4C00046914FF2A50A4FF2A2004FF25A01CDF841
:10E4D00014A121E09EE4FF1F7AE4FF1F9CE3FF1FCD
:10E4E000A2E4FF1FAAE3FF1FB0E3FF1F7CE4FF1FAE
:10E4F000ACE4FF1FA8E4FF1F78E4FF1FB0E4FF1F98
:10E50000A6E4FF1F8EE4FF1FA2E3FF1FA0E3FF1F8F
:10E5100080E4FF1FC8E2FF1F449043914FF25C0A62
:10E520004FF25B004FF25D01CDF808A141904091A0
:10E530004FF2590A4FF258004FF25701CDF8FCA0A4
:10E540003E903D914FF2560A4FF255004FF2440172
:10E55000CDF8F0A03B903A914FF2530A4FF252009F
:10E560004FF25101CDF8E4A0389037914FF2730A81
:10E570004FF24F004FF24E01CDF8D8A035903491B4
:10E580004FF24D0A4FF24C004FF24B01CDF8CCA0A8
:10E59000329031914FF24A0A4FF249004FF248014E
:10E5A000CDF8C0A02F902E914FF2470A4FF24600AF
:10E5B0004FF24501CDF8B4A02C902B914FF2A70A51
:10E5C0004FF250007F21CDF8A4A028904FF22E0AE0
:10E5D0002A9427914FF2370125924FF26602CDF827
:10E5E00098A023914FF2650A4FF2630122924FF2F5
:10E5F00062024FF23600CDF884A01F914FF2610AFB
:10E600004FF25F011E924FF25E022490CDF874A08B
:10E610004FF264004FF2670A1B911A924FF2760193
:10E620004FF223022090CDF864A04FF260004FF229
:10E63000100A179116924FF231014FF222021C90EC
:10E64000CDF854A04FF277004FF2210A02911392B5
:10E650004FF21E014FF274021890CDF848A04FF20D
:10E660006E004FF2300A119110924FF2A0014FF25A
:10E6700020021490CDF83CA04FF21C33B446B046B3
:10E680003546B1464FF22D000E910D924FF2380AE9
:10E6900005F052BD042B02D01B2B40F0AF82274C5B
:10E6A000274D284828494022228080222A804FF482
:10E6B000E0620280254C264D26484FF480720A8085
:10E6C0004FF4007222804FF4407223492A804FF4A5
:10E6D000806202804FF4A0620A80204A2048214CC8
:10E6E00040F2FF711180204A4FF2700111801F4AE1
:10E6F0004FF22E0111801E4A4FF26E0111801D4A09
:10E700004FF2B00111801C4A4FF2300111801B49B9
:10E710004FF22C0BA1F800B04FF2880101803F228C
:10E720001748228042F2AC04048016481B2B01805B
:10E730004FF21C5305F0FE8126E000BF9EE4FF1F50
:10E740009CE3FF1FA2E4FF1FA0E3FF1FAAE4FF1F3B
:10E75000AAE3FF1F7CE4FF1FB0E3FF1FACE4FF1F31
:10E760007AE4FF1F8EE4FF1FA8E4FF1FCAE2FF1F29
:10E7700078E4FF1FA6E4FF1FB0E4FF1FA2E3FF1F22
:10E7800080E4FF1FC8E2FF1F4FF21C254FF218194B
:10E790004FF2182A4FF212504FF21241B395CDF8B2
:10E7A000C892CDF8C4A2B090AF914FF212144FF2BC
:10E7B00012254FF212394FF2114A4FF287004FF2F1
:10E7C0000C51AE94AD95CDF83090CDF8B0A2AB9091
:10E7D000AA914FF20C144FF20C254FF20C394FF264
:10E7E000085A4FF208104FF20821A994A895CDF8C5
:10E7F0002C90CDF89CA2A690A5914FF208344FF230
:10E8000033054FF22F094FF2045A4FF204404FF2F2
:10E8100004110A94A395CDF88892CDF884A2A09013
:10E820009F914FF204244FF204354FF296094FF2B4
:10E83000D70A4FF25C204FF258514FF000084FF2C8
:10E84000183C9E940995CDF87492CDF870A29B90D7
:10E850009A914FF258144FF258254FF258394FF20F
:10E86000740A4FF252504FF25241CDF804C09994BD
:10E870009895CDF890824FF25225CDF85C92CDF864
:10E8800058A2949093914FF252394FF2514A4FF25D
:10E89000C7004FF24C514FF252149195CDF840926F
:10E8A000CDF83CA28E908D914FF24C254FF24C3911
:10E8B0004FF2485A4FF248104FF2482192948B95EC
:10E8C0004FF24C14CDF82892CDF824A2889087916D
:10E8D0004FF273054FF26F094FF2445A4FF2444022
:10E8E0004FF244218C9484954FF24834CDF80C9229
:10E8F000CDF808A2819080914FF244354FF235094E
:10E900004FF2900A4FF22C204FF22C5186947F95B3
:10E91000CDF80090CDF85482CDF81482CDF8208047
:10E92000CDF8F881CDF8F481CDF8F081CDF8EC8107
:10E93000CDF8E881CDF81C80CDF81880CDF8E4A1A1
:10E9400078906E914FF2750A4FF261004FF2A0017C
:10E95000CDF8B4A16A9004914FF22A0A4FF22C40EC
:10E960004FF2A701CDF89CA1669065914FF2AE0AD7
:10E970004FF2A4004FF21D01CDF80CA064906391FA
:10E980004FF21C0A4FF21B004FF21A01CDF888A17A
:10E99000619060914FF2190A4FF218004FF217017F
:10E9A000CDF87CA15E905D914FF2160A4FF21500F2
:10E9B0004FF21401CDF870A15B904FF2130A4FF2A1
:10E9C0001200CDF81480CDF8DC81CDF8D881CDF8D7
:10E9D000D481CDF8D081CDF8CC81CDF8C881CDF8E7
:10E9E000C481CDF8C081CDF8BC81CDF8B081CDF81F
:10E9F000AC81CDF8A481CDF8A0815A914FF21101DC
:10EA0000CDF864A1589057914FF2100A4FF20F00C1
:10EA10004FF20E01CDF858A1559054914FF20D0AC6
:10EA20004FF20C004FF20B01CDF84CA152905191D6
:10EA30004FF20A0A4FF209004FF20801CDF840A147
:10EA40004F904E914FF2070A4FF206004FF2050128
:10EA5000CDF834A14C904B914FF2040A4FF22C3078
:10EA60004FF27801CDF828A1499048914FF22C1A25
:10EA70004FF2A600BF21CDF81CA1469045914FF260
:10EA8000A50A4FF25D004FF25C01CDF810A1439052
:10EA900042914FF25B0A4FF25A004FF25901CDF802
:10EAA00004A140903F914FF2580A4FF257004FF2A5
:10EAB0005601CDF8F8A03D903C914FF2550A4FF227
:10EAC00054004FF25301CDF8ECA03A9039914FF237
:10EAD000520A4FF251004FF25001CDF8E0A03790AA
:10EAE00036914FF24F0A4FF24E004FF24D01CDF8E2
:10EAF000D4A0349033914FF24C0A4FF24B004FF2B6
:10EB00004A01CDF8C8A0319030914FF2490A4FF236
:10EB100048004FF24701CDF8BCA02E902D914FF246
:10EB2000460A4FF245004FF24401CDF8B0A02B90B9
:10EB30002A914FF29F0A4FF26D007F21CDF8A4A0D9
:10EB4000289027914FF2670A4FF276004FF2770133
:10EB5000CDF898A02592249023914FF226024FF2EF
:10EB6000250A4FF224004FF223012292CDF884A00F
:10EB700020901F914FF222024FF2200A4FF21F0005
:10EB80004FF21E011E92CDF870A01B901A914FF209
:10EB900027024FF2640A4FF237004FF238014FF26A
:10EBA00021091992CDF860A017904FF236024FF26A
:10EBB0002D0ACDF8749016914FF265014FF2710055
:10EBC0001592CDF850A04FF2310213914FF2630A23
:10EBD0004FF26201029012924FF297064FF21857CD
:10EBE0004FF2340C4FF2441445464FF26600CDF814
:10EBF00044A010914FF2A10205F0D4B90F2B40F0C0
:10EC0000F681CE4BCE4940221A80CE4B80221A800C
:10EC1000CD4B4FF4E0621A80CC4B4FF480721A80D7
:10EC2000CB4B4FF400721A80CA4B4FF440721A80DB
:10EC3000C94B4FF480621A80C84B4FF4A0621A800F
:10EC4000C74B40F2FF721A80C64B4FF270021A8017
:10EC5000C54B4FF2AE021A80C44B4FF26E021A80BF
:10EC6000C34B4FF2B0021A80C24B4FF230021A80EF
:10EC7000C14B3F221A80C14B4FF22C0BA3F800B0BE
:10EC80004FF288030B80BE4942F2AC000880BD49B8
:10EC90004FF21C240B804FF218154FF218294FF237
:10ECA000183A4FF212504FF21241B394B295CDF888
:10ECB000C492CDF804A0B090AF914FF212144FF26D
:10ECC00012254FF212394FF2114A4FF287004FF2DC
:10ECD0000C51AE94AD95CDF83090CDF8B0A2AB907C
:10ECE000AA914FF20C144FF20C254FF20C394FF24F
:10ECF000085A4FF208104FF20821A994A8954FF234
:10ED00000834CDF82C904FF23405CDF89CA2A69093
:10ED1000A5914FF22F094FF2045A4FF204404FF2DF
:10ED200004110A94A395CDF88892CDF884A2A090FE
:10ED30009F914FF204244FF204354FF296094FF29F
:10ED4000D70A4FF25C204FF258519E940995CDF8A6
:10ED50007492CDF870A29B909A914FF258144FF292
:10ED600058254FF258394FF2730A4FF252504FF272
:10ED7000524199949895CDF85C92CDF858A2949010
:10ED800093914FF252144FF252254FF252394FF2F3
:10ED9000514A4FF2C7004FF24C514FF00008929485
:10EDA0009195CDF84092CDF83CA28E908D914FF286
:10EDB0004C144FF24C254FF24C394FF2485A4FF257
:10EDC00048104FF248218C948B95CDF82892CDF8BD
:10EDD00024A2CDF890824FF2445ACDF85482889004
:10EDE00087914FF244404FF244214FF274054FF2A5
:10EDF0006F09CDF808A2819080914FF2900A4FF2EE
:10EE00002C204FF22C514FF248348495CDF80C92BF
:10EE10004FF244354FF23509CDF8E4A178906E9168
:10EE20004FF2750A4FF261004FF2A00186947F9570
:10EE3000CDF80090CDF8B4A1CDF81482CDF82080A3
:10EE4000CDF8F881CDF8F481CDF8F081CDF8EC81E2
:10EE5000CDF8E881CDF81C80CDF81880CDF814806D
:10EE6000CDF8DC81CDF8D881CDF8D481CDF8D08132
:10EE7000CDF8CC81CDF8C881CDF8C481CDF8C08162
:10EE8000CDF8BC81CDF8B081CDF8AC816A90049109
:10EE90004FF22C404FF2A7014FF22A0A669065917B
:10EEA0004FF235004FF2A401CDF89CA1039064917C
:10EEB0004FF21D0A4FF21C004FF21B01CDF88CA13E
:10EEC000629061914FF21A0A4FF219004FF2180145
:10EED000CDF880A15F905E914FF2170A4FF21600B5
:10EEE0004FF21501CDF874A15C905B914FF2140ABA
:10EEF0004FF213004FF21201CDF868A159905891CA
:10EF00004FF2110A4FF210004FF20F01CDF85CA141
:10EF1000569055914FF20E0A4FF20D004FF20C0130
:10EF2000CDF850A1539052914FF20B0A4FF20A00C4
:10EF30004FF20901CDF844A1509025E09EE4FF1F57
:10EF40007AE4FF1F9CE3FF1FA2E4FF1FA0E3FF1F63
:10EF5000AAE4FF1FAAE3FF1F7CE4FF1FB0E3FF1F2B
:10EF6000ACE4FF1FA8E4FF1FCAE2FF1F78E4FF1F05
:10EF7000A6E4FF1FB0E4FF1F8EE4FF1FA2E3FF1F04
:10EF800080E4FF1FC8E2FF1F4F914FF2080A4FF2C3
:10EF900007004FF20601CDF838A14D904C914FF289
:10EFA000050A4FF204004FF22C31CDF8A481CDF8C0
:10EFB000A081CDF82CA14FF2780A4A9049914FF2E6
:10EFC0002C104FF2A601CDF820A14FF21C534FF2A6
:10EFD00097064FF218574FF2330C4FF24414454640
:10EFE0004FF22109479046914FF22E0AF2E1142B7D
:10EFF00040F0AA82CF4BD04940221A80CF4B8022CA
:10F000001A80CF4B4FF4E0621A80CE4B4FF48072DF
:10F010001A80CD4B4FF400721A80CC4B4FF44072E3
:10F020001A80CB4B4FF480621A80CA4B4FF4A06217
:10F030001A80C94B40F2FF721A80C84B4FF270021F
:10F040001A80C74B4FF22E021A80C64B4FF26E0247
:10F050001A80C54B4FF2B0021A80C44B4FF23002F7
:10F060001A80C34B3F221A80C24B4FF22C0BA3F8DD
:10F0700000B04FF288030B80BF4942F2AC00088019
:10F08000BE494FF21C240B804FF218154FF218297D
:10F090004FF2183A4FF233004FF21241B394B29547
:10F0A000CDF8C492CDF804A0B090AF914FF21214F5
:10F0B0004FF212254FF212394FF2114A4FF28700E8
:10F0C0004FF20C51AE94AD95CDF83090CDF8B0A282
:10F0D000AB90AA914FF20C144FF20C254FF20C3961
:10F0E0004FF2085A4FF208104FF20821A994A89540
:10F0F0004FF20834CDF82C904FF22F05CDF89CA29A
:10F10000A690A5914FF234094FF2044A4FF2041031
:10F110004FF204210A94A295CDF88492CDF880A2F2
:10F120009F909E914FF204344FF296054FF2D7090B
:10F130004FF25C2A4FF258504FF2581109949D95A6
:10F14000CDF87092CDF86CA29A9099914FF2582414
:10F150004FF258354FF273094FF2524A4FF25210A4
:10F160004FF2522198949795CDF85092CDF84CA239
:10F17000929091914FF252344FF251454FF2C7099C
:10F180004FF24C5A4FF24C104FF24C214FF0000C02
:10F1900090948F95CDF83892CDF834A28C908B91C5
:10F1A0004FF24C344FF248554FF248194FF2482A6B
:10F1B0004FF248304FF26F018A948995CDF890C292
:10F1C000CDF88CC2CDF858C2CDF854C2CDF82092FB
:10F1D000CDF81CA2869083914FF244294FF2443A15
:10F1E0004FF275004FF290014FF274044FF2444514
:10F1F000CDF80092CDF8FCA1009079914FF22C2926
:10F200004FF22C5A4FF235004FF2610182948195F2
:10F21000CDF8E091CDF8B8A16D904FF2A00A4FF271
:10F220002A00CDF814C2CDF810C2CDF820C0CDF818
:10F23000F8C1CDF8F4C1CDF8F0C1CDF8ECC1CDF8EE
:10F24000E8C1CDF81CC0CDF818C0CDF814C0CDF879
:10F25000DCC1CDF8D8C1CDF8D4C1CDF8D0C1CDF83E
:10F26000CCC1CDF8C8C1CDF8C4C1CDF8C0C1CDF86E
:10F27000BCC1CDF8B0C1CDF8ACC16A914FF22C4100
:10F28000CDF810A0679066914FF2A70ABF204FF209
:10F29000A401CDF894A1039064914FF21D0A4FF29E
:10F2A0001C004FF21B01CDF88CA1629061914FF2CE
:10F2B0001A0A4FF219004FF21801CDF880A15F90A1
:10F2C0005E914FF2170A4FF216004FF21501CDF87A
:10F2D00074A15C905B914FF2140A4FF213004FF24D
:10F2E0001201CDF868A1599058914FF2110A4FF2CE
:10F2F00010004FF20F01CDF85CA1569055914FF2DE
:10F300000E0A4FF20D004FF20C01CDF850A15390B0
:10F3100052914FF20B0A4FF20A004FF20901CDF859
:10F3200044A150904F914FF2080A4FF207004FF25C
:10F33000060125E09EE4FF1F7AE4FF1F9CE3FF1F08
:10F34000A2E4FF1FA0E3FF1FAAE4FF1FAAE3FF1F21
:10F350007CE4FF1FB0E3FF1FACE4FF1FA8E4FF1F26
:10F36000CAE2FF1F78E4FF1FA6E4FF1FB0E4FF1FFF
:10F370008EE4FF1FA2E3FF1F80E4FF1FC8E2FF1F10
:10F38000CDF838A14D904C914FF2050A4FF2040090
:10F390004FF22C31CDF8A4C1CDF8A0C1CDF82CA1ED
:10F3A0004FF2780A4A9049914FF22C104FF2A60181
:10F3B000CDF820A14FF21C534FF297064FF2185789
:10F3C000E0464FF2441465464FF2210947904691BA
:10F3D0004FF2AD0ACDF814A14FF2A5004FF25D0136
:10F3E0004FF25C0A44904391CDF808A14FF25B00C4
:10F3F0004FF25A014FF2590A41904091CDF8FCA0CA
:10F400004FF258004FF257014FF2560A3E903D918D
:10F41000CDF8F0A04FF255004FF254014FF2530ACD
:10F420003B903A91CDF8E4A04FF252004FF25101D7
:10F430004FF2500A38903791CDF8D8A04FF24F00D4
:10F440004FF24E014FF24D0A35903491CDF8CCA0D9
:10F450004FF24C004FF24B014FF24A0A3290319179
:10F46000CDF8C0A04FF249004FF248014FF2470AD1
:10F470002F902E91CDF8B4A04FF246004FF24501E7
:10F480004FF2440A2C902B91CDF8A8A04FF29F0088
:10F490004FF26D014FF07F0A29902891CDF89CA082
:10F4A0004FF2670025924FF276014FF277024FF24A
:10F4B000260A269024914FF224012392CDF888A0A9
:10F4C0004FF223024FF2220A4FF2250020911F92A1
:10F4D0004FF21F014FF21E02CDF878A04FF2270A1B
:10F4E00021901B914FF220004FF237011A92CDF874
:10F4F00064A04FF238024FF2360A1C9017914FF277
:10F5000064004FF271011692CDF854A04FF26502DB
:10F510004FF2310A189002914FF22D004FF2630121
:10F520001392CDF848A04FF262024FF2A10A149054
:10F530001191CDF874904FF266001092CDF83CA076
:10F540004FF2600102F08CBB122B40F08482C24B60
:10F55000C24940221A80C24B80221A80C14B4FF40C
:10F56000E0621A80C04B4FF480721A80BF4B4FF498
:10F5700000721A80BE4B4FF440721A80BD4B4FF49C
:10F5800080621A80BC4B4FF4A0621A80BB4B40F2E1
:10F59000FF721A80BA4B4FF26F021A80B94B4FF2CA
:10F5A00034021A80B84B4FF22F021A80B74B4FF239
:10F5B000A1021A80B64B4FF274021A80B54B3F225B
:10F5C0001A80B54B4FF22C0BA3F800B04FF2A203F8
:10F5D0000B80B24942F2AC000880B1494FF21C24C2
:10F5E0000B804FF218154FF218294FF2183A4FF2CC
:10F5F00012504FF21241B394B295CDF8C492CDF8A7
:10F6000004A0B090AF914FF212144FF212254FF2B6
:10F6100012394FF2330A4FF20C504FF20C11002600
:10F62000AE94AD95CDF83090CDF8B0A2AA90A99146
:10F630004FF20C244FF20C354FF208594FF2081AD2
:10F640004FF208204FF20831A894AB964FF23104E4
:10F650000B95CDF89C92CDF898A2A5900A914FF207
:10F6600004554FF204494FF2041A4FF204204FF2AE
:10F670000431A494A195CDF88092CDF87CA29E90FF
:10F6800009914FF25C244FF258554FF258194FF23E
:10F69000582A4FF258304FF252519B949A95CDF818
:10F6A0006492CDF860A2979094914FF252444FF239
:10F6B00052154FF252294FF2523A4FF273004FF265
:10F6C0004C5193949295CDF84492CDF840A28F90EE
:10F6D0008D914FF24C144FF24C254FF24C394FF2B2
:10F6E000485A4FF248104FF248218C948B95CDF830
:10F6F0002892CDF824A2A3964FF2444AA2969D9652
:10F700009C96969695968E96889087914FF2442077
:10F710004FF244314FF271054FF24459CDF804A233
:10F7200080907F914FF22C2A4FF2A3004FF2750187
:10F730004FF248348595CDF808924FF22E054FF2DE
:10F740006009CDF8E0A1719070914FF22C5A4FF200
:10F750002E004FF22A0186940895CDF81C90CDF822
:10F76000B8A184964FF22C4A83967E9600967D9699
:10F770007C967B967A9606967996059677967696F7
:10F7800075967496739672966F966D966C966B9648
:10F79000689067914FF2B1004FF29E01CDF898A1A9
:10F7A000659003914FF2B40A4FF21D004FF21C0115
:10F7B000CDF890A1639062914FF21B0A4FF21A00AC
:10F7C0004FF21901CDF884A160905F914FF2180AB1
:10F7D0004FF217004FF21601CDF878A15D905C91C1
:10F7E0004FF2150A4FF214004FF21301CDF86CA13D
:10F7F0005A9059914FF2120A4FF211004FF2100134
:10F80000CDF860A1579056914FF20F0A4FF20E00BB
:10F810004FF20D01CDF854A1549053914FF20C0AC0
:10F820004FF20B004FF20A01CDF848A151905091D0
:10F830004FF2090A4FF208004FF20701CDF83CA140
:10F840004E904D914FF2060A4FF205004FF204011F
:10F85000CDF830A126E000BF9EE4FF1F7AE4FF1F31
:10F860009CE3FF1FA2E4FF1FA0E3FF1FAAE4FF1F0A
:10F87000AAE3FF1F7CE4FF1FB0E3FF1FACE4FF1F00
:10F88000A8E4FF1FCAE2FF1F78E4FF1FA6E4FF1FE2
:10F89000B0E4FF1F8EE4FF1FA2E3FF1F80E4FF1F01
:10F8A000C8E2FF1F6A964FF22C3A049669964B9075
:10F8B0004A914FF278004FF22C11CDF824A14890D4
:10F8C00047914FF2B00A4FF2B5004FF2AF01CDF8B9
:10F8D00018A1459044914FF25D0A4FF25C004FF23F
:10F8E0005B01CDF80CA1429041914FF25A0A4FF2C0
:10F8F00059004FF25801CDF800A13F903E914FF2D0
:10F90000570A4FF256004FF25501CDF8F4A03C9043
:10F910003B914FF2540A4FF253004FF25201CDF88F
:10F92000E8A0399038914FF2510A4FF250004FF24F
:10F930004F01CDF8DCA0369035914FF24E0A4FF2D0
:10F940004D004FF24C01CDF8D0A0339032914FF2E0
:10F950004B0A4FF24A004FF24901CDF8C4A0309053
:10F960002F914FF2480A4FF247004FF24601CDF86F
:10F97000B8A02D902C914FF2450A4FF244004FF25F
:10F980009F01CDF8ACA02A904FF26D0A29914FF259
:10F99000670125924FF27602CDF8A0A026914FF292
:10F9A000770A4FF2250124924FF224027F20CDF8EE
:10F9B0008CA021914FF2230A4FF2210120924FF2A5
:10F9C00020022790CDF87CA04FF226004FF21F0AAC
:10F9D0001D911C924FF227014FF264022290CDF844
:10F9E0006CA04FF222004FF2370A199118924FF291
:10F9F00036014FF230021E90CDF85CA04FF21E008F
:10FA00004FF2700A159114924FF265014FF22D02D8
:10FA10001A90CDF808A04FF238004FF2630A139104
:10FA200012924FF262014FF261021690CDF844A09B
:10FA30004FF21C534FF21857B446B0464FF24414DD
:10FA40004FF23505B1464FF2660010910F924FF21A
:10FA5000A00A04F0AABA102B40F07882C44BC54922
:10FA6000C54840221A80C54B80221A80C44B4FF4EF
:10FA7000E0621A80C34B4FF480721A80C24B4FF47D
:10FA800000721A80C14B4FF440721A80C04B4FF481
:10FA900080621A80BF4B4FF4A0621A80BE4B40F2C6
:10FAA000FF721A80BD4A4FF2310313804FF2700289
:10FAB0000A80BB490A80BB4A1380BB4B4FF26F01DF
:10FAC0001980BA4B3F221A80B94B4FF22C0BA3F886
:10FAD00000B04FF288030380B64842F2AC040480C1
:10FAE000B5484FF21C2403804FF218154FF2182925
:10FAF0004FF2183A4FF21250B394B295CDF8C49227
:10FB0000CDF804A0B0904FF212444FF212154FF20C
:10FB100012294FF2123A4FF211400026AF94AE95DF
:10FB2000CDF8B492CDF830A0AC904FF20C544FF217
:10FB30000C154FF20C294FF20C3A4FF20850AA94D0
:10FB4000A995CDF8A0924FF20814AB96CDF82CA051
:10FB5000A7904FF2330A4FF20450A6944FF20825B3
:10FB60004FF20839CDF890A2A1904FF204444FF221
:10FB7000043A4FF25C20A595CDF82890A0944FF25E
:10FB800004154FF20429CDF824A09B904FF258544D
:10FB90004FF2583A4FF252509F95CDF878929A947E
:10FBA0004FF258154FF25829CDF85CA294904FF2BD
:10FBB00052444FF2523A4FF251409995CDF860922B
:10FBC00093944FF252154FF25229CDF840A28F90E4
:10FBD0004FF24C544FF24C3A4FF248509295CDF8B8
:10FBE00044928D944FF24C154FF24C29CDF828A237
:10FBF00089904FF248144FF2730A4FF244508C959B
:10FC0000CDF82C92A396A2969D969C969696959644
:10FC10008E968894CDF814A282904FF26E0A4FF21D
:10FC20002C204FF248254FF24839CDF8F0A17890BA
:10FC30004FF2740A4FF22C508795CDF818924FF27C
:10FC400044444FF244254FF24439CDF8C0A16E90A0
:10FC50004FF2A10A4FF2A00081948095CDF8FC915B
:10FC6000CDF8B4A184964FF22A0A839608967E9620
:10FC700000967D967B967A960796069679960596D7
:10FC800077967696759674967396729671966F9629
:10FC90006C966B9604904FF22C40CDF89CA1669028
:10FCA0004FF2A70A4FF27500CDF894A103904FF2DE
:10FCB000A40A4FF21D00CDF890A163904FF21C0AE8
:10FCC0004FF21B00CDF888A161904FF21A0A4FF253
:10FCD0001900CDF880A15F904FF2180A4FF217007B
:10FCE000CDF878A15D904FF2160A4FF21500CDF8CD
:10FCF00070A15B904FF2140A4FF21300CDF868A187
:10FD000059904FF2120A4FF21100CDF860A15790AE
:10FD10004FF2100A4FF20F00CDF858A155904FF254
:10FD20000E0A4FF20D00CDF850A153904FF20C0A7D
:10FD30004FF20B00CDF848A151904FF20A0A4FF252
:10FD40000900CDF840A14F904FF2080A4FF207008A
:10FD5000CDF838A14D904FF2060A4FF20500CDF8CC
:10FD600030A16A964FF2040A6996689626E000BFB1
:10FD70009EE4FF1FCAE2FF1F7AE4FF1F9CE3FF1F00
:10FD8000A2E4FF1FA0E3FF1FAAE4FF1FAAE3FF1FD7
:10FD90007CE4FF1FB0E3FF1FACE4FF1FA8E4FF1FDC
:10FDA00078E4FF1FA6E4FF1FB0E4FF1F8EE4FF1FEF
:10FDB000A2E3FF1F80E4FF1FC8E2FF1F4B904FF23A
:10FDC0002C30CDF828A149904FF2780A4FF22C1030
:10FDD000CDF820A147904FF2A60A4FF2B500CDF81A
:10FDE00018A145904FF2A50A4FF25D00CDF810A181
:10FDF00043904FF25C0A4FF25B00CDF808A14190AE
:10FE00004FF25A0A4FF25900CDF800A13F904FF23D
:10FE1000580A4FF25700CDF8F8A03D904FF2560A1D
:10FE20004FF25500CDF8F0A03B904FF2540A4FF23C
:10FE30005300CDF8E8A039904FF2520A4FF251002A
:10FE4000CDF8E0A037904FF2500A4FF24F00CDF8B6
:10FE5000D8A035904FF24E0A4FF24D00CDF8D0A009
:10FE600033904FF24C0A4FF24B00CDF8C8A03190BE
:10FE70004FF24A0A4FF24900CDF8C0A02F904FF23E
:10FE8000480A4FF24700CDF8B8A02D904FF2460A2D
:10FE90004FF24500CDF8B0A02B904FF2440A4FF23C
:10FEA0009F00CDF8A8A029904FF26D0A7F20CDF8D1
:10FEB000A0A027904FF2670A4FF2760025924FF2EA
:10FEC0007702CDF898A024904FF2260A4FF2250031
:10FED00023924FF22402CDF888A021904FF2230AFA
:10FEE0004FF2220020924FF22102CDF87CA01E900A
:10FEF0004FF2200A4FF21F001D924FF21E02CDF862
:10FF000070A01B904FF2270A4FF264001A924FF232
:10FF10003702CDF864A0189017924FF2380A4FF2CA
:10FF200036004FF22F024FF21C534FF21857B446CF
:10FF3000B0464FF244144FF234054FF22E09CDF87B
:10FF400058A015901492029101F05EBC0E2B40F067
:10FF5000BE81B74B40221A80B64B80221A80B64B26
:10FF6000FF221A80B54B3F221A80B54B4FF22E016B
:10FF70004FF22C0BA3F800B04FF2310C00234FF2DC
:10FF800033000B914FF26F044FF22F054FF27309BC
:10FF90004FF2340A4FF27101CDF804C00C90A594D1
:10FFA0000A95CDF89092CDF824A04FF274004FF24C
:10FFB000600AB393B293B193B093AF93AE93AD9302
:10FFC000AC93AB93AA93A993A893A793A693A39357
:10FFD000A293A193A0939F939E939D939C939B9395
:10FFE0009A939993989397939693959394939393C5
:10FFF0009293919390938F938E938D938C938B93F5
:020000022000DC
:100000008A93899388938793869385938493839324
:100010008293819380937F9308937E9300937D9343
:100020007C936D914FF2F0017590CDF810A04FF2D6
:100030002A0065914FF2750A4FF21D016790CDF8C5
:100040000CA04FF2EF0063914FF21C0A4FF21A011D
:100050006490CDF888A14FF21B0060914FF2190A0D
:100060004FF2170161907B934FF218007A93079338
:100070000693799378930593779376937493739318
:100080007293719370936F936E936C936B936A9367
:10009000699368936693CDF87CA15D914FF2160A3F
:1000A0004FF214015E90CDF870A14FF215005A91F5
:1000B0004FF2130A4FF211015B90CDF864A14FF299
:1000C000120057914FF2100A4FF20E015890CDF8DE
:1000D00058A14FF20F0054914FF20D0A4FF20B014D
:1000E0005590CDF84CA14FF20C0051914FF20A0AF5
:1000F0004FF208015290CDF840A14FF209004E9105
:100100004FF2070A4FF205014F90CDF834A14FF29C
:1001100006004B914FF2040A4FF26E014C90CDF85D
:1001200028A14FF2780047914FF2B00A4FF2AF0189
:100130004890CDF818A14FF2350044914FF25D0A76
:100140004FF25B014590CDF80CA14FF25C0041915C
:100150004FF25A0A4FF258014290CDF800A14FF2E7
:1001600059003E914FF2570A4FF255013F90499383
:100170004FF25600CDF8F4A03B914FF2540A4FF2E3
:1001800052013C90CDF8E8A04FF2530038914FF265
:10019000510A4FF24F013990CDF8DCA04FF25000D8
:1001A00035914FF24E0A4FF24C013690CDF8D0A067
:1001B0004FF24D0032914FF24B0A4FF2490133900A
:1001C000CDF8C4A04FF24A002F914FF2480A4FF2E7
:1001D00046013090CDF8B8A04FF247002C914FF275
:1001E000450A4FF2B3012D90CDF8ACA04FF2440078
:1001F00029914FF26D0A4FF2670125924FF2760274
:100200002A90CDF8A0A07F20269124924FF2770A61
:100210004FF225014FF224022790CDF88CA04FF227
:100220002600219120924FF2230A4FF2210109E08A
:100230009EE4FF1F9CE3FF1FACE4FF1F8EE4FF1F43
:10024000A2E3FF1F4FF220022290CDF87CA04FF2D4
:1002500022001D911C924FF21F0A4FF227014FF20C
:1002600064021E90CDF86CA04FF2370A19911892D3
:100270004FF236014FF230024FF21E00CDF85CA073
:1002800015914FF2700A4FF2650114924FF22D0250
:100290001A90CDF808A04FF238004FF2630A13917C
:1002A00012924FF262014FF261021690CDF844A013
:1002B0001E461F469C4698461C461D4699464FF2D0
:1002C000660010910F924FF2B40A03F06EBE112B2C
:1002D00040F07782C34B40221A80C34B80221A80A1
:1002E000C24B4FF4E0621A80C14B4FF480721A8007
:1002F000C04B4FF400721A80BF4B4FF440721A800B
:10030000BE4B4FF480621A80BD4B4FF4A0621A803E
:10031000BC4B40F2FF721A80BB4B4FF274021A8042
:10032000BA4B4FF22F021A80B94B4FF26F021A806C
:10033000B84B4FF234021A80B74B4FF263021A8067
:10034000B64B3F224FF21C244FF218154FF21829DA
:100350004FF2183A4FF212504FF212411A80B394F2
:10036000AF4BB295CDF8C492CDF804A0B090AF9148
:100370004FF212144FF212254FF212394FF2114A76
:100380004FF20C504FF20C110026AE94AD95CDF803
:100390003090CDF8B0A2AA90A9914FF20C244FF260
:1003A0000C354FF208594FF2081A4FF208204FF25D
:1003B00008314FF22C0BA3F800B0A8940B95CDF8A0
:1003C0009C92CDF898A2AB964FF2042AA5900A9180
:1003D0004FF25C214FF204544FF204454FF20419DE
:1003E000CDF878A24FF204309B914FF2583A4FF279
:1003F0005241A194A095CDF87C9209904FF25854A7
:100400004FF258154FF25829CDF85CA24FF25250D6
:1004100093914FF2514A4FF24C119A949995CDF81D
:10042000609294904FF252144FF252254FF252398B
:10043000CDF83CA24FF24C508C914FF2481A4FF23B
:10044000483192949195CDF840928D904FF24C2482
:100450004FF24C354FF24859CDF820A24FF24820C8
:1004600086914FF2443A4FF22C218B948A95CDF825
:10047000249287904FF244294FF29E00A496A396AF
:10048000A2969D969C96969695968E968596CDF874
:10049000FCA178914FF2B00A4FF28801CDF800929A
:1004A0007B904FF29F097591CDF8C0A14FF22C506F
:1004B0004FF2AE014FF2A10A4FF244544FF24445BD
:1004C000CDF81490CDF8DC916E904FF2A3096D91A8
:1004D000CDF810A04FF2A2004FF22A014FF22C4AA1
:1004E00082948195CDF8C4918496839608967E96E1
:1004F00000967D967C967A960796069679967696DD
:100500007496739672966F966C966B966A966990CF
:100510006791CDF898A14FF271007F214FF2700AD8
:1005200065900391CDF890A14FF21D004FF21C0190
:100530004FF21B0A63906291CDF884A14FF21A002A
:100540004FF219014FF2180A60905F91CDF878A12F
:100550004FF217004FF216014FF2150A5D905C91B1
:10056000CDF86CA14FF214004FF213014FF2120AB2
:100570005A905991CDF860A14FF211004FF210013D
:100580004FF20F0A57905691CDF854A14FF20E003A
:100590004FF20D014FF20C0A54905391CDF848A13F
:1005A0004FF20B004FF20A014FF2090A519050919D
:1005B000CDF83CA14FF208004FF207014FF2060AB6
:1005C0004E904D91CDF830A14FF205004FF204014D
:1005D0004FF22C3A4B904A91CDF824A14FF26D0086
:1005E00020E000BF9EE4FF1F9CE3FF1FA2E4FF1F6B
:1005F000A0E3FF1FAAE4FF1FAAE3FF1F7CE4FF1F85
:10060000B0E3FF1FACE4FF1FA8E4FF1FCAE2FF1F17
:1006100078E4FF1FA6E4FF1FB0E4FF1F8EE4FF1F76
:10062000A2E3FF1F4FF22C114FF2310A6896489057
:100630004791CDF818A145924FF230004FF25D017D
:100640004FF25C024FF25B0A449043914292CDF824
:1006500004A14FF25A004FF259014FF258024FF2E3
:10066000570A40903F913E92CDF8F4A04FF25600C9
:100670004FF255014FF254024FF2530A3C903B9116
:100680003A92CDF8E4A04FF252004FF251014FF2EE
:1006900050024FF24F0A389037913692CDF8D4A0DD
:1006A0004FF24E004FF24D014FF24C024FF24B0A07
:1006B000349033913292CDF8C4A04FF24A004FF2F9
:1006C00049014FF248024FF2470A30902F912E9283
:1006D000CDF8B4A04FF246004FF245014FF244026C
:1006E0004FF25F0A2C902B912A92CDF8A4A04FF2E2
:1006F0009A004FF277014FF22E024FF2760A2890BD
:10070000279126924FF278014FF22602CDF894A05D
:100710004FF2250A4FF23800239122924FF2230123
:100720004FF22202CDF884A04FF2210A24901F91AB
:100730004FF224004FF21F011E92CDF874A04FF229
:100740001E024FF2270A20901B914FF220004FF219
:1007500037011A92CDF864A04FF22D024FF2360AFB
:100760001C9017914FF294004FF264011692CDF84D
:1007700054A04FF266024FF2350A189002914FF2E0
:100780006E001392CDF848A011914FF261024FF222
:1007900062014FF2A00A149010914FF21C534FF2D5
:1007A0001857B446B0464FF244144FF2B105B14663
:1007B0004FF267000F92CDF838A04FF2750103F0A9
:1007C000F8BB072B40F08682C24BC34840221A80F8
:1007D000C24B80221A80C24B4FF4E0621A80C14B98
:1007E0004FF400721A80C04B4FF440721A80BF4B16
:1007F0004FF480621A80BE4B4FF4A0621A80BD4B4A
:1008000040F2FF721A80BC4B4FF22F021A80BB4B92
:100810004FF2B4021A80BA4B4FF2B1021A80B94BB0
:100820004FF26F021A80B84B4FF2B8021A80B74BE2
:100830003F221A80B64B4FF22C0BA3F800B0B54BF9
:100840004FF2540119804FF288030380B24842F2FC
:10085000AC040480B1484FF21C540380B3944EF2B0
:100860006C054FF218594FF2340A4FF212304FF222
:100870001244B295CDF8C492CDF804A0B090AF94D4
:100880004EF266054FF212594FF2122A4FF2114002
:100890004FF20C340026AE95CDF8B492CDF830A0CE
:1008A000AC90AA944EF260054FF20C594FF20C2A0C
:1008B0004FF208304EF25C04A995CDF8A0924FF2A9
:1008C0001F054FF22409AB96CDF82CA0A790A69453
:1008D0004FF2260A4FF214304FF21444A595CDF88A
:1008E0002890CDF890A2A190A0944EF268054FF206
:1008F00014594FF2270A4FF25C504EF2AC049F9508
:10090000CDF87892CDF824A09B9099944FF2585549
:100910004FF258294FF2523A4FF252404EF2A6048B
:100920009895CDF85C92CDF850A2939092944FF2A6
:1009300052554FF252294FF2514A4FF24C304EF27B
:10094000A0049195CDF84092CDF83CA28D908C9466
:100950004FF24C554FF24C294FF2483A4EF29C0060
:100960004FF248544FF218378B95CDF82892CDF8B6
:1009700024A24FF254394FF2544AA396A2969D9660
:100980009C969A97969695968E96889087944FF215
:1009900054500C464FF25421CDF80892CDF804A2E1
:1009A00080907F914FF231094FF22C5A4FF275002F
:1009B0004FF235014FF24825CDF8E491CDF8E0A192
:1009C000059077914FF26D094FF22C3A4FF22300C8
:1009D0004FF271018695CDF8D491CDF8B8A16D9004
:1009E0004FF22A0A4FF22C408596849683960896F9
:1009F0007E9600967D967C967B967A9607960696CE
:100A00007696749673967296719670966F966C96AB
:100A10006B9604914FF2A701CDF89CA16690659169
:100A20004FF29E0A4FF2A6004FF21A01CDF80CA029
:100A3000649063914FF21C0A4FF21B004FF21D01AC
:100A4000CDF888A1619060914FF2190A4FF2180019
:100A50004FF21701CDF87CA15E905D914FF2160A1E
:100A60004FF215004FF20401CDF870A15B905A913E
:100A70004FF2130A4FF212004FF21101CDF864A1A8
:100A8000589057914FF2330A4FF20F004FF20E0178
:100A9000CDF858A1559054914FF20D0A4FF20C0029
:100AA0004FF20B01CDF84CA1529051914FF20A0A2E
:100AB0004FF209004FF20801CDF840A14F904E913E
:100AC0004FF2070A4FF206004FF20501CDF834A1AC
:100AD0004C9025E09EE4FF1F7AE4FF1F9CE3FF1F7C
:100AE000A2E4FF1FAAE3FF1FB0E3FF1F7CE4FF1F88
:100AF000AAE4FF1FACE4FF1FA8E4FF1FCAE2FF1F28
:100B000078E4FF1FB0E4FF1FA6E4FF1F8EE4FF1F81
:100B1000A2E3FF1FA0E3FF1F80E4FF1FC8E2FF1F47
:100B20004FF2140A4FF22C206A96699668964B9100
:100B30004FF26E01CDF828A1499048914FF2A30AD7
:100B40004FF2AF00BF21CDF81CA1469045914FF266
:100B5000B00A4FF25A004FF25C01CDF810A1439059
:100B600042914FF25B0A4FF25D004FF25901CDF80E
:100B700004A140903F914FF2580A4FF257004FF2B4
:100B80005601CDF8F8A03D903C914FF2550A4FF236
:100B900044004FF25301CDF8ECA03A9039914FF256
:100BA000520A4FF251004FF27301CDF8E0A0379096
:100BB00036914FF24F0A4FF24E004FF24D01CDF8F1
:100BC000D4A0349033914FF24C0A4FF24B004FF2C5
:100BD0004A01CDF8C8A0319030914FF2490A4FF246
:100BE00048004FF24701CDF8BCA02E902D914FF256
:100BF000460A4FF245004FF29F01CDF8B0A02B906E
:100C00004FF2500A2A9429914FF23801CDF8A0A052
:100C100026914FF2370A4FF2650125924FF23602C4
:100C20002492CDF88CA04FF264024FF2630A219116
:100C30004FF261017F202092CDF87CA04FF260023C
:100C40004FF25F0A1D914FF2670127901C924FF2FD
:100C500066004FF27702CDF86CA019914FF2760A38
:100C60004FF21001229018924FF262004FF2780278
:100C7000CDF85CA015914FF2700A4FF222011E9040
:100C800014924FF25E004FF22102CDF808A01391AA
:100C90004FF21E0A4FF274011A9012924FF22E0078
:100CA000CDF844A010914FF2A00A4FF230024FF25B
:100CB00020011690CDF838A04FF21C33B446B04650
:100CC0003546B1464FF22D000F920D914FF2250A95
:100CD00003F032BA0B2B40F0C980514B51484022EF
:100CE0001A80514B80221A80504B4FF4E0621A80D8
:100CF0004F4B4FF400721A804E4B4FF440721A80E3
:100D00004D4B4FF480621A804C4B4FF4A0621A8016
:100D10004B4B40F2FF721A804A4B4FF22E021A8060
:100D2000494B4FF2AD021A80484B4FF26E021A80C7
:100D3000474B4FF230021A80464B4FF2AE021A80F8
:100D4000454B3F221A80454B4FF22C0BA3F800B0C5
:100D5000434B4FF2440119804FF28803038041480E
:100D600042F2AC04048040484FF21C544EF25C0541
:100D70004FF218590380B394B295CDF8C4924FF254
:100D8000182A4FF233004FF212444EF256054FF23A
:100D90001259CDF804A0B090AF94AE95CDF8B492AE
:100DA0004FF2122A4FF211404FF20C344EF250051E
:100DB0004FF20C590026CDF830A0AC90AA94A9951A
:100DC000CDF8A0924FF20C2A4FF208304EF24C04AC
:100DD0004FF273054FF26F09AB96CDF82CA04FF28E
:100DE000610AA790A694A595CDF828904FF23400FB
:100DF0004FF204444EF248054FF20459CDF890A248
:100E00004FF21C334FF22F07B446B046A396A2967A
:100E1000A190A0949F95CDF878924FF2740AF1E0DA
:100E20009EE4FF1F7AE4FF1F9CE3FF1FA2E4FF1F65
:100E3000AAE3FF1FB0E3FF1F7CE4FF1FAAE4FF1F2C
:100E4000ACE4FF1FA8E4FF1FCAE2FF1F78E4FF1F06
:100E5000B0E4FF1FA6E4FF1F8EE4FF1FA2E3FF1F05
:100E6000A0E3FF1F80E4FF1FC8E2FF1F082B40F034
:100E70008882514B514840221A80514B80221A805F
:100E8000504B4FF4E0621A804F4B4FF400721A80BF
:100E90004E4B4FF440721A804D4B4FF480621A80D3
:100EA0004C4B4FF4A0621A804B4B40F2FF721A80F9
:100EB0004A4B4FF22E021A80494B4FF2AD021A8074
:100EC000484B4FF26E021A80474B4FF230021A80A5
:100ED000464B4FF2AE021A80454B3F221A80454BDB
:100EE0004FF22C0BA3F800B0434B4FF24401198092
:100EF0004FF288030380414842F2AC04048040482A
:100F00004FF21C544EF25C054FF218590380B39413
:100F1000B295CDF8C4924FF2182A4FF273004FF2F7
:100F200012444EF256054FF21259CDF804A0B0907B
:100F3000AF94AE95CDF8B4924FF2122A4FF2114011
:100F40004FF20C344EF250054FF20C590026CDF8FA
:100F500030A0AC90AA94A995CDF8A0924FF20C2A9B
:100F60004FF208304EF24C044FF233054FF22F0986
:100F7000AB96CDF82CA04FF2610AA790A694A59548
:100F8000CDF828904FF274004FF204444EF2480519
:100F90004FF20459CDF890A24FF21C334FF26F0775
:100FA000B446B046A396A296A190A0949F95CDF882
:100FB00078924FF2340A25E09EE4FF1F7AE4FF1F87
:100FC0009CE3FF1FA2E4FF1FAAE3FF1FB0E3FF1F84
:100FD0007CE4FF1FAAE4FF1FACE4FF1FA8E4FF1F8F
:100FE000CAE2FF1F78E4FF1FB0E4FF1FA6E4FF1F63
:100FF0008EE4FF1FA2E3FF1FA0E3FF1F80E4FF1F9B
:10100000C8E2FF1F4FF25C504FF25834CDF824A0D5
:101010009B909A944EF29C054FF2582A4FF2523010
:101020004FF2524499954FF25859CDF85CA29490E2
:1010300093944EF296054FF2522A4FF251404FF2DE
:101040004C34CDF8609292954FF25259CDF840A2AF
:101050008F908D944EF290054FF24C2A4FF248300B
:101060004EF28C04CDF844928C954FF24C59CDF849
:1010700028A2899088944FF248554FF2443A4FF293
:1010800044400C464FF24451CDF82C9287954FF2D4
:101090004829CDF808A2819080914FF244254FF263
:1010A000A10A4FF2A3004FF22C31CDF818927F9590
:1010B0009D969C96969695968E9685968496839602
:1010C00008967E96CDF8D4A171906E914FF2A20A47
:1010D0004FF29E004FF27101CDF8B4A16C900491D3
:1010E0004FF2A50A4FF22A004FF22C41CDF8A4A1ED
:1010F000679066914FF2B10A4FF2A4004FF2B4012B
:101100004FF22C59CDF894A1039064914FF21C0A30
:101110004FF21D004FF21B01CDF8E091CDF88CA1EC
:1011200000964FF21A0A7D967C967B967A960796E1
:101130000696799605967796769674967396729635
:1011400070966F966B966A966896629061914FF270
:1011500019004FF21801CDF880A15F905E914FF217
:10116000170A4FF216004FF21501CDF874A15C90EA
:101170005B914FF2140A4FF213004FF21201CDF8B7
:1011800068A1599058914FF2110A4FF210004FF296
:101190000F01CDF85CA1569055914FF20E0A4FF217
:1011A0000D004FF20C01CDF850A1539052914FF227
:1011B0000B0A4FF20A004FF20901CDF844A15090FA
:1011C0004F914FF2080A4FF207004FF20601CDF897
:1011D00038A14D904C914FF2050A4FF204004FF2A6
:1011E0002C21CDF82CA14A9049914FF2780A4FF268
:1011F0002C104FF2B001CDF820A1479046914FF04E
:10120000BF0A4FF2AF004FF25C01CDF814A1449039
:1012100043914FF25D0A4FF25B004FF25A01CDF855
:1012200008A141904FF2590A40914FF258004FF2F5
:101230005701CDF8FCA03E903D914FF2560A4FF277
:1012400055004FF25401CDF8F0A03B903A914FF287
:10125000530A4FF252004FF25101CDF8E4A03890FA
:1012600037914FF2500A4FF24F004FF24E01CDF836
:10127000D8A0359034914FF24D0A4FF24C004FF206
:101280004B01CDF8CCA0329031914FF24A0A4FF287
:1012900049004FF24801CDF8C0A02F902E914FF297
:1012A000470A4FF246004FF24501CDF8B4A02C900A
:1012B0002B914FF29F0A4FF26D007F21CDF8A4A031
:1012C000289027914FF2670A25924FF276004FF24D
:1012D00077014FF22602CDF898A024902391229214
:1012E0004FF2250A4FF224004FF223014FF222025F
:1012F000CDF884A020901F914FF2210A4FF21F01D8
:101300002A941E924FF21E02CDF874A01B914FF248
:10131000270A4FF237011A924FF238024FF220009B
:10132000CDF864A017914FF2360A4FF26001169281
:101330004FF265021C90CDF854A04FF264004FF2BA
:101340002D0A029113924FF263014FF2620218903C
:10135000CDF848A04FF25E004FF2310A1191109281
:101360004FF2A0014FF25F021490CDF83CA0354639
:10137000B1464FF266000E910D924FF2700A02F0E4
:10138000DBBE132B40F05A82C04B40221A80C04B68
:1013900080221A80BF4B4FF4E0621A80BE4B4FF49C
:1013A00080721A80BD4B4FF400721A80BC4B4FF410
:1013B00040721A80BB4B4FF480621A80BA4B40F2E5
:1013C000FF721A80B94B4FF2B4021A80B84B4FF239
:1013D0002F021A80B74B4FF2B1021A80B64B4FF270
:1013E0006F021A80B54B3F224FF21C244FF21815A2
:1013F0004FF218294FF2183A4FF212404FF21211E1
:101400001A80B394AE4BB295CDF8C492CDF804A037
:10141000B090AE914FF212244FF212354FF23309D1
:101420004FF20C4A4FF20C104FF20C210026AD94F3
:101430000C95CDF8B092CDF8A8A2A990A8914FF242
:101440000C344FF208454FF208194FF2082A4FF2B8
:1014500008304FF204414FF22C0BA3F800B00B946C
:10146000A795CDF89892CDF894A20A904FF2041463
:101470004FF204254FF204394FF25C2A4FF25840E4
:10148000AF96AB96A496A1914FF258119F949E955A
:10149000CDF82490CDF86CA29A9099914FF25824EF
:1014A0004FF258354FF252494FF2521A4FF2522032
:1014B0004FF2523198949795CDF85092CDF848A2BA
:1014C000919090914FF273044FF24C454FF24C19AA
:1014D0004FF24C2A4FF24C304FF248418F948D9589
:1014E000CDF83092CDF82CA28A9089914FF2481411
:1014F0004FF248254FF248394FF2444A4FF2442008
:101500004FF2443188948795CDF81892A396A2960D
:10151000A0969D969C969696959693968E96859671
:1015200084968396CDF808A280907F914FF2750A39
:101530004FF2B5004FF22C414FF22E054FF22C29FD
:10154000CDF8D4A171906E914FF26E0A4FF22A003D
:101550004FF2B0010895CDF8E091CDF8A0A18196A9
:101560004FF2310A7E9600967D967C967B967A960F
:10157000079606967996059677967696749673965C
:10158000729670966F966D966C966B966A960496A8
:101590006996679066914FF235004FF23401CDF8AD
:1015A00094A1039064914FF21D0A4FF21C004FF278
:1015B0001B01CDF88CA1629061914FF21A0A4FF293
:1015C00019004FF21801CDF880A15F905E914FF2A3
:1015D000170A4FF216004FF21501CDF874A15C9076
:1015E0005B914FF2140A4FF213004FF21201CDF843
:1015F00068A1599058914FF2110A4FF210004FF222
:101600000F01CDF85CA1569055914FF20E0A4FF2A2
:101610000D004FF20C01CDF850A1539052914FF2B2
:101620000B0A4FF20A004FF20901CDF844A1509085
:101630004F914FF2080A4FF207004FF20601CDF822
:1016400038A14D904C914FF2050A4FF204004FF231
:101650002C31CDF82CA14A9049914FF2780A4FF2E3
:101660002C104FF27101CDF820A147904FF2AD0A36
:1016700046914FF274004FF25D01CDF814A14490F1
:1016800043914FF25C0A4FF25B001BE09EE4FF1FA8
:101690009CE3FF1FA2E4FF1FA0E3FF1FAAE4FF1FBC
:1016A000AAE3FF1FB0E3FF1FACE4FF1FA8E4FF1F86
:1016B000CAE2FF1F78E4FF1FB0E4FF1F8EE4FF1FA4
:1016C000A2E3FF1F4FF25A01CDF808A141904091CB
:1016D0004FF2590A4FF258004FF25701CDF8FCA0D3
:1016E0003E903D914FF2560A4FF255004FF2540191
:1016F000CDF8F0A03B903A914FF2530A4FF25200CE
:101700004FF25101CDF8E4A0389037914FF2500AD2
:101710004FF24F004FF24E01CDF8D8A035903491E2
:101720004FF24D0A4FF24C004FF24B01CDF8CCA0D6
:10173000329031914FF24A0A4FF249004FF248017C
:10174000CDF8C0A02F902E914FF2470A4FF24600DD
:101750004FF24501CDF8B4A02C902B914FF2440AE2
:101760004FF294004FF26D01CDF8A8A02990289176
:101770004FF07F0A4FF2670025924FF276014FF249
:101780007702CDF89CA026904FF2260A24914FF2C2
:1017900025004FF2240123924FF22302CDF888A0B6
:1017A00021904FF2220A4FF2210020911F924FF216
:1017B00020014FF21F02CDF878A01D904FF21E0AB3
:1017C0004FF227001C911B924FF264014FF2370237
:1017D000CDF868A01990189117924FF2380A4FF27D
:1017E00036004FF230014FF270024FF21C434FF2BD
:1017F0001847B446B0464FF244143546B146CDF8CA
:1018000058A01590149102924FF2650A4FF22D01E3
:101810004FF26302CDF84CA012914FF2620A4FF2E0
:10182000610111924FF26600CDF840A00F914FF286
:10183000A0020E924FF25F0A00F06FBF0D2B40F036
:101840001582B74BB74940221A80B74B80221A80C5
:10185000B64B4FF440721A80B54B4FF480721A8029
:10186000B44B4FF400721A80B34B40F2FF321A802F
:10187000B24B4FF2B4021A80B14B4FF235021A80CC
:10188000B04B3F221A80B04B4FF22C0BA3F800B0A4
:101890004FF2A1030B80AD4942F2AC000880AC4985
:1018A0004FF298000B804FF21811B19001914FF256
:1018B00092044FF288004FF2081100234FF21C2CC3
:1018C000AD944FF212154FF28C094FF20C1AA590FD
:1018D0000A914FF284044FF218104FF2D201CDF862
:1018E000CCC20C95CDF8A092CDF82CA04FF20415E7
:1018F0004FF2D80AB293B093AF93AE93AC93AB933D
:10190000AA93A993A793A693A493A3939E94979025
:1019100091914FF212144FF20C104FF2C801099539
:101920004FF25C29CDF860A290944FF2CC058A90DA
:1019300087914FF208144FF204104FF275014FF2E5
:10194000B50ACDF86C928B9586944FF2C405A2939C
:10195000A193A0939F939D939C939A93999396930D
:1019600095939493939392938F938E938D938C935B
:101970008993889385938493839382937F907191C5
:10198000CDF8B0A14FF260004FF22A014FF2710A78
:101990008095049067914FF270007F2181930893A6
:1019A0007E9300937D937C937B937A930793069326
:1019B0007993789305937793769375937493739350
:1019C000729370936F936E936D936B936A93699315
:1019D0006893CDF898A14FF26F0A65900391CDF806
:1019E00090A14FF21D004FF21C014FF21B0A6390B1
:1019F0006291CDF884A14FF21A004FF219014FF213
:101A0000180A60905F91CDF878A14FF217004FF25D
:101A100016014FF2150A5D905C91CDF86CA14FF262
:101A200014004FF213014FF2120A5A905991CDF857
:101A300060A14FF211004FF210014FF20F0A5790C0
:101A40005691CDF854A14FF20E004FF20D014FF216
:101A50000C0A54905391CDF848A14FF20B004FF26D
:101A60000A014FF2090A51905091CDF83CA14FF272
:101A700008004FF207014FF2060A4E904D91CDF843
:101A800030A14FF205004FF204014FF2F40A4B90DF
:101A90004A91CDF824A14FF26D004FF263014FF24D
:101AA000300A48904791CDF818A14FF22F00459287
:101AB0004FF25D014FF25C024FF25B0A449043919A
:101AC0004292CDF804A14FF25A004FF259014FF261
:101AD00058024FF2570A40903F913E92CDF8F4A041
:101AE0004FF256004FF255014FF254024FF2530A93
:101AF0003C903B913A92CDF8E4A04FF252004FF265
:101B000051014FF250024FF24F0A389037913692FE
:101B1000CDF8D4A04FF24E004FF24D011AE000BFB5
:101B20009EE4FF1F7AE4FF1F9CE3FF1FA2E4FF1F58
:101B3000AAE3FF1FAAE4FF1FACE4FF1FCAE2FF1FD6
:101B400078E4FF1F8EE4FF1FA2E3FF1F80E4FF1F66
:101B5000C8E2FF1F4FF24C024FF24B0A3490339110
:101B60003292CDF8C4A04FF24A004FF249014FF231
:101B700048024FF2470A30902F912E92CDF8B4A030
:101B80004FF246004FF245014FF244024FF2740A01
:101B90002C902B912A92CDF8A4A04FF278004FF20E
:101BA00077014FF22E024FF2760A28902791269263
:101BB000CDF894A04FF233004FF273014FF226029A
:101BC0004FF2250A249023914FF224004FF2230173
:101BD0002292CDF884A04FF222024FF2210A2090E7
:101BE0001F914FF220004FF21F011E92CDF874A0FA
:101BF0004FF21E024FF2270A1C901B914FF2380041
:101C00004FF237011A92CDF864A04FF22D024FF235
:101C1000360A189017914FF26E004FF26501169236
:101C2000CDF854A04FF266024FF2340A149002919C
:101C30001E461F469C4698461C461D4699464FF236
:101C400067001392CDF848A04FF264014FF2620290
:101C50004FF2610A11911092CDF83CA04FF2310180
:101C60004FF25F020E910D9202F0A4B90C2B40F0DE
:101C70009282D24BD24840221A80D24B80221A80C4
:101C8000D14B4FF4E0621A80D04B4FF400721A80AF
:101C9000CF4B4FF440721A80CE4B4FF480621A80C3
:101CA000CD4B4FF4A0621A80CC4B40F2FF721A80E9
:101CB000CB4B4FF2B4021A80CA4B4FF234021A8057
:101CC000C94B4FF2B1021A80C84B4FF275021A800D
:101CD000C74B4FF235021A80C64B3F221A80C64BC3
:101CE0004FF22C0BA3F800B0C44B4FF24401198003
:101CF0004FF2A2030380C24842F2AC040480C14800
:101D00004FF21C240380B3944EF25C054FF2182965
:101D10004FF2183A4FF212404EF25604B295CDF8F7
:101D2000C492CDF804A0B090AE944FF212254FF2B9
:101D300012394FF22F0A4FF20C404EF250044FF07E
:101D4000000CAD95CDF83090CDF8ACA2AA90A99436
:101D50004FF20C254FF20C394FF2084A4EF24C006C
:101D60004FF20824A895CDF8BCC24FF20835CDF843
:101D7000B0C2CDF82C90CDF89CA2A690A5944FF2BD
:101D800033094FF2045A4FF204404EF248040A95C8
:101D9000CDF88C92CDF888A2A1909F944FF20425A3
:101DA0004FF204394FF2780A4FF25C204FF2584458
:101DB0009E95CDF82490CDF870A29B909A944EF207
:101DC0009C054FF258294FF2583A4FF252404EF2CA
:101DD00096049995CDF86092CDF85CA29490929477
:101DE0004FF252254FF252394FF26F0A4FF24C40E8
:101DF0004EF290049195CDF84092CDF838A28D9096
:101E00008C944FF24C254FF24C394FF2484A4EF227
:101E10008C004FF248248B95CDF82892CDF824A25F
:101E2000CDF890C24FF2445ACDF880C2CDF874C2BA
:101E3000CDF858C2CDF854C2CDF84CC2CDF83CC252
:101E4000889087944FF244400C464FF284214FF221
:101E500048354FF27309CDF80CA2829080914FF271
:101E60002C2A4FF2B5004FF22C418695CDF81092F6
:101E70004FF244354FF29009CDF8E0A175906E9184
:101E80004FF22A0A4FF2B0004FF2A7017F95CDF82A
:101E9000E491CDF814C2CDF804C2CDF820C0CDF83D
:101EA000F8C1CDF800C0CDF8F4C1CDF8F0C1CDF83F
:101EB000ECC1CDF8E8C1CDF81CC0CDF818C0CDF804
:101EC00014C0CDF8DCC1CDF8D8C1CDF8D0C1CDF863
:101ED000CCC1CDF8C8C1CDF8C4C1CDF8C0C1CDF8D2
:101EE000BCC1CDF8B4C1CDF8B0C1CDF8ACC1CDF80E
:101EF0009CA1669065914FF0BF0A4FF2A4004FF28B
:101F00001D01CDF80CA0649063914FF21C0A4FF2B2
:101F10001B004FF21A01CDF888A1619060914FF239
:101F2000190A4FF218004FF21701CDF87CA15E900C
:101F30005D914FF2160A4FF215004FF21401CDF8E1
:101F400070A15B905A914FF2130A4FF212004FF2B8
:101F50001101CDF864A1589057914FF2100A4FF239
:101F60000F004FF20E01CDF858A1559054914FF249
:101F70000D0A4FF20C004FF20B01CDF84CA152901C
:101F800051914FF20A0A4FF209004FF20801CDF8C1
:101F900040A14F904E914FF2070A4FF206004FF2C8
:101FA0000501CDF834A14C904FF2040A4FF22C30C9
:101FB000CDF8A8C1CDF810C026E000BF9EE4FF1FF9
:101FC0007AE4FF1F9CE3FF1FA2E4FF1FAAE4FF1FA8
:101FD000AAE3FF1FB0E3FF1FA4E3FF1FACE4FF1F52
:101FE000A8E4FF1FCAE2FF1F78E4FF1FB0E4FF1F51
:101FF000CEE2FF1F8EE4FF1FA2E3FF1FA0E3FF1F3F
:1020000080E4FF1FC8E2FF1FCDF8A4C1CDF8A0C136
:102010004B914FF26E01CDF828A1499048914FF2B3
:102020002C1A4FF2A6004FF2AD01CDF81CA146903C
:1020300045914FF2A50A4FF25D004FF25C01CDF8D9
:1020400010A1439042914FF25B0A4FF25A004FF2B7
:102050005901CDF804A140903F914FF2580A4FF238
:1020600057004FF25601CDF8F8A03D903C914FF249
:10207000550A4FF254004FF25301CDF8ECA03A90BC
:1020800039914FF2520A4FF251004FF25001CDF800
:10209000E0A0379036914FF24F0A4FF24E004FF2C8
:1020A0004D01CDF8D4A0349033914FF24C0A4FF249
:1020B0004B004FF24A01CDF8C8A0319030914FF259
:1020C000490A4FF248004FF24701CDF8BCA02E90CC
:1020D0002D914FF2460A4FF245004FF29401CDF890
:1020E000B0A02B904FF2700A2A9429914FF2670109
:1020F0007F20CDF8A0A026914FF2770A4FF225015C
:1021000025924FF27602279024924FF226004FF24A
:102110002402CDF88CA021914FF2230A4FF2210125
:10212000229020924FF222004FF22002CDF87CA0A4
:102130001D914FF21F0A4FF227011E901C924FF281
:102140001E004FF26402CDF86CA019914FF2370ACD
:102150004FF236011A9018924FF22E004FF23102D0
:10216000CDF85CA015914FF2710A4FF265011690FF
:1021700014924FF21C434FF238064FF21847E046D4
:102180006546E146CDF808A04FF2660013914FF284
:10219000740201F09DB8152B40F0C382BD4BBE49BF
:1021A00040221A80BD4B80221A80BD4B4FF4E06262
:1021B0001A80BC4B4FF400721A80BB4B4FF4407234
:1021C0001A80BA4B4FF480621A80B94B4FF4A06268
:1021D0001A80B84B40F2FF721A80B74B4FF2600280
:1021E0001A80B64B4FF2B3021A80B54B4FF2B102D0
:1021F0001A80B44B4FF2B0021A80B34B4FF2AF02C9
:102200001A80B24B4FF22C0BA3F800B0B04B4FF238
:1022100044021A804FF288030B80AE4942F2AC00B0
:102220000880AD490B80AD4B4FF48F711980AC4BDA
:102230004FF26F011980AB4B40F21F111980AA4B6E
:102240004FF22F011980A94B4FF498711980A84BB8
:102250004FF274011980A74B40F231111980A64B3F
:102260004FF20C011980A54B4FF4AF711980A44BAC
:102270004FF273011980A34B40F251111980A24B08
:102280004FF233014FF21C241980B3944EF25C05D7
:102290004FF218294FF2183A4FF236004FF212411E
:1022A0004EF25604B295CDF8C4924FF21225CDF8F5
:1022B00004A04FF21239B090AF91AE944FF2114A90
:1022C0004FF20C504EF250014FF20C24AD95CDF868
:1022D0003090CDF8B0A2AA90A991A8944FF20C35F5
:1022E0004FF208594EF24C0A4FF275004FF2083186
:1022F0004FF237040B95CDF89C92CDF898A2A5909B
:102300000A91A4944FF204554FF204494EF2480A40
:102310004FF204204FF204314FF29604A195CDF80C
:102320008092CDF87CA29E9009919D944FF25C25FD
:102330004FF270094EF29C0A4FF258204FF258317A
:102340004FF2760400269B95CDF86892CDF864A2F2
:102350009890979194944FF252454EF296094FF20D
:10236000522A4FF252304FF251414FF24C54AB9639
:10237000A396A2969C96969695969395CDF848929C
:10238000CDF844A290908F918D944EF290054FF22B
:102390004C294FF24C3A4FF248504EF28C014FF21A
:1023A00048248C95CDF82C92CDF828A2899088915C
:1023B00087944FF248354FF277094FF2840A4FF273
:1023C00044504FF2444114464FF244228695CDF8D2
:1023D0001492CDF810A28290819180924FF24435F0
:1023E0004FF2A2094FF22C2A4FF22C504FF29F01CC
:1023F0004FF22A027F95CDF80090CDF8E0A18E969D
:102400004FF22C4A839608967E967D967C967B9614
:102410007A960796069679960596779676966E90B2
:10242000049167924FF2A7004FF2AE014FF2A4025F
:10243000CDF898A16590039164924FF21D0A4FF276
:102440001C004FF21B014FF21A02CDF88CA16290D2
:10245000619160924FF2190A4FF218004FF2170182
:102460004FF21602CDF87CA15E905D915C924FF226
:10247000150A4FF214004FF213014FF21202CDF879
:102480006CA15A90599158924FF2110A4FF21000D4
:102490003CE000BF9EE4FF1F7AE4FF1F9CE3FF1FA8
:1024A000A2E4FF1FAAE4FF1FAAE3FF1F7CE4FF1FB3
:1024B000B0E3FF1FACE4FF1FA8E4FF1FCAE2FF1F49
:1024C00078E4FF1FA6E4FF1FB0E4FF1FA2E3FF1F95
:1024D000A0E3FF1F80E4FF1FC8E2FF1F82E4FF1F8D
:1024E000CCE2FF1F84E4FF1FACE3FF1F86E4FF1F65
:1024F00094E4FF1F88E4FF1F92E3FF1F8AE4FF1F9D
:1025000098E4FF1FB4E4FF1F9AE4FF1F4FF20F018E
:102510004FF20E02CDF85CA175964FF20D0A74963B
:1025200073967296719670966F966D966C966B9682
:102530006A96699668965690559154924FF2340077
:102540004FF20B014FF20A02CDF84CA1529051917B
:1025500050924FF2090A4FF208004FF207014FF272
:102560000602CDF83CA14E904D914C924FF2050AD7
:102570004FF204004FF22C314FF26E02CDF82CA135
:102580004A90499148924FF22C1A4FF2A6004FF20E
:10259000AD014FF2A502CDF81CA1469045914492A1
:1025A0004FF25D0A4FF25C004FF25B014FF25A02AC
:1025B000CDF80CA14290419140924FF2590A4FF24E
:1025C00058004FF257014FF25602CDF8FCA03E9052
:1025D0003D913C924FF2550A4FF254004FF2530195
:1025E0004FF25202CDF8ECA03A90399138924FF266
:1025F000510A4FF250004FF24F014FF24E02CDF808
:10260000DCA0369035914FF24D0A34924FF24B01D7
:102610004FF24A02CDF8CCA04FF24C0031913092EB
:102620004FF2490A4FF247014FF246023290CDF87D
:10263000BCA04FF248002D912C924FF2450A4FF268
:102640006D014FF29E022E90CDF8ACA04FF2940097
:10265000289127924FF2670A4FF271014FF27802E8
:102660002990CDF898A04FF2B500249123924FF213
:10267000260A4FF224014FF223022590CDF888A0BC
:102680004FF2250020911F924FF2220A4FF22001B3
:102690004FF21F022190CDF878A04FF221001C913B
:1026A0001B924FF21E0A4FF264014FF238021D9046
:1026B000CDF868A04FF22700189117924FF22E0A1A
:1026C0004FF261014FF22D021990CDF858A04FF250
:1026D0003100149102924FF2650A4FF25F014FF2FE
:1026E000630215902A94CDF84CA04FF2620A129121
:1026F00011924FF2A1014FF2A002CDF840A04FF28B
:102700001C534FF23007B446B0463546B1464FF23F
:1027100066000F910E924FF2350ACDF834A001F009
:1027200049BC182B40F0D782A64BA74940221A80FB
:10273000A64B80221A80A64B4FF470621A80A54BDC
:102740004FF480721A80A44B4FF400721A80A34B8E
:102750004FF440721A80A24B4FF4A0621A80A14B32
:102760004FF4C0621A80A04B4FF400621A809F4B56
:102770004FF410621A809E4B4FF430621A809D4BCA
:1027800040F6FF721A809C4B4FF22E021A809B4B30
:102790004FF275021A809A4B4FF26E021A80994BD3
:1027A0004FF2A1021A80984B4FF2A3021A80974B66
:1027B0004FF2A5021A80964B4FF2A7021A80954B52
:1027C0004FF2AD021A80944B4FF2AE021A80934B37
:1027D0003F221A80924B4FF22C0BA3F800B04FF21D
:1027E00088030B808F4940F21B1008808E494FF2FE
:1027F0001F0008808D4940F2611008808C494FF21B
:10280000200008808B4940F20D1008808A494FF261
:1028100021000880894940F25910088088494FF208
:102820002200088087494FF4BF70088086494FF224
:1028300023000880854940F26F10088084494FF2D8
:1028400033000880834940F21110088082494FF21A
:102850009600088081494FF48870088080494FF2C3
:10286000870008807F494FF4A17008807E494FF2AD
:102870008E0008807D4940F2411008807C494FF26B
:102880008F0008807B4942F2AC0008807A494FF201
:102890002F000B804FF2121100234FF2240CB19045
:1028A000AD914FF226044FF227054FF606394FF24D
:1028B000250A4FF2B4004FF25D11CDF8CCC2A894B6
:1028C000A595CDF89092B2930193B093AF93AE9348
:1028D0000C93AC93AB93AA93A9930B93A793A69352
:1028E0000A93A393A293CDF878A29D909B914FF267
:1028F0004C1A4FF248104FF646314FF258144FF22F
:10290000B0054FF25219CDF82CA2879085914FF265
:102910002C1A4FF22C204FF2340198949595CDF853
:102920004492A193A0939F9309939C939A93999314
:102930009793969394939393929390938F938E936C
:102940008D938C938A9389938893869384938393AE
:1029500082938193CDF8E0A175906D914FF2B10A09
:102960004FF22A004FF29E014FF244154FF62C39D8
:10297000CDF8A8A1679066914FF2910A7F204FF29F
:1029800085018095CDF8E8917F9308937E9300931D
:102990007D937C937B930793069379930593779329
:1029A0007693749373937293719370936F936E9302
:1029B0006C936B93049369936893CDF894A10390FF
:1029C00064915BE09EE4FF1F7AE4FF1F9CE3FF1F1E
:1029D000A2E4FF1FAAE4FF1F94E3FF1F76E4FF1F9A
:1029E000B2E3FF1FA6E3FF1F96E4FF1F90E3FF1F64
:1029F0007EE4FF1FACE4FF1FCAE2FF1FAEE4FF1F2F
:102A0000B2E4FF1FAEE3FF1F9EE3FF1F9AE3FF1F29
:102A10008CE4FF1FB0E4FF1FA8E3FF1F8EE4FF1F3D
:102A2000A2E3FF1F80E4FF1FC8E2FF1F82E4FF1F35
:102A3000CCE2FF1F84E4FF1FACE3FF1F86E4FF1F0F
:102A400094E4FF1F88E4FF1F92E3FF1F8AE4FF1F47
:102A500098E4FF1FB4E4FF1F9AE4FF1FB6E4FF1FD2
:102A60009CE4FF1F90E4FF1F96E3FF1F92E4FF1F0B
:102A7000A0E4FF1F98E3FF1FA4E4FF1F4FF21C0A0E
:102A80004FF21D004FF21B01CDF88CA162906191B5
:102A90004FF21A0A4FF219004FF21801CDF880A137
:102AA0005F905E914FF2170A4FF216004FF2150138
:102AB000CDF874A15C905B914FF2140A4FF21300B1
:102AC0004FF21201CDF868A1599058914FF2110AB6
:102AD0004FF210004FF20F01CDF85CA156905591C6
:102AE0004FF20E0A4FF20D004FF20C01CDF850A13B
:102AF000539052914FF20B0A4FF20A004FF2090124
:102B0000CDF844A150904F914FF2080A4FF20700C0
:102B10004FF20601CDF838A14D904C914FF2050AC5
:102B20004FF204004FF2A401CDF82CA14A90499134
:102B30004FF2780A4FF2A0004FF28A01CDF820A19F
:102B40004790469145924FF25C0A4FF289024FF24C
:102B50005D004FF25B014492CDF80CA1429041918F
:102B60004FF25A024FF2590A4FF258004FF25701F2
:102B70004092CDF8FCA03E903D914FF256024FF2AC
:102B8000550A4FF254004FF253013C92CDF8ECA09D
:102B90003A9039914FF252024FF2510A4FF25000DF
:102BA0004FF24F013892CDF8DCA0369035914FF2BC
:102BB0004E024FF24D0A4FF24C004FF24B0134924D
:102BC000CDF8CCA0329031914FF24A024FF2490A2F
:102BD0004FF248004FF247013092CDF8BCA02E9042
:102BE0002D914FF246024FF2450A4FF244004FF248
:102BF00099012C92CDF8ACA02A9029914FF276023F
:102C00004FF2B70A4FF22D004FF2B6012892CDF8DD
:102C10009CA0269025914FF235024FF2770A4FF291
:102C200066004FF265012492CDF88CA04FF2640249
:102C300022904FF2630A21914FF261012092CDF868
:102C40007CA04FF260024FF25F0A1D914FF26701C4
:102C50001C92CDF86CA04FF26F024FF2370A199117
:102C60004FF236014FF262001892CDF85CA04FF29D
:102C70001E024FF2B80A15914FF270011E90149285
:102C80004FF25E004FF27102CDF808A013914FF29F
:102C9000860A4FF26D011A9012924FF23800CDF869
:102CA00044A010914FF29B0A4FF2B3024FF273010E
:102CB0001690CDF838A01E461F469C464FF2AF082E
:102CC0001C461D4699464FF230000F920D914FF26F
:102CD000740A01F031BA192B40F00683B54B40223B
:102CE0001A80B54B80221A80B44B4FF470621A8060
:102CF000B34B4FF480721A80B24B4FF400721A80BB
:102D0000B14B4FF480621A80B04B4FF4A0621A802E
:102D1000AF4B4FF4C0621A80AE4B4FF4E0621A80A2
:102D2000AD4B4FF400621A80AC4B4FF410621A8026
:102D3000AB4B4FF420621A80AA4B40F6FF721A8008
:102D4000A94B4FF235021A80A84B4FF29F021A800E
:102D5000A74B4FF2A0021A80A64B4FF2A1021A8095
:102D6000A54B4FF2A2021A80A44B4FF2A3021A8085
:102D7000A34B4FF2A5021A80A24B4FF2A6021A8073
:102D8000A14B4FF2A7021A80A04B4FF2AD021A805E
:102D90009F4B3F221A809F4B4FF22C0BA3F800B0A1
:102DA0009D4B4FF2440119809C4B4FF288001880D4
:102DB0009B4B4FF4B07018809A4B4FF26F00188005
:102DC000994B40F261101880984B4FF22F001880F9
:102DD000974B4FF488701880964B4FF27000188014
:102DE000954B40F211101880944B4FF23000188030
:102DF000934B4FF486701880924B4FF273001880FB
:102E0000914B40F20D101880904B4FF23300188018
:102E10008F4B4FF4837018808E4B4FF274001880E4
:102E20008D4B40F2071018808C4B4FF23400188005
:102E30008B4B40F27D1018808A4B4FF27100188046
:102E4000894B4FF4BF701880884B4FF231004FF61A
:102E50001D041880B3944EF25C054FF618094FF626
:102E6000122A4EF256004FF61204B295CDF8C492D3
:102E7000CDF8C0A2AE90AD944FF60C254EF250099D
:102E80004FF60C0A4FF608204EF24C040023AA9588
:102E9000CDF8A492CDF8A0A2A790A6944FF608056D
:102EA0004FF206194FF6042A4EF248004FF604047A
:102EB000A595CDF890924FF2B4054FF65D090193B8
:102EC000AF930C93AC93AB930B930A93A393CDF86E
:102ED00084A29F909E944FF6582A4EF29C004FF683
:102EE00058049D95CDF86C92CDF868A2999098946D
:102EF0004FF2B0054FF652294EF2960A4FF65200A5
:102F00004FF64C249595CDF85092CDF848A291906B
:102F10008D944EF290054FF64C094FF6482A4EF22A
:102F20008C004FF648048C95CDF82C92CDF824A255
:102F3000889087944FF246154FF644290C464FF679
:102F4000440A4FF22C104FF62C018595A293A093C2
:102F500009939C9397939693939390938F938E93C7
:102F60008A93869384938393CDF80892CDF800A238
:102F70007A9078914FF62C2A4FF290004FF2B101DF
:102F80004FF22C59CDF8B8A16D906A914FF22A0AF0
:102F90004FF29E004FF29101CDF8D491CDF89CA153
:102FA00081934FF29A0A7F9308937E9300937D93C7
:102FB0005EE000BF9EE4FF1F9CE3FF1FA2E4FF1F33
:102FC0007EE4FF1F76E4FF1FB2E3FF1F94E3FF1FC1
:102FD000A6E3FF1F96E4FF1FAAE4FF1F90E3FF1F75
:102FE000B0E3FF1FACE4FF1FA8E3FF1FB2E4FF1F25
:102FF000A8E4FF1FAEE3FF1FAEE4FF1F9EE3FF1F29
:103000009AE3FF1FCAE2FF1F8CE4FF1FB0E4FF1F1B
:103010008EE4FF1FA2E3FF1FA0E3FF1F7AE4FF1F60
:1030200080E4FF1FC8E2FF1F82E4FF1FCCE2FF1F06
:1030300084E4FF1FACE3FF1F86E4FF1F94E4FF1F3F
:1030400088E4FF1F92E3FF1F8AE4FF1F98E4FF1F3D
:10305000B4E4FF1F9AE4FF1FB6E4FF1F9CE4FF1FC8
:1030600090E4FF1F96E3FF1F92E4FF1FA0E4FF1F01
:103070007C937B9307930693799305937793769349
:10308000749373937293719370936F936C936B9328
:10309000049369936893669065914FF285004FF2AF
:1030A0001C01CDF80CA0649063914FF21D0A4FF201
:1030B0001B004FF21A01CDF888A1619060914FF288
:1030C000190A4FF218004FF21701CDF87CA15E905B
:1030D0005D914FF2160A4FF215004FF21401CDF830
:1030E00070A15B905A914FF2130A4FF212004FF207
:1030F0001101CDF864A1589057914FF2100A4FF288
:103100000F004FF20E01CDF858A1559054914FF297
:103110000D0A4FF20C004FF20B01CDF84CA152906A
:1031200051914FF20A0A4FF209004FF20801CDF80F
:1031300040A14F904E914FF2070A4FF206004FF216
:103140000501CDF834A14C904B914FF2040A4FF297
:10315000A4004FF27801CDF828A1499048914FF290
:103160002C3A4FF28A004FF29401CDF81CA1469000
:103170004FF2890A45914FF25D01CDF810A14FF24F
:103180005C0042914FF25B0A4FF259014390CDF837
:1031900004A14FF25A003F914FF2580A4FF25601E4
:1031A0004090CDF8F8A04FF257003C914FF2550AED
:1031B0004FF253013D90CDF8ECA04FF254003991FD
:1031C0004FF2520A4FF250013A90CDF8E0A04FF280
:1031D000510036914FF24F0A4FF24D013790CDF822
:1031E000D4A04FF24E0033914FF24C0A4FF24A01F5
:1031F0003490CDF8C8A04FF24B0030914FF2490AFD
:103200004FF247013190CDF8BCA04FF248002D910C
:103210004FF2460A4FF299012E90CDF8B0A04FF22E
:10322000450029914FF26D0A4FF267012B90CDF8BE
:10323000A0A07F20269125924FF2770A4FF27602C6
:103240004FF22501279024924FF226004FF22402DC
:103250002A94CDF88CA04FF2230A21914FF221013C
:10326000229020924FF222004FF22002CDF87CA053
:103270001D914FF21F0A4FF227011E901C924FF230
:103280001E004FF26402CDF86CA019914FF2370A7C
:103290004FF236011A9018924FF238004FF22E0278
:1032A000CDF85CA015914FF26E0A4FF265011690B1
:1032B00014921E464FF618279C464FF2AF081D4643
:1032C0009946CDF808A04FF2660013914FF22D02F7
:1032D0004FF2630A4FF262011292CDF844A01091AE
:1032E0004FF2610200F05EBE1A2B40F06686AB4BD7
:1032F00040221A80AA4B80221A80AA4B4FF4706297
:103300001A80A94B4FF480721A80A84B4FF40072B8
:103310001A80A74B4FF440721A80A64B4FF480627C
:103320001A80A54B4FF4A0621A80A44B4FF4C062E0
:103330001A80A34B4FF4E0621A80A24B4FF4006254
:103340001A80A14B4FF410621A80A04B4FF42062F8
:103350001A809F4B4FF430621A809E4B40F6FF72EA
:103360001A809D4A4FF2A70313809C4A4FF2A20194
:1033700011809B4A9B494FF26E0414804FF2A002C9
:103380000A8099494FF2A100088098494FF2A300A2
:10339000088097484FF2A401018096484FF2A50596
:1033A000058095480380954B4FF2AD001880944BF3
:1033B0004FF2AE001880934B3F251D80924B4FF289
:1033C0002C0BA3F800B0914B40F251101880904B99
:1033D0004FF22F0018808F4B4FF4A87018808E4B3F
:1033E0004FF26F0018808D4B40F2711018808C4B9B
:1033F0004FF2310018808B4BA8954FF4B8701880AD
:10340000894B4FF271001880884B40F211101880E0
:10341000874B4FF287001880864B4FF488761E80CA
:10342000854B4FF296061E80844B4FF4A1761E808A
:10343000834B4FF28E061E80824B40F241161E8057
:10344000814B4FF28F061E80804B42F2AC061E80ED
:103450004FF2270A7E4BCDF8C0A24FF298064FF2EA
:1034600030094FF2330A1E80CDF8C49200234FF288
:103470002E09CDF894A24FF606354FF2340ACDF856
:10348000B492A4954FF284094FF2B405B393B2936A
:103490000193AF93AE930C93AC93AB93AA93A99380
:1034A0000B93A793A6930A93A393A293CDF878A224
:1034B0004FF2700ACDF884929D954FF26D09CDF8C8
:1034C00060A24FF2B0058E904FF07F0A4FF273006A
:1034D000CDF8689295954FF267099194CDF82CA29A
:1034E00087904FF646344FF288054FF62C3A4FF24C
:1034F0002C10CDF8509285948295A0939F930993B8
:103500009C939B9399939793969393939293909371
:103510008F938D938C938A938993889386938493C6
:1035200083938193CDF8E8A178904FF2750A4FF21A
:10353000B1004FF27409CDF8B4A16A904FF22A0A93
:103540004FF29E00CDF80092CDF89CA14FF22C29AD
:1035500066904FF2910A4FF29A00CDF8D4917F9382
:1035600008937E9300937D937C937B9307930693BC
:10357000799305937793769374937393729371937E
:1035800070936F936E936C936B93049369936893AA
:10359000CDF894A103904FF2850A5BE09EE4FF1FF3
:1035A0009CE3FF1FA2E4FF1FAAE4FF1F94E3FF1F99
:1035B00076E4FF1FA0E3FF1FB2E3FF1FA6E3FF1F98
:1035C000AAE3FF1F96E4FF1F90E3FF1FB0E3FF1F76
:1035D0007EE4FF1FACE4FF1FCAE2FF1FAEE4FF1F43
:1035E000B2E4FF1FA8E4FF1FAEE3FF1F9EE3FF1F2F
:1035F00078E4FF1F9AE3FF1F8CE4FF1FB0E4FF1F76
:10360000A8E3FF1F8EE4FF1FA2E3FF1F80E4FF1F5C
:10361000C8E2FF1F82E4FF1FCCE2FF1F84E4FF1F0C
:10362000ACE3FF1F86E4FF1F94E4FF1F88E4FF1F45
:1036300092E3FF1F8AE4FF1F98E4FF1FB4E4FF1F1B
:103640009AE4FF1FB6E4FF1F9CE4FF1F90E4FF1FF6
:1036500096E3FF1F4FF21C00CDF890A163904FF24C
:103660001D0A4FF21B00CDF888A161904FF21A0A93
:103670004FF21900CDF880A15F904FF2180A4FF277
:103680001700CDF878A15D904FF2160A4FF21500A1
:10369000CDF870A15B904FF2140A4FF21300CDF8F1
:1036A00068A159904FF2120A4FF21100CDF860A1B3
:1036B00057904FF2100A4FF20F00CDF858A15590D5
:1036C0004FF20E0A4FF20D00CDF850A153904FF279
:1036D0000C0A4FF20B00CDF848A151904FF20A0AA4
:1036E0004FF20900CDF840A14F904FF2080A4FF277
:1036F0000700CDF838A14D904FF2060A4FF20500B1
:10370000CDF830A14B904FF2040A49914FF2780066
:103710004FF28A01CDF828A14890479246914FF286
:1037200094024FF2890A4FF25C004FF25D0145921C
:10373000CDF810A14FF25B02439042914FF25A0A2A
:103740004FF259004FF258014192CDF800A13F903D
:103750003E914FF257024FF2560A4FF255004FF288
:1037600054013D92CDF8F0A03B903A914FF25302B4
:103770004FF2520A4FF251004FF250013992CDF8F8
:10378000E0A0379036914FF24F024FF24E0A4FF2BF
:103790004D004FF24C013592CDF8D0A033903291CC
:1037A0004FF24B024FF24A0A4FF249004FF24801E2
:1037B0003192CDF8C0A02F902E914FF247024FF2D8
:1037C000460A4FF245004FF244012D92CDF8B0A0C9
:1037D0002B902A914FF299024FF2760A4FF29D00F8
:1037E0004FF264012992CDF8A0A027902691BF2224
:1037F0004FF2B60A4FF277004FF226012592CDF82C
:1038000090A023904FF2250222914FF2240A4FF20A
:1038100022012192CDF880A04FF221024FF2200A1E
:103820001E914FF21E014FF223001D92CDF870A0A1
:103830004FF235024FF2630A1A914FF238011F908E
:1038400019924FF21F004FF23602CDF860A0169188
:103850004FF2600A4FF265011B9015924FF237004C
:103860004FF25E02CDF850A013914FF2860A4FF24C
:103870006201179012924FF2B800CDF844A0109157
:103880004FF29B0A4FF2B3024FF25F010290CDF864
:1038900038A01E464FF22D079C464FF2AF081C463B
:1038A0001D4699464FF266000F920D914FF2610A44
:1038B00000F042BC4FF22A024FF2750A4FF26E0B33
:1038C0006792CDF898A1CDF894B14FF271004FF204
:1038D0006D014FF238024FF2170A4FF2050B0390B9
:1038E00064916392CDF888A1CDF884B14FF236008F
:1038F0004FF237014FF209024FF20E0A4FF2330B2B
:1039000060905F915E92CDF874A1CDF870B14FF2E6
:1039100012004FF21B014FF215024FF2160A4FF23E
:103920000F0B5B905A915992CDF860A1CDF85CB124
:103930004FF210004FF213014FF219024FF2060A34
:103940004FF20A0B569055915492CDF84CA1CDF8F8
:1039500048B14FF20D004FF218014FF21C024FF226
:10396000070A4FF20B0B519050914F92CDF838A1AE
:10397000CDF834B14FF20C004FF211014FF20402B6
:103980004FF2350A4FF2740B4C904B914A92CDF89E
:1039900024A1CDF820B14FF263004FF22E014FF277
:1039A00031024FF22D0A4FF2780B47904691459223
:1039B000CDF810A1CDF80CB14FF257004FF24501F0
:1039C0004FF276024FF2770A4FF2490B4290419143
:1039D0004092CDF8FCA0CDF8F8B04FF24E004FF277
:1039E00073014FF252024FF25B0A4FF2550B3D90BA
:1039F0003C913B92CDF8E8A0CDF8E4B04FF25600F0
:103A00004FF24F014FF250024FF2530A4FF2590B4F
:103A1000389037913692CDF8D4A0CDF8D0B04FF28F
:103A200046004FF24A014FF24D024FF2580A4FF250
:103A30005C0B339032913192CDF8C0A0CDF8BCB080
:103A40004FF247004FF24B014FF24C024FF2510A36
:103A50004FF2440B2E902D912C92CDF8ACA0CDF8C6
:103A6000A8B04FF25F004FF26F014FF248024FF2E1
:103A7000300A4FF25A0B299028912792CDF898A03E
:103A80004FF25D01CDF894B04FF226024FF2250AB5
:103A90004FF2240B4FF21D00239122924FF222018C
:103AA0004FF22102CDF884A0CDF880B04FF2200A69
:103AB0004FF21F0B24901E914FF223004FF227016B
:103AC0001D92CDF870A04FF22F024FF2080ACDF8E8
:103AD0006CB04FF2340B1F9019914FF21E004FF251
:103AE00070011892CDF85CA04FF265024FF2660AA1
:103AF000CDF858B04FF2140B1A9014914FF21A00EF
:103B00004FF264010292CDF84CA0CDF848B04FF2CC
:103B100062024FF2610A4FF2600B159011914FF261
:103B200067001092CDF83CA0CDF838B04FF25401A8
:103B3000F9F7BFBE4FF21C224FF218144FF21825AE
:103B40004FF218394FF2125A4FF212404FF212113F
:103B5000B392B294B195CDF80490CDF8C0A2AF90D5
:103B6000AE914FF212224FF212344FF211454FF242
:103B700087094FF20C5A4FF20C104FF20C21AD9204
:103B80000C94AC95CDF8AC92CDF8A8A2A990A891D0
:103B90004FF20C324FF208544FF208154FF2082939
:103BA0004FF2083A4FF286004FF233010B92A7947E
:103BB000A695CDF89492CDF828A0A490A3914FF2A9
:103BC0002F024FF204544FF204454FF204194FF202
:103BD000042A4FF204304FF296010026A292A194DB
:103BE000A095CDF87C92CDF878A209909D914FF2E6
:103BF0005C224FF258544FF258154FF258294FF2A9
:103C0000583A4FF274004FF252519B929A94999500
:103C1000CDF860924FF252424FF252254FF2523994
:103C20009C96CDF85CA2969094914FF2514A4FF237
:103C30004C504FF24C1193924FF252149195CDF893
:103C40004092CDF83CA28D908C914FF24C224FF2D5
:103C500048554FF248194FF2482A4FF248304FF278
:103C6000C60192948B924FF24C348995CDF82092F4
:103C7000CDF81CA2869085914FF273024FF2445505
:103C80004FF244494FF2442A4FF244304FF2ED01D3
:103C90008A9484924FF26F048295CDF80492CDF805
:103CA00000A27F9008914FF235024FF2CB054FF200
:103CB000B7094FF2A40A4FF290004FF22C218394DF
:103CC00000927C95CDF81C90CDF818A04FF2AD0273
:103CD0004FF2E70A95968E967E967D967B967A961B
:103CE000799078914FF295004FF28F017692CDF84E
:103CF000D0A1739071914FF284024FF28A0A4FF271
:103D00002C504FF29C017092CDF8BCA16E906B913B
:103D10004FF261024FF2A10A4FF2E1004FF29E0111
:103D20006A92CDF810A0699068914FF22A024FF282
:103D30002C4A4FF2E6004FF2AE016792CDF898A1FF
:103D4000659003914FF2A4024FF21D0A4FF21C003E
:103D50004FF21B016492CDF88CA1629061914FF2F9
:103D60001A024FF2190A4FF218004FF217014FF2E0
:103D700094096092CDF87CA15E905D914FF216029D
:103D80004FF2150A4FF214004FF21301CDF8D491FF
:103D90005C92CDF86CA14FF212024FF2110A059617
:103DA000779672966D966C965A9059914FF21000D4
:103DB0004FF20F015892CDF85CA1569055914FF2F9
:103DC0000E024FF20D0A4FF20C004FF20B0154920B
:103DD000CDF84CA1529051914FF20A024FF2090ACC
:103DE0004FF208004FF207015092CDF83CA14E90DF
:103DF0004D914FF206024FF2050A4FF204004FF2C6
:103E00002C314C92CDF82CA14A9049914FF2780276
:103E10004FF22C1A4FF2A6004FF2E4014892CDF86F
:103E20001CA1469045914FF2A5024FF25D0A4FF258
:103E30005C004FF25B014492CDF80CA1429041919D
:103E40004FF25A024FF2590A4FF258004FF25701FF
:103E50004092CDF8FCA03E903D914FF256024FF2B9
:103E6000550A4FF254004FF253013C92CDF8ECA0AA
:103E70003A9039914FF252024FF2510A4FF25000EC
:103E80004FF24F013892CDF8DCA0369035914FF2C9
:103E90004E024FF24D0A4FF24C004FF24B0134925A
:103EA000CDF8CCA0329031914FF24A024FF2490A3C
:103EB0004FF248004FF247013092CDF8BCA02E904F
:103EC0002D914FF246024FF2450A4FF244004FF255
:103ED000B1012C92CDF8ACA02A9029914FF26D023D
:103EE0004FF2750A4FF267004FF235012892CDF874
:103EF0009CA0269025914FF276024FF2770A4FF25E
:103F000026004FF225012492CDF88CA02290219119
:103F10004FF224024FF2230A4FF222004FF2210106
:103F20002092CDF87CA01E901D914FF220024FF2FE
:103F30001F0A4FF21E004FF227011C92CDF86CA011
:103F40001A9019914FF264024FF2370A4FF238007B
:103F50004FF236011892CDF85CA04FF22D02169068
:103F60004FF2710A15914FF265011492CDF808A035
:103F70004FF2310213914FF2630A4FF26201129233
:103F80004FF218574FF2340CB0464FF244144FF230
:103F9000F1054FF28B094FF26600CDF844A0109165
:103FA0004FF2E0020F924FF2600ACDF838A04FF2C4
:103FB0005F010D914FF25E0ABEE00023B393B2930E
:103FC000B1930193B093AF93AE93AD930C93AC9335
:103FD000AB93AA93A993A8930B93A793A693A593A6
:103FE0000A93A493A393A293A193A0939F939E93C8
:103FF00009939D939C939B939A93999398931E46B0
:1040000097931F469693959394939393929391933A
:1040100090938F938E938D938C938B938A938993A4
:1040200088938793869385938493839382938193D4
:1040300080937F9308937E9300937D937C937B93EF
:104040007A93079306939C467993984678930593C1
:10405000779376937593749373937293719370932C
:104060006F936E936D936C936B936A9304936993C0
:1040700068936793669365930393649363936293E2
:10408000619360935F935E935D935C935B931C4637
:104090005A931D4659935893579356935593549357
:1040A00053935293519350934F934E934D934C93FC
:1040B0004B934A934993489347934693459344932C
:1040C00043934293419340933F933E933D933C935C
:1040D0003B933A93399399463893184637933693DE
:1040E0003593349333933293319330932F932E93AC
:1040F0002D932C932B932A932993289327932693DC
:104100002593249323932293219320931F931E930B
:104110001D931C931B931A931993189317939A4604
:1041200016939B4615931493029313931293119332
:1041300010930F930E930D93F04AF14912880BEAF6
:10414000020BA1F800B0DDF834B00AEA020AA1F8C7
:1041500002A00BEA020ADDF838B0A1F804A00BEACD
:10416000020ADDF83CB0A1F806A00BEA020ADDF86D
:1041700040B0A1F808A00BEA020ADDF844B0A1F8AB
:104180000AA00BEA020ADDF848B0A1F80CA00BEA7D
:10419000020ADDF84CB0A1F80EA00BEA020AA1F861
:1041A00010A0DDF808A0DDF850B0104048820AEAFF
:1041B0000200DDF854A088820BEA0200DDF858B056
:1041C000C8820AEA0200DDF85CA008830BEA02005C
:1041D000DDF860B048830AEA0200DDF864A0888355
:1041E0000BEA0200DDF868B0C8830AEA020008841E
:1041F0000BEA02004884DDF86CA0DDF870B00AEA32
:104200000200DDF874A088840BEA0200DDF878B0C3
:10421000C8840AEA0200DDF87CA008850BEA0200E7
:10422000DDF880B048850AEA0200DDF884A08885C0
:104230000BEA0200DDF888B0C8850AEA0200DDF862
:104240008CA008860BEA0200DDF890B048860AEAE6
:104250000200DDF894A088860BEA0200DDF898B031
:10426000C8860AEA0200DDF89CA008870BEA020073
:10427000DDF8A0B048870AEA0200DDF8A4A088872C
:104280000BEA0200DDF8A8B0C8870AEA0200DDF8F0
:10429000ACA0A1F840000BEA0200A1F842000AEA33
:1042A0000200A1F84400DDF8B0B0DDF8B4A00BEADC
:1042B0000200DDF8B8B0A1F846000AEA0200DDF815
:1042C000BCA0A1F848000BEA0200DDF8C0B0A1F8DC
:1042D0004A000AEA0200DDF8C4A0A1F84C000BEA8B
:1042E0000200DDF8C8B0A1F84E000AEA0200DDF8CD
:1042F000CCA0A1F850000BEA0200DDF8D0B0A1F884
:1043000052000AEA0200DDF8D4A0A1F854000BEA3A
:104310000200DDF8D8B0A1F856000AEA0200DDF884
:10432000DCA0A1F858000BEA0200DDF8E0B0A1F82B
:104330005A000AEA0200DDF8E4A0A1F85C000BEAEA
:104340000200DDF8E8B0A1F85E000AEA0200DDF83C
:10435000ECA0A1F860000BEA0200DDF8F0B0A1F8D3
:1043600062000AEA0200A1F864000BEA0200A1F868
:104370006600DDF8F4A0DDF8F8B00AEA0200DDF826
:10438000FCA0A1F868000BEA0200DDF800B1A1F87A
:104390006A000AEA0200DDF804A1A1F86C000BEA49
:1043A0000200DDF808B1A1F86E000AEA0200DDF8AB
:1043B0000CA1A1F870000BEA0200DDF810B1A1F821
:1043C00072000AEA0200DDF814A1A1F874000BEAF9
:1043D0000200DDF818B1A1F876000AEA0200DDF863
:1043E0001CA1A1F878000BEA0200DDF820B1A1F8C9
:1043F0007A000AEA0200DDF824A1A1F87C000BEAA9
:104400000200DDF828B1A1F87E000AEA0200DDF81A
:104410002CA1A1F880000BEA0200DDF830B1A1F870
:1044200082000AEA0200DDF834A1A1F884000BEA58
:104430000200A1F886000AEA0200A1F88800DDF86F
:1044400038B1DDF83CA10BEA0200DDF840B1A1F87B
:104450008A000AEA0200DDF844A1A1F88C000BEA08
:104460000200DDF848B1A1F88E000AEA0200DDF88A
:104470004CA1A1F890000BEA0200DDF850B1A1F8C0
:1044800092000AEA0200DDF854A1A1F894000BEAB8
:104490000200DDF858B1A1F896000AEA0200DDF842
:1044A0005CA1A1F898000BEA0200DDF860B1A1F868
:1044B0009A000AEA0200DDF864A1A1F89C000BEA68
:1044C0000200DDF868B1A1F89E000AEA0200DDF8FA
:1044D0006CA1A1F8A0000BEA0200DDF870B1A1F810
:1044E000A2000AEA0200DDF874A1A1F8A4000BEA18
:1044F0000200DDF878B1A1F8A60003E0ACE4FF1FEC
:10450000D0E2FF1F0AEA0200A1F8A8000BEA0200AD
:10451000A1F8AA00DDF87CA1DDF880B10AEA02006A
:10452000DDF884A1A1F8AC000BEA0200DDF888B147
:10453000A1F8AE000AEA0200DDF88CA1A1F8B000F3
:104540000BEA0200DDF890B1A1F8B2000AEA02001D
:10455000DDF80CA0A1F8B4000BEA0200DDF894B17C
:10456000A1F8B6000AEA0200DDF898A1A1F8B800A7
:104570000BEA0200DDF89CB1A1F8BA000AEA0200D9
:10458000A1F8BC000BEA0200A1F8BE00E048E14936
:104590000088DDF8A0A1DDF8A4B1104008800AEA87
:1045A0000200DDF810A048800BEA0200DDF8A8B197
:1045B00088800AEA0200DDF8ACA1C8800BEA02009C
:1045C000DDF8B0B108810AEA020048810BEA020076
:1045D0008881DDF8B4A1DDF8B8B10AEA0200DDF89F
:1045E000BCA1C8810BEA0200DDF8C0B108820AEA6A
:1045F000020048820BEA0200888209EA0200DDF824
:10460000C491DDF8C8A1DDF8CCB1C88209EA020086
:104610000883DDF8D0910AEA02004883DDF8D4A1CE
:104620000BEA02008883DDF8D8B109EA0200C883EA
:10463000DDF8DC910AEA02000884DDF814A00BEA38
:1046400002004884DDF8E0B109EA02008884DDF860
:10465000E4910AEA0200C884DDF818A00BEA02001F
:104660000885DDF81CB009EA02004885DDF8E8910C
:104670000AEA020088850BEA0200C88509EA0200FE
:104680000886DDF8ECA1DDF8F0B1DDF800900AEA6B
:104690000200488605EA02007D9D88860BEA02003A
:1046A000DDF8F8A1C88605EA0200DDF820B0088729
:1046B00009EA02007F9D48870AEA0200DDF80092BD
:1046C00088870BEA0200C88705EA0200DDF804A229
:1046D000A1F8400009EA0200DDF808B2A1F84200A2
:1046E00004EA0200A1F84400839C849DDDF8149242
:1046F0000AEA0200A1F846000BEA0200A1F848000D
:1047000004EA0200DDF818A2A1F84A0005EA020056
:10471000DDF81CB2A1F84C0009EA0200889CA1F85F
:104720004E000AEA0200A1F850000BEA0200A1F8CC
:10473000520004EA0200A1F85400899DDDF8289295
:10474000DDF82CA2DDF830B28D9C05EA0200A1F85C
:10475000560009EA0200A1F858000AEA02008E9DFC
:10476000A1F85A000BEA0200DDF83C92A1F85C00C7
:1047700004EA0200DDF840A2A1F85E0005EA0200AA
:10478000DDF844B2A1F8600009EA0200929CA1F8A9
:1047900062000AEA0200939DA1F864000BEA02009D
:1047A000DDF85092A1F8660004EA0200DDF854A298
:1047B000A1F8680005EA0200DDF858B2A1F86A0025
:1047C00009EA0200979CA1F86C000AEA0200989D91
:1047D000A1F86E000BEA0200DDF86492A1F8700007
:1047E00004EA0200A1F8720005EA0200A1F87400D0
:1047F00009EA0200A1F87600DDF868A2DDF86CB2E3
:104800009C9C9D9DDDF824900AEA0200A1F87800A6
:104810000BEA0200A1F87A0004EA0200DDF878A2AF
:10482000A1F87C0005EA0200DDF87CB2A1F87E0068
:1048300009EA0200A09CA1F880000AEA0200A19DFA
:10484000A1F882000BEA0200DDF88892A1F884004A
:1048500004EA0200DDF88CA2A1F8860005EA020055
:10486000DDF890B2A1F8880009EA02000A9CA1F8DC
:104870008A000AEA0200A59DA1F88C000BEA02005A
:10488000DDF89892A1F88E0004EA0200DDF89CA2FF
:10489000A1F8900005EA0200DDF82CB0A1F8920022
:1048A00009EA0200A1F894000AEA0200A1F89600C1
:1048B0000BEA0200A1F89800A89CA99DDDF8A89237
:1048C000DDF8ACA2DDF8B0B204EA0200A1F89A006B
:1048D00005EA0200A1F89C0009EA02000C9CA1F87C
:1048E0009E000AEA0200AD9DA1F8A0000BEA0200BA
:1048F000DDF8B892A1F8A20004EA0200A1F8A40031
:10490000DDF8BCA2DDF8C0B2B19C05EA020003E00C
:10491000A2E3FF1FB4E3FF1FA1F8A60009EA02000B
:10492000A1F8A8000AEA0200A1F8AA000BEA020016
:10493000A1F8AC0008EA0200A1F8AE000CEA0200FF
:10494000DDF804C0A1F8B000B29DDDF8CC920CEA0D
:104950000200A1F8B20004EA0200A1F8B40005EADE
:104960000200A1F8B60007EA0200A1F8B80009EABF
:104970000200A1F8BA00134006EA0200A1F8BC0048
:10498000A1F8BE300DF5357DBDE8F08F024B1A68F9
:1049900001321A60704700BFC4E2FF1F08B50B4C1C
:1049A0002368580301D5F6F705FA2368590501D5A0
:1049B00002F05EF823681A0501D501F093FD236823
:1049C000DB04ECD501F0ECFAE9E700BF34800440E9
:1049D00008B5FFF7E3FFFFFF014B10221A80704775
:1049E000002005407047FFFF024A1368184410601A
:1049F000184670477C8EFF1FFEE7FEE7EFF3138338
:104A00009BB9EFF3108098B9EFF3058323B10F2B17
:104A100004D9084A985C01E04FF48070EFF31183E9
:104A20003BB1834238BF184670474FF0FF307047A4
:104A300018467047F0E300E021282AD8164B1B5C8B
:104A4000FF2B26D0154A02EBC000002142681160FE
:104A5000134A106840F020001060124A01201160D3
:104A6000114998400860114841F8040C1049116040
:104A7000F02101397FF4FDAF11688905FCD41822BB
:104A8000013A7FF4FDAF0B4A1BB232F8130080B23B
:104A900070470020704700BF8CB602007CB5020052
:104AA00038800440005004400850044000000203D5
:104AB00080014A000051044010B50023B0FBF2F41D
:104AC00002FB1400092894BF30303730C0B2C854FC
:104AD00020460CB10133F1E7CA18547022469A42BD
:104AE00006DA885CCC5C8C54C8540132013BF6E792
:104AF000084610BD324B1B88002B5DD018405ED09D
:104B0000304B1B881BB1984201D12F4B52E02F4BE9
:104B10001B881BB1984201D12D4B4BE02D4B1B88BC
:104B20001BB1984201D12C4B44E02C4B1B881BB18C
:104B3000984201D12A4B3DE02A4B1B881BB1984279
:104B400001D1294B36E0294B1B881BB1984201D17A
:104B5000274B2FE0274B1B881BB1984201D1264BD6
:104B600028E0264B1B881BB1984201D1244B21E041
:104B7000244B1B881BB1984201D1234B1AE0234BD5
:104B80001B881BB1984201D1214B13E0214B1B889C
:104B90001BB1984201D1204B0CE0204B1B881BB16C
:104BA000984201D11E4B05E01E4B1B8823B1984251
:104BB00004D11D4B18887047184670470020704775
:104BC000A2E4FF1FAAE4FF1FCAE2FF1F7EE4FF1F4B
:104BD000A8E3FF1FA0E3FF1FA8E4FF1FB0E3FF1F30
:104BE000B0E4FF1FAAE3FF1F78E4FF1F7CE4FF1F70
:104BF000A6E4FF1FA4E3FF1FCEE2FF1F94E3FF1F05
:104C0000AEE4FF1F76E4FF1FB2E4FF1FB2E3FF1F15
:104C1000AEE3FF1FA6E3FF1F9EE3FF1F96E4FF1F07
:104C20009AE3FF1F90E3FF1F8CE4FF1F0C4A03462B
:104C3000108818B103420CBF00200220094A1288D4
:104C400022B113421CBF40F04000C0B2064A128895
:104C500022B113421CBF40F01000C0B2704700BF29
:104C60009EE4FF1F9CE3FF1F74E4FF1F044B1B889F
:104C700000F03F0013B1984208BF6420704700BFA6
:104C80008EE4FF1F1F28034612D80A2806D13B4B8B
:104C9000188820F47D6020F0070007E00B286BD116
:104CA000364B188820F47D6020F0040080B27047F5
:104CB0007F2805D8A0F12003314A32F8130070474D
:104CC000304A128842B1A0F1A00291B25F2903D804
:104CD0002D4B33F8120070472C4A108818B12C4A1B
:104CE00012889A4245D02B4A108818B12A4A128855
:104CF0009A423ED0294A108818B1294A12889A420D
:104D000037D0284A108818B1274A12889A4230D0E2
:104D1000264A108818B1264A12889A4229D0254A74
:104D2000108818B1244A12889A4222D0234A108847
:104D300018B1234A12889A421BD0224A108818B10F
:104D4000214A12889A4214D0204A108818B1204A69
:104D500012889A420DD01F4A108818B11E4A128834
:104D60009A4206D01D4A108838B11D4A12889A42CC
:104D700002D1C0F30D00704700207047ACE4FF1F64
:104D8000D0E2FF1FA2E3FF1FB4E3FF1FC8E2FF1F33
:104D900080E4FF1FCCE2FF1F82E4FF1FACE3FF1F94
:104DA00084E4FF1F94E4FF1F86E4FF1F92E3FF1FCC
:104DB00088E4FF1F98E4FF1F8AE4FF1F9AE4FF1FA7
:104DC000B4E4FF1F9CE4FF1FB6E4FF1F96E3FF1F40
:104DD00090E4FF1FA0E4FF1F92E4FF1FA4E4FF1F65
:104DE00098E3FF1F10B546F20144174B1B7843B3FD
:104DF0000720F5F751FF032803D9013C134B18D1C5
:104E000019E000F0F7FA01460028F6D0104B1B78A5
:104E10000372104B1B7843720F4B1A689B88C38137
:104E20000823C0F80A2003800720F5F783FF00203D
:104E300010BD1A7812B101221A7002E000F070FD64
:104E4000D3E74FF0FF3010BDC0E2FF1FC4E4FF1FE7
:104E5000C2E4FF1FC3E4FF1FBCE4FF1F10B50446FC
:104E600061B10F4A137811EA030006D023EA010169
:104E70001170FFF7B7FF012100E0014654B1002394
:104E8000084A985CA04202D10021995401210133C3
:104E9000062BF5D119B1BDE81040FFF7A3BF10BD37
:104EA000C2E4FF1FBCE4FF1F10B50446A1B1164BBE
:104EB0001A7801EA020088420DD011431970FFF7F9
:104EC00091FFFFF78FFFFFF78DFFFFF78BFFFFF7D6
:104ED00089FF012100E0002184B100230B4A985C86
:104EE000A0420BD00133062BF8D10023D05C10B9BF
:104EF000064AD45403E00133062BF7D119B1BDE8BB
:104F00001040FFF76FBF10BDC2E4FF1FBCE4FF1FDE
:104F1000F8B5030AC12B01460FD9DF2B04D803F0E3
:104F20001F0363F39F1108E0F02B02D1C0B20021F0
:104F300031E0E02B33D100202CE00846FFF7A2FE41
:104F4000064660B3164B1C88DCB1FFF7D3FD05465F
:104F5000B0B1144B1C781CB100221A70FFF742FF4D
:104F60002846FFF763FE07462846FFF77FFE3946CF
:104F70000546FFF799FF28463946FFF76FFF00E027
:104F800004463046FFF752FE05463046FFF76EFEF8
:104F900045EA0401C9B2BDE8F840FFF785BFF8BD96
:104FA000A2E4FF1FC2E4FF1F0A4B0021187819700A
:104FB000094B1A781970094B0243991D587802431E
:104FC000002003F8010F8B42F8D10AB1FFF70ABFA6
:104FD000704700BFC2E4FF1FC3E4FF1FBBE4FF1F15
:104FE00038B50A4C0A4D2070002329706370A370F5
:104FF000E37023716371FFF7F5FE28B92870207004
:10500000BDE83840FFF7EEBE38BD00BFBCE4FF1F6F
:10501000C2E4FF1F38B50546FFF728FE04462846C0
:10502000FFF704FE01462046BDE83840FFF7D8BF31
:1050300010B5FFF727FE044660B1074B1B8823B16C
:10504000FFF758FD08B1FFF7E5FF2046BDE8104027
:10505000FFF7E0BF10BD00BFA2E4FF1F10F0800FFC
:10506000164B02D100221A600BE0BF2812D8196833
:10507000012900F03F0206D100211960104B188869
:105080001043FFF7D5BF022916D10D49088840EA21
:10509000821205E0DF2806D800F01F0208499201BD
:1050A0000A80012207E0EF2804D8054902030A809C
:1050B000022200E0FF221A60704700BFB8E4FF1F21
:1050C000C6E4FF1F38B5124B1B78EBB1114C2368B7
:1050D0001BB90220F5F7C4FD206020680D4D98B182
:1050E0004388C218147A5CB102880133934204D316
:1050F00000F09EF900232B6000E04380204638BD7D
:1051000000F096F92C60DEE74FF0FF3038BD00BFAD
:10511000C0E2FF1FD4E4FF1F10B50D4B1B788BB10D
:105120000C4C23681BB90220F5F79AFD206020681B
:1051300040B1438803441C7A3CB900F079F9054B2F
:105140001C60EAE74FF0FF3010BD204610BD00BFE5
:10515000C0E2FF1FD4E4FF1F38B5104D2B6823B108
:1051600028680024028843880FE00D4B1B781BB190
:105170000220F5F775FD28602C68002CF0D10BE0BB
:10518000C1182144097A19B10134E1189142F7DBC1
:1051900014B900F04DF92C60204638BDD4E4FF1F4F
:1051A000C0E2FF1F2DE9F843324D012307460C46AC
:1051B0002B70002C5AD0304E3368B1465BBB43F69F
:1051C00001482E4B1B7803F0FF020BB92A7018E040
:1051D0000120F5F761FD052804D9B8F10108284A36
:1051E00009D10AE001232B7000F004F9C9F800008E
:1051F0000028F2D00FE013783BB101231370002395
:105200002B704FF0FF30BDE8F8832B7000F088FB67
:1052100001232B70D5E73168194A488800231370A1
:10522000C0F14002944238BF224600F1080C1044FD
:105230008C444880A41A934204D0F85C0CF8030014
:105240000133F8E71F444B883F2B0E4B02D8052251
:105250001A70AEE740220A804FF00008012083F860
:105260000080F5F767FDC6F80080A2E72C702046A5
:10527000BDE8F883C9E4FF1FCCE4FF1FC0E2FF1FB5
:10528000D0E4FF1FD8E4FF1F07B502AB012103F8EC
:10529000010D1846FFF786FF03B05DF804FBFFFF22
:1052A00010B50D4B1B78B3B10C4B19681C4691B16E
:1052B0004B8883B10A4A002010703F2B04DCCA18C7
:1052C000002010720133F8E740230B800120F5F72E
:1052D00031FD0023236010BDC0E2FF1FCCE4FF1F9F
:1052E000D8E4FF1F10B50B4B1B788BB90A4A116825
:1052F0004B8814463F2B04DCCA180020107201337F
:10530000F8E740230B800120F5F714FD002323600C
:1053100010BD00BFC9E4FF1FCCE4FF1F024B1B7888
:10532000DB07FBD5704700BF010002407FB5174B7C
:105330006A4603F110056E4618685968144603C49E
:105340000833AB422246F7D1114B1A7812F0020F04
:105350001D4612D080229A7133229A7203225A7209
:1053600072B60C4C46F001062046B04762B6237870
:1053700013F0700301D0237006E044F621632A780D
:10538000D20701D4013BFAD104B070BDAEB6020021
:105390000100024000000240B0F5006F10B5044665
:1053A00009D2064B1B78DB0701D4FFF7BFFF04F1DE
:1053B000A054207810BD002010BD00BF01000240A5
:1053C000B0F5006F38B504460D460FD2084B1B7878
:1053D000DB0701D4FFF7AAFF04F1A0542378AB4206
:1053E00004D02570BDE83840FFF798BF38BD00BF36
:1053F0000100024072B60C4A1168B1FA81F31D2B0C
:1054000002D962B6002070474FF00040D84021EA30
:105410000001116062B6054948225343C8180022B2
:10542000CA504260704700BF808EFF1F0084FF1F7C
:105430000C4B4822C31AB3FBF2F31D2B11D80A4AB6
:10544000127822B1094A12780AB1F5F737BC72B660
:10545000074A4FF0004121FA03F311681943116024
:1054600062B670470084FF1FB7E2FF1FC0E2FF1F54
:10547000808EFF1FF0B5304B1B681B06FBD42F4BF3
:105480001B6813F08002F6D172B62D4B19780029F3
:1054900050D02C4908684F688E68CD680C69384434
:1054A000143130440968284420440844C0F34E00B5
:1054B000254940F400400860C86A0F6B4E6B8D6B45
:1054C000CC6B3844403130440968284420440844B7
:1054D000C0F34E001D4940F40040086001F108117E
:1054E000143151F8140C51F8107C51F80C6C51F82F
:1054F000085C51F8044C096838443044284420447E
:105500000844C0F34E00124940F400400860C86AE5
:105510000F6B4E6B8D6BCC6B384440313044096857
:10552000284420440844C0F34E000A4940F4004097
:1055300008601A7062B6F0BD24B0034024B00B407E
:10554000DAE4FF1F38B003402CB0034030B0034012
:105550002CB00B4030B00B4010B5204B20482149F7
:1055600060221A70E1225A701F4B204A1C78204B8F
:10557000082C01D1012402E00A2C03D11924046073
:10558000132005E00C2C0CBF15243D2404601220D0
:10559000086014601860174B17491B78174A03B14D
:1055A00001230B601360164B164A1978164B01291C
:1055B00001D880210BE0042901D8842107E00829C3
:1055C00001D8852103E0102994BF8621872111602D
:1055D00019600E4B01221A7010BD00BF0040074039
:1055E00008B003400CB00340848EFF1F08B00B408E
:1055F0000CB00B40DDE4FF1F20B0034020B00B4097
:10560000858EFF1F24B0034024B00B40DAE4FF1F57
:105610000C2804D9102828BF1020102307E00A28DE
:1056200004D8092834BF08230A2300E00C23094AC0
:10563000D9B2081A1070084A1078834208D0074B74
:1056400011701B7813B1064B00221A60FFF784BF5C
:10565000704700BFD9E4FF1F848EFF1FDAE4FF1FED
:1056600024B003400D2838B50FD9172801D80E38BB
:105670000AE0A0F11A03052B01D8093804E0A0F1D3
:105680002203062B47D81838C0B2244B1C5C244B8D
:105690001B780BB1FFF7EEFE210614D472B6214B36
:1056A000214D1C6001232B7062B672B61D4B1B6826
:1056B0001A0601D51D4B1FE02B78002BEFD062B6E8
:1056C00000F02EF9F1E772B6194B1A4D1A6814F072
:1056D000400F14BF22F0100242F010021A60164B65
:1056E00004F03F021A6001232B7062B672B6124BAF
:1056F0001B681B0608D5114B186800232B7062B677
:105700000F4B1B78184138BD2B78002BDCD062B6CC
:1057100000F006F9EAE7002038BD00BFBEB602007F
:10572000DAE4FF1F00B00340DCE4FF1F10B00340C9
:105730000CB00B40DBE4FF1F00B00B4010B00B407F
:10574000D9E4FF1F084B1A6842F480521A60074BD5
:105750001A78074B0AB1802200E0C0221A70054B6C
:1057600080F30C00188070472C800440DDE4FF1F9C
:1057700021C00C4000C00C40F8B5174B1E68054610
:105780000C461F46154B1B7803B30420F5F768FA47
:1057900058B90620F5F764FA48B93B689B1BA34249
:1057A00018D8B4B100F0BCF8ECE7012400E0022402
:1057B00000F108032A4600F1480153F8045B42F85F
:1057C000045B8B42F9D1FFF733FE02E04FF0FF306C
:1057D000F8BD2046F8BD00BFC4E2FF1FC0E2FF1FB6
:1057E000F8B5184B1D6804460E461F46164B1B782D
:1057F0001BB30320F5F750FA032806D93B685B1B5F
:10580000B3421DD800F08CF8F0E7FFF7F3FD034634
:105810000028F3D0204603F1080204F1400150F8BB
:10582000044B42F8044B8842F9D140241C800320E9
:105830001946F5F77FFA2046F8BD4FF0FF30F8BD66
:105840000020F8BDC4E2FF1FC0E2FF1FF8B5184BEF
:105850001D6804460E461F46164B1B781BB30520D9
:10586000F5F71AFA032806D93B685B1BB3421DD82B
:1058700000F056F8F0E7FFF7BDFD03460028F3D02F
:10588000204603F1080204F1400150F8044B42F8AD
:10589000044B8842F9D140241C8005201946F5F7B5
:1058A00049FA2046F8BD4FF0FF30F8BD0020F8BDA2
:1058B000C4E2FF1FC0E2FF1F08B1014B1860704730
:1058C000E0E4FF1F0C4A0D48136811460C4A002BF8
:1058D00008BF134693FBF0F200FB12330948424322
:1058E00044F2A71000FB03200028BCBF00F10040D9
:1058F00000F1FF3008607047E0E4FF1F1DF3010076
:1059000024D95B07ECF4FFFF10B5044630B1FFF774
:10591000D9FFB0FBF4F303FB140010BD10BDFFFF73
:1059200010B50E4C2378BBB901232370FFF714FC8C
:1059300008B100F04CF901F025F808B101F01CF9AC
:1059400000F05AFD08B100F0F2F800F0C5FA08B115
:1059500001F095F90023237010BD00BFE4E4FF1FA0
:1059600008B50368C9B21B68984708BD08B5036845
:10597000C9B21B68984708BD08B50368C9B21B685F
:10598000984708BD08B50368C9B21B68984708BDA9
:1059900008B50368C9B21B68984708BD08B5036815
:1059A000C9B21B68984708BD08B50368C9B21B682F
:1059B000984708BD08B50368C9B21B68984708BD79
:1059C000034800EB5100B0FBF1F000F00FBE00BF48
:1059D0000044950810B5064800EB51001446B0FB92
:1059E000F1F000F003FE2046BDE8104000F044BE98
:1059F0000044950800F06ABE084600F09BBE08B55A
:105A0000084600F0B3FE003018BF012008BD08B5FD
:105A1000084600F0CDFE003018BF012008BD00F0A0
:105A2000B1BF00F0E9BF00F0BDBF00F08FBF00F0D4
:105A3000FBBF00F095BF08B5084600F0DFFE01206F
:105A400008BD08B5084600F0D9FE012008BD10B514
:105A500008461446114600F01BFF204610BD38B51D
:105A600008460D4602F0C7F904462146284600F0D4
:105A70000FFF204638BDFFFF034800EB5100B0FB8D
:105A8000F1F000F0F5BA00BF0044950810B50648E3
:105A900000EB51001446B0FBF1F000F0E9FA2046AB
:105AA000BDE8104000F02ABB0044950800F050BB50
:105AB000084600F081BB08B5084600F099FB0030AD
:105AC00018BF012008BD08B5084600F0B3FB003040
:105AD00018BF012008BD00F08FBC00F0C7BC00F06B
:105AE0009BBC00F06DBC00F0D9BC00F073BC08B5E5
:105AF000084600F0BDFB012008BD08B5084600F0CF
:105B0000B7FB012008BD10B508461446114600F049
:105B1000F9FB204610BD38B508460D4602F06BF97A
:105B200004462146284600F0EDFB204638BD70476C
:105B3000044B00221A714FF47A711A73024A996069
:105B40001A607047E8E4FF1FE0B6020008B5DBF713
:105B500017FCDCF769F8FFF7E3FEFAE7F8B506464D
:105B60000C468F180025BC4207D0336814F8011B7F
:105B70001B68304698470544F5E72846F8BDFFFF07
:105B800007B5064B1B88ADF80430036801A95B68B4
:105B90000222984703B05DF804FB00BF30B7020053
:105BA00001F088BEFFF7D8BAFFF78CBAFFF7B4BA96
:105BB000FFF776BB0846FFF767BB08461146FFF7BD
:105BC000F1BA08B50846FFF749FA012008BD704749
:105BD000064B0749196000221A71064B4FF47A717F
:105BE0001A711A73044A99601A607047F8E4FF1F2B
:105BF00060B7020000E5FF1F40B70200174B1A68AC
:105C000042F480521A60164A00231370154A13702A
:105C1000154A1370154A1370154A1370154A40F24D
:105C2000133111604FF451715160134AC0F3443184
:105C30001170C0F3471100F01F0051709072937003
:105C400013742C23D3700D4B40226FF44B711A70D8
:105C50000B444FF400321A60704700BF3480044098
:105C60007EE5FF1F15E5FF1F84E5FF1F7FE5FF1F92
:105C700014E5FF1F08C0044000C0064031E400E006
:105C8000134A937800F0030103F0EC030B43410740
:105C900048BF43F01003937000F00F03042B0C492E
:105CA00003D18B7943F040038B715379C20603F023
:105CB000EF03074A48BF43F01003537193798106FD
:105CC00003F0EF0348BF43F010039371704700BF28
:105CD00000C0064008B5114B1B68DB0400D408BDAA
:105CE0000F4B1A7802F0FF0312B1FFF719FEF7E726
:105CF0000C4A4FF4003111600B4A0C49D37040F24A
:105D000003120A604A600A4A13700A4A13700A4B67
:105D10001B680BB101221A7008BD00BF348004401B
:105D200014E5FF1F84E100E000C0064008C0044005
:105D30007EE5FF1F15E5FF1F10E5FF1F38B5044680
:105D4000094B1B7803F0FF05002BF9D120460121F8
:105D5000F5F7EEFC20462946F5F7BCFC034B53F85B
:105D60003420034B1A6038BD14E5FF1F7CB50200D8
:105D700080E5FF1F0D4A38B5146814F480524FF0C7
:105D8000000410D021280A4D0AD80A4A012152F8ED
:105D900030302B60F5F7CCFC2B681C70012038BD2F
:105DA0002C60204638BD104638BD00BF348004400A
:105DB00010E5FF1F7CB502000B4B1B6813F48053EA
:105DC00010D00E28094B09D1094A40F20231116066
:105DD0005A7B42F001025A73012070475A7B02F04D
:105DE000FE025A73002070473480044000C0064011
:105DF00004C00440F8B51D4B1B68DA04064633D5D1
:105E00001B4B1B680BB101221A701A4B1C78013412
:105E1000282C1F4628BF0024174D2B78A34218D1E9
:105E2000FEF7ECFD40280FDC144A13791B06F3D56E
:105E30002B7813490133282B28BF0023C95CDBB220
:105E4000C9B2D1712B70E7E7FF28E5DDFFF768FDE8
:105E5000E2E70B4BF6B21E550A4B01221A70074BB4
:105E6000E4B2AC223C70DA70F8BD00BF348004406C
:105E700080E5FF1F84E5FF1F7FE5FF1F00C0064090
:105E800016E5FF1F14E5FF1F38B504464518AC4260
:105E900004D014F8010BFFF7ADFFF8E738BDFFFFA2
:105EA00008B5034B1B7813B1FFF73AFDF9E708BDBE
:105EB00014E5FF1F064A074B1B781078DBB2C0B20F
:105EC00083422CBF273000F1FF30C01A704700BF5B
:105ED0007FE5FF1F84E5FF1F054B1878054B1B78F6
:105EE000C0B2DBB2984238BF4030C01A704700BF22
:105EF0007EE5FF1F15E5FF1F10B5104B10491A78FE
:105F00000B78D2B2DBB29A4214D00133402B28BFB7
:105F100000230C48DCB2C05C0C700B490968C0B2AD
:105F200051B19A4238BF4032D31A1A2B04DC0023F5
:105F30000B7010BD4FF0FF3010BD00BF7EE5FF1F9E
:105F400015E5FF1F3EE5FF1F10E5FF1F084B1A7800
:105F5000084B1B78DBB29A4207D00133402B28BF95
:105F60000023054AD05CC0B270474FF0FF30704745
:105F70007EE5FF1F15E5FF1F3EE5FF1F054B1A7865
:105F8000054BD2B21A70054B1B680BB100221A7078
:105F9000704700BF15E5FF1F7EE5FF1F10E5FF1FDF
:105FA00010B5294B1A79920620D5284AD87913784A
:105FB00027490133402B097828BF00238B42C0B208
:105FC00003D02449C854D9B21170234A116869B169
:105FD000224A1278D2B2934236BFC2F14002C2EBDB
:105FE00003039B18272BC4BF01230B70164AD178DB
:105FF000C9B20C0616D51379180613D5184B1748D5
:106000001C780378DBB29C4202D16C23D37009E088
:106010000133282B28BF0023124CE45CDBB2E4B22E
:10602000D47103704B060ED5074B1A7912F0400F4E
:10603000194608D00C4B00221A700C4B1B6803B198
:106040001A702C23CB7010BD00C006407EE5FF1FE8
:1060500015E5FF1F3EE5FF1F10E5FF1F7FE5FF1F52
:1060600084E5FF1F16E5FF1F14E5FF1F80E5FF1FF6
:10607000194B1A6842F400621A60184A0023137020
:10608000174A1370174A1370174A1370174A137080
:10609000174B40F213321A604FF451725A60154B8D
:1060A000C0F344321A70C0F347125A7000F01F0058
:1060B0000422022198729A70D9745A7588221A742F
:1060C0003C22DA700C4B40221A70A3F22B334FF4AF
:1060D00000421A60704700BF34800440F6E5FF1F9D
:1060E0008DE5FF1FFCE5FF1FF7E5FF1F8CE5FF1F98
:1060F0000CB0044000B006402FE400E0134A93784F
:1061000000F0030103F0EC030B43410748BF43F0E9
:106110001003937000F00F03042B0C4903D18B790B
:1061200043F040038B715379C20603F0EF03074A33
:1061300048BF43F0100353719379810603F0EF03D6
:1061400048BF43F010039371704700BF00B0064092
:1061500008B5114B1B681B0500D408BD0F4B1A78FE
:1061600002F0FF0312B1FFF7DBFBF7E70C4A4FF435
:10617000004111600B4A0C49D37040F203120A60CF
:106180004A600A4A13700A4A13700A4B1B680BB123
:1061900001221A7008BD00BF348004408CE5FF1F47
:1061A00084E100E000B006400CB00440F6E5FF1FBB
:1061B0008DE5FF1F88E5FF1F38B50446094B1B78A6
:1061C00003F0FF05002BF9D120460121F5F7B0FAC5
:1061D00020462946F5F77EFA034B53F83420034B4B
:1061E0001A6038BD8CE5FF1F7CB50200F8E5FF1F83
:1061F0000D4A38B5146814F400624FF0000410D052
:1062000021280A4D0AD80A4A012152F830302B6061
:10621000F5F78EFA2B681C70012038BD2C602046E3
:1062200038BD104638BD00BF3480044088E5FF1FEC
:106230007CB502000B4B1B6813F4006310D01728C9
:10624000094B09D1094A40F2023111605A7B42F0F0
:1062500001025A73012070475A7B02F0FE025A7302
:10626000002070473480044000B0064008B004406D
:10627000F8B51D4B1B681A05064633D51B4B1B682A
:106280000BB101221A701A4B1C780134282C1F46BE
:1062900028BF0024174D2B78A34218D1FEF7AEFB80
:1062A00040280FDC144A13791B06F3D52B781349C9
:1062B0000133282B28BF0023C95CDBB2C9B2D171DE
:1062C0002B70E7E7FF28E5DDFFF72AFBE2E70B4B42
:1062D000F6B21E550A4B01221A70074BE4B2BC22DB
:1062E0003C70DA70F8BD00BF34800440F8E5FF1F51
:1062F000FCE5FF1FF7E5FF1F00B006408EE5FF1F1E
:106300008CE5FF1F274B1B681A052DE9F047074650
:106310008A4644D5244B1B680BB101221A703D46B6
:1063200007EB0A039D4237D2DFF890801F4E98F8A2
:10633000004096F800900134282C28BF00245FFA12
:1063400089F9A1451DD11A4BBC22DA70FEF756FB24
:1063500040280FDC164A13791B060FD533781549F0
:106360000133282B28BF0023C95CDBB2C9B2D1712D
:10637000337003E0FF2801DDFFF7D2FA33784B4595
:10638000E4D00C4B15F8012B1A550B4B0122E4B24B
:106390001A7088F80040C3E7054BBC22DA70BDE8EC
:1063A000F08700BF34800440F8E5FF1FF7E5FF1FCA
:1063B00000B006408EE5FF1F8CE5FF1FFCE5FF1FC8
:1063C00008B5034B1B7813B1FFF7AAFAF9E708BD2C
:1063D0008CE5FF1F064A074B1B781078DBB2C0B272
:1063E00083422CBF273000F1FF30C01A704700BF36
:1063F000F7E5FF1FFCE5FF1F054B1878054B1B78E1
:10640000C0B2DBB2984238BF4030C01A704700BFFC
:10641000F6E5FF1F8DE5FF1F10B5104B10491A78E8
:106420000B78D2B2DBB29A4214D00133402B28BF92
:1064300000230C48DCB2C05C0C700B490968C0B288
:1064400051B19A4238BF4032D31A1A2B04DC0023D0
:106450000B7010BD4FF0FF3010BD00BFF6E5FF1F01
:106460008DE5FF1FB6E5FF1F88E5FF1F084B1A7873
:10647000084B1B78DBB29A4207D00133402B28BF70
:106480000023054AD05CC0B270474FF0FF30704720
:10649000F6E5FF1F8DE5FF1FB6E5FF1F0C4B1B68E0
:1064A0001B0514D50B4BDA7802F0CB02DA704022D0
:1064B0005A74DA7842F03402DA70074B1A78074BD4
:1064C000D2B21A70064B1B680BB100221A707047CB
:1064D0003480044000B006408DE5FF1FF6E5FF1F45
:1064E00088E5FF1F30B5374B1A7912F0300F31D0E5
:1064F00072B69A7D02F0FF0022B9DA7940225A740E
:1065000062B627E062B6304A304913780978DBB2C8
:10651000C9B214462B4AD5795A1C402A28BF0022FA
:106520008A42EDB202D02A4B9D541346421E12F00D
:10653000FF00EFD1DAB22270264A126852B18B42C4
:1065400036BFC1F14001C1EB03035B18272BC4BF69
:10655000012313701B4BD978C9B20C0620D51B79C7
:1065600018061DD51C4B1D4A1D781378EDB2DBB201
:106570001046AB420CD0134A0133282B1479184C27
:1065800028BF0023E45CE4B2D471127D072AF0D95D
:10659000DBB203700B4B1A79120644BF7C22DA700F
:1065A0004B060ED5074B1A7912F0400F194608D04A
:1065B0000C4B00221A700C4B1B6803B11A703C2361
:1065C000CB7030BD00B00640F6E5FF1F8DE5FF1F24
:1065D000B6E5FF1F88E5FF1FFCE5FF1FF7E5FF1F7E
:1065E0008EE5FF1F8CE5FF1FF8E5FF1F194B1A68AA
:1065F00042F480621A60184A00231370174A13701D
:10660000174A1370174A1370174A1370174B40F24A
:1066100013321A604FF451725A60154BC0F3443272
:106620001A70C0F347125A700221042200F01F00B2
:1066300098729A70D9745A7588221A743C22DA704A
:106640000C4B40226FF44A711A700B444FF4005205
:106650001A6070473480044086E6FF1F05E6FF1F7E
:106660008CE6FF1F87E6FF1F04E6FF1F40A00440E3
:1066700000A006402DE400E0134A937800F00301E7
:1066800003F0EC030B43410748BF43F01003937042
:1066900000F00F03042B0C4903D18B7943F0400326
:1066A0008B715379C20603F0EF03074A48BF43F0EA
:1066B000100353719379810603F0EF0348BF43F051
:1066C00010039371704700BF00A0064008B5114B3E
:1066D0001B685B0500D408BD0F4B1A7802F0FF035E
:1066E00012B1FFF71DF9F7E70C4A4FF400511160A2
:1066F0000B4A0C49D37040F203120A604A600A4AFE
:1067000013700A4A13700A4B1B680BB101221A70EE
:1067100008BD00BF3480044004E6FF1F84E100E0B0
:1067200000A0064040A0044086E6FF1F05E6FF1FCC
:1067300000E6FF1F38B50446094B1B7803F0FF0540
:10674000002BF9D120460121F4F7F2FF204629461B
:10675000F4F7C0FF034B53F83420034B1A6038BDE5
:1067600004E6FF1F7CB5020088E6FF1F0D4A38B51E
:10677000146814F480624FF0000410D021280A4DF0
:106780000AD80A4A012152F830302B60F4F7D0FFC2
:106790002B681C70012038BD2C60204638BD104687
:1067A00038BD00BF3480044000E6FF1F7CB5020006
:1067B0000E4B1B6813F4806316D012280C4B03D1C8
:1067C00040F202310B4A04E0142809D10A4A40F28F
:1067D000023111605A7B42F001025A730120704766
:1067E0005A7B02F0FE025A73002070473480044046
:1067F00000A006400CA0044014C00440F8B51D4B96
:106800001B685A05064633D51B4B1B680BB101228A
:106810001A701A4B1C780134402C1F4628BF0024E4
:10682000174D2B78A34218D1FEF7E8F840280FDC6B
:10683000144A13791B06F3D52B7813490133402BE7
:1068400028BF0023C95CDBB2C9B2D1712B70E7E766
:10685000FF28E5DDFFF764F8E2E70B4BF6B21E55C3
:106860000A4B01221A70074BE4B2BC223C70DA706A
:10687000F8BD00BF3480044088E6FF1F8CE6FF1F90
:1068800087E6FF1F00A0064006E6FF1F04E6FF1F85
:10689000274B1B685A052DE9F04707468A4644D521
:1068A000244B1B680BB101221A703D4607EB0A030B
:1068B0009D4237D2DFF890801F4E98F8004096F83E
:1068C00000900134402C28BF00245FFA89F9A145CB
:1068D0001DD11A4BBC22DA70FEF790F840280FDC6D
:1068E000164A13791B060FD5337815490133402B0F
:1068F00028BF0023C95CDBB2C9B2D171337003E099
:10690000FF2801DDFFF70CF833784B45E4D00C4B42
:1069100015F8012B1A550B4B0122E4B21A7088F8B6
:106920000040C3E7054BBC22DA70BDE8F08700BF2A
:106930003480044088E6FF1F87E6FF1F00A0064062
:1069400006E6FF1F04E6FF1F8CE6FF1F08B5034B9A
:106950001B7813B1FEF7E4FFF9E708BD04E6FF1F5B
:10696000064A074B1B781078DBB2C0B283422CBFBB
:106970003F3000F1FF30C01A704700BF87E6FF1FAD
:106980008CE6FF1F054B1878054B1B78C0B2DBB2B5
:10699000984238BF4030C01A704700BF86E6FF1FDC
:1069A00005E6FF1F10B5104B10491A780B78D2B2CC
:1069B000DBB29A4214D00133402B28BF00230C488D
:1069C000DCB2C05C0C700B490968C0B251B19A428C
:1069D00038BF4032D31A1A2B04DC00230B7010BDD1
:1069E0004FF0FF3010BD00BF86E6FF1F05E6FF1F1A
:1069F00046E6FF1F00E6FF1F084B1A78084B1B787E
:106A0000DBB29A4207D00133402B28BF0023054A4E
:106A1000D05CC0B270474FF0FF30704786E6FF1F72
:106A200005E6FF1F46E6FF1F0C4B1B685B0514D5F0
:106A30000B4BDA7802F0CB02DA7040225A74DA7823
:106A400042F03402DA70074B1A78074BD2B21A7050
:106A5000064B1B680BB100221A707047348004404B
:106A600000A0064005E6FF1F86E6FF1F00E6FF1FA9
:106A700030B5374B1A7912F0300F31D072B69A7D9B
:106A800002F0FF0022B9DA7940225A7462B627E098
:106A900062B6304A304913780978DBB2C9B214467D
:106AA0002B4AD5795A1C402A28BF00228A42EDB2CF
:106AB00002D02A4B9D541346421E12F0FF00EFD124
:106AC000DAB22270264A126852B18B4236BFC1F147
:106AD0004001C1EB03035B18272BC4BF01231370D4
:106AE0001B4BD978C9B20C0620D51B7918061DD5C9
:106AF0001C4B1D4A1D781378EDB2DBB21046AB4239
:106B00000CD0134A0133402B1479184C28BF0023B2
:106B1000E45CE4B2D471127D072AF0D9DBB20370D1
:106B20000B4B1A79120644BF7C22DA704B060ED545
:106B3000074B1A7912F0400F194608D00C4B00226F
:106B40001A700C4B1B6803B11A703C23CB7030BD1C
:106B500000A0064086E6FF1F05E6FF1F46E6FF1F72
:106B600000E6FF1F8CE6FF1F87E6FF1F06E6FF1FFC
:106B700004E6FF1F88E6FF1F7047FFFF044B00225B
:106B80001A714FF47A711A73024A99601A60704749
:106B900090E6FF1F70B7020008B50368C9B21B6812
:106BA000984708BD08B50368C9B21B68984708BD77
:106BB00008B50368C9B21B68984708BD08B50368E3
:106BC000C9B21B68984708BD034800EB5100B0FBF1
:106BD000F1F0FFF713B800BF00A24A0410B5064851
:106BE00000EB51001446B0FBF1F0FFF707F8204628
:106BF000BDE81040FFF744B800A24A04FFF76AB8A6
:106C00000846FFF79BB808B50846FFF7B3F8003011
:106C100018BF012008BD08B50846FFF7CDF80030C1
:106C200018BF012008BDFFF757B9FFF78FB9FFF76D
:106C300063B9FFF735B9FFF7A1B9FFF73BB908B55D
:106C40000846FFF7D7F8012008BD08B50846FFF74A
:106C5000D1F8012008BD10B5084614461146FFF7CB
:106C600013F9204610BD38B508460D4601F0C3F8AB
:106C7000044621462846FFF707F9204638BD7047ED
:106C8000044B00221A714FF47A711A73024A996008
:106C90001A607047A0E6FF1FC8B7020080F00040EE
:106CA00002E000BF81F0004142001FBF5FEA4103E4
:106CB00092EA030F7FEA226C7FEA236C6AD04FEAE4
:106CC0001262D2EB1363C1BFD21841404840414029
:106CD000B8BF5B42192B88BF704710F0004F40F4DB
:106CE000000020F07F4018BF404211F0004F41F4F7
:106CF000000121F07F4118BF494292EA030F3FD0C3
:106D0000A2F1010241FA03FC10EB0C00C3F12003D5
:106D100001FA03F100F0004302D5494260EB400064
:106D2000B0F5000F13D3B0F1807F06D340084FEACF
:106D3000310102F10102FE2A51D2B1F1004F40EBC4
:106D4000C25008BF20F0010040EA0300704749002C
:106D500040EB000010F4000FA2F10102EDD1B0FAF7
:106D600080FCACF1080CB2EB0C0200FA0CF0AABFEC
:106D700000EBC25052421843BCBFD040184370478A
:106D800092F0000F81F4000106BF80F40000013290
:106D9000013BB5E74FEA41037FEA226C18BF7FEA67
:106DA000236C21D092EA030F04D092F0000F08BFA9
:106DB0000846704790EA010F1CBF0020704712F090
:106DC0007F4F04D1400028BF40F00040704712F1CF
:106DD00000723CBF00F50000704700F0004343F034
:106DE000FE4040F4000070477FEA226216BF08466A
:106DF0007FEA23630146420206BF5FEA412390EA2D
:106E0000010F40F4800070474FF0000304E000BF22
:106E100010F0004348BF40425FEA000C08BF7047D3
:106E200043F0964301464FF000001CE050EA010297
:106E300008BF70474FF000030AE000BF50EA0102AC
:106E400008BF704711F0004302D5404261EB410199
:106E50005FEA010C02BF84460146002043F0B643BE
:106E600008BFA3F18053A3F50003BCFA8CF2083AE3
:106E7000A3EBC25310DB01FA02FC634400FA02FCEC
:106E8000C2F12002BCF1004F20FA02F243EB0200F3
:106E900008BF20F00100704702F1200201FA02FC55
:106EA000C2F1200250EA4C0021FA02F243EB020048
:106EB00008BF20EADC7070474FF0FF0C1CEAD0528C
:106EC0001EBF1CEAD15392EA0C0F93EA0C0F6FD04D
:106ED0001A4480EA010C400218BF5FEA41211ED02B
:106EE0004FF0006343EA501043EA5111A0FB013117
:106EF0000CF00040B1F5000F3EBF490041EAD371EC
:106F00005B0040EA010062F17F02FD2A1DD8B3F167
:106F1000004F40EBC25008BF20F00100704790F0D6
:106F2000000F0CF0004C08BF49024CEA502040EA28
:106F300051207F3AC2BFD2F1FF0340EAC2507047EE
:106F400040F400004FF00003013A5DDC12F1190F2C
:106F5000DCBF00F000407047C2F10002410021FA9E
:106F600002F1C2F1200200FA02FC5FEA310040F1B6
:106F7000000053EA4C0308BF20EADC70704792F02F
:106F8000000F00F0004C02BF400010F4000F013A67
:106F9000F9D040EA0C0093F0000F01F0004C02BF62
:106FA000490011F4000F013BF9D041EA0C018FE7D1
:106FB0000CEAD15392EA0C0F18BF93EA0C0F0AD0D7
:106FC00030F0004C18BF31F0004CD8D180EA0100FD
:106FD00000F00040704790F0000F17BF90F0004F96
:106FE000084691F0000F91F0004F14D092EA0C0F78
:106FF00001D142020FD193EA0C0F03D14B0218BF0B
:10700000084608D180EA010000F0004040F0FE4050
:1070100040F40000704740F0FE4040F440007047EC
:107020004FF0FF0C1CEAD0521EBF1CEAD15392EA6B
:107030000C0F93EA0C0F69D0A2EB030280EA010C5B
:1070400049024FEA402037D04FF0805343EA1111F4
:1070500043EA10130CF000408B4238BF5B0042F152
:107060007D024FF4000C8B4224BF5B1A40EA0C00F7
:10707000B3EB510F24BFA3EB510340EA5C00B3EB29
:10708000910F24BFA3EB910340EA9C00B3EBD10F17
:1070900024BFA3EBD10340EADC001B0118BF5FEA69
:1070A0001C1CE0D1FD2A3FF650AF8B4240EBC25092
:1070B00008BF20F0010070470CF0004C4CEA502053
:1070C0007F32C2BFD2F1FF0340EAC250704740F4A2
:1070D00000004FF00003013A37E792F0000F00F094
:1070E000004C02BF400010F4000F013AF9D040EA12
:1070F0000C0093F0000F01F0004C02BF490011F4A6
:10710000000F013BF9D041EA0C0195E70CEAD1539D
:1071100092EA0C0F08D142027FF47DAF93EA0C0F84
:107120007FF470AF084676E793EA0C0F04D14B0268
:107130003FF44CAF08466EE730F0004C18BF31F01A
:10714000004CCAD130F000427FF45CAF31F0004314
:107150007FF43CAF5FE700BF4FF0FF3C06E000BFAD
:107160004FF0010C02E000BF4FF0010C4DF804CDD0
:107170004FEA40024FEA41037FEA226C18BF7FEAE0
:10718000236C11D001B052EA530C18BF90EA010FE2
:1071900058BFB2EB030088BFC81738BF6FEAE17071
:1071A00018BF40F0010070477FEA226C02D15FEA0D
:1071B000402C05D17FEA236CE4D15FEA412CE1D079
:1071C0005DF8040B704700BF844608466146FFE740
:1071D0000FB5FFF7C9FF002848BF10F1000F0FBD22
:1071E0004DF808EDFFF7F4FF0CBF012000205DF81B
:1071F00008FB00BF4DF808EDFFF7EAFF34BF0120A0
:1072000000205DF808FB00BF4DF808EDFFF7E0FF38
:1072100094BF012000205DF808FB00BF4DF808ED89
:10722000FFF7D2FF94BF012000205DF808FB00BFEC
:107230004DF808EDFFF7C8FF34BF012000205DF8CE
:1072400008FB00BF4BB942B9002908BF002802D093
:107250004FF0FF31084600F03BB882B0EC462DE914
:10726000005000F01DF8DDF804E002B00CBC7047DF
:107270002DE97043069E14461D468046894600F05F
:1072800029F804FB01F300FB0533A4FB00451D4472
:10729000B8EB040469EB0505C6E90045BDE8708359
:1072A0002DE97043069E1446804689461D4600F02F
:1072B0005DF900FB05F504FB0153A0FB04451D44EB
:1072C000B8EB040469EB0505C6E90045BDE8708329
:1072D000704700BF00292DE9F00FC0F29F80002405
:1072E000002BC0F29680154606460F46002B3ED175
:1072F0008A4257D9B2FA82F34BB1C3F1200201FAA4
:1073000003F720FA02F29D40174300FA03F6290C16
:10731000B7FBF1F2330C01FB127CA8B243EA0C4735
:1073200000FB02F3BB4209D97F1902F1FF3C80F058
:107330000181BB4240F2FE80023A2F44FF1AB7FBA4
:10734000F1F3B6B201FB137146EA014100FB03F011
:10735000884208D9491903F1FF3780F0ED8088424F
:1073600040F2EA80023B43EA0242002303E08B4200
:107370000AD900231A461046194614B1404261EB5F
:107380004101BDE8F00F7047B3FA83F8B8F1000F80
:1073900040F084808B4202D3824200F2DE800023E0
:1073A0000122E8E712B90123B3FBF2F5B5FA85F241
:1073B000002A39D17F1B280C1FFA85FC0123B7FB5B
:1073C000F0F1320C00FB117742EA07470CFB01F2A7
:1073D000BA4207D97F1901F1FF3802D2BA4200F24E
:1073E000C1804146BF1AB7FBF0F2B6B200FB127083
:1073F00046EA00400CFB02FC844507D9401902F123
:10740000FF3702D2844500F2AB803A4642EA01429D
:10741000B1E7E443524263EB430364E7404261EB6C
:1074200041014FF0FF345BE79540C2F1200327FA9A
:1074300003F1280C26FA03F39740B1FBF0F81F4341
:107440003B0C00FB18111FFA85FC43EA01410CFBC1
:1074500008F38B4206FA02F608D9491908F1FF32FF
:1074600079D28B4277D9A8F102082944C91AB1FB15
:10747000F0F3BFB200FB131147EA01470CFB03F224
:10748000BA4207D97F1903F1FF3160D2BA425ED9FF
:10749000023B2F44BF1A43EA084390E7C8F1200299
:1074A00003FA08FC25FA02F343EA0C0C4FEA1C49E4
:1074B00021FA02F301FA08F720FA02F2B3FBF9F11C
:1074C000174309FB11333A0C1FFA8CFB42EA0343C2
:1074D0000BFB01FA9A4505FA08F008D913EB0C03E7
:1074E00001F1FF3235D29A4533D902396344CAEBF0
:1074F0000303B3FBF9F209FB1233BFB247EA0347B8
:107500000BFB02F9B94508D917EB0C0702F1FF3361
:107510001BD2B94519D9023A674442EA0145A5FB95
:107520000001C9EB07078F424FF000030AD305D0D3
:107530002A4620E7624601E73B4614E706FA08F6CA
:107540008642F5D26A1E002315E71A46E5E70B4688
:10755000A0E71146CBE7904688E7434642460AE754
:10756000023A53E702392F443CE700BF2DE9F00F00
:10757000144605460E46002B43D18A4253D9B2FA2F
:1075800082F757B1C7F1200620FA06F601FA07F391
:1075900002FA07F41E4300FA07F5210CB6FBF1F2DC
:1075A0002B0C01FB1267A0B243EA074600FB02F373
:1075B000B34209D9361902F1FF3780F0F680B342A1
:1075C00040F2F380023A2644F61AB6FBF1F3ADB26C
:1075D00001FB136145EA014100FB03F0884208D931
:1075E000091903F1FF3680F0E280884240F2DF8023
:1075F000023B43EA0242002310461946BDE8F00F61
:1076000070478B424AD8B3FA83F6002E4DD18B4295
:1076100002D3824200F2D68000230122104619468E
:10762000BDE8F00F704712B90124B4FBF2F4B4FACC
:1076300084F2002A7CD1091B260CA7B20123B1FBDE
:10764000F6F02A0C06FB101142EA014107FB00F29A
:107650008A4207D9091900F1FF3C02D28A4200F29E
:10766000C3806046891AB1FBF6F2ADB206FB121177
:1076700045EA014507FB02F7AF4208D92C1902F190
:10768000FF3180F09680A74240F29380023A42EAAE
:10769000004210461946BDE8F00F704700231A4615
:1076A00010461946BDE8F00F7047C6F1200522FAD2
:1076B00005F4B3401C434FEA144821FA05F301FADC
:1076C00006F720FA05F5B3FBF8FC2F4308FB1C3343
:1076D0003D0C1FFA84FA45EA03430AFB0CF999456D
:1076E00002FA06FB04D91B190CF1FF326DD3944644
:1076F000C9EB0303B3FBF8F508FB1533BFB247EA48
:1077000003470AFB05F8B84504D93F1905F1FF33D3
:1077100061D31D4645EA0C4CACFB0B23C8EB0707B5
:107720009F424FF0000549D345D062462B4663E7A0
:107730009440C2F1200321FA03FC260C20FA03F343
:1077400001FA02F5BCFBF6F843EA05010B0C06FB57
:1077500018CCA7B243EA0C4C07FB08F3634500FAC8
:1077600002F509D91CEB040C08F1FF323AD263454B
:1077700038D9A8F10208A444C3EB0C0CBCFBF6F307
:1077800089B206FB13CC41EA0C4107FB03F28A42A3
:1077900007D9091903F1FF3022D28A4220D9023BCE
:1077A0002144891A43EA084349E73A460CE733463D
:1077B0001FE70A466BE7B0409042B6D20CF1FF32A9
:1077C000002319E73346324616E799458FD9ACF1C5
:1077D000020C23448CE7B8459BD9023D274499E726
:1077E0000346DEE79046C7E7023821443AE700BF88
:1077F00003460846194600F00BB8FFFF0A46034946
:1078000003460868194600F08FB800BFE88EFF1FD6
:1078100070B5064C06460D4613462CB131462A4635
:107820000220AFF3008070BD204670BD0000000054
:1078300008B5074B044613B10021AFF30080054B98
:107840001868836A03B198472046FDF7D5F800BF52
:10785000000000007CB8020070B50E4B0E4DED1A12
:10786000AD1000241E46AC4204D056F824209047A8
:107870000134F8E704F01EF8084D094BED1AAD107D
:1078800000241E46AC4204D056F824209047013410
:10789000F8E770BDD0B80200D0B80200FCB8020012
:1078A000D0B80200024B0146186800F08FB800BF44
:1078B000E88EFF1F024B0146186800F043B800BF76
:1078C000E88EFF1F30B50023934208D0C55C01331A
:1078D000CC1814F8014CA542F6D0281B30BD00206E
:1078E00030BD814270B501D300230EE08C18A04258
:1078F000FAD28518134613F1FF3305D351426618A7
:107900002944F65CCE54F6E770BD934203D0CC5CBC
:10791000C4540133F9E770BD02440346934202D0D8
:1079200003F8011BFAE7704738B502FB01F4214662
:1079300000F04CF8054618B100212246FFF7ECFF95
:10794000284638BD30B500293CD051F8042C0B1F17
:107950001D49002AB8BF9B180A680C4612B95A6024
:107960000B6030BD93420DD219685818904203D174
:107970005A581144426819605A60236030BD9942D8
:1079800003D80A4651680029F9D1146815199D4297
:107990000AD11B682344D0188842136012D10868AA
:1079A000034413604B680CE002D90C23036030BD24
:1079B00018681C188C4203D10C6849682044186070
:1079C0005960536030BD00BFB4E6FF1F70B5CD1CD9
:1079D00025F0030508350C2D38BF0C25002D064673
:1079E0003FDB8D423DD3214B1C6818462146A1B197
:1079F0000B685B1B0ED40B2B03D90B60CC18CD503E
:107A00001FE08C4202D1626802601AE04B6863603A
:107A10000C4616E00C464968E9E7154C23681BB98B
:107A2000304600F09DF920602946304600F098F974
:107A3000431C014615D0C41C24F0030484420AD11F
:107A4000256004F10B00231D20F00700C31A0BD0A2
:107A50005A42E25070BD3046611A00F081F901309F
:107A6000EED10C233360002070BD00BFB4E6FF1FD1
:107A7000B0E6FF1F012B30B50ADC9208013A04681A
:107A80000B6840F8043B002A41F8044BF6DC30BD9B
:107A90000023C45CCD5CC554CC540133D41A002CF3
:107AA000F7DC30BDF8B50E46144607461D4698472C
:107AB0000028214630460ADAA847002812DB38465B
:107AC0002146A84737EA200028BF2046F8BDA8472E
:107AD000002807DC38462146A84734EA200028BFA2
:107AE0003846F8BD3046F8BD2DE9F04F85B0054663
:107AF000894614460293AA0705D1A30703D1261F7E
:107B000018BF012600E002262A19B9F1060F0192DA
:107B100022D8934604FB0959CB4580F01E815F466D
:107B2000AF4217D9C4EB070A50463946029B984723
:107B300000280FDD36B93A68DAF800303B60CAF841
:107B4000002005E03846514622463346FFF792FFB3
:107B50005746E5E7A344DFE74FEA5907B9F1070FB6
:107B600004FB075736D009F1FF38B9F1280F04FBA1
:107B7000085827D94FEAD90A04FB0AFA4FEA4A0CF7
:107B800005EB0C0205EB0A01029BCDF800C028466C
:107B9000FFF788FFCAF1000B394607EB0A02039092
:107BA000029B07EB0B00FFF77DFFDDF800C0029B97
:107BB00008EB0B0142460746CCEB0800FFF772FFCB
:107BC000804600E0039539460398029B4246FFF742
:107BD00069FF074626B92A683B682B603A6005E0D2
:107BE0002846394622463346FFF744FF09F1FF385D
:107BF000019F04FB0858C346BA460023474525D8D1
:107C0000009338462946029A90470028009B1DDCC5
:107C10000FD136B9DAF800203B68CAF800303A6074
:107C200005E05046394622463346FFF723FFA2447B
:107C300001232744E2E7009340462946029A9047F1
:107C40000028009B19DB04D0C4EB08084745F2D993
:107C500026E046B9D8F80020DBF80030C8F800303C
:107C6000CBF8002005E04046594622463346FFF750
:107C700001FFC4EB0B0B0123E6E736B93A68D8F8ED
:107C800000303B60C8F8002005E0384641462246F7
:107C90003346FFF7EFFE2744C4EB08080123ADE7A6
:107CA00004FB09F9A9440BBB019B4B4555D21F4668
:107CB000AF4217D9C4EB070A50463946029B984792
:107CC00000280FDD36B93A68DAF800303B60CAF8B0
:107CD000002005E03846514622463346FFF7CAFEEB
:107CE0005746E5E7019A22440192DDE7CAEB070C0B
:107CF000C5EB0A0AE245B4BF52466246002A08DDD7
:107D00002846B91A3346CDF800C0FFF7B3FEDDF8B8
:107D100000C0CBEB0902C8EB0B08121B424528BF81
:107D20004246002A09DD3846C2EB09013346CDF848
:107D300000C0FFF79FFEDDF800C0A44506D9284625
:107D4000BCFBF4F12246029BFFF7CEFEA04504D90E
:107D5000C8EB0905B8FBF4F9CDE605B0BDE8F08F36
:107D600038B5064C0023054608462360FCF73CFE68
:107D7000431C02D1236803B12B6038BDC8E6FF1F46
:107D80000EB400B59CB04FF40271ADF814106FF052
:107D90000041049107914FF6FF711DABADF816102D
:107DA000084953F8042B029006900868019302A931
:107DB00000F09CF8029B00221A701CB05DF804EBE6
:107DC00003B07047E88EFF1FC9B2024610F8013BAE
:107DD0001BB18B42F9D1104670470029FBD01846E1
:107DE000704710F8012B11F8013B012A28BF9A4275
:107DF000F7D0D01A7047034613F8012B002AFBD1A5
:107E0000181A0138704770B592B10B4605461C78B8
:107E100010F8016BB44201F1010101D1012A03D133
:107E200028781B78C01A70BD013A002CEDD1F7E715
:107E3000104670BD2DE9F0478D68AB4281460C4677
:107E400092461F4643D38B8913F4906F3DD026682A
:107E50000969C1EB06086669022206EB460696FB35
:107E6000F2F608F101023A44964238BF16465B0525
:107E70000FD53146FFF7AAFD054698B12169424664
:107E8000F2F79CFDA38923F4906343F08003A38160
:107E900013E0324600F0ADFA054670B94846216954
:107EA000FFF750FD0C23C9F80030A38943F04003CD
:107EB000A3814FF0FF30BDE8F0872561666145443E
:107EC000C8EB06062560A6603D46AF4200D23D469F
:107ED0002A4620685146FFF704FDA3685B1BA36098
:107EE00023681D4425600020BDE8F0872DE9F0439C
:107EF0009DB0074603938B891C060D4616460CD58C
:107F00000B6953B94021FFF761FD2860286110B962
:107F10000C233B60C8E040236B61002309932023BE
:107F20008DF8293030238DF82A3033461C4613F85B
:107F3000012B1AB9B4EB06090FD002E0252AF5D1BE
:107F4000F8E73846294632464B46FFF773FF0130C3
:107F500000F0A580099B4B4409932378002B00F087
:107F60009E8000234FF0FF320493079305920693FF
:107F70008DF853301A9304F101094C464D4E217887
:107F80003046052200F026FA09F10109049B28B1C8
:107F9000861B0120B04003430493EEE7D90644BF9B
:107FA00020228DF853201A0744BF2B228DF853202E
:107FB00022782A2A02D0079B21460EE0039A111D3F
:107FC00012680391002A01DB079204E0524243F059
:107FD00002030792049301340AE00C46013122782F
:107FE000303A092A03D80A2000FB0323F5E7079358
:107FF00023782E2B1AD163782A2B0AD1039B1A1DC2
:108000001B680392002B04F10204B8BF4FF0FF334A
:108010000BE0611C00230C4601312278303A092A1A
:1080200003D80A2000FB0323F5E70593224E2178AD
:108030003046032200F0CEF930B1861B049B40206D
:10804000B04003430493013421781C488DF8281074
:108050000622661C00F0BEF988B1194B33B9039BA8
:10806000073323F007030833039314E003AB0093B3
:10807000384604A92A46134BAFF3008007E003AB50
:108080000093384604A92A460E4B00F08FF8B0F151
:10809000FF3F804603D0099B4344099345E7AB89E2
:1080A0005B0601D4099801E04FF0FF301DB0BDE838
:1080B000F08300BF80B8020086B802008AB80200D0
:1080C00000000000357E02002DE9F84315461F46EA
:1080D0008A680B69DDF820809A42A8BF13462B609E
:1080E00091F8432006460C460AB101332B60236801
:1080F000990602D52B6802332B60236813F006091A
:108100001DD094F843302268003318BF0123920633
:108110001FD5E1185A1C302081F84300224494F8FE
:10812000451082F84310023313E03046394604F11B
:1081300019020123C047013007D009F10109E268A3
:108140002B68D31A9945F0DBDBE74FF0FF30BDE831
:10815000F8833046394604F14302C0470130F4D079
:1081600023682A68E16803F00603042B08BFC2EB0A
:1081700001052369A2680CBF25EAE57500259A422E
:10818000C4BFC3EB0203ED184FF00009A9450ADA9A
:108190003046394604F11A020123C0470130D4D0D9
:1081A00009F10109F2E70020BDE8F8832DE9FF4756
:1081B0000E7E0C9D6E2E80460C4691469A4601F12D
:1081C000430000F0A58011D8632E22D009D8002EDC
:1081D00000F0AF80582E40F0BF8081F845607B4AA8
:1081E0004FE0642E1ED0692E1CD0B5E0732E00F037
:1081F000A48009D86F2E2BD0702E40F0AD800B6874
:1082000043F020030B6038E0752E21D0782E34D057
:10821000A2E02B681A1D1B682A6001F1420781F851
:1082200042309DE022682B6812F0800F03D01A1DA7
:108230002A601D6805E05106F9D51A1D2A60B3F9B8
:108240000050002D39DA2D236D4284F8433034E09C
:1082500022682B6812F0800F03D01A1D2A601D6857
:1082600004E05206F9D51A1D2A601D88237E574A5C
:108270006F2B14BF0A2308231BE07823544A84F889
:1082800045302368296813F0800F01F104062E6041
:1082900001D00D6802E05F06FBD50D88DE0744BF04
:1082A00043F0200323601DB9236823F020032360DB
:1082B0001023002184F8431001E0444A0A23666831
:1082C000A660002E03DB216821F00401216005B9BE
:1082D0006EB104F14201B5FBF3F603FB16550F46F0
:1082E000555D01F801593546002EF4D100E00746EE
:1082F000082B0AD12368DD0707D5626823699A42F3
:1083000003DC302307F8013C013FC01B20612CE057
:1083100009682B68626911F0800F04D0191D29606B
:108320001B681A6005E04906F8D5191D29601B680D
:108330001A8000232361074617E02B681A1D2A6064
:108340001F683846FFF757FD63682061984288BF71
:1083500023612369636005E004F1420784F8426009
:1083600001232361002384F84330CDF800A0404668
:10837000214603AA4B46FFF7A7FE013002D14FF07A
:10838000FF301FE0404649463A462369D047013056
:10839000F5D023689B0705D4E068039B9842B8BFDB
:1083A00018460FE00025E268039BD31A9D42F3DADA
:1083B0004046494604F119020123D0470130DED07E
:1083C0000135F0E704B0BDE8F08700BF91B80200C6
:1083D000A2B8020010B5C9B202449042034606D0CA
:1083E0001C788C4200F10100F7D1184610BD002026
:1083F00010BDF8B5064614460D4621B91146BDE834
:10840000F840FFF7E3BA1AB9FFF79CFA2046F8BD27
:1084100000F015F8A0420ED230462146FFF7D6FAFA
:10842000074650B129462246F2F7C8FA3046294697
:10843000FFF788FA01E02846F8BD3846F8BD51F844
:10844000040C002802DA04390B5818440438704729
:108450004572726F722070617373776F72642061FE
:108460007474656D70747320666F722074686973BC
:108470002073657373696F6E2065786365656465E5
:10848000642C2072656D6F7665204F6E6C794B653C
:108490007920616E64207265696E736572742074F0
:1084A0006F20617474656D7074206C6F67696E0005
:1084B000554E4C4F434B454476322E312E322D7063
:1084C000726F64004572726F7220696E636F7272B0
:1084D000656374206368616C6C656E6765207761A5
:1084E0007320656E746572656400494E4954494154
:1084F0004C495A45442D4700494E495449414C493D
:108500005A454400982F8A4291443771CFFBC0B539
:10851000A5DBB5E95BC25639F111F159A4823F924E
:10852000D55E1CAB98AA07D8015B8312BE853124A7
:10853000C37D0C55745DBE72FEB1DE80A706DC9B68
:1085400074F19BC1C1699BE48647BEEFC69DC10F14
:10855000CCA10C246F2CE92DAA84744ADCA9B05C50
:10856000DA88F97652513E986DC631A8C82703B013
:10857000C77F59BFF30BE0C64791A7D55163CA0621
:1085800067292914850AB72738211B2EFC6D2C4D2D
:10859000130D385354730A65BB0A6A762EC9C2811B
:1085A000852C7292A1E8BFA24B661AA8708B4BC2B1
:1085B000A3516CC719E892D1240699D685350EF4DB
:1085C00070A06A1016C1A419086C371E4C77482792
:1085D000B5BCB034B30C1C394AAAD84E4FCA9C5B08
:1085E000F36F2E68EE828F746F63A5781478C88459
:1085F0000802C78CFAFFBE90EB6C50A4F7A3F9BE3B
:10860000F27871C62530386C58202530386C5820E7
:108610002530386C58202530386C5800FFFFFFFF9C
:108620000000000000000000652300005D5B020008
:108630002530366C6400FFFF0000000000000000E1
:108640003D540000955600008DCB000099CB0000F2
:1086500053CD00006DCC0000A1CB0000ABCE0000DC
:108660002DCD00009DCB00008BCD0000D7CD0000AC
:10867000ADCD000000000000000000000000000080
:108680005D53000029540000CDE80000D9E8000047
:1086900089E90000AFE90000DDE8000033E90000EF
:1086A00013EA0000000000004572726F722045431B
:1086B00043207479706520696E636F7272656374AC
:1086C000004572726F7220696E76616C6964206B0E
:1086D00065792C206B657920636865636B20666122
:1086E000696C6564004572726F72207769746820E6
:1086F000525341206461746120746F207369676E06
:1087000020696E76616C69642073697A65004572D0
:10871000726F7220776974682052534120736967C1
:108720006E696E67004572726F7220696E76616C59
:10873000696420646174612C206F722064617461CB
:1087400020646F6573206E6F74206D6174636820A0
:108750006B6579004572726F722077697468205278
:108760005341206461746120746F20646563727981
:10877000707420696E76616C69642073697A650033
:108780004572726F72207769746820525341206479
:10879000656372797074696F6E004572726F7220D2
:1087A00067656E65726174696E672052534120700F
:1087B00075626C6963204E004572726F72206E6F35
:1087C000206B65792073657420696E207468697305
:1087D00020736C6F74004572726F72206B65792024
:1087E0006E6F7420736574206173207369676E61A6
:1087F00074757265206B6579004572726F72206BBB
:108800006579206E6F7420736574206173206465D0
:108810006372797074696F6E206B657900466F7250
:10882000204F6E6C794B6579206F6E2D7468652DC5
:10883000676F2076697369742068747470733A2F57
:108840002F617070732E6372702E746F0066616397
:10885000746F727920726573657420686173206229
:1088600065656E20636F6D706C657465640053752B
:10887000636365737366756C6C7920776970656482
:10888000204C6162656C0053756363657373667534
:108890006C6C792077697065642055524C00537573
:1088A000636365737366756C6C7920776970656452
:1088B000204164646974696F6E616C204368617201
:1088C0006163746572730053756363657373667572
:1088D0006C6C792077697065642044656C617920DF
:1088E00031005375636365737366756C6C792077BB
:1088F0006970656420557365726E616D65005375AE
:10890000636365737366756C6C79207769706564F1
:108910002044656C6179203200537563636573731D
:1089200066756C6C7920776970656420506173732B
:10893000776F7264005375636365737366756C6CEF
:10894000792077697065642044656C617920330013
:108950005375636365737366756C6C7920776970A2
:108960006564203246412054797065005375636315
:1089700065737366756C6C792077697065642032F5
:108980004641204B65790053756363657373667563
:108990006C6C7920736574204C6162656C00537552
:1089A000636365737366756C6C79207365742055A9
:1089B000524C005375636365737366756C6C7920F4
:1089C00073657420616674657220557365726E619B
:1089D0006D652041646469746F6E616C20436861E9
:1089E0007261637465720053756363657373667552
:1089F0006C6C79207365742044656C617931005327
:108A000075636365737366756C6C79207365742028
:108A10006265666F726520557365726E616D652063
:108A20004164646974696F6E616C2043686172614E
:108A300063746572005375636365737366756C6CFC
:108A40007920736574206265666F7265204F54509B
:108A5000204164646974696F6E616C20436861725F
:108A60006163746572005375636365737366756CD7
:108A70006C792073657420557365726E616D650045
:108A80005375636365737366756C6C792073657475
:108A9000206164646974696F6E616C2063686172DF
:108AA00061637465722061667465722070617373AE
:108AB000776F7264005375636365737366756C6C6E
:108AC00079207365742044656C6179320053756355
:108AD0006365737366756C6C79207365742050617F
:108AE0007373776F72640053756363657373667530
:108AF0006C6C7920736574206166746572204F54C4
:108B000050204368617261637465720053756363DA
:108B100065737366756C6C79207365742044656C3D
:108B2000617933005375636365737366756C6C7933
:108B30002073657420324641205479706500537566
:108B4000636365737366756C6C792073657420322A
:108B50004641204B65790053756363657373667591
:108B60006C6C792073657420414553204B65792CDA
:108B700020507269766174652049442C20616E64CE
:108B8000205075626C6963204944005375636365C6
:108B9000737366756C6C79207365742069646C6599
:108BA0002074696D656F75740053756363657373C5
:108BB00066756C6C79207365742057697065204DFB
:108BC0006F646520746F2046756C6C205769706502
:108BD000005375636365737366756C6C7920736598
:108BE000742057697065204D6F646520746F206430
:108BF000656661756C742073657474696E67004591
:108C000072726F722057697065204D6F6465206DB8
:108C10006179206E6F74206265206368616E67659C
:108C200064005375636365737366756C6C79207348
:108C30006574204261636B7570204B6579204D6FC0
:108C4000646520746F204C6F636B656400537563BB
:108C50006365737366756C6C79207365742042610B
:108C6000636B7570204B6579204D6F646520746F60
:108C7000205065726D697420467574757265204365
:108C800068616E676573004572726F72204261633E
:108C90006B7570204B6579204D6F6465206D61792F
:108CA000206E6F74206265206368616E6765640082
:108CB0005375636365737366756C6C792073657443
:108CC0002064657269766564206B657920636861EC
:108CD0006C6C656E6765206D6F6465004572726FC0
:108CE00072206E6F7420696E20636F6E66696720F4
:108CF0006D6F64652C20686F6C6420627574746F8E
:108D00006E203620646F776E20666F722035207378
:108D10006563005375636365737366756C6C792066
:108D20007365742073746F726564206B657920635A
:108D300068616C6C656E6765206D6F646500537566
:108D4000636365737366756C6C7920736574204812
:108D50004D4143204368616C6C656E6765204D6FC3
:108D60006465005375636365737366756C6C792015
:108D70007365742053797361646D696E204D6F64FF
:108D800065005365636F6E642050726F66696C6531
:108D9000204D6F6465206D6179206F6E6C79206263
:108DA00065206368616E676564206F6E2066697216
:108DB00073742075736500537563636573736675AB
:108DC0006C6C7920736574204C454420627269672D
:108DD00068746E657373005375636365737366754A
:108DE0006C6C792073657420546F756368205365CB
:108DF0006E7369746976697479004572726F722056
:108E0000746F75636873656E73652076616C7565E4
:108E1000206F7574206F662072616E6765005375F0
:108E2000636365737366756C6C7920736574206C0D
:108E30006F636B20627574746F6E00537563636546
:108E4000737366756C6C7920736574206B657962D9
:108E50006F61726420747970657370656564005326
:108E600075636365737366756C6C792073657420C4
:108E70006B6579626F617264206C61796F757400E3
:108E80004572726F7220696E76616C696420454329
:108E90004320736C6F7400537563636573736675F9
:108EA0006C6C7920736574204261636B757020501F
:108EB0006173737068726173650053756363657382
:108EC0007366756C6C792073657420454343204B41
:108ED0006579005375636365737366756C6C79208F
:108EE000776970656420454343204B65790053756D
:108EF000636365737366756C6C79207769706564FC
:108F0000205253412050726976617465204B657917
:108F1000004572726F7220696E76616C69642052CE
:108F2000534120736C6F74004572726F7220696ECA
:108F300076616C69642052534120747970650053E6
:108F400075636365737366756C6C792073657420E3
:108F5000525341204B6579004572726F72206261F5
:108F6000636B7570206B6579206D6F646520736528
:108F70007420746F206C6F636B6564002A2A2A204A
:108F800057454C434F4D4520544F204F4E4C594B65
:108F9000455920515549434B205345545550202A9B
:108FA0002A2A0052554E20544849532053455455BF
:108FB000502046524F4D2041205452555354454461
:108FC00020434F4D505554455220414E442043417B
:108FD000524546554C4C5920575249544520444F10
:108FE000574E0050494E7320414E44205041535338
:108FF0005048524153452E2053544F524520494E1C
:10900000204120534543555245204C4F434154493C
:109010004F4E205355434820415320412053414651
:1090200045005748454E2046494E4953484544203F
:1090300044454C45544520544849532054455854C0
:1090400000546872656520646966666572656E7451
:109050002050494E20636F6465732077696C6C20E3
:10906000626520736574207570206F6E20796F754E
:1090700072204F6E6C794B65790054686520666983
:109080007273742050494E20756E6C6F636B732041
:10909000796F7572207072696D6172792070726F6C
:1090A00066696C652028692E6520506572736F6E45
:1090B000616C204163636F756E7473290054686539
:1090C000207365636F6E642050494E20756E6C6F1F
:1090D000636B7320616E206164646974696F6E6193
:1090E0006C2070726F66696C652028692E652E2071
:1090F000576F726B204163636F756E7473290054F0
:1091000068652074686972642050494E2069732034
:10911000796F75722073656C662D646573747275F2
:1091200063742050494E20757365207468697320FC
:10913000746F20776970652F666163746F72792030
:1091400064656661756C7420646576696365005456
:109150006F2063686F6F7365207468652050494E97
:109160007320796F757273656C66207072657373A6
:109170002031206F6E204F6E6C794B65792C206604
:109180006F722072616E646F6D2050494E73207053
:1091900072657373203200596F752068617665209F
:1091A0003230207365636F6E647320737461727400
:1091B000696E67206E6F772E2E2E00596F7520779F
:1091C000696C6C206E6F7720656E7465722061200B
:1091D00050494E206F6E20746865204F6E6C794B3D
:1091E0006579203620627574746F6E206B657970B6
:1091F00061640043686F6F736520612050494E20A1
:10920000372D313020646967697473206C6F6E6725
:1092100000596F7572204F6E6C794B6579207769B4
:109220006C6C206E6F7720626520636F6E66696775
:1092300075726564206175746F6D61746963616CCA
:109240006C7920776974682072616E646F6D20504C
:10925000494E732F50617373706872617365005962
:109260004F5552204F4E4C594B45592050494E2096
:1092700049533A00594F5552204F4E4C594B45597E
:10928000205345434F4E442050524F46494C4520B1
:1092900050494E2049533A00594F5552204F4E4C99
:1092A000594B45592053454C462D4445535452552E
:1092B00043542050494E2049533A002A2A2A205725
:1092C000454C434F4D4520544F204F4E4C594B4534
:1092D0005920474F20515549434B20534554555031
:1092E000202A2A2A00594F5552204241434B5550BB
:1092F00020504153535048524153452E2053544F10
:10930000524520494E204120534543555245204C5B
:109310004F434154494F4E20535543482041532019
:1093200041205341464500594F5552204F4E4C590C
:109330004B4559204241434B5550205041535350C7
:1093400048524153452049533A00546F2073746189
:109350007274207573696E67204F6E6C794B6579F6
:1093600020656E74657220796F7572207072696DF8
:10937000617279206F72207365636F6E64617279B8
:109380002050494E206F6E20746865204F6E6C79B6
:109390004B6579203620627574746F6E206B657929
:1093A000706164004F6E6C794B657920697320722F
:1093B0006561647920666F72207573652061732022
:1093C00061207365637572697479206B65792028F3
:1093D0004649444F322F5532462920616E6420663B
:1093E0006F72206368616C6C656E67652D72657362
:1093F000706F6E736500466F722061646469746992
:109400006F6E616C2066656174757265732073752B
:1094100063682061732070617373776F7264206D6D
:10942000616E6167656D656E7420696E7374616CE1
:109430006C20746865204F6E6C794B65792064658B
:10944000736B746F70206170700068747470733A1D
:109450002F2F6F6E6C796B65792E696F2F6170702D
:1094600020002A2A2A20534554555020434F4D505E
:109470004C4554452C2044454C45544520544849BE
:10948000532054455854202A2A2A00596F752068C1
:10949000617665203230207365636F6E647320746B
:1094A0006F20656E7465722073656C662D646573DC
:1094B00074727563742050494E2C207374617274F9
:1094C000696E67206E6F77004F6E6C794B657920FF
:1094D00069732072656164792C20656E74657220F1
:1094E000796F75722073656C662D6465737472751F
:1094F00063742050494E00537563636573736675DA
:109500006C2050494E20656E747279004572726FFE
:10951000722050494E206973206E6F74206265740A
:109520007765656E2037202D2031302064696769AA
:10953000747300596F75206861766520323020732E
:1095400065636F6E647320746F2072652D656E7431
:1095500065722050494E2C207374617274696E6775
:10956000206E6F77004F6E6C794B657920697320A0
:1095700072656164792C2072652D656E7465722048
:10958000796F75722050494E20746F20636F6E663C
:1095900069726D005375636365737366756C6C797E
:1095A000207365742050494E004572726F722050CE
:1095B000494E7320446F6E2774204D6174636800B8
:1095C000596F752068617665203230207365636F4E
:1095D0006E647320746F20656E74657220736563AA
:1095E0006F6E642070726F66696C652050494E2CF6
:1095F000207374617274696E67206E6F77004F6EAE
:109600006C794B65792069732072656164792C20CF
:10961000656E74657220796F75722050494E0059DD
:109620006F752068617665203230207365636F6ED8
:10963000647320746F20656E746572207072696D3A
:109640006172792070726F66696C652050494E2C8A
:10965000207374617274696E67206E6F770054694D
:109660006D656F7574206F636375726564207768CC
:10967000696C652077616974696E6720666F722016
:10968000636F6E6669726D6174696F6E206F6E20B4
:109690004F6E6C794B6579004572726F7220706104
:1096A000636B6574732072656365697665642065B4
:1096B000786365656465642073697A65206C696D9B
:1096C0006974004572726F72206E6F2045434320AB
:1096D00050726976617465204B65792073657420DA
:1096E000696E207468697320736C6F7400457272C0
:1096F0006F72206E6F2052534120507269766174F0
:1097000065204B65792073657420696E20746869E3
:109710007320736C6F74004572726F7220626163A4
:109720006B75702066696C6520746F6F206C617258
:109730006765004572726F72206E6F206261636BA5
:109740007570206B657920736574004572726F7255
:10975000206B657920747970652075736564206667
:109760006F72206261636B757020646F6573206E29
:109770006F74206D61746368004572726F72206946
:109780006E636F7272656374206261636B757020C3
:109790006B657920736574004572726F72206B651A
:1097A0007920636F6E66696775726174696F6E2088
:1097B0006261636B75702066696C6520666F726D9F
:1097C000617420696E636F727265637400537563B0
:1097D0006365737366756C6C79206C6F6164656426
:1097E000206261636B75700052656D6F76652061F4
:1097F0006E64205265696E73657274204F6E6C7969
:109800004B657920746F20636F6D706C6574652093
:10981000726573746F7265004241434B555031322B
:10982000333435004572726F722077697468204551
:1098300043432053686172656420536563726574A5
:10984000004572726F72207769746820525341200C
:10985000456E6372797074696F6E002D2D2D2D2DFC
:10986000424547494E204F4E4C594B4559204241A5
:10987000434B55502D2D2D2D2D002D2D2D2D2D45AE
:109880004E44204F4E4C594B4559204241434B5575
:10989000502D2D2D2D2D004E6F204261636B757064
:1098A000204B6579202D20466F6C6C6F7720696E98
:1098B000737472756374696F6E7320686572652066
:1098C00068747470733A2F2F646F63732E637270B1
:1098D0002E746F2F757365727367756964652E6872
:1098E000746D6C237365637572652D656E63727933
:1098F000707465642D6261636B75702D616E79772C
:109900006865726500554E494E495449414C495A63
:10991000454476322E312E322D70726F64004572BE
:10992000726F7220796F75206D7573742073657412
:1099300020612050494E206669727374206F6E203A
:109940004F6E6C794B6579004572726F7220646559
:1099500076696365206C6F636B6564004E6F2050A1
:10996000494E207365742C20596F75206D75737482
:109970002073657420612050494E206669727374AB
:10998000005355434345535346554C4C20465720AE
:109990004C4F414420524551554553542C2052457B
:1099A000424F4F54494E472E2E2E006E6F74207535
:1099B00073656400FFFFFFFF00000000000000006F
:1099C0005DBF000069BF0000FB490200FB490200C7
:1099D000FB490200FB490200FB490200FB4902006F
:1099E000FB49020000000000000000000000000031
:1099F00089BF000095BF0000FB490200FB4902003F
:109A0000FB490200FB490200FB490200FB4902003E
:109A1000FB490200FB490200001B362D6C775A41BE
:109A2000637C777BF26B6FC53001672BFED7AB761B
:109A3000CA82C97DFA5947F0ADD4A2AF9CA472C0C6
:109A4000B7FD9326363FF7CC34A5E5F171D8311533
:109A500004C723C31896059A071280E2EB27B27554
:109A600009832C1A1B6E5AA0523BD6B329E32F84CC
:109A700053D100ED20FCB15B6ACBBE394A4C58CFC4
:109A8000D0EFAAFB434D338545F9027F503C9FA898
:109A900051A3408F929D38F5BCB6DA2110FFF3D266
:109AA000CD0C13EC5F974417C4A77E3D645D19731A
:109AB00060814FDC222A908846EEB814DE5E0BDB14
:109AC000E0323A0A4906245CC2D3AC629195E4794B
:109AD000E7C8376D8DD54EA96C56F4EA657AAE08A5
:109AE000BA78252E1CA6B4C6E8DD741F4BBD8B8A40
:109AF000703EB5664803F60E613557B986C11D9EA6
:109B0000E1F8981169D98E949B1E87E9CE5528DF1C
:109B10008CA1890DBFE6426841992D0FB054BB1648
:109B200052096AD53036A538BF40A39E81F3D7FBD2
:109B30007CE339829B2FFF87348E4344C4DEE9CB1C
:109B4000547B9432A6C2233DEE4C950B42FAC34E91
:109B5000082EA16628D924B2765BA2496D8BD12547
:109B600072F8F66486689816D4A45CCC5D65B692EB
:109B70006C704850FDEDB9DA5E154657A78D9D848F
:109B800090D8AB008CBCD30AF7E45805B8B34506AF
:109B9000D02C1E8FCA3F0F02C1AFBD0301138A6BC9
:109BA0003A9111414F67DCEA97F2CFCEF0B4E673F9
:109BB00096AC7422E7AD3585E2F937E81C75DF6EA7
:109BC00047F11A711D29C5896FB7620EAA18BE1B0D
:109BD000FC563E4BC6D279209ADBC0FE78CD5AF4B3
:109BE0001FDDA8338807C731B11210592780EC5FF9
:109BF00060517FA919B54A0D2DE57A9F93C99CEF55
:109C0000A0E03B4DAE2AF5B0C8EBBB3C8353996155
:109C1000172B047EBA77D626E169146355210C7D93
:109C2000000000000000000045C4000059C400000E
:109C300033C00000FB490200FB4902002DC30000B5
:109C4000ADC300006BC400000001020408102040F6
:109C5000801B36FFFFFFFFFF000000000000000038
:109C600071CE000099CE00008DCB000099CB000092
:109C700053CD00006DCC0000A1CB0000ABCE0000A6
:109C80002DCD00009DCB00008BCD0000D7CD000076
:109C9000ADCD00000000000008C9BCF367E6096A0A
:109CA0003BA7CA8485AE67BB2BF894FE72F36E3C6B
:109CB000F1361D5F3AF54FA5D182E6AD7F520E51C8
:109CC0001F6C3E2B8C68059B6BBD41FBABD9831F82
:109CD00079217E1319CDE05B000000000000000038
:109CE00005D0000025D00000ADCF0000B1CF0000AE
:109CF000CDCF000085D500000BD60000B5CF000009
:109D0000CFD6000001D7000022AE28D7982F8A4274
:109D1000CD65EF23914437712F3B4DECCFFBC0B5A0
:109D2000BCDB8981A5DBB5E938B548F35BC25639A0
:109D300019D005B6F111F1599B4F19AFA4823F928A
:109D400018816DDAD55E1CAB420203A398AA07D82E
:109D5000BE6F7045015B83128CB2E44EBE85312428
:109D6000E2B4FFD5C37D0C556F897BF2745DBE7282
:109D7000B196163BFEB1DE803512C725A706DC9BE7
:109D8000942669CF74F19BC1D24AF19EC1699BE4CC
:109D9000E3254F388647BEEFB5D58C8BC69DC10FE6
:109DA000659CAC77CCA10C2475022B596F2CE92D46
:109DB00083E4A66EAA84744AD4FB41BDDCA9B05CDE
:109DC000B5531183DA88F976ABDF66EE52513E98CF
:109DD0001032B42D6DC631A83F21FB98C82703B0BF
:109DE000E40EEFBEC77F59BFC28FA83DF30BE0C69C
:109DF00025A70A934791A7D56F8203E05163CA064E
:109E0000706E0E0A67292914FC2FD246850AB727DF
:109E100026C9265C38211B2EED2AC45AFC6D2C4D18
:109E2000DFB3959D130D3853DE63AF8B54730A6512
:109E3000A8B2773CBB0A6A76E6AEED472EC9C2816E
:109E40003B358214852C72926403F14CA1E8BFA2C9
:109E5000013042BC4B661AA89197F8D0708B4BC268
:109E600030BE5406A3516CC71852EFD619E892D1F0
:109E700010A96555240699D62A20715785350EF408
:109E8000B8D1BB3270A06A10C8D0D2B816C1A4191C
:109E900053AB4151086C371E99EB8EDF4C77482746
:109EA000A8489BE1B5BCB034635AC9C5B30C1C3992
:109EB000CB8A41E34AAAD84E73E363774FCA9C5BCF
:109EC000A3B8B2D6F36F2E68FCB2EF5DEE828F744A
:109ED000602F17436F63A57872ABF0A11478C88424
:109EE000EC39641A0802C78C281E6323FAFFBE905F
:109EF000E9BD82DEEB6C50A41579C6B2F7A3F9BEBA
:109F00002B5372E3F27871C69C6126EACE3E27CAD3
:109F100007C2C021C7B886D11EEBE0CDD67DDAEAF4
:109F200078D16EEE7F4F7DF5BA6F1772AA67F00693
:109F3000A698C8A2C57D630AAE0DF9BE04983F116C
:109F40001B471C13350B711B847D0423F577DB281D
:109F50009324C7407BABCA32BCBEC9150ABE9E3C27
:109F60004C0D109CC4671D43B6423ECBBED4C54CBD
:109F70002A7E65FC9C297F59ECFAD63AAB6FCB5F01
:109F80001758474A8C19446C657870616E642033A9
:109F9000322D62797465206BB02AAE7DEECBBBB1F9
:109FA000FC036FDDDC7D76670CE81F0DA3A0AA1E05
:109FB000B0BD726B2B4C8A7E34FC3760F41E22A03D
:109FC0000BFB188460A57772982F8A4291443771F1
:109FD000CFFBC0B5A5DBB5E95BC25639F111F1592C
:109FE000A4823F92D55E1CAB98AA07D8015B83126E
:109FF000BE853124C37D0C55745DBE72FEB1DE801A
:10A00000A706DC9B74F19BC1C1699BE48647BEEF48
:10A01000C69DC10FCCA10C246F2CE92DAA84744AD3
:10A02000DCA9B05CDA88F97652513E986DC631A849
:10A03000C82703B0C77F59BFF30BE0C64791A7D528
:10A040005163CA0667292914850AB72738211B2EB0
:10A05000FC6D2C4D130D385354730A65BB0A6A7698
:10A060002EC9C281852C7292A1E8BFA24B661AA8A4
:10A07000708B4BC2A3516CC719E892D1240699D6B4
:10A0800085350EF470A06A1016C1A419086C371E2D
:10A090004C774827B5BCB034B30C1C394AAAD84E0B
:10A0A0004FCA9C5BF36F2E68EE828F746F63A57846
:10A0B0001478C8840802C78CFAFFBE90EB6C50A4D9
:10A0C000F7A3F9BEF27871C600000000000000009E
:10A0D00089DD0000A9DD000011DD000015DD0000B4
:10A0E00019DD000099DF0000FDDF000071DD0000D8
:10A0F000BBE00000EDE000000000000000000000F8
:10A1000059E1000079E1000033C0000055E1000092
:10A110008BE100002DC30000ADC300006BC4000044
:10A1200059F1B226949BD6EB56B183829A14E00083
:10A1300030D1F3EEF2808E19E7FCDF56DCD906242D
:10A14000A3DDB7A5B38ADE6DF5525177809FF0206D
:10A150007DE3AB648E4EEA6665768BD70F5F8767CB
:10A16000EDD3F55C1A631258D69CF7A2DEF9DE1423
:10A1700000000000000000000000000000000010CF
:10A180001B132C0AA3E59CEDA72963085D2106217A
:10A19000EBFFFFFFFFFFFFFFFFFFFFFFFFFFFFFFE3
:10A1A0000F0000000100000000000000000000009F
:10A1B000000000000000000000000000000000009F
:10A1C000000000001AD5258F602D56C9B2A725952D
:10A1D00060C72C695CDCD6FD31E2A4C0FE536ECDB5
:10A1E000D336692158666666666666666666666622
:10A1F00066666666666666666666666666666666FF
:10A2000066666666FFFFFFFF0000000000000000BA
:10A21000A1E80000ADE80000FB490200FB49020094
:10A22000FB490200FB490200FB490200FB49020016
:10A230000000000000000000D9E9000001EA000071
:10A24000CDE80000D9E8000089E90000AFE900008E
:10A25000DDE8000033E9000013EA00000000000020
:10A2600000000000000000005DEA000071EA00004C
:10A27000FB490200FB490200FB490200FB490200C6
:10A28000FB490200FB490200FB490200FB490200B6
:10A29000FB490200FB490200FB49020000000000EC
:10A2A0004142434445464748494A4B4C4D4E4F5026
:10A2B0005152535455565758595A616263646566F2
:10A2C0006768696A6B6C6D6E6F70717273747576A6
:10A2D0007778797A303132333435363738392B2F35
:10A2E00000FFFFFF082000012FFCFFFFFEFFFFFF24
:10A2F000FFFFFFFFFFFFFFFFFFFFFFFFFFFFFFFF6E
:10A30000FFFFFFFFFFFFFFFF414136D08C5ED2BF52
:10A310003BA048AFE6DCAEBAFEFFFFFFFFFFFFFF4A
:10A32000FFFFFFFFFFFFFFFF9817F8165B81F25951
:10A33000D928CE2DDBFC9B02070B87CE9562A0555A
:10A34000ACBBDCF97E66BE79B8D410FB8FD0479CDD
:10A35000195485A648B417FDA808110EFCFBA45D8E
:10A3600065C4A32677DA3A48070000000000000021
:10A3700000000000000000000000000000000000DD
:10A3800000000000000000009D020100DDF600005A
:10A3900049F7000008200001FFFFFFFFFFFFFFFF5C
:10A3A000FFFFFFFF000000000000000000000000B1
:10A3B00001000000FFFFFFFF512563FCC2CAB9F393
:10A3C000849E17A7ADFAE6BCFFFFFFFFFFFFFFFF6C
:10A3D00000000000FFFFFFFF96C298D84539A1F4A6
:10A3E000A033EB2D817D0377F240A463E5E6BCF852
:10A3F00047422CE1F2D1176BF551BF376840B6CB1D
:10A40000CE5E316B5733CE2B169E0F7C4AEBE78E18
:10A410009B7F1AFEE242E34F4B60D2273E3CCE3B8D
:10A42000F6B053CCB0061D65BC86987655BDEBB32F
:10A43000E7933AAAD835C65A49010100B1F40000A1
:10A4400015F5000030313233343536373839616232
:10A45000636465660063626465666768696A6B6CFD
:10A460006E7274757600637C777BF26B6FC530011A
:10A47000672BFED7AB76CA82C97DFA5947F0ADD4B7
:10A48000A2AF9CA472C0B7FD9326363FF7CC34A58B
:10A49000E5F171D8311504C723C31896059A071240
:10A4A00080E2EB27B27509832C1A1B6E5AA0523B2F
:10A4B000D6B329E32F8453D100ED20FCB15B6ACBE6
:10A4C000BE394A4C58CFD0EFAAFB434D338545F9EE
:10A4D000027F503C9FA851A3408F929D38F5BCB697
:10A4E000DA2110FFF3D2CD0C13EC5F974417C4A709
:10A4F0007E3D645D197360814FDC222A908846EEB0
:10A50000B814DE5E0BDBE0323A0A4906245CC2D3A3
:10A51000AC629195E479E7C8376D8DD54EA96C563C
:10A52000F4EA657AAE08BA78252E1CA6B4C6E8DD32
:10A53000741F4BBD8B8A703EB5664803F60E6135BD
:10A5400057B986C11D9EE1F8981169D98E949B1E5A
:10A5500087E9CE5528DF8CA1890DBFE64268419975
:10A560002D0FB054BB1601020408102040801B368A
:10A57000800000000000000000000000000000005B
:10A5800000000000000000000000000000000000CB
:10A5900000000000000000000000000000000000BB
:10A5A00000000000000000000000000000000000AB
:10A5B000000000000000000000000000000000009B
:10A5C000000000000000000000000000000000008B
:10A5D000000000000000000000000000000000007B
:10A5E000000000000000000000000000000000006B
:10A5F00022AE28D7982F8A42CD65EF239144377138
:10A600002F3B4DECCFFBC0B5BCDB8981A5DBB5E9A9
:10A6100038B548F35BC2563919D005B6F111F15976
:10A620009B4F19AFA4823F9218816DDAD55E1CABA7
:10A63000420203A398AA07D8BE6F7045015B83123C
:10A640008CB2E44EBE853124E2B4FFD5C37D0C55F7
:10A650006F897BF2745DBE72B196163BFEB1DE80EF
:10A660003512C725A706DC9B942669CF74F19BC1E0
:10A67000D24AF19EC1699BE4E3254F388647BEEF7D
:10A68000B5D58C8BC69DC10F659CAC77CCA10C2435
:10A6900075022B596F2CE92D83E4A66EAA84744AA7
:10A6A000D4FB41BDDCA9B05CB5531183DA88F976DF
:10A6B000ABDF66EE52513E981032B42D6DC631A814
:10A6C0003F21FB98C82703B0E40EEFBEC77F59BFF8
:10A6D000C28FA83DF30BE0C625A70A934791A7D5E3
:10A6E0006F8203E05163CA06706E0E0A672929144F
:10A6F000FC2FD246850AB72726C9265C38211B2E97
:10A70000ED2AC45AFC6D2C4DDFB3959D130D3853C3
:10A71000DE63AF8B54730A65A8B2773CBB0A6A76D6
:10A72000E6AEED472EC9C2813B358214852C72926C
:10A730006403F14CA1E8BFA2013042BC4B661AA8E9
:10A740009197F8D0708B4BC230BE5406A3516CC7A2
:10A750001852EFD619E892D110A96555240699D65A
:10A760002A20715785350EF4B8D1BB3270A06A101B
:10A77000C8D0D2B816C1A41953AB4151086C371ECA
:10A7800099EB8EDF4C774827A8489BE1B5BCB034E5
:10A79000635AC9C5B30C1C39CB8A41E34AAAD84EC7
:10A7A00073E363774FCA9C5BA3B8B2D6F36F2E688E
:10A7B000FCB2EF5DEE828F74602F17436F63A57854
:10A7C00072ABF0A11478C884EC39641A0802C78C03
:10A7D000281E6323FAFFBE90E9BD82DEEB6C50A415
:10A7E0001579C6B2F7A3F9BE2B5372E3F27871C69E
:10A7F0009C6126EACE3E27CA07C2C021C7B886D1CF
:10A800001EEBE0CDD67DDAEA78D16EEE7F4F7DF596
:10A81000BA6F1772AA67F006A698C8A2C57D630A28
:10A82000AE0DF9BE04983F111B471C13350B711B6D
:10A83000847D0423F577DB289324C7407BABCA32A1
:10A84000BCBEC9150ABE9E3C4C0D109CC4671D437E
:10A85000B6423ECBBED4C54C2A7E65FC9C297F59AE
:10A86000ECFAD63AAB6FCB5F1758474A8C19446C59
:10A8700080A802002CA90200B0A80200FCA80200D7
:10A8800005000000F5A802001C00000040000000C8
:10A89000E51C0100E11C0100DD1C0100D11C0100D0
:10A8A000B51C01009D1C0100971C0100931C0100B8
:10A8B00007000000E7A80200300000008000000050
:10A8C000411D01003D1D0100391D01002D1D01002C
:10A8D000111D0100F91C0100F51C0100F11C010013
:10A8E00053484135313200534841333834005348DE
:10A8F00041323536005348413232340008000000FE
:10A90000E0A802004000000080000000471D010098
:10A910003D1D0100391D0100331D0100111D010005
:10A92000F91C0100F51C0100F11C010006000000EB
:10A93000EEA802002000000040000000EB1C010017
:10A94000E11C0100DD1C0100D71C0100B51C010049
:10A950009D1C0100971C0100931C01008000000059
:10A9600000000000000000000000000000000000E7
:10A9700000000000000000000000000000000000D7
:10A9800000000000000000000000000000000000C7
:10A99000000000000000000000000000982F8A4224
:10A9A00091443771CFFBC0B5A5DBB5E95BC2563921
:10A9B000F111F159A4823F92D55E1CAB98AA07D839
:10A9C000015B8312BE853124C37D0C55745DBE725C
:10A9D000FEB1DE80A706DC9B74F19BC1C1699BE4DC
:10A9E0008647BEEFC69DC10FCCA10C246F2CE92D6C
:10A9F000AA84744ADCA9B05CDA88F97652513E9890
:10AA00006DC631A8C82703B0C77F59BFF30BE0C696
:10AA10004791A7D55163CA0667292914850AB72724
:10AA200038211B2EFC6D2C4D130D385354730A65C1
:10AA3000BB0A6A762EC9C281852C7292A1E8BFA298
:10AA40004B661AA8708B4BC2A3516CC719E892D100
:10AA5000240699D685350EF470A06A1016C1A41983
:10AA6000086C371E4C774827B5BCB034B30C1C3982
:10AA70004AAAD84E4FCA9C5BF36F2E68EE828F7441
:10AA80006F63A5781478C8840802C78CFAFFBE905B
:10AA9000EB6C50A4F7A3F9BEF27871C625642E259D
:10AAA00064006086480165030402040069642D7334
:10AAB0006861323234006086480165030402010097
:10AAC00069642D736861323536006086480165031C
:10AAD0000402020069642D736861333834006086B3
:10AAE000480165030402030069642D736861353110
:10AAF00032002A864886F70D010101007273614514
:10AB00006E6372797074696F6E00525341002A86C9
:10AB100048CE3D02010069642D65635075626C6921
:10AB2000634B65790047656E657269632045432014
:10AB30006B6579002B8104010C0069642D65634409
:10AB400048004543206B657920666F722045434479
:10AB500048002A864886F70D01010E0073686132AD
:10AB6000323457697468525341456E637279707418
:10AB7000696F6E00525341207769746820534841D1
:10AB80002D323234002A864886F70D01010B0073FE
:10AB9000686132353657697468525341456E637245
:10ABA000797074696F6E0052534120776974682020
:10ABB0005348412D323536002A864886F70D01016B
:10ABC0000C007368613338345769746852534145D7
:10ABD0006E6372797074696F6E00525341207769A9
:10ABE0007468205348412D333834002A864886F74C
:10ABF0000D01010D00736861353132576974685277
:10AC00005341456E6372797074696F6E005253419F
:10AC10002077697468205348412D353132002A86E7
:10AC20004886F70D01010A005253415353412D50FC
:10AC3000535300FFA2AA020009000000ACAA0200C0
:10AC40007DAB020005000000B6AA0200090000006A
:10AC5000C0AA0200B0AB020006000000CAAA0200AF
:10AC600009000000D4AA0200E3AB020007000000C4
:10AC7000DEAA020009000000E8AA020016AC0200E9
:10AC800008000000000000000000000000000000BC
:10AC9000000000000000000041DB00000000000098
:10ACA00001000000000000000000000000000000A3
:10ACB0000000000000000000000000000000000094
:10ACC0000000000000000000000000000000000084
:10ACD0000000000000000000000000000000000074
:10ACE0000000000000000000000000000000000064
:10ACF0000000000000000000000000000000000054
:10AD00000000000000000000000000000000000043
:10AD10000000000000000000657870616E64203360
:10AD2000322D62797465206B6A09E667F3BCC90845
:10AD3000BB67AE8584CAA73B3C6EF372FE94F82BCA
:10AD4000A54FF53A5F1D36F1510E527FADE682D127
:10AD50009B05688C2B3E6C1F1F83D9ABFB41BD6BE1
:10AD60005BE0CD19137E217909000000000000008E
:10AD700000000000000000000000000000000000D3
:10AD8000000000000000000022AE28D7982F8A4261
:10AD9000CD65EF23914437712F3B4DECCFFBC0B510
:10ADA000BCDB8981A5DBB5E938B548F35BC2563910
:10ADB00019D005B6F111F1599B4F19AFA4823F92FA
:10ADC00018816DDAD55E1CAB420203A398AA07D89E
:10ADD000BE6F7045015B83128CB2E44EBE85312498
:10ADE000E2B4FFD5C37D0C556F897BF2745DBE72F2
:10ADF000B196163BFEB1DE803512C725A706DC9B57
:10AE0000942669CF74F19BC1D24AF19EC1699BE43B
:10AE1000E3254F388647BEEFB5D58C8BC69DC10F55
:10AE2000659CAC77CCA10C2475022B596F2CE92DB5
:10AE300083E4A66EAA84744AD4FB41BDDCA9B05C4D
:10AE4000B5531183DA88F976ABDF66EE52513E983E
:10AE50001032B42D6DC631A83F21FB98C82703B02E
:10AE6000E40EEFBEC77F59BFC28FA83DF30BE0C60B
:10AE700025A70A934791A7D56F8203E05163CA06BD
:10AE8000706E0E0A67292914FC2FD246850AB7274F
:10AE900026C9265C38211B2EED2AC45AFC6D2C4D88
:10AEA000DFB3959D130D3853DE63AF8B54730A6582
:10AEB000A8B2773CBB0A6A76E6AEED472EC9C281DE
:10AEC0003B358214852C72926403F14CA1E8BFA239
:10AED000013042BC4B661AA89197F8D0708B4BC2D8
:10AEE00030BE5406A3516CC71852EFD619E892D160
:10AEF00010A96555240699D62A20715785350EF478
:10AF0000B8D1BB3270A06A10C8D0D2B816C1A4198B
:10AF100053AB4151086C371E99EB8EDF4C774827B5
:10AF2000A8489BE1B5BCB034635AC9C5B30C1C3901
:10AF3000CB8A41E34AAAD84E73E363774FCA9C5B3E
:10AF4000A3B8B2D6F36F2E68FCB2EF5DEE828F74B9
:10AF5000602F17436F63A57872ABF0A11478C88493
:10AF6000EC39641A0802C78C281E6323FAFFBE90CE
:10AF7000E9BD82DEEB6C50A41579C6B2F7A3F9BE29
:10AF80002B5372E3F27871C69C6126EACE3E27CA43
:10AF900007C2C021C7B886D11EEBE0CDD67DDAEA64
:10AFA00078D16EEE7F4F7DF5BA6F1772AA67F00603
:10AFB000A698C8A2C57D630AAE0DF9BE04983F11DC
:10AFC0001B471C13350B711B847D0423F577DB288D
:10AFD0009324C7407BABCA32BCBEC9150ABE9E3C97
:10AFE0004C0D109CC4671D43B6423ECBBED4C54C2D
:10AFF0002A7E65FC9C297F59ECFAD63AAB6FCB5F71
:10B000001758474A8C19446C43626F72496E7465D5
:10B01000676572547970650043626F724279746536
:10B02000537472696E67547970650043626F72542D
:10B03000657874537472696E675479706500436201
:10B040006F724172726179547970650043626F72F8
:10B050004D6170547970650043626F72546167543A
:10B060007970650043626F7253696D706C655479D5
:10B0700070650043626F72426F6F6C65616E5479E8
:10B0800070650043626F724E756C6C547970650028
:10B0900043626F72556E646566696E65645479705B
:10B0A000650043626F7248616C66466C6F617454F0
:10B0B0007970650043626F72466C6F617454797089
:10B0C000650043626F72446F75626C655479706598
:10B0D00000496E76616C69642074797065006964FA
:10B0E00000646973706C61794E616D650069636FAE
:10B0F0006E00616C67007075626C69632D6B6579B9
:10B1000000726B00757600686D61632D7365637204
:10B110006574006372656450726F7465637400EBEC
:10B12000AEE329090A5B5192E0BD132D5C22C6D122
:10B130008A4D23FC8EFD4A21AFA8E4C8FD9354003C
:10B14000617070732E6372702E746F02004572729C
:10B150006F720079D699DF01914B10B9035467E7FC
:10B16000CE8231005532465F5632002F776F726BB8
:10B170002F61726475696E6F2F6C6962726172699A
:10B1800065732F6669646F322F637461702E63700C
:10B1900070004649444F5F325F30004649444F5F7C
:10B1A000325F315F50524500706C617400637265AC
:10B1B000644D676D7400636C69656E7450696E00F0
:10B1C00073696700783563007061636B6564003094
:10B1D0008202CF30820275A0030201020201003018
:10B1E0000A06082A8648CE3D040302307B310B3024
:10B1F000090603550406130255533117301506038B
:10B200005504080C0E4E6F727468204361726F6CA7
:10B21000696E6131143012060355040A0C0B437237
:10B220007970746F54727573743110300E06035553
:10B23000040B0C07526F6F74204341310F300D0621
:10B24000035504030C066372702E746F311A3018A4
:10B2500006092A864886F70D010901160B696E66F4
:10B260006F406372702E746F3020170D3139303893
:10B2700030393132323630385A180F3230363930B0
:10B280003732373132323630385A30818D310B30E7
:10B2900009060355040613025553311730150603EA
:10B2A0005504080C0E4E6F727468204361726F6C07
:10B2B000696E6131143012060355040A0C0B437297
:10B2C0007970746F5472757374312230200603558F
:10B2D000040B0C1941757468656E74696361746F51
:10B2E00072204174746573746174696F6E310F30CC
:10B2F0000D06035504030C066372702E746F311A29
:10B30000301806092A864886F70D010901160B69CF
:10B310006E666F406372702E746F3059301306077B
:10B320002A8648CE3D020106082A8648CE3D030102
:10B33000070342000478076610CF5B050795D2B675
:10B34000425D4EADF065340A90C8AA8A6213DB955F
:10B35000A04B0C95FC828F2DF84B79DD3EE9F00275
:10B3600028A68CE862154E3BA9E684602D7576DD33
:10B370009D9A2C4C6AA381D43081D1301D0603558F
:10B380001D0E04160414DBA0676363C4F7F571EDAA
:10B3900000820F92D3656576874830819706035502
:10B3A0001D2304818F30818CA17FA47D307B310BE4
:10B3B000300906035504061302555331173015069C
:10B3C000035504080C0E4E6F727468204361726F4F
:10B3D0006C696E6131143012060355040A0C0B437C
:10B3E000727970746F54727573743110300E060375
:10B3F00055040B0C07526F6F74204341310F300D11
:10B4000006035504030C066372702E746F311A30F4
:10B410001806092A864886F70D010901160B696E80
:10B42000666F406372702E746F820900A5857B463B
:10B43000325AE6E130090603551D1304023000308C
:10B440000B0603551D0F0404030204F0300A06081E
:10B450002A8648CE3D0403020348003045022100FD
:10B46000A56A92506A981821E59B3C2E7652C9CE67
:10B47000D1B40F9629BC3C891D241589B3FF93369E
:10B48000022039DD7435FD8BEF381EC38DE53F7426
:10B49000CD68B077184184A2408F58281BA8171593
:10B4A000B732008C2790F60015191519151915FFDC
:10B4B000000100003B8DFF1F120000000002000091
:10B4C000668DFF1F8200000000220300E88DFF1F31
:10B4D0002100000000210300D18DFF1F09000000A2
:10B4E00000220000F08CFF1F4B0000000021000034
:10B4F000788DFF1F0900000000220100098EFF1F48
:10B500002200000000210100918DFF1F09000000B2
:10B51000002202002B8EFF1F2200000000210200EB
:10B52000B18DFF1F09000000000300005E8EFF1FA9
:10B5300000000000000309045E8EFF1F00000000F1
:10B54000010200005E8EFF1F0000000001030904DD
:10B550004E8DFF1F00000000020309044E8EFF1FE6
:10B560000000000003030904628EFF1F00000000BA
:10B570000000000000000000000000004008FE4342
:10B5800040A004404408FE4344A004400018FE4389
:10B5900000C004403000FE43309004403400FE43BD
:10B5A000349004401C18FE431CC004401018FE4395
:10B5B00010C004400818FE4308C004400C18FE43A5
:10B5C0000CC004400C10FE430CB004401010FE43AD
:10B5D00010B004401810FE4318B004401C10FE4385
:10B5E0001CB004401410FE4314B004400418FE4381
:10B5F00004C004400010FE4300B004400008FE43B5
:10B6000000A004400408FE4304A004400C08FE43CC
:10B610000CA004400808FE4308A004401418FE4390
:10B6200014C004401818FE4318C004400410FE4320
:10B6300004B004400810FE4308B004401400FE4368
:10B64000149004404C08FE434CA004400420FE43E8
:10B6500004D004402410FE4324B004402010FE43D4
:10B6600020B004402810FE4328B004402C10FE43B4
:10B670002CB004400020FE4300D004404808FE43A4
:10B6800048A004401000FE4310900440090AFFFF48
:10B69000FFFFFFFFFFFFFFFFFFFFFF0D0006080793
:10B6A000FFFF0E0FFF0CFFFFFFFFFFFF0B056FF00B
:10B6B0007F030370037813F0800FFBD07047050EF3
:10B6C00008090D0C06070F04001303931A9217C5FF
:10B6D00085848687C4FFFFFF000000000000000093
:10B6E000EF5A0200075B0200D75A0200DF5A02003D
:10B6F000DB5A0200E35A0200795A02008D5A020016
:10B70000AD5A0200B15A0200B75A0200C75A0200ED
:10B71000E75A0200EB5A0200915902009D590200BB
:10B72000A9590200B5590200175B0200FB5A02003A
:10B730000D0AFFFFFFFFFFFF0000000000000000F8
:10B74000B55B0200BB5B0200A55B0200A95B0200C7
:10B75000AD5B0200B15B02000000000000000000D1
:10B76000C35B02005D5B02000000000000000000FF
:10B77000375A02004F5A02001F5A0200275A02008D
:10B78000235A02002B5A0200C1590200D559020067
:10B79000F5590200F9590200FF5902000F5A020040
:10B7A0002F5A0200335A0200615902006D590200FB
:10B7B00079590200855902005F5A0200435A02007B
:10B7C00000000000000000003F6C0200576C020007
:10B7D000276C02002F6C02002B6C0200336C0200FD
:10B7E000C96B0200DD6B0200FD6B0200016C020000
:10B7F000076C0200176C0200376C02003B6C020001
:10B80000996B0200A56B0200B16B0200BD6B0200D8
:10B81000676C02004B6C020000000000000000009A
:10B820000000000000000000000000000000000018
:10B830000000000000000000000000000000000008
:10B8400000000000000000000000000000000000F8
:10B8500000000000000000000000000000000000E8
:10B8600000000000000000000000000000000000D8
:10B8700000000000000000004300FFFF888EFF1F53
:10B88000232D302B2000686C4C00656667454647C9
:10B89000003031323334353637383941424344454C
:10B8A00046003031323334353637383961626364BB
:10B8B000656600FFF8B500BFF8BC08BC9E4670473F
:10B8C00001B40248844601BC604700BF718CFF1F71
:10B8D00035040000E11700001D1B0000F9210000E5
:10B8E000D924000041BD0000F1DA0000315B020004
:0CB8F000D15B02007D6B0200816C020045
:08B8FC00D8B9FF7F0100000034
:10B904008023037003781B06FCD5704700000000F9
:10B9140001000000010000000123456789ABCDEF61
:10B92400FEDCBA9876543210F0E1D2C32C01000048
:10B934003000000003000000D5B5FF1F0002020321
:10B944000303050000030505D5B1FF1F1E00000019
:10B9540011390100153901000311C5D7E32BD56452
:10B964002DF81CEA3BCDA79A64B788EECA977603F4
:10B97400AD44ED327A61C71F9200D302010000008A
:10B9840005010906A101050719E029E715002501AC
:10B9940075019508810295017508050C09B88101A6
:10B9A400950575010508190129059102950175038D
:10B9B4009101950675081500257F05071900297F53
:10B9C4008100097695087508B102C01201000200D1
:10B9D400000040501DFC6000010102030100180337
:10B9E400430052005900500054004F0054005200CC
:10B9F40055005300540009028200040100803209FA
:10BA04000400000103010102092111010001224B7C
:10BA1400000705870308000509040100020300006C
:10BA240002092111010001222200070583034000BD
:10BA34000507050403400005090402000203000091
:10BA4400020921110100012222000705850340009B
:10BA5400050705060340000509040300020300006E
:10BA64000009211101000122210007058103400082
:10BA7400050705020320000206C9FF0904A15C753D
:10BA840008150026FF009540097581029520097666
:10BA9400910295040976B102C006D0F10901A10111
:10BAA4000920150026FF007508954081020921151B
:10BAB4000026FF00750895409102C006ABFF0902FD
:10BAC400A1010920150026FF00750895408102098F
:10BAD40021150026FF00750895409102C00010034F
:10BAE4004F004E004C0059004B0045005900040320
:10BAF40009040C0300000000000000000000000026
:10BB0400000000000000000008000000CCE6FF1F59
:10BB1400FFFFFFFF0A0400000000000018B8020045
:10BB240038B8020058B8020000000000000000000D
:10BB3400000000000000000078B8020000000000CF
:10BB440000000000000000000000000000000000F1
:10BB540000000000000000000000000000000000E1
:10BB640000000000000000000000000000000000D1
:0CBB74000000000000000000888EFF1F91
:00000001FF
