:1000000000800020BD0100001D5B0200E95A0200D3
:10001000E95A0200E95A0200E95A0200E95A0200CC
:10002000E95A0200E95A0200E95A02001D5B020087
:100030001D5B0200E95A02001D5B0200D95A020052
:100040001D5B02001D5B02001D5B02001D5B0200C8
:100050001D5B02001D5B02001D5B02001D5B0200B8
:100060001D5B02001D5B02001D5B02001D5B0200A8
:100070001D5B02001D5B02001D5B02001D5B020098
:100080001D5B02001D5B02001D5B02001D5B020088
:100090001D5B02001D5B02001D5B02001D5B020078
:1000A0001D5B02001D5B02001D5B02001D5B020068
:1000B0001D5B02001D5B02001D5B02001D5B020058
:1000C0001D5B02001D5B02001D5B02001D5B020048
:1000D0001D5B02001D5B02001D5B02001D5B020038
:1000E0001D5B02001D5B02001D5B02001D5B020028
:1000F0001D5B02004D7C02001D5B0200C176020008
:100100001D5B02007D7102001D5B02001D5B020091
:100110001D5B02001D5B02001D5B02001D5B0200F7
:100120001D5B02001D5B02001D5B02001D5B0200E7
:100130001D5B02001D5B02001D5B02001D5B0200D7
:100140001D5B02001D5B02001D5B02001D5B0200C7
:100150001D5B02001D5B02001D5B02001D5B0200B7
:100160001D5B020001BF01001D5B02001D5B020060
:100170001D5B02001D5B02001D5B02001D5B020097
:100180001D5B02001D5B02001D5B02001D5B020087
:100190001D5B02001D5B02001D5B02001D5B020077
:1001A0001D5B02001D5B02001D5B02001D5B020067
:1001B0001D5B02001D5B02001D5B0200564B4CF2F2
:1001C000205210B51A804DF628121A8000BF00BFC9
:1001D00025F0A8FC514B4FF010621A60504A9A600B
:1001E000504ADA60A3F53043203B1A6812F480725B
:1001F00004D14D490A604FF4A8521A604B4B1A784B
:10020000110703D51A7842F008021A70484B2A22C7
:100210001A700023474A48499818884204D247492F
:10022000595899500433F5E7454A464B9A424FF0E6
:10023000000302D242F8043BF7E74349434A5958C6
:1002400099500433B3F5DE7FF7D1414B802103F899
:10025000011B40498B42F9D13F4B1A603F4B0A22A8
:100260001A70A3F5805324225A70A0221A709A792A
:100270009207FCD59A79D406FCD4394B9A7902F0CE
:100280000C02082AF9D105221A7143225A719A796F
:100290009006FCD5324B9A795106FBD5314A4FF086
:1002A000817111600521516020221A702C4B9B79BD
:1002B00003F00C030C2BF9D12B4B2C4A1A602C4B5E
:1002C0002C4A1A6000225A60072243F8042C2A4A5A
:1002D000C3F80C2D62B61CF007FC134B1B68DA0741
:1002E00005D526481CF08CFA254B264A1A60264B69
:1002F0001B785B0609D5224C224A2368934204D11D
:100300001E481CF07DFA0023236028F093FB25F0A3
:100310000FFC26F0C9FCFEE70E20054030800440AB
:10032000823F04000100002B14D0034002D007409C
:1003300000E00740708CFF1FF08EFF1F9CD302006F
:10034000F08EFF1FD4E6FF1F000000000082FF1F99
:1003500000E400E05FE400E008ED00E0005006404B
:10036000004006404480044004800440C010050062
:1003700014E000E03F1901000000202048E4A96AD1
:100380001CE00340A5C3945A00F00740FFFFFFFFA5
:10039000FFFFFFFFFFFFFFFFFFFFFFFFFFFFFFFF6D
:1003A000FFFFFFFFFFFFFFFFFFFFFFFFFFFFFFFF5D
:1003B000FFFFFFFFFFFFFFFFFFFFFFFFFFFFFFFF4D
:1003C000FFFFFFFFFFFFFFFFFFFFFFFFFFFFFFFF3D
:1003D000FFFFFFFFFFFFFFFFFFFFFFFFFFFFFFFF2D
:1003E000FFFFFFFFFFFFFFFFFFFFFFFFFFFFFFFF1D
:1003F000FFFFFFFFFFFFFFFFFFFFFFFFFFFFFFFF0D
:10040000FFFFFFFFFFFFFFFFFFFFFFFFFEFFFFFFFD
:1004100010B5054C237833B9044B13B10448AFF33E
:1004200000800123237010BDF08EFF1F000000002C
:100430009CD3020008B5064B1BB106480649AFF332
:1004400000800648036813B1054B03B1984708BD07
:10045000000000009CD30200F48EFF1FF08EFF1FEF
:100460000000000038B5044608460D4628F0B1FDEE
:10047000236802465B6820462946984738BD08B580
:10048000FFF7F0FF08BD0A22002326F037BC38B57D
:100490000446FFF7E7FF0546204626F01FFC2844E8
:1004A00038BD38B50446FFF7EEFF0546204626F076
:1004B00015FC284438BD38B5044626F057FC0546DF
:1004C000204626F00BFC284438BDFFFF08B5C820A5
:1004D0001CF0F4FA074A0023137053709370D37022
:1004E00013715371044A1370044A1370BDE8084035
:1004F00025F01EBDC4E4FF1FCAE4FF1FCBE4FF1FAD
:10050000F8B51A4B1A481B4E1B4F00251D701B4B8C
:1005100001241C7001F0AEFE194B1A481C60202209
:10052000294628F0E7FA0823337025F001FD0F2350
:100530003B7025F0FDFCFFF7C9FF347025F0F8FC97
:100540000923337025F0F4FC14233B7025F0F0FCF4
:100550004FF4FA701CF0B2FA0B4B1D7025F0E8FC5A
:10056000FFF7B4FF094B0A4A1A60F8BD99BAFF1F9A
:10057000FCBAFF1FCAE4FF1FC4E4FF1F808CFF1FEB
:10058000848CFF1F1091FF1FCBE4FF1F0CED00E0D8
:100590000400FA052DE9F04FA74C9FB00023054653
:1005A0000DF10F00237002F029FCA44B1B7823B936
:1005B0009DF80F3003F00F0305E0012B08D19DF8E3
:1005C0000F301B090C339D4202D1FFF799FF34E332
:1005D0009B4E2946304602F09DFB317811B93046DA
:1005E00002F098FB337813B9954B04221A70294610
:1005F0000DF10E0003F0D4FB92499348FFF747FF3B
:1006000091489DF80E10FFF74CFF9DF80E80C8F33F
:10061000C0038DF80E308D4B1E78002E40F00D83F8
:100620008B498948DFF86492FFF729FF894B864898
:1006300019683039FFF73FFF314640220EA828F0F5
:1006400059FA3146FB22484628F054FA0EA82946AA
:1006500005F0C4FF071E41DD7F497B48FFF717FF08
:100660007E497948FFF70BFF39467748FFF723FFAC
:100670007B497548FFF70BFF0EA8394605F06CFE65
:10068000784B00970EA8E9B20F220AF021F89DF8E6
:100690003830082B0AD1013F0DF1390049463A465E
:1006A00023780CF073F90126277017E00EA849464D
:1006B0003A4623780CF06AF9FBB2022209F80320CB
:1006C000694961487B1C2370FFF7E1FE0EA839469B
:1006D00005F042FE5C486549FFF7D9FE0021402243
:1006E0000EA828F007FA0EA8294603F0E5FB9DF8AE
:1006F0003870C8F3800AFFB1002E32D15C495248ED
:10070000FFF7C5FE5B495048FFF7B9FE9DF838106A
:100710004D48FFF7B8FE4C485749FFF7B8FE9DF823
:1007200038701E2F00F28382237807F10A0209F83D
:100730000320013323707BE2BAF1000F13D09EB97E
:1007400037464E494048FFF7A2FE23783E484C49C1
:10075000012209F80320FFF79AFE23780133237062
:1007600002E0002700E057460EA8294606F080FA6E
:10077000B0F1000925DD43493348FFF788FE4249BF
:100780003148FFF77CFE49462F48FFF794FE494663
:100790000EA805F0E1FDCDF800900EA8E9B2022206
:1007A000304B09F095FF4A46237838490EA80CF0E3
:1007B000EDF849460EA805F0CFFD2378994484F85A
:1007C00000900EA80021402208F0030928F092F9B9
:1007D000DFF8B8B0B9F1000F1ED0EEB9B9F1010FD2
:1007E00009D12B491848FFF752FE237816480BF819
:1007F000039023490BE0B9F1020F0DD124491248AF
:10080000FFF745FE237810480BF803902149FFF7C6
:100810003EFE237801332370002140220EA828F0E9
:1008200069F90EA8294603F0D3FB9DF838309BBB2D
:100830004FF0000A4FE000BF348FFF1F30BBFF1F97
:10084000A48CFF1F42A1020008E5FF1F55BAFF1F3D
:100850002C960200E09BFF1F39960200539602007F
:10086000619602001091FF1F6B96020077960200BE
:1008700090960200AE960200B5960200D79602004E
:10088000FA960200FE9602001D970200508FFF1F8D
:100890003097020052970200002EC9D1904991482A
:1008A000FFF7F5FD90498F48FFF7E9FD9DF83810F7
:1008B0008C48FFF7E8FD8B488C49FFF7E8FD9DF871
:1008C00038A0BAF11E0FB3D823780AF10A020BF848
:1008D0000320013323700EA8294602F093FFB0F1E4
:1008E00000092DDD82497F48FFF7D1FD81497D4810
:1008F000FFF7C5FD49467B48FFF7DDFD7E49794896
:10090000FFF7C5FD49460EA805F026FDCDF800907D
:100910000EA8E9B20522794B09F0DAFE4A4623789F
:1009200077490EA80CF032F876496E48FFF7AFFD14
:1009300049460EA805F010FD2378994484F80090EC
:100940000EA800214022C8F3011928F0D3F8DFF8DF
:10095000B0B1B9F1000F1AD0CEB962486A49FFF7B9
:1009600096FDB9F1010F05D123785E480BF803908D
:10097000664907E0B9F1020F09D1237859480BF80D
:1009800003906349FFF783FD23780133237000212F
:1009900040220EA828F0AEF80EA8294603F0A4FBCA
:1009A0009DF8383013B94FF000091EE0002EFAD13F
:1009B00058494C48FFF76BFD4B494A48FFF75FFD2C
:1009C0009DF838104748FFF75EFD46485249FFF74B
:1009D0005EFD9DF83890B9F11E0FE4D8237809F137
:1009E0000A020BF80320013323700EA800214022D5
:1009F00028F080F89DF80E307BB176B94749394828
:100A0000FFF745FD23783748404901220BF80320C2
:100A1000FFF73DFD2378013323700EA8294603F02C
:100A20001FFC9DF83830002B00F0CE80672B40F083
:100A300091803B492B48DFF8C8B0FFF728FD2946D5
:100A40000EA806F06FFC2C4906462648FFF71FFD4E
:100A500031460EA805F080FC32492248FFF70FFD11
:100A600031462048FFF727FD00960EA8E9B209227B
:100A7000224B09F02DFE237832460EA859460BF082
:100A800085FF20491748FFF702FD31460EA805F003
:100A900063FC32460EA904A801F0F0FF02F056F8FC
:100AA00038448244D14449460E4826F05FF90D4847
:100AB00026F014F9494604A801F0E4FF064602F0C6
:100AC00081F8237880BB4E220BF803205B444F2231
:100AD00053215A70D970542245219A70197130E00F
:100AE0005997020008E5FF1FAE96020077970200B3
:100AF00099970200B9970200619602001091FF1FBA
:100B0000508FFF1F6B960200CC970200FA960200EE
:100B100052970200EE9702000C98020029980200FA
:100B2000479802006698020032780BF803205B4475
:100B300072785A70B2789A70F278DA7032791A71E3
:100B400072795A7123780EA806330021402223704F
:100B500027F0D0FF9DF83830394E792B0FD1394B23
:100B60001B78022B0BD038493848FFF790FC2078CF
:100B7000002130440AF0B6FA23782C3323709DF814
:100B80003830322B01D0592B11D12E4B1B78022B30
:100B90000DD02F492D48FFF77AFC2078E9B2304478
:100BA0000AF0A0FA2378203303EB400020709DF870
:100BB0003830752B08D1234B1B78022B04D02378B7
:100BC0000922F254013323705FEAD8131C4D0DD073
:100BD00020491E48FFF75BFC23781C481E49012270
:100BE000EA54FFF754FC23780133237018F0400FC8
:100BF0000DD018491548FFF74AFC237813481749C8
:100C00000222EA54FFF743FC237801332370237850
:100C10000E481349134C0022EA54FFF738FC14F82D
:100C2000011F51B1094803681B689847F7E7374629
:100C3000BAF1000F7FF485AD96E51FB0BDE8F08FE7
:100C4000508FFF1F30BBFF1F7998020008E5FF1F80
:100C500099980200B2980200FA9602005297020098
:100C6000CF9802004F8FFF1F0A4B1A780A4B186863
:100C70001AB90A4A5278022A01D1243807E0012A17
:100C800001D12A3803E0032A0CBF1E383038FFF7A1
:100C900081BC00BF30BBFF1FE09BFF1F88BAFF1F56
:100CA0000D4B1A780D4B18681AB90D4A5278022A62
:100CB00001D1243807E0012A01D12A3803E0032AB0
:100CC0000CBF1E383038074B1B78092B0CBF033084
:100CD0000630FFF75FBC00BF30BBFF1FE09BFF1F6C
:100CE00088BAFF1FB78CFF1FF0B5ADF5844D9BB0E0
:100CF000054646F26004684621464FF4804205F0FE
:100D000044FB46F260039C4204D1284669464FF4F6
:100D1000804210E02B460DF5804605F1400718682B
:100D20005968324603C20833BB421646F7D12846FB
:100D3000694644F24002002315F076F8044B04F5AE
:100D400080449C42D7D10DF5844D1BB0F0BD00BF4F
:100D500060A0030010B5464B1B6804461878A0F14C
:100D60003103082B06D84FF47A73303858431BF000
:100D7000A5FE42E074285CD072285ED03D4B1B7803
:100D8000002B3AD01CB125F071F9002435E0702811
:100D900032D0682855D0752855D06F2855D0652891
:100DA00055D0642855D0622855D04C2855D05228AB
:100DB00055D0552855D0442855D0452855D06328BE
:100DC00004D12D4B1A7842F0010213E0732804D1AC
:100DD000294B1A7842F002020CE0612804D1264B1C
:100DE0001A7842F0040205E0672806D1224B1A78EF
:100DF00042F008021A7000E04624204B1A780AB923
:100E00001C7012E05A780AB95C700EE09A780AB940
:100E10009C700AE0DA780AB9DC7006E01A790AB93F
:100E20001C7102E05A7902B95C71BDE8104025F0EE
:100E30007FB8002CA7D12B24DFE7002CA3D12824D6
:100E4000DBE74A24D9E74B24D7E74E24D5E74D24E6
:100E5000D3E74C24D1E72A24CFE75024CDE74F2411
:100E6000CBE75224C9E75124C7E72924C5E700BFCF
:100E70004C90FF1F20BBFF1FCAE4FF1FC4E4FF1FED
:100E80002DE9F041644B654A1B781078644C4BB1F6
:100E9000AA2807D121680A7822B1092A02D0013193
:100EA0002160F3E721685F4E0D783778DFF87081B5
:100EB000B5B95D48FFF7E3FA5C485D4901F0FEF81B
:100EC0005A485C4901F02BF93046294601F022FFCF
:100ED0003378002B40F09E8004233370BDE8F0810E
:100EE00017FB07F7032697FBF6F6012D4FEAC60618
:100EF0004FEA470704D1002B7BD14FF22B006EE065
:100F0000022D04D1002B74D14FF2280067E0092D87
:100F100019D1494B1B78022B7CD043484749484C98
:100F2000FFF7B5FA01232360464B1E681D4606F500
:100F30007A662268002A61D02B68B3425ED2002014
:100F40000BF00EF8F5E7A5F10A02D0B215280DD87E
:100F5000002B5FD14FF47A7050431BF0AFFDD8F8EF
:100F600000300133C8F80030BDE8F081202D34D1C5
:100F70004A785C2A31D10131C8F800109BB1BDE834
:100F8000F0815C2B14D1264B01321A600020FFF750
:100F9000E1FE30461BF092FD23685A1C22605A780D
:100FA000202A07D04AB122681378002BE9D112E039
:100FB0000120ECE71A4A0233136025F0A3F830460B
:100FC0001BF07CFD25F09EF8FFF780FA3846BDE85F
:100FD000F0411BF073BDBDE8F08153B9284625F000
:100FE00045F830461BF06AFD25F08CF838461BF0BA
:100FF00065FD236801332360BDE8F08100230B48C1
:101000000B49236001F05AF808480A49BDE8F0414D
:1010100001F085B8BDE8F08155BAFF1FD6B9FF1FB2
:101020004C90FF1FA48CFF1F08E5FF1F8490FF1F3B
:10103000388FFF1F0C8FFF1F30BBFF1FE998020086
:1010400080BCFF1FCCE2FF1F08B507480749FFF728
:1010500016FA074806F024FF064B012205201A70F5
:1010600007F02CF8F5E700BF08E5FF1FFF98020026
:10107000F9980200D6B9FF1F2DE9F74FAC4F3B7826
:1010800004465BB9AB4B1B78092B05D1142803DD53
:10109000A94B1A6803321A602D2000E0002006F0E8
:1010A000C3FFA64B1A68022A984601DDFFF7CCFF62
:1010B000A34E336801333360A24B1A78002A45D01F
:1010C000684601F0B5FE9DF8003003B301A801F0B9
:1010D000A2FE9DF80430132B0AD900239A48FF2260
:1010E0001A540133202BF9D108F018FC002003E03A
:1010F00001338DF8043001A801F095FE934994481E
:10110000FFF7C5F992489DF80410FFF7CAF9914B13
:101110001A6801321A609DF8003032680133DBB280
:1011200001320A2B8DF80030326009D98A4988488B
:10113000FFF7ADF99DF800108548FFF7B2F939E0E7
:10114000684601F07DFE7F4A00231370DFF804B289
:10115000DFF8E4A1DBF800209AF800107F480132A4
:10116000CBF8002001F079F83268013232607C4A15
:1011700012680323B2FBF3F101EB4101501A1A404C
:1011800010441BF09BFC3A785546D946002A60D1A2
:10119000724801F089F800285BD1704801F0BEF96F
:1011A000002856D16D4801F0B7FA30B168486D4952
:1011B000FFF76DF906F090FE14E36B4CDBF80020AE
:1011C00023680132092BCBF8002015DC6749604801
:1011D000FFF755F9DAF800105D483039FFF76BF981
:1011E00063495B48FFF74BF959482168FFF763F9FA
:1011F000236801332360F5E2524B01251D70D8F8B6
:1012000000302B44C8F800305A4B03201D7006F004
:1012100055FF59494E48FFF732F9684601F008FE7C
:101220009DF800104A48C1F10A0125F09FFD53497D
:101230004748FFF72CF952494548FFF728F9474836
:1012400001F018F8D8F800302560022B40F3CA826C
:101250002CE7D9F8003097F800A00133C9F8003026
:10126000BAF1000F43D1504601F0EAFD3B4801F0CE
:1012700001F8444BC8F800A01A781D4622B942482C
:101280000AF0CEFD06F00CFE40484149394C00F012
:1012900015FF40492E48FFF7FAF8207806F0B4FB16
:1012A000552006F0B5FF3C4B1B78022B264606D096
:1012B00015F014FF002001F0B6FD0BF071FB374B69
:1012C000374A196811602A78012038701C4612B11B
:1012D000307006F099FB2568C8352368AB4203D20D
:1012E00000200AF03DFEF8E71AF0C8FC7AE22D4B28
:1012F000187800286CD1542C6ADD2B68312B53D11F
:10130000254B1B78022B63D00A4B1B78092B0BD182
:1013100006200AE0092B6EDD0A2B40F0878006F0DC
:101320001DFE2B68312B4BD1012008F0EBFB59E25D
:1013300099BAFF1FB78CFF1FE09BFF1F4C8FFF1F49
:101340008890FF1F808CFF1FB090FF1F59990200EB
:1013500008E5FF1F8C90FF1F95990200FCBAFF1F44
:10136000F8BAFF1F7D9A0200848CFF1FD1990200FA
:10137000979A0200D6B9FF1FC39A0200DC9A0200B6
:10138000129B020028BBFF1FB19902008490FF1F2F
:10139000208FFF1FC599020030BBFF1FCCE2FF1F4B
:1013A0004CBBFF1F5CBAFF1F322B0BD1A04B1B782D
:1013B000022B0DD09F4B1B78092B01D10520B4E7E0
:1013C0000220B2E7332B03D1994B1B78022BACD10F
:1013D000994B1B682BB9994B1B68002B00F00282BC
:1013E00024E0032B02DC964896490AE0062B91DCA8
:1013F0009348954905E08E4B1B78022B08D0904806
:101400009249FFF73CF829688D483039FFF753F8C7
:101410008F4B1B78002B00F0E5818E4C2D23012093
:10142000237006F04BFE01232370DBE1DFF874B27A
:1014300089498348DFF870A200238BF80030FFF75A
:101440001EF829687E483039FFF735F8834B844908
:101450001868086076490978022900F09181DFF860
:101460004CB29BF800100129D8460CD17D4890F869
:1014700000C0DAF80000604529D17B48007830B31D
:101480006F487A490DE0022919D1794890F800C0D7
:10149000DAF8000060451AD173480078B8B168489E
:1014A0007449FEF7ECFFDAF8001065483039FFF7B1
:1014B00002F89BF8002001328BF8002092E103290A
:1014C00005D16D4BDAF800201B789A4207D06B4BA0
:1014D0001B78012B03D06A4B1B78012B05D1624B83
:1014E0001B7813B1674B1B787BB90329654B05D17A
:1014F0001A78F52A02D15C4A127832B91B78F62B99
:1015000046D1594B1B78002B42D05F494C485D4C6B
:10151000FEF7B5FF29684A483039FEF7CCFF0423AF
:10152000564A88F8003000231370554A1370237808
:10153000ED2B06D1554803716378437103F0FAFF30
:101540001FE0F02B06D1514803716378437104F01A
:1015500005F916E0F52B02D104F040F911E0F62B65
:101560000FD13E4A4A4D166801232B6006F57A6674
:101570002B6823B1394A1368B342C0F02F8100238E
:101580002B60002088F80000207006F041FE29E161
:10159000A1B1344A00231370354A88F80030137023
:1015A000354A0120137006F033FE3A4806F078FC05
:1015B000394BFF2118781BF07DF913E1A4F14803A2
:1015C0006B2B10D82B68312B0DD1274B1B7853B9BF
:1015D0003248334900F072FD09F0ACFD2F48304924
:1015E00000F09DFDFEE0134B1A78092A0BD1B4F5EB
:1015F000B47F08DB2B68322B08D1154B1B782BB13D
:1016000006F06AFCBCE0472C40F3BA802B68322B12
:101610004ED115490978002940F08980012006F053
:1016200099FB8B2C40F3DE80012006F0E9FAD9E02B
:1016300030BBFF1FB78CFF1F74BAFF1F149CFF1F26
:1016400008E5FF1FD1990200CE990200E999020036
:1016500028BBFF1FD6B9FF1F0D9A0200CCE2FF1F67
:101660004CBBFF1F48BBFF1F55BAFF1F1E9A02004D
:1016700049BBFF1F319A02004ABBFF1F9CBAFF1FE4
:1016800098BAFF1F999BFF1F449A02000CBAFF1FD4
:1016900080BCFF1F579A0200F5BAFF1F8490FF1FFE
:1016A0000C8FFF1F508FFF1FE09BFF1F00BAFF1F13
:1016B000332B3CD14D490978002938D1092A1ED154
:1016C000B32C1CDC4A4B5A7822B94A4A5421117077
:1016D00001220CE0012A04D1464AD62111700222CF
:1016E00005E0022A05D1434A8021117003225A7075
:1016F00078E0032A76D13F4A5970117072E03E4B70
:101700003E48002401261E703C7000F0B3FD3C4BA7
:101710003C481E602022214627F0ECF93A483B491C
:1017200000F0FDFC3A4B3B4A2C601A605AE0092A53
:1017300003D1B32C24DD312B02E0472C20DD362BE6
:101740001ED12A4B1B78DBB9326801323260324A33
:1017500001241470264A1278A2420BD0264A274848
:101760003B70147000F086FD254B274827491C600C
:1017700000F0D5FCD9F800300133C9F8003031E071
:10178000002006F051FC142C05DC234B1B7813B908
:10179000FFF76AFA14E0A4F11503442B05D81E4B99
:1017A0001B786BB9FFF77CFA0AE0592C08DD1A4B5D
:1017B0001B782BB9194B012202201A7006F07EFC0F
:1017C000174B184A104818491A6000F077FC174B5D
:1017D0000D4817491A7800F083FC03E000200AF056
:1017E000BFFBC5E603B0BDE8F08F00BF55BAFF1FD1
:1017F00088BAFF1FCCBAFF1F808CFF1FFCBAFF1FE7
:10180000848CFF1F1091FF1F8490FF1F208FFF1FEC
:101810000CED00E00400FA0528BBFF1FD6B9FF1F3E
:101820004C90FF1F508FFF1F0C8FFF1FA48CFF1FBA
:10183000388FFF1F73B5102024F098FF854B864E1C
:10184000864C8748874D00221A70874B06221A70F3
:10185000864B01221A70864B16221A70854B17226E
:101860001A70854B11221A70844B0F221A70844B08
:1018700010221A700E23202133701523237004F0D8
:10188000F3FD286000F0EEFB307824F099FF009023
:10189000207824F095FF7B4B01901A6801321A6082
:1018A000794B1B78442B24D07848FFF71DFA02248B
:1018B000764EA319204613F8021C013424F02EFEA4
:1018C000422CF5D100214FF40062304627F012F986
:1018D00044200BF071F96E4904466E48FEF7CFFDC7
:1018E0001CB16C486C49FEF7CAFD6A486B49FEF7AB
:1018F000CEFD2C689CB904F030FD03214FF4F86054
:1019000024F00CFE664801F098F9664B6649614880
:1019100001221A70654B1C70FEF7B9FD4AE05A4B64
:101920001B78442B43D120216148624C04F0E0FD38
:10193000614804F0F3FD614804F026FE00212046D2
:1019400001F0E8F95E4801F0CBF95E495148FEF735
:101950009EFD50482178FEF7A4FD23780BB904239F
:1019600023705948594C01F02FFA594801F039FABF
:101970004B4801F05AF9204601F019FA55494548FB
:10198000FEF785FD21784348FEF78BFD1BF0FAF842
:10199000444B51493F4800221A70444B01221A70AF
:1019A000FEF775FD4D484E4900F0B9FB02E04D4B86
:1019B0004D4A1A604D4B4E481A684E4901321A6022
:1019C00040F2FD720CF0B4FE49486946022204233D
:1019D0000CF066FE02220423454801A90CF060FECB
:1019E00045492C48FEF74BFD4FF4FB612948FEF7B3
:1019F00062FD254B274819781022002325F07EF937
:101A0000244825F06BF906F071FD06F0EDFA06F0BA
:101A100063FF3248394900F082FB2B684BB93848E4
:101A2000384C01230370237001F03BF9204601F08C
:101A300045F9354B1B78092B09D11C4B1B7833B169
:101A4000324800F031FC10B10A20FFF715FB02B05C
:101A500070BD00BF30BBFF1F14BBFF1F989BFF1F53
:101A60009090FF1F149CFF1FF5BAFF1F68BBFF1F5C
:101A700069BBFF1F9ABAFF1F70BBFF1F21BBFF1F6F
:101A8000C1BBFF1F8890FF1F020002401C9CFF1F6C
:101A9000519B020008E5FF1F669B02006B9B020042
:101AA000BC8CFF1F99BAFF1F809B02005CBAFF1F0E
:101AB000B090FF1FA48CFF1FF090FF1FD090FF1F5E
:101AC00020BBFF1F959B020015BBFF1FCEE6FF1F2B
:101AD0009BBAFF1FA29B0200B49B02008490FF1FD1
:101AE000208FFF1F0CED00E00400FA058C90FF1F13
:101AF000C4BBFF1FB9990200C09B02000C8FFF1FDF
:101B00009CBAFF1F98BAFF1FB78CFF1FFCBAFF1FBC
:101B1000F8B521201AF0A4FEE8B94B4B1D68044625
:101B20001E46326840F6B733521B9A4207D86420EB
:101B30001AF0C4FF21201AF093FE0444F1E754B9CF
:101B40002046012124F0EAFC0120014624F0E6FCB5
:101B50003E4B3F4A1A603F4B3F4D1B7A012B0DD144
:101B60003E4B1B780BB12B7843B13D4B1B78032BBD
:101B700002D0032004F0BCFB0AF06AFC394B3A4C5B
:101B80001A6801321A60394B1A680623B2FBF3F067
:101B900003FB10201AF092FF2278354BDAB11A6855
:101BA000002001321A600AF0DBF9324B1B78ABB12E
:101BB000314B1B6893B105F01BFF304B1B786BB1A9
:101BC000214A11682E4A12688A1A4EF660214B4348
:101BD0009A4221D202E01A6801321A602B784BB186
:101BE00023783BB11D4B1B7823B9264B012018707D
:101BF00005F00AFF06F094FE234A12780A32D2B2A8
:101C0000012A04D82D20BDE8F84006F00DBAC8B16D
:101C1000BDE8F840FFF730BA1C4B1D4800260127ED
:101C20001F70267000F026FB1A4B1B481F602022F5
:101C3000314626F05FFF1948194900F070FA044A4E
:101C4000024BCAE7F8BD00BFCCE2FF1F0CED00E07D
:101C50000400FA055DBAFF1F28BBFF1F55BAFF1F1E
:101C6000D8B9FF1F8890FF1F99BAFF1FF8BAFF1F4E
:101C70008C90FF1F5CBAFF1F149CFF1FBC8CFF1FC2
:101C80004CBBFF1FD6B9FF1FD5B9FF1F808CFF1FAC
:101C9000FCBAFF1F848CFF1F1091FF1F8490FF1F51
:101CA000208FFF1FF8B51E4F3B78092B30D11D4CFC
:101CB0000021204624F00EFE40B32379E12B25D1EC
:101CC00063792F2B22D9184B1B78FBB1174E35782F
:101CD000E5B93B78092B19D1154B164801221A702A
:101CE00000F0C8FA0AF040FE134B0A201860134BAC
:101CF0001D60FFF7C1F920462946402226F0FAFE72
:101D0000337843B10E480AF08BF802E00D4800E04A
:101D10000D4806F0C5F80C490C48FEF7B8FBF8BDB5
:101D2000B78CFF1F0CBAFF1F5CBAFF1F99BAFF1FC9
:101D3000808CFF1FFCBAFF1F848CFF1FE09BFF1FDE
:101D4000B1990200CD9B0200B49B020008E5FF1F81
:101D500008B524F099FB3221084A094800F022FA1C
:101D60003221084A084800F01DFA0848084A4FF492
:101D70007A71BDE8084000F015BA00BF111B0000E1
:101D80000C8FFF1F810E0000388FFF1F208FFF1F59
:101D9000A51C00002DE9F04F0A46C9B00023CD5C18
:101DA000D47844EA0564557844EA0544957803F10B
:101DB000200644EA052404336D46402B745102F199
:101DC0000402ECD108AB002208AF9C6B5E6ABD58E0
:101DD000596835444FEA744686EAF44686EA942404
:101DE0002C444FEAF11585EAB14585EAD101043268
:101DF0002144C02A196403F10403E5D1026D009265
:101E0000436D426E0193856D836EC66D076E0295BC
:101E10000396C56E0497059217469DE81400069335
:101E20001E46DDF80CC0049B02990795A8460025C4
:101E300005F1200BE9465BF809A0DFF8989055F80A
:101E40000990D1444FEAB31A8AEAF32A8AEA736AFC
:101E5000D14426EA030B07EA030A8BEA0A0AD144B3
:101E6000C84481EA040901EA040A09EA020989EA84
:101E70000A094FEAB20A8AEA723A8AEAB25A043581
:101E8000D144B5F5807FC444C14408D0B0463E4635
:101E90001F4663468C46214614464A46C8E7009DC5
:101EA0004D440565019D2A444265029A039D1444F0
:101EB000049A846562440266059A13442944436681
:101EC000079D069BC1651F442E448766C66649B0C0
:101ED000BDE8F08FDC9B0200002303640022002396
:101EE000C0E912230A4B03650A4B43650A4B83651D
:101EF0000A4BC3650A4B03660A4B43660A4B83666B
:101F000003F17453A3F52303A3F69243C36670470A
:101F100067E6096A85AE67BB72F36E3C3AF54FA57A
:101F20007F520E518C68059BABD9831F2DE9F04180
:101F300006460F4601EB0208474516D0336C17F8EA
:101F4000012BF2540133402B3364F5D13046314636
:101F5000FFF720FFD6E9124514F5007445F100059E
:101F60000023C6E912453364E6E7BDE8F081026C60
:101F70002DE9F84F372A88464FF08001814602F15B
:101F80000103815406D8382B14D0002209F803200D
:101F90000133F8E73F2B04D8002209F8032001336E
:101FA000F8E748464946FFF7F5FE48460021382243
:101FB00026F0A0FDD9F84030D900D9E912235218F3
:101FC00043F100034FEA122A160C140E4AEA036A80
:101FD0004FEA132B46EA03461F0C44EA03241D0E66
:101FE000C9E9122389F83B30494689F83F2089F82E
:101FF0003EA089F83D6089F83C4089F83AB089F8FC
:10200000397089F838504846FFF7C4FE434603212B
:10201000D9F85000CA00D0401870D9F85400D04008
:102020001871D9F85800D0401872D9F85C00D04027
:102030001873D9F86000D0401874D9F86400D04003
:102040001875D9F86800D0401876D9F86C000139B5
:1020500020FA02F21A774A1C03F10103D8D1BDE835
:10206000F88FFFFF07B5064B06499A680092DA68B9
:1020700001920CCB044826F071FF03B05DF804FB1D
:102080005090FF1FDC9C02006090FF1F064B1A68F7
:10209000064B1A60064A12685A60064A12689A602D
:1020A000054A1268DA607047548004405090FF1F60
:1020B000588004405C80044060800440036873B131
:1020C0008B4205D11B69036070478A4204D01346D6
:1020D0001A69002AF9D102E00A691A61704770474B
:1020E00070B506460C461546FFF7E8FF33680BB996
:1020F000346004E01A690AB11346FBE71C611AF068
:10210000BDFC23680322C01A4FF4FA536B43B5FB9E
:10211000F2F55D43002360602560236170BD38B532
:1021200005460C46FFF7CAFF2B680BB92C6004E08C
:102130001A690AB11346FBE71C611AF09FFC236879
:10214000C01A00236060236138BD38B50C461AF010
:1021500095FC6268236813449842054605D362687B
:10216000934208D26268824205D86268954207D2DB
:1021700062689A4204D8A560E36820469847656083
:1021800038BD38B505462C68002CFCD021462846C1
:10219000FFF7DBFF2469F7E708B50148FFF7F1FF18
:1021A0008490FF1F10B54FF47A746143C26000221F
:1021B00001604260026110BD4FF47A7359430160BF
:1021C0007047FFFFF8B504460E4615461F46044A01
:1021D000FFF7E8FF6661E561A7612046F8BD00BF33
:1021E0000522000010B50021044680F82010FFF7FA
:1021F000E3FF21460248BDE81040FFF790BF00BF53
:102200008490FF1F10B590F8203004463BB901239D
:1022100080F820304169BDE81040FFF7CDBF012BA9
:1022200010D109482146FFF749FFE36913B9A069B6
:1022300020B910BD2046984720B1F8E7BDE810400E
:10224000FFF7D0BF10BD00BF8490FF1F0022416187
:1022500042740270704741617047437C102B07D075
:102260005A1CD2B24274C1540023835401207047D7
:1022700000207047002343740370704710B5446911
:1022800002782178002321B9D2F1010038BF002063
:1022900010BD914206D1E2185178C2180133102BBB
:1022A0005278F0D1002010BD2DE9F043B9B00446BA
:1022B00026F08FFE8C4B00221A708C4A1278092A65
:1022C000054619460ED168B9894B224603F1100024
:1022D00053F8045B42F8045B8342F9D101230B708D
:1022E000102505E0062803D81E201AF0E7FBF6E0CB
:1022F0001CA8FFF7F1FD21462A461CA8FFF716FE91
:1023000020221CA87B497C4CFFF710FE1CA80CA9BE
:10231000FFF72DFE9DF8303023F007038DF83030A5
:102320009DF84F3003F03F0343F040030CA9002217
:1023300020468DF84F300BF071F91CA8FFF7CCFD4B
:1023400014A800F082FD1CA814A91022FFF7EEFDCE
:102350001CA86A491022FFF7E9FD20221CA821468B
:10236000FFF7E4FD21461CA8FFF701FE1CA8FFF7BC
:10237000B3FD1CA814A91022FFF7D8FD1CA85F49C3
:102380001022FFF7D3FD20221CA85D49FFF7CEFDE8
:102390001CA804A9FFF7EBFD5A4B9DF81050D3F889
:1023A0000080594B20781A68531C02F11F0902F172
:1023B000200CC2EB08014B4503F1FF37C2F10006C8
:1023C000194477D14F4B504C19608542276004D097
:1023D0004D4B1A6801321A6081E00DF10F0000F0D8
:1023E0008CFC9DF80F504448012D28D104F0E2F8F0
:1023F00018B94148454A0CA927E00CA9434A04A84A
:102400000BF00CF91CA8FFF767FD1CA814A92022EB
:10241000FFF78CFD1CA83E491022FFF787FD1CA882
:1024200004A92022FFF782FD1CA832492022FFF7D1
:102430007DFD1CA80CA9FFF79AFD00952AE004F089
:10244000B9F828B92C482E4A0CA90BF0E7F827E078
:102450000CA92B4A04A80BF0E1F81CA8FFF73CFDDF
:102460001CA814A92022FFF761FD1CA828491022EE
:10247000FFF75CFD1CA804A92022FFF757FD1CA84C
:102480001C492022FFF752FD1CA80CA9FFF76FFD85
:102490000123009318481E490CAA202303F0F2FDE3
:1024A00023681C4A01332360002313701A4A012059
:1024B000136015E0854204D0124B1960124B1F6067
:1024C00086E704A830442644C55CF05C1E46013310
:1024D00063457FF46EAF0B4B19600B4B1E60002001
:1024E00039B0BDE8F08300BF88BAFF1FB78CFF1F6B
:1024F0007290FF1F9090FF1F1091FF1F7090FF1FA1
:10250000B090FF1F8890FF1F8C90FF1FD090FF1F7F
:102510006090FF1F30BBFF1FCCBAFF1F2DE9F043B7
:10252000B9B0054626F055FD0628044603D81E20FE
:102530001AF0C4FA73E01CA8FFF7CEFC2946224625
:102540001CA8FFF7F3FC20221CA86849684CFFF781
:10255000EDFC1CA80CA9FFF70AFD9DF8303023F014
:1025600007038DF830309DF84F3003F03F0343F000
:1025700040030CA9002220468DF84F300BF04EF896
:102580001CA8FFF7A9FC14A800F05FFC1CA814A964
:102590001022FFF7CBFC1CA856491022FFF7C6FCFF
:1025A00020221CA82146FFF7C1FC21461CA8FFF7EA
:1025B000DEFC1CA8FFF790FC1CA814A91022FFF752
:1025C000B5FC1CA84B491022FFF7B0FC20221CA828
:1025D0004949FFF7ABFC1CA804A9FFF7C8FC474B0F
:1025E0009DF81050D3F80080454B20781A68531C92
:1025F00002F11F0902F1200CC2EB08014B4503F167
:10260000FF37C2F10006194457D13C4B3C4C1960CE
:102610008542276005D03A4B1A6801321A600020C3
:1026200060E00DF10F0000F068FB9DF80F30022B09
:1026300038D02F4803F0BEFF28B90CA9314A2C48E6
:102640000AF0ECFF27E00CA92E4A04A80AF0E6FFE6
:102650001CA8FFF741FC1CA814A92022FFF766FC68
:102660001CA829491022FFF761FC1CA804A92022FC
:10267000FFF75CFC20221CA81C49FFF757FC1CA894
:102680000CA9FFF774FC0123009319481E490CAAFA
:10269000202303F0F7FC1D4B01221A701C4B54221F
:1026A0001A7005E01B4A1278002AB8D1174A137035
:1026B000236801332360012014E0854204D00F4BCE
:1026C00019600F4B1F60A6E704A830442644C55C80
:1026D000F05C1E46013363458ED1084B1960084BF0
:1026E0001E609CE739B0BDE8F08300BF9090FF1FEB
:1026F0001091FF1F7090FF1FD090FF1F8890FF1F49
:102700008C90FF1FB090FF1F6090FF1F30BBFF1F1A
:10271000CCBAFF1F28BBFF1F30B59DB0054626F081
:1027200058FC0628044603D81E201AF0C7F922E0F8
:102730006846FFF7D1FB2246684629460F4CFFF753
:10274000F5FB202268460E49FFF7F0FB684621465C
:10275000FFF70DFC0B4920780A78002382420AD14A
:10276000CA18E01801331E2B52784078F6D1131A9C
:102770005842584100E000201DB030BD1091FF1FAD
:102780009090FF1FF090FF1F23F07EBE10B5084B06
:1027900000F14C0203F1140153F8044B42F8044BCE
:1027A0008B42F9D10023036680F8483010BD00BF8A
:1027B000888CFF1F2DE9F04F416D826DC36DD0F8FD
:1027C0004C80D0F850C085B0994601910292039395
:1027D0004646134600240A466146E5B20F2D07D847
:1027E00083EA020A0AEA010A8AEA030A334F3FE04F
:1027F00004F10D0B04F108070BF00F0B07F00F07A6
:102800000BF1020B023705F00F0A50F8277050F851
:102810002BB000EB8A0A8BEA070BDAF808708BEA18
:10282000070BA71C07F00F070237132D50F827706E
:102830008BEA07074FEAF777CAF80870D0D9272D37
:1028400005D882EA010A8AEA030A1D4F10E03B2DEF
:1028500009D842EA010A02EA01070AEA030A4AEA37
:10286000070A184F04E082EA010A174F8AEA030AAE
:1028700005F00F050235574450F82550013405EB9B
:10288000F6653D44502C4D444FEAB10105D09946C0
:1028900013460A4631462E469FE7019C2144416576
:1028A00002990A448265039A454466441344C56408
:1028B0000665C36505B0BDE8F08F00BF9979825AFF
:1028C000A1EBD96EDCBC1B8FD6C162CA90F8483030
:1028D00083F003020133DBB20244402B10B51172C6
:1028E000044680F8483004D1FFF764FF002384F8E1
:1028F000483010BD08B5026E01320266FFF7E6FFF0
:10290000012008BD10B580210446FFF7DFFF94F8D1
:102910004830382B20464FF00001F6D1FFF7D6FFA4
:1029200020460021FFF7D2FF20460021FFF7CEFF0F
:10293000216E2046490FFFF7C9FF216E2046C1F3E3
:102940004751FFF7C3FF216E2046C1F34731FFF720
:10295000BDFF216E2046C1F34711FFF7B7FF216E7F
:10296000C900204601F0F801BDE81040FFF7AEBFF6
:1029700010B50446FFF7C6FF0023E2180433D16CFC
:10298000142B09BAD164F8D104F14C0010BDF8B58C
:1029900000F16406174604460D46304600214022E9
:1029A00026F0A8F8402F18DD2046FFF7EFFE2F4451
:1029B000BD4206D0236815F8011B1B6820469847C6
:1029C000F6E72046FFF7D4FF00F1140250F8041B8D
:1029D00046F8041B9042F9D104E0304629463A46B5
:1029E00019F092F82046FFF7D1FE254604F1400683
:1029F00095F86410236820461B6881F03601013584
:102A00009847B542F4D1F8BD70B50446FFF7B0FF62
:102A100004F1A40300F1140250F8041B43F8041B52
:102A20009042F9D12046FFF7B1FE04F14006254659
:102A300095F86410236820461B6881F05C0101351D
:102A40009847B542F4D104F114062546236895F859
:102A5000A4101B68204601359847B542F6D12046A0
:102A6000BDE87040FFF784BF024B00221A71024A92
:102A70001A6070473091FF1F009D020080E8060039
:102A80007047FFFF1E2391FBF3F10B0E70B51E4E36
:102A900003740B140446002543740B128160837485
:102AA000C174057394E8060045738573C573304699
:102AB000FFF76DFF336804F10C015B6808223046B4
:102AC00098473046FFF7A0FF6061C37CE56103F0E3
:102AD0000F03A361E269C1181202E261495D013589
:102AE0000A43042DE261F5D1084B22F0004292FB2B
:102AF000F3F103FB1122E26120342046044926F061
:102B00002DFA204670BD00BF3091FF1F40420F00DC
:102B1000089D0200074B1860074B1B681844074BC1
:102B20001860074B02221A70064B1A68064B1A608F
:102B3000704700BFE891FF1F9C8CFF1FF891FF1F9B
:102B4000EC91FF1FCCE2FF1FF491FF1F70B51649F7
:102B5000164C0A68236816480068801AB0F57A7F18
:102B600002F57A7603F1010502D32B463246F2E7ED
:102B7000104D0A602A6823609A4213D80E4B1B68D6
:102B800083B1984710B1FFF7C5FF0BE00B4B1A68F4
:102B9000064B1B6813442B60094B1A78003218BF90
:102BA00001221A70206870BDF491FF1FE891FF1F89
:102BB000CCE2FF1FF891FF1FF091FF1F9C8CFF1FBD
:102BC000EC91FF1F08B5FFF7C1FF014B187808BD56
:102BD000EC91FF1FF8B506460D468F180C46BC4217
:102BE00006D0204623F086FC731B18550134F6E707
:102BF000F8BDF8B506460D468F180C46BC4206D007
:102C0000731B2046195D23F089FC0134F6E7F8BDFB
:102C100008B54FF4D5610122FFF7DCFF012008BDA4
:102C20004FF4D5610122FFF7E4BF08B540F2A96176
:102C30000122FFF7CFFF012008BD40F2A961012268
:102C4000FFF7D7BF08B540F2AA610122FFF7C2FF24
:102C5000012008BD40F2AA610122FFF7CABF08B5F2
:102C600040F2D561D022FFF7B5FFD02008BD40F279
:102C7000D561D022FFF7BDBF08B540F2AB6101229C
:102C8000FFF7A8FF012008BD40F2AB610122FFF76A
:102C9000B0BF08B540F2AC610122FFF79BFF0120F5
:102CA00008BD40F2AC610122FFF7A3BF08B540F2B6
:102CB000AD610122FFF78EFF012008BD40F2AD613A
:102CC0000122FFF796BF08B540F2A5710122FFF778
:102CD00081FF012008BD40F2A5710122FFF789BFE5
:102CE00008B540F2A6710122FFF774FF012008BD6C
:102CF00040F2A6710122FFF77CBF08B540F2AE6139
:102D00000122FFF767FF012008BD40F2AE610122FA
:102D1000FFF76FBF10B5044629B940F2AF61012239
:102D2000FFF758FF17E04B1E0B2B08D801F2CB71B1
:102D30000122FFF74FFF237803F00F030AE0A1F110
:102D40000D030B2B07D801F2CB710122FFF742FFD5
:102D500023781B092370012010BD70B501F2CB76DA
:102D60000D460446314601300122FFF733FF1DB9FD
:102D7000204640F2AF6114E06B1E0B2B05D8637840
:102D8000227823F00F03134408E00D3D0B2D0DD8DE
:102D90006378227803F00F0303EB021323702046BD
:102DA00031460122BDE87040FFF723BF70BD08B572
:102DB0004FF4D6610122FFF70DFF012008BD4FF44B
:102DC000D6610122FFF715BF08B540F2D361012299
:102DD000FFF700FF012008BD40F2D3610122FFF799
:102DE00008BF08B540F2BF710122FFF7F3FE0120D2
:102DF00008BD40F2BF710122FFF7FBBE08B540F2EB
:102E0000D4610122FFF7E6FE012008BD40F2D46143
:102E10000122FFF7EEBE08B540F2B1610122FFF7D3
:102E2000D9FE012008BD40F2B1610122FFF7E1BEE9
:102E300008B540F2B2610122FFF7CCFE012008BDC7
:102E400040F2B2610122FFF7D4BE08B540F2B3618F
:102E50002022FFF7BFFE202008BD40F2B3612022F0
:102E6000FFF7C7BE08B540F21C610122FFF7B2FEB2
:102E7000012008BD40F21C610122FFF7BABE08B56F
:102E800040F21D610122FFF7A5FE012008BD40F2BE
:102E90001D610122FFF7ADBE08B540F21E6101229F
:102EA000FFF798FE012008BD40F21E610122FFF7E6
:102EB000A0BE08B540F21F610122FFF78BFE012082
:102EC00008BD40F21F610122FFF793BE08B54FF421
:102ED000C4610122FFF77EFE012008BD4FF4C461EA
:102EE0000122FFF786BE08B540F221610122FFF7FB
:102EF00071FE012008BD40F221610122FFF779BE79
:102F000008B540F222610122FFF764FE012008BDEE
:102F100040F222610122FFF76CBE08B540F2236146
:102F20000122FFF757FE012008BD40F22361012274
:102F3000FFF75FBE08B540F224610122FFF74AFEA9
:102F4000012008BD40F224610122FFF752BE08B5FE
:102F500040F225610122FFF73DFE012008BD40F24D
:102F600025610122FFF745BE08B540F22661012226
:102F7000FFF730FE012008BD40F226610122FFF775
:102F800038BE08B540F227610122FFF723FE012079
:102F900008BD40F227610122FFF72BBE08B54FF4B0
:102FA000C5610122FFF716FE012008BD4FF4C5617F
:102FB0000122FFF71EBE08B540F229610122FFF78A
:102FC00009FE012008BD40F229610122FFF711BE70
:102FD00008B540F22A610122FFF7FCFD012008BD7F
:102FE00040F22A610122FFF704BE08B540F22B61CE
:102FF0000122FFF7EFFD012008BD40F22B61012205
:10300000FFF7F7BD08B540F22C610122FFF7E2FDA2
:10301000012008BD40F22C610122FFF7EABD08B58E
:1030200040F22D610122FFF7D5FD012008BD40F2DD
:103030002D610122FFF7DDBD08B540F22E610122AE
:10304000FFF7C8FD012008BD40F22E610122FFF705
:10305000D0BD08B540F22F610122FFF7BBFD012072
:1030600008BD40F22F610122FFF7C3BD08B54FF440
:10307000C6610122FFF7AEFD012008BD4FF4C66115
:103080000122FFF7B6BD08B540F231610122FFF71A
:10309000A1FD012008BD40F231610122FFF7A9BD69
:1030A00008B540F232610122FFF794FD012008BD0E
:1030B00040F232610122FFF79CBD08B540F2336156
:1030C0000122FFF787FD012008BD40F23361012294
:1030D000FFF78FBD08B5AC210122FFF77BFD012072
:1030E00008BDAC210122FFF784BD08B5AD21012246
:1030F000FFF770FD012008BDAD210122FFF779BD6A
:1031000008B5AE210122FFF765FD012008BDAE2103
:103110000122FFF76EBD08B5AF210122FFF75AFD6E
:10312000012008BDAF210122FFF763BD08B5B02122
:103130000122FFF74FFD012008BDB0210122FFF75A
:1031400058BD08B5B1210122FFF744FD012008BD9B
:10315000B1210122FFF74DBD08B5B2210122FFF7D1
:1031600039FD012008BDB2210122FFF742BD08B59B
:10317000B3210122FFF72EFD012008BDB32101225A
:10318000FFF737BD08B5B4210122FFF723FD012069
:1031900008BDB4210122FFF72CBD08B5B5210122DD
:1031A000FFF718FD012008BDB5210122FFF721BD61
:1031B00008B5B6210122FFF70DFD012008BDB6219B
:1031C0000122FFF716BD08B5B7210122FFF702FD66
:1031D000012008BDB7210122FFF70BBD08B5B821BA
:1031E0000122FFF7F7FC012008BDB8210122FFF7FB
:1031F00000BD08B5B9210122FFF7ECFC012008BD94
:10320000B9210122FFF7F5BC08B5BA210122FFF769
:10321000E1FC012008BDBA210122FFF7EABC08B594
:10322000BB210122FFF7D6FC012008BDBB210122F2
:10323000FFF7DFBC08B5BC210122FFF7CBFC012062
:1032400008BDBC210122FFF7D4BC08B5BD21012275
:10325000FFF7C0FC012008BDBD210122FFF7C9BC5A
:1032600008B5BE210122FFF7B5FC012008BDBE2133
:103270000122FFF7BEBC08B5BF210122FFF7AAFC5F
:10328000012008BDBF210122FFF7B3BC08B5C02152
:103290000122FFF79FFC012008BDC0210122FFF79A
:1032A000A8BC08B5C1210122FFF794FC012008BD8C
:1032B000C1210122FFF79DBC08B5C2210122FFF701
:1032C00089FC012008BDC2210122FFF792BC08B58C
:1032D000C3210122FFF77EFC012008BDC32101228A
:1032E000FFF787BC08B564210122FFF773FC0120BA
:1032F00008BD64210122FFF77CBC08B565210122CD
:10330000FFF768FC012008BD65210122FFF771BCB1
:1033100008B566210122FFF75DFC012008BD66218A
:103320000122FFF766BC08B567210122FFF752FCB6
:10333000012008BD67210122FFF75BBC08B56821A9
:103340000122FFF747FC012008BD68210122FFF799
:1033500050BC08B569210122FFF73CFC012008BDE3
:1033600069210122FFF745BC08B56A210122FFF758
:1033700031FC012008BD6A210122FFF73ABC08B5E3
:103380006B210122FFF726FC012008BD6B210122E1
:10339000FFF72FBC08B56C210122FFF71BFC0120B1
:1033A00008BD6C210122FFF724BC08B56D21012264
:1033B000FFF710FC012008BD6D210122FFF719BCA9
:1033C00008B56E210122FFF705FC012008BD6E2122
:1033D0000122FFF70EBC08B56F210122FFF7FAFBAF
:1033E000012008BD6F210122FFF703BC08B5702141
:1033F0000122FFF7EFFB012008BD70210122FFF73A
:10340000F8BB08B571210122FFF7E4FB012008BDDC
:1034100071210122FFF7EDBB08B572210122FFF7F0
:10342000D9FB012008BD72210122FFF7E2BB08B5DC
:1034300073210122FFF7CEFB012008BD7321012279
:10344000FFF7D7BB08B574210122FFF7C3FB0120AA
:1034500008BD74210122FFF7CCBB08B575210122FC
:10346000FFF7B8FB012008BD75210122FFF7C1BBA2
:1034700008B576210122FFF7ADFB012008BD7621BA
:103480000122FFF7B6BB08B577210122FFF7A2FBA7
:10349000012008BD77210122FFF7ABBB08B57821D9
:1034A0000122FFF797FB012008BD78210122FFF7D9
:1034B000A0BB08B579210122FFF78CFB012008BDD4
:1034C00079210122FFF795BB08B57A210122FFF788
:1034D00081FB012008BD7A210122FFF78ABB08B5D4
:1034E0007B210122FFF776FB012008BD7B21012211
:1034F000FFF77FBB08B540F264610122FFF76AFB6A
:10350000012008BD40F264610122FFF772BB08B5DB
:1035100040F265610122FFF75DFB012008BD40F22A
:1035200065610122FFF765BB08B540F266610122C3
:10353000FFF750FB012008BD40F266610122FFF752
:1035400058BB08B540F267610122FFF743FB012039
:1035500008BD40F267610122FFF74BBB08B54FF48D
:10356000CD610122FFF736FB012008BD4FF4CD618C
:103570000122FFF73EBB08B540F269610122FFF767
:1035800029FB012008BD40F269610122FFF731BB30
:1035900008B540F26A610122FFF71CFB012008BD5B
:1035A00040F26A610122FFF724BB08B540F26B616B
:1035B0000122FFF70FFB012008BD40F26B610122E1
:1035C000FFF717BB08B540F26C610122FFF702FB61
:1035D000012008BD40F26C610122FFF70ABB08B56B
:1035E00040F26D610122FFF7F5FA012008BD40F2BB
:1035F0006D610122FFF7FDBA08B540F26E6101224C
:10360000FFF7E8FA012008BD40F26E610122FFF7E2
:10361000F0BA08B540F26F610122FFF7DBFA012032
:1036200008BD40F26F610122FFF7E3BA08B54FF41D
:10363000CE610122FFF7CEFA012008BD4FF4CE6122
:103640000122FFF7D6BA08B540F271610122FFF7F7
:10365000C1FA012008BD40F271610122FFF7C9BA29
:1036600008B540F272610122FFF7B4FA012008BDEB
:1036700040F272610122FFF7BCBA08B540F27361F3
:103680000122FFF7A7FA012008BD40F27361012271
:10369000FFF7AFBA08B540F274610122FFF79AFA5A
:1036A000012008BD40F274610122FFF7A2BA08B5FB
:1036B00040F275610122FFF78DFA012008BD40F24A
:1036C00075610122FFF795BA08B540F276610122D3
:1036D000FFF780FA012008BD40F276610122FFF772
:1036E00088BA08B540F277610122FFF773FA01202A
:1036F00008BD40F277610122FFF77BBA08B54FF4AD
:10370000CF610122FFF766FA012008BD4FF4CF61B7
:103710000122FFF76EBA08B540F279610122FFF786
:1037200059FA012008BD40F279610122FFF761BA20
:1037300008B540F27A610122FFF74CFA012008BD7A
:1037400040F27A610122FFF754BA08B540F27B617A
:103750000122FFF73FFA012008BD40F27B61012200
:10376000FFF747BA08B546211022FFF733FA1020B9
:1037700008BD46211022FFF73CBA38B505460C4675
:1037800011B9622102220BE04B1E172B0AD801F25D
:1037900063610122FFF71EFA681C04F2A671012280
:1037A000FFF718FA022038BD38B505460C4611B9A6
:1037B000622102220BE04B1E172B0CD801F2636131
:1037C0000122FFF716FA681C04F2A6710122BDE877
:1037D0003840FFF70EBA38BD08B55C210622FFF766
:1037E000F9F9062008BD5C210622FFF702BA08B5E8
:1037F00056210622FFF7EEF9062008BD56210622C3
:10380000FFF7F7B937B501390446172900F255819A
:10381000DFE811F01800240031003E004B00580092
:10382000650072007F008C009900A600B300C00004
:10383000CD00DA00E700F40001010E011B012801B0
:10384000350142010DF10700FFF70CFB9DF8075011
:103850002046382DA8BF3825DC2129E10DF10700CD
:10386000FFF70DFB9DF807502046382DA8BF3825DF
:103870004FF48A711CE10DF10700FFF70DFB9DF875
:1038800007502046382DA8BF38254FF4A6710FE108
:103890000DF10700FFF70DFB9DF807502046382D6E
:1038A000A8BF38254FF4C27102E10DF10700FFF700
:1038B0000DFB9DF807502046382DA8BF38254FF442
:1038C000DE71F5E00DF10700FFF70DFB9DF80750E5
:1038D0002046382DA8BF38254FF4FA71E8E00DF1E5
:1038E0000700FFF70DFB9DF807502046382DA8BFB5
:1038F00038254FF40B71DBE00DF10700FFF70DFBEE
:103900009DF807502046382DA8BF38254FF419716F
:10391000CEE00DF10700FFF70DFB9DF807502046A4
:10392000382DA8BF38254FF42771C1E00DF10700ED
:10393000FFF70DFB9DF807502046382DA8BF38250E
:103940004FF43571B4E00DF10700FFF70DFB9DF862
:1039500007502046382DA8BF38254FF44371A7E003
:103960000DF10700FFF70DFB9DF807502046382D9D
:10397000A8BF38254FF451719AE00DF10700FFF709
:103980000DFB9DF807502046382DA8BF38254FF471
:103990005F718DE00DF10700FFF70DFB9DF80750FB
:1039A0002046382DA8BF38254FF46D7180E00DF109
:1039B0000700FFF70DFB9DF807502046382DA8BFE4
:1039C00038254FF47B7173E00DF10700FFF70DFB15
:1039D0009DF807502046382DA8BF382540F22441D5
:1039E00066E00DF10700FFF70DFB9DF8075020463C
:1039F000382DA8BF382540F25C4159E00DF1070091
:103A0000FFF70DFB9DF807502046382DA8BF38253D
:103A100040F294414CE00DF10700FFF70DFB9DF8DB
:103A200007502046382DA8BF382540F2CC413FE052
:103A30000DF10700FFF70DFB9DF807502046382DCC
:103A4000A8BF382540F2045132E00DF10700FFF71E
:103A50000DFB9DF807502046382DA8BF382540F2B1
:103A60003C5125E00DF10700FFF70DFB9DF80750D5
:103A70002046382DA8BF382540F2745118E00DF1CA
:103A80000700FFF70DFB9DF807502046382DA8BF13
:103A9000382540F2AC510BE00DF10700FFF70DFBAC
:103AA0009DF807502046382DA8BF382540F2E45134
:103AB0003822FFF78FF8284600E0002003B030BD21
:103AC000013A13B50C46172A00F26881DFE812F0BC
:103AD00018002500330041004F005D006B007900A5
:103AE00087009500A300B100BF00CD00DB00E90016
:103AF000F7000501130121012F013D014B0159017F
:103B0000DC213822FFF775F802A8382CA8BF38242A
:103B100000F8014DFFF7AEF940E14FF48A71382209
:103B2000FFF767F802A8382CA8BF382400F8014D29
:103B3000FFF7ADF932E14FF4A6713822FFF759F8DB
:103B400002A8382CA8BF382400F8014DFFF7ACF9C3
:103B500024E14FF4C2713822FFF74BF802A8382C49
:103B6000A8BF382400F8014DFFF7ABF916E14FF478
:103B7000DE713822FFF73DF802A8382CA8BF3824A0
:103B800000F8014DFFF7AAF908E14FF4FA71382265
:103B9000FFF72FF802A8382CA8BF382400F8014DF1
:103BA000FFF7A9F9FAE04FF40B713822FFF721F87B
:103BB00002A8382CA8BF382400F8014DFFF7A8F957
:103BC000ECE04FF419713822FFF713F802A8382CF3
:103BD000A8BF382400F8014DFFF7A7F9DEE04FF445
:103BE00027713822FFF705F802A8382CA8BF38241F
:103BF00000F8014DFFF7A6F9D0E04FF435713822F7
:103C0000FEF7F7FF02A8382CA8BF382400F8014DB2
:103C1000FFF7A5F9C2E04FF443713822FEF7E9FF40
:103C200002A8382CA8BF382400F8014DFFF7A4F9EA
:103C3000B4E04FF451713822FEF7DBFF02A8382CB4
:103C4000A8BF382400F8014DFFF7A3F9A6E04FF410
:103C50005F713822FEF7CDFF02A8382CA8BF3824A8
:103C600000F8014DFFF7A2F998E04FF46D7138228A
:103C7000FEF7BFFF02A8382CA8BF382400F8014D7A
:103C8000FFF7A1F98AE04FF47B713822FEF7B1FF0C
:103C900002A8382CA8BF382400F8014DFFF7A0F97E
:103CA0007CE040F224413822FEF7A3FF02A8382C22
:103CB000A8BF382400F8014DFFF79FF96EE040F2ED
:103CC0005C413822FEF795FF02A8382CA8BF3824A3
:103CD00000F8014DFFF79EF960E040F29441382270
:103CE000FEF787FF02A8382CA8BF382400F8014D42
:103CF000FFF79DF952E040F2CC413822FEF779FF00
:103D000002A8382CA8BF382400F8014DFFF79CF911
:103D100044E040F204513822FEF76BFF02A8382C31
:103D2000A8BF382400F8014DFFF79BF936E040F2B8
:103D30003C513822FEF75DFF02A8382CA8BF38247A
:103D400000F8014DFFF79AF928E040F2745138224B
:103D5000FEF74FFF02A8382CA8BF382400F8014D09
:103D6000FFF799F91AE040F2AC513822FEF741FF13
:103D700002A8382CA8BF382400F8014DFFF798F9A5
:103D80000CE040F2E4513822FEF733FF02A8382C51
:103D9000A8BF382400F8014DFFF797F902B010BD15
:103DA000013908B5172941D8DFE801F00C0E1012CF
:103DB0001416181A1C1E20222426282A2C2E3032D3
:103DC0003436383A7C212CE07D212AE07E2128E01F
:103DD0007F2126E0802124E0812122E0822120E051
:103DE00083211EE084211CE085211AE0862118E051
:103DF000872116E0882114E0892112E08A2110E051
:103E00008B210EE08C210CE08D210AE08E2108E050
:103E10008F2106E0902104E0912102E0922100E050
:103E200093210122FEF7D6FE012008BD002008BD27
:103E3000013917293FD8DFE801F00C0E10121416D3
:103E4000181A1C1E20222426282A2C2E3032343602
:103E5000383A7C212CE07D212AE07E2128E07F2158
:103E600026E0802124E0812122E0822120E08321BC
:103E70001EE084211CE085211AE0862118E08721BC
:103E800016E0882114E0892112E08A2110E08B21BC
:103E90000EE08C210CE08D210AE08E2108E08F21BC
:103EA00006E0902104E0912102E0922100E09321BC
:103EB0000122FEF79EBE7047013908B5172941D887
:103EC000DFE801F00C0E10121416181A1C1E202226
:103ED0002426282A2C2E30323436383A94212CE0ED
:103EE00095212AE0962128E0972126E0982124E0D8
:103EF000992122E09A2120E09B211EE09C211CE0D8
:103F00009D211AE09E2118E09F2116E0A02114E0D7
:103F1000A12112E0A22110E0A3210EE0A4210CE0D7
:103F2000A5210AE0A62108E0A72106E0A82104E0D7
:103F3000A92102E0AA2100E0AB210122FEF74AFEFE
:103F4000012008BD002008BD013917293FD8DFE84E
:103F500001F00C0E10121416181A1C1E2022242612
:103F6000282A2C2E30323436383A94212CE09521F0
:103F70002AE0962128E0972126E0982124E0992143
:103F800022E09A2120E09B211EE09C211CE09D2143
:103F90001AE09E2118E09F2116E0A02114E0A12143
:103FA00012E0A22110E0A3210EE0A4210CE0A52143
:103FB0000AE0A62108E0A72106E0A82104E0A92143
:103FC00002E0AA2100E0AB210122FEF712BE7047F9
:103FD000013908B5172941D8DFE801F00C0E10129D
:103FE0001416181A1C1E20222426282A2C2E3032A1
:103FF0003436383AC4212CE0C5212AE0C62128E015
:10400000C72126E0C82124E0C92122E0CA2120E0FE
:10401000CB211EE0CC211CE0CD211AE0CE2118E0FE
:10402000CF2116E0D02114E0D12112E0D22110E0FE
:10403000D3210EE0D4210CE0D5210AE0D62108E0FE
:10404000D72106E0D82104E0D92102E0DA2100E0FE
:10405000DB210122FEF7BEFD012008BD002008BDC6
:10406000013917293FD8DFE801F00C0E10121416A1
:10407000181A1C1E20222426282A2C2E30323436D0
:10408000383AC4212CE0C5212AE0C62128E0C72106
:1040900026E0C82124E0C92122E0CA2120E0CB216A
:1040A0001EE0CC211CE0CD211AE0CE2118E0CF216A
:1040B00016E0D02114E0D12112E0D22110E0D3216A
:1040C0000EE0D4210CE0D5210AE0D62108E0D7216A
:1040D00006E0D82104E0D92102E0DA2100E0DB216A
:1040E0000122FEF786BD7047013908B5172959D856
:1040F000DFE801F00C0F1215181B1E2124272A2DB2
:10410000303336393C3F4245484B4E5140F23461E2
:1041100043E040F2356140E040F236613DE040F27C
:1041200037613AE04FF4C76137E040F2396134E07B
:1041300040F23A6131E040F23B612EE040F23C61F6
:104140002BE040F23D6128E040F23E6125E040F284
:104150003F6122E04FF4C8611FE040F241611CE082
:1041600040F2426119E040F2436116E040F24461DE
:1041700013E040F2456110E040F246610DE040F28C
:1041800047610AE04FF4C96107E040F2496104E089
:1041900040F24A6101E040F24B610122FEF71AFD54
:1041A000012008BD002008BD0139172957D8DFE8D4
:1041B00001F00C0F1215181B1E2124272A2D303355
:1041C00036393C3F4245484B4E5140F2346143E062
:1041D00040F2356140E040F236613DE040F2376147
:1041E0003AE04FF4C76137E040F2396134E040F221
:1041F0003A6131E040F23B612EE040F23C612BE05D
:1042000040F23D6128E040F23E6125E040F23F612E
:1042100022E04FF4C8611FE040F241611CE040F22F
:10422000426119E040F2436116E040F2446113E05C
:1042300040F2456110E040F246610DE040F2476116
:104240000AE04FF4C96107E040F2496104E040F23E
:104250004A6101E040F24B610122FEF7CABC70479F
:10426000013908B5172959D8DFE801F00C0F1215EC
:10427000181B1E2124272A2D303336393C3F424556
:10428000484B4E5140F24C6143E040F24D6140E0FA
:1042900040F24E613DE040F24F613AE04FF4CA61B6
:1042A00037E040F2516134E040F2526131E040F2D7
:1042B00053612EE040F254612BE040F2556128E05A
:1042C00040F2566125E040F2576122E04FF4CB61A5
:1042D0001FE040F259611CE040F25A6119E040F2DF
:1042E0005B6116E040F25C6113E040F25D6110E05A
:1042F00040F25E610DE040F25F610AE04FF4CC6194
:1043000007E040F2616104E040F2626101E040F2E6
:1043100063610122FEF75EFC012008BD002008BD9C
:104320000139172957D8DFE801F00C0F1215181BB7
:104330001E2124272A2D303336393C3F4245484B35
:104340004E5140F24C6143E040F24D6140E040F29A
:104350004E613DE040F24F613AE04FF4CA6137E010
:1043600040F2516134E040F2526131E040F2536179
:104370002EE040F254612BE040F2556128E040F21B
:10438000566125E040F2576122E04FF4CB611FE017
:1043900040F259611CE040F25A6119E040F25B6161
:1043A00016E040F25C6113E040F25D6110E040F223
:1043B0005E610DE040F25F610AE04FF4CC6107E01E
:1043C00040F2616104E040F2626101E040F2636149
:1043D0000122FEF70EBC7047653908B51F2975D854
:1043E000DFE801F0101316191C1F2225282B2E318F
:1043F00034373A3D404346494C4F5255585B5E6115
:1044000064676A6D40F27C615BE040F27D6158E078
:1044100040F27E6155E040F27F6152E04FF4D0619E
:104420004FE040F281614CE040F2826149E040F2AD
:10443000836146E040F2846143E040F2856140E000
:1044400040F286613DE040F287613AE04FF4D1618D
:1044500037E040F2896134E040F28A6131E040F2B5
:104460008B612EE040F28C612BE040F28D6128E000
:1044700040F28E6125E040F28F6122E04FF4D2617C
:104480001FE040F291611CE040F2926119E040F2BD
:10449000936116E040F2946113E040F2956110E000
:1044A00040F296610DE040F297610AE04FF4D3616B
:1044B00007E040F2996104E040F29A6101E040F2C5
:1044C0009B610122FEF786FB012008BD002008BD8C
:1044D00065391F2973D8DFE801F0101316191C1F66
:1044E0002225282B2E3134373A3D404346494C4F44
:1044F0005255585B5E6164676A6D40F27C615BE0B7
:1045000040F27D6158E040F27E6155E040F27F610B
:1045100052E04FF4D0614FE040F281614CE040F254
:10452000826149E040F2836146E040F2846143E009
:1045300040F2856140E040F286613DE040F28761F3
:104540003AE04FF4D16137E040F2896134E040F263
:104550008A6131E040F28B612EE040F28C612BE009
:1045600040F28D6128E040F28E6125E040F28F61DB
:1045700022E04FF4D2611FE040F291611CE040F272
:10458000926119E040F2936116E040F2946113E009
:1045900040F2956110E040F296610DE040F29761C3
:1045A0000AE04FF4D36107E040F2996104E040F281
:1045B0009A6101E040F29B610122FEF71ABB70474D
:1045C000013908B5032913D8DFE801F00205080B0B
:1045D00040F29C6107E040F29D6104E040F29E6180
:1045E00001E040F29F610122FEF7F4FA012008BDCC
:1045F000002008BD0139032911D8DFE801F00205C8
:10460000080B40F29C6107E040F29D6104E040F23B
:104610009E6101E040F29F610122FEF7EABA704715
:1046200008B50846114604F0E5FA002008BDFFFF72
:1046300010B5044612480CF01DFE6379642B1ED998
:10464000A37903F00F03012B04D1E11D0D4811F0F4
:10465000EBF90DE0022B02D10CF012FE03E0032B6C
:1046600006D10CF011FE0246E11D06480CF010FECA
:10467000044800214122BDE8104024F03BBA10BD9F
:10468000F58B00007895FF1F034B04481978012231
:10469000C901134603F0ECB9FC91FF1F6896FF1F98
:1046A00038B5254B1B78032B05460C461CD006D885
:1046B000012B10D0022B39D10CF0E2FD16E0662B55
:1046C0001FD0672B28D0042B30D108462A461B491F
:1046D00008F0A4FF1EE00846184A294611F0B2F976
:1046E000003018BF012038BD0CF0CEFD0346134941
:1046F000284622460CF008FED0F1010038BF002009
:1047000038BD0CF0BDFD0D490346224628460CF08D
:1047100083FE08B1002038BD0CF0B6FD0749034602
:10472000224628460CF078FE0028F3D1044803F016
:10473000B7FB012038BD00BFFC91FF1FAC92FF1FEB
:10474000809D02002DE9F04F91B0DFF8E481734DB8
:1047500098F8003092466A46A2EBC3128B460021BD
:1047600004AF0646954628460A4610F038F807F189
:104770000C000EF0F2FB07F118000EF0EEFB07F153
:1047800024000EF0EAFB98F8003005F11400DB017C
:104790004FF001116B600EF053FC0DF1100904464F
:1047A00000286CD15E4B98F800207B60194605F11B
:1047B0002C0092010EF09FFC7B68044600285ED11D
:1047C00098F80020920105F1380099180EF093FC3A
:1047D0000446002853D105F1080005F12C0105F12C
:1047E00038020EF060FF0446002848D107F10C00A3
:1047F00005F12C0101220EF040FF044600283ED1B5
:1048000007F1180005F1380101220EF036FF0446C9
:10481000A8BB07F1240007F10C0107F118020EF004
:1048200042FF044658BB05F1200005F1140107F1D1
:1048300024020FF06DFC044608BB05F1440005F1AD
:10484000200107F10C020FF06BF90446B8B905F12D
:10485000500005F1200107F118020FF061F904463C
:1048600068B905F15C00A0F12401A0F130020FF05D
:104870004FFC044618B928460FF0EAFF044607F13A
:104880000C000EF071FB07F118000EF06DFB07F144
:1048900024000EF069FB0CB1224836E098F8003095
:1048A00080226FF0090112FB0311B142DCBF6FF0EF
:1048B0000A0612FB0366202E0CD003DC1C2E0BD143
:1048C00005230AE0302E03D0402E05D1082304E052
:1048D000072302E0062300E000238DE84808124980
:1048E000CDF80C90012300220C4810F031FB98F811
:1048F000002004464946D201504617F005F9074802
:1049000010F0F4FB204624B1084803F0C9FA4FF038
:10491000FF303437BD46BDE8F08F00BFCC94FF1F99
:10492000CC92FF1F999D020021460000039E0200C9
:10493000FC91FF1F2DE9F04F95B0454B19784FF0D2
:10494000FF3202EBC11202F1010A083222F0070223
:1049500002AFE846ADEB020D3E4A117802AC9B4631
:1049600021B90A4605F056FEF8226AE0042967D10B
:10497000394E3A4D33681C2BB1460FD023F010024C
:10498000202A0BD0402B09D0354803F089FA0120AA
:1049900003F03EFC0021316028684CE0314E317854
:1049A000727800932868304B05F092FE2F4B2D68EB
:1049B00024221A702946D9F800207B6007F10800EC
:1049C00017F0A2F8284600214FF4806224F092F8F4
:1049D0002246D9F80000264D07F10801FFF7B2FE84
:1049E0007B680246A0B9F6211970B3789BF80010D5
:1049F0002B70012B20464FEAC11103D11A4603F058
:104A000037F80AE0134603F033F803F0E9FC04E05A
:104A1000002218481A7003F043FA552003F0F8FBFF
:104A200020460021524624F065F82B78012B0AD04D
:104A3000114B186800214FF4806224F05BF802E00B
:104A400023220A4B1A704C37C546BD46BDE8F08F8D
:104A5000FC91FF1F00BAFF1F4CBAFF1FB88CFF1F4D
:104A6000BD9D0200999BFF1F1091FF1FD5B9FF1F2D
:104A7000D8B9FF1FE69D0200A88CFF1F2DE9F04367
:104A80004E4C4F4D884600218FB081461746204638
:104A90000A460FF0A4FE05A80EF05FFA08A80EF073
:104AA0005CFA0BA80EF059FA2B7804F11400DB0124
:104AB0004FF0011163600EF0C3FA00284FD1414E50
:104AC0002A7804F12C00314692010EF014FB0028E4
:104AD00045D12A78920104F13800B1180EF00BFB91
:104AE00000283CD104F1080004F12C0104F1380243
:104AF0000EF0D9FD98BB05A804F12C0101220EF09F
:104B0000BCFD60BB08A804F1380101220EF0B5FD20
:104B100028BB0BA805A908AA0EF0C5FDF8B904F139
:104B2000200004F114010BAA0FF0F2FAB8B904F155
:104B3000440004F1200105AA0EF0F2FF78B904F157
:104B4000500004F1200108AA0EF0EAFF38B904F180
:104B50005C00A0F12401A0F130020FF0D9FA05A801
:104B60000EF002FA08A80EF0FFF90BA80EF0FCF9FF
:104B700012480FF06DFE044668B1134803F090F937
:104B80000E4810F0B3FA2046ACB1104803F088F993
:104B90004FF0FF300FE04FF400730393214622469D
:104BA000CDF80090CDF8048002970448012310F05E
:104BB00053F90446E4E70FB0BDE8F0830092FF1F0D
:104BC000FC91FF1FCC92FF1F999D0200FD9D0200EA
:104BD0002DE9F04F85B03E4B02AF197800247C6080
:104BE00021B90A4605F016FDF9226AE0042967D1C9
:104BF000384DDFF800B12B689BF80020364EB3EB40
:104C0000C21FEA4609D0354803F04AF9012003F0F3
:104C1000FFFA2C60306821464CE0DFF8DC80DFF8DA
:104C2000D09098F8001098F80120009330682C4B31
:104C300005F04EFD242389F800309BF800303668DB
:104C4000AAEBC31295460DF1080B31462A68254D93
:104C5000584616F059FF304621464FF4806223F043
:104C600049FF2A68204E381D5946FFF707FF0246C4
:104C700098B9F62389F8003098F802303370012B88
:104C80002868796803D11A4602F0F2FE0AE013465A
:104C900002F0EEFE03F0A4FB04E0144889F80040A3
:104CA00003F0FEF8552003F0B3FA3378012B05D05A
:104CB000286800214FF4806223F01CFFD54602E0F3
:104CC00023220B4B1A700C37BD46BDE8F08F00BF96
:104CD00000BAFF1F4CBAFF1FB88CFF1F2C9E0200AA
:104CE0001091FF1FA88CFF1FD8B9FF1F589E02000C
:104CF000D5B9FF1FFC91FF1F999BFF1FF0B58BB02B
:104D0000064601A80EF029F936B204A8184F0EF095
:104D100024F9B50107A80EF020F901A839462A4662
:104D20000EF0E9F9044698B904A879192A460EF05C
:104D3000E2F9044660B907A801A904AA0EF0B3FC81
:104D4000044628B907A80B49F2010EF00EFA0446F2
:104D500001A80EF009F904A80EF006F907A80EF054
:104D600003F914B1044803F09BF80BB0F0BD00BF89
:104D7000CC92FF1F6896FF1F729E02002DE9F04340
:104D8000474C484D884600218FB081461746204643
:104D90000A460FF024FD05A80EF0DFF808A80EF073
:104DA000DCF80BA80EF0D9F82B7804F11400DB0125
:104DB0004FF0011163600EF043F900284FD13A4ED5
:104DC0002A7804F12C00314692010EF094F9002863
:104DD00045D12A78920104F13800B1180EF08BF910
:104DE00000283CD104F1080004F12C0104F1380240
:104DF0000EF059FC98BB05A804F12C0101220EF01D
:104E00003CFC60BB08A804F1380101220EF035FC1F
:104E100028BB0BA805A908AA0EF045FCF8B904F1B7
:104E2000200004F114010BAA0FF072F9B8B904F1D3
:104E3000440004F1200105AA0EF072FE78B904F1D5
:104E4000500004F1200108AA0EF06AFE38B904F1FE
:104E50005C00A0F12401A0F130020FF059F905A87F
:104E60000EF082F808A80EF07FF80BA80EF07CF880
:104E70000B480FF0C1FC024670B90C49CDF8009008
:104E80001346CDF80480029705480FF06FFF0446E3
:104E9000034810F02BF920460FB0BDE8F08300BFA7
:104EA000BC95FF1FFC91FF1FCC92FF1F2146000005
:104EB000084100F001007047F0B50025ECB20B1B73
:104EC0000444DBB2E4B29C4205F1010504D2165D54
:104ED000D75C1755D654F1E7F0BDFFFF08B517486A
:104EE0000021412223F006FE154B1B78012B05D132
:104EF00012481449BDE808400AF0A8BA022B02D1B2
:104F00000CF0BEF903E0032B08D10CF0BDF902460A
:104F10000A490C48BDE808400CF0BDBA042B0BD17F
:104F200000201F21074AFFF7C7FF04480549002258
:104F3000BDE8084008F072BB08BD00BF7895FF1FB0
:104F4000FC91FF1FAC92FF1F38B5144D0446407909
:104F500005F008FC2B78012B05D1A379042B02D195
:104F60002B70FFF7BBFF2B78042B04D0012B14BF51
:104F70004021202100E0202101221346084802F0B0
:104F800077FD00214022064823F0B4FD05480021AA
:104F90002022BDE8384023F0ADBD00BFFC91FF1FCB
:104FA0007895FF1FAC92FF1F38B505462C4608F0D8
:104FB0003DFE044B44F8783B204609F0BBFF6C6093
:104FC000284638BD189D02002DE9F04FADF5097D4A
:104FD00002AF044607F1A0009A468846164609F03B
:104FE00049FD07F1A00009F0EFFC073020F00700B1
:104FF000ADEB000D07F1A00009F0E6FC07F58C7998
:10500000FF22BAFBF0FB0021484623F073FD02ADFE
:105010000022954B13441B79022B19D107F1300064
:105020007A60FCF759FF07F1300049467A68FCF7CF
:105030007DFF07F130004946FCF799FF74B921461E
:1050400007F11000212223F055FD07F1100405E0BF
:10505000FF2AE3D009F802300132DAE7214607F1EE
:10506000A000212209F085FE4146202207F1A00080
:1050700009F0EEFD07F1A00009F0A6FC214621226F
:1050800000902B4607F1A00009F08CFE07F1A0006C
:1050900009F09AFC00F1210300F12008283020F0EB
:1050A0000700ADEB000D02ACFB60012304F80830F3
:1050B00007F1A00009F088FC07F59C7E22184B46FA
:1050C00003CB734510605160994602F10802F6D196
:1050D00007F1A00009F078FC2946024607F1A0007C
:1050E00009F047FE07F1A00009F06EFC212221180B
:1050F00007F1A00009F0ACFD07F1A00009F064FC85
:10510000814607F1A00009F05FFC4A46294600905D
:10511000334607F1A00009F045FE14F808300133CA
:1051200004F8083007F1A00009F04EFC31460246B1
:10513000204616F0E9FC4FF00109D94507F1A0001F
:105140003EDA09F041FC2946024607F1A00009F0C9
:1051500010FE2146FA6807F1A00009F079FD07F179
:10516000A00009F031FC024607F1A0007A6009F0C6
:105170002BFC09FB006307F1A000BB6009F024FCD5
:1051800000907A68BB68294607F1A00009F00AFE82
:1051900014F80830013304F8083007F1A00009F0D2
:1051A00013FC09FB006107F1A000B96009F00CFCD9
:1051B000B9680246204616F0A7FC09F10109BCE7D0
:1051C00009F002FCBAFBF0F303FB10A000283DD06D
:1051D00007F1A00009F0F8FB073020F00700E946CE
:1051E000ADEB000D07F1A00009F0EEFB0BFB10AAE0
:1051F00007F1A00009F0E8FB2946024607F1A000EC
:1052000009F0B7FD2146FA6807F1A00009F020FD7A
:1052100007F1A00009F0D8FB044607F1A00009F04F
:10522000D3FB0DF10808009029462246434607F1BA
:10523000A00009F0B7FD07F1A00009F0C5FB414649
:105240000BFB0060524616F05FFCCD4607F1A00054
:1052500009F0EAFB07F1A00009F0F2FB07F5077778
:10526000BD46BDE8F08F00BF1C9CFF1F70B5064611
:105270009CB00D461446CAB9842005F073FA214645
:105280004122134823F036FC6846FCF725FE6846A9
:1052900010492022FCF74AFE684629462022FCF7E6
:1052A00045FE68460B49FCF762FE0AE0802A08D1F9
:1052B000104605F057FA074928460A462023FFF70B
:1052C00083FE054B1E70FFF709FE1CB070BD00BFCA
:1052D0007895FF1FAC92FF1FFC91FF1F10B504468D
:1052E0004079042809D8A3794BB905F08FFAF8B1B1
:1052F0002046BDE81040FFF7C7B9742807D805F06D
:1053000031FAA8B12046BDE81040FFF71DBE842841
:105310000ED1A07904280BD8E11D0022FFF7A6FFCB
:105320000022044840211346BDE8104002F0A0BB13
:1053300010BD00BF7895FF1F2DE9F043654C664E08
:10534000664D236831787278F1B00746009328687B
:10535000634B05F0BDF94EA80021882223F0CAFB5B
:10536000604B4E93604B4F93604B50937879402342
:10537000519320235293C8282EAB5393B04632D971
:10538000C92804D121682B682039012005E0CA28EA
:1053900006D121682B6820390220194400221CE024
:1053A000CB2804D121682B6820390320F5E7D328C6
:1053B00004D121682B68203901200CE0D42804D1C5
:1053C00021682B682039022005E0D52807D1216803
:1053D0002B682039032019448022FFF747FF2368F8
:1053E000203B236005E0A0F165030F2B6ED805F08C
:1053F000B9F92268DFF8DC903D4F202A12AE01D0C7
:10540000402A04D102A8296816F07EFB12E030463B
:10541000FCF762FD30462968D9F80020FCF786FDCC
:10542000304602A9FCF7A3FD3B78012B1CBF2023CB
:10543000C9F800302F4A242313703B78012B1746FC
:1054400008D12368009330462B492C4A2B6809F079
:1054500079FF10E0022B02D10BF012FF03E0032BC7
:1054600009D10BF011FF019000962348226802A990
:105470004EAB0CF050F8F62398F802203B70204B0E
:10548000012A1A7030464FF0400103D1134602F052
:10549000EFFA05E00122134602F0EAFA02F0A0FF5B
:1054A000552002F0B5FE286800214FF4806223F0F9
:1054B00021FB00214122114823F01CFB0E48002152
:1054C000202271B0BDE8F04323F014BB71B0BDE8F9
:1054D000F08300BF4CBAFF1F999BFF1FB88CFF1FC2
:1054E0001091FF1F4D6F0100536F0100596F0100B4
:1054F000FC91FF1FD5B9FF1FAC92FF1F7895FF1FCE
:10550000D8B9FF1F08B5094B197821B90A4605F02B
:1055100081F8F82206E0042903D1BDE80840FFF72E
:105520000BBF2322024B1A7008BD00BF00BAFF1F39
:10553000D5B9FF1F10B504461A480BF09BFE6079E1
:1055400064280DD805F062F9174B1B780BB9174882
:1055500019E0420616D52046BDE81040FFF7EAB92B
:1055600000F13702D2B2032A14D9A0F165020F2A42
:1055700015D805F0F7F8C0B20B4B1B78002BE6D01E
:10558000430607D40A4802F08BFC0020BDE8104017
:1055900002F03EBE2046BDE81040FFF7B3BF00203A
:1055A000EAE700BFF58B0000FC91FF1F909E020010
:1055B000AE9E02002DE9F04194B00446002103A8FC
:1055C000412223F097FA5B4B1E7846B932462046BB
:1055D000314605F01FF8584BF9221A70A7E0042E47
:1055E00040F0A580DFF87081544F554DD8F8003059
:1055F00039787A7828680093524B05F069F8607919
:10560000C928444632D9CA2804D121682B682039D8
:10561000022005E0CB2806D121682B682039032021
:10562000194400221CE0CC2804D121682B682039C1
:105630003046F5E7D42804D121682B6820390220B0
:105640000CE0D52804D121682B682039032005E01F
:10565000D62807D121682B6820393046194480228A
:10566000FFF704FE2368203B236005E0A0F16502FC
:105670000F2A5CD805F076F8334B1A78911E012971
:105680009CBF64321A701B78012B06D12E4B04226A
:105690001A702026FFF722FC00E040262268212A0B
:1056A00001D0412A05D129682848013A22600131F8
:1056B00005E0202A01D0402A03D12448296816F0A9
:1056C00023FA1D4A232313702368402B144601D06C
:1056D000202B03D11D4803A9FEF7E2FFF623BA7879
:1056E00023701B4B012A1A7003A8314603D11346BD
:1056F00002F0BEF905E00122134602F0B9F902F00A
:105700006FFE552002F084FD286800214FF480626E
:1057100023F0F0F9002141220C4823F0EBF90D4869
:105720000021202214B0BDE8F04123F0E3B914B009
:10573000BDE8F08100BAFF1FD5B9FF1F999BFF1F7D
:10574000B88CFF1F1091FF1FFC91FF1F7895FF1F62
:10575000D8B9FF1FAC92FF1F4CBAFF1F10B504460B
:105760001A480BF087FD607964280DD805F04EF8D3
:10577000174B1B780BB9174819E0820616D520463F
:10578000BDE81040FFF724BA00F13702D2B2032A75
:1057900014D9A0F165020F2A15D804F0E3FFC0B2B6
:1057A0000B4B1B78002BE6D0830607D40A4802F087
:1057B00077FB0020BDE8104002F02ABD2046BDE87E
:1057C0001040FFF7F7BE0020EAE700BFF58B0000AE
:1057D000FC91FF1F909E0200D19E0200F0B55D4B30
:1057E0005D4E1B7896F84050042B89B0344640F04B
:1057F000AF80304603F0AEFA074660B93946092259
:10580000564823F077F930463946502209B0BDE8B2
:10581000F04023F06FB9524B0022382D1A701E460B
:1058200001D1812002E0302D03D1822004F09AFFC3
:1058300006E06B1E172B03D84A48294604F054FF94
:10584000494B1B7853B9EA180DF803200133202B7C
:10585000F9D1002069460246FFF708FD94F8392087
:105860000323202A33703C4B17D193F83A20202A87
:1058700013D193F83B20202A0FD193F83C20202A03
:105880000BD193F83D20202A07D193F83E20202AFF
:1058900003D193F83F60202E07D03F22A35C13B9B9
:1058A000013A0E2AFAD10132D6B2304D2D4928469E
:1058B0001422FDF76CF82B6827495B6832462846AE
:1058C00098472846FDF7A0F86A46034600F11006FF
:1058D00018685968154603C50833B3422A46F7D1FC
:1058E00018682860202200211E4823F003F91421A3
:1058F00068460BF037FFBDF80420A28008AA0546D1
:1059000052F8191D00989DF8063020601848A160D3
:10591000A37191889279C023E3718271C122818041
:10592000E27308AA103052F8121D2161928820F803
:10593000042CC222E2750021382223F0DBF8E84370
:1059400080B2C323A075E37700124B232076237720
:1059500009B0F0BD00BAFF1F71BBFF1F5DBAFF1F8A
:10596000D8B9FF1FAC92FF1FFC91FF1F3091FF1FA2
:1059700079BBFF1F2DE9F04FB5B00C460DF11008B3
:10598000002106469246404618229B4623F0B2F874
:1059900020686168434603C3BBF1010FA06818602B
:1059A00076D19DF811309DF810501D4405F0030587
:1059B00005F5B4551035AD000FCD0AAC0FC495E810
:1059C0000F0084E80F00142112A809F069FF0AAF44
:1059D000002312A80293039309F035FF394612A859
:1059E000202209F0BFFE414612A8082209F00AFF52
:1059F00002A912A8082209F063FF6FF002019AFBC6
:105A0000F1F1514403239AFBF3FA314412A85346AF
:105A10000A460AF049F89DF811309DF810401C44E0
:105A200004F0030404F5B4541834A4000FCCB946B0
:105A3000A9E80F0094E80F004FEAEA7589E80F0023
:105A4000314652462B46CDF80080019730460FF084
:105A500055FE9DF811309DF810E09E440EF0030EA7
:105A60000EF5B55E4FEA8E0EBEE80F00BC46ACE800
:105A70000F009EE80F0089E80F0006EB0A00CDF842
:105A800000800197014652462B460FF0ADFE28E1FB
:105A9000BBF1020F52D19DF811309DF810501D44FA
:105AA00005F0030505F5B455AD000FCD0AAC0FC4E4
:105AB00095E80F0084E80F00142112A809F0F0FE09
:105AC0000AAF002312A80293039309F0BCFE3946E3
:105AD00012A8202209F046FE414612A8082209F029
:105AE00091FE02A912A8082209F0EAFE9AFBFBFB2C
:105AF00012A8314632465B4609F0D6FF9DF81130B8
:105B00009DF810501D4405F0030505F5B455083502
:105B1000AD000FCD3C460FC495E80F00CBEB0A0A51
:105B200084E80F0006EB0A00CDF8008001970146DB
:105B30005A464FEAEB730FF0E1FDD2E0BBF1030FE1
:105B400076D19DF811309DF810401C4404F00304F8
:105B500004F5B554A4000FCC0DF12809A9E80F00F5
:105B600094E80F009AFBFBFB89E80F000AAF4FEAAD
:105B7000EB7506EB0B002B4601465A46CDF800802C
:105B800001970FF031FE9DF811309DF810E09E4412
:105B90000EF0030E0EF5B45E0EF1180E4FEA8E0EE7
:105BA000BEE80F00BC46ACE80F009EE80F0089E895
:105BB0000F002B4631465A46CDF8008001973046FB
:105BC0000FF09CFD9DF811309DF810401C4404F02E
:105BD000030404F5B4541034A4000FCC3D460FC5A3
:105BE00094E80F0089E80F00142112A809F058FE6C
:105BF000002312A80293039309F025FE39462022C0
:105C000012A809F0AFFD4146082212A809F0FAFDDA
:105C100002A9082212A809F053FE6FF002019AFBB4
:105C2000F1F18A4406EB0A0112A80A465B4656E0E7
:105C3000BBF1040F58D19DF811309DF810501D4450
:105C400005F0030505F5B4550835AD000FCD0AACD8
:105C50000FC495E80F0084E80F0002239AFBF3F0CD
:105C6000C0EB0A000DF128099AFBF3FA3044014613
:105C700052464FEAEA73CDF80080CDF804900FF059
:105C80003DFD9DF811309DF810501D4405F00305B1
:105C900005F5B455AD000FCD4F460FC795E80F0081
:105CA00084E80F00142112A809F0FAFD002312A8BD
:105CB0000293039309F0C7FD4946202212A809F078
:105CC00051FD4146082212A809F09CFD02A90822B4
:105CD00012A809F0F5FD12A831463246534609F0E4
:105CE0003BFD12A809F0BEFD35B0BDE8F08F30B520
:105CF00045F6B0359DF80C402D7805F0FD05012DD9
:105D000004D11CB1BDE83040FFF734BE30BDFFFF09
:105D100010B5054B044640F82C3B09F079F82046B5
:105D200009F0B6FC204610BD589D02002DE9F04157
:105D3000CAB005460BAC68460E4690461F4609F0B1
:105D4000D9FC0F4B0093204609F0F4F86846019403
:105D500009F0BBFC41466846202209F071FC31463F
:105D60006846102209F07FFC684629462A463B46D1
:105D700009F010FC6846FFF7CBFF4AB0BDE8F081A0
:105D8000589D02002DE9F041CAB005460BAC6846AB
:105D90000E4690461F4609F0ADFC0F4B009320467F
:105DA00009F0C8F86846019409F08FFC414668463E
:105DB000202209F045FC31466846102209F053FCC8
:105DC000684629462A463B4609F00FFC6846FFF71D
:105DD0009FFF4AB0BDE8F081589D020010B504460F
:105DE000FFF796FF204620F0C9FF204610BDFFFFB9
:105DF00010B5054B044640F8783B09F009F82046F9
:105E000007F092FE204610BD189D02002DE9F043D8
:105E1000ADF5257D06460C4646A898461546AC9F2E
:105E2000FFF7C2F88DF8084003AC0C2120468DF82E
:105E3000095000F019FB0EA8FCF74EF80EA82146F9
:105E40000C22FCF773F80EA802A90222FCF76EF8E8
:105E500006AD0EA820222B49FCF768F80EA82946AB
:105E6000FCF785F895E8070084E807002AA8FCF706
:105E700033F82AA841461022FCF758F82AA802A9AC
:105E80000222FCF753F82AA820221E49FCF74EF8FC
:105E90002AA82946FCF76BF8237803F00103002BAE
:105EA0004FF001080CBF0223434621463A463046D4
:105EB000CDF800800CBFC1464FF00209FFF717FF75
:105EC00046A807F08FFD294646A8202207F09DFD31
:105ED000214646A80C2207F025FD46A83146324649
:105EE0003B4607F0B9FC304621463A464B46CDF8D2
:105EF0000080FFF7FCFE46A8FFF77AFF0DF5257D31
:105F0000BDE8F0836090FF1F2DE9F043ADF5257DDE
:105F100006460C4646A898461546AC9FFFF744F83F
:105F20008DF8084003AC0C2120468DF8095000F094
:105F30009BFA0EA8FBF7D0FF0EA821460C22FBF718
:105F4000F5FF0EA802A90222FBF7F0FF06AD0EA88E
:105F500020222C49FBF7EAFF0EA82946FCF707F898
:105F600095E8070084E807002AA8FBF7B5FF2AA8F0
:105F700041461022FBF7DAFF2AA802A90222FBF70A
:105F8000D5FF2AA820221F49FBF7D0FF2AA82946BF
:105F9000FBF7EDFF237803F00103002B4FF001081E
:105FA0000CBF0323042321463A463046CDF8008037
:105FB0000CBF4FF004094FF00309FFF798FE46A805
:105FC00007F010FD294646A8202207F01EFD2146B5
:105FD00046A80C2207F0A6FC46A8314632463B46AE
:105FE00007F0BFFD304621463A464B46CDF80080CB
:105FF000FFF77DFE46A8FFF7FBFE0DF5257DBDE80A
:10600000F08300BF6090FF1F2DE9F0430C46E1B024
:10601000054602A81E4691469DF8A071FEF7C4FFF2
:106020002378009703F00103002B0CBF0223012308
:106030002146324628460CBF4FF001084FF00208B7
:10604000FFF755FE02A807F0CDFC494602A8202222
:1060500007F0DBFC214602A80C2207F063FC02A833
:1060600029462A46334607F0F7FB284621463246A2
:1060700043460097FFF73BFE02A8FFF7B9FE61B069
:10608000BDE8F0832DE9F0430C46E1B0054602A8D7
:106090001E4691469DF8A071FEF786FF2378009773
:1060A00003F00103002B0CBF0323042321463246D7
:1060B00028460CBF4FF004084FF00308FFF717FE07
:1060C00002A807F08FFC494602A8202207F09DFC99
:1060D000214602A80C2207F025FC02A829462A46E0
:1060E000334607F03EFD2846214632464346009798
:1060F000FFF7FDFD02A8FFF77BFE61B0BDE8F0836E
:1061000070B586B0164605460C4603A800210C2241
:1061100022F0F0FC46B100230093284603A9074A69
:106120002346FFF7AFFF06E00096284603A9034A7F
:106130002346FFF769FF06B070BD00BFF2DEFF1F08
:1061400010B50446FFF754FE204620F017FE204607
:1061500010BDFFFF10B5064C06492046FBF7AEFF09
:1061600020460549FBF7AAFF044B0020187010BD1C
:106170008490FF1F34BBFF1F50BBFF1F55BAFF1F8A
:1061800038B5434B434C1D78012D12D100210A46EE
:10619000207809F061FE002102463F4809F040FEE8
:1061A00000210A46207809F057FE294602463A485F
:1061B00058E02B2D0FD8207840080146002209F026
:1061C0004BFE00210246344809F02AFE20784008A0
:1061D0000146002241E0552D0CD8002021780246CE
:1061E00009F03AFE002102462B4809F019FE002072
:1061F000217831E0802D0FD8217849080A46002007
:1062000009F02AFE00210246234809F009FE217800
:10621000490800200A4620E0AA2D0DD8002001469A
:10622000227809F019FE002102461B4809F0F8FD0A
:1062300000200146227810E0D52D15D8207840089E
:106240000021024609F008FE00210246124809F02A
:10625000E7FD207800214008024609F0FDFD0246D6
:106260000D48012109F0DCFD0B4809F03FFD2378C2
:106270000833DBB223704BB908480949FBF71EFF0E
:1062800006480849BDE83840FBF749BF38BD00BFA4
:10629000D6B9FF1FF4BAFF1FE0BAFF1F8490FF1F9B
:1062A00034BBFF1F50BBFF1F13B54224204620F014
:1062B00021F902AB23440134462C03F8460CF5D1F6
:1062C000019802B010BD37B54224019002AB2344BF
:1062D000204613F8465C20F00DF9854203D0204695
:1062E000294620F01BF90134462CEFD103B030BD14
:1062F000034B002118604022024822F0FBBB00BF84
:10630000D8B9FF1F9E9BFF1F70B5044614F8010B00
:10631000C0B1FF28FAD00E4E1FF0A8FE3378032537
:1063200013FB03F393FBF5F0A84016F0C7FB1FF037
:10633000E9FE337813FB03F393FBF5F0A84016F066
:10634000BDFBE3E70348BDE8704020F0C7BC00BFD9
:10635000A48CFF1F00E5FF1F704710B542242046A4
:106360000021013420F0DAF8B4F5006FF7D110BD48
:1063700010B54FF46A342046002104F5006406F09D
:10638000F7FBB4F57E3FF6D110BD30B50023D41E27
:106390009C420DDDCC58240EC454CD58C4182D0C8D
:1063A0006570CD582D0AA570CD58E5700433EEE721
:1063B00030BDF7B50F461646C41C0025F31EAB4290
:1063C00007EB050004F1040416DD14F8062C14F89C
:1063D000053C120442EA032214F8043C1A4314F860
:1063E000073C02A942EA036241F8042D0022134649
:1063F00006F08EFB0435E1E703B0F0BD30B50D4685
:10640000ADF6040D04464FF4723168464FF4006255
:10641000013DFFF7BAFF2D01002300AA2A44E15CE9
:10642000D1540133102BF8D1237823B14FF47230BB
:10643000002106F09DFB68464FF472314FF4006274
:10644000FFF7B7FF0DF6040D30BD70B505460C46DD
:1064500016460846002106F08BFB284621463246A8
:10646000BDE87040FFF7A5BF10B50A464FF46C3188
:106470000446FFF78AFF00231846E15C0133202B16
:106480000844FAD1B0F5FF5018BF012010BDFFFF3E
:1064900030B5154BC1B0012205461A704FF46C316E
:1064A000FE226846FFF771FF104A2B4605F12001D6
:1064B00053F8040B42F8040B8B42F9D100242B5DF6
:1064C0000DF804300134202CF9D168464FF46C31BA
:1064D000FE22FFF7BAFF28464FF46C312246FFF741
:1064E00054FF41B030BD00BF5CBAFF1F9090FF1F4A
:1064F00010B5044608492022FFF747FF2378FF2BF9
:1065000007D16378FF2B04D1A078FF3818BF012092
:1065100010BD012010BD00BF20B0030010B504461F
:1065200008492022FFF731FF2378FF2B07D163783A
:10653000FF2B04D1A078FF3818BF012010BD012027
:1065400010BD00BF40B0030030B5C1B005464FF4E8
:106550006C316846FE22FFF718FF002400AB23448D
:106560002A5D83F840200134202CF7D168464FF48F
:106570006C31FE22FFF769FF28464FF46C3122464A
:10658000FFF703FF41B030BD10B504460849202293
:10659000FFF7FBFE2378FF2B07D16378FF2B04D195
:1065A000A078FF3818BF012010BD012010BD00BF2A
:1065B00060B0030010B5084920220446FFF7E5FE4D
:1065C00000231846E15C0133202B0844FAD1B0F5D2
:1065D000FF5018BF012010BD80B0030037B501394E
:1065E0000446172900F23F81DFE811F0180025006A
:1065F00031003D004900550061006D0079008500C3
:1066000091009D00A900B500C100CD00D900E500B2
:10661000F100FD000901150121012D010DF1070017
:10662000FCF760FE9DF807502046382DA8BF38259E
:106630004FF46E3112E10DF10700FCF75EFE9DF89C
:1066400007508A49382DA8BF3825204606E10DF1AC
:106650000700FCF75DFE9DF807508549382DA8BF5F
:1066600038252046FAE00DF10700FCF75CFE9DF8A6
:1066700007508049382DA8BF38252046EEE00DF19F
:106680000700FCF75BFE9DF807507B49382DA8BF3B
:1066900038252046E2E00DF10700FCF75AFE9DF890
:1066A00007507649382DA8BF38252046D6E00DF191
:1066B0000700FCF759FE9DF807507149382DA8BF17
:1066C00038252046CAE00DF10700FCF758FE9DF87A
:1066D00007506C49382DA8BF38252046BEE00DF183
:1066E0000700FCF757FE9DF807506749382DA8BFF3
:1066F00038252046B2E00DF10700FCF756FE9DF864
:1067000007506249382DA8BF38252046A6E00DF174
:106710000700FCF755FE9DF807505D49382DA8BFCE
:10672000382520469AE00DF10700FCF754FE9DF84D
:1067300007505849382DA8BF382520468EE00DF166
:106740000700FCF753FE9DF807505349382DA8BFAA
:106750003825204682E00DF10700FCF752FE9DF837
:1067600007504E49382DA8BF3825204676E00DF158
:106770000700FCF751FE9DF807504949382DA8BF86
:10678000382520466AE00DF10700FCF750FE9DF821
:1067900007504449382DA8BF382520465EE00DF14A
:1067A0000700FCF74FFE9DF807503F49382DA8BF62
:1067B0003825204652E00DF10700FCF74EFE9DF80B
:1067C00007503A49382DA8BF3825204646E00DF13C
:1067D0000700FCF74DFE9DF807503549382DA8BF3E
:1067E000382520463AE00DF10700FCF74CFE9DF8F5
:1067F00007503049382DA8BF382520462EE00DF12E
:106800000700FCF74BFE9DF807502B49382DA8BF19
:106810003825204622E00DF10700FCF74AFE9DF8DE
:1068200007502649382DA8BF3825204616E00DF11F
:106830000700FCF749FE9DF807502149382DA8BFF5
:10684000382520460AE00DF10700FCF748FE9DF8C8
:1068500007501C49382DA8BF382520463822FFF79D
:1068600094FD284600E0002003B030BD38B8030096
:1068700070B80300A8B80300E0B8030018B903001B
:1068800050B9030088B90300C0B90300F8B9030088
:1068900030BA030068BA0300A0BA0300D8BA0300F4
:1068A00010BB030048BB030080BB0300B8BB030060
:1068B000F0BB030028BC030060BC030098BC0300CD
:1068C000D0BC030008BD030070B5ADF6080D154639
:1068D00006460C4602A84FF46E314FF40062FFF7F3
:1068E00054FD013D38206843002302AA0244F15CB4
:1068F000D1540133382BF8D14FF46E30002106F01B
:1069000037F9172D00F2B181DFE815F018002900E2
:106910003A004B005C006D007E008F00A000B100CB
:10692000C200D300E400F500060117012801390177
:106930004A015B016C017D018E019F0102A84FF4A9
:106940006E314FF40062FFF734FD382CA8BF3824B5
:106950000DF107008DF80740FCF7CBFC85E102A89C
:106960004FF46E314FF40062FFF723FD382CA8BFBF
:1069700038240DF107008DF80740FCF7C5FC74E1E1
:1069800002A84FF46E314FF40062FFF712FD382C6D
:10699000A8BF38240DF107008DF80740FCF7BFFCB5
:1069A00063E102A84FF46E314FF40062FFF701FD7E
:1069B000382CA8BF38240DF107008DF80740FCF7EC
:1069C000B9FC52E102A84FF46E314FF40062FFF7B8
:1069D000F0FC382CA8BF38240DF107008DF80740D3
:1069E000FCF7B3FC41E102A84FF46E314FF40062B2
:1069F000FFF7DFFC382CA8BF38240DF107008DF815
:106A00000740FCF7ADFC30E102A84FF46E314FF4C3
:106A10000062FFF7CEFC382CA8BF38240DF1070028
:106A20008DF80740FCF7A7FC1FE102A84FF46E3178
:106A30004FF40062FFF7BDFC382CA8BF38240DF1DD
:106A400007008DF80740FCF7A1FC0EE102A84FF407
:106A50006E314FF40062FFF7ACFC382CA8BF38242D
:106A60000DF107008DF80740FCF79BFCFDE002A844
:106A70004FF46E314FF40062FFF79BFC382CA8BF37
:106A800038240DF107008DF80740FCF795FCECE089
:106A900002A84FF46E314FF40062FFF78AFC382CE5
:106AA000A8BF38240DF107008DF80740FCF78FFCD4
:106AB000DBE002A84FF46E314FF40062FFF779FC7F
:106AC000382CA8BF38240DF107008DF80740FCF7DB
:106AD00089FCCAE002A84FF46E314FF40062FFF760
:106AE00068FC382CA8BF38240DF107008DF807404A
:106AF000FCF783FCB9E002A84FF46E314FF400625A
:106B0000FFF757FC382CA8BF38240DF107008DF88B
:106B10000740FCF77DFCA8E002A84FF46E314FF46B
:106B20000062FFF746FC382CA8BF38240DF107009F
:106B30008DF80740FCF777FC97E002A84FF46E3120
:106B40004FF40062FFF735FC382CA8BF38240DF154
:106B500007008DF80740FCF771FC86E002A84FF4AF
:106B60006E314FF40062FFF724FC382CA8BF3824A4
:106B70000DF107008DF80740FCF76BFC75E002A8EB
:106B80004FF46E314FF40062FFF713FC382CA8BFAE
:106B900038240DF107008DF80740FCF765FC64E030
:106BA00002A84FF46E314FF40062FFF702FC382C5C
:106BB000A8BF38240DF107008DF80740FCF75FFCF3
:106BC00053E002A84FF46E314FF40062FFF7F1FB7F
:106BD000382CA8BF38240DF107008DF80740FCF7CA
:106BE00059FC42E002A84FF46E314FF40062FFF707
:106BF000E0FB382CA8BF38240DF107008DF80740C2
:106C0000FCF753FC31E002A84FF46E314FF4006200
:106C1000FFF7CFFB382CA8BF38240DF107008DF803
:106C20000740FCF74DFC20E002A84FF46E314FF412
:106C30000062FFF7BEFB382CA8BF38240DF1070017
:106C40008DF80740FCF747FC0FE002A84FF46E31C7
:106C50004FF40062FFF7ADFB382CA8BF38240DF1CC
:106C600007008DF80740FCF741FC0DF6080D70BDDC
:106C700037B501390446172900F23F81DFE811F0EA
:106C80001800250031003D004900550061006D00ED
:106C90007900850091009D00A900B500C100CD00DC
:106CA000D900E500F100FD000901150121012D01C8
:106CB0000DF10700FCF70EFA9DF807502046382D1D
:106CC000A8BF38254FF4703112E10DF10700FCF731
:106CD0000CFA9DF807508A49382DA8BF3825204660
:106CE00006E10DF10700FCF70BFA9DF80750854906
:106CF000382DA8BF38252046FAE00DF10700FCF733
:106D00000AFA9DF807508049382DA8BF382520463B
:106D1000EEE00DF10700FCF709FA9DF807507B49FA
:106D2000382DA8BF38252046E2E00DF10700FCF71A
:106D300008FA9DF807507649382DA8BF3825204617
:106D4000D6E00DF10700FCF707FA9DF807507149EE
:106D5000382DA8BF38252046CAE00DF10700FCF702
:106D600006FA9DF807506C49382DA8BF38252046F3
:106D7000BEE00DF10700FCF705FA9DF807506749E2
:106D8000382DA8BF38252046B2E00DF10700FCF7EA
:106D900004FA9DF807506249382DA8BF38252046CF
:106DA000A6E00DF10700FCF703FA9DF807505D49D6
:106DB000382DA8BF382520469AE00DF10700FCF7D2
:106DC00002FA9DF807505849382DA8BF38252046AB
:106DD0008EE00DF10700FCF701FA9DF807505349CA
:106DE000382DA8BF3825204682E00DF10700FCF7BA
:106DF00000FA9DF807504E49382DA8BF3825204687
:106E000076E00DF10700FCF7FFF99DF807504949BE
:106E1000382DA8BF382520466AE00DF10700FCF7A1
:106E2000FEF99DF807504449382DA8BF3825204663
:106E30005EE00DF10700FCF7FDF99DF807503F49B2
:106E4000382DA8BF3825204652E00DF10700FCF789
:106E5000FCF99DF807503A49382DA8BF382520463F
:106E600046E00DF10700FCF7FBF99DF807503549A6
:106E7000382DA8BF382520463AE00DF10700FCF771
:106E8000FAF99DF807503049382DA8BF382520461B
:106E90002EE00DF10700FCF7F9F99DF807502B499A
:106EA000382DA8BF3825204622E00DF10700FCF759
:106EB000F8F99DF807502649382DA8BF38252046F7
:106EC00016E00DF10700FCF7F7F99DF8075021498E
:106ED000382DA8BF382520460AE00DF10700FCF741
:106EE000F6F99DF807501C49382DA8BF38252046D3
:106EF0003822FFF74AFA284600E0002003B030BDF0
:106F000038C0030070C00300A8C00300E0C0030045
:106F100018C1030050C1030088C10300C0C10300B1
:106F2000F8C1030030C2030068C20300A0C203001E
:106F3000D8C2030010C3030048C3030080C303008A
:106F4000B8C30300F0C3030028C4030060C40300F7
:106F500098C40300D0C4030008C5030070B5ADF6A3
:106F6000080D154606460C4602A84FF470314FF442
:106F70000062FFF70AFA013D38206843002302AAA5
:106F80000244F15CD1540133382BF8D14FF4703006
:106F9000002105F0EDFD172D00F2B181DFE815F0BD
:106FA000180029003A004B005C006D007E008F0045
:106FB000A000B100C200D300E400F50006011701F3
:106FC000280139014A015B016C017D018E019F019D
:106FD00002A84FF470314FF40062FFF7EAF9382C41
:106FE000A8BF38240DF107008DF80740FCF779F8A9
:106FF00085E102A84FF470314FF40062FFF7D9F930
:10700000382CA8BF38240DF107008DF80740FCF795
:1070100073F874E102A84FF470314FF40062FFF787
:10702000C8F9382CA8BF38240DF107008DF80740A7
:10703000FCF76DF863E102A84FF470314FF4006281
:10704000FFF7B7F9382CA8BF38240DF107008DF8E9
:107050000740FCF767F852E102A84FF470314FF493
:107060000062FFF7A6F9382CA8BF38240DF10700FD
:107070008DF80740FCF761F841E102A84FF4703148
:107080004FF40062FFF795F9382CA8BF38240DF1B2
:1070900007008DF80740FCF75BF830E102A84FF4D9
:1070A00070314FF40062FFF784F9382CA8BF382400
:1070B0000DF107008DF80740FCF755F81FE102A815
:1070C0004FF470314FF40062FFF773F9382CA8BF0A
:1070D00038240DF107008DF80740FCF74FF80EE15A
:1070E00002A84FF470314FF40062FFF762F9382CB8
:1070F000A8BF38240DF107008DF80740FCF749F8C8
:10710000FDE002A84FF470314FF40062FFF751F92F
:10711000382CA8BF38240DF107008DF80740FCF784
:1071200043F8ECE002A84FF470314FF40062FFF72F
:1071300040F9382CA8BF38240DF107008DF807401E
:10714000FCF73DF8DBE002A84FF470314FF4006229
:10715000FFF72FF9382CA8BF38240DF107008DF860
:107160000740FCF737F8CAE002A84FF470314FF43B
:107170000062FFF71EF9382CA8BF38240DF1070074
:107180008DF80740FCF731F8B9E002A84FF47031F0
:107190004FF40062FFF70DF9382CA8BF38240DF129
:1071A00007008DF80740FCF72BF8A8E002A84FF481
:1071B00070314FF40062FFF7FCF8382CA8BF382478
:1071C0000DF107008DF80740FCF725F897E002A8BD
:1071D0004FF470314FF40062FFF7EBF8382CA8BF82
:1071E00038240DF107008DF80740FCF71FF886E002
:1071F00002A84FF470314FF40062FFF7DAF8382C30
:10720000A8BF38240DF107008DF80740FCF719F8E6
:1072100075E002A84FF470314FF40062FFF7C9F82F
:10722000382CA8BF38240DF107008DF80740FCF773
:1072300013F864E002A84FF470314FF40062FFF7D6
:10724000B8F8382CA8BF38240DF107008DF8074096
:10725000FCF70DF853E002A84FF470314FF40062D0
:10726000FFF7A7F8382CA8BF38240DF107008DF8D8
:107270000740FCF707F842E002A84FF470314FF4E2
:107280000062FFF796F8382CA8BF38240DF10700EC
:107290008DF80740FCF701F831E002A84FF4703197
:1072A0004FF40062FFF785F8382CA8BF38240DF1A1
:1072B00007008DF80740FBF7FBFF20E002A84FF422
:1072C00070314FF40062FFF774F8382CA8BF3824EF
:1072D0000DF107008DF80740FBF7F5FF0FE002A85E
:1072E0004FF470314FF40062FFF763F8382CA8BFF9
:1072F00038240DF107008DF80740FBF7EFFF0DF67E
:10730000080D70BD0B0607D4090101F5713101F5B7
:107310007C711022FFF739B870470B0601D4FFF7D4
:107320006DB8704737B501390446172900F240811E
:10733000DFE811F01800250031003D00490055003C
:1073400061006D007900850091009D00A900B500E5
:10735000C100CD00D900E600F200FE000A011601CE
:1073600022012E010DF10700FCF7C4F89DF807502B
:107370002046402DA8BF40254FF4743113E10DF194
:107380000700FCF7C4F89DF807508B49402DA8BFB3
:107390004025204607E10DF10700FCF7C5F89DF8F0
:1073A00007508649402DA8BF40252046FBE00DF13F
:1073B0000700FCF7C6F89DF807508149402DA8BF8B
:1073C00040252046EFE00DF10700FCF7C7F89DF8D7
:1073D00007507C49402DA8BF40252046E3E00DF131
:1073E0000700FCF7C8F89DF807507749402DA8BF63
:1073F00040252046D7E00DF10700FCF7C9F89DF8BD
:1074000007507249402DA8BF40252046CBE00DF122
:107410000700FCF7CAF89DF807506D49402DA8BF3A
:1074200040252046BFE00DF10700FCF7CBF89DF8A2
:1074300007506849402DA8BF40252046B3E00DF114
:107440000700FCF7CCF89DF807506349402DA8BF12
:1074500040252046A7E00DF10700FCF7CDF89DF888
:1074600007505E49402DA8BF402520469BE00DF106
:107470000700FCF7CEF89DF807505949402DA8BFEA
:10748000402520468FE00DF10700FCF7CFF89DF86E
:1074900007505449402DA8BF4025204683E00DF1F8
:1074A0000700FCF7D0F89DF807504F49402DA8BFC2
:1074B0004025204677E00DF10700FCF7D1F89DF854
:1074C00007504A49402DA8BF402520466BE00DF1EA
:1074D0000700FCF7D2F89DF807504549402DA8BF9A
:1074E000402520465FE00DF10700FCF7D3F89DF83A
:1074F00007502046402DA8BF40254FF4753152E07B
:107500000DF10700FCF7D3F89DF807503949402DDD
:10751000A8BF4025204646E00DF10700FCF7D4F84F
:107520009DF807503449402DA8BF402520463AE039
:107530000DF10700FCF7D5F89DF807502F49402DB5
:10754000A8BF402520462EE00DF10700FCF7D6F835
:107550009DF807502A49402DA8BF4025204622E02B
:107560000DF10700FCF7D7F89DF807502549402D8D
:10757000A8BF4025204616E00DF10700FCF7D8F81B
:107580009DF807502049402DA8BF402520460AE01D
:107590000DF10700FCF7D9F89DF807501B49402D65
:1075A000A8BF402520464022FEF7EFFE284600E017
:1075B000002003B030BD00BF40D0030080D00300E6
:1075C000C0D0030000D1030040D1030080D10300EC
:1075D000C0D1030000D2030040D2030080D20300D8
:1075E000C0D2030000D3030040D3030080D30300C4
:1075F000C0D3030040D4030080D40300C0D40300F0
:1076000000D5030040D5030080D50300C0D503009A
:1076100070B51546ADF6080D06460C4602A84FF4A7
:1076200074314FF40062013DFEF7AFFEA801002364
:1076300002AA0244F15CD1540133402BF8D14FF43B
:107640007430002105F094FA172D00F2B181DFE8C3
:1076500015F0180029003A004B005C006D007E0018
:107660008F00A000B100C200D300E400F5000601C5
:107670001701280139014A015B016C017D018E016E
:107680009F0102A84FF474314FF40062FEF791FE9F
:10769000402CA8BF40240DF107008DF80740FBF7F0
:1076A00031FF85E102A84FF474314FF40062FEF718
:1076B00080FE402CA8BF40240DF107008DF8074044
:1076C000FBF72DFF74E102A84FF474314FF4006210
:1076D000FEF76FFE402CA8BF40240DF107008DF887
:1076E0000740FBF729FF63E102A84FF474314FF420
:1076F0000062FEF75EFE402CA8BF40240DF107009B
:107700008DF80740FBF725FF52E102A84FF47431D2
:107710004FF40062FEF74DFE402CA8BF40240DF14F
:1077200007008DF80740FBF721FF41E102A84FF465
:1077300074314FF40062FEF73CFE402CA8BF402499
:107740000DF107008DF80740FBF71DFF30E102A89F
:107750004FF474314FF40062FEF72BFE402CA8BFAB
:1077600040240DF107008DF80740FBF719FF1FE1DA
:1077700002A84FF474314FF40062FEF71AFE402C59
:10778000A8BF40240DF107008DF80740FBF715FF57
:107790000EE102A84FF474314FF40062FEF709FEC7
:1077A000402CA8BF40240DF107008DF80740FBF7DF
:1077B00011FFFDE002A84FF474314FF40062FEF7B0
:1077C000F8FD402CA8BF40240DF107008DF80740BC
:1077D000FBF70DFFECE002A84FF474314FF40062A8
:1077E000FEF7E7FD402CA8BF40240DF107008DF8FF
:1077F0000740FBF709FFDBE002A84FF474314FF4B8
:107800000062FEF7D6FD402CA8BF40240DF1070012
:107810008DF80740FBF705FFCAE002A84FF474316A
:107820004FF40062FEF7C5FD402CA8BF40240DF1C7
:1078300007008DF80740FBF701FFB9E002A84FF4FD
:1078400074314FF40062FEF7B4FD402CA8BF402411
:107850000DF107008DF80740FBF7FDFEA8E002A838
:107860004FF474314FF40062FEF7A3FD402CA8BF23
:1078700040240DF107008DF80740FBF7F9FE97E073
:1078800002A84FF474314FF40062FEF792FD402CD1
:10789000A8BF40240DF107008DF80740FBF7F5FE67
:1078A00086E002A84FF474314FF40062FEF781FDC8
:1078B000402CA8BF40240DF107008DF80740FBF7CE
:1078C000F1FE75E002A84FF474314FF40062FEF748
:1078D00070FD402CA8BF40240DF107008DF8074033
:1078E000FBF7EDFE64E002A84FF474314FF4006240
:1078F000FEF75FFD402CA8BF40240DF107008DF876
:107900000740FBF7E9FE53E002A84FF474314FF44F
:107910000062FEF74EFD402CA8BF40240DF1070089
:107920008DF80740FBF7E5FE42E002A84FF4743102
:107930004FF40062FEF73DFD402CA8BF40240DF13E
:1079400007008DF80740FBF7E1FE31E002A84FF495
:1079500074314FF40062FEF72CFD402CA8BF402488
:107960000DF107008DF80740FBF7DDFE20E002A8CF
:107970004FF474314FF40062FEF71BFD402CA8BF9A
:1079800040240DF107008DF80740FBF7D9FE0FE00A
:1079900002A84FF474314FF40062FEF70AFD402C48
:1079A000A8BF40240DF107008DF80740FBF7D5FE76
:1079B0000DF6080D70BD10B50446FFF7B3FC04F1D9
:1079C000260000211A22BDE8104021F093B8F0B53E
:1079D00001389DF81460584300249C4207DA0D18C2
:1079E0000EB1002700E0175D2F550134F5E7F0BD1B
:1079F000034B1B78022B02D0024808F0E0BA704714
:107A000030BBFF1F689BFF1F08B5074BAA281870E3
:107A100002D1064BF6221A7005480649FAF77FFB99
:107A2000054B01221A7008BDD6B9FF1F999BFF1F95
:107A30008490FF1F34BBFF1F55BAFF1F08B50848CD
:107A40000849FAF73BFB0748FAF7CCFB064B1B78D3
:107A5000AA2B064B1CBF00221A7000225A7008BDC8
:107A60008490FF1FDCB9FF1FD6B9FF1F999BFF1F32
:107A7000F8B55E4B1C6805460E46D4B9B44280F298
:107A8000AA80321B3F2A05EB040109DD584B01F1A6
:107A9000400251F8040B43F8040B9142F9D102E083
:107AA000534814F031F8524800211EF07DFF403455
:107AB000E4E7504B1B78022B05D0012C03D1BDE825
:107AC000F8400FF0B1BA032C40F085804A4C2B6887
:107AD0002360AB88A380AB79A371C023E3712B46ED
:107AE000284653F8071FA1609988A1819B79A37349
:107AF000C123E3732B4653F80E1F21619988A1829D
:107B00009B79A375C223E3752B4653F8151FA1611A
:107B10009988A1839B79A377C323E3772B4653F8F6
:107B20001C1F21629988A1849B7984F82630C42384
:107B300084F827302B4653F8231FA1629988A1852A
:107B40009B7984F82E30C52384F82F302B4653F8C8
:107B50002A1F21639988A1869B7984F83630C62331
:107B600084F837302B4653F8311FA1639988A187D9
:107B70009B7984F83E30C72384F83F302B4653F876
:107B8000381F21649988A4F844109B7984F8463002
:107B9000C82384F8473095F83F3084F848304021B6
:107BA000C92384F84F3009F0DDFDC04387B20021BE
:107BB0000922124820F09EFF28460021402220F092
:107BC00099FF84F849704B233F1284F84A7084F877
:107BD0004C30FFF733FF0020FEF78AFB2846324681
:107BE0000021BDE8F84020F085BF00BFD8B9FF1FD5
:107BF0009E9BFF1F30BBFF1F71BBFF1F5DBAFF1FA6
:107C000070B5524B1B78022B86B0054601D100207F
:107C10009AE068460021172220F06CFF19240DF12C
:107C200002002146FFF76EFB7C23012D8DF80040FA
:107C30008DF801301DD10DF105000DF1020110226A
:107C400020F03DFF52238DF8003053238DF8013092
:107C500041238DF8023004F118038DF803302023FE
:107C60008DF80430684600238DF81530FEF74CFB84
:107C700017E0022D09D10022684615211346FFF7AF
:107C8000F7FE142014F01AFF0BE0032D09D10DF1BB
:107C900005002F49102220F003FF10B9183CE0B274
:107CA00052E00134E4B21D2CB9D1E6B20DF102006C
:107CB0003146FFF727FB7C23032D8DF800608DF8FC
:107CC000013009D10DF102002149102220F0E8FE17
:107CD000B0BB183EF0B237E0012D26D10DF1060001
:107CE0000DF10201102220F0EAFE45238DF800304C
:107CF000252C4FF043038DF801308DF8023004DC61
:107D000030238DF80330143603E031238DF803302F
:107D10000A3620238DF80530684600238DF804606C
:107D20008DF81630FEF7F0FA0AE0022D08D1002295
:107D3000684616211346FFF79BFE142014F0BEFE82
:107D400001342D2CB1D162E706B070BD30BBFF1FEE
:107D500012BAFF1F2DE9F04389B01B22064600210D
:107D600001A820F0C7FE474B1B78002B464B1A7822
:107D700014BF4FF00C084FF00008092A994614BFB1
:107D80000C2718270124E5B205EB08010DF10600C8
:107D9000C9B2FFF7B7FA092CC6BFAB1D8DF8043086
:107DA0008DF804507C23012E8DF8053056D199F8BA
:107DB0000030092B33D1012C03D13448FEF7A4FA4B
:107DC00031E0072C03D13248FEF79EFA13E00D2C68
:107DD00003D13048FEF798FA15E0132C03D12E4852
:107DE000FEF792FA19E0032C1DDD062CD8BF2D35C5
:107DF0001EDD092C01DC2A3516E00C2CD8BF2735F6
:107E000016DD0F2C01DC24350EE0122CD8BF2135F5
:107E10000EDD152CC8BF1B350ADC1E3504E0062C10
:107E2000C8BF2A3504DC30358DF80450612302E0E8
:107E30008DF8045062230DF107000DF106011022A8
:107E40008DF8053020F03BFE20238DF8063001A888
:107E500000238DF81730FEF757FA08E0002201A83A
:107E600012211346FFF704FE142014F027FE0134FC
:107E7000BC4288DD012E02D10848FEF745FA09B060
:107E8000BDE8F08330BBFF1FB78CFF1FF59E0200DB
:107E9000FB9E0200009F0200079F02000E9F02004F
:107EA00010B50021044640220A4820F023FE00219C
:107EB000635C43B1402906D0FF2B064A08BF00236C
:107EC00053540131F4E7002202481346BDE8104044
:107ED000FFF7CEBD9E9BFF1F13B50DF10700FAF70C
:107EE000B1FEFEF73AFA9DF80730012B02D8FEF7F3
:107EF0003FFA11E0FEF73CFA02242046002101344B
:107F00001EF00CFB432CF8D1012001461EF006FBAD
:107F1000002001211EF002FB084B094800221A70C4
:107F2000084B01221A70FFF7BBFF642014F0C6FD56
:107F3000054A064B1A6002B010BD00BF5CBAFF1FB5
:107F40003E9F020099BAFF1F0400FA050CED00E005
:107F50000148FAF747B900BFF09BFF1F01480249EB
:107F6000FAF7ACB88490FF1FF09BFF1FC043C2B26A
:107F7000542A07D8A2EB8200013802EB4202C0B2B9
:107F800000210AE0A92A0AD8553AD2B202EB4201EE
:107F9000A2EB8202013A0020C9B2D2B209E0563205
:107FA000D2B202EB4200A2EB8202511EC0B2C9B2B1
:107FB000002207F051BF38B50A25002424201EF006
:107FC000FFFB0444012014F079FD013DF6D10A23A2
:107FD00094FBF3F4A4F5724441F28630313C8442C0
:107FE0008CBF0020012038BD08B50C4807F071FE99
:107FF0000B4B1B78092B0B4B1B780CBF0B2116214D
:108000001BB159430548C9B201E00448C90007F053
:1080100028FF0248BDE8084007F068BEE0BAFF1F2D
:10802000B78CFF1F15BBFF1F10B5044670B9014682
:10803000024607F011FF214602461D4807F0F0FEF8
:1080400020462146224607F007FF11E0552815D1AA
:10805000184C20685530C0B2FFF788FF0021024657
:10806000134807F0DDFE20685530C0B2FFF77EFFF1
:10807000024601210E4807F0D3FE10E0FFF776FF1D
:10808000002102460A4807F0CBFE2046FFF76EFFAC
:1080900001210246064807F0C3FE074B1C70044846
:1080A00007F024FE0120BDE8104014F007BD00BF1A
:1080B000E0BAFF1FCCBAFF1FD6B9FF1F38B505467F
:1080C0000024AC420EDA084B1878FFF7ADFF6420AD
:1080D00014F0F4FC0020FFF7A7FF642014F0EEFC7E
:1080E0000134EEE738BD00BFD6B9FF1FF8B5877978
:1080F000467900214022054620F0FCFC0A2F344638
:108100000CD15EB9E81DFBF734FB05F11700FBF756
:108110006AFB05F11D00FBF771FB5DE0731E172B79
:108120005AD8304B1B781BB10C2ED8BF06F10C046B
:108130000735E6B231462846FFF7EFF82A48FFF741
:10814000AFFE224600212846FEF7BEFB2748FFF778
:10815000A7FE21462846FBF76BFE2548FFF7A0FE49
:1081600021462846FBF7F0FE2248FFF799FE2246FB
:1081700000212846FEF7F2FE1F48FFF791FE214638
:108180002846FBF76DFF1D48FFF78AFE22460021B7
:108190002846FBF795FC1A48FFF782FE2146284641
:1081A000FCF702F81748FFF77BFE21462846FCF74C
:1081B000B7F81548FFF774FE002122462846FFF75E
:1081C00027FA1248FFF76CFE00202146FCF7A8F8BA
:1081D00000203146FBF7E8FA0120BDE8F840FFF740
:1081E0006DBF00BF30BBFF1F5F9F0200789F020082
:1081F0008F9F0200B89F0200D39F0200EF9F0200F2
:108200000AA0020026A0020041A002005DA0020018
:1082100010B504460A48F9F7E5FFFFF70FFC64B90B
:1082200008480949F9F74AFF06480849F9F746FF9F
:108230005520BDE81040FFF7F7BE054B1C7010BD80
:10824000A8BAFF1F8490FF1F34BBFF1F50BBFF1F46
:10825000D6B9FF1F38B5574C574B22781D78083ACE
:10826000D2B2012D227012D1002110460A4607F029
:10827000F3FD00210246514807F0D2FD00210A46D5
:10828000207807F0E9FD294602464C4814E02B2DE2
:1082900015D850080146002207F0DEFD00210246F5
:1082A000464807F0BDFD207840080146002207F04F
:1082B000D3FD02464148012107F0B2FD49E0552DAA
:1082C0000DD800201146024607F0C6FD00210246E7
:1082D0003A4807F0A5FD002021780246E7E7802D07
:1082E0000ED851080A46002007F0B6FD00210246CC
:1082F000324807F095FD2178490800200A46D6E764
:10830000AA2D0CD80020014607F0A6FD0021024648
:108310002A4807F085FD002001462278C7E7D52DC1
:1083200017D850080021024607F096FD00210246AA
:10833000224807F075FD207840080021024607F02A
:108340008BFD012102461D4807F06AFD1B4807F01E
:10835000CDFC257865BB1A481A491B4CF9F7AEFECF
:1083600017481A49F9F7DBFEE37903F15F02D2B24D
:108370000E2A1DD8A12B19D10120FFF749FF502249
:108380001348294620F0B6FB124AE5711278A27113
:108390000223114A6370A3700323E3702371637196
:1083A00013700E4B25721D705D7038BD013BE3717B
:1083B00038BD00BFF4BAFF1FD6B9FF1FE0BAFF1FD8
:1083C0008490FF1F50BBFF1FAC8CFF1F34BBFF1FEF
:1083D00071BBFF1FB68CFF1FB58CFF1F999BFF1F42
:1083E00010B5234B23480024214641F6B9521C60A6
:1083F00020F080FB214650221F4820F07BFB052205
:108400001E48214620F076FB1D4B1E48DA79C471C8
:10841000BF2A12D902225A709A700322DA701A49BE
:108420005A711A4A0978127819719A7121460922EB
:108430001C70DC711C7220F05DFB154A0023136078
:10844000144A1370144A1370144A1370144A1370A8
:10845000144A1370144A1370144A1370144B1B7887
:1084600023B10120BDE81040FFF7D2BE10BD00BF10
:1084700050BAFF1F1C9CFF1F71BBFF1F999BFF1F62
:10848000AC8CFF1F5DBAFF1FB58CFF1FB68CFF1FA2
:10849000A0BAFF1F00BAFF1F48BBFF1F49BBFF1F49
:1084A0004ABBFF1F9CBAFF1F98BAFF1FD5B9FF1F19
:1084B00055BAFF1F10B5094A1378232B144601D073
:1084C000F62B04D1FFF744FDF723237004E0044B9F
:1084D0001B780BB9FFF784FF002010BDD5B9FF1F33
:1084E00028BBFF1F26201EF06BB9FFFF2DE9F04FC0
:1084F00085B0FFF7F7FF04A9022241F80C0D012314
:108500005448554C554E564F564D06F0C9F8564BEB
:1085100018781EF055F904A90222134641F8080DF7
:108520004C4806F0BDF8514B18781DF02BFB504A13
:10853000504B12781860092A9A4605D120781DF010
:1085400021FB3060387804E038781DF01BFB306088
:1085500020781DF017FB3268DAF800302860032419
:108560001344B3FBF4F202EB4202981A029B424F0F
:10857000DFF82CB1DFF82C81DFF82C91B3FBF4F29B
:1085800002EB42029B1A184414F098FA3B6801333C
:108590003B603A4B18781DF0F5FA394BCBF80000E8
:1085A00018781DF0EFFA374BC8F8000018781DF066
:1085B000E9FA354BC9F8000018781EF001F904A952
:1085C000022241F8040D1346224806F069F8039B85
:1085D000D9F80020DBF800002C491A442B681A4413
:1085E000D8F800301A44029B134432680344134401
:1085F000DAF80020174813440B602246042306F0E3
:108600004FF8144806F02AF82A68D9F800301344C5
:10861000D8F800201344B3FBF4F202EB4202981A9C
:10862000039BB3FBF4F404EB44041C1B204414F040
:1086300045FA174A1368013313603A689A4205D025
:10864000144B00221A70144B144A1A6005B0BDE88E
:10865000F08F00BFC4BBFF1F21BBFF1F6CBBFF1F00
:1086600069BBFF1F6CBAFF1F14BBFF1F68BBFF1F56
:10867000B78CFF1F58BAFF1F8890FF1F9ABAFF1FC1
:1086800070BBFF1FC1BBFF1F989BFF1FF8BAFF1FE6
:108690008C90FF1F99BAFF1F0CED00E00400FA0553
:1086A000E49BFF1F68BAFF1F70BAFF1F2DE9F04F50
:1086B00085B00446FFF71AFF754B1B78092B25D0B0
:1086C000744B1868744B1B681844744B1B6818442F
:1086D0001FF088FC724B05461868724B1B681844E3
:1086E000714B1B6818441FF07DFC014628461FF0A3
:1086F00085FD6E4905461FF089FE08B90124C2E0D8
:1087000028466B491FF064FE0028F7D0C72C40F2C2
:10871000B980C82C604B674A15D11968116061494E
:108720000868654908605E490868644908605949F5
:1087300008686349086059490868624908605A49ED
:108740000868614908601668D3F800A006EB560374
:108750005345D3D35848534B0568D3F8009005EBE5
:1087600055034B45CAD34E4B54491B6802930868C6
:10877000029A00EB50039342C0D3514B1968454B0A
:108780001B680193019A01EB51039342B6D34D4B01
:108790001A68424BD3F8008002EB52034345ADD335
:1087A000494FDFF804C13B68DCF800C003EB530B12
:1087B000E345A3D3B2443F4E4FEA5A0AC6F800A09D
:1087C0004D443D4E6D083560029D3C4E28444008A6
:1087D0003060634401983A4D3A4E5B08014442448C
:1087E0003B6040F22B13490852089C4229603260DA
:1087F00048D1364A264D136803F00F03052B164661
:108800003FD0FFF7D8FB0446E0B9FFF7D4FB10B127
:108810002F4B304A1A60FFF7CEFB10B12C4B2D4A7C
:108820001A60FFF7C8FB10B1294B2A4A1A60FFF7FC
:10883000C2FB10B1264B274A1A60336803F00F03BE
:108840002B7020E02B78092B02D1214B214A1A6092
:10885000FFF7B1FB10B91E4B1E4A1A60FFF7ABFBC6
:1088600010B91B4B1B4A1A60FFF7A5FB10B9184B38
:10887000184A1A60FFF79FFB10B9154B154A1A608A
:1088800005232B700024204605B0BDE8F08F00BF03
:10889000B78CFF1F68BAFF1F58BAFF1F6CBAFF1FC3
:1088A000E49BFF1F6CBBFF1F70BAFF1F9A99193F13
:1088B000CDCCCC3F18BBFF1F94BAFF1F24BBFF1FBA
:1088C000A4BAFF1F84BAFF1F1CBBFF1F24800440F3
:1088D0000CED00E00400FA0538B50024E5B22846A6
:1088E000FFF744FB002102460C4807F099FA28469E
:1088F000FFF73CFB01210246084807F091FA0748C0
:1089000007F0F4F92046FFF7D1FE002818BF142421
:108910000134A4B2B4F5967FE0D338BDE0BAFF1FAE
:108920002DE9F041FFF7E2FD9B4803780BB90C23DA
:1089300003709A4F9A4C39789A4D092962D09A4B14
:108940001A689A4B1E681423B2FBF3FC9444B44596
:1089500046D2DFF864C2DCF800C0BCFBF3F8C444C4
:10896000DFF85882D8F80080C44539D2DFF854C205
:10897000DCF800C0BCFBF3F8C444DFF84C82D8F844
:108980000080C4452CD2DFF84CC2DCF800C0BCFB30
:10899000F3F8C444DFF84082D8F80080C4451FD201
:1089A000DFF838C2DCF800C0BCFBF3F8C444DFF8E1
:1089B0003082D8F80080C44512D2DFF828C2DCF833
:1089C00000C0BCFBF3F39C44794B1B689C4507D269
:1089D000002626602E60FFF77FFF3046BDE8F0815D
:1089E000322390F800C0B2FBF3F30CFB0322964253
:1089F00008D9704A002313602B6023680133236079
:108A0000352262E06C4B027818683223B0FBF3F633
:108A100002FB0600694E36688642664E22D9002067
:108A200030602668286001362660654E092933606B
:108A300040F08D8063490968B1FBF3F302FB031238
:108A4000614B1B689342614B04D9614A1168013143
:108A5000116005E01A680132022A1A6077DD5C4B6A
:108A6000186074E057480068B0FBF3FC02FB0C0090
:108A7000DFF854C1DCF800C0844513D92268013204
:108A800022604F4A00233120092933602B60106097
:108A90005DD14E490A680132022A0A6057DD4C4A0C
:108AA000136054E0092937D04A490968B1FBF3F053
:108AB00002FB001148480068884209D9002333604E
:108AC0002B6023680133236033223D4B1A603EE064
:108AD00042490968B1FBF3F002FB0011404800680D
:108AE000884207D9002333602B6023680133236059
:108AF0003422EAE73B490968B1FBF3F302FB0312B6
:108B00002B4B1B68934207D9002333602B602368EB
:108B1000013323603622D8E7D4F8008040461FF0A6
:108B200065FA4FF07C511FF071FC08B1C5F8008068
:108B30003368013333602C4B187830B12B4B1B78E2
:108B40002BB92B4B1B6813B15520FFF76DFA284B3F
:108B50001B6833B9174B1B68022B02DD5520FFF74A
:108B600063FA2868002814DD124B1B68022B10DD05
:108B70003B78174A092B04D1136813B1104B3321EA
:108B8000196000231360114A236013602B60BDE855
:108B9000F0810020BDE8F0819BBAFF1FB78CFF1F5A
:108BA000EC9BFF1FDCBAFF1F18BBFF1F58BAFF1F4B
:108BB00070BAFF1F189CFF1F94BAFF1F6CBBFF1FEA
:108BC000E09BFF1F24BBFF1FE49BFF1FE89BFF1FD1
:108BD0002CBBFF1FA4BAFF1F68BAFF1F84BAFF1F78
:108BE0006CBAFF1F1CBBFF1F99BAFF1F55BAFF1FAE
:108BF000149CFF1F70B506460D46094C09482168B4
:108C000005F0A0FC10B9FFF771FCF6E70548314606
:108C10002A4605F0C7FC20232360012070BD00BF59
:108C2000A08CFF1FC4BBFF1F10B507210446FFF730
:108C3000E1FF0023E15C0622B1FBF2F002FB10121F
:108C40003132E2540133072BF4D10023E37110BD1C
:108C500010B51B210446FFF7CDFF0023E25C242161
:108C6000B2FBF1F001FB1022D2B202F16101C9B2F4
:108C70007A298ABF1632E154E25401331B2BEDD11D
:108C80000023E37610BDFFFF30B5E7B004460AA825
:108C9000F9F722F902A8FAF7D8F80AA802A92022BF
:108CA000F9F744F90AA827491022F9F73FF90AA869
:108CB00021462022F9F73AF90AA823492022F9F798
:108CC00035F90AA826A9F9F752F920462021FDF71F
:108CD0000FFC18B91D482021FFF78CFF1B4B2246C3
:108CE00003F1200153F8040B42F8040B8B42F9D135
:108CF000174B1B78022B07D0012300932046114904
:108D000026AA2023FDF780F926A84FF46C31FE2215
:108D1000FDF73BFB002526AB2B44625D83F88020EA
:108D20000135202DF7D126A84FF46C31FE22FDF736
:108D30008CFB20464FF46C312A46FDF726FB67B0CA
:108D400030BD00BF6090FF1F9090FF1F1091FF1F6C
:108D500030BBFF1F10B54021044608F003FD94F816
:108D60004120C3B29A4207D194F84230C0F30720A1
:108D70001B1A5842584110BD002010BD30B5044D9B
:108D80002D78022D03D0BDE83040FDF73FB830BD4F
:108D900030BBFF1F2DE9F041457990F806808EB079
:108DA0000446024600261346D079197A0144587ABF
:108DB0009B7A0144D94202F1010201D00136F2E767
:108DC0002378A24FBA2B06D10C2D04DD0DF10F0034
:108DD000F9F793FF02E03B788DF80F303B782BB129
:108DE0000C2D03DC2278BA2A18BF0C3508F1FF32AB
:108DF0001C2A00F28383DFE812F01D009600AA000F
:108E0000C500D200F5001C0149016601FA018E027D
:108E100096025C036E0323003900530060007B0060
:108E2000C902E102EC0211031E034503F902050326
:108E300030038F01E01DE9B2FEF76FFA844812E0BB
:108E40009DF80F30022B04F1070706D00096384634
:108E5000E9B20F227F4BFFF791FF384631462A4691
:108E6000FDF732FD7C48FFF71BF841E3E3792F2B38
:108E700084BF303BE37129460DF10E00FAF790FFF5
:108E8000E2799DF80E30204602F0030223F003033E
:108E9000134300F8073F2946FAF7CAFF6F48E2E795
:108EA000E379302B88BF303B04F1070088BFE371C2
:108EB0002946FBF749F86A48D5E7E3792F2B84BFA9
:108EC000303BE37129460DF10E00FAF769FFE379B3
:108ED0009DF80E209B00204622F0040203F00403BC
:108EE000134300F8073F2946FAF7A2FF5D48BAE7A7
:108EF000E3792F2B84BF303BE37129460DF10E003F
:108F0000FAF74EFFE3799DF80E20DB00204622F0B1
:108F1000080203F00803134300F8073F2946FAF755
:108F200087FF51489FE79DF80F30022B04F1070798
:108F300006D000963846E9B20222464BFFF71EFFE4
:108F4000384631462A46FEF709F848488BE7E37968
:108F50002F2B84BF303BE37129460DF10E00FAF749
:108F60001FFFE3799DF80E201B01204622F03002FE
:108F700003F03003134300F8073F2946FAF758FF80
:108F80003B4870E7E379302B88BF303B04F10700A2
:108F900088BFE3712946FBF763F8364863E79DF81D
:108FA0000F30022B17D0344B1F78012F0CD10DF14D
:108FB0000E002946FBF754F99DF80E3023B12F48D7
:108FC000FEF76EFF384697E20096E01DE9B20522F3
:108FD000204BFFF7D3FEE01D31462A46FAF770FD1D
:108FE000274840E7E3792F2B84BF303BE3710DF135
:108FF0000E002946FAF7D4FEE379022B01D1402373
:1090000006E0012B01D1802302E0032B01D1C02314
:10901000E371E2799DF80E30204622F03F0203F022
:109020003F03134300F8073F2946FAF701FF1548AD
:1090300019E7E379302B88BF303B04F1070088BF84
:10904000E3712946FBF7B0F80F480CE730BBFF1F70
:1090500078A002001091FF1F8FA00200A4A00200C0
:10906000D8A00200F0A0020026A1020057A1020031
:1090700071A10200A6A1020088BAFF1FBEA10200D2
:10908000FAA1020014A2020039A20200AE4B1B7822
:10909000012B12D1AD4E29463068FAF7B3FB0021FF
:1090A0008DF80E00402230681FF024FD9DF80E3030
:1090B0001BB1A748FEF7F4FE1DE2E01D2946FBF7B1
:1090C0002FF9A448CFE6A04B1B78012B0FD19F4F5F
:1090D00029463868FAF796FB00218DF80E004022E9
:1090E00038681FF007FD9DF80E30002BE1D1E71D19
:1090F0003846E9B2984B00960922FFF73FFE384602
:1091000031462A46FEF784FA0EA8672300F82A3D66
:109110002946FBF705F968E08B4B1B78012B0FD133
:109120008A4E29463068FAF76DFB00218DF80E0053
:10913000402230681FF0DEFC9DF80E30002BB8D1C5
:1091400029460DF10E00FBF78BF8E61D1523009361
:109150001D22814B3046E9B2FFF710FE04AA3346C8
:1091600004F1170E174618685968164603C60833E7
:1091700073453246F7D1186830601B793371204649
:109180002946FEF7CFF83A4604F12B0308AF1646FE
:1091900003CEBE4218605960324603F10803F6D18F
:1091A0003068186032791A719DF80E30322B01D078
:1091B000592B08D132230DF10E0029468DF80E30BF
:1091C000FBF7AEF80CE048230DF10E0029468DF8B0
:1091D0000E30FBF7A5F8204600212B221FF08AFC59
:1091E000204600212A46FEF713FA5C483BE69DF82C
:1091F0000F30022B00F07C81A5B9E61D1C23294607
:109200000A2200933046544BFFF7B8FD3046FAF778
:10921000F5FA04F10D00FAF7E6FA04F11300FAF793
:10922000A8FA6FE06B1E172B6CD8474B1E78012EE7
:1092300013D1464F29463868FAF7E4FA00218DF831
:109240000E00402238681FF055FC9DF80E3023B107
:109250003F48FEF725FE30464EE129460DF10E004F
:10926000FAF7FEFFE61D262300930A223A4B30460A
:10927000E9B2FFF783FD04AA334604F1270E17462F
:1092800018685968164603C6083373453246F7D145
:10929000186830609B88B38020462946FEF742F864
:1092A0003A4623460CAF164603CEBE4218605960BC
:1092B000324603F10803F6D130681860B2889A800C
:1092C0009DF80E30322B01D0482B08D132230DF1FE
:1092D0000E0029468DF80E30FBF722F80DE05923D9
:1092E0000DF10E0029468DF80E30FBF719F804F148
:1092F0002B00002115221FF0FDFB204600212A46ED
:10930000FEF786F90EA8002320F8283DE9B2FAF707
:109310004BFA1348A7E5E01DF9F78FFC114BE279F2
:109320001A7011489FE5E279022A25D10F4A127876
:1093300022B90F4A12680AB1022B1DD1E01DF9F7BC
:1093400089FC0C488FE500BF88BAFF1FB88CFF1F4F
:1093500051A2020092A202001091FF1FACA20200D3
:10936000C5A20200BC8CFF1FF9A2020028BBFF1F90
:10937000149CFF1F17A30200624B1B6823B9E01D5A
:10938000F9F768FC60486EE560486CE5E379012B0D
:109390000AD15F4B1B7813B95A4B1B6823B9E01DE8
:1093A000F9F772FC5B485EE5564B1B6823B9E01D7C
:1093B000F9F76AFC584856E5584854E5544B1B7871
:1093C00013B9504B1B6853B9E01DF9F76AFC5448B8
:1093D00049E54F4B1B7823B94A4B1B680BB15148E9
:1093E00041E5E01DF9F76AFC4F483CE5484B1B7826
:1093F0001BB9444B1B68002BF1D1E01DF9F76BFC46
:109400004A4830E5424B1B781BB93E4B1B68002B8A
:10941000E5D1E01DF9F76CFC454824E59DF80F30D7
:10942000022B6BD0374B1B681BB9E01DF9F76DFCA5
:109430005EE0404817E5E01DF9F7CEFCE3793E4ACF
:109440003E48137003EB830103EB4103590001F025
:10945000FE0106F006FD3A4805E52D4B1B781BB9C9
:10946000284B1B68002BBAD1E379023B622B07D84B
:10947000E01DF9F7BEFC334BE2791A703248F2E492
:109480003248F0E404A8F9F7B9FC3978E3799DF89B
:10949000102021B102F00F0202EB031302E022F0D0
:1094A0000F02134404A88DF81030F9F7AFFC2848D8
:1094B000D9E4E3790A2B0CD82046C3F10B0300F85A
:1094C000073F2946F9F749FC237A13B9214BE27982
:1094D0001A702148C7E42046204B10F8072F1A7055
:1094E000F9F76DFC13F04EFB1D48FEF7D9FC05E0C3
:1094F0002378BA2B02D00120FEF7E0FD0EB0BDE8C4
:10950000F08100BF149CFF1F3FA302006DA3020067
:1095100028BBFF1F90A30200BBA30200F5A302001B
:109520001EA402004AA4020063A402008EA402004A
:10953000B3A40200D2A4020015BBFF1FE0BAFF1FB4
:1095400007A502009BBAFF1F27A502004AA502003B
:109550006EA50200A48CFF1F8BA50200CEE6FF1FA4
:10956000A6A5020070B53A4B1B78022BADF6080D8C
:1095700004460E4668D04179A1F165021F2A09D838
:1095800001F0FB02802A07D1324A127822B9324A0E
:1095900012680AB1314842E0A01DFAF799FF237A18
:1095A000E5791D44637A1D44A37A1D44E37A1D4482
:1095B000237B1D44637B1D44A37B1D44B5F5FF6FD6
:1095C00002D12046FBF734F820236179A279009379
:1095D000E01D234BFFF7D2FB02A84FF478314FF484
:1095E0000062FCF7D2FE6079653840010023E21882
:1095F000D17902AA0244D1540133202BF7D10021A2
:109600004FF4783003F0B4FA02A84FF478314FF4F5
:109610000062FCF7CEFE6379832B03D11148FEF77D
:109620003FFC11E04DB10C4B1B6833B10E48FEF707
:1096300037FC2378BA2B04D106E02EB10B48FEF795
:109640002FFC0220FEF73AFD0DF6080D70BD00BF9D
:1096500030BBFF1F28BBFF1F149CFF1FC7A50200C4
:109660001091FF1FDEA5020001A602001AA602004B
:1096700070B5774B1B78022BADF6080D044600F051
:10968000E380D1B102A84FF47A314FF40062FCF7C5
:109690007CFE01236079009302A922464FF40073F7
:1096A000FEF795F902A84FF47A314FF40062FCF707
:1096B00080FE6848FEF7F4FBC3E04379013B032BCF
:1096C00001D965486DE0837903F00F03012B17D1B1
:1096D0000378BA2B68D0614B1A68722A184663DC8B
:1096E0005F49E31D114404F13F0553F8046B41F851
:1096F000046BAB42F9D11B780B703932026053E036
:10970000022B17D10378BA2B50D0544B1A68E42A95
:1097100018464BDC5249E31D114404F13F0553F850
:10972000046B41F8046BAB42F9D11B780B703932F2
:1097300002603BE0032B18D10378BA2B39D0474B9A
:109740001A68B2F5AB7F184633DC4549E31D114476
:1097500004F13F0553F8046B41F8046BAB42F9D1B7
:109760001B780B703932026023E0042B18D1037888
:10977000BA2B21D0394B1A68B2F5E47F18461BDCAE
:109780003749E31D114404F13F0553F8046B41F8D8
:10979000046BAB42F9D11B780B70393202600BE0DD
:1097A0003048FEF77DFB4FE0802507E04FF48075E1
:1097B00004E04FF4C07501E04FF40075274A1368C8
:1097C000AB421646237802DABA2B3DD101E0BA2B20
:1097D00004D12348E11D2A4612F096F9A01D6179B3
:1097E000FAF708FF204B6179A2791D480095FFF731
:1097F000C5FA02A84FF47A314FF40062FCF7C5FDB8
:109800006079013840020023154A995C02AA02449B
:10981000D1540133B3F5007FF6D100214FF47A30F3
:1098200003F0A6F902A84FF47A314FF40062FCF776
:10983000C0FD00230D483360FEF732FB2378BA2BBE
:1098400002D00220FEF73AFC0DF6080D70BD00BFF5
:1098500030BBFF1F35A6020058A6020050BAFF1FFA
:10986000CC92FF1F6FA602001091FF1F86A6020078
:1098700073B5254E254D044602A800238DF8063009
:1098800000F8013D336801333360F9F7C1F92B6803
:109890000DF1060001332B60F9F7EEF933689DF8FE
:1098A000062001333360A379802B01D932B90FE050
:1098B00072B19DF807106279914209D1144A126879
:1098C00032B11448FEF7ECFA2B6801332B6019E033
:1098D0002A6801322A60104A1278022A12D0802B9C
:1098E00004D9803BA371601DF9F79AF96379013BB4
:1098F000032B20464FF0000102D8FFF7B9FE01E02C
:10990000FFF730FE02B070BD8C90FF1F8890FF1FE4
:10991000149CFF1F9FA6020030BBFF1FF0B5037809
:1099200023F007030370C37F03F03F03044643F0B3
:109930004003CBB00022C37721462D4803F06EFED2
:109940000DF10700F9F7D9F99DF80730012B2146F1
:109950000CBF284A264A02A803F060FE02A8FFF7BF
:1099600093F9234B224603F1200153F8040B42F8EC
:10997000040B8B42F9D10AA84FF46C31FE22FCF79C
:1099800004FD00260AAB3344A25D83F82020013693
:10999000202EF7D10AA84FF46C31FE22FCF755FDBA
:1099A000154B1F68DFB9154DEF232B71842331460A
:1099B0006B71E81D6123AB71FFF71CF92846FFF7B7
:1099C00057FF80233146E81D6B71FFF713F92846D6
:1099D000FFF74EFF2846394640221FF08BF82046FD
:1099E0004FF46C312022FCF7D0FC4BB0F0BD00BF2F
:1099F000B090FF1FD090FF1F149CFF1F0CBAFF1FD9
:109A0000F0B5037823F007030370C37F03F03F032F
:109A100043F040030446CBB0C377214600223548CB
:109A200003F0FCFD0DF10700F9F767F99DF8073029
:109A3000022B15D0304B1B6833B901230DF1070001
:109A40008DF80730F9F761F920212C48FCF750FD1B
:109A500002A82146294A03F0E1FD02A8FFF714F904
:109A6000244B224603F1200153F8040B42F8040B67
:109A70008B42F9D10AA84FF46C31FE22FCF785FC29
:109A800000260AAB3344A25D83F860200136202E05
:109A9000F7D10AA84FF46C31FE22FCF7D6FC9DF8F2
:109AA0000730022B1ED0144B1F68DFB9144DEF2373
:109AB0002B71842331466B71E81D6123AB71FFF775
:109AC00099F82846FFF7D4FE80233146E81D6B71D4
:109AD000FFF790F82846FFF7CBFE2846394640228C
:109AE0001FF008F820464FF46C312022FCF74DFCA3
:109AF0004BB0F0BDD090FF1F149CFF1FB090FF1F14
:109B00000CBAFF1F30B5ADB00446002168464022B4
:109B10001EF0F0FF874B00251D7013F033F854BB87
:109B20008548FCF7F1FB8548FCF7EEFB8448FCF721
:109B3000EBFB8448FCF7E8FB83481DF0CFF8834B30
:109B40001B78092B0BD08248FCF7DEFB8148FCF721
:109B5000DBFB8148FCF7D8FB8048FCF7D5FB80484D
:109B6000FCF7D2FB7F48FCF7CFFB7F4B0A221A6041
:109B7000FEF7EEF9DCE0012C0CD17B4B7B481D603D
:109B8000FCF7C2FB7A48FCF7BFFB2846214600F0F1
:109B900003FBCDE0022C38D17648734DFCF7B4FBC3
:109BA000032368462B60FFF73FF82146684600F024
:109BB000F3FA65481DF092F86F48FCF7A5FB68467C
:109BC000FCF7A2FB614B1B78092B0ED009236846DA
:109BD0002B60FFF729F86846214600F0D9F967485D
:109BE000FCF792FB6846FCF78FFB062368462B6068
:109BF000FFF71AF86846022100F0DAF86048FCF72F
:109C000083FB6846FCF780FB4FE0052C0FD15D48D5
:109C1000FCF77AFB4948FCF777FB5B48FCF774FBE1
:109C20004848FCF771FB48481DF058F83DE0062C09
:109C300002D100F0C1FB38E0032C36D12846FCF7F6
:109C400057FB524B6C4603F1400518685968224691
:109C500003C20833AB421446F7D19DF806302F2BD0
:109C600006D9414B03210DF10600196000F094FA6A
:109C7000364B1B78092B0BD09DF816302F2B07D9AC
:109C8000394B09220DF1160003211A6000F080F90A
:109C90009DF826302F2B4BD9334B06220DF1260091
:109CA00003211A6000F084F842E083238DF8053028
:109CB00010A8A1238DF80630F8F70EF9062C2ED047
:109CC0003348FCF721FB0DF10700FEF7C1FF0DF152
:109CD0000700FCF719FB1C481DF000F81B2210A818
:109CE0000DF10701F8F722F910A80DF10701F8F7B7
:109CF0003EF96846FFF7BCFD144B1B78092B02D0D8
:109D00002448FCF701FB2448FCF7FEFA2348FCF743
:109D1000FBFA2348FCF7F8FA2248FCF7F5FA053C71
:109D2000012C02D80120F8F7AFFF1F4B1F4A1A6021
:109D30002DB030BDCEE6FF1FC3A60200EAA602008A
:109D40002AA7020069A7020000E5FF1FB78CFF1FCA
:109D500088A70200C1A7020004A8020046A80200CA
:109D600096A80200DEA8020074BAFF1F02A9020032
:109D70003AA9020058A90200A6A90200BBA9020044
:109D8000DFA9020002AA02002DAA02000CBAFF1FDE
:109D90006FAA020092AA0200ECAA02003EAB0200E7
:109DA00092AB0200AAAB02000CED00E00400FA0541
:109DB00070B56B4D2B68043B022B84BF00232B60D6
:109DC0002B68A4B006460C46062B00F2C780DFE8DD
:109DD00003F004C5C5C50F4654006248F8F74AFAB7
:109DE0000423012C2B6001D15F483DE05F4841E036
:109DF00005235C482B601FF0ECF8073803281AD8BD
:109E00005B4814B9FEF74CF801E0FCF77DFA002539
:109E1000544E30461FF0DDF8854204D8554BAA5DFC
:109E2000EA540135F4E730465249F8F714FA30465F
:109E3000F8F720FA0BE0504814B9FEF731F801E0CA
:109E4000FCF762FA4748F8F715FA00232B60012C5B
:109E500040F0848000202146FFF7AAFF7EE0062321
:109E600001292B6005D14548FCF74EFAFEF770F842
:109E700074E04348FEF714F870E0002339482B6083
:109E80001FF0A7F80738032802D9A31E012B51D8C9
:109E90003448F8F7F3F920B9022C04D0032C44D14C
:109EA0000CE0022C08D12F4B30681860B188B279D1
:109EB0009A71998000250DE0032CFBD1294D334682
:109EC0001036186859682A4603C20833B34215464B
:109ED000F7D1EFE7234E30461FF07BF8854204D8D8
:109EE000AB5D0DF805300135F4E708A8F7F7F4FF8E
:109EF00030461FF06EF86946024608A8F8F716F8D3
:109F0000202208A81F49F8F711F808A86946F8F7B1
:109F10002EF86846FCF718FB012C1B4807D1FCF70C
:109F2000F3F90720FFF7EEFD0FE0ACB91748FDF796
:109F3000B7FF0AE01048002CF9D0FCF7E5F9012C36
:109F400003D100200121FFF733FF0648F8F792F90B
:109F50000320FEF7B3F801E00C48EEE724B070BD33
:109F600074BAFF1FFCBAFF1FD3AB020010AC020093
:109F70003FAC02008ABAFF1F54AC02007BAC020067
:109F8000ADAC02009090FF1FDCAC0200F1AC02000F
:109F900070B5754D2B68062BDCBF00232B602B683A
:109FA000AEB006460C46092B00F2DB80DFE813F06A
:109FB0000A00D900D900D900D900D900D90015006C
:109FC0004C005A006948F8F755F90723012C2B601B
:109FD00001D167483DE0674841E0082363482B60B2
:109FE0001EF0F7FF073803281AD8634814B9FDF7A5
:109FF00057FF01E0FCF788F900255C4E30461EF063
:10A00000E8FF854204D85D4BAA5DEA540135F4E7C8
:10A0100030465A49F8F71FF93046F8F72BF90BE0AC
:10A02000574814B9FDF73CFF01E0FCF76DF94F48C4
:10A03000F8F720F900232B60012C40F092800020DB
:10A040002146FFF7A5FF8CE0092301292B6005D1EC
:10A050004C48FCF759F9FDF77BFF82E04A48FDF7D1
:10A060001FFF7EE0002341482B601EF0B2FF07383F
:10A07000032802D9A31E012B07D83C48F8F7FEF8A5
:10A0800090B9A31E012B68D80EE03D481CB9FDF71E
:10A0900007FF4DE03D48FCF737F9012C48D100207F
:10A0A0000121FFF775FF43E00DF10700F8F725FEEA
:10A0B0009DF80730022B06D00AA82021FEF79AFD52
:10A0C0000AA8F8F7CAFE12A8F7F706FF022C36D145
:10A0D000264B30681860B188B2799A71998023480C
:10A0E0001EF077FF2149024612A8F7F71FFF284804
:10A0F0002021FCF7B9F930B925482021FEF77AFD77
:10A100002348FCF7C5F9202212A82149F7F70EFFD2
:10A1100012A802A9F7F72BFF02A8FFF771FC012C88
:10A120001C48B4D1FCF7F0F800202146FFF740FEB0
:10A130000E48F8F79FF80320FDF7C0FF11E0032C4D
:10A14000CDD10A4D33461036186859682A4603C2E5
:10A150000833B3421546F7D1C1E7002C9AD10B481A
:10A1600095E72EB070BD00BF74BAFF1FFCBAFF1F89
:10A1700008AD020046AD02003FAC020078BAFF1FF6
:10A1800054AC02007BAC0200ADAC0200F1AC0200AA
:10A190009090FF1FDCAC020070B5784D2B68032B4C
:10A1A000C4BF00232B602B68ACB006460C46032BC3
:10A1B00000F2E280DFE803F0020D44527048F8F745
:10A1C00059F801239C422B6001D16E483DE06E4856
:10A1D00041E002236A482B601EF0FBFE073803288B
:10A1E0001AD86A4814B9FDF75BFE01E0FCF78CF859
:10A1F0000025634E30461EF0ECFE854204D8644BC9
:10A20000AA5DEA540135F4E730466149F8F723F8CE
:10A210003046F8F72FF80BE05E4814B9FDF740FE22
:10A2200001E0FCF771F85648F8F724F800232B609A
:10A23000012C40F0A18000202146FFF7ADFF9BE0FC
:10A24000032301292B6005D15348FCF75DF8FDF786
:10A250007FFE91E05148FDF723FE8DE00023484842
:10A260002B601EF0B6FE0738032802D9A31E012B6F
:10A2700007D84348F8F702F890B9A31E012B77D806
:10A280000EE044481CB9FDF70BFE52E04448FCF7D1
:10A290003BF8012C4DD100200121FFF77DFF48E064
:10A2A000202108A8FEF7A6FC08A8F8F7D6FD10A8FC
:10A2B000F7F712FE022C4AD13A4B314A1B78092B90
:10A2C0003ED1394B154603F11006186859682A46E5
:10A2D00003C20833B3421546F7D129481EF079FE70
:10A2E0002749024610A8F7F721FE304B1B6833B907
:10A2F0002F482021FEF77EFC2D48FCF7C9F82022CC
:10A3000010A82B49F7F712FE10A86946F7F72FFEA1
:10A310006846FFF703FB012C2648B4D1FBF7F4FF96
:10A32000204B1B78092B4FF0000021461DD0FFF772
:10A330002FFE1348F7F79EFF0320FDF7BFFE1BE03B
:10A3400030681060B188B37993719180C5E7032CB0
:10A35000C3D10B4D33461036186859682A4603C2DC
:10A360000833B3421546F7D1B7E7FFF721FDE0E721
:10A37000002C8BD10A4886E72CB070BD74BAFF1F41
:10A38000FCBAFF1F67AD020046AD02003FAC020001
:10A39000D0BAFF1F54AC02007BAC0200ADAC02008F
:10A3A000F1AC0200B78CFF1F7290FF1F149CFF1FBF
:10A3B0009090FF1FDCAC0200114B124810B5032235
:10A3C00002211A60FFF7E8FE0020F8F736FC202192
:10A3D0000D48FCF749F80D4B202118600C48FCF79C
:10A3E00087F80C4B0C4801241C70F7F75DFF28B16F
:10A3F0000A4B1C70BDE810400CF070BE10BD00BFD1
:10A4000074BAFF1F0CBAFF1F9090FF1F149CFF1F10
:10A41000B090FF1F5CBAFF1FFCBAFF1F99BAFF1F65
:10A4200008B51A4B1A781A4B2AB91A4A127812B977
:10A430001A78F72A0AD11B780833DBB2012B02D82D
:10A440001548FDF72DFD0120FDF7E2FE134B1868BE
:10A45000D0B9134B1B68032B03DC0121FFF79CFED3
:10A4600012E0062B03DC0121FFF7A2FC0CE0092B14
:10A4700007DC0C4B1B78092B06D00121FFF788FD68
:10A4800002E00220FFF73EFB002008BD55BAFF1F87
:10A49000D5B9FF1F00BAFF1FA6AD0200149CFF1F15
:10A4A00074BAFF1FB78CFF1F10B50D4B1B78022B22
:10A4B00002460C4613D04379013B032B0BD90623EC
:10A4C0000021D1540133272BFAD121461046BDE893
:10A4D0001040FFF747B8BDE81040FFF7C9B810BDFE
:10A4E00030BBFF1FF0B5394839493A4C3A4F3B4E23
:10A4F0003B4DA7B0F7F7E2FD34483A49F7F7DEFDE8
:10A50000394A012313700022337022703A70FDF72C
:10A510001FFD6B78C82B02D92046F8F7BAFB6B7881
:10A52000042B02D9653B0F2B02D82B48F8F7BEFB52
:10A5300020782E4C0021FAF7BBFC08B93B78DBB140
:10A5400003233370236829786A7829480093294BBC
:10A55000FEF714FC284B2268254900251D60274B77
:10A560001A60274B18681EF0AAFA264B2560187847
:10A57000FDF74AFA27B0F0BD0AA8F7F7ADFC22684C
:10A580001B490AA8F7F7D2FC02A90AA8F7F7EFFCC3
:10A590009DF808200623B2FBF3F103FB11221A49B0
:10A5A00031320A709DF81720B2FBF3F103FB112240
:10A5B000164931320A709DF82720B2FBF3F103FBF4
:10A5C0001123134931330B70BCE700BF8490FF1F88
:10A5D000DCB9FF1F9CBAFF1F98BAFF1F00BAFF1F0C
:10A5E000999BFF1FA8BAFF1F55BAFF1F50BAFF1F44
:10A5F0006898FF1F1091FF1FA0BAFF1F4CBAFF1FE2
:10A60000B88CFF1FD6B9FF1F48BBFF1F49BBFF1FF8
:10A610004ABBFF1F70B50446FDF710FA254B2179A0
:10A620002A221A70244B1A78184642B95D7835B937
:10A6300062795A70214A197012689A7005E0914245
:10A6400003D0427863799A4232D1A2791C4DFF2A15
:10A6500012D12A68B2F5327F12DA1A49E31D114489
:10A660003F3453F8040B41F8040BA342F9D11B7893
:10A670000B7039322A6070BD2E68B6F5327F04DB6C
:10A680001148BDE87040FDF70BBC531E382BF7D8BE
:10A690000C48E11D304411F037FAA3790B481E44F1
:10A6A00002212E60FEF7A6FABDE87040FFF71ABF40
:10A6B00070BD00BFD5B9FF1F999BFF1FD8B9FF1F01
:10A6C00050BAFF1F6898FF1FE0AD02009C9BFF1F60
:10A6D00030B5044D2D78022D03D0BDE83040FBF796
:10A6E00013BC30BD30BBFF1FF0B51B4B1B78022BDA
:10A6F00093B007460D4601D100202BE0174C2046B1
:10A70000F9F7AEFD2278482A264601D0322AF3D145
:10A71000294602A8FCF706FE152300932946104B94
:10A720000DF133001D22FFF7D3FF0DAC3B4611ADF9
:10A73000224603CAAA4218605960144603F108036E
:10A74000F6D1106818609DF8330009233370431E5A
:10A750005842584113B0F0BD30BBFF1FFC91FF1FA2
:10A760001091FF1FF7B5214B1B78022B054607D030
:10A77000A0F16507FBB21F2B04D91D48FDF790FB24
:10A78000002031E01B4E29463046F9F725FE34788B
:10A79000ACB91948FDF784FB184B1D681DB10120A9
:10A7A000FDF736FDECE7164B1A782D2AE8D02B2A58
:10A7B000E6D0012202201A70FDF780FCE0E7790163
:10A7C00004F00F030F48337001F578312022FBF7B6
:10A7D000DCFD20230B480093294622460A4BFFF755
:10A7E00077FFFAF77BFB204603B0F0BD30BBFF1FBD
:10A7F000C7A50200FC91FF1F0BAE0200D8B9FF1FD6
:10A80000D6B9FF1FAC92FF1F1091FF1FF7B5214B68
:10A810001B78022B064606D0471EFBB2032B04D939
:10A820001D48FDF73DFB002031E01C4D3146284618
:10A83000F9F7C6FE2C789CB91948FDF731FB194B86
:10A840001D681DB10120FDF7E3FCECE7164B1A78FB
:10A850002D2AE8D0012202201A70FDF72FFCE2E732
:10A8600004F00F0279022A70104801F57A31D20102
:10A87000FBF78BFD2B780D48DB0100933146224618
:10A880000B4BFFF725FF2878FAF738FA204603B07C
:10A89000F0BD00BF30BBFF1F58A60200FC91FF1F98
:10A8A00035AE0200D8B9FF1FD6B9FF1FCC92FF1FEB
:10A8B0001091FF1F2DE9F04F052BADF60C0D0D4645
:10A8C00016469A4618D100214FF4763002F050F91E
:10A8D0000A2012F0F3F800214FF47C3002F048F91E
:10A8E0000A2012F0EBF800214FF47E3002F040F91C
:10A8F0000A2012F0E3F8B5E0032B17D10846F8F769
:10A90000AEF92B784BB96B783BB9EB782BB92B7937
:10A910001BB96B79002B00F0A5802846009600211A
:10A92000FF22534BFFF7D4FE01209CE0042B0AD1F9
:10A9300000920846FF2200214D4BFFF7C9FE284632
:10A94000F8F795F98EE00B2800F28C80B2F5007FC5
:10A9500000F3888000F10109B9F1040F0BDDB9F1B2
:10A96000080FD9BFA0F1030B4FF47C38A0F1070BFF
:10A970004FF47E3802E0CB464FF476383D4C02A8C7
:10A9800041464FF400624FF40077FBF7FEFC0021D4
:10A990003A4620461EF0AEF820462946324611F0CF
:10A9A000B3F8BAF1010F39D102AB0BF1FF3B03EB66
:10A9B0004B2B59463A46204611F0A6F828465946F0
:10A9C000324611F0A1F82378FF2B09D16378FF2BD1
:10A9D0000ED1E378FF2B0BD12379FF2B08D141E077
:10A9E00033B9637823B9E37813B92379002B39D0CD
:10A9F0004FF400746FEA09021D4B00941D480021BA
:10AA0000D2B2FFF765FE324628461A4911F07CF8AB
:10AA10000021224617481EF06DF823E0BAF1020F1C
:10AA20001FD16FEA0902002520460021D2B2104B47
:10AA30000097FEF7A3F93B46584602A92246009527
:10AA4000FCF7C5FF3A46294620461EF053F8294632
:10AA5000404602F08DF802A841464FF40062FBF731
:10AA6000A8FC00E000200DF60C0DBDE8F08F00BF43
:10AA70001091FF1FCC92FF1F2DE9F041AE4F3B78A4
:10AA8000022BADF5856D804600F06C82AB4D2C68D5
:10AA900054B944F250601DF0F3FFA94B214644F233
:10AAA000506218601EF026F898F80520FF2A44F23C
:10AAB00017631CD19C420DD8A14B1868002308EBEA
:10AAC000030291790219D1540133392BF7D139346A
:10AAD0002C6047E29B48FDF7E3F99B4B01220620DF
:10AAE0001A70FDF7EBFA994B994A1A603AE29C42C8
:10AAF000934E0CD8392A0AD8306808F10601204450
:10AB000011F002F898F805301C442C600BE08D48D9
:10AB1000FDF7C6F98C4B012206201A70FDF7CEFA1C
:10AB20008A4B8B4A1A602B6813B9884B884A1A6083
:10AB30000DF10F00F8F76CF82B689DF80F007F4CB3
:10AB4000013B2B6008B9834848E0642836D9FFF7F9
:10AB500009FE814B3168226818788B5C643B98420F
:10AB60003BD10C3A22600A4405AB1068516803C31C
:10AB70009068186088A97948F9F792FD08A8F7F756
:10AB8000ABF908A888A92022F7F7D0F908A87349DB
:10AB90002022F7F7CBF908A805A90C22F7F7C6F988
:10ABA00008A888A9F7F7E3F93B78022B42D00023E5
:10ABB0000093634B05A9186888AA38E0042839D89F
:10ABC0004FF00008CDF81080FFF720FE624B31688F
:10ABD00018782368CA5C82420CD06148FDF760F99E
:10ABE000594B012206201A70FDF768FA574B584A54
:10ABF0001A601FE0A3EBC2131944D20188A8236096
:10AC000010F082FF88A908AA04A8F9F737FF554A6F
:10AC10001068516805AB03C3906818603B78022B3D
:10AC200008D0474BCDF80080186805A908AA23680A
:10AC3000FBF728FA34682B682344FC225A702378E7
:10AC4000934208D84848FDF72BF90620FDF736FA5D
:10AC50003E4B3F4A1A602D20FDF7E6F92778002F7A
:10AC600000F06881FF2F40F09F8088AE30460021C1
:10AC700040F207221DF03EFFBA233370E6237770BF
:10AC8000B770F770337194F8018086F80580A37867
:10AC9000B3710A2B37D1E71C0DF22723B8F1000F4F
:10ACA0000BD11F3457F8042B43F8042BA742F9D1DA
:10ACB0003046FEF76FF83C460DE004F1270257F8E6
:10ACC000041B43F8041B9742F9D13A881A80304696
:10ACD000FEF760F829342278637843EA022303F50B
:10ACE00096739BB21A0A08A841468DF820208DF869
:10ACF0002130F8F759FD3046002140F20722023496
:10AD00001DF0F8FEAAE7092B04F10407E47801D04E
:10AD10001D2B2BD1224639460DF2272010F0F4FED0
:10AD20003046FEF737F83046002140F207221DF08A
:10AD3000E1FE3C4492E700BF30BBFF1F04BAFF1F97
:10AD400064BBFF1F5FAE0200D6B9FF1F0CED00E031
:10AD50000400FA057BAE0200FC91FF1F7895FF1FEF
:10AD600093AE020060AF0200C1AE02000B2BF47183
:10AD70000AD13046FEF70EF83046002140F2072295
:10AD80001DF0B8FE3C4669E708233A78111DC9B2A8
:10AD900003293C4607F1010702D9F2540133F4E7D5
:10ADA0003046FDF7F7FF59E7FE2F40F0BC80607892
:10ADB00040B9A11C0423D022FFF77CFD2B68D234BC
:10ADC000D23BA0E0C7282AD994F88A31FE2B04F19F
:10ADD000010703D194F88B2182420ED894F8BB214D
:10ADE000FE2A03D194F8BC21824209D8002B40F2FC
:10ADF000B91608BF4FF4C47604E04FF4C47601E0FE
:10AE000040F2B916A11C32460223C838FFF752FDA2
:10AE10002B680233741C9E1B3C442E601EE740F2DC
:10AE2000072288A800211DF065FEBA238DF8203284
:10AE3000FF238DF821328DF822328DF82332EF2353
:10AE40008DF8243262788DF82522A3788DF8263289
:10AE5000642A10D9E61C0DF22723233456F8042B5C
:10AE600043F8042BA642F9D188A8FEF701FD2B6810
:10AE70003446233B47E003F00F03012B0CD1E11CC8
:10AE800080220DF2272010F03FFE88A8FEF7F0FC8C
:10AE90002B688334833B36E0022B10D1E11C4FF446
:10AEA00080720DF2272010F02FFE88A8FEF7E0FC3C
:10AEB0002B686FF4817104F203140B4423E0032B1D
:10AEC00010D1E11C4FF4C0720DF2272010F01CFECF
:10AED00088A8FEF7CDFC2B686FF4C17204F28314CE
:10AEE000134410E0042B10D1E11C4FF400720DF25A
:10AEF000272010F009FE88A8FEF7BAFC2B6804F2A0
:10AF00000324A3F203232B60A8E61848FCF7C8FF2C
:10AF1000174B012206201A70FDF7D0F8154B164A80
:10AF20001A6002349AE6FD2F04D12B68253B2B6072
:10AF3000253493E61148FCF7B3FF4FF47A7011F013
:10AF4000BDFD0F48FCF7ACFF0020FDF761F94FF4A1
:10AF5000FA7011F0B3FD074B074A1A600320FDF7A2
:10AF6000ADF8FBE70DF5856DBDE8F081E0AE0200C0
:10AF7000D6B9FF1F0CED00E00400FA0515AF020082
:10AF800030AF0200F0B5534B1B78022BAFB0054633
:10AF900000F09E80042105A8FDF72CFE1EAC0021C8
:10AFA000112210A81DF0A6FD2046002140221DF010
:10AFB000A1FD4DBB2046F8F71AFC21AE0DF17E0035
:10AFC000F8F70AFC3046F8F7CDFB1C230093204627
:10AFD00029460A22404BFFF77BFB94E80300BDF8AB
:10AFE00082301090DDF87E00ADF844100690ADF888
:10AFF0001C3096E80F000CAF87E80F0015A810A9C9
:10B00000062206F067FB3EE06B1E172B3BD820465E
:10B010002946FCF7D0FC2623009320462E4B2946D8
:10B020000A22FFF755FB2523DAB2E15CA2F11506EF
:10B03000F6B229B9013BA2F11606012BF6B2F3D103
:10B04000324610A8214610F05FFD2EAA3244134666
:10B050000CAF53F8400D06909B88ADF81C30A2F160
:10B060002A0EA2F13A03186859683A4603C2083317
:10B0700073451746F7D115A810A9324606F02AFBEA
:10B08000164B83F8266008A806A9062206F022FBC4
:10B090004022204600211DF02DFD294604A8F8F786
:10B0A0006CFB9DF810209DF811300C4C43EA0223F4
:10B0B00094F8275000930A4B0193059B0293204676
:10B0C0000CA915AA08AB013504F0F2FE84F827504C
:10B0D0002FB0F0BD30BBFF1F1091FF1F689BFF1FFB
:10B0E0000302010073B5114B1B78022B06460D4677
:10B0F00018D00F4C0846FFF745FF2946204604F0BC
:10B100006DFF238D8DF805301A0A01A829468DF8A8
:10B110000420F8F749FB3046214604F001FF94F87B
:10B12000260000E0002002B070BD00BF30BBFF1F52
:10B13000689BFF1F2DE9F04F504B1B78ADF59A4DE2
:10B14000022B8DB000F03D864D4B15AE324603F11B
:10B15000180518685968144603C40833AB422246E0
:10B16000F7D1186899889B79A371464B2060A1801C
:10B170000DAA03F1180518685968144603C408336A
:10B18000AB422246F7D118681B7923713E4B2060F1
:10B190000DF1200818683D499B8808900DF1B4090D
:10B1A0006E224846A8F80430002710F0ADFC384D58
:10B1B0000DF11A000DF5DC64F7F79FFD394644F2F6
:10B1C000506220462F601DF095FC2D20FCF72CFFCF
:10B1D000BA46304F16F80A001AF048FF3B784FF095
:10B1E000030B13FB03F393FBFBF000FA0BF011F0DE
:10B1F00065FC1AF087FF3B7813FB03F393FBFBF02E
:10B2000000FA0BF00AF1010A11F058FCBAF11F0F15
:10B21000DFD101238DF818309DF818A0BAF13D0F49
:10B22000B8AE39D800214FF4007230461DF062FCF0
:10B2300030465146FCF766F83378013BDBB2FD2B14
:10B2400018D82A689DF81810FF23A354A318B646EF
:10B25000597001219970D31CE6180DF53C7C73469A
:10B2600003CB6345306071609E4606F10806F6D157
:10B2700013322A609DF818300133CBE730BBFF1F33
:10B28000A3AF0200C2AF0200D9AF0200DFAF0200DD
:10B290004CBAFF1FA48CFF1F01238DF81830B24653
:10B2A0009DF818B0BBF1180F00F2508200214FF446
:10B2B000007230461DF01EFC59463046FBF78EF9F1
:10B2C000B0F1000B25DD9DF818100C2903D99DF86D
:10B2D0001A30022B06D0CDF800B030460F22B34B07
:10B2E000FFF7F6F9D5F800A09DF81820FF2304F821
:10B2F0000A3004EB0A030AF103005A700F229A7015
:10B30000204431465A46DA4410F0FEFB0AF10303AA
:10B310002B609DF818100DF11900F8F741FD9DF80C
:10B3200019A00AF00403CAF3C001CAF3011CCAF34E
:10B3300080104FEADA1EDBB21AF0030A05938DF88B
:10B3400019100FD02B689DF818B0FF22E254E218B4
:10B35000043382F801B04FF0100B82F802B082F88B
:10B3600003A02B60BCF1000F0FD02B689DF818A034
:10B37000FF22E254E218043382F801A04FF0030ADE
:10B3800082F802A082F803C02B6010B9BEF1000F52
:10B3900011D02B689DF818C0FF22E254E2180EF17C
:10B3A000010E82F801C070444FF0060C043382F89D
:10B3B00002C0D0702B60059B63B12B689DF818000C
:10B3C000FF22E254E21804335070122090700120E2
:10B3D000D0702B6061B12B689DF81810FF22E254E9
:10B3E000E21804335170132191700121D1702B6048
:10B3F0009DF818103046F8F75FFD317859B12B6889
:10B400009DF81800FF22E254E21804335070112016
:10B410009070D1702B6030469DF81810FBF728FC17
:10B42000B0F1000B25DD9DF818100C2903D99DF80B
:10B430001A30022B06D0CDF800B0304602225B4B0A
:10B44000FFF746F9D5F800A09DF81820FF2304F86F
:10B450000A3004EB0A030AF103005A7002229A70C0
:10B46000204431465A46DA4410F04EFB0AF10303F9
:10B470002B609DF818103046F8F7AAFD317859B1C5
:10B480002B689DF81800FF22E254E2185070042047
:10B4900003449070D1702B6030469DF81810F8F777
:10B4A000B1F9B0F1000B25DD9DF818100C2903D976
:10B4B0009DF81A30022B06D0CDF800B03046052298
:10B4C0003A4BFFF705F9D5F800A09DF81820FF23A7
:10B4D00004F80A3004EB0A030AF103005A7005224B
:10B4E0009A70204431465A46DA4410F00DFB0AF1B6
:10B4F00003032B609DF818103046F8F7F5FD3178FE
:10B5000059B12B689DF81800FF22E254E218043369
:10B51000507007209070D1702B6030469DF8181045
:10B52000F8F79EFE96F800A0BAF1000F6DD02B68D8
:10B530009DF81810FF22E254E21808200433BAF1F3
:10B54000670F5170907082F803A02B6005D0BAF19C
:10B55000320F02D0BAF1480F4ED13046FBF7E2FE6F
:10B560002B689DF81810FF22E2542344BAF1670FAC
:10B57000834659701CD10C2903D99DF81A30022B2F
:10B5800006D0CDF800B030460922084BFFF7A0F8EE
:10B590002B680393181D5A462044314610F0B4FA24
:10B5A000039B234409229A701FE000BF1091FF1FE4
:10B5B00015230DF20B3B009358461D22614BFFF7FC
:10B5C00087F8614B1A68131D584623440DF21F314A
:10B5D00050F804EB43F804EB8842F9D10178197074
:10B5E00022441D2393704FF0150B2B68E2185B4427
:10B5F000043382F803B02B60BAF1790F07D0BAF1A7
:10B60000590F3CD0BAF1320F39D0B2467BE000215D
:10B6100007A8F8F7B2F83046F8F7E9F80DF2E62097
:10B62000F8F7DAF8BBA8F8F79DF81C2300930A2274
:10B63000444B30460021FFF74BF8D5F800E0FF23DC
:10B6400004F80E3004EB0E0300225A700A229A709E
:10B650000EF10303B44623440DF53E7A624603CA55
:10B66000524518605960944603F10803F6D11068FA
:10B6700018600EF11F032B600DF53B7A39E09DF841
:10B6800018104B1E172B33D807A8F8F776F830465A
:10B690009DF81810FCF78FF9262300930A22294BF6
:10B6A0009DF818103046FFF713F8D5F800C09DF844
:10B6B0001820FF2304F80C3004EB0C030DF5407A3E
:10B6C0005A700A229A700CF10303324623449646BC
:10B6D000BEE80300D64518605960724603F10803BE
:10B6E000F5D11068186092889A800CF129032B60BC
:10B6F000B2462B689DF81C20E254E2189DF81D10FC
:10B70000517002332B6050469DF81810F7F702FB7A
:10B710009AF8003083B1C3F10B038AF800302B682C
:10B720009DF81810FF22E254E218043351700D21E5
:10B7300091703178D1702B609DF8183001338DF8FD
:10B740001830ADE51091FF1F4CBAFF1F5046002185
:10B75000F7F7E0FA9AF8003083B1C3F10B038AF8E7
:10B7600000302B68FF22E254E218002151700D21B5
:10B77000917004339DF8E012D1702B605046F7F7BA
:10B7800016FB9AF8003063B12B68FF22E254E218EE
:10B79000002151700E21917004339DF8E012D17098
:10B7A0002B605046F7F741FA9AF8003063B12B68E6
:10B7B000FF22E254E218002151700B2191700433F2
:10B7C0009DF8E012D1702B605046F7F77CFA9AF89A
:10B7D000003063B12B68FF22E254E218002151705F
:10B7E0001A21917004339DF8E012D1702B605046FD
:10B7F000F7F776FA9AF8003063B12B68FF22E2542B
:10B80000E218002151701B21917004339DF8E01261
:10B81000D1702B605046F7F749FA9AF8003063B1BF
:10B820002B68FF22E254E21800215170162191701A
:10B8300004339DF8E012D1702B605046F7F729FAD7
:10B840009AF8003063B12B68FF22E254E21800211D
:10B8500051701521917004339DF8E012D1702B6066
:10B860000DF11B00F7F7D4F94FF0010A00214FF456
:10B87000007230461DF03EF95046FEF7C7FF9DF8B6
:10B880001B30C0B2534508BF80F08000F8B1D5F836
:10B8900000B09649FE2304F80B3004EB0B034FF085
:10B8A000800C987083F801A0914B1B7803930BF1E7
:10B8B000030003FB0CF22044CDF810C010F024F973
:10B8C000039BDDF810C01CFB03B303332B600AF1AC
:10B8D000010A5FFA8AFABAF1050FC7D14FF0650A7B
:10B8E00000214FF4007230461DF004F95046FEF777
:10B8F00039FF9DF81B30C0B2534508BF80F080006F
:10B90000A0B12B68FE22E254E2180DF2E3619070C0
:10B9100082F801A0774A194402F1200052F804EBA2
:10B9200041F804EB8242F9D123332B600AF1010A7A
:10B930005FFA8AFABAF1850FD2D1D5F800B0FE23AA
:10B9400004F80B3004EB0B034FF0000A83F801A05E
:10B95000694B03930BF102001946D022204410F0EA
:10B96000D3F8039B0BF1D202B3F84AB02A60DA4550
:10B970001DDA504649A90BF0C5FC9DF8AA319BB1D0
:10B980002B68FE22E254E218AAF138010DF2E260BF
:10B990005170184449A940F2B912039310F0B4F859
:10B9A000039B03F2BB132B600AF1010ADFE706A831
:10B9B000F7F72EF930462021FDF71CF99DF818A065
:10B9C000BAF1000F1FD14D48FCF76AFA19F80A00C6
:10B9D0001AF04CFB3B78032413FB03F393FBF4F0C6
:10B9E000A04011F06BF81AF08DFB3B7813FB03F3CA
:10B9F00093FBF4F0A0400AF1010A11F05FF8BAF1EC
:10BA00006E0FE3D1DDE1BAF1640F4AD996E8070081
:10BA10000DF1280989E807005046FEF7A3FE3848D3
:10BA20001DA9F8F73DFE824608B136485AE00DF5EB
:10BA30009C60F6F751FA0DF59C601DA92022F6F7DF
:10BA400075FA0DF59C602E492022F6F76FFA0DF578
:10BA50009C6049460C22F6F769FA0DF59C601DA919
:10BA6000F6F785FA284B1B78022B07D0CDF800A0FB
:10BA7000204649461DAA2B68FAF7C6FA4B4603CB67
:10BA80002A68A05018681A4B1B7804EB020E643326
:10BA90000D32CEF80410CEF808008EF80C302A6073
:10BAA0004EE0BAF1040F4BD85046FEF7AFFE174AEE
:10BAB000106851681DAB03C390681860124B1B7867
:10BAC000022B07D00023009320461DA932462B6885
:10BAD000FAF79AFA202031460DF59C62F9F74EF9F3
:10BAE000C0B10B48FCF7DCF96BE100BFCC92FF1F43
:10BAF000FC91FF1FAC92FF1FACDDFF1F7BAE02006D
:10BB00007895FF1F6CAF020030BBFF1F60AF0200D3
:10BB100089AF0200AD4BD5F800A093F800904FF02C
:10BB2000800B04EB0A001BFB09AA0DF59C6109FBC5
:10BB30000BF20FF0E9FF0AF1010304F80A902B6001
:10BB40001DA8002120221CF0D5FF4FF000092B6812
:10BB5000DFF884A299454FF2280000F3B38044F245
:10BB60005C63994500F0AE801AF080FA3B784FF0A4
:10BB7000030B13FB03F393FBFBF000FA0BF010F045
:10BB80009DFF1AF0BFFA3B7813FB03F393FBFBF026
:10BB900000FA0BF010F092FF3046142105F0E2FDA0
:10BBA000DAF80030C9EB0303382B0DF59C6044DC58
:10BBB000F6F792F90DF59C601DA92022F6F7B6F96B
:10BBC000DAF8002004EB090BC9EB02020DF59C60CA
:10BBD0005946F6F7ABF90DF59C601DA9F6F7C7F9C4
:10BBE000DAF800205846C9EB02023146002303F080
:10BBF0009DFF4FF0000A024692455ADA16F80A00F5
:10BC000004921AF033FA3B784FF0030B13FB03F363
:10BC100093FBFBF000FA0BF010F050FF1AF072FAF1
:10BC20003B7813FB03F393FBFBF000FA0BF010F0EF
:10BC300045FF0AF1010A049ADEE7F6F74DF904EB35
:10BC4000090A0DF59C601DA92022F6F76FF95146EF
:10BC500039220DF59C60F6F769F90DF59C601DA978
:10BC6000F6F785F9504631463922002303F05EFF8E
:10BC70004FF0000A16F80A001AF0F8F93B784FF076
:10BC8000030B13FB03F393FBFBF000FA0BF010F034
:10BC900015FF1AF037FA3B7813FB03F393FBFBF025
:10BCA00000FA0BF00AF1010A10F008FFBAF14C0F8C
:10BCB000E0D1304600214FF4007209F139091CF03F
:10BCC00019FF44E71AF0D2F93B78032413FB03F37E
:10BCD00093FBF4F0A04010F0F1FE1AF013FA3B7859
:10BCE00013FB03F393FBF4F0A04010F0E7FE1DA854
:10BCF00031462022002303F019FF0024814618F862
:10BD000004001AF0B3F93B78032513FB03F393FB0C
:10BD1000F5F0A84010F0D2FE1AF0F4F93B7813FBCE
:10BD200003F393FBF5F0A840013410F0C7FE022C9A
:10BD3000E5D10024E3B24B4504F1010416DAF05CCE
:10BD40001AF094F93B78032513FB03F393FBF5F00A
:10BD5000A84010F0B3FE1AF0D5F93B7813FB03F3BB
:10BD600093FBF5F0A84010F0A9FEE3E718481AF09D
:10BD7000B5FF00240DAB174E185D1AF077F9337834
:10BD8000032513FB03F393FBF5F0A84010F096FE98
:10BD90001AF0B8F9337813FB03F393FBF5F0A840DE
:10BDA000013410F08BFE1D2CE4D109481AF096FFE7
:10BDB000094B00210DF5DC6044F2506219601CF063
:10BDC00099FE0DF59A4D0DB0BDE8F08FFC91FF1F67
:10BDD00000E5FF1FA48CFF1F4CBAFF1F7FB506466E
:10BDE0000D4614466846002110221CF083FE3046A2
:10BDF00069462A462346F9F799FF04B070BD7FB51E
:10BE000006460D4614466846002110221CF072FEBC
:10BE1000304669462A462346F9F7B4FF04B070BDA0
:10BE20002DE9F04100AF05461DF0D3F800F10903FC
:10BE300023F00703ADEB030D044600F1010828468B
:10BE40001DF0C7F82946024668460FF05DFE0B4B11
:10BE50001B78092B6E4606D1094B1B78012B0CBFB2
:10BE60006E23702300E063230DF804303046002376
:10BE700006F80830BD46BDE8F08100BFB78CFF1F53
:10BE800088BAFF1F38B52B4B1A782B4B05461B7809
:10BE900012B9002B4DD004E0002B4AD0274B1B6871
:10BEA0000BB9274803E0274B27481B782BB1FFF736
:10BEB000B7FFBDE83840FBF7F3BFFFF7B1FFFBF773
:10BEC000EFFFF6F77FFE002833D10346EA181F4C38
:10BED000117A6FF007025A4301FA02F22168013B1E
:10BEE0000A43191D2260F1D1194B1A4918680968D3
:10BEF000401A40F6B731884206D819684FF47A7371
:10BF0000B1FBF3F31A4422602068F6F703FEFAF758
:10BF1000CBF92268104B9A420BD9104B13440522DF
:10BF2000B3FBF2F3834204D91846BDE83840FAF770
:10BF3000CAB938BD5CBAFF1F99BAFF1F149CFF1F16
:10BF40004DB0020028BBFF1F66B0020008BAFF1FF9
:10BF5000CCE2FF1F4CBBFF1F6EA72B5D9258D4A2F3
:10BF600070B5854C2378022B054604D0834B1B7893
:10BF7000242B00F051825DB9294681481AF0AAFCB1
:10BF8000804B1B6805461BB110B10020FAF7B0F9D1
:10BF90007D4B1A687D4B1B689A4203D07C4B002274
:10BFA0001A70DDE1002D40F326827A4B744A1B782B
:10BFB00073B11179F1290BD0F42909D001F11200E4
:10BFC000C0B2012804D91F31C9B2062900F2248267
:10BFD0001179E139132900F2D881DFE811F014005A
:10BFE0003600420049004E0068009F00D601D6018D
:10BFF000D601D601730136011601B00055018B013F
:10C00000D601D601A50121780229634912D0096819
:10C0100011B1002B00F000825379FF2B04D10320D3
:10C02000BDE87040FDF76EBD55480021BDE8704089
:10C03000FEF7B2B80A6812B1002B00F0ED8150484B
:10C040000021BDE87040FDF7A3BF534A126812B14A
:10C05000002B00F0E1814A480021BDE87040FDF767
:10C06000A7BE4D4A1268002AE9D0002BE7D170BD67
:10C070004348BDE87040FFF705BF484B1978444B73
:10C080001B7811B9E3B146481BE0CBB1454B1B7897
:10C09000442B15D153796B2B4FF0020003D1BDE82F
:10C0A0007040FBF7ADBDBDE87040FBF753BE3B49A8
:10C0B000087837490D78B0B93DB9374D2D68CDB105
:10C0C0003948BDE87040FBF7EBBE93790C2B01D0EB
:10C0D000142BD8D11378BA2B00F09E812848BDE8E4
:10C0E0007040FCF757BE002DE7D02E4D2D78442D23
:10C0F000E3D104E009780029E2D00028E0D01278EA
:10C10000BA2A00F089812278022AE7D0274A1278D9
:10C11000002AE3D0002BE1D12548D2E71F4B1A7843
:10C120001B4B1B78002AADD0002BC9D01D4B1B78B0
:10C13000442BC5D11248BDE87040FBF7D7BF174963
:10C14000097800293AD012480078002836D01548DE
:10C150000078442800D113B90F4D2D6855BB2378C2
:10C16000022B00F059811378BA2B00F05581044856
:10C17000BDE87040FDF77CBB30BBFF1FD5B9FF1F8A
:10C180000CBAFF1FD8B9FF1F8890FF1F8C90FF1FAC
:10C1900099BAFF1F28BBFF1F149CFF1F5CBAFF1F2B
:10C1A0007AB0020002000240A2B0020020BBFF1FD2
:10C1B0004AA40200442801D1002BADD09379802BF2
:10C1C0007FF67EAF954B1B78092B7FF479AF002962
:10C1D0007FF476AF924C934B226803F1400153F801
:10C1E000040B42F8040B8B42F9D1FEF7E5F8206806
:10C1F000FDF73EFB0120F6F747FD402220680021B5
:10C200001CF078FC0022884BACE0884A1178884A00
:10C2100029B91378002B3FF453AF864851E71278C1
:10C22000002A3FF44DAF844A1278442A7FF448AF85
:10C23000002B3FF445AF2378022B00F0ED807948C6
:10C240000121BDE87040FEF72FB9784B1A78784B82
:10C25000002A3BD01B78002B3FF432AF764B1B7883
:10C26000442B7FF42DAF754B1B78002B7FF428AF48
:10C270002378022B00F0D080D520FBF7C5FB69485E
:10C28000BDE87040F9F756B9684B1A78684BEAB1C7
:10C290001B78002B3FF414AF674B1B78442B7FF4C3
:10C2A0000FAF664B1B78002B7FF40AAF2378022B6D
:10C2B00000F0B2808020FBF7A7FB5A48BDE8704031
:10C2C000F9F74CBA594B1A78594B0AB91B78A1E7C0
:10C2D0001B78002B3FF4F4AE574B1B78442B7FF4B4
:10C2E000EFAE2378022B00F097804E48BDE87040F7
:10C2F000F8F7F4BF4D4A11784D4A002989D01278D9
:10C30000002A3FF4DDAE4C4A1278442A00D11BB912
:10C3100045490968002931D12378022B7CD0414856
:10C32000BDE87040FEF7A8BB404A12783AB14049D8
:10C33000097821B140490978442900D113B93A4913
:10C34000096889B93E48FBF7ABFD002001211AF0CE
:10C35000E5F8012001461AF0E1F8642010F0AEFB88
:10C36000384A394B1A6070BD002A3FF4A9AE304AF2
:10C370001278002A3FF4A4AE2F4A1278442A7FF4A0
:10C380009FAE002B7FF49CAEC6E62378022B43D0F1
:10C39000294B1B78442B3FD1204B244C1B78092B75
:10C3A00009D123783BB91F480EF0A6FCFEF704F82C
:10C3B0000120F6F769FC237873B31D4B1B785BB340
:10C3C000224C267876B9642010F078FB1548257049
:10C3D00031461AF07FFA00B120701248BDE8704073
:10C3E0000AF0A8BDAE42F8D00E4825700AF0A2FDB2
:10C3F0000023237070BD2378022B0DD00B4B1B78CC
:10C4000053B10B4B1B783BB10B4B1B78442B03D127
:10C41000BDE870400AF08CBD70BD00BFB78CFF1F37
:10C42000B88CFF1F0CBAFF1F149CFF1F5CBAFF1FC4
:10C4300099BAFF1FB6B002000200024000BAFF1F07
:10C44000DBB002000400FA050CED00E054BAFF1F57
:10C450002DE9F043A74AA84F137893B0904673B1E3
:10C46000A64A14785CB921465022A5481CF042FB2C
:10C47000A448214609221CF03DFBFC7160E2A04D5E
:10C4800095F84040012C02D0E21E182A22D80BB3A6
:10C490009A4A1278F2B19C4E3278022A1AD095F854
:10C4A0002D20052A00D0AAB9DFF854829548002132
:10C4B000892309227971FB711CF01CFB4046FCF7B3
:10C4C00049FC002800F09B80904B1B78002B40F02B
:10C4D00096809CE0AF228B49FA7100220A72D1B299
:10C4E0000132A818407D3F28F9D0092905D900213B
:10C4F000092284481CF0FEFA81E004F0F702302A99
:10C5000002D0013C0B2C53D8002B59D07B4B1B780D
:10C51000002B00F011827C4C2378022B00F010825B
:10C5200012A8002300F8403DF6F7CDFB95F8403007
:10C53000302B19D0382B19D022781AB1704A0C330D
:10C5400082F8403095F840104B1E172B00F2F8810E
:10C550006F48FEF7C9F800218DF8080020226C48CA
:10C560001CF0C8FA012302E0822300E081239DF839
:10C570000820664C012A01D09A4207D10423237077
:10C58000F9F72CF9002121705E480FE00323237096
:10C59000604B61496148F5221A70F5F78FFD2B2039
:10C5A000FBF732FAFBF7D4FC56480021092229E0B8
:10C5B000202A05D123B1514B1B78002B40F0C081BC
:10C5C0002B784F4CFF2B40F0BB816378FF2B40F062
:10C5D000B781A378FF2B40F0B381E378FF2B40F0C5
:10C5E000AF812046FCF7B6FB002880D0474B1B7874
:10C5F000002B7FF47CAF4A4B04F1400288E14048B5
:10C600000021502213B0BDE8F0431CF073BA454A34
:10C61000136098F82E3003F0DF02402A40F0B78014
:10C6200041493F4E0B46022C53F8062BC6F8172003
:10C6300086BF033C5FFA84F84FF00108F21D163103
:10C6400053F8040B42F8040B8B42F9D1344C00210F
:10C6500004F11B0025221CF04DFAEF23337195F8ED
:10C660004030012B01D1822302E0032B02D1812330
:10C67000637101E084F805800923B37196F807908F
:10C68000337A274C9944737A9944B37A9944F37A6C
:10C6900019EB030916D163798DF80D304846F6F78A
:10C6A0001AFB63797F33DBB2012B04D802A8494619
:10C6B000FDF7FAFE18E1E72323711D2384F80580B6
:10C6C000A37161E000230DF107008DF807308DF8AC
:10C6D0000830F6F7F8FA642010F0F0F99DF807300A
:10C6E000012B25D06279934222D0FBB101238DF832
:10C6F00007301DE05CBAFF1FAC8CFF1F99BAFF1F0B
:10C7000071BBFF1F5DBAFF1F30BBFF1F00BAFF1FC9
:10C71000AC92FF1F999BFF1FDCB9FF1F8490FF1F86
:10C720000CBAFF1FD8B9FF1F81BBFF1F8DF8072070
:10C730007379854C03F17F02D2B2012A15D82046C5
:10C74000FDF796F895F84030012B0CBF822181212E
:10C7500002A8F7F741FE9DF80830092B40F0C4808D
:10C760000DF10700F6F7B7FABEE0002B00F0BC8031
:10C77000E623237104F108001D23E11D142284F82F
:10C780000580A3711CF09BF90120E071AAE01BB9A0
:10C7900098F82C3063B9ABE0202B09D0102B07D0D0
:10C7A000082B05D0042B03D0013B012B00F2A08005
:10C7B000022C84BF04F1FF345FFA84F8624C6348B2
:10C7C0004FF0E603237195F82F3098BF4FF0010822
:10C7D000042B03D0082B0CBF052303230021037077
:10C7E000F6F7BBFA33781BB108F10C06F6B200E09D
:10C7F000464695F82E30042B0DF10700314608D13E
:10C80000F7F7CEFA9DF8073003F03F0363F07F039C
:10C8100010E0202B08D1F7F7C3FA9DF8073003F09A
:10C820003F0343F0400305E0F7F7BAFA9DF80730FD
:10C8300003F03F0302A831468DF80830F7F7F8FA05
:10C840000A23002139224248A37184F805801CF094
:10C8500051F9404B3E4803F11002114653F8045B76
:10C8600040F8045B9342F9D10023E518D8B2AD7DBE
:10C8700000F11002D2B235B9013B00F10F0213F101
:10C880000F0FD2B2F1D1D31DE0180D68E5508B889F
:10C890008380314B0D32224403F1100153F8040B15
:10C8A00042F8040B8B42F9D1E279237A1344627A7D
:10C8B0001344A27A1344E27AD34212D12248FBF7FE
:10C8C00015FC31460DF10700F7F76AFA9DF80730BD
:10C8D00002A803F03F0331468DF80830F7F7A8FAB5
:10C8E00002E00120FFF73CFB1C4B1A7801321A7062
:10C8F0001A4B18481B783B71002403232146502211
:10C900007B71FC711CF0F6F80F482146402279E655
:10C9100054F8041B43F8041B9442F9D198F80030F2
:10C9200033B10F4B1B781BB90E48FBF7B9FA07E080
:10C930000120FFF715FB03E0202A7FF441AE3AE621
:10C9400013B0BDE8F08300BF0CBAFF1FA48CFF1F1B
:10C9500013BAFF1F71BBFF1F87BBFF1FB58CFF1FE3
:10C9600099BAFF1FB49B020038B5064C04F11005BC
:10C9700014F8011F2F2904D90348F5F76EFCAC42C7
:10C98000F6D138BD10BAFF1FFCBAFF1F70B50024E6
:10C99000944204D0CD18065D2E550134F8E770BDE1
:10C9A00013B580210DF10700F7F716FD9DF807304C
:10C9B000612B1BD00E4B0F4C04221A60EF23237106
:10C9C000802320216371E01D6123A371FCF712F91C
:10C9D0002046FCF74DFF0021402220461CF08AF83B
:10C9E0000020014602460523FDF764FF02B010BD9A
:10C9F000D8B9FF1F0CBAFF1F10B51B4C19F044FD2E
:10CA00000323204602210A2203F028F92046174971
:10CA1000174A1BF0DBFF174B17481A68174B0F21FB
:10CA20001A60174AF5F7BEFB0A21164A1648F5F7B1
:10CA3000B9FB41F28831154A15480023F5F7C2FBCE
:10CA400044F62061134A14480023F5F7BBFB40F677
:10CA5000C4111248124A0023F5F7B4FB11481249D9
:10CA6000BDE81040F5F7F2BBE0BAFF1FBBFC0000C9
:10CA70007C8CFF1FCCE2FF1F34BBFF1F4CBBFF1F92
:10CA8000816100005582000050BBFF1FB58400008B
:10CA9000DCB9FF1F21A40000F09BFF1FA8BAFF1FF5
:10CAA00055610000FCBAFF1F05B10200074B1A7860
:10CAB0001206FBD530221A70C1F30742D8719A7161
:10CAC000C1F30722C9B25A711971704700000240C0
:10CAD00020F4FF6110B521F007010120FFF7E6FF08
:10CAE000084B02221A70084A0023137002F8013C16
:10CAF00072B6064C204620F02FFC62B6207800F07B
:10CB0000310010BD0B0002400A000240000002404C
:10CB100010B50C4620F00301B1F5006F00D2EAB168
:10CB2000A1F5A0620C2A00D8DBB10620FFF7BEFFFA
:10CB30000D4BE2781A70A27803F8012C627803F8A2
:10CB4000022C227803F8032C72B6084C204620F001
:10CB500003FC62B6207800F0310010BD4FF0FF30CA
:10CB600010BD6FF0010010BD0B000240000002403C
:10CB700010B520F4FF6424F00704B4F5006F00D270
:10CB800031B12046FFF7A4FF90B124B9204610BD73
:10CB90004FF0FF3010BD09202146FFF787FF72B626
:10CBA000044C204620F0D8FB62B6207800F031001B
:10CBB00010BD00BF0000024010B5124C23781B06C8
:10CBC000FBD530232370104B06221A70002203F885
:10CBD000012C042203F8022C0C2203F8032C0B4A2C
:10CBE000FF23137002F8013C02F8023C084B187056
:10CBF00072B6204620F0B0FB62B6207800F031001B
:10CC000010BD00BF00000240070002400B000240C0
:10CC100008000240014B0360704700BF18B10200DA
:10CC200010B5034B036004461AF0A8F8204610BD67
:10CC300018B10200014B0360704700BF18B1020039
:10CC4000014B0360704700BF48B1020010B5034BB1
:10CC5000036004461AF092F8204610BD48B1020065
:10CC6000014B0360704700BF48B102002DE9F84353
:10CC70001E4603689DF82070DB6804460D46914609
:10CC80009847236880461B6920469847464505D843
:10CC90002846494632460EF037FF14E023683246F4
:10CCA00049465B6920469847236820469B68984719
:10CCB000236806469B6920462946324698472368E2
:10CCC00020461B699847AB1918463946C6EB08023F
:10CCD0001BF010FF03469D4205D015F8012B7A404A
:10CCE00005F8012CF7E7BDE8F88310207047FFFF37
:10CCF000184B0A789A5C02704A799A5C42708A7A78
:10CD00009A5C8270CA7B9A5CC2700A799A5C0271E2
:10CD10004A7A9A5C42718A7B9A5C8271CA789A5C80
:10CD2000C2710A7A9A5C02724A7B9A5C42728A7871
:10CD30009A5C8272CA799A5CC2720A7B9A5C0273AC
:10CD40004A789A5C42738A799A5C8273CA7A9B5C4D
:10CD5000C373704778B10200184B0A789A5C02706E
:10CD60004A7B9A5C42708A7A9A5C8270CA799A5C31
:10CD7000C2700A799A5C02714A789A5C42718A7B25
:10CD80009A5C8271CA7A9A5CC2710A7A9A5C02725F
:10CD90004A799A5C42728A789A5C8272CA7B9A5CFF
:10CDA000C2720A7B9A5C02734A7A9A5C42738A79ED
:10CDB0009A5C8273CA789B5CC373704778B2020036
:10CDC0002DE9F0430C788B78CA784D7861000E120B
:10CDD00077003E4406EBC6064E4069000F124FEA4C
:10CDE000470CBC440CEBCC0C8CEA010C59000F1224
:10CDF0004FEA4708474407EBC7074FEA42084F404E
:10CE00004FEA28214FEA4109494401EBC10181EA77
:10CE1000080183EA0508F6B282EA08085FFA8CFC8A
:10CE200086EA08088CEA080880F8008083EA04088B
:10CE300082EA08086C40FFB262408CEA080C5C4051
:10CE4000C9B287EA0C0C664057404F40714080F8E9
:10CE500001C08770C170BDE8F083FFFF2DE9F04F7E
:10CE60000C784D788A78C97863001E1277003E44AA
:10CE700006EBC60687B07340DBB200936B001E1250
:10CE80004FEA4609B14409EBC90989EA030953008D
:10CE90001E1277003E4406EBC6067340DBB20193D8
:10CEA0004B001E1277003E4406EBC6067340DBB211
:10CEB000AE00029337124A4BDF5D7E40F6B2039616
:10CEC000960037124FEA840ADF5D7E40F6B2049680
:10CED0008E0037125FFA89F9DF5D7E40F6B2059663
:10CEE000E600371213F8078088EA0608EE003712CA
:10CEF0005FFA88F813F807C08CEA060CD6003712E0
:10CF00005FFA8CFCDF5D7740CE004FEA262BFFB244
:10CF100013F80BB08BEA06064FEA2A2BF6B213F889
:10CF20000B30DDF810B083EA0A0A82EA05034B40B1
:10CF30008BEA03038CEA0303DDF800B07B40734007
:10CF400088EA0A0A8BEA03035FFA8AFA89EA03038A
:10CF50008AEA0303DDF80CB0037082EA04034B4055
:10CF60008BEA0303DDF814B08BEA03036C40DDF8B1
:10CF700010B088EA03038CEA030361407B408BEA2C
:10CF8000010173408CEA010189EA03037940DDF86D
:10CF90000490DDF814B0714089EA030389EA0101C5
:10CFA000DDF80C904370544089EA04048BEA0404D1
:10CFB000029BDDF8089088EA04088CEA080C5940C6
:10CFC00087EA0C07009B7E405E408AEA010A89EAF4
:10CFD000060680F802A0C67007B0BDE8F08F00BF5B
:10CFE00070B10200F0B5856889B00F460023EC5C93
:10CFF000D15C61400DF803100133102BF7D1067995
:10D00000103504AC012E204669461FD9FFF770FE8B
:10D0100068462146FFF7D4FE01A805A9FFF7D0FE18
:10D0200002A806A9FFF7CCFE03A807A9FFF7C8FED0
:10D030000023E95C1DF803204A400DF8032001336A
:10D04000102BF6D1013E1035F6B2DAE7FFF750FEAD
:10D050000023E95CE25C4A40FA540133102BF8D11A
:10D0600009B0F0BD2DE9F0418368057988B003EB84
:10D07000051506460F460023E85CD15C41400DF8DB
:10D0800003100133102BF7D104AC20466946FFF79B
:10D0900063FE3679012E23D9A5F110080023EA1882
:10D0A00012F8101CE25C4A40E2540133102BF6D116
:10D0B00068462146FFF7D2FE01A805A9FFF7CEFE7C
:10D0C00002A806A9FFF7CAFE03A807A9FFF7C6FE34
:10D0D000013E20466946FFF73FFEF6B24546D9E7D6
:10D0E0000023EA1812F8101CE25C4A40FA5401339B
:10D0F000102BF6D108B0BDE8F081FFFF10B5034B4F
:10D100000360044602F028FA204610BD80B30200F6
:10D1100010B50446FFF7F2FF204619F02FFE204617
:10D1200010BD017980680131090100F073BBFFFF78
:10D1300010B5044602F020FA034B2360002323714C
:10D14000A360204610BD00BF80B3020030B5084880
:10D150005478084D045DEB5C5C400C709378C35CC4
:10D160004B70D378C35C8B701378C35CCB7030BDCD
:10D1700078B10200A0B302001078064B185C08706A
:10D180005078185C48709078185C8870D2789B5CF6
:10D19000CB70704778B10200CB692DE9F047DD0F05
:10D1A00023F000460B46132401EB820C43F81C6F5E
:10D1B0008246A5FB04450CF11C0C63450FD053F8C7
:10D1C000049F53F8200C261845F100074FF026085D
:10D1D000E8FB096743F8206C3C460025EDE7072A89
:10D1E0000FD80FFA82FC013251F82C30D2B2E61877
:10D1F00045F10007082A41F82C603C464FF0000535
:10D20000EFD12626A4FB0623CC6906FB0533E60FE7
:10D21000132524F00044E5FB0623CC6100268F593A
:10D22000D4198C5106F1040643F10005202E2A463C
:10D230004FF00003F3D11E46132200238F59D41957
:10D2400001EB060706F1040643F10005202E3C62BF
:10D250002A464FF00003F1D1CC6BE21724F00044D2
:10D26000D643CC63CC18256ACC58154034402C43A7
:10D270004AF803400433202BF4D1BDE8F08770B5A1
:10D28000002188B013220023465894194DF801401C
:10D2900001F1040143F1000520292A464FF0000363
:10D2A000F2D1079CE11724F00044CA4307945DF8CB
:10D2B000034001EA0405C45814402C43C45004330D
:10D2C000202BF4D1104608B070BDD1F800C02DE974
:10D2D000F04700238A4600240025D658A046A946D8
:10D2E000ECFB068940F803800433202B4C464FF0BA
:10D2F0000005F2D1C0F82090AC4604300AEB0C03D4
:10D300000024D3F8048000250023C658D1580027F4
:10D31000E8FB01673619C65003F1040347EB050724
:10D32000202B3C464FF00005EFD10CF1040CBCF172
:10D330001C0F076200F10400E0D1BDE8F08710B5D2
:10D3400090B004466846FFF7C0FF204669460822B1
:10D35000FFF722FF10B010BD0A46FFF7F0BFFFFF36
:10D360002DE97043002290B0002600238C590B4D0C
:10D3700090469946E5FB04894DF806800436202E38
:10D380004A464FF00003F1D169460122CDF82090C2
:10D39000FFF702FF10B0BDE8708300BF41DB010062
:10D3A0002DE9F047D2F800E090B082460023002437
:10D3B0000025CE58A046A946EEFB06894DF803800D
:10D3C0000433202B4C464FF00005F2D1CDF82090CD
:10D3D00001AB0DF1200852F804CF4FF0000E0024ED
:10D3E000002553F80E6051F80E000027ECFB006793
:10D3F000361943F80E600EF1040E47EB0507BEF137
:10D40000200F3C464FF00005EBD11F62043343452B
:10D41000E1D1504669460822FFF7BEFE10B0BDE8D4
:10D42000F0872DE9F043002300240025D758CE587B
:10D430004FF0000916EB070849F1000918EB040644
:10D44000C65003F1040349EB0507202B3C464FF07F
:10D450000005EBD1BDE8F043FFF711BF2DE9F04F18
:10D46000002300252E4601240025002706EA040A91
:10D4700007EA050BD458CD582C1B65EB0505B4EB1A
:10D480000A0465EB0B05C4500433202BEAD12A466D
:10D4900013241440002502683D400023121B63EB57
:10D4A00005030260014600F11C064A684FF00009BE
:10D4B000012400251C4005EA09050023121B63EB2B
:10D4C000050341F8042FB142EFD122F00043C361BC
:10D4D000BDE8F08F2DE9704300240125B4EB00086E
:10D4E00065F1000900250E4609F1FF342B46F0587E
:10D4F000D158414021404840F050D0584140D1508F
:10D500000433202BF3D1BDE870832DE97043002450
:10D510000125B4EB000865F1000900250E4609F16C
:10D52000FF342B46F158D058484020404140F1503C
:10D530000433202BF6D1BDE87083202100F06AB9B6
:10D5400070B588B0044668460E46FFF705FF09250A
:10D5500068466946013DFFF7FFFE15F0FF05F7D16C
:10D56000204669463246FFF7EAFE17250A26684636
:10D570006946013EFFF7F0FE16F0FF06F7D12046A0
:10D5800021466A46013DFFF7DAFE15F0FF05EDD1B1
:10D5900068462146FFF7E0FE204621466A46FFF72F
:10D5A000CEFE082568466946FFF7D6FE013D2046B7
:10D5B00021466A46FFF7C3FE15F0FF05F2D1684623
:10D5C000FFF7BBFF08B070BD38B504460D46FFF746
:10D5D000B7FF20462146FFF7BFFE20462146FFF752
:10D5E000BBFE2A4620462146FFF7A9FE20462146DB
:10D5F000FFF7B2FE20462146FFF7AEFE2A46204640
:10D600002146FFF79CFE20462146FFF7A5FE204657
:10D6100021462A46BDE83840FFF791BE2DE9F04F7C
:10D62000F1B0074688466846114642B120230821DA
:10D6300001F0CCF8079B23F00043079304E020227D
:10D640001BF058FA092300936846FFF718FE0021E3
:10D65000202200F0010608A81BF04CFA6D460123B9
:10D660000021202218A808931BF044FA0FCD10AC1B
:10D670000FC495E80F0008AD84E80F000FCD20AC73
:10D680000FC495E80F004FF0FF0B84E80F004FF038
:10D690001F090024402518F809A005EA0A0A84EAAF
:10D6A0000A04204608A910AAFFF714FF204618A96B
:10D6B00020AAFFF70FFF18AA28A808A9FFF7B1FEB4
:10D6C00050A828A9FFF748FE18AA30A808A9FFF714
:10D6D000C5FE58A830A9FFF73FFE48A850A958AA90
:10D6E000FFF7BCFE38A810A920AAFFF79AFE40A8B1
:10D6F00010A920AAFFF7B2FE60A840A928AAFFF748
:10D700001EFE68A838A930AAFFF719FE68AA10A85B
:10D7100060A9FFF786FE10A80146FFF71DFE68AA64
:10D7200020A860A9FFF79AFE20A80146FFF714FE83
:10D7300020A801466A46FFF702FE58AA08A850A989
:10D74000FFF7FDFD18A848A9FFF70AFE18A8014633
:10D7500050AAFFF766FE18A8014648AAFFF7EFFD9A
:10D760006D0808D109F1FF394FEACA145FFA89F947
:10D77000E4B2802501E04FEA5A040BF1FF3B1BF0B5
:10D78000FF0B88D1204608A910AAFFF7A3FE20AA04
:10D79000204618A9FFF79EFE20A818A9FFF714FF3E
:10D7A00008A8014620AAFFF7CAFD20210DEB0102BF
:10D7B0000823384601F020F86846FFF7BEFE08A8A7
:10D7C000FFF7BBFE10A8FFF7B8FE18A8FFF7B5FEDD
:10D7D00020A8FFF7B2FE28A8FFF7AFFE30A8FFF79A
:10D7E000ACFE38A8FFF7A9FE40A8FFF7A6FE48A8A0
:10D7F000FFF7A3FE50A8FFF7A0FE58A8FFF79DFE75
:10D8000060A8FFF79AFE68A8FFF797FE304671B050
:10D81000BDE8F08F0144884203D00023037001303B
:10D82000F9E77047002370B51C46934205D0CE5CE3
:10D83000C55C75402C430133F7E7C4F58070C0F335
:10D84000002070BD08B540680368DB68984708BDD4
:10D850000C207047102070472DE9F0471F4690F8C4
:10D86000703006468A4690462BB9083000F020FEFC
:10D87000012386F870303D46D146002D43D096F8FE
:10D8800071300F2B21D996F83F3096F83E20706802
:10D89000013386F83F3002EB132396F83D2086F8DB
:10D8A0003E3002EB132396F83C2086F83D3002EB25
:10D8B000132386F83C30036806F140015B6906F1EA
:10D8C00030029847002386F8713096F87130C3F122
:10D8D0001000C0B2A84288BFE8B203F1400203447E
:10D8E000324486F871302D1A0024E3B2984207D0F2
:10D8F000115D18F804304B4009F804300134F4E7A6
:10D9000080448144B9E706F1080051463A4600F0E8
:10D91000A0FDD6E91A45E41945F10005C6E91A4506
:10D92000BDE8F0872DE9F04F0C2A824687B01446F7
:10D930000AF1300311D10A68CAF830204A685A60E7
:10D940008A689A6000228AF83C208AF83D208AF88A
:10D950003E2001228AF83F202CE00AF1080B5846AD
:10D960000193670F00F075FD584600F0A1FDE60039
:10D970000021102202A800244FEA07681BF0BAF821
:10D9800035BA1022584602A944EA0804CDE90445F4
:10D9900000F05FFD02A81021FFF73CFF019B5846F5
:10D9A0001946102200F091FD58460AF1500100F08E
:10D9B00042FD019B002000210022CAE91801CAE9AA
:10D9C0001A018AF87020DAF8040010228AF871200F
:10D9D00002680AF1500154691A46A047012007B0B5
:10D9E000BDE8F08F10B5044640680368DB699847CE
:10D9F00004F1080000F07AFD04F130004821FFF73F
:10DA000009FF102384F8713010BD70B505464068D9
:10DA100003681B699847064688B105F15004002148
:10DA2000102220461BF066F86868036821465B698F
:10DA30002246984705F10800214600F0FCFC3046DC
:10DA400070BDF8B590F87030064617464BB90830EF
:10DA500000F0FFFCD6E91845E41945F10005C6E9D8
:10DA60001845F8BD102A70B50E4614460DD8036847
:10DA700000F1300529461022DB6A984728463146D6
:10DA80002246BDE87040FFF7CDBE002070BD2DE9F5
:10DA9000F04F804600F1080985B048468B46924613
:10DAA00000F006FDD8F86420D8F86030D50045EACB
:10DAB0005375DC002ABA23BACDE90023D8F86C20CC
:10DAC000D8F86830D500DC0045EA5375102227BA33
:10DAD000484669462EBACDE9026708F1400400F0D5
:10DAE000B8FC68461021FFF795FE102248462146F3
:10DAF00000F0EBFC4346002293F8401093F85000EE
:10DB000001324140102A83F8401003F10103F3D1A0
:10DB100058462146BAF1100F34BF5246102205B0C4
:10DB2000BDE8F04F0DF0F0BF10B5084B044648219A
:10DB300040F8303BFFF76EFE04F1080000F074FC83
:10DB4000204601F0E7FD204610BD00BFB8B302003B
:10DB500010B50446FFF7E8FF204619F00FF92046FC
:10DB600010BD2DE9F8431F4690F8703006468946EF
:10DB7000904600F108042BB9204600F099FC0123DF
:10DB800086F87030204641463A4600F062FCD6E9FD
:10DB90001A45E41945F10005C6E91A45002F43D09E
:10DBA00096F871300F2B21D996F83F3096F83E2029
:10DBB0007068013386F83F3002EB132396F83D205E
:10DBC00086F83E3002EB132396F83C2086F83D3071
:10DBD00002EB132386F83C30036806F140015B69D1
:10DBE00006F130029847002386F8713096F87120CC
:10DBF000C2F11003DBB2BB4288BFFBB202F14000AE
:10DC00001A4486F871203044FF1A0022D1B28B42A8
:10DC100007D0845C18F80210614009F80210013244
:10DC2000F4E799449844B9E7BDE8F88338B5044669
:10DC3000002501F083FD0A4B2360656004F10800B4
:10DC400000F0EEFB00220023C4E91823C4E91A23E4
:10DC5000102384F8713084F87050204638BD00BF1E
:10DC6000B8B30200402070478020704710B50446CA
:10DC7000D8210830FFF7CEFD236820461B6998475E
:10DC800010BDFFFF70B50C4D044600F1080205F110
:10DC900040062B4603CBB342106051601D4602F193
:10DCA0000802F6D10023002284F8D8300023C4E90A
:10DCB0003223C4E9342370BDF0B3020010B5064B23
:10DCC0000446D82140F8083BFFF7A4FD2046FEF7A4
:10DCD000B7FF204610BD00BF38B4020010B504469F
:10DCE000FFF7ECFF204619F049F8204610BDFFFF72
:10DCF00010B50446FEF7B4FF034B23602046FFF740
:10DD0000C1FF204610BD00BF38B402002DE9F04F1E
:10DD10000021C3B000F14806D6E9004508312ABA0F
:10DD200023BA8029E6E80223F6D1D0E90223D0E91C
:10DD30000445D0E90667D0E90889CDE91423CDE987
:10DD40001645D0E90A23D0E90C45CDE91867CDE99D
:10DD50001A89D0E90E67D0E91089CDE91C23CDE9F5
:10DD60001E45CDE92067CDE92289CDE90C89CDE9B1
:10DD70000667CDE9084592469B46DDE91845DDE991
:10DD80001A23DDE91667DDE91489CDE90023CDE921
:10DD90000A45CDE90467CDE902890021694EDDF825
:10DDA0000CC042187318D2E91245D3E900231219A6
:10DDB0004FEA9A4444EA8B340E944FEA9B4444EA77
:10DDC0008A340F944FEA9A3444EA8B4424944FEAFD
:10DDD0009B3444EA8A444FEACA57259447EA5B27B2
:10DDE000DDE9248943EB05032697DDE90E454FEA7B
:10DDF000CB5747EA5A27279784EA080485EA09059A
:10DE0000DDE9268984EA0804121985EA090543EB4D
:10DE10000503DDE90689DDE9084528EA0A0804EA80
:10DE20000A0405EA0B0529EA0B0988EA040889EACD
:10DE30000509DDE90C4518EB020849EB030914EB71
:10DE4000080445EB0905DDE90423DDE90A8988EAD0
:10DE5000020889EA0309DDE9022302EA080203EA6B
:10DE60000903CDE90C23DDE90489DDE90A2302EA8F
:10DE7000080203EA0903DDE90C8988EA020889EA55
:10DE80000309CDE90C89DDF808904FEA897343EA6C
:10DE90009C0328934FEA8C7343EA990329934FEA32
:10DEA000197343EA0C134F462A934FEA1C7343EA53
:10DEB00007132B93DDE92A89DDE9282383EA090387
:10DEC000B9467F0647EADC172C974FEA4C6747EACA
:10DED000D9172D9782EA0802DDE92C8982EA080227
:10DEE00083EA0903DDE90C8918EB020849EB030911
:10DEF000DDE90023121943EB0503083118EB040890
:10DF000049EB05098029CDE900231DD0DDE906454F
:10DF1000DDE90867CDE90C45CDE908ABDDE904454D
:10DF2000CDE906679246DDE902679B46DDE90A23F3
:10DF3000CDE90467CDE90023CDE90A45CDE90289A1
:10DF40002CE700BF60B4020078360E96012101F084
:10DF50000F0300EBC303D3E9124501F10D0303F0F6
:10DF60000F0300EBC303D3E91267CDE90C67260A60
:10DF700046EA05662E962E0A46EA04662F9666083D
:10DF800046EAC57630966E0846EAC4763196DDE9F3
:10DF90003023DDE92E675F40E309564043EA4562DE
:10DFA000EB0910921193DDE9104501F10F0C0CF013
:10DFB0000F0C00EBCC0C66406F40DCE912453619C3
:10DFC00001F1080404F00F0400EBC40447EB05075B
:10DFD000D4E91245361947EB05070C9D0D9AEC0064
:10DFE00044EA52743294D40044EA5574134633948C
:10DFF000EC0C44EA43342A463494DC0C44EA4234C0
:10E000003594DDE93423DDE932455D400C9B544015
:10E010000D9A9B0943EA82620D9B12929B0913930E
:10E02000DDE912235440361985EA0305009C47EBCD
:10E030000507019DA30C43EA85333693AB0C43EAF5
:10E0400084333793A30B43EA8543CCE912673893B3
:10E05000AB0B43EA84433993AC46DDE93623DDE973
:10E0600038456B40009D6240EC0544EA5C243A94DC
:10E070004FEACC54DDF800C044EA5C243B94DDE96F
:10E080003A4554405D40DDE9002302EA0A0203EA12
:10E090000B03CDE92445CDE92623DDE90045DDE983
:10E0A000082322EA040423EA050522462B46DDE97B
:10E0B000264554405D40DDE92423121943EB050356
:10E0C000CDE90C230E9BF3E902450E93DDE90C2309
:10E0D000121943EB0503DDE90645921943EB0703EB
:10E0E000A41845EB0305DDE90267CDE90645DDE946
:10E0F0000445DDE904237D403B4005EA09055D4018
:10E100004FEA887343EA99033C934FEA897343EAE1
:10E1100098033D934FEA187343EA09133E934FEA7D
:10E120001973744043EA081332403F9304EA080429
:10E13000DDE93E675440DDE93C2372404FEA486622
:10E1400046EAD91640964FEA496646EAD8167B4019
:10E15000419640AFD7E900677240A41883EA0703ED
:10E1600045EB0305DDE90667DDE90A23921943EB78
:10E1700007030131A41945EB0705412916D0DDE954
:10E180000867CDE908ABCDE90667DDE900ABDDE95D
:10E190000267CDE90023DDE90423CDE90289CDE959
:10E1A0000A23CDE90467A046A946D0E6DDE9146755
:10E1B000A41945EB0705C0E90245DDE9164518EB52
:10E1C000040849EB0509DDE91867DDE90245A419F2
:10E1D00045EB0705C0E90489C0E90645DDE91A8970
:10E1E000DDE9044514EB080445EB0905C0E90845E1
:10E1F000DDE91C45121943EB0503DDE91E67C0E9A3
:10E200000A23DDE90023921943EB0703C0E90C233D
:10E21000DDE9202312EB0A0243EB0B03DDE922893F
:10E22000C0E90E23DDE9082312EB080243EB0903E2
:10E23000C0E9102343B0BDE8F08F00BF2DE9F84FCF
:10E240009346D0E932234FEACB06B6184FEA5B7704
:10E2500047EB03079F4208BF964282460D46C0E93E
:10E260003267D0E9348927D218F1010849F1000951
:10E27000C0E9348920E09AF8D820C2F18004E4B2E1
:10E280005C4588BF5FFA8BF40AF1480010442946C8
:10E2900022460DF039FC9AF8D8202244D2B2802AC6
:10E2A0008AF8D820C4EB0B0B254405D15046FFF764
:10E2B0002DFD00228AF8D820BBF1000FDBD1BDE88C
:10E2C000F88F2DE9F84300F1480890F8D8309146CE
:10E2D000802208F8032090F8D82006466F2B02F120
:10E2E00001000F4640444FF0000114D8C2F16F0204
:10E2F0001AF000FCD6F8D010D6F8D4000BBA02BA47
:10E30000D6F8C810D6F8CC00C6E92E2302BA0BBA4C
:10E31000C6E930231BE0C2F17F021AF0EBFB304666
:10E32000FFF7F4FC7022404600211AF0E3FBD6F818
:10E33000D030D6F8D4201DBA14BAD6F8C830D6F8E2
:10E34000CC20C6E92E4514BA1DBAC6E93045304680
:10E35000FFF7DCFC06F14003002053F8382C53F89B
:10E36000341C08300CBA15BA4028E3E90245F4D150
:10E3700038464146B9F1400F34BF4A464022BDE815
:10E38000F8430DF0C1BB37B513460D46362204469F
:10E39000009200F148012A46FEF768FCD4E93223D6
:10E3A00012F5806243F100032046C4E9322303B032
:10E3B000BDE83040FFF7AABC2DE9F04105461E46F6
:10E3C00055F8483B92B08846174602A99B694022FF
:10E3D000044698475C2329460093204642463B4624
:10E3E000FEF744FCD4E9322312F5806243F10003C6
:10E3F000C4E932232046FFF789FC2268204653698E
:10E4000002A940229847226820469369189A31460B
:10E41000984702A84021FFF7FDF912B0BDE8F0814E
:10E42000002280F82020704710B524210446FFF711
:10E43000F1F9204610BD10B5044601F027F804F1AB
:10E440001000002110221AF055FB002384F8203020
:10E4500010BDF8B504460F46164646B394F8202082
:10E46000C2F11003DBB2B34204F1100088BFF3B273
:10E4700002440025E9B2994207D217F805C0515D60
:10E480008CEA010151550135F4E794F820201A4433
:10E49000D2B2102A84F82020C3EB06061F44DCD138
:10E4A000214601F00AF8002384F82030D5E7F8BDB2
:10E4B00010B590F82030044633B11030214600F0FA
:10E4C000FCFF002384F8203010BD70B504460E46D2
:10E4D0001546FFF7EDFF304604F11001102D34BF53
:10E4E0002A461022BDE870400DF00EBB2421FFF734
:10E4F00091B910B540210446FFF78CF904F14000B2
:10E500004021FFF787F9204610BDFFFFB0F88410C7
:10E51000002262F30E01A0F88410C1F3072141F03C
:10E52000800180F885100649C0F88020C0F8882056
:10E53000C0F88C1080F8A02080F8A120704700BFA0
:10E5400080EE36002F29B0F8840007D9C0F30E0002
:10E55000B0F5C07FB4BF002001207047C0F3CB00EE
:10E5600081428CBF00200120704738B5036B044600
:10E57000013300F14005036314222846214601F0CF
:10E58000B0F9284604F1100304F1700250F8041B9E
:10E5900043F8041B9042F9D10EF070FA636B5840B7
:10E5A000606338BD2DE9F047B0F884301646C3F3F8
:10E5B0000E02B6EBD20F96BFA2EBC6026FF30E03AC
:10E5C00062F30E0304468946A0F8843035460027DE
:10E5D00009EB060AC5EB0A0A35B30F2F04D920460A
:10E5E000FFF7C3FF012701E00137FFB2236B04F1FE
:10E5F00040080133236340462146142201F071F99B
:10E600003F2D05D8504641462A460DF07DFA0BE0D5
:10E610004346524608F1400153F8040B42F8040BFC
:10E620008B42F9D1403DD3E72046BDE8F047FFF7E4
:10E630009CBFFFFF036B10B5013304460363214603
:10E640004030142201F04DF92046FFF78EFF024BB7
:10E650001B68C4F8883010BDCCE2FF1F38B50446F3
:10E66000002394F8A0205D1CDBB29A4207D9243322
:10E6700054F823000368DB6898472B46F1E7074B03
:10E680001A68D4F88830D21AD4F88C309A4204D35D
:10E690002046BDE83840FFF7CDBF38BDCCE2FF1FB4
:10E6A000B2EBD30FF8B504460E46154601D802B1B9
:10E6B000D300B4F88420C2F30E01C1F5C0709842B3
:10E6C0008CBF5B184FF4C07363F30E02A4F8842070
:10E6D000ADB1302D34BF2A46302204F11001AD1AFD
:10E6E0000023CF5CF05C7840C85401339342F8D1EA
:10E6F00020461E44FFF739FF002DEAD102E02046F4
:10E70000FFF733FF94F88530DA090FD0B4F884208E
:10E71000C2F30E02B2F5C07F08DB6FF3C71384F8B3
:10E7200085302046BDE8F840FFF784BFF8BDFFFF05
:10E7300038B51B4BC0F880200D460446024603F155
:10E74000100153F8040B42F8040B8B42F9D1154B1E
:10E7500004F1100203F1300153F8040B42F8040BEA
:10E760008B42F9D1B4F884306FF30E03A4F88430EF
:10E77000C3F3072343F0800384F885302046FFF776
:10E78000F4FE45B128461AF024FC2946024600232F
:10E790002046FFF785FF2046BDE83840FFF74ABF17
:10E7A000E0B60200F0B6020010B5054C2046FFF7B7
:10E7B000ADFE20460349044ABDE810401AF006B9F0
:10E7C000C4BBFF1FF3E400007C8CFF1F70B58D00FD
:10E7D000AB4206461C46114609D21A460DF094F982
:10E7E00030192A1B0021BDE870401AF083B92A466F
:10E7F000BDE870400DF088B970B50D469C00A5428B
:10E800000646114604D82A46BDE870400DF07CB992
:10E8100022460DF079F930192A1B0021BDE870401D
:10E820001AF068B92DE9F0418C4680460026002098
:10E83000002183B15CF8067094590025E41945F174
:10E840000005241845EB010548F80640284600213C
:10E85000013B0436EDE7BDE8F0812DE9F0434FF0D0
:10E86000000C0025C3B12E4601240025002706EA2E
:10E87000040807EA050952F80C4051F80C502C1B0B
:10E8800065EB0505B4EB080465EB090540F80C40A1
:10E89000013B0CF1040CE5E705F00100BDE8F08355
:10E8A0002DE9F0434FF0000C0025C3B12E460124A2
:10E8B0000025002706EA040807EA050952F80C407B
:10E8C00051F80C502C1B65EB0505B4EB080465EB07
:10E8D000090540F80C40013B0CF1040CE5E705F09C
:10E8E0000100BDE8F083D3F800C02DE9F74F002404
:10E8F00000254FF0000890450CD051F82860A24642
:10E90000AB46ECFB06AB40F828A05C46002508F1BE
:10E910000108F0E74FF0010B40F822404FEA82086F
:10E9200004309C46CDF804B0019C0C9B9C4223D241
:10E930005CF8049F03464FF0000A4FF0000B0026DE
:10E9400096420FD01F681AEB070451F826704BF15E
:10E950000005E9FB074543F8044BAA464FF0000BBE
:10E960000136EDE740F808A0DDF804A00AF1010A3D
:10E97000CDF804A00430D7E703B0BDE8F08F2DE94F
:10E98000F047984681469246FFF78AFF00244042AE
:10E9900000230025B8F1000F14D05AF8032059F8CD
:10E9A00003600240B6184FF0000747F10007361920
:10E9B00047EB050749F803603C46002508F1FF389E
:10E9C0000433E7E7BDE8F087202070474020704718
:10E9D0000E4B83600E4BC3600E4B03610E4B4361C5
:10E9E0000E4B83610E4BC3610E4B036203F17453F4
:10E9F000A3F52303A3F692434362002380F870300B
:10EA000000220023C0E91A23704700BF67E6096AA5
:10EA100085AE67BB72F36E3C3AF54FA57F520E513F
:10EA20008C68059BABD9831F10B504467021083054
:10EA3000FEF7F0FE236820461B69984710BDFFFFD4
:10EA400010B5064B0446702140F8083BFEF7E2FE85
:10EA50002046FEF7F5F8204610BD00BF28B802009A
:10EA600010B50446FFF7ECFF204618F087F9204662
:10EA700010BDFFFF10B50446FEF7F2F8034B23600C
:10EA80002046FFF7A5FF204610BD00BF28B80200B2
:10EA90002DE9F04F00238DB0C2180433916A402B4A
:10EAA00009BA9162F8D18268C368039204938269BB
:10EAB000C36905690595079208931E46134603AA84
:10EAC0004769069792E81401476A056A06990A970A
:10EAD000B946099502950027C519DFF870C1D5F828
:10EAE00028B057F80C504FEAB31A8AEAF32AAB441D
:10EAF0008AEA736ADA44DDF808B02BEA030506EA0D
:10EB0000030B85EA0B055544A94488EA040508EA85
:10EB1000040A154085EA0A054FEAB20A8AEA723AFF
:10EB20008AEAB25A04375544402F49444D4409D02B
:10EB3000DDF8089002961E460B464146A046144654
:10EB40002A46C9E70CF13C070B974FF0010C0CF07B
:10EB50000F070A370CF10F0A50F827700AF00F0A56
:10EB600000EB8A0A4FEAF71B8BEAB74B8BEAD70B0D
:10EB7000DAF828700CF10D09BB440CF1080709F014
:10EB80000F0907F00F0709F10A090A3750F8299011
:10EB900050F827705F444FEA794B8BEAF94B8BEAC8
:10EBA00099294F444FEAB119CAF82870019726EA0B
:10EBB000010B0B9F89EAF12903EA010A8BEA0A0A91
:10EBC00089EA7169D14457F804AF0B97019FDDF8CA
:10EBD00008B0D144B94484EA020704EA020A2F408B
:10EBE00087EA0A074FEAB50A8AEA753A8AEAB55A05
:10EBF0000CF1010CD9445744BCF1310FC844B9445D
:10EC000008D002961E460B464146A04614462A46A8
:10EC10004D469CE7039FB944049FC0F808903D44CB
:10EC2000C560059D069F2A440261079A099D4244DA
:10EC30003C4482610A9F089A446111442B443E443B
:10EC4000C161036246620DB0BDE8F08F20B70200DB
:10EC50002DE9F044550FD4001646D0E91A23A41824
:10EC600045EB0305C0E91A4507468A4606B397F8FF
:10EC70007030C3F14004E4B2B44288BFF4B207F18B
:10EC800028001844514622460CF03EFF97F8703099
:10EC90002344DBB2402B87F87030C4EB0606A24455
:10ECA000E4D13846FFF7F4FE002387F87030DDE743
:10ECB000BDE8F0842DE9F04B00F1280B90F870309E
:10ECC000904680220BF8032090F870200746372BDF
:10ECD00002F10100894658444FF0000115D8C2F1F5
:10ECE000370219F007FFD7E91A23190E1C4641EA2B
:10ECF00003611B0A03F47F4324020B4304F47F04E3
:10ED00001C4312BA3C667A661BE0C2F13F0219F05E
:10ED1000F1FE3846FFF7BCFE00213822584619F0B4
:10ED2000E9FED7E91A010A0E0B0A42EA016203F46E
:10ED30007F430C02134304F47F041C4306BA3C6671
:10ED40007E663846FFF7A4FE3B46002299680432EF
:10ED500009BA202A996203F10403F7D148465946BB
:10ED6000B8F1200F34BF42462022BDE8F04B0CF032
:10ED7000CBBE37B513460D4636220446009200F14D
:10ED800028012A46FDF772FFD4E91A2312F5007212
:10ED900043F100032046C4E91A2303B0BDE8304024
:10EDA000FFF776BE2DE9F04105461E4655F8283B93
:10EDB0008AB08846174602A99B69202204469847D4
:10EDC0005C2329460093204642463B46FDF74EFF12
:10EDD000D4E91A2312F5007243F10003C4E91A239F
:10EDE0002046FFF755FE22682046536902A92022DB
:10EDF0009847226820469369109A3146984702A89E
:10EE00002021FEF707FD0AB0BDE8F0812020704701
:10EE100010B5064B0446F02140F80C3BFEF7FAFC17
:10EE20002046FEF76BF9204610BD00BF58B802001F
:10EE300010B50446FFF7ECFF204617F09FFF204671
:10EE400010BD202A2DE9F04106466FD100F10C04D7
:10EE5000234601F1200251F8040B43F8040B9142C0
:10EE6000F9D106F1DC0801270825082D23D13B46FE
:10EE700004F11C02304604F12001FEF767F9227804
:10EE800094F82030534084F82030627894F8213090
:10EE9000534084F82130A27894F82230534084F80B
:10EEA0002230E27894F823300137534084F823303D
:10EEB000FFB2002532E0042D1CD104F11C023046C3
:10EEC00004F12001FEF758F9227894F820305340DD
:10EED00084F82030627894F82130534084F821304F
:10EEE000A27894F82230534084F82230E27894F8E3
:10EEF000233010E02278237F534084F8203062785A
:10EF0000637F534084F82130A278A37F534084F874
:10EF10002230E278E37F534084F823300434013513
:10EF20004445EDB2A1D10120BDE8F0810020BDE84B
:10EF3000F081FFFF10B50446FEF7FAF8044B23609A
:10EF40000E23237104F10C03A360204610BD00BF03
:10EF500058B802002DE9F0419CB0164D164B4FF009
:10EF600009080746082403A8CDF8008010220E46A1
:10EF7000FFF7B9FC03A813A942462B460094FFF7FC
:10EF8000B2FC314603AA23463046FFF766FC3846FA
:10EF900031462A462346FFF7F2FC384639462A46D0
:10EFA0002346FFF7ECFC03A86421FEF733FC1CB0FA
:10EFB000BDE8F081B8B80200D8B8020038B50B46F9
:10EFC00014460546102110461A464023FFF7FEFB63
:10EFD0000023236428462146BDE83840FFF7BABF26
:10EFE0002DE9F04101F160060C46074640313046FC
:10EFF000FEF7EAFA04F12005204621463246FEF7E4
:10F000009EF9284629463246FEF799F92268E36BB5
:10F0100043EAC273E36338462A4620210823BDE849
:10F02000F041FFF7E9BB03682DE9F04104461B6995
:10F0300000F148050E461746984723682046394692
:10F040005B69202298472368204629469B69002255
:10F05000984794F8483023F0070384F8483094F830
:10F06000673003F07F0343F0400384F86730304695
:10F070002A4608212023BDE8F041FFF7A7BB8021E5
:10F08000FEF7C8BB2DE9F04FC5B005460391144605
:10F09000002180220293012619F02CFDFF232E620D
:10F0A0002E6401934FF00009039A029B52F82970D5
:10F0B000374013B9002F00F0908005F1200804F1CB
:10F0C000200A04A841462A46FEF7C8F9514614A86A
:10F0D0002246FEF7C3F904A8014614AAFEF72FF949
:10F0E0000CA841462A46FEF79CF9514614A8224630
:10F0F000FEF797F90CA8014614AA05F1600AFEF77D
:10F100001EF914A8514604F16002FEF718F914A87C
:10F1100001466F4A05F1400BFEF742F91CA859461B
:10F1200004F14002FEF70BF91CA801460246FEF767
:10F1300078F93CA80CA904AAFEF790F934A81CA9F8
:10F1400014AAFEF78BF91CA8014614AAFEF769F968
:10F150000CA8014604AAFEF764F9029B002B28D0F4
:10F1600024A83CA934AAFEF7EAF82CA81CA90CAAEA
:10F17000FEF7E5F834A801461CAAFEF7E0F83CA823
:10F1800001460CAAFEF7DBF83846294624AAFEF70A
:10F19000BCF9384641462CAAFEF7B7F9384659461D
:10F1A00034AAFEF7B2F9384651463CAAFEF7ADF94B
:10F1B00013E028463CA934AAFEF7C1F840461CA932
:10F1C0000CAAFEF7BCF8584634A91CAAFEF7B7F8FB
:10F1D00050463CA90CAAFEF7B2F804F1200A04A894
:10F1E00051462246FEF73AF904A801460246FEF7C8
:10F1F000A6F80CA851462246FEF713F90CA804F114
:10F20000600701460246FEF79AF814A839463A46C6
:10F21000FEF795F814A804F1400801462C4AFEF7C1
:10F22000BFF81CA841464246FEF789F81CA80146D3
:10F230000246FEF7F6F838460CA904AAFEF70EF9C6
:10F2400040461CA914AAFEF709F91CA8014614AAF5
:10F25000FEF7E7F80CA8014604AAFEF7E2F82046FC
:10F2600039464246FEF76BF850461CA90CAAFEF739
:10F2700066F8404641461CAAFEF761F80CAA3846DB
:10F280003946FEF75CF8019AB6F1004F08BF09F164
:10F29000010902F1FF3312BF76005FFA89F90126F6
:10F2A00013F0FF0301937FF4FFAE24A8FFF7E7FEFE
:10F2B00004A8FEF742F90CA8FEF73FF914A8FEF7E0
:10F2C0003CF91CA8FEF739F945B0BDE8F08F00BF46
:10F2D00078B80200F0B5174D86460F4616460FCD9A
:10F2E000A1B06C460FC495E80F00134D84E80F00E1
:10F2F0000FCD08AC0FC495E80F00104D84E80F0047
:10F300000FCD10AC0FC495E80F000D4D84E80F0031
:10F310000FCD18AC0FC495E80F0084E80F007046BD
:10F3200039466A463346FFF7ADFE6846FFF7A7FE4B
:10F3300021B0F0BD1CB902003CB90200FCB80200CB
:10F3400098B802002DE9F041ADF5027D04468846EB
:10F350004AA81E461746889DFEF7CAFC01A94246E8
:10F360004AA8FFF760FE4AA8FEF78CFC4AA864A9E9
:10F370002022FEF763FF4AA831462A46FEF75EFFC9
:10F380004AA85CA90022FEF79CFF09A85CA919AA5B
:10F39000FFF714FE01222AA809A9FFF79BFF2AA95B
:10F3A0002046FFF71DFE4AA8FEF76CFC4AA821463E
:10F3B0002022FEF743FF4AA839462022FEF73EFFEF
:10F3C0004AA831462A46FEF739FF4AA85CA900221E
:10F3D000FEF777FF11A85CA919AAFFF7EFFD01AAB4
:10F3E00019A811A9FDF771FF19A800230146299357
:10F3F000FFF7B0FD19A809AA01460823FFF712FA82
:10F4000019A80146104A0823FFF7B9FA19AA0823D8
:10F41000202104F12000FFF7EFF901A8FEF78DF895
:10F4200009A8FEF78AF811A8FEF787F8442119A861
:10F43000FEF7F0F92AA8FFF722FE4AA8FEF73EFCE5
:10F440000DF5027DBDE8F081B8B8020030B5E1B03D
:10F450000D46044628A8FEF74BFC28A869462A4614
:10F46000FFF7E1FD012208A86946FFF733FF08A96D
:10F470002046FFF7B5FD6846FEF75FF808A8FFF7DE
:10F48000FEFD28A8FEF71AFC61B030BD10B503469A
:10F4900001F1100251F8044B43F8044B9142F9D1A9
:10F4A00003681BBA036043681BBA436083681BBAD6
:10F4B0008360C3681BBAC36010BD2DE9F74F0023FA
:10F4C0000E684D688C68CA681F469C4698469946E7
:10F4D000082110F803A001914AF3C01101EA060BBC
:10F4E00089EA0B0901EA050B88EA0B0801EA040B1B
:10F4F0008CEA0B0C11404FEAC47B4F4042F30001F1
:10F500004BEA52024FEAC57B4BEA54044FEAC67BF2
:10F510004BEA5505DDF804B001F0614181EA560679
:10F520000BF1FF314FEA4A0A11F0FF015FFA8AFA44
:10F530000191D1D10133102BCAD199FA89F303601B
:10F5400098FA88F343603FBA9CFA8CF38360C760F3
:10F5500003B0BDE8F08FFFFF014B0360704700BFB1
:10F5600068B9020010B5034B0360044617F006FCAF
:10F57000204610BD68B90200014B0360704700BF10
:10F5800068B9020008B540680368DB68984708BDA1
:10F59000102070472DE9F04706460F4690469A46E0
:10F5A0000024C4EB0A020F2A08EB040307EB04094A
:10F5B00019D9002570195A5D017A01354A40102D7C
:10F5C0000272F7D17068036806F108015B690A46A8
:10F5D0009847002573191B7A09F805300135102D5D
:10F5E000F8D11034DDE7BDE8F0872DE9F74F074685
:10F5F0008A4691469B460024C4EB0B020F2A0AEB75
:10F60000040309EB040818D97868026807F11801A7
:10F61000956901934246A847019B3E460025307AF2
:10F62000317E18F80520414059550135102D3272B0
:10F6300006F10106F3D11034DEE703B0BDE8F08F28
:10F6400070B50446406803689B680E4615469847A7
:10F65000102806D16068036831461B692A4698471E
:10F6600070BD002070BD102A10B50ED100F1080346
:10F6700001F1100251F8044B43F8044B9142F9D1C7
:10F68000102380F82830012010BD002010BDFFFF9E
:10F6900010B5084B0446102140F8083BFEF7BAF8B5
:10F6A00004F118001021FEF7B5F82046FDF7B2FA74
:10F6B000204610BD90B9020010B50446FFF7E8FFE0
:10F6C000204617F05BFB204610BD10B5044640688D
:10F6D0000368DB69984704F108001021FEF79AF8E7
:10F6E00004F118001021FEF795F8102384F8283053
:10F6F00010BDFFFF10B50446FDF79CFA044B2360D4
:10F7000000236360102384F82830204610BD00BF1A
:10F7100090B9020010B5034B03600446FDF77AFA76
:10F72000204610BDC0B9020010B50446FFF7F2FF35
:10F73000204617F023FB204610BDFFFF10B50446FE
:10F74000FDF778FA014B2360204610BDC0B90200D6
:10F75000202070470820704710B50468A469A047AE
:10F7600010BDFFFF102A70B5154604460E4600F185
:10F77000040223D8214B03F1100153F8040B42F883
:10F78000040B8B42F9D131462A4604F114000CF0E7
:10F79000BBF904F1240031462A460CF0B5F9102DCE
:10F7A00027D0C5F11006601900213246143019F037
:10F7B000A1F9601924300021324618E0104B202DA9
:10F7C00028BF202503F1100153F8040B42F8040B65
:10F7D0008B42F9D104F1140031462A460CF094F919
:10F7E000202D06D0601914300021C5F1200219F037
:10F7F00081F9402384F88530012070BD28BA0200C9
:10F8000039BA0200082A38B504460D4607D134300B
:10F81000002119F06FF92B68E3636B680BE00C2A89
:10F820000FD134300021042219F064F92B68A3634E
:10F830006B68E363AB682364402384F88530012060
:10F8400038BD002038BD10B5402104460430FDF716
:10F85000E1FF04F144004021FDF7DCFF402384F880
:10F86000853010BD10B5084B0446402140F8043BDC
:10F87000FDF7D0FF04F144004021FDF7CBFF204607
:10F88000FDF7C8F9204610BD00BA020010B50446C5
:10F89000FFF7E8FF204617F071FA204610BDFFFF82
:10F8A00038B504460D46FDF7C5F9044B23604023E7
:10F8B00084F8845084F88530204638BD00BA0200B0
:10F8C000042A10B5044601D0082A08D104F13400F6
:10F8D0000CF01AF9402384F88530012010BD002077
:10F8E00010BD2DE9F04F002387B0CC58C45004332D
:10F8F000402BFAD1012A40F2CC8004680369056AE2
:10F900004669476B03EB0408046B88EA04044FEA7A
:10F91000344425446B404FEA3353984488EA040446
:10F920004FEA3464651900956B4045684FEA73638C
:10F93000354401936F40436A4FEA37473B445E408A
:10F940004FEA365635446F404FEA376702971F44F7
:10F95000039783697E40876803EB0709876B89EA11
:10F9600007074FEA374A876A0AEB070C8CEA03035A
:10F970004FEA33539944CDF81090C76889EA0A0AD0
:10F98000D0F81C904FEA3A6AD444CDF814A009EBA1
:10F99000070AC76B8AEA07074FEA374BC76A5F4413
:10F9A00087EA09098CEA03034FEA3959CA444FEA46
:10F9B00073631D448AEA0B0B4FEA76664FEA3B6B92
:10F9C0006C405F44B0444FEA344487EA090988EA4E
:10F9D0000B0B27444FEA3B4B7B40DC444FEA33534D
:10F9E0001D448CEA06064FEA36566C40B0444FEA96
:10F9F0003464274488EA0B0B4FEA3B6B7B40DC44C2
:10FA000045604FEA7363049D83614FEA7969029B05
:10FA1000C7628CEA06064D444FEA76664661009F4F
:10FA2000046385EA03064FEA3646374487EA090944
:10FA30004FEA3954254485EA06034FEA3363C0F898
:10FA40003CB0C0F80080C0F828C043633B445C4031
:10FA50004FEA7464C461019C8560059D0362A24401
:10FA60008AEA0503039D4FEA33431D446C404FEA85
:10FA7000345404EB0A077B404FEA336383632B441F
:10FA80005C404FEA7464023AC76004614362D2B2D8
:10FA900030E70023C458CA582244C2500433402BD4
:10FAA000F8D107B0BDE8F08FF8B504460E4617460A
:10FAB0001D46CDB394F885303F2B08D894F88500C7
:10FAC000C0F14000C0B2A84218D9E8B216E094F8DC
:10FAD000842004F14400211DFFF703FF002384F874
:10FAE00085300122E118013391F83400082B0244DB
:10FAF00081F83420C2F30F22F4D1DFE72D1A00235E
:10FB0000DAB290420DD094F88520F95C02F1010C34
:10FB1000224484F885C092F844204A40F2540133CC
:10FB2000EEE706440744C4E7F8BDFFFF2DE9F74FB1
:10FB300004460320B2FBF0F000EB40050195571B93
:10FB400051B9800007B10430002B00F082803923C6
:10FB5000B2FBF3F210447CE00026254630463246E4
:10FB6000DDF804C0624548D214F802C0DFF8E8802E
:10FB70004FEA9C0C01EB000B18F80CC001F800C018
:10FB800014F8029095F801A009F003094FEA091949
:10FB900049EA1A1900F1010C18F8099001F80C90C3
:10FBA00095F801A095F802900AF00F0A4FEA99190A
:10FBB00049EA8A0918F809908BF8029095F80290A2
:10FBC00009F03F0918F809808BF8038000F1040858
:10FBD000C6EB080A4FF04C09BAFBF9FB09FB1BA95D
:10FBE000B9F1000F05D123B10A2001F80800013650
:10FBF0006046033204300335B2E7012F0ED1A55C15
:10FC0000154BAD085D5D0D54A25C02F003021201BC
:10FC100001449B5C4B703D238B7018E0022F18D180
:10FC2000A55C0D4BAD085D5D0D54551CA25C665D79
:10FC300002F00302120142EA161201449A5C4A7071
:10FC4000625D02F00F0213F822308B703D23CB70FF
:10FC5000043003B0BDE8F08F4ABA0200F8B5018065
:10FC6000044601EB41018EB20027468002714771C4
:10FC7000E373076130461D4618F002FFA06018B11B
:10FC80003946324618F036FF15F0010005D0012341
:10FC900023730023637302230CE005F0040505F0D1
:10FCA000FF01012202231DB122736373A07302E0DE
:10FCB00021736273A3732046F8BD10B504468068B3
:10FCC00008B118F0E5FE207900210CF0D7FD2046A0
:10FCD00010BD10B50446012100790CF0CFFD20794C
:10FCE0000021BDE810400CF09BBDFFFFF8B5836814
:10FCF0000446002B00F08A800CF0C0FE2369C01A75
:10FD00003128F9D972B6424B2179A26853F83100F3
:10FD1000404B6788196841F0807119603E4B196843
:10FD200041F001011960E37B13F0020F3B4B1744D4
:10FD3000196837D05A31BA422BD212F801CB0825B4
:10FD40008026D3F800E0C1EB0E0EBEF1590FF8D9B2
:10FD500032494FF0010E16EA0C0F096880F880E076
:10FD600007D0D3F800E0C1EB0E0EBEF1380FF8D982
:10FD700006E0D3F800E0C1EB0E0EBEF1110FF8D98A
:10FD80004FF0010E013D80F800E126FA0EF6D8D1C1
:10FD9000D1E71A68521A592AFBD962B60CF06EFEE6
:10FDA0002061F8BDB431BA422BD212F801CB08253C
:10FDB0008026D3F800E0C1EB0E0EBEF1B30FF8D9E8
:10FDC00016494FF0010E16EA0C0F096880F880E022
:10FDD00007D0D3F800E0C1EB0E0EBEF1550FF8D9F5
:10FDE00006E0D3F800E0C1EB0E0EBEF1230FF8D908
:10FDF0004FF0010E013D80F800E126FA0EF6D8D151
:10FE0000D1E71A68521AB32AFBD9C6E7F8BD00BF7A
:10FE100014D00200FCED00E0001000E0041000E04F
:10FE200003888B4230B516D94379C2F30745C2F334
:10FE30000724D2B22BB15D435C435A432D0A240AF6
:10FE4000120A836801EB41011944037BCD54437BC3
:10FE5000CC54837BCA5430BD42EA012242EA0040BE
:10FE600070474A1C4379D2B29A4270B51FD0013B09
:10FE700013F0FF0384680CD0FF2904D14FF6FF7103
:10FE800091FBF3F106E01102013991FBF3F189B224
:10FE900000E0194623461D1B4688ADB2AE4205D987
:10FEA0001D784D432D1203F8015BF4E7427170BDDC
:10FEB0002DE9F843DDF82480BDF820900A9F16460E
:10FEC0000D4604460246103155F8040B42F8040B67
:10FED0008D42F9D11946062204F1100001F016FCFA
:10FEE000304619F076F8C0F3470010288ABF102377
:10FEF00084F8260084F8263094F8262022B104F1F4
:10FF00001600314601F002FC002384F82730A4F8E3
:10FF10002890C4F82C803846BDE8F84316F07ABD26
:10FF200030B50B46054653F8100F97B09B88ADF8D7
:10FF3000043091F827308DF80B300B8DADF806307A
:10FF4000CB6A0090ADF808304FF480301B0C0C46A3
:10FF50008DF80A3016F086FD0E21ADF80C006846CB
:10FF600001F000FC94F82620C043ADF80E008AB1E1
:10FF700004A804F1160101F00DFC94F826200123D9
:10FF8000284603EB420204A90BF0BEFD94F826308C
:10FF900005EB4305214668460DAA01F08FFB0DAC29
:10FFA0002B4615AD224603CAAA4218605960144672
:10FFB00003F10803F6D112781A7017B030BDC36A86
:10FFC0000133C362704707B5014602A8002220F83A
:10FFD000042DF3F7E9FB03B05DF804FB038D10B5C6
:10FFE0004FF6FF74A34204D10846FFF7ECFF01204F
:10FFF00010BD013320F8283FF3F7D6FB002010BDD9
:020000021000EC
:1000000070B50446002020C940CA400875414041EF
:1000100020C4013BF7D170BD70B5012420C940CA8E
:100020006408B541644120C0013BF7D1D4F101001F
:1000300038BF002070BD2DE9F043013B00249B0038
:100040002746254626465FF0000803E05FEA0608DB
:10005000B8EB0308B6EB080952F809C051F808904C
:10006000A9FB0C9C14EB090457EB0C0755F1000598
:1000700018F10408984501DCB045EBDD84513C469D
:100080002F46002504369E42DDDDB6EB430FDDDD55
:100090008451BDE8F08300235AB28A4204DA002278
:1000A00040F823200133F7E7704710B500231A46C4
:1000B0005CB28C4204DA50F8234001332243F7E764
:1000C000D2F1010038BF002010BD4B11012250F8C1
:1000D000230001F01F0102FA01F1084070470139C5
:1000E000C9B24BB2002B0BDA013111F0FF0315D06E
:1000F00059B201F18042013A002350F8222004E075
:1001000050F82330002BEAD0EEE712B15208013349
:10011000FBE7013903EB411398B200E0184600B247
:10012000704710B500235CB2944205DA51F82340C1
:1001300040F823400133F6E710BD10B5013AD2B2C2
:1001400053B2002B09DB1BB250F8234051F8233087
:100150009C4204D8F2D2FF2002E0002000E00120FF
:1001600040B210BD30B50B4689B0144605461A465C
:10017000294623466846FFF74FFF21460546684655
:10018000FFF793FF003518BF01256D00002814BF4D
:100190006842C5F1010009B030BD00EB81010023C8
:1001A000814207D951F8042C43EA520341F8043D37
:1001B000D307F5E7704770B59DF910401D462346FB
:1001C0000646FFF71DFF30B9284631462246FFF7A5
:1001D000B4FF012807D0304631462A462346BDE801
:1001E0007040FFF719BF70BD70B59DF910401D46F6
:1001F00023460646FFF710FF38B1304631462A46FF
:100200002346BDE87040FFF7FBBE70BD2DE9F04707
:10021000B2B002AD9DF9E8401F468046234628460D
:10022000FFF709FF22AB384621468DE82800FFF78B
:1002300056FFC0EB841086B2454A33B220251A40DF
:1002400093FBF5F5002AEDB203DA013A62F01F02E2
:1002500001326DB25FFA82F912A82946FFF71BFF3F
:100260004FFA89F2002A28B214DD12AB03EB8000AA
:1002700000231D46A54215D257F8251001FA02FEAB
:1002800043EA0E0340F82530C2F1200321FA03F3BC
:100290000135EFE70DF1480C0CEB800039462246A2
:1002A000FFF73FFFA7000DF148094FEA440AB944A0
:1002B0000125330440D400231A4659B2514520DAAF
:1002C0000DF1C80C0CEB850E08B25EF8C8EC0CEB17
:1002D00081015EF820E051F8801CC1EB0E01891A03
:1002E000714502D094BF00220122C5F1010E0DF12B
:1002F000C80C0CEB8E0E01335EF8C8EC4EF82010E3
:10030000DBE7AA1A554212A821465541FFF745FFDF
:1003100032AA631E02EB83033A44484652F8801C1B
:1003200053F8802C013E42EAC172214643F8802CEA
:10033000B6B2FFF732FFBCE732AB03EB85054046B0
:1003400055F8C81C2246FFF7ECFE32B0BDE8F08736
:100350001F00008030B51C4691B0054693F900306F
:100360006846FFF768FED4F8AC30284669469847DF
:1003700011B030BD13460A46FFF7ECBF2DE9F0413E
:1003800015468AB004460E4602A80021202218F025
:10039000B1FB95F800800323204631462A462F1DE5
:1003A0004FFA88F80293FFF7E5FF2046214602AA9C
:1003B0003B46CDF80080FFF717FF20462146324626
:1003C0002B46FFF7C7FFCDF800802046214605F1F8
:1003D00084023B46FFF7EFFE0AB0BDE8F081FFFF65
:1003E0002DE9F04F0C468BB008220546FFF799FE29
:1003F000E36A0593236B0693636B0793A36B0893E0
:1004000002A8E36B099300260146024608230496DE
:1004100003960296FFF7F4FD2946834602AA0823B5
:100420002846FFF7EDFD236B0593636B0693A36BE3
:1004300007938446E36B089302A80146024608230B
:10044000CDF800C00996FFF7DBFD2946824602AAD7
:1004500008232846FFF7D4FD236A0293636A0393B7
:10046000A36A0493A36B0893E36B0993814629461F
:1004700002AA08232846079606960596FFF7C0FDB0
:10048000636A0293A36A0393E36AA26B0493636BA8
:10049000059306920893E26B236A079280460993BC
:1004A000294602AA08232846FFF7AAFDE36A029319
:1004B000236B0393636B0493236A0893A36A0993E2
:1004C0000746294602AA0823284607960696059657
:1004D000FFF7A2FD236B0293636B0393A36B04935B
:1004E000E36B0593636A0893E36A019009932946D5
:1004F00002AA0823284607960696FFF78DFDDDF829
:1005000000C0019B0896E344DA44D144C844474400
:10051000381AC71A636B0293A36B0393E36B0493BC
:10052000236A0593636A0693A36A0793236B09936F
:10053000294602AA08232846FFF76EFDA36B029303
:10054000E36B0393636A0593A36A0693E36A0793D5
:10055000636B09933F1A2946284602AA082304968A
:100560000896FFF759FD3C1A16D5284629460D4A2C
:100570000823FFF745FD0419F7D410E00948294680
:100580000822FFF7DAFD012809D028462946054A46
:100590000823FFF741FD241A002CEFD0F5E70BB03C
:1005A000BDE8F08F40BB020073B5054614460E4609
:1005B000FFF7E0FE2846294632462346FFF7CAFEEB
:1005C000082300932846294604F18402231DFFF7DF
:1005D000F2FD02B070BD00232DE9F0410A468046CD
:1005E0001C46D158002540F2D130E0FB014548F8C7
:1005F00003400433202B2C46F3D108F10400C8F843
:10060000205001460823FFF7FBFCC8F82400BDE892
:10061000F081FFFF70B590B00D4604460821684692
:10062000FFF739FD08A80821FFF735FD05F1200186
:100630006846FFF7D0FF6A46082329462046FFF7A1
:10064000DFFC082106462846FFF725FD284608A9B5
:10065000FFF7C1FF2A46204621460823FFF7D0FCBA
:1006600085193DB1204621460A4A0823013DFFF77E
:10067000D3FCF6E7204607490822FFF75EFD002875
:1006800005DD20462146034A0823FFF7C5FC10B0CC
:1006900070BD00BF90BA0200F0B589B01C46074695
:1006A0000E461546684611461A46FFF763FE384661
:1006B00039466A462346FFF74DFE684669462A4694
:1006C0002346FFF747FE304631466A462346FFF78A
:1006D00041FE09B0F0BD2DE9F0478AB08146129F76
:1006E0003D46144615F9046B009698468A462B46FB
:1006F00002A811464A46FFF777FD02A801463A468E
:10070000FFF738FE4846494602AA3B46FFF722FE5D
:100710002046214602AA3B46FFF71CFE2B464046D8
:10072000414652460096FFF75FFD02A841463A4611
:10073000FFF720FE02A801464A462B460096FFF727
:1007400053FD02A8014622462B460096FFF74CFDBA
:10075000204621464A462B460096FFF745FD504667
:10076000514622463B46FFF7F5FD2046494602AA80
:100770002B460096FFF738FD4046414622463B4651
:10078000FFF7E8FD4046414652462B460096FFF7EC
:100790002BFD204602A93246FFF7C3FC0AB0BDE894
:1007A000F0872DE9F0479AB08046229E34461746DE
:1007B00014F9045B009599468A46234602A811461F
:1007C0004246FFF711FD02A801463246FFF7D2FD6F
:1007D0004046414602AA3346FFF7BCFD384639463B
:1007E00002AA3346FFF7B6FD02A849465246234601
:1007F0000095FFF7E0FC48464946524623460095DF
:10080000FFF7F2FC0AA83946424623460095FFF757
:10081000EBFC504651460AAA3346FFF79BFD2346A0
:100820000AA841463A460095FFF7C5FC38464946B6
:100830003246FFF79FFD384639460AAA23460095FF
:10084000FFF7D2FC12A841463A4623460095FFF72F
:10085000CBFC4846494612AA3346FFF77BFD2346A8
:100860004846494652460095FFF7BEFC12A802A929
:100870003246FFF77FFD12A801460AAA23460095DB
:10088000FFF7B2FC0AA812A9424623460095FFF7DB
:10089000ABFC0AA8014602AA3346FFF75BFD5046AF
:1008A0000AA9524623460095FFF79EFC404612A92E
:1008B0002A46FFF736FC1AB0BDE8F0872DE9F84369
:1008C000B3F90270914607F11F05202295FBF2F55E
:1008D000044603F124086DB20E46084642462146FE
:1008E0002B46FFF78DFB50B9B7EB451F09DA3046B1
:1008F0003946FFF7EAFB041C18BF012402E001247B
:1009000000E004464846314642462B46FFF778FB56
:100910002046BDE8F88370B5002463B28B4204F131
:1009200001040BDA4D1EED1AAE0805F0030552F86E
:100930002660ED0026FA05F5C554EEE770BDF8B562
:1009400004230F46D11C91FBF3F149B2144605462E
:10095000FFF7A1FB002253B2A34202F101020EDA1B
:10096000661EF61AB008FB5C06F00306F60003FAF2
:1009700006F655F82030334345F82030EBE7F8BD54
:100980002DE9F84F05460F46084611461446FFF775
:10099000A6FB194B1A689B4612B90020BDE8F88FD8
:1009A000C0EB441005EB840800B24FF0FF3A4FEA69
:1009B0008409A8F104082AFA00FA4026DBF800307E
:1009C0002846494698470028E7D0D8F8003003EA7F
:1009D0000A03C8F8003028462146FFF766FB10B12D
:1009E000013EEBD1D9E7384629462246FFF7BAFB4C
:1009F0000128F5D1BDE8F88F68BCFF1F2DE9F0474D
:100A0000B3F902501F4605F10708082398FBF3F8D5
:100A10001F35202395FBF3F56EB2424538BF904653
:100A2000044689463146FFF736FB42462046494692
:100A3000FFF785FFB7F902304FEAC808984522D979
:100A4000C3EB080804EB85050022A5420BD955F835
:100A5000043C23FA08F10A4345F8042DC8F12002AA
:100A600003FA02F2F1E72437384621463246FFF70F
:100A700064FB012807D0204621463A463346BDE8AC
:100A8000F047FFF7C9BABDE8F08738B54369056993
:100A9000044603EB450500232269934205D2CA5C54
:100AA00082F03602EA540133F6E7E268934203D259
:100AB0003622EA540133F8E72368204698476368F2
:100AC000E26820462946984738BD08B543689847EC
:100AD00008BD70B543690669044603EB4606154632
:100AE00000232269934205D2CA5C82F05C02F25470
:100AF0000133F6E7E268934203D25C22F2540133F9
:100B0000F8E72946A3682046984723682046984777
:100B10006368E26820463146984763682269204648
:100B200029469847A36820462946984770BD70B566
:100B3000044615460E46FFF7A8FF204629462269BF
:100B4000FFF7C3FF204631462A46BDE87040FFF755
:100B5000C0BFF8B5036813F0010604460F461546FA
:100B600005D001463A462B46FFF74AFA064620468C
:100B70002946FFF712FB46B105F18042013A54F8CD
:100B8000223043F0004344F82230F8BDF0B5064669
:100B9000A1B00F460846194615461C46FFF785FAD0
:100BA00020B130462146FFF776FA73E068463946B1
:100BB0002246FFF7B6FA08A829462246FFF7B1FAFF
:100BC00010A82146FFF767FA012318A821461093C1
:100BD000FFF761FA684608A92246FFF7AEFA002837
:100BE00053D0009BDA0704D468462146FFF7D5FAB4
:100BF00026E0089BDB0704D408A82146FFF7CDFABE
:100C00003DE000281EDD08AA234669466846FFF736
:100C100003FA68462146FFF7C0FA10A818A9224631
:100C2000FFF78BFA002805DA10A801462A4623466A
:100C3000FFF7E6F910A8014618AA2346FFF7ECF9DA
:100C400010A81DE008A86A4623460146FFF7E4F90C
:100C500008A82146FFF7A1FA18A810A92246FFF715
:100C60006CFA002805DA18A801462A462346FFF741
:100C7000C7F918A8014610AA2346FFF7CDF918A80E
:100C800029462246FFF765FFA4E7304610A9224611
:100C9000FFF747FA21B0F0BD2DE9F04FAFB0904615
:100CA000399C059094F9005016A82A460F4699469B
:100CB000FFF737FAAB0003933B4426A819462A46B0
:100CC0000493FFF72EFA94F9006006A8B9F1000F1B
:100CD00004D049463246FFF724FA04E03146FFF7D4
:100CE000DAF90123069332460EA816A9FFF719FA7E
:100CF00032461EA826A9FFF714FA16A826A906AAA6
:100D00002346FFF7C9FCD4F8A46016A826A906AAB2
:100D10002346B0470EA81EA906AA2346FFF7BCFC2F
:100D2000BDF9E060023EB6B231B2002929DD40468D
:100D3000FFF7CBF9D0F1010038BF0020C0F1010965
:100D40001EAB4FEA401B4FEA49190DF1380A0DF16D
:100D5000380CDC44CA449B44994462465046494698
:100D60005B460094CDF808C0FFF71BFDDDF808C016
:100D700000946046594652464B46FFF7ACFC013E94
:100D8000D1E7D8F80030009403F0010989F0010997
:100D9000C9F101061EAB76010DF138084FEA491979
:100DA0000DF1380AB044CA441E44994440463146C5
:100DB00052464B4604F1040BFFF7F3FC06A816A9B4
:100DC0000EAA5B460095FFF70FFA06A801463246C9
:100DD0002346FFF7BFFA06A801463A462346FFF727
:100DE000B9FA06A801465A462B46FFF7CFFE06A8D9
:100DF0000146049A2346FFF7ADFA06A8014642468B
:100E00002346FFF7A7FA5046494642463346009428
:100E1000FFF761FC23460EA81EA906AAFFF73CFCBB
:100E200005980EA92A46FFF77CF90598039B1EA991
:100E300018442A46FFF775F92FB0BDE8F08F30B59A
:100E400095B0144604AB05460CAA02930846194611
:100E500023460392FFF732FDD0F1010038BF002096
:100E600014AA02EB80036288013212B28DE81400EA
:100E7000284653F8482C04F144010023FFF70CFFE7
:100E800021784900284649B2FFF70FF9D0F1010057
:100E900038BF002015B030BD2DE9F04FABB00DF1DB
:100EA0002808359D059095F9009006910DF1480BA5
:100EB0001846494607921E46CDF82080CDF824B04A
:100EC000FFF7F3F8B5F802A0039008B100209BE00B
:100ED0000FFA8AF420231F3494FBF3F405F124075E
:100EE00064B2384631462246FFF73CF901280490A7
:100EF000ECD141465A462B463046FFF7DFFCD0F195
:100F0000010038BF00202AAA02EB80030AF1010287
:100F100012B28DE824001AA805F1440153F8882C78
:100F2000039BFFF7B9FE1AA84946FFF7BEF8002851
:100F3000CCD1374B1B6840462BB92146FFF7ABF8A5
:100F4000049B0A9305E039462246FFF719FD002865
:100F5000BCD0304631460AAA3B460094FFF756F90A
:100F6000304631463A462346FFF710FE3B463046B0
:100F700031460AAA0094FFF749F9349895F901100F
:100F80001AAAFFF7C8FCB5F9022005990823073211
:100F900092FBF3F20AA8FFF7D2FC2AAA631E02EB27
:100FA0008303002243F8602C12A81AA94A46FFF7CF
:100FB000B8F812A802460AA93B460094FFF726F9A2
:100FC0000AA80699079A2B46FFF718FD12A80246B1
:100FD0000AA93B460094FFF7EEF812A801463246F4
:100FE0003B460094FFF712F9214612A8FFF777F865
:100FF00095F90110B0EBC10F3FF768AF349812AA12
:101000000844FFF788FC01202BB0BDE8F08F00BF3B
:1010100068BCFF1F2DE9F04793F9006092B00446C9
:1010200089461046314615469846FFF73EF8002897
:1010300040F0978002A849464246FFF79BF9434695
:101040000AA8214602AAFFF785F902A801464246EE
:10105000FFF790F94346484649462A46FFF77AF992
:1010600008F10407284629464246FFF783F920463F
:1010700021462A463B460096FFF79DF8284629461A
:101080002A463B460096FFF796F8284621462A4610
:101090003B460096FFF7A8F8204621462A464346DD
:1010A000FFF758F92846214622463B460096FFF7AF
:1010B00082F820463B46009621462A46FFF77BF8F9
:1010C0002368DB07204613D53A4633462146FEF710
:1010D00097FF314682462046FFF75FF806F18043CE
:1010E000013B54F8232042EACA7244F8232002E06C
:1010F0003146FFF752F8284621464246FFF73AF9B3
:10110000284629460AAA3B460096FFF76DF828466E
:1011100029460AAA3B460096FFF766F80AA8014648
:101120002A463B460096FFF75FF8204621460AAA6A
:101130004346FFF70FF902A802463B4621460096B8
:10114000FFF752F8204629463246FEF7EAFF2846C6
:1011500049463246FEF7E5FF484602A93246FEF709
:10116000E0FF12B0BDE8F0872DE9F043054693B0EB
:101170000C461046082117461E46FEF796FF00282B
:1011800074D10AA821463246FFF7F4F8334602A884
:1011900029460AAAFFF7DEF8284629463246FFF715
:1011A000E9F80AA801463246FFF7E4F84FF00808CC
:1011B00038463A4621463346371DFFF7CBF82046DE
:1011C00029462A463B46CDF80080FEF7F4FF20462C
:1011D0003B46CDF8008021462A46FEF7ECFF236807
:1011E000DB0720460ED5434621463A46FEF708FF68
:1011F000414681462046FEF7D0FFE36943EAC973C2
:10120000E36102E04146FEF7C8FF4FF008082846B8
:1012100021463246FFF7AEF8284629460DEB080274
:101220003B46CDF80080FEF7DFFF284629460DEB50
:1012300008023B46CDF80080FEF7D6FF0DEB080014
:1012400001462A463B46CDF80080FEF7CDFF2046FA
:1012500021460DEB08023346FFF77CF8CDF80080FD
:10126000204621460AAA3B46FEF7BEFF13B0BDE862
:10127000F083FFFF014B1860704700BF68BCFF1F81
:10128000004870473CBB0200004870478CBA02001F
:10129000F0B5064699B00F4614464025B4F9022031
:1012A00020231F3292FBF3F2684604F1240152B26C
:1012B000FFF766FB08B9002024E008A8694622462B
:1012C000FFF7BDFDD8B1B4F902100823073191FB37
:1012D000F3F138466A46FFF71EFB304694F90110D9
:1012E00008AAFFF718FB94F9011094F9002008AB45
:1012F000701803EB8202FFF70EFB012002E0013DB4
:10130000CCD1D8E719B0F0BD2DE9F0479146B3F93B
:1013100002205D7893F80080A4B004AE1C4607322A
:10132000082392FBF3F207466DB230460DF1300A06
:101330000296CDF80CA0FFF702FB394614A82A4606
:10134000FFF7FDFA4FFA88F814AA02EB8800791922
:101350002A46FFF7F4FA3046314623465246FFF755
:10136000ADFA1A4B1E68074656B124AA02EB800359
:10137000211D53F8886C42463046FFF701FB08B345
:10138000D7F1010738BF002724AB03EB8707638839
:1013900001331BB28DE8180014A80146334657F8F4
:1013A000882CFFF779FC4846294614AAFFF7B3FAC0
:1013B0002178490014A849B2FEF777FED0F1010068
:1013C00038BF002024B0BDE8F08700BF68BCFF1F15
:1013D0002DE9B04195B00CAD80460F46104604A9EA
:1013E0002A461C4602910395FFF768FAD0F10100E6
:1013F00038BF002014AA02EB80036288013212B2C7
:101400008DE81400404653F8482C39460023FFF776
:1014100043FC15B0BDE8B0812DE9F0411646B3F9A3
:1014200002205C7893F8008098B01D4607320823AC
:1014300064B2074692FBF3F26846FFF780FA08A809
:1014400039462246FFF77BFA4FFA88F808AB03EBE0
:101450008808404639192246FFF771FA08A82B463A
:101460006A460146FFF7B4FF3046214608AAFFF757
:1014700052FA301921464246FFF74DFA29784900C1
:1014800008A849B2FEF711FED0F1010038BF0020D4
:1014900018B0BDE8F08170B51446B2F902200346D9
:1014A00098B00E46073219460823684692FBF3F2BD
:1014B000FFF745FAB4F9025020231F3595FBF3F5E9
:1014C0006DB268462946FEF7F0FD08B1002020E025
:1014D0002A4604F124006946FEF744FE0128054629
:1014E000F4D108A869462246FFF7A9FC0028EDD0F0
:1014F000304694F9011008AAFFF70DFA94F901108B
:1015000094F9002008AB701803EB8202FFF703FA8E
:10151000284618B070BD2DE9F04F91B05D691B9F52
:101520001E6997F801807F880FFA87FC93461C4656
:101530000CF11F02202392FBF3F381468A462E44CE
:10154000CDF810C0DBB2002221698A4205D2012108
:10155000B1540021A9540132F6E7204629460293EE
:10156000FFF793FA22690021B15422694FFA88F8F3
:10157000204631460132FFF7A8FA42462046494646
:10158000FFF7A3FA204651465A46FFF79EFA204637
:1015900029462A46FFF79DFA324620462946FFF79C
:1015A000C6FA20462946FFF770FA22690121B15494
:1015B0002269204631460132FFF787FA424620462B
:1015C0004946FFF782FA204651465A46FFF77DFA10
:1015D000204629462A46FFF77CFA2046294632460D
:1015E000FFF7A5FA029B4FFA83F80FFA88F34FEA48
:1015F000830CC7EB48175B013FB206934FF0FF33F4
:10160000FB404027CDF814C00793039700272946D5
:1016100020463246FFF78BFA216900238B42F6D031
:101620000DF1400C4CFA87F07A1CD2B216F803E0A8
:10163000059F00F820EC50B2B84202DA0133174699
:10164000ECE7DDF818C0049FBC450BDD08F1FF3363
:101650000DF1400C0CEB8303079F53F8202C3A400C
:1016600043F8202C1A9F00971B9F0197484651462C
:101670005A4608ABFFF710FC074608B1012719E0EE
:1016800020462946FFF701FA2269B754226920460D
:1016900031460132FFF719FA204629462A46FFF75C
:1016A00018FA294620463246FFF741FA03990139D4
:1016B0000391ABD1384611B0BDE8F08F38B5044680
:1016C000154600F08DF8284621461022BDE8384026
:1016D00000F060B870B500230446934204F10204A0
:1016E0000DD0CE5C084D3609AE5D04F8026CCE5CC0
:1016F00006F00F060133AD5D04F8015CEDE7002252
:1017000000F8132070BD00BFECBB02002DE9F041D2
:10171000044615464F1E002617F8011F09B9254437
:1017200016E0002DFBD0DFF83880404617F03AFC79
:1017300010B1C8EB0000C0B296F0010601D02070D5
:10174000EAE7237840EA031004F8010B013DE3E7E0
:10175000AC4203D0002304F8013BF9E7BDE8F08177
:10176000ECBB020010B5034601444FF6FF708B42FC
:101770000FD013F8012B5040082200F0010440085C
:1017800024B180F4044080F0080080B2013AF4D122
:10179000EDE710BD70B500230446934204F1020446
:1017A0000DD0CE5C084D3609AE5D04F8026CCE5CFF
:1017B00006F00F060133AD5D04F8015CEDE7002291
:1017C00000F8132070BD00BFFDBB020010F0800FB9
:1017D0004FEA400018BF80F01B00C0B27047FFFF07
:1017E0002DE9F04F87B002AA04460E460B4601F1E0
:1017F0001007924618685968154603C50833BB425E
:101800002A46F7D10023F15CE25C4A40E2540133FE
:10181000102BF8D100275C4D23786279EB5C2370A4
:101820002379AA5CEB5C2371237AEB5C2372237B24
:10183000EB5C237363786270627AEB5CAA5C627122
:10184000627B6373AA5C6272A27AA378AA5CA270BC
:10185000A27BEB5CAA5CA372A379A271E27AEB5C37
:10186000AA5CA373E37BE273E279EB5CAA5CE272AD
:10187000E278E370FBB2AA5CE271092B27D19DF8F4
:101880001530EA5C9DF808305340404ABA5C53403A
:101890008DF808309DF81630EA5C9DF80930534009
:1018A0008DF809309DF81730EA5C9DF80A305340F6
:1018B0008DF80A309DF81430EA5C9DF80B305340E7
:1018C0008DF80B300DF113020DF1070344E02646AD
:1018D00004F1010804F1100218F801BCB378707823
:1018E00096F8039000928BEA000089EA030980EAE7
:1018F0000909FFF76BFF8BEA000089EA000B08F883
:1019000001BC96F802B07378019383EA0B00FFF7ED
:101910005DFF019B584089EA0003F07873708BEA01
:101920000000FFF753FF8BEA000089EA000B5FFA23
:101930008BFB86F802B0717818F8013C4B4089EABD
:1019400003098BEA090B86F803B0009A0436964225
:1019500008F10408C0D192E7587913F8011F4140FB
:1019600093421971F8D10023E25C1AF803104A403F
:10197000E2540133102BF7D101370A2F7FF44BAF1C
:1019800007B0BDE8F08F00BF0EBC02000EBD020024
:101990000021D82217F0AEB838B100F1D803984230
:1019A00003D0002202700130F9E7704708B5D82251
:1019B0000AF0AAF808BDFFFF00220023C0E90023B7
:1019C000C0E9022331BB2AA3D3E90023C0E90423E1
:1019D00029A3D3E90023C0E9062329A3D3E90023DF
:1019E000C0E9082328A3D3E90023C0E90A2328A3D8
:1019F000D3E90023C0E90C2327A3D3E90023C0E9DE
:101A00000E2327A3D3E90023C0E9102326A3D3E99B
:101A1000002325E026A3D3E90023C0E9042326A35D
:101A2000D3E90023C0E9062325A3D3E90023C0E9B5
:101A3000082325A3D3E90023C0E90A2324A3D3E97B
:101A40000023C0E90C2324A3D3E90023C0E90E231B
:101A500023A3D3E90023C0E9102323A3D3E9002360
:101A6000C0E91223C0F8D010704700BFAFF3008068
:101A700008C9BCF367E6096A3BA7CA8485AE67BBA1
:101A80002BF894FE72F36E3CF1361D5F3AF54FA5CC
:101A9000D182E6AD7F520E511F6C3E2B8C68059BA8
:101AA0006BBD41FBABD9831F79217E1319CDE05B60
:101AB000D89E05C15D9DBBCB07D57C362A299A628D
:101AC00017DD70305A01599139590EF7D8EC2F159E
:101AD000310BC0FF6726336711155868874AB48EEB
:101AE000A78FF9640D2E0CDBA44FFABE1D48B54735
:101AF0002DE9F04FADF2844D7EAD0F9006914FF081
:101B0000000C069800EBCC0410F83C00E2794FEA98
:101B1000006B60784FF0000A06040996CDF820A00B
:101B2000DDE90867A078CDF828A0002343EA0B037D
:101B30003B43070242EA0A020B973243DDE90A6798
:101B40003B43E77820791197CDF840A03243DDE997
:101B500010674FEA0068CDF81080CDF814A032432A
:101B60003B43DDE90467607932430604A0793B43D7
:101B7000324343EA0A034FEA00280CF1010C42EA1F
:101B8000080243EA0A03BCF1100FE5E90223B8D1C9
:101B90000DF50079D9E91223D9E90001D9E91C67CB
:101BA000801841EB0301F30043EA57731293FB00E3
:101BB00043EA56731393F30C43EA47331493FB0C35
:101BC00043EA46331593DDE914ABDDE9122383EADA
:101BD0000B034FEA961B4BEA876882EA0A024FEA38
:101BE000971ACDF804A0CDF80080DDE90067D9E9A7
:101BF000024572407B40801841EB0301230A43EA0F
:101C0000056316932B0A43EA04631793630843EAB8
:101C1000C57318936B0843EAC4731993DDE918ABD5
:101C2000DDE9162383EA0B034FEAD41B4BEA456632
:101C3000EF090296039782EA0A02DDE902AB82EA23
:101C40000A02121883EA0B030CF1010C43EB0103A7
:101C5000BCF1500FC9E9202309F108099AD10F9965
:101C60000F9D0F9B0F9FD1E90401D5E90845CDE9F0
:101C700010010F98CDE91445D0E90CABD0E910451F
:101C8000D3E90623D7E90A67CDE91C45CDE918ABAE
:101C9000CDE91223DDE91CABD0E90E23CDE91667AF
:101CA000D0E91267DDE91801CDE908ABCDE91A23C7
:101CB000CDE91E67CDE90A6792469B46CDE906014C
:101CC000DDE91423DDE91267DDE91001064CDDE9E9
:101CD0001689CDE90423CDE90267CDE900018EAD77
:101CE00004F5207C02E000BFD0BD020055E90E01E2
:101CF00054E90E23069E079F121843EB0103B10C13
:101D000041EA87312091B90C41EA86313846219168
:101D1000B10B41EA804122913746810B41EA87416C
:101D20002391DDE92201DDE92067464006984F4016
:101D3000C105079841EA50212491C105069841EA5E
:101D400050212591DDE9240146404F40921943EB93
:101D50000703DDE90867DDE9060186EA0A0687EA86
:101D60000B0706400F40DDE908014640921987EA5B
:101D7000010743EB0703DDE90A67B61847EB0307E2
:101D8000CDE90C6716EB080647EB0907DDE90023F0
:101D9000DDE90201CDE90A67DDE904671043194373
:101DA0003040DDE902233940DDE900673B4019435B
:101DB000B30743EA9703019FDDF800802693BB0732
:101DC00043EA980327934FEA187343EA07132893CB
:101DD0003B0F43EA081332402993DDE9286710439B
:101DE000DDE9262372404FEA4866DDF8048046EAC2
:101DF000D8162A964FEA4866DDF8008046EAD816DB
:101E00002B967B40DDE92A67DDE90C8972401218C8
:101E100083EA070343EB010318EB020849EB0309CC
:101E200054E90C0155E90C23121843EB0103DDE9D9
:101E30000801121843EB0103DDE90601DDE90A6739
:101E400080EA0A0081EA0B01304080EA0A0039404A
:101E5000121881EA0B0143EB0103B10C41EA87310F
:101E60000B9F0A982C91B90C41EA80312D91810B7E
:101E700041EA874106462E91B90B41EA86412F91EE
:101E8000DDE92E01DDE92C6746400A984F40C10587
:101E90000B9841EA50213091C1050A9841EA50213E
:101EA0003191DDE930014640901987EA010743EBA3
:101EB0000701DDE90423CDE90C01801841EB0301A2
:101EC000CDE90801DDE90001DDE90267DDE9002374
:101ED00041EA090103EA0903394019434FEA8873CB
:101EE00043EA990332934FEA897343EA98033393A1
:101EF0004FEA187343EA091334934FEA197343EA1C
:101F0000081340EA080002EA080235933040104303
:101F1000DDE93467DDE9322372404FEA486646EA7C
:101F2000D91636964FEA496646EAD81637967B4068
:101F3000DDE936677240121883EA070343EB0103B9
:101F4000DDE90C01801841EB0301CDE9040155E9FD
:101F50000A2354E90A01121843EB010312EB0A02A7
:101F6000DDE9066743EB0B03DDE90AABDDE90801B8
:101F70008AEA060A0AEA000A8AEA060A8BEA070BD4
:101F8000099E0BEA010B810C12EB0A0241EA863131
:101F9000DDF820A038914FEA964141EA8A31399123
:101FA0004FEA9A3141EA86413A914FEA963141EA45
:101FB0008A418BEA070B3B9143EB0B033046DDE98B
:101FC0003AABDDE9386787EA0B07DDF820B04FEA66
:101FD000CB5141EA50213C91C10541EA5B213D9141
:101FE00086EA0A06DDE93CAB86EA0A06901987EA2A
:101FF0000B0743EB0701DDE9022310EB020A41EB7B
:10200000030BCDE90C01DDE90401DDE90067DDE941
:10201000042340EA080041EA090102EA08023040CC
:102020003940049F03EA09031043059A1943BB078B
:1020300043EA92033E93930743EA970316463F937E
:102040003B0F43EA06133A464093330F43EA021329
:10205000419340AFD7E90067DDE93E237B40049F11
:1020600072407E06059F46EAD71642967E06049F7A
:1020700046EAD716439642AFD7E900677240121876
:1020800083EA070343EB0103DDE90C01801841EB10
:102090000301CDE9020155E9082354E90801DDE90E
:1020A0000667121843EB01039219DDE90A0143EBBD
:1020B0000703DDE908674F4007EA0B074F404FEA87
:1020C0009A4141EA8B3144914FEA9B4141EA8A317E
:1020D00045914FEA9A3141EA8B414640469106EAE2
:1020E0000A064FEA9B31464041EA8A4192194791DC
:1020F00046A844A943EB0703D1E90067D0E90001F2
:102100004F404FEACA5141EA5B2148914FEACB5117
:1021100041EA5A21499148A94640D1E90001464087
:10212000901987EA010743EB0701DDE90023CDE9B8
:102130000C01801841EB0301DDE90267CDE90601DE
:10214000DDE90401DDE90223064302400B400F43B1
:1021500006EA08060299164307EA0907039A1F438D
:102160008B0743EA92034A93930743EA910310468D
:102170004B930B0F43EA00130A464C93030F43EAB9
:1021800002134D934AA94CA8D1E90023D0E90001DC
:10219000424002984B404106039841EAD0114E91CB
:1021A0004106029841EAD0114F914EA9D1E90001B0
:1021B0004240921983EA010343EB0703DDE90C6710
:1021C000B61855E9060147EB030754E90623121830
:1021D00043EB0103DDE90A01CDE900671218DDE9EF
:1021E000086743EB0103DDE9060186EA0A0687EA90
:1021F0000B0706400F40DDE908014640921987EAC7
:102200000107069E43EB0703079FB10C41EA8731A4
:102210005091B90C41EA863138465191B10B41EAEF
:10222000804152913746810B41EA8741539152A830
:1022300050A9D1E90067D0E90001464006984F4017
:10224000C105079841EA50215491C105069841EA19
:102250005021559154A9D1E900014640901987EACF
:10226000010743EB0701CDE90C0110EB080041EB3E
:102270000901DDE90223CDE90A01DDE90001DDE91B
:102280000467104319433040DDE900233940DDE99C
:1022900002673B40009FDDF804801943BB0743EA17
:1022A000980356934FEA887343EA970357933B0F7B
:1022B00043EA081358934FEA187343EA071332406E
:1022C000599356AF58AE1043D7E90023D6E90067BB
:1022D0007B40009F72407E0646EAD8165A964FEA27
:1022E0004866DDF8008046EAD8165B965AAFD7E913
:1022F0000067DDE90C897240121883EA070343EB9B
:10230000010318EB020849EB030955E9040154E9FC
:102310000423121843EB0103DDE90801DDE9066738
:10232000121843EB0103DDE90A0186EA0A060640BA
:1023300086EA0A06921987EA0B070B9E07EA01074D
:102340004FEA904141EA86310A985C914FEA964102
:1023500087EA0B0741EA803143EB07035D9137467B
:10236000810B41EA874106465E91B90B41EA8641FD
:102370005F915EA85CA9D1E90067D0E90001464001
:102380000A984F40C1050B9841EA50216091C10560
:102390000A9841EA5021619160A9D1E900014640C3
:1023A000901987EA010743EB0701DDE90423CDE932
:1023B0000C01801841EB0301CDE90801DDE90001C2
:1023C000DDE90267DDE9002341EA0901394003EA5A
:1023D000090319434FEA887343EA990362934FEA6A
:1023E000897343EA980363934FEA187343EA091326
:1023F00064934FEA197343EA081340EA08006593AF
:10240000304002EA080262AF64AE1043D7E900230D
:10241000D6E9006772404FEA486646EAD9166696E2
:102420004FEA496646EAD8167B40679666AFD7E919
:1024300000677240121883EA070343EB0103DDE9EA
:102440000C01801841EB0301CDE9040154E902239A
:1024500055E90201121843EB010312EB0A02DDE910
:10246000066743EB0B03DDE90AABDDE908018AEA05
:10247000060A0AEA000A8AEA060A8BEA070B099E9C
:102480000BEA010B810C12EB0A0241EA8631DDF8FE
:1024900020A068914FEA964141EA8A3169914FEA5A
:1024A0009A3141EA86416A914FEA963141EA8A417E
:1024B00068A88BEA070B6B91D0E900676AA843EB29
:1024C0000B03D0E900AB86EA0A06DDF820A087EA14
:1024D0000B07DDF824B04FEACA5141EA5B216C9149
:1024E0004FEACB5141EA5A216D916CA9D1E9000123
:1024F00046404F40DDE9020112EB060A43EB070BB1
:10250000CDE90CAB1AEB000A4BEB010BDDE9040142
:10251000DDE9002340EA080041EA090110401940C2
:10252000DDE90423049E059F03EA09031943B30769
:1025300043EA97036E93BB0743EA960302EA080255
:1025400010436F933A46330F43EA021337467093B2
:10255000130F43EA071371936EAF70AED7E90023F0
:10256000D6E900677B40049F72407E06059F46EADD
:10257000D71672967E06049F46EAD716739672AFF8
:10258000D7E900677240121883EA070343EB01039F
:10259000DDE90C01801841EB0301CDE90201F4E80B
:1025A0001023F5E81001DDE90667121843EB01037B
:1025B0009219DDE90A0143EB0703DDE908674F40A3
:1025C00007EA0B074F404FEA9A4141EA8B31749179
:1025D0004FEA9B4141EA8A31759146404FEA9A3170
:1025E00041EA8B4106EA0A06464076914FEA9B3162
:1025F000921941EA8A4143EB0703779174AF76AEB3
:10260000D7E90001D6E9006770404FEACA5646EAAA
:102610005B2678964FEACB5646EA5A267940799659
:1026200078AFD7E900677040161881EA070143EBDD
:102630000107DDE90001CDE90C67361847EB01071A
:10264000DDE90423DDE90201CDE906671043DDE998
:1026500004671943DDE9022300EA080032403B40E9
:10266000029F104301EA0901039A1943BB0743EA99
:1026700092037A93930743EA970316467B933B0FA3
:1026800043EA06133A467C93330F43EA02137D93E1
:102690007AAF7CAED7E90023D6E900677B40029F82
:1026A00072407E06039F46EAD7167E967E06029FFC
:1026B00046EAD7167F967EAFD7E9006772401218B8
:1026C00083EA070343EB0103DDE90C01801841EBCA
:1026D00003016445CDE900017FF408ABDDE9104555
:1026E000021941EB05030F9DDDE91267C5E90423DB
:1026F000DDE90223921943EB0703C5E90623DDE96F
:102700001401DDE90423121843EB0103C5E9082392
:10271000DDE9162312EB080243EB0903C5E90A239E
:10272000DDE91845DDE90623121943EB05030F9D8A
:10273000C5E90C23DDE91A2312EB0A0243EB0B0374
:10274000DDE91C67C5E90E23DDE90823921943EB97
:102750000703DDE91EABC5E91023DDE90A2312EB0F
:102760000A0243EB0B03C5E912230DF2844DBDE8C9
:10277000F08F00BF2DE9F84FD0E90067002506F083
:102780007F0BB61847EB05071446AF4208BFA642B9
:1027900080468A469146C0E9006706D2D0E90245E4
:1027A000013445F10005C0E90245BBF1000F14D02A
:1027B000CBF18004A14510D30BF1500051462246C5
:1027C000404409F0A1F9404608F15001FFF790F9A3
:1027D000A244C4EB09094FF0000B4C460AEB090177
:1027E0007F2CC4EB010104D94046FFF781F9803CFE
:1027F000F4E729F07F0119F07F02514406D00BF174
:1028000050004044BDE8F84F09F07EB9BDE8F88FAC
:102810000AB1FFF7AFBF70472DE9F04FC268836878
:10282000D5000E4645EA537541684FF0000B85B060
:1028300045EA0B050746DC004FEA517ACB000168F8
:102840008DF80350280E8DF80000280C44EA0A0485
:102850008DF80100280A8DF80200200E40EA0520BC
:102860008DF80400200C43EA517340EA05408DF8CE
:102870000500180E8DF80800180CCA008DF8090024
:10288000180A8DF80A00100E40EA03208DF80C009B
:10289000100C40EA03408DF80D00100A40EA036076
:1028A0008DF80B303B688DF80F2003F07F026F2A04
:1028B0004FEA142894BFC2F17002C2F1F0028DF801
:1028C0000E008F498DF80740384648EA05688DF8B4
:1028D0000680FFF79DFF384669461022FFF74AFF42
:1028E000FA7D3270F88A70707A69100AB07078696F
:1028F000F0707A69F87C40EA022030717A69788A4F
:1029000040EA024070713C697A69200A40EA02603C
:10291000B0713A69F271F87F3072F88B7072FA69AF
:10292000100AB072F869F072FA69F87E40EA022083
:102930003073FA69788B40EA02407073BC69FA69B7
:10294000200A40EA0260B073BA69F27397F8270070
:102950003074F88C70747A6A100AB074786AF07403
:102960007A6A97F8230040EA022030757A6A788CF8
:1029700040EA024070753C6A7A6A200A40EA0260C6
:10298000B0753A6AF27597F82F003076F88D707648
:10299000FA6A100AB076F86AF076FA6A97F82B00AD
:1029A00040EA02203077FA6A788D40EA0240707778
:1029B000BC6AFA6A200A40EA0260B077BA6AF27723
:1029C00097F8370086F82000F88E86F821007A6B99
:1029D000100A86F82200786B86F823007A6B97F845
:1029E000330040EA022086F824007A6B788E40EAB1
:1029F000024086F825003C6B7A6B200A40EA0260B0
:102A000086F826003A6B86F8272097F83F0086F86C
:102A10002800F88F86F82900FA6B100A86F82A0039
:102A2000F86B86F82B00F96B97F83B2042EA0122FD
:102A300086F82C20F96B7A8F42EA014286F82D2025
:102A4000B86BF96B020A42EA016286F82E20BB6B72
:102A500086F82F30D7F8D01000294DD197F84720AD
:102A600086F83020B7F8462086F83120786C020AC4
:102A700086F832207A6C86F83320786C97F84320F9
:102A800042EA002286F83420786CB7F8422042EA05
:102A9000004286F835203C6C786C220A42EA0062DB
:102AA00086F836203B6C86F8373097F84F2086F84A
:102AB0003820B7F84E2086F83920F86C020A86F8DC
:102AC0003A20FA6C86F83B20F96C97F84B2042EAE2
:102AD000012286F83C20F96CB7F84A2042EA01420C
:102AE00086F83D20B86CF96C020A42EA016286F869
:102AF0003E20BB6C86F83F3005B0BDE8F08F00BFCC
:102B000018BD0200F0B5B7B01F4606466846144629
:102B10000D46FEF73DFF68463946FEF74DFF2A4653
:102B200068463146FFF774FE68462146FFF774FE9B
:102B30006846FEF731FF37B0F0BDFFFF0538C0B281
:102B400003289ABF024B53F820000020704700BFB3
:102B500018C0020000B1007A704701F09DBC01F07E
:102B600045BCFFFF10B5044601F036FC024B204681
:102B70001B68984710BD00BFC48CFF1F054B10B5E4
:102B80001B6801206C219847044608B101F020FC25
:102B9000204610BDC08CFF1F012301F0EBBD0023B8
:102BA00001F0E8BD01F064BD01F05EBD012101F05E
:102BB00023BC002101F020BCFEF79ABFFEF7F6BE51
:102BC00010B50446FEF7E8FE024B20461B68984706
:102BD00010BD00BFC48CFF1F054B10B51B68012042
:102BE000D8219847044608B1FEF7D2FE204610BD12
:102BF000C08CFF1F0123FFF785BF0023FFF782BFB3
:102C0000FFF70ABEFFF704BE0121FEF7D5BE002183
:102C1000FEF7D2BE00232DE9F04115461C46844242
:102C200005F104054FEA840617D055F804CCC3EB30
:102C30000C0645F8046C51F82470BE422CBF4FF0CE
:102C400000084FF00108F61B9C452CBF434608F1D5
:102C5000010345F8046C0134E1E7324443B11168E3
:102C6000C81A994242F8040B2CBF00230123F5E750
:102C7000BDE8F0812DE9F04186B084460193002340
:102C80000391029205938046B8F10F0F40F2CA807B
:102C900003980299059A019B50F8044B4FF00005E8
:102CA0000E68E3FB0425B71845F1000241F8047BE8
:102CB00050F8044B4FF000050E68E3FB0425B718ED
:102CC00045F1000241F8047B50F8044B4FF0000539
:102CD0000E68E3FB0425B71845F1000241F8047BB8
:102CE00050F8044B4FF000050E68E3FB0425B718BD
:102CF00045F1000241F8047B50F8044B4FF0000509
:102D00000E68E3FB0425B71845F1000241F8047B87
:102D100050F8044B4FF000050E68E3FB0425B7188C
:102D200045F1000241F8047B50F8044B4FF00005D8
:102D30000E68E3FB0425B71845F1000241F8047B57
:102D400050F8044B4FF000050E68E3FB0425B7185C
:102D500045F1000241F8047B50F8044B4FF00005A8
:102D60000E68E3FB0425B71845F1000241F8047B27
:102D700050F8044B4FF000050E68E3FB0425B7182C
:102D800045F1000241F8047B50F8044B4FF0000578
:102D90000E68E3FB0425B71845F1000241F8047BF7
:102DA00050F8044B4FF000050E68E3FB0425B718FC
:102DB00045F1000241F8047B50F8044B4FF0000548
:102DC0000E68E3FB0425B71845F1000241F8047BC7
:102DD00050F8044B4FF000050E68E3FB0425B718CC
:102DE00045F1000241F8047B50F8044B4FF0000518
:102DF0000E68E3FB0425B71845F1000241F8047B97
:102E000050F8044B4FF000050E68E3FB0425B7189B
:102E100045F1000241F8047B059202910390A8F16C
:102E2000100831E70CF00F08B8F1070F69D90398C3
:102E30000299059A019B50F8044B4FF000050E686B
:102E4000E3FB0425B71845F1000241F8047B50F874
:102E5000044B4FF000050E68E3FB0425B71845F15D
:102E6000000241F8047B50F8044B4FF000050E6857
:102E7000E3FB0425B71845F1000241F8047B50F844
:102E8000044B4FF000050E68E3FB0425B71845F12D
:102E9000000241F8047B50F8044B4FF000050E6827
:102EA000E3FB0425B71845F1000241F8047B50F814
:102EB000044B4FF000050E68E3FB0425B71845F1FD
:102EC000000241F8047B50F8044B4FF000050E68F7
:102ED000E3FB0425B71845F1000241F8047B50F8E4
:102EE000044B4FF000050E68E3FB0425B71845F1CD
:102EF000000241F8047B059202910390A8F10808B2
:102F000092E70CF0070CBCF1000F15D00398029962
:102F1000059A019B50F8044B4FF000050E68E3FB47
:102F20000425B71845F1000241F8047B059202918F
:102F300003900CF1FF3CE6E7029B1968059A0A44EE
:102F400043F8042B05998A422CBF002201220592E6
:102F5000002AF2D106B0BDE8F08120B10123036060
:102F6000002343608360704710B5044688B18068D1
:102F700050B16368024613F1FF3303D3002111609F
:102F80000432F8E715F084FD012323600023636019
:102F9000A36010BDF8B542F21073994204460D4685
:102FA00002D96FF00F00F8BD46688E4219D208466C
:102FB000042115F011FD07460028F2D0A16871B177
:102FC000B20008F0A1FDA0686368024613F1FF3368
:102FD00003D3002111600432F8E715F059FD656054
:102FE000A7600020F8BD8842F8B504460D4623D0FE
:102FF0008E6816B9FFF7B8FF20E04B68591E06EB44
:10300000830621B156F8043D0BB90139F9E72B6865
:1030100023604F1C20463946FFF7BCFF064668B9BF
:103020006268A0683146920015F064FDA068A96846
:10303000BA0008F069FD01E00020F8BD3046F8BD97
:1030400070B50E4601210446FFF7A4FF054688B976
:103050006268A0689200294615F04CFDA36886EAD4
:10306000E672A2EBE672002E1A60ACBF01234FF0AD
:10307000FF332360284670BD70B5002345681946AC
:10308000A94210D0826852F82140002224FA02F6A8
:10309000F60706D40132202A03F10103F6D10131EB
:1030A000EEE7184670BD002070BD10B504464068BC
:1030B000D0B100F18042013A431E9200A16823B1D1
:1030C0008858043A08B9013BF8E751F8231000206A
:1030D0004FF000420A4204D1013020284FEA520248
:1030E000F8D1C0EB4310203010BD08B5FFF7DDFF6D
:1030F0000730C00808BD2DE9F04107460E461546C9
:103100000024AC4201D0335D63B1291B11F00303ED
:1031100018BF012303EB91013846FFF73BFF03463D
:1031200000BB01E00134ECE719463846FFF788FFA1
:103130000346B8B971190D46A81BA042C5EB0102A0
:1031400010D94FEA920CB86815F8018D02F003020D
:10315000D20008FA02F850F82C2042EA080840F899
:103160002C80E9E71846BDE8F081F8B5144607461B
:103170000D46FFF7BAFF8442064616D3224628467C
:10318000002115F0B7FC2C440023B3420BD0980863
:10319000BA6803F0030152F82020C900CA4004F8BD
:1031A000012D0133F1E70020F8BD6FF00700F8BDF5
:1031B0002DE9F04105460F464C0901F01F06FFF7C7
:1031C00074FF6B68C119B1EB431F01D87CB90CE0E7
:1031D00011F01F0318BF0123284603EB5111FFF71D
:1031E000D9FE0028F2D0BDE8F08106BB1CE06B6878
:1031F00003F18042013A6FF0030792006743A34254
:1032000006D9A9688818013BC0598850043AF6E7E6
:1032100003F18042013A9200002BE6D0A968002019
:103220008850013B043AF7E70020BDE8F0816F6861
:10323000A3000022BC42F7D2A868C15801FA06F8E0
:1032400042EA0802C6F1200CC2500134043321FACC
:103250000CF2EFE74368F0B54D099D4201F01F0104
:1032600001D805D121B10021BDE8F040FFF7E8BE4B
:1032700035B949B303F18042013A9200002414E0C9
:1032800000245A1B944207D28268661952F82660BD
:1032900042F824600134F4E794009A42E9D2856848
:1032A00000262E5101320434F7E76BB18668B55819
:1032B00025FA01FC44EA0C04C1F12007B450013B9B
:1032C000043A05FA07F4F0E70020F0BD436870B552
:1032D00003F18042013A92002BB18468A458043A69
:1032E0000CB9013BF8E74A6802F18044013CA400B4
:1032F000FAB18D682E59043C0EB9013AF8E79342B1
:1033000012D89A4212D803F18042013A92004BB18E
:1033100081688C58A9588C4206D8A2F1040205D3C2
:10332000013BF4E7184670BD012070BD4FF0FF303F
:1033300070BD181C18BF012070BD2DE9F04F85B07D
:10334000164603930E9B5A68736801339A420746E8
:103350008B4653D30E9B986800284FD092000021D3
:1033600015F0C8FB0E9AD6F80480DBF80430D2F8CA
:1033700008C0984538BF434608F1010901934FEA58
:103380008909654600244445B86820D0DBF8081058
:1033900050F824A00A682B680198CDF800C002FB01
:1033A0000A33039A534302932A465346FFF762FCBB
:1033B0002A46029BB1684046FFF75CFC45F804AB27
:1033C000002345F809300134DDF800C0DBE7A9F13E
:1033D000040161444A4608F097FB38463146FFF73E
:1033E00075FF0028204602DBB168BA6802E00E9B38
:1033F000B9689A68FFF70EFC002001E06FF0030047
:1034000005B0BDE8F08F436870B503F18042013A22
:1034100092002BB18468A458043A0CB9013BF8E738
:103420004A6802F18044013CA4006AB38D682E59B9
:10343000043C0EB9013AF8E7934201D9026826E04C
:103440009A42096801D94A4221E00268002A01DD56
:10345000002917DB002904DC03F1804101398900D0
:1034600005E0002AF8DA4FF0FF3210E0013B6BB1C3
:10347000846866586C58A64209D8A1F10401F5D2B7
:10348000524204E0012202E0002BD7D11A46104636
:1034900070BD1FB581EAE173A3EBE17300290093CE
:1034A000ACBF01234FF0FF3301930123029301A925
:1034B00000AB0393FFF7A7FF05B05DF804FB904254
:1034C0002DE9F8430546174606D0884205D0FFF798
:1034D0008AFD064608B14CE00F467C6801232B604C
:1034E00004F18043013B9B002CB1BA68D258043BE5
:1034F0000AB9013CF8E728462146FFF74BFD06468E
:10350000002836D1AB68D7F80880184637463246CF
:10351000A24212D0016858F822C0CF19674434BFC4
:103520004FF000094FF0010940F8047B0132674574
:103530002CBF4F4609F10107EAE74FEA84084344EC
:10354000BFB16A68944204F1010406D328462146BB
:10355000FFF720FD60B9AB6843441A683A44BA42A9
:1035600043F8042B2CBF0027012708F10408E7E7E4
:1035700006463046BDE8F883F0B5044685B00846F7
:103580000F4611461546FFF7A1FE002830DB012348
:103590000193AC424FF000030293039306D101A8BC
:1035A0002146FFF720FD0646E8B901ADBC4207D130
:1035B00068680123236000F18043013B9B000BE01E
:1035C00020463946FFF70FFD064660B9F0E7AA68C6
:1035D000D258043B12B901380028F8D1A968A26872
:1035E000FFF718FB002601A8FFF7BEFC304601E0FC
:1035F0006FF0090005B0F0BDF8B50D6813686B43B6
:1036000004460E46174612D508461146FFF75EFEE1
:103610000028204604DB31463A46FFF7ADFF08E0BC
:1036200039463246FFF7A8FF28B96D4202E0FFF79E
:1036300046FF00B92560F8BDF8B50D6813686B4307
:10364000002B04460E46174612DD08461146FFF7CA
:103650003DFE0028204604DB31463A46FFF78CFF4A
:1036600008E039463246FFF787FF28B96D4202E08D
:10367000FFF725FF00B92560F8BD1FB582EAE273A8
:10368000A3EBE273002A0093ACBF01234FF0FF339A
:1036900001930123029301AA00AB0393FFF7CCFF30
:1036A00005B05DF804FB2DE9F04786B0002317460E
:1036B00088424FF00102064688468DE80C000293CE
:1036C00003920493059306D16846FFF78CFC0446E9
:1036D00000284ED1E846BE4207D103A83146FFF785
:1036E00082FC0446002844D103AFD8F8049009F1C5
:1036F0008043013B9B00B9F1000F07D0D8F80820A8
:10370000D258043B12B909F1FF39F4E77D6805F19D
:103710008043013B9B002DB1BA68D258043B0AB9E3
:10372000013DF8E7304605EB0901FFF733FC04469D
:10373000F8B921463046FFF783FC0446C8B905F1C5
:10374000804A0AF1FF3A4FEA8A0A6DB1B268BB6853
:10375000D8F8081053F80A3052444846FFF78AFA5E
:10376000013DAAF1040AF0E7D8F800303A68534363
:10377000336003A8FFF7F8FB6846FFF7F5FB204628
:1037800006B0BDE8F0871FB50123019302930092B4
:1037900000AB01AA0393FFF786FF05B05DF804FBB9
:1037A0002DE9F04F9BB0884601900021184617463E
:1037B0000493FFF76EFE002800F0AD810024012580
:1037C000384604990B950C940D940E950F94109413
:1037D00011951294139414951594169417951894A2
:1037E0001994FFF773FDA04218DA019818B9B8F1DF
:1037F000000F09D110E001982146FFF721FC064691
:10380000002840F07781F2E740463946FFF7EBFBAE
:103810000646002840F06E8100207EE10BA8394664
:10382000FFF7E1FB0646002840F064810EA80499EA
:10383000FFF7D9FB0646002840F05C8179680E95B9
:1038400011A802310B95FFF7A5FB0646002840F0B2
:103850005181314611A8FFF7F3FB0646002840F0DE
:10386000498114A80221FFF795FB0646002840F085
:10387000418117A80321FFF78DFB0646002840F081
:1038800039810EA8FFF711FC00F01F001F2813D08C
:10389000C0F11F00029002990BA8FFF789FC0646B1
:1038A000002840F027810EA80299FFF781FC064608
:1038B000002840F01F8100E002960C9C0F9D04F14F
:1038C000FF39691EC1EB090B4FEA4B1A00910EA894
:1038D0005146FFF76DFC0646002840F00B814FEA89
:1038E0008B0B0BA80EA9FFF78EFD00280EDB139B98
:1038F00053F80B200BA8013243F80B2001460EAA07
:10390000FFF79AFE06460028EBD0F3E00EA85146DA
:10391000FFF7A0FC0646002840F0EC80009A4FEA32
:10392000820BABF10403089304F10063013B5B1BC2
:103930005B01039304F180446FF00303013C6B438C
:10394000A4000593009B994540F2AE800D99109A12
:103950000B5952F80BE0139D734505D32544059888
:103960004FF0FF332B5022E0DDF814A02144A24495
:1039700051F8040CBEF1000F15D0002106910793F9
:10398000DDE9062342EA000210461946724600238A
:1039900014F046FD4FF0FF3200238B4208BF8242F5
:1039A00003D2104601E04FF0FF3045F80A00059DB4
:1039B000139B2544A4F1040A5A5901325A51A4F127
:1039C00008030993139B5A59013A5A5114A800212C
:1039D000FFF736FB002840F08A800098169B109A6B
:1039E00010B10898115800E00099196052F80B20A6
:1039F0005A60139B14A801465A59FFF7C4FE0146AA
:103A0000002876D117A8FFF71BFB00286FD1B9F16A
:103A1000010F0D9A18BF0999199B18BF50581860CB
:103A200052F80A10596012599A6014A817A9FFF7A2
:103A3000EAFC0028C6DC139B14A80EA95A59FFF70C
:103A4000A2FE002853D114A80399FFF7B1FB002868
:103A50004DD10BA8014614AAFFF7EEFD0146002840
:103A600047D10BA8FFF715FD002816DA14A80EA9F8
:103A7000FFF7B9FA00283AD114A80399FFF798FB89
:103A8000002834D10BA8014614AAFFF7B5FD002881
:103A90002DD1139B5A59013A5A51039A203A09F1F0
:103AA000FF390392043C4DE7019848B111A9FFF793
:103AB0009AFAE0B904993B680A685343019A136083
:103AC000B8F1000F16D00BA80299FFF7C3FB70B92D
:103AD0003B680B930BA94046FFF785FA014640B9B6
:103AE0004046FFF7D6FC28B90123C8F80030064647
:103AF00000E00E460BA8FFF737FA0EA8FFF734FADE
:103B000011A8FFF731FA14A8FFF72EFA17A8FFF74C
:103B10002BFA304601E06FF00B001BB0BDE8F08FD0
:103B200070B504460E46104600211546FFF7B1FC5D
:103B3000002822DB0020214632462B46FFF730FECC
:103B4000F8B920460021FFF7A4FC002807DA204638
:103B500021462A46FFF750FD0028F2D070BD2046CE
:103B60002946FFF750FC00280ADB204621462A465A
:103B7000FFF762FD0028F2D070BD6FF0090070BD44
:103B8000002070BD2DE9F04FADF2546D05460F4693
:103B90001846002103921C46FFF77BFC0028DDF845
:103BA0007886C0F21082A3681E68F10740F10B828C
:103BB00003980021FFF76DFC0028C0F2048206F193
:103BC000020909F0040906EB4909032106FB09F380
:103BD000C3F10203013903FB09F9F7D101234FF4C3
:103BE000C06214A8089309910A910B930C910D914E
:103BF0000E930F91109114F07DFF0398FFF755FA83
:103C0000B0F5287F08D2EF2808D84F2808D8182800
:103C100034BF0126032604E0062602E0052600E064
:103C20000426636803F1010A28465146FFF7B2F9FA
:103C30000346002840F09E8117A85146FFF7AAF9D5
:103C40000346002840F096810BA84FEA4A01FFF78F
:103C5000A1F90346002840F08D813B68B3F1FF32A3
:103C600053425341059353B10EA83946FFF7BBF9B0
:103C70000346002840F07E8101230E930EAFB8F179
:103C8000000F02D0D8F8083033BB08A80121FFF795
:103C9000D7F90346002840F06D81616808A88901C2
:103CA000FFF786FA0346002840F0648108A8014621
:103CB0002246FFF735FF0346002840F05B81B8F14C
:103CC000000F12D008AB03CBC8F800001868C8F882
:103CD0000410C8F8080008E0D8F80000D8F804106C
:103CE00008AB03C3D8F80800186021463846FFF730
:103CF0008AFB0028394617A815DB2246FFF710FF7C
:103D00000346002840F03681C9F100090BAF4B464D
:103D1000009717A808A92246FFF70FFB03460028C3
:103D200040F0288102E0FFF75EF9E9E7284608A99C
:103D3000FFF759F90346002840F01C8107AA4FF00D
:103D4000010A13924B460097284611A92246CDF846
:103D50001CA0CDF844A0CDF848A0FFF7EEFA03462A
:103D6000002840F00781564507D1039B00275B6878
:103D70000493BC46BB46BA4676E006F1FF3B14AA64
:103D800061680AFA0BFA0C2707FB0A27384601314B
:103D9000FFF700F90346002840F0EC80384617A9E9
:103DA000FFF721F90346002840F0E48084460BAB7E
:103DB000009338464B4639462246CDF808C0FFF7F7
:103DC000BCFADDF808C00346002840F0D3800CF1AF
:103DD000010CDC45EBD30AF1010A01274FF00C0B73
:103DE00014ABB7400BFB0A3BBA45BED261685846DC
:103DF0000131FFF7CFF80346002840F0BB8058465A
:103E0000ABF10C01FFF7EFF80346002840F0B28059
:103E10000BAB009358464B4617A92246FFF78DFA85
:103E20000BF10C0B0346002840F0A4800AF1010AB4
:103E3000DAE7049B013B04934FF0200B039A93684D
:103E4000049A53F822300BF1FF3B23FA0BF313F0E3
:103E5000010314D00CF1010CCCEB06029340B445E5
:103E60004AEA030A1FD00227BBF1000FE6D1049AE9
:103E7000002ADED10123B340039393464FE0002F85
:103E8000F2D0012FE6D10BAB009328464B462946D2
:103E90002246CDF808C0FFF750FADDF808C0034607
:103EA000002867D1E0E74FF0000C0BAF4B460097BE
:103EB000284629462246CDF808C0FFF73EFADDF82D
:103EC00008C00346002855D10CF1010CB445ECD3D1
:103ED00014AB0C2101FB0A3100974B4628462246C1
:103EE000FFF72BFA0346002844D101278246844677
:103EF000BAE74B460097284629462246CDF808C027
:103F0000FFF71BFADDF808C00346002832D1039AF8
:103F10004FEA4A0A12EA0A0F05D10BF1010BE345F9
:103F20000BAFE6D10CE04B460097284617A9224676
:103F3000FFF703FADDF808C003460028EDD019E0CA
:103F4000012307931193129307AB139300974B46EA
:103F5000284611A92246FFF7F0F9034650B9059A01
:103F600042B14FF0FF332B60284621462A46FFF727
:103F700043FB0346741E012202FA04F402FA06F619
:103F8000B44209D214AA0C2000FB0420029301348D
:103F9000FEF7EAFF029BF3E717A80293FEF7E4FFA0
:103FA0000BA8FEF7E1FF0EA8FEF7DEFF029BB8F1BB
:103FB000000F02D0D8F8082042B908A80293FEF7F3
:103FC000D3FF029B02E06FF0030000E018460DF201
:103FD000546DBDE8F08FF0B58BB000230125074686
:103FE00004A816460195029303930495059306933E
:103FF000079508930993FEF7F6FF0446002862D15F
:1040000007A83146FEF7EFFF044600285BD104A85D
:10401000FFF732F8064607A8FFF72EF8B04238BF80
:104020000646314604A8FFF715F9044600284AD190
:1040300007A83146FFF70EF90446002843D107953B
:10404000049504A80021FFF724FA002830D004A822
:10405000FFF712F8014604A8FFF7FCF80446002811
:1040600031D107A8FFF708F8014607A8FFF7F2F8D3
:10407000044640BB04A807A9FFF7C5F9002808DBE0
:1040800004A8014607AAFFF777FA0446D8B904A89E
:1040900007E007A8014604AAFFF76EFA044690B9A4
:1040A00007A80121FFF7D6F804460028C9D00AE086
:1040B00007A83146FFF77CF8044620B9384607A91F
:1040C000FEF791FF044601A8FEF74EFF04A8FEF795
:1040D0004BFF07A8FEF748FF20460BB0F0BD70B5B8
:1040E000B1F5806FADF5806D05460C4616460AD8D1
:1040F000184669462246B04738B9284669462246DE
:10410000FEF7F9FF01E06FF003000DF5806D70BD63
:104110002DE9F04180469CB00F461046002116461E
:10412000FFF7B7F9002840F34E810023012501A8CD
:1041300039463246049505930693079508930993EB
:104140000A950B930C930D950E930F930195029383
:104150000393109511931293139514931593169539
:104160001793189319951A931B93FFF734FF04467E
:10417000002840F00B8101A82946FFF78AF90028A2
:1041800040F0028104A839463246FFF7C9FC0446D4
:10419000002840F0FB8007A804A9FEF724FF04468E
:1041A000002840F0F38010A83146FEF71CFF0446BB
:1041B000002840F0EB8013A83146FEF714FF0446B8
:1041C000002840F0E3800AA82946FEF739FF04469C
:1041D000002840F0DB8021460DA8FEF731FF0446A1
:1041E000002840F0D380214616A8FEF729FF044698
:1041F000002840F0CB8019A82946FEF721FF04468D
:10420000002840F0C380099B1B68D8074CD407A83E
:104210000121FFF71FF80446002840F0B7800C9BEF
:104220001B68DD0710D40F9B1B68DC070CD40AA8A1
:104230000121FFF70FF80446002840F0A7800DA8E1
:104240000121FFF707F8DAE70AA8014610AAFFF7ED
:10425000D3F90446002840F099800DA8014604AA2D
:10426000FFF7EAF904460028E1D08FE013A8012106
:10427000FEF7F0FF0446002840F08880189B1B687A
:10428000DA0716D41B9B1B68DB0712D416A8012182
:10429000FEF7E0FF0446002878D119A80121FEF7B7
:1042A000D9FF0446002871D1159B1B68D90711D48A
:1042B000DCE716A8014610AAFFF79EF9044600287D
:1042C00064D119A8014604AAFFF7B6F904460028EC
:1042D000DCD05BE007A813A9FFF795F800281FDBE7
:1042E00007A8014613AAFFF7A7F9044600284DD1F5
:1042F0000AA8014616AAFFF79FF90446002845D1EF
:104300000DA8014619AAFFF797F9044600283DD1E8
:1043100007A80021FFF7BDF800287FF474AF19E06B
:1043200013A8014607AAFFF787F9044600282DD1F4
:1043300016A801460AAAFFF77FF9044630BB19A860
:1043400001460DAADFE716A801463246FFF754F9E9
:104350000446D8B916A80021FFF79BF80028F2DB25
:1043600006E016A801463246FFF766F9044668B92A
:1043700016A83146FFF747F80028F2DA404616A99A
:10438000FEF731FE044601E06FF00D0404A8FEF7CD
:10439000EBFD07A8FEF7E8FD0AA8FEF7E5FD0DA86E
:1043A000FEF7E2FD01A8FEF7DFFD10A8FEF7DCFD39
:1043B00013A8FEF7D9FD16A8FEF7D6FD19A8FEF73B
:1043C000D3FD204601E06FF003001CB0BDE8F08192
:1043D00000216C2214F08EBB38B100F16C039842BE
:1043E00003D0002202700130F9E7704708B56C2253
:1043F00007F08AFB08BDFFFF002303604360A1B9FB
:10440000184B8360184BC360184B0361184B436112
:10441000184B8361184BC361184B036203F174534B
:10442000A3F52303A3F6924318E0154B8360154BC5
:10443000C36003F1794303F5740303F5016303617A
:10444000114B4361114B836103F1D14303F5C01359
:1044500003F51E63C3610E4B03620E4B436281661C
:10446000704700BF67E6096A85AE67BB72F36E3CB2
:104470003AF54FA57F520E518C68059BABD9831F2F
:10448000D89E05C107D57C3639590EF7310BC0FFD0
:10449000A78FF964A44FFABE2DE9F04FCFB00023E7
:1044A00004900591049A1A4403F1180168460433F4
:1044B00092680A50202BF5D10D9B0393099B089D10
:1044C00002930A990B9E0C9C069A0798019500236B
:1044D0001F460F2F0DF1380814D8DDF814C0059DC4
:1044E0009C4415F803A09CF8039049EA0A699CF8DB
:1044F00001A049EA0A499CF802A049EA0A2948F8B9
:1045000003901AE008EB030C5CF808AC5CF83C9CE8
:104510005CF840BC5CF81CCCDC444FEA7A4B8BEA7C
:10452000FA4B8BEA9A2AD4444FEAF91A8AEAB94A32
:104530008AEAD909CC4448F803C00DF1380C039D30
:1045400053F80C80DFF89CC053F80CC0E0444FEAED
:10455000B11C8CEAF12C8CEA716CE04484EA060C04
:104560000CEA010C8CEA040CE044A844019DDDF83F
:1045700008C040EA020A00EA02090AEA050A4AEA11
:10458000090A4FEAB20989EA723989EAB259013750
:10459000D144402FC44403F10403C84408D0039419
:1045A0000190344610460E4602954246614690E719
:1045B000089001980D94CDF828C00B910C96CDF879
:1045C0001880079209900023049A06AC1A44E15817
:1045D000906804330144202B9160F5D14FB0BDE8C1
:1045E000F08F00BF44C1020003682DE9F04103F0E1
:1045F0003F071344934205460E461446036002D219
:104600004368013343609FB1C7F1400844450FD36D
:1046100007F1280031464246284407F075FA28463B
:1046200005F12801FFF738FF4644C8EB04040027D2
:10463000A0463119B8F13F0FC8EB010105D9284652
:10464000FFF72AFFA8F14008F3E724F03F0114F038
:104650003F02314406D007F128002844BDE8F0416C
:1046600007F052BABDE8F0810AB1FFF7BDBF70474D
:1046700037B590E80C000D46510F41EAC3010446DE
:10468000080ED3008DF80000080C8DF801008DF89D
:104690000310080A190E02F03F028DF80410190CDD
:1046A000372A8DF805104FEA132194BFC2F1380262
:1046B000C2F178028DF802008DF8061020462C49D0
:1046C0008DF80730FFF7D0FF204669460822FFF734
:1046D0008BFFE37A2B7063896B70A3681B0AAB7046
:1046E000A368EB70E37B2B71E3896B71E3681B0AB2
:1046F000AB71E368EB71E37C2B72638A6B722369A5
:104700001B0AAB722369EB72E37D2B73E38A6B7335
:1047100063691B0AAB736369EB73E37E2B74638B72
:104720006B74A3691B0AAB74A369EB74E37F2B75ED
:10473000E38B6B75E3691B0AAB75E369EB7594F862
:1047400023302B76638C6B76236A1B0AAB76236A45
:10475000EB76A36E4BB994F827302B77E38C6B770D
:10476000636A1B0AAB77636AEB7703B030BD00BFA7
:1047700004C10200F0B59DB01F46064601A81446CC
:104780000D46FFF725FE01A83946FFF735FE2A46FC
:1047900001A83146FFF768FF01A82146FFF768FF2F
:1047A00001A8FFF719FE1DB0F0BDFFFF70B5094B62
:1047B00053F8144CA3F114054CB1143313F8186CCE
:1047C0008642F5D16B680C600020136070BD6FF0FD
:1047D0002D0070BDF0C3020000207047704770B517
:1047E00004460E4615460021AC2214F083F9C4F8A5
:1047F000A460C4F8A85070BD026938B50446D2B1AF
:10480000C369C3B11268D20715D51B68DB0712D57F
:1048100000F108052846FEF748FC7F280BD92846FA
:10482000FEF743FCB0F5005F05D814342046FEF7D0
:104830003CFC012801D8054838BD20462946FEF732
:10484000E2FD0028F7DA002038BD00BF00BEFFFF00
:104850002DE9F043A9B00546FFF7CEFF002840F050
:10486000FA806B6B0BB97D48F5E02B6C002BFAD00E
:10487000AB6A002BF7D001A8FEF76FFB04A8FEF788
:104880006CFB07A8FEF769FB0AA8FEF766FB0DA8FC
:10489000FEF763FB10A8FEF760FB13A8FEF75DFBB5
:1048A00016A8FEF75AFB19A8FEF757FB1CA8FEF73F
:1048B00054FB1FA8FEF751FB22A8FEF74EFB05F1A3
:1048C0002C0625A805F13807FEF747FB01A831465D
:1048D0003A46FEF7E8FE0446002840F0898005F1DC
:1048E000200805F1140904A841464A46FEF7DBFEFC
:1048F000044600287CD107A831460122FEF7BDFE00
:104900000446002874D10AA839460122FEF7B5FEF4
:10491000044600286CD10DA807A90AAAFEF7C3FE19
:104920000446002864D113A849460DAAFFF753FB9B
:10493000044600285CD116A807A90AAAFFF74BFB7A
:104940000446002854D119A81CA90DAA16ABFEF7DD
:1049500027FF044600284BD110A804A919AAFFF785
:10496000DFF80446002843D11FA8414607AAFFF7F5
:10497000D7F8044600283BD122A841460AAAFFF7EF
:10498000CFF80446002833D125A839463246FFF730
:10499000BFFB044660BB01A805F10801FEF733FD2B
:1049A000002856D11FA805F14401FEF72CFD002870
:1049B0004FD122A805F15001FEF725FD002848D16E
:1049C00025A805F15C01FEF71EFD002841D11CA8B9
:1049D0000021FEF75EFD00283BD110A80121FEF763
:1049E00058FD002835D113A80121FEF752FD80BBE8
:1049F00001A8FEF7B9FA04A8FEF7B6FA07A8FEF771
:104A0000B3FA0AA8FEF7B0FA0DA8FEF7ADFA10A89F
:104A1000FEF7AAFA13A8FEF7A7FA16A8FEF7A4FA5B
:104A200019A8FEF7A1FA1CA8FEF79EFA1FA8FEF728
:104A30009BFA22A8FEF798FA25A8FEF795FA14F536
:104A4000844F3FF410AF14B1A4F5844003E0204636
:104A500001E0024CCCE729B0BDE8F08300BEFFFFC7
:104A6000F0B5054687B00C4603A81746FEF775FA61
:104A7000214603A86A68FEF73EFB0446E8B905F143
:104A8000080403A82146FEF7BEFC002813DA05F14E
:104A9000680303A800930146234605F114026E68DB
:104AA000FFF770F8044640B903A839463246FEF7CE
:104AB0005CFB044601E06FF0030403A8FEF754FA20
:104AC00014B1A4F5854000E0204607B0F0BDFFFF1B
:104AD0002DE9F04F9346426B8DB0054688461C4643
:104AE000002A00F03681026C002A00F03281826ACE
:104AF000002A00F02E8103A8FEF72FFA06A8FEF781
:104B00002CFA09A8FEF729FA214603A86A68FEF7DD
:104B1000F2FA0446002840F00F8105F1080603A8C8
:104B20003146FEF770FC002880F20481B8F1000FD6
:104B300016D102F04FFB05F12C0902F04BFB02F0FD
:104B400049FB05F17403009306A803A905F144028B
:104B50004B46FFF717F80446002840F0ED8074E05C
:104B6000D5F8A03023B305F18C07384639463A46CC
:104B7000FEF799FD0446002840F0DE8038463946AD
:104B80003246FEF7CDFF0446002840F0D58005F1FF
:104B90009807384639463A46FEF785FD0446002810
:104BA00040F0CA80384639463246FEF7B9FF36E053
:104BB0004FF00C0ABAF1010A00F0CF80696805F1E4
:104BC00098094846013942465B46FFF788FA044691
:104BD000002840F0B18005F18C073846494632463E
:104BE000FFF7F9F90446002840F0A6803846012175
:104BF000FEF74FFC0028DDD1384649463246FFF724
:104C000087FA0446002840F0978005F16803009376
:104C10003846394605F114023346FEF7B3FF044621
:104C2000002840F0898003A8014605F18C02FEF7B8
:104C30003AFD044600287FD103A801463246FEF71C
:104C40006FFF0446002877D173E702F0C3FA05F13D
:104C5000380702F0BFFA02F0BDFA05F180030093B5
:104C600009A803A905F150023B46FEF78BFF044655
:104C7000002861D102F0AEFA02F0ACFA02F0AAFA12
:104C800003A806A909AAFEF7D7FC0446002853D1B9
:104C900002F0A0FA02F09EFA02F09CFA06A803A91C
:104CA00005F15C02FEF7FFFC0446002844D102F047
:104CB00091FA02F08FFA02F08DFA03A806A94A468B
:104CC000FEF72EFF0446002836D102F083FA02F0E8
:104CD00081FA02F07FFA06A803A93A46FEF7E3FC40
:104CE000044648BB02F076FA02F074FA02F072FA57
:104CF00003A809A906AAFEF77FFC0446E0B9B8F1AB
:104D0000000F06D103A816996A68FEF72EFA04462A
:104D100012E003A8014605F19802FEF7C4FC044620
:104D200050B903A801463246FEF7FAFE04460028B1
:104D3000E8D001E06FF0030403A8FEF715F906A818
:104D4000FEF712F909A8FEF70FF924B1A4F5864081
:104D500005E0044803E0204601E0034CECE70DB019
:104D6000BDE8F08F80BFFFFF80BBFFFF2DE9F74F4D
:104D7000012B0646884691469A460C9FDDF834B0D2
:104D80000E9D03D1D0F8A430002B5AD1B8F1000FFA
:104D900057D0BBF1000F54D0002D52D017F10B02A9
:104DA00073684ED293424CD32C46A3F1030C0023DC
:104DB000C7EB0C0C04F8023BBAF1000F1AD1022326
:104DC0006B70A44464451FD06423012248462146E9
:104DD0000193CDF800C0C0472278019BDDF800C0E8
:104DE000002A30D1013B02D1A0F589402FE00028F4
:104DF000EBD0F9E7012320466B706444A04203D056
:104E0000FF2300F8013BF9E72046002300F8013BAF
:104E100059463A4606F078FEBAF1000F07D13046FF
:104E200029462A4603B0BDE8F04FFFF719BE3046C9
:104E300041464A462B460C9503B0BDE8F04FFFF7BC
:104E400047BE044803E00028CED10134BAE703B0DE
:104E5000BDE8F08F80BFFFFFF0B51E46ADF20C4DF0
:104E6000012EDDF8243403D1D0F8A440002C61D108
:104E70004568A5F11004B4F57C7F5BD802AC26B977
:104E800019462246FFF7ECFD02E00094FFF720FEF2
:104E9000002854D1012E23786678A5F103071BD191
:104EA00086F002061E4302460346BA4227D2A118E4
:104EB00001328978C1F1000C41EA0C01C1F3C01143
:104EC00081F001010843C0B241420143C1F3C01166
:104ED00081F001010B44E8E786F001061E4301461C
:104EE0000346B9420BD2621801319278FF2A18BFEB
:104EF00040F00100C0B280F001021344F1E70DF16F
:104F00000A02D118D25C1643072B98BF46F001065F
:104F100076B2013186B9641ADDF82C3462199A42EE
:104F20000CD8DDF82034DDF828041A6006F0ECFD1A
:104F3000304604E0034802E0034800E003480DF275
:104F40000C4DF0BD80BFFFFF00BFFFFF00BCFFFFA7
:104F50002DE9F04F89B002AF012B3A604FF000020B
:104F600004467960994697F84060D7F844B0FD6CE4
:104F70003A617A6104D1D0F8A4200AB15848AAE075
:104F8000D4F804A0AAF10308BEB13046FDF7D6FD5F
:104F900083460028F2D0304607F1140107F11002D1
:104FA000FFF704FC0028E9D13A695846C2EB08082B
:104FB000FDF7D0FDA8F10A088346CBEB0808B8F14D
:104FC000070FDBD9D045D9D82B464FF0000A03F89C
:104FD00002AB01226A701846FF21424613F08AFD97
:104FE0000346404403F808A00EB901301FE0302109
:104FF00041703A69C17002F108065FFA8BF8D1B2CC
:10500000464486700E1D067106264671C61D8171C6
:105010007969304606F078FD3A690521B018B15437
:10502000042280F801A0827080F803801044B96CDB
:105030005A4606F069FDB9F1000F05D12046294610
:105040002A46FFF70DFD46E06368073323F00703A8
:10505000ADEB030D6A4612F108083AD0ADEB030D33
:105060006B4613F1080904D11E4B40461B68984754
:105070002FE0CDF80080204679683A682B46FFF78C
:1050800027FD0646E0B9204641464A46FFF7E8FCC0
:105090000646A8B96168034602468A4207D0AC5C5E
:1050A00019F8020060400343DBB20132F5E7FB73FD
:1050B000FB7B23B92846414606F026FD00E00A4E58
:1050C000084C40462368984748462368984730462E
:1050D00001E06FF00F001C37BD46BDE8F08F00BF48
:1050E00080BFFFFFC48CFF1F00BDFFFF10B504464B
:1050F0008C30FDF739FF04F19800FDF735FF04F11E
:105100008000FDF731FF04F17400FDF72DFF04F17D
:105110006800FDF729FF04F15C00FDF725FF04F1AD
:105120005000FDF721FF04F14400FDF71DFF04F1DD
:105130003800FDF719FF04F12C00FDF715FF04F10D
:105140002000FDF711FF04F11400FDF70DFF04F13D
:105150000800BDE81040FDF707BF8378C27843EA36
:1051600002224378007843EA022240EA0220704794
:105170002DE9F74F01464FF00009D1E9004514F53C
:10518000803445F10005220C42EA0542B9F10E0FC8
:10519000E1E802454FEA2543CCBF4FF000084FF04D
:1051A000010812F1FF3443F1FF35CDE90045009DC0
:1051B0002524A5FB0467019D04FB0577B9F10F04C5
:1051C00009F1010CD4F1000959EB0409A6FB0945CA
:1051D00009FB0755DDE9006708FB0CF8A41900EB93
:1051E000C80845EB0705D8E90067A41945EB070592
:1051F000C8E9004551E902454FEA034B4BEA124B1F
:105200004FEA024AB4EB0A0465EB0B05BCF1100F40
:1052100041E9024501D0E146AFE703B0BDE8F08FB8
:105220002DE9F0415242D3174FF0000C00EB0C086F
:10523000D8E90067D1E9004574407D4014401D4025
:1052400066406F40C8E90067D1E900670CF1080CBF
:1052500074407D40BCF1800FE1E80245E6D1BDE835
:10526000F081FFFF2DE9F04F8046C7B000200B18FA
:1052700026ACD3E90023044408308028C4E9002385
:10528000F5D126A8FFF774FF26A8FFF771FF26A81F
:10529000FFF76EFF4FF00209DDE926233C484FF08F
:1052A000FF31121846AE43EB010366E940230127A4
:1052B00026A800EBC703D3E90001364AB6F802A0DE
:1052C00012184FF0FF3343EB0103716801244AEADF
:1052D000014A4FEA214B00250AEA04000BEA0501C6
:1052E000121A63EB0103C6E9022301373288002357
:1052F0000F2FE6E80223DBD144A9DDE92223D1E91F
:10530000006725484FF0FF3136184FEA124047EB4F
:10531000010740EA0341181400910190DDE9000102
:1053200004400D40361B67EB05074FF6FF70002168
:1053300002400B40310CCDE9222341EA07420292A0
:1053400002F001023B1426A806A9C2F10102CDE930
:1053500024670393FFF764FFB9F101099CD124A9E5
:10536000F1E90223160A46EA036708F8092008EB68
:105370000900049709F102091C129DF810600594B8
:10538000B9F1200F4670EBD147B0BDE8F08F00BFF8
:105390001300FFFF0100FFFF0180FFFF2DE9F04137
:1053A0004FF0000C8846A0F1080108EB0C0618F835
:1053B0000C4076783202A4184FF000054FF000033D
:1053C0000CF1020C45EB0305BCF1200FE1E90245AD
:1053D000EBD1D0E91E2347F6FF74002522402B4075
:1053E000C0E91E23BDE8F081F0B50023CD18D41824
:1053F000D5E90067D4E9004500EB030CA41903F1DB
:10540000080345EB0705802BCCE90045EED1F0BD44
:10541000F0B50023CC18D618D4E90045D6E90067CA
:1054200000EB030C0833A41B65EB0705802BCCE9CC
:105430000045EFD1F0BD2DE9F04FBFB08046ADF192
:1054400008030DF1F00C00240025E3E90245634553
:10545000F9D14FF0000E01EB0E0300A8D3E900458F
:1054600070440023D718D0E900AB7F68D65804FBFE
:1054700007F906FB0599A6FB046716EB0A064F44DD
:1054800003F1080347EB0B07802BE0E80267E9D143
:105490000EF1080EBEF1800FDDD11EAC54E91E01E5
:1054A0000834226865682626A2FB0623121806FB2C
:1054B000053343EB0103644544E92023EED1002189
:1054C0003EAB0B4453E93E2308EB01000831802931
:1054D000C0E90023F4D14046FFF74AFE40463FB002
:1054E000BDE8F04FFFF744BE0A46FFF7A4BFF0B592
:1054F0000023A1B006460F46F91800AAD1E90045DD
:105500001A440833802BC2E90045F5D1FD246846D2
:105510006946FFF7E9FF022C06D0042C04D0684648
:1055200069463A46FFF787FF14F1FF34EFD20021B6
:1055300000AB0B44D3E90023701808318029C0E97F
:105540000023F5D121B0F0BD2DE9F04F0646B5B0EE
:105550000F4692469846002508EB0500FFF7FDFD33
:1055600014AC05EB850304EB0509E0500AEB0500DC
:10557000FFF7F3FDC9F804007819FFF7EEFDC9F84D
:1055800018000AF110002844FFF7E7FD0435102D3C
:10559000C9F82C00E0D1002324A8E2581A500433A3
:1055A000402BF9D1142500224FEA820909EB0201B0
:1055B000002303EB010C0CF00F0C0DF1D00A0AEBE9
:1055C0008C0C5CF880CC4DF803C00433102BF0D168
:1055D000DDF800C0DDF80CA001990AEB0C0381EAAC
:1055E0007361029B019101EB0C0B83EAFB5319449D
:1055F0008AEAF14102930B448CEAB333039100939E
:10560000002101EB020C0CF0030C34ABCC4403EB97
:105610008C0C5DF821304CF8C03C01310429F0D1EC
:105620000132042AC0D1002204ABD358A350043263
:10563000402AF9D1013DB6D13E9B002B3BD06359A6
:105640004259134463510435402DF8D1002505EB30
:10565000850908EB0500FFF780FD54F80930181A9A
:1056600044F8090004EB05097819FFF776FDD9F82D
:1056700018300435181A102DC9F81800E7D1002386
:1056800003EB83029819A158002281540132042AA5
:105690004FEA1121F9D1E21806F11000916918447E
:1056A000002281540132042A4FEA1121F9D1043336
:1056B000102BE5D10EE03E9BE258C158F51811447D
:1056C0000022A9540132042A4FEA1121F9D10433EE
:1056D000402BF1D135B0BDE8F08F13B50024009414
:1056E000FFF732FF204602B010BD13B5012400942D
:1056F000FFF72AFF002002B010BDFFFF2DE9F04F99
:10570000144695B01D4654EA05038A4683461E9901
:1057100064D0002200230DF802300132102AF9D1A2
:10572000CA5C0DF803200133082BF9D1A046A94625
:105730000BEB0407B9F1000F08BFB8F1400FC8EB3D
:1057400007072AD304AE274B1F9A30466946FFF756
:10575000C4FF0023BAF1000F02D01AF8032000E0C2
:105760005246F15C4A40FA540133402BF2D10823EF
:1057700001221DF803100A440DF803200133102BF9
:105780004FEA1222F5D1B8F1400849F1FF39BAF1D8
:10579000000FCDD00AF1400ACAE7A60900233F2234
:1057A00046EA856614401D4054EA05030BEB861655
:1057B00014D004AD0B4B1F9A28466946FFF78DFFA6
:1057C0000023BAF1000F02D01AF8032000E052467D
:1057D000E95C4A40F2540133A342F2D1002015B0F3
:1057E000BDE8F08FC0C402002DE9F0438BB002AFDA
:1057F000129E8146884614461D463146139A084B30
:1058000038461036FFF771FF8DE8C0004846414624
:1058100022462B46FFF772FF0BB0BDE8F08300BFB6
:10582000C0C402002DE9F0430023ADF2A45D804620
:10583000C85C0DF8030001331F2BF9D1CB7F03F0B7
:105840003F0343F040038DF81F309DF800301146B0
:1058500023F00703C8A88DF80030FFF79FFD002153
:10586000C8AB0B44D3E9002328A80844C0E90023AF
:1058700048A8084400220023C0E9002308A80844DF
:10588000C0E9002368A8441808318029C4E900232E
:10589000E6D101220023C0E90023CDE90823FE243C
:1058A0000025E60846EA457600AB334408A893F89D
:1058B000009004F0070349FA03F909F0010928A947
:1058C0004A46FFF7ADFC48A868A94A46FFF7A8FC7E
:1058D00088A808A948AAFFF787FD08A8014648AA92
:1058E000FFF796FD48A828A968AAFFF77DFD28A81C
:1058F00068AA0146FFF78CFD68A888A9FFF7F4FDA8
:10590000A8A808A9FFF7F0FD08A8024648A9FFF7D4
:1059100092FD48A828A988AAFFF78DFD88A808A9A4
:1059200048AAFFF761FD08A8014648AAFFF770FDE5
:1059300028A808A9FFF7D8FD48A868A9A8AAFFF7D2
:1059400067FD08A848A9344AFFF775FD08A8014675
:1059500068AAFFF749FD48A8014608AAFFF76BFDB2
:1059600008A868A9A8AAFFF766FDC8AA68A828A978
:10597000FFF761FD28A888A9FFF7B6FD08A828A9A8
:105980004A46FFF74DFC48A868A94A46FFF748FC7D
:1059900014F1FF3445F1FF35B5F1FF3F08BFB4F115
:1059A000FF3F7FF47EAFC8A8002108AB0B44D3E9CA
:1059B0000023C0E9202348AB0B44D3E9002300F5C2
:1059C0008074C4E9002328AB0B44D3E9002300F51D
:1059D000C074C4E9002368AB0B44D3E90023083149
:1059E00000F500748029C4E9002300F10800DCD12F
:1059F0000DF584600146FFF77AFDE8A801460DF534
:105A00008462FFF718FD4046E8A9FFF72BFC002051
:105A10000DF2A45DBDE8F08340C40200014AFFF727
:105A200001BF00BF10C5020038B505460C46084648
:105A30002021F3F7DFF828462146BDE83840FFF77C
:105A4000EDBFFFFF10B50B468AB00446114602A811
:105A50001A46FFF7E7FE0123009320460349044B53
:105A600002AAFFF771FD00200AB010BD6CBCFF1F39
:105A7000C0C402002DE9F04FF5B0CDE90A2323910F
:105A800022900021229E00200E44002200231D02AD
:105A900045EA12651402325C01300023082842EA0C
:105AA000040243EA0503F2D174A8084440E9302314
:105AB00024A8084408314029C0E90023E2D1DDE9E7
:105AC0000A01CDE90001DDE90001002908BF8028B5
:105AD000C0F0888100210A9A239C009B1444E41A98
:105AE0000C440020002200231D0245EA1266170222
:105AF00003960297DDE90289225C01300023082821
:105B000042EA080243EA0903EED174A808440831C6
:105B1000802940E92023DED1B1480D9000270023E1
:105B200074A9194434AA51E930011A440833402BAE
:105B3000C2E90001F4D14CA9D1E90023910C41EA5A
:105B400083310E91990C41EA82310F91910B41EA18
:105B500083411091990B41EA82411191D10541EAAB
:105B600053211291D90541EA5221DDE91089DDE97D
:105B70000E451391DDE912AB84EA080485EA0905B4
:105B800050A84EA9D0E9008984EA0A0485EA0B05E9
:105B9000D1E900AB28EA02080AEA020052AA0BEA9D
:105BA0000301D2E900AB29EA030980EA08002418BE
:105BB00081EA090145EB010507F00F061AEB040A1B
:105BC00074AC04EBC60353E920234BEB050B0D9D8E
:105BD0001AEB020A4BEB030BF5E9022344A81AEB7C
:105BE000020A46AC0D9548ADD5E900894BEB030B95
:105BF000D0E90023D4E9000189EA01051D4001EA4A
:105C000009014D40910741EA93011491990741EA36
:105C100092011591110F41EA03111691190F88EAAB
:105C2000000441EA021100EA0800144017914FEA0B
:105C3000426CDDE9168944404CEAD31CDDE91401CD
:105C40005B0643EAD2131993CDF860C080EA0800DE
:105C500081EA0901DDE9188980EA0800001981EA72
:105C6000090141EB050110EB0A0041EB0B0142AACF
:105C7000C2E90001DDE93A2312EB0A0243EB0B0310
:105C8000CDE93A2332AA0023013374AC03F00701B3
:105C900004EBC101F2E90245082B41E93045F3D19B
:105CA0000F2E05D00137502F7FF439AF00247BE051
:105CB0000DF5A47C002606F1090374AD03F00F0373
:105CC00005EBC303013653E9208906F00F0305EB0A
:105CD000C30353E92001040A44EA01641A940C0A3C
:105CE00044EA00641B94440844EAC1741C944C08C0
:105CF00044EAC07406F10D031D9403F00F03DDE9BF
:105D00001CAB05EBC303DDE91A4585EA0B054FEA39
:105D1000D01B84EA0A044BEA416A4FEAD11BCDF852
:105D200010A0CDF814B0DDE904ABFCE9020153E9A1
:105D3000202384EA0A0414EB080485EA0B0545EBEA
:105D40000905241845EB0105D10041EA53711E9164
:105D5000D90041EA52711F91D10C41EA433120919F
:105D6000D90C41EA42312191DDE92089DDE91E01AA
:105D700081EA09014FEA921949EA836A4FEA931BC3
:105D8000CDF818A0CDF81CB080EA0800DDE906893E
:105D900080EA0800001981EA090141EB0501102E93
:105DA000CCE9000187D17DE744AE24AD26442544EB
:105DB000D5E90001D6E900230834121843EB0103AA
:105DC000402CC6E90023C5E90023EDD1DDE900AB95
:105DD000BAF1800A4BF1FF3BCDE900AB73E600BF9F
:105DE00028C50200DDE90A237F201040002424ABEF
:105DF0002344229ED3E9002326440725170A47EAB5
:105E000003684FEA13297255CDF82080CDF824900D
:105E100015F1FF35DDE90823F0D20834402CE6D136
:105E200075B0BDE8F08F00BF2DE9F0431D46D1B03D
:105E300080468946144600232E4A9A5C0DF80320BA
:105E40000133402BF8D1494622462B466846FFF7DE
:105E500011FE7F222240A14400232B401146C2EBB9
:105E600009094FF0000C0DF1400E00200CF80E0057
:105E70000CF1010CBCF5807FF5D1884205D019F8F2
:105E800000C00EF800C00130F7E7002B08BF702AF1
:105E90000EEB020134BF80224FF4807280200EEBA3
:105EA000020C08706146680F01F8090CA2F1080C99
:105EB000E90041EA5471E0000023F4440724060A93
:105EC0000CF8040046EA01660F0A14F1FF3430466C
:105ED0003946F4D268467146FFF7CCFD00231DF821
:105EE000032008F803200133402BF8D1002051B0E3
:105EF000BDE8F083D0C402002DE9F0411646074604
:105F00000C4608464721984605F0ECF83578E42D14
:105F10001DD00ED8142D13D0152D20D12046472189
:105F200001F0DEF940B201280CBF00202120BDE8BD
:105F3000F081F02D0BD0F32D09D0ED2D0FD106E01F
:105F40000020042323706070A070BDE8F081384603
:105F5000314642462346BDE8F04104F05DB90120D8
:105F6000BDE8F081C27BD20701D505F07FBB8089F7
:105F70000021704738B50C460546FFF7F3FF206057
:105F8000EB7B9B0744BFC0432060002038BD10B5A9
:105F9000C37B5B070C460CD4FFF7E4FF00230246EB
:105FA0008B4208BF824220600CBF00204FF480600B
:105FB00010BD022010BD10B5C37B5B070C460CD48E
:105FC000FFF7D0FF002302468B4208BF82422060C9
:105FD0000CBF00204FF4806010BD022010BD10B532
:105FE000C37B5B070C460CD4FFF7BCFF00230246C3
:105FF0008B4208BF824220600CBF00204FF48060BB
:1060000010BD022010BD704730B58B7BA02B8DB02A
:1060100004460D4601D013209EE0084602A905F073
:106020006AFB08B1102097E0284601A9FFF7D7FFC7
:106030000028F7D10546019B9D4280F088809DF89D
:106040001630602BE7D1182300930DEB030102A853
:106050006A46002305F0B0FBB0F1004F01D11520D6
:106060007AE00028DED18DF82F0002A805F0F4FBBD
:106070000028D7D106A8394912F0A1FF034698B9E4
:106080009DF81620402AC6D1009202A804F5A471FA
:106090006A4605F091FBB0F1004FE0D0009B84F818
:1060A000883100284BD0BDE706A82D4912F087FFA4
:1060B000034688B99DF81620602AACD1412200928F
:1060C00002A804F289116A4605F076FB30F0004020
:1060D000A8D184F8C90132E006A8224912F06FFF66
:1060E000034698B99DF81620602A94D14022009268
:1060F00002A804F5E5716A4605F05EFB20F0004059
:1061000000288FD1002384F8093218E006A8164928
:1061100012F055FF98B99DF81630602B7FF47BAFD5
:106120008023009302A804F20A216A46002305F0A6
:1061300043FB30F000407FF475AF84F8890202A879
:1061400005F08AFB00287FF46DAF013573E7236803
:1061500043F00403236000200DB030BD86C8020068
:10616000EA9F020089C8020095C8020070B58EB08F
:1061700010230193837BA02B04460D46164618BFBF
:1061800013242FD1194902AA05F076FB08B1102477
:1061900028E02046164906AA05F06EFB0028F6D135
:1061A0009DF81630602B1CD19DF82640CCB902A872
:1061B0000AA901AA234605F0FFFA0028E7D10AA898
:1061C0000C498DF8374012F0FAFE08B9012300E0BF
:1061D0003F232B7006A8314605F0CCFA0028D6D113
:1061E00000E0142420460EB070BD00BF81A602005E
:1061F0009AC802009EC8020070B58B7B802B88B0C5
:1062000004460D4618BF13234CD1084604A905F0D7
:1062100072FA08B1102345E0284602A9FFF7CBFE29
:106220000028F7D10646029B9E420FD204A80DF12A
:10623000070103AAFFF79AFF0346002832D104A8FA
:1062400005F00AFB0028E5D10136ECE7284604A951
:1062500005F051FA0028DDD10546029B9D4217D278
:1062600004A80DF1070103AAFFF780FF034640B918
:106270009DF80710039A012903D102F108000128B3
:1062800008D904A805F0E8FA0028C3D10135E4E7ED
:10629000262307E0C4F88C22226884F88A1242F090
:1062A00008022260184608B070BD13B5837B402BEE
:1062B000144618BF13200DD102AA002342F8044D42
:1062C00005F07AFA28B90198A04214BF03200020F3
:1062D00000E0102002B010BD13B5FD2301938B7BAD
:1062E000602B044618BF132012D1084601AA21468C
:1062F000002305F061FAB0F1004F06D038B9019BD8
:1063000084F8FD00C4F8003102E0152000E0102000
:1063100002B010BD30B58B7BA02B89B004460D4672
:1063200001D013205CE0084604A905F0E4F908B1A7
:10633000102055E0284601A9FFF751FE0028F7D1AB
:10634000C4F800010546019B9D4241D29DF81E30D4
:10635000602BE6D1082300930DEB030104A86A46E5
:10636000002305F029FAB0F1004F38D00028DFD122
:106370008DF80F0004A805F06FFA0028D8D19DF819
:106380001E30602BCDD102A8164912F018FE28B994
:10639000204604A9FFF7A0FF98B121E002A8124906
:1063A00012F00DFE034660B92022009204A804F505
:1063B00082716A4605F000FA30F00040B8D184F8E6
:1063C000230104A805F048FA0028B1D10135BAE745
:1063D000D4F80031002B14BF0020142000E0152059
:1063E00009B030BD86C80200EA9F0200F0B51F4622
:1063F000837BA02B89B004460D4616465DD104A9C7
:1064000005F079F908B1102058E0204601A9FFF7FE
:10641000E6FD0028F7D104460198844249D29DF850
:106420001E30602B49D1082300930DEB030104A813
:106430006A46002305F0C0F9B0F1004F3BD00028B8
:10644000E1D18DF80F0004A805F006FA0028DAD192
:106450009DF81E30F52B30D102A81949022212F006
:10646000C0FD30B9BDF81C30003318BF01232B70BC
:1064700018E002A81349022212F0B3FD30B9BDF8AA
:106480001C30003318BF012333700BE002A80E4903
:10649000022212F0A6FD28B9BDF81C30003318BF47
:1064A00001233B7004A805F0D7F90028ABD10134D3
:1064B000B2E7002002E0152000E0132009B0F0BD93
:1064C000A9C80200ACC802002DAF02002DE9F043BC
:1064D00000230B70837BA02B89B007460C4618BFA6
:1064E00013236AD1374904AA05F0C6F9064608B154
:1064F000102362E09DF81E30402B01D014235CE095
:1065000008AD462304F1010845F8203D04A83346B0
:1065100041466A4605F050F9009B302B02D14123D9
:1065200023701CE0462B1AD0422323704FF4807353
:10653000414600936A463346DFF8989042F21518B8
:1065400004A805F039F9009B09F8083004A833467F
:106550001D496A4605F030F9009B09F808300646E7
:106560000028C5D13846194904AA05F085F9002844
:10657000BED19DF81E30602BC0D10C23009304A81F
:1065800001A96A46334605F017F9B0F1004F02D170
:106590003F23237001E00028AAD101A80C490B2257
:1065A00012F01FFD20B9237833B90122227004E0D4
:1065B0003F232370002300E00346184609B0BDE8DE
:1065C000F08300BF86C80200A9DCFF1F81A602007D
:1065D0009EC8020094BCFF1F10B5837B802B04462D
:1065E000E8B018BF13201DD16946FFF7E4FC08B1DD
:1065F000102017E0204601A905F07DF80028F7D10A
:106600000446009B9C420CD201A805A9FFF75EFF3F
:106610000028EDD101A805F01FF90028E8D10134C8
:10662000EFE7002068B010BD30B58B7B802B0546AE
:1066300087B00C4618BF13202DD1084602A905F0DB
:106640005AF808B1102026E0204601A9FFF7B3FC54
:106650000028F7D1C5F84C010446019B9C4217D293
:10666000142C17D0D5F84C310133C5F84C31D5F87E
:106670006C3140F2891102A801FB0431FFF726FFBB
:1066800048B902A805F0E8F80028DBD10134E4E7B6
:10669000002000E0172007B030BDF0B597B00F46DE
:1066A000164600214FF459720AAD044612F022FA40
:1066B00000953846314640F6FF7208AB04F0EBFF18
:1066C00008B11020AEE09DF83630A02B01D0132089
:1066D000A8E028460EA905F00EF80028F1D12846BA
:1066E00004A9FFF77CFC0028EBD10546049B9D42E2
:1066F00080F097809DF84630002BE8D10EA803A9C2
:1067000005F038F80028DCD10EA805F0A5F800281F
:10671000D7D1039B013B032B7BD8DFE803F00210AA
:1067200064709DF84630002BD1D10EA8214605F0AB
:1067300021F80028C5D1236884F8AD3169E0202311
:1067400007939DF84630A02BBBD10EA812A904F0E8
:10675000D2FF0028B5D1139F0EA805A9013FFFF76E
:106760003EFC0028ADD10646059B9E422CD29DF8EA
:106770005630002BA5D112A806A9FFF7FBFB002875
:106780009FD112A805F068F80346002899D1069A0F
:10679000012A07D0022A0FD112A804F12401FFF721
:1067A00095FE07E012A8211D07AA05F005F8B0F133
:1067B000004F86D0002884D112A805F04DF800289B
:1067C0007FF47FAF0136CFE7139EF61BB6F5CD7F82
:1067D000BFF477AF04F5D7703946324612F06FF93F
:1067E000C4F8486315E09DF84630002B7FF46FAF86
:1067F0000EA804F5587104F0BDFF50B161E70EA872
:1068000004F553711022FFF750FD58B9012384F8A5
:106810005C330EA805F020F800287FF452AF013554
:1068200064E7002017B0F0BDF0B500230B644B64A3
:10683000837BA02B87B005460C465DD102A904F0EE
:106840005AFF08B1102058E028466946FFF7C7FBF9
:106850000028F7D1054607460646009B9E423FD2D8
:106860009DF81630002B47D102A801A904F082FF41
:106870000028E7D102A804F0EFFF0028E2D1019B35
:106880000333042B25D8DFE803F01C140A2403008B
:106890009DF8163083BB02A804F1400105E09DF885
:1068A00016304BBB02A804F1440104F063FF80B131
:1068B000C8E702A821462022FFF7F7FCE8B9012724
:1068C00007E002A804F120012022FFF7EEFCA0B9A6
:1068D000012502A804F0C0FF0028B3D10136BCE7AF
:1068E00047B13DB1236C2BB1636C002B14BF00206A
:1068F000142002E0142000E0132007B0F0BD70B5B2
:10690000837BA02B88B004460E4601D013205CE0A8
:1069100004A904F0F0FE08B1102056E0204601A9B9
:10692000FFF75DFB0028F7D105460446019B9D4219
:1069300045D29DF81E30002BE8D104A803A9FFF72B
:1069400019FB0028E8D104A804F086FF03460028BC
:10695000E2D1039A022A0AD0032A1CD0012A27D1A5
:1069600004A806F16401FFF75FFFF8B12DE008AA63
:10697000402142F8181D04A8711C04F01DFF029B61
:10698000202B01D0402B1FD1B0F1004F1CD000288C
:10699000C2D133700AE008AA202142F8181D04A8C9
:1069A00006F1410104F008FF0028B5D10134E4B23A
:1069B00004A804F051FF0028AED10135B6E7032C3E
:1069C0000CBF0020142000E0032008B070BDFFFFC2
:1069D00030B5837BA02B8BB005460C4665D102A950
:1069E00004F089FE08B1102060E0284601A9FFF7F5
:1069F000F6FA0028F7D10546019B9D4253D29DF837
:106A00001630602B51D11023009302A806A96A46C4
:106A1000002304F0D1FEB0F1004F0BD102A804F026
:106A20001BFF02A804F018FF0028DCD102A804F024
:106A300013FF31E00028D6D18DF8270002A804F01A
:106A40000BFF0028CFD106A819490B2212F0C9FA72
:106A500090B99DF81630F52B04D1BDF81430DBB198
:106A6000012307E0A02B17D102A8211DFFF747FF44
:106A7000E0B9022323700FE006A80E490B2212F0A2
:106A8000B0FA48B99DF8163033B902A804F1B40140
:106A9000FFF770FA0028A6D102A804F0DDFE002856
:106AA000A1D10135A8E7002000E013200BB030BDD4
:106AB000AFC80200BBC80200F0B5002191B0044687
:106AC00016464FF45E721F4608AD12F013F8FF230E
:106AD00084F8A93200953046394640F6FF7206AB7D
:106AE00004F0D9FDC8B99DF82E30A02B01D011209B
:106AF000B6E028460CA904F0FEFD08B11020AFE076
:106B0000284604A9FFF76BFA0028F7D1054617E0DD
:106B100020460CA9FFF778FA60B1C0B2A0E00CA83B
:106B2000211D2022FFF7C1FB0028F6D1236843F086
:106B3000010323600CA804F08FFE0028DED101358C
:106B4000049B9D427BD29DF83E30002BCFD10CA8F8
:106B500003A904F00FFE0028D0D10CA804F07CFE9D
:106B60000028CBD1039B013B082BE3D801A252F8AC
:106B700023F000BF1F6B0100996B0100116B010036
:106B8000AF6B0100B96B0100DD6B0100F16B01001F
:106B9000096C0100276C010004F124000CA9FFF727
:106BA000B9FB0028B9D1236843F00203C1E72046AE
:106BB0000CA9FFF721FBAFE70CA8FFF70DFD00289C
:106BC0009CD10CA804F5257104F095FD002895D101
:106BD0000CA804F52971FFF7EEF92CE09DF83E3082
:106BE000A02B2ED10CA804F53071FFF7F1FE08E0C0
:106BF0000CA804F5247104F52A7204F2A923FFF706
:106C0000F5FB002896D02BE09DF83E30402B1AD1A2
:106C10000CA805A9FFF7BBF9A8B9059B9BB90123EF
:106C200084F8BB3286E79DF83E3053B90CA804F5D2
:106C30002F7104F09FFD00283FF47CAF5EE7002039
:106C40000EE013200CE00CA804F2AA211022FFF79A
:106C50002CFB032800D018B9012384F8BA3269E765
:106C600011B0F0BDF0B5044691B00F4616460021B4
:106C70004FF40B7211F03EFF4F4BC4F86C3108AD6E
:106C8000FF2384F8523100953846314640F6FF72B2
:106C900006AB04F000FD08B110208AE09DF82E300C
:106CA000A02B01D0132084E028460CA904F023FD7A
:106CB0000028F1D1284604A9FFF791F90028EBD16B
:106CC0000546049B9D4265D29DF83E30002BE9D1DC
:106CD0000CA803A904F04EFD0028DDD10CA804F097
:106CE000BBFD0028D8D1039B013B062B4BD8DFE826
:106CF00003F00F04151F25303F000CA8211D202292
:106D0000FFF7D3FA002854D1012384F824303AE065
:106D100004F128000CA9FFF7DFFA18E020460CA9BF
:106D2000FFF782FC0028B7D1012384F870312AE0F4
:106D30000CA804F5BA71FFF74BFE08E00CA804F5A7
:106D4000A87104F2511204F5A973FFF74FFBD0B1FB
:106D50002FE09DF83E30402B1ED10CA805A9FFF76F
:106D600016F9C8B9059BBBB9012384F864310AE060
:106D70009DF83E30002B95D10CA804F5B47104F0B9
:106D8000F9FC002888D10CA804F066FD002883D106
:106D9000013596E700200CE00CA804F253111022F4
:106DA000FFF783FA032800D018B9012384F8633170
:106DB000E9E711B0F0BD00BFE4BDFF1FF0B591B031
:106DC0000F46164600214FF4BE7208AD044611F07E
:106DD00091FE00953846314640F6FF7206AB04F04E
:106DE0005AFC08B11020A1E09DF82E30A02B01D054
:106DF00013209BE028460CA904F07DFC0028F1D16B
:106E0000284604A9FFF7EBF80028EBD10546049BC0
:106E10009D4280F088809DF83E30002BE8D10CA880
:106E200003A904F0A7FC0028DCD10CA804F014FD91
:106E30000028D7D1039B013B072B6CD8DFE803F078
:106E4000040B141F2B48535F9DF83E30002BCFD10D
:106E50000CA8214605E09DF83E30002BC8D10CA8B7
:106E6000211D04F087FC56E00CA804F10801FFF78F
:106E7000DBFC00285AD1012384F850304BE00CA8E9
:106E800004F151011022FFF710FA00284ED101231E
:106E900084F861303FE09DF83E30402BA8D10CA82B
:106EA00005A904F0E1FC034600289BD1059AA2F154
:106EB0004001C02939D8C4F864214FF4807205928A
:106EC0000CA804F1620105AA04F076FC18B389E766
:106ED0000CA804F5B4711022FFF7E7F930BB0123C9
:106EE00084F8783117E09DF83E30F52B80D1BDF85D
:106EF0003C30003318BF012384F879310BE09DF852
:106F00003E30F52B7FF474AFBDF83C30003318BF32
:106F1000012384F87A310CA804F09EFC00287FF449
:106F200061AF013573E7002000E0372011B0F0BDFC
:106F300003F05CBE08B503F0DFFE034800214022E9
:106F4000BDE8084011F0D6BD0CBAFF1F1830EAF7B3
:106F5000C3BF1830EAF7EABF1830EBF708B8FFFFF5
:106F6000F0B52D4B91B007AA06460C4603F1200E52
:106F7000174618685968154603C5083373452A46ED
:106F8000F7D11B782B70254B03AA03F1080C96460A
:106F900018685968154603C5083363452A46F7D172
:106FA0001F4A18681B792B712860106851686B465E
:106FB00003C39068186069460C22704611F070FD9A
:106FC000314605462022384611F06AFD05B138B930
:106FD000144B01211878EDF76BFF08B9022018E077
:106FE0002378FF2B02D16378FF2B01D0002010E023
:106FF000A378FF2BFAD1E378FF2BF7D12379E42B89
:10700000F4D1084B02211878EDF752FF0028EDD09B
:10701000012011B0F0BD00BFC7C80200E8C80200DF
:10702000209CFF1F9CBAFF1FF8B50C46054617466B
:10703000F0F794FFB4F5806F28DA012F144E02D1D7
:107040002846214605E0022F07D105F12000A4F1D2
:1070500020010022EFF754F80DE028460D4911F009
:10706000AEFF40B14FF480623068002111F042FD64
:10707000094B00221A70094B30681C6029462246D1
:1070800011F01DFDBDE8F840F0F7D8BCF8BD00BF19
:10709000A88CFF1FF5C8020000BAFF1FA0BAFF1F8F
:1070A00038B5074B074D1A68074B04461A6028B1DC
:1070B0002B68834202D040B203F0C6FD2C6038BD7D
:1070C000CCE2FF1F88BCFF1F7CBCFF1F08B503F08C
:1070D00085FDBDE8084002F0A7BBFFFF30B545F6CF
:1070E000B033ADF5057D1C78012C19D103A84FF400
:1070F000B44140F20122EFF748F9009473AA7BA84B
:1071000070A92023EEF7BEFF084A7BAC83AD23466F
:1071100003CBAB42106051601C4602F10802F6D16D
:10712000FFF7D4FF0DF5057D30BD00BFCC8CFF1FF0
:10713000044B1B78022B4FF0640101D10FF034BCDB
:107140000FF0FCBB54BAFF1F08B5AB20F0F76CFF83
:107150004FF4FA70BDE8084005F0B0BC30B5B5B0EA
:10716000044669460323D0220020F3F7A3FB6946B7
:107170000546D022204604F0C7FC284635B030BD75
:1071800010B5D024B4B001462246684604F0BCFCD9
:107190006946224604230020F3F78CFB34B010BD6F
:1071A00010B50446EFF780F82CB9441C2046EFF7E1
:1071B0008AF8204610BDB4F5807F8CBF20460019A8
:1071C000EFF781F810BDFFFF014B1870704700BF4B
:1071D00084BCFF1F00B591B000216846402211F029
:1071E00089FC684600210FF075FB08B9002009E012
:1071F000684603F081FD9128F8D10120F1F708F8E5
:107200004FF0FF3011B05DF804FBFFFFF8B5304BD5
:10721000304E1C783768002C54D140F2EE2398424F
:10722000074432D9AB20F0F7EFFB33689F4204D21A
:107230000120F0F7EDFF0020F8BDF1F771FB10B170
:10724000254B01221A60FFF7C5FF14F0FF03054626
:1072500001D1AB2002E0802B02D10020F0F7E4FE48
:10726000002D31D11C4B1B68012B04F10104DCD132
:107270001EE0AA20F0F7D8FEF1F752FB164B08B13A
:1072800001221A601B68012B0CD0144B1A68542A77
:1072900004BF2A221A601C4633689F42E9D20020AC
:1072A000F0F7B6FF23682A2B02D10C4B54221A6048
:1072B000094E35680024012D204607D1F0F7A8FFBC
:1072C000346001E00220F8BD2846F8BDF8BD00BFDB
:1072D00084BCFF1FCCE2FF1F80BCFF1FCCBAFF1F86
:1072E00008B5F1F787FC012008BD002001460246E1
:1072F0000523F3F7DFBA0C20704740F2B9120223DE
:10730000F3F7D8BA40F2B9120123F3F7D3BAFFF773
:10731000F4BF10B5F0B0044640F2B91201A8FF2145
:1073200011F0E8FB204601A9FFF7E7FF70B010BDA0
:1073300045F6B0331B78012B09D10A4B03F110023B
:1073400053F8041B40F8041B9342F9D17047064BD5
:1073500003F1100253F8041B40F8041B9342F9D1C7
:10736000704700BFFBC802000CC9020045F6B033ED
:107370001B78012B0CBF024B024B1888704700BFD3
:10738000CA8CFF1FEE8CFF1F10B545F6B0330446C4
:107390001B78012B05D1FFF7E9FF0649024620467D
:1073A00004E0FFF7E3FF044902462046BDE8104031
:1073B00011F085BB5CCC020088C90200704770B533
:1073C000064688B000200C46154601466A4603F082
:1073D0001BF906F11000202103F008F920462021B6
:1073E00003F004F900206A46014603F03DF96C46BB
:1073F0002A4604AD234603CBAB42106051601C46C5
:1074000002F10802F6D108B070BDFFFF0D4B70B558
:107410001C6841F202050246635B0E46581804F5EB
:1074200080510988884202DD012011F0EFFAE0184E
:107430001146324611F043FB635B1E446653002045
:1074400070BD00BF8CBCFF1F014B186802F0DEB995
:107450008CBCFF1F70B504460E4610302021154627
:10746000FFF73EFF204631462246FFF7A8FF2046A1
:1074700030212A4605F1200303F0BAF9002070BD3F
:1074800070B5ADF59C6D00238DF8043004230446DF
:107490008DF80530FFF76AFFB0F5806F054602D919
:1074A00049F210205DE040F2EE20FFF7AFFE002829
:1074B00055D004F120060AA8314616AAFFF7CAFFE4
:1074C0000130EDD003F078F801A8012103F08EF827
:1074D0003046202103F08AF82046202103F086F868
:1074E0000AA8302103F082F80DF10500012103F014
:1074F0007DF8402116A803F079F802A803F07EF881
:1075000003F0FCF8224602A8202103F005F9052328
:10751000022101A88DF80430FFF778FF402116A85A
:10752000FFF774FF3026012101A88DF80460FFF7F2
:107530006DFF31460AA8FFF769FF38A8FFF724FF5F
:10754000294638A8FFF762FF26A9204601F08CF8EB
:1075500081B226A8FFF75AFF4FF4104001E046F62B
:10756000851000B20DF59C6D70BD30B5462985B013
:10757000044615460ED111462230202211F090FA11
:10758000C0B9284604F11001D4F842206B4600F03F
:1075900027FF05E030290DD111466A46FFF70FFF9E
:1075A00020466946102211F07BFAD0F1010038BF65
:1075B000002000E0002005B030BDFFFF07B5084BFC
:1075C00018689A8800909B79ADF8042068460621D7
:1075D0008DF80630FFF71AFF024803B05DF804FB90
:1075E0001DC902000090FFFF2DE9F04706469CB040
:1075F00018461C4617460D4602F008F9734B3278C0
:107600001C609846002A40F0CA80304629463A4617
:1076100003F03AFE84B2B4F5104F00F0B98046F69C
:1076200085139C4200F0B4807378032B00F0A68091
:1076300004D8012B0AD0022B14D0A4E0C02B02D016
:10764000FF2B40F0A0804FF41044A1E0402F40F009
:107650009D80AA20F0F7D8F9F0F7F0F92846FFF757
:107660000FFF8EE0AA20F0F7CFF9F0F7E7F9B47832
:107670000123072C8DF807300BD105F1410095F857
:10768000401005F12002FFF770FF30B146F6851477
:1076900072E0032C04D0082C02D04FF4D5446BE0E8
:1076A00005F1410705F12006384695F840103246AD
:1076B000FFF75BFF0028F0D000221346384695F80C
:1076C000401003F083F8082C04BF00238DF8073026
:1076D0009DF80730002B48D10020FFF761FDC4B2B0
:1076E0004FEA106AC0F30749C0F307278DF80B4033
:1076F0008DF808A08DF809908DF80A7002F05CFFF3
:107700003046202102F072FF0DF10700012102F046
:107710006DFF02A8042102F069FF2021284602F033
:1077200065FF02A802F06AFF2A4602A8202102F0A3
:10773000F3FF01210DF10700FFF768FE042102A805
:107740008DF80B408DF808A08DF809908DF80A701F
:10775000FFF75CFE0AA9284600F086FF81B20AA85E
:10776000FFF754FE4FF4104406E040F2EE20FFF71E
:107770004DFD00288AD0AFE7A4B209E037B9FFF782
:107780001DFF84B204E04FF4DA4401E04FF4CE442C
:107790000020FFF785FCB4F5104F06D001E04FF450
:1077A000DC44D8F8000002F031F8230A0AA80121CD
:1077B0008DF82830FFF72AFE0AA801218DF828400D
:1077C000FFF724FE1CB0BDE8F08700BF8CBCFF1F94
:1077D00030B5057942792D0445EA022582790B46B8
:1077E0002A43C11DBDE83040FFF7FEBED1F843304B
:1077F000D0F84300181A704710B588B004466A469E
:107800000120002102F000FF04F110000E2102F01F
:10781000EDFE012000216A4602F026FFD4F81E008A
:10782000009B584008B010BD38B50C461546FFF710
:10783000E3FF80B2022802D0032801D005E025B979
:10784000002C0CBF3020002038BD002038BDFFFFC9
:1078500070B588B004460E4615460C486A4610219D
:1078600002F0D2FE3046294602F0C0FE6A460748C2
:10787000102102F0F9FE20466946102211F010F99D
:10788000002814BF3320002008B070BD80DEFF1F29
:10789000F8B5202205460C462230223111F000F9BD
:1078A000064678B995F8867005F1460004F1460160
:1078B0003A4611F0F5F838B994F88600C31B5842DF
:1078C0005841F8BD0020F8BD3046F8BD08B502208B
:1078D000FFF7E6FB44F63820FFF798FC012805DCAB
:1078E00006D000280CBF3A202D2008BD212008BD5D
:1078F000002008BD01482021FFF7F2BCD1DEFF1FA8
:10790000F8B5002407460E462546FFF7F4FC8442EE
:107910000DD220463146FFF7F5FCD6F84230013B48
:10792000033302D8BD4205D001350134EDE74FF0F5
:10793000FF30F8BD2046F8BDF0B5431CF9B0044651
:1079400009D1002009A9FFF7DDFCDDF86630013B15
:1079500003332ED90024FFF7CEFC013484422AD20F
:10796000204609A9FFF7CEFC0DF1460301AD0DF14C
:1079700066071E46186859682A4603C20833BB4288
:107980001546F7D1DDF86630013B0333E3D8002517
:10799000A5420CDA284609A9FFF7B4FC304601A934
:1079A000202211F07DF80028D5D00135F0E72046DF
:1079B00003E0002001E04FF0FF3079B0F0BD70B57A
:1079C0000446F8B071B10B4601AC01F1200518680E
:1079D0005968224603C20833AB421446F7D14FF030
:1079E000FF340FE009A9FFF78DFC01AD0DF146034F
:1079F0000DF16606186859682A4603C20833B34277
:107A00001546F7D1FFF777FC013484420DD22046AA
:107A100009A9FFF777FC0DF1460001A9202211F01A
:107A20003FF80028EED1204601E04FF0FF3078B05B
:107A300070BD10B504460020FFF7B2FB034610B935
:107A4000FFF7AEFB03461A0E84F821201A0C84F8C7
:107A500022201A0A84F8232084F82430184610BD06
:107A600038B5124CD022FF21204611F043F8802176
:107A700004F14E00FFF734FCA5232370082384F89B
:107A80004830012500236370A4F84A3084F8CE50B2
:107A9000FFF72BFC04F122002021FFF721FCA84274
:107AA00002D0284610F0B2FF38BD00BFACDDFF1F8A
:107AB0002DE9FF4113F1080F0F46164669460CBF2A
:107AC0000422052205461C4603F0ECFF40F2271174
:107AD00080465B4AFEF797FAB8F1000F01D01020FC
:107AE000AAE001226846002303F099FF4FF4967143
:107AF0008046534AFEF787FAB8F1000FEFD114F130
:107B0000080F14BF022201220023684603F087FFFA
:107B10004FF4977180464A4AFEF775FAB8F1000FA4
:107B2000DDD103226846002303F079FF40F23311D0
:107B30008046434AFEF767FAB8F1000FCFD12246DC
:107B40006846E31703F06BFF40F2351180463C4A6C
:107B5000FEF759FAB8F1000FC1D14FF0FF32684675
:107B60004FF0FF3303F05BFF4FF49D718046344AC2
:107B7000FEF749FAB8F1000FB1D114F1080F14BFA4
:107B8000012206220023684603F049FF4FF49E714C
:107B900080462B4AFEF737FAB8F1000F9FD16FF0FD
:107BA000010268464FF0FF3303F039FF4FF4A17133
:107BB0008046234AFEF727FAB8F1000F8FD13946E5
:107BC0002022684603F047FF4FF4A27107461C4A83
:107BD000FEF719FA002F82D108340ED169462846E3
:107BE00003F070FF4FF4A8710446154AFEF70BFA34
:107BF000002C7FF474AF20461EE06FF0020268464E
:107C00004FF0FF3303F00BFF4FF4A57104460C4A0D
:107C1000FEF7F9F9002C7FF462AF31462022684666
:107C200003F019FF4FF4A6710446054AFEF7EBF97D
:107C3000002C7FF454AFD1E704B0BDE8F08100BF61
:107C400024C9020030B5012A054691B008461C46F9
:107C50001FD113F1080F07D007331AD146216A4606
:107C600008AB02F0C5FD03E046216A4602F0F2FDD2
:107C70002346694608AA2846FFF71AFF4FF4B87151
:107C80000446064AFEF7BFF9002C0CBF0020102066
:107C900001E04FF0FF3011B030BD00BF24C9020039
:107CA000F0B585B00E46144669460222054603F03B
:107CB000F9FE40F21B410746294AFEF7A4F90FB12D
:107CC00010204BE027490222684603F0D6FE40F21E
:107CD0001F410746224AFEF796F9002FF0D1412CAA
:107CE00006D0422C06D142F215131F4AD25C02E0A4
:107CF000302200E046223146684603F0ACFE40F2F6
:107D000023410446164AFEF77EF9002CD8D11749C4
:107D10000422684603F0B1FE4FF485610446104A20
:107D2000FEF771F9002CCBD111490A22684603F005
:107D3000A4FE40F22B410446094AFEF764F9002CE8
:107D4000BED16946284603F0BDFE4FF48661044665
:107D5000034AFEF758F9002CB2D1204605B0F0BD19
:107D600024C9020086C8020094BCFF1F81A602003D
:107D70009EC8020038B5054608460C4611F029F9A0
:107D8000214602462846BDE8384003F076BEFFFF94
:107D90002DE9F0470578022DC0B004468846174605
:107DA00072D130AB451D00F1450E1E46286869684A
:107DB0001A4603C2083575451346F7D108AA04F1DF
:107DC00068007A4902F0AEFD02F0F6FB202108A817
:107DD00002F00CFC08A802F011FC10AA08A820214F
:107DE00002F012FC3046217902F000FC08A82021A4
:107DF00010AA02F039FC284610A9102210F050FEFB
:107E00000546002840F0CE8018AA0220294602F03C
:107E1000FBFBD4F8B000462102F0E8FB64480121E6
:107E200002F0E4FB0220294618AA02F01DFC3046AD
:107E300008A92279F3F7E3FF20AA18A8202102F06D
:107E4000E3FB3046202102F0D1FB18A8202120AA14
:107E500002F00AFC2379402B0DD128AA18A8202172
:107E600002F0D2FB38A8202102F0C0FB18A8202184
:107E700028AA02F0F9FB20A808A922790126F3F725
:107E8000ADFF0025304604E0012D18BF0025002677
:107E90002846D4F8B430013B022B05D801305FFAF4
:107EA00080FA4FF0010905E0002879D04FF0000971
:107EB0004FF0010A684641463A68002303F0A0FDEE
:107EC000524604A9684603F0EDFD40F225218246A2
:107ED000384AFEF798F8BAF1000F5FD11EB9B9F130
:107EE000000F33D019E0344904A8FFF743FF40F2F4
:107EF000292106462F4AFEF786F8002E4ED120A9EA
:107F0000227904A803F0A7FD4FF40B710646294A15
:107F1000FEF779F8002E41D1E1E7284904A8FFF7E0
:107F200029FF40F232210646224AFEF76CF8002E65
:107F300034D1D4F8B42004A8002303F070FD40F23B
:107F4000352104461B4AFEF75EF83CBBADB11A4929
:107F500004A8FFF70FFF40F23B210446154AFEF745
:107F600052F8DCB9152104A803F064FD40F23E216B
:107F70000446104AFEF747F884B904A9684603F09E
:107F8000A1FD40F2422104460A4AFEF73CF82CB912
:107F9000009BC8EB03033B60204604E0102002E096
:107FA000386000E0E02040B0BDE8F087D1DEFF1F80
:107FB000A8DCFF1F24C90200AFC80200BBC8020032
:107FC0002022FFF745BCFFFF30B595B0044610A84E
:107FD000FFF7AEF904A90822204603F063FD8F21C4
:107FE0000546034AFEF70FF825B11020F4E100BF63
:107FF00024C90200012204A8002303F008FD9321F4
:108000000546B14AFDF7FFFF002DEED16946032278
:1080100004A803F044FD96210546AB4AFDF7F3FFA3
:10802000002DE2D1A9496846FFF7A4FE9921054633
:10803000A54AFDF7E8FF002DD7D1A5496846FFF70F
:1080400099FE9B210546A04AFDF7DDFF002DCCD10E
:10805000A0496846FFF78EFE9D2105469A4AFDF726
:10806000D2FF002DC1D1694604A803F02BFDA02149
:108070000546954AFDF7C7FF002DB6D1022204A898
:10808000002303F0C4FCA42105468F4AFDF7BBFF83
:10809000002DAAD16946022204A803F000FDA72101
:1080A0000546894AFDF7AFFF002D9ED18A496846F3
:1080B000FFF760FEAA210546834AFDF7A4FF002DC5
:1080C00093D186496846FFF755FEAD2105467E4AA5
:1080D000FDF799FF002D88D1694604A803F0F2FC52
:1080E000B0210546784AFDF78EFF002D7FF47DAF65
:1080F000032204A8002303F08AFCB4210546724A37
:10810000FDF781FF002D7FF470AF10A9102204A8A5
:1081100003F0A1FCB72105466B4AFDF774FF002D63
:108120007FF463AF042204A8002303F070FCBB219A
:108130000546654AFDF767FF002D7FF456AF08A995
:10814000052204A803F0AEFCBE2105465E4AFDF7F9
:108150005AFF002D7FF449AF6149022208A803F0BD
:108160008CFCC1210546584AFDF74DFF002D7FF4D8
:108170003CAF152108A803F05DFCC4210546524A16
:10818000FDF741FF002D7FF430AF5649022208A8C9
:1081900003F073FCC82105464B4AFDF734FF002D60
:1081A0007FF423AF152108A803F044FCCB2105463A
:1081B000454AFDF728FF002D7FF417AF4A490422F6
:1081C00008A803F05AFCD92105463F4AFDF71BFFDA
:1081D000002D7FF40AAF142108A803F02BFCDC214A
:1081E0000546394AFDF70FFF002D7FF4FEAE3F49EB
:1081F000082208A803F041FCE0210546324AFDF7B9
:1082000002FF002D7FF4F1AE152108A803F012FC47
:10821000E32105462C4AFDF7F6FE002D7FF4E5AE7E
:108220003349092208A803F028FCE7210546264A1D
:10823000FDF7E9FE002D7FF4D8AE2E4B597808A843
:1082400001290CBF1521142103F0F4FBEA21054696
:108250001D4AFDF7D8FE002D7FF4C7AE08A904A87B
:1082600003F030FCF2210546174AFDF7CCFE002D45
:108270007FF4BBAE052204A8002303F0C8FBF6215F
:108280000546114AFDF7BFFE002D7FF4AEAE4FF458
:10829000966204A8002303F0C2FBF92105460A4AAE
:1082A000FDF7B1FE002D7FF4A0AE062204A8002346
:1082B00003F0ADFBFD210546034AFDF7A4FE002DAA
:1082C0007FF493AE18E000BF24C902001DC902006C
:1082D0004BC9020054C90200BBC80200AFC802006B
:1082E000A9C802002DAF020061C9020066C90200E0
:1082F0006FC90200ACDDFF1F0CA9012204A803F026
:10830000CEFB4FF480710546344AFDF77CFE002D0C
:108310007FF46BAE01220CA8002303F080FB40F237
:10832000031105462D4AFDF76EFE002D7FF45DAE6C
:108330000CA904A803F0C6FB4FF483710546274A35
:10834000FDF761FE002D7FF450AE072204A8002344
:1083500003F05DFB40F20B110546204AFDF753FE8A
:10836000002D7FF442AE142204A8002303F04FFB3B
:108370004FF487710546194AFDF745FE002D7FF43D
:1083800034AE082204A8002303F041FB4FF48971A6
:108390000546124AFDF737FE002D7FF426AE4FF456
:1083A000807204A8002303F032FB40F21511054649
:1083B0000A4AFDF728FE002D7FF417AE204604A9D7
:1083C00003F080FB4FF48D710446044AFDF71BFE59
:1083D000002C7FF40AAE204615B030BD24C902003F
:1083E00070B58AB005460C4601920021202202A8F1
:1083F0001E4610F07FFB02AA0120002102F004F9C2
:108400002846202102F0F2F82046122102F0EEF870
:1084100001A8042102F0EAF80120002102AA02F0DA
:1084200023F902AC334606AD224603CAAA421860BD
:108430005960144603F10803F6D10AB070BDFFFF7E
:108440000148FEF79DBE00BFACDDFF1F2DE9F04FD8
:10845000ADF56F7D9146804640F2B9120C4610A8EA
:1084600000211D4610F046FB7FA8002140F2B91202
:1084700010F040FBD9F80030242B02D8012010F076
:10848000C5FA02F099F8D8F80011404602F0AEF8AB
:10849000204602F0B3F82046FFF7CBFA0290FFF730
:1084A00015FA2128064601D1002308E04FF4257172
:1084B0006B4AFDF7A8FD002E40F0CD800123DFF8C8
:1084C000A4A184F820300120FEF7EAFD9AF80130DB
:1084D0005A1E5342534194F8202042EA83031DB9A7
:1084E00084F820302523B2E043F0400384F82030A4
:1084F00004F17D020192D9F80020019900237D3A10
:1085000004A803F07DFA04F12500FEF711FF002610
:108510004FF0460C04F1370784F836C0624604F188
:10852000470B84F8356031463846CDF800C010F06E
:10853000E1FA12215846FEF7D3FED5F8442108325D
:10854000F89A116814BF0020012041EA004108AAEE
:1085500003910120314602F057F858460E2102F0EF
:1085600045F80120314608AA02F07EF8039B089ADC
:108570005A40C4F85520029AC4F879202146202296
:1085800004F1590010F09BFA3B4620465946029AE6
:10859000FFF726FF95F84831DDF800C0002B4AD0E0
:1085A0006246394610A803F0AFFA29464FF4A1728B
:1085B0000DF1860003F0A8FAD8F800412F2C88BFEF
:1085C0003024224672A8414603F09EFA8DF8F84105
:1085D000BAF84A40A64210D27FA93046FFF790F978
:1085E0007FA9804610A8FFF753F920B1404610A993
:1085F000FEF78DFE1FE00136ECE70024FEF77BFE60
:10860000844216D220467FA9FEF77CFEDDF83E327A
:10861000013B03330BD9BAF84A300133AAF84A3088
:10862000FFF70EFF204610A9FEF767FE03E00134B6
:10863000E4E7282010E095F84221D5F8443104A859
:108640003946FFF7FFFA049B019A9B1A7D33C9F85C
:108650000030002000E030460DF56F7DBDE8F08F62
:1086600024C90200ACDDFF1F2DE9F74F00230D46A2
:10867000C25CDCB20AB100230AE001330134202BD2
:10868000E4B2F5D1F7E701330137202BFFB205D073
:10869000C218DFB292F82020002AF4D007F120039C
:1086A000065D10F8038000EB030B0021031948223C
:1086B0002846019310F01EFA3022F6092A70C4F100
:1086C000440232444FEAD818D21B42446A70AA19B5
:1086D0004FF0020A4FF0000985F802A082F80390DB
:1086E000019BC4F12002B118301DE97028441946DD
:1086F00010F0E5F906F124031B1BC4F1260005F870
:1087000003A006F1250303EB0802121B1B1B05F84F
:1087100002903044C7F1200208EB02014044E954C2
:108720002844594608F1460810F0C9F94644301B60
:10873000C01B03B0BDE8F08F2DE9F7431D460C9B2D
:108740000A9C0B9E083381468846174618D001F0D4
:1087500033FF4846414601F049FF3846202101F0E9
:1087600045FF284601F04AFF28462021224601F015
:10877000D3FF2046314603B0BDE8F043FFF774BF96
:108780000096202302F08AF8402003B0BDE8F08371
:10879000F0B5ADF2244D04460E461546FEF7E6FD53
:1087A000B0F5806F00F2958008A8FEF7EDFD03227A
:1087B0002046002303F033F940F243310746474A8D
:1087C000FDF721FC0FB1102084E06946032220460A
:1087D00003F068F940F245310746404AFDF713FCC3
:1087E000002FF0D13E496846FFF7C4FA4FF45271AA
:1087F00007463A4AFDF707FC002FE4D16FF0060266
:1088000068464FF0FF3303F00AF940F24A31074659
:10881000324AFDF7F8FB002FD5D132496846FFF701
:10882000A9FA40F24E3107462C4AFDF7ECFB002F27
:10883000C9D12A463146684603F00DF94FF4547108
:108840000546264AFDF7DFFB002DBCD126496846C8
:10885000FFF790FA4FF455710546204AFDF7D3FB18
:10886000002DB0D104A90122684603F018F940F2A6
:1088700056310546194AFDF7C6FB002DA3D1FEF778
:1088800075FD08A9024604A803F0E5F840F2593145
:108890000546124AFDF7B7FB002D94D104A968469E
:1088A00003F010F940F25B3105460C4AFDF7ABFBD3
:1088B000002D88D12046694603F004F94FF4587121
:1088C0000446064AFDF79FFB002C7FF47CAF204650
:1088D00000E021200DF2244DF0BD00BF24C90200AC
:1088E0009AC8020079C902007DC9020030B50B7830
:1088F000412B8DB005460C4626D0422B34D0012B9F
:108900003AD101F059FED5F80011284601F06EFE6B
:1089100004A801F073FE04F1230004A9202210F042
:10892000BFF848BB04A804F11101D4F843206B46FA
:10893000FFF756FD601C6946102210F0B1F8D0F127
:10894000010038BF002018E001F036FED5F8001114
:10895000284601F04BFE04A801F050FE601C3021B7
:1089600004AAFEF702FE08E042F21513044A054885
:10897000D15C02F0A5FB00E000200DB030BD00BFCF
:1089800094BCFF1FA9DCFF1FF0B50C46ADF2D44D1F
:108990000546134656A822462946FEF78DF804469A
:1089A000002840F024819DF813447CB1FEF78EFF2F
:1089B0004FF468710446904AFDF725FB0CBB8F4BC2
:1089C0005B78012B14BF3524332410E1569B03F050
:1089D0000F030F2B40F0F680884B5B78012B9DF83E
:1089E000123404D1002B40F0F3803624FFE0002B3A
:1089F00040F0EE809DF80134012B40F2E580002626
:108A000009E0E4B2F3E0FBA808A9FDF75FFD112837
:108A1000074604D10136FF9B9E42F4D32DE04FF46C
:108A20007171754AFDF7EFFA002F40F0CF805FA813
:108A300008A9FFF75BFF98B10DF121009DF8121412
:108A40000122FEF7F1FE58B9FEF740FF40F2CD31AA
:108A50000446694AFDF7D7FA002CD2D11924C6E0A2
:108A6000FBA802F0F9FE4FF475710746624AFDF764
:108A7000CAFA002FCED01024B9E004A90322284658
:108A800003F010F840F2DA3106465B4AFDF7BBFA14
:108A9000002EF0D1012204A8002302F0C0FF40F212
:108AA000DE310646544AFDF7AEFA002EE3D15449B2
:108AB00004A8FFF75FF94FF4787106464E4AFDF7B8
:108AC000A2FA002ED7D14FF49B7302930DF2CC4340
:108AD000009308A902AA5FA8A8ABFFF7B7FC40F271
:108AE000E7310646444AFDF78EFA8EB90299C1F580
:108AF0009B73039308AB194403AA0DF58360FFF73A
:108B000047F940F2EE3106463B4AFDF77CFA0EB1DA
:108B1000F4B26CE0039B43B19DF8402062F07F0209
:108B20008DF84020029A13440293022204A80023E5
:108B300002F075FF4FF47E7106462F4AFDF763FA87
:108B4000002E98D108A9029A04A802F084FF40F2EE
:108B5000FA310646284AFDF756FA002E8BD101F06D
:108B6000CDFD029E01F028FD314608A801F03EFD32
:108B7000202157A801F03AFD08A801F03FFD10AAF6
:108B800008A8202101F0C8FD20A910A8FFF76CFD5E
:108B900020A9024604A8FFF7FBFD40F20241064669
:108BA000154AFDF730FA0EBB284604A902F08AFFE9
:108BB00040F205410546104AFDF725FA002D7FF4E5
:108BC0005AAF14E0142412E02C2410E03C460EE0CE
:108BD00057A90DF20240FFF7F3F940F2B331064610
:108BE000054AFDF710FA002E3FF404AF3446204644
:108BF0000DF2D44DF0BD00BF24C90200ACDDFF1F53
:108C000081C90200F0B591F8415085B006460C4686
:108C100055B1151C18BF012535B191F8C230002B94
:108C20000CBF0322042200E001226946304602F014
:108C300039FF40F241410746424AFDF7E4F90FB1DE
:108C400010207DE040490222684602F016FF40F203
:108C5000444107463B4AFDF7D6F9002FF0D12146A3
:108C600094F84020684602F0F6FE40F2474107467D
:108C7000344AFDF7C8F9002FE2D16DB96946304694
:108C800002F020FF40F2624104462E4AFDF7BBF994
:108C9000002CD5D1204653E094F8C2306BB92B4953
:108CA0000422684602F0E9FE40F254410546254A96
:108CB000FDF7A9F9002DC3D11AE025490422684621
:108CC00002F0DBFE40F24E4105461E4AFDF79BF9DD
:108CD000002DB5D104F1C2016846FFF74BF84FF4FF
:108CE0008A610546174AFDF78EF9002DA8D1D6E70F
:108CF00004F141016846FFF73DF840F2574105464F
:108D0000104AFDF780F9002D9AD112490B226846CE
:108D100002F0B3FE40F25A4105460A4AFDF773F9E4
:108D2000002D8DD104F182016846FFF723F840F24F
:108D30005D410446034AFDF766F9002C80D19DE7AA
:108D400005B0F0BD24C9020086C80200EA9F0200F7
:108D500095C8020089C802002DE9F0479146ADF59B
:108D6000167D0222984600230D46064602F057FE65
:108D700040F2215104464D4AFDF745F90CB110244B
:108D80008FE049464246304602F065FE40F22351EC
:108D90000446464AFDF737F9002CF0D12B78412BD9
:108DA00006D0422B06D142F21513414AD75C02E0AD
:108DB000302700E046276C1C2046FEF71DFDC0F35F
:108DC000074001283946204604D101F053FD6FF0D9
:108DD000070A05E00022134601F0F8FC6FF0060ACE
:108DE00015AF204629463A4602F026FA70B1314BBB
:108DF0001B780A33DBB2012B13D82F4B1C6840F2CF
:108E0000012301349C4288BF48240BE005AB8DE868
:108E10008804484641469E9A4B46FFF78DFC04461F
:108E200000E0482403223046002302F0F8FD40F21F
:108E3000475180461D4AFDF7E6F8B8F1000F9ED174
:108E400022463946304602F006FE40F249510446B9
:108E5000164AFDF7D8F8002C91D195F887300BB958
:108E600000241EE004223046002302F0D8FD40F228
:108E7000515104460D4AFDF7C6F8002C7FF47FAF30
:108E800042F214030A4A05F14701D25C3046FFF76B
:108E9000B9FE40F254510446044AFDF7B4F8002CE0
:108EA000DED020460DF5167DBDE8F08724C902000E
:108EB00094BCFF1FD5B9FF1FA0BAFF1F2DE9F047D3
:108EC0000025F8B004462F46D4F84C319F425BD2BF
:108ED000D4F86C1140F289167E4304F12800314425
:108EE000FFF704FDD4F86C3198B998190130462188
:108EF00002F0E6F808B1013544E0D4F86C311E44C4
:108F000086F8430086F8440086F8450086F8460057
:108F100038E09819444B013019780122FEF784FC9F
:108F2000D4F86C91014650B14E44002386F843308A
:108F300086F8443086F8453086F8463022E03B4BD0
:108F40000135B3F84AA0FEF70BF8D8B94E44804675
:108F5000D04517DA09A94046FEF7D2FC09A8711CD2
:108F6000FEF796FC58B106F147000DF16A014FF487
:108F7000A17201370FF0A3FDC4F84C7104E008F1B1
:108F80000108E5E701379FE7D4F84C61002E3DD199
:108F900001F012FB04F12800D4F8281101F026FB9F
:108FA00001A801F02BFBFEF7A6F9864218D2304645
:108FB00009A9FEF7A7F9DDF86630013B033323D892
:108FC000194B09A819780022FEF72EFCE0B90DF123
:108FD000460001A920220FF063FDA8B9132D02DD80
:108FE000C4F84C5112E040F289136B43D4F86C2161
:108FF0000121D154D4F86C01184408444FF4C472D0
:1090000009A90FF05CFD01350136CCE7D4F86C01FD
:10901000D4F84C11064B40F289120FF053FE28464B
:1090200078B0BDE8F08700BFA8DCFF1FACDDFF1FF4
:10903000ED7701002DE9F04790461F4601220023FD
:109040000C460646DDF8209002F0E9FC40F21A5189
:1090500005460F4AFCF7D7FFADB9611C22783046B0
:10906000FEF71EFE40F21D510546094AFCF7CBFFF4
:1090700055B9CDF820903046214642463B46BDE8E2
:10908000F047FFF769BE10252846BDE8F08700BF0E
:1090900024C90200F0B542F20803384CE15889B007
:1090A0000746002966D042F20C02A3588B4261D2D7
:1090B00040F2891505FB0345591C05F5A8752046A6
:1090C000A150FEF7B6FC05F12301204620220FF047
:1090D000F6FC95F88730384604A90BB1042200E06D
:1090E000032202F0DFFC40F275510646244AFCF7E9
:1090F0008AFF0EB110243EE042F21403E35C2BB968
:1091000005F18800314641220FF0F4FC08AA1B4CFF
:10911000502342F8143D04F1780004F12501FEF7D4
:1091200037FE039B48B994F8202013B162F07F0208
:1091300001E002F07F0284F82020124A00922946C2
:10914000A2F5987204A82533FFF774FF4FF4B261BB
:1091500004460B4AFCF757FF6CB904A9384602F0E5
:10916000B1FC40F293510546054AFCF74CFF002D37
:10917000C0D100E03024204609B0F0BD94BCFF1FF0
:1091800024C90200C4BDFF1F7FB5022269460546FF
:1091900002F088FC40F29C510446274AFCF733FF5A
:1091A0000CB1102046E001226846002302F037FC93
:1091B00040F29E510446204AFCF725FF002CF0D1D6
:1091C0001E4C6846B4F84A20002302F028FC4FF4F5
:1091D000B4610646184AFCF716FF002EE1D10222C0
:1091E0006846002302F01BFC40F2A2510646124AD8
:1091F000FCF709FF002ED4D1FEF77DF8B4F84A2021
:10920000821AD317684602F00AFC40F2A5510446C0
:10921000094AFCF7F8FE002CC3D16946284602F043
:1092200051FC40F2A7510446034AFCF7ECFE002C27
:10923000B7D1204604B070BD24C90200ACDDFF1FC9
:10924000F0B5F9B015460646084609A9FEF75AF8E2
:10925000002DD4BF0222032201A9304602F022FCD5
:1092600040F2B3510446524AFCF7CDFE002C40F0C8
:109270008180032201A8002302F0D1FB40F2B55106
:1092800004464B4AFCF7BFFE002C73D105A902220D
:1092900001A802F007FC40F2B9510446444AFCF729
:1092A000B2FE002C66D1434905A8FEF763FD40F2EB
:1092B000BB5104463E4AFCF7A6FE002C5AD19DF84D
:1092C000DC21302A8ABF22466BA93B4905A802F05F
:1092D000D4FB40F2C4510446354AFCF794FE002CFE
:1092E00048D1364905A8FEF745FD40F2C65107466C
:1092F0002F4AFCF788FE002F3CD10DF1AB0105A8E9
:10930000FEF738FD4FF4B9610746294AFCF77BFEAA
:1093100087BB05A901A802F0D5FB40F2CA51074658
:10932000234AFCF770FE2FBB042201A8002302F0A1
:1093300076FB40F2CD5107461D4AFCF764FECFB9DB
:109340000DF14601202201A802F085FB204640F2E3
:10935000CF51174AFCF757FE002D1ADD052201A850
:10936000002302F05CFB40F2D3510446104AFCF7A4
:109370004AFE0CB1102019E02A4601A8EB1702F0B2
:109380004EFB40F2D5510446094AFCF73CFE002C46
:10939000F0D101A9304602F095FB4FF4BB610446C1
:1093A000034AFCF730FE002CE4D1204679B0F0BD32
:1093B00024C9020086C80200A3C20200EA9F02007C
:1093C0002DE9F041F4B00646084605A91546FDF71B
:1093D00099FF05A8FEF710FA431E032B044605A8C3
:1093E00028BF0124FEF708FAC0F3074001280CBF8C
:1093F0006FF007076FF00607002DD4BF0422052287
:1094000001A9304602F04EFB40F2ED5180464F4A32
:10941000FCF7F9FDB8F1000F01D0102093E006220F
:1094200001A8002302F0FBFA4FF4BE618046474AD0
:10943000FCF7E9FDB8F1000FEFD10DF15A0101225F
:1094400001A8FFF7DFFB40F2F35180463F4AFCF7EB
:10945000DAFDB8F1000FE0D1072201A8002302F0E5
:10946000DEFA40F2F7518046384AFCF7CCFDB8F1FD
:10947000000FD2D105A9012201A8FEF711FC40F28C
:10948000FA518046314AFCF7BEFDB8F1000FC4D155
:10949000082201A8002302F0C2FA40F2FE518046E1
:1094A0002A4AFCF7B0FDB8F1000FB6D101A805A912
:1094B00001223B46FEF7C6FB002D0DDC0A2201A867
:1094C000002302F0ACFA40F20C6105461F4AFCF79B
:1094D0009AFD002DA1D11AE0092201A8002302F073
:1094E0009EFA40F206610746184AFCF78CFD002FF1
:1094F00093D12A46EB1701A802F091FA4FF4C1610B
:109500000546124AFCF77FFD002D86D1D6E722469C
:1095100001A8002302F083FA40F20E6104460B4AD0
:10952000FCF771FD002C7FF478AF01A9304602F002
:10953000C9FA40F211610446044AFCF764FD002CAC
:109540007FF46BAF204674B0BDE8F08124C90200FF
:109550002DE9F04FADF5157D824609A8FDF782FB98
:109560000446002840F044819DF888418CB1FEF704
:10957000ADF940F229710446A04AFCF744FD0CB154
:10958000E4B235E19E4B5B78012B14BF35243324C4
:109590002EE19DF887319BB10AA90DF27710FEF7F5
:1095A0000FFD40F22F710546944AFCF72CFD002D6B
:1095B00040F0178142F21403924A0121D15403E092
:1095C00042F214038F4AD454539B002B00F00B81BA
:1095D0009DF84830002B00F0068109A8FFF76EFCCB
:1095E0000546002800F0018140F28919649B09FBBF
:1095F00000F94B446FF4C4710B44012893F8873091
:10960000CCBF0422032203B1013205A9504602F067
:1096100049FA4FF4EB610646784AFCF7F4FC0EB1C8
:109620001024E5E0012D6498764E03DD42F2140328
:10963000F35C3BB90378422B04D0883000214122EF
:109640000FF058FADDF890B125230BF10100462107
:109650009290039301F034FD074660B100F0ACFF37
:1096600013A8539900F0C2FF664800F0C7FF052316
:1096700086F8203047E09DF87601624ED0F1010077
:1096800038BF0020FDF7A0FD93AB314603AA00933D
:1096900013A83B46FEF7DAFE80463846FDF794FDF8
:1096A000404640F28571554AFCF7ADFCB8F1000F19
:1096B00002D05FFA88F49BE042F2140306F1250120
:1096C000F25C96F8203023F0040343EA820386F824
:1096D000203004AA502366A80493FEF759FB40F2F9
:1096E0008E710746454AFCF78EFC0FB1FCB27FE055
:1096F000049B43B196F8202062F07F0286F8202078
:10970000039A134403930AAE59463E4A009605A8AD
:10971000039BFFF78FFC40F299710746374AFCF72D
:1097200072FC002F63D1012D0DDC05A9504602F01B
:10973000C9F940F2A4710746304AFCF764FC002FD7
:109740007FF46EAF1CE0052205A8002302F067F944
:1097500040F29E710746294AFCF755FC002F7FF422
:109760005FAF2A4605A8EB1702F059F94FF4F461F0
:109770000746224AFCF747FC002F7FF451AFD4E79D
:10978000649B6F1E03F2891E17D0132F1ED80FCEB5
:109790001D4D0FC596E80F0085E80F006FF4C473E8
:1097A000714609EB030205F110000FF088F9A5F1ED
:1097B000C80066A9B82202F0A7F9124B42F20802CB
:1097C00000259F5042F20C029D5000E017256EB21A
:1097D000304640F2AA71094AFCF715FC46B1ECB2DA
:1097E00006E02C4604E0142402E02E2400E03C466F
:1097F00020460DF5157DBDE8F08F00BF24C902009D
:10980000ACDDFF1F94BCFF1FC4BDFF1F10B5044695
:10981000002141F2040204F580540FF06BF94FF47B
:109820008053238010BDFFFF10B500F059FF114891
:10983000FDF794FC04460020FDF732FC24B9FEF746
:109840000FF90C48FDF79CFC0A4801F0BDF80A48E6
:1098500000F0B8FE09481021FDF742FD012802D0B2
:1098600001200FF0D3F8FEF745F8BDE81040FDF7F2
:10987000A5BD00BFACDDFF1FFADDFF1F80DEFF1FAF
:1098800030B50B1F3B2B89B005460C4602D9012091
:109890000FF0BCF800F090FE2146284600F0A6FE2E
:1098A000684600F0ABFE0D4C00F086FE68461021C5
:1098B00000F09CFE2022684600210FF01BF92021B9
:1098C00004F1220000F092FEA01C00F097FE01239C
:1098D00020466370FDF754FC09B030BDACDDFF1FBE
:1098E000044B082283F84820034B03221A70FEF72A
:1098F000A7BD00BFACDDFF1FC88CFF1F02480021C1
:1099000042F218120FF0F6B894BCFF1F08B5FEF72C
:10991000A7F80A48FDF734FC09481021FDF7E0FCE0
:10992000012802D001200FF071F8FFF7E7FFFDF7E3
:10993000E1FF0448BDE8084000F044BEACDDFF1F75
:1099400080DEFF1FFADDFF1F10B5084C084800211C
:1099500010220FF0CFF8A01C002120220FF0CAF82F
:109960002046BDE81040FDF70BBC00BFACDDFF1F7B
:1099700080DEFF1F10B50F4B0F4C1A7851B2002933
:10998000C4BF02F1FF321A7094F848305AB2002A6C
:109990000BDD013B84F84830FEF752FD94F9483066
:1099A000002B04DCFFF7D0FF01E0FF2010BD0020FA
:1099B00010BD00BFC88CFF1FACDDFF1F03685A1E1F
:1099C000012A10B5014603D923F00203042B17D155
:1099D000D1F8482301F55370013201F2AD11FDF7C2
:1099E00037FF3328044608D1FFF7C4FF064B93F92D
:1099F0000030002BD8BF342403E0FFF771FF00E0F4
:109A00000024204610BD00BFC88CFF1F2DE9F04385
:109A1000ADF2245D07466FA8FCF73FFE054600281F
:109A200040F0E1806FA8FFF7C9FF40F2B261044641
:109A30006F4AFCF7E8FA002C40F0D0806D4BB3F889
:109A40004A2098461AB96F9B012B40F0CC806F9B3F
:109A5000022B1FD1684B4FF0FF301860674B01227B
:109A60001A70674B00261E70FDF766FF654B186085
:109A70009946D9F80000634C002804DBFDF75CFF31
:109A800001362060F5E74FF0FF30FDF755FF20600D
:109A900000242FE0042B1CD170A90020FDF78FFFBC
:109AA000554B574A18600121117000249946D9F886
:109AB0000000514E002805DB0021FDF780FF013436
:109AC0003060F4E7002070A9FDF779FF30600026D0
:109AD00010E0052B4FF000040BD0032B09D0484BAE
:109AE000454A1C70454B1C704FF0FF331360454ACC
:109AF000136026466F9B013B052B71D8DFE803F00E
:109B000005121230300300244EE03846FFF73CFBCC
:109B10004FF4DD610446364AFCF775FA002C62D03A
:109B2000102560E0374C2168002902DB334B1B789D
:109B30002BB9324A00231370314A137052E0324677
:109B40003846FFF77DFB40F2F4610646284AFCF7F1
:109B50005AFA002EE4D12068FDF7EEFE206042E0C4
:109B6000254E31680029E4DB254B1B78002BE0D023
:109B700022463846FFF724FC40F2027104461C4A94
:109B8000FCF741FA002CCBD130682146FDF717FFD6
:109B9000306028E020466946FDF7B4FBDDF842302E
:109BA000013B033305D90134FDF7A5FB8442F1D312
:109BB00018E068460DF2E11146220EF071FF002810
:109BC000F1D1002C0EDB2046FDF7A3FBB8F84A309C
:109BD000013BA8F84A30FEF733FC04E0254602E0DA
:109BE000012500E02E2528460DF2245DBDE8F08316
:109BF00024C90200ACDDFF1F90BCFF1FD0DEFF1F99
:109C0000F1DEFF1F7CDEFF1F2DE9F04399B03F29F5
:109C100005460C469946209E40F390804B4F7B783A
:109C2000012BB8460AD197F94830002B40F38880C1
:109C3000474B93F90030002B40F384801046454990
:109C40006A4600F06FFE00F0B7FC2021684600F085
:109C5000CDFC684600F0D2FC202168460DEB0102E5
:109C600000F0D2FC2846214600F0C0FC1EB1304670
:109C7000102100F0BBFC20210DEB0102684600F032
:109C8000F3FC08A8494610220EF00AFF002851D123
:109C9000230701D00134FBE7284669462246F2F744
:109CA000AEF83F23EA5CC3F13F072AB1C7F1400792
:109CB0003B1F3B2B40D803E0002BF7D0013BF1E7E3
:109CC00098F80130214C012B2ED194F94830002B0B
:109CD00036DDDFF87C8098F90030002B32DD102271
:109CE00030466946F2F78BF800F066FC30461021EA
:109CF00000F07CFC202104F1220000F077FC10A889
:109D000000F07CFC10A8A11C10220EF0C9FE48B186
:109D1000FDF7F0FDFFF72EFE98F90030002B11DD66
:109D2000312010E0FFF7DCFD28463946FFF7A8FD9B
:109D3000002008E0332006E0372004E07F2002E026
:109D4000322000E0342019B0BDE8F083ACDDFF1F05
:109D5000C88CFF1FD1DEFF1F30B591B015460446F9
:109D60006A4608461F4900F0DDFD00F025FC202171
:109D7000684600F03BFC684600F040FC1022284694
:109D80006946F2F73CF800F017FC2846102100F075
:109D90002DFC2021144800F029FC08A800F02EFC1E
:109DA00008A8124910220EF07BFE054658B1FDF7B7
:109DB000A1FDFFF7DFFD0E4B93F90030002BCCBF68
:109DC000312034200CE0FFF78BFD0A491022204699
:109DD0000EF075FE204669461022F1F7FFFF284677
:109DE00011B030BDD1DEFF1FCEDDFF1FAEDDFF1F86
:109DF000C88CFF1F80DEFF1FF0B5EBB006460BA836
:109E0000FCF7DCFF0C9BDA1E022A04460BD8954AAD
:109E100092F94820002A40F31781934A92F90020D2
:109E2000002A40F31381002C40F019810B9A012A7B
:109E300040F00E81002B00F00B81013B9DF8A651F4
:109E4000042B00F20581DFE803F0031547658B0062
:109E500003A90122304601F025FE40F68E01074697
:109E6000824AFCF7D0F8002F40F08B8001238DF858
:109E7000A631B7E0013503A92A46304601F012FEAB
:109E800040F697010746794AFCF7BDF8002F78D1D4
:109E9000012203A8002301F0C2FD40F69A01074603
:109EA000724AFCF7B0F8002F6BD17148714900F08D
:109EB00033FD704903A801F120026FF01803FDF78C
:109EC000F7FD40F6A1010746684AFCF79CF8002F11
:109ED00000F08880FCB2C2E0624B5B78012B00F09E
:109EE000B980649909B91424B9E09DF88D30002B2C
:109EF000F9D09DF87C30002BF5D0002300930DF1B4
:109F00008E000DAA0DF17D03FFF77EFE40F6B10134
:109F100007461FE0534B5B78012B40F09D8064990E
:109F20000029E0D09DF88D30002BDCD09DF87C30EE
:109F3000002BD8D09DF8A431002BD4D065AB009372
:109F40000DF18E000DAA0DF17D03FFF75DFE40F6C9
:109F5000C1010746454AFCF756F8002F42D07DE084
:109F6000404B5B78012B77D1013503A92A46304657
:109F700001F098FD40F6CA0107463C4AFCF743F859
:109F80000FB110246BE09DF87C30002BABD09DF816
:109F9000A431002BA7D0022203A8002301F03FFD2B
:109FA00040F6D3010746314AFCF72DF8002FE8D1DF
:109FB0000DA965AA07A8FFF7CFFE40F6D70107460F
:109FC0002A4AFCF720F8002F48D107A9102203A83D
:109FD00001F041FD40F6DA010746244AFCF713F888
:109FE000002FCED19DF8A6310BB9EDB11FE00322B1
:109FF00003A8002301F013FD40F6E80107461B4AC1
:10A00000FCF701F8002FBCD1164B93F9482003A8A8
:10A01000D31701F004FD40F6EA010746134AFBF7A7
:10A02000F2FF002FADD1E0E79DF8A631BBB103A947
:10A03000304601F047FD4FF40F6105460B4AFBF730
:10A04000E2FF002D9DD10AE0322408E0342406E02E
:10A050007F2404E0302402E0352400E03C46204622
:10A060006BB0F0BDACDDFF1FC88CFF1F24C9020020
:10A07000D1DEFF1F90DEFF1F2DE9FF41144605468C
:10A0800010228846684600210EF034FD04F5805306
:10A090002E781A883E4F68462146002301F0B0FC16
:10A0A0000A2E06D003D8731E012B0CD801E0412ED6
:10A0B00009D1384B93F94830002B54DD364B93F9D6
:10A0C0000030002B51DD062E05F1010108F1FF32B1
:10A0D0001FD010D8022E18D005D8012E47D16846BF
:10A0E000FEF752FC38E0032E0DD0042E3FD1684617
:10A0F000FDF76AFF30E0082E16D00ED30A2E28D0C6
:10A10000412E26D033E0002532E06846FFF720FAE2
:10A1100022E06846FFF770FE1EE0FDF7D7FBC5B2F0
:10A1200035BBFFF7F3FB23E042F20403FB5C022B99
:10A1300018BF30251CD16846FEF7ACFF009B41F2EA
:10A1400002021B1BA3520546002814BF0826022644
:10A150000EE06846FFF75AFC009B41F202021B1B0F
:10A160000546A35204E0322502E0342500E0012533
:10A170000020FCF795FF42F20403FE541DB141F2AA
:10A1800002030022E252284604B0BDE8F08100BF7D
:10A1900094BCFF1FACDDFF1FC88CFF1F38B5184BE8
:10A1A0001B78022B2BD0174C2378242B24D0164D50
:10A1B000296869B189B200F095FF144B29881868A5
:10A1C00000F09EFFEDF73AFCF7232370002014E027
:10A1D0000F4B1B7813B90F4B1B6843B10B4B00217E
:10A1E00018684FF480620EF085FC232005E0012002
:10A1F000EEF70EF82A2000E0184600B238BD38BD50
:10A2000030BBFF1FD5B9FF1FA0BAFF1FA88CFF1FCF
:10A2100000BAFF1F50BAFF1F2DE9F04FADF5297DA1
:10A22000A2F10A0591F800804E78CC78019383461C
:10A230008B7800930A3128A82A4601F065FC58461D
:10A2400028A9FCF78DFE002800F0A881B74B042256
:10A25000B8F1E40F1A60994640F0F380B44B93F8DC
:10A2600000A0BAF1000F40F0EC80B24B28A8C3F870
:10A2700000A0F1F707FE41225146AF480EF03AFC2C
:10A28000AE49AD48FBF7D0FBAD48F1F7C9FDAD4B8A
:10A2900000F1140250F8041B43F8041B9042F9D15A
:10A2A00002781A70A4490123412268A8C9F8003035
:10A2B00001F02AFCA04A0DF1A9030DF1C90153F8E0
:10A2C000040B42F8040B8B42F9D19F4B9A489F49EB
:10A2D0009DF8CA504FF0010883F80080EAF7E0F9D2
:10A2E0008346002840F0AB800CA8E7F7F5FD20225C
:10A2F0000CA89649E7F71AFE0CA89449E7F737FE31
:10A30000934BF6221A709946002E00F09180002C93
:10A3100003A859464FF0210218BF02240EF0EAFBB1
:10A32000F31E434502D88DF80C8007E0894B0321CA
:10A330001878EAF7BDFD002800F030810DF1CB035D
:10A340000DF10D020DF1EB0853F8041B42F8041B4C
:10A350004345F9D1009ADFF8E0B1531C5FFA83FA64
:10A360005846002141220EF0C5FBBAF1010F02D080
:10A37000BAF1040F06D1042003A98022EAF776FF80
:10A38000202714E0BAF1020F02D0BAF1030F0ED168
:10A39000504603A98022EAF769FF0BF101005946F4
:10A3A00040220EF08CFB04238BF8003041270DF285
:10A3B000D51061493A4601F0A7FB022E01D0042EC8
:10A3C0002CD1572D06D1644BDA78572A02D10022BE
:10A3D000DA70DDE0042E13D10220FCF761FE44F6B2
:10A3E0003820FCF713FF01281EDC00281EDB03D1F8
:10A3F00089F800003A20D4E0572D04BF564BDD7099
:10A4000068AB07F1350119444046EAF749F90346BC
:10A41000A8B968A807F1550122460DE068A807F120
:10A4200035012246002307E02120BAE02D20B8E0C4
:10A4300068A8352122463346EDF71AFBA8E027200D
:10A44000AFE0584628A9FCF78BFD012840F3A08017
:10A4500028A829460122EBF753FEB8F1F30F344B3D
:10A460000FD11B780122C9F80020002B40F090800A
:10A470003A4B1B68002B40F08B803948EDF710FDFC
:10A4800086E01878002840F08380334AD3789346DA
:10A4900013B9D47028AF3EE09C42FBD881E031482C
:10A4A000DFF8C0A0002140220EF024FB382D35DD5E
:10A4B0003A460AF1070107F1380052F804EB41F877
:10A4C00004EB8242F9D112780A70DFF898C00422B6
:10A4D0006046FF210EF00EFB009B8AF80480FF22ED
:10A4E0008AF805608AF8062013B1392DD8BF857126
:10A4F000B8F1F00F3AD11C4B1A488BF80340802278
:10A500001A700C4B00221A600123C9F80030EBF7D7
:10A5100025F9393D3937002DC1DC39E00AF1070052
:10A5200039462A4601F0F0FACFE700BFD8B9FF1F3D
:10A5300000BAFF1F4CBAFF1F7895FF1FAC92FF1F98
:10A5400066B002009895FF1FFC91FF1FF2DEFF1F0F
:10A55000D5B9FF1F9CBAFF1F999BFF1FA0BAFF1F11
:10A56000579A02000CBAFF1FD6B9FF1FB8F1ED0FC2
:10A57000CFD10E4B0E488BF80340D5221A700D4BED
:10A5800000221A600123C9F80030EAF7D3FFC0E7C0
:10A590000198FFF703FE40B280B202E0EDF74EFAF9
:10A5A000182000B20DF5297DBDE8F08FD6B9FF1F48
:10A5B0000CBAFF1F4CBAFF1F0148E7F78DBC00BF64
:10A5C000C0DFFF1F10B504462146402205480EF0AB
:10A5D00076FA04F1400104482022BDE810400EF054
:10A5E0006EBA00BF12DFFF1F72DFFF1F03460A466D
:10A5F00001481946E7F79ABCC0DFFF1F0146014832
:10A60000E7F7B5BCC0DFFF1F30B591B004460D467B
:10A610006846002140220EF06DFA34B1012C1DD0A5
:10A62000402D04D901200EF0F1F90D4C20252146D2
:10A6300068462A4601F068FA00241DF8043083F0C9
:10A6400036030DF804300134402CF6D1FFF7B4FF87
:10A6500068462146FFF7CAFF11B030BD014CE5E75F
:10A6600012DFFF1F72DFFF1F70B5044690B0104667
:10A670000E461546FFF7C2FF6846002140220EF045
:10A6800039FA34B1022C24D0402E04D901200EF026
:10A69000BDF9114C202621466846324601F034FAB5
:10A6A00000241DF8043083F05C030DF804300134FD
:10A6B000402CF6D1FFF780FF68462146FFF796FF52
:10A6C00028462021FFF792FF2846FFF797FF10B09A
:10A6D00070BD024CDEE700BF12DFFF1F72DFFF1FFD
:10A6E00008B50448F6F7C6FDF6F7CAFD024B186038
:10A6F00008BD00BFE1720100B8DFFF1F034B044A31
:10A700001A60044B20221A60704700BF30E0FF1F20
:10A71000CC8CFF1F94DFFF1F70B5C4B006460D46FA
:10A7200014460021882222A80EF0E4F90E4B229351
:10A730000E4B23930E4B24934023259320232693E3
:10A7400002AB27930B4B00941B6801930A4B3146D5
:10A7500018682A4622ABF6F7DEFE10B901200EF08B
:10A7600055F944B070BD00BF4D6F0100536F01003B
:10A77000596F0100B8DFFF1F30E0FF1F2DE9F041E6
:10A78000069C074600200E4615460146224698467E
:10A79000FFF73AFF38463146FFF728FF28460A4DB3
:10A7A0004146FFF723FF28462021FFF71FFF002027
:10A7B00001462246FFF758FF204605F120012022DE
:10A7C000BDE8F041F1F70ABB12DFFF1F13B5054CDE
:10A7D0000094FFF7D3FF044B1C60044B20221A6047
:10A7E00002B010BD52DFFF1F30E0FF1F94DFFF1FDC
:10A7F000F0B59BB0164602AC00221F4600941346EB
:10A80000FFF7BCFF002140220AA80EF073F9104B9D
:10A8100020461A680AA9F6F73EFE0AAD324612AE85
:10A820002C4603CCB44210605160254602F1080268
:10A83000F6D134463B461AAD224603CAAA421860F6
:10A840005960144603F10803F6D11BB0F0BD00BFF8
:10A85000B8DFFF1F30B58BB0154602AC002213469F
:10A860000094FFF78BFF28462146F4F7EFFD0BB06D
:10A8700030BDFFFF13B50022054C00941346FFF7CF
:10A880007DFF044B1C60044B20221A6002B010BDF7
:10A8900098DFFF1F30E0FF1F94DFFF1F2DE9F04F0F
:10A8A00095B002AFB1F5007F86460C4693461E4632
:10A8B000D7F87090E84602D8B3F5007F05D948462E
:10A8C000002140220EF016F91FE001EB030A0AF105
:10A8D000070323F00703ADEB030D02AD71462246DB
:10A8E000284601F011F928190A4C3246594601F060
:10A8F0000BF9381D2168F4F7A9FDCDF800A04846F2
:10A9000021683A1D2B46F4F71DFD4C37C546BD4660
:10A91000BDE8F08F30E0FF1F014B1A68F6F7BBBDB2
:10A92000B8DFFF1F08B5054B1B68F6F7EDFC0128E3
:10A9300002D001200EF06AF808BD00BFB8DFFF1F8B
:10A9400070B591F8CE30FF2B88B005460C4601D08B
:10A95000002029E001F1220630462021FCF7C0FC4E
:10A960000128F5D16B78D3B1FFF726FE696CA81CDE
:10A97000FFF73CFE6846FFF741FEFFF71DFE684605
:10A980001021FFF733FE0021202268460EF0B2F8B6
:10A9900030462021FFF72AFEA01CFFF72FFEFF23E1
:10A9A0000120636484F8CE0008B070BD10B5044681
:10A9B00021460448D0220EF082F82046BDE810401F
:10A9C000FCF7DEBBACDDFF1F10B50378E8B0044632
:10A9D000DBB134A8FCF7C2FB6846FCF7BFFB94F878
:10A9E000CE30FF2B07D134A86946FFF7A9FF10B17D
:10A9F0006846FFF7DBFF0021D02268460EF07AF8A8
:10AA000034A80021D0220EF075F868B010BDFFFF09
:10AA100010B500230A4A182101FB03210C7C4CB914
:10AA200001230B74074B08601A680023C1E9022355
:10AA3000204603E00133092BECD1FF2040B210BDCA
:10AA400050E0FF1FCCE2FF1F10B5002318210A4C75
:10AA500059430A59824209D1084B1A6821440023FC
:10AA6000C1E9022301230B74002003E00133092B09
:10AA7000ECD1FF2040B210BD50E0FF1FCCE2FF1F21
:10AA800010B50023182207495A435458844203D171
:10AA90000A440020107403E00133092BF2D1FF2097
:10AAA00040B210BD50E0FF1F044A00231380044A47
:10AAB0001360044A1360044A1360704744E0FF1FA8
:10AAC00040E0FF1F9CE1FF1F98E1FF1F044B188827
:10AAD00028B1044B1B68834214BF01200220704739
:10AAE00044E0FF1F40E0FF1FF8B5044617460E463E
:10AAF00009B1002536E0C3687BB903696BB9211D34
:10AB0000042215300DF0DBFF2378E2686376238999
:10AB1000E376190A0732A176E260E268002A3EDD98
:10AB2000A01815300021C2F140020DF0E3FF04F13E
:10AB30001500BDE8F840FCF7FBBAE368ABB1E1688B
:10AB40004B1CE3602144725D4A752269402B02F17F
:10AB50000102226105D104F11500FCF7E9FA002396
:10AB6000E3600135BD42E8DB19E0042204F1150081
:10AB7000211D0DF0A4FFE3681A1DE26022693AB9B5
:10AB8000227862762289E276110AA176073304E000
:10AB9000217D61764A1C22750533E360CFE7F8BD5D
:10ABA00010B598B004468DF8071002A8002158226D
:10ABB0000DF0A0FFBF23012202A80DF107018DF8BF
:10ABC0000830ADF810200394FFF78EFF002102A893
:10ABD0000A46FFF789FF18B010BDFFFF024B0022A5
:10ABE0001A60FFF761BF00BFA0E1FF1F38B5134C2B
:10ABF00004F1F005237AEBB1114BD4E900011A6896
:10AC00000023121A63EB010340F2ED200021994268
:10AC100008BF90420ED254F8080C0521FFF7C0FF80
:10AC2000084A00232372126854F8083C934201D169
:10AC3000FFF73AFF1834AC42DCD138BD58E0FF1FB3
:10AC4000CCE2FF1F98E1FF1F00B599B000218DF8FD
:10AC50000700582202A80DF04DFF0B4B1B68039311
:10AC60000122BB2302A80DF107018DF80830ADF8D1
:10AC70001020FFF739FF002102A80A46FFF734FF32
:10AC800019B05DF804FB00BF98E1FF1F38B514460A
:10AC90000846FEF7BBFD2378E02B0FD0E12B27D130
:10ACA000144904222281002520460A704D708D70BF
:10ACB000CD70FFF719FF2046294614E00D4B1B7895
:10ACC00003B93923238122890A4800210DF012FF9C
:10ACD00021890848FCF704FB204606492289FFF732
:10ACE00003FF204600210A46FFF7FEFE012038BD83
:10ACF000002038BD1C9CFF1F2DE9F0470279056834
:10AD0000ADF5805D862A86B006465FD142798379AB
:10AD100043EA0223082B03D003260024374699E098
:10AD2000002D7ED0FFF75AFF3468601C0ED1A14B76
:10AD30001F680137791E033107F1010201D9174657
:10AD4000F8E738461F60FFF763FE0FE000239A4ADA
:10AD50009A58A24206D01833D82BF8D12046FFF7D4
:10AD600057FE02E02046FFF76FFE274601305AD01B
:10AD700005A8002158220DF0BDFE4FF011088623D2
:10AD8000F11D6846082206948DF81430ADF81C8039
:10AD90000DF095FE022300248DF80C3005A8052344
:10ADA000694642468DF8103002978DF80D408DF8B7
:10ADB0000E408DF80F40FFF797FE05A8214622466A
:10ADC000FFF792FE3846FFF75BFE41E0691C2CD08E
:10ADD000002379495858A8420C460AD01833D82B7A
:10ADE000F7D1130605D5FFF771FE10B92846FFF716
:10ADF0000FFE37680023E258BA4203D01833D82B2D
:10AE0000F9D107E0FFF762FE012819D16B4B1B68EF
:10AE10009F4210D096F90430002B4FF0000417DA4F
:10AE200006E02C4602E0002402E000240B2600E0AD
:10AE3000062603270EE096F90430002BC0F2E880C6
:10AE400033791A0600F1E780002840F0D2800446EA
:10AE500026460427DFF870810021404658220DF075
:10AE600049FE042FC8F8045088F8006077D0032FFB
:10AE700009D12846FFF704FE042E01D1FFF714FE86
:10AE80002846314669E0012F06D14D4B4D491A68DD
:10AE90000023C1E9002362E0A6F18103102B7FD8D3
:10AEA000DFE803F00C7E527E7E097E147E7E7E7E7D
:10AEB0007E7E7E1C840001200DF0A8FD424843499F
:10AEC000A8F808402246FFF70FFE01E0FCF73CF926
:10AED00000213D480A46FFF707FE7FE0002C34D0F2
:10AEE000DFF8EC9099F80070002F34D14FF0010A90
:10AEF00005A889F800A0FEF789FC214605AA334879
:10AF0000FFF7BAF80DF580521632138800905344BB
:10AF1000A8F808302C48C8F80450902369465246D7
:10AF200088F80030FFF7E0FD0DF580531633264812
:10AF30001A8805A9FFF7D8FD234839463A46FFF796
:10AF4000D3FD89F8007049E014B92846032104E0D4
:10AF50001F4F3C782CB128460621FFF721FE002028
:10AF60009AE0012305A80DF118093B70FEF74EFC8D
:10AF7000164805A9FCF72CFCB9F8FE2F1248A8F8D2
:10AF80000820832305A988F80030C8F80450FFF78B
:10AF9000ABFD0D4821462246FFF7A6FD3C701DE0A3
:10AFA000204605A9084AFFF771FE98B1084B002218
:10AFB0001A7013E0F08CFF1F50E0FF1F98E1FF1F95
:10AFC000CCE2FF1F38E0FF1F40E1FF1F1C9CFF1F6A
:10AFD00034E0FF1F28460121FFF7E2FD2846FFF776
:10AFE0004FFDFFF761FD2F4B1B78002BB7D130468B
:10AFF00052E02D4A126897423ED12C4A2C49B2F8B1
:10B0000000800A682B4F01329A423C680A6020D0C7
:10B01000002404260DE77179B27942EA012241F653
:10B02000B9518A423FF778AE2049234892B20A804C
:10B0300022490B601C4B382A1F601E4B88BF3922E7
:10B040001A601B4B4FF0FF311960F11D0DF037FDF9
:10B0500014E0C4EB080218483B2A06F1050120441D
:10B0600004DC0DF02CFDC7F8008007E03B223B34E8
:10B070000DF025FD3C6001E00024E9E63068FFF7B3
:10B08000E3FC00287FF417AF084B1C880B4B1E789D
:10B09000FFF71CFD0746DDE60DF5805D06B0BDE857
:10B0A000F08700BF34E0FF1F98E1FF1F44E0FF1F5F
:10B0B0009CE1FF1F40E0FF1F1C9CFF1F48E0FF1F9B
:10B0C000172908B509DD0649042204300DF0E8FC13
:10B0D000D0F1010038BF002008BD002008BD00BF2E
:10B0E0003ACF0200034B1860034B00221A80034B37
:10B0F00019807047A8E1FF1FA4E1FF1FA6E1FF1F11
:10B1000038B50A4C238802460D4658180849098864
:10B11000884209DC07490868114618442A460DF0A0
:10B12000CEFC23881D44258038BD00BFA4E1FF1F4D
:10B13000A6E1FF1FA8E1FF1F2DE9F0471D46ADF571
:10B14000047D01238DF807302B78103B0024012B60
:10B150000F4616468DF806401BD82046FCF720F80F
:10B1600082462046FCF71CF881462046FCF718F87A
:10B1700080462046FCF714F84FEA0A6A4AEA106053
:10B1800009F47F4940EA092A08F47F084AEA1823AB
:10B1900001E04FF0206301210DF107000293FCF75D
:10B1A00035F9042102A8FCF731F901210DF106005F
:10B1B000FCF72CF93346384603A92A46FAF79CFED9
:10B1C0001B4B8DF806001C8840F20123601C98423E
:10B1D0000CD83E2C06DD03AB18440021C4F50072E8
:10B1E0000DF088FC03A82146FCF710F99DF9063004
:10B1F000C3B1FCF729F901210DF10700FCF706F9AD
:10B20000042102A8FCF702F9002103A840F2012260
:10B210000DF070FC9DF806308DF80C3003A8482125
:10B22000FCF7F4F803480DF5047DBDE8F08700BF96
:10B23000A6E1FF1F0090FFFF38B50B780F49422BA6
:10B240000546144600F104004FF0040209D10DF048
:10B2500027FC88B942F21513094D0A4AEB5C611CC0
:10B2600005E00DF01DFC38B9611C2A464623FAF7AB
:10B2700043FE2070012038BD002038BD3ACF0200C7
:10B2800094BCFF1FA9DCFF1F70B54378022B0D464D
:10B290001DD1837891F8406001F14104072B2046CD
:10B2A000314608D1FFF70CFF002846F6851008BF8D
:10B2B0004FF4D54070BDFFF703FF78B1284605F184
:10B2C000200132462346BDE87040FFF735BF032B0F
:10B2D00007D14AB9BDE87040FCF770B94FF4D540CA
:10B2E00070BD4FF4DA4070BD4FF4CE4070BD00F039
:10B2F000DF00402803D0803818BF012070470020AD
:10B3000070470120704782B00388ADF80630BDF861
:10B31000060040BA80B202B0704700F0F5BBFF23D0
:10B320000168426870B583730B689A42044602D183
:10B3300040F2011070BD137803F0E00503F01F0325
:10B3400085731B2B4FF00000E073A38117D91F2BCF
:10B3500007D040F2051340F20310E02D18BF184645
:10B3600070BD2846FFF7C3FF10B90423E37370BD17
:10B37000E02D40F2051008BF4FF4817070BD172B0F
:10B3800004D9A3F11800012606FA00F0096801307B
:10B39000891A8842CCD86D09012D04D10221E173AC
:10B3A0000021A1731DE0072D1BD1143B072B2AD8C8
:10B3B000DFE803F0040B0B0B0E0B0909F52300204B
:10B3C000A373A08170BD0123E3731378A3731AE004
:10B3D0005378A3811F2B16D8FF23A3734FF48370D8
:10B3E00070BD172B0FD9182B02D15378A3810AE017
:10B3F000192B04D1501CFFF786FFA08103E0E37BEB
:10B4000043F00103E373002070BD8268531C07D131
:10B4100090E80A0009688B4202D01978FF2901D010
:10B42000FFF77DBF013343600023827383601846BA
:10B43000704783685A1C05D0827BC02A02D0013B2A
:10B4400083600BB1FFF7E1BFFF228273184670479C
:10B4500008B50DF025FBD0F1010038BF002008BD74
:10B460002DE9F341164602681346074613F8010B0F
:10B470003B6000F01F00172804D8C0B20021C6E9C5
:10B4800000012DE01B282DD818384FF0010808FACC
:10B4900000F8C91A884528D8B8F1010F01D15478AD
:10B4A00011E0B8F1020F07D11846FFF72CFF002179
:10B4B00080B2C6E9000110E0B8F1040F05D11868A8
:10B4C0000090009C24BA002505E0186859686A4677
:10B4D00003C20CBA05BAC6E900453B6843443B6069
:10B4E000002004E040F2051001E040F2011002B03B
:10B4F000BDE8F08113B503680446196804306A4654
:10B50000FFF7AEFFA37B03F0DF03402B04D1DDE99F
:10B51000002361680A4462602046FFF78AFF02B098
:10B5200010BD2DE9F0439046C27B12F0020F894610
:10B5300085B0034602F0040101D039B913E029B106
:10B54000416842F0020201314160C27393E8060093
:10B5500009688A4202D140F201103EE01078FF28CB
:10B560000AD101325A600022C9F800201846C8F8F2
:10B570000020FFF75EFF30E09A7B00F0E00082429F
:10B5800018BF4FF4827028D1181D02AA0193FFF74B
:10B5900067FF019B18B10023C8F800301DE0DDE90A
:10B5A000024500272646BD4208BFB442C8F8004005
:10B5B00002D04FF4806010E01C6859682468D8F805
:10B5C0000020641AA242C6D8C9F8001059680A447B
:10B5D0005A60DA7B42F00202DA7305B0BDE8F0830C
:10B5E0002DE9F04786B089460E9DDDF83C80174670
:10B5F0001E4605B902AD0FC885E80F000123337060
:10B6000000242846694601AAFFF78BFF58BB009922
:10B61000B9B1019A14EB020A10D2337853B13B68E6
:10B62000534507D309EB0400C047003018BF012081
:10B63000307001E0002333705446E2E74FF480603D
:10B6400011E033786BB13B68A3420AD98DF804103E
:10B6500009EB040001A90122C047003018BF0120F6
:10B6600030703C60002006B0BDE8F087436813F8F6
:10B67000012BD20782B005D41868009000980021F1
:10B6800000BA06E0596818686A4603C2009B08BA07
:10B6900019BA02B070472DE9F041064688461746B0
:10B6A0001846002108221D46069C0DF023FA06EBE1
:10B6B000080385E88800012384E86000A360204631
:10B6C000BDE8F041FFF72BBE836800B51BB15DF804
:10B6D00004EBFFF70FBF03205DF804FB10B5044631
:10B6E000A37BC02B05D12046FFF7EEFF0028F7D043
:10B6F00000E0002010BDF7B507460E460FC886E8EB
:10B700000F00FB7B5B0705D54FF0FF330131B360C2
:10B71000716026E003466A461968301DFFF7A0FEF7
:10B72000DDE9004500232246AB4208BFA242B460D7
:10B7300004D1002B08BFB2F1FF3F04D17B687360D6
:10B740004FF4806010E0B17BA02903D1002CF5DB21
:10B750006100B16052EA030103D1FF23B3730020FB
:10B7600002E03046FFF751FE03B0F0BD4B68436086
:10B77000FFF75FBE70B5C37BDB0704460D4602D5FD
:10B78000FFF774FF01E080890021E47B04F00204EC
:10B790006FF0004200233CB18B4208BF824207D3C6
:10B7A000C0432860002070BD8B4208BF8242F8D29F
:10B7B0004FF4806070BDFFFF30B50B4C0B4D85B072
:10B7C000002908BF2C468DE818000DF10F03FFF784
:10B7D00007FF30B99DF80F30002B0CBF4FF0004031
:10B7E000002005B030BD00BF1BB3010003B3010052
:10B7F0007FB5867B044630460D46FFF778FD18B1CD
:10B800002046FFF777FE25E006F0DF01B1F1800367
:10B810005942594151B904AA4FF0FF3342F8103D43
:10B8200020466A462346FFF7C7FF13E085B120464E
:10B830006946FFF760FF68B9029B23B16846691E3D
:10B84000FFF7D6FFF7E720466946FFF78FFF01E0D5
:10B8500040F2014004B070BD83681BB14FF48061B9
:10B86000FFF7C6BF032070474FF0FF330B600A4657
:10B8700000210B46FFF7A0BFF0B5074685B008468C
:10B880000D4614460DF0A5FB214606463846FFF747
:10B8900032FF60BBA36833B32046FFF71FFF30BB06
:10B8A000A37B602B13D104AA134B42F8046D2046EE
:10B8B0000193009429460DF10B03FFF791FEB0B9F7
:10B8C0009DF80B303BB12046FFF729FD11E02046E3
:10B8D000FFF7C2FF58B92046FFF700FF38B92046EE
:10B8E000FFF7BAFFD5E7FF22A273184601E0FF2356
:10B8F000A37305B0F0BD00BF51B4010070B504469C
:10B9000009C81E1AB61A002E15460BDA23B1C01A42
:10B91000002305446360236023681D4425604FF0C5
:10B92000004070BD00F0F0F823681D442560002041
:10B9300070BD7FB5002B08BF182A1CBA15BA9DF838
:10B940002060CDE902450DF10F0105D29DF80F30C1
:10B950001E448DF80F6015E0002B08BFB2F5807F04
:10B9600016D3002B08BFB2F5803F13D3012B08BFBD
:10B97000002A2CBF0323022301229A40891A183679
:10B9800033440B7004AB5A1AFFF7B8FF04B070BD14
:10B990000023F1E70123EFE710B581689DF8084027
:10B9A00009B1013981600294BDE81040FFF7C1BFC1
:10B9B0001FB5044608462168016061684160A168BE
:10B9C00009B10139A16003F02001541CC9B2B2F1E0
:10B9D000FF3F8460C1600AD141F00401C16004A945
:10B9E0001F3301F8013D0122FFF788FF06E009B18E
:10B9F0001444846000930023FFF79BFF04B010BD44
:10BA00000A444260022201608260C360704707B549
:10BA100000210091FFF7C0FF03B05DF804FB37B5CC
:10BA2000DC1704F02001009162406340FFF7B4FF8F
:10BA300003B030BDA1F11903062B07B506D9E023E9
:10BA40000093CAB20023FFF7A7FF01E04FF4837011
:10BA500003B05DF804FB73B54023144600932246FF
:10BA6000002305460E46FFF797FF2846314622463B
:10BA700002B0BDE87040FFF741BF73B560231446C4
:10BA800000932246002305460E46FFF785FF284611
:10BA90003146224602B0BDE87040FFF72FBF802339
:10BAA000FFF786BF064B10B502F100449C4204D953
:10BAB000A023BDE81040FFF77BBF4FF4806010BDAE
:10BAC000FEFFFF7F07B50B680360CA684B684360E1
:10BAD000520707D502A9FF2301F8013D0122FFF714
:10BAE0000DFF0EE08A68012A06D0002A40F20130DC
:10BAF00008BF4FF4407004E0002B14BF00204FF04B
:10BB0000004003B05DF804FB844641EA000313F0F3
:10BB100003036DD1403A41D351F8043B40F8043B54
:10BB200051F8043B40F8043B51F8043B40F8043B17
:10BB300051F8043B40F8043B51F8043B40F8043B07
:10BB400051F8043B40F8043B51F8043B40F8043BF7
:10BB500051F8043B40F8043B51F8043B40F8043BE7
:10BB600051F8043B40F8043B51F8043B40F8043BD7
:10BB700051F8043B40F8043B51F8043B40F8043BC7
:10BB800051F8043B40F8043B51F8043B40F8043BB7
:10BB900051F8043B40F8043B403ABDD2303211D357
:10BBA00051F8043B40F8043B51F8043B40F8043B97
:10BBB00051F8043B40F8043B51F8043B40F8043B87
:10BBC000103AEDD20C3205D351F8043B40F8043B57
:10BBD000043AF9D2043208D0D2071CBF11F8013B55
:10BBE00000F8013B01D30B8803806046704700BF1B
:10BBF000082A13D38B078DD010F003038AD0C3F12A
:10BC00000403D21ADB071CBF11F8013B00F8013B0B
:10BC100080D331F8023B20F8023B7BE7043AD9D3CA
:10BC2000013A11F8013B00F8013BF9D20B7803709F
:10BC30004B7843708B78837060467047F0B50C4B3F
:10BC40000C4C1A7842F0020504EBC50682F00102A2
:10BC5000706009481A700678002E0CBF8827C82724
:10BC600086F0010647EA0141067044F83510F0BD40
:10BC700030E2FF1F0080FF1FC9E2FF1F2DE9F041E6
:10BC80003E4C04F1E0062546236A1B0603D5606A94
:10BC900008380AF07BFC0834B442F5D1002426466B
:10BCA000374FE05928B1D0F804800AF06FFC4046C5
:10BCB000F8E73851334B344FE050E05928B1D0F811
:10BCC00004800AF063FC4046F8E7304B3851E050FE
:10BCD0002F4B23F816002F4BF25C023A032A07D8A9
:10BCE000DFE802F002040204002200E001229A557B
:10BCF0000136072E04F10404D2D1274F00233B70F4
:10BD00000124264A264B2244234412F8012C9B008E
:10BD100012F0080F1A704FEA840621D00AF018FCBE
:10BD200038B105EB4413083058601E4B45F83630E7
:10BD300004E03B7845F8360001333B700AF008FC1C
:10BD400046F0010338B105EBC30208305060164AD3
:10BD500045F8332004E045F833003B7801333B706D
:10BD600046F00202013446F003060023082C45F891
:10BD7000323045F83630C4D1BDE8F0810080FF1F75
:10BD800014E2FF1FB0E1FF1F74E2FF1F94E2FF1FE8
:10BD9000C0E6FF1FCCE1FF1FBFE2FF1F3FCF020045
:10BDA00030C8011088004000C8004000431E062B28
:10BDB00010B510D872B6094A52F8230048B141684C
:10BDC00042F82310064A018832F81340611A22F81B
:10BDD000131062B610BD002010BD00BF14E2FF1F9B
:10BDE000C0E6FF1F013806280AD872B6054B53F883
:10BDF0002030002013B101305B68FBE762B670476A
:10BE00000020704774E2FF1F10B572B60123174A75
:10BE10001A4412F8012C12071CD59900144A52F842
:10BE200031402CB902EB431308305860114B09E044
:10BE300041F0010152F8314064B902EBC10308300E
:10BE400058600D4B42F831300C4B1A78013A1A7099
:10BE500062B610BD0133082BD9D162B6074B002260
:10BE60001A70BDE810400AF091BB00BF3FCF02003E
:10BE70000080FF1F88004000C8004000BFE2FF1F95
:10BE8000431E062B30B532D8194A400140F010004D
:10BE9000104472B6174CE25C032A09D8DFE802F0BE
:10BEA000160218050830022213E00830042210E0C0
:10BEB0001148124A50F8234014B940F8231002E008
:10BEC00052F82300416042F823100FE0032200E003
:10BED0000522E25410F0080F01F108030A884360BC
:10BEE0000CBF8823C82343EA0243036062B630BD17
:10BEF0000080FF1FCCE1FF1F74E2FF1F94E2FF1FD1
:10BF00002DE9F047AB4E3478E4B214F0040F354617
:10BF100019D0A94B1B78A3B1A84A117801F0FF03EF
:10BF200021B1013BDBB2137003B900BEA44A117802
:10BF300001F0FF0329B1013BDBB213700BB90AF02A
:10BF40007FFA0423337004F0080303F0FF02002B90
:10BF500000F094839B4B9C4C1A78D2B215094FEA9F
:10BF6000920740F0108354F8372004EBC703C2F364
:10BF70008302013A5B680C2A00F20283DFE812F0C8
:10BF800058028C02000300030003000300030003B7
:10BF9000DC020003000300030D001A688B4D5B6890
:10BFA0002A6012066B6013D4EB888BB1884B87F044
:10BFB000010707F001071F70864B44F8373087F000
:10BFC0000107403B44F83730834B01221A7002E0EE
:10BFD000804B44F83730814A814F7C4901201070F2
:10BFE0002A8840F2816C002362453B602361A36193
:10BFF0001ED8B2F5D06F80F03081B2F5817F00F0AD
:10C00000098106D8802A00F0C180822A00F0C2800F
:10C01000DDE140F20230824200F00D81B2F5A06F06
:10C0200000F0D98140F2A1118A4200F03A81CEE1BC
:10C0300040F6211C624500F02A810ED8B2F5086F47
:10C0400000F09E80B2F5106F40F0C1815A4B5E4FF8
:10C050008A781A7007F1E0080AE040F621239A4234
:10C0600000F0B98140F621339A4200F0B481AEE18C
:10C070003B6A1B0603D5786A08380AF087FA083746
:10C080004745F5D10027B846DFF8809157F80900F9
:10C0900028B1D0F804A00AF079FA5046F8E749F838
:10C0A0000700504BDFF86891F85057F8090028B1A5
:10C0B000D0F804A00AF06AFA5046F8E74A4B49F86B
:10C0C0000700F850494B23F81800494B18F8032093
:10C0D000023A032A08D8DFE802F002040204002230
:10C0E00000E0012203F8082008F10108B8F1070F69
:10C0F00007F10407C8D13F4B00221A700127994667
:10C100003D4A3E4B3A443B4412F8012C9B0012F04E
:10C11000080F1A704FEA870825D00AF019FA38B1CB
:10C1200004EB471308305860354B44F8383006E0CC
:10C1300099F8003044F83800013389F800300AF0EB
:10C1400007FA48F0010338B104EBC302083050602D
:10C15000204A44F8332006E044F8330099F80030D0
:10C16000013389F8003048F00202013748F0030833
:10C170000023082F44F8323044F83830C0D12AE187
:10C180000D4B204C1B78237003462AE11D4C237075
:10C19000637023E18A88072A00F21981194C920002
:10C1A00023706370184B9B5C9F0740F117812070D0
:10C1B00014E100BF80200740C8E2FF1F31E2FF1FEB
:10C1C000E0E4FF1F902007400080FF1FB0E2FF1F48
:10C1D000BEE2FF1FC8004000B8E2FF1FC9E2FF1F18
:10C1E00090E2FF1FB0E1FF1F94E2FF1FC0E6FF1FB8
:10C1F000CCE1FF1FBFE2FF1F3FCF020030C801109C
:10C2000088004000C0E2FF1FC020074014E2FF1F6B
:10C2100074E2FF1F8A8802F07F02072A00F3D780AA
:10C220004B88002B40F0D3809100A14A0A4411783A
:10C2300021F002010FE08A8802F07F02072A00F352
:10C24000C6804B88002B40F0C2809100984A0A4477
:10C25000117841F002011170BEE04A88954B89883F
:10C2600053F8084CA3F10C00002C00F0B08033F818
:10C270000C7C974209D133F80A7C8F4205D1120A0F
:10C28000032A0CBF23780389ABE00C33E8E7CA88A4
:10C29000002A00F0A080884A3A60884A082111806C
:10C2A0009AE08549C879A0F18002D4B2092C8E4663
:10C2B0000FD8C2EBC202824C1EF803701444E7543C
:10C2C0000133072BF7D100F17F03DBB2072B02D933
:10C2D00021E08F28F7D17B4B7B4C02225A709A7059
:10C2E0000322DA705A71794A247812789A718F2869
:10C2F0004FF000021C71DA711A7204D00023CB7166
:10C30000704C08236DE013466D4A002098540133A9
:10C31000502BF9D1F2E74C78674B6A4A102C16D1B2
:10C320009F786B2F13D1DF785B2F10D1BF219170D5
:10C330009121D170ED21117145215171C020002151
:10C340005470D9719171D0710823144649E0D379A2
:10C350005C4CA02B30D9237A5948432B01D0A92B10
:10C3600013D10223537093700323D3705371574B2F
:10C3700055481B78937100230078D37113728F2373
:10C38000CB71107108234E4C2BE03BB10133DBB273
:10C39000237203F00F0300EBC30421E090F84F3049
:10C3A000C92B01D1A02303E0C37FC32B18D14023A5
:10C3B00023720823044614E0892811D1A37903F0DD
:10C3C000FD03052B0CD10123E0710B7208E0384B03
:10C3D0000F221A7029E000231C4602E0022300E02D
:10C3E0000823EF88BB4238BF1F46402F34BF3D466D
:10C3F000402520462946FFF721FC7F1B2C4403D112
:10C40000402D12D13D4603E0402F34BF3D4640252C
:10C4100020462946FFF712FC7F1B2C4401D1402DFA
:10C4200003D12B4B2B4A1C60178001222A4BA6E01C
:10C430002A4D286800287BD0294F3A7804EBC203A4
:10C4400054F83210D3F80480C1F3074100235FFA97
:10C4500083FC614505D018F803C000F803C0013320
:10C46000F5E7204BDFF88C8093F800C0DFF8889068
:10C47000BCF1000F08BFC8468CF0010C83F800C067
:10C480000E4B44F8328082F001023A701A88084458
:10C49000511A2860198073E0134A144811688142C8
:10C4A0002CD15268B2F5803F42D11A78104B3AE055
:10C4B000C020074054CF02005DBAFF1FBCE2FF1F3F
:10C4C00071BBFF1FAC8CFF1FB58CFF1FB68CFF1F0D
:10C4D000ACE1FF1FBAE2FF1F9420074090E2FF1F6C
:10C4E000BEE2FF1FB8E2FF1FB0E2FF1F21090002FA
:10C4F000D0E4FF1FC8004000880040007B48814214
:10C5000016D151687A4A914212D11A78A92A0FD1CC
:10C510005A78452A0CD19A78C22A09D1DB786B2B3C
:10C5200006D1744B052200201A700146FFF786FBE6
:10C53000714B44F8373023E0704F3D68B5B1DFF8F8
:10C540000482B8F80090B9F1400F34BF4C46402443
:10C5500028462146FFF772FBC4EB09039BB2A8F8FB
:10C5600000300BB9402C00D12B193B60644B1A886A
:10C57000B2F5A06F04D100225A709A78614B1A70FC
:10C580000122614B6DE0B84604EBC707013D7B68B3
:10C5900002F00802A3F10800EDB202F0FF01002A48
:10C5A00036D009F0F3FF5948594B50F82520EAB12D
:10C5B000516840F8251002F108017960595D03299E
:10C5C0000BD8DFE801F002040608032104E0022191
:10C5D00002E0052100E00421595517F0080F1288E8
:10C5E0000CBF8823C82343EA024342E05A5D032A72
:10C5F00007D8DFE802F040400204002206E00122F2
:10C6000004E017F0080F0CBF022203225A5532E053
:10C6100054F83820120C23F8082C22B3DFF828E154
:10C6200023F8061C43F8041C5EF82530394913B979
:10C630004EF8250002E051F825305860364B41F89D
:10C64000250033F815100A4423F8152009F080FF5F
:10C6500010B10830786006E0304B44F838001A78A2
:10C6600001321A7007E0244B2D4A17F0080F08BF5B
:10C67000134644F838300823337043E4E0071FD5ED
:10C6800021492748274C02230B70274B1A70274B50
:10C69000186098602648D8601A619A615C60254BE2
:10C6A0000D2018702448FF2303702B700274234A56
:10C6B0001370234B9F221A7001230B70BDE8F08783
:10C6C000210604D51B4B0D221A7080232B70A20764
:10C6D00005D5194B1A78D2B21A7002232B70E306D3
:10C6E00044BF10232B70BDE8F08700BF2109000371
:10C6F0000300040031E2FF1FC8004000ACE1FF1F4F
:10C70000B0E2FF1F982007409420074074E2FF1F0B
:10C71000CCE1FF1FB0E1FF1FC0E6FF1FBFE2FF1F1C
:10C7200088004000D4E1FF1F30E2FF1F0080FF1FA0
:10C7300034E2FF1FC0200740882007408C200740BC
:10C7400084200740BAE2FF1F14E2FF1F08B500F083
:10C750003DF800221A4B0021D15098180832E82ADF
:10C760004160F7D1174A106840F48020106002F54C
:10C7700028326832C3F307201070C3F307401B0E42
:10C7800010751376FF2302F81C3C02F8143C02F8E3
:10C790008C3C012302F8083C82F8641002F8183C33
:10C7A000094B70226FF450711A700B444FF40072F1
:10C7B0001A6003F1C04303F5C82310221A7008BDA4
:10C7C0000080FF1F3480044049E400E01FB501AC45
:10C7D000094821460A2209F015FA0023E15C074ABC
:10C7E00029B102EB430001330A2B4180F6D101331A
:10C7F0005B00137004B010BD00CA9A3B668EFF1F29
:10C80000044B054900221A600A60044A1060102295
:10C810001A60704714D0034004D0034000D0034096
:10C82000212810B518D80D4A52F8303093F88042BC
:10C830003CB1012211B183F8802010BD83F80021A2
:10C8400010BD02EBC00043681A6811B142F0030248
:10C8500001E022F002021A6010BD00BF14D00200F5
:10C86000212806D8044B53F8303093F80002C0B2A8
:10C8700070470020704700BF14D00200212816D84E
:10C880000B4A02EBC00301295B6852F8302004D147
:10C8900082F880124FF4A27208E0002082F8800231
:10C8A00011B94FF4807201E040F203121A60704730
:10C8B00014D00200282838B5604A04460B4611D12E
:10C8C00012780B2A04D8C2F10C0201FA02F304E038
:10C8D0000C2A1CBF0C3A41FA02F31846BDE8384056
:10C8E00009F0DEBF11780125002B05FA01F2D8BF4F
:10C8F000002102DD934205D32946FFF791FF204630
:10C90000294697E00338C2B2012A01D84C4A06E012
:10C91000202C01D0192C01D14A4A00E04A4A126861
:10C9200002FB0332CA401D287BD8DFE800F0575FC6
:10C930004E337A7A212A7A7A7A7A7A7A7A7A7A3CB1
:10C94000450F187A707A7A7A7A7A7A673F4B1A604A
:10C9500003F5973340F2444203F5FA735FE03C4B32
:10C960001A6003F5973340F2444203F5F87356E03A
:10C97000384B1A6003F5973340F2444203F5F673DF
:10C980004DE0354B1A6003F5973340F2444203F50E
:10C99000F47344E0314B1A6003F59F3340F2444294
:10C9A00003F5F0733BE02E4B1A6003F59F3340F222
:10C9B000444203F5EE7332E02A4B1A6003F59F33CD
:10C9C00040F2444203F5EC7329E0274B1A6003F56B
:10C9D0009F3340F2444203F5EA7320E0234B1A6090
:10C9E00003F580334FF45172203318E0204B1A6066
:10C9F00003F580334FF451721C3310E01D4B1A6065
:10CA0000A3F5DB234FF45172A3F5F96307E01A4B4A
:10CA10001A60A3F5DB234FF45172A3F2CC731A60B2
:10CA200038BD7F2B2046D4BF00210121FFF7F8FE3F
:10CA300020460121BDE83840FFF720BF7C8EFF1F54
:10CA40000890034008800B4008800340108003409A
:10CA5000188003402080034028800340308003403A
:10CA600038800340408003404880034010900340DA
:10CA70001890034010800B4018800B4072B60C4B8E
:10CA80000C491A680C4B1B68096862B6490102D54B
:10CA9000322A88BF0133C2F58C32482102F23F129C
:10CAA000B2FBF1F24FF47A7000FB0320704700BF35
:10CAB00018E000E004ED00E0CCE2FF1F38B50446CA
:10CAC000FFF7DCFF054624B938BD013C0AD005F567
:10CAD0007A75FFF7D3FF401BB0F57A7FF5D209F0E6
:10CAE000CDFFF6E738BDFFFF1F4B4FF4000210B536
:10CAF0001A604FF080721A604FF000721A604FF0A7
:10CB000080621A604FF000621A60184B184A194C84
:10CB1000002048F6FF711860596028231360936065
:10CB2000136193611362936213639363092222601A
:10CB300004F58054043420606160A360236144F8EC
:10CB4000042C04F5FE2420600B4801600B490B60A7
:10CB50008B600B4B1A6009F0ADFDFA20FFF7AEFFBA
:10CB6000BDE81040FFF7F2BD08E100E0048003409B
:10CB70000C8003400080034008800B400C800B4079
:10CB800000800B40764B77487749DFF8A4C200223B
:10CB90002DE9F04F1A80754B754D1A80754B2A8020
:10CBA0001A80754B754D1A80754B2A801A80754B0B
:10CBB000754D1A80754B2A801A80754B754D1A80F9
:10CBC000754B2A801A80754B754D1A80754B764CC3
:10CBD0001A80764BDFF85C821A80754B754F1A808D
:10CBE000754B764E1A80764BDFF84C921A80754B57
:10CBF000DFF848B21A80744BDFF844A21A80734BF6
:10CC00002A8002800A80ACF800202280A8F8002048
:10CC10003A803280A9F80020ABF80020AAF8002062
:10CC20001A806B4B6B4D1A806B4B2A801A806B4BB2
:10CC30001A806B4B1A806B4B1A806B4B1A806B4BB4
:10CC40001A806B4B1A806B4B1A806B4B1A806B4BA4
:10CC50001A806B4B1A806B4B1A806B4B1A806B4B94
:10CC60001A806B4B1A806B4B1A806B4B1A806B4B84
:10CC70001A806B4B1A806B4B1A806B4B1B781C2BEA
:10CC8000ADF5357D02D0012B00F21D82354C4022DE
:10CC90002280664A7F211C2B4FF000031180B39342
:10CCA000B293B1930193B093AF93AE93AD930C93C2
:10CCB000AC93AB93AA93A993A8930B93A793A69332
:10CCC000A5930A93A493A393A293A193A0939F9354
:10CCD0009E9309939D939C939B939A931E4699933D
:10CCE0001F469893979396939593949393939293C7
:10CCF000919390938F938E938D938C938B938A9330
:10CD0000899388938793869385938493839382935F
:10CD1000819380937F9308937E9300937D937C937C
:10CD20007B937A939C46079398461C461D46069330
:10CD3000799378930593779376937593749373931C
:10CD400072937193994670936F936E936D936C93F6
:10CD50006B936A9304936993689307F0518671E02B
:10CD60007CE4FF1FA6E4FF1FA4E3FF1FB8E3FF1F3F
:10CD700084E4FF1FB8E4FF1F86E4FF1FAEE4FF1F3B
:10CD8000ACE3FF1F9CE3FF1F82E4FF1F7EE4FF1F55
:10CD9000BAE3FF1FB0E3FF1FAEE3FF1F9EE4FF1FD8
:10CDA000D6E2FF1F98E3FF1FAAE4FF1FB6E4FF1FB0
:10CDB000BAE4FF1FB2E4FF1FB6E3FF1FB2E3FF1F99
:10CDC000A6E3FF1FA2E3FF1F94E4FF1FA0E3FF1FE2
:10CDD000ACE4FF1FAAE3FF1F88E4FF1F8AE4FF1FE4
:10CDE0008CE4FF1F8EE4FF1F90E4FF1F92E4FF1FFF
:10CDF000BCE4FF1FBEE4FF1F98E4FF1F9AE4FF1F7F
:10CE0000D0E2FF1FD4E2FF1FB4E3FF1F9CE4FF1F2B
:10CE10009AE3FF1FA0E4FF1FA2E4FF1FA4E4FF1F8B
:10CE20009EE3FF1FA8E4FF1FCEE6FF1FB4E4FF1F31
:10CE300096E4FF1FA8E3FF1FB0E4FF1FD2E2FF1F2D
:10CE400080E4FF1F4FF22A0A4FF2750B4FF2700079
:10CE50004FF271014FF26F02CDF89CA1CDF898B15D
:10CE60006590039164924FF21D0A4FF21C0B4FF232
:10CE70001B004FF21A014FF21902CDF88CA1CDF828
:10CE800088B1619060915F924FF2180A4FF2170BD0
:10CE90004FF216004FF215014FF21402CDF878A1AF
:10CEA000CDF874B15C905B915A924FF2130A4FF235
:10CEB000120B4FF211004FF210014FF20F02CDF89A
:10CEC00064A1CDF860B15790569155924FF20E0A79
:10CED0004FF20D0B4FF20C004FF20B014FF20A0212
:10CEE000CDF850A1CDF84CB15290519150924FF2E3
:10CEF000090A4FF2080B4FF207004FF206014FF2FA
:10CF00000502CDF83CA1CDF838B14D904C914B9233
:10CF10004FF2040A4FF2350B4FF26D004FF26301EE
:10CF20004FF23002CDF828A1CDF824B148904FF24D
:10CF3000310A47914FF22F0B46924FF25D004FF2AC
:10CF40005C014FF25B02CDF814A1CDF810B1439013
:10CF5000429141924FF25A0A4FF2590B4FF2580048
:10CF60004FF257014FF25602CDF800A1CDF8FCB0B8
:10CF70003E903D913C924FF2550A4FF2540B4FF2C6
:10CF800053004FF252014FF25102CDF8ECA0CDF810
:10CF9000E8B03990389137924FF2500A4FF24F0B68
:10CFA0004FF24E004FF24D014FF24C02CDF8D8A097
:10CFB000CDF8D4B03490339132924FF24B0A4FF205
:10CFC0004A0B4FF249004FF248014FF24702CDF8A9
:10CFD000C4A0CDF8C0B02F902E912D924FF2460AEA
:10CFE0004FF2450B4FF244004FF25F014FF27802CF
:10CFF000CDF8B0A0CDF8ACB02A90299128924FF28C
:10D00000770A4FF22E0B4FF276004FF233014FF2B8
:10D010007302CDF89CA0CDF898B04FF2260A259067
:10D020004FF2250B249123924FF223014FF222025B
:10D03000CDF888A0CDF884B04FF2210A4FF2200B32
:10D040001F911E924FF21E014FF227024FF2240051
:10D05000CDF874A0CDF870B04FF2380A4FF2370B0C
:10D060001A9119924FF236014FF26E022090CDF8CC
:10D0700060A04FF21F004FF2650ACDF85CB0159129
:10D080004FF2660B4FF2340114924FF264021B9080
:10D09000CDF808A04FF22D00CDF84CB012911192AE
:10D0A0004FF2620A4FF2610B4FF260014FF27402CD
:10D0B0001690CDF840A04FF26700CDF83CB00E912D
:10D0C0000D9201F09DBC172B40F0A78240230380F6
:10D0D00080230B804FF4E06323804FF400733B8088
:10D0E000D04CD1484FF4407333804FF48063238099
:10D0F0004FF4A0630380CD4BCD4C40F2FF711980FB
:10D100004FF26303A9F800304FF23403ABF800305C
:10D11000C8494FF23503AAF800304FF22C0B4FF2FA
:10D120007503A5F800B00B80C34D4FF27403238044
:10D130004FF2A2032B80C14CC14D42F2AC004EF223
:10D140005C0A20802B804FF21C29CDF8C8A24FF238
:10D1500018304FF293044FF212454FF2920ACDF875
:10D16000CC920190B094AF954EF25609CDF8B4A28E
:10D170004FF212304FF291044FF287054EF2500AEF
:10D180004FF244014FF2980CCDF8B8920C90AC9449
:10D19000AB954FF20C59CDF8A4A24FF28C004FF290
:10D1A0000C344FF208554FF2082AA8F80010CDF8B9
:10D1B000C4C2CDF8A892A8900B944EF24C09A79542
:10D1C0004FF20830CDF894A24FF2B6044FF29D050D
:10D1D0004FF2045ACDF898920A90A494A3954FF276
:10D1E0009A09CDF884A24FF204404EF248044FF25F
:10D1F00084054FF2960ACDF88892A0909F949E9550
:10D200004FF20439CDF874A24FF2D7004FF25C24EC
:10D210004FF2DC054FF2D80ACDF824909C909B94F5
:10D220009A954EF29C09CDF860A24FF258304FF219
:10D23000CF044FF2AE054FF2524ACDF86492979068
:10D24000969495954FF2D309CDF84CA24EF29600E4
:10D250004FF2D2044FF252354FF2C70ACDF8509236
:10D260009290919490954FF2D109CDF838A24FF257
:10D270004C504EF290044FF2CC054FF2485ACDF884
:10D280003C928D908C948B954FF24C39CDF824A222
:10D290004EF28C004FF2C8044FF248354FF2DD0ACF
:10D2A000CDF82892889087944FF2DA008695CDF8D1
:10D2B00010A24FF2D4044FF244454FF2443A4FF2D9
:10D2C000F6098390829481950C46CDF8FCA14FF22B
:10D2D000B8004FF2A5014FF2A4054FF2B00ACDF805
:10D2E000149208904FF2C4097E910095CDF8F0A1F8
:10D2F00015464FF2DE007A9207924FF2B3014FF2D9
:10D3000090024FF2A00ACDF800927B904FF2A30951
:10D3100006917992CDF814A04FF29F004FF2F301DD
:10D320004FF295024FF2860ACDF8F49177904FF2C2
:10D33000B40975917392CDF8BCA14FF2F4004FF28D
:10D34000D6014FF2F1024FF2AD0ACDF8E0916E90A6
:10D350004FF2B1096D916C92CDF8ACA14FF2A100E2
:10D360004FF2E1014FF2C6024FF29E0ACDF8C4918E
:10D3700076957495729570956A9004916992CDF83E
:10D38000A0A14FF22A004FF22C414FF270024FF24F
:10D39000710A679066916592CDF80CA04FF26F000C
:10D3A0004FF21D014FF21C024FF21B0A6490639171
:10D3B0006292CDF884A14FF21A004FF219014FF298
:10D3C00018024FF2170A60905F915E92CDF874A137
:10D3D0004FF216004FF215014FF214024FF2130AEA
:10D3E0005C905B915A92CDF864A14FF212004FF21B
:10D3F00011014FF210024FF20F0A589057915692B6
:10D40000CDF854A14FF20E004FF20D014FF20C0275
:10D410004FF20B0A549053915292CDF844A14FF21F
:10D420000A000FE084E4FF1FB8E3FF1FB4E4FF1F0E
:10D43000B8E4FF1FAEE4FF1F82E4FF1F88E4FF1F74
:10D44000D0E2FF1F4FF209014FF208024FF2070A24
:10D4500050904F914E92CDF834A14FF206004FF20A
:10D4600005014FF204024FF22C3A4C904B914FF2CF
:10D470006D004A924FF22C11CDF824A14FF23002E8
:10D480004FF2310A489047914692CDF814A14FF2DD
:10D490002F004FF25D014FF25C024FF25B0A4490A5
:10D4A00043914292CDF804A14FF25A004FF2590134
:10D4B0004FF258024FF2570A40903F913E92CDF8FA
:10D4C000F4A04FF256004FF255014FF254024FF2C2
:10D4D000530A3C903B913A92CDF8E4A04FF25200AF
:10D4E0004FF251014FF250024FF24F0A38903791EC
:10D4F0003692CDF8D4A04FF24E004FF24D014FF2CC
:10D500004C024FF24B0A349033913292CDF8C4A0C2
:10D510004FF24A004FF249014FF248024FF2470AD8
:10D5200030902F912E92CDF8B4A04FF246004FF2DA
:10D5300045014FF25F024FF2780A2C902B9129920D
:10D540004FF22E014FF276022A94CDF8A0A04FF2AE
:10D55000330A4FF27700269125924FF226014FF2BF
:10D560002502CDF890A04FF2240A279022914FF285
:10D5700073004FF222012192CDF880A04FF22102D8
:10D580004FF2200A23901E914FF223004FF21E010A
:10D590001D92CDF870A04FF227024FF2380A1F906B
:10D5A0001A914FF21F004FF22D011992CDF860A091
:10D5B0004FF236024FF26E0A1B9016914FF237006F
:10D5C0004FF266011592CDF850A04FF22C224FF287
:10D5D000640A179013914FF265004FF262011292A4
:10D5E000CDF844A04FF261024FF2600A0290109110
:10D5F0004FF21C534FF297064FF29C074FF28F0CDD
:10D600004FF2EE084FF2AF094FF267000F92CDF8DC
:10D6100038A04FF22C5107F072BD092B40F029823F
:10D620004023038080230B804FF4E06323804FF47A
:10D6300080633B804FF4A0633380C84BC84C40F2FA
:10D64000FF7119804FF23503A9F800304FF22E0315
:10D65000ABF800304FF26E03AAF80030C14B4FF226
:10D660008800188042F2AC033F2123804FF22C0B3C
:10D67000BD4BACF80010A5F800B04FF21D444FF2BE
:10D6800044054FF2184A4FF2185CA8F80050188071
:10D69000B39413464EF25C09CDF8C4A2CDF804C091
:10D6A0004EF256044FF2125A1646944690464FF2E6
:10D6B0003302CDF8C892B092AE944FF21249CDF831
:10D6C00030A04EF250024FF20C444EF24C0ACDF80C
:10D6D000B492A992A8944FF20C59CDF898A24FF2A7
:10D6E00008424FF208544EF2480ACDF82C90A59209
:10D6F0004FF234094FF20442AF93AC93AB93AA9329
:10D70000A7930A94CDF87CA24FF204544FF25D4ADD
:10D71000CDF884929E9209944FF22D09CDF86CA217
:10D720004FF26F024EF29C044FF2585ACDF87492A9
:10D730009A9299944FF25849CDF85CA24FF2730235
:10D740004EF296044FF2525ACDF86092949292940F
:10D750004FF25249CDF840A24EF290024FF24C44A3
:10D760004EF28C0ACDF844928C928B944FF24C5925
:10D77000CDF820A24FF248424FF248544FF2444AAB
:10D78000CDF82892879286944FF274094FF2445252
:10D79000A493A393A293A0939C939693959393930E
:10D7A0008F938E938D93899385938493CDF800A264
:10D7B0004FF2A00ACDF808927F924FF29009CDF86F
:10D7C00014A04FF29F024FF2600ACDF8E4917792D5
:10D7D0004FF27509CDF8B4A16A904FF2B0024FF242
:10D7E0002A004FF2A70ACDF8D4918393819308932E
:10D7F0007E9300937D937C937B937A930793069318
:10D8000078937693749373937293719370936F93E9
:10D810006E936C936B93049369936893679066928D
:10D82000CDF894A1BF204FF2A4024FF21C0A03903E
:10D830006492CDF88CA14FF21D004FF21B024FF203
:10D840001A0A62906192CDF880A14FF219004FF24E
:10D8500018024FF2170A5F905E92CDF874A14FF252
:10D8600016004FF215024FF2140A5C905B92CDF84D
:10D8700068A14FF213004FF212024FF2110A5990B1
:10D880005892CDF85CA14FF210004FF20F024FF208
:10D890000E0A56905592CDF850A14FF20D004FF25E
:10D8A0000C024FF20B0A53905292CDF844A14FF262
:10D8B0000A004FF209024FF2080A50904F92CDF839
:10D8C00038A14FF207004FF206024FF2050A4D90C1
:10D8D0004C92CDF82CA14FF204004FF22C524FF293
:10D8E000780A4A904992CDF820A14FF22C304FF29D
:10D8F000A6024FF2AD0A47904692CDF814A14FF21E
:10D90000A5004FF25C024FF25D0A44904392CDF8BD
:10D9100008A14FF25B004FF25A024FF2590A4190B0
:10D920004092CDF8FCA04FF258004FF257024FF250
:10D93000560A3E903D92CDF8F0A04FF255004FF2BE
:10D9400054024FF2530A3B903A92CDF8E4A04FF2C2
:10D9500052004FF251024FF2500A07E0B4E4FF1FA9
:10D9600088E4FF1F82E4FF1FD0E2FF1F3890379248
:10D97000CDF8D8A04FF24F004FF24E024FF24D0AB1
:10D9800035903492CDF8CCA04FF24C004FF24B02C0
:10D990004FF24A0A32903192CDF8C0A04FF24900BE
:10D9A0004FF248024FF2470A2F902E92CDF8B4A0C2
:10D9B0004FF246004FF245024FF2940A2C462C904B
:10D9C0002B92CDF8A4A04FF26D007F224FF2670A90
:10D9D00028902792CDF898A04FF276004FF22602B9
:10D9E0004FF2250A2A9425914FF277012490239132
:10D9F0004FF224004FF223012292CDF884A04FF27F
:10DA000022024FF2210A20901F914FF220004FF284
:10DA10001F011E92CDF874A04FF21E024FF2270A8A
:10DA20001C901B914FF264004FF237011A92CDF80F
:10DA300064A04FF238024FF2360A189017914FF255
:10DA400030004FF270011692CDF854A04FF26502EB
:10DA50004FF2710A149002914FF22F071D4699461A
:10DA60004FF266001392CDF848A04FF2630105F023
:10DA700093B90A2B40F091824023038080230B80CE
:10DA80004FF4E06323804FF480733B80CD4CCE484D
:10DA90004FF4007333804FF4806323804FF4A0630E
:10DAA0000380CA4BCA4C40F2FF7119804FF22E031B
:10DAB000ABF800304FF26E03AAF80030C5494FF2C0
:10DAC000E303A9F800304FF22C0B4FF29803A5F8AE
:10DAD00000B00B80C04D4FF2910323804FF28801BC
:10DAE0003F23BE4C2980ACF80030BD4D42F2AC0360
:10DAF000164623804FF21D194EF25C0A4FF218228F
:10DB00004FF233042980CDF8CC92CDF8C8A201920F
:10DB1000B0944FF212554EF256094FF2121A4FF2CC
:10DB200012224FF211544FF244004FF2181CAF95DD
:10DB3000CDF8B892CDF8B4A20C92AC944FF20C454B
:10DB40004EF250094FF20C1A4FF20C224FF20844D9
:10DB5000A8F80000CDF8C4C2AA95CDF8A492CDF8DB
:10DB6000A0A24EF24C054FF208194FF2082AAB96CC
:10DB70000B92A7944FF286024FF2B404A695CDF80B
:10DB80009492CDF828A0A492A3944FF284054FF26A
:10DB900034094FF2045A4EF248024FF20414A2958F
:10DBA000CDF88492CDF880A29F929E944FF20425E6
:10DBB0004FF22D094FF25D1A4FF26F024EF29C04A4
:10DBC0000995CDF87492CDF86CA29A9299944FF27F
:10DBD00058154FF258294FF2D20A4FF273024FF202
:10DBE00052549895CDF85C92CDF858A294929394A3
:10DBF0004EF296054FF252194FF2522A4FF25152FD
:10DC00004FF24C449295CDF84492CDF840A28F92B9
:10DC10008D944EF290054FF24C194FF24C2A4FF270
:10DC200048424EF28C048C95CDF82C92CDF828A267
:10DC300089924FF2C60A9C9695968E9688944FF2DA
:10DC4000C404CDF814A24FF2F40283944FF2441AA4
:10DC500004464FF244204FF248298492CDF800A2A6
:10DC60007F904FF2AD024FF2A00A4FF290004FF2B8
:10DC70004815CDF8189208924FF24459CDF818A0E3
:10DC800079904FF22C124FF2EF0A4FF2E70087958E
:10DC9000CDF804924FF274054FF2E6097892CDF870
:10DCA000D4A174904FF295024FF28B0A4FF28A0082
:10DCB0008295CDF81C904FF2D4054FF2B0097392C3
:10DCC000CDF8C0A16F904FF22C424FF2600A4FF294
:10DCD0009D007C95CDF8D8916E92CDF8B4A14FF20D
:10DCE000A1027E9600967D967B967A96059677960B
:10DCF000729671966C966B906A914FF2E101049165
:10DD000069924FF29E0A4FF22A004FF22C514FF2C5
:10DD1000A602CDF8A0A16790669165924FF2A40A81
:10DD20004FF2A5004FF21C014FF21D02CDF80CA0DE
:10DD30006490639162924FF21B0A4FF21A004FF205
:10DD400019014FF21802CDF884A160905F915E92A4
:10DD50004FF2170A4FF216004FF215014FF214025C
:10DD6000CDF874A15C905B915A924FF2130A4FF276
:10DD700012004FF211014FF21002CDF864A1589039
:10DD8000579156924FF20F0A4FF20E004FF20D01CB
:10DD90004FF20C02CDF854A15490539152924FF28D
:10DDA0000B0A4FF20A004FF209014FF20802CDF8B8
:10DDB00044A150904F914E924FF2070A4FF2060045
:10DDC00010E000BFB8E3FF1F84E4FF1FB4E4FF1FAF
:10DDD000AEE4FF1FB8E4FF1F82E4FF1F88E4FF1FCB
:10DDE000D0E2FF1F4FF205014FF20402CDF834A13B
:10DDF0004C904FF22C2A4B914FF278004A924FF2FE
:10DE00002C314FF2A302CDF824A1489047914692BD
:10DE10004FF2E40A4FF2A2004FF25C014FF25D02B2
:10DE2000CDF814A14490439142924FF25B0A4FF215
:10DE30005A004FF259014FF25802CDF804A1409018
:10DE40003F913E924FF2570A4FF256004FF2550162
:10DE50004FF25402CDF8F4A03C903B913A924FF22D
:10DE6000530A4FF252004FF251014FF25002CDF8D7
:10DE7000E4A03890379136924FF24F0A4FF24E009D
:10DE80004FF24D014FF24C02CDF8D4A034903391B3
:10DE900032924FF24B0A4FF24A004FF249014FF2D1
:10DEA0004802CDF8C4A030902F912E924FF2470A2D
:10DEB0004FF246004FF245014FF28F02CDF8B4A069
:10DEC0002C902B914FF26D0A4FF267012A94299200
:10DED0004FF235024FF27500CDF8A0A026914FF217
:10DEE000760A4FF2260125924FF225022790CDF8AF
:10DEF00090A04FF277004FF2240A229121924FF224
:10DF000022014FF221022390CDF880A04FF223008E
:10DF10004FF2200A1E911D924FF21E014FF227026E
:10DF20001F90CDF870A04FF21F004FF2640A1A91B3
:10DF300019924FF238014FF236021B90CDF860A0D3
:10DF40004FF237004FF2300A169115924FF26501E9
:10DF50004FF271021790CDF850A04FF270004FF2BF
:10DF6000630A139112924FF262014FF26102029022
:10DF7000CDF844A04FF21D434FF22F074FF2920C01
:10DF8000B0464FF28D054FF294094FF266001091A2
:10DF90000F924FF2310A07F0AEB8022B40F05D82CB
:10DFA0004023038080230B804FF4E06323804FF4F1
:10DFB00000733B80C94CCA484FF4407333804FF420
:10DFC000806323804FF4A0630380C64BC64C40F2AD
:10DFD000FF7119804FF22F03A9F800304FF2B803F8
:10DFE000ABF80030C1494FF23403AAF800304FF2C9
:10DFF00070030B803F21ACF800104FF244004FF249
:10E0000030034FF2183C4FF22C0B16462380A8F831
:10E010000000A5F800B04EF25C094FF21C254FF24B
:10E02000182ACDF804C04EF25604944690464FF29A
:10E030001242B395CDF8C892CDF8C4A2B092AE9476
:10E040004FF212254FF212394FF20C4A4EF25002A3
:10E050004FF20C24AD95CDF83090CDF8A8A2A9923E
:10E06000A8944FF20C354FF208494EF24C0A4FF289
:10E0700038024FF208340B95CDF89C92CDF898A257
:10E080004FF206554FF204494EF2480AAF96AC964D
:10E09000AB96A5920A944FF204224FF20434A49551
:10E0A000CDF88492CDF87CA29E9209944FF25C2523
:10E0B0004EF29C094FF2582A4FF258324FF2524416
:10E0C0009B95CDF86492CDF860A2979294944EF20D
:10E0D00096054FF252294FF2523A4FF24C424EF20D
:10E0E00090049295CDF84492CDF840A28D928C94F4
:10E0F0004FF24C254FF24C394FF2484A4EF28C0207
:10E100004FF278048B95CDF82892CDF824A288920E
:10E1100087944FF248354FF246594FF2444A04462D
:10E120004FF244324FF244204FF218478695A3969F
:10E13000A296A0969D969C969A979696959693965B
:10E140008F968E96CDF81492CDF808A280907F928B
:10E150004FF2AD094FF2A70A7F204FF29302CDF89C
:10E160000090CDF8F4A17C9006924FF290094FF206
:10E17000A60A4FF2A5004FF29E02CDF8E491CDF829
:10E1800014A0779076924FF0BF094FF2B60A4FF283
:10E19000B7004FF2A302CDF8D491CDF8D0A1729080
:10E1A00071924FF2920A4FF2A4004FF2A0028946F8
:10E1B0004FF2A2014FF2AE05CDF8B4A16C906A9176
:10E1C00004924FF2A10A4FF22A004FF2B3014FF22C
:10E1D000B1027E9584968396819608967B967A9670
:10E1E00007967896739670966F966E966B96CDF8A6
:10E1F000A4A16790669165924FF2750A4FF2B40040
:10E200004FF21D014FF21C02CDF80CA064906391F7
:10E2100062924FF21B0A4FF21A004FF219014FF2AD
:10E220001802CDF884A160905F915E924FF2170AB8
:10E230004FF216004FF215014FF21402CDF874A1FF
:10E240005C905B915A924FF2130A4FF212004FF218
:10E2500011014FF21002CDF864A1589057915692D7
:10E260004FF20F0A4FF20E004FF20D014FF20C0267
:10E27000CDF854A15490539152924FF20B0A4FF2A1
:10E280000A004FF209014FF20802CDF844A1509064
:10E290004F914E924FF2070A4FF206004FF20501DE
:10E2A0004FF20402CDF834A14C904B914A924FF2B8
:10E2B0002C3A4FF26D004FF22C114FF2B002CDF814
:10E2C00024A168964FF2B50A4890479146924FF2C2
:10E2D000AF004FF25D014FF25C0209E0B8E3FF1FAF
:10E2E00086E4FF1FB4E4FF1FB0E3FF1FB8E4FF1F85
:10E2F000CDF814A14490439142924FF25B0A4FF241
:10E300005A004FF259014FF25802CDF804A1409043
:10E310003F913E924FF2570A4FF256004FF255018D
:10E320004FF25402CDF8F4A03C903B913A924FF258
:10E33000530A4FF252004FF251014FF25002CDF802
:10E34000E4A03890379136924FF24F0A4FF24E00C8
:10E350004FF24D014FF24C02CDF8D4A034903391DE
:10E3600032924FF24B0A4FF24A004FF249014FF2FC
:10E370004802CDF8C4A030902F912E924FF2470A58
:10E380004FF246004FF245014FF29F02CDF8B4A084
:10E390002C902B9129924FF2630A4FF271004FF2A9
:10E3A0002E014FF23102CDF8A0A027904FF2330A90
:10E3B0002A9426914FF2260125924FF225024FF220
:10E3C0007300CDF890A022914FF2240A4FF222015F
:10E3D00021924FF221022390CDF880A04FF223002A
:10E3E0004FF2200A1E911D924FF21E014FF227029A
:10E3F0001F90CDF870A04FF21F004FF2600A1A91E3
:10E4000019924FF22D014FF236021B90CDF860A009
:10E410004FF237004FF26E0A169115924FF26601D5
:10E420004FF276021790CDF850A04FF2650013918D
:10E4300012924FF262014FF2640A4FF261020290AF
:10E4400010914FF21C4335464FF26700CDF844A0BF
:10E450000F924FF2750104F0A9BC032B40F0D68255
:10E46000402303808023D5480B804FF40063038052
:10E470004FF4E0632380D24CD2484FF400712180E6
:10E480004FF4407139804FF480610180CE48CF4C09
:10E4900003804FF4A0613180CD4BCE484FF4C06172
:10E4A000218040F6FF7119804FF22F03CA49A9F865
:10E4B00000304FF26F030B80C84CC9494FF633034D
:10E4C000ABF800304FF62E0323804FF2AF03AAF8CB
:10E4D00000304FF2B00303804FF66F030B804FF212
:10E4E000AC033F202B804FF21C344EF25C054FF200
:10E4F00018394FF2122A4FF2126BACF80000B394A5
:10E50000B295CDF8C4920190CDF8C0A2CDF8BCB2BE
:10E510004EF256004FF212344FF212554FF211697B
:10E520004FF6070A4FF20C2B4FF24401AE90AD9418
:10E530000C95CDF8B092CDF8ACA2CDF8A8B24EF2C1
:10E5400050004FF20C344FF20C554FF208294EF2A6
:10E550004C0A4FF2380BA8F80010A990A8940B951C
:10E56000CDF89C92CDF898A2CDF894B24FF2340039
:10E570004FF230044FF604054FF204794FF2042AAB
:10E580004FF2046B0A90A494A395CDF88892CDF82D
:10E5900084A2CDF880B24EF248004FF204344FF21C
:10E5A00031054FF616094FF6530A4FF25C3B9F9028
:10E5B0009E940995CDF87492CDF870A2CDF86CB206
:10E5C0004EF29C004FF258347F254FF652094FF619
:10E5D000760A4FF2522B999098949795CDF85892CD
:10E5E000CDF854A2CDF850B24FF252604EF29604DC
:10E5F0004FF252354FF252594FF2516A4FF6470BD4
:10E60000939092949195CDF84092CDF83CA2CDF89C
:10E6100038B24FF24C204EF290044FF24C354FF28C
:10E620004C594FF2482A4EF28C0B4FF218278D901E
:10E630008C948B954FF278004FF274049A97CDF832
:10E640002892CDF824A2CDF820B24FF2447A4FF2AE
:10E65000442B879086944FF64409CDF80CA2CDF850
:10E6600008B24FF244600C464FF6230A4FF2443191
:10E670004FF6220BCDF81092819080914FF66D09E4
:10E68000CDF8F8A1CDF800B04FF621004FF29B0174
:10E690004FF22C4A4FF6150B0792CDF820907D9043
:10E6A0007C914FF61E09CDF8E8A1CDF818B04FF6D1
:10E6B00010004FF22C314FF620024FF6660A4FF24F
:10E6C000B30B4FF27005CDF8EC91799078910798E3
:10E6D00005924FF61F09CDF8D8A1CDF8D4B14FF669
:10E6E00055014FF675024FF6490A4FF6460B8595D0
:10E6F000CDF8DC914FF271057490739172924FF2E4
:10E70000AE09CDF8C0A1CDF8BCB14FF22C204FF628
:10E71000560140F67F024FF65C0A4FF6610B7F957B
:10E72000CDF8C4916E906D916C92CDF8ACA1CDF8FE
:10E73000A8B14FF660004FF606014FF65E024FF2A9
:10E740002A0A4FF6300B049069916892CDF89CA18B
:10E75000CDF898B14FF2A5004FF2B5014FF2A402E7
:10E760004FF21D0A4FF21C0B659003916492CDF895
:10E770008CA1CDF888B14FF21B004FF21A014FF275
:10E7800019024FF2180A4FF2170B619060915F92D5
:10E79000CDF878A1CDF874B14FF216004FF2150103
:10E7A0004FF214024FF2130A4FF2120B5C905B917E
:10E7B0005A92CDF864A1CDF860B113E07CE4FF1F5C
:10E7C000B8E3FF1F86E4FF1FACE3FF1F84E4FF1FD5
:10E7D000B4E4FF1FAEE4FF1FB8E4FF1FB0E3FF1F68
:10E7E000D6E2FF1F4FF211004FF210014FF20F025D
:10E7F0004FF20E0A4FF20D0B579056915592CDF8ED
:10E8000050A1CDF84CB14FF20C004FF20B014FF27A
:10E810000A024FF2090A4FF2080B5290519150929E
:10E82000CDF83CA14FF20700CDF838B14FF2060108
:10E830004FF205024FF2040A4FF22C5B4D904C91BF
:10E840004B92CDF828A1CDF824B14FF26D004FF2D4
:10E850002C114FF2A7024FF2750A4FF2A60B489007
:10E8600047914692CDF814A1CDF810B14FF25D005A
:10E870004FF25C014FF25B024FF25A0A4FF2590B12
:10E88000439042914192CDF800A1CDF8FCB04FF2F7
:10E8900058004FF257014FF256024FF2550A4FF20D
:10E8A000540B3E903D913C92CDF8ECA0CDF8E8B0F1
:10E8B0004FF253004FF252014FF251024FF2500A01
:10E8C0004FF24F0B399038913792CDF8D8A0CDF850
:10E8D000D4B04FF24E004FF24D014FF24C024FF2C6
:10E8E0004B0A4FF24A0B349033913292CDF8C4A0C8
:10E8F000CDF8C0B04FF249004FF248014FF2470245
:10E900004FF2460A4FF2450B2F902E912D924FF267
:10E910006301CDF8B0A04FF2B7024FF22E0ACDF846
:10E92000ACB04FF2B60B4FF25F00289127924FF236
:10E9300073014FF22602CDF898A0CDF894B04FF2B3
:10E94000250A4FF2240B299023914FF233004FF206
:10E9500022012292CDF884A04FF221024FF2200A28
:10E96000CDF880B04FF21F0B24901E914FF2230080
:10E970004FF227011D92CDF870A04FF235024FF2F1
:10E98000370ACDF86CB04FF22D0B1F9019914FF252
:10E990001E004FF26E011892CDF85CA04FF2650296
:10E9A0004FF2660ACDF858B04FF2760B1A901491D8
:10E9B0004FF236004FF264010292CDF84CA0CDF830
:10E9C00048B04FF262024FF2610A4FF2600B1590AD
:10E9D00011914FF21C234FF613064FF6120C4FF60F
:10E9E00077084FF650054FF29D092A944FF26700C1
:10E9F0001092CDF83CA0CDF838B04FF277010D91D0
:10EA00004FF25E0A4FF22C0B06F03CBC162B40F086
:10EA1000CD8140234FF22C0B0380A5F800B080235A
:10EA2000B64D0B8042F2AC00B54B2880FF21B54CAF
:10EA3000B54819804FF2A1033F2123800380B39290
:10EA40001346B2924FF292044FF28C054FF28809AE
:10EA50004FF2840A4FF2D800164617464FF298023A
:10EA6000ACF80010B192AD94A895CDF894924FF205
:10EA7000D2024FF2CC044FF2C8054FF2C409019301
:10EA8000B093AF93AE930C93AC93AB93AA93A9932B
:10EA90000B93A793A6930A93A493A393A293A193F2
:10EAA000A0939F93CDF878A298904FF2750A4FF2F9
:10EAB000B50091928B948795CDF800924FF2600249
:10EAC00009939D939C939B939A9399939793969371
:10EAD000959394939393929390938F938E938D9316
:10EAE0008C938A9389938893869385938493839355
:10EAF000829381937F9308937E93CDF8C4A16C9009
:10EB00004FF22A0A4FF271000492CDF89CA1669050
:10EB10004FF270024FF07F0A4FF26F006592CDF80E
:10EB20000CA064904FF21D024FF21C0A4FF21B0022
:10EB3000639200934FF21A027D937C937B937A93B6
:10EB400007930693799378930593779376937593C8
:10EB500074937393729370936F936E936D936B939F
:10EB60006A9369936893CDF888A161904FF2190A6E
:10EB70004FF218006092CDF87CA15E904FF2170220
:10EB80004FF2160A4FF215005D92CDF870A15B901E
:10EB90004FF214024FF2130A4FF212005A92CDF8BC
:10EBA00064A158904FF211024FF2100A4FF20F0079
:10EBB0005792CDF858A155904FF20E024FF20D0A20
:10EBC0004FF20C005492CDF84CA152904FF20B0230
:10EBD0004FF20A0A4FF209005192CDF840A14F902E
:10EBE0004FF208024FF2070A4FF206004E92CDF89C
:10EBF00034A14C904FF205024FF2040A4FF2350057
:10EC00004B92CDF828A149904FF26D024FF2630A62
:10EC10004FF2300045914FF22F014892CDF81CA1E0
:10EC2000469044914FF25D024FF25C0A4FF25B0056
:10EC30004FF25A014392CDF808A141904FF2590288
:10EC400040914FF2580A4FF256013F92CDF8F8A08A
:10EC50004FF257003C914FF255024FF2540A4FF2D7
:10EC600052013D903B92CDF8E8A04FF2530038910D
:10EC70004FF251024FF2500A4FF24E013990379243
:10EC8000CDF8D8A04FF24F0034914FF24D024FF221
:10EC90004C0A4FF24A0135903392CDF8C8A04FF29A
:10ECA0004B0030914FF249024FF2480A4FF24601B1
:10ECB00031902F92CDF8B8A04FF247002C914FF22F
:10ECC00045024FF2440A4FF278012D902B92CDF875
:10ECD000A8A04FF2740028914FF277024FF22E0A4B
:10ECE0004FF2330129902792CDF898A04FF2760089
:10ECF00024914FF273024FF2260A07E088E4FF1FC7
:10ED0000B4E4FF1F82E4FF1FD0E2FF1F4FF2240193
:10ED100025902392CDF888A04FF2250020914FF244
:10ED200023024FF2220A4FF2200121901F92CDF8C8
:10ED300078A04FF21F024FF21E0A1C914FF23801C9
:10ED40004FF221001B92CDF868A04FF237024FF22C
:10ED50002D0A18914FF26E011D9017924FF2270065
:10ED60004FF26502CDF858A014914FF2660A4FF2A7
:10ED70003401199002924FF236004FF26402CDF83E
:10ED80004CA012914FF2620A4FF26101159011925C
:10ED90009C4698461C461D4699464FF26700CDF8A2
:10EDA00040A00F914FF2310203F0E9BD052B40F076
:10EDB000B7824023038080230B804FF4E0632380DD
:10EDC0004FF48073A8F800304FF400733B80DA48AA
:10EDD000DA49DB4C4FF4407333804FF48063038097
:10EDE0004FF4A0630B80D74BD74840F2FF711980D6
:10EDF0004FF27003A9F800304FF22E03ABF8003049
:10EE00004FF26E03AAF800304FF2B00323804FF2A6
:10EE1000300303804FF2AC032B80CC4DCC4C42F23C
:10EE2000AC004FF288032880CA4823804FF2183A7A
:10EE30004FF21C244FF2330B90460380B3944FF2F1
:10EE400018154FF21829CDF804A0CDF8C0B24FF232
:10EE500012404FF212124FF212244FF2870A4FF271
:10EE60000C5B3F21B295CDF8C492AF90AE92AD94B9
:10EE70004FF212354FF21149CDF8ACA2CDF8A8B23D
:10EE80004FF20C104FF20C224FF20C344FF2082AC2
:10EE90004FF2083BACF800100C95CDF8B092A99059
:10EEA000A8924FF208550B944FF20819CDF894A28E
:10EEB000CDF828B04FF2B4004FF22F024FF2042ADF
:10EEC0004FF2043BA795CDF89892A390A2924FF2EF
:10EED00034044FF204454FF20419CDF878A2CDF86E
:10EEE00024B04FF296004FF2D7024FF2582A4FF259
:10EEF000583BA194A095CDF87C929D909C924FF2A6
:10EF00005C244FF258554FF25819CDF860A2CDF855
:10EF10005CB24FF2F3004FF29B024FF2522A4FF2D3
:10EF2000523B9B949A95CDF86492969095924FF2AD
:10EF300073044FF252454FF25219CDF844A2CDF866
:10EF400040B24FF251404FF2C7024FF24C3A4FF2EB
:10EF5000485B94949395CDF848928F908E924FF29F
:10EF60004C544FF24C154FF24C29CDF828A2CDF855
:10EF700024B24FF248104FF248224FF2740A4FF277
:10EF8000444B8D948C95CDF82C92CDF890824FF215
:10EF90006F0988908792CDF808A2CDF804B24FF29D
:10EFA00044204FF244324FF2E00A4FF2DB0B4FF2B3
:10EFB000F405CDF80C9280907F924FF27509CDF850
:10EFC000F0A1CDF81CB04FF290004FF22C224FF27E
:10EFD000B80A4FF22C5B4FF248348495CDF800907C
:10EFE0004FF2ED05799078924FF2E709CDF8C8A17C
:10EFF000CDF8B8B14FF235004FF261024FF2A00ADE
:10F000004FF2DE0B86940895CDF8D4916D90CDF833
:10F0100014824FF22A00CDF8F881CDF8F481CDF8B2
:10F02000EC81CDF8E881CDF81880CDF81480CDF8CA
:10F03000DC81CDF8D881CDF8D081CDF8CC81CDF868
:10F04000C481CDF8C081CDF8BC81CDF8B081CDF8B8
:10F05000AC816A92CDF810A0CDF8A0B14FF22C424D
:10F060004FF2A70A4FF0BF0B67906692CDF894A1BC
:10F07000CDF80CB04FF2A4004FF21D024FF21C0A63
:10F080004FF21B0B64906392CDF888A1CDF884B148
:10F090004FF21A004FF219024FF2180A4FF2170BF3
:10F0A00060905F92CDF878A1CDF874B14FF2160060
:10F0B0004FF215024FF2140A4FF2130B5C905B9261
:10F0C000CDF868A1CDF864B14FF212004FF21102F1
:10F0D0004FF2100A4FF20F0B58905792CDF858A1EB
:10F0E000CDF854B14FF20E004FF20D024FF20C0A60
:10F0F0004FF20B0B54905392CDF848A1CDF844B188
:10F100004FF20A004FF209024FF2080A4FF2070BC2
:10F1100050904F92CDF838A1CDF834B14FF206009F
:10F120004FF205024FF2040A4FF22C3B4C90CDF8FF
:10F13000A4814FF278000FE084E4FF1FB8E3FF1FC3
:10F14000AEE4FF1FB4E4FF1FB8E4FF1F88E4FF1F15
:10F1500082E4FF1FD0E2FF1F4B92CDF828A1CDF82B
:10F1600024B14FF22C124FF2A60A4FF2AD0B489089
:10F170004792CDF818A1CDF814B14FF2A5004FF287
:10F180005D024FF25C0A4FF25B0B44904392CDF864
:10F1900008A1CDF804B14FF25A004FF259024FF2D4
:10F1A000580A4FF2570B40903F92CDF8F8A0CDF897
:10F1B000F4B04FF256004FF255024FF2540A4FF29C
:10F1C000530B3C903B92CDF8E8A0CDF8E4B04FF261
:10F1D00052004FF251024FF2500A4FF24F0B38904B
:10F1E0003792CDF8D8A0CDF8D4B04FF24E004FF200
:10F1F0004D024FF24C0A4FF24B0B34903392CDF844
:10F20000C8A0CDF8C4B04FF24A004FF249024FF205
:10F21000480A4FF2470B30902F92CDF8B8A0CDF8A6
:10F22000B4B04FF246004FF245024FF2440A4FF29B
:10F230009F0B2C902B92CDF8A8A07F22CDF8A4B0E4
:10F240004FF2670A4FF2760B4FF26D002792CDF81E
:10F2500098A04FF225024FF2240A2591CDF890B0E4
:10F260004FF226014FF2230B289022914FF27700A4
:10F270004FF221012192CDF880A04FF220024FF2EF
:10F280001F0ACDF87CB04FF21E0B23901D914FF258
:10F2900022004FF264011C92CDF86CA04FF23702AD
:10F2A0004FF2380ACDF868B04FF2360B1E90189125
:10F2B0004FF227004FF271011792CDF858A04FF28C
:10F2C00065024FF2310ACDF854B04FF2630B19903A
:10F2D00002914FF22D001392CDF848A0CDF844B022
:10F2E0004FF262014FF2A1024FF2600A4FF25F0B40
:10F2F00014904FF21C534FF297064FF218574FF2EB
:10F30000B30C4FF2441445464FF2E1094FF2660048
:10F3100010910F92CDF838A0CDF834B0FFF770BB44
:10F32000062B40F05D82BE4BBE4840221A80BE4B89
:10F3300080221A80BD4B4FF4E0621A80BC4B4FF420
:10F3400000721A80BB4B4FF440721A80BA4B4FF4D4
:10F3500080621A80B94B40F2FF721A80B84B4FF2AC
:10F360002F021A80B74B4FF2A4021A80B64B4FF20D
:10F370006F021A80B54B4FF29F021A80B44B3F22A6
:10F380001A80B44B4FF22C0BA3F800B0B24B4FF2E3
:10F39000540119804FF288030380B04842F2AC0454
:10F3A0000480AF484FF2123403804FF233000190D3
:10F3B000B0944FF212454EF266094FF2122A4FF204
:10F3C00011404FF20C3400264EF26C0CAF95CDF884
:10F3D000B892CDF830A0AC90AA944EF260054FF2EE
:10F3E0000C294FF2083A4EF25C004FF21F04CDF8A0
:10F3F000C8C2A995CDF82C90CDF89CA24FF2240557
:10F400004FF226094FF2143AB396B196AD96AB96E9
:10F41000A896A690A5944FF214404EF268040A955F
:10F42000CDF89092CDF884A2A0909F944FF227053A
:10F430004EF2AC094FF2582A4FF252304FF252447A
:10F440000995CDF86492CDF85CA2949093944EF215
:10F45000A6054FF252294FF2514A4FF24C304EF26C
:10F46000A0049295CDF84092CDF83CA28D908C945A
:10F470004FF24C254FF248394EF29C0A4FF2482089
:10F480004FF254344FF218378A95CDF82492CDF8C4
:10F4900020A2A3964FF2710AA2969E969D969C96E4
:10F4A0009B969A9798969696959691968E968B9609
:10F4B0008796869082944FF235000C464FF26D018C
:10F4C000CDF8E4A1779075914FF22C3A4FF2780085
:10F4D0004FF2B0014FF254454FF25429CDF8B8A184
:10F4E0006D906A914FF2700A4FF22A004FF22C4150
:10F4F0008195CDF8FC9185968496839680960896A2
:10F500007E9600967D967C967B967A9607960696D2
:10F51000789605967696749673967296719670960E
:10F520006F966C966B96CDF810A0679066914FF22F
:10F53000AE0A4FF2A3004FF2A101CDF894A10390BF
:10F5400064914FF21A0A4FF21C004FF21B01CDF8E2
:10F550008CA1629061914FF21D0A4FF219004FF297
:10F560001801CDF880A15F905E914FF2170A4FF21B
:10F5700016004FF21501CDF874A15C905B914FF22B
:10F58000040A4FF213004FF21201CDF868A159900E
:10F5900058914FF2110A4FF233004FF20F01CDF89C
:10F5A0005CA1569055914FF20E0A4FF20D004FF2AA
:10F5B0000C01CDF850A1539052914FF20B0A4FF22B
:10F5C0000A004FF20901CDF844A150904F914FF23B
:10F5D000080A4FF207004FF20601CDF838A14D900E
:10F5E0004C914FF2050A4FF214004FF22C21CDF846
:10F5F0002CA14A904FF2250A4FF2A6006996689610
:10F6000049914FF2AD01CDF820A1479046914FF2BC
:10F61000A50A4FF2A2004FF25A01CDF814A121E041
:10F62000A6E4FF1F82E4FF1FA4E3FF1FAAE4FF1F5D
:10F63000B2E3FF1FB8E3FF1F84E4FF1FB4E4FF1F22
:10F64000B0E4FF1F80E4FF1FB8E4FF1FAEE4FF1F1C
:10F6500096E4FF1FAAE3FF1FA8E3FF1F88E4FF1F34
:10F66000D0E2FF1F449043914FF25C0A4FF25B00DF
:10F670004FF25D01CDF808A1419040914FF2590A37
:10F680004FF258004FF25701CDF8FCA03E903D914B
:10F690004FF2560A4FF255004FF24401CDF8F0A058
:10F6A0003B903A914FF2530A4FF252004FF2510100
:10F6B000CDF8E4A0389037914FF2730A4FF24F0023
:10F6C0004FF24E01CDF8D8A0359034914FF24D0A4B
:10F6D0004FF24C004FF24B01CDF8CCA0329031915B
:10F6E0004FF24A0A4FF249004FF24801CDF8C0A04C
:10F6F0002F902E914FF2470A4FF246004FF24501EC
:10F70000CDF8B4A02C902B914FF2A70A4FF25000E5
:10F710007F21CDF8A4A028904FF22E0A2A94279199
:10F720004FF2370125924FF26602CDF898A023914F
:10F730004FF2650A4FF2630122924FF262024FF2DA
:10F740003600CDF884A01F914FF2610A4FF25F019D
:10F750001E924FF25E022490CDF874A04FF2640026
:10F760004FF2670A1B911A924FF276014FF2230271
:10F770002090CDF864A04FF260004FF2100A17916C
:10F7800016924FF231014FF222021C90CDF854A094
:10F790004FF277004FF2210A029113924FF21E01AD
:10F7A0004FF274021890CDF848A04FF26E004FF25D
:10F7B000300A119110924FF2A0014FF220021490E2
:10F7C000CDF83CA04FF21C33B446B0463546B146A6
:10F7D0004FF22D000E910D924FF2380A05F052BDF6
:10F7E000042B02D01B2B40F0AF82274C274D28481A
:10F7F00028494022228080222A804FF4E062028041
:10F80000254C264D26484FF480720A804FF4007232
:10F8100022804FF4407223492A804FF48062028094
:10F820004FF4A0620A80204A2048214C40F2FF7128
:10F830001180204A4FF2700111801F4A4FF22E01B1
:10F8400011801E4A4FF26E0111801D4A4FF2B00125
:10F8500011801C4A4FF2300111801B494FF22C0BD2
:10F86000A1F800B04FF2880101803F2217482280A2
:10F8700042F2AC04048016481B2B01804FF21C534B
:10F8800005F0FE8126E000BFA6E4FF1FA4E3FF1FF2
:10F89000AAE4FF1FA8E3FF1FB2E4FF1FB2E3FF1FAC
:10F8A00084E4FF1FB8E3FF1FB4E4FF1F82E4FF1FDF
:10F8B00096E4FF1FB0E4FF1FD2E2FF1F80E4FF1FAA
:10F8C000AEE4FF1FB8E4FF1FAAE3FF1F88E4FF1F99
:10F8D000D0E2FF1F4FF21C254FF218194FF2182AE1
:10F8E0004FF212504FF21241B395CDF8C892CDF8B5
:10F8F000C4A2B090AF914FF212144FF212254FF202
:10F9000012394FF2114A4FF287004FF20C51AE9468
:10F91000AD95CDF83090CDF8B0A2AB90AA914FF252
:10F920000C144FF20C254FF20C394FF2085A4FF2DB
:10F9300008104FF20821A994A895CDF82C90CDF885
:10F940009CA2A690A5914FF208344FF233054FF2D6
:10F950002F094FF2045A4FF204404FF204110A9457
:10F96000A395CDF88892CDF884A2A0909F914FF2F4
:10F9700004244FF204354FF296094FF2D70A4FF2A2
:10F980005C204FF258514FF000084FF2183C9E9403
:10F990000995CDF87492CDF870A29B909A914FF290
:10F9A00058144FF258254FF258394FF2740A4FF25B
:10F9B00052504FF25241CDF804C099949895CDF829
:10F9C00090824FF25225CDF85C92CDF858A29490D7
:10F9D00093914FF252394FF2514A4FF2C7004FF212
:10F9E0004C514FF252149195CDF84092CDF83CA273
:10F9F0008E908D914FF24C254FF24C394FF2485A70
:10FA00004FF248104FF2482192948B954FF24C14CC
:10FA1000CDF82892CDF824A2889087914FF27305F3
:10FA20004FF26F094FF2445A4FF244404FF24421D3
:10FA30008C9484954FF24834CDF80C92CDF808A2FE
:10FA4000819080914FF244354FF235094FF2900A80
:10FA50004FF22C204FF22C5186947F95CDF80090D8
:10FA6000CDF85482CDF81482CDF82080CDF8F881FD
:10FA7000CDF8F481CDF8F081CDF8EC81CDF8E881B6
:10FA8000CDF81C80CDF81880CDF8E4A178906E9167
:10FA90004FF2750A4FF261004FF2A001CDF8B4A108
:10FAA0006A9004914FF22A0A4FF22C404FF2A701BC
:10FAB000CDF89CA1669065914FF2AE0A4FF2A4007A
:10FAC0004FF21D01CDF80CA0649063914FF21C0A17
:10FAD0004FF21B004FF21A01CDF888A1619060919E
:10FAE0004FF2190A4FF218004FF21701CDF87CA11E
:10FAF0005E905D914FF2160A4FF215004FF214011D
:10FB0000CDF870A15B904FF2130A4FF21200CDF8BE
:10FB10001480CDF8DC81CDF8D881CDF8D481CDF832
:10FB2000D081CDF8CC81CDF8C881CDF8C481CDF895
:10FB3000C081CDF8BC81CDF8B081CDF8AC81CDF8D5
:10FB4000A481CDF8A0815A914FF21101CDF864A1A2
:10FB5000589057914FF2100A4FF20F004FF20E01DA
:10FB6000CDF858A1559054914FF20D0A4FF20C0068
:10FB70004FF20B01CDF84CA1529051914FF20A0A6D
:10FB80004FF209004FF20801CDF840A14F904E917D
:10FB90004FF2070A4FF206004FF20501CDF834A1EB
:10FBA0004C904B914FF2040A4FF22C304FF27801F7
:10FBB000CDF828A1499048914FF22C1A4FF2A60097
:10FBC000BF21CDF81CA1469045914FF2A50A4FF2F6
:10FBD0005D004FF25C01CDF810A1439042914FF2CD
:10FBE0005B0A4FF25A004FF25901CDF804A1409040
:10FBF0003F914FF2580A4FF257004FF25601CDF89D
:10FC0000F8A03D903C914FF2550A4FF254004FF24C
:10FC10005301CDF8ECA03A9039914FF2520A4FF2CD
:10FC200051004FF25001CDF8E0A0379036914FF2DD
:10FC30004F0A4FF24E004FF24D01CDF8D4A0349050
:10FC400033914FF24C0A4FF24B004FF24A01CDF87C
:10FC5000C8A0319030914FF2490A4FF248004FF25C
:10FC60004701CDF8BCA02E902D914FF2460A4FF2DD
:10FC700045004FF24401CDF8B0A02B902A914FF2ED
:10FC80009F0A4FF26D007F21CDF8A4A02890279104
:10FC90004FF2670A4FF276004FF27701CDF898A045
:10FCA0002592249023914FF226024FF2250A4FF21B
:10FCB00024004FF223012292CDF884A020901F91BE
:10FCC0004FF222024FF2200A4FF21F004FF21E01A4
:10FCD0001E92CDF870A01B901A914FF227024FF29E
:10FCE000640A4FF237004FF238014FF2210919929E
:10FCF000CDF860A017904FF236024FF22D0ACDF8E2
:10FD0000749016914FF265014FF271001592CDF883
:10FD100050A04FF2310213914FF2630A4FF2620189
:10FD2000029012924FF297064FF218574FF2340C8E
:10FD30004FF2441445464FF26600CDF844A01091AE
:10FD40004FF2A10205F0D4B90F2B40F0F681CE4B53
:10FD5000CE4940221A80CE4B80221A80CD4B4FF4E0
:10FD6000E0621A80CC4B4FF480721A80CB4B4FF478
:10FD700000721A80CA4B4FF440721A80C94B4FF47C
:10FD800080621A80C84B4FF4A0621A80C74B40F2C1
:10FD9000FF721A80C64B4FF270021A80C54B4FF2A9
:10FDA000AE021A80C44B4FF26E021A80C34B4FF260
:10FDB000B0021A80C24B4FF230021A80C14B3F2270
:10FDC0001A80C14B4FF22C0BA3F800B04FF28803FE
:10FDD0000B80BE4942F2AC000880BD494FF21C24A2
:10FDE0000B804FF218154FF218294FF2183A4FF2C4
:10FDF00012504FF21241B394B295CDF8C492CDF89F
:10FE000004A0B090AF914FF212144FF212254FF2AE
:10FE100012394FF2114A4FF287004FF20C51AE9453
:10FE2000AD95CDF83090CDF8B0A2AB90AA914FF23D
:10FE30000C144FF20C254FF20C394FF2085A4FF2C6
:10FE400008104FF20821A994A8954FF20834CDF874
:10FE50002C904FF23405CDF89CA2A690A5914FF2BC
:10FE60002F094FF2045A4FF204404FF204110A9442
:10FE7000A395CDF88892CDF884A2A0909F914FF2DF
:10FE800004244FF204354FF296094FF2D70A4FF28D
:10FE90005C204FF258519E940995CDF87492CDF89C
:10FEA00070A29B909A914FF258144FF258254FF23E
:10FEB00058394FF2730A4FF252504FF2524199940F
:10FEC0009895CDF85C92CDF858A2949093914FF20A
:10FED00052144FF252254FF252394FF2514A4FF21B
:10FEE000C7004FF24C514FF0000892949195CDF815
:10FEF0004092CDF83CA28E908D914FF24C144FF26F
:10FF00004C254FF24C394FF2485A4FF248104FF2FD
:10FF100048218C948B95CDF82892CDF824A2CDF869
:10FF200090824FF2445ACDF85482889087914FF2D4
:10FF300044404FF244214FF274054FF26F09CDF85F
:10FF400008A2819080914FF2900A4FF22C204FF23C
:10FF50002C514FF248348495CDF80C924FF2443531
:10FF60004FF23509CDF8E4A178906E914FF2750A01
:10FF70004FF261004FF2A00186947F95CDF800907A
:10FF8000CDF8B4A1CDF81482CDF82080CDF8F88159
:10FF9000CDF8F481CDF8F081CDF8EC81CDF8E88191
:10FFA000CDF81C80CDF81880CDF81480CDF8DC8118
:10FFB000CDF8D881CDF8D481CDF8D081CDF8CC81E1
:10FFC000CDF8C881CDF8C481CDF8C081CDF8BC8111
:10FFD000CDF8B081CDF8AC816A9004914FF22C40FD
:10FFE0004FF2A7014FF22A0A669065914FF2350051
:10FFF0004FF2A401CDF89CA1039064914FF21D0A29
:020000022000DC
:100000004FF21C004FF21B01CDF88CA16290619160
:100010004FF21A0A4FF219004FF21801CDF880A1E1
:100020005F905E914FF2170A4FF216004FF21501E2
:10003000CDF874A15C905B914FF2140A4FF213005B
:100040004FF21201CDF868A1599058914FF2110A60
:100050004FF210004FF20F01CDF85CA15690559170
:100060004FF20E0A4FF20D004FF20C01CDF850A1E5
:10007000539052914FF20B0A4FF20A004FF20901CE
:10008000CDF844A1509025E0A6E4FF1F82E4FF1FB5
:10009000A4E3FF1FAAE4FF1FA8E3FF1FB2E4FF1FB2
:1000A000B2E3FF1F84E4FF1FB8E3FF1FB4E4FF1FA8
:1000B000B0E4FF1FD2E2FF1F80E4FF1FAEE4FF1F8A
:1000C000B8E4FF1F96E4FF1FAAE3FF1F88E4FF1FA9
:1000D000D0E2FF1F4F914FF2080A4FF207004FF294
:1000E0000601CDF838A14D904C914FF2050A4FF220
:1000F00004004FF22C31CDF8A481CDF8A081CDF8C9
:100100002CA14FF2780A4A9049914FF22C104FF2ED
:10011000A601CDF820A14FF21C534FF297064FF2E3
:1001200018574FF2330C4FF2441445464FF2210951
:10013000479046914FF22E0AF2E1142B40F0AA822A
:10014000CF4BD04940221A80CF4B80221A80CF4B10
:100150004FF4E0621A80CE4B4FF480721A80CD4B80
:100160004FF400721A80CC4B4FF440721A80CB4B84
:100170004FF480621A80CA4B4FF4A0621A80C94BB8
:1001800040F2FF721A80C84B4FF270021A80C74BC0
:100190004FF22E021A80C64B4FF26E021A80C54BE8
:1001A0004FF2B0021A80C44B4FF230021A80C34B98
:1001B0003F221A80C24B4FF22C0BA3F800B04FF233
:1001C00088030B80BF4942F2AC000880BE494FF261
:1001D0001C240B804FF218154FF218294FF2183AD1
:1001E0004FF233004FF21241B394B295CDF8C4925E
:1001F000CDF804A0B090AF914FF212144FF2122537
:100200004FF212394FF2114A4FF287004FF20C5160
:10021000AE94AD95CDF83090CDF8B0A2AB90AA9148
:100220004FF20C144FF20C254FF20C394FF2085AD2
:100230004FF208104FF20821A994A8954FF2083404
:10024000CDF82C904FF22F05CDF89CA2A690A59149
:100250004FF234094FF2044A4FF204104FF20421D6
:100260000A94A295CDF88492CDF880A29F909E9199
:100270004FF204344FF296054FF2D7094FF25C2A41
:100280004FF258504FF2581109949D95CDF8709245
:10029000CDF86CA29A9099914FF258244FF25835AC
:1002A0004FF273094FF2524A4FF252104FF252215D
:1002B00098949795CDF85092CDF84CA29290919148
:1002C0004FF252344FF251454FF2C7094FF24C5A98
:1002D0004FF24C104FF24C214FF0000C90948F9540
:1002E000CDF83892CDF834A28C908B914FF24C34EB
:1002F0004FF248554FF248194FF2482A4FF2483012
:100300004FF26F018A948995CDF890C2CDF88CC2D6
:10031000CDF858C2CDF854C2CDF82092CDF81CA229
:10032000869083914FF244294FF2443A4FF2750080
:100330004FF290014FF274044FF24445CDF8009211
:10034000CDF8FCA1009079914FF22C294FF22C5A54
:100350004FF235004FF2610182948195CDF8E09122
:10036000CDF8B8A16D904FF2A00A4FF22A00CDF857
:1003700014C2CDF810C2CDF820C0CDF8F8C1CDF828
:10038000F4C1CDF8F0C1CDF8ECC1CDF8E8C1CDF89D
:100390001CC0CDF818C0CDF814C0CDF8DCC1CDF824
:1003A000D8C1CDF8D4C1CDF8D0C1CDF8CCC1CDF8ED
:1003B000C8C1CDF8C4C1CDF8C0C1CDF8BCC1CDF81D
:1003C000B0C1CDF8ACC16A914FF22C41CDF810A06C
:1003D000679066914FF2A70ABF204FF2A401CDF8B3
:1003E00094A1039064914FF21D0A4FF21C004FF24A
:1003F0001B01CDF88CA1629061914FF21A0A4FF265
:1004000019004FF21801CDF880A15F905E914FF274
:10041000170A4FF216004FF21501CDF874A15C9047
:100420005B914FF2140A4FF213004FF21201CDF814
:1004300068A1599058914FF2110A4FF210004FF2F3
:100440000F01CDF85CA1569055914FF20E0A4FF274
:100450000D004FF20C01CDF850A1539052914FF284
:100460000B0A4FF20A004FF20901CDF844A1509057
:100470004F914FF2080A4FF207004FF2060125E0B4
:10048000A6E4FF1F82E4FF1FA4E3FF1FAAE4FF1FEF
:10049000A8E3FF1FB2E4FF1FB2E3FF1F84E4FF1FC6
:1004A000B8E3FF1FB4E4FF1FB0E4FF1FD2E2FF1F59
:1004B00080E4FF1FAEE4FF1FB8E4FF1F96E4FF1FB8
:1004C000AAE3FF1F88E4FF1FD0E2FF1FCDF838A189
:1004D0004D904C914FF2050A4FF204004FF22C312F
:1004E000CDF8A4C1CDF8A0C1CDF82CA14FF2780A67
:1004F0004A9049914FF22C104FF2A601CDF820A15D
:100500004FF21C534FF297064FF21857E0464FF246
:10051000441465464FF22109479046914FF2AD0AC7
:10052000CDF814A14FF2A5004FF25D014FF25C0A25
:1005300044904391CDF808A14FF25B004FF25A016D
:100540004FF2590A41904091CDF8FCA04FF258006B
:100550004FF257014FF2560A3E903D91CDF8F0A070
:100560004FF255004FF254014FF2530A3B903A912B
:10057000CDF8E4A04FF252004FF251014FF2500A71
:1005800038903791CDF8D8A04FF24F004FF24E017E
:100590004FF24D0A35903491CDF8CCA04FF24C007B
:1005A0004FF24B014FF24A0A32903191CDF8C0A080
:1005B0004FF249004FF248014FF2470A2F902E9117
:1005C000CDF8B4A04FF246004FF245014FF2440A75
:1005D0002C902B91CDF8A8A04FF29F004FF26D0107
:1005E0004FF07F0A29902891CDF89CA04FF2670028
:1005F00025924FF276014FF277024FF2260A2690AB
:1006000024914FF224012392CDF888A04FF22302C7
:100610004FF2220A4FF2250020911F924FF21F0144
:100620004FF21E02CDF878A04FF2270A21901B91BD
:100630004FF220004FF237011A92CDF864A04FF22A
:1006400038024FF2360A1C9017914FF264004FF2B5
:1006500071011692CDF854A04FF265024FF2310AA3
:10066000189002914FF22D004FF263011392CDF8D2
:1006700048A04FF262024FF2A10A14901191CDF8F6
:1006800074904FF266001092CDF83CA04FF26001DA
:1006900002F08CBB122B40F08482C24BC249402234
:1006A0001A80C24B80221A80C14B4FF4E0621A803C
:1006B000C04B4FF480721A80BF4B4FF400721A8007
:1006C000BE4B4FF440721A80BD4B4FF480621A80CB
:1006D000BC4B4FF4A0621A80BB4B40F2FF721A80F1
:1006E000BA4B4FF26F021A80B94B4FF234021A80A4
:1006F000B84B4FF22F021A80B74B4FF2A1021A806B
:10070000B64B4FF274021A80B54B3F221A80B54B9C
:100710004FF22C0BA3F800B04FF2A2030B80B249AA
:1007200042F2AC000880B1494FF21C240B804FF21A
:1007300018154FF218294FF2183A4FF212504FF293
:100740001241B394B295CDF8C492CDF804A0B09004
:10075000AF914FF212144FF212254FF212394FF2AD
:10076000330A4FF20C504FF20C110026AE94AD95A7
:10077000CDF83090CDF8B0A2AA90A9914FF20C24F8
:100780004FF20C354FF208594FF2081A4FF2082079
:100790004FF20831A894AB964FF231040B95CDF887
:1007A0009C92CDF898A2A5900A914FF204554FF271
:1007B00004494FF2041A4FF204204FF20431A4947A
:1007C000A195CDF88092CDF87CA29E9009914FF230
:1007D0005C244FF258554FF258194FF2582A4FF2F5
:1007E00058304FF252519B949A95CDF86492CDF8BF
:1007F00060A2979094914FF252444FF252154FF2EB
:1008000052294FF2523A4FF273004FF24C519394E7
:100810009295CDF84492CDF840A28F908D914FF2F1
:100820004C144FF24C254FF24C394FF2485A4FF2CC
:1008300048104FF248218C948B95CDF82892CDF832
:1008400024A2A3964FF2444AA2969D969C96969611
:1008500095968E96889087914FF244204FF24431BE
:100860004FF271054FF24459CDF804A280907F9168
:100870004FF22C2A4FF2A3004FF275014FF2483489
:100880008595CDF808924FF22E054FF26009CDF80C
:10089000E0A1719070914FF22C5A4FF22E004FF25E
:1008A0002A0186940895CDF81C90CDF8B8A18496BD
:1008B0004FF22C4A83967E9600967D967C967B9688
:1008C0007A960696799605967796769675967496A4
:1008D000739672966F966D966C966B96689067910C
:1008E0004FF2B1004FF29E01CDF898A165900391AF
:1008F0004FF2B40A4FF21D004FF21C01CDF890A147
:10090000639062914FF21B0A4FF21A004FF21901E5
:10091000CDF884A160905F914FF2180A4FF2170052
:100920004FF21601CDF878A15D905C914FF2150A57
:100930004FF214004FF21301CDF86CA15A90599167
:100940004FF2120A4FF211004FF21001CDF860A1E0
:10095000579056914FF20F0A4FF20E004FF20D01D1
:10096000CDF854A1549053914FF20C0A4FF20B0062
:100970004FF20A01CDF848A1519050914FF2090A67
:100980004FF208004FF20701CDF83CA14E904D9177
:100990004FF2060A4FF205004FF20401CDF830A1E4
:1009A00026E000BFA6E4FF1F82E4FF1FA4E3FF1FB1
:1009B000AAE4FF1FA8E3FF1FB2E4FF1FB2E3FF1F7B
:1009C00084E4FF1FB8E3FF1FB4E4FF1FB0E4FF1F80
:1009D000D2E2FF1F80E4FF1FAEE4FF1FB8E4FF1F59
:1009E00096E4FF1FAAE3FF1F88E4FF1FD0E2FF1F6A
:1009F0006A964FF22C3A049669964B904A914FF2C0
:100A000078004FF22C11CDF824A1489047914FF275
:100A1000B00A4FF2B5004FF2AF01CDF818A14590E2
:100A200044914FF25D0A4FF25C004FF25B01CDF84A
:100A30000CA1429041914FF25A0A4FF259004FF2E5
:100A40005801CDF800A13F903E914FF2570A4FF266
:100A500056004FF25501CDF8F4A03C903B914FF277
:100A6000540A4FF253004FF25201CDF8E8A03990EA
:100A700038914FF2510A4FF250004FF24F01CDF82A
:100A8000DCA0369035914FF24E0A4FF24D004FF2F6
:100A90004C01CDF8D0A0339032914FF24B0A4FF277
:100AA0004A004FF24901CDF8C4A030902F914FF287
:100AB000480A4FF247004FF24601CDF8B8A02D90FA
:100AC0002C914FF2450A4FF244004FF29F01CDF8AE
:100AD000ACA02A904FF26D0A29914FF2670125923E
:100AE0004FF27602CDF8A0A026914FF2770A4FF28E
:100AF000250124924FF224027F20CDF88CA0219171
:100B00004FF2230A4FF2210120924FF22002279048
:100B1000CDF87CA04FF226004FF21F0A1D911C92C7
:100B20004FF227014FF264022290CDF86CA04FF2F1
:100B300022004FF2370A199118924FF236014FF204
:100B400030021E90CDF85CA04FF21E004FF2700AEA
:100B5000159114924FF265014FF22D021A90CDF8C3
:100B600008A04FF238004FF2630A139112924FF22D
:100B700062014FF261021690CDF844A04FF21C536F
:100B80004FF21857B446B0464FF244144FF23505B1
:100B9000B1464FF2660010910F924FF2A00A04F096
:100BA000AABA102B40F07882C44BC549C5484022F0
:100BB0001A80C54B80221A80C44B4FF4E0621A8021
:100BC000C34B4FF480721A80C24B4FF400721A80EC
:100BD000C14B4FF440721A80C04B4FF480621A80B0
:100BE000BF4B4FF4A0621A80BE4B40F2FF721A80D6
:100BF000BD4A4FF2310313804FF270020A80BB49A5
:100C00000A80BB4A1380BB4B4FF26F011980BA4B6D
:100C10003F221A80B94B4FF22C0BA3F800B04FF2D1
:100C200088030380B64842F2AC040480B5484FF212
:100C30001C2403804FF218154FF218294FF2183A6E
:100C40004FF21250B394B295CDF8C492CDF804A0EF
:100C5000B0904FF212444FF212154FF212294FF298
:100C6000123A4FF211400026AF94AE95CDF8B492EF
:100C7000CDF830A0AC904FF20C544FF20C154FF25F
:100C80000C294FF20C3A4FF20850AA94A995CDF8CE
:100C9000A0924FF20814AB96CDF82CA0A7904FF27B
:100CA000330A4FF20450A6944FF208254FF2083948
:100CB000CDF890A2A1904FF204444FF2043A4FF2C3
:100CC0005C20A595CDF82890A0944FF204154FF222
:100CD0000429CDF824A09B904FF258544FF2583A73
:100CE0004FF252509F95CDF878929A944FF2581542
:100CF0004FF25829CDF85CA294904FF252444FF233
:100D0000523A4FF251409995CDF8609293944FF238
:100D100052154FF25229CDF840A28F904FF24C5409
:100D20004FF24C3A4FF248509295CDF844928D9440
:100D30004FF24C154FF24C29CDF828A289904FF272
:100D400048144FF2730A4FF244508C95CDF82C9210
:100D5000A396A2969D969C96969695968E96889426
:100D6000CDF814A282904FF26E0A4FF22C204FF26F
:100D700048254FF24839CDF8F0A178904FF2740A27
:100D80004FF22C508795CDF818924FF244444FF211
:100D900044254FF24439CDF8C0A16E904FF2A10A1C
:100DA0004FF2A00081948095CDF8FC91CDF8B4A1CC
:100DB00084964FF22A0A839608967E9600967D9630
:100DC0007B967A9607960696799605967796769606
:100DD000759674967396729671966F966C966B96DE
:100DE00004904FF22C40CDF89CA166904FF2A70AD8
:100DF0004FF27500CDF894A103904FF2A40A4FF280
:100E00001D00CDF890A163904FF21C0A4FF21B0019
:100E1000CDF888A161904FF21A0A4FF21900CDF86F
:100E200080A15F904FF2180A4FF21700CDF878A119
:100E30005D904FF2160A4FF21500CDF870A15B904D
:100E40004FF2140A4FF21300CDF868A159904FF2F7
:100E5000120A4FF21100CDF860A157904FF2100A1C
:100E60004FF20F00CDF858A155904FF20E0A4FF2F5
:100E70000D00CDF850A153904FF20C0A4FF20B0029
:100E8000CDF848A151904FF20A0A4FF20900CDF86F
:100E900040A14F904FF2080A4FF20700CDF838A159
:100EA0004D904FF2060A4FF20500CDF830A16A9638
:100EB0004FF2040A6996689626E000BFA6E4FF1F79
:100EC000D2E2FF1F82E4FF1FA4E3FF1FAAE4FF1F7B
:100ED000A8E3FF1FB2E4FF1FB2E3FF1F84E4FF1F7C
:100EE000B8E3FF1FB4E4FF1FB0E4FF1F80E4FF1F5F
:100EF000AEE4FF1FB8E4FF1F96E4FF1FAAE3FF1F45
:100F000088E4FF1FD0E2FF1F4B904FF22C30CDF84A
:100F100028A149904FF2780A4FF22C10CDF820A169
:100F200047904FF2A60A4FF2B500CDF818A14590B0
:100F30004FF2A50A4FF25D00CDF810A143904FF299
:100F40005C0A4FF25B00CDF808A141904FF25A0ABB
:100F50004FF25900CDF800A13F904FF2580A4FF2DE
:100F60005700CDF8F8A03D904FF2560A4FF25500C9
:100F7000CDF8F0A03B904FF2540A4FF25300CDF859
:100F8000E8A039904FF2520A4FF25100CDF8E0A09C
:100F900037904FF2500A4FF24F00CDF8D8A035905D
:100FA0004FF24E0A4FF24D00CDF8D0A033904FF2E1
:100FB0004C0A4FF24B00CDF8C8A031904FF24A0ACC
:100FC0004FF24900CDF8C0A02F904FF2480A4FF2DF
:100FD0004700CDF8B8A02D904FF2460A4FF24500D9
:100FE000CDF8B0A02B904FF2440A4FF29F00CDF8FD
:100FF000A8A029904FF26D0A7F20CDF8A0A02790DD
:101000004FF2670A4FF2760025924FF27702CDF841
:1010100098A024904FF2260A4FF2250023924FF217
:101020002402CDF888A021904FF2230A4FF222002B
:1010300020924FF22102CDF87CA01E904FF2200AA0
:101040004FF21F001D924FF21E02CDF870A01B90B0
:101050004FF2270A4FF264001A924FF23702CDF88E
:1010600064A0189017924FF2380A4FF236004FF2F0
:101070002F024FF21C534FF21857B446B0464FF2AE
:1010800044144FF234054FF22E09CDF858A01590B4
:101090001492029101F05EBC0E2B40F0BE81B74B62
:1010A00040221A80B64B80221A80B64BFF221A804B
:1010B000B54B3F221A80B54B4FF22E014FF22C0B4D
:1010C000A3F800B04FF2310C00234FF233000B9124
:1010D0004FF26F044FF22F054FF273094FF2340AAB
:1010E0004FF27101CDF804C00C90A5940A95CDF88B
:1010F0009092CDF824A04FF274004FF2600AB3939F
:10110000B293B193B093AF93AE93AD93AC93AB93D3
:10111000AA93A993A893A793A693A393A293A19309
:10112000A0939F939E939D939C939B939A93999343
:101130009893979396939593949393939293919373
:1011400090938F938E938D938C938B938A938993A3
:1011500088938793869385938493839382938193D3
:1011600080937F9308937E9300937D937C936D91FE
:101170004FF2F0017590CDF810A04FF22A00659162
:101180004FF2750A4FF21D016790CDF80CA04FF297
:10119000EF0063914FF21C0A4FF21A016490CDF8F0
:1011A00088A14FF21B0060914FF2190A4FF217010C
:1011B00061907B934FF218007A930793069379938B
:1011C0007893059377937693749373937293719353
:1011D00070936F936E936C936B936A936993689318
:1011E0006693CDF87CA15D914FF2160A4FF214017F
:1011F0005E90CDF870A14FF215005A914FF2130A8C
:101200004FF211015B90CDF864A14FF2120057919B
:101210004FF2100A4FF20E015890CDF858A14FF23C
:101220000F0054914FF20D0A4FF20B015590CDF87B
:101230004CA14FF20C0051914FF20A0A4FF20801F3
:101240005290CDF840A14FF209004E914FF2070A9B
:101250004FF205014F90CDF834A14FF206004B91AB
:101260004FF2040A4FF26E014C90CDF828A14FF2D4
:10127000780047914FF2B00A4FF2AF014890CDF895
:1012800018A14FF2350044914FF25D0A4FF25B0115
:101290004590CDF80CA14FF25C0041914FF25A0AF3
:1012A0004FF258014290CDF800A14FF259003E9103
:1012B0004FF2570A4FF255013F9049934FF25600B3
:1012C000CDF8F4A03B914FF2540A4FF252013C90FA
:1012D000CDF8E8A04FF2530038914FF2510A4FF287
:1012E0004F013990CDF8DCA04FF2500035914FF20C
:1012F0004E0A4FF24C013690CDF8D0A04FF24D007F
:1013000032914FF24B0A4FF249013390CDF8C4A00D
:101310004FF24A002F914FF2480A4FF246013090A7
:10132000CDF8B8A04FF247002C914FF2450A4FF28A
:10133000B3012D90CDF8ACA04FF2440029914FF2AB
:101340006D0A4FF2670125924FF276022A90CDF88E
:10135000A0A07F20269124924FF2770A4FF2250118
:101360004FF224022790CDF88CA04FF22600219155
:1013700020924FF2230A4FF2210109E0A6E4FF1F59
:10138000A4E3FF1FB4E4FF1F96E4FF1FAAE3FF1FBF
:101390004FF220022290CDF87CA04FF222001D9146
:1013A0001C924FF21F0A4FF227014FF264021E9067
:1013B000CDF86CA04FF2370A199118924FF236010E
:1013C0004FF230024FF21E00CDF85CA015914FF2A3
:1013D000700A4FF2650114924FF22D021A90CDF867
:1013E00008A04FF238004FF2630A139112924FF2A5
:1013F00062014FF261021690CDF844A01E461F46CE
:101400009C4698461C461D4699464FF26600109130
:101410000F924FF2B40A03F06EBE112B40F07782A8
:10142000C34B40221A80C34B80221A80C24B4FF418
:10143000E0621A80C14B4FF480721A80C04B4FF4A7
:1014400000721A80BF4B4FF440721A80BE4B4FF4AB
:1014500080621A80BD4B4FF4A0621A80BC4B40F2F0
:10146000FF721A80BB4B4FF274021A80BA4B4FF2D4
:101470002F021A80B94B4FF26F021A80B84B4FF20D
:1014800034021A80B74B4FF263021A80B64B3F22E8
:101490004FF21C244FF218154FF218294FF2183A48
:1014A0004FF212504FF212411A80B394AF4BB295E3
:1014B000CDF8C492CDF804A0B090AF914FF21214C1
:1014C0004FF212254FF212394FF2114A4FF20C50DF
:1014D0004FF20C110026AE94AD95CDF83090CDF8BA
:1014E000B0A2AA90A9914FF20C244FF20C354FF202
:1014F00008594FF2081A4FF208204FF208314FF204
:101500002C0BA3F800B0A8940B95CDF89C92CDF8C5
:1015100098A2AB964FF2042AA5900A914FF25C2153
:101520004FF204544FF204454FF20419CDF878A25B
:101530004FF204309B914FF2583A4FF25241A1942E
:10154000A095CDF87C9209904FF258544FF258155F
:101550004FF25829CDF85CA24FF2525093914FF2BE
:10156000514A4FF24C119A949995CDF8609294900B
:101570004FF252144FF252254FF25239CDF83CA29D
:101580004FF24C508C914FF2481A4FF248319294DE
:101590009195CDF840928D904FF24C244FF24C35FE
:1015A0004FF24859CDF820A24FF2482086914FF2D1
:1015B000443A4FF22C218B948A95CDF8249287904F
:1015C0004FF244294FF29E00A496A396A2969D96B0
:1015D0009C96969695968E968596CDF8FCA17891D8
:1015E0004FF2B00A4FF28801CDF800927B904FF293
:1015F0009F097591CDF8C0A14FF22C504FF2AE016A
:101600004FF2A10A4FF244544FF24445CDF81490E2
:10161000CDF8DC916E904FF2A3096D91CDF810A03A
:101620004FF2A2004FF22A014FF22C4A8294819588
:10163000CDF8C4918496839608967E9600967D9602
:101640007C967A9607960696799676967496739611
:1016500072966F966C966B966A9669906791CDF8C4
:1016600098A14FF271007F214FF2700A65900391AB
:10167000CDF890A14FF21D004FF21C014FF21B0A52
:1016800063906291CDF884A14FF21A004FF21901D4
:101690004FF2180A60905F91CDF878A14FF21700D1
:1016A0004FF216014FF2150A5D905C91CDF86CA1D6
:1016B0004FF214004FF213014FF2120A5A9059914F
:1016C000CDF860A14FF211004FF210014FF20F0A56
:1016D00057905691CDF854A14FF20E004FF20D01E4
:1016E0004FF20C0A54905391CDF848A14FF20B00E1
:1016F0004FF20A014FF2090A51905091CDF83CA1E6
:101700004FF208004FF207014FF2060A4E904D913A
:10171000CDF830A14FF205004FF204014FF22C3A00
:101720004B904A91CDF824A14FF26D0020E000BF0C
:10173000A6E4FF1FA4E3FF1FAAE4FF1FA8E3FF1F07
:10174000B2E4FF1FB2E3FF1F84E4FF1FB8E3FF1FF3
:10175000B4E4FF1FB0E4FF1FD2E2FF1F80E4FF1FCD
:10176000AEE4FF1FB8E4FF1F96E4FF1FAAE3FF1FCC
:101770004FF22C114FF2310A689648904791CDF8FC
:1017800018A145924FF230004FF25D014FF25C021A
:101790004FF25B0A449043914292CDF804A14FF27C
:1017A0005A004FF259014FF258024FF2570A409037
:1017B0003F913E92CDF8F4A04FF256004FF2550102
:1017C0004FF254024FF2530A3C903B913A92CDF8BB
:1017D000E4A04FF252004FF251014FF250024FF28B
:1017E0004F0A389037913692CDF8D4A04FF24E0080
:1017F0004FF24D014FF24C024FF24B0A34903391AD
:101800003292CDF8C4A04FF24A004FF249014FF294
:1018100048024FF2470A30902F912E92CDF8B4A093
:101820004FF246004FF245014FF244024FF25F0A79
:101830002C902B912A92CDF8A4A04FF29A004FF24F
:1018400077014FF22E024FF2760A289027912692C6
:101850004FF278014FF22602CDF894A04FF2250AFC
:101860004FF23800239122924FF223014FF22202CD
:10187000CDF884A04FF2210A24901F914FF224004A
:101880004FF21F011E92CDF874A04FF21E024FF2CC
:10189000270A20901B914FF220004FF237011A9235
:1018A000CDF864A04FF22D024FF2360A1C9017912A
:1018B0004FF294004FF264011692CDF854A04FF20B
:1018C00066024FF2350A189002914FF26E001392A1
:1018D000CDF848A011914FF261024FF262014FF230
:1018E000A00A149010914FF21C534FF21857B446AF
:1018F000B0464FF244144FF2B105B1464FF26700C3
:101900000F92CDF838A04FF2750103F0F8BB072B0A
:1019100040F08682C24BC34840221A80C24B8022CC
:101920001A80C24B4FF4E0621A80C14B4FF4007230
:101930001A80C04B4FF440721A80BF4B4FF4806244
:101940001A80BE4B4FF4A0621A80BD4B40F2FF726A
:101950001A80BC4B4FF22F021A80BB4B4FF2B402DD
:101960001A80BA4B4FF2B1021A80B94B4FF26F0294
:101970001A80B84B4FF2B8021A80B74B3F221A8038
:10198000B64B4FF22C0BA3F800B0B54B4FF25401FD
:1019900019804FF288030380B24842F2AC040480FD
:1019A000B1484FF21C540380B3944EF26C054FF2D1
:1019B00018594FF2340A4FF212304FF21244B295D6
:1019C000CDF8C492CDF804A0B090AF944EF2660565
:1019D0004FF212594FF2122A4FF211404FF20C34CB
:1019E0000026AE95CDF8B492CDF830A0AC90AA9474
:1019F0004EF260054FF20C594FF20C2A4FF20830AC
:101A00004EF25C04A995CDF8A0924FF21F054FF25B
:101A10002409AB96CDF82CA0A790A6944FF2260AE5
:101A20004FF214304FF21444A595CDF82890CDF81C
:101A300090A2A190A0944EF268054FF214594FF273
:101A4000270A4FF25C504EF2AC049F95CDF8789285
:101A5000CDF824A09B9099944FF258554FF25829F5
:101A60004FF2523A4FF252404EF2A6049895CDF8FA
:101A70005C92CDF850A2939092944FF252554FF24F
:101A800052294FF2514A4FF24C304EF2A004919538
:101A9000CDF84092CDF83CA28D908C944FF24C55ED
:101AA0004FF24C294FF2483A4EF29C004FF2485404
:101AB0004FF218378B95CDF82892CDF824A24FF22B
:101AC00054394FF2544AA396A2969D969C969A97A3
:101AD000969695968E96889087944FF254500C4621
:101AE0004FF25421CDF80892CDF804A280907F9156
:101AF0004FF231094FF22C5A4FF275004FF2350177
:101B00004FF24825CDF8E491CDF8E0A1059077910A
:101B10004FF26D094FF22C3A4FF223004FF2710150
:101B20008695CDF8D491CDF8B8A16D904FF22A0AE0
:101B30004FF22C4085968496839608967E96009662
:101B40007D967C967B967A96079606967696749600
:101B500073967296719670966F966C966B960491CA
:101B60004FF2A701CDF89CA1669065914FF29E0AB5
:101B70004FF2A6004FF21A01CDF80CA064906391C9
:101B80004FF21C0A4FF21B004FF21D01CDF888A145
:101B9000619060914FF2190A4FF218004FF217014D
:101BA000CDF87CA15E905D914FF2160A4FF21500C0
:101BB0004FF20401CDF870A15B905A914FF2130AD5
:101BC0004FF212004FF21101CDF864A158905791D5
:101BD0004FF2330A4FF20F004FF20E01CDF858A129
:101BE000559054914FF20D0A4FF20C004FF20B0139
:101BF000CDF84CA1529051914FF20A0A4FF20900D0
:101C00004FF20801CDF840A14F904E914FF2070AD4
:101C10004FF206004FF20501CDF834A14C9025E0BB
:101C2000A6E4FF1F82E4FF1FA4E3FF1FAAE4FF1F37
:101C3000B2E3FF1FB8E3FF1F84E4FF1FB2E4FF1FFE
:101C4000B4E4FF1FB0E4FF1FD2E2FF1F80E4FF1FD8
:101C5000B8E4FF1FAEE4FF1F96E4FF1FAAE3FF1FD7
:101C6000A8E3FF1F88E4FF1FD0E2FF1F4FF2140A12
:101C70004FF22C206A96699668964B914FF26E014E
:101C8000CDF828A1499048914FF2A30A4FF2AF0036
:101C9000BF21CDF81CA1469045914FF2B00A4FF2FA
:101CA0005A004FF25C01CDF810A1439042914FF2DF
:101CB0005B0A4FF25D004FF25901CDF804A140904C
:101CC0003F914FF2580A4FF257004FF25601CDF8AC
:101CD000F8A03D903C914FF2550A4FF244004FF26C
:101CE0005301CDF8ECA03A9039914FF2520A4FF2DD
:101CF00051004FF27301CDF8E0A0379036914FF2CA
:101D00004F0A4FF24E004FF24D01CDF8D4A034905F
:101D100033914FF24C0A4FF24B004FF24A01CDF88B
:101D2000C8A0319030914FF2490A4FF248004FF26B
:101D30004701CDF8BCA02E902D914FF2460A4FF2EC
:101D400045004FF29F01CDF8B0A02B904FF2500A02
:101D50002A9429914FF23801CDF8A0A026914FF294
:101D6000370A4FF2650125924FF236022492CDF8E0
:101D70008CA04FF264024FF2630A21914FF261018D
:101D80007F202092CDF87CA04FF260024FF25F0AD4
:101D90001D914FF2670127901C924FF266004FF29F
:101DA0007702CDF86CA019914FF2760A4FF210012C
:101DB000229018924FF262004FF27802CDF85CA0A8
:101DC00015914FF2700A4FF222011E9014924FF2B9
:101DD0005E004FF22102CDF808A013914FF21E0AC7
:101DE0004FF274011A9012924FF22E00CDF844A0D7
:101DF00010914FF2A00A4FF230024FF220011690DC
:101E0000CDF838A04FF21C33B446B0463546B14643
:101E10004FF22D000F920D914FF2250A03F032BAC6
:101E20000B2B40F0C980514B514840221A80514B36
:101E300080221A80504B4FF4E0621A804F4B4FF4CF
:101E400000721A804E4B4FF440721A804D4B4FF483
:101E500080621A804C4B4FF4A0621A804B4B40F2C8
:101E6000FF721A804A4B4FF22E021A80494B4FF2F2
:101E7000AD021A80484B4FF26E021A80474B4FF268
:101E800030021A80464B4FF2AE021A80454B3F2279
:101E90001A80454B4FF22C0BA3F800B0434B4FF286
:101EA000440119804FF288030380414842F2AC0498
:101EB000048040484FF21C544EF25C054FF2185912
:101EC0000380B394B295CDF8C4924FF2182A4FF222
:101ED00033004FF212444EF256054FF21259CDF82C
:101EE00004A0B090AF94AE95CDF8B4924FF2122A00
:101EF0004FF211404FF20C344EF250054FF20C5994
:101F00000026CDF830A0AC90AA94A995CDF8A09267
:101F10004FF20C2A4FF208304EF24C044FF2730588
:101F20004FF26F09AB96CDF82CA04FF2610AA79043
:101F3000A694A595CDF828904FF234004FF20444B2
:101F40004EF248054FF20459CDF890A24FF21C33DF
:101F50004FF22F07B446B046A396A296A190A09444
:101F60009F95CDF878924FF2740AF1E0A6E4FF1F36
:101F700082E4FF1FA4E3FF1FAAE4FF1FB2E3FF1FD9
:101F8000B8E3FF1F84E4FF1FB2E4FF1FB4E4FF1FA8
:101F9000B0E4FF1FD2E2FF1F80E4FF1FB8E4FF1F81
:101FA000AEE4FF1F96E4FF1FAAE3FF1FA8E3FF1F95
:101FB00088E4FF1FD0E2FF1F082B40F08882514BBE
:101FC000514840221A80514B80221A80504B4FF4C6
:101FD000E0621A804F4B4FF400721A804E4B4FF460
:101FE00040721A804D4B4FF480621A804C4B4FF474
:101FF000A0621A804B4B40F2FF721A804A4B4FF29C
:102000002E021A80494B4FF2AD021A80484B4FF214
:102010006E021A80474B4FF230021A80464B4FF245
:10202000AE021A80454B3F221A80454B4FF22C0BD3
:10203000A3F800B0434B4FF2440119804FF28803DC
:102040000380414842F2AC04048040484FF21C54E3
:102050004EF25C054FF218590380B394B295CDF857
:10206000C4924FF2182A4FF273004FF212444EF20C
:1020700056054FF21259CDF804A0B090AF94AE952A
:10208000CDF8B4924FF2122A4FF211404FF20C34B5
:102090004EF250054FF20C590026CDF830A0AC900E
:1020A000AA94A995CDF8A0924FF20C2A4FF20830CD
:1020B0004EF24C044FF233054FF22F09AB96CDF898
:1020C0002CA04FF2610AA790A694A595CDF8289070
:1020D0004FF274004FF204444EF248054FF2045997
:1020E000CDF890A24FF21C334FF26F07B446B046C2
:1020F000A396A296A190A0949F95CDF878924FF2C6
:10210000340A25E0A6E4FF1F82E4FF1FA4E3FF1FBB
:10211000AAE4FF1FB2E3FF1FB8E3FF1F84E4FF1F21
:10212000B2E4FF1FB4E4FF1FB0E4FF1FD2E2FF1FC1
:1021300080E4FF1FB8E4FF1FAEE4FF1F96E4FF1F1B
:10214000AAE3FF1FA8E3FF1F88E4FF1FD0E2FF1FE1
:102150004FF25C504FF25834CDF824A09B909A94E3
:102160004EF29C054FF2582A4FF252304FF2524431
:1021700099954FF25859CDF85CA2949093944EF2F1
:1021800096054FF2522A4FF251404FF24C34CDF89F
:10219000609292954FF25259CDF840A28F908D9453
:1021A0004EF290054FF24C2A4FF248304EF28C041A
:1021B000CDF844928C954FF24C59CDF828A28990D5
:1021C00088944FF248554FF2443A4FF244400C463F
:1021D0004FF24451CDF82C9287954FF24829CDF813
:1021E00008A2819080914FF244254FF2A10A4FF24C
:1021F000A3004FF22C31CDF818927F959D969C96B6
:10220000969695968E9685968496839608967E9653
:10221000CDF8D4A171906E914FF2A20A4FF29E00B8
:102220004FF27101CDF8B4A16C9004914FF2A50A60
:102230004FF22A004FF22C41CDF8A4A1679066918D
:102240004FF2B10A4FF2A4004FF2B4014FF22C59F1
:10225000CDF894A1039064914FF21C0A4FF21D0037
:102260004FF21B01CDF8E091CDF88CA100964FF212
:102270001A0A7D967C967B967A96079606967996AC
:1022800005967796769674967396729670966F9674
:102290006B966A966896629061914FF219004FF2C0
:1022A0001801CDF880A15F905E914FF2170A4FF2AE
:1022B00016004FF21501CDF874A15C905B914FF2BE
:1022C000140A4FF213004FF21201CDF868A1599091
:1022D00058914FF2110A4FF210004FF20F01CDF852
:1022E0005CA1569055914FF20E0A4FF20D004FF23D
:1022F0000C01CDF850A1539052914FF20B0A4FF2BE
:102300000A004FF20901CDF844A150904F914FF2CD
:10231000080A4FF207004FF20601CDF838A14D90A0
:102320004C914FF2050A4FF204004FF22C21CDF8E8
:102330002CA14A9049914FF2780A4FF22C104FF29B
:10234000B001CDF820A1479046914FF0BF0A4FF25F
:10235000AF004FF25C01CDF814A1449043914FF2CD
:102360005D0A4FF25B004FF25A01CDF808A141908F
:102370004FF2590A40914FF258004FF25701CDF8F1
:10238000FCA03E903D914FF2560A4FF255004FF29D
:102390005401CDF8F0A03B903A914FF2530A4FF21E
:1023A00052004FF25101CDF8E4A0389037914FF22E
:1023B000500A4FF24F004FF24E01CDF8D8A03590A1
:1023C00034914FF24D0A4FF24C004FF24B01CDF8D1
:1023D000CCA0329031914FF24A0A4FF249004FF2AD
:1023E0004801CDF8C0A02F902E914FF2470A4FF22E
:1023F00046004FF24501CDF8B4A02C902B914FF23E
:102400009F0A4FF26D007F21CDF8A4A0289027915C
:102410004FF2670A25924FF276004FF277014FF2A2
:102420002602CDF898A02490239122924FF2250AFB
:102430004FF224004FF223014FF22202CDF884A084
:1024400020901F914FF2210A4FF21F012A941E92F1
:102450004FF21E02CDF874A01B914FF2270A4FF2E3
:1024600037011A924FF238024FF22000CDF864A0E3
:1024700017914FF2360A4FF2600116924FF2650241
:102480001C90CDF854A04FF264004FF22D0A029137
:1024900013924FF263014FF262021890CDF848A0F8
:1024A0004FF25E004FF2310A119110924FF2A001EB
:1024B0004FF25F021490CDF83CA03546B1464FF282
:1024C00066000E910D924FF2700A02F0DBBE132BE4
:1024D00040F05A82C04B40221A80C04B80221A80A2
:1024E000BF4B4FF4E0621A80BE4B4FF480721A80EB
:1024F000BD4B4FF400721A80BC4B4FF440721A80EF
:10250000BB4B4FF480621A80BA4B40F2FF721A80C4
:10251000B94B4FF2B4021A80B84B4FF22F021A8017
:10252000B74B4FF2B1021A80B64B4FF26F021A80CE
:10253000B54B3F224FF21C244FF218154FF21829C9
:102540004FF2183A4FF212404FF212111A80B39420
:10255000AE4BB295CDF8C492CDF804A0B090AE9138
:102560004FF212244FF212354FF233094FF20C4A58
:102570004FF20C104FF20C210026AD940C95CDF8C3
:10258000B092CDF8A8A2A990A8914FF20C344FF2C6
:1025900008454FF208194FF2082A4FF208304FF25F
:1025A00004414FF22C0BA3F800B00B94A795CDF883
:1025B0009892CDF894A20A904FF204144FF2042599
:1025C0004FF204394FF25C2A4FF25840AF96AB9667
:1025D000A496A1914FF258119F949E95CDF8249006
:1025E000CDF86CA29A9099914FF258244FF2583539
:1025F0004FF252494FF2521A4FF252204FF25231DB
:1026000098949795CDF85092CDF848A291909091DA
:102610004FF273044FF24C454FF24C194FF24C2AD3
:102620004FF24C304FF248418F948D95CDF8309257
:10263000CDF82CA28A9089914FF248144FF2482588
:102640004FF248394FF2444A4FF244204FF244319E
:1026500088948795CDF81892A396A296A0969D96F9
:102660009C969696959693968E9685968496839646
:10267000CDF808A280907F914FF2750A4FF2B50015
:102680004FF22C414FF22E054FF22C29CDF8D4A158
:1026900071906E914FF26E0A4FF22A004FF2B00124
:1026A0000895CDF8E091CDF8A0A181964FF2310ABE
:1026B0007E9600967D967C967B967A9607960696F1
:1026C0007996059677967696749673967296709626
:1026D0006F966D966C966B966A960496699667905F
:1026E00066914FF235004FF23401CDF894A103907A
:1026F00064914FF21D0A4FF21C004FF21B01CDF8FE
:102700008CA1629061914FF21A0A4FF219004FF2B8
:102710001801CDF880A15F905E914FF2170A4FF239
:1027200016004FF21501CDF874A15C905B914FF249
:10273000140A4FF213004FF21201CDF868A159901C
:1027400058914FF2110A4FF210004FF20F01CDF8DD
:102750005CA1569055914FF20E0A4FF20D004FF2C8
:102760000C01CDF850A1539052914FF20B0A4FF249
:102770000A004FF20901CDF844A150904F914FF259
:10278000080A4FF207004FF20601CDF838A14D902C
:102790004C914FF2050A4FF204004FF22C31CDF864
:1027A0002CA14A9049914FF2780A4FF22C104FF227
:1027B0007101CDF820A147904FF2AD0A46914FF23A
:1027C00074004FF25D01CDF814A1449043914FF293
:1027D0005C0A4FF25B001BE0A6E4FF1FA4E3FF1FAF
:1027E000AAE4FF1FA8E3FF1FB2E4FF1FB2E3FF1F2D
:1027F000B8E3FF1FB4E4FF1FB0E4FF1FD2E2FF1FE6
:1028000080E4FF1FB8E4FF1F96E4FF1FAAE3FF1F49
:102810004FF25A01CDF808A1419040914FF2590A68
:102820004FF258004FF25701CDF8FCA03E903D9179
:102830004FF2560A4FF255004FF25401CDF8F0A076
:102840003B903A914FF2530A4FF252004FF251012E
:10285000CDF8E4A0389037914FF2500A4FF24F0074
:102860004FF24E01CDF8D8A0359034914FF24D0A79
:102870004FF24C004FF24B01CDF8CCA03290319189
:102880004FF24A0A4FF249004FF24801CDF8C0A07A
:102890002F902E914FF2470A4FF246004FF245011A
:1028A000CDF8B4A02C902B914FF2440A4FF2940033
:1028B0004FF26D01CDF8A8A0299028914FF07F0A22
:1028C0004FF2670025924FF276014FF27702CDF872
:1028D0009CA026904FF2260A24914FF225004FF239
:1028E000240123924FF22302CDF888A021904FF2C9
:1028F000220A4FF2210020911F924FF220014FF245
:102900001F02CDF878A01D904FF21E0A4FF227004B
:102910001C911B924FF264014FF23702CDF868A070
:102920001990189117924FF2380A4FF236004FF271
:1029300030014FF270024FF21C434FF21847B44679
:10294000B0464FF244143546B146CDF858A0159024
:10295000149102924FF2650A4FF22D014FF2630279
:10296000CDF84CA012914FF2620A4FF26101119220
:102970004FF26600CDF840A00F914FF2A0020E92E8
:102980004FF25F0A00F06FBF0D2B40F01582B74B7E
:10299000B74940221A80B74B80221A80B64B4FF4B9
:1029A00040721A80B54B4FF480721A80B44B4FF4CA
:1029B00000721A80B34B40F2FF321A80B24B4FF2D2
:1029C000B4021A80B14B4FF235021A80B04B3F224D
:1029D0001A80B04B4FF22C0BA3F800B04FF2A103BA
:1029E0000B80AD4942F2AC000880AC494FF2980030
:1029F0000B804FF21811B19001914FF292044FF2F7
:102A000088004FF2081100234FF21C2CAD944FF2B6
:102A100012154FF28C094FF20C1AA5900A914FF241
:102A200084044FF218104FF2D201CDF8CCC20C95AD
:102A3000CDF8A092CDF82CA04FF204154FF2D80A91
:102A4000B293B093AF93AE93AC93AB93AA93A99385
:102A5000A793A693A493A3939E94979091914FF2DA
:102A600012144FF20C104FF2C80109954FF25C2975
:102A7000CDF860A290944FF2CC058A9087914FF2E6
:102A800008144FF204104FF275014FF2B50ACDF859
:102A90006C928B9586944FF2C405A293A193A09358
:102AA0009F939D939C939A939993969395939493C4
:102AB000939392938F938E938D938C938993889312
:102AC00085938493839382937F907191CDF8B0A185
:102AD0004FF260004FF22A014FF2710A8095049084
:102AE00067914FF270007F21819308937E9300934A
:102AF0007D937C937B937A93079306937993789352
:102B000005937793769375937493739372937093FD
:102B10006F936E936D936B936A9369936893CDF8FB
:102B200098A14FF26F0A65900391CDF890A14FF2F2
:102B30001D004FF21C014FF21B0A63906291CDF809
:102B400084A14FF21A004FF219014FF2180A609057
:102B50005F91CDF878A14FF217004FF216014FF2B6
:102B6000150A5D905C91CDF86CA14FF214004FF204
:102B700013014FF2120A5A905991CDF860A14FF209
:102B800011004FF210014FF20F0A57905691CDF8F5
:102B900054A14FF20E004FF20D014FF20C0A549067
:102BA0005391CDF848A14FF20B004FF20A014FF2BA
:102BB000090A51905091CDF83CA14FF208004FF214
:102BC00007014FF2060A4E904D91CDF830A14FF219
:102BD00005004FF204014FF2F40A4B904A91CDF8F0
:102BE00024A14FF26D004FF263014FF2300A48907A
:102BF0004791CDF818A14FF22F0045924FF25D0199
:102C00004FF25C024FF25B0A449043914292CDF83E
:102C100004A14FF25A004FF259014FF258024FF2FD
:102C2000570A40903F913E92CDF8F4A04FF25600E3
:102C30004FF255014FF254024FF2530A3C903B9130
:102C40003A92CDF8E4A04FF252004FF251014FF208
:102C500050024FF24F0A389037913692CDF8D4A0F7
:102C60004FF24E004FF24D011AE000BFA6E4FF1FE5
:102C700082E4FF1FA4E3FF1FAAE4FF1FB2E3FF1FCC
:102C8000B2E4FF1FB4E4FF1FD2E2FF1F80E4FF1F86
:102C900096E4FF1FAAE3FF1F88E4FF1FD0E2FF1F97
:102CA0004FF24C024FF24B0A349033913292CDF8EE
:102CB000C4A04FF24A004FF249014FF248024FF2CE
:102CC000470A30902F912E92CDF8B4A04FF24600D3
:102CD0004FF245014FF244024FF2740A2C902B91AF
:102CE0002A92CDF8A4A04FF278004FF277014FF26C
:102CF0002E024FF2760A289027912692CDF894A0C2
:102D00004FF233004FF273014FF226024FF2250AC1
:102D1000249023914FF224004FF223012292CDF808
:102D200084A04FF222024FF2210A20901F914FF20D
:102D300020004FF21F011E92CDF874A04FF21E0228
:102D40004FF2270A1C901B914FF238004FF23701C7
:102D50001A92CDF864A04FF22D024FF2360A189065
:102D600017914FF26E004FF265011692CDF854A004
:102D70004FF266024FF2340A149002911E461F462B
:102D80009C4698461C461D4699464FF26700139292
:102D9000CDF848A04FF264014FF262024FF2610A8F
:102DA00011911092CDF83CA04FF231014FF25F0229
:102DB0000E910D9202F0A4B90C2B40F09282D24BEE
:102DC000D24840221A80D24B80221A80D14B4FF435
:102DD000E0621A80D04B4FF400721A80CF4B4FF450
:102DE00040721A80CE4B4FF480621A80CD4B4FF464
:102DF000A0621A80CC4B40F2FF721A80CB4B4FF28C
:102E0000B4021A80CA4B4FF234021A80C94B4FF2F7
:102E1000B1021A80C84B4FF275021A80C74B4FF2AD
:102E200035021A80C64B3F221A80C64B4FF22C0B3C
:102E3000A3F800B0C44B4FF2440119804FF2A20333
:102E40000380C24842F2AC040480C1484FF21C2403
:102E50000380B3944EF25C054FF218294FF2183AF2
:102E60004FF212404EF25604B295CDF8C492CDF80E
:102E700004A0B090AE944FF212254FF212394FF2E7
:102E80002F0A4FF20C404EF250044FF0000CAD955B
:102E9000CDF83090CDF8ACA2AA90A9944FF20C25B1
:102EA0004FF20C394FF2084A4EF24C004FF2082410
:102EB000A895CDF8BCC24FF20835CDF8B0C2CDF818
:102EC0002C90CDF89CA2A690A5944FF233094FF216
:102ED000045A4FF204404EF248040A95CDF88C9201
:102EE000CDF888A2A1909F944FF204254FF20439A7
:102EF0004FF2780A4FF25C204FF258449E95CDF87D
:102F00002490CDF870A29B909A944EF29C054FF2BB
:102F100058294FF2583A4FF252404EF29604999582
:102F2000CDF86092CDF85CA2949092944FF2522525
:102F30004FF252394FF26F0A4FF24C404EF290046A
:102F40009195CDF84092CDF838A28D908C944FF2A7
:102F50004C254FF24C394FF2484A4EF28C004FF25A
:102F600048248B95CDF82892CDF824A2CDF890C2B4
:102F70004FF2445ACDF880C2CDF874C2CDF858C291
:102F8000CDF854C2CDF84CC2CDF83CC2889087949D
:102F90004FF244400C464FF284214FF248354FF235
:102FA0007309CDF80CA2829080914FF22C2A4FF237
:102FB000B5004FF22C418695CDF810924FF2443572
:102FC0004FF29009CDF8E0A175906E914FF22A0A68
:102FD0004FF2B0004FF2A7017F95CDF8E491CDF804
:102FE00014C2CDF804C2CDF820C0CDF8F8C1CDF898
:102FF00000C0CDF8F4C1CDF8F0C1CDF8ECC1CDF8EA
:10300000E8C1CDF81CC0CDF818C0CDF814C0CDF87B
:10301000DCC1CDF8D8C1CDF8D0C1CDF8CCC1CDF848
:10302000C8C1CDF8C4C1CDF8C0C1CDF8BCC1CDF880
:10303000B4C1CDF8B0C1CDF8ACC1CDF89CA16690BB
:1030400065914FF0BF0A4FF2A4004FF21D01CDF879
:103050000CA0649063914FF21C0A4FF21B004FF2D8
:103060001A01CDF888A1619060914FF2190A4FF2D0
:1030700018004FF21701CDF87CA15E905D914FF2E0
:10308000160A4FF215004FF21401CDF870A15B90B3
:103090005A914FF2130A4FF212004FF21101CDF87C
:1030A00064A1589057914FF2100A4FF20F004FF25F
:1030B0000E01CDF858A1559054914FF20D0A4FF2E0
:1030C0000C004FF20B01CDF84CA1529051914FF2F0
:1030D0000A0A4FF209004FF20801CDF840A14F90C3
:1030E0004E914FF2070A4FF206004FF20501CDF85C
:1030F00034A14C904FF2040A4FF22C30CDF8A8C105
:10310000CDF810C026E000BFA6E4FF1F82E4FF1F39
:10311000A4E3FF1FAAE4FF1FB2E4FF1FB2E3FF1FF7
:10312000B8E3FF1FACE3FF1FB4E4FF1FB0E4FF1FD1
:10313000D2E2FF1F80E4FF1FB8E4FF1FD6E2FF1FAB
:1031400096E4FF1FAAE3FF1FA8E3FF1F88E4FF1F09
:10315000D0E2FF1FCDF8A4C1CDF8A0C14B914FF232
:103160006E01CDF828A1499048914FF22C1A4FF2E8
:10317000A6004FF2AD01CDF81CA1469045914FF24B
:10318000A50A4FF25D004FF25C01CDF810A143900B
:1031900042914FF25B0A4FF25A004FF25901CDF8BB
:1031A00004A140903F914FF2580A4FF257004FF25E
:1031B0005601CDF8F8A03D903C914FF2550A4FF2E0
:1031C00054004FF25301CDF8ECA03A9039914FF2F0
:1031D000520A4FF251004FF25001CDF8E0A0379063
:1031E00036914FF24F0A4FF24E004FF24D01CDF89B
:1031F000D4A0349033914FF24C0A4FF24B004FF26F
:103200004A01CDF8C8A0319030914FF2490A4FF2EF
:1032100048004FF24701CDF8BCA02E902D914FF2FF
:10322000460A4FF245004FF29401CDF8B0A02B9022
:103230004FF2700A2A9429914FF267017F20CDF84E
:10324000A0A026914FF2770A4FF2250125924FF266
:103250007602279024924FF226004FF22402CDF8F6
:103260008CA021914FF2230A4FF22101229020924B
:103270004FF222004FF22002CDF87CA01D914FF2B8
:103280001F0A4FF227011E901C924FF21E004FF2B0
:103290006402CDF86CA019914FF2370A4FF2360153
:1032A0001A9018924FF22E004FF23102CDF85CA026
:1032B00015914FF2710A4FF26501169014924FF278
:1032C0001C434FF238064FF21847E0466546E14688
:1032D000CDF808A04FF2660013914FF2740201F08E
:1032E0009DB8152B40F0C382BD4BBE4940221A80C9
:1032F000BD4B80221A80BD4B4FF4E0621A80BC4B5C
:103300004FF400721A80BB4B4FF440721A80BA4BD4
:103310004FF480621A80B94B4FF4A0621A80B84B08
:1033200040F2FF721A80B74B4FF260021A80B64B20
:103330004FF2B3021A80B54B4FF2B1021A80B44B70
:103340004FF2B0021A80B34B4FF2AF021A80B24B69
:103350004FF22C0BA3F800B0B04B4FF244021A808E
:103360004FF288030B80AE4942F2AC000880AD49B1
:103370000B80AD4B4FF48F711980AC4B4FF26F0146
:103380001980AB4B40F21F111980AA4B4FF22F014D
:103390001980A94B4FF498711980A84B4FF2740112
:1033A0001980A74B40F231111980A64B4FF20C0146
:1033B0001980A54B4FF4AF711980A44B4FF27301E4
:1033C0001980A34B40F251111980A24B4FF23301E7
:1033D0004FF21C241980B3944EF25C054FF2182969
:1033E0004FF2183A4FF236004FF212414EF25604A5
:1033F000B295CDF8C4924FF21225CDF804A04FF249
:103400001239B090AF91AE944FF2114A4FF20C5076
:103410004EF250014FF20C24AD95CDF83090CDF81E
:10342000B0A2AA90A991A8944FF20C354FF2085976
:103430004EF24C0A4FF275004FF208314FF237044A
:103440000B95CDF89C92CDF898A2A5900A91A494E2
:103450004FF204554FF204494EF2480A4FF204204D
:103460004FF204314FF29604A195CDF88092CDF839
:103470007CA29E9009919D944FF25C254FF27009B9
:103480004EF29C0A4FF258204FF258314FF2760418
:1034900000269B95CDF86892CDF864A298909791FC
:1034A00094944FF252454EF296094FF2522A4FF23F
:1034B00052304FF251414FF24C54AB96A396A29624
:1034C0009C96969695969395CDF84892CDF844A201
:1034D00090908F918D944EF290054FF24C294FF2BF
:1034E0004C3A4FF248504EF28C014FF248248C95E2
:1034F000CDF82C92CDF828A28990889187944FF22C
:1035000048354FF277094FF2840A4FF244504FF298
:10351000444114464FF244228695CDF81492CDF8DA
:1035200010A28290819180924FF244354FF2A2090D
:103530004FF22C2A4FF22C504FF29F014FF22A02E9
:103540007F95CDF80090CDF8E0A18E964FF22C4AF1
:10355000839608967E967D967C967B967A960796BD
:10356000069679960596779676966E900491679270
:103570004FF2A7004FF2AE014FF2A402CDF898A18E
:103580006590039164924FF21D0A4FF21C004FF2B6
:103590001B014FF21A02CDF88CA1629061916092EA
:1035A0004FF2190A4FF218004FF217014FF21602AC
:1035B000CDF87CA15E905D915C924FF2150A4FF2BE
:1035C00014004FF213014FF21202CDF86CA15A9081
:1035D000599158924FF2110A4FF210003CE000BF8F
:1035E000A6E4FF1F82E4FF1FA4E3FF1FAAE4FF1F5E
:1035F000B2E4FF1FB2E3FF1F84E4FF1FB8E3FF1F25
:10360000B4E4FF1FB0E4FF1FD2E2FF1F80E4FF1FFE
:10361000AEE4FF1FB8E4FF1FAAE3FF1FA8E3FF1FEC
:1036200088E4FF1FD0E2FF1F8AE4FF1FD4E2FF1FE0
:103630008CE4FF1FB4E3FF1F8EE4FF1F9CE4FF1F19
:1036400090E4FF1F9AE3FF1F92E4FF1FA0E4FF1F17
:10365000BCE4FF1FA2E4FF1F4FF20F014FF20E0266
:10366000CDF85CA175964FF20D0A7496739672961A
:10367000719670966F966D966C966B966A96699633
:1036800068965690559154924FF234004FF20B01C8
:103690004FF20A02CDF84CA15290519150924FF244
:1036A000090A4FF208004FF207014FF20602CDF867
:1036B0003CA14E904D914C924FF2050A4FF20400FE
:1036C0004FF22C314FF26E02CDF82CA14A90499165
:1036D00048924FF22C1A4FF2A6004FF2AD014FF272
:1036E000A502CDF81CA14690459144924FF25D0A87
:1036F0004FF25C004FF25B014FF25A02CDF80CA181
:103700004290419140924FF2590A4FF258004FF2C5
:1037100057014FF25602CDF8FCA03E903D913C92ED
:103720004FF2550A4FF254004FF253014FF252023A
:10373000CDF8ECA03A90399138924FF2510A4FF2FD
:1037400050004FF24F014FF24E02CDF8DCA0369000
:1037500035914FF24D0A34924FF24B014FF24A022B
:10376000CDF8CCA04FF24C00319130924FF2490A83
:103770004FF247014FF246023290CDF8BCA04FF213
:1037800048002D912C924FF2450A4FF26D014FF2F5
:103790009E022E90CDF8ACA04FF294002891279273
:1037A0004FF2670A4FF271014FF278022990CDF87B
:1037B00098A04FF2B500249123924FF2260A4FF2BF
:1037C00024014FF223022590CDF888A04FF2250066
:1037D00020911F924FF2220A4FF220014FF21F0256
:1037E0002190CDF878A04FF221001C911B924FF24E
:1037F0001E0A4FF264014FF238021D90CDF868A006
:103800004FF22700189117924FF22E0A4FF26101E2
:103810004FF22D021990CDF858A04FF231001491BB
:1038200002924FF2650A4FF25F014FF26302159068
:103830002A94CDF84CA04FF2620A129111924FF2E5
:10384000A1014FF2A002CDF840A04FF21C534FF25D
:103850003007B446B0463546B1464FF266000F9188
:103860000E924FF2350ACDF834A001F049BC182B66
:1038700040F0D782A64BA74940221A80A64B80224F
:103880001A80A64B4FF470621A80A54B4FF48072D9
:103890001A80A44B4FF400721A80A34B4FF440726D
:1038A0001A80A24B4FF4A0621A80A14B4FF4C06261
:1038B0001A80A04B4FF400621A809F4B4FF41062A5
:1038C0001A809E4B4FF430621A809D4B40F6FF7277
:1038D0001A809C4B4FF22E021A809B4B4FF27502BE
:1038E0001A809A4B4FF26E021A80994B4FF2A10246
:1038F0001A80984B4FF2A3021A80974B4FF2A50201
:103900001A80964B4FF2A7021A80954B4FF2AD02E8
:103910001A80944B4FF2AE021A80934B3F221A80CA
:10392000924B4FF22C0BA3F800B04FF288030B80A0
:103930008F4940F21B1008808E494FF21F0008800B
:103940008D4940F2611008808C494FF220000880B8
:103950008B4940F20D1008808A494FF221000880FF
:10396000894940F25910088088494FF222000880A6
:1039700087494FF4BF70088086494FF223000880C2
:10398000854940F26F10088084494FF23300088067
:10399000834940F21110088082494FF29600088056
:1039A00081494FF48870088080494FF28700088071
:1039B0007F494FF4A17008807E494FF28E00088045
:1039C0007D4940F2411008807C494FF28F00088009
:1039D0007B4942F2AC0008807A494FF22F000B80FD
:1039E0004FF2121100234FF2240CB190AD914FF21F
:1039F00026044FF227054FF606394FF2250A4FF2FB
:103A0000B4004FF25D11CDF8CCC2A894A595CDF8C5
:103A10009092B2930193B093AF93AE930C93AC9307
:103A2000AB93AA93A9930B93A793A6930A93A393FB
:103A3000A293CDF878A29D909B914FF24C1A4FF231
:103A400048104FF646314FF258144FF2B0054FF27E
:103A50005219CDF82CA2879085914FF22C1A4FF273
:103A60002C204FF2340198949595CDF84492A1936F
:103A7000A0939F9309939C939A939993979396936A
:103A800094939393929390938F938E938D938C931F
:103A90008A93899388938693849383938293819363
:103AA000CDF8E0A175906D914FF2B10A4FF22A0066
:103AB0004FF29E014FF244154FF62C39CDF8A8A1D4
:103AC000679066914FF2910A7F204FF285018095B1
:103AD000CDF8E8917F9308937E9300937D937C9338
:103AE0007B930793069379930593779376937493D7
:103AF00073937293719370936F936E936C936B93B4
:103B0000049369936893CDF894A1039064915BE06A
:103B1000A6E4FF1F82E4FF1FA4E3FF1FAAE4FF1F28
:103B2000B2E4FF1F9CE3FF1F7EE4FF1FBAE3FF1F09
:103B3000AEE3FF1F9EE4FF1F98E3FF1F86E4FF1F15
:103B4000B4E4FF1FD2E2FF1FB6E4FF1FBAE4FF1F79
:103B5000B6E3FF1FA6E3FF1FA2E3FF1F94E4FF1FCE
:103B6000B8E4FF1FB0E3FF1F96E4FF1FAAE3FF1FA7
:103B700088E4FF1FD0E2FF1F8AE4FF1FD4E2FF1F8B
:103B80008CE4FF1FB4E3FF1F8EE4FF1F9CE4FF1FC4
:103B900090E4FF1F9AE3FF1F92E4FF1FA0E4FF1FC2
:103BA000BCE4FF1FA2E4FF1FBEE4FF1FA4E4FF1F4D
:103BB00098E4FF1F9EE3FF1F9AE4FF1FA8E4FF1F86
:103BC000A0E3FF1FACE4FF1F4FF21C0A4FF21D00E1
:103BD0004FF21B01CDF88CA1629061914FF21A0A4D
:103BE0004FF219004FF21801CDF880A15F905E915D
:103BF0004FF2170A4FF216004FF21501CDF874A1DB
:103C00005C905B914FF2140A4FF213004FF21201D5
:103C1000CDF868A1599058914FF2110A4FF2100057
:103C20004FF20F01CDF85CA1569055914FF20E0A5C
:103C30004FF20D004FF20C01CDF850A1539052916C
:103C40004FF20B0A4FF20A004FF20901CDF844A1DE
:103C500050904F914FF2080A4FF207004FF20601C1
:103C6000CDF838A14D904C914FF2050A4FF2040067
:103C70004FF2A401CDF82CA14A9049914FF2780A55
:103C80004FF2A0004FF28A01CDF820A14790469153
:103C900045924FF25C0A4FF289024FF25D004FF2FB
:103CA0005B014492CDF80CA1429041914FF25A022F
:103CB0004FF2590A4FF258004FF257014092CDF897
:103CC000FCA03E903D914FF256024FF2550A4FF242
:103CD00054004FF253013C92CDF8ECA03A90399148
:103CE0004FF252024FF2510A4FF250004FF24F0181
:103CF0003892CDF8DCA0369035914FF24E024FF25B
:103D00004D0A4FF24C004FF24B013492CDF8CCA04B
:103D1000329031914FF24A024FF2490A4FF2480075
:103D20004FF247013092CDF8BCA02E902D914FF26A
:103D300046024FF2450A4FF244004FF299012C928D
:103D4000CDF8ACA02A9029914FF276024FF2B70A33
:103D50004FF22D004FF2B6012892CDF89CA026908C
:103D600025914FF235024FF2770A4FF266004FF27B
:103D700065012492CDF88CA04FF2640222904FF29C
:103D8000630A21914FF261012092CDF87CA04FF29D
:103D900060024FF25F0A1D914FF267011C92CDF84D
:103DA0006CA04FF26F024FF2370A19914FF23601B1
:103DB0004FF262001892CDF85CA04FF21E024FF253
:103DC000B80A15914FF270011E9014924FF25E00E6
:103DD0004FF27102CDF808A013914FF2860A4FF20C
:103DE0006D011A9012924FF23800CDF844A0109154
:103DF0004FF29B0A4FF2B3024FF273011690CDF8C7
:103E000038A01E461F469C464FF2AF081C461D4672
:103E100099464FF230000F920D914FF2740A01F063
:103E200031BA192B40F00683B54B40221A80B54BAE
:103E300080221A80B44B4FF470621A80B34B4FF457
:103E400080721A80B24B4FF400721A80B14B4FF45B
:103E500080621A80B04B4FF4A0621A80AF4B4FF4CF
:103E6000C0621A80AE4B4FF4E0621A80AD4B4FF443
:103E700000621A80AC4B4FF410621A80AB4B4FF4C7
:103E800020621A80AA4B40F6FF721A80A94B4FF2AB
:103E900035021A80A84B4FF29F021A80A74B4FF2AF
:103EA000A0021A80A64B4FF2A1021A80A54B4FF236
:103EB000A2021A80A44B4FF2A3021A80A34B4FF226
:103EC000A5021A80A24B4FF2A6021A80A14B4FF214
:103ED000A7021A80A04B4FF2AD021A809F4B3F22DF
:103EE0001A809F4B4FF22C0BA3F800B09D4B4FF262
:103EF000440119809C4B4FF2880018809B4B4FF473
:103F0000B07018809A4B4FF26F001880994B40F2B6
:103F100061101880984B4FF22F001880974B4FF488
:103F200088701880964B4FF270001880954B40F2C5
:103F300011101880944B4FF230001880934B4FF4BF
:103F400086701880924B4FF273001880914B40F2AC
:103F50000D101880904B4FF2330018808F4B4FF4A8
:103F6000837018808E4B4FF2740018808D4B40F296
:103F7000071018808C4B4FF2340018808B4B40F2A6
:103F80007D1018808A4B4FF271001880894B4FF4D6
:103F9000BF701880884B4FF231004FF61D04188017
:103FA000B3944EF25C054FF618094FF6122A4EF202
:103FB00056004FF61204B295CDF8C492CDF8C0A2C7
:103FC000AE90AD944FF60C254EF250094FF60C0A08
:103FD0004FF608204EF24C040023AA95CDF8A49287
:103FE000CDF8A0A2A790A6944FF608054FF20619A7
:103FF0004FF6042A4EF248004FF60404A595CDF87A
:1040000090924FF2B4054FF65D090193AF930C9374
:10401000AC93AB930B930A93A393CDF884A29F9098
:104020009E944FF6582A4EF29C004FF658049D95E8
:10403000CDF86C92CDF868A2999098944FF2B005A3
:104040004FF652294EF2960A4FF652004FF64C2484
:104050009595CDF85092CDF848A291908D944EF25E
:1040600090054FF64C094FF6482A4EF28C004FF659
:1040700048048C95CDF82C92CDF824A28890879492
:104080004FF246154FF644290C464FF6440A4FF2BC
:104090002C104FF62C018595A293A09309939C9325
:1040A00097939693939390938F938E938A938693FB
:1040B00084938393CDF80892CDF800A27A907891FA
:1040C0004FF62C2A4FF290004FF2B1014FF22C59CB
:1040D000CDF8B8A16D906A914FF22A0A4FF29E0076
:1040E0004FF29101CDF8D491CDF89CA181934FF27C
:1040F0009A0A7F9308937E9300937D935EE000BFBE
:10410000A6E4FF1FA4E3FF1FAAE4FF1F86E4FF1F2E
:104110007EE4FF1FBAE3FF1F9CE3FF1FAEE3FF1F18
:104120009EE4FF1FB2E4FF1F98E3FF1FB8E3FF1FE9
:10413000B4E4FF1FB0E3FF1FBAE4FF1FB0E4FF1FAA
:10414000B6E3FF1FB6E4FF1FA6E3FF1FA2E3FF1FB6
:10415000D2E2FF1F94E4FF1FB8E4FF1F96E4FF1FA5
:10416000AAE3FF1FA8E3FF1F82E4FF1F88E4FF1FED
:10417000D0E2FF1F8AE4FF1FD4E2FF1F8CE4FF1F81
:10418000B4E3FF1F8EE4FF1F9CE4FF1F90E4FF1FBA
:104190009AE3FF1F92E4FF1FA0E4FF1FBCE4FF1F90
:1041A000A2E4FF1FBEE4FF1FA4E4FF1F98E4FF1F6B
:1041B0009EE3FF1F9AE4FF1FA8E4FF1F7C937B93FD
:1041C00007930693799305937793769374937393F8
:1041D0007293719370936F936C936B930493699341
:1041E0006893669065914FF285004FF21C01CDF8FF
:1041F0000CA0649063914FF21D0A4FF21B004FF226
:104200001A01CDF888A1619060914FF2190A4FF21E
:1042100018004FF21701CDF87CA15E905D914FF22E
:10422000160A4FF215004FF21401CDF870A15B9001
:104230005A914FF2130A4FF212004FF21101CDF8CA
:1042400064A1589057914FF2100A4FF20F004FF2AD
:104250000E01CDF858A1559054914FF20D0A4FF22E
:104260000C004FF20B01CDF84CA1529051914FF23E
:104270000A0A4FF209004FF20801CDF840A14F9011
:104280004E914FF2070A4FF206004FF20501CDF8AA
:1042900034A14C904B914FF2040A4FF2A4004FF21C
:1042A0007801CDF828A1499048914FF22C3A4FF26D
:1042B0008A004FF29401CDF81CA146904FF2890A72
:1042C00045914FF25D01CDF810A14FF25C00429193
:1042D0004FF25B0A4FF259014390CDF804A14FF21F
:1042E0005A003F914FF2580A4FF256014090CDF8D4
:1042F000F8A04FF257003C914FF2550A4FF253018C
:104300003D90CDF8ECA04FF2540039914FF2520A93
:104310004FF250013A90CDF8E0A04FF251003691A3
:104320004FF24F0A4FF24D013790CDF8D4A04FF223
:104330004E0033914FF24C0A4FF24A013490CDF8BF
:10434000C8A04FF24B0030914FF2490A4FF247019B
:104350003190CDF8BCA04FF248002D914FF2460AA3
:104360004FF299012E90CDF8B0A04FF2450029915F
:104370004FF26D0A4FF267012B90CDF8A0A07F207D
:10438000269125924FF2770A4FF276024FF22501DD
:10439000279024924FF226004FF224022A94CDF85F
:1043A0008CA04FF2230A21914FF2210122902092FA
:1043B0004FF222004FF22002CDF87CA01D914FF267
:1043C0001F0A4FF227011E901C924FF21E004FF25F
:1043D0006402CDF86CA019914FF2370A4FF2360102
:1043E0001A9018924FF238004FF22E02CDF85CA0CE
:1043F00015914FF26E0A4FF26501169014921E4607
:104400004FF618279C464FF2AF081D469946CDF847
:1044100008A04FF2660013914FF22D024FF2630A8B
:104420004FF262011292CDF844A010914FF2610256
:1044300000F05EBE1A2B40F06686AB4B40221A801D
:10444000AA4B80221A80AA4B4FF470621A80A94BA3
:104450004FF480721A80A84B4FF400721A80A74B59
:104460004FF440721A80A64B4FF480621A80A54B1D
:104470004FF4A0621A80A44B4FF4C0621A80A34B81
:104480004FF4E0621A80A24B4FF400621A80A14BF5
:104490004FF410621A80A04B4FF420621A809F4B99
:1044A0004FF430621A809E4B40F6FF721A809D4A8C
:1044B0004FF2A70313809C4A4FF2A20111809B4A3E
:1044C0009B494FF26E0414804FF2A0020A80994972
:1044D0004FF2A100088098494FF2A3000880974846
:1044E0004FF2A401018096484FF2A505058095483A
:1044F0000380954B4FF2AD001880944B4FF2AE0005
:104500001880934B3F251D80924B4FF22C0BA3F844
:1045100000B0914B40F251101880904B4FF22F0099
:1045200018808F4B4FF4A87018808E4B4FF26F009D
:1045300018808D4B40F2711018808C4B4FF2310077
:1045400018808B4BA8954FF4B8701880894B4FF2A8
:1045500071001880884B40F211101880874B4FF281
:1045600087001880864B4FF488761E80854B4FF26B
:1045700096061E80844B4FF4A1761E80834B4FF22B
:104580008E061E80824B40F241161E80814B4FF2F8
:104590008F061E80804B42F2AC061E804FF2270A27
:1045A0007E4BCDF8C0A24FF298064FF230094FF281
:1045B000330A1E80CDF8C49200234FF22E09CDF8A5
:1045C00094A24FF606354FF2340ACDF8B492A49572
:1045D0004FF284094FF2B405B393B2930193AF93B2
:1045E000AE930C93AC93AB93AA93A9930B93A7931D
:1045F000A6930A93A393A293CDF878A24FF2700AE0
:10460000CDF884929D954FF26D09CDF860A24FF2DE
:10461000B0058E904FF07F0A4FF27300CDF868928C
:1046200095954FF267099194CDF82CA287904FF69B
:1046300046344FF288054FF62C3A4FF22C10CDF845
:10464000509285948295A0939F9309939C939B93FA
:104650009993979396939393929390938F938D932B
:104660008C938A938993889386938493839381937D
:10467000CDF8E8A178904FF2750A4FF2B1004FF2F1
:104680007409CDF8B4A16A904FF22A0A4FF29E0045
:10469000CDF80092CDF89CA14FF22C2966904FF2F4
:1046A000910A4FF29A00CDF8D4917F9308937E93AC
:1046B00000937D937C937B93079306937993059363
:1046C00077937693749373937293719370936F93BC
:1046D0006E936C936B93049369936893CDF894A154
:1046E00003904FF2850A5BE0A6E4FF1FA4E3FF1FDF
:1046F000AAE4FF1FB2E4FF1F9CE3FF1F7EE4FF1F3D
:10470000A8E3FF1FBAE3FF1FAEE3FF1FB2E3FF1FE3
:104710009EE4FF1F98E3FF1FB8E3FF1F86E4FF1F1F
:10472000B4E4FF1FD2E2FF1FB6E4FF1FBAE4FF1F8D
:10473000B0E4FF1FB6E3FF1FA6E3FF1F80E4FF1FE7
:10474000A2E3FF1F94E4FF1FB8E4FF1FB0E3FF1FC5
:1047500096E4FF1FAAE3FF1F88E4FF1FD0E2FF1FBC
:104760008AE4FF1FD4E2FF1F8CE4FF1FB4E3FF1FA6
:104770008EE4FF1F9CE4FF1F90E4FF1F9AE3FF1FDE
:1047800092E4FF1FA0E4FF1FBCE4FF1FA2E4FF1F91
:10479000BEE4FF1FA4E4FF1F98E4FF1F9EE3FF1F7A
:1047A0004FF21C00CDF890A163904FF21D0A4FF21A
:1047B0001B00CDF888A161904FF21A0A4FF2190040
:1047C000CDF880A15F904FF2180A4FF21700CDF894
:1047D00078A15D904FF2160A4FF21500CDF870A146
:1047E0005B904FF2140A4FF21300CDF868A1599074
:1047F0004FF2120A4FF21100CDF860A157904FF21C
:10480000100A4FF20F00CDF858A155904FF20E0A42
:104810004FF20D00CDF850A153904FF20C0A4FF219
:104820000B00CDF848A151904FF20A0A4FF209004F
:10483000CDF840A14F904FF2080A4FF20700CDF893
:1048400038A14D904FF2060A4FF20500CDF830A185
:104850004B904FF2040A49914FF278004FF28A01CF
:10486000CDF828A14890479246914FF294024FF21A
:10487000890A4FF25C004FF25D014592CDF810A11C
:104880004FF25B02439042914FF25A0A4FF25900A5
:104890004FF258014192CDF800A13F903E914FF266
:1048A00057024FF2560A4FF255004FF254013D9213
:1048B000CDF8F0A03B903A914FF253024FF2520ADA
:1048C0004FF251004FF250013992CDF8E0A03790ED
:1048D00036914FF24F024FF24E0A4FF24D004FF217
:1048E0004C013592CDF8D0A0339032914FF24B026B
:1048F0004FF24A0A4FF249004FF248013192CDF887
:10490000C0A02F902E914FF247024FF2460A4FF26D
:1049100045004FF244012D92CDF8B0A02B902A9182
:104920004FF299024FF2760A4FF29D004FF2640166
:104930002992CDF8A0A027902691BF224FF2B60A67
:104940004FF277004FF226012592CDF890A02390E8
:104950004FF2250222914FF2240A4FF222012192B6
:10496000CDF880A04FF221024FF2200A1E914FF2A3
:104970001E014FF223001D92CDF870A04FF23502B8
:104980004FF2630A1A914FF238011F9019924FF2B9
:104990001F004FF23602CDF860A016914FF2600A68
:1049A0004FF265011B9015924FF237004FF25E02F5
:1049B000CDF850A013914FF2860A4FF26201179082
:1049C00012924FF2B800CDF844A010914FF29B0A1A
:1049D0004FF2B3024FF25F010290CDF838A01E46AD
:1049E0004FF22D079C464FF2AF081C461D469946D4
:1049F0004FF266000F920D914FF2610A00F042BC37
:104A00004FF22A024FF2750A4FF26E0B6792CDF801
:104A100098A1CDF894B14FF271004FF26D014FF2B1
:104A200038024FF2170A4FF2050B0390649163921C
:104A3000CDF888A1CDF884B14FF236004FF237019E
:104A40004FF209024FF20E0A4FF2330B60905F9162
:104A50005E92CDF874A1CDF870B14FF212004FF212
:104A60001B014FF215024FF2160A4FF20F0B5B902B
:104A70005A915992CDF860A1CDF85CB14FF2100077
:104A80004FF213014FF219024FF2060A4FF20A0BCE
:104A9000569055915492CDF84CA1CDF848B14FF2B3
:104AA0000D004FF218014FF21C024FF2070A4FF2AD
:104AB0000B0B519050914F92CDF838A1CDF834B1F5
:104AC0004FF20C004FF211014FF204024FF2350A7F
:104AD0004FF2740B4C904B914A92CDF824A1CDF833
:104AE00020B14FF263004FF22E014FF231024FF22C
:104AF0002D0A4FF2780B479046914592CDF810A1C0
:104B0000CDF80CB14FF257004FF245014FF276024B
:104B10004FF2770A4FF2490B429041914092CDF803
:104B2000FCA0CDF8F8B04FF24E004FF273014FF2F7
:104B300052024FF25B0A4FF2550B3D903C913B9273
:104B4000CDF8E8A0CDF8E4B04FF256004FF24F0197
:104B50004FF250024FF2530A4FF2590B38903791EF
:104B60003692CDF8D4A0CDF8D0B04FF246004FF237
:104B70004A014FF24D024FF2580A4FF25C0B33904C
:104B800032913192CDF8C0A0CDF8BCB04FF24700C1
:104B90004FF24B014FF24C024FF2510A4FF2440BCD
:104BA0002E902D912C92CDF8ACA0CDF8A8B04FF25C
:104BB0005F004FF26F014FF248024FF2300A4FF29E
:104BC0005A0B299028912792CDF898A04FF25D01B9
:104BD000CDF894B04FF226024FF2250A4FF2240B83
:104BE0004FF21D00239122924FF222014FF2210237
:104BF000CDF884A0CDF880B04FF2200A4FF21F0B01
:104C000024901E914FF223004FF227011D92CDF800
:104C100070A04FF22F024FF2080ACDF86CB04FF29D
:104C2000340B1F9019914FF21E004FF27001189231
:104C3000CDF85CA04FF265024FF2660ACDF858B08D
:104C40004FF2140B1A9014914FF21A004FF26401B4
:104C50000292CDF84CA0CDF848B04FF262024FF26C
:104C6000610A4FF2600B159011914FF2670010929C
:104C7000CDF83CA0CDF838B04FF25401F9F7BFBEE3
:104C80004FF21C224FF218144FF218254FF2183928
:104C90004FF2125A4FF212404FF21211B392B294E5
:104CA000B195CDF80490CDF8C0A2AF90AE914FF27F
:104CB00012224FF212344FF211454FF287094FF290
:104CC0000C5A4FF20C104FF20C21AD920C94AC9593
:104CD000CDF8AC92CDF8A8A2A990A8914FF20C32D1
:104CE0004FF208544FF208154FF208294FF2083AD4
:104CF0004FF286004FF233010B92A794A695CDF8A0
:104D00009492CDF828A0A490A3914FF22F024FF2D5
:104D100004544FF204454FF204194FF2042A4FF2A3
:104D200004304FF296010026A292A194A095CDF8EE
:104D30007C92CDF878A209909D914FF25C224FF2BF
:104D400058544FF258154FF258294FF2583A4FF233
:104D500074004FF252519B929A949995CDF86092BB
:104D60004FF252424FF252254FF252399C96CDF8F3
:104D70005CA2969094914FF2514A4FF24C504FF2F0
:104D80004C1193924FF252149195CDF84092CDF878
:104D90003CA28D908C914FF24C224FF248554FF22D
:104DA00048194FF2482A4FF248304FF2C601929408
:104DB0008B924FF24C348995CDF82092CDF81CA2FD
:104DC000869085914FF273024FF244554FF2444959
:104DD0004FF2442A4FF244304FF2ED018A9484920C
:104DE0004FF26F048295CDF80492CDF800A27F9027
:104DF00008914FF235024FF2CB054FF2B7094FF24F
:104E0000A40A4FF290004FF22C21839400927C95DB
:104E1000CDF81C90CDF818A04FF2AD024FF2E70A82
:104E200095968E967E967D967B967A9679907891D9
:104E30004FF295004FF28F017692CDF8D0A173908A
:104E400071914FF284024FF28A0A4FF22C504FF2C6
:104E50009C017092CDF8BCA16E906B914FF26102F3
:104E60004FF2A10A4FF2E1004FF29E016A92CDF893
:104E700010A0699068914FF22A024FF22C4A4FF22B
:104E8000E6004FF2AE016792CDF898A165900391CC
:104E90004FF2A4024FF21D0A4FF21C004FF21B0109
:104EA0006492CDF88CA1629061914FF21A024FF298
:104EB000190A4FF218004FF217014FF2940960924D
:104EC000CDF87CA15E905D914FF216024FF2150A6B
:104ED0004FF214004FF21301CDF8D4915C92CDF84B
:104EE0006CA14FF212024FF2110A05967796729654
:104EF0006D966C965A9059914FF210004FF20F0137
:104F00005892CDF85CA1569055914FF20E024FF297
:104F10000D0A4FF20C004FF20B015492CDF84CA148
:104F2000529051914FF20A024FF2090A4FF20800D3
:104F30004FF207015092CDF83CA14E904D914FF2A7
:104F400006024FF2050A4FF204004FF22C314C9248
:104F5000CDF82CA14A9049914FF278024FF22C1AC9
:104F60004FF2A6004FF2E4014892CDF81CA1469002
:104F700045914FF2A5024FF25D0A4FF25C004FF2ED
:104F80005B014492CDF80CA1429041914FF25A023C
:104F90004FF2590A4FF258004FF257014092CDF8A4
:104FA000FCA03E903D914FF256024FF2550A4FF24F
:104FB00054004FF253013C92CDF8ECA03A90399155
:104FC0004FF252024FF2510A4FF250004FF24F018E
:104FD0003892CDF8DCA0369035914FF24E024FF268
:104FE0004D0A4FF24C004FF24B013492CDF8CCA059
:104FF000329031914FF24A024FF2490A4FF2480083
:105000004FF247013092CDF8BCA02E902D914FF277
:1050100046024FF2450A4FF244004FF2B1012C9282
:10502000CDF8ACA02A9029914FF26D024FF2750A8B
:105030004FF267004FF235012892CDF89CA02690E0
:1050400025914FF276024FF2770A4FF226004FF287
:1050500025012492CDF88CA0229021914FF22402B8
:105060004FF2230A4FF222004FF221012092CDF895
:105070007CA01E901D914FF220024FF21F0A4FF2AA
:105080001E004FF227011C92CDF86CA01A901991C6
:105090004FF264024FF2370A4FF238004FF23601F6
:1050A0001892CDF85CA04FF22D0216904FF2710AC3
:1050B00015914FF265011492CDF808A04FF231021C
:1050C00013914FF2630A4FF2620112924FF2185796
:1050D0004FF2340CB0464FF244144FF2F1054FF248
:1050E0008B094FF26600CDF844A010914FF2E00218
:1050F0000F924FF2600ACDF838A04FF25F010D9188
:105100004FF25E0ABEE00023B393B293B1930193D2
:10511000B093AF93AE93AD930C93AC93AB93AA9330
:10512000A993A8930B93A793A693A5930A93A493EB
:10513000A393A293A193A0939F939E9309939D936E
:105140009C939B939A93999398931E4697931F468B
:1051500096939593949393939293919390938F9323
:105160008E938D938C938B938A9389938893879353
:1051700086938593849383938293819380937F9383
:1051800008937E9300937D937C937B937A9307930C
:1051900006939C46799398467893059377937693F4
:1051A0007593749373937293719370936F936E93DB
:1051B0006D936C936B936A9304936993689367936D
:1051C000669365930393649363936293619360938F
:1051D0005F935E935D935C935B931C465A931D466D
:1051E000599358935793569355935493539352937B
:1051F000519350934F934E934D934C934B934A93AB
:1052000049934893479346934593449343934293DA
:10521000419340933F933E933D933C933B933A930A
:105220003993994638931846379336933593349388
:1052300033933293319330932F932E932D932C935A
:105240002B932A932993289327932693259324938A
:1052500023932293219320931F931E931D931C93BA
:105260001B931A931993189317939A4616939B4678
:1052700015931493029313931293119310930F9316
:105280000E930D93F04AF14912880BEA020BA1F834
:1052900000B0DDF834B00AEA020AA1F802A00BEA75
:1052A000020ADDF838B0A1F804A00BEA020ADDF822
:1052B0003CB0A1F806A00BEA020ADDF840B0A1F864
:1052C00008A00BEA020ADDF844B0A1F80AA00BEA34
:1052D000020ADDF848B0A1F80CA00BEA020ADDF8DA
:1052E0004CB0A1F80EA00BEA020AA1F810A0DDF85C
:1052F00008A0DDF850B0104048820AEA0200DDF84C
:1053000054A088820BEA0200DDF858B0C8820AEA8D
:105310000200DDF85CA008830BEA0200DDF860B053
:1053200048830AEA0200DDF864A088830BEA0200E1
:10533000DDF868B0C8830AEA020008840BEA0200BC
:105340004884DDF86CA0DDF870B00AEA0200DDF8F0
:1053500074A088840BEA0200DDF878B0C8840AEAF9
:105360000200DDF87CA008850BEA0200DDF880B0C1
:1053700048850AEA0200DDF884A088850BEA02006D
:10538000DDF888B0C8850AEA0200DDF88CA008863E
:105390000BEA0200DDF890B048860AEA0200DDF868
:1053A00094A088860BEA0200DDF898B0C8860AEA65
:1053B0000200DDF89CA008870BEA0200DDF8A0B02F
:1053C00048870AEA0200DDF8A4A088870BEA0200F9
:1053D000DDF8A8B0C8870AEA0200DDF8ACA0A1F8A1
:1053E00040000BEA0200A1F842000AEA0200A1F81C
:1053F0004400DDF8B0B0DDF8B4A00BEA0200DDF83F
:10540000B8B0A1F846000AEA0200DDF8BCA0A1F895
:1054100048000BEA0200DDF8C0B0A1F84A000AEA31
:105420000200DDF8C4A0A1F84C000BEA0200DDF890
:10543000C8B0A1F84E000AEA0200DDF8CCA0A1F83D
:1054400050000BEA0200DDF8D0B0A1F852000AEAE1
:105450000200DDF8D4A0A1F854000BEA0200DDF848
:10546000D8B0A1F856000AEA0200DDF8DCA0A1F8E5
:1054700058000BEA0200DDF8E0B0A1F85A000AEA91
:105480000200DDF8E4A0A1F85C000BEA0200DDF800
:10549000E8B0A1F85E000AEA0200DDF8ECA0A1F88D
:1054A00060000BEA0200DDF8F0B0A1F862000AEA41
:1054B0000200A1F864000BEA0200A1F86600DDF822
:1054C000F4A0DDF8F8B00AEA0200DDF8FCA0A1F8CB
:1054D00068000BEA0200DDF800B1A1F86A000AEAF0
:1054E0000200DDF804A1A1F86C000BEA0200DDF86F
:1054F00008B1A1F86E000AEA0200DDF80CA1A1F8DB
:1055000070000BEA0200DDF810B1A1F872000AEA9F
:105510000200DDF814A1A1F874000BEA0200DDF826
:1055200018B1A1F876000AEA0200DDF81CA1A1F882
:1055300078000BEA0200DDF820B1A1F87A000AEA4F
:105540000200DDF824A1A1F87C000BEA0200DDF8DE
:1055500028B1A1F87E000AEA0200DDF82CA1A1F82A
:1055600080000BEA0200DDF830B1A1F882000AEAFF
:105570000200DDF834A1A1F884000BEA0200A1F8D2
:1055800086000AEA0200A1F88800DDF838B1DDF8EB
:105590003CA10BEA0200DDF840B1A1F88A000AEA5A
:1055A0000200DDF844A1A1F88C000BEA0200DDF84E
:1055B00048B1A1F88E000AEA0200DDF84CA1A1F87A
:1055C00090000BEA0200DDF850B1A1F892000AEA5F
:1055D0000200DDF854A1A1F894000BEA0200DDF806
:1055E00058B1A1F896000AEA0200DDF85CA1A1F822
:1055F00098000BEA0200DDF860B1A1F89A000AEA0F
:105600000200DDF864A1A1F89C000BEA0200DDF8BD
:1056100068B1A1F89E000AEA0200DDF86CA1A1F8C9
:10562000A0000BEA0200DDF870B1A1F8A2000AEABE
:105630000200DDF874A1A1F8A4000BEA0200DDF875
:1056400078B1A1F8A60003E0B4E4FF1FD8E2FF1F81
:105650000AEA0200A1F8A8000BEA0200A1F8AA00D9
:10566000DDF87CA1DDF880B10AEA0200DDF884A152
:10567000A1F8AC000BEA0200DDF888B1A1F8AE0099
:105680000AEA0200DDF88CA1A1F8B0000BEA0200E2
:10569000DDF890B1A1F8B2000AEA0200DDF80CA032
:1056A000A1F8B4000BEA0200DDF894B1A1F8B6004D
:1056B0000AEA0200DDF898A1A1F8B8000BEA02009E
:1056C000DDF89CB1A1F8BA000AEA0200A1F8BC001A
:1056D0000BEA0200A1F8BE00E048E1490088DDF8CD
:1056E000A0A1DDF8A4B1104008800AEA0200DDF8AC
:1056F00010A048800BEA0200DDF8A8B188800AEA11
:105700000200DDF8ACA1C8800BEA0200DDF8B0B100
:1057100008810AEA020048810BEA02008881DDF86C
:10572000B4A1DDF8B8B10AEA0200DDF8BCA1C88175
:105730000BEA0200DDF8C0B108820AEA02004882E2
:105740000BEA0200888209EA0200DDF8C491DDF864
:10575000C8A1DDF8CCB1C88209EA02000883DDF8EF
:10576000D0910AEA02004883DDF8D4A10BEA0200D6
:105770008883DDF8D8B109EA0200C883DDF8DC913E
:105780000AEA02000884DDF814A00BEA020048844B
:10579000DDF8E0B109EA02008884DDF8E4910AEA64
:1057A0000200C884DDF818A00BEA02000885DDF8C5
:1057B0001CB009EA02004885DDF8E8910AEA020017
:1057C00088850BEA0200C88509EA02000886DDF830
:1057D000ECA1DDF8F0B1DDF800900AEA020048869D
:1057E00005EA02007D9D88860BEA0200DDF8F8A13B
:1057F000C88605EA0200DDF820B0088709EA020041
:105800007F9D48870AEA0200DDF8009288870BEA4C
:105810000200C88705EA0200DDF804A2A1F84000F2
:1058200009EA0200DDF808B2A1F8420004EA020029
:10583000A1F84400839C849DDDF814920AEA0200DA
:10584000A1F846000BEA0200A1F8480004EA0200B1
:10585000DDF818A2A1F84A0005EA0200DDF81CB242
:10586000A1F84C0009EA0200889CA1F84E000AEA5F
:105870000200A1F850000BEA0200A1F8520004EA6D
:105880000200A1F85400899DDDF82892DDF82CA2D1
:10589000DDF830B28D9C05EA0200A1F8560009EA55
:1058A0000200A1F858000AEA02008E9DA1F85A00F1
:1058B0000BEA0200DDF83C92A1F85C0004EA020069
:1058C000DDF840A2A1F85E0005EA0200DDF844B26E
:1058D000A1F8600009EA0200929CA1F862000AEABD
:1058E0000200939DA1F864000BEA0200DDF85092DB
:1058F000A1F8660004EA0200DDF854A2A1F86800ED
:1059000005EA0200DDF858B2A1F86A0009EA0200CF
:10591000979CA1F86C000AEA0200989DA1F86E001D
:105920000BEA0200DDF86492A1F8700004EA0200BC
:10593000A1F8720005EA0200A1F8740009EA020069
:10594000A1F87600DDF868A2DDF86CB29C9C9D9D04
:10595000DDF824900AEA0200A1F878000BEA0200C0
:10596000A1F87A0004EA0200DDF878A2A1F87C0030
:1059700005EA0200DDF87CB2A1F87E0009EA020027
:10598000A09CA1F880000AEA0200A19DA1F8820073
:105990000BEA0200DDF88892A1F8840004EA020014
:1059A000DDF88CA2A1F8860005EA0200DDF890B2CD
:1059B000A1F8880009EA02000A9CA1F88A000AEA14
:1059C0000200A59DA1F88C000BEA0200DDF8989278
:1059D000A1F88E0004EA0200DDF89CA2A1F8900074
:1059E00005EA0200DDF82CB0A1F8920009EA0200F5
:1059F000A1F894000AEA0200A1F896000BEA02005E
:105A0000A1F89800A89CA99DDDF8A892DDF8ACA2A9
:105A1000DDF8B0B204EA0200A1F89A0005EA02003B
:105A2000A1F89C0009EA02000C9CA1F89E000AEA79
:105A30000200AD9DA1F8A0000BEA0200DDF8B892CB
:105A4000A1F8A20004EA0200A1F8A400DDF8BCA2BB
:105A5000DDF8C0B2B19C05EA020003E0AAE3FF1F33
:105A6000BCE3FF1FA1F8A60009EA0200A1F8A80004
:105A70000AEA0200A1F8AA000BEA0200A1F8AC00B1
:105A800008EA0200A1F8AE000CEA0200DDF804C04A
:105A9000A1F8B000B29DDDF8CC920CEA0200A1F8AA
:105AA000B20004EA0200A1F8B40005EA0200A1F87D
:105AB000B60007EA0200A1F8B80009EA0200A1F85E
:105AC000BA00134006EA0200A1F8BC00A1F8BE30FB
:105AD0000DF5357DBDE8F08F024B1A6801321A6072
:105AE000704700BFCCE2FF1F08B50B4C236858037A
:105AF00001D5F6F705FA2368590501D502F0A6F895
:105B000023681A0501D501F0DBFD2368DB04ECD521
:105B100001F034FBE9E700BF3480044008B5FFF72B
:105B2000E3FFFFFF014B10221A8070470020054061
:105B30007047FFFF024A1368184410601846704708
:105B4000808EFF1FFEE7FEE7EFF313839BB9EFF3B1
:105B5000108098B9EFF3058323B10F2B04D9084ABD
:105B6000985C01E04FF48070EFF311833BB1834206
:105B700038BF184670474FF0FF30704718467047DF
:105B8000F0E300E021282AD8164B1B5CFF2B26D01F
:105B9000154A02EBC000002142681160134A1068E8
:105BA00040F020001060124A012011601149984015
:105BB0000860114841F8040C10491160F0210139C6
:105BC0007FF4FDAF11688905FCD41822013A7FF4F7
:105BD000FDAF0B4A1BB232F8130080B270470020B1
:105BE000704700BF24D1020014D002003880044066
:105BF00000500440085004400000020380014A00A5
:105C00000051044010B50023B0FBF2F402FB140075
:105C1000092894BF30303730C0B2C85420460CB188
:105C20000133F1E7CA18547022469A4206DA885CBA
:105C3000CC5C8C54C8540132013BF6E7084610BDD9
:105C4000324B1B88002B5DD018405ED0304B1B8838
:105C50001BB1984201D12F4B52E02F4B1B881BB137
:105C6000984201D12D4B4BE02D4B1B881BB1984224
:105C700001D12C4B44E02C4B1B881BB1984201D125
:105C80002A4B3DE02A4B1B881BB1984201D1294B7E
:105C900036E0294B1B881BB1984201D1274B2FE0DE
:105CA000274B1B881BB1984201D1264B28E0264B7D
:105CB0001B881BB1984201D1244B21E0244B1B8847
:105CC0001BB1984201D1234B1AE0234B1B881BB117
:105CD000984201D1214B13E0214B1B881BB1984204
:105CE00001D1204B0CE0204B1B881BB1984201D105
:105CF0001E4B05E01E4B1B8823B1984204D11D4B5F
:105D0000188870471846704700207047AAE4FF1FA4
:105D1000B2E4FF1FD2E2FF1F86E4FF1FB0E3FF1FC4
:105D2000A8E3FF1FB0E4FF1FB8E3FF1FB8E4FF1FA5
:105D3000B2E3FF1F80E4FF1F84E4FF1FAEE4FF1FF8
:105D4000ACE3FF1FD6E2FF1F9CE3FF1FB6E4FF1F7B
:105D50007EE4FF1FBAE4FF1FBAE3FF1FB6E3FF1F95
:105D6000AEE3FF1FA6E3FF1F9EE4FF1FA2E3FF1F9A
:105D700098E3FF1F94E4FF1F0C4A0346108818B1F4
:105D800003420CBF00200220094A128822B11342AC
:105D90001CBF40F04000C0B2064A128822B1134234
:105DA0001CBF40F01000C0B2704700BFA6E4FF1F48
:105DB000A4E3FF1F7CE4FF1F044B1B8800F03F009F
:105DC00013B1984208BF6420704700BF96E4FF1FDC
:105DD0001F28034612D80A2806D13B4B188820F406
:105DE0007D6020F0070007E00B286BD1364B188848
:105DF00020F47D6020F0040080B270477F2805D831
:105E0000A0F12003314A32F813007047304A12885B
:105E100042B1A0F1A00291B25F2903D82D4B33F813
:105E2000120070472C4A108818B12C4A12889A42E6
:105E300045D02B4A108818B12A4A12889A423ED07F
:105E4000294A108818B1294A12889A4237D0284A1C
:105E5000108818B1274A12889A4230D0264A1088F2
:105E600018B1264A12889A4229D0254A108818B1BA
:105E7000244A12889A4222D0234A108818B1234A11
:105E800012889A421BD0224A108818B1214A1288DF
:105E90009A4214D0204A108818B1204A12889A4297
:105EA0000DD01F4A108818B11E4A12889A4206D097
:105EB0001D4A108838B11D4A12889A4202D1C0F397
:105EC0000D00704700207047B4E4FF1FD8E2FF1FA9
:105ED000AAE3FF1FBCE3FF1FD0E2FF1F88E4FF1F00
:105EE000D4E2FF1F8AE4FF1FB4E3FF1F8CE4FF1F0F
:105EF0009CE4FF1F8EE4FF1F9AE3FF1F90E4FF1F47
:105F0000A0E4FF1F92E4FF1FA2E4FF1FBCE4FF1FF9
:105F1000A4E4FF1FBEE4FF1F9EE3FF1F98E4FF1FE2
:105F2000A8E4FF1F9AE4FF1FACE4FF1FA0E3FF1FDC
:105F300010B546F20144174B1B7843B30720F5F721
:105F400051FF032803D9013C134B18D119E000F08D
:105F5000FFFA01460028F6D0104B1B780372104B55
:105F60001B7843720F4B1A689B88C3810823C0F8C3
:105F70000A2003800720F5F783FF002010BD1A7860
:105F800012B101221A7002E000F078FDD3E74FF061
:105F9000FF3010BDC8E2FF1FCCE4FF1FCAE4FF1FA3
:105FA000CBE4FF1FC4E4FF1F10B50446A1B1134AA0
:105FB000137811EA03000ED023EA01011170FFF7F4
:105FC000B7FFFFF7B5FFFFF7B3FFFFF7B1FFFFF72D
:105FD000AFFF012100E0014654B10023084A985C5C
:105FE000A04202D10021995401210133062BF5D1A1
:105FF00019B1BDE81040FFF79BBF10BDCAE4FF1FF9
:10600000C4E4FF1F10B50446A1B1164B1A7801EA8B
:10601000020088420DD011431970FFF789FFFFF786
:1060200087FFFFF785FFFFF783FFFFF781FF012160
:1060300000E0002184B100230B4A985CA0420BD001
:106040000133062BF8D10023D05C10B9064AD45492
:1060500003E00133062BF7D119B1BDE81040FFF77B
:1060600067BF10BDCAE4FF1FC4E4FF1FF8B5030AF1
:10607000C12B01460FD9DF2B04D803F01F0363F3B4
:106080009F1108E0F02B02D1C0B2002131E0E02BDB
:1060900033D100202CE00846FFF79AFE064660B395
:1060A000164B1C88DCB1FFF7CBFD0546B0B1144B95
:1060B0001C781CB100221A70FFF73AFF2846FFF740
:1060C0005BFE07462846FFF777FE39460546FFF791
:1060D00099FF28463946FFF767FF00E0044630463F
:1060E000FFF74AFE05463046FFF766FE45EA040123
:1060F000C9B2BDE8F840FFF785BFF8BDAAE4FF1FAD
:10610000CAE4FF1F0A4B002118781970094B1A784E
:106110001970094B0243991D58780243002003F877
:10612000010F8B42F8D10AB1FFF702BF704700BFE1
:10613000CAE4FF1FCBE4FF1FC3E4FF1F38B50A4CBE
:106140000A4D2070002329706370A370E3702371DF
:106150006371FFF7EDFE28B928702070BDE8384064
:10616000FFF7E6BE38BD00BFC4E4FF1FCAE4FF1F4F
:1061700038B50546FFF720FE04462846FFF7FCFD2C
:1061800001462046BDE83840FFF7D8BF10B5FFF7FD
:106190001FFE044660B1074B1B8823B1FFF750FD7B
:1061A00008B1FFF7E5FF2046BDE81040FFF7E0BF6C
:1061B00010BD00BFAAE4FF1F10F0800F164B02D1E4
:1061C00000221A600BE0BF2812D81968012900F0DC
:1061D0003F0206D100211960104B18881043FFF7C9
:1061E000D5BF022916D10D49088840EA821205E080
:1061F000DF2806D800F01F02084992010A80012218
:1062000007E0EF2804D8054902030A80022200E0D3
:10621000FF221A60704700BFC0E4FF1FCEE4FF1FDB
:1062200038B5124B1B78EBB1114C23681BB9022017
:10623000F5F7BCFD206020680D4D98B14388C21869
:10624000147A5CB102880133934204D300F09EF9C2
:1062500000232B6000E04380204638BD00F096F913
:106260002C60DEE74FF0FF3038BD00BFC8E2FF1FF3
:10627000DCE4FF1F10B50D4B1B788BB10C4C236871
:106280001BB90220F5F792FD2060206840B14388D9
:1062900003441C7A3CB900F079F9054B1C60EAE72D
:1062A0004FF0FF3010BD204610BD00BFC8E2FF1FF9
:1062B000DCE4FF1F38B5104D2B6823B1286800249B
:1062C000028843880FE00D4B1B781BB10220F5F7C5
:1062D0006DFD28602C68002CF0D10BE0C118214422
:1062E000097A19B10134E1189142F7DB14B900F0D1
:1062F0004DF92C60204638BDDCE4FF1FC8E2FF1FCB
:106300002DE9F843324D012307460C462B70002C33
:106310005AD0304E3368B1465BBB43F601482E4B32
:106320001B7803F0FF020BB92A7018E00120F5F783
:1063300059FD052804D9B8F10108284A09D10AE015
:1063400001232B7000F004F9C9F800000028F2D0F6
:106350000FE013783BB10123137000232B704FF033
:10636000FF30BDE8F8832B7000F088FB01232B7011
:10637000D5E73168194A488800231370C0F14002FC
:10638000944238BF224600F1080C10448C444880E7
:10639000A41A934204D0F85C0CF803000133F8E728
:1063A0001F444B883F2B0E4B02D805221A70AEE7D4
:1063B00040220A804FF00008012083F80080F5F7A2
:1063C0005FFDC6F80080A2E72C702046BDE8F88388
:1063D000D1E4FF1FD4E4FF1FC8E2FF1FD8E4FF1F72
:1063E000E0E4FF1F07B502AB012103F8010D1846D9
:1063F000FFF786FF03B05DF804FBFFFF10B50D4B00
:106400001B78B3B10C4B19681C4691B14B8883B112
:106410000A4A002010703F2B04DCCA1800201072BA
:106420000133F8E740230B800120F5F729FD002315
:10643000236010BDC8E2FF1FD4E4FF1FE0E4FF1F8C
:1064400010B50B4B1B788BB90A4A11684B88144660
:106450003F2B04DCCA18002010720133F8E74023F8
:106460000B800120F5F70CFD0023236010BD00BF59
:10647000D1E4FF1FD4E4FF1F024B1B78DB07FBD5E1
:10648000704700BF010002407FB5174B6A4603F119
:1064900010056E4618685968144603C40833AB42A9
:1064A0002246F7D1114B1A7812F0020F1D4612D076
:1064B00080229A7133229A7203225A7272B60C4C5D
:1064C00046F001062046B04762B6237813F0700309
:1064D00001D0237006E044F621632A78D20701D464
:1064E000013BFAD104B070BD46D102000100024068
:1064F00000000240B0F5006F10B5044609D2064B0B
:106500001B78DB0701D4FFF7BFFF04F1A05420780C
:1065100010BD002010BD00BF01000240B0F5006FAB
:1065200038B504460D460FD2084B1B78DB0701D463
:10653000FFF7AAFF04F1A0542378AB4204D02570E2
:10654000BDE83840FFF798BF38BD00BF01000240EA
:1065500072B60C4A1168B1FA81F31D2B02D962B6EA
:10656000002070474FF00040D84021EA0001116040
:1065700062B6054948225343C8180022CA504260F7
:10658000704700BF848EFF1F0084FF1F0C4B482202
:10659000C31AB3FBF2F31D2B11D80A4A127822B1A9
:1065A000094A12780AB1F5F72FBC72B6074A4FF0C4
:1065B000004121FA03F311681943116062B6704774
:1065C0000084FF1FBFE2FF1FC8E2FF1F848EFF1F72
:1065D000F0B5304B1B681B06FBD42F4B1B6813F028
:1065E0008002F6D172B62D4B1978002950D02C4973
:1065F00008684F688E68CD680C693844143130449F
:106600000968284420440844C0F34E00254940F45A
:1066100000400860C86A0F6B4E6B8D6BCC6B3844C2
:10662000403130440968284420440844C0F34E00F7
:106630001D4940F40040086001F10811143151F87F
:10664000140C51F8107C51F80C6C51F8085C51F89E
:10665000044C096838443044284420440844C0F3BA
:106660004E00124940F400400860C86A0F6B4E6B40
:106670008D6BCC6B38444031304409682844204449
:106680000844C0F34E000A4940F4004008601A7004
:1066900062B6F0BD24B0034024B00B40E2E4FF1F1B
:1066A00038B003402CB0034030B003402CB00B4056
:1066B00030B00B4010B5204B2048214960221A70A1
:1066C000E1225A701F4B204A1C78204B082C01D124
:1066D000012402E00A2C03D119240460132005E0F0
:1066E0000C2C0CBF15243D2404601220086014609B
:1066F0001860174B17491B78174A03B101230B6029
:106700001360164B164A1978164B012901D88021BF
:106710000BE0042901D8842107E0082901D885214C
:1067200003E0102994BF86218721116019600E4B68
:1067300001221A7010BD00BF0040074008B003409E
:106740000CB00340888EFF1F08B00B400CB00B400C
:10675000E5E4FF1F20B0034020B00B40898EFF1FEF
:1067600024B0034024B00B40E2E4FF1F0C2804D9FE
:10677000102828BF1020102307E00A2804D8092871
:1067800034BF08230A2300E00C23094AD9B2081AAF
:106790001070084A1078834208D0074B11701B789C
:1067A00013B1064B00221A60FFF784BF704700BF89
:1067B000E1E4FF1F888EFF1FE2E4FF1F24B00340C7
:1067C0000D2838B50FD9172801D80E380AE0A0F1E6
:1067D0001A03052B01D8093804E0A0F12203062B87
:1067E00047D81838C0B2244B1C5C244B1B780BB123
:1067F000FFF7EEFE210614D472B6214B214D1C602A
:1068000001232B7062B672B61D4B1B681A0601D5A8
:106810001D4B1FE02B78002BEFD062B600F02EF955
:10682000F1E772B6194B1A4D1A6814F0400F14BFF5
:1068300022F0100242F010021A60164B04F03F02E0
:106840001A6001232B7062B672B6124B1B681B06CE
:1068500008D5114B186800232B7062B60F4B1B78BC
:10686000184138BD2B78002BDCD062B600F006F959
:10687000EAE7002038BD00BF56D10200E2E4FF1F66
:1068800000B00340E4E4FF1F10B003400CB00B4025
:10689000E3E4FF1F00B00B4010B00B40E1E4FF1F2A
:1068A000084B1A6842F480521A60074B1A78074B5B
:1068B0000AB1802200E0C0221A70054B80F30C0060
:1068C000188070472C800440E5E4FF1F21C00C4075
:1068D00000C00C40F8B5174B1E6805460C461F4615
:1068E000154B1B7803B30420F5F760FA58B906205E
:1068F000F5F75CFA48B93B689B1BA34218D8B4B1C2
:1069000000F0BCF8ECE7012400E0022400F10803E9
:106910002A4600F1480153F8045B42F8045B8B42BD
:10692000F9D1FFF733FE02E04FF0FF30F8BD20460B
:10693000F8BD00BFCCE2FF1FC8E2FF1FF8B5184B3F
:106940001D6804460E461F46164B1B781BB30320DA
:10695000F5F748FA032806D93B685B1BB3421DD8FC
:1069600000F08CF8F0E7FFF7F3FD03460028F3D0C2
:10697000204603F1080204F1400150F8044B42F8AC
:10698000044B8842F9D140241C8003201946F5F7B6
:1069900077FA2046F8BD4FF0FF30F8BD0020F8BD73
:1069A000CCE2FF1FC8E2FF1FF8B5184B1D68044674
:1069B0000E461F46164B1B781BB30520F5F712FA3F
:1069C000032806D93B685B1BB3421DD800F056F87C
:1069D000F0E7FFF7BDFD03460028F3D0204603F1A2
:1069E000080204F1400150F8044B42F8044B88427D
:1069F000F9D140241C8005201946F5F741FA2046BC
:106A0000F8BD4FF0FF30F8BD0020F8BDCCE2FF1F0D
:106A1000C8E2FF1F08B1014B18607047E8E4FF1F90
:106A20000C4A0D48136811460C4A002B08BF134648
:106A300093FBF0F200FB12330948424344F2A710E3
:106A400000FB03200028BCBF00F1004000F1FF3034
:106A500008607047E8E4FF1F1DF3010024D95B07BD
:106A6000ECF4FFFF10B5044630B1FFF7D9FFB0FBDF
:106A7000F4F303FB140010BD10BDFFFF10B50E4C66
:106A80002378BBB901232370FFF714FC08B100F091
:106A90008CF901F065F808B101F05CF900F09AFD9D
:106AA00008B100F0F2F800F005FB08B101F0D5F9EB
:106AB0000023237010BD00BFECE4FF1F08B503687E
:106AC000C9B21B68984708BD08B50368C9B21B68FE
:106AD000984708BD08B50368C9B21B68984708BD48
:106AE00008B50368C9B21B68984708BD08B50368B4
:106AF000C9B21B68984708BD08B50368C9B21B68CE
:106B0000984708BD08B50368C9B21B68984708BD17
:106B100008B50368C9B21B68984708BD034800EB75
:106B20005100B0FBF1F000F04FBE00BF00449508EB
:106B300010B5064800EB51001446B0FBF1F000F030
:106B400043FE2046BDE8104000F084BE0044950896
:106B500000F0AABE084600F0DBBE08B5084600F00B
:106B6000F3FE003018BF012008BD08B5084600F04C
:106B70000DFF003018BF012008BD00F0F1BF01F08B
:106B800029B800F0FDBF00F0CFBF01F03BB800F026
:106B9000D5BF08B5084600F01FFF012008BD08B5A5
:106BA000084600F019FF012008BD10B5084614463C
:106BB000114600F05BFF204610BD38B508460D4673
:106BC00002F007FA04462146284600F04FFF20460F
:106BD00038BDFFFF034800EB5100B0FBF1F000F0BF
:106BE00035BB00BF0044950810B5064800EB5100C6
:106BF0001446B0FBF1F000F029FB2046BDE8104040
:106C000000F06ABB0044950800F090BB084600F015
:106C1000C1BB08B5084600F0D9FB003018BF012001
:106C200008BD08B5084600F0F3FB003018BF01208E
:106C300008BD00F0CFBC00F007BD00F0DBBC00F0E9
:106C4000ADBC00F019BD00F0B3BC08B5084600F0BB
:106C5000FDFB012008BD08B5084600F0F7FB012048
:106C600008BD10B508461446114600F039FC204610
:106C700010BD38B508460D4602F0ABF90446214672
:106C8000284600F02DFC204638BD7047044B0022FA
:106C90001A714FF47A711A73024A99601A60704738
:106CA000F0E4FF1F78D1020008B5DAF7C3FDDBF787
:106CB00073FAFFF7E3FEFAE7F8B506460C468F18BD
:106CC0000025BC4207D0336814F8011B1B6830460E
:106CD00098470544F5E72846F8BDFFFF07B5064B82
:106CE0001B88ADF80430036801A95B68022298474D
:106CF00003B05DF804FB00BFC8D1020070B50546C3
:106D00008AB022B90368C9B21B6898472CE0012AEF
:106D100008BF0A2221B930228DF82520212413E052
:106D20002124B1FBF2F002FB1011C9B209290AAE0D
:106D300094BF303137312644C9B206F8241C0146CD
:106D400010B1013CE4B2ECE733B1013CE4B20AAB70
:106D500023442D2203F8242C2B6801A95B682846C4
:106D60002144C4F1220298470AB070BD0029BABF7D
:106D700049422D2300230A22FFF7C0BF01F088BE3D
:106D8000FFF798BAFFF74CBAFFF774BAFFF736BBB4
:106D90000846FFF727BB08461146FFF7B1BA08B50A
:106DA0000846FFF709FA012008BD7047064B07495E
:106DB000196000221A71064B4FF47A711A711A7316
:106DC000044A99601A60704700E5FF1FF8D102007D
:106DD00008E5FF1FD8D10200174B1A6842F4805211
:106DE0001A60164A00231370154A1370154A13705F
:106DF000154A1370154A1370154A40F21331116089
:106E00004FF451715160134AC0F344311170C0F313
:106E1000471100F01F0051709072937013742C236F
:106E2000D3700D4B40226FF44B711A700B444FF42A
:106E300000321A60704700BF3480044086E5FF1FAF
:106E40001DE5FF1F8CE5FF1F87E5FF1F1CE5FF1FEA
:106E500008C0044000C0064031E400E0134A9378C3
:106E600000F0030103F0EC030B43410748BF43F07C
:106E70001003937000F00F03042B0C4903D18B799E
:106E800043F040038B715379C20603F0EF03074AC6
:106E900048BF43F0100353719379810603F0EF0369
:106EA00048BF43F010039371704700BF00C0064015
:106EB00008B5114B1B68DB0400D408BD0F4B1A78D2
:106EC00002F0FF0312B1FFF7D9FDF7E70C4A4FF4C8
:106ED000003111600B4A0C49D37040F203120A6072
:106EE0004A600A4A13700A4A13700A4B1B680BB1B6
:106EF00001221A7008BD00BF348004401CE5FF1F4A
:106F000084E100E000C0064008C0044086E5FF1FA1
:106F10001DE5FF1F18E5FF1F38B50446094B1B7818
:106F200003F0FF05002BF9D120460121F5F7A6FC5F
:106F300020462946F5F774FC034B53F83420034BE5
:106F40001A6038BD1CE5FF1F14D0020088E5FF1F42
:106F50000D4A38B5146814F480524FF0000410D074
:106F600021280A4D0AD80A4A012152F830302B60F4
:106F7000F5F784FC2B681C70012038BD2C6020467E
:106F800038BD104638BD00BF3480044018E5FF1FEF
:106F900014D002000B4B1B6813F4805310D00E2842
:106FA000094B09D1094A40F2023111605A7B42F083
:106FB00001025A73012070475A7B02F0FE025A7395
:106FC000002070473480044000C0064004C00440E4
:106FD000F8B51D4B1B68DA04064633D51B4B1B68FE
:106FE0000BB101221A701A4B1C780134282C1F4651
:106FF00028BF0024174D2B78A34218D1FEF7A4FD1B
:1070000040280FDC144A13791B06F3D52B7813495B
:107010000133282B28BF0023C95CDBB2C9B2D17170
:107020002B70E7E7FF28E5DDFFF728FDE2E70B4BD4
:10703000F6B21E550A4B01221A70074BE4B2AC227D
:107040003C70DA70F8BD00BF3480044088E5FF1F53
:107050008CE5FF1F87E5FF1F00C006401EE5FF1FF0
:107060001CE5FF1F38B504464518AC4204D014F89F
:10707000010BFFF7ADFFF8E738BDFFFF08B5034B85
:107080001B7813B1FFF7FAFCF9E708BD1CE5FF1FF9
:10709000064A074B1B781078DBB2C0B283422CBF84
:1070A000273000F1FF30C01A704700BF87E5FF1F8F
:1070B0008CE5FF1F054B1878054B1B78C0B2DBB27F
:1070C000984238BF4030C01A704700BF86E5FF1FA6
:1070D0001DE5FF1F10B5104B10491A780B78D2B27E
:1070E000DBB29A4214D00133402B28BF00230C4856
:1070F000DCB2C05C0C700B490968C0B251B19A4255
:1071000038BF4032D31A1A2B04DC00230B7010BD99
:107110004FF0FF3010BD00BF86E5FF1F1DE5FF1FCC
:1071200046E5FF1F18E5FF1F084B1A78084B1B7830
:10713000DBB29A4207D00133402B28BF0023054A17
:10714000D05CC0B270474FF0FF30704786E5FF1F3C
:107150001DE5FF1F46E5FF1F054B1A78054BD2B210
:107160001A70054B1B680BB100221A70704700BFE4
:107170001DE5FF1F86E5FF1F18E5FF1F10B5294B12
:107180001A79920620D5284AD879137827490133ED
:10719000402B097828BF00238B42C0B203D024497A
:1071A000C854D9B21170234A116869B1224A1278C1
:1071B000D2B2934236BFC2F14002C2EB03039B1826
:1071C000272BC4BF01230B70164AD178C9B20C0615
:1071D00016D51379180613D5184B17481C78037861
:1071E000DBB29C4202D16C23D37009E00133282B1F
:1071F00028BF0023124CE45CDBB2E4B2D47103700C
:107200004B060ED5074B1A7912F0400F194608D0DD
:107210000C4B00221A700C4B1B6803B11A702C2304
:10722000CB7010BD00C0064086E5FF1F1DE5FF1FA7
:1072300046E5FF1F18E5FF1F87E5FF1F8CE5FF1FD1
:107240001EE5FF1F1CE5FF1F88E5FF1F194B1A688D
:1072500042F400621A60184A00231370174A137030
:10726000174A1370174A1370174A1370174B40F2DE
:1072700013321A604FF451725A60154BC0F3443206
:107280001A70C0F347125A7000F01F000422022146
:1072900098729A70D9745A7588221A743C22DA70DE
:1072A0000C4B40221A70A3F22B334FF400421A60A9
:1072B000704700BF34800440FEE5FF1F95E5FF1FC7
:1072C00004E6FF1FFFE5FF1F94E5FF1F0CB004401D
:1072D00000B006402FE400E0134A937800F0030169
:1072E00003F0EC030B43410748BF43F010039370D6
:1072F00000F00F03042B0C4903D18B7943F04003BA
:107300008B715379C20603F0EF03074A48BF43F07D
:10731000100353719379810603F0EF0348BF43F0E4
:1073200010039371704700BF00B0064008B5114BC1
:107330001B681B0500D408BD0F4B1A7802F0FF0331
:1073400012B1FFF79BFBF7E70C4A4FF400411160C5
:107350000B4A0C49D37040F203120A604A600A4A91
:1073600013700A4A13700A4B1B680BB101221A7082
:1073700008BD00BF3480044094E5FF1F84E100E0B5
:1073800000B006400CB00440FEE5FF1F95E5FF1F6E
:1073900090E5FF1F38B50446094B1B7803F0FF0545
:1073A000002BF9D120460121F5F768FA204629463D
:1073B000F5F736FA034B53F83420034B1A6038BD07
:1073C00094E5FF1F14D0020000E6FF1F0D4A38B5F8
:1073D000146814F400624FF0000410D021280A4D04
:1073E0000AD80A4A012152F830302B60F5F746FAE4
:1073F0002B681C70012038BD2C60204638BD10461B
:1074000038BD00BF3480044090E5FF1F14D0020057
:107410000B4B1B6813F4006310D01728094B09D1DC
:10742000094A40F2023111605A7B42F001025A735C
:10743000012070475A7B02F0FE025A730020704709
:107440003480044000B0064008B00440F8B51D4B3D
:107450001B681A05064633D51B4B1B680BB101226E
:107460001A701A4B1C780134282C1F4628BF0024A0
:10747000174D2B78A34218D1FEF766FB40280FDC8E
:10748000144A13791B06F3D52B7813490133282BA3
:1074900028BF0023C95CDBB2C9B2D1712B70E7E70A
:1074A000FF28E5DDFFF7EAFAE2E70B4BF6B21E55DF
:1074B0000A4B01221A70074BE4B2BC223C70DA700E
:1074C000F8BD00BF3480044000E6FF1F04E6FF1F44
:1074D000FFE5FF1F00B0064096E5FF1F94E5FF1F84
:1074E000274B1B681A052DE9F04707468A4644D505
:1074F000244B1B680BB101221A703D4607EB0A03AF
:107500009D4237D2DFF890801F4E98F8004096F8E1
:1075100000900134282C28BF00245FFA89F9A14586
:107520001DD11A4BBC22DA70FEF70EFB40280FDC8F
:10753000164A13791B060FD5337815490133282BCA
:1075400028BF0023C95CDBB2C9B2D171337003E03C
:10755000FF2801DDFFF792FA33784B45E4D00C4B5E
:1075600015F8012B1A550B4B0122E4B21A7088F85A
:107570000040C3E7054BBC22DA70BDE8F08700BFCE
:107580003480044000E6FF1FFFE5FF1F00B0064007
:1075900096E5FF1F94E5FF1F04E6FF1F08B5034BA8
:1075A0001B7813B1FFF76AFAF9E708BD94E5FF1FEE
:1075B000064A074B1B781078DBB2C0B283422CBF5F
:1075C000273000F1FF30C01A704700BFFFE5FF1FF2
:1075D00004E6FF1F054B1878054B1B78C0B2DBB2E1
:1075E000984238BF4030C01A704700BFFEE5FF1F09
:1075F00095E5FF1F10B5104B10491A780B78D2B2E1
:10760000DBB29A4214D00133402B28BF00230C4830
:10761000DCB2C05C0C700B490968C0B251B19A422F
:1076200038BF4032D31A1A2B04DC00230B7010BD74
:107630004FF0FF3010BD00BFFEE5FF1F95E5FF1FB7
:10764000BEE5FF1F90E5FF1F084B1A78084B1B781B
:10765000DBB29A4207D00133402B28BF0023054AF2
:10766000D05CC0B270474FF0FF307047FEE5FF1F9F
:1076700095E5FF1FBEE5FF1F0C4B1B681B0514D5CE
:107680000B4BDA7802F0CB02DA7040225A74DA78C7
:1076900042F03402DA70074B1A78074BD2B21A70F4
:1076A000064B1B680BB100221A70704734800440EF
:1076B00000B0064095E5FF1FFEE5FF1F90E5FF1FA8
:1076C00030B5374B1A7912F0300F31D072B69A7D3F
:1076D00002F0FF0022B9DA7940225A7462B627E03C
:1076E00062B6304A304913780978DBB2C9B2144621
:1076F0002B4AD5795A1C402A28BF00228A42EDB273
:1077000002D02A4B9D541346421E12F0FF00EFD1C7
:10771000DAB22270264A126852B18B4236BFC1F1EA
:107720004001C1EB03035B18272BC4BF0123137077
:107730001B4BD978C9B20C0620D51B7918061DD56C
:107740001C4B1D4A1D781378EDB2DBB21046AB42DC
:107750000CD0134A0133282B1479184C28BF00236E
:10776000E45CE4B2D471127D072AF0D9DBB2037075
:107770000B4B1A79120644BF7C22DA704B060ED5E9
:10778000074B1A7912F0400F194608D00C4B002213
:107790001A700C4B1B6803B11A703C23CB7030BDC0
:1077A00000B00640FEE5FF1F95E5FF1FBEE5FF1F89
:1077B00090E5FF1F04E6FF1FFFE5FF1F96E5FF1F93
:1077C00094E5FF1F00E6FF1F194B1A6842F4806220
:1077D0001A60184A00231370174A1370174A13705F
:1077E000174A1370174A1370174B40F213321A607E
:1077F0004FF451725A60154BC0F344321A70C0F303
:1078000047125A700221042200F01F0098729A70E9
:10781000D9745A7588221A743C22DA700C4B4022B3
:107820006FF44A711A700B444FF400521A6070479B
:10783000348004408EE6FF1F0DE6FF1F94E6FF1F15
:107840008FE6FF1F0CE6FF1F40A0044000A006408B
:107850002DE400E0134A937800F0030103F0EC03F9
:107860000B43410748BF43F01003937000F00F0330
:10787000042B0C4903D18B7943F040038B7153796E
:10788000C20603F0EF03074A48BF43F010035371E9
:107890009379810603F0EF0348BF43F0100393711F
:1078A000704700BF00A0064008B5114B1B685B0580
:1078B00000D408BD0F4B1A7802F0FF0312B1FFF796
:1078C000DDF8F7E70C4A4FF4005111600B4A0C4900
:1078D000D37040F203120A604A600A4A13700A4ADF
:1078E00013700A4B1B680BB101221A7008BD00BF50
:1078F000348004400CE6FF1F84E100E000A0064055
:1079000040A004408EE6FF1F0DE6FF1F08E6FF1FA4
:1079100038B50446094B1B7803F0FF05002BF9D15D
:1079200020460121F4F7AAFF20462946F4F778FF04
:10793000034B53F83420034B1A6038BD0CE6FF1F8D
:1079400014D0020090E6FF1F0D4A38B5146814F4F5
:1079500080624FF0000410D021280A4D0AD80A4A4C
:10796000012152F830302B60F4F788FF2B681C702F
:10797000012038BD2C60204638BD104638BD00BF00
:107980003480044008E6FF1F14D002000E4B1B6831
:1079900013F4806316D012280C4B03D140F202314D
:1079A0000B4A04E0142809D10A4A40F2023111605E
:1079B0005A7B42F001025A73012070475A7B02F051
:1079C000FE025A73002070473480044000A0064035
:1079D0000CA0044014C00440F8B51D4B1B685A05A8
:1079E000064633D51B4B1B680BB101221A701A4B8C
:1079F0001C780134402C1F4628BF0024174D2B78DB
:107A0000A34218D1FEF7A0F840280FDC144A1379DE
:107A10001B06F3D52B7813490133402B28BF0023D5
:107A2000C95CDBB2C9B2D1712B70E7E7FF28E5DD95
:107A3000FFF724F8E2E70B4BF6B21E550A4B012282
:107A40001A70074BE4B2BC223C70DA70F8BD00BF7C
:107A50003480044090E6FF1F94E6FF1F8FE6FF1F6F
:107A600000A006400EE6FF1F0CE6FF1F274B1B6819
:107A70005A052DE9F04707468A4644D5244B1B6832
:107A80000BB101221A703D4607EB0A039D4237D223
:107A9000DFF890801F4E98F8004096F8009001346F
:107AA000402C28BF00245FFA89F9A1451DD11A4B4B
:107AB000BC22DA70FEF748F840280FDC164A13792A
:107AC0001B060FD5337815490133402B28BF0023FF
:107AD000C95CDBB2C9B2D171337003E0FF2801DDAC
:107AE000FEF7CCFF33784B45E4D00C4B15F8012B57
:107AF0001A550B4B0122E4B21A7088F80040C3E714
:107B0000054BBC22DA70BDE8F08700BF348004402A
:107B100090E6FF1F8FE6FF1F00A006400EE6FF1F46
:107B20000CE6FF1F94E6FF1F08B5034B1B7813B14B
:107B3000FEF7A4FFF9E708BD0CE6FF1F064A074B56
:107B40001B781078DBB2C0B283422CBF3F3000F10B
:107B5000FF30C01A704700BF8FE6FF1F94E6FF1F7B
:107B6000054B1878054B1B78C0B2DBB2984238BF82
:107B70004030C01A704700BF8EE6FF1F0DE6FF1FA2
:107B800010B5104B10491A780B78D2B2DBB29A427A
:107B900014D00133402B28BF00230C48DCB2C05C5A
:107BA0000C700B490968C0B251B19A4238BF4032DB
:107BB000D31A1A2B04DC00230B7010BD4FF0FF30DA
:107BC00010BD00BF8EE6FF1F0DE6FF1F4EE6FF1F34
:107BD00008E6FF1F084B1A78084B1B78DBB29A4265
:107BE00007D00133402B28BF0023054AD05CC0B228
:107BF00070474FF0FF3070478EE6FF1F0DE6FF1F06
:107C00004EE6FF1F0C4B1B685B0514D50B4BDA7857
:107C100002F0CB02DA7040225A74DA7842F0340271
:107C2000DA70074B1A78074BD2B21A70064B1B68F2
:107C30000BB100221A7070473480044000A0064047
:107C40000DE6FF1F8EE6FF1F08E6FF1F30B5374B1E
:107C50001A7912F0300F31D072B69A7D02F0FF001F
:107C600022B9DA7940225A7462B627E062B6304A05
:107C7000304913780978DBB2C9B214462B4AD5795A
:107C80005A1C402A28BF00228A42EDB202D02A4B59
:107C90009D541346421E12F0FF00EFD1DAB222705B
:107CA000264A126852B18B4236BFC1F14001C1EB86
:107CB00003035B18272BC4BF012313701B4BD97818
:107CC000C9B20C0620D51B7918061DD51C4B1D4AC0
:107CD0001D781378EDB2DBB21046AB420CD0134ADC
:107CE0000133402B1479184C28BF0023E45CE4B224
:107CF000D471127D072AF0D9DBB203700B4B1A79CD
:107D0000120644BF7C22DA704B060ED5074B1A7957
:107D100012F0400F194608D00C4B00221A700C4B81
:107D20001B6803B11A703C23CB7030BD00A0064025
:107D30008EE6FF1F0DE6FF1F4EE6FF1F08E6FF1F42
:107D400094E6FF1F8FE6FF1F0EE6FF1F0CE6FF1FE6
:107D500090E6FF1F7047FFFF044B00221A714FF49B
:107D60007A711A73024A99601A60704798E6FF1F89
:107D700008D2020008B50368C9B21B68984708BD5D
:107D800008B50368C9B21B68984708BD08B5036801
:107D9000C9B21B68984708BD08B50368C9B21B681B
:107DA000984708BD034800EB5100B0FBF1F0FFF726
:107DB00013B800BF00A24A0410B5064800EB5100FA
:107DC0001446B0FBF1F0FFF707F82046BDE810407D
:107DD000FFF744B800A24A04FFF76AB80846FFF765
:107DE0009BB808B50846FFF7B3F8003018BF01206C
:107DF00008BD08B50846FFF7CDF8003018BF0120D0
:107E000008BDFFF757B9FFF78FB9FFF763B9FFF761
:107E100035B9FFF7A1B9FFF73BB908B50846FFF739
:107E2000D7F8012008BD08B50846FFF7D1F80120B2
:107E300008BD10B5084614461146FFF713F9204651
:107E400010BD38B508460D4601F0C3F8044621467A
:107E50002846FFF707F9204638BD7047044B00223B
:107E60001A714FF47A711A73024A99601A60704756
:107E7000A8E6FF1F60D2020080F0004002E000BFD1
:107E800081F0004142001FBF5FEA410392EA030F05
:107E90007FEA226C7FEA236C6AD04FEA1262D2EB4F
:107EA0001363C1BFD218414048404140B8BF5B4254
:107EB000192B88BF704710F0004F40F4000020F0ED
:107EC0007F4018BF404211F0004F41F4000121F003
:107ED0007F4118BF494292EA030F3FD0A2F101024D
:107EE00041FA03FC10EB0C00C3F1200301FA03F18B
:107EF00000F0004302D5494260EB4000B0F5000FAE
:107F000013D3B0F1807F06D340084FEA310102F16C
:107F10000102FE2A51D2B1F1004F40EBC25008BF1E
:107F200020F0010040EA03007047490040EB0000E8
:107F300010F4000FA2F10102EDD1B0FA80FCACF117
:107F4000080CB2EB0C0200FA0CF0AABF00EBC25016
:107F500052421843BCBFD0401843704792F0000F04
:107F600081F4000106BF80F400000132013BB5E757
:107F70004FEA41037FEA226C18BF7FEA236C21D0CD
:107F800092EA030F04D092F0000F08BF0846704732
:107F900090EA010F1CBF0020704712F07F4F04D100
:107FA000400028BF40F00040704712F100723CBF13
:107FB00000F50000704700F0004343F0FE4040F43D
:107FC000000070477FEA226216BF08467FEA2363FB
:107FD0000146420206BF5FEA412390EA010F40F4E6
:107FE000800070474FF0000304E000BF10F0004332
:107FF00048BF40425FEA000C08BF704743F0964319
:1080000001464FF000001CE050EA010208BF704733
:108010004FF000030AE000BF50EA010208BF7047BA
:1080200011F0004302D5404261EB41015FEA010CCF
:1080300002BF84460146002043F0B64308BFA3F1C7
:108040008053A3F50003BCFA8CF2083AA3EBC253A9
:1080500010DB01FA02FC634400FA02FCC2F12002C8
:10806000BCF1004F20FA02F243EB020008BF20F0FF
:108070000100704702F1200201FA02FCC2F1200265
:1080800050EA4C0021FA02F243EB020008BF20EA5A
:10809000DC7070474FF0FF0C1CEAD0521EBF1CEA88
:1080A000D15392EA0C0F93EA0C0F6FD01A4480EA76
:1080B000010C400218BF5FEA41211ED04FF000635F
:1080C00043EA501043EA5111A0FB01310CF000408B
:1080D000B1F5000F3EBF490041EAD3715B0040EAB1
:1080E000010062F17F02FD2A1DD8B3F1004F40EB81
:1080F000C25008BF20F00100704790F0000F0CF054
:10810000004C08BF49024CEA502040EA51207F3A17
:10811000C2BFD2F1FF0340EAC250704740F40000F2
:108120004FF00003013A5DDC12F1190FDCBF00F0E3
:1081300000407047C2F10002410021FA02F1C2F191
:10814000200200FA02FC5FEA310040F1000053EA2D
:108150004C0308BF20EADC70704792F0000F00F07B
:10816000004C02BF400010F4000F013AF9D040EA81
:108170000C0093F0000F01F0004C02BF490011F415
:10818000000F013BF9D041EA0C018FE70CEAD15313
:1081900092EA0C0F18BF93EA0C0F0AD030F0004C93
:1081A00018BF31F0004CD8D180EA010000F0004047
:1081B000704790F0000F17BF90F0004F084691F005
:1081C000000F91F0004F14D092EA0C0F01D142023F
:1081D0000FD193EA0C0F03D14B0218BF084608D108
:1081E00080EA010000F0004040F0FE4040F4000052
:1081F000704740F0FE4040F4400070474FF0FF0CE5
:108200001CEAD0521EBF1CEAD15392EA0C0F93EA2B
:108210000C0F69D0A2EB030280EA010C49024FEA7D
:10822000402037D04FF0805343EA111143EA101336
:108230000CF000408B4238BF5B0042F17D024FF4EE
:10824000000C8B4224BF5B1A40EA0C00B3EB510FC9
:1082500024BFA3EB510340EA5C00B3EB910F24BFB2
:10826000A3EB910340EA9C00B3EBD10F24BFA3EB37
:10827000D10340EADC001B0118BF5FEA1C1CE0D1FF
:10828000FD2A3FF650AF8B4240EBC25008BF20F0B2
:10829000010070470CF0004C4CEA50207F32C2BF06
:1082A000D2F1FF0340EAC250704740F400004FF0A3
:1082B0000003013A37E792F0000F00F0004C02BFD4
:1082C000400010F4000F013AF9D040EA0C0093F09E
:1082D000000F01F0004C02BF490011F4000F013BF8
:1082E000F9D041EA0C0195E70CEAD15392EA0C0F60
:1082F00008D142027FF47DAF93EA0C0F7FF470AF98
:10830000084676E793EA0C0F04D14B023FF44CAFDA
:1083100008466EE730F0004C18BF31F0004CCAD16F
:1083200030F000427FF45CAF31F000437FF43CAFAB
:108330005FE700BF4FF0FF3C06E000BF4FF0010CCD
:1083400002E000BF4FF0010C4DF804CD4FEA4002AF
:108350004FEA41037FEA226C18BF7FEA236C11D0F9
:1083600001B052EA530C18BF90EA010F58BFB2EBAC
:10837000030088BFC81738BF6FEAE17018BF40F02C
:10838000010070477FEA226C02D15FEA402C05D1E0
:108390007FEA236CE4D15FEA412CE1D05DF8040B65
:1083A000704700BF844608466146FFE70FB5FFF7F8
:1083B000C9FF002848BF10F1000F0FBD4DF808EDB0
:1083C000FFF7F4FF0CBF012000205DF808FB00BFA1
:1083D0004DF808EDFFF7EAFF34BF012000205DF8FB
:1083E00008FB00BF4DF808EDFFF7E0FF94BF012048
:1083F00000205DF808FB00BF4DF808EDFFF7D2FF45
:1084000094BF012000205DF808FB00BF4DF808ED87
:10841000FFF7C8FF34BF012000205DF808FB00BF54
:108420004BB942B9002908BF002802D04FF0FF31F4
:10843000084600F03BB882B0EC462DE9005000F051
:108440001DF8DDF804E002B00CBC70472DE9704364
:10845000069E14461D468046894600F029F804FB16
:1084600001F300FB0533A4FB00451D44B8EB0404F5
:1084700069EB0505C6E90045BDE870832DE9704349
:10848000069E1446804689461D4600F05DF900FBB5
:1084900005F504FB0153A0FB04451D44B8EB04049F
:1084A00069EB0505C6E90045BDE87083704700BF6C
:1084B00000292DE9F00FC0F29F800024002BC0F2AC
:1084C0009680154606460F46002B3ED18A4257D964
:1084D000B2FA82F34BB1C3F1200201FA03F720FA9A
:1084E00002F29D40174300FA03F6290CB7FBF1F2A4
:1084F000330C01FB127CA8B243EA0C4700FB02F3E9
:10850000BB4209D97F1902F1FF3C80F00181BB42D7
:1085100040F2FE80023A2F44FF1AB7FBF1F3B6B2E5
:1085200001FB137146EA014100FB03F0884208D9C0
:10853000491903F1FF3780F0ED80884240F2EA806C
:10854000023B43EA0242002303E08B420AD90023A4
:108550001A461046194614B1404261EB4101BDE88C
:10856000F00F7047B3FA83F8B8F1000F40F0848041
:108570008B4202D3824200F2DE8000230122E8E730
:1085800012B90123B3FBF2F5B5FA85F2002A39D10D
:108590007F1B280C1FFA85FC0123B7FBF0F1320C7E
:1085A00000FB117742EA07470CFB01F2BA4207D9F8
:1085B0007F1901F1FF3802D2BA4200F2C180414670
:1085C000BF1AB7FBF0F2B6B200FB127046EA0040E9
:1085D0000CFB02FC844507D9401902F1FF3702D297
:1085E000844500F2AB803A4642EA0142B1E7E443F7
:1085F000524263EB430364E7404261EB41014FF0B9
:10860000FF345BE79540C2F1200327FA03F1280C01
:1086100026FA03F39740B1FBF0F81F433B0C00FB35
:1086200018111FFA85FC43EA01410CFB08F38B4249
:1086300006FA02F608D9491908F1FF3279D28B42BD
:1086400077D9A8F102082944C91AB1FBF0F3BFB2E7
:1086500000FB131147EA01470CFB03F2BA4207D9AA
:108660007F1903F1FF3160D2BA425ED9023B2F4439
:10867000BF1A43EA084390E7C8F1200203FA08FC56
:1086800025FA02F343EA0C0C4FEA1C4921FA02F3E3
:1086900001FA08F720FA02F2B3FBF9F1174309FBDC
:1086A00011333A0C1FFA8CFB42EA03430BFB01FA2D
:1086B0009A4505FA08F008D913EB0C0301F1FF32D3
:1086C00035D29A4533D902396344CAEB0303B3FB6D
:1086D000F9F209FB1233BFB247EA03470BFB02F979
:1086E000B94508D917EB0C0702F1FF331BD2B94586
:1086F00019D9023A674442EA0145A5FB0001C9EBDA
:1087000007078F424FF000030AD305D02A4620E71F
:10871000624601E73B4614E706FA08F68642F5D2C0
:108720006A1E002315E71A46E5E70B46A0E7114647
:10873000CBE7904688E7434642460AE7023A53E7CA
:1087400002392F443CE700BF2DE9F00F14460546DF
:108750000E46002B43D18A4253D9B2FA82F757B161
:10876000C7F1200620FA06F601FA07F302FA07F429
:108770001E4300FA07F5210CB6FBF1F22B0C01FBAE
:108780001267A0B243EA074600FB02F3B34209D9DD
:10879000361902F1FF3780F0F680B34240F2F380E1
:1087A000023A2644F61AB6FBF1F3ADB201FB1361AF
:1087B00045EA014100FB03F0884208D9091903F199
:1087C000FF3680F0E280884240F2DF80023B43EADD
:1087D0000242002310461946BDE8F00F70478B4255
:1087E0004AD8B3FA83F6002E4DD18B4202D382428F
:1087F00000F2D6800023012210461946BDE8F00F92
:10880000704712B90124B4FBF2F4B4FA84F2002ADE
:108810007CD1091B260CA7B20123B1FBF6F02A0C70
:1088200006FB101142EA014107FB00F28A4207D918
:10883000091900F1FF3C02D28A4200F2C38060466F
:10884000891AB1FBF6F2ADB206FB121145EA0145F9
:1088500007FB02F7AF4208D92C1902F1FF3180F073
:108860009680A74240F29380023A42EA00421046C4
:108870001946BDE8F00F704700231A461046194606
:10888000BDE8F00F7047C6F1200522FA05F4B340A9
:108890001C434FEA144821FA05F301FA06F720FABF
:1088A00005F5B3FBF8FC2F4308FB1C333D0C1FFA06
:1088B00084FA45EA03430AFB0CF9994502FA06FBE0
:1088C00004D91B190CF1FF326DD39446C9EB030395
:1088D000B3FBF8F508FB1533BFB247EA03470AFBC1
:1088E00005F8B84504D93F1905F1FF3361D31D469A
:1088F00045EA0C4CACFB0B23C8EB07079F424FF03B
:10890000000549D345D062462B4663E79440C2F147
:10891000200321FA03FC260C20FA03F301FA02F5E6
:10892000BCFBF6F843EA05010B0C06FB18CCA7B21A
:1089300043EA0C4C07FB08F3634500FA02F509D93A
:108940001CEB040C08F1FF323AD2634538D9A8F188
:108950000208A444C3EB0C0CBCFBF6F389B206FB83
:1089600013CC41EA0C4107FB03F28A4207D90919EB
:1089700003F1FF3022D28A4220D9023B2144891AD6
:1089800043EA084349E73A460CE733461FE70A46FD
:108990006BE7B0409042B6D20CF1FF32002319E7EA
:1089A0003346324616E799458FD9ACF1020C234481
:1089B0008CE7B8459BD9023D274499E70346DEE79B
:1089C0009046C7E7023821443AE700BF034608460D
:1089D000194600F00BB8FFFF0A4603490346086832
:1089E000194600F08FB800BFEC8EFF1F70B5064C23
:1089F00006460D4613462CB131462A460220AFF3F7
:108A0000008070BD204670BD0000000008B5074B17
:108A1000044613B10021AFF30080054B1868836A48
:108A200003B198472046FDF78DF800BF0000000015
:108A300014D3020070B50E4B0E4DED1AAD1000248C
:108A40001E46AC4204D056F8242090470134F8E783
:108A500004F07CFC084D094BED1AAD1000241E46B5
:108A6000AC4204D056F8242090470134F8E770BD9A
:108A700068D3020068D3020094D3020068D30200D6
:108A8000024B0146186800F08FB800BFEC8EFF1F44
:108A9000024B0146186800F043B800BFEC8EFF1F80
:108AA00030B50023934208D0C55C0133CC1814F8CC
:108AB000014CA542F6D0281B30BD002030BD8142BC
:108AC00070B501D300230EE08C18A042FAD28518AD
:108AD000134613F1FF3305D3514266182944F65C5F
:108AE000CE54F6E770BD934203D0CC5CC45401333E
:108AF000F9E770BD02440346934202D003F8011B1C
:108B0000FAE7704738B502FB01F4214600F04CF853
:108B1000054618B100212246FFF7ECFF284638BD74
:108B200030B500293CD051F8042C0B1F1D49002AF8
:108B3000B8BF9B180A680C4612B95A600B6030BD6A
:108B400093420DD219685818904203D15A581144D3
:108B5000426819605A60236030BD994203D80A46C2
:108B600051680029F9D1146815199D420AD11B6872
:108B70002344D0188842136012D10868034413605C
:108B80004B680CE002D90C23036030BD18681C1838
:108B90008C4203D10C6849682044186059605360C6
:108BA00030BD00BFBCE6FF1F70B5CD1C25F003052E
:108BB00008350C2D38BF0C25002D06463FDB8D42B5
:108BC0003DD3214B1C6818462146A1B10B685B1BA5
:108BD0000ED40B2B03D90B60CC18CD501FE08C4268
:108BE00002D1626802601AE04B6863600C4616E0CE
:108BF0000C464968E9E7154C23681BB9304600F07C
:108C00009DF920602946304600F098F9431C014642
:108C100015D0C41C24F0030484420AD1256004F159
:108C20000B00231D20F00700C31A0BD05A42E2505C
:108C300070BD3046611A00F081F90130EED10C238D
:108C40003360002070BD00BFBCE6FF1FB8E6FF1F09
:108C5000012B30B50ADC9208013A04680B6840F831
:108C6000043B002A41F8044BF6DC30BD0023C45C11
:108C7000CD5CC554CC540133D41A002CF7DC30BD84
:108C8000F8B50E46144607461D469847002821466B
:108C900030460ADAA847002812DB38462146A847A2
:108CA00037EA200028BF2046F8BDA847002807DC87
:108CB00038462146A84734EA200028BF3846F8BD88
:108CC0003046F8BD2DE9F04F85B00546894614467B
:108CD0000293AA0705D1A30703D1261F18BF0126B7
:108CE00000E002262A19B9F1060F019222D8934614
:108CF00004FB0959CB4580F01E815F46AF4217D96E
:108D0000C4EB070A50463946029B984700280FDDFE
:108D100036B93A68DAF800303B60CAF8002005E05E
:108D20003846514622463346FFF792FF5746E5E75D
:108D3000A344DFE74FEA5907B9F1070F04FB0757D0
:108D400036D009F1FF38B9F1280F04FB085827D9AC
:108D50004FEAD90A04FB0AFA4FEA4A0C05EB0C0267
:108D600005EB0A01029BCDF800C02846FFF788FFFB
:108D7000CAF1000B394607EB0A020390029B07EB8E
:108D80000B00FFF77DFFDDF800C0029B08EB0B0135
:108D900042460746CCEB0800FFF772FF804600E032
:108DA000039539460398029B4246FFF769FF074641
:108DB00026B92A683B682B603A6005E028463946A8
:108DC00022463346FFF744FF09F1FF38019F04FBB9
:108DD0000858C346BA460023474525D8009338466D
:108DE0002946029A90470028009B1DDC0FD136B916
:108DF000DAF800203B68CAF800303A6005E05046D7
:108E0000394622463346FFF723FFA2440123274475
:108E1000E2E7009340462946029A90470028009BCB
:108E200019DB04D0C4EB08084745F2D926E046B95F
:108E3000D8F80020DBF80030C8F80030CBF800206C
:108E400005E04046594622463346FFF701FFC4EB92
:108E50000B0B0123E6E736B93A68D8F800303B60DF
:108E6000C8F8002005E03846414622463346FFF761
:108E7000EFFE2744C4EB08080123ADE704FB09F922
:108E8000A9440BBB019B4B4555D21F46AF4217D996
:108E9000C4EB070A50463946029B984700280FDD6D
:108EA00036B93A68DAF800303B60CAF8002005E0CD
:108EB0003846514622463346FFF7CAFE5746E5E795
:108EC000019A22440192DDE7CAEB070CC5EB0A0ABE
:108ED000E245B4BF52466246002A08DD2846B91A68
:108EE0003346CDF800C0FFF7B3FEDDF800C0CBEB92
:108EF0000902C8EB0B08121B424528BF4246002A54
:108F000009DD3846C2EB09013346CDF800C0FFF752
:108F10009FFEDDF800C0A44506D92846BCFBF4F14D
:108F20002246029BFFF7CEFEA04504D9C8EB0905F7
:108F3000B8FBF4F9CDE605B0BDE8F08F38B5064CC6
:108F40000023054608462360FCF7F4FD431C02D1CC
:108F5000236803B12B6038BDD0E6FF1F0EB400B507
:108F60009CB04FF40271ADF814106FF00041049101
:108F700007914FF6FF711DABADF81610084953F875
:108F8000042B029006900868019302A900F09CF857
:108F9000029B00221A701CB05DF804EB03B070470E
:108FA000EC8EFF1FC9B2024610F8013B1BB18B4289
:108FB000F9D1104670470029FBD01846704710F8C9
:108FC000012B11F8013B012A28BF9A42F7D0D01A91
:108FD0007047034613F8012B002AFBD1181A0138F9
:108FE000704770B592B10B4605461C7810F8016BBE
:108FF000B44201F1010101D1012A03D128781B7883
:10900000C01A70BD013A002CEDD1F7E7104670BDD3
:109010002DE9F0478D68AB4281460C4692461F46CB
:1090200043D38B8913F4906F3DD026680969C1EB57
:1090300006086669022206EB460696FBF2F608F180
:1090400001023A44964238BF16465B050FD53146B9
:10905000FFF7AAFD054698B121694246F2F754FD93
:10906000A38923F4906343F08003A38113E0324685
:1090700000F0ADFA054670B948462169FFF750FD8A
:109080000C23C9F80030A38943F04003A3814FF0BB
:10909000FF30BDE8F087256166614544C8EB0606F0
:1090A0002560A6603D46AF4200D23D462A46206874
:1090B0005146FFF704FDA3685B1BA36023681D44B2
:1090C00025600020BDE8F0872DE9F0439DB00746FC
:1090D00003938B891C060D4616460CD50B6953B9B4
:1090E0004021FFF761FD2860286110B90C233B6027
:1090F000C8E040236B610023099320238DF82930B9
:1091000030238DF82A3033461C4613F8012B1AB948
:10911000B4EB06090FD002E0252AF5D1F8E738466E
:10912000294632464B46FFF773FF013000F0A58019
:10913000099B4B4409932378002B00F09E80002369
:109140004FF0FF3204930793059206938DF8533046
:109150001A9304F101094C464D4E21783046052200
:1091600000F026FA09F10109049B28B1861B0120B1
:10917000B04003430493EEE7D90644BF20228DF8A4
:1091800053201A0744BF2B228DF8532022782A2A15
:1091900002D0079B21460EE0039A111D126803912D
:1091A000002A01DB079204E0524243F002030792D7
:1091B000049301340AE00C4601312278303A092A3E
:1091C00003D80A2000FB0323F5E7079323782E2B0F
:1091D0001AD163782A2B0AD1039B1A1D1B680392AC
:1091E000002B04F10204B8BF4FF0FF330BE0611C09
:1091F00000230C4601312278303A092A03D80A208C
:1092000000FB0323F5E70593224E21783046032225
:1092100000F0CEF930B1861B049B4020B0400343E0
:109220000493013421781C488DF828100622661C0E
:1092300000F0BEF988B1194B33B9039B073323F013
:1092400007030833039314E003AB0093384604A9E3
:109250002A46134BAFF3008007E003AB0093384678
:1092600004A92A460E4B00F08FF8B0F1FF3F80466C
:1092700003D0099B4344099345E7AB895B0601D4BE
:10928000099801E04FF0FF301DB0BDE8F08300BF4A
:1092900018D302001ED3020022D3020000000000F7
:1092A000119002002DE9F84315461F468A680B69A4
:1092B000DDF820809A42A8BF13462B6091F8432026
:1092C00006460C460AB101332B602368990602D585
:1092D0002B6802332B60236813F006091DD094F825
:1092E00043302268003318BF012392061FD5E118CE
:1092F0005A1C302081F84300224494F8451082F82B
:109300004310023313E03046394604F119020123B9
:10931000C047013007D009F10109E2682B68D31A70
:109320009945F0DBDBE74FF0FF30BDE8F8833046CE
:10933000394604F14302C0470130F4D023682A685B
:10934000E16803F00603042B08BFC2EB01052369A3
:10935000A2680CBF25EAE57500259A42C4BFC3EB9D
:109360000203ED184FF00009A9450ADA30463946E4
:1093700004F11A020123C0470130D4D009F10109D8
:10938000F2E70020BDE8F8832DE9FF470E7E0C9D33
:109390006E2E80460C4691469A4601F1430000F03D
:1093A000A58011D8632E22D009D8002E00F0AF80FE
:1093B000582E40F0BF8081F845607B4A4FE0642E14
:1093C0001ED0692E1CD0B5E0732E00F0A48009D801
:1093D0006F2E2BD0702E40F0AD800B6843F0200331
:1093E0000B6038E0752E21D0782E34D0A2E02B68A7
:1093F0001A1D1B682A6001F1420781F842309DE086
:1094000022682B6812F0800F03D01A1D2A601D6895
:1094100005E05106F9D51A1D2A60B3F90050002D58
:1094200039DA2D236D4284F8433034E022682B680A
:1094300012F0800F03D01A1D2A601D6804E0520646
:10944000F9D51A1D2A601D88237E574A6F2B14BF39
:109450000A2308231BE07823544A84F84530236804
:10946000296813F0800F01F104062E6001D00D6809
:1094700002E05F06FBD50D88DE0744BF43F0200302
:1094800023601DB9236823F02003236010230021EB
:1094900084F8431001E0444A0A236668A660002E5F
:1094A00003DB216821F00401216005B96EB104F1EC
:1094B0004201B5FBF3F603FB16550F46555D01F867
:1094C00001593546002EF4D100E00746082B0AD199
:1094D0002368DD0707D5626823699A4203DC3023DD
:1094E00007F8013C013FC01B20612CE009682B6894
:1094F000626911F0800F04D0191D29601B681A6081
:1095000005E04906F8D5191D29601B681A8000235B
:109510002361074617E02B681A1D2A601F6838462A
:10952000FFF757FD63682061984288BF2361236974
:10953000636005E004F1420784F84260012323617F
:10954000002384F84330CDF800A04046214603AA0A
:109550004B46FFF7A7FE013002D14FF0FF301FE06E
:10956000404649463A462369D0470130F5D0236842
:109570009B0705D4E068039B9842B8BF18460FE0EC
:109580000025E268039BD31A9D42F3DA4046494620
:1095900004F119020123D0470130DED00135F0E794
:1095A00004B0BDE8F08700BF29D302003AD302001F
:1095B00010B5C9B202449042034606D01C788C42D2
:1095C00000F10100F7D1184610BD002010BDF8B51C
:1095D000064614460D4621B91146BDE8F840FFF78E
:1095E000E3BA1AB9FFF79CFA2046F8BD00F015F867
:1095F000A0420ED230462146FFF7D6FA074650B1B8
:1096000029462246F2F780FA30462946FFF788FAC3
:1096100001E02846F8BD3846F8BD51F8040C002892
:1096200002DA04390B58184404387047536C6F74CD
:10963000204E756D626572200052656164696E67C7
:109640002055524C2066726F6D20466C6173682EF7
:109650002E2E0055524C204C656E677468203D20BC
:1096600000456E6372797074656400556E656E6353
:109670007279707465640053657474696E67205202
:10968000455455524E2061667465722055524C0007
:1096900052656164696E672044656C61793120664A
:1096A000726F6D20454550524F4D2E2E2E00446551
:1096B0006C61792000205365636F6E64732062656E
:1096C000666F726520656E746572696E672075736A
:1096D00065726E616D650052656164696E672062D6
:1096E00065666F726520557365726E616D65206188
:1096F0006464636861722E2E2E00544142005265EC
:109700006164696E6720557365726E616D65206670
:10971000726F6D20466C6173682E2E2E0055736536
:10972000726E616D65204C656E677468203D200027
:1097300052656164696E6720616674657220757335
:1097400065726E616D6520616464636861722E2E5E
:109750002E0052455455524E0052656164696E6741
:109760002044656C6179322066726F6D20454550EA
:10977000524F4D2E2E2E00205365636F6E64732062
:109780006265666F726520656E746572696E6720CA
:1097900070617373776F72640052656164696E679C
:1097A0002050617373776F72642066726F6D20450D
:1097B0004550524F4D2E2E2E0050617373776F72AD
:1097C00064204C656E677468203D200052656164BA
:1097D000696E672061667465722070617373776F5C
:1097E000726420616464636861722E2E2E0052657B
:1097F0006164696E672044656C6179332066726FBD
:109800006D20454550524F4D2E2E2E00205365633E
:109810006F6E6473206265666F726520656E746535
:1098200072696E67203246410052656164696E67F5
:10983000206265666F7265204F54502061646463D6
:109840006861722E2E2E0052656164696E67205425
:109850004F5450204B65792066726F6D20466C61C5
:1098600073682E2E2E00544F5450204B6579204C97
:10987000656E677468203D200047656E657261748F
:10988000696E672059756269636F204F5450204C90
:1098900065676163792E2E2E0047656E657261746F
:1098A000696E672059756269636F204F54502E2E80
:1098B0002E0052656164696E67206166746572206E
:1098C0004F545020616464636861722E2E2E0044F0
:1098D0006973706C6179696E672046756C6C204B9A
:1098E0006579627566666572005374617274696E3B
:1098F00067205532462E2E2E004572726F722070F0
:10990000617373776F726420617474656D707473C2
:1099100020666F7220746869732073657373696F52
:109920006E2065786365656465642C2072656D6F73
:109930007665204F6E6C794B657920616E6420727C
:1099400065696E7365727420746F20617474656DDF
:109950007074206C6F67696E004661696C65642085
:1099600050494E20617474656D7074732073696E14
:109970006365206C617374207375636365737366CC
:10998000756C20726567756C61722050494E206558
:109990006E7472790050617373776F7264206174B2
:1099A00074656D707473206578686175737465642F
:1099B00000554E4C4F434B454476332E302E342DBC
:1099C0007465737400554E4C4F434B4544005344EB
:1099D0002070617373776F726420617070656E645C
:1099E000656420776974682000326E642070726F3D
:1099F00066696C652070617373776F726420617043
:109A000070656E64656420776974682000427574BF
:109A1000746F6E2073656C656374656420004368C1
:109A2000616C6C656E67653120656E746572656426
:109A3000004368616C6C656E67653220656E7465A5
:109A4000726564004368616C6C656E6765332065A0
:109A50006E7465726564004572726F7220696E6320
:109A60006F7272656374206368616C6C656E6765A4
:109A70002077617320656E74657265640053656C50
:109A8000662044657374727563742050494E206576
:109A90006E7465726564004E756D626572206F66E6
:109AA000206B65797320656E746572656420666FDE
:109AB0007220746869732070617373636F646520CA
:109AC0003D20004C6F67696E204661696C65642CAF
:109AD0002074686572652061726520002072656D72
:109AE00061696E696E6720617474656D707473204E
:109AF0006265666F7265206120666163746F72795A
:109B00002072657365742077696C6C206F63637570
:109B100072005741524E494E473A205468697320AB
:109B200077696C6C2072656E64657220616C6C2064
:109B300064657669636520696E666F726D617469CC
:109B40006F6E20756E7265636F76657261626C65AB
:109B500000466C617368207365637572697479205F
:109B60006269747320006E6F742000777269747478
:109B7000656E207375636365737366756C6C7900CD
:109B8000554E4C4F434B45442C204E4F2050494E90
:109B90002053455400747970657370656564203D89
:109BA00020004B6579626F6172644C61796F7574E6
:109BB000203D2000494E495449414C495A454400F2
:109BC000454550524F4D20557365642000494E491C
:109BD0005449414C495A45442D4400FF982F8A422C
:109BE00091443771CFFBC0B5A5DBB5E95BC25639EF
:109BF000F111F159A4823F92D55E1CAB98AA07D807
:109C0000015B8312BE853124C37D0C55745DBE7229
:109C1000FEB1DE80A706DC9B74F19BC1C1699BE4A9
:109C20008647BEEFC69DC10FCCA10C246F2CE92D39
:109C3000AA84744ADCA9B05CDA88F97652513E985D
:109C40006DC631A8C82703B0C77F59BFF30BE0C664
:109C50004791A7D55163CA0667292914850AB727F2
:109C600038211B2EFC6D2C4D130D385354730A658F
:109C7000BB0A6A762EC9C281852C7292A1E8BFA266
:109C80004B661AA8708B4BC2A3516CC719E892D1CE
:109C9000240699D685350EF470A06A1016C1A41951
:109CA000086C371E4C774827B5BCB034B30C1C3950
:109CB0004AAAD84E4FCA9C5BF36F2E68EE828F740F
:109CC0006F63A5781478C8840802C78CFAFFBE9029
:109CD000EB6C50A4F7A3F9BEF27871C62530386C4E
:109CE00058202530386C58202530386C58202530C5
:109CF000386C5800FFFFFFFF00000000000000006C
:109D0000F5280000B96C02002530366C6400FFFFB6
:109D10000000000000000000F15D00004161000053
:109D200045D8000051D800000BDA000025D900000A
:109D300059D8000063DB0000E5D9000055D80000C9
:109D400043DA00008FDA000065DA0000000000004E
:109D50000000000000000000115D0000DD5D00005B
:109D600085F5000091F5000041F6000067F600005F
:109D700095F50000EBF50000CBF6000000000000B8
:109D80004572726F72204543432074797065206973
:109D90006E636F7272656374004572726F722069D0
:109DA0006E76616C6964206B65792C206B65792017
:109DB000636865636B206661696C656400457272F7
:109DC0006F72207769746820525341206461746116
:109DD00020746F207369676E20696E76616C6964A8
:109DE0002073697A65004572726F722077697468B2
:109DF00020525341207369676E696E670045727225
:109E00006F7220696E76616C696420646174612C84
:109E1000206F72206461746120646F6573206E6FBF
:109E200074206D61746368206B6579004572726F90
:109E300072207769746820525341206461746120F4
:109E4000746F206465637279707420696E76616CDA
:109E500069642073697A65004572726F7220776950
:109E60007468205253412064656372797074696F1D
:109E70006E004572726F722067656E6572617469FB
:109E80006E6720525341207075626C6963204E00EA
:109E90004572726F72206E6F206B657920736574E6
:109EA00020696E207468697320736C6F740045724A
:109EB000726F72206B6579206E6F742073657420E9
:109EC0006173207369676E6174757265206B657963
:109ED000004572726F72206B6579206E6F7420730B
:109EE00065742061732064656372797074696F6E44
:109EF000206B657900475245454E00424C55450060
:109F000059454C4C4F5700505552504C4500466FE8
:109F100072204F6E6C794B6579206F6E2D74686579
:109F20002D676F2076697369742068747470733A52
:109F30002F2F617070732E6372702E746F006661C4
:109F400063746F7279207265736574206861732021
:109F50006265656E20636F6D706C65746564005337
:109F600075636365737366756C6C7920776970656A
:109F700064204C6162656C0053756363657373663E
:109F8000756C6C792077697065642055524C00536C
:109F900075636365737366756C6C7920776970653A
:109FA00064204164646974696F6E616C2043686108
:109FB000726163746572730053756363657373666E
:109FC000756C6C792077697065642044656C617983
:109FD0002031005375636365737366756C6C79200B
:109FE000776970656420557365726E616D650053A5
:109FF00075636365737366756C6C792077697065DA
:10A00000642044656C617920320053756363657325
:10A010007366756C6C792077697065642050617324
:10A0200073776F7264005375636365737366756CE1
:10A030006C792077697065642044656C61792033A0
:10A04000005375636365737366756C6C792077690B
:10A050007065642032464120547970650053756301
:10A060006365737366756C6C7920776970656420BD
:10A07000324641204B65790053756363657373669F
:10A08000756C6C7920736574204C6162656C00534B
:10A0900075636365737366756C6C79207365742082
:10A0A00055524C005375636365737366756C6C79B8
:10A0B0002073657420616674657220557365726ED5
:10A0C000616D652041646469746F6E616C204368E2
:10A0D000617261637465720053756363657373665F
:10A0E000756C6C79207365742044656C61793100FE
:10A0F0005375636365737366756C6C7920736574EF
:10A10000206265666F726520557365726E616D655C
:10A11000204164646974696F6E616C204368617288
:10A120006163746572005375636365737366756C00
:10A130006C7920736574206265666F7265204F5478
:10A1400050204164646974696F6E616C204368617A
:10A1500072616374657200537563636573736675CA
:10A160006C6C792073657420557365726E616D65D2
:10A17000005375636365737366756C6C79207365E2
:10A1800074206164646974696F6E616C20636861D6
:10A1900072616374657220616674657220706173A8
:10A1A00073776F7264005375636365737366756C60
:10A1B0006C79207365742044656C61793200457256
:10A1C000726F72204D464120616C72656164792026
:10A1D000656E61626C6564206F6E207468697320BF
:10A1E000736C6F742C206465766963652050494EEA
:10A1F0002072657175697265640053756363657378
:10A200007366756C6C792073657420506173737715
:10A210006F7264005375636365737366756C6C79F4
:10A2200020736574206166746572204F545020431A
:10A2300068617261637465720053756363657373FB
:10A2400066756C6C79207365742044656C61793334
:10A25000004572726F722070617373776F72642041
:10A26000616C726561647920656E61626C65642001
:10A270006F6E207468697320736C6F742C20646532
:10A28000766963652050494E207265717569726503
:10A2900064005375636365737366756C6C792073C2
:10A2A00065742032464120547970650053756363AC
:10A2B00065737366756C6C792073657420324641E2
:10A2C000204B6579005375636365737366756C6CB9
:10A2D000792073657420414553204B65792C2050BB
:10A2E0007269766174652049442C20616E64205047
:10A2F00075626C69632049440053756363657373C9
:10A3000066756C6C79207365742069646C65207463
:10A31000696D656F757400537563636573736675F6
:10A320006C6C79207365742057697065204D6F647B
:10A330006520746F2046756C6C20576970650053FA
:10A3400075636365737366756C6C792073657420CF
:10A3500057697065204D6F646520746F2064656671
:10A3600061756C742073657474696E6700457272F0
:10A370006F722057697065204D6F6465206D61793B
:10A38000206E6F74206265206368616E676564008B
:10A390005375636365737366756C6C79207365744C
:10A3A000204261636B7570204B6579204D6F646549
:10A3B00020746F204C6F636B656400537563636535
:10A3C000737366756C6C7920736574204261636B7E
:10A3D0007570204B6579204D6F646520746F205037
:10A3E00065726D6974204675747572652043686185
:10A3F0006E676573004572726F72204261636B75A0
:10A4000070204B6579204D6F6465206D6179206EF9
:10A410006F74206265206368616E676564005375C0
:10A42000636365737366756C6C79207365742064FF
:10A43000657269766564206B6579206368616C6C10
:10A44000656E6765206D6F6465004572726F72207E
:10A450006E6F7420696E20636F6E666967206D6F22
:10A460006465005375636365737366756C6C7920FE
:10A470007365742073746F726564206B65792063F3
:10A4800068616C6C656E6765206D6F6465005375FF
:10A49000636365737366756C6C79207365742048AB
:10A4A0004D4143204368616C6C656E6765204D6F5C
:10A4B0006465005375636365737366756C6C7920AE
:10A4C0007365742053797361646D696E204D6F6498
:10A4D00065005365636F6E642050726F66696C65CA
:10A4E000204D6F6465206D6179206F6E6C792062FC
:10A4F00065206368616E676564206F6E20666972AF
:10A500007374207573650053756363657373667543
:10A510006C6C7920736574204C45442062726967C5
:10A5200068746E65737300537563636573736675E2
:10A530006C6C792073657420546F75636820536563
:10A540006E7369746976697479004572726F7220EE
:10A55000746F75636873656E73652076616C75657D
:10A56000206F7574206F662072616E676500537589
:10A57000636365737366756C6C7920736574206CA6
:10A580006F636B20627574746F6E005375636365DF
:10A59000737366756C6C792073657420747970655B
:10A5A0007370656564005375636365737366756C7A
:10A5B0006C7920736574206B6579626F61726420B9
:10A5C0006C61796F7574004572726F7220696E7676
:10A5D000616C69642045434320736C6F740053754C
:10A5E000636365737366756C6C7920736574204260
:10A5F00061636B757020506173737068726173650D
:10A60000005375636365737366756C6C792073654D
:10A610007420454343204B6579005375636365732C
:10A620007366756C6C792077697065642045434367
:10A63000204B6579005375636365737366756C6C45
:10A640007920776970656420525341205072697691
:10A65000617465204B6579004572726F7220696E76
:10A6600076616C69642052534120736C6F740045AD
:10A6700072726F7220696E76616C69642052534108
:10A680002074797065005375636365737366756CC8
:10A690006C792073657420525341204B65790045D5
:10A6A00072726F72206261636B7570206B657920C6
:10A6B0006D6F64652073657420746F206C6F636BBD
:10A6C0006564002A2A2A2057454C434F4D452054A3
:10A6D0004F204F4E4C594B455920515549434B2023
:10A6E0005345545550202A2A2A0052554E2054488A
:10A6F00049532053455455502046524F4D20412038
:10A700005452555354454420434F4D50555445528F
:10A7100020414E44204341524546554C4C59205708
:10A720005249544520444F574E0050494E732041E2
:10A730004E4420504153535048524153452E2053CC
:10A74000544F524520494E204120534543555245D0
:10A75000204C4F434154494F4E20535543482041CC
:10A760005320412053414645005748454E20464915
:10A770004E49534845442044454C4554452054488F
:10A7800049532054455854005468726565206469E3
:10A7900066666572656E742050494E20636F64650D
:10A7A000732077696C6C2062652073657420757006
:10A7B000206F6E20796F7572204F6E6C794B6579C2
:10A7C000005468652066697273742050494E207584
:10A7D0006E6C6F636B7320796F7572207072696D28
:10A7E0006172792070726F66696C652028692E65C8
:10A7F00020506572736F6E616C204163636F756E7C
:10A8000074732900546865207365636F6E6420500B
:10A81000494E20756E6C6F636B7320616E206164AE
:10A82000646974696F6E616C2070726F66696C65C3
:10A830002028692E652E20576F726B204163636F4D
:10A84000756E747329005468652074686972642099
:10A8500050494E20697320796F75722073656C665C
:10A860002D64657374727563742050494E2075733E
:10A8700065207468697320746F20776970652F662E
:10A880006163746F72792064656661756C742064AD
:10A89000657669636500546F2063686F6F73652028
:10A8A0007468652050494E7320796F757273656CBA
:10A8B000662070726573732031206F6E204F6E6C4E
:10A8C000794B65792C20666F722072616E646F6DB2
:10A8D0002050494E73207072657373203200596F97
:10A8E000752068617665203230207365636F6E6411
:10A8F00073207374617274696E67206E6F772E2E89
:10A900002E00596F752077696C6C206E6F7720650B
:10A910006E74657220612050494E206F6E207468FD
:10A9200065204F6E6C794B657920362062757474A2
:10A930006F6E206B65797061640043686F6F73653B
:10A9400020612050494E20372D31302064696769DD
:10A950007473206C6F6E6700596F7572204F6E6C48
:10A96000794B65792077696C6C206E6F7720626512
:10A9700020636F6E66696775726564206175746FB8
:10A980006D61746963616C6C792077697468207299
:10A99000616E646F6D2050494E732F5061737370F8
:10A9A000687261736500594F5552204F4E4C594B98
:10A9B00045592050494E2049533A00594F5552208D
:10A9C0004F4E4C594B4559205345434F4E44205010
:10A9D000524F46494C452050494E2049533A005960
:10A9E0004F5552204F4E4C594B45592053454C46DC
:10A9F0002D44455354525543542050494E204953F9
:10AA00003A002A2A2A2057454C434F4D4520544F9F
:10AA1000204F4E4C594B45592044554F20515549D4
:10AA2000434B205345545550202A2A2A00594F554C
:10AA300052204241434B55502050415353504852AD
:10AA40004153452E2053544F524520494E2041201A
:10AA5000534543555245204C4F434154494F4E2096
:10AA60005355434820415320412053414645005906
:10AA70004F5552204F4E4C594B4559204241434B64
:10AA8000555020504153535048524153452049534B
:10AA90003A00546F207374617274207573696E6725
:10AAA000204F6E6C794B657920656E7465722079E4
:10AAB0006F7572207072696D617279206F72207388
:10AAC00065636F6E646172792050494E206F6E200D
:10AAD000746865204F6E6C794B65792036206275FD
:10AAE00074746F6E206B6579706164004F6E6C7961
:10AAF0004B657920697320726561647920666F7295
:10AB000020757365206173206120736563757269B8
:10AB10007479206B657920284649444F322F55328D
:10AB2000462920616E6420666F72206368616C6CD8
:10AB3000656E67652D726573706F6E736500466F25
:10AB400072206164646974696F6E616C206665610E
:10AB5000747572657320737563682061732070610A
:10AB60007373776F7264206D616E6167656D656E7A
:10AB70007420696E7374616C6C20746865204F6E0C
:10AB80006C794B6579206465736B746F70206170AC
:10AB9000700068747470733A2F2F6F6E6C796B65E8
:10ABA000792E696F2F61707020002A2A2A20534560
:10ABB00054555020434F4D504C4554452C2044454E
:10ABC0004C45544520544849532054455854202A54
:10ABD0002A2A00596F75206861766520323020730B
:10ABE00065636F6E647320746F20656E7465722088
:10ABF00073656C662D646573747275637420504957
:10AC00004E2C207374617274696E67206E6F7700CA
:10AC10004F6E6C794B657920697320726561647938
:10AC20002C20656E74657220796F75722073656C67
:10AC3000662D64657374727563742050494E0053B9
:10AC400075636365737366756C2050494E20656E3D
:10AC5000747279004572726F722050494E20697388
:10AC6000206E6F74206265747765656E2037202DC5
:10AC70002031302064696769747300596F752068EA
:10AC8000617665203230207365636F6E6473207463
:10AC90006F2072652D656E7465722050494E2C20B0
:10ACA0007374617274696E67206E6F77004F6E6C9B
:10ACB000794B65792069732072656164792C207203
:10ACC000652D656E74657220796F75722050494EDE
:10ACD00020746F20636F6E6669726D0053756363D5
:10ACE00065737366756C6C79207365742050494E7A
:10ACF000004572726F722050494E7320446F6E2768
:10AD000074204D6174636800596F752068617665C1
:10AD1000203230207365636F6E647320746F20651A
:10AD20006E746572207365636F6E642070726F66F7
:10AD3000696C652050494E2C207374617274696E81
:10AD400067206E6F77004F6E6C794B657920697361
:10AD50002072656164792C20656E74657220796F4C
:10AD600075722050494E00596F75206861766520D4
:10AD70003230207365636F6E647320746F20656E6C
:10AD8000746572207072696D6172792070726F667D
:10AD9000696C652050494E2C207374617274696E21
:10ADA00067206E6F770054696D656F7574206F63EF
:10ADB0006375726564207768696C65207761697472
:10ADC000696E6720666F7220636F6E6669726D616F
:10ADD00074696F6E206F6E204F6E6C794B657900D1
:10ADE0004572726F72207061636B65747320726557
:10ADF000636569766564206578636565646564206C
:10AE000073697A65206C696D6974004572726F723E
:10AE1000206E6F204543432050726976617465202F
:10AE20004B65792073657420696E2074686973209E
:10AE3000736C6F74004572726F72206E6F20525384
:10AE4000412050726976617465204B657920736585
:10AE50007420696E207468697320736C6F74004588
:10AE600072726F72206261636B75702066696C65C7
:10AE700020746F6F206C61726765004572726F722B
:10AE8000206E6F206261636B7570206B6579207333
:10AE90006574004572726F72206B657920747970E9
:10AEA00065207573656420666F72206261636B75DF
:10AEB0007020646F6573206E6F74206D61746368B9
:10AEC000004572726F7220696E636F72726563748F
:10AED000206261636B7570206B6579207365740007
:10AEE0004572726F72206B657920636F6E66696759
:10AEF00075726174696F6E206261636B7570206634
:10AF0000696C6520666F726D617420696E636F7223
:10AF100072656374005375636365737366756C6CF7
:10AF200079206C6F61646564206261636B75700089
:10AF300052656D6F766520616E64205265696E732F
:10AF4000657274204F6E6C794B657920746F206345
:10AF50006F6D706C65746520726573746F726500D7
:10AF60004241434B55503132333435004572726F94
:10AF70007220776974682045434320536861726585
:10AF80006420536563726574004572726F72207736
:10AF90006974682052534120456E637279707469F8
:10AFA0006F6E002D2D2D2D2D424547494E204F4EC1
:10AFB0004C594B4559204241434B55502D2D2D2D79
:10AFC0002D002D2D2D2D2D454E44204F4E4C594BEF
:10AFD0004559204241434B55502D2D2D2D2D004ECE
:10AFE0006F204261636B7570204B6579202D204680
:10AFF0006F6C6C6F7720696E737472756374696FB0
:10B000006E7320686572652068747470733A2F2FB0
:10B01000646F63732E6372702E746F2F7573657215
:10B020007367756964652E68746D6C2373656375E9
:10B0300072652D656E637279707465642D626163EB
:10B040006B75702D616E79776865726500554E4934
:10B050004E495449414C495A454476332E302E349A
:10B060002D70726F6400554E4C4F434B4544763300
:10B070002E302E342D70726F64004572726F722004
:10B080004F6E6C794B6579206D7573742062652005
:10B09000696E697469616C697A6564206669727346
:10B0A00074004572726F7220646576696365206C06
:10B0B0006F636B6564004E6F2050494E207365745A
:10B0C0002C20596F75206D75737420736574206121
:10B0D0002050494E206669727374005355434345AE
:10B0E000535346554C4C204657204C4F4144205218
:10B0F0004551554553542C205245424F4F54494ECB
:10B10000472E2E2E006E6F74207573656400FFFF4E
:10B11000000000000000000015CC000021CC000061
:10B12000475B0200475B0200475B0200475B02008F
:10B13000475B0200475B0200475B02000000000023
:10B14000000000000000000041CC00004DCC0000D9
:10B15000475B0200475B0200475B0200475B02005F
:10B16000475B0200475B0200475B0200475B02004F
:10B17000001B362D6C775A41637C777BF26B6FC571
:10B180003001672BFED7AB76CA82C97DFA5947F0EA
:10B19000ADD4A2AF9CA472C0B7FD9326363FF7CCC6
:10B1A00034A5E5F171D8311504C723C31896059A63
:10B1B000071280E2EB27B27509832C1A1B6E5AA086
:10B1C000523BD6B329E32F8453D100ED20FCB15B71
:10B1D0006ACBBE394A4C58CFD0EFAAFB434D3385DA
:10B1E00045F9027F503C9FA851A3408F929D38F5AE
:10B1F000BCB6DA2110FFF3D2CD0C13EC5F974417E5
:10B20000C4A77E3D645D197360814FDC222A90885B
:10B2100046EEB814DE5E0BDBE0323A0A4906245CE7
:10B22000C2D3AC629195E479E7C8376D8DD54EA94C
:10B230006C56F4EA657AAE08BA78252E1CA6B4C618
:10B24000E8DD741F4BBD8B8A703EB5664803F60E71
:10B25000613557B986C11D9EE1F8981169D98E9460
:10B260009B1E87E9CE5528DF8CA1890DBFE6426879
:10B2700041992D0FB054BB1652096AD53036A53806
:10B28000BF40A39E81F3D7FB7CE339829B2FFF87CE
:10B29000348E4344C4DEE9CB547B9432A6C2233DB2
:10B2A000EE4C950B42FAC34E082EA16628D924B263
:10B2B000765BA2496D8BD12572F8F6648668981684
:10B2C000D4A45CCC5D65B6926C704850FDEDB9DAE3
:10B2D0005E154657A78D9D8490D8AB008CBCD30AD1
:10B2E000F7E45805B8B34506D02C1E8FCA3F0F02AD
:10B2F000C1AFBD0301138A6B3A9111414F67DCEA7C
:10B3000097F2CFCEF0B4E67396AC7422E7AD3585F4
:10B31000E2F937E81C75DF6E47F11A711D29C589FE
:10B320006FB7620EAA18BE1BFC563E4BC6D27920E0
:10B330009ADBC0FE78CD5AF41FDDA8338807C731E9
:10B34000B11210592780EC5F60517FA919B54A0DE1
:10B350002DE57A9F93C99CEFA0E03B4DAE2AF5B056
:10B36000C8EBBB3C83539961172B047EBA77D62672
:10B37000E169146355210C7D00000000000000000D
:10B38000FDD0000011D10000EBCC0000475B0200B3
:10B39000475B0200E5CF000065D0000023D100002C
:10B3A0000001020408102040801B36FFFFFFFFFF52
:10B3B000000000000000000029DB000051DB00005D
:10B3C00045D8000051D800000BDA000025D9000054
:10B3D00059D8000063DB0000E5D9000055D8000013
:10B3E00043DA00008FDA000065DA00000000000098
:10B3F00008C9BCF367E6096A3BA7CA8485AE67BB88
:10B400002BF894FE72F36E3CF1361D5F3AF54FA5B2
:10B41000D182E6AD7F520E511F6C3E2B8C68059B8E
:10B420006BBD41FBABD9831F79217E1319CDE05B46
:10B430000000000000000000BDDC0000DDDC0000BA
:10B4400065DC000069DC000085DC00003DE20000F6
:10B45000C3E200006DDC000087E30000B9E30000F8
:10B4600022AE28D7982F8A42CD65EF2391443771B9
:10B470002F3B4DECCFFBC0B5BCDB8981A5DBB5E92B
:10B4800038B548F35BC2563919D005B6F111F159F8
:10B490009B4F19AFA4823F9218816DDAD55E1CAB29
:10B4A000420203A398AA07D8BE6F7045015B8312BE
:10B4B0008CB2E44EBE853124E2B4FFD5C37D0C5579
:10B4C0006F897BF2745DBE72B196163BFEB1DE8071
:10B4D0003512C725A706DC9B942669CF74F19BC162
:10B4E000D24AF19EC1699BE4E3254F388647BEEFFF
:10B4F000B5D58C8BC69DC10F659CAC77CCA10C24B7
:10B5000075022B596F2CE92D83E4A66EAA84744A28
:10B51000D4FB41BDDCA9B05CB5531183DA88F97660
:10B52000ABDF66EE52513E981032B42D6DC631A895
:10B530003F21FB98C82703B0E40EEFBEC77F59BF79
:10B54000C28FA83DF30BE0C625A70A934791A7D564
:10B550006F8203E05163CA06706E0E0A67292914D0
:10B56000FC2FD246850AB72726C9265C38211B2E18
:10B57000ED2AC45AFC6D2C4DDFB3959D130D385345
:10B58000DE63AF8B54730A65A8B2773CBB0A6A7658
:10B59000E6AEED472EC9C2813B358214852C7292EE
:10B5A0006403F14CA1E8BFA2013042BC4B661AA86B
:10B5B0009197F8D0708B4BC230BE5406A3516CC724
:10B5C0001852EFD619E892D110A96555240699D6DC
:10B5D0002A20715785350EF4B8D1BB3270A06A109D
:10B5E000C8D0D2B816C1A41953AB4151086C371E4C
:10B5F00099EB8EDF4C774827A8489BE1B5BCB03467
:10B60000635AC9C5B30C1C39CB8A41E34AAAD84E48
:10B6100073E363774FCA9C5BA3B8B2D6F36F2E680F
:10B62000FCB2EF5DEE828F74602F17436F63A578D5
:10B6300072ABF0A11478C884EC39641A0802C78C84
:10B64000281E6323FAFFBE90E9BD82DEEB6C50A496
:10B650001579C6B2F7A3F9BE2B5372E3F27871C61F
:10B660009C6126EACE3E27CA07C2C021C7B886D150
:10B670001EEBE0CDD67DDAEA78D16EEE7F4F7DF518
:10B68000BA6F1772AA67F006A698C8A2C57D630AAA
:10B69000AE0DF9BE04983F111B471C13350B711BEF
:10B6A000847D0423F577DB289324C7407BABCA3223
:10B6B000BCBEC9150ABE9E3C4C0D109CC4671D4300
:10B6C000B6423ECBBED4C54C2A7E65FC9C297F5930
:10B6D000ECFAD63AAB6FCB5F1758474A8C19446CDB
:10B6E000657870616E642033322D62797465206BE9
:10B6F000B02AAE7DEECBBBB1FC036FDDDC7D76679F
:10B700000CE81F0DA3A0AA1EB0BD726B2B4C8A7E45
:10B7100034FC3760F41E22A00BFB188460A57772FE
:10B72000982F8A4291443771CFFBC0B5A5DBB5E9AC
:10B730005BC25639F111F159A4823F92D55E1CAB20
:10B7400098AA07D8015B8312BE853124C37D0C55AE
:10B75000745DBE72FEB1DE80A706DC9B74F19BC1F6
:10B76000C1699BE48647BEEFC69DC10FCCA10C24E6
:10B770006F2CE92DAA84744ADCA9B05CDA88F976CA
:10B7800052513E986DC631A8C82703B0C77F59BF34
:10B79000F30BE0C64791A7D55163CA066729291460
:10B7A000850AB72738211B2EFC6D2C4D130D3853FD
:10B7B00054730A65BB0A6A762EC9C281852C7292BF
:10B7C000A1E8BFA24B661AA8708B4BC2A3516CC7ED
:10B7D00019E892D1240699D685350EF470A06A1026
:10B7E00016C1A419086C371E4C774827B5BCB03475
:10B7F000B30C1C394AAAD84E4FCA9C5BF36F2E6813
:10B80000EE828F746F63A5781478C8840802C78CA1
:10B81000FAFFBE90EB6C50A4F7A3F9BEF27871C6A4
:10B82000000000000000000041EA000061EA0000A2
:10B83000C9E90000CDE90000D1E9000051EC0000A9
:10B84000B5EC000029EA000073ED0000A5ED000052
:10B85000000000000000000011EE000031EE0000CA
:10B86000EBCC00000DEE000043EE0000E5CF000041
:10B8700065D0000023D1000059F1B226949BD6EB8D
:10B8800056B183829A14E00030D1F3EEF2808E1923
:10B89000E7FCDF56DCD90624A3DDB7A5B38ADE6D4D
:10B8A000F5525177809FF0207DE3AB648E4EEA66BF
:10B8B00065768BD70F5F8767EDD3F55C1A631258F7
:10B8C000D69CF7A2DEF9DE140000000000000000A4
:10B8D00000000000000000101B132C0AA3E59CEDE3
:10B8E000A72963085D210621EBFFFFFFFFFFFFFF94
:10B8F000FFFFFFFFFFFFFFFF0F0000000100000040
:10B900000000000000000000000000000000000037
:10B910000000000000000000000000001AD5258F84
:10B92000602D56C9B2A7259560C72C695CDCD6FD91
:10B9300031E2A4C0FE536ECDD336692158666666E7
:10B940006666666666666666666666666666666697
:10B95000666666666666666666666666FFFFFFFF23
:10B96000000000000000000059F5000065F500002F
:10B97000475B0200475B0200475B0200475B020037
:10B98000475B0200475B020000000000000000006F
:10B9900091F60000B9F6000085F5000091F5000071
:10B9A00041F6000067F6000095F50000EBF5000099
:10B9B000CBF60000000000000000000000000000C6
:10B9C00015F7000029F70000475B0200475B020003
:10B9D000475B0200475B0200475B0200475B0200D7
:10B9E000475B0200475B0200475B0200475B0200C7
:10B9F000475B0200000000000000000000000000A3
:10BA000065F800008DF8000051F7000055F70000C0
:10BA100065F7000005F80000A9FA000059F70000DA
:10BA200047F8000000000000657870616E64203106
:10BA3000362D62797465206B00657870616E6420C4
:10BA400033322D62797465206B0041424344454690
:10BA50004748494A4B4C4D4E4F50515253545556FE
:10BA60005758595A6162636465666768696A6B6CA6
:10BA70006D6E6F707172737475767778797A303114
:10BA800032333435363738392B2F00FF0820000188
:10BA90002FFCFFFFFEFFFFFFFFFFFFFFFFFFFFFF8A
:10BAA000FFFFFFFFFFFFFFFFFFFFFFFFFFFFFFFFA6
:10BAB000414136D08C5ED2BF3BA048AFE6DCAEBA87
:10BAC000FEFFFFFFFFFFFFFFFFFFFFFFFFFFFFFF87
:10BAD0009817F8165B81F259D928CE2DDBFC9B0212
:10BAE000070B87CE9562A055ACBBDCF97E66BE79AC
:10BAF000B8D410FB8FD0479C195485A648B417FDC5
:10BB0000A808110EFCFBA45D65C4A32677DA3A48A9
:10BB1000070000000000000000000000000000001E
:10BB20000000000000000000000000000000000015
:10BB300069110100A9050100150601000820000196
:10BB4000FFFFFFFFFFFFFFFFFFFFFFFF0000000001
:10BB5000000000000000000001000000FFFFFFFFE8
:10BB6000512563FCC2CAB9F3849E17A7ADFAE6BC9F
:10BB7000FFFFFFFFFFFFFFFF00000000FFFFFFFFD1
:10BB800096C298D84539A1F4A033EB2D817D037777
:10BB9000F240A463E5E6BCF847422CE1F2D1176B12
:10BBA000F551BF376840B6CBCE5E316B5733CE2BE5
:10BBB000169E0F7C4AEBE78E9B7F1AFEE242E34F14
:10BBC0004B60D2273E3CCE3BF6B053CCB0061D6551
:10BBD000BC86987655BDEBB3E7933AAAD835C65ADA
:10BBE000151001007D030100E10301003031323303
:10BBF0003435363738396162636465660063626480
:10BC000065666768696A6B6C6E7274757600637CD2
:10BC1000777BF26B6FC53001672BFED7AB76CA829C
:10BC2000C97DFA5947F0ADD4A2AF9CA472C0B7FD4C
:10BC30009326363FF7CC34A5E5F171D8311504C70A
:10BC400023C31896059A071280E2EB27B275098381
:10BC50002C1A1B6E5AA0523BD6B329E32F8453D122
:10BC600000ED20FCB15B6ACBBE394A4C58CFD0EF17
:10BC7000AAFB434D338545F9027F503C9FA851A351
:10BC8000408F929D38F5BCB6DA2110FFF3D2CD0C6F
:10BC900013EC5F974417C4A77E3D645D1973608100
:10BCA0004FDC222A908846EEB814DE5E0BDBE032D1
:10BCB0003A0A4906245CC2D3AC629195E479E7C89C
:10BCC000376D8DD54EA96C56F4EA657AAE08BA7810
:10BCD000252E1CA6B4C6E8DD741F4BBD8B8A703EB2
:10BCE000B5664803F60E613557B986C11D9EE1F869
:10BCF000981169D98E949B1E87E9CE5528DF8CA1B7
:10BD0000890DBFE6426841992D0FB054BB16010260
:10BD10000408102040801B36800000000000000056
:10BD20000000000000000000000000000000000013
:10BD30000000000000000000000000000000000003
:10BD400000000000000000000000000000000000F3
:10BD500000000000000000000000000000000000E3
:10BD600000000000000000000000000000000000D3
:10BD700000000000000000000000000000000000C3
:10BD800000000000000000000000000000000000B3
:10BD9000000000000000000022AE28D7982F8A4241
:10BDA000CD65EF23914437712F3B4DECCFFBC0B5F0
:10BDB000BCDB8981A5DBB5E938B548F35BC25639F0
:10BDC00019D005B6F111F1599B4F19AFA4823F92DA
:10BDD00018816DDAD55E1CAB420203A398AA07D87E
:10BDE000BE6F7045015B83128CB2E44EBE85312478
:10BDF000E2B4FFD5C37D0C556F897BF2745DBE72D2
:10BE0000B196163BFEB1DE803512C725A706DC9B36
:10BE1000942669CF74F19BC1D24AF19EC1699BE41B
:10BE2000E3254F388647BEEFB5D58C8BC69DC10F35
:10BE3000659CAC77CCA10C2475022B596F2CE92D95
:10BE400083E4A66EAA84744AD4FB41BDDCA9B05C2D
:10BE5000B5531183DA88F976ABDF66EE52513E981E
:10BE60001032B42D6DC631A83F21FB98C82703B00E
:10BE7000E40EEFBEC77F59BFC28FA83DF30BE0C6EB
:10BE800025A70A934791A7D56F8203E05163CA069D
:10BE9000706E0E0A67292914FC2FD246850AB7272F
:10BEA00026C9265C38211B2EED2AC45AFC6D2C4D68
:10BEB000DFB3959D130D3853DE63AF8B54730A6562
:10BEC000A8B2773CBB0A6A76E6AEED472EC9C281BE
:10BED0003B358214852C72926403F14CA1E8BFA219
:10BEE000013042BC4B661AA89197F8D0708B4BC2B8
:10BEF00030BE5406A3516CC71852EFD619E892D140
:10BF000010A96555240699D62A20715785350EF457
:10BF1000B8D1BB3270A06A10C8D0D2B816C1A4196B
:10BF200053AB4151086C371E99EB8EDF4C77482795
:10BF3000A8489BE1B5BCB034635AC9C5B30C1C39E1
:10BF4000CB8A41E34AAAD84E73E363774FCA9C5B1E
:10BF5000A3B8B2D6F36F2E68FCB2EF5DEE828F7499
:10BF6000602F17436F63A57872ABF0A11478C88473
:10BF7000EC39641A0802C78C281E6323FAFFBE90AE
:10BF8000E9BD82DEEB6C50A41579C6B2F7A3F9BE09
:10BF90002B5372E3F27871C69C6126EACE3E27CA23
:10BFA00007C2C021C7B886D11EEBE0CDD67DDAEA44
:10BFB00078D16EEE7F4F7DF5BA6F1772AA67F006E3
:10BFC000A698C8A2C57D630AAE0DF9BE04983F11BC
:10BFD0001B471C13350B711B847D0423F577DB286D
:10BFE0009324C7407BABCA32BCBEC9150ABE9E3C77
:10BFF0004C0D109CC4671D43B6423ECBBED4C54C0D
:10C000002A7E65FC9C297F59ECFAD63AAB6FCB5F50
:10C010001758474A8C19446C28C00200D4C002004B
:10C0200058C00200A4C00200050000009DC002002C
:10C030001C00000040000000AD2B0100A92B0100F6
:10C04000A52B0100992B01007D2B0100652B010020
:10C050005F2B01005B2B0100070000008FC0020076
:10C060003000000080000000092C0100052C0100B8
:10C07000012C0100F52B0100D92B0100C12B01007F
:10C08000BD2B0100B92B010053484135313200531B
:10C090004841333834005348413235360053484123
:10C0A000323234000800000088C002004000000066
:10C0B000800000000F2C0100052C0100012C010064
:10C0C000FB2B0100D92B0100C12B0100BD2B01006E
:10C0D000B92B01000600000096C0020020000000FD
:10C0E00040000000B32B0100A92B0100A52B01008B
:10C0F0009F2B01007D2B0100652B01005F2B0100B0
:10C100005B2B010080000000000000000000000028
:10C11000000000000000000000000000000000001F
:10C12000000000000000000000000000000000000F
:10C1300000000000000000000000000000000000FF
:10C1400000000000982F8A4291443771CFFBC0B5A0
:10C15000A5DBB5E95BC25639F111F159A4823F92D2
:10C16000D55E1CAB98AA07D8015B8312BE8531242B
:10C17000C37D0C55745DBE72FEB1DE80A706DC9BEC
:10C1800074F19BC1C1699BE48647BEEFC69DC10F98
:10C19000CCA10C246F2CE92DAA84744ADCA9B05CD4
:10C1A000DA88F97652513E986DC631A8C82703B097
:10C1B000C77F59BFF30BE0C64791A7D55163CA06A5
:10C1C00067292914850AB72738211B2EFC6D2C4DB1
:10C1D000130D385354730A65BB0A6A762EC9C2819F
:10C1E000852C7292A1E8BFA24B661AA8708B4BC235
:10C1F000A3516CC719E892D1240699D685350EF45F
:10C2000070A06A1016C1A419086C371E4C77482715
:10C21000B5BCB034B30C1C394AAAD84E4FCA9C5B8B
:10C22000F36F2E68EE828F746F63A5781478C884DC
:10C230000802C78CFAFFBE90EB6C50A4F7A3F9BEBE
:10C24000F27871C625642E25640060864801650376
:10C250000402040069642D73686132323400608620
:10C26000480165030402010069642D736861323579
:10C2700036006086480165030402020069642D737C
:10C2800068613338340060864801650304020300A6
:10C2900069642D736861353132002A864886F70D4E
:10C2A00001010100727361456E6372797074696F88
:10C2B0006E00525341002A8648CE3D020100696457
:10C2C0002D65635075626C69634B65790047656ED7
:10C2D00065726963204543206B6579002B810401F9
:10C2E0000C0069642D65634448004543206B657903
:10C2F00020666F722045434448002A864886F70D21
:10C3000001010E0073686132323457697468525308
:10C3100041456E6372797074696F6E0052534120AB
:10C3200077697468205348412D323234002A864898
:10C3300086F70D01010B0073686132353657697459
:10C3400068525341456E6372797074696F6E005222
:10C3500053412077697468205348412D32353600A7
:10C360002A864886F70D01010C0073686133383462
:10C3700057697468525341456E6372797074696F7E
:10C380006E005253412077697468205348412D3321
:10C390003834002A864886F70D01010D0073686164
:10C3A00035313257697468525341456E6372797002
:10C3B00074696F6E00525341207769746820534846
:10C3C000412D353132002A864886F70D01010A00D9
:10C3D0005253415353412D50535300FF4AC2020060
:10C3E0000900000054C2020025C30200050000003D
:10C3F0005EC202000900000068C2020058C30200C9
:10C400000600000072C20200090000007CC20200A7
:10C410008BC302000700000086C202000900000072
:10C4200090C20200BEC3020008000000000000002D
:10C4300000000000000000000000000000000000FC
:10C4400041DB0000000000000100000000000000CF
:10C4500000000000000000000000000000000000DC
:10C4600000000000000000000000000000000000CC
:10C4700000000000000000000000000000000000BC
:10C4800000000000000000000000000000000000AC
:10C49000000000000000000000000000000000009C
:10C4A000000000000000000000000000000000008C
:10C4B000000000000000000000000000000000007C
:10C4C000657870616E642033322D62797465206BFB
:10C4D0006A09E667F3BCC908BB67AE8584CAA73B97
:10C4E0003C6EF372FE94F82BA54FF53A5F1D36F1C2
:10C4F000510E527FADE682D19B05688C2B3E6C1F9E
:10C500001F83D9ABFB41BD6B5BE0CD19137E217955
:10C510000900000000000000000000000000000012
:10C52000000000000000000000000000000000000B
:10C5300022AE28D7982F8A42CD65EF2391443771D8
:10C540002F3B4DECCFFBC0B5BCDB8981A5DBB5E94A
:10C5500038B548F35BC2563919D005B6F111F15917
:10C560009B4F19AFA4823F9218816DDAD55E1CAB48
:10C57000420203A398AA07D8BE6F7045015B8312DD
:10C580008CB2E44EBE853124E2B4FFD5C37D0C5598
:10C590006F897BF2745DBE72B196163BFEB1DE8090
:10C5A0003512C725A706DC9B942669CF74F19BC181
:10C5B000D24AF19EC1699BE4E3254F388647BEEF1E
:10C5C000B5D58C8BC69DC10F659CAC77CCA10C24D6
:10C5D00075022B596F2CE92D83E4A66EAA84744A48
:10C5E000D4FB41BDDCA9B05CB5531183DA88F97680
:10C5F000ABDF66EE52513E981032B42D6DC631A8B5
:10C600003F21FB98C82703B0E40EEFBEC77F59BF98
:10C61000C28FA83DF30BE0C625A70A934791A7D583
:10C620006F8203E05163CA06706E0E0A67292914EF
:10C63000FC2FD246850AB72726C9265C38211B2E37
:10C64000ED2AC45AFC6D2C4DDFB3959D130D385364
:10C65000DE63AF8B54730A65A8B2773CBB0A6A7677
:10C66000E6AEED472EC9C2813B358214852C72920D
:10C670006403F14CA1E8BFA2013042BC4B661AA88A
:10C680009197F8D0708B4BC230BE5406A3516CC743
:10C690001852EFD619E892D110A96555240699D6FB
:10C6A0002A20715785350EF4B8D1BB3270A06A10BC
:10C6B000C8D0D2B816C1A41953AB4151086C371E6B
:10C6C00099EB8EDF4C774827A8489BE1B5BCB03486
:10C6D000635AC9C5B30C1C39CB8A41E34AAAD84E68
:10C6E00073E363774FCA9C5BA3B8B2D6F36F2E682F
:10C6F000FCB2EF5DEE828F74602F17436F63A578F5
:10C7000072ABF0A11478C884EC39641A0802C78CA3
:10C71000281E6323FAFFBE90E9BD82DEEB6C50A4B5
:10C720001579C6B2F7A3F9BE2B5372E3F27871C63E
:10C730009C6126EACE3E27CA07C2C021C7B886D16F
:10C740001EEBE0CDD67DDAEA78D16EEE7F4F7DF537
:10C75000BA6F1772AA67F006A698C8A2C57D630AC9
:10C76000AE0DF9BE04983F111B471C13350B711B0E
:10C77000847D0423F577DB289324C7407BABCA3242
:10C78000BCBEC9150ABE9E3C4C0D109CC4671D431F
:10C79000B6423ECBBED4C54C2A7E65FC9C297F594F
:10C7A000ECFAD63AAB6FCB5F1758474A8C19446CFA
:10C7B00043626F72496E7465676572547970650083
:10C7C00043626F7242797465537472696E6754790B
:10C7D00070650043626F7254657874537472696E49
:10C7E00067547970650043626F7241727261795467
:10C7F0007970650043626F724D61705479706500A5
:10C8000043626F72546167547970650043626F725E
:10C8100053696D706C65547970650043626F724244
:10C820006F6F6C65616E547970650043626F724E14
:10C83000756C6C547970650043626F72556E6465F7
:10C8400066696E6564547970650043626F72486111
:10C850006C66466C6F6174547970650043626F72E8
:10C86000466C6F6174547970650043626F72446FF7
:10C8700075626C655479706500496E76616C6964A7
:10C88000207479706500696400646973706C617903
:10C890004E616D650069636F6E00616C6700707555
:10C8A000626C69632D6B657900726B007576006848
:10C8B0006D61632D736563726574006372656450A6
:10C8C000726F7465637400EBAEE329090A5B5192E1
:10C8D000E0BD132D5C22C6D18A4D23FC8EFD4A217A
:10C8E000AFA8E4C8FD935400617070732E6372703A
:10C8F0002E746F02004572726F7200998F358B2D06
:10C90000D24CBEA43AE8107438DFB30079D699DF70
:10C9100001914B10B9035467E7CE8231005532467E
:10C920005F5632002F776F726B2F61726475696E7C
:10C930006F2F6C69627261726965732F6669646FCB
:10C94000322F637461702E637070004649444F5FEC
:10C95000325F30004649444F5F325F315F5052458D
:10C9600000706C617400637265644D676D74006380
:10C970006C69656E7450696E007369670078356321
:10C98000007061636B656400308202CF3082027593
:10C99000A003020102020100300A06082A8648CEDE
:10C9A0003D040302307B310B3009060355040613A6
:10C9B0000255533117301506035504080C0E4E6FFF
:10C9C000727468204361726F6C696E613114301249
:10C9D000060355040A0C0B43727970746F54727518
:10C9E00073743110300E060355040B0C07526F6F31
:10C9F00074204341310F300D06035504030C0663C8
:10CA000072702E746F311A301806092A864886F71C
:10CA10000D010901160B696E666F406372702E740A
:10CA20006F3020170D3139303830393132323630ED
:10CA3000385A180F323036393037323731323236D1
:10CA400030385A30818D310B3009060355040613F6
:10CA50000255533117301506035504080C0E4E6F5E
:10CA6000727468204361726F6C696E6131143012A8
:10CA7000060355040A0C0B43727970746F54727577
:10CA8000737431223020060355040B0C1941757460
:10CA900068656E74696361746F7220417474657344
:10CAA000746174696F6E310F300D06035504030C09
:10CAB000066372702E746F311A301806092A864880
:10CAC00086F70D010901160B696E666F406372707F
:10CAD0002E746F3059301306072A8648CE3D020166
:10CAE00006082A8648CE3D03010703420004780762
:10CAF0006610CF5B050795D2B6425D4EADF065344A
:10CB00000A90C8AA8A6213DB95A04B0C95FC828F11
:10CB10002DF84B79DD3EE9F00228A68CE862154E2F
:10CB20003BA9E684602D7576DD9D9A2C4C6AA38125
:10CB3000D43081D1301D0603551D0E04160414DBBC
:10CB4000A0676363C4F7F571ED00820F92D365654A
:10CB50007687483081970603551D2304818F3081E5
:10CB60008CA17FA47D307B310B3009060355040670
:10CB7000130255533117301506035504080C0E4E99
:10CB80006F727468204361726F6C696E613114302A
:10CB900012060355040A0C0B43727970746F5472B9
:10CBA0007573743110300E060355040B0C07526F69
:10CBB0006F74204341310F300D06035504030C06FA
:10CBC0006372702E746F311A301806092A864886EF
:10CBD000F70D010901160B696E666F406372702EC6
:10CBE000746F820900A5857B46325AE6E13009065A
:10CBF00003551D1304023000300B0603551D0F04AE
:10CC000004030204F0300A06082A8648CE3D0403D5
:10CC1000020348003045022100A56A92506A981824
:10CC200021E59B3C2E7652C9CED1B40F9629BC3C4F
:10CC3000891D241589B3FF9336022039DD7435FD33
:10CC40008BEF381EC38DE53F74CD68B077184184F3
:10CC5000A2408F58281BA81715B73200308202D97E
:10CC600030820280A003020102020101300A06089C
:10CC70002A8648CE3D040302307B310B300906037F
:10CC80005504061302555331173015060355040891
:10CC90000C0E4E6F727468204361726F6C696E6126
:10CCA00031143012060355040A0C0B437279707468
:10CCB0006F54727573743110300E060355040B0CEB
:10CCC00007526F6F74204341310F300D0603550436
:10CCD000030C066372702E746F311A301806092A1D
:10CCE000864886F70D010901160B696E666F406371
:10CCF00072702E746F3020170D3232303232313272
:10CD000030313133315A180F323037323032303916
:10CD10003230313133315A30818D310B30090603D5
:10CD200055040613025553311730150603550408F0
:10CD30000C0E4E6F727468204361726F6C696E6185
:10CD400031143012060355040A0C0B4372797074C7
:10CD50006F547275737431223020060355040B0C26
:10CD60001941757468656E74696361746F722041EE
:10CD700074746573746174696F6E310F300D0603DE
:10CD80005504030C066372702E746F311A30180646
:10CD9000092A864886F70D010901160B696E666F30
:10CDA000406372702E746F3059301306072A86481C
:10CDB000CE3D020106082A8648CE3D030107034204
:10CDC0000004F0C70606BB77AB8D81A523135E5028
:10CDD000871BE0C9E4ED521DEE4C62425E1D4CFF24
:10CDE0009A79FCDFDCDC4163A20D06A0E3747CC60B
:10CDF000692198FA383EF4582D485CEA554387DBA0
:10CE00007ED6A381DF3081DC301D0603551D0E0464
:10CE1000160414C16DDB03C0DE975740F696D9485F
:10CE200017BDE125CBB4A43081A20603551D230410
:10CE3000819A308197A17FA47D307B310B30090628
:10CE400003550406130255533117301506035504D4
:10CE5000080C0E4E6F727468204361726F6C696EBD
:10CE60006131143012060355040A0C0B43727970B9
:10CE7000746F54727573743110300E060355040BC1
:10CE80000C07526F6F74204341310F300D0603556C
:10CE900004030C066372702E746F311A3018060981
:10CEA0002A864886F70D010901160B696E666F40E8
:10CEB0006372702E746F8214537A3BBC6720A6FB9A
:10CEC000E3CDE9AA2AA0B804FA56940C3009060367
:10CED000551D1304023000300B0603551D0F0404CA
:10CEE000030204F0300A06082A8648CE3D040302F5
:10CEF000034700304402205C3C9E62C4EB26CC1108
:10CF0000A7CE7218265E9707E0D22C7705A50EE70C
:10CF1000EB79D2FE07E0A20220475ACCBBEF0D3DD1
:10CF2000782FEC123A15706926C11719913B66AD3E
:10CF30008A0DCE0BA28D8315B5008C2790F60015B7
:10CF4000191519151915FFFF000100003F8DFF1F6E
:10CF500012000000000200006A8DFF1F8200000026
:10CF600000220300EC8DFF1F2100000000210300C0
:10CF7000D58DFF1F0900000000220000F48CFF1F68
:10CF80004B000000002100007C8DFF1F0900000005
:10CF9000002201000D8EFF1F220000000021010071
:10CFA000958DFF1F09000000002202002F8EFF1F39
:10CFB0002200000000210200B58DFF1F09000000C3
:10CFC00000030000628EFF1F000000000003090440
:10CFD000628EFF1F0000000001020000628EFF1F32
:10CFE0000000000001030904528DFF1F0000000033
:10CFF00002030904528EFF1F00000000030309040E
:10D00000668EFF1F0000000000000000000000000E
:10D01000000000004008FE4340A004404408FE43D6
:10D0200044A004400018FE4300C004403000FE430A
:10D03000309004403400FE43349004401C18FE43FA
:10D040001CC004401018FE4310C004400818FE43E2
:10D0500008C004400C18FE430CC004400C10FE43F2
:10D060000CB004401010FE4310B004401810FE43F2
:10D0700018B004401C10FE431CB004401410FE43C2
:10D0800014B004400418FE4304C004400010FE43E2
:10D0900000B004400008FE4300A004400408FE4322
:10D0A00004A004400C08FE430CA004400808FE4302
:10D0B00008A004401418FE4314C004401818FE438E
:10D0C00018C004400410FE4304B004400810FE439E
:10D0D00008B004401400FE43149004404C08FE4382
:10D0E0004CA004400420FE4304D004402410FE431E
:10D0F00024B004402010FE4320B004402810FE431A
:10D1000028B004402C10FE432CB004400020FE4305
:10D1100000D004404808FE4348A004401000FE43ED
:10D1200010900440090AFFFFFFFFFFFFFFFFFFFF12
:10D13000FFFFFF0D00060807FFFF0E0FFF0CFFFFAC
:10D14000FFFFFFFF0B056FF07F030370037813F001
:10D15000800FFBD07047050E08090D0C06070F0461
:10D16000001303931A9217C585848687C4FFFFFFB7
:10D1700000000000000000004B6C0200636C020025
:10D18000336C02003B6C0200376C02003F6C020003
:10D19000D56B0200E96B0200096C02000D6C020005
:10D1A000136C0200236C0200436C0200476C020007
:10D1B000ED6A0200F96A0200056B0200116B0200C1
:10D1C000736C0200576C02000D0AFFFFFFFFFFFFA8
:10D1D0000000000000000000916D0200976D020049
:10D1E000816D0200856D0200896D02008D6D020067
:10D1F00000000000000000009F6D0200B96C0200FA
:10D200000000000000000000936B0200AB6B020006
:10D210007B6B0200836B02007F6B0200876B020056
:10D220001D6B0200316B0200516B0200556B020056
:10D230005B6B02006B6B02008B6B02008F6B02005A
:10D24000BD6A0200C96A0200D56A0200E16A0200F2
:10D25000BB6B02009F6B020000000000000000009A
:10D260001B7E0200337E0200037E02000B7E020062
:10D27000077E02000F7E0200A57D0200B97D02003C
:10D28000D97D0200DD7D0200E37D0200F37D020016
:10D29000137E0200177E0200757D0200817D020070
:10D2A0008D7D0200997D0200437E0200277E0200F0
:10D2B000000000000000000000000000000000006E
:10D2C000000000000000000000000000000000005E
:10D2D000000000000000000000000000000000004E
:10D2E000000000000000000000000000000000003E
:10D2F000000000000000000000000000000000002E
:10D30000000000000000000000000000000000001D
:10D310004300FFFF8C8EFF1F232D302B2000686CF5
:10D320004C00656667454647003031323334353648
:10D330003738394142434445460030313233343581
:10D340003637383961626364656600FFF8B500BF3F
:10D35000F8BC08BC9E46704701B40248844601BC34
:10D36000604700BF718CFF1F35040000511D000095
:10D370008D20000089270000692A0000F9C90000FB
:10D38000A9E700008D6C0200AD6D0200597D02001E
:04D390005D7E0200BC
:08D394001CB1FF7F0100000045
:10D39C008023037003781B06FCD570470000000047
:10D3AC0001000000010000000123456789ABCDEFAF
:10D3BC00FEDCBA9876543210F0E1D2C32C01000096
:10D3CC003000000003000000D5B5FF1F000202036F
:10D3DC000303050000030505D5B1FF1F1E00000067
:10D3EC00D9470100DD4701000300DD0211C5D7E379
:10D3FC002BD5642DF81CEA3BCDA79A64B788EECAEE
:10D40C00977603AD44ED327A61C71F920000D302C8
:10D41C000100000005010906A101050719E029E733
:10D42C001500250175019508810295017508050CFB
:10D43C0009B88101950575010508190129059102A5
:10D44C00950175039101950675081500257F050753
:10D45C001900297F8100097695087508B102C01260
:10D46C0001000200000040501DFC6000010102039D
:10D47C0001001803430052005900500054004F00A3
:10D48C00540052005500530054000902820004015C
:10D49C00008032090400000103010102092111017D
:10D4AC000001224B00070587030800050904010051
:10D4BC0002030000020921110100012222000705CC
:10D4CC00830340000507050403400005090402001E
:10D4DC0002030000020921110100012222000705AC
:10D4EC0085034000050705060340000509040300F9
:10D4FC00020300000009211101000122210007058F
:10D50C0081034000050705020320000206C9FF093C
:10D51C0004A15C7508150026FF0095400975810271
:10D52C0095200976910295040976B102C006D0F1D6
:10D53C000901A1010920150026FF007508954081FD
:10D54C00020921150026FF00750895409102C006BE
:10D55C00ABFF0902A1010920150026FF00750895F3
:10D56C004081020921150026FF00750895409102A3
:10D57C00C00010034F004E004C0059004B004500FA
:10D58C005900040309040C03000000000000000013
:10D59C000000000000000000000000000800000077
:10D5AC00D4E6FF1FFFFFFFFF0A040000000000008D
:10D5BC00B0D20200D0D20200F0D202000000000073
:10D5CC0000000000000000000000000010D302006A
:10D5DC00000000000000000000000000000000003F
:10D5EC00000000000000000000000000000000002F
:10D5FC00000000000000000000000000000000001F
:10D60C000000000000000000000000008C8EFF1FD6
:00000001FF
