:1000000000800020BD010000B5A0020081A0020018
:1000100081A0020081A0020081A0020081A0020054
:1000200081A0020081A0020081A00200B5A0020010
:10003000B5A0020081A00200B5A0020071A00200DC
:10004000B5A00200B5A00200B5A00200B5A0020054
:10005000B5A00200B5A00200B5A00200B5A0020044
:10006000B5A00200B5A00200B5A00200B5A0020034
:10007000B5A00200B5A00200B5A00200B5A0020024
:10008000B5A00200B5A00200B5A00200B5A0020014
:10009000B5A00200B5A00200B5A00200B5A0020004
:1000A000B5A00200B5A00200B5A00200B5A00200F4
:1000B000B5A00200B5A00200B5A00200B5A00200E4
:1000C000B5A00200B5A00200B5A00200B5A00200D4
:1000D000B5A00200B5A00200B5A00200B5A00200C4
:1000E000B5A00200B5A00200B5A00200B5A00200B4
:1000F000B5A00200B5A00200B5A00200B5A00200A4
:10010000B5A00200B5A00200B5A00200B5A0020093
:10011000B5A00200B5A00200B5A00200B5A0020083
:10012000B5A00200B5A00200B5A00200B5A0020073
:10013000B5A00200B5A00200B5A00200B5A0020063
:10014000B5A00200B5A00200B5A00200B5A0020053
:10015000B5A00200B5A00200B5A00200B5A0020043
:10016000B5A0020099040200B5A00200B5A00200EB
:10017000B5A00200B5A00200B5A00200B5A0020023
:10018000B5A00200B5A00200B5A00200B5A0020013
:10019000B5A00200B5A00200B5A00200B5A0020003
:1001A000B5A00200B5A00200B5A00200B5A00200F3
:1001B000B5A00200B5A00200B5A00200564B4CF25B
:1001C000205210B51A804DF628121A8000BF00BFC9
:1001D00029F074FF514B4FF010621A60504A9A6038
:1001E000504ADA60A3F53043203B1A6812F480725B
:1001F00004D14D490A604FF4A8521A604B4B1A784B
:10020000110703D51A7842F008021A70484B2A22C7
:100210001A700023474A48499818884204D247492F
:10022000595899500433F5E7454A464B9A424FF0E6
:10023000000302D242F8043BF7E74349434A5958C6
:1002400099500433B3F5DE7FF7D1414B802103F899
:10025000011B40498B42F9D13F4B1A603F4B0A22A8
:100260001A70A3F5805324225A70A0221A709A792A
:100270009207FCD59A79D406FCD4394B9A7902F0CE
:100280000C02082AF9D105221A7143225A719A796F
:100290009006FCD5324B9A795106FBD5314A4FF086
:1002A000817111600521516020221A702C4B9B79BD
:1002B00003F00C030C2BF9D12B4B2C4A1A602C4B5E
:1002C0002C4A1A6000225A60072243F8042C2A4A5A
:1002D000C3F80C2D62B620F0D3FE134B1B68DA076F
:1002E00005D5264820F058FD254B264A1A60264B96
:1002F0001B785B0609D5224C224A2368934204D11D
:100300001E4820F049FD002323602BF0A5FC29F0B6
:10031000DBFE2AF060FEFEE70E2005403080044040
:10032000823F04000100002B14D0034002D007409C
:1003300000E00740708CFF1FF08EFF1FA008030035
:10034000F08EFF1FE0FFFF1F000000000082FF1F74
:1003500000E400E05FE400E008ED00E0005006404B
:10036000004006404480044004800440C010050062
:1003700014E000E03F190100000020206C44B56A41
:100380001CE00340A5C3945A00F00740FFFFFFFFA5
:10039000FFFFFFFFFFFFFFFFFFFFFFFFFFFFFFFF6D
:1003A000FFFFFFFFFFFFFFFFFFFFFFFFFFFFFFFF5D
:1003B000FFFFFFFFFFFFFFFFFFFFFFFFFFFFFFFF4D
:1003C000FFFFFFFFFFFFFFFFFFFFFFFFFFFFFFFF3D
:1003D000FFFFFFFFFFFFFFFFFFFFFFFFFFFFFFFF2D
:1003E000FFFFFFFFFFFFFFFFFFFFFFFFFFFFFFFF1D
:1003F000FFFFFFFFFFFFFFFFFFFFFFFFFFFFFFFF0D
:10040000FFFFFFFFFFFFFFFFFFFFFFFFFEFFFFFFFD
:1004100010B5054C237833B9044B13B10448AFF33E
:1004200000800123237010BDF08EFF1F000000002C
:10043000A008030008B5064B1BB106480649AFF3F8
:1004400000800648036813B1054B03B1984708BD07
:1004500000000000A0080300F48EFF1FF08EFF1FB5
:10046000000000007047FFFF08B5C82020F0F2FD33
:10047000074A0023137053709370D3701371537134
:10048000044A1370044A1370BDE8084029F0FEBF07
:1004900084FFFF1F8AFFFF1F8BFFFF1FF8B51A4B5A
:1004A0001A481B4E1B4F00251D701B4B01241C704E
:1004B00001F0C8FB194B1A481C60202229462BF07A
:1004C0002BFC0823337029F0E1FF0F233B7029F048
:1004D000DDFFFFF7C9FF347029F0D8FF092333701F
:1004E00029F0D4FF14233B7029F0D0FF4FF4FA70A9
:1004F00020F0B0FD0B4B1D7029F0C8FFFFF7B4FFD3
:10050000094B0A4A1A60F8BDFDC7FF1FBCC7FF1F91
:100510008AFFFF1F84FFFF1F808CFF1F848CFF1F3B
:100520001091FF1F8BFFFF1F0CED00E00400FA0588
:100530002DE9F04F964C9FB0002305460DF10F00BA
:10054000237002F05DF9934B1B7823B99DF80F30AF
:1005500003F00F0305E0012B08D19DF80F301B09B4
:100560000C339D4202D1FFF799FFBFE18A4E294625
:10057000304602F0D1F8317811B9304602F0CCF8AB
:10058000337813B9844B04221A700DF10E002946FA
:1005900003F008F99DF80E90C9F3C0038DF80E30F2
:1005A0007E4B1F78002F40F0A1817D4E39464022BE
:1005B0000EA82BF0B1FB3946FB2230462BF0ACFBEA
:1005C0000EA8294607F048FAB0F1000826DD754B61
:1005D000CDF800800EA8E9B20F220AF081FE9DF846
:1005E0003830082B0CD108F1FF380DF139003146B5
:1005F000424623780DF050F8012784F800800DE082
:10060000424623780EA831460DF046F85FFA88F38B
:10061000022208F10108F25484F8008000214022EF
:100620000EA82BF079FB0EA8294603F047F99DF898
:100630003830C9F3800A5BB1AFB91E2B00F250818C
:100640009846237808F10A02F2540133237048E1F6
:10065000BAF1000F0AD05FB9B84623780122F254EC
:100660001344237005E04FF0000802E0D04600E09C
:1006700098460EA8294607F073FBB0F1000A11DD79
:10068000CDF800A00EA8E9B20222464B0AF028FEDF
:100690005246237842490EA80CF0FEFF23789A4474
:1006A00084F800A009F0030A0EA8002140222BF0D4
:1006B00033FBBAF1000F0BD057B9BAF1010F02D0DA
:1006C000BAF1020F04D1237806F803A00133237096
:1006D000002140220EA82BF01FFB0EA8294603F094
:1006E00079F99DF838B00BF1FF331D2B07D837B9D6
:1006F00023780BF10A02F2540133237001E04FF02A
:10070000000B0EA8294602F07FFDB0F1000A11DDB2
:10071000CDF800A00EA8E9B20522224B0AF0E0FDB8
:10072000524623781E490EA80CF0B6FF23789A444F
:1007300084F800A0C9F3011A0EA8002140222BF072
:10074000EBFABAF1000F0BD057B9BAF1010F02D092
:10075000BAF1020F04D1237806F803A00133237005
:10076000002140220EA82BF0D7FA0EA8294603F04C
:10077000BDF99DF838A00AF1FF331D2B14D89FB99D
:1007800023780AF10A02F254013323700EE000BF0D
:10079000348FFF1FB4D5FF1FA48CFF1FA1C7FF1FFD
:1007A000508FFF1F1091FF1F4FF0000A0EA800216D
:1007B00040222BF0B1FA9DF80E302BB127B92378E7
:1007C0000122F254134423700EA8294603F04AFA7A
:1007D0009DF83830002B6ED0672B46D129460EA8E5
:1007E00007F050FC434F00900646E9B20EA80922DC
:1007F000414B0AF075FD237832460EA839460CF0BD
:100800004BFF32460EA904A801F020FE01F086FE3F
:10081000404400EB0B01514404A801F01BFE0646C6
:1008200001F0B8FE237858B94E22FA541F445322DF
:100830004F237B70FA7054234522BB703A710BE052
:100840003278FA541F4472787A70B378BB70F378B8
:10085000FB7033793B7173797B7123780EA8063373
:100860000021402223702BF057FA9DF83830214E9A
:10087000792B07D12078002130440BF047FA2378F8
:100880002C3323709DF83830322B01D0592B09D1ED
:100890002078E9B230440BF039FA2378203303EBA7
:1008A000400020709DF83830752B04D12378092240
:1008B000F254013323705FEAD9130E4B04D022782F
:1008C000012199540A44227019F0400F04D0227873
:1008D000022199540132227022780021995405E0B6
:1008E000B846BAF1000F7FF4B8AEC2E61FB0BDE85B
:1008F000F08F00BF508FFF1F1091FF1F0A4B1A7817
:100900000A4B18681AB90A4A5278022A01D12438C7
:1009100007E0012A01D12A3803E0032A0CBF1E3860
:100920003038FFF705BE00BFB4D5FF1F30ADFF1F45
:10093000E8C7FF1F0D4B1A780D4B18681AB90D4AFE
:100940005278022A01D1243807E0012A01D12A383D
:1009500003E0032A0CBF1E383038074B1B78092BE5
:100960000CBF03300630FFF7E3BD00BFB4D5FF1F57
:1009700030ADFF1FE8C7FF1FB78CFF1F10B5464BF8
:100980001B6804461878A0F13103082B06D84FF4F1
:100990007A733038584320F05DFB42E074285CD015
:1009A00072285ED03D4B1B78002B3AD01CB129F049
:1009B0000BFE002435E0702832D0682855D0752809
:1009C00055D06F2855D0652855D0642855D0622859
:1009D00055D04C2855D0522855D0552855D04428AC
:1009E00055D0452855D0632804D12D4B1A7842F0B4
:1009F000010213E0732804D1294B1A7842F0020255
:100A00000CE0612804D1264B1A7842F0040205E07C
:100A1000672806D1224B1A7842F008021A7000E0CB
:100A20004624204B1A780AB91C7012E05A780AB989
:100A30005C700EE09A780AB99C700AE0DA780AB91C
:100A4000DC7006E01A790AB91C7102E05A7902B921
:100A50005C71BDE8104029F019BD002CA7D12B24F2
:100A6000DFE7002CA3D12824DBE74A24D9E74B2475
:100A7000D7E74E24D5E74D24D3E74C24D1E72A24E9
:100A8000CFE75024CDE74F24CBE75224C9E75124C8
:100A9000C7E72924C5E700BF4C90FF1FACD5FF1F57
:100AA0008AFFFF1F84FFFF1F2DE9F0415F4B604A63
:100AB0001B7810785F4C4BB1AA2807D121680A78BF
:100AC00022B1092A02D001312160F3E722685A4E8F
:100AD00015783778DFF85C819DB95848584900F09F
:100AE000D5FF5648574901F002F83046294601F033
:100AF00013FE3378002B40F0968004233370BDE85A
:100B0000F08117FB07F7032697FBF6F6012D4FEA56
:100B1000C6064FEA470704D1002B73D14FF22B00D2
:100B200066E0022D04D1002B6CD14FF228005FE06B
:100B3000092D11D1444C01232360444B1E681D46EE
:100B400006F57A662268002A61D02B68B3425ED22D
:100B500000200CF023F8F5E7A5F10A01C8B215282A
:100B60000DD8002B5FD14FF47A70484320F072FA11
:100B7000D8F800300133C8F80030BDE8F081202DEE
:100B800034D151785C2931D10132C8F800209BB1B1
:100B9000BDE8F0815C2B14D1264B01321A60002095
:100BA000FFF7ECFE304620F055FA23685A1C22600D
:100BB0005A78202A07D04AB122681378002BE9D14D
:100BC00012E00120ECE71B4A0233136029F048FDD4
:100BD000304620F03FFA29F043FDFFF745FC384648
:100BE000BDE8F04120F036BABDE8F08153B928469F
:100BF00029F0EAFC304620F02DFA29F031FD384684
:100C000020F028FA236801332360BDE8F081002337
:100C10000A480B49236000F039FF08480949BDE83C
:100C2000F04100F064BFBDE8F08100BFA1C7FF1F25
:100C300026C7FF1F4C90FF1FA48CFF1F8490FF1F2F
:100C4000388FFF1F0C8FFF1F44D7FF1F8CFDFF1F26
:100C500008B5054807F06EFE044B012205201A7006
:100C600007F076FFF5E700BF50C8020026C7FF1F58
:100C70002DE9F74F9B4F3B7804465BB99A4B1B78A5
:100C8000092B05D1142803DD984B1A6803321A602A
:100C90002D2000E0002007F011FF954B1A68022A72
:100CA000994601DDFFF7D4FF924E3368013333607C
:100CB000914B1A789A46002A35D0684601F0BAFD61
:100CC0009DF80030D3B101A801F0A7FD9DF80430D4
:100CD000132B0DD900238948FF221A540133202BEE
:100CE000F9D109F07BFC02A8002300F8013D03E0E4
:100CF00001338DF8043001A801F097FD804B1A688C
:100D000001321A609DF8003032680133DBB20132E3
:100D10000A2B8DF8003032602FD8684601F092FD22
:100D200000238AF80030DFF8D881704DD8F8003001
:100D3000297874480133C8F8003000F076FF336832
:100D400001333360704B1B680321B3FBF1F202EBFC
:100D50004202981A0B40184420F07CF93B78C346B5
:100D6000A3BB684800F088FF80BB664801F0BEF86E
:100D700060BB644801F0B8F910B107F0F7FDF6E187
:100D8000D8F80030614C0133C8F800302368092BD3
:100D900002DC01332360EAE1D9F8003001252B445D
:100DA000C9F800305A4B8AF8005003201D7007F034
:100DB000CFFE684601F03EFD524800F043FFD9F8EF
:100DC00000302560022B40F3D2816BE7DBF8003066
:100DD00097F800800133CBF80030B8F1000F3FD115
:100DE00002AC04F8018D204601F02CFD454800F0CE
:100DF00029FF484BC9F800801A781E4622B9464898
:100E00000BF038FE07F096FD414D4449444800F090
:100E10003DFE287807F03EFB552007F047FF1AF00B
:100E200013FB002320463F4C8DF8073001F0FDFCFA
:100E30000CF03CFC3C4B22681A603378012038707F
:100E400013B1287007F026FB2568C8352368AB422C
:100E500003D200200BF0A2FEF8E71FF0DBF986E1D9
:100E6000324B1B682BB9324B1B68002B00F07F8183
:100E70000FE0092B0DDC274B1B78002B00F077814E
:100E8000234C2D230120237007F062FE01232370E1
:100E90006DE1284900230B70224B1868224B186023
:100EA00025480378012B884602460BD1234991F847
:100EB0000090296849454ED12149097800294AD036
:100EC00002230CE0022B3FD11E4991F800902968C3
:100ED000494540D11A49097800293CD003230370C1
:100EE00045E100BFFDC7FF1FB78CFF1F30ADFF1FDF
:100EF0004C8FFF1F8890FF1F808CFF1FB090FF1F3B
:100F00008C90FF1FBCC7FF1F5CC8FF1F848CFF1F96
:100F100026C7FF1FAFD5FF1FB0C80200208FFF1FDD
:100F20008490FF1F8CFDFF1F10D6FF1FB8C7FF1F47
:100F300028D6FF1F508FFF1F50C7FF1F0CD6FF1F63
:100F4000A1C7FF1F0DD6FF1F032B04D189490878C5
:100F50002968814204D088490978012906D173B1F2
:100F60008649097811B18649097879B9032B06D1E8
:100F700083490978F52902D18049097831B9804936
:100F80000978F62907D17D49097821B10423137026
:100F90000CF08EF8EBE0EBB1774B1D78774B1C78BB
:100FA00000231370774A1370774A1370714A012037
:100FB000137007F07BFE0CB9744803E0012D0CBFE1
:100FC0007348744807F0B6FC734BFF2118781FF084
:100FD0003DFFCCE0A4F148036B2B10D82B68312BDC
:100FE0000DD1664B1B7853B96C486D4900F04EFD2E
:100FF0000AF0B4FE69486A4900F079FDB7E0694B30
:10100000197809290BD1B4F5B47F08DB2B68322B92
:1010100007D1654B1B7823B107F0A8FC7AE0472C79
:1010200078DD2B68322B0DD154480078002848D148
:10103000012007F0D9FB8B2C40F39980012007F0A9
:1010400029FB94E0332B3CD14C480078002838D160
:1010500009291ED1B32C1CDC544B5A7822B9544AAE
:1010600054211170012205E0012A05D1504AD621F0
:10107000117002225A707AE0022A04D14C4A80216F
:1010800011700322F6E7032A71D1494A5870107093
:101090006DE00024012647483C708AF8006000F0AB
:1010A000D1FD454B45481E60202221462AF034FEE2
:1010B0003A48434900F01BFD424B434A2C601A60FA
:1010C00055E0092903D1B32C24DD312B02E0472C54
:1010D00020DD362B1ED1294B1B78DBB9316801315D
:1010E0003160314901240C7030490978A1420BD09C
:1010F00030483B708AF8004000F0A4FD2E4B274892
:101100002F491C6000F0F3FCDBF800300133CBF812
:1011100000302CE0002007F0D1FC142C05DC224B21
:101120001B7813B9FFF7EAFB14E0A4F11503442B75
:1011300005D81D4B1B786BB9FFF7FCFB0AE0592C57
:1011400008DD194B1B782BB9204B012202201A70A5
:1011500007F0FEFC1E4B11481149C3F8008000F057
:1011600095FC1C4B0D481C491A7800F0A1FC03B0FB
:10117000BDE8F08F0ED6FF1F51C7FF1FA1C7FF1F8D
:10118000E5ACFF1F0CD6FF1F0DD6FF1FC4C8020021
:1011900003C9020027C9020059C8FF1F8490FF1F1E
:1011A0000C8FFF1FB78CFF1FAFD5FF1FE8C7FF1FB6
:1011B00030C8FF1FBCC7FF1F848CFF1F1091FF1F8B
:1011C000208FFF1F0CED00E00400FA0526C7FF1F6B
:1011D0004C90FF1FA48CFF1F388FFF1FF8B52120F4
:1011E0001FF00AFEE8B94F4B1D6804461E463268E0
:1011F00040F6B733521B9A4207D864201FF02AFFEB
:1012000021201FF0F9FD0444F1E754B920460121E3
:1012100029F032FC0120014629F02EFC424B434AC2
:101220001A60434B434D1B7A012B0DD1424B1B7867
:101230000BB12B7843B1414B1B78032B02D0032019
:1012400005F018FD0BF086FF3D4B3E4C1A6801324D
:101250001A603D4B1A680623B2FBF3F003FB102023
:101260001FF0F8FE2278394B22B31A6800200132B1
:101270001A600BF093FC364B1B782BB1354B1B7867
:10128000042B01D10BF014FF334B1B78ABB1334B64
:101290001B6893B107F092F8314B1B786BB1214A70
:1012A0001168304A12688A1A4EF660214B439A42FE
:1012B00021D202E01A6801321A602B784BB12378F0
:1012C0003BB11D4B1B7823B9274B0120187007F049
:1012D000E1F808F02BF9254A12780A32D2B2012A35
:1012E00004D82D20BDE8F84007F0E8BBC8B1BDE840
:1012F000F840FFF7BDBC1E4B1E48002601271F709B
:10130000267000F09FFC1C4B1C481F6020223146B9
:101310002AF002FD1A481B4900F0E9FB034A024B80
:10132000CAE7F8BD8CFDFF1F0CED00E00400FA05D4
:10133000A3C7FF1FAFD5FF1FA1C7FF1F28C7FF1FF0
:101340008890FF1FFDC7FF1F5CC8FF1F8C90FF1F09
:1013500060C8FF1F50C7FF1FA2C7FF1F28D6FF1F6F
:10136000BC8CFF1F10D6FF1F26C7FF1F25C7FF1FFE
:10137000808CFF1FBCC7FF1F848CFF1F1091FF1FB5
:101380008490FF1F208FFF1FF8B51D4F3B78092B5E
:1013900030D11C4C0021204629F04AFD40B323796E
:1013A000E12B25D163792F2B22D9174B1B78FBB169
:1013B000164E3578E5B93B78092B19D1144B1548F1
:1013C00001221A7000F03EFC0CF054F9124B0A2076
:1013D0001860124B1D60FFF74BFC20462946402247
:1013E0002AF09AFC337853B10D480BF043FB02E02E
:1013F0000C4800E00C48BDE8F84007F09BBAF8BD87
:10140000B78CFF1F58C7FF1FA2C7FF1FFDC7FF1FD5
:10141000808CFF1FBCC7FF1F848CFF1F30ADFF1FD8
:10142000B0C802004DC902005BC9020008B529F02E
:10143000D9FA3221084A094800F09CFB3221084AB7
:10144000084800F097FB0848084A4FF47A71BDE855
:10145000084000F08FBB00BFDD1100000C8FFF1FA4
:10146000A90A0000388FFF1F208FFF1F891300007B
:1014700070B5B8B0044668460E46154611F000F83F
:10148000684610F0C7FF684631462A4611F09EFABA
:1014900068462146402211F0DCFA684610F0D6FF7B
:1014A00038B070BDF0B5ADF5844D9BB0054646F241
:1014B0006004684621464FF4804205F027FC46F25E
:1014C00060039C4204D1284669464FF4804210E0F4
:1014D0002B460DF5804605F14007186859683246DD
:1014E00003C20833BB421646F7D12846694644F288
:1014F0004002FFF7BDFF044B04F580449C42D8D165
:101500000DF5844D1BB0F0BD60A003007FB5102029
:1015100029F0DAFB6D4B6E4E6E4C6F486F4D00221A
:101520001A706F4B06221A706E4B01221A706E4BA6
:1015300016221A706D4B17221A706D4B11221A70F9
:101540006C4B0F221A706C4B10221A700E23202144
:1015500033701523237006F0C5F9286000F06AFA8D
:10156000307829F0DBFB0290207829F0D7FB634B21
:1015700003901A6801321A60614B1B78442B16D015
:101580006048FFF78FFF02245E4EA319204613F830
:10159000021C013429F070FA422CF5D130460021AA
:1015A0004FF400622AF0B8FB44200FF0CDFE2C6807
:1015B0007CB905F093FB4FF4F860032129F05CFA45
:1015C000514801F022F8514B01221A70504B1C7007
:1015D00035E04B4B1B78442B2ED120214D484E4CEF
:1015E00006F0C4F94D4806F0D7F94D4806F00AFA5E
:1015F0000021204601F090F84A4801F073F8237862
:101600000BB904232370484801F0E0F8474801F083
:10161000EAF83D4800F0F1FF454801F0CAF81FF034
:101620007DFD3A4B4348444900221A70384B012251
:101630001A7000F05CFA02E0404B414A1A60414BDC
:1016400041481A68414901321A6040F2FD7211F0B6
:1016500037FC3D4802A90222042311F0E9FB3A4875
:1016600003A90222042311F0E3FB07F04FFD07F06A
:1016700005FA07F037FF2F48354900F038FA2D6892
:101680009DB93448344E01240470347000F0F1FFE9
:10169000304600F0FBFF04A800F80A4D01F003F803
:1016A00004A800F8095D01F00BF82C4B1B78092BFE
:1016B00009D1174B1B7833B1294800F0DDFA10B17E
:1016C0000A20FFF7D5FA04B070BD00BFB4D5FF1FE4
:1016D000A1D5FF1FE4ACFF1F9090FF1F28D6FF1F6E
:1016E00059C8FF1F2CD6FF1F2DD6FF1FFEC7FF1F97
:1016F00034D6FF1FADD5FF1F85D6FF1F8890FF1F73
:10170000020002406CADFF1FBC8CFF1FFDC7FF1F16
:10171000A2C7FF1FB090FF1FA48CFF1FF090FF1FF8
:10172000D090FF1FACD5FF1FA2D5FF1FFFC7FF1F23
:10173000DAFFFF1F8490FF1F208FFF1F0CED00E0DA
:101740000400FA058C90FF1F88D6FF1FB8C802005E
:101750000C8FFF1F00C8FF1FFCC7FF1FB78CFF1FA8
:10176000BCC7FF1F2DE9F04F0A46C9B00023CD5C6E
:10177000D47844EA0564557844EA0544957803F141
:10178000200644EA052404336D46402B745102F1CF
:101790000402ECD108AB002208AF9C6B5E6ABD5816
:1017A000596835444FEA744686EAF44686EA94243A
:1017B0002C444FEAF11585EAB14585EAD10104329E
:1017C0002144C02A196403F10403E5D1026D00929B
:1017D000436D426E0193856D836EC66D076E0295F3
:1017E0000396C56E0497059217469DE8140006936C
:1017F0001E46DDF80CC0049B02990795A8460025FB
:1018000005F1200BE9465BF809A0DFF8989055F840
:101810000990D1444FEAB31A8AEAF32A8AEA736A32
:10182000D14426EA030B07EA030A8BEA0A0AD144E9
:10183000C84481EA040901EA040A09EA020989EABA
:101840000A094FEAB20A8AEA723A8AEAB25A0435B7
:10185000D144B5F5807FC444C14408D0B0463E466B
:101860001F4663468C46214614464A46C8E7009DFB
:101870004D440565019D2A444265029A039D144426
:10188000049A846562440266059A134429444366B7
:10189000079D069BC1651F442E448766C66649B0F6
:1018A000BDE8F08F68C90200002303640022002312
:1018B000C0E912230A4B03650A4B43650A4B836553
:1018C0000A4BC3650A4B03660A4B43660A4B8366A1
:1018D00003F17453A3F52303A3F69243C366704741
:1018E00067E6096A85AE67BB72F36E3C3AF54FA5B1
:1018F0007F520E518C68059BABD9831F2DE9F041B7
:1019000006460F4601EB0208474516D0336C17F820
:10191000012BF2540133402B3364F5D1304631466C
:10192000FFF720FFD6E9124514F5007445F10005D4
:101930000023C6E912453364E6E7BDE8F081026C96
:101940002DE9F84F372A88464FF08001814602F191
:101950000103815406D8382B14D0002209F8032043
:101960000133F8E73F2B04D8002209F803200133A4
:10197000F8E748464946FFF7F5FE48460021382279
:101980002AF0CAF9D9F84030D900D9E912235218FF
:1019900043F100034FEA122A160C140E4AEA036AB6
:1019A0004FEA132B46EA03461F0C44EA03241D0E9C
:1019B000C9E9122389F83B30494689F83F2089F864
:1019C0003EA089F83D6089F83C4089F83AB089F832
:1019D000397089F838504846FFF7C4FE4346032162
:1019E000D9F85000CA00D0401870D9F85400D0403F
:1019F0001871D9F85800D0401872D9F85C00D0405E
:101A00001873D9F86000D0401874D9F86400D04039
:101A10001875D9F86800D0401876D9F86C000139EB
:101A200020FA02F21A774A1C03F10103D8D1BDE86B
:101A3000F88FFFFF07B5064B06499A680092DA68EF
:101A400001920CCB04482AF09BFB03B05DF804FB29
:101A50005090FF1F68CA02006090FF1F064B1A6873
:101A6000064B1A60064A12685A60064A12689A6063
:101A7000054A1268DA607047548004405090FF1F96
:101A8000588004405C80044060800440036873B167
:101A90008B4205D11B69036070478A4204D013460C
:101AA0001A69002AF9D102E00A691A617047704781
:101AB00070B506460C461546FFF7E8FF33680BB9CC
:101AC000346004E01A690AB11346FBE71C611FF099
:101AD000A1FA23680322C01A4FF4FA536B43B5FBF3
:101AE000F2F55D43002360602560236170BD38B569
:101AF00005460C46FFF7CAFF2B680BB92C6004E0C3
:101B00001A690AB11346FBE71C611FF083FA2368C8
:101B1000C01A00236060236138BD38B50C461FF041
:101B200079FA6268236813449842054605D36268CF
:101B3000934208D26268824205D86268954207D211
:101B400062689A4204D8A560E368204698476560B9
:101B500038BD38B505462C68002CFCD021462846F7
:101B6000FFF7DBFF2469F7E708B50148FFF7F1FF4E
:101B70008490FF1F10B54FF47A746143C260002255
:101B800001604260026110BD4FF47A7359430160F5
:101B90007047FFFFF8B504460E4615461F46044A37
:101BA000FFF7E8FF6661E561A7612046F8BD00BF69
:101BB000D51B000010B50021044680F82010FFF767
:101BC000E3FF21460248BDE81040FFF790BF00BF89
:101BD0008490FF1F10B590F8203004463BB90123D4
:101BE00080F820304169BDE81040FFF7CDBF012BE0
:101BF00010D109482146FFF749FFE36913B9A069ED
:101C000020B910BD2046984720B1F8E7BDE8104044
:101C1000FFF7D0BF10BD00BF8490FF1F00224161BD
:101C200042740270704741617047437C102B07D0AB
:101C30005A1CD2B24274C15400238354012070470D
:101C400000207047002343740370704710B5446947
:101C500002782178002321B9D2F1010038BF002099
:101C600010BD914206D1E2185178C2180133102BF1
:101C70005278F0D1002010BD2DE9F043B9B00446F0
:101C80002AF0B9FA8C4B00221A708C4A1278092A71
:101C9000054619460ED168B9894B224603F110005A
:101CA00053F8045B42F8045B8342F9D101230B70C3
:101CB000102505E0062803D81E201FF0CBF9F6E01A
:101CC0001CA8FFF7F1FD21462A461CA8FFF716FEC7
:101CD00020221CA87B497C4CFFF710FE1CA80CA9F5
:101CE000FFF72DFE9DF8303023F007038DF83030DC
:101CF0009DF84F3003F03F0343F040030CA900224E
:101D000020468DF84F3010F051F81CA8FFF7CCFD9D
:101D100014A800F09CFD1CA814A91022FFF7EEFDEA
:101D20001CA86A491022FFF7E9FD20221CA82146C1
:101D3000FFF7E4FD21461CA8FFF701FE1CA8FFF7F2
:101D4000B3FD1CA814A91022FFF7D8FD1CA85F49F9
:101D50001022FFF7D3FD20221CA85D49FFF7CEFD1E
:101D60001CA804A9FFF7EBFD5A4B9DF81050D3F8BF
:101D70000080594B20781A68531C02F11F0902F1A8
:101D8000200CC2EB08014B4503F1FF37C2F10006FE
:101D9000194477D14F4B504C19608542276004D0CD
:101DA0004D4B1A6801321A6081E00DF10F0000F00E
:101DB000A6FC9DF80F504448012D28D105F038FEAF
:101DC00018B94148454A0CA927E00CA9434A04A880
:101DD0000FF0ECFF1CA8FFF767FD1CA814A9202238
:101DE000FFF78CFD1CA83E491022FFF787FD1CA8B9
:101DF00004A92022FFF782FD1CA832492022FFF708
:101E00007DFD1CA80CA9FFF79AFD00952AE005F0BE
:101E10000FFE28B92C482E4A0CA90FF0C7FF27E067
:101E20000CA92B4A04A80FF0C1FF1CA8FFF73CFD2A
:101E30001CA814A92022FFF761FD1CA82849102224
:101E4000FFF75CFD1CA804A92022FFF757FD1CA882
:101E50001C492022FFF752FD1CA80CA9FFF76FFDBB
:101E60000123009318481E490CAA202304F01EFCED
:101E700023681C4A01332360002313701A4A01208F
:101E8000136015E0854204D0124B1960124B1F609D
:101E900086E704A830442644C55CF05C1E46013346
:101EA00063457FF46EAF0B4B19600B4B1E60002037
:101EB00039B0BDE8F08300BFE8C7FF1FB78CFF1F34
:101EC0007290FF1F9090FF1F1091FF1F7090FF1FD7
:101ED000B090FF1F8890FF1F8C90FF1FD090FF1FB6
:101EE0006090FF1FB4D5FF1F30C8FF1F2DE9F043DE
:101EF000B9B005462AF07FF90628044603D81E200B
:101F00001FF0A8F873E01CA8FFF7CEFC2946224674
:101F10001CA8FFF7F3FC20221CA86849684CFFF7B7
:101F2000EDFC1CA80CA9FFF70AFD9DF8303023F04A
:101F300007038DF830309DF84F3003F03F0343F036
:101F400040030CA9002220468DF84F300FF02EFFE1
:101F50001CA8FFF7A9FC14A800F079FC1CA814A980
:101F60001022FFF7CBFC1CA856491022FFF7C6FC35
:101F700020221CA82146FFF7C1FC21461CA8FFF720
:101F8000DEFC1CA8FFF790FC1CA814A91022FFF788
:101F9000B5FC1CA84B491022FFF7B0FC20221CA85E
:101FA0004949FFF7ABFC1CA804A9FFF7C8FC474B45
:101FB0009DF81050D3F80080454B20781A68531CC8
:101FC00002F11F0902F1200CC2EB08014B4503F19D
:101FD000FF37C2F10006194457D13C4B3C4C196005
:101FE0008542276005D03A4B1A6801321A600020FA
:101FF00060E00DF10F0000F082FB9DF80F30022B26
:1020000038D02F4805F014FD28B90CA9314A2C48C6
:102010000FF0CCFE27E00CA92E4A04A80FF0C6FE54
:102020001CA8FFF741FC1CA814A92022FFF766FC9E
:102030001CA829491022FFF761FC1CA804A9202232
:10204000FFF75CFC20221CA81C49FFF757FC1CA8CA
:102050000CA9FFF774FC0123009319481E490CAA30
:10206000202304F023FB1D4B01221A701C4B542229
:102070001A7005E01B4A1278002AB8D1174A13706B
:10208000236801332360012014E0854204D00F4B04
:1020900019600F4B1F60A6E704A830442644C55CB6
:1020A000F05C1E46013363458ED1084B1960084B26
:1020B0001E609CE739B0BDE8F08300BF9090FF1F21
:1020C0001091FF1F7090FF1FD090FF1F8890FF1F7F
:1020D0008C90FF1FB090FF1F6090FF1FB4D5FF1FB3
:1020E00030C8FF1FAFD5FF1F30B59DB005462AF0A1
:1020F00082F80628044603D81E201EF0ABFF22E01B
:102100006846FFF7D1FB2246684629460F4CFFF789
:10211000F5FB202268460E49FFF7F0FB6846214692
:10212000FFF70DFC0B4920780A78002382420AD180
:10213000CA18E01801331E2B52784078F6D1131AD2
:102140005842584100E000201DB030BD1091FF1FE3
:102150009090FF1FF090FF1F28F044BC10B5084B73
:1021600000F14C0203F1140153F8044B42F8044B04
:102170008B42F9D10023036680F8483010BD00BFC0
:10218000888CFF1F2DE9F04F416D826DC36DD0F833
:102190004C80D0F850C085B09946019102920393CB
:1021A0004646134600240A466146E5B20F2D07D87D
:1021B00083EA020A0AEA010A8AEA030A334F3FE085
:1021C00004F10D0B04F108070BF00F0B07F00F07DC
:1021D0000BF1020B023705F00F0A50F8277050F888
:1021E0002BB000EB8A0A8BEA070BDAF808708BEA4F
:1021F000070BA71C07F00F070237132D50F82770A5
:102200008BEA07074FEAF777CAF80870D0D9272D6D
:1022100005D882EA010A8AEA030A1D4F10E03B2D25
:1022200009D842EA010A02EA01070AEA030A4AEA6D
:10223000070A184F04E082EA010A174F8AEA030AE4
:1022400005F00F050235574450F82550013405EBD1
:10225000F6653D44502C4D444FEAB10105D09946F6
:1022600013460A4631462E469FE7019C21444165AC
:1022700002990A448265039A454466441344C5643E
:102280000665C36505B0BDE8F08F00BF9979825A35
:10229000A1EBD96EDCBC1B8FD6C162CA90F8483066
:1022A00083F003020133DBB20244402B10B51172FC
:1022B000044680F8483004D1FFF764FF002384F817
:1022C000483010BD08B5026E01320266FFF7E6FF26
:1022D000012008BD10B580210446FFF7DFFF94F808
:1022E0004830382B20464FF00001F6D1FFF7D6FFDB
:1022F00020460021FFF7D2FF20460021FFF7CEFF46
:10230000216E2046490FFFF7C9FF216E2046C1F319
:102310004751FFF7C3FF216E2046C1F34731FFF756
:10232000BDFF216E2046C1F34711FFF7B7FF216EB5
:10233000C900204601F0F801BDE81040FFF7AEBF2C
:1023400010B50446FFF7C6FF0023E2180433D16C32
:10235000142B09BAD164F8D104F14C0010BDF8B5C2
:1023600000F16406174604460D463046002140221F
:1023700029F0D2FC402F18DD2046FFF7EFFE2F4456
:10238000BD4206D0236815F8011B1B6820469847FC
:10239000F6E72046FFF7D4FF00F1140250F8041BC3
:1023A00046F8041B9042F9D104E0304629463A46EB
:1023B0001DF076FE2046FFF7D1FE254604F14006CB
:1023C00095F86410236820461B6881F036010135BA
:1023D0009847B542F4D1F8BD70B50446FFF7B0FF99
:1023E00004F1A40300F1140250F8041B43F8041B89
:1023F0009042F9D12046FFF7B1FE04F14006254690
:1024000095F86410236820461B6881F05C01013553
:102410009847B542F4D104F114062546236895F88F
:10242000A4101B68204601359847B542F6D12046D6
:10243000BDE87040FFF784BF024B00221A71024AC8
:102440001A6070473091FF1F88CA020080E80600BA
:102450007047FFFF1E2391FBF3F10B0E70B51E4E6C
:1024600003740B140446002543740B1281608374BB
:10247000C174057394E8060045738573C5733046CF
:10248000FFF76DFF336804F10C015B6808223046EA
:1024900098473046FFF7A0FF6061C37CE56103F019
:1024A0000F03A361E269C1181202E261495D0135BF
:1024B0000A43042DE261F5D1084B22F0004292FB61
:1024C000F3F103FB1122E26120342046044929F094
:1024D00057FE204670BD00BF3091FF1F40420F00E5
:1024E00090CA0200074B1860074B1B681844074B43
:1024F0001860074B02221A70064B1A68064B1A60C6
:10250000704700BFE891FF1F9C8CFF1FF891FF1FD1
:10251000EC91FF1F8CFDFF1FF491FF1F70B5164952
:10252000164C0A68236816480068801AB0F57A7F4E
:1025300002F57A7603F1010502D32B463246F2E723
:10254000104D0A602A6823609A4213D80E4B1B680C
:1025500083B1984710B1FFF7C5FF0BE00B4B1A682A
:10256000064B1B6813442B60094B1A78003218BFC6
:1025700001221A70206870BDF491FF1FE891FF1FBF
:102580008CFDFF1FF891FF1FF091FF1F9C8CFF1F18
:10259000EC91FF1F08B5FFF7C1FF014B187808BD8C
:1025A000EC91FF1FF8B506460D468F180C46BC424D
:1025B00006D0204628F04CFA731B18550134F6E774
:1025C000F8BDF8B506460D468F180C46BC4206D03D
:1025D000731B2046195D28F04FFA0134F6E7F8BD69
:1025E00008B54FF4D5610122FFF7DCFF012008BDDB
:1025F0004FF4D5610122FFF7E4BF08B540F2A961AD
:102600000122FFF7CFFF012008BD40F2A96101229E
:10261000FFF7D7BF08B540F2AA610122FFF7C2FF5A
:10262000012008BD40F2AA610122FFF7CABF08B528
:1026300040F2D561D022FFF7B5FFD02008BD40F2AF
:10264000D561D022FFF7BDBF08B540F2AB610122D2
:10265000FFF7A8FF012008BD40F2AB610122FFF7A0
:10266000B0BF08B540F2AC610122FFF79BFF01202B
:1026700008BD40F2AC610122FFF7A3BF08B540F2EC
:10268000AD610122FFF78EFF012008BD40F2AD6170
:102690000122FFF796BF08B54FF4FB610122FFF757
:1026A00081FF012008BD4FF4FB610122FFF789BFC4
:1026B00008B540F2D9710122FFF774FF012008BD6F
:1026C00040F2D9710122FFF77CBF08B540F2A57135
:1026D0000122FFF767FF012008BD40F2A57101222A
:1026E000FFF76FBF08B540F2A6710122FFF75AFF4E
:1026F000012008BD40F2A6710122FFF762BF08B5B4
:1027000040F2AE610122FFF74DFF012008BD40F20B
:10271000AE610122FFF755BF10B5044629B940F25A
:10272000AF610122FFF73EFF17E04B1E0B2B08D8CD
:1027300001F2CB710122FFF735FF237803F00F037D
:102740000AE0A1F10D030B2B07D801F2CB71012296
:10275000FFF728FF23781B092370012010BD70B5F7
:1027600001F2CB760D460446314601300122FFF7D7
:1027700019FF1DB9204640F2AF6114E06B1E0B2B10
:1027800005D86378227823F00F03134408E00D3D49
:102790000B2D0DD86378227803F00F0303EB02139F
:1027A0002370204631460122BDE87040FFF709BF83
:1027B00070BD08B54FF4D6610122FFF7F3FE01208A
:1027C00008BD4FF4D6610122FFF7FBBE08B540F209
:1027D000D3610122FFF7E6FE012008BD40F2D3617C
:1027E0000122FFF7EEBE08B540F2BF710122FFF7EC
:1027F000D9FE012008BD40F2BF710122FFF7E1BE02
:1028000008B540F2D4610122FFF7CCFE012008BDDB
:1028100040F2D4610122FFF7D4BE08B540F2B161A5
:102820000122FFF7BFFE012008BD40F2B161012285
:10283000FFF7C7BE08B540F2B2610122FFF7B2FE52
:10284000012008BD40F2B2610122FFF7BABE08B50F
:1028500040F2B3612022FFF7A5FE202008BD40F220
:10286000B3612022FFF7ADBE08B540F21C61012222
:10287000FFF798FE012008BD40F21C610122FFF71E
:10288000A0BE08B540F21D610122FFF78BFE0120BA
:1028900008BD40F21D610122FFF793BE08B540F26A
:1028A0001E610122FFF77EFE012008BD40F21E617D
:1028B0000122FFF786BE08B540F21F610122FFF733
:1028C00071FE012008BD40F21F610122FFF779BEB1
:1028D00008B54FF4C4610122FFF764FE012008BD72
:1028E0004FF4C4610122FFF76CBE08B540F22161CC
:1028F0000122FFF757FE012008BD40F221610122AD
:10290000FFF75FBE08B540F222610122FFF74AFEE1
:10291000012008BD40F222610122FFF752BE08B536
:1029200040F223610122FFF73DFE012008BD40F285
:1029300023610122FFF745BE08B540F22461012260
:10294000FFF730FE012008BD40F224610122FFF7AD
:1029500038BE08B540F225610122FFF723FE0120B1
:1029600008BD40F225610122FFF72BBE08B540F2F9
:1029700026610122FFF716FE012008BD40F2266104
:102980000122FFF71EBE08B540F227610122FFF7C2
:1029900009FE012008BD40F227610122FFF711BEA8
:1029A00008B54FF4C5610122FFF7FCFD012008BD09
:1029B0004FF4C5610122FFF704BE08B540F229615A
:1029C0000122FFF7EFFD012008BD40F2296101223D
:1029D000FFF7F7BD08B540F22A610122FFF7E2FDDB
:1029E000012008BD40F22A610122FFF7EABD08B5C7
:1029F00040F22B610122FFF7D5FD012008BD40F216
:102A00002B610122FFF7DDBD08B540F22C610122E8
:102A1000FFF7C8FD012008BD40F22C610122FFF73D
:102A2000D0BD08B540F22D610122FFF7BBFD0120AA
:102A300008BD40F22D610122FFF7C3BD08B540F289
:102A40002E610122FFF7AEFD012008BD40F22E618C
:102A50000122FFF7B6BD08B540F22F610122FFF752
:102A6000A1FD012008BD40F22F610122FFF7A9BDA1
:102A700008B54FF4C6610122FFF794FD012008BD9F
:102A80004FF4C6610122FFF79CBD08B540F23161E9
:102A90000122FFF787FD012008BD40F231610122CC
:102AA000FFF78FBD08B540F232610122FFF77AFDD2
:102AB000012008BD40F232610122FFF782BD08B556
:102AC00040F233610122FFF76DFD012008BD40F2A5
:102AD00033610122FFF775BD08B5AC210122FFF774
:102AE00061FD012008BDAC210122FFF76ABD08B5D8
:102AF000AD210122FFF756FD012008BDAD210122C5
:102B0000FFF75FBD08B5AE210122FFF74BFD0120A5
:102B100008BDAE210122FFF754BD08B5AF21012247
:102B2000FFF740FD012008BDAF210122FFF749BD9D
:102B300008B5B0210122FFF735FD012008BDB02105
:102B40000122FFF73EBD08B5B1210122FFF72AFDA2
:102B5000012008BDB1210122FFF733BD08B5B22124
:102B60000122FFF71FFD012008BDB2210122FFF75E
:102B700028BD08B5B3210122FFF714FD012008BDCF
:102B8000B3210122FFF71DBD08B5B4210122FFF7D3
:102B900009FD012008BDB4210122FFF712BD08B5CF
:102BA000B5210122FFF7FEFC012008BDB52101225D
:102BB000FFF707BD08B5B6210122FFF7F3FC01209E
:102BC00008BDB6210122FFF7FCBC08B5B7210122E0
:102BD000FFF7E8FC012008BDB7210122FFF7F1BC97
:102BE00008B5B8210122FFF7DDFC012008BDB8219E
:102BF0000122FFF7E6BC08B5B9210122FFF7D2FC9C
:102C0000012008BDB9210122FFF7DBBC08B5BA21BC
:102C10000122FFF7C7FC012008BDBA210122FFF7FE
:102C2000D0BC08B5BB210122FFF7BCFC012008BDC8
:102C3000BB210122FFF7C5BC08B5BC210122FFF76B
:102C4000B1FC012008BDBC210122FFF7BABC08B5C8
:102C5000BD210122FFF7A6FC012008BDBD210122F4
:102C6000FFF7AFBC08B5BE210122FFF79BFC012096
:102C700008BDBE210122FFF7A4BC08B5BF21012277
:102C8000FFF790FC012008BDBF210122FFF799BC8E
:102C900008B5C0210122FFF785FC012008BDC02135
:102CA0000122FFF78EBC08B5C1210122FFF77AFC93
:102CB000012008BDC1210122FFF783BC08B5C22154
:102CC0000122FFF76FFC012008BDC2210122FFF79E
:102CD00078BC08B5C3210122FFF764FC012008BDC0
:102CE000C3210122FFF76DBC08B564210122FFF763
:102CF00059FC012008BD64210122FFF762BC08B520
:102D000065210122FFF74EFC012008BD652101224B
:102D1000FFF757BC08B566210122FFF743FC0120ED
:102D200008BD66210122FFF74CBC08B567210122CE
:102D3000FFF738FC012008BD67210122FFF741BCE5
:102D400008B568210122FFF72DFC012008BD68218C
:102D50000122FFF736BC08B569210122FFF722FCEA
:102D6000012008BD69210122FFF72BBC08B56A21AB
:102D70000122FFF717FC012008BD6A210122FFF79D
:102D800020BC08B56B210122FFF70CFC012008BD17
:102D90006B210122FFF715BC08B56C210122FFF75A
:102DA00001FC012008BD6C210122FFF70ABC08B517
:102DB0006D210122FFF7F6FB012008BD6D210122E4
:102DC000FFF7FFBB08B56E210122FFF7EBFB0120E7
:102DD00008BD6E210122FFF7F4BB08B56F21012267
:102DE000FFF7E0FB012008BD6F210122FFF7E9BBDF
:102DF00008B570210122FFF7D5FB012008BD702125
:102E00000122FFF7DEBB08B571210122FFF7CAFBE3
:102E1000012008BD71210122FFF7D3BB08B5722143
:102E20000122FFF7BFFB012008BD72210122FFF73D
:102E3000C8BB08B573210122FFF7B4FB012008BD10
:102E400073210122FFF7BDBB08B574210122FFF7F2
:102E5000A9FB012008BD74210122FFF7B2BB08B510
:102E600075210122FFF79EFB012008BD752101227B
:102E7000FFF7A7BB08B576210122FFF793FB0120DE
:102E800008BD76210122FFF79CBB08B577210122FE
:102E9000FFF788FB012008BD77210122FFF791BBD6
:102EA00008B578210122FFF77DFB012008BD7821BC
:102EB0000122FFF786BB08B579210122FFF772FBDB
:102EC000012008BD79210122FFF77BBB08B57A21DB
:102ED0000122FFF767FB012008BD7A210122FFF7DD
:102EE00070BB08B57B210122FFF75CFB012008BD08
:102EF0007B210122FFF765BB08B540F26461012226
:102F0000FFF750FB012008BD40F264610122FFF78A
:102F100058BB08B540F265610122FFF743FB012071
:102F200008BD40F265610122FFF74BBB08B540F2D6
:102F300066610122FFF736FB012008BD40F26661A1
:102F40000122FFF73EBB08B540F267610122FFF79F
:102F500029FB012008BD40F267610122FFF731BB68
:102F600008B54FF4CD610122FFF71CFB012008BD1D
:102F70004FF4CD610122FFF724BB08B540F269612F
:102F80000122FFF70FFB012008BD40F26961012219
:102F9000FFF717BB08B540F26A610122FFF702FB99
:102FA000012008BD40F26A610122FFF70ABB08B5A3
:102FB00040F26B610122FFF7F5FA012008BD40F2F3
:102FC0006B610122FFF7FDBA08B540F26C61012286
:102FD000FFF7E8FA012008BD40F26C610122FFF71B
:102FE000F0BA08B540F26D610122FFF7DBFA01206B
:102FF00008BD40F26D610122FFF7E3BA08B540F267
:103000006E610122FFF7CEFA012008BD40F26E6129
:103010000122FFF7D6BA08B540F26F610122FFF72F
:10302000C1FA012008BD40F26F610122FFF7C9BA61
:1030300008B54FF4CE610122FFF7B4FA012008BDB4
:103040004FF4CE610122FFF7BCBA08B540F27161BE
:103050000122FFF7A7FA012008BD40F271610122A9
:10306000FFF7AFBA08B540F272610122FFF79AFA92
:10307000012008BD40F272610122FFF7A2BA08B533
:1030800040F273610122FFF78DFA012008BD40F282
:1030900073610122FFF795BA08B540F2746101220D
:1030A000FFF780FA012008BD40F274610122FFF7AA
:1030B00088BA08B540F275610122FFF773FA012062
:1030C00008BD40F275610122FFF77BBA08B540F2F6
:1030D00076610122FFF766FA012008BD40F27661B1
:1030E0000122FFF76EBA08B540F277610122FFF7BF
:1030F00059FA012008BD40F277610122FFF761BA59
:1031000008B54FF4CF610122FFF74CFA012008BD4A
:103110004FF4CF610122FFF754BA08B540F279614C
:103120000122FFF73FFA012008BD40F27961012238
:10313000FFF747BA08B540F27A610122FFF732FA89
:10314000012008BD40F27A610122FFF73ABA08B5C2
:1031500040F27B610122FFF725FA012008BD40F211
:103160007B610122FFF72DBA08B546211022FFF737
:1031700019FA102008BD46211022FFF722BA38B5EF
:1031800005460C4611B9622102220BE04B1E172B9B
:103190000AD801F263610122FFF704FA681C04F205
:1031A000A6710122FFF7FEF9022038BD38B50546A9
:1031B0000C4611B9622102220BE04B1E172B0CD8D2
:1031C00001F263610122FFF7FCF9681C04F2A671A9
:1031D0000122BDE83840FFF7F4B938BD08B55C21DD
:1031E0000622FFF7DFF9062008BD5C210622FFF763
:1031F000E8B908B556210622FFF7D4F9062008BD24
:1032000056210622FFF7DDB937B5013904461729E3
:1032100000F25581DFE811F01800240031003E0073
:103220004B005800650072007F008C009900A600DA
:10323000B300C000CD00DA00E700F40001010E0188
:103240001B012801350142010DF10700FFF70CFBBE
:103250009DF807502046382DA8BF3825DC2129E1EC
:103260000DF10700FFF70DFB9DF807502046382DA4
:10327000A8BF38254FF48A711CE10DF10700FFF754
:103280000DFB9DF807502046382DA8BF38254FF478
:10329000A6710FE10DF10700FFF70DFB9DF8075038
:1032A0002046382DA8BF38254FF4C27102E10DF138
:1032B0000700FFF70DFB9DF807502046382DA8BFEB
:1032C00038254FF4DE71F5E00DF10700FFF70DFB37
:1032D0009DF807502046382DA8BF38254FF4FA71C5
:1032E000E8E00DF10700FFF70DFB9DF807502046C1
:1032F000382DA8BF38254FF40B71DBE00DF1070026
:10330000FFF70DFB9DF807502046382DA8BF382544
:103310004FF41971CEE00DF10700FFF70DFB9DF89A
:1033200007502046382DA8BF38254FF42771C1E03B
:103330000DF10700FFF70DFB9DF807502046382DD3
:10334000A8BF38254FF43571B4E00DF10700FFF741
:103350000DFB9DF807502046382DA8BF38254FF4A7
:103360004371A7E00DF10700FFF70DFB9DF8075033
:103370002046382DA8BF38254FF451719AE00DF141
:103380000700FFF70DFB9DF807502046382DA8BF1A
:1033900038254FF45F718DE00DF10700FFF70DFB4D
:1033A0009DF807502046382DA8BF38254FF46D7181
:1033B00080E00DF10700FFF70DFB9DF80750204658
:1033C000382DA8BF38254FF47B7173E00DF107004D
:1033D000FFF70DFB9DF807502046382DA8BF382574
:1033E00040F2244166E00DF10700FFF70DFB9DF868
:1033F00007502046382DA8BF382540F25C4159E0DF
:103400000DF10700FFF70DFB9DF807502046382D02
:10341000A8BF382540F294414CE00DF10700FFF7BA
:103420000DFB9DF807502046382DA8BF382540F2E7
:10343000CC413FE00DF10700FFF70DFB9DF8075071
:103440002046382DA8BF382540F2045132E00DF156
:103450000700FFF70DFB9DF807502046382DA8BF49
:10346000382540F23C5125E00DF10700FFF70DFB38
:103470009DF807502046382DA8BF382540F27451DA
:1034800018E00DF10700FFF70DFB9DF807502046EF
:10349000382DA8BF382540F2AC510BE00DF10700E4
:1034A000FFF70DFB9DF807502046382DA8BF3825A3
:1034B00040F2E4513822FFF775F8284600E000207A
:1034C00003B030BD013A13B50C46172A00F26881EB
:1034D000DFE812F018002500330041004F005D00C6
:1034E0006B00790087009500A300B100BF00CD00FC
:1034F000DB00E900F7000501130121012F013D0167
:103500004B015901DC213822FFF75BF802A8382C67
:10351000A8BF382400F8014DFFF7AEF940E14FF4A1
:103520008A713822FFF74DF802A8382CA8BF38243A
:1035300000F8014DFFF7ADF932E14FF4A6713822E2
:10354000FFF73FF802A8382CA8BF382400F8014D37
:10355000FFF7ACF924E14FF4C2713822FFF731F8DC
:1035600002A8382CA8BF382400F8014DFFF7ABF9AA
:1035700016E14FF4DE713822FFF723F802A8382C49
:10358000A8BF382400F8014DFFF7AAF908E14FF46D
:10359000FA713822FFF715F802A8382CA8BF382492
:1035A00000F8014DFFF7A9F9FAE04FF40B7138224A
:1035B000FFF707F802A8382CA8BF382400F8014DFF
:1035C000FFF7A8F9ECE04FF419713822FEF7F9FF84
:1035D00002A8382CA8BF382400F8014DFFF7A7F93E
:1035E000DEE04FF427713822FEF7EBFF02A8382CFB
:1035F000A8BF382400F8014DFFF7A6F9D0E04FF43A
:1036000035713822FEF7DDFF02A8382CA8BF382418
:1036100000F8014DFFF7A5F9C2E04FF443713822DD
:10362000FEF7CFFF02A8382CA8BF382400F8014DC0
:10363000FFF7A4F9B4E04FF451713822FEF7C1FF4F
:1036400002A8382CA8BF382400F8014DFFF7A3F9D1
:10365000A6E04FF45F713822FEF7B3FF02A8382CC2
:10366000A8BF382400F8014DFFF7A2F998E04FF405
:103670006D713822FEF7A5FF02A8382CA8BF3824A8
:1036800000F8014DFFF7A1F98AE04FF47B71382271
:10369000FEF797FF02A8382CA8BF382400F8014D88
:1036A000FFF7A0F97CE040F224413822FEF789FFC1
:1036B00002A8382CA8BF382400F8014DFFF79FF965
:1036C0006EE040F25C413822FEF77BFF02A8382C06
:1036D000A8BF382400F8014DFFF79EF960E040F2E2
:1036E00094413822FEF76DFF02A8382CA8BF382479
:1036F00000F8014DFFF79DF952E040F2CC4138222D
:10370000FEF75FFF02A8382CA8BF382400F8014D4F
:10371000FFF79CF944E040F204513822FEF751FFD4
:1037200002A8382CA8BF382400F8014DFFF79BF9F8
:1037300036E040F23C513822FEF743FF02A8382C15
:10374000A8BF382400F8014DFFF79AF928E040F2AD
:1037500074513822FEF735FF02A8382CA8BF382450
:1037600000F8014DFFF799F91AE040F2AC51382208
:10377000FEF727FF02A8382CA8BF382400F8014D17
:10378000FFF798F90CE040F2E4513822FEF719FFF8
:1037900002A8382CA8BF382400F8014DFFF797F98C
:1037A00002B010BD013908B5172941D8DFE801F092
:1037B0000C0E10121416181A1C1E20222426282A59
:1037C0002C2E30323436383A7C212CE07D212AE010
:1037D0007E2128E07F2126E0802124E0812122E053
:1037E000822120E083211EE084211CE085211AE053
:1037F000862118E0872116E0882114E0892112E053
:103800008A2110E08B210EE08C210CE08D210AE052
:103810008E2108E08F2106E0902104E0912102E052
:10382000922100E093210122FEF7BCFE012008BD99
:10383000002008BD013917293FD8DFE801F00C0E40
:1038400010121416181A1C1E20222426282A2C2E88
:1038500030323436383A7C212CE07D212AE07E213A
:1038600028E07F2126E0802124E0812122E08221BE
:1038700020E083211EE084211CE085211AE08621BE
:1038800018E0872116E0882114E0892112E08A21BE
:1038900010E08B210EE08C210CE08D210AE08E21BE
:1038A00008E08F2106E0902104E0912102E09221BE
:1038B00000E093210122FEF784BE7047013908B56C
:1038C000172941D8DFE801F00C0E10121416181A4F
:1038D0001C1E20222426282A2C2E30323436383A38
:1038E00094212CE095212AE0962128E0972126E0DA
:1038F000982124E0992122E09A2120E09B211EE0DA
:103900009C211CE09D211AE09E2118E09F2116E0D9
:10391000A02114E0A12112E0A22110E0A3210EE0D9
:10392000A4210CE0A5210AE0A62108E0A72106E0D9
:10393000A82104E0A92102E0AA2100E0AB21012294
:10394000FEF730FE012008BD002008BD013917290F
:103950003FD8DFE801F00C0E10121416181A1C1EC6
:1039600020222426282A2C2E30323436383A94212C
:103970002CE095212AE0962128E0972126E0982145
:1039800024E0992122E09A2120E09B211EE09C2145
:103990001CE09D211AE09E2118E09F2116E0A02145
:1039A00014E0A12112E0A22110E0A3210EE0A42145
:1039B0000CE0A5210AE0A62108E0A72106E0A82145
:1039C00004E0A92102E0AA2100E0AB210122FEF7D8
:1039D000F8BD7047013908B5172941D8DFE801F073
:1039E0000C0E10121416181A1C1E20222426282A27
:1039F0002C2E30323436383AC4212CE0C5212AE04E
:103A0000C62128E0C72126E0C82124E0C92122E000
:103A1000CA2120E0CB211EE0CC211CE0CD211AE000
:103A2000CE2118E0CF2116E0D02114E0D12112E000
:103A3000D22110E0D3210EE0D4210CE0D5210AE000
:103A4000D62108E0D72106E0D82104E0D92102E000
:103A5000DA2100E0DB210122FEF7A4FD012008BDF0
:103A6000002008BD013917293FD8DFE801F00C0E0E
:103A700010121416181A1C1E20222426282A2C2E56
:103A800030323436383AC4212CE0C5212AE0C62130
:103A900028E0C72126E0C82124E0C92122E0CA216C
:103AA00020E0CB211EE0CC211CE0CD211AE0CE216C
:103AB00018E0CF2116E0D02114E0D12112E0D2216C
:103AC00010E0D3210EE0D4210CE0D5210AE0D6216C
:103AD00008E0D72106E0D82104E0D92102E0DA216C
:103AE00000E0DB210122FEF76CBD7047013908B50B
:103AF000172959D8DFE801F00C0F1215181B1E21E9
:103B000024272A2D303336393C3F4245484B4E510D
:103B100040F2346143E040F2356140E040F236610A
:103B20003DE040F237613AE04FF4C76137E040F2E0
:103B3000396134E040F23A6131E040F23B612EE01D
:103B400040F23C612BE040F23D6128E040F23E61F2
:103B500025E040F23F6122E04FF4C8611FE040F2EF
:103B600041611CE040F2426119E040F2436116E01D
:103B700040F2446113E040F2456110E040F24661DA
:103B80000DE040F247610AE04FF4C96107E040F2FE
:103B9000496104E040F24A6101E040F24B610122D8
:103BA000FEF700FD012008BD002008BD01391729DE
:103BB00057D8DFE801F00C0F1215181B1E2124271F
:103BC0002A2D303336393C3F4245484B4E5140F266
:103BD000346143E040F2356140E040F236613DE05F
:103BE00040F237613AE04FF4C76137E040F23961A3
:103BF00034E040F23A6131E040F23B612EE040F2C5
:103C00003C612BE040F23D6128E040F23E6125E05E
:103C100040F23F6122E04FF4C8611FE040F2416191
:103C20001CE040F2426119E040F2436116E040F2CC
:103C3000446113E040F2456110E040F246610DE05E
:103C400040F247610AE04FF4C96107E040F2496180
:103C500004E040F24A6101E040F24B610122FEF7CC
:103C6000B0BC7047013908B5172959D8DFE801F011
:103C70000C0F1215181B1E2124272A2D303336391C
:103C80003C3F4245484B4E5140F24C6143E040F2CC
:103C90004D6140E040F24E613DE040F24F613AE05C
:103CA0004FF4CA6137E040F2516134E040F25261B2
:103CB00031E040F253612EE040F254612BE040F2DB
:103CC000556128E040F2566125E040F2576122E05C
:103CD0004FF4CB611FE040F259611CE040F25A61A1
:103CE00019E040F25B6116E040F25C6113E040F2E3
:103CF0005D6110E040F25E610DE040F25F610AE05C
:103D00004FF4CC6107E040F2616104E040F262618F
:103D100001E040F263610122FEF744FC012008BD8E
:103D2000002008BD0139172957D8DFE801F00C0F32
:103D30001215181B1E2124272A2D303336393C3FFB
:103D40004245484B4E5140F24C6143E040F24D61D8
:103D500040E040F24E613DE040F24F613AE04FF406
:103D6000CA6137E040F2516134E040F2526131E023
:103D700040F253612EE040F254612BE040F2556175
:103D800028E040F2566125E040F2576122E04FF40E
:103D9000CB611FE040F259611CE040F25A6119E02A
:103DA00040F25B6116E040F25C6113E040F25D615D
:103DB00010E040F25E610DE040F25F610AE04FF416
:103DC000CC6107E040F2616104E040F2626101E031
:103DD00040F263610122FEF7F4BB7047653908B514
:103DE0001F2975D8DFE801F0101316191C1F2225B2
:103DF000282B2E3134373A3D404346494C4F5255DB
:103E0000585B5E6164676A6D40F27C615BE040F222
:103E10007D6158E040F27E6155E040F27F6152E002
:103E20004FF4D0614FE040F281614CE040F282619A
:103E300049E040F2836146E040F2846143E040F2B1
:103E4000856140E040F286613DE040F287613AE002
:103E50004FF4D16137E040F2896134E040F28A6189
:103E600031E040F28B612EE040F28C612BE040F2B9
:103E70008D6128E040F28E6125E040F28F6122E002
:103E80004FF4D2611FE040F291611CE040F2926178
:103E900019E040F2936116E040F2946113E040F2C1
:103EA000956110E040F296610DE040F297610AE002
:103EB0004FF4D36107E040F2996104E040F29A6167
:103EC00001E040F29B610122FEF76CFB012008BD7E
:103ED000002008BD65391F2973D8DFE801F01013F1
:103EE00016191C1F2225282B2E3134373A3D40430A
:103EF00046494C4F5255585B5E6164676A6D40F2AB
:103F00007C615BE040F27D6158E040F27E6155E00B
:103F100040F27F6152E04FF4D0614FE040F28161A6
:103F20004CE040F2826149E040F2836146E040F2B9
:103F3000846143E040F2856140E040F286613DE00B
:103F400040F287613AE04FF4D16137E040F2896195
:103F500034E040F28A6131E040F28B612EE040F2C1
:103F60008C612BE040F28D6128E040F28E6125E00B
:103F700040F28F6122E04FF4D2611FE040F2916184
:103F80001CE040F2926119E040F2936116E040F2C9
:103F9000946113E040F2956110E040F296610DE00B
:103FA00040F297610AE04FF4D36107E040F2996173
:103FB00004E040F29A6101E040F29B610122FEF7C9
:103FC00000BB7047013908B5032913D8DFE801F0B9
:103FD0000205080B40F29C6107E040F29D6104E09D
:103FE00040F29E6101E040F29F610122FEF7DAFAA1
:103FF000012008BD002008BD0139032911D8DFE8E0
:1040000001F00205080B40F29C6107E040F29D615F
:1040100004E040F29E6101E040F29F610122FEF760
:10402000D0BA704708B50846114605F0E9FB0020F4
:1040300008BDFFFFF0B5A3B006460C466F4601F180
:10404000200E206861683D4603C5083474452F463C
:10405000F7D108AD02F12007106851682C4603C45F
:104060000832BA422546F7D110AC03F12005186892
:104070005968224603C20833AB421446F7D1289B45
:1040800018AC03F1200518685968224603C20833AA
:10409000AB421446F7D1094B186820909B88ADF8C5
:1040A00084303046694686220CF06AFC684600215E
:1040B000862227F031FE23B0F0BD00BFEFCE020014
:1040C000094B0A4810B500241C60094B21462022E8
:1040D0001C7027F021FE074B214618684FF48C62B4
:1040E000BDE8104027F018BE4496FF1FCC92FF1F7A
:1040F0008D96FF1FB88CFF1F034B044819780122CF
:10410000C901134604F0FAB9FC91FF1F8E96FF1FF8
:1041100038B5284B1B78042B05460C4626D00DD805
:10412000022B13D015D8012B3FD10846224A29462D
:1041300016F050F8003018BF012038BD062B32D0E1
:104140002FD3662B18D0672B21D02EE011F060FC06
:1041500001E011F061FC034617492846224611F0A0
:104160009BFCD0F1010038BF002038BD08462A462C
:1041700011490DF01BFE08E011F04AFC0E49034600
:104180002246284611F010FD08B1002038BD11F07C
:1041900043FC094903462246284611F005FD002844
:1041A000F3D1064802E0064800E0064804F0C2FBEE
:1041B000012038BDFC91FF1FAC92FF1F19CB0200FC
:1041C00043CB02006DCB0200014B00221A60704706
:1041D0004896FF1F2DE9F04F91B0DFF8E481734D51
:1041E00098F8003092466A46A2EBC3128B46002133
:1041F00004AF0646954628460A4614F0B8FE07F175
:104200000C0013F072FA07F1180013F06EFA07F1C0
:10421000240013F06AFA98F8003005F11400DB016D
:104220004FF001116B6013F0D3FA0DF11009044641
:1042300000286CD15E4B98F800207B60194605F190
:104240002C00920113F01FFB7B68044600285ED10E
:1042500098F80020920105F13800991813F013FB2B
:104260000446002853D105F1080005F12C0105F1A1
:10427000380213F0E0FD0446002848D107F10C0095
:1042800005F12C01012213F0C0FD044600283ED1A7
:1042900007F1180005F13801012213F0B6FD0446BC
:1042A000A8BB07F1240007F10C0107F1180213F075
:1042B000C2FD044658BB05F1200005F1140107F1C9
:1042C000240214F0EDFA044608BB05F1440005F1A0
:1042D000200107F10C0213F0EBFF0446B8B905F119
:1042E000500005F1200107F1180213F0E1FF044628
:1042F00068B905F15C00A0F12401A0F1300214F0CE
:10430000CFFA044618B9284614F06AFE044607F1AD
:104310000C0013F0F1F907F1180013F0EDF907F1B3
:10432000240013F0E9F90CB1224836E098F8003087
:1043300080226FF0090112FB0311B142DCBF6FF064
:104340000A0612FB0366202E0CD003DC1C2E0BD1B8
:1043500005230AE0302E03D0402E05D1082304E0C7
:10436000072302E0062300E000238DE848081249F5
:10437000CDF80C90012300220C4815F0B1F998F803
:10438000002004464946D20150461BF089FE0748EA
:1043900015F074FA204624B1084804F0CBFA4FF027
:1043A000FF303437BD46BDE8F08F00BF9895FF1F42
:1043B000EC92FF1F86CB020025400000F0CB0200EC
:1043C000FC91FF1F2DE9F04F95B0464B19784FF047
:1043D000FF3202EBC11202F1010A083222F0070299
:1043E00002AFE846ADEB020D3F4A117802AC9B46A6
:1043F00021B90A4606F016FFF8226CE0042969D1BB
:104400003A4E3B4D33681C2BB14611D023F01002BD
:10441000202A0DD0402B0BD0364804F08BFA012017
:1044200004F044FC0021316028684FF48C624EE0B7
:10443000314E3178727800932868304B06F050FF87
:104440002F4B2D6824221A702946D9F800207B6052
:1044500007F108001BF024FE284600214FF48C626F
:1044600027F05AFC2246D9F80000264D07F1080132
:10447000FFF7B0FE7B680246A0B9F6211970B37849
:104480009BF800102B60012B20464FEAC11103D18D
:104490001A4604F033F80AE0134604F02FF804F04B
:1044A000EDFC04E0002218481A7004F043FA55208D
:1044B00004F0FCFB20460021524627F02DFC2B681F
:1044C000012B0AD0114B186800214FF4546227F0D9
:1044D00023FC02E023220A4B1A704C37C546BD4626
:1044E000BDE8F08FFC91FF1F50C7FF1F98C7FF1F4B
:1044F000B88CFF1FAACB0200E5ACFF1F1091FF1F75
:1045000025C7FF1F28C7FF1FD3CB0200A88CFF1FA2
:104510002DE9F0434E4C4F4D884600218FB0814627
:10452000174620460A4614F022FD05A813F0DDF8D0
:1045300008A813F0DAF80BA813F0D7F82B7804F1D9
:104540001400DB014FF00111636013F041F9002802
:104550004FD1414E2A7804F12C003146920113F0DC
:1045600092F9002845D12A78920104F13800B11857
:1045700013F089F900283CD104F1080004F12C0162
:1045800004F1380213F057FC98BB05A804F12C0184
:10459000012213F03AFC60BB08A804F138010122A3
:1045A00013F033FC28BB0BA805A908AA13F043FCA1
:1045B000F8B904F1200004F114010BAA14F070F909
:1045C000B8B904F1440004F1200105AA13F070FE0B
:1045D00078B904F1500004F1200108AA13F068FE34
:1045E00038B904F15C00A0F12401A0F1300214F00C
:1045F00057F905A813F080F808A813F07DF80BA868
:1046000013F07AF8124814F0EBFC044668B1134832
:1046100004F090F90E4815F031F92046ACB110487D
:1046200004F088F94FF0FF300FE04FF4007303936C
:1046300021462246CDF80090CDF804800297044828
:10464000012314F0D1FF0446E4E70FB0BDE8F08386
:104650000092FF1FFC91FF1FEC92FF1F86CB020010
:10466000EACB02002DE9F04F85B03F4B02AF19783D
:1046700000247C6021B90A4606F0D4FDF9226CE0E2
:10468000042969D1394DDFF804B12B689BF800206B
:10469000374EB3EBC21FEA460BD0364804F04AF956
:1046A000012004F003FB2C60306821464FF48C623B
:1046B0004EE0DFF8DC80DFF8D09098F8001098F832
:1046C0000120009330682C4B06F00AFE242389F861
:1046D00000309BF800303668AAEBC31295460DF106
:1046E000080B31462A68254D58461BF0D9FC304648
:1046F00021464FF48C6227F00FFB2A68204E381DAC
:104700005946FFF705FF024698B9F62389F80030AD
:1047100098F802303360012B2868796803D11A4673
:1047200003F0ECFE0AE0134603F0E8FE04F0A6FBFB
:1047300004E0144889F8004004F0FCF8552004F027
:10474000B5FA3368012B05D0286800214FF4546274
:1047500027F0E2FAD54602E023220B4B1A700C3701
:10476000BD46BDE8F08F00BF50C7FF1F98C7FF1FB1
:10477000B88CFF1F19CC02001091FF1FA88CFF1FDF
:1047800028C7FF1F45CC020025C7FF1FFC91FF1F54
:10479000E5ACFF1FF0B58BB0064601A812F0A5FFEF
:1047A00036B204A8184F12F0A0FFB50107A812F006
:1047B0009CFF01A839462A4613F065F8044698B9CB
:1047C00004A879192A4613F05EF8044660B907A8D0
:1047D00001A904AA13F02FFB044628B907A80B4926
:1047E000F20113F08AF8044601A812F085FF04A82C
:1047F00012F082FF07A812F07FFF14B1044804F002
:1048000099F80BB0F0BD00BFEC92FF1F8E96FF1F12
:104810005FCC02002DE9F043474C484D884600210B
:104820008FB08146174620460A4614F0A0FB05A823
:1048300012F05BFF08A812F058FF0BA812F055FF0A
:104840002B7804F11400DB014FF00111636012F0CA
:10485000BFFF00284FD13A4E2A7804F12C00314690
:10486000920113F010F8002845D12A78920104F142
:104870003800B11813F007F800283CD104F1080003
:1048800004F12C0104F1380213F0D5FA98BB05A805
:1048900004F12C01012213F0B8FA60BB08A804F15E
:1048A0003801012213F0B1FA28BB0BA805A908AA08
:1048B00013F0C1FAF8B904F1200004F114010BAAB5
:1048C00013F0EEFFB8B904F1440004F1200105AA89
:1048D00013F0EEFC78B904F1500004F1200108AAAD
:1048E00013F0E6FC38B904F15C00A0F12401A0F15A
:1048F000300213F0D5FF05A812F0FEFE08A812F052
:10490000FBFE0BA812F0F8FE0B4814F03DFB02462C
:1049100070B90C49CDF800901346CDF80480029789
:10492000054814F0EBFD0446034814F0A7FF2046A9
:104930000FB0BDE8F08300BFEC94FF1FFC91FF1F98
:10494000EC92FF1F25400000F0B5C51D99B004464C
:104950002021284604F054FF2B4604F127026D461F
:10496000186859682E4603C6083393423546F7D176
:104970002523A37120460021012205F035FC2023C8
:1049800008A840216A460BF045FF00212022684616
:1049900027F0C2F91A4808AAA0F516610CF0C3FA6C
:1049A000044698B1174803F0C5FF002004F07EF9D3
:1049B00008A80021402227F0AFF9134800214FF446
:1049C000606219B0BDE8F04027F0A6B90F4B0C4863
:1049D000F6221A70012213464FF4946103F08EFD03
:1049E000214608A8402227F097F921464FF460623B
:1049F000054827F091F9552004F058F919B0F0BD99
:104A0000CCB6FF1F7DCC02006CADFF1F25C7FF1F7A
:104A1000F0B54B4B19789BB031B90A4606F002FC51
:104A2000484BF9221A7089E0042940F08780464CEF
:104A3000464D474E236800933178464B727828687C
:104A400006F04EFC2368B3F5886F2F460CD0424821
:104A500003F070FF002004F029F9286800214FF4CA
:104A60008C6227F059F969E00AA840213B4A2023CB
:104A70000BF0D0FE3A480AAAA0F516610CF053FAE2
:104A80000446A8B1374803F055FF002140220AA888
:104A900027F042F900214FF46062334827F03CF9D7
:104AA000286800214FF48C6227F036F9002043E09B
:104AB000214640220AA827F02FF902A829682A4A8D
:104AC0000CF037FBA8B1294803F034FF214620221F
:104AD00002A827F021F921464FF46062224827F00E
:104AE0001BF9286821464FF48C6227F015F92046FF
:104AF00022E0144B1E4CF6221A70B3782360012278
:104B0000134602A8202103F0F9FC2368012B01D0F1
:104B100004F0B4F90021202202A827F0FDF80021BA
:104B20004FF46062104827F0F7F8386800214FF41E
:104B30008C6227F0F1F8552004F0B8F81BB0F0BDF6
:104B400050C7FF1F25C7FF1F98C7FF1FB88CFF1F47
:104B5000E5ACFF1F1091FF1F98CC0200AC92FF1F25
:104B6000CCB6FF1FB3CC02006CADFF1FD5CC02004A
:104B700028C7FF1F10B590B068464021174A202370
:104B80000BF048FE16486A46A0F516610CF0CBF90A
:104B90000446684674B10021402227F0BDF8002188
:104BA0004FF460620F4827F0B7F80F4803F0C2FED9
:104BB00010B010BD2146402227F0AEF80122134666
:104BC00007484FF4946103F099FC064821464FF4DE
:104BD000606210B0BDE8104027F09EB8AC92FF1F95
:104BE000CCB6FF1F6CADFF1FF0CC0200F0B5C51DA9
:104BF000A9B004462021284604F002FE2B4604F109
:104C000027026D46186859682E4603C6083393423A
:104C10003546F7D12623A37120460021012210AC8E
:104C200005F0E2FA204660216A4620230BF0F2FDEF
:104C300000212022684627F06FF824482246A0F57C
:104C400016610CF070F998B1214803F073FE002052
:104C500004F02CF820460021602227F05DF81D4862
:104C600000214FF4606229B0BDE8F04027F054B84D
:104C700008A820A915F09AFA174A08AD2B4603CBCD
:104C8000A342106051601D4602F10802F6D1134B99
:104C90000E48F6221A70012213464FF4986103F071
:104CA0002DFC20460021602227F036F808A80021BC
:104CB000202227F031F800214FF46262084827F0E3
:104CC0002BF8552003F0F2FF29B0F0BDCCB6FF1F42
:104CD00004CD02006CADFF1F6CBBFF1F25C7FF1F7B
:104CE0006CADFF1F10B504461D4810F08BFE6379B4
:104CF000642B33D9A37903F00F03052B04D120468D
:104D0000BDE81040FFF720BE062B04D12046BDE8C9
:104D10001040FFF76BBF012B04D1E11D114815F0C6
:104D20004BFA14E0022B02D110F072FE03E0032BC9
:104D300007D110F071FE0246E11D0A4810F070FE26
:104D400005E0042B03D1E01D202104F059FD0548A6
:104D500000214122BDE8104026F0DEBF10BD00BF9B
:104D6000019800004C96FF1F2DE9F047604B197821
:104D7000BAB031B90A4606F055FA5E4BF9221A70FC
:104D8000B2E0042940F0B0805B4C5C4D5C4F23687E
:104D900039787A78286800935A4B06F0A1FAD4F84B
:104DA0000080B8F58C6FAA460CD0574803F0C2FDBE
:104DB000002003F07BFF286800214FF48C6226F06E
:104DC000ABFF91E022A86021504AD5F80090202343
:104DD0000BF020FD4E4822AAA0F516610CF0A3F8B6
:104DE0000446A0B14B4803F0A5FD0021602222A893
:104DF00026F092FF00214FF46062474826F08CFFB6
:104E000028680021424626F087FF00206AE01AAE9B
:104E100032A9304615F0CAF902A849463E4A0CF0BC
:104E200088F9C8B13D4803F085FD2146202202A83B
:104E300026F072FF2146602222A826F06DFF21464F
:104E40004FF46062344826F067FF286821464246E6
:104E500026F062FF204645E009F5886932A94A46F6
:104E60000AA815F0A7F812A802A90AAA4B460096AC
:104E7000FFF7E0F81F4B2A4CF6221A70BB7823602C
:104E80000122134612A8202103F038FB2368012BCE
:104E900001D003F0F3FF0021202202A826F03CFFFE
:104EA000002120220AA826F037FF0021202212A884
:104EB00026F032FF0021602222A826F02DFF0021DB
:104EC0002022304626F028FF00214FF4606212486D
:104ED00026F022FFDAF8000000214FF48C6226F061
:104EE0001BFF552003F0E2FE3AB0BDE8F08700BF9B
:104EF00050C7FF1F25C7FF1F98C7FF1FB88CFF1F94
:104F0000E5ACFF1F1091FF1F26CD0200AC92FF1FE2
:104F1000CCB6FF1F41CD02006CADFF1F63CD020078
:104F200028C7FF1F30B5A1B008AC20466021224A37
:104F300020230BF06FFC21482246A0F516610BF0F0
:104F4000F2FF78B120460021602226F0E5FE002124
:104F50004FF462621A4826F0DFFE1A4803F0EAFCBA
:104F600021B030BD684618A915F020F9164A6D46E3
:104F70002B4603CBA342106051601D4602F108028C
:104F8000F6D1012213460D484FF4986103F0B6FAAA
:104F900020460021602226F0BFFE68460021202224
:104FA00026F0BAFE094800214FF4626221B0BDE844
:104FB000304026F0B1BE00BFAC92FF1FCCB6FF1F41
:104FC0006CADFF1FF0CC02006CBBFF1F6CADFF1F70
:104FD000F0B50025ECB20B1B0444DBB2E4B29C42FA
:104FE00005F1010504D2165DD75C1755D654F1E7DB
:104FF000F0BDFFFF08B541221748002126F08CFEC6
:10500000164B1B785A1F012A25D9012B05D11248AE
:105010001349BDE808400EF0E1BD022B02D110F0AB
:10502000F7FC03E0032B08D110F0F6FC02460A4916
:105030000B48BDE8084010F0F6BD042B0BD1002052
:105040001F21074AFFF7C4FF034805490022BDE8B6
:1050500008400CF0ABBE08BD4C96FF1FFC91FF1F33
:10506000AC92FF1F38B5144D0446407906F082F922
:105070002B78012B05D1A379042B02D12B70FFF7DC
:10508000B9FF2B78042B04D0012B14BF4021202121
:1050900000E0202101221346084803F02FFA0021E6
:1050A0004022064826F038FE054800212022BDE8AF
:1050B000384026F031BE00BFFC91FF1F4C96FF1F09
:1050C000AC92FF1F38B505462C460DF077F9044B1E
:1050D00044F8783B20460EF0F5FA6C60284638BD5F
:1050E000A0CA02002DE9F04FABB080460CA89B4649
:1050F00089469246349F00250EF084F801238DF8EE
:105100000F302C46BC422ED20CA8414620220EF075
:10511000F8F925B10CA804A92A460EF061F90CA8EB
:10512000494652460EF05CF920250CA80DF10F01FE
:1051300001223E1B0EF054F9AE4228BF2E4604ABAE
:105140000CA841462A4600950EF0F4F90BEB04003A
:1051500004A932461AF0A4FF9DF80F3001333444FD
:105160008DF80F30CEE70021202204A826F0D4FDD0
:105170000CA80EF02DF82BB0BDE8F08F30B5B3B011
:10518000044621220D460BA8002126F0C5FD20462D
:105190000DF12D0204F1200350F8041B42F8041B0A
:1051A0009842F9D1802006F0E5F814A80EF02AF80C
:1051B00014A80BA921220EF0A4F9202414A8134945
:1051C00020220EF00DF914A80BA903AB00942122A4
:1051D0000EF0B0F92B4603A800940D491522FFF7F5
:1051E00081FF224603A8002126F096FD0BA800218E
:1051F000212226F091FD00212246044826F08CFD54
:1052000014A80DF0E5FF33B030BD00BFAC92FF1F16
:10521000D9CE020030B5A1B00D466946FFF7AEFF0A
:1052200008A860216A4620230BF0F4FA204808AA57
:10523000A0F516610BF077FE0446D0B16846002158
:10524000202226F069FD08A80021602226F064FDD6
:1052500000214FF46062174826F05EFD00214FF4F4
:105260009862284626F058FD134803F063FB21B0EE
:1052700030BD4FF4946228460D491AF011FF18A969
:1052800005F5946014F092FF21466846202226F02E
:1052900043FD214608A8602226F03EFD0548214630
:1052A0004FF4606221B0BDE8304026F035BD00BF4C
:1052B00025BEFF1FC5B4FF1FF0CC0200F0B5BBB088
:1052C0000D4602A91746FFF759FF22A8602102AA3E
:1052D00020230BF09FFA234822AAA0F516610BF0B9
:1052E00022FE1AAC10B14FF0FF3619E032A9204669
:1052F00014F05CFF0AA829461B4A0BF01AFF064669
:105300000028F0D105F5886532A92A4612A814F0C4
:1053100051FE009438460AA912AA2B46FEF78AFECF
:1053200002A80021202226F0F7FC22A800216022FA
:1053300026F0F2FC0AA80021202226F0EDFC12A89B
:105340000021202226F0E8FC20460021202226F021
:10535000E3FC00214FF46062034826F0DDFC304698
:105360003BB0F0BD25BEFF1FC5B4FF1FF0B50D4615
:10537000B3B016461F46044628B921460BA8212281
:1053800026F0CAFC0BAC14A80DF03CFF14A8214673
:1053900021220EF0B6F814A82946202220250EF06E
:1053A0001FF8214603AB14A8212200950EF0C2F885
:1053B00014A80DF001FF334603A83899399A0097D5
:1053C000FFF790FE00212A4603A826F0A5FC14A8AA
:1053D0000DF0FEFE33B0F0BD13B5044C009415245F
:1053E0000194FFF7C3FF02B010BD00BFC3CE02009F
:1053F00070B506469EB00D461446CAB9842005F025
:10540000B9FF21464122274826F086FC02A8FCF776
:105410004BFA02A824492022FCF770FA02A8294678
:105420002022FCF76BFA02A81F49FCF788FA32E049
:10543000802A09D1104605F09DFF1B4928460A46DF
:105440002023FFF7C9FF26E0842A24D1104605F067
:1054500091FF00214122134826F05EFC20238DF8A5
:10546000083029460DF1090305F1200251F8040B1B
:1054700043F8040B9142F9D10B490C4B00931023D4
:105480000A46019302A82023FFF770FF02A800211B
:10549000212226F041FC064B1E70FFF7ABFD1EB02B
:1054A00070BD00BF4C96FF1FAC92FF1F08CB0200DF
:1054B000FC91FF1F70B504464079042815D8A379E4
:1054C000ABB905F0ABFF002853D02A4B1B7803F093
:1054D0000F03072B04D12848BDE8704003F02ABA17
:1054E0002046BDE87040FEF707BE742816D805F0C8
:1054F00041FF00283DD01F4B1B78052B204603D1D0
:10550000BDE87040FFF736BB062B03D1BDE8704005
:10551000FFF708BDBDE87040FFF7A4BD842805D1A2
:10552000A079042825D8E11D002207E0E8280BD146
:10553000A079431E032B1CD8E11D8422FFF758FFDE
:105540000E48402100220FE0802812D1A37903F0F9
:105550000F03062B0DD10A4DE01D2968FFF75AFEF7
:1055600028684FF4986101221346BDE8704002F0AC
:10557000C5BF70BDFC91FF1F85CD02004C96FF1F7B
:10558000A88CFF1F2DE9F0416D4C6E4E6E4D2368C7
:1055900031787278F0B00746009328686B4B05F0BD
:1055A0009FFE4EA80021882226F0B6FB684B4E9342
:1055B000684B4F93684B5093787940235193202345
:1055C0005293C8282EAB5393B0463ED900F137030F
:1055D000DBB2022B0CD9D32819D0D4281CD0D52863
:1055E0001FD000F12303DBB2022B21D95B4858E026
:1055F00021682B68C928A1F1200101D1012003E015
:10560000CA280CBF022003201944002217E0216899
:105610002B682039012008E021682B6820390220FE
:1056200003E021682B68203903201944802206E01A
:1056300021682B6824302039C0B219448422FFF736
:10564000D7FE2368203B236005E0A0F165030F2B04
:1056500073D805F08FFE2268394E414F202A01D0C1
:10566000402A04D102A829681AF01AFD10E012A8F5
:10567000FCF71AF912A829683268FCF73FF912A85A
:1056800002A9FCF75CF93B78012B1CBF2023336097
:10569000344A242313703B78591E0229174606D931
:1056A000314803F047F9002003F000FB45E0012BEF
:1056B00012AE08D12368009330462C492C4A2B683F
:1056C0000EF008FA0EE0022B02D110F0A1F901E071
:1056D00010F0A2F9019000962448226802A94EAB6E
:1056E00010F0E1FAF62398F802203B70214B012AD2
:1056F0001A6030464FF0400103D1134602F0FEFE1F
:1057000005E00122134602F0F9FE03F0B7FB552035
:1057100003F0CCFA286800214FF48C6226F0FCFAE2
:1057200000214122124826F0F7FA104800212022D9
:1057300070B0BDE8F04126F0EFBA70B0BDE8F0817E
:1057400098C7FF1FE5ACFF1FB88CFF1F1091FF1F0C
:1057500071B2010077B201007DB20100B2CD02004A
:10576000FC91FF1F25C7FF1FD1CD0200AC92FF1F88
:105770004C96FF1F28C7FF1F08B5094B197821B9A0
:105780000A4605F04FFDF82206E0042903D1BDE8E2
:105790000840FFF7F7BE2322024B1A7008BD00BF76
:1057A00050C7FF1F25C7FF1F10B50446214810F042
:1057B00029F96079642816D805F030FE1E4B1B7855
:1057C0000BB91E4827E003F00F03072B04D1204636
:1057D000BDE8104000F0BEBF42061BD52046BDE824
:1057E0001040FEF7EFBD00F13702D2B2032A19D9FB
:1057F00000F12302D2B2032A14D9A0F165020F2AC4
:1058000015D805F0B7FDC0B20B4B1B78002BD8D0D4
:10581000430607D40A4803F08DF80020BDE8104085
:1058200003F044BA2046BDE81040FFF7A5BF0020B2
:10583000EAE700BF01980000FC91FF1FF4CD0200D1
:10584000D1CD0200F0B595B000210746412203A852
:1058500026F062FA6A4B197839B90A46384605F0DB
:10586000E1FC684BF9221A70C8E0042940F0C680B8
:10587000654C664E664D23683178727828680093CF
:10588000644B05F02DFD7879C828374655D900F1CD
:105890003603DBB2022B10D900F12C03DBB2022B52
:1058A0000BD900F12203DBB2022B06D95A4803F0D0
:1058B00041F8002003F0FAF9A0E0CA2804D12168D9
:1058C0002B682039022005E0CB2806D121682B68FF
:1058D000203903201944002229E0CC2804D1216872
:1058E0002B6820390420F5E7D42804D121682B68DF
:1058F000203902200CE0D52804D121682B682039FA
:10590000032005E0D62806D121682B682039042021
:10591000194480220BE000F12203DBB2022B08D8ED
:1059200021682B6824302039C0B219448422FFF743
:105930005FFD2368203B236005E0A0F165030F2B8A
:105940005CD805F017FD354B1A78911E01299CBFD4
:1059500064321A701B78012B06D1304B04221A7066
:105960002026FFF747FB00E040262268212A01D0CD
:10597000412A05D129682A48013A2260013105E00F
:10598000202A01D0402A03D1254829681AF088FB33
:105990001C4A232313702368402B144601D0202B6C
:1059A00003D11F4803A9FEF7B3FBF623BA7823708F
:1059B0001C4B012A1A6003A8314603D1134602F09A
:1059C0009DFD05E00122134602F098FD03F056FA12
:1059D000552003F06BF9286800214FF48C6226F003
:1059E0009BF9002141220E4826F096F90E4800212D
:1059F000202215B0BDE8F04026F08EB915B0F0BDFC
:105A000050C7FF1F25C7FF1F98C7FF1FE5ACFF1F2B
:105A1000B88CFF1F1091FF1FB2CD0200FC91FF1F39
:105A20004C96FF1F28C7FF1FAC92FF1FF0B504461E
:105A3000A5B084480FF0E6FF6179802940F0A98085
:105A4000814B1D78042D2FD1804B1D78012D01D065
:105A50007F48B9E07F4E80483168002408AA1C7056
:105A6000FFF72CFC30B17D4802F064FF204603F0C4
:105A70001DF905E008A820212A462B4602F03EFD2C
:105A80000021202208A826F047F900212022724890
:105A900026F042F9306800214FF48C6226F03CF980
:105AA000552003F003F9CBE0002D40F0C980A37925
:105AB000A3F13A01FF2BC9B214BF1A463922C429F7
:105AC00006D8FEF7FDFA664802F034FF2846E8E7FC
:105AD000FF2B644809D003686FF490659918294436
:105AE0000E2902D8D3F5906206D401688E18B6F557
:105AF000906F01DC0B460BE0FEF7E2FA5A4863E0D8
:105B0000651A1D441F2BEF7906DC534D5F55013399
:105B10005D1A9542F4DB05E04E4D2D681D4405F8F5
:105B2000207CF4E7066002F0CFFCA3794D4DFF2BFB
:105B300000F086802B68B3F5906FDDD1434B0024D5
:105B4000012208A81A702C60FBF7AEFE08A8424993
:105B50002022FBF7D3FE3F4B08A819684FF48C6254
:105B6000FBF7CCFE08A86946FBF7E9FE6A4620234E
:105B7000F020802103F030FA68462146202226F0EA
:105B8000CBF83A4BF9221A70394B187802F082FCA4
:105B900056E064291CD8084605F040FC354B1B78BC
:105BA0000BB9354810E003F00F03072B03D1204653
:105BB00000F0ACFE44E0820605D52046FEF752FD1B
:105BC0003EE083060ED42D4802F0B4FE002068E7C4
:105BD00001F13703DBB2032B04D901F12303DBB25C
:105BE000032B03D82046FFF72DFE29E0A1F1650322
:105BF0000F2B204D15D82B78053B012B0CD8124BC1
:105C00001B7813F0FB0F07D02846FEF7E7F82B7838
:105C100003F00F032B7004E0084605F0ABFBC0B2A5
:105C200000E000202B78002BBBD0052B03D12046B1
:105C3000FEF7EEFE04E0062BC3D12046FFF794F8F2
:105C400025B0F0BD0198000050C7FF1F8D96FF1FC3
:105C500012CE0200B88CFF1FCC92FF1F3ACE02007A
:105C60005DCE02004496FF1F7DCE020025C7FF1FB8
:105C700026C7FF1FFC91FF1FF4CD02009FCE02003C
:105C8000F0B55D4B5D4E1B7896F84050042B89B003
:105C9000344640F0AF80304603F062FE074660B9FC
:105CA00039460922564826F037F830463946502200
:105CB00009B0BDE8F04026F02FB8524B0022382D35
:105CC0001A601E4601D1812002E0302D03D18220CE
:105CD00005F050FB06E06B1E172B03D84A482946F7
:105CE00005F00AFB494B1B7853B9EA180DF803205D
:105CF0000133202BF9D1002069460246FFF778FBDB
:105D000094F839200323202A33603C4B17D193F8B1
:105D10003A20202A13D193F83B20202A0FD193F860
:105D20003C20202A0BD193F83D20202A07D193F85C
:105D30003E20202A03D193F83F60202E07D03F2237
:105D4000A35C13B9013A0E2AFAD10132D6B2304D12
:105D50002D4928461422FCF702FB2B6827495B6873
:105D60003246284698472846FCF736FB6A460346E3
:105D700000F1100618685968154603C50833B34288
:105D80002A46F7D118682860202200211E4825F0F5
:105D9000C3FF1421684610F0ADF8BDF80420A280BE
:105DA00008AA054652F8191D00989DF80630206093
:105DB0001848A160A37191889279C023E371827120
:105DC000C1228180E27308AA103052F8121D2161AD
:105DD000928820F8042CC222E2750021382225F096
:105DE0009BFFE84380B2C323A075E37700124B23E7
:105DF0002076237709B0F0BD50C7FF1F35D6FF1FAF
:105E0000A3C7FF1F28C7FF1FAC92FF1FFC91FF1FF6
:105E10003091FF1F3DD6FF1F2DE9F04FB5B00C4666
:105E20000DF11008002106469246404618229B4676
:105E300025F072FF20686168434603C3BBF1010F80
:105E4000A068186076D19DF811309DF810501D445F
:105E500005F0030505F5B4551035AD000FCD0AACBE
:105E60000FC495E80F0084E80F00142112A80EF06B
:105E7000DFF80AAF002312A8029303930EF0ABF8E9
:105E8000394612A820220EF035F8414612A8082201
:105E90000EF080F802A912A808220EF0D9F86FF0CF
:105EA00002019AFBF1F1514403239AFBF3FA3144C6
:105EB00012A853460A460EF0BFF99DF811309DF81E
:105EC00010401C4404F0030404F5B4541834A40036
:105ED0000FCCB946A9E80F0094E80F004FEAEA7525
:105EE00089E80F00314652462B46CDF800800197D5
:105EF000304613F0CBFF9DF811309DF810E09E4422
:105F00000EF0030E0EF5B55E4FEA8E0EBEE80F00E2
:105F1000BC46ACE80F009EE80F0089E80F0006EBD6
:105F20000A00CDF800800197014652462B4614F036
:105F300023F828E1BBF1020F52D19DF811309DF8F2
:105F400010501D4405F0030505F5B455AD000FCD07
:105F50000AAC0FC495E80F0084E80F00142112A8C2
:105F60000EF066F80AAF002312A8029303930EF016
:105F700032F8394612A820220DF0BCFF414612A883
:105F800008220EF007F802A912A808220EF060F805
:105F90009AFBFBFB12A8314632465B460EF04CF9E9
:105FA0009DF811309DF810501D4405F0030505F5CE
:105FB000B4550835AD000FCD3C460FC495E80F0031
:105FC000CBEB0A0A84E80F0006EB0A00CDF800804C
:105FD000019701465A464FEAEB7313F057FFD2E0A0
:105FE000BBF1030F76D19DF811309DF810401C4491
:105FF00004F0030404F5B554A4000FCC0DF12809F6
:10600000A9E80F0094E80F009AFBFBFB89E80F005A
:106010000AAF4FEAEB7506EB0B002B4601465A46DA
:10602000CDF80080019713F0A7FF9DF811309DF87F
:1060300010E09E440EF0030E0EF5B45E0EF1180E45
:106040004FEA8E0EBEE80F00BC46ACE80F009EE89B
:106050000F0089E80F002B4631465A46CDF80080E4
:106060000197304613F012FF9DF811309DF8104053
:106070001C4404F0030404F5B4541034A4000FCC01
:106080003D460FC594E80F0089E80F00142112A8BF
:106090000DF0CEFF002312A8029303930DF09BFF97
:1060A0003946202212A80DF025FF4146082212A8E9
:1060B0000DF070FF02A9082212A80DF0C9FF6FF0C1
:1060C00002019AFBF1F18A4406EB0A0112A80A4682
:1060D0005B4656E0BBF1040F58D19DF811309DF896
:1060E00010501D4405F0030505F5B4550835AD0005
:1060F0000FCD0AAC0FC495E80F0084E80F0002230F
:106100009AFBF3F0C0EB0A000DF128099AFBF3FAB1
:106110003044014652464FEAEA73CDF80080CDF88C
:10612000049013F0B3FE9DF811309DF810501D44FB
:1061300005F0030505F5B455AD000FCD4F460FC76B
:1061400095E80F0084E80F00142112A80DF070FFED
:10615000002312A8029303930DF03DFF494620222D
:1061600012A80DF0C7FE4146082212A80DF012FF3A
:1061700002A9082212A80DF06BFF12A83146324680
:1061800053460DF0B1FE12A80DF034FF35B0BDE856
:10619000F08F30B545F6B0359DF80C402D7805F000
:1061A000FD05012D04D11CB1BDE83040FFF734BE20
:1061B00030BDFFFF10B5054B044640F82C3B0DF0F9
:1061C000EFF920460DF02CFE204610BDE0CA02007B
:1061D0002DE9F041CAB005460BAC68460E46904624
:1061E0001F460DF04FFE0F4B009320460DF06AFA4C
:1061F000684601940DF031FE4146684620220DF0BC
:10620000E7FD3146684610220DF0F5FD6846294647
:106210002A463B460DF086FD6846FFF7CBFF4AB0A5
:10622000BDE8F081E0CA02002DE9F041CAB00546A0
:106230000BAC68460E4690461F460DF023FE0F4BF2
:10624000009320460DF03EFA684601940DF005FEDD
:106250004146684620220DF0BBFD314668461022BB
:106260000DF0C9FD684629462A463B460DF085FDDE
:106270006846FFF79FFF4AB0BDE8F081E0CA020020
:1062800010B50446FFF796FF204624F0CDFE2046C9
:1062900010BDFFFF10B5054B044640F8783B0DF0EC
:1062A0007FF920460CF008F8204610BDA0CA020075
:1062B0002DE9F047234B1D68E2B00446071D6A1C18
:1062C0004FEA156AC5F30749C5F3072804A8EDB2DC
:1062D0001A600E46FEF7F6FE84F800A084F80190DE
:1062E00084F80280E5700C242246002101A825F0E4
:1062F00013FD04A88DF805A08DF806908DF8078091
:106300008DF808500BF036FF04A80F4920220BF03F
:1063100044FF01A9224604A80BF0CCFE334604A892
:1063200039463A460BF060FE04A8B91910220BF06A
:1063300076FF04A8FFF7AEFF06F1140062B0BDE8D7
:10634000F08700BF4896FF1FB7F9FF1F2DE9F04304
:10635000E7B088460446071D08A8FEF7B3FEB8F16B
:10636000140604D52046002128EAE8724AE094F891
:10637000019023784FEA094949EA0369E37849EA39
:106380000309A378BD1949EA032904AA05F1100EEF
:1063900028686968134603C3083575451A46F7D15E
:1063A00000210C2201A825F0B7FC01238DF8043050
:1063B0004FEA19638DF805304FEA19438DF806301E
:1063C00008A84FEA19238DF807308DF808900BF0D4
:1063D000D1FE1749202208A80BF0DFFE01A90C22EC
:1063E00008A80BF067FE08A839463A4633460BF07A
:1063F00080FF04A908A810220BF0FCFE01462046ED
:1064000029B9424625F088FC4FF0FF3608E03946AE
:10641000324625F066FCA0190021142225F07CFCF0
:1064200008A8FFF737FF304667B0BDE8F08300BF2C
:10643000B7F9FF1F2DE9F043ADF5257D06460C4663
:1064400046A898461546AC9FFEF73CFE8DF80840DE
:1064500003AC0C2120468DF8095001F043FA0EA838
:10646000FBF722FA0EA821460C22FBF747FA0EA8EA
:1064700002A90222FBF742FA06AD0EA820222B4900
:10648000FBF73CFA0EA82946FBF759FA95E80700F6
:1064900084E807002AA8FBF707FA2AA84146102239
:1064A000FBF72CFA2AA802A90222FBF727FA2AA84E
:1064B00020221E49FBF722FA2AA82946FBF73FFAB9
:1064C000237803F00103002B4FF001080CBF0223D7
:1064D000434621463A463046CDF800800CBFC146BF
:1064E0004FF00209FFF755FE46A80BF043FE294680
:1064F00046A820220BF051FE214646A80C220BF0A4
:10650000D9FD46A8314632463B460BF06DFD30467C
:1065100021463A464B46CDF80080FFF73AFE46A8A2
:10652000FFF7B8FE0DF5257DBDE8F0836090FF1FF5
:106530002DE9F043ADF5257D06460C4646A8984664
:106540001546AC9FFEF7BEFD8DF8084003AC0C214C
:1065500020468DF8095001F0C5F90EA8FBF7A4F903
:106560000EA821460C22FBF7C9F90EA802A90222A7
:10657000FBF7C4F906AD0EA820222C49FBF7BEF9A3
:106580000EA82946FBF7DBF995E8070084E8070029
:106590002AA8FBF789F92AA841461022FBF7AEF991
:1065A0002AA802A90222FBF7A9F92AA820221F493A
:1065B000FBF7A4F92AA82946FBF7C1F9237803F0D1
:1065C0000103002B4FF001080CBF032304232146D5
:1065D0003A463046CDF800800CBF4FF004094FF02A
:1065E0000309FFF7D6FD46A80BF0C4FD294646A8CF
:1065F00020220BF0D2FD214646A80C220BF05AFDBA
:1066000046A8314632463B460BF073FE30462146E3
:106610003A464B46CDF80080FFF7BBFD46A8FFF792
:1066200039FE0DF5257DBDE8F08300BF6090FF1FAA
:106630002DE9F0430C46E1B0054602A81E469146FE
:106640009DF8A071FEF73EFD2378009703F001034B
:10665000002B0CBF022301232146324628460CBFE3
:106660004FF001084FF00208FFF793FD02A80BF06E
:1066700081FD494602A820220BF08FFD214602A889
:106680000C220BF017FD02A829462A4633460BF0D0
:10669000ABFC28462146324643460097FFF779FD7A
:1066A00002A8FFF7F7FD61B0BDE8F0832DE9F043E4
:1066B0000C46E1B0054602A81E4691469DF8A07121
:1066C000FEF700FD2378009703F00103002B0CBFB9
:1066D000032304232146324628460CBF4FF004080A
:1066E0004FF00308FFF755FD02A80BF043FD4946A4
:1066F00002A820220BF051FD214602A80C220BF02B
:10670000D9FC02A829462A4633460BF0F2FD28465A
:106710002146324643460097FFF73BFD02A8FFF7AC
:10672000B9FD61B0BDE8F08310B50446FFF7B2FDD6
:10673000204624F079FC204610BDFFFF08B5034633
:106740000A46034819460CF0F5FA002008BD00BFC0
:1067500088D6FF1F2DE9F0435F4B1978ADF2F47D29
:1067600031B90A4604F05EFD5C4BF9221A70AEE0C6
:10677000042940F0AC805A4D5A4C2B685A4F21786E
:10678000627800933868594B04F0AAFD5349A27807
:106790003E68F2230B70564B1A602A6816F8013BCC
:1067A000002ACCBF02F1FF384FF00008022B0D4643
:1067B0001FD15049504A14A808F0DFF900210446BF
:1067C0004FF47C624B4825F0A7FA386800214FF45B
:1067D0008C6225F0A1FA1CB100232B70474863E0BE
:1067E000F12301222B7014A82021134601F086FE0C
:1067F0006AE073BB424C04AB04F1200E2068616870
:106800001A4603C2083474451346F7D10CA804A9EC
:106810000DF0E4F9334614A804A90CAACDF80080C1
:106820000DF058F90021202204A825F075FA002166
:106830004FF48C62386825F06FFA0122F1232B7037
:1068400014A84021134601F059FE14A8002140224B
:1068500038E0DFF8A090284A002314A849460C939A
:1068600008F08BF9044650B900900190CDF80890DB
:1068700024480CA93246434608F01BF9044600217F
:106880004FF47C621B4825F047FA386800214FF42A
:106890008C6225F041FA24B90C9E40F6ED439E42ED
:1068A00005D0002318482B7002F044F80FE00122B5
:1068B000F1232B7013483146134601F01FFE114897
:1068C0002146324625F028FA552002F0EFF90DF264
:1068D000F47DBDE8F08300BF50C7FF1F25C7FF1F31
:1068E00098C7FF1FE5ACFF1FB88CFF1F1091FF1F5B
:1068F00028C7FF1F8E98FF1F0C93FF1FF5CE0200C5
:10690000EC92FF1F6CADFF1F09CF0200F0B5644B86
:106910001978ADF2EC4D31B90A4604F083FC614BB5
:10692000F9221A70B8E0042940F0B6805E4E5F4D3F
:1069300033685F4C6A78297800935A4F5D4B206822
:1069400004F0CEFCF2233B705B4BAA781A603368EC
:10695000202B3D4626464DD1584A23680AACA64610
:1069600002F1200C10685168774603C7083262456F
:10697000BE46F7D112AF03F1200E186859683A46A7
:1069800003C2083373451746F7D1237823F0070372
:106990002370E37F03F03F0343F04003214612AA34
:1069A00002A8E3770BF002FA0021074620222046D6
:1069B00025F0B2F9306800214FF48C6225F0ACF973
:1069C00017B92F703E483BE03E4B1A6802AE1F4697
:1069D000334603CBA342106051601E4602F1080209
:1069E000F6D102A80021202225F096F9F1232B7080
:1069F00038683DE0B3F5886F40D112AF3846324970
:106A0000324A0AF090FA044628B90AA831682E4A98
:106A10000AF08FFB044600214FF416622A4825F045
:106A20007BF9306800214FF48C6225F075F954B180
:106A30000AA80021202225F06FF9002324482B709A
:106A400001F078FF28E01F4B1A680AAC1E46234667
:106A500003CBBB42106051601C4602F10802F6D124
:106A60000AA80021202225F057F9F12330682B7065
:106A700001222021134601F041FD0AE0154801F0F2
:106A800059FF206800214FF48C6225F045F900235E
:106A90003B70552002F00AF90DF2EC4DF0BD00BF3D
:106AA00050C7FF1F25C7FF1F98C7FF1FE5ACFF1F7B
:106AB000B88CFF1F1091FF1F28C7FF1F2C93FF1FCB
:106AC0001BCF0200A88CFF1F8E98FF1F4C93FF1F47
:106AD00028CF02003CCF020010B5064C06492046E4
:106AE000FAF7D4FF20460549FAF7D0FF044B0020FF
:106AF000187010BD8490FF1FB8D5FF1F14D6FF1F5C
:106B0000A1C7FF1F38B5434B434C1D78012D12D14F
:106B100000210A4620780DF067FD002102463F481B
:106B20000DF046FD00210A4620780DF05DFD294656
:106B300002463A4858E02B2D0FD8207840080146ED
:106B400000220DF051FD0021024634480DF030FDC9
:106B5000207840080146002241E0552D0CD8002045
:106B6000217802460DF040FD002102462B480DF031
:106B70001FFD0020217831E0802D0FD821784908B1
:106B80000A4600200DF030FD0021024623480DF09A
:106B90000FFD2178490800200A4620E0AA2D0DD8D3
:106BA0000020014622780DF01FFD002102461B48FF
:106BB0000DF0FEFC00200146227810E0D52D15D8FE
:106BC00020784008002102460DF00EFD002102460B
:106BD00012480DF0EDFC20780021400802460DF02F
:106BE00003FD02460D4801210DF0E2FC0B480DF0BB
:106BF00045FC23780833DBB223704BB908480949B8
:106C0000FAF744FF06480849BDE83840FAF76FBF75
:106C100038BD00BF26C7FF1F58C8FF1F44C8FF1F4D
:106C20008490FF1FB8D5FF1F14D6FF1F13B5422451
:106C3000204623F00DFF02AB23440134462C03F819
:106C4000460CF5D1019802B010BD37B54224019031
:106C500002AB2344204613F8465C23F0F9FE85423C
:106C600003D02046294623F007FF0134462CEFD1FC
:106C700003B030BD034B002118604022024825F0CC
:106C80004BB800BF28C7FF1FEAACFF1F70B5044612
:106C900014F8010BC0B1FF28FAD00E4E23F094FC7B
:106CA0003378032513FB03F393FBF5F0A8401AF0A8
:106CB000D1F923F0D5FC337813FB03F393FBF5F004
:106CC000A8401AF0C7F9E3E70348BDE8704024F094
:106CD0009BB900BFA48CFF1FACFFFF1F10B542245F
:106CE00020460021013423F0C7FEB4F5006FF7D130
:106CF00010BD10B54FF46A342046002104F500643D
:106D00000AF0FEFAB4F57E3FF6D110BD30B500238F
:106D1000D41E9C420DDDCC58240EC454CD58C4184A
:106D20002D0C6570CD582D0AA570CD58E570043333
:106D3000EEE730BDF7B50F461646C41C0025F31E1E
:106D4000AB4207EB050004F1040416DD14F8062C31
:106D500014F8053C120442EA032214F8043C1A43D6
:106D600014F8073C02A942EA036241F8042D00220C
:106D700013460AF095FA0435E1E703B0F0BD70B5AB
:106D8000ADF6080D154606460C4602A84FF46E31C6
:106D90004FF40062FFF7BAFF013D3820684300233B
:106DA00002AA0244F15CD1540133382BF8D14FF4DC
:106DB0006E3000210AF0A4FA172D00F2B181DFE84D
:106DC00015F0180029003A004B005C006D007E00B1
:106DD0008F00A000B100C200D300E400F50006015E
:106DE0001701280139014A015B016C017D018E0107
:106DF0009F0102A84FF46E314FF40062FFF79AFF33
:106E0000382CA8BF38240DF107008DF80740FBF798
:106E100072FF85E102A84FF46E314FF40062FFF774
:106E200089FF382CA8BF38240DF107008DF80740E2
:106E3000FBF76CFF74E102A84FF46E314FF400626F
:106E4000FFF778FF382CA8BF38240DF107008DF824
:106E50000740FBF766FF63E102A84FF46E314FF481
:106E60000062FFF767FF382CA8BF38240DF1070038
:106E70008DF80740FBF760FF52E102A84FF46E3136
:106E80004FF40062FFF756FF382CA8BF38240DF1ED
:106E900007008DF80740FBF75AFF41E102A84FF4C5
:106EA0006E314FF40062FFF745FF382CA8BF38243D
:106EB0000DF107008DF80740FBF754FF30E102A801
:106EC0004FF46E314FF40062FFF734FF382CA8BF47
:106ED00038240DF107008DF80740FBF74EFF1FE146
:106EE00002A84FF46E314FF40062FFF723FF382CF5
:106EF000A8BF38240DF107008DF80740FBF748FFC5
:106F00000EE102A84FF46E314FF40062FFF712FF5A
:106F1000382CA8BF38240DF107008DF80740FBF787
:106F200042FFFDE002A84FF46E314FF40062FFF71C
:106F300001FF382CA8BF38240DF107008DF8074059
:106F4000FBF73CFFECE002A84FF46E314FF4006217
:106F5000FFF7F0FE382CA8BF38240DF107008DF89C
:106F60000740FBF736FFDBE002A84FF46E314FF429
:106F70000062FFF7DFFE382CA8BF38240DF10700B0
:106F80008DF80740FBF730FFCAE002A84FF46E31DE
:106F90004FF40062FFF7CEFE382CA8BF38240DF165
:106FA00007008DF80740FBF72AFFB9E002A84FF46D
:106FB0006E314FF40062FFF7BDFE382CA8BF3824B5
:106FC0000DF107008DF80740FBF724FFA8E002A8A9
:106FD0004FF46E314FF40062FFF7ACFE382CA8BFBF
:106FE00038240DF107008DF80740FBF71EFF97E0EE
:106FF00002A84FF46E314FF40062FFF79BFE382C6D
:10700000A8BF38240DF107008DF80740FBF718FFE3
:1070100086E002A84FF46E314FF40062FFF78AFE5B
:10702000382CA8BF38240DF107008DF80740FBF776
:1070300012FF75E002A84FF46E314FF40062FFF7C3
:1070400079FE382CA8BF38240DF107008DF80740D1
:10705000FBF70CFF64E002A84FF46E314FF40062BE
:10706000FFF768FE382CA8BF38240DF107008DF813
:107070000740FBF706FF53E002A84FF46E314FF4D0
:107080000062FFF757FE382CA8BF38240DF1070027
:107090008DF80740FBF700FF42E002A84FF46E3185
:1070A0004FF40062FFF746FE382CA8BF38240DF1DC
:1070B00007008DF80740FBF7FAFE31E002A84FF415
:1070C0006E314FF40062FFF735FE382CA8BF38242C
:1070D0000DF107008DF80740FBF7F4FE20E002A851
:1070E0004FF46E314FF40062FFF724FE382CA8BF36
:1070F00038240DF107008DF80740FBF7EEFE0FE096
:1071000002A84FF46E314FF40062FFF713FE382CE3
:10711000A8BF38240DF107008DF80740FBF7E8FE03
:107120000DF6080D70BD70B5ADF6080D1546064696
:107130000C4602A84FF470314FF40062FFF7E6FDF1
:10714000013D38206843002302AA0244F15CD15477
:107150000133382BF8D14FF4703000210AF0D0F809
:10716000172D00F2B181DFE815F0180029003A0070
:107170004B005C006D007E008F00A000B100C200DB
:10718000D300E400F50006011701280139014A0186
:107190005B016C017D018E019F0102A84FF47031EB
:1071A0004FF40062FFF7C6FD382CA8BF38240DF15C
:1071B00007008DF80740FBF796FC85E102A84FF425
:1071C00070314FF40062FFF7B5FD382CA8BF3824AA
:1071D0000DF107008DF80740FBF790FC74E102A861
:1071E0004FF470314FF40062FFF7A4FD382CA8BFB4
:1071F00038240DF107008DF80740FBF78AFC63E1A6
:1072000002A84FF470314FF40062FFF793FD382C61
:10721000A8BF38240DF107008DF80740FBF784FC68
:1072200052E102A84FF470314FF40062FFF782FD83
:10723000382CA8BF38240DF107008DF80740FBF764
:107240007EFC41E102A84FF470314FF40062FFF779
:1072500071FD382CA8BF38240DF107008DF80740C8
:10726000FBF778FC30E102A84FF470314FF4006274
:10727000FFF760FD382CA8BF38240DF107008DF80A
:107280000740FBF772FC1FE102A84FF470314FF486
:107290000062FFF74FFD382CA8BF38240DF107001E
:1072A0008DF80740FBF76CFC0EE102A84FF470313B
:1072B0004FF40062FFF73EFD382CA8BF38240DF1D3
:1072C00007008DF80740FBF766FCFDE002A84FF4CD
:1072D00070314FF40062FFF72DFD382CA8BF382421
:1072E0000DF107008DF80740FBF760FCECE002A809
:1072F0004FF470314FF40062FFF71CFD382CA8BF2B
:1073000038240DF107008DF80740FBF75AFCDBE04D
:1073100002A84FF470314FF40062FFF70BFD382CD8
:10732000A8BF38240DF107008DF80740FBF754FC87
:10733000CAE002A84FF470314FF40062FFF7FAFC84
:10734000382CA8BF38240DF107008DF80740FBF753
:107350004EFCB9E002A84FF470314FF40062FFF721
:10736000E9FC382CA8BF38240DF107008DF8074040
:10737000FBF748FCA8E002A84FF470314FF400621C
:10738000FFF7D8FC382CA8BF38240DF107008DF882
:107390000740FBF742FC97E002A84FF470314FF42E
:1073A0000062FFF7C7FC382CA8BF38240DF1070096
:1073B0008DF80740FBF73CFC86E002A84FF47031E3
:1073C0004FF40062FFF7B6FC382CA8BF38240DF14B
:1073D00007008DF80740FBF736FC75E002A84FF474
:1073E00070314FF40062FFF7A5FC382CA8BF382499
:1073F0000DF107008DF80740FBF730FC64E002A8B0
:107400004FF470314FF40062FFF794FC382CA8BFA2
:1074100038240DF107008DF80740FBF72AFC53E0F4
:1074200002A84FF470314FF40062FFF783FC382C50
:10743000A8BF38240DF107008DF80740FBF724FCA6
:1074400042E002A84FF470314FF40062FFF772FC83
:10745000382CA8BF38240DF107008DF80740FBF742
:107460001EFC31E002A84FF470314FF40062FFF7C8
:1074700061FC382CA8BF38240DF107008DF80740B7
:10748000FBF718FC20E002A84FF470314FF40062C3
:10749000FFF750FC382CA8BF38240DF107008DF8F9
:1074A0000740FBF712FC0FE002A84FF470314FF4D5
:1074B0000062FFF73FFC382CA8BF38240DF107000D
:1074C0008DF80740FBF70CFC0DF6080D70BD30B5CC
:1074D0000D01B5F5006FADF6040D04461DD86846E4
:1074E0004FF472314FF40062FFF710FC103D00239F
:1074F00000AA2A44E15CD1540133102BF8D123783F
:1075000023B14FF47230002109F0FAFE68464FF4BF
:1075100072314FF40062FFF70DFC0DF6040D30BD23
:1075200070B51546ADF6080D06460C4602A84FF498
:1075300074314FF40062013DFFF7E8FBA80100231E
:1075400002AA0244F15CD1540133402BF8D14FF42C
:107550007430002109F0D4FE172D00F2B181DFE86C
:1075600015F0180029003A004B005C006D007E0009
:107570008F00A000B100C200D300E400F5000601B6
:107580001701280139014A015B016C017D018E015F
:107590009F0102A84FF474314FF40062FFF7CAFB59
:1075A000402CA8BF40240DF107008DF80740FBF7E1
:1075B000ABFC85E102A84FF474314FF40062FFF791
:1075C000B9FB402CA8BF40240DF107008DF80740FF
:1075D000FBF7A7FC74E102A84FF474314FF400628A
:1075E000FFF7A8FB402CA8BF40240DF107008DF841
:1075F0000740FBF7A3FC63E102A84FF474314FF49A
:107600000062FFF797FB402CA8BF40240DF1070054
:107610008DF80740FBF79FFC52E102A84FF474314C
:107620004FF40062FFF786FB402CA8BF40240DF109
:1076300007008DF80740FBF79BFC41E102A84FF4DF
:1076400074314FF40062FFF775FB402CA8BF402453
:107650000DF107008DF80740FBF797FC30E102A819
:107660004FF474314FF40062FFF764FB402CA8BF65
:1076700040240DF107008DF80740FBF793FC1FE154
:1076800002A84FF474314FF40062FFF753FB402C13
:10769000A8BF40240DF107008DF80740FBF78FFCD1
:1076A0000EE102A84FF474314FF40062FFF742FB81
:1076B000402CA8BF40240DF107008DF80740FBF7D0
:1076C0008BFCFDE002A84FF474314FF40062FFF729
:1076D00031FB402CA8BF40240DF107008DF8074076
:1076E000FBF787FCECE002A84FF474314FF4006222
:1076F000FFF720FB402CA8BF40240DF107008DF8B8
:107700000740FBF783FCDBE002A84FF474314FF431
:107710000062FFF70FFB402CA8BF40240DF10700CB
:107720008DF80740FBF77FFCCAE002A84FF47431E4
:107730004FF40062FFF7FEFA402CA8BF40240DF181
:1077400007008DF80740FBF77BFCB9E002A84FF477
:1077500074314FF40062FFF7EDFA402CA8BF4024CB
:107760000DF107008DF80740FBF777FCA8E002A8B1
:107770004FF474314FF40062FFF7DCFA402CA8BFDD
:1077800040240DF107008DF80740FBF773FC97E0EC
:1077900002A84FF474314FF40062FFF7CBFA402C8B
:1077A000A8BF40240DF107008DF80740FBF76FFCE0
:1077B00086E002A84FF474314FF40062FFF7BAFA82
:1077C000402CA8BF40240DF107008DF80740FBF7BF
:1077D0006BFC75E002A84FF474314FF40062FFF7C0
:1077E000A9FA402CA8BF40240DF107008DF80740EE
:1077F000FBF767FC64E002A84FF474314FF40062B9
:10780000FFF798FA402CA8BF40240DF107008DF82F
:107810000740FBF763FC53E002A84FF474314FF4C8
:107820000062FFF787FA402CA8BF40240DF1070043
:107830008DF80740FBF75FFC42E002A84FF474317B
:107840004FF40062FFF776FA402CA8BF40240DF1F8
:1078500007008DF80740FBF75BFC31E002A84FF40E
:1078600074314FF40062FFF765FA402CA8BF402442
:107870000DF107008DF80740FBF757FC20E002A848
:107880004FF474314FF40062FFF754FA402CA8BF54
:1078900040240DF107008DF80740FBF753FC0FE083
:1078A00002A84FF474314FF40062FFF743FA402C02
:1078B000A8BF40240DF107008DF80740FBF74FFCEF
:1078C0000DF6080D70BD70B505460C461646084607
:1078D000002109F015FD284621463246BDE87040DA
:1078E000FFF728BA10B50A464FF46C310446FFF78B
:1078F0000DFA00231846E15C0133202B0844FAD12D
:10790000B0F5FF5018BF012010BDFFFF30B5154B7B
:10791000C1B0012205461A704FF46C31FE22684650
:10792000FFF7F4F9104A2B4605F1200153F8040B38
:1079300042F8040B8B42F9D100242B5D0DF8043082
:107940000134202CF9D168464FF46C31FE22FFF748
:10795000BAFF28464FF46C312246FFF7D7F941B001
:1079600030BD00BFA2C7FF1F9090FF1F10B5044697
:1079700008492022FFF7CAF92378FF2B07D1637843
:10798000FF2B04D1A078FF3818BF012010BD0120C3
:1079900010BD00BF20B0030010B5044608492022E6
:1079A000FFF7B4F92378FF2B07D16378FF2B04D1BD
:1079B000A078FF3818BF012010BD012010BD00BF06
:1079C00040B0030030B5C1B005464FF46C31684695
:1079D000FE22FFF79BF9002400AB23442A5D83F8C5
:1079E00040200134202CF7D168464FF46C31FE2240
:1079F000FFF769FF28464FF46C312246FFF786F9FE
:107A000041B030BD10B5044608492022FFF77EF989
:107A10002378FF2B07D16378FF2B04D1A078FF38A0
:107A200018BF012010BD012010BD00BF60B00300D1
:107A300010B5084920220446FFF768F900231846CC
:107A4000E15C0133202B0844FAD1B0F5FF5018BF98
:107A5000012010BD80B0030037B501390446172955
:107A600000F23F81DFE811F01800250031003D00F1
:107A70004900550061006D007900850091009D006E
:107A8000A900B500C100CD00D900E500F100FD005E
:107A90000901150121012D010DF10700FBF724F962
:107AA0009DF807502046382DA8BF38254FF46E3179
:107AB00012E10DF10700FBF722F99DF807508A4902
:107AC000382DA8BF3825204606E10DF10700FBF749
:107AD00021F99DF807508549382DA8BF3825204643
:107AE000FAE00DF10700FBF720F99DF807508049F7
:107AF000382DA8BF38252046EEE00DF10700FBF732
:107B00001FF99DF807507B49382DA8BF382520461E
:107B1000E2E00DF10700FBF71EF99DF807507649EA
:107B2000382DA8BF38252046D6E00DF10700FBF719
:107B30001DF99DF807507149382DA8BF38252046FA
:107B4000CAE00DF10700FBF71CF99DF807506C49DE
:107B5000382DA8BF38252046BEE00DF10700FBF701
:107B60001BF99DF807506749382DA8BF38252046D6
:107B7000B2E00DF10700FBF71AF99DF807506249D2
:107B8000382DA8BF38252046A6E00DF10700FBF7E9
:107B900019F99DF807505D49382DA8BF38252046B2
:107BA0009AE00DF10700FBF718F99DF807505849C6
:107BB000382DA8BF382520468EE00DF10700FBF7D1
:107BC00017F99DF807505349382DA8BF382520468E
:107BD00082E00DF10700FBF716F99DF807504E49BA
:107BE000382DA8BF3825204676E00DF10700FBF7B9
:107BF00015F99DF807504949382DA8BF382520466A
:107C00006AE00DF10700FBF714F99DF807504449AD
:107C1000382DA8BF382520465EE00DF10700FBF7A0
:107C200013F99DF807503F49382DA8BF3825204645
:107C300052E00DF10700FBF712F99DF807503A49A1
:107C4000382DA8BF3825204646E00DF10700FBF788
:107C500011F99DF807503549382DA8BF3825204621
:107C60003AE00DF10700FBF710F99DF80750304995
:107C7000382DA8BF382520462EE00DF10700FBF770
:107C80000FF99DF807502B49382DA8BF38252046FD
:107C900022E00DF10700FBF70EF99DF80750264989
:107CA000382DA8BF3825204616E00DF10700FBF758
:107CB0000DF99DF807502149382DA8BF38252046D9
:107CC0000AE00DF10700FBF70CF99DF807501C497D
:107CD000382DA8BF382520463822FFF717F8284648
:107CE00000E0002003B030BD38B8030070B80300D6
:107CF000A8B80300E0B8030018B9030050B90300A6
:107D000088B90300C0B90300F8B9030030BA030012
:107D100068BA0300A0BA0300D8BA030010BB03007E
:107D200048BB030080BB0300B8BB0300F0BB0300EB
:107D300028BC030060BC030098BC0300D0BC030057
:107D400008BD0300131E10B508DD38246343B3F5E6
:107D5000006F03D8BDE81040FFF711B810BDFFFF5A
:107D600037B501390446172900F23F81DFE811F0E9
:107D70001800250031003D004900550061006D00EC
:107D80007900850091009D00A900B500C100CD00DB
:107D9000D900E500F100FD000901150121012D01C7
:107DA0000DF10700FAF798FE9DF807502046382D90
:107DB000A8BF38254FF4703112E10DF10700FAF732
:107DC00096FE9DF807508A49382DA8BF38252046D1
:107DD00006E10DF10700FAF795FE9DF80750854979
:107DE000382DA8BF38252046FAE00DF10700FAF734
:107DF00094FE9DF807508049382DA8BF38252046AD
:107E0000EEE00DF10700FAF793FE9DF807507B496D
:107E1000382DA8BF38252046E2E00DF10700FAF71B
:107E200092FE9DF807507649382DA8BF3825204688
:107E3000D6E00DF10700FAF791FE9DF80750714961
:107E4000382DA8BF38252046CAE00DF10700FAF703
:107E500090FE9DF807506C49382DA8BF3825204664
:107E6000BEE00DF10700FAF78FFE9DF80750674955
:107E7000382DA8BF38252046B2E00DF10700FAF7EB
:107E80008EFE9DF807506249382DA8BF3825204640
:107E9000A6E00DF10700FAF78DFE9DF807505D4949
:107EA000382DA8BF382520469AE00DF10700FAF7D3
:107EB0008CFE9DF807505849382DA8BF382520461C
:107EC0008EE00DF10700FAF78BFE9DF8075053493D
:107ED000382DA8BF3825204682E00DF10700FAF7BB
:107EE0008AFE9DF807504E49382DA8BF38252046F8
:107EF00076E00DF10700FAF789FE9DF80750494931
:107F0000382DA8BF382520466AE00DF10700FAF7A2
:107F100088FE9DF807504449382DA8BF38252046D3
:107F20005EE00DF10700FAF787FE9DF807503F4924
:107F3000382DA8BF3825204652E00DF10700FAF78A
:107F400086FE9DF807503A49382DA8BF38252046AF
:107F500046E00DF10700FAF785FE9DF80750354918
:107F6000382DA8BF382520463AE00DF10700FAF772
:107F700084FE9DF807503049382DA8BF382520468B
:107F80002EE00DF10700FAF783FE9DF807502B490C
:107F9000382DA8BF3825204622E00DF10700FAF75A
:107FA00082FE9DF807502649382DA8BF3825204667
:107FB00016E00DF10700FAF781FE9DF80750214900
:107FC000382DA8BF382520460AE00DF10700FAF742
:107FD00080FE9DF807501C49382DA8BF3825204643
:107FE0003822FEF793FE284600E0002003B030BDA3
:107FF00038C0030070C00300A8C00300E0C0030045
:1080000018C1030050C1030088C10300C0C10300B0
:10801000F8C1030030C2030068C20300A0C203001D
:10802000D8C2030010C3030048C3030080C3030089
:10803000B8C30300F0C3030028C4030060C40300F6
:1080400098C40300D0C4030008C50300131E10B574
:1080500008DD38246343B3F5006F03D8BDE8104052
:10806000FFF761B810BD0B0607D4090101F57131A6
:1080700001F57C711022FEF749BE704709B1FFF788
:1080800026BA704737B501390446172900F24081F6
:10809000DFE811F01800250031003D0049005500CF
:1080A00061006D007900850091009D00A900B50078
:1080B000C100CD00D900E600F200FE000A01160161
:1080C00022012E010DF10700FAF716FF9DF8075067
:1080D0002046402DA8BF40254FF4743113E10DF127
:1080E0000700FAF716FF9DF807508B49402DA8BFEF
:1080F0004025204607E10DF10700FAF717FF9DF82C
:1081000007508649402DA8BF40252046FBE00DF1D1
:108110000700FAF718FF9DF807508149402DA8BFC6
:1081200040252046EFE00DF10700FAF719FF9DF812
:1081300007507C49402DA8BF40252046E3E00DF1C3
:108140000700FAF71AFF9DF807507749402DA8BF9E
:1081500040252046D7E00DF10700FAF71BFF9DF8F8
:1081600007507249402DA8BF40252046CBE00DF1B5
:108170000700FAF71CFF9DF807506D49402DA8BF76
:1081800040252046BFE00DF10700FAF71DFF9DF8DE
:1081900007506849402DA8BF40252046B3E00DF1A7
:1081A0000700FAF71EFF9DF807506349402DA8BF4E
:1081B00040252046A7E00DF10700FAF71FFF9DF8C4
:1081C00007505E49402DA8BF402520469BE00DF199
:1081D0000700FAF720FF9DF807505949402DA8BF26
:1081E000402520468FE00DF10700FAF721FF9DF8AA
:1081F00007505449402DA8BF4025204683E00DF18B
:108200000700FAF722FF9DF807504F49402DA8BFFD
:108210004025204677E00DF10700FAF723FF9DF88F
:1082200007504A49402DA8BF402520466BE00DF17C
:108230000700FAF724FF9DF807504549402DA8BFD5
:10824000402520465FE00DF10700FAF725FF9DF875
:1082500007502046402DA8BF40254FF4753152E00D
:108260000DF10700FAF725FF9DF807503949402D19
:10827000A8BF4025204646E00DF10700FAF726FF8B
:108280009DF807503449402DA8BF402520463AE0CC
:108290000DF10700FAF727FF9DF807502F49402DF1
:1082A000A8BF402520462EE00DF10700FAF728FF71
:1082B0009DF807502A49402DA8BF4025204622E0BE
:1082C0000DF10700FAF729FF9DF807502549402DC9
:1082D000A8BF4025204616E00DF10700FAF72AFF57
:1082E0009DF807502049402DA8BF402520460AE0B0
:1082F0000DF10700FAF72BFF9DF807501B49402DA1
:10830000A8BF402520464022FEF700FD284600E099
:10831000002003B030BD00BF40D0030080D0030078
:10832000C0D0030000D1030040D1030080D103007E
:10833000C0D1030000D2030040D2030080D203006A
:10834000C0D2030000D3030040D3030080D3030056
:10835000C0D3030040D4030080D40300C0D4030082
:1083600000D5030040D5030080D50300C0D503002D
:10837000131E05DD9B01B3F5006F01D8FFF7D0B8E0
:10838000704710B50446FFF77DFE04F1260000217A
:108390001A22BDE8104023F0BFBCF0B501389DF8AB
:1083A0001460584300249C4207DA0D180EB10027D0
:1083B00000E0175D2F550134F5E7F0BD034B1B7846
:1083C000022B02D002480CF0C2B97047B4D5FF1F8F
:1083D000B0ACFF1F07B502A8FF2300F8023DFAF773
:1083E00067F99DF8060000F0FC03802B02D100F035
:1083F00003000FE002A8002300F8013DFAF731F96D
:108400009DF80700FF281DBF00F0020040F00100AA
:10841000C0B2012003B05DF804FB13B502A801242B
:1084200000F8014DFAF737F99DF80730022B88BFA5
:108430008DF807409DF8070002B010BD802813B5E5
:10844000044602D1FFF7E9FF21E0C82C02A84FF053
:10845000000394BF0024012400F8023D14B1FAF790
:1084600000F901E0FAF70AF99DF8060000F00300B0
:1084700044B1022808D102A8FF2300F8013DFAF711
:1084800017F903E0022801D0032800D1002002B030
:1084900010BDFFFF08B5074BAA28187002D1064B84
:1084A000F6221A7005480649F9F721FB054B01220F
:1084B0001A7008BD26C7FF1FE5ACFF1F8490FF1F81
:1084C000B8D5FF1FA1C7FF1F08B508480849F9F72D
:1084D000DDFA0748F9F76EFB064B1B78AA2B064B13
:1084E0001CBF00221A7000225A7008BD8490FF1F22
:1084F0002CC7FF1F26C7FF1FE5ACFF1FF8B5604B59
:108500001C6805460E46F4B9B44280F2AE80321BB8
:108510003F2A05EB040109DD5A4B01F1400251F8F5
:10852000040B43F8040B9142F9D102E0554817F0CF
:10853000B7FD05275348642122F0E4FC08B9013F48
:10854000F8D14034E0E7504B1B78022B05D0012CCA
:1085500003D1BDE8F84012F0DBBE032C40F085806B
:108560004A4C2B682360AB88A380AB79A371C023EE
:10857000E3712B46284653F8071FA1609988A18113
:108580009B79A373C123E3732B4653F80E1F21611C
:108590009988A1829B79A375C223E3752B4653F872
:1085A000151FA1619988A1839B79A377C323E377E2
:1085B0002B4653F81C1F21629988A1849B7984F86B
:1085C0002630C42384F827302B4653F8231FA1629A
:1085D0009988A1859B7984F82E30C52384F82F30A3
:1085E0002B4653F82A1F21639988A1869B7984F82A
:1085F0003630C62384F837302B4653F8311FA16339
:108600009988A1879B7984F83E30C72384F83F304E
:108610002B4653F8381F21649988A4F844109B799D
:1086200084F84630C82384F8473095F83F3084F802
:1086300048304021C92384F84F300DF05BFCC04323
:1086400087B200210922124823F066FB2846002148
:10865000402223F061FB84F849704B233F1284F8D9
:108660004A7084F84C30FFF72FFF0020FEF702FB22
:10867000284632460021BDE8F84023F04DBB00BF3C
:1086800028C7FF1FEAACFF1FB4D5FF1F35D6FF1F59
:10869000A3C7FF1F70B5524B1B78022B86B005464F
:1086A00001D100209AE068460021172223F034FB14
:1086B00019240DF102002146FFF7D5FC7C23012D82
:1086C0008DF800408DF801301DD10DF105000DF140
:1086D0000201102223F005FB52238DF800305323B2
:1086E0008DF8013041238DF8023004F118038DF824
:1086F000033020238DF80430684600238DF81530B0
:10870000FEF7C4FA17E0022D09D1002268461521B0
:108710001346FFF7F3FE142018F09CFC0BE0032D2A
:1087200009D10DF105002F49102223F0CBFA10B921
:10873000183CE0B252E00134E4B21D2CB9D1E6B2EB
:108740000DF102003146FFF78EFC7C23032D8DF8DE
:1087500000608DF8013009D10DF10200214910228D
:1087600023F0B0FAB0BB183EF0B237E0012D26D1AD
:108770000DF106000DF10201102223F0B2FA45239B
:108780008DF80030252C4FF043038DF801308DF823
:10879000023004DC30238DF80330143603E031233B
:1087A0008DF803300A3620238DF805306846002303
:1087B0008DF804608DF81630FEF768FA0AE0022D95
:1087C00008D10022684616211346FFF797FE1420B1
:1087D00018F040FC01342D2CB1D162E706B070BD19
:1087E000B4D5FF1F5EC7FF1F2DE9F04389B01B22E0
:1087F0000646002101A823F08FFA474B1B78002B77
:10880000464B1A7814BF4FF00C084FF00008092AA5
:10881000994614BF0C2718270124E5B205EB08017F
:108820000DF10600C9B2FFF71EFC092CC6BFAB1D37
:108830008DF804308DF804507C23012E8DF805301E
:1088400056D199F80030092B33D1012C03D134488B
:10885000FEF71CFA31E0072C03D13248FEF716FA76
:1088600013E00D2C03D13048FEF710FA15E0132C5D
:1088700003D12E48FEF70AFA19E0032C1DDD062C61
:10888000D8BF2D351EDD092C01DC2A3516E00C2C55
:10889000D8BF273516DD0F2C01DC24350EE0122C55
:1088A000D8BF21350EDD152CC8BF1B350ADC1E359F
:1088B00004E0062CC8BF2A3504DC30358DF804509E
:1088C000612302E08DF8045062230DF107000DF1E1
:1088D000060110228DF8053023F003FA20238DF8CD
:1088E000063001A800238DF81730FEF7CFF908E015
:1088F000002201A812211346FFF700FE142018F0F1
:10890000A9FB0134BC4288DD012E02D10848FEF7E4
:10891000BDF909B0BDE8F083B4D5FF1FB78CFF1FC8
:108920005ECF020064CF020069CF020070CF020068
:1089300077CF020010B50021044640220A4823F0F8
:10894000EBF90021635C43B1402906D0FF2B064AB6
:1089500008BF002353540131F4E7002202481346B4
:10896000BDE81040FFF7CABDEAACFF1F13B50DF11B
:108970000700F9F74FFEFEF7B1F99DF80730012B1C
:1089800002D8FEF7B6F911E0FEF7B3F9022420464B
:108990000021013422F070F8432CF8D10120014667
:1089A00022F06AF80020012122F066F8084B0948FD
:1089B00000221A70084B01221A70FFF7BBFF6420D7
:1089C00018F048FB054A064B1A6002B010BD00BF04
:1089D000A2C7FF1FC9CF0200FDC7FF1F0400FA0591
:1089E0000CED00E00148F9F7E5B800BF40ADFF1F0E
:1089F00001480249F9F74AB88490FF1F40ADFF1FB4
:108A0000C043C2B2542A07D8A2EB8200013802EB5D
:108A10004202C0B200210AE0A92A0AD8553AD2B2CD
:108A200002EB4201A2EB8202013A0020C9B2D2B2AB
:108A300009E05632D2B202EB4200A2EB8202511E92
:108A4000C0B2C9B200220BF0CFBD38B50A25002450
:108A5000242022F063F90444012018F0FBFA013DC0
:108A6000F6D10A2394FBF3F4A4F5724441F2863064
:108A7000313C84428CBF0020012038BD08B50C4831
:108A80000BF0EFFC0B4B1B78092B0B4B1B780CBF2F
:108A90000B2116211BB159430548C9B201E0044816
:108AA000C9000BF0A6FD0248BDE808400BF0E6BC8B
:108AB00044C8FF1FB78CFF1FA2D5FF1F10B5044687
:108AC00070B9014602460BF08FFD214602461D4853
:108AD0000BF06EFD2046214622460BF085FD11E08D
:108AE000552815D1184C20685530C0B2FFF788FFC3
:108AF0000021024613480BF05BFD20685530C0B2E0
:108B0000FFF77EFF024601210E480BF051FD10E0F9
:108B1000FFF776FF002102460A480BF049FD204688
:108B2000FFF76EFF0121024606480BF041FD074B9F
:108B30001C7004480BF0A2FC0120BDE8104018F0A6
:108B400089BA00BF44C8FF1F30C8FF1F26C7FF1FD8
:108B500038B505460024AC420EDA084B1878FFF70A
:108B6000ADFF642018F076FA0020FFF7A7FF64201D
:108B700018F070FA0134EEE738BD00BF26C7FF1FBA
:108B8000F7B58779467900214022054623F0C4F8DD
:108B90000A2F34460CD15EB9E81DFAF7ECFA05F15C
:108BA0001700FAF722FB05F11D00FAF729FB62E036
:108BB000731E172B5FD8324B1B781BB10C2ED8BFFE
:108BC00006F10C040735E6B231462846FFF756FA9F
:108BD0002C48FFF7AFFE224600212846FFF7B2F8E7
:108BE0002948FFF7A7FE21462846FAF723FE274823
:108BF000FFF7A0FE21462846FAF7A8FE2448FFF713
:108C000099FE224600212846FFF720FA2148FFF767
:108C100091FE21462846FAF725FF1F48FFF78AFEF6
:108C2000224600212846FAF74DFC1C48FFF782FE39
:108C300021462846FAF7BAFF1948FFF77BFE21467E
:108C40002846FBF76FF81748FFF774FE002122460D
:108C50002846FFF78DFB1448FFF76CFE002301A8A0
:108C600021468DF804308DF80530FBF75BF801A83C
:108C70003146FAF79BFA0120FFF76AFF03B0F0BD17
:108C8000B4D5FF1FEACF020003D002001AD00200C1
:108C900043D002005ED002007AD0020095D00200DC
:108CA000B1D00200CCD00200E8D0020010B50446DA
:108CB0000A48F8F77FFFFFF707FC64B9084809493D
:108CC000F8F7E4FE06480849F8F7E0FE5520BDE84D
:108CD0001040FFF7F3BE054B1C7010BD0CC8FF1F02
:108CE0008490FF1FB8D5FF1F14D6FF1F26C7FF1F94
:108CF00038B5574C574B22781D78083AD2B2012D1F
:108D0000227012D1002110460A460BF06DFC0021A2
:108D1000024651480BF04CFC00210A4620780BF02B
:108D200063FC294602464C4814E02B2D15D8500808
:108D3000014600220BF058FC0021024646480BF089
:108D400037FC20784008014600220BF04DFC02461B
:108D5000414801210BF02CFC49E0552D0DD8002095
:108D6000114602460BF040FC002102463A480BF047
:108D70001FFC002021780246E7E7802D0ED851081D
:108D80000A4600200BF030FC0021024632480BF06E
:108D90000FFC2178490800200A46D6E7AA2D0CD8F6
:108DA000002001460BF020FC002102462A480BF06F
:108DB000FFFB002001462278C7E7D52D17D85008C1
:108DC000002102460BF010FC0021024622480BF065
:108DD000EFFB20784008002102460BF005FC012142
:108DE00002461D480BF0E4FB1B480BF047FB2578BF
:108DF00065BB1A481A491B4CF8F748FE17481A4930
:108E0000F8F775FEE37903F15F02D2B20E2A1DD89E
:108E1000A12B19D10120FFF749FF50221348294601
:108E200022F07AFF124AE5711278A2710223114AE8
:108E30006370A3700323E3702371637113700E4B8F
:108E400025721D705D7038BD013BE37138BD00BFF8
:108E500058C8FF1F26C7FF1F44C8FF1F8490FF1F6D
:108E600014D6FF1FAE8CFF1FB8D5FF1F35D6FF1FCE
:108E7000AD8CFF1FAC8CFF1FE5ACFF1F10B5324B54
:108E80003248002421464FF400721C6022F044FF57
:108E9000214620222E4822F03FFF214641F6B912FA
:108EA0002C4822F039FF2C4B214618684FF45462AD
:108EB00022F032FF21465022284822F02DFF0522C1
:108EC0002748214622F028FF264B2748DA79C4712B
:108ED000BF2A12D902225A709A700322DA702349EB
:108EE0005A71234A0978127819719A712146092218
:108EF0001C70DC711C7222F00FFF1E4A1E4C0023F6
:108F000013601E4A237013601D4A13701D4A1370AC
:108F10001D4A13701D4A13701D4A13701D4A1370A9
:108F20001D4A13701D4A13701D4A1370FBF7C8F8D1
:108F30001C4B1B780BB9237823B10120BDE81040EE
:108F4000FFF7B4BE10BD00BF9CC7FF1FEC92FF1F10
:108F5000AC92FF1F6CADFF1FA88CFF1F35D6FF1F03
:108F6000E5ACFF1FAE8CFF1FA3C7FF1FAC8CFF1F1C
:108F7000AD8CFF1F04C8FF1F50C7FF1F68ADFF1F48
:108F8000AED5FF1F0CD6FF1F0DD6FF1F0ED6FF1F3D
:108F900000C8FF1FFCC7FF1F51C7FF1F60C8FF1F8E
:108FA00025C7FF1FA1C7FF1F10B5094A1378232B40
:108FB000144601D0F62B04D1FFF714FDF7232370DC
:108FC00004E0044B1B780BB9FFF758FF002010BDDD
:108FD00025C7FF1FAFD5FF1F2DE9F0470E46A4B0F0
:108FE00082463A493A483B4F91469846F8F74EFD3B
:108FF00037483949F8F74AFD384B87F800A0012572
:109000001D70374B7E7000241C70364B1C70364C24
:109010002570FFF7E7FC3046FFF710FA334B0228C4
:10902000187004D104232370314B1D7046E00128D1
:1090300001D1032341E008A8F8F736FC424608A80E
:109040004946F8F75BFC08A86946F8F778FC294B15
:10905000294E1B789DF80000284D9DF80F10284CD4
:109060009DF81F20092B16D10323B0FBF3F707EB64
:109070004707C01B31303070B1FBF3F0B2FBF3F3A4
:1090800000EB400003EB4303091AD21A31313132AD
:109090002970227012E00623B0FBF3F703FB1700E0
:1090A00031303070B1FBF3F003FB10113131297016
:1090B000B2FBF3F103FB1123313323706846002127
:1090C000202222F029FE24B0BDE8F0872CC7FF1F24
:1090D0008490FF1FE5ACFF1F0CC8FF1FA1C7FF1F37
:1090E00000C8FF1FFCC7FF1F50C7FF1F51C7FF1F4E
:1090F00060C8FF1FB78CFF1F0CD6FF1F0DD6FF1FC8
:109100000ED6FF1F262021F009BEFFFF2DE9F04FEC
:1091100085B0FFF7F7FF04A9022241F80C0D0123E7
:109120005448554C554E564F564D09F081FE564BFE
:10913000187821F0F3FD04A90222134641F8080D26
:109140004C4809F075FE514B187820F0C9FF504A81
:10915000504B12781860092A9A4605D1207820F0E1
:10916000BFFF3060387804E0387820F0B9FF306015
:10917000207820F0B5FF3268DAF800302860032448
:109180001344B3FBF4F202EB4202981A029B424FE3
:10919000DFF82CB1DFF82C81DFF82C91B3FBF4F26F
:1091A00002EB42029B1A184417F054FF3B6801334C
:1091B0003B603A4B187820F093FF394BCBF8000016
:1091C000187820F08DFF374BC8F80000187820F091
:1091D00087FF354BC9F80000187821F09FFD04A9DE
:1091E000022241F8040D1346224809F021FE039B98
:1091F000D9F80020DBF800002C491A442B681A44E7
:10920000D8F800301A44029B1344326803441344D4
:10921000DAF80020174813440B602246042309F0B3
:1092200007FE144809F0E2FD2A68D9F8003013441B
:10923000D8F800201344B3FBF4F202EB4202981A70
:10924000039BB3FBF4F404EB44041C1B204417F011
:1092500001FF174A1368013313603A689A4205D038
:10926000144B00221A70144B144A1A6005B0BDE862
:10927000F08F00BF88D6FF1FADD5FF1F30D6FF1F70
:109280002DD6FF1FB0C7FF1FA1D5FF1F2CD6FF1F74
:10929000B78CFF1FF4C7FF1F8890FF1FFEC7FF1F7B
:1092A00034D6FF1F85D6FF1FE4ACFF1F5CC8FF1F2D
:1092B0008C90FF1FFDC7FF1F0CED00E00400FA05B6
:1092C00034ADFF1FACC7FF1FB4C7FF1F2DE9F04F20
:1092D00085B00446FFF71AFF704B1B78092B25D089
:1092E0006F4B18686F4B1B6818446F4B1B68184412
:1092F00021F08AFF6D4B054618686D4B1B681844BA
:109300006C4B1B68184421F07FFF0146284622F071
:1093100087F86949054622F08BF908B90120B9E0C0
:109320002846664922F066F90028F7D0C72C40F29B
:10933000B080C82C5B4B624A15D1196811605C493A
:10934000086860490860594908685F4908605449DD
:1093500008685E490860544908685D4908605549D5
:1093600008685C4908601668D3F800A006EB56034D
:109370005345D3D353484E4B0568D3F8009005EBC3
:1093800055034B45CAD3494B4F491B6802930868A4
:10939000029A00EB50039342C0D34C4B1968404BE8
:1093A0001B680193019A01EB51039342B6D3484BDA
:1093B0001A683D4BD3F8008002EB52034345ADD30E
:1093C000444FDFF8F0C03B68DCF800C003EB530B00
:1093D000E345A3D3B2443A4E4FEA5A0AC6F800A076
:1093E0004D44384E6D083560029D374E2844400884
:1093F000306063440198354D354E5B08014442446A
:109400003B6040F22B13490852089C4229603260AD
:109410003FD1314B214C1B6803F00F03052B36D095
:10942000FFF713FBA8B9FFF710FB10B12B4B2C4A29
:109430001A60FFF70AFB10B1284B294A1A60FFF7A0
:1094400004FB10B1254B264A1A60FFF7FEFAF0B173
:109450001AE02378092B02D1204B214A1A60FFF72A
:10946000F4FA10B91D4B1E4A1A60FFF7EEFA10B954
:109470001A4B1B4A1A60FFF7E8FA10B9174B184A43
:109480001A60FFF7E2FA10B9144B154A1A60092363
:109490002370002005B0BDE8F08F00BFB78CFF1F20
:1094A000ACC7FF1FF4C7FF1FB0C7FF1F34ADFF1FBE
:1094B00030D6FF1FB4C7FF1F9A99193FCDCCCC3FC0
:1094C000A4D5FF1FF8C7FF1FE4C7FF1F08C8FF1F71
:1094D000E0C7FF1FA8D5FF1F248004400CED00E06B
:1094E0000400FA0538B50024E5B22846FFF788FAEB
:1094F000002102460C480BF05BF82846FFF780FA83
:109500000121024608480BF053F807480AF0B6FF5D
:109510002046FFF7DBFE002818BF14240134A4B254
:10952000B4F5967FE0D338BD44C8FF1F2DE9F04164
:10953000FFF7ECFD9B4803780BB90C2303709A4F9F
:109540009A4C39789A4D092962D09A4B1A689A4BED
:109550001E681423B2FBF3FC9444B44546D2DFF8F2
:1095600064C2DCF800C0BCFBF3F8C444DFF85882E6
:10957000D8F80080C44539D2DFF854C2DCF800C006
:10958000BCFBF3F8C444DFF84C82D8F80080C44533
:109590002CD2DFF84CC2DCF800C0BCFBF3F8C444AA
:1095A000DFF84082D8F80080C4451FD2DFF838C207
:1095B000DCF800C0BCFBF3F8C444DFF83082D8F814
:1095C0000080C44512D2DFF828C2DCF800C0BCFB22
:1095D000F3F39C44794B1B689C4507D20026266018
:1095E0002E60FFF77FFF3046BDE8F081322390F810
:1095F00000C0B2FBF3F30CFB0322964208D9704A79
:10960000002313602B60236801332360352262E05E
:109610006C4B027818683223B0FBF3F602FB0600AD
:10962000694E36688642664E22D900203060266830
:10963000286001362660654E0929336040F08D8030
:1096400063490968B1FBF3F302FB0312614B1B682A
:109650009342614B04D9614A11680131116005E000
:109660001A680132022A1A6077DD5C4B186074E0D8
:1096700057480068B0FBF3FC02FB0C00DFF854C154
:10968000DCF800C0844513D92268013222604F4AB9
:1096900000233120092933602B6010605DD14E49D1
:1096A0000A680132022A0A6057DD4C4A136054E00E
:1096B000092937D04A490968B1FBF3F002FB0011D0
:1096C00048480068884209D9002333602B6023682A
:1096D0000133236033223D4B1A603EE04249096862
:1096E000B1FBF3F002FB001140480068884207D943
:1096F000002333602B602368013323603422EAE7C0
:109700003B490968B1FBF3F302FB03122B4B1B68C7
:10971000934207D9002333602B6023680133236011
:109720003622D8E7D4F80080404621F071FD4FF092
:109730007C5121F07DFF08B1C5F80080336801330A
:1097400033602C4B187830B12B4B1B782BB92B4B3B
:109750001B6813B15520FFF7B1F9284B1B6833B9CB
:10976000174B1B68022B02DD5520FFF7A7F928686D
:10977000002814DD124B1B68022B10DD3B78174AC2
:10978000092B04D1136813B1104B33211960002346
:109790001360114A236013602B60BDE8F081002044
:1097A000BDE8F081FFC7FF1FB78CFF1F3CADFF1F57
:1097B00040C8FF1FA4D5FF1FF4C7FF1FB4C7FF1F7A
:1097C00064ADFF1FF8C7FF1F30D6FF1F30ADFF1F6E
:1097D000E4C7FF1F34ADFF1F38ADFF1FB0D5FF1F1B
:1097E00008C8FF1FACC7FF1FE0C7FF1FB0C7FF1FA0
:1097F000A8D5FF1FFDC7FF1FA1C7FF1F28D6FF1F4A
:1098000070B506460D46094C0948216809F062FA10
:1098100010B9FFF77BFCF6E7054831462A4609F008
:1098200089FA20232360012070BD00BFA08CFF1F98
:1098300088D6FF1F10B507210446FFF7E1FF00237C
:10984000E15C0622B1FBF2F002FB10123132E2546D
:109850000133072BF4D10023E37110BD10B51B2198
:109860000446FFF7CDFF0023E25C2421B2FBF1F0B8
:1098700001FB1022D2B202F16101C9B27A298ABF7A
:109880001632E154E25401331B2BEDD10023E37671
:1098900010BDFFFF30B5E7B004460AA8F8F704F89A
:1098A00002A8F8F7D4FF0AA802A92022F8F726F8A0
:1098B0000AA827491022F8F721F80AA821462022F1
:1098C000F8F71CF80AA823492022F8F717F80AA885
:1098D00026A9F8F734F820462021FEF747F818B9F2
:1098E0001D482021FFF78CFF1B4B224603F120016E
:1098F00053F8040B42F8040B8B42F9D1174B1B7839
:10990000022B07D0012300932046114926AA2023C9
:10991000FCF78EFE26A84FF46C31FE22FDF7F6F917
:10992000002526AB2B44625D83F880200135202D75
:10993000F7D126A84FF46C31FE22FDF7C4FF204674
:109940004FF46C312A46FDF7E1F967B030BD00BF36
:109950006090FF1F9090FF1F1091FF1FB4D5FF1F55
:1099600010B5402104460CF0C5FA94F84120C3B26A
:109970009A4207D194F84230C0F307201B1A58428C
:10998000584110BD002010BD30B5044D2D78022D7A
:1099900003D0BDE83040FCF74DBD30BDB4D5FF1F4E
:1099A0002DE9F041457990F806808EB004460346D3
:1099B0000026D9791A7A0A44597A0A44997ACA420D
:1099C00004D00136362E03F10103F2D12378A34FE0
:1099D000BA2B06D10C2D04DD0DF10F00F8F78FFE28
:1099E00002E03B788DF80F303B782BB10C2D03DC77
:1099F0002278BA2A18BF0C3508F1FF321E2A00F26D
:109A0000B683DFE812F01F009800AC00C700D40056
:109A1000F7001E014B016801FC01900298028F03C0
:109A2000A10325003B00550062007D00CB02E3024C
:109A3000F6024403510378032C03380363039101B6
:109A400007031603E01DE9B2FEF718FB844812E095
:109A50009DF80F30022B04F1070706D00096384618
:109A6000E9B20F227F4BFFF78FFF384631462A4677
:109A7000FEF768F97C48FEF75DFF72E3E3792F2B70
:109A800084BF303BE37129460DF10E00F9F78AFEE1
:109A9000E2799DF80E30204602F0030223F0030322
:109AA000134300F8073F2946F9F7C4FE6F48E2E781
:109AB000E379302B88BF303B04F1070088BFE371A6
:109AC0002946F9F743FF6A48D5E7E3792F2B84BF8E
:109AD000303BE37129460DF10E00F9F763FEE3799F
:109AE0009DF80E209B00204622F0040203F00403A0
:109AF000134300F8073F2946F9F79CFE5D48BAE793
:109B0000E3792F2B84BF303BE37129460DF10E0022
:109B1000F9F748FEE3799DF80E20DB00204622F09D
:109B2000080203F00803134300F8073F2946F9F73A
:109B300081FE51489FE79DF80F30022B04F1070783
:109B400006D000963846E9B20222464BFFF71CFFCA
:109B5000384631462A46FEF779FA48488BE7E379DA
:109B60002F2B84BF303BE37129460DF10E00F9F72E
:109B700019FEE3799DF80E201B01204622F03002E9
:109B800003F03003134300F8073F2946F9F752FE6C
:109B90003B4870E7E379302B88BF303B04F1070086
:109BA00088BFE3712946F9F75DFF364863E79DF802
:109BB0000F30022B17D0344B1F78012F0CD10DF131
:109BC0000E002946FAF74EF89DF80E3023B12F48C3
:109BD000FEF7B0FE3846C8E20096E01DE9B2052265
:109BE000204BFFF7D1FEE01D31462A46F9F76AFC0B
:109BF000274840E7E3792F2B84BF303BE3710DF119
:109C00000E002946F9F7CEFDE379022B01D140235E
:109C100006E0012B01D1802302E0032B01D1C023F8
:109C2000E371E2799DF80E30204622F03F0203F006
:109C30003F03134300F8073F2946F9F7FBFD15489A
:109C400019E7E379302B88BF303B04F1070088BF68
:109C5000E3712946F9F7AAFF0F480CE7B4D5FF1FB7
:109C600003D102001091FF1F1AD102002FD1020070
:109C700063D102007BD10200B1D10200E2D1020027
:109C8000FCD1020031D20200E8C7FF1F49D2020016
:109C900085D202009FD20200C4D20200AE4B1B78D4
:109CA000012B12D1AD4E29463068F9F7ADFA0021EB
:109CB0008DF80E004022306822F02EF89DF80E300C
:109CC0001BB1A748FEF736FE4EE2E01D2946FAF723
:109CD00029F8A448CFE6A04B1B78012B0FD19F4F4A
:109CE00029463868F9F790FA00218DF80E004022D5
:109CF000386822F011F89DF80E30002BE1D1E71DF5
:109D00003846E9B2984B00960922FFF73DFE3846E7
:109D100031462A46FEF72CFB0EA8672300F82A3DA1
:109D20002946F9F7FFFF68E08B4B1B78012B0FD119
:109D30008A4E29463068F9F767FA00218DF80E003F
:109D40004022306821F0E8FF9DF80E30002BB8D19A
:109D500029460DF10E00F9F785FFE61D1523009346
:109D60001D22814B3046E9B2FFF70EFE04AA3346AE
:109D700004F1170E174618685968164603C60833CB
:109D800073453246F7D1186830601B79337120462D
:109D90002946FEF777F93A4604F12B0308AF164639
:109DA00003CEBE4218605960324603F10803F6D173
:109DB0003068186032791A719DF80E30322B01D05C
:109DC000592B08D132230DF10E0029468DF80E30A3
:109DD000F9F7A8FF0CE048230DF10E0029468DF895
:109DE0000E30F9F79FFF204600212B2221F094FF2F
:109DF000204600212A46FEF7BBFA5C483BE69DF868
:109E00000F30022B00F0AD81A5B9E61D1C232946B9
:109E10000A2200933046544BFFF7B6FD3046F9F75F
:109E2000EFF904F10D00F9F7E0F904F11300F9F787
:109E3000A2F96FE06B1E172B6CD8474B1E78012ED2
:109E400013D1464F29463868F9F7DEF900218DF81D
:109E50000E004022386821F05FFF9DF80E3023B1DC
:109E60003F48FEF767FD30467FE129460DF10E00C1
:109E7000F9F7F8FEE61D262300930A223A4B3046F6
:109E8000E9B2FFF781FD04AA334604F1270E174615
:109E900018685968164603C6083373453246F7D129
:109EA000186830609B88B38020462946FEF7EAF8A0
:109EB0003A4623460CAF164603CEBE4218605960A0
:109EC000324603F10803F6D130681860B2889A80F0
:109ED0009DF80E30322B01D0482B08D132230DF1E2
:109EE0000E0029468DF80E30F9F71CFF0DE05923BE
:109EF0000DF10E0029468DF80E30F9F713FF04F12D
:109F00002B000021152221F007FF204600212A46C0
:109F1000FEF72EFA0EA8002320F8283DE9B2F9F743
:109F200045F91348A7E5E01DF8F76FFB114BE279FF
:109F30001A7011489FE5E279022A25D10F4A12785A
:109F400022B90F4A12680AB1022B1DD1E01DF8F7A1
:109F500069FB0C488FE500BFE8C7FF1FB88CFF1FE7
:109F6000DCD202001DD302001091FF1F37D3020084
:109F700050D30200BC8CFF1F84D30200AFD5FF1F5B
:109F800028D6FF1FA2D302007A4B1B6823B9E01D1D
:109F9000F8F748FB78486EE578486CE5E379012BE3
:109FA0000AD1774B1B7813B9724B1B6823B9E01D9C
:109FB000F8F752FB73485EE56E4B1B6823B9E01D52
:109FC000F8F74AFB704856E5704854E56C4B1B782F
:109FD00013B9684B1B6893B9E379022B01D96C481C
:109FE00049E501D16B4846E5E01DF8F742FB6A48B8
:109FF00041E5634B1B7823B95E4B1B680BB1674887
:10A0000039E5E379022BEAD8ECD0E01DF8F73EFB06
:10A01000634830E55A4B1B781BB9564B1B68002B25
:10A02000EDD1E379022BDAD8E01DF8F73CFB5D486F
:10A0300021E5534B1B781BB94E4B1B68002BDED11F
:10A04000E37913F0FC0F01D0574814E50EA863F034
:10A050007F0300F8283DF8F733FB54480BE5484BE5
:10A060001B781BB9434B1B68002BC8D1E01DF8F7C8
:10A0700034FB4F48FFE4424B1B781BB93D4B1B6838
:10A08000002BBCD1E01DF8F735FB4A48F3E49DF8FE
:10A090000F30022B6BD0374B1B681BB9E01DF8F754
:10A0A00036FB5EE04448E6E4E01DF8F797FBE37911
:10A0B000424A4348137003EB830103EB4103590009
:10A0C00001F0FE010AF095FA3E48D4E42C4B1B78CF
:10A0D0001BB9284B1B68002B91D1E379023B622B03
:10A0E00007D8E01DF8F787FB374BE2791A7037483D
:10A0F000C1E43748BFE404A8F8F782FB3978E37974
:10A100009DF8102021B102F00F0202EB031302E0D0
:10A1100022F00F02134404A88DF81030F8F778FBF2
:10A120002C48A8E4E3790A2B0CD82046C3F10B0392
:10A1300000F8073F2946F8F712FB237A13B9264B9C
:10A14000E2791A70254896E42046254B10F8072F2F
:10A150001A70F8F736FB16F0E1FF2248FEF7EAFB2B
:10A1600005E02378BA2B02D00120FEF7F1FC0EB0F7
:10A17000BDE8F08128D6FF1FCAD30200F8D3020041
:10A18000AFD5FF1F1BD4020046D4020080D40200CA
:10A19000A9D40200C7D40200E9D4020015D50200F8
:10A1A0002ED5020059D5020089D50200A7D502009C
:10A1B000C8D50200EDD502000CD60200A2D5FF1FC3
:10A1C00044C8FF1F41D60200FFC7FF1F61D602002F
:10A1D00084D60200A8D60200A48CFF1FC5D60200B8
:10A1E000DAFFFF1FE0D602002DE9F041404B1B785B
:10A1F000022BADF6080D04460E46174674D0417981
:10A20000A1F165021F2A09D801F0FB02802A07D1BB
:10A21000384A127822B9384A12680AB137484DE0F4
:10A22000A01DF9F757FE237AE5791D44637A1D4492
:10A23000A37A1D44E37A1D44237B1D44637B1D44A4
:10A24000A37B1D44B5F5FF6F13D020236179A2795C
:10A250000093E01D2A4BFFF797FB02A84FF47831DB
:10A260004FF40062FCF752FD60796538400100232D
:10A270000CE094F8068008F00F082046A8F10508C5
:10A28000FAF730FDB8F1010FDFD82DE0E218D179EF
:10A2900002AA0244D1540133202BF7D100214FF4FC
:10A2A000783007F02DF802A84FF478314FF40062AF
:10A2B000FCF740FD6379832B03D11248FEF73AFB8C
:10A2C00012E055B10C4B1B683BB137B90E48FEF795
:10A2D00031FB2378BA2B04D106E02EB10B48FEF7F0
:10A2E00029FB0220FEF734FC0DF6080DBDE8F081D5
:10A2F000B4D5FF1FAFD5FF1F28D6FF1F01D702001F
:10A300001091FF1F18D702003BD7020054D702005C
:10A31000F0B57E4B1B78022BADF60C0D044600F019
:10A32000F280D1B102A84FF47A314FF40062FCF709
:10A33000EDFC01236079009302A922464FF40073DB
:10A34000FEF72BF802A84FF47A314FF40062FCF7C5
:10A35000F1FC6F48FEF7EEFAD2E04379013B032BA4
:10A3600001D96C4874E0837903F00F03012B13D1FA
:10A370000378BA2B6FD0684E3568722D6BDC674856
:10A38000C5F180022844E11D392AA8BF3922393598
:10A3900015F086FE35605EE0022B13D10378BA2BF0
:10A3A0005BD05D4E3568E42D57DC5C48C5F58072A6
:10A3B0002844E11D392AA8BF3922393515F070FE2D
:10A3C00035604AE0032B14D10378BA2B48D0524EA3
:10A3D0003568B5F5AB7F43DC5048C5F5C0722844FD
:10A3E000E11D392AA8BF3922393515F059FE3560EB
:10A3F00036E0042B14D10378BA2B34D0464E35689E
:10A40000B5F5E47F2FDC4548C5F500722844E11D11
:10A41000392AA8BF3922393515F042FE356022E0CD
:10A42000072B14D10378BA2B20D03B4B1D689F2DEE
:10A430001E461BDC3948C5F1A0022844E11D392A1B
:10A44000A8BF3922393515F02BFE35600EE03448AF
:10A45000FEF770FA57E0802509E04FF4807506E0BA
:10A460004FF4C07503E04FF4007500E0A0252A4AC0
:10A470001368AB421746237802DABA2B43D101E0C6
:10A48000BA2B04D12548E11D2A4615F009FE234EBA
:10A490006179A01DF9F7B0FD0021C5F500727019B2
:10A4A00021F03AFC1F4B6179A27900953046FFF705
:10A4B0006BFA02A84FF47A314FF40062FCF726FCE5
:10A4C000607901384002002302AA0244F15CD154B1
:10A4D0000133B3F5007FF7D100214FF47A3006F055
:10A4E0000FFF02A84FF47A314FF40062FCF722FC10
:10A4F00000230D483B60FEF71DFA2378BA2B02D0EB
:10A500000220FEF725FB0DF60C0DF0BDB4D5FF1FA4
:10A510006FD7020092D702009CC7FF1FEC92FF1F6B
:10A52000A9D702001091FF1FC0D7020073B5264EB5
:10A53000264D044602A800238DF8063000F8013DA0
:10A54000336801333360F8F74BF82B680DF10600E0
:10A5500001332B60F8F778F833689DF80620013353
:10A560003360A379802B01D932B90FE072B19DF825
:10A5700007106279914209D1154A126832B1154823
:10A58000FEF7D8F92B6801332B601AE02A680132F4
:10A590002A60114A1278022A13D0802B04D9803BFA
:10A5A000A371601DF8F724F86379013B032B204663
:10A5B0004FF0000102D8FFF7ABFE02E00A46FFF7BA
:10A5C00013FE02B070BD00BF8C90FF1F8890FF1F6C
:10A5D00028D6FF1FD9D70200B4D5FF1FF0B50378E6
:10A5E00023F007030370C37F03F03F03044643F0E7
:10A5F0004003CBB00022C37721462D4807F0D6FB9D
:10A600000DF10700F8F77BF89DF80730012B214684
:10A610000CBF284A264A02A807F0C8FB02A8FFF789
:10A6200039F9234B224603F1200153F8040B42F879
:10A63000040B8B42F9D10AA84FF46C31FE22FCF7CF
:10A6400065FB00260AAB3344A25D83F82020013667
:10A65000202EF7D10AA84FF46C31FE22FDF733F912
:10A66000154B1F68DFB9154DEF232B71842331463D
:10A670006B71E81D6123AB71FFF7C2F82846FFF745
:10A6800055FF80233146E81D6B71FFF7B9F8284666
:10A69000FFF74CFF28463946402221F03DFB20467B
:10A6A0004FF46C312022FCF731FB4BB0F0BD00BF02
:10A6B000B090FF1FD090FF1F28D6FF1F58C7FF1F65
:10A6C000F0B5037823F007030370C37F03F03F0363
:10A6D00043F040030446CBB0C377214600223548FF
:10A6E00007F064FB0DF10700F8F709F89DF8073053
:10A6F000022B15D0304B1B6833B901230DF1070035
:10A700008DF80730F8F703F820212C48FDF72EF9D3
:10A7100002A82146294A07F049FB02A8FFF7BAF828
:10A72000244B224603F1200153F8040B42F8040B9A
:10A730008B42F9D10AA84FF46C31FE22FCF7E6FAFD
:10A7400000260AAB3344A25D83F860200136202E38
:10A75000F7D10AA84FF46C31FE22FDF7B4F89DF84A
:10A760000730022B1ED0144B1F68DFB9144DEF23A6
:10A770002B71842331466B71E81D6123AB71FFF7A8
:10A780003FF82846FFF7D2FE80233146E81D6B7163
:10A79000FFF736F82846FFF7C9FE2846394640221B
:10A7A00021F0BAFA20464FF46C312022FCF7AEFAC1
:10A7B0004BB0F0BDD090FF1F28D6FF1FB090FF1FF9
:10A7C00058C7FF1F30B5ADB004460021684640228F
:10A7D00021F0A2FA874B00251D7016F09FFC54BB98
:10A7E0008548FCF753FA8548FCF750FA8448FCF793
:10A7F0004DFA8448FCF74AFA834820F005FC834B65
:10A800001B78092B0BD08248FCF740FA8148FCF7F3
:10A810003DFA8148FCF73AFA8048FCF737FA80485D
:10A82000FCF734FA7F48FCF731FA7F4B0A221A60B2
:10A83000FEF7D8F8DCE0012C0CD17B4B7B481D6087
:10A84000FCF724FA7A48FCF721FA2846214600F062
:10A8500003FBCDE0022C38D17648734DFCF716FA95
:10A86000032368462B60FEF7E5FF2146684600F0AB
:10A87000F3FA654820F0C8FB6F48FCF707FA684612
:10A88000FCF704FA614B1B78092B0ED009236846AC
:10A890002B60FEF7CFFF6846214600F0D9F96748E4
:10A8A000FCF7F4F96846FCF7F1F9062368462B60DB
:10A8B000FEF7C0FF6846022100F0DAF86048FCF7B6
:10A8C000E5F96846FCF7E2F94FE0052C0FD15D4849
:10A8D000FCF7DCF94948FCF7D9F95B48FCF7D6F9F5
:10A8E0004848FCF7D3F9484820F08EFB3DE0062CA1
:10A8F00002D100F0C1FB38E0032C36D12846FCF72A
:10A90000B9F9524B6C4603F1400518685968224664
:10A9100003C20833AB421446F7D19DF806302F2B03
:10A9200006D9414B03210DF10600196000F094FA9D
:10A93000364B1B78092B0BD09DF816302F2B07D9DF
:10A94000394B09220DF1160003211A6000F080F93D
:10A950009DF826302F2B4BD9334B06220DF12600C4
:10A9600003211A6000F084F842E083238DF805305B
:10A9700010A8A1238DF80630F6F796FF062C2ED0EE
:10A980003348FCF783F90DF10700FEF767FF0DF17F
:10A990000700FCF77BF91C4820F036FB1B2210A8AF
:10A9A0000DF10701F6F7AAFF10A80DF10701F6F760
:10A9B000C6FF6846FFF7BAFD144B1B78092B02D07F
:10A9C0002448FCF763F92448FCF760F92348FCF7B6
:10A9D0005DF92348FCF75AF92248FCF757F9053C82
:10A9E000012C02D80120F7F737FE1F4B1F4A1A60CF
:10A9F0002DB030BDDAFFFF1FFDD7020024D80200C2
:10AA000064D80200A3D80200ACFFFF1FB78CFF1F61
:10AA1000C2D80200FBD802003ED9020080D9020051
:10AA2000D0D9020018DA0200B8C7FF1F3CDA0200D2
:10AA300074DA020092DA0200E0DA0200F5DA0200CB
:10AA400019DB02003CDB020067DB020058C7FF1F76
:10AA5000A9DB0200CCDB020026DC020078DC02006D
:10AA6000CCDC0200E4DC02000CED00E00400FA059E
:10AA700070B56B4D2B68043B022B84BF00232B6009
:10AA80002B68A4B006460C46062B00F2C780DFE810
:10AA900003F004C5C5C50F4654006248F7F7D2F865
:10AAA0000423012C2B6001D15F483DE05F4841E069
:10AAB00005235C482B6021F09EFB073803281AD839
:10AAC0005B4814B9FDF736FF01E0FCF7DFF800251D
:10AAD000544E304621F08FFB854204D8554BAA5D79
:10AAE000EA540135F4E730465249F7F79CF830460E
:10AAF000F7F7A8F80BE0504814B9FDF71BFF01E089
:10AB0000FCF7C4F84748F7F79DF800232B60012CA9
:10AB100040F0848000202146FFF7AAFF7EE0062354
:10AB200001292B6005D14548FCF7B0F8FDF75AFF25
:10AB300074E04348FDF7FEFE70E0002339482B60C7
:10AB400021F059FB0738032802D9A31E012B51D845
:10AB50003448F7F77BF820B9022C04D0032C44D1F9
:10AB60000CE0022C08D12F4B30681860B188B27904
:10AB70009A71998000250DE0032CFBD1294D3346B5
:10AB80001036186859682A4603C20833B34215467E
:10AB9000F7D1EFE7234E304621F02DFB854204D854
:10ABA000AB5D0DF805300135F4E708A8F6F77CFE3B
:10ABB000304621F020FB6946024608A8F6F79EFEC3
:10ABC000202208A81F49F6F799FE08A86946F6F75B
:10ABD000B6FE6846FCF7F6FE012C1B4807D1FCF7D1
:10ABE00055F80720FFF7EEFD0FE0ACB91748FDF769
:10ABF000A1FE0AE01048002CF9D0FCF747F8012C20
:10AC000003D100200121FFF733FF0648F7F71AF8B8
:10AC10000320FDF79DFF01E00C48EEE724B070BD76
:10AC2000B8C7FF1FBCC7FF1F0DDD02004ADD0200D1
:10AC300079DD0200EAC7FF1F8EDD0200B5DD0200EC
:10AC4000E7DD02009090FF1F16DE02002BDE0200FF
:10AC500070B5754D2B68062BDCBF00232B602B686D
:10AC6000AEB006460C46092B00F2DB80DFE813F09D
:10AC70000A00D900D900D900D900D900D90015009F
:10AC80004C005A006948F6F7DDFF0723012C2B60C2
:10AC900001D167483DE0674841E0082363482B60E5
:10ACA00021F0A9FA073803281AD8634814B9FDF728
:10ACB00041FE01E0FBF7EAFF00255C4E304621F043
:10ACC0009AFA854204D85D4BAA5DEA540135F4E74F
:10ACD00030465A49F6F7A7FF3046F6F7B3FF0BE0C8
:10ACE000574814B9FDF726FE01E0FBF7CFFF4F48A8
:10ACF000F6F7A8FF00232B60012C40F09280002083
:10AD00002146FFF7A5FF8CE0092301292B6005D11F
:10AD10004C48FBF7BBFFFDF765FE82E04A48FDF7B4
:10AD200009FE7EE0002341482B6021F064FA0738D9
:10AD3000032802D9A31E012B07D83C48F6F786FF4B
:10AD400090B9A31E012B68D80EE03D481CB9FDF751
:10AD5000F1FD4DE03D48FBF799FF012C48D1002063
:10AD60000121FFF775FF43E00DF10700F7F7C7FC7E
:10AD70009DF80730022B06D00AA82021FEF740FDDF
:10AD80000AA8F7F76CFD12A8F6F78EFD022C36D153
:10AD9000264B30681860B188B2799A71998023483F
:10ADA00021F029FA2149024612A8F6F7A7FD284802
:10ADB0002021FCF797FD30B925482021FEF720FD22
:10ADC0002348FCF7A3FD202212A82149F6F796FD9F
:10ADD00012A802A9F6F7B3FD02A8FFF771FC012C37
:10ADE0001C48B4D1FBF752FF00202146FFF740FE7C
:10ADF0000E48F6F727FF0320FDF7AAFE11E0032C0B
:10AE0000CDD10A4D33461036186859682A4603C218
:10AE10000833B3421546F7D1C1E7002C9AD10B484D
:10AE200095E72EB070BD00BFB8C7FF1FBCC7FF1F9E
:10AE300042DE020080DE020079DD0200D4C7FF1F7F
:10AE40008EDD0200B5DD0200E7DD02002BDE020030
:10AE50009090FF1F16DE020070B5784D2B68032B13
:10AE6000C4BF00232B602B68ACB006460C46032BF6
:10AE700000F2E280DFE803F0020D44527048F6F77A
:10AE8000E1FE01239C422B6001D16E483DE06E48FB
:10AE900041E002236A482B6021F0ADF9073803280E
:10AEA0001AD86A4814B9FDF745FD01E0FBF7EEFE3C
:10AEB0000025634E304621F09EF9854204D8644B4C
:10AEC000AA5DEA540135F4E730466149F6F7ABFE76
:10AED0003046F6F7B7FE0BE05E4814B9FDF72AFDE1
:10AEE00001E0FBF7D3FE5648F6F7ACFE00232B60DB
:10AEF000012C40F0A18000202146FFF7ADFF9BE030
:10AF0000032301292B6005D15348FBF7BFFEFDF752
:10AF100069FD91E05148FDF70DFD8DE000234848A3
:10AF20002B6021F068F90738032802D9A31E012BF2
:10AF300007D84348F6F78AFE90B9A31E012B77D8AD
:10AF40000EE044481CB9FDF7F5FC52E04448FBF71D
:10AF50009DFE012C4DD100200121FFF77DFF48E02F
:10AF6000202108A8FEF74CFC08A8F7F778FC10A8E9
:10AF7000F6F79AFC022C4AD13A4B314A1B78092B3E
:10AF80003ED1394B154603F11006186859682A4618
:10AF900003C20833B3421546F7D1294821F02BF9F3
:10AFA0002749024610A8F6F7A9FC304B1B6833B9B5
:10AFB0002F482021FEF724FC2D48FCF7A7FC202277
:10AFC00010A82B49F6F79AFC10A86946F6F7B7FCCB
:10AFD0006846FFF703FB012C2648B4D1FBF756FE69
:10AFE000204B1B78092B4FF0000021461DD0FFF7A6
:10AFF0002FFE1348F6F726FE0320FDF7A9FD1BE000
:10B0000030681060B188B37993719180C5E7032CE3
:10B01000C3D10B4D33461036186859682A4603C20F
:10B020000833B3421546F7D1B7E7FFF721FDE0E754
:10B03000002C8BD10A4886E72CB070BDB8C7FF1F23
:10B04000BCC7FF1FA1DE020080DE020079DD020026
:10B0500034C8FF1F8EDD0200B5DD0200E7DD02000F
:10B060002BDE0200B78CFF1F7290FF1F28D6FF1F38
:10B070009090FF1F16DE020013B5124B12480322F8
:10B0800002211A60FFF7E8FE02A8002300F8013D44
:10B09000F7F7BBFA20210D48FCF724FC0C4B2021CC
:10B0A00018600C48FCF762FC0B4B0C4801241C7028
:10B0B000F6F7E2FD18B10A4B1C7010F0C5F902B0AA
:10B0C00010BD00BFB8C7FF1F58C7FF1F9090FF1FDC
:10B0D00028D6FF1FB090FF1FA2C7FF1FBCC7FF1FCE
:10B0E000FDC7FF1F08B51A4B1A781A4B2AB91A4A1E
:10B0F000127812B91A78F72A0AD11B780833DBB212
:10B10000012B02D81548FDF715FC0120FDF7CEFDF7
:10B11000134B1868D0B9134B1B68032B03DC0121B8
:10B12000FFF79AFE12E0062B03DC0121FFF7A0FCDB
:10B130000CE0092B07DC0C4B1B78092B06D00121F6
:10B14000FFF786FD02E00220FFF73CFB002008BD70
:10B15000A1C7FF1F25C7FF1F50C7FF1FE0DE02006A
:10B1600028D6FF1FB8C7FF1FB78CFF1F30B50D4B88
:10B170001B78022B04460D4613D04379013B032B69
:10B180000BD906230022E2540133272BFAD12046A3
:10B190002946BDE83040FFF727B8BDE83040FFF74B
:10B1A000B7B830BDB4D5FF1F73B5144D144C154E50
:10B1B0002878697823683246FDF70EFF23682978DE
:10B1C0006A7800933046104BFEF7DEFB0F4B226887
:10B1D00000251D600E4B1D600E4B1D700E4B1A603E
:10B1E0000E4B3146186820F07CFD0D4B2560187819
:10B1F00002B0BDE87040FDF74DB900BFE5ACFF1FE0
:10B200009CC7FF1F4EA8FF1F1091FF1F04C8FF1F00
:10B2100068ADFF1FAED5FF1F98C7FF1FB88CFF1F7B
:10B2200026C7FF1F70B50446FDF74EF9254B21795F
:10B230002A221A70244B1A78184642B95D7835B91B
:10B2400062795A70214A197012689A7005E0914229
:10B2500037D1427863799A4233D1A2791C4DFF2AC3
:10B2600012D12A68B2F5856F13DA1A49E31D114429
:10B270003F3453F8040B41F8040BA342F9D11B7877
:10B280000B7039322A6070BD2E68B318B3F58C6F1D
:10B2900004DD1148BDE87040FDF74CBB531E382B50
:10B2A000F7D80C48E11D304414F0FAFEA3790B489E
:10B2B0001E4402212E60FEF7A3FABDE87040FFF79E
:10B2C00073BF70BD25C7FF1FE5ACFF1F28C7FF1F59
:10B2D0009CC7FF1F4EA8FF1F1ADF0200E8ACFF1F2C
:10B2E00030B5044D2D78022D03D0BDE83040FBF77A
:10B2F0001FB930BDB4D5FF1FF0B51B4B1B78022B17
:10B3000093B007460D4601D100202BE0174C204694
:10B31000F8F7A8FC2278482A264601D0322AF3D131
:10B32000294602A8FCF7AEFE152300932946104BD0
:10B330000DF133001D22FFF7D3FF0DAC3B4611ADDD
:10B34000224603CAAA4218605960144603F1080352
:10B35000F6D1106818609DF8330009233370431E3E
:10B360005842584113B0F0BDB4D5FF1FFC91FF1FE8
:10B370001091FF1FF7B5214B1B78022B054607D014
:10B38000A0F16507FBB21F2B04D91D48FDF7D2FAC7
:10B39000002031E01B4E29463046F8F71FFD347877
:10B3A000ACB91948FDF7C6FA184B1D681DB101204C
:10B3B000FDF77CFCECE7164B1A782D2AE8D02B2AF7
:10B3C000E6D0012202201A70FDF7C2FBE0E7790106
:10B3D00004F00F030F48337001F578312022FBF79A
:10B3E00095FC20230B480093294622460A4BFFF781
:10B3F00077FFF9F7FFFD204603B0F0BDB4D5FF1F7E
:10B4000001D70200FC91FF1F45DF020028C7FF1F84
:10B4100026C7FF1FAC92FF1F1091FF1FF7B5294BE6
:10B420001B78022B06464AD0471EFBB2032B03D9DA
:10B430002548FDF77FFA42E0244D31462846F8F7CB
:10B44000C1FD2C789CB92248FDF774FA214B1D6888
:10B450001DB10120FDF72AFC2DE01F4B1A782D2A83
:10B460002BD0012202201A70FDF772FB25E004F0B8
:10B470000F027902072A2A70184801F57A310BD198
:10B48000A022FBF743FCA02300931448144B314641
:10B490002246FFF725FF0EE0D201FBF737FC2B78A1
:10B4A0000E48DB010093314622460D4BFFF718FF93
:10B4B0002878F9F76FF9204602E0284600E00020DE
:10B4C00003B0F0BDB4D5FF1F92D70200FC91FF1F5F
:10B4D0006FDF020028C7FF1F26C7FF1FEC92FF1F68
:10B4E0001091FF1F2DE9F04F052BADF60C0D0D4609
:10B4F00016469A4618D100214FF4763005F000FF29
:10B500000A2015F0A7FD00214FF47C3005F0F8FE6D
:10B510000A2015F09FFD00214FF47E3005F0F0FE6B
:10B520000A2015F097FD8CE0032B16D10846F7F79B
:10B530007EF82B7843B96B7833B9EB7823B92B7944
:10B5400013B96B79002B7CD0284600960021FF228E
:10B55000514BFFF7C5FE012099E0042B0AD1009260
:10B560000846FF2200214C4BFFF7BAFE2846F7F7AA
:10B5700066F866E00B2864D8B2F5007F61DC00F164
:10B580000109B9F1040F0BDDB9F1080FD9BFA0F122
:10B59000030B4FF47C38A0F1070B4FF47E3802E028
:10B5A000CB464FF476383D4C02A841464FF400623A
:10B5B0004FF40077FBF7AAFB00213A46204620F023
:10B5C000ABFB20462946324614F06AFDBAF1010F62
:10B5D00039D102AB0BF1FF3B03EB4B2B59463A46FB
:10B5E000204614F05DFD28465946324614F058FDB9
:10B5F0002378FF2B09D16378FF2B0DD1E378FF2B44
:10B600000AD12379FF2B07D11BE02BB963781BB933
:10B61000E3780BB92379A3B14FF400746FEA090200
:10B620001E481D4B00940021D2B2FFF759FE1B4962
:10B630003246284614F034FD18480021224620F0F6
:10B640006BFB002023E0BAF1020FFAD16FEA090286
:10B65000002520460021D2B20F4B0097FEF794F947
:10B660003B46584602A922460095FCF796FE3A460C
:10B670002946204620F050FB2946404605F040FE72
:10B6800002A841464FF40062FBF754FB28460DF632
:10B690000C0DBDE8F08F00BF1091FF1FEC92FF1F53
:10B6A0002DE9F041AE4F3B78022BADF5856D80461C
:10B6B00000F06C82AB4D2C6854B944F2506020F01D
:10B6C000F1FAA94B214644F25062186020F024FBA5
:10B6D00098F80520FF2A44F217631CD19C420DD82C
:10B6E000A14B1868002308EB030291790219D15489
:10B6F0000133392BF7D139342C6047E29B48FDF7F1
:10B7000019F99B4B012206201A70FDF721FA994B7B
:10B71000994A1A603AE29C42934E0CD8392A0AD8C8
:10B72000306808F10601204414F0BAFC98F805309E
:10B730001C442C600BE08D48FDF7FCF88C4B01227B
:10B7400006201A70FDF704FA8A4B8B4A1A602B68A0
:10B7500013B9884B884A1A600DF10F00F6F740FFC5
:10B760002B689DF80F007F4C013B2B6008B9834884
:10B7700048E0642836D9FFF7FDFD814B3168226827
:10B7800018788B5C643B98423BD10C3A22600A44A7
:10B7900005AB1068516803C39068186088A97948A0
:10B7A000F8F7B6FC08A8F6F77FF808A888A92022C1
:10B7B000F6F7A4F808A873492022F6F79FF808A81E
:10B7C00005A90C22F6F79AF808A888A9F6F7B7F8A1
:10B7D0003B78022B42D000230093634B05A91868E5
:10B7E00088AA38E0042839D84FF00008CDF8108036
:10B7F000FFF714FE624B316818782368CA5C8242F6
:10B800000CD06148FDF796F8594B012206201A70BA
:10B81000FDF79EF9574B584A1A601FE0A3EBC2137D
:10B820001944D20188A8236014F03AFC88A908AA18
:10B8300004A8F8F76DFE554A1068516805AB03C3BC
:10B84000906818603B78022B08D0474BCDF80080F9
:10B85000186805A908AA2368FAF728FF34682B6836
:10B860002344FC225A702378934208D84848FDF7B5
:10B8700061F80620FDF76CF93E4B3F4A1A602D2017
:10B88000FDF71CF92778002F00F06881FF2F40F0AA
:10B890009F8088AE3046002140F2072220F03CFA1B
:10B8A000BA233370E6237770B770F770337194F86A
:10B8B000018086F80580A378B3710A2B37D1E71C85
:10B8C0000DF22723B8F1000F0BD11F3457F8042BCA
:10B8D00043F8042BA742F9D13046FEF761F83C4605
:10B8E0000DE004F1270257F8041B43F8041B9742AC
:10B8F000F9D13A881A803046FEF752F82934227876
:10B90000637843EA022303F596739BB21A0A08A8E8
:10B9100041468DF820208DF82130F7F747FC30465E
:10B92000002140F20722023420F0F6F9AAE7092BA1
:10B9300004F10407E47801D01D2B2BD122463946AF
:10B940000DF2272014F0ACFB3046FEF729F8304604
:10B95000002140F2072220F0DFF93C4492E700BFCB
:10B96000B4D5FF1F2CADFF1FE0ACFF1F99DF020015
:10B9700026C7FF1F0CED00E00400FA05B5DF02004A
:10B98000FC91FF1F4C96FF1FCDDF02009AE00200E2
:10B99000FBDF02000B2BF4710AD13046FEF700F8F2
:10B9A0003046002140F2072220F0B6F93C4669E714
:10B9B00008233A78111DC9B203293C4607F1010753
:10B9C00002D9F2540133F4E73046FDF7E9FF59E7B5
:10B9D000FE2F40F0BC80607840B9A11C0423D02227
:10B9E000FFF780FD2B68D234D23BA0E0C7282AD9CC
:10B9F00094F88A31FE2B04F1010703D194F88B21CE
:10BA000082420ED894F8BB21FE2A03D194F8BC21BF
:10BA1000824209D8002B40F2B91608BF4FF4C47611
:10BA200004E04FF4C47601E040F2B916A11C32469E
:10BA30000223C838FFF756FD2B680233741C9E1B87
:10BA40003C442E601EE740F2072288A8002120F027
:10BA500063F9BA238DF82032FF238DF821328DF857
:10BA600022328DF82332EF238DF8243262788DF85C
:10BA70002522A3788DF82632642A10D9E61C0DF20F
:10BA80002723233456F8042B43F8042BA642F9D17C
:10BA900088A8FEF74BFD2B683446233B47E003F0B4
:10BAA0000F03012B0CD1E11C80220DF2272014F092
:10BAB000F7FA88A8FEF73AFD2B688334833B36E01B
:10BAC000022B10D1E11C4FF480720DF2272014F0EC
:10BAD000E7FA88A8FEF72AFD2B686FF4817104F25B
:10BAE00003140B4423E0032B10D1E11C4FF4C0726C
:10BAF0000DF2272014F0D4FA88A8FEF717FD2B6862
:10BB00006FF4C17204F28314134410E0042B10D1BB
:10BB1000E11C4FF400720DF2272014F0C1FA88A83E
:10BB2000FEF704FD2B6804F20324A3F203232B6029
:10BB3000A8E61848FCF7FEFE174B012206201A70F3
:10BB4000FDF706F8154B164A1A6002349AE6FD2FE7
:10BB500004D12B68253B2B60253493E61148FCF774
:10BB6000E9FE4FF47A7015F075FA0F48FCF7E2FE23
:10BB70000020FDF79BF84FF4FA7015F06BFA074BB5
:10BB8000074A1A600320FCF7E3FFFBE70DF5856D1C
:10BB9000BDE8F0811AE0020026C7FF1F0CED00E0AF
:10BBA0000400FA054FE002006AE00200F0B5534BD2
:10BBB0001B78022BAFB0054600F09E80042105A83B
:10BBC000FDF71EFE1EAC0021112210A820F0A4F8E3
:10BBD00020460021402220F09FF84DBB2046F7F779
:10BBE00008FB21AE0DF17E00F7F7F8FA3046F7F7C3
:10BBF000BBFA1C230093204629460A22404BFFF73C
:10BC00006FFB94E80300BDF882301090DDF87E00F1
:10BC1000ADF844100690ADF81C3096E80F000CAF5C
:10BC200087E80F0015A810A906220AF01BF93EE0CC
:10BC30006B1E172B3BD820462946FCF7A2FB262378
:10BC4000009320462E4B29460A22FFF749FB252365
:10BC5000DAB2E15CA2F11506F6B229B9013BA2F114
:10BC60001606012BF6B2F3D1324610A8214614F085
:10BC700017FA2EAA324413460CAF53F8400D069023
:10BC80009B88ADF81C30A2F12A0EA2F13A03186885
:10BC900059683A4603C2083373451746F7D115A8C9
:10BCA00010A932460AF0DEF8164B83F8266008A881
:10BCB00006A906220AF0D6F840222046002120F0EC
:10BCC0002BF8294604A8F7F75AFA9DF810209DF89A
:10BCD00011300C4C43EA022394F8275000930A4B8E
:10BCE0000193059B029320460CA915AA08AB0135C8
:10BCF00008F0A6FC84F827502FB0F0BDB4D5FF1F84
:10BD00001091FF1FB0ACFF1F0302010073B5114B70
:10BD10001B78022B06460D4618D00F4C0846FFF73D
:10BD200045FF2946204608F021FD238D8DF805307A
:10BD30001A0A01A829468DF80420F7F737FA304689
:10BD4000214608F0B5FC94F8260000E0002002B07F
:10BD500070BD00BFB4D5FF1FB0ACFF1F2DE9F04F81
:10BD6000504B1B78ADF59A4D022B8DB000F05286EA
:10BD70004D4B15AE324603F1180518685968144644
:10BD800003C40833AB422246F7D1186899889B79DF
:10BD9000A371464B2060A1800DAA03F11805186815
:10BDA0005968144603C40833AB422246F7D11868D9
:10BDB0001B7923713E4B20600DF1200818683D4926
:10BDC0009B8808900DF1B4096E224846A8F804300B
:10BDD000002714F065F9384D0DF11A000DF5DC64FB
:10BDE000F6F78DFC394644F2506220462F601FF072
:10BDF00093FF2D20FCF762FEBA46304F16F80A007A
:10BE00001EF0E2FB3B784FF0030B13FB03F393FBB5
:10BE1000FBF000FA0BF015F01DF91EF021FC3B7849
:10BE200013FB03F393FBFBF000FA0BF00AF1010A9A
:10BE300015F010F9BAF11F0FDFD101238DF818307A
:10BE40009DF818A0BAF13D0FB8AE39D800214FF4D3
:10BE5000007230461FF060FF30465146FCF703F990
:10BE60003378013BDBB2FD2B18D82A689DF81810F7
:10BE7000FF23A354A318B646597001219970D31C0F
:10BE8000E6180DF53C7C734603CB6345306071606A
:10BE90009E4606F10806F6D113322A609DF8183046
:10BEA0000133CBE7B4D5FF1FDDE00200FCE0020068
:10BEB00013E1020019E1020098C7FF1FA48CFF1FC5
:10BEC00001238DF81830B2469DF818B0BBF1180F59
:10BED00000F2508200214FF4007230461FF01CFF28
:10BEE00059463046FBF7B8FDB0F1000B25DD9DF853
:10BEF00018100C2903D99DF81A30022B06D0CDF862
:10BF000000B030460F22B34BFFF7EAF9D5F800A096
:10BF10009DF81820FF2304F80A3004EB0A030AF105
:10BF200003005A700F229A70204431465A46DA4470
:10BF300014F0B6F80AF103032B609DF818100DF108
:10BF40001900F7F72FFC9DF819A00AF00403CAF3B3
:10BF5000C001CAF3011CCAF380104FEADA1EDBB23B
:10BF60001AF0030A05938DF819100FD02B689DF86D
:10BF700018B0FF22E254E218043382F801B04FF007
:10BF8000100B82F802B082F803A02B60BCF1000F06
:10BF90000FD02B689DF818A0FF22E254E21804335A
:10BFA00082F801A04FF0030A82F802A082F803C0D1
:10BFB0002B6010B9BEF1000F11D02B689DF818C08E
:10BFC000FF22E254E2180EF1010E82F801C0704423
:10BFD0004FF0060C043382F802C0D0702B60059B32
:10BFE00063B12B689DF81800FF22E254E218043375
:10BFF0005070122090700120D0702B6061B12B68BE
:10C000009DF81810FF22E254E218043351701321F6
:10C0100091700121D1702B609DF818103046F7F710
:10C020004DFC317859B12B689DF81800FF22E2547D
:10C03000E2180433507011209070D1702B6030469C
:10C040009DF81810FBF78CFEB0F1000B25DD9DF874
:10C0500018100C2903D99DF81A30022B06D0CDF800
:10C0600000B0304602225B4BFFF73AF9D5F800A04A
:10C070009DF81820FF2304F80A3004EB0A030AF1A4
:10C0800003005A7002229A70204431465A46DA441C
:10C0900014F006F80AF103032B609DF818103046DF
:10C0A000F7F798FC317859B12B689DF81800FF22FA
:10C0B000E254E2185070042003449070D1702B6059
:10C0C00030469DF81810F7F79FF8B0F1000B25DD0A
:10C0D0009DF818100C2903D99DF81A30022B06D0B0
:10C0E000CDF800B0304605223A4BFFF7F9F8D5F805
:10C0F00000A09DF81820FF2304F80A3004EB0A037F
:10C100000AF103005A7005229A70204431465A46BB
:10C11000DA4413F0C5FF0AF103032B609DF81810F1
:10C120003046F7F7E3FC317859B12B689DF81800D9
:10C13000FF22E254E2180433507007209070D1704F
:10C140002B6030469DF81810F7F78CFD96F800A08C
:10C15000BAF1000F6DD02B689DF81810FF22E25441
:10C16000E21808200433BAF1670F5170907082F81A
:10C1700003A02B6005D0BAF1320F02D0BAF1480FFC
:10C180004ED13046FBF77EFF2B689DF81810FF223A
:10C19000E2542344BAF1670F834659701CD10C292D
:10C1A00003D99DF81A30022B06D0CDF800B03046E6
:10C1B0000922084BFFF794F82B680393181D5A4681
:10C1C0002044314613F06CFF039B234409229A70EC
:10C1D0001FE000BF1091FF1F15230DF20B3B0093D2
:10C1E00058461D22614BFFF77BF8614B1A68131DFF
:10C1F000584623440DF21F3150F804EB43F804EB8A
:10C200008842F9D10178197022441D2393704FF0B0
:10C21000150B2B68E2185B44043382F803B02B60E3
:10C22000BAF1790F07D0BAF1590F3CD0BAF1320FF9
:10C2300039D0B2467BE0002107A8F6F7A0FF3046D0
:10C24000F6F7D7FF0DF2E620F6F7C8FFBBA8F6F722
:10C250008BFF1C2300930A22444B30460021FFF73A
:10C260003FF8D5F800E0FF2304F80E3004EB0E038E
:10C2700000225A700A229A700EF10303B446234436
:10C280000DF53E7A624603CA5245186059609446DD
:10C2900003F10803F6D1106818600EF11F032B603C
:10C2A0000DF53B7A39E09DF818104B1E172B33D84B
:10C2B00007A8F6F764FF30469DF81810FCF761F800
:10C2C000262300930A22294B9DF818103046FFF7C9
:10C2D00007F8D5F800C09DF81820FF2304F80C30AB
:10C2E00004EB0C030DF5407A5A700A229A700CF197
:10C2F0000303324623449646BEE80300D645186041
:10C300005960724603F10803F5D1106818609288ED
:10C310009A800CF129032B60B2462B689DF81C20F3
:10C32000E254E2189DF81D10517002332B60504604
:10C330009DF81810F6F7F0F99AF8003083B1C3F1C0
:10C340000B038AF800302B689DF81810FF22E25486
:10C35000E218043351700D2191703178D1702B6047
:10C360009DF8183001338DF81830ADE51091FF1F9E
:10C3700098C7FF1F50460021F6F7CEF99AF8003013
:10C3800083B1C3F10B038AF800302B68FF22E2541B
:10C39000E218002151700D21917004339DF8E012D4
:10C3A000D1702B605046F6F704FA9AF8003063B16A
:10C3B0002B68FF22E254E218002151700E21917087
:10C3C00004339DF8E012D1702B605046F6F715F952
:10C3D0009AF8003063B12B68FF22E254E218002182
:10C3E00051700B21917004339DF8E012D1702B60D5
:10C3F0005046F6F76AF99AF8003063B12B68FF22CD
:10C40000E254E218002151701A21917004339DF812
:10C41000E012D1702B605046F6F764F99AF80030BC
:10C4200063B12B68FF22E254E218002151701B21F6
:10C43000917004339DF8E012D1702B605046F6F7EE
:10C440001DF99AF8003063B12B68FF22E254E2181C
:10C45000002151701621917004339DF8E012D170C3
:10C460002B605046F6F7FDF89AF8003063B12B6860
:10C47000FF22E254E218002151701521917004331B
:10C480009DF8E012D1702B605046F6F704F99AF847
:10C49000003063B12B68FF22E254E2180021517092
:10C4A0001E21917004339DF8E012D1702B600DF1C4
:10C4B0001B00F6F795F84FF0010A00214FF40072C7
:10C4C00030461FF029FC5046FEF7A8FF9DF81B30B0
:10C4D000C0B2534508BF80F08000F8B1D5F800B075
:10C4E0009549FE2304F80B3004EB0B034FF0800C4E
:10C4F000987083F801A0914B1B7803930BF1030014
:10C5000003FB0CF22044CDF810C013F0C9FD039BCF
:10C51000DDF810C01CFB03B303332B600AF1010AE2
:10C520005FFA8AFABAF1050FC7D14FF0650A002108
:10C530004FF4007230461FF0EFFB5046FEF71AFF33
:10C540009DF81B30C0B2534508BF80F08000A0B1F9
:10C550002B68FE22E254E2180DF2E361907082F83B
:10C5600001A0774A194402F1200052F804EB41F887
:10C5700004EB8242F9D123332B600AF1010A5FFAFE
:10C580008AFABAF1850FD2D1D5F800B0FE2304F8AB
:10C590000B3004EB0B034FF0000A83F801A0694B4A
:10C5A00003930BF102001946D022204413F078FDCA
:10C5B000039B0BF1D202B3F84AB02A60DA451DDAC8
:10C5C000504649A90FF0B0F89DF8AA319BB12B68ED
:10C5D000FE22E254E218AAF138010DF2E260517035
:10C5E000184449A940F2B912039313F059FD039B73
:10C5F00003F2BB132B600AF1010ADFE706A8F5F787
:10C60000EFFF30462021FDF7FBF89DF818A0BAF1A6
:10C61000000F1FD14C48FCF78DF919F80A001DF0E6
:10C62000D3FF3B78032413FB03F393FBF4F0A04008
:10C6300014F010FD1EF014F83B7813FB03F393FB8A
:10C64000F4F0A0400AF1010A14F004FDBAF16E0FF3
:10C65000E3D1DFE1BAF1640F4AD996E807000DF1A2
:10C66000280989E807005046FEF784FE37481DA9CF
:10C67000F7F74EFD824608B135485AE00DF59C604B
:10C68000F5F712F90DF59C601DA92022F5F736F992
:10C690000DF59C602D492022F5F730F90DF59C60D1
:10C6A00049460C22F5F72AF90DF59C601DA9F5F70E
:10C6B00046F9284B1B78022B07D0CDF800A0204666
:10C6C00049461DAA2B68F9F7B3FF4B4603CB2A68EE
:10C6D000A0501868194B1B7804EB020E64330D321E
:10C6E000CEF80410CEF808008EF80C302A604DE029
:10C6F000BAF1040F4AD85046FEF790FE164A106869
:10C7000051681DAB03C390681860124B1B78022B55
:10C7100007D00023009320461DA932462B68F9F765
:10C7200087FF202031460DF59C62F8F773F8B8B109
:10C730000A48FCF7FFF86DE1EC92FF1FFC91FF1F28
:10C74000AC92FF1F70F8FF1FB5DF02004C96FF1F71
:10C75000A6E00200B4D5FF1F9AE00200C3E0020089
:10C76000AF4BD5F800A093F800904FF0800B04EB8E
:10C770000A001BFB09AA0DF59C6109FB0BF213F0E3
:10C780008FFC0AF1010304F80A902B601DA8002118
:10C7900020221FF0C1FA4FF000092B68DFF888B2A1
:10C7A000DFF888A299454FF2280000F3B18044F2E7
:10C7B0005C63994500F0AC801DF006FF3B7813FBED
:10C7C00003F0032390FBF3F09840039314F042FC32
:10C7D0001DF046FF3A78039B12FB02F292FBF3F046
:10C7E000C00014F037FCDBF80030C9EB0303382B32
:10C7F0000DF59C6047DCF5F757F80DF59C601DA919
:10C800002022F5F77BF8DBF8002004EB090319463A
:10C81000C9EB02020DF59C600393F5F76FF80DF577
:10C820009C601DA9F5F78BF8DBF80020039B3146CF
:10C830001846C9EB0202002307F040FD4FF0000B41
:10C8400001468B455BDA16F80B0004911DF0BCFE27
:10C850009AF8003013FB03F0032390FBF3F09840A9
:10C86000039314F0F7FB1DF0FBFE9AF80020039BE6
:10C8700012FB02F292FBF3F0C00014F0EBFB0BF1A1
:10C88000010B0499DDE7F5F70FF804EB090A0DF544
:10C890009C601DA92022F5F731F8514639220DF58B
:10C8A0009C60F5F72BF80DF59C601DA9F5F747F88E
:10C8B000504631463922002307F000FD4FF0000AB0
:10C8C00016F80A001DF080FE3B784FF0030B13FBB7
:10C8D00003F393FBFBF000FA0BF014F0BBFB1DF02D
:10C8E000BFFE3B7813FB03F393FBFBF000FA0BF066
:10C8F0000AF1010A14F0AEFBBAF14C0FE0D1304658
:10C9000000214FF4007209F139091FF005FA44E7DC
:10C910001DF05AFE3B78032413FB03F393FBF4F062
:10C92000A04014F097FB1DF09BFE3B7813FB03F334
:10C9300093FBF4F0A04014F08DFB1DA8314620229B
:10C94000002307F0BBFC0024814618F804001DF00A
:10C950003BFE3B78032513FB03F393FBF5F0A84064
:10C9600014F078FB1DF07CFE3B7813FB03F393FB84
:10C97000F5F0A840013414F06DFB022CE5D1002441
:10C98000E3B24B4504F1010418DAF05C1DF01CFE23
:10C990009AF80030032513FB03F393FBF5F0A8404E
:10C9A00014F058FB1DF05CFE9AF8003013FB03F303
:10C9B00093FBF5F0A84014F04DFBE1E719481EF099
:10C9C00023FB00240DAB0325185D1DF0FDFD9AF837
:10C9D000003013FB03F393FBF5F0A84014F03AFB8F
:10C9E0001DF03EFE9AF8003013FB03F393FBF5F0C5
:10C9F000A840013414F02EFB1D2CE3D109481EF091
:10CA000003FB094B00210DF5DC6044F25062196014
:10CA10001FF082F90DF59A4D0DB0BDE8F08F00BF03
:10CA2000FC91FF1FACFFFF1F98C7FF1FA48CFF1FC7
:10CA30007FB506460D4614466846002110221FF0B9
:10CA40006BF9304669462A462346F9F7C1FB04B024
:10CA500070BD7FB506460D4614466846002110227B
:10CA60001FF05AF9304669462A462346F9F7DCFB9F
:10CA700004B070BD38B505461FF0BDFB0D4B3E2818
:10CA800034BF04463E2422461846294613F008FBCC
:10CA9000094A1278092A06D1084B1B78012B0CBFD2
:10CAA0006E23702300E06323035504440023637066
:10CAB000004838BDCCD5FF1FB78CFF1FE8C7FF1F4C
:10CAC00038B52B4B1A782B4B05461B7812B9002B27
:10CAD0004DD004E0002B4AD0274B1B680BB92748E8
:10CAE00003E0274B27481B782BB1FFF7C3FFBDE8B6
:10CAF0003840FBF71FBFFFF7BDFFFBF71BFFF5F744
:10CB000049FD002833D10346EA181F4C117A6FF013
:10CB100007025A4301FA02F22168013B0A43191D38
:10CB20002260F1D1194B1A4918680968401A40F679
:10CB3000B731884206D819684FF47A73B1FBF3F322
:10CB40001A4422602068F5F7CDFCFAF76FF82268E6
:10CB5000104B9A420BD9104B13440522B3FBF2F34E
:10CB6000834204D91846BDE83840FAF76EB838BD9C
:10CB7000A2C7FF1FFDC7FF1F28D6FF1F87E10200C6
:10CB8000AFD5FF1FB0C8020054C7FF1F8CFDFF1FA9
:10CB900010D6FF1F6EA72B5D9258D4A270B58D4C96
:10CBA0002378022B054604D08B4B1B78242B00F0F6
:10CBB00063825DB9294689481EF03AF9884B1B68A3
:10CBC00005461BB110B10020FAF754F8854B1A68DE
:10CBD000854B1B689A4203D0844B00221A70EFE108
:10CBE000002D40F33882824B7C4A1B7873B1117957
:10CBF000F1290BD0F42909D001F11200C0B20128AB
:10CC000004D91F31C9B2062900F236821179E139FF
:10CC1000132900F2EA81DFE811F014003600420027
:10CC200049004E0068009F00E801E801E801E801C2
:10CC3000850148012801B00067019D01E801E80174
:10CC4000B701217802296B4912D0096811B1002B74
:10CC500000F012825379FF2B04D10320BDE870400D
:10CC6000FDF7B0BD5D480021BDE87040FEF7F4B8A7
:10CC70000A6812B1002B00F0FF8158480021BDE87E
:10CC80007040FDF7E5BF5B4A126812B1002B00F05F
:10CC9000F38152480021BDE87040FDF7E9BE554AD6
:10CCA0001268002AE9D0002BE7D170BD4B48BDE8DF
:10CCB0007040FFF705BF504B19784C4B1B7811B9EA
:10CCC000E3B14E481BE0CBB14D4B1B78442B15D143
:10CCD00053796B2B4FF0020003D1BDE87040FBF796
:10CCE000D9BCBDE87040FBF77FBD434908783F4998
:10CCF0000D78B0B93DB93F4D2D68CDB14148BDE883
:10CD00007040FBF717BE93790C2B01D0142BD8D1B0
:10CD10001378BA2B00F0B0813048BDE87040FCF7C2
:10CD20003FBE002DE7D0364D2D78442DE3D104E0F1
:10CD300009780029E2D00028E0D01278BA2A00F061
:10CD40009B812278022AE7D02F4A1278002AE3D06A
:10CD5000002BE1D12D48D2E7274B1A78234B1B78C3
:10CD6000002AADD0002BC9D0254B1B78442BC5D150
:10CD70001A48BDE87040FBF703BF1F490978002936
:10CD80004CD01A480078002848D01D480078442824
:10CD900000D11BB9174D2D68002D3BD12378022BF4
:10CDA00000F06A8112780D4BBA2A00F065815A7939
:10CDB000A2F175010F2907D8832A03D193F9063010
:10CDC000002B01DB12489AE70448BDE87040FDF7EC
:10CDD000ADBB00BFB4D5FF1F25C7FF1F58C7FF1F3E
:10CDE00028C7FF1F8890FF1F8C90FF1FFDC7FF1FE4
:10CDF000AFD5FF1F28D6FF1FA2C7FF1FA0E102006B
:10CE000002000240C8E10200ACD5FF1F15D50200A8
:10CE1000DCE10200442801D1002B9BD09379802BC8
:10CE20007FF66CAF954B1B78092B7FF467AF002919
:10CE30007FF464AF924C934B226803F1400153F8A6
:10CE4000040B42F8040B8B42F9D1FEF715F9206868
:10CE5000FDF76CFB0120F5F7FFFB40222068002165
:10CE60001EF05AFF0022884BACE0884A1178884AAD
:10CE700029B91378002B3FF441AF86483FE7127879
:10CE8000002A3FF43BAF844A1278442A7FF436AF3D
:10CE9000002B3FF45FAF2378022B00F0ED80794840
:10CEA0000121BDE87040FEF761B9784B1A78784BE4
:10CEB000002A3BD01B78002B3FF420AF764B1B7829
:10CEC000442B7FF41BAF754B1B78002B7FF416AF00
:10CED0002378022B00F0D080D520FBF7DBFA6948DD
:10CEE000BDE87040F8F760BC684B1A78684BEAB14F
:10CEF0001B78002B3FF402AF674B1B78442B7FF469
:10CF0000FDAE664B1B78002B7FF4F8AE2378022B26
:10CF100000F0B2808020FBF7BDFA5A48BDE87040AF
:10CF2000F8F784BD594B1A78594B0AB91B78A1E719
:10CF30001B78002B3FF4E2AE574B1B78442B7FF459
:10CF4000DDAE2378022B00F097804E48BDE870409C
:10CF5000F8F7B0BA4D4A11784D4A002989D01278B5
:10CF6000002A3FF4CBAE4C4A1278442A00D11BB9B8
:10CF700045490968002931D12378022B7CD04148EA
:10CF8000BDE87040FEF78CBB404A12783AB1404988
:10CF9000097821B140490978442900D113B93A49A7
:10CFA000096889B93E48FBF7C5FC002001211DF046
:10CFB00063FD012001461DF05FFD642014F04AF876
:10CFC000384A394B1A6070BD002A3FF497AE304A98
:10CFD0001278002A3FF492AE2F4A1278442A7FF446
:10CFE0008DAE002B7FF48AAEB4E62378022B43D0BB
:10CFF000294B1B78442B3FD1204B244C1B78092B09
:10D0000009D123783BB91F4812F04CF9FEF734F8E8
:10D010000120F5F721FB237873B31D4B1B785BB31D
:10D02000224C267876B9642014F014F8154825703F
:10D0300031461DF0FDFE00B120701248BDE8704081
:10D040000EF00AB9AE42F8D00E4825700EF004F981
:10D050000023237070BD2378022B0DD00B4B1B785F
:10D0600053B10B4B1B783BB10B4B1B78442B03D1BB
:10D07000BDE870400EF0EEB870BD00BFB78CFF1F6A
:10D08000B88CFF1F58C7FF1F28D6FF1FA2C7FF1F5E
:10D09000FDC7FF1F0CE202000200024050C7FF1F45
:10D0A00031E202000400FA050CED00E0A0C7FF1F0A
:10D0B0001F4AF8B5002313701E4C1F4A13702378C3
:10D0C000ED2B06D11D48037163784371F8F76CFBB3
:10D0D0001EE0F02B06D11948037163784371F8F70D
:10D0E000A5FC15E0F52B02D1F8F7CAFD10E0F62BF0
:10D0F0000ED1134D01232B60124B1F681E4607F5FE
:10D100007A672A6812B13368BB420DD300232B60C3
:10D110000D4B002018700D4B207018700C4B1870C0
:10D12000BDE8F840FBF7C2BD0020FFF737FDE8E798
:10D1300000C8FF1FE5ACFF1FFCC7FF1F58C7FF1F3C
:10D1400044D7FF1F8CFDFF1F50C7FF1F51C7FF1F94
:10D1500060C8FF1F2DE9F043A94AAA4F137893B086
:10D16000904673B1A84A14785CB921465022A7486A
:10D170001EF0D2FDA648214609221EF0CDFDFC710D
:10D1800064E2A24D95F84040012C02D0E21E182A1C
:10D1900022D80BB39C4A1278F2B19E4E3278022A02
:10D1A0001AD095F82D20052A00D0AAB9DFF85C82A4
:10D1B00097480021892309227971FB711EF0ACFD8B
:10D1C0004046FCF7CDFB002800F09B80924B1B787B
:10D1D000002B40F096809CE0AF228D49FA7100222E
:10D1E0000A72D1B20132A818407D3F28F9D009292E
:10D1F00005D90021092286481EF08EFD81E004F049
:10D20000F702302A02D0013C0B2C53D8002B59D006
:10D210007D4B1B78002B00F015827E4C2378022B6F
:10D2200000F0148212A8002300F8403DF5F74DFAF3
:10D2300095F84030302B19D0382B19D022781AB1FC
:10D24000724A0C3382F8403095F840104B1E172B71
:10D2500000F2FC817148FEF74FF800218DF80800BC
:10D2600020226E481EF058FD012302E0822300E0D8
:10D2700081239DF80820684C012A01D09A4207D1E9
:10D2800004232370F8F7FCFC0021217060480FE0B4
:10D2900003232370624B63496348F5221A70F4F745
:10D2A000F5FB2B20FBF7F6F8FBF79CFB5848002119
:10D2B000092229E0202A05D123B1534B1B78002BEA
:10D2C00040F0C4812B78514CFF2B40F0BF81637834
:10D2D000FF2B40F0BB81A378FF2B40F0B781E378B0
:10D2E000FF2B40F0B3812046FCF73AFB002880D0AA
:10D2F000494B1B78002B7FF47CAF4C4B04F1400270
:10D300008CE142480021502213B0BDE8F0431EF0EA
:10D3100003BD474A136098F82E3003F0DF02402A1D
:10D3200040F0BB804349414E0B46022C53F8062B7C
:10D33000C6F8172086BF033C5FFA84F84FF0010857
:10D34000F21D163153F8040B42F8040B8B42F9D14D
:10D35000364C002104F11B0025221EF0DDFCEF23DA
:10D36000337195F84030012B01D1822302E0032B69
:10D3700002D18123637101E084F805800923B37130
:10D3800096F80790337A294C9944737A9944B37A82
:10D390009944F37A19EB030919D163798DF80D30AB
:10D3A0000DF107008DF80790F5F797F963797F3352
:10D3B000DBB2012B04D802A84946FDF7D7FE19E1DC
:10D3C000E72323711D2384F80580A37162E0002305
:10D3D0000DF107008DF807308DF80830F5F775F975
:10D3E000642013F037FE9DF80730012B26D06279B8
:10D3F000934223D003B301238DF807301EE000BF12
:10D40000A2C7FF1FAE8CFF1FFDC7FF1F35D6FF1F32
:10D41000A3C7FF1FB4D5FF1F50C7FF1FAC92FF1F4C
:10D42000E5ACFF1F2CC7FF1F8490FF1F58C7FF1FCD
:10D4300028C7FF1F45D6FF1F8DF807207379854C3D
:10D4400003F17F02D2B2012A15D82046FDF76EF80B
:10D4500095F84030012B0CBF8221812102A8F6F7FC
:10D46000BDFC9DF80830092B40F0C4800DF1070089
:10D47000F5F733F9BEE0002B00F0BC80E623237102
:10D4800004F108001D23E11D142284F80580A37116
:10D490001EF027FC0120E071AAE01BB998F82C309F
:10D4A00063B9ABE0202B09D0102B07D0082B05D097
:10D4B000042B03D0013B012B00F2A080022C84BF7F
:10D4C00004F1FF345FFA84F8624C63484FF0E603DE
:10D4D000237195F82F3098BF4FF00108042B03D02B
:10D4E000082B0CBF0523032300210370F5F737F940
:10D4F00033781BB108F10C06F6B200E0464695F809
:10D500002E30042B0DF10700314608D1F6F74AF909
:10D510009DF8073003F03F0363F07F0310E0202BFA
:10D5200008D1F6F73FF99DF8073003F03F0343F0C9
:10D53000400305E0F6F736F99DF8073003F03F03A6
:10D5400002A831468DF80830F6F774F90A23002155
:10D5500039224248A37184F805801EF0DDFB404B60
:10D560003E4803F11002114653F8045B40F8045B97
:10D570009342F9D10023E518D8B2AD7D00F1100235
:10D58000D2B235B9013B00F10F0213F10F0FD2B245
:10D59000F1D1D31DE0180D68E5508B888380314BA5
:10D5A0000D32224403F1100153F8040B42F8040B2E
:10D5B0008B42F9D1E279237A1344627A1344A27A36
:10D5C0001344E27AD34212D12248FBF7D9FA31460A
:10D5D0000DF10700F6F7E6F89DF8073002A803F012
:10D5E0003F0331468DF80830F6F724F902E00120B8
:10D5F000FFF7D4FA1C4B1A7801321A701A4B1848EC
:10D600001B783B7100240323214650227B71FC715F
:10D610001EF082FB0F482146402275E654F8041B99
:10D6200043F8041B9442F9D198F8003033B10F4B02
:10D630001B781BB90E48FBF77DF907E00120FFF7C7
:10D64000ADFA03E0202A7FF43DAE36E613B0BDE824
:10D65000F08300BF58C7FF1FA48CFF1F5FC7FF1FC9
:10D6600035D6FF1F4BD6FF1FAC8CFF1FFDC7FF1F1A
:10D670005BC9020038B5064C04F1100514F8011F0F
:10D680002F2904D90348F4F7D0FAAC42F6D138BDBB
:10D690005CC7FF1FBCC7FF1F70B50024944204D0B5
:10D6A000CD18065D2E550134F8E770BD13B5802105
:10D6B0000DF10700F6F792FB9DF80730612B1BD0A8
:10D6C0000E4B0F4C04221A60EF232371802320217C
:10D6D0006371E01D6123A371FCF792F82046FCF70B
:10D6E00025FF0021402220461EF016FB00200146A7
:10D6F00002460523FDF7F6FE02B010BD28C7FF1F46
:10D7000058C7FF1F10B51B4C1DF06CF903232046B2
:10D7100002210A2206F06AFE20461749174A1EF027
:10D7200067FA174B17481A68174B0F211A60174AE8
:10D73000F4F720FA0A21164A1648F4F71BFA41F2C8
:10D740008831154A15480023F4F724FA44F620617D
:10D75000134A14480023F4F71DFA40F6C411124886
:10D76000124A0023F4F716FA11481249BDE8104096
:10D77000F4F754BA44C8FF1F4B4401007C8CFF1FD0
:10D780008CFDFF1FB8D5FF1F10D6FF1F056B0000D3
:10D79000F18C000014D6FF1FA98F00002CC7FF1FBB
:10D7A000E5B0000040ADFF1F0CC8FF1FD96A0000A4
:10D7B000BCC7FF1F5BE2020070B50021465832462D
:10D7C000F317D40F44EA43042346054A3244724017
:10D7D00013405E4046500431B1F5806FEED170BD0C
:10D7E00001E07F002DE9F04F082689B00423334A79
:10D7F000B340D3184FF4807C2CFA06FC06936FF0EC
:10D80000030303FB0CF300EB8C0707934FF00008B6
:10D810000699DDF81C9051F8043D06915B42019396
:10D82000B944C246002108EB0C039A451FD259F8AF
:10D8300001407A58224449F801207B58019AC3EBF1
:10D84000040B8BFB0245C4EBC40204EB82221C4B8D
:10D8500004EB4232019C82FB0323C4FB0B23DC1745
:10D860007B50029303940AF1010A0431DBE703EBD6
:10D870000C086FF00B07B8F1FF0F07FB1C97C7D917
:10D88000013EB3D187590E4B4AF2FA3187FB01456D
:10D89000C4EBC40204EB822204EB423282FB03237A
:10D8A000C1FB072383510436DC17B6F5806F049360
:10D8B0000594E7D109B0BDE8F08F00BF64E2020033
:10D8C000FF1F80FF2DE9F0434FF0000C50F80C9043
:10D8D00051F80C800A4B89FB0845C4EBC40204EBE9
:10D8E000822204EB423282FB0323C8FB092340F867
:10D8F0000C300CF1040CBCF5806FE7D1BDE8F0836F
:10D90000FF1F80FF4FF0000C2DE9F0478246604674
:10D910005AF80C301C46DD174FEAD47848EA45081F
:10D9200044465D425D402C4063404A1ED21AD317E4
:10D93000D60F0CF1040C46EA4306BCF5806F40EAB2
:10D940000600E5D1BDE8F087F0B500268A5902F15E
:10D950007F03DB1103EB832303F50013C3F383532E
:10D960008351A3EB832302EB4327C7F57F1202F514
:10D970004052D317D40F44EA43042346054A3A449D
:10D980007A4013405F408F510436B6F5806FDDD189
:10D99000F0BD00BFFF1F80FF30B5024600230C78AA
:10D9A000C4504D7844EA0524C4508D7844EA0544B7
:10D9B000C4F31304C4508C7824095460CD7844EA2D
:10D9C000051454600D7944EA05345460C458C4F514
:10D9D0000024C45054680833C4F50024B3F5806FA4
:10D9E000546001F1050102F10802D8D130BD10B533
:10D9F0000A46002104461EF08FF910BD2DE9F047BC
:10DA0000089E07460C4692461D46C4EB0A0846454A
:10DA100038462946224604EB06090AD3434602F05B
:10DA200047FE3846CAEB0906454403F005FC0024CE
:10DA3000EBE7334602F03CFE4846BDE8F08770B5A0
:10DA40000024FF291AD89C4218D0155D05F00F0656
:10DA5000082E04F101044FEA151504D8C6F1040696
:10DA600040F821600131082DEBD8B1F5807F05D059
:10DA7000C5F1040540F821500131E2E7084670BDC8
:10DA8000F0B50024FF2916D803349C4213D8151989
:10DA900015F8036C15F8027C15F8015C2D0445EAB5
:10DAA00007253543054EC5F31605B5429CBF40F822
:10DAB00021500131E6E70846F0BD00BF00E07F00DD
:10DAC0002DE9F04F87B00125049004226B1E02FA65
:10DAD00003F3244A049E4FF4807A2AFA05FAD318F5
:10DAE0004FF0000C05934FEA8A0B6746059850F8F3
:10DAF0000C00039006EB0B08B946002407EB0A0361
:10DB0000994521D258F80420039B82FB0301C0EB06
:10DB1000C00200EB8222144B039900EB423258F80A
:10DB2000040082FB0323C1FB00230093D817009954
:10DB3000335901905B1A48F8043033590B44335180
:10DB400009F101090434D9E703EB0A07FF2F0CF1AF
:10DB5000040C08EB0B06C9D90135092DB5D107B066
:10DB6000BDE8F08F64E20200FF1F80FFF0B5079C64
:10DB7000254604F1200655F8047B40F8047BB542A5
:10DB8000F9D105F1200055F8046B42F8046B854289
:10DB9000F9D104F1400202F1400052F8045B41F86F
:10DBA000045B8242F9D1059A04F180011160069A62
:10DBB00004F5407104F5C06411601C60F0BD01F112
:10DBC000300351F8042B40F8042B9942F9D17047E7
:10DBD0002DE9F84F00F54B67804689469246384656
:10DBE00000213D221EF098F800242546A30209EBEF
:10DBF00003010AEB0302002351F82300DFF84CB0C5
:10DC000052F823C000F57F3606F540765E4505D80C
:10DC10000D4EB04206D1BCF1000F03D0372D0FD00E
:10DC20007B5501350133B3F5807FE5D108EB040363
:10DC30000134062C83F8E75CD8D10020BDE8F88FCA
:10DC40004FF0FF30BDE8F88F0001FCFF00FE070039
:10DC500010B50023C258064C02F58001C91504FB1B
:10DC60000122C2500433B3F5806FF3D110BD00BF61
:10DC7000FF1F80FF10B50023C458CA582244C25069
:10DC80000433B3F5806FF7D110BD10B50023C4582D
:10DC9000CA58A21AC2500433B3F5806FF7D110BD31
:10DCA00030B50023D55805F6FF746413C450A5EBB6
:10DCB0004434CC500433B3F5806FF3D130BD10B58C
:10DCC00000F5A0740B68037091E80C00121242EA90
:10DCD000830343704A688B68921142EA031383708E
:10DCE0008A68CB68121142EA8313C370CB689B1019
:10DCF00003710530A04201F11001E3D110BD2DE9FF
:10DD0000F04700230A684E68CD680C69CF69C2F5F8
:10DD100080588A68C6F58056C2F5805C4A694FEA29
:10DD2000461AC2F580598A6980F800804AEA1828A4
:10DD300080F801804FEAD60880F802804FEA8C080C
:10DD4000C5F5805548EAD626C670EE01C4F5805464
:10DD500046EA9C1C6E084671260146EA55258571E7
:10DD60002509C5714FEA4905C2F5805245EA1434C8
:10DD700004729401C7F5805744EAD9199408847253
:10DD80000133FC0044EA92227F09202B80F804C072
:10DD900080F80990C272077301F1200100F10D00B3
:10DDA000B0D1BDE8F08730B5034600220C7884502E
:10DDB0004D7844EA0524C4F30C0484504C7864097B
:10DDC0005C608D7844EAC5045C60CD7844EAC52483
:10DDD000C4F30C045C60CC78A4089C600D7944EA20
:10DDE0008514C4F30C049C600C79E409DC604D7963
:10DDF00044EA4504DC608D7944EA4524C4F30C040C
:10DE0000DC608C7924091C61CD7944EA05141C611D
:10DE10000D7A44EA0534C4F30C041C610C7A6408DE
:10DE20005C614D7A44EAC514C4F30C045C614C7A1D
:10DE3000A4099C618D7A44EA85049C61CD7A44EA08
:10DE40008524C4F30C049C61CC7AE408DC610D7B6E
:10DE500044EA4514DC618458C4F5805484505C68FD
:10DE6000C4F580545C609C68C4F580549C60DC6898
:10DE7000C4F58054DC601C69C4F580541C615C6985
:10DE8000C4F580545C619C69C4F580549C61DC6974
:10DE90002032C4F58054B2F5806FDC6101F10D01D0
:10DEA00003F1200382D130BD10B500234C6851F836
:10DEB000082B42EA0412C2540133802BF6D110BD64
:10DEC00010B500234A6851F8084BC2F10402D2B2DF
:10DED000C4F1040444EA0212C2540133802BF1D18C
:10DEE00010BD10B50023CA5C02F00F020260CC5CCA
:10DEF000C2F10402240901330260802BC4F1040240
:10DF0000426000F10800EED110BD30B50023CA1800
:10DF1000CC585268C4F50024C2F500220470250ACA
:10DF2000240C44EA021408338470B3F5806F4FEA7E
:10DF300012144FEA12324570C470027100F10500EC
:10DF4000E5D130BD4FF4207303FB02003030FFF702
:10DF5000DCBF38B505460024281904F58064FFF7B6
:10DF6000AFFDB4F5A05FF7D138BD38B50546002444
:10DF7000281904F58064FFF76BFEB4F5C05FF7D194
:10DF800038BD38B505460024281904F58064FFF72C
:10DF900013FCB4F5C05FF7D138BD38B50546002491
:10DFA000281904F58064FFF71DFCB4F5C05FF7D1B4
:10DFB00038BD70B506460D4600243019291904F500
:10DFC0008064FFF7C1FCB4F5C05FF6D170BD70B5D9
:10DFD00006460D460024301905EBC4018034FFF7D6
:10DFE00063FFB4F5407FF6D170BD70B506460D46AF
:10DFF0000024301905EBC4018034FFF761FFB4F54C
:10E00000407FF6D170BDF0B5059D044601F12006B4
:10E0100051F8047B44F8047BB142F9D100F12004AB
:10E0200003F1200153F8046B44F8046B8B42F9D1DF
:10E0300000F1400302F1400152F8044B43F8044B55
:10E040008A42F9D1294600F54070BDE8F040FFF75B
:10E05000CCBF70B506460D460024301905EBC4014F
:10E060008034FFF72DFFB4F5207FF6D170BD8030EE
:10E07000FFF7EFBF00F5806001F1200351F8042B9A
:10E0800040F8042B9942F9D17047FFFF2DE9F04188
:10E09000069D079FFF2D06468846144649D8A7B11E
:10E0A000002943D07A1E0B2A43D8DFE802F0060A83
:10E0B000080C060A060A080C0A0C1C2C04E0302C7A
:10E0C00002E0202C00E0402C33D13A1C18BF012282
:10E0D0003270757025B1B01C19462A4611F0E0FF68
:10E0E00017B9A81CBDE8F081002213481301195884
:10E0F000B9420CD10344043303CB7719C7F8061097
:10E1000019889B78C7F8020079813B7302E00132DD
:10E110000C2AEAD105F10D0030444146224611F0A7
:10E12000BFFF04F10D002844BDE8F0810846BDE8BA
:10E13000F0810020BDE8F08164E6020010B5002106
:10E140000446C8221DF0E8FD0023C4F8C83010BD05
:10E1500013B500920B46A822D0F8C8100446FFF76A
:10E160004DFCC4F8C80002B010BD13B51F238DF8D4
:10E17000073080230446D0F8C8208DF806300DF112
:10E180000701012302F094FA20460DF10601A722AF
:10E19000012302F08DFAA823C4F8C83002B010BDE4
:10E1A0002DE9F843D2F8C84081460E4615464FF097
:10E1B0000008AEB1A82C03D1284603F03DF8002496
:10E1C000C4F1A807B74228BF374609EB0801224629
:10E1D00028463B4602F014FAF61B3C44B844E8E7F4
:10E1E000C5F8C840BDE8F883D021FFF700BCF0B502
:10E1F000B5B000AF0646ADF55A7D0D463846FFF77F
:10E200009DFF0DF11F04294622223846FFF7A0FF8B
:10E2100024F01F043846FFF7A8FF20464FF4527140
:10E220003A46FFF7BDFF3046002122464FF45273B5
:10E23000FFF726FCFF28054609D82046A8213A46C4
:10E24000FFF7AEFF304629462246A823F0E73846BE
:10E25000FFF7CAFF20464FF45271FFF7C8FBD437CF
:10E26000BD46F0BD2DE9F04700AF98B00DF11F0499
:10E2700024F01F04914680460D4601F58066224633
:10E2800001F5846C306871689646AEE80300083684
:10E2900066457246F6D15FFA83FA4046002321466E
:10E2A00084F8203084F821A0FFF7A1FF40464946BA
:10E2B000FFF708FB01262846214684F8206084F8F1
:10E2C00021A0FFF794FF09EB86212846FFF7FAFA11
:10E2D000013640462946FFF7CDFC052EEBD14046DE
:10E2E000FFF7B6FC20464021FFF781FBBD46BDE8A5
:10E2F000F0872DE9F04F83B000AFADF5446D0DF11F
:10E300001F0626F01F0679608146396B304693461A
:10E310009A46FFF7AFFE002506F502642B465A46E3
:10E3200031462046FFF79EFF2046FFF75BFA0AEBD7
:10E3300085212046FFF79EFC2046FFF789FC06F565
:10E3400084682046FFF738FA224640462146FFF708
:10E35000A7FC4FF4A07000FB05904146FFF7AFFC0F
:10E360007B684FF4D07000FB053021460135FFF784
:10E37000C6FC062DD0D140464FF48061FFF737FB35
:10E3800020464FF48061FFF732FB30464FF4846142
:10E39000FFF72DFB00200C37BD46BDE8F08F10B510
:10E3A00000210446C8221DF0B7FC0023C4F8C83081
:10E3B00010BD13B500920B468822D0F8C810044651
:10E3C000FFF71CFBC4F8C80002B010BD13B51F2333
:10E3D0008DF8073080230446D0F8C8208DF8063029
:10E3E0000DF10701012302F063F920460DF106014A
:10E3F0008722012302F05CF98823C4F8C83002B0F8
:10E4000010BD2DE9F843D2F8C84081460E461546A6
:10E410004FF00008AEB1882C03D1284602F00CFF63
:10E420000024C4F18807B74228BF374609EB08012A
:10E43000224628463B4602F0E3F8F61B3C44B8442B
:10E44000E8E7C5F8C840BDE8F883D021FFF7CFBAA8
:10E450002DE9F041B4B000AFE2B00DF11F0424F09B
:10E460001F0404F5907680460B46B64601F1400C39
:10E4700018685968754603C508336345AE46F7D139
:10E480000025384684F8602184F86151FFF787FF42
:10E49000314642223846FFF78CFF3846FFF796FF99
:10E4A00020464FF488713A46FFF7ABFF40462946B5
:10E4B00022464FF48873FFF7C2FAFF28054609D8B1
:10E4C000204688213A46FFF79CFF404629462246CF
:10E4D0008823F0E73846FFF7B8FF20464FF48871ED
:10E4E000FFF785FA30464221FFF781FAD037BD4663
:10E4F000BDE8F0812DE9F041B4B000AFADF54A7D43
:10E500000DF11F0424F01F0404F5307680460B46FD
:10E51000B64601F1400C18685968754603C50833C2
:10E520006345AE46F7D184F800233846120A84F8D2
:10E530000123FFF734FF314638464222FFF739FF07
:10E540003846FFF743FF3A4620464FF42A71FFF75B
:10E5500058FF21464046FFF71FFA3846FFF775FF80
:10E5600020464FF42A71FFF742FA30464221FFF766
:10E570003EFAD037BD46BDE8F0812DE9F04F83B0BB
:10E5800000AF98B00DF11F0424F01F049946824695
:10E590000E467A6001F58063254601F5846E1868A1
:10E5A00059682A4603C2083373451546F7D100253A
:10E5B0007B689A8819682A44484692B2FFF79AFF06
:10E5C0004846FFF77DFAD0464FF0000B84F8205004
:10E5D00084F821B045B940462146FFF708FE404681
:10E5E0004946FFF76FF90BE030462146FFF7FFFD84
:10E5F00030464946FFF766F940463146FFF73AFB99
:10E600000BF1010BBBF1060F08F58068DED1013577
:10E61000052DCDD140212046FFF7E9F95046FFF7FF
:10E62000A4FC5046FFF7B9FC0C37BD46BDE8F08F9F
:10E630002DE9F043B7B000AF0C46AAB0804607F111
:10E640000800FFF7ACFE0DF11F062146302207F14E
:10E650000800FFF7AEFE26F01F0607F10800FFF7DF
:10E66000B5FE3046882107F10802FFF7CAFE0024F4
:10E6700000254FF0000916F809004FEAC9020021F1
:10E680001CF000FD09F10109B9F1080F40EA04008E
:10E6900041EA050102D004460D46ECE7C7E9000156
:10E6A0004FF48062404600211DF036FB4D46CF24DA
:10E6B000872D2B4606D93046882107F10802FFF73F
:10E6C000A0FE002316F803E0A64503F10105EFD8EC
:10E6D00058F82E3048F82430D7E9002301201040A4
:10E6E000001801345B084FEA3202C0F10100B4F5B2
:10E6F000807F48F82E00C7E90023D9D107F1080030
:10E70000FFF7A3FE30468821FFF771F9384608214C
:10E71000FFF76DF9DC37BD46BDE8F0832DE9F04326
:10E72000B5B0914698463D9D3F9C074668460E46CB
:10E73000FFF735FE684649464246FFF73AFE25B1E7
:10E7400068463C992A46FFF734FE24B168463E9954
:10E750002246FFF72EFE6846FFF738FE31466A462E
:10E760003846FFF74EFE6846FFF76FFE6846D02139
:10E77000FFF73DF935B0BDE8F083FFFF2DE9F04F1D
:10E7800087B004AFADF5715D8AB00DF12F0424F0B0
:10E790001F0404F5715604F5C0598246884632605C
:10E7A000396BB38032464B462046FFF7E6FE2046E3
:10E7B000FFF7E7FB48462146FFF7FBFB504649467B
:10E7C000FFF705FC002504F570514FF440734246F5
:10E7D000084604F550587960019330214023CDF864
:10E7E00000A002950395FFF799FF40467968FFF76F
:10E7F0001FFF4046FFF764F9A8467A6B116804F5DD
:10E80000405501EBC8112846FFF76BFB2846FFF780
:10E8100057F904F55053194628463B60FFF752F864
:10E820002846FEF7DFFFB288316804F560534244A2
:10E830009B46184692B2FFF75DFE59462846FFF701
:10E8400019FA2846FFF704FA28464649FFF75AF80E
:10E85000834610B14FF0FF355BE0424650462946F3
:10E8600008F10108FFF76EFBB8F1050FC5D1D846D6
:10E87000BA6B116804F5605501EBC8112846FFF723
:10E8800030FB2846FFF71CF939682846FFF71AF8CD
:10E8900004EB882B2846FEF7A5FF29465846FFF7CC
:10E8A000F4F95846FFF7D4F958462F49FFF72AF8EC
:10E8B0000028CFD1F96B0B684FF4D07101FB083100
:10E8C0002846FFF770FA2846FFF7FAF83968284615
:10E8D000FEF7F8FF2846FEF785FF2846FFF7B8F950
:10E8E00028462249FFF70EF80028B3D1584629469A
:10E8F00008F10108FFF7BEF9B8F1060FB8D150468C
:10E900007968FFF75CF9504621464A46FFF760F9FF
:10E91000054604F540504FF48061FFF768F8386809
:10E920004FF48061FFF763F820464FF4C051FFF7C2
:10E930005EF848464FF4C051FFF759F804F56050AF
:10E940004FF48061FFF753F830460821FFF74FF886
:10E9500078683021FFF74BF828460C37BD46BDE8F4
:10E96000F08F00BF3CFF07003CFE030000FF0300E8
:10E970002DE9F04F8BB004AFADF5B16D0DF12F0463
:10E9800024F01F047B6104F5AC6304F5886C3B61E3
:10E99000009304F58466FB6CF86004F5906B04F555
:10E9A000A86804F5A469B96002936146434692469B
:10E9B000CDF8049030465A46C7F804C0FFF7D6F8A1
:10E9C0003B6DD7F804C004F5946573B93B6C0093B4
:10E9D0007B6C019340217B690393CDF808A0284606
:10E9E00062460B46FFF79AFE0BE05346AE460AF12D
:10E9F000400C18685968724603C20833634596464E
:10EA0000F7D104F59C637B61BB6C0093402120230C
:10EA10005A460193039178690295FFF77FFE2046DD
:10EA20003146FFF727FB4FF0000B3B690193009441
:10EA3000CDF80890CDF80C80F8687A6929465B46D5
:10EA4000FFF79CFE824620B9BB6840F6ED421A6093
:10EA500014E0B0F1FF3F09D10BF1050B1FFA8BFB5E
:10EA60004FF6FA739B45E0D16FF0030ABB68F86874
:10EA70000021196040F6ED421DF04EF94846042190
:10EA8000FEF7B5FF40460421FEF7B1FF38690421C7
:10EA9000FEF7ADFF20464FF48461FEF7A8FF304635
:10EAA0004FF48071FEF7A3FF50461C37BD46BDE80A
:10EAB000F08F2DE9F04F87B006AFE8B00DF13704C5
:10EAC00024F01F0489469A460021FB6A0093804681
:10EAD0009346019120460A46BB6AFFF7D7FA04F530
:10EAE000B0760546D0B130462021F7F727FEC0B9F1
:10EAF0003B6B03938DE870000490494640465A46AC
:10EB00005346FFF735FF054670B10021C9F80010E4
:10EB1000404640F6ED421DF0FFF805E04FF0FF35AE
:10EB2000F3E76FF00205F0E730462021FEF75FFFC4
:10EB300020464FF4A671FEF75AFF28460437BD461B
:10EB4000BDE8F08FF0B5B5B01E46174605466846DD
:10EB50000C46FFF724FC394632466846FFF729FC8D
:10EB60006846FFF733FC284621466A46FFF749FC12
:10EB70006846FFF76AFC35B0F0BD2DE9F04F85B06F
:10EB8000ADF53455A5F108031F3525F01F0502AF7B
:10EB900005F5335678608A469D46344602F1200ECC
:10EBA00010685168234603C3083272451C46F7D1EA
:10EBB000062386F8203005F53054052386F82130E9
:10EBC0002046802132462223FFF7BCFF4FF0000988
:10EBD00005F5C05808EB89205FFA89F204F120019D
:10EBE00009F10109FFF734FCB9F1050FF0D14FF03D
:10EBF000000B0BF1050204F1200905EB8B204946BF
:10EC0000D2B20BF1010BFFF723FCBBF1060FF0D1E1
:10EC100050464146FFF72BFA4046FFF79AF97A68CB
:10EC2000A646734603CB4B45106051609E4602F1E9
:10EC30000802F6D100947B680AF5C06103F1200058
:10EC400042462B46FFF755FB05F53259834670B90E
:10EC5000484640217A684FF4F463FFF773FF00954C
:10EC6000504621464A4604F16003FFF7CCF9284696
:10EC70004FF4C051FEF7BBFE40464FF4A051FEF7E3
:10EC8000B6FE48464021FEF7B2FE30462221FEF78E
:10EC9000AEFE20468021FEF7AAFE58460C37BD4640
:10ECA000BDE8F08F0023F0B51C461D46934206D008
:10ECB000CF5CC65C7E40354374400133F6E7684262
:10ECC00084EA2040C0B26040F0BD00EB400303EB9B
:10ECD000C30303EBC30300EB03234FF2FF2213FB39
:10ECE000020000147047FFFF37B500F180020023D7
:10ECF0000093019331F91340164D6C4304F1006405
:10ED0000240F0DF803400133082BF3D19DF8014087
:10ED10009DF8003043EA041303709DF803409DF80A
:10ED2000023043EA041343709DF805409DF8043017
:10ED300043EA041383709DF807409DF8063043EAC8
:10ED40000413C3700430904201F11001CFD103B01D
:10ED500030BD00BFB0AF13002DE9F7434FF00008FE
:10ED60004FF0000C01EB0803DFF86C9033F90C60F6
:10ED7000A6FB0923F717003209FB073343F1010310
:10ED80005C08C4F309032DF80C300CF1020CBCF143
:10ED9000080FE7D1BDF80020BDF802300270120A5A
:10EDA00042EA83024270BDF804209B0943EA021341
:10EDB0008370BDF80630120908F1080842EA831290
:10EDC000B8F5007F4FEA9303C270037100F10500AC
:10EDD000C6D103B0BDE8F08300BC7D9D10B5002313
:10EDE000CC5C40F6015204F00F045443083424096B
:10EDF0000480CC5C24096243083201331209802B61
:10EE0000428000F10400EBD110BD37B50023CA18D1
:10EE1000CD5C547845EA0425C5F30905ADF80050EA
:10EE20009578A40844EA8514C4F30904ADF80240B7
:10EE3000D47812792D0945EA0415A40944EA82041C
:10EE4000C5F30905ADF80450ADF8064000223DF8C1
:10EE5000024040F601556C4304F50074A40A845244
:10EE60000232082AF3D10533B3F5A07F00F1080080
:10EE7000CDD103B030BD10B50023CA18CC5A52888A
:10EE800004700433240A44EA0214B3F5007F4FEA05
:10EE900012124470827000F10300EED110BD70B503
:10EEA00000234A788D7811F8036B1402C4F30B0425
:10EEB0003443C4521209C418043342EA0512B3F5AC
:10EEC000007F6280EDD170BDF8B50E460546002486
:10EED0000C4B708823440234B3F8807010FB07F0A9
:10EEE000FFF7F3FE2880F0887F4210FB07F0FFF762
:10EEF000ECFE802C688006F1080605F10405E7D1D8
:10EF0000F8BD00BF40E702002DE9F04F814685B013
:10EF1000002439F9040040F2A1535843FFF7D5FE0D
:10EF200029F804000234B4F5007FF2D10725274AFE
:10EF300002234FF48077AB40EF4013446FF001029F
:10EF40007A4309EB470603924FF00008DDF80CA066
:10EF500033F8022D0292B244C346002408EB0702A4
:10EF6000934524D23AF80420315B114489B21FFA48
:10EF700081FC44F6BF6E4FF000701CFB0E00801643
:10EF800000EB400E00EB8E0E00EB0E20091A2AF863
:10EF90000410315B0193881A029A10FB02F0FFF70C
:10EFA00094FE0BF1010B3053019B0234D6E702EBC8
:10EFB00007086FF00506B8F1FF0F06FB17A6C5D9C5
:10EFC000013DB4D105B0BDE8F08F00BF40E70200BD
:10EFD0002DE9F84F9B4606468F1C90464FF00009DE
:10EFE00000252C462846AA460BEB09023B5B525BE8
:10EFF00008F1020E13FB0200BA1E3EF804E0115B9A
:10F0000038F8042004F5007411FB0EAAB4F5C06FA3
:10F0100011FB020013FB02AA05F58075E4D1FFF78E
:10F0200054FE30805046FFF750FE09F10209B9F551
:10F03000807F708007F1040706F1040608F10408D8
:10F04000CED1BDE8F88FFFFF2DE9F04FD0E90023C6
:10F05000ADF5317DD0E90245D0E90467D0E906ABD2
:10F06000CDE90A23D0E90823CDE90C45CDE90E67A7
:10F07000D0E90A45D0E90C67CDE910ABCDE9122300
:10F08000D0E90EABD0E91023CDE91445CDE91667E0
:10F09000D0E91245D0E91467CDE918ABCDE91A23C0
:10F0A000D0E916ABD0E91823CDE91C45CDE91E67A0
:10F0B000D0E91A45D0E91C67CDE920ABCDE9222380
:10F0C000D0E91EABD0E92023CDE92445CDE9266760
:10F0D000CDE928ABCDE92A23D0E92245D0E9246740
:10F0E000D0E926ABD0E92823CDE92C45CDE92E6720
:10F0F000CDE930ABCDE93223D0E92A45D0E92C6700
:10F10000D0E92EABD0E93023CDE93445CDE93667DF
:10F11000CDE938ABCDE93A230349044D1031A9427A
:10F1200000F0F18704E000BF40E8020010E90200AF
:10F13000DDE90A45DDE914ABDDE91E67DDE92823D9
:10F140008AEA040A8BEA050BDDE932458AEA060AF7
:10F150008BEA070B8AEA020ADDE90C678BEA030BEC
:10F16000DDE9168984EA0A0485EA0B05DDE920ABAE
:10F17000DDE92A23CDE9024588EA0608DDE93445C0
:10F1800089EA070988EA0A0889EA0B0988EA020875
:10F1900089EA030988EA040889EA0509DDE90E67B6
:10F1A000DDE91845DDE922ABDDE92C2374407D4023
:10F1B000DDE9366784EA0A0485EA0B055440DDE997
:10F1C00010AB5D40DDE91A2366406F40DDE9244560
:10F1D000CDE90867DDE92E6782EA0A0283EA0B03BC
:10F1E000DDE938AB62406B407240DDE912457B409F
:10F1F000DDE91C6782EA0A0283EA0B03DDE926AB3C
:10F2000066406F404FEA480CDDE930454CEAD97C56
:10F2100086EA0A0687EA0B07DDE93AABCDF870C249
:10F220004FEA490C66404CEAD87C8AEA060ACDF8D7
:10F2300074C29CAE6F40D6E900458BEA070B089F6D
:10F24000CDE900AB84EA0A04DDF824A04FEA470CBC
:10F2500085EA0B054CEADA7CCDE90445CDF878C2A5
:10F260004FEA4A0C4CEAD77CCDF87CC29EACDDE973
:10F2700002ABD4E900674FEA420C4CEAD37CCDF8EC
:10F2800080C24FEA430C86EA0A0687EA0B074CEA7B
:10F29000D27CCDE90667CDF884C2A0AFD7E900677C
:10F2A000DDF800A0DDF804B0029D89EA07094FEA05
:10F2B0004A0C4FEA4B074CEADB7C47EADA77CDF899
:10F2C00088C2A397A2AC88EA0608DDE908ABD4E9B6
:10F2D000006786EA0A0687EA0B07CDE90867039EFE
:10F2E0006C0044EAD674A494740044EAD574A594DE
:10F2F000A4ACD4E900ABDDE90A67DDE904458AEA9C
:10F30000020A8BEA030B74407D40DDE90623DDE948
:10F31000166772407B40160D46EA03361B0D43EA22
:10F3200002333D93DDE9222382EA080283EA0903DE
:10F330003C96560D46EAC3265B0D43EAC2233E9631
:10F340003F93DDE92E67DDE9082372407B405605D7
:10F3500046EAD3265B0543EAD2234193DDE93A230B
:10F3600082EA0A0283EA0B034096960346EA934632
:10F370009B0343EA92434296439351E9042382EA72
:10F38000040683EA0507CDE90A67DDE93E23DDE9E6
:10F390003C6722EA060623EA0707DDE90A237240F2
:10F3A0007B4040AFD7E90067CDE90A23DDE93E2382
:10F3B00026EA020227EA0303DDE93C6756405F4084
:10F3C000CDE9226740AF42AED7E90023D6E9006716
:10F3D00026EA020227EA0303DDE93E6756405F4062
:10F3E000CDE93A6742AED6E9002324EA020225EAD3
:10F3F0000303CDE9162340AAD2E90067DDE916230D
:10F4000056405F40CDE91667DDE93C6726EA040413
:10F4100042AED6E9002327EA050562406B40CDE9FC
:10F420002E23DDE91045DDE9082362406B40140717
:10F4300044EA13141B0743EA12134593DDE91C2326
:10F4400082EA0A0283EA0B034494140544EA133463
:10F450001B0543EA1233DDE91E674793DDE9042308
:10F4600072407B404694D40044EA5374DB0043EA84
:10F47000527348944993DDE92A45DDE90623624049
:10F480006B40D40C44EA4334DB0C43EA42334B93E5
:10F49000DDE9362382EA08024A9483EA0903D408A4
:10F4A00044EA4374DB0843EA427346AF48AE4D93E7
:10F4B000D7E90023D6E9006726EA020244AE4C945D
:10F4C000D6E9004527EA030354405D404AAA48AB09
:10F4D000CDE92A45D3E90045D2E9002322EA040414
:10F4E00046AAD2E9006723EA050566406F404CACA6
:10F4F0004AADD5E90023D4E9004524EA020248AC2C
:10F50000CDE91067D4E9006725EA030356405F4060
:10F51000CDE91E674CAF44AED7E90045D6E9006798
:10F5200026EA04044AAED6E9002327EA050562402C
:10F530006B4046AC44ADCDE93623D5E90023D4E990
:10F54000004524EA02024CACD4E9006725EA030333
:10F5500056405F40DDE90645CDE91C67DDE90C67F3
:10F5600074407D40630043EAD5734E936B0043EAD9
:10F57000D4734F93DDE9182382EA080283EA090372
:10F58000940144EA93649B0143EA9263509451933B
:10F59000DDE92445DDE9082362406B40540644EA76
:10F5A000D3145B0643EAD2135393DDE9302382EA96
:10F5B0000A02529483EA0B03140244EA13641B0206
:10F5C00043EA12635593DDE93267DDE904237240B3
:10F5D00054947B40940444EA93349B04569443EA45
:10F5E000923350AD52AC5793D5E90023D4E900458E
:10F5F00024EA02024EACD4E9006725EA0303564030
:10F600005F40CDE9186752AF54AED7E90023D6E981
:10F61000006726EA020250AED6E9004527EA030356
:10F6200054405D4056AA54ABCDE93045D3E900457E
:10F63000D2E9002322EA040452AAD2E9006723EAAD
:10F64000050566406F404EAC56ADD5E90023D4E9C0
:10F65000004524EA020254ACCDE90C67D4E9006706
:10F6600025EA030356405F40CDE924674EAF50AE14
:10F67000D7E90023D6E9006726EA020256AED6E9AA
:10F68000004527EA030354405D40DDE9122382EA86
:10F690000A02CDE9324583EA0B03D40644EA531447
:10F6A000DB0643EA521358945993DDE91445DDE92A
:10F6B000042362406B40140F44EA03141B0F43EA17
:10F6C00002135B93DDE92067DDE9062372405A945B
:10F6D0007B40940244EA93549B0243EA92535D9325
:10F6E000DDE92C2382EA08025C9483EA0903D4034F
:10F6F00044EA5344DB0343EA52435E945F93DDE9FB
:10F700003845DDE9082362406B40140A44EA03648B
:10F710001B0A43EA02635AAF5CAE6193D7E9002348
:10F72000D6E9006726EA020258AE6094D6E90045A1
:10F7300027EA030354405D40CDE938455CAD5EAC3B
:10F74000D5E90023D4E9004524EA02025AACD4E901
:10F75000006725EA030356405F40CDE914675EAFBA
:10F7600060AED7E90023D6E9006726EA02025CAE64
:10F77000D6E9004527EA030354405D40CDE92C4516
:10F7800060AD58ACD5E90023D4E9004524EA020273
:10F790005EACD4E9006725EA030356405F40CDE93B
:10F7A000126758AF5AAED7E90023D6E9006726EAB8
:10F7B000020260AED6E9004527EA030354405D40EB
:10F7C000CDE92045DDE90E2388EA0208DDE91A6764
:10F7D00089EA0309DDE908454FEA980343EA89739A
:10F7E00062934FEA9903744043EA887363937D40C0
:10F7F000630A43EAC55364936B0A43EAC4536593AF
:10F80000DDE9262382EA0A0283EA0B03540E44EA66
:10F81000C3145B0E43EAC2136793DDE928ABDDE94D
:10F82000042382EA0A02669483EA0B03D40D44EAB5
:10F830004324DB0D43EA422368946993DDE93445B0
:10F84000DDE9062362406B40940044EA93749B0018
:10F8500043EA927364AF66AE6A946B9362ACD7E985
:10F860000023D6E90067D4E900AB26EA020227EAC2
:10F87000030368AE66AF8AEA020A8BEA030B64AC44
:10F88000D7E90023D6E90067CDE926ABD4E900AB80
:10F8900026EA020227EA03036AAE68AF8AEA020A8E
:10F8A0008BEA030B66ACD7E90023D6E90067CDE904
:10F8B00034ABD4E900AB26EA020227EA030362AEC6
:10F8C0006AAF8AEA020A8BEA030B68ACD7E9002325
:10F8D000D6E90067CDE91AABD4E900AB26EA02020B
:10F8E00027EA03038AEA020A8BEA030B62AF64AEDB
:10F8F000CDE928AB6AACD7E90023D6E90067D4E9A3
:10F9000000AB26EA020227EA03038AEA020A8BEA2C
:10F91000030BDDE90A67CDE90EABDDE92AABDDE9D2
:10F920001823DDE938458AEA060A8BEA070BDDE988
:10F9300026678AEA020A8BEA030B8AEA040A8BEA40
:10F94000050B86EA0A0687EA0B07DDE91089DDE97F
:10F9500022ABDDE93023DDE9144588EA0A0889EAAB
:10F960000B09CDE9026788EA0208DDE9346789EA14
:10F970000309DDE93AAB88EA040889EA0509DDE90B
:10F980001E45DDE90C2388EA060889EA0709DDE956
:10F990002C6784EA0A0485EA0B05DDE91AAB5440BA
:10F9A0005D4074407D408AEA040A8BEA050BDDE97C
:10F9B0003623DDE91645DDE92467CDE908ABDDE94D
:10F9C00012AB62406B40DDE9284572407B4082EA21
:10F9D0000A02DDE91C6783EA0B03DDE932AB624012
:10F9E0006B40DDE92E4586EA0A0687EA0B07DDE96A
:10F9F00020AB66406F40DDE90E454FEA480C86EAD1
:10FA00000A0687EA0B074CEAD97C74407D40CDF8A2
:10FA100098C24FEA490CCDE900454CEAD87CA6AC27
:10FA2000CDF89CC2D4E90067DDE9004566406F402F
:10FA3000089DCDE90467099E4FEA450C4CEAD67C47
:10FA4000CDF8A0C24FEA460C4CEAD57CCDF8A4C252
:10FA5000A8AFD7E90045DDE902674FEA420C7440E0
:10FA60007D404CEAD37CCDE90645019E009DCDF852
:10FA7000A8C24FEA430C4CEAD27CCDF8ACC2770066
:10FA80004FEA450C47EAD577AAAC4CEAD67CD4E9D4
:10FA900000ABAD97CDF8B0C2ACAFD7E90045DDE91A
:10FAA000086788EA0A08DDF808A089EA0B097440AB
:10FAB000DDF80CB07D40CDE908454FEA4A0444EA40
:10FAC000DB74AE944FEA4B0444EADA74AF94AEAF01
:10FAD000D7E900ABDDE90A458AEA020A8BEA030BA3
:10FAE000DDE90423DDE9106762406B40DDE906458E
:10FAF00074407D40260D46EA05362D0D45EA043555
:10FB00006D95DDE90C4584EA080485EA09056C96E3
:10FB1000660D46EAC5266D0D45EAC4256E966F95BD
:10FB2000DDE91267DDE9084574407D40660546EA77
:10FB3000D5266D0545EAD4257195DDE90E4584EAA3
:10FB40000A04709685EA0B05A60346EA9546AD03BE
:10FB500045EA9445739551E90245729685EA030793
:10FB600084EA02066CAD6EACCDE90A67D5E90067A0
:10FB7000D4E9004524EA060625EA0707DDE90A4537
:10FB800074407D40CDE90A456EAD70ACD5E90067A3
:10FB9000D4E9004524EA060625EA0707CDE90C6703
:10FBA0006CAED6E90045DDE90C6774407D4072AE6D
:10FBB00070AFCDE90C45D7E90045D6E9006726EAE4
:10FBC000040427EA0505CDE90E456EACD4E90067CB
:10FBD000DDE90E4566406F4072ACCDE90E67D4E9B1
:10FBE000006722EA060623EA0707CDE9106770AE30
:10FBF000D6E90045DDE9106774407D40CDE9104548
:10FC00006CADD5E9004524EA020272ACD4E9006784
:10FC100025EA030356405F40CDE91267DDE908237A
:10FC2000DDE9166772407B40140744EA13141B0792
:10FC300043EA121374947593DDE91C2382EA0A02E5
:10FC400083EA0B03140544EA13341B0543EA123319
:10FC500076947793DDE91845DDE9042362406B4033
:10FC6000D40044EA5374DB0043EA52737993DDE92C
:10FC70001467DDE90623724078947B40D40C44EA93
:10FC80004334DB0C43EA42337B93DDE91A2382EAF7
:10FC900008027A9483EA0903D40844EA4374DB082F
:10FCA0007C9443EA427376AD78AC7D93D5E900232A
:10FCB000D4E9004524EA020274ACD4E9006725EADD
:10FCC000030356405F40CDE9146778AF7AAED7E9B9
:10FCD0000023D6E9006726EA020276AED6E900459F
:10FCE00027EA030354405D40CDE916457AAD7CAC6C
:10FCF000D5E90023D4E9004524EA020278ACD4E92E
:10FD0000006725EA030356405F40CDE918677CAFE2
:10FD100074AED7E90045D6E9006726EA04047AAE56
:10FD2000D6E9002327EA050562406B4076AC74AD46
:10FD3000CDE91A23D5E90023D4E9004524EA0202DB
:10FD40007CACD4E9006725EA030356405F40CDE967
:10FD50001C67DDE92267DDE9062372407B40540021
:10FD600044EAD3745B0043EAD2737F93DDE91E2338
:10FD700082EA08027E9483EA0903940144EA9364C8
:10FD80009B0143EA926380948193DDE92445DDE998
:10FD9000082362406B40540644EAD3145B0643EAEE
:10FDA000D2138393DDE9202382EA0A02829483EA54
:10FDB0000B03140244EA13641B0243EA12638593A3
:10FDC000DDE92667DDE90423724084947B409404D6
:10FDD00044EA93349B04869443EA923380AD82AC28
:10FDE0008793D5E90023D4E9004524EA02027EACDA
:10FDF000D4E9006725EA030356405F40CDE91E675A
:10FE000082AF84AED7E90023D6E9006726EA020272
:10FE100080AED6E9004527EA030354405D40CDE9B2
:10FE2000204584AD86ACD5E90023D4E9004524EA19
:10FE3000020282ACD4E9006725EA030356405F4022
:10FE4000CDE9226786AF7EAED7E90023D6E9006709
:10FE500026EA020284AED6E9004527EA03035440AD
:10FE60005D40CDE924457EAD80ACD5E90023D4E9E1
:10FE7000004524EA020286ACD4E9006725EA0303C0
:10FE8000DDE92E4584EA0A0485EA0B055F40E306B6
:10FE900043EA55138893EB06564043EA541389937B
:10FEA000CDE92667DDE90423DDE92A6772407B405E
:10FEB000140F44EA03141B0F43EA02138A948B9332
:10FEC000DDE93045DDE9062362406B40940244EAF7
:10FED00093549B0243EA92538D93DDE92C2382EAEB
:10FEE00008028C9483EA0903D40344EA5344DB03F5
:10FEF00043EA5243DDE928678F93DDE90823724026
:10FF00008E947B40140A44EA03641B0A909443EAEB
:10FF100002638AAD8CAC9193D5E90023D4E9004506
:10FF200024EA020288ACD4E9006725EA03035640BC
:10FF30005F40CDE928678CAF8EAED7E90023D6E9C4
:10FF4000006726EA02028AAED6E9004527EA0303E3
:10FF500054405D40CDE92A458EAD90ACD5E90023F3
:10FF6000D4E9004524EA02028CACD4E9006725EA12
:10FF7000030356405F40CDE92C6790AF88AED7E9C8
:10FF80000023D6E9006726EA02028EAED6E90045D4
:10FF900027EA030354405D40CDE92E4588AD8AAC85
:10FFA000D5E90023D4E9004524EA020290ACD4E963
:10FFB000006725EA030356405F40CDE93067DDE97D
:10FFC0003A6788EA060889EA07094FEA980343EA8C
:10FFD000897392934FEA990343EA88739393DDE917
:10FFE0000845DDE9362354405D40630A43EAC553C2
:10FFF00094936B0A43EAC4539593DDE9322382EA72
:020000021000EC
:100000000A0283EA0B03540E44EAC3145B0E43EA6C
:10001000C21396949793DDE93845DDE904236240E5
:100020006B40D40D44EA4324DB0D43EA4223DDE96F
:1000300034679993DDE90623724098947B409400DD
:1000400044EA93749B009A9443EA927394AC9B9312
:10005000D4E9002396ACD4E900AB92ACD4E90067B4
:100060002AEA02022BEA030356405F40CDE93267D9
:1000700098AED6E9006794AC26EA0A0227EA0B0399
:10008000D4E900AB98AF9AAE8AEA020A8BEA030B76
:1000900096ACD7E90023D6E90067CDE934ABD4E9C3
:1000A00000AB26EA020227EA03038AEA020A8BEA85
:1000B000030B9AAF92AECDE936AB98ACD7E90023EB
:1000C000D6E90067D4E900AB26EA020227EA030377
:1000D00094AE92AF8AEA020A8BEA030B9AACD7E994
:1000E0000023D6E90067CDE938ABD4E900AB26EAB6
:1000F000020227EA03038AEA020A8BEA030BCDE92C
:100100003AABFFF70AB8DDE90A67DDE90CABDDE9D8
:100110000E23DDE91045C0E90067DDE91267C0E99B
:1001200002ABC0E90423DDE914ABDDE91623C0E925
:100130000645C0E90867DDE91845DDE91A67C0E949
:100140000AABC0E90C23DDE91CABDDE91E23C0E9E5
:100150000E45C0E91067DDE92045DDE92267C0E909
:1001600012ABC0E91423DDE924ABDDE92623C0E9A5
:100170001645C0E91867DDE92845DDE92A67C0E9C9
:100180001AABC0E91C23C0E91E45C0E92067DDE9C0
:100190002CABDDE92E23DDE93045DDE93267C0E92E
:1001A00022ABC0E92423C0E92645C0E92867DDE980
:1001B00034ABDDE93623DDE93845DDE93A67C0E9EE
:1001C0002AABC0E92C23C0E92E45C0E930670DF504
:1001D000317DBDE8F08F00BF10B50A46002104460E
:1001E0001BF09AFD10BDFFFF2DE9F74F4FF480780B
:1001F00028FA01F84FF0010B01390BFA01FB174BFC
:100200000BF1FF3B4FEA480A03EB4B0B0546002678
:100210003BF8022F05EB0A07B146002406EB080362
:10022000994511D2385B019210FB02F0FEF74DFDAB
:100230002B5B019A80B21B1A3B532B5B184428534B
:1002400009F101090234E9E703EB0806FF2E07EB89
:100250000A05DDD903B0BDE8F08F00BF40E702001A
:10026000F0B50025FF2923D803359D4220D8541925
:1002700014F8027C14F803CC14F8016C4CEA072C37
:10028000CCF30B0CBCF5506F06DC4C1CB4F5807F36
:1002900020F811C00AD021463F0947EA0616B6F5F4
:1002A000506FDABF20F811604C1C0C462146D9E78C
:1002B0000846F0BD10B50023C45A4FF0007244F652
:1002C000BF6114FB0121891601EB410201EB82029F
:1002D00001EB0222A21A92B211B2090C494202F6B3
:1002E0000154544004EA21414A40C2520233B3F55A
:1002F000007FE1D110BD70B5002200EB0215002394
:1003000001249C408E5C34406442261440F2816497
:10031000344025F813400133082BF1D10132202A53
:10032000EBD170BD70B500230022C25401EB03165F
:1003300036F91240074D6C4304F18044C55CE40F6C
:10034000944001322C43082AC454F1D10133202BAC
:10035000EAD170BDB8AF130010B50023CC5AC25A11
:100360002244C2520233B3F5007FF7D110BD10B55D
:100370000023C45ACA5AA21AC2520233B3F5007FEC
:10038000F7D110BD38B505460C46FEF7E5FC05F57E
:10039000A07004F50071FEF7DFFC05F5207004F590
:1003A0008061BDE83840FEF7D7BC38B505460C463D
:1003B000FEF72BFD05F5007004F5A071FEF725FD95
:1003C00005F5806004F52071BDE83840FEF71DBDDD
:1003D00038B505460C46FEF74EFD05F5C07004F530
:1003E0000071FEF748FD05F5407004F58061BDE839
:1003F0003840FEF740BD38B505460C46FEF74FFDC8
:1004000005F5007004F5C071FEF749FD05F5806043
:1004100004F54071BDE83840FEF741BDF8B5064629
:10042000002437190125294638460135FFF7DCFE3F
:10043000082DF8D104F50074B4F5C06FF1D1F8BD02
:1004400010B50446FEF760FD04F50070FEF75CFD94
:1004500004F58060BDE81040FEF756BD38B505468E
:100460000C46FEF731FD05F5807004F50071FEF7CE
:100470002BFD05F5007004F58061BDE83840FEF7FE
:1004800023BD2DE9F04700AFADF5995D0DF11F04D7
:1004900024F01F0404F5C06504F58856824688469A
:1004A00028469146FFF781FF304608F57071FEF748
:1004B00095FC49462046FFF79EFF04F54069284613
:1004C000FFF7ACFF04F5706848462946FFF7C6FF02
:1004D0002A464B4621464046FEF77AFD4046FEF747
:1004E00013FD41463046FFF742FF3046FFF7E2FE7C
:1004F00050463146FFF716FF48464FF44071FFF76C
:100500006BFE40464FF40071FFF766FE30464FF435
:100510000071FFF761FE20464FF4C061FFF75CFEFB
:1005200028464FF4C061FFF757FE0020BD46BDE8E6
:10053000F08710B50446FFF7BDFE04F50070FFF725
:10054000B9FE04F58060BDE81040FFF7B3BE38B5D2
:1005500005460C46FFF700FF05F5007004F5007135
:10056000FFF7FAFE05F5806004F58061BDE83840CC
:10057000FFF7F2BEF8B5074600257E190024305F6C
:1005800040F249535843FEF7A0FB30530234B4F510
:10059000007FF4D105F50075B5F5C06FEDD1F8BD5C
:1005A000F0B50023CA18CD5C94785678D27824042C
:1005B00044EA06242C4344EA0262540802F055350A
:1005C00004F055342C4400EB83060022550024FA35
:1005D00005F7023524FA05F507F0030705F00305D2
:1005E0007D1BB5520232102AF0D10433802BD9D1B1
:1005F000F0BDE021FFF7F0BD4FF44871FFF7ECBD0F
:1006000010B5024400249C4203D0105D085501340B
:10061000F9E710BD2DE9F047099D0A9C089F0646A1
:10062000914698462A462346FFF7EAFF06F1C8009E
:1006300049462A462346FFF7E3FF06F5C8704146C0
:100640002A462346FFF7DCFF06F5167039462A4690
:100650002346BDE8F047FFF7D3BF2DE9F04105463B
:100660000C46174698467CB1444534BF264646465C
:100670003846FEF7E9FC2946384600223346FFF7A4
:10068000BFFF3544A41BEEE7BDE8F08170B5054619
:100690000C4616465CB13046FEF7D6FC294630467D
:1006A0000022A823FFF7ACFFA835013CF2E770BD9C
:1006B00030B5024400249C4205D00D5D105D6840B9
:1006C00010550134F7E730BD2DE9F047099D0A9C2C
:1006D000089F0646914698462A462346FFF7E8FFBC
:1006E00006F1C80049462A462346FFF7E1FF06F512
:1006F000C87041462A462346FFF7DAFF06F5167012
:1007000039462A462346BDE8F047FFF7D1BF2DE919
:10071000F8431E460746884691460023FA180833D8
:1007200000240025C82BC2E90045F7D146450CD36B
:100730004946384600224346FFF7BAFF3846FEF7DF
:1007400083FCC8EB0606C144F0E72EB138464946A3
:1007500000223346FFF7ACFF08F1FF38464509D1C8
:100760009DF8203063F07F038DF82030384608A9CB
:1007700032460BE0384608A932460123FFF798FFBE
:1007800080238DF82030384608A942460123FFF720
:100790008FFFBDE8F88313B513460C461F22009265
:1007A000A8212246FFF7B3FF02B010BD2DE9F041AA
:1007B00000AFADF5407D0DF11F0424F01F0404F5DA
:1007C0000075804622222846FFF7E5FF20460321D8
:1007D0002A46FFF75BFF4046002122464FF4FC7398
:1007E000FFF73EFDFF28064609D8204601212A468C
:1007F000FFF74CFF404631462246A823F0E7284643
:10080000FFF7F7FE20464FF4FC71FFF7E5FCBD460D
:10081000BDE8F081F0B583B002AFC0B00DF12704A0
:1008200024F01F040D461F21064600912046882112
:10083000FFF76DFF3046294622468823FFF70DFF5C
:100840002046E021FFF7C8FC0437BD46F0BD2DE986
:10085000F04F83B000AFADF5487D1D460DF11F048C
:100860003B6B7A6024F01F0483468A461A4604F5DF
:10087000007E03F1200C10685168764603C60832EA
:100880006245B646F7D11A4604F5107E03F1200CF6
:1008900010685168764603C608326245B646F7D1FD
:1008A0001A4604F5207E03F1200C10685168764644
:1008B00003C608326245B646F7D104F5307C664679
:1008C00003F1200E18685968324603C20833734595
:1008D0001646F7D197F8343084F8203297F838303C
:1008E00084F8603297F83C3084F8A03204F5007642
:1008F00097F8403084F8E0322046802132462123A8
:1009000004F18009C7F800C004F58078FFF782FF82
:100910004846802104F510722123FFF77BFF4046F3
:10092000802104F520722123FFF774FFD7F800C05F
:1009300035B104F5C070802162462123FFF76AFFBC
:1009400058462146FFF72CFE50464946FFF728FE41
:1009500078684146FFF724FE25B1284604F5C071AA
:10096000FFF71EFE20464FF40071FFF735FC3046BE
:100970004FF48071FFF730FC0C37BD46BDE8F08FB7
:1009800030B5B5B00D46134606220446009202A8C3
:100990002A468821FFF7BBFE204602AA8823202191
:1009A000FFF75BFE02A8C821FFF716FC35B030BD8B
:1009B000B0B500AF90B00DF11F04054624F01F0440
:1009C000204605F590614FF49462FFF7D9FF214668
:1009D000202205F51260FEF765F920210546204624
:1009E000FFF7FAFB281C18BF01204042BD46B0BDEE
:1009F00030B5B5B00D46134606220446009202A853
:100A00002A464821FFF783FE204602AA48234021B8
:100A1000FFF723FE02A8C821FFF7DEFB35B030BD8B
:100A200010B50446FEF710FB04F1C800FEF70CFBFE
:100A300004F5C870FEF708FB04F51670BDE8104019
:100A4000FEF702BB2DE9F04F87B08046109D894626
:100A500092469B460024129A0BEB0403059309EB84
:100A600004070AEB040308EB040614448DB1119843
:100A70000493FFF7D5FF059A00920020129A019087
:100A800002921198049B31463A46FFF7C3FD013D9F
:100A9000E1E707B0BDE8F08F1FB5069C0094079C06
:100AA0000194A8240294FFF7CDFF04B010BD2DE9F6
:100AB000F04D86B09B460F9F109D1F2306460C46A7
:100AC00092468DF817304FF000080E9BA54207EBB9
:100AD000080043440BEB08020AEB0801A0440BD3C7
:100AE00000900020019002943046FFF7EDFD304663
:100AF000FFF796FF2D1BE8E735B10090002001902D
:100B000002953046FFF7E0FD671EBD420DF1170468
:100B10000AD19DF8173063F07F038DF81730012359
:100B20008DE8300002930FE08DE830000125234668
:100B30000295304621462246FFF7C6FD8DE890001B
:100B400080238DF8173002953046214622462346F1
:100B5000FFF7BAFD06B0BDE8F08DF0B585B01C46D4
:100B60000E46154600214FF4487207461BF0D4F894
:100B700000940A9C01940B9C02943846A8213246AA
:100B80002B46FFF794FF05B0F0BD2DE9F04F89B07B
:100B900002AFADF5346D7961396CFB600DF127045E
:100BA00024F01F0401F1C00304F500680093222320
:100BB00082463A61404601F14002019301F180030F
:100BC000FFF7CBFF04F5007604F5806504F5C069F6
:100BD00003238DE8080131462A4620464B46FFF79D
:100BE0005BFF002122464FF4FC735046FFF738FBB1
:100BF000324600214FF4FC7380467869FFF730FBE2
:100C00002A4600214FF4FC7306463869FFF728FB9B
:100C10000546F86800214A464FF4FC73FFF720FBB5
:100C2000B8F1FF0F81462FD8012204F5007C04F5AE
:100C3000806304F5C06B009204F500626146019286
:100C400020461A46BB605B46C7F804C0FFF724FF86
:100C500041462246A8235046FFF702FBD7F804C0BE
:100C600031466246A82380467869FFF7F9FA29469B
:100C7000BA68A82306463869FFF7F2FA49460546DE
:100C80005A46F868A823C9E7FF2ECDD9FF2DCBD946
:100C9000FF28C9D904F50060FFF7AEFC20464FF4E9
:100CA0000061FFF799FA1C37BD46BDE8F08F2DE9CA
:100CB000F04182B002AFC8B00DF12704054690465E
:100CC00024F01F0400230A46E01801F1200652F820
:100CD00004EB40F804EBB242F9D14033B3F5807F26
:100CE000F1D1234600260322B6FBF2F2D1B202EB89
:100CF0004202B21AD2B2B8F1000F14D183F8202008
:100D000083F821100136042E03F14003EBD105F5E1
:100D1000C0630094284605F5007105F58062FFF771
:100D200034FF234604E083F8201083F82120E9E70C
:100D30000322B6FBF2F2D1B202EB4202B21AD2B2F5
:100D4000B8F1000F25D183F8202083F82110013657
:100D5000082E03F14003EBD105F5406205F5006074
:100D600005F5206105F560630094FFF70EFF02238F
:100D700005F58050214684F8203084F82130FFF7B3
:100D800015FD20464FF48071FFF726FABD46BDE8F9
:100D9000F08183F8201083F82120D8E72DE9F04F67
:100DA0008BB006AFADF51E5D0DF1370424F01F04C6
:100DB00004F51D58F860B960454602F12006106838
:100DC00051682B4603C30832B2421D46F7D14FF09B
:100DD000030B04F51C5688F820B03046414621220A
:100DE000FFF706FE204631460022FFF760FF012391
:100DF0000293022306F1200C4FF0000A04F59055EF
:100E00000393FF23CDF800C00493284604F5A051B6
:100E100004F5B0525346CDF804A0C7F804C0FFF75C
:100E200016FD042302930523D7F804C0039304F5A9
:100E3000F059FF23CDF800C004F5005104F5085225
:100E4000CDF804B0049348465346FFF700FD28460A
:100E5000FFF7E4FA04F5105B4846FFF7DFFA58465F
:100E60002946FFF7FBFAD4460CEB4C0104F5C05AB7
:100E70000AEB0C0021442A4604F51053C7F804C0BD
:100E8000FEF7A6F8D7F804C00CF5007CBCF5C06FDF
:100E9000EAD15046FFF76EFB49465046FFF757FB35
:100EA0005046FFF746FB2846FFF743FBB868294644
:100EB000FFF78EFAF8685146FFF78AFAFB68B646E4
:100EC00003F5906206F1200C734603CB6345106076
:100ED00051609E4602F10802F6D158464FF4407127
:100EE000FFF77AF928464FF4C061FFF775F95046CD
:100EF0004FF4C061FFF770F948464FF4C061FFF747
:100F00006BF920464FF49051FFF766F940462121D6
:100F1000FFF762F930464021FFF75EF900201437F1
:100F2000BD46BDE8F08FF8B505460C461746FFF7FD
:100F300035FF0646D0B904F5906029464FF4946217
:100F40000FF0AEF804F512604FF494622946FFF7F3
:100F500017FD07F1200204F5146402F1200352F892
:100F6000041B44F8041B9A42F9D109E028464FF4C7
:100F70009461FFF731F920464FF41661FFF72CF921
:100F80003046F8BD2DE9F04F8DB006AFADF54D5DA3
:100F90000DF1370424F01F0404F5F05B3861884636
:100FA0005846114691461E46FFF725FA04F54C5166
:100FB00009F5906579610A4609F5946928686968B8
:100FC000134603C308354D451A46F7D1414604F58B
:100FD0003C50FFF790F9204679690122FFF767FE40
:100FE00001230293022304F5105800250393FF23E5
:100FF0000493404604F5185104F520522B46009600
:101000000195FFF724FC0323019304230293052396
:101010000393062304F5D051049304F5C05004F55E
:10102000E05204F534530096FFF711FC04F5285AFA
:101030004046FFF7F3F950464146FFF70FFA05EB3C
:10104000450104F5905909EB0500214442465346F9
:1010500005F50075FDF7BCFFB5F5C06FEFD104F5E0
:1010600044564246594653463046FDF7B1FF48467E
:10107000FFF7E6F93046FDF747FF04F5C053194680
:1010800048467B60FFF763FA04F5345C61463046FE
:10109000C7F80CC0FFF760F904F53C521146304622
:1010A000BA60FFF759F94846FFF743FA3046FFF7B1
:1010B00001F938694946FFF765F9396901F570703A
:1010C0003146FDF711FE50464FF44071FFF784F8AA
:1010D000D7F80CC04FF400716046FFF77DF8BA688E
:1010E0004FF400711046FFF777F830464FF4007167
:1010F000FFF772F848462946FFF76EF87B682946E5
:101100001846FFF769F858462946FFF765F8404644
:101110002946FFF761F820464FF49051FFF75CF83D
:1011200078692021FFF758F800201C37BD46BDE83C
:10113000F08F2DE9F04F83B0814600AF1046ADF53A
:10114000A06D8A461546FFF733FC0DF11F0424F00D
:101150001F04064604F5946800285AD140465146BB
:101160002A46FFF78EF90646002852D105F5126B84
:1011700004F5986205F51466DBF80000DBF804104E
:10118000134603C30BF1080BB3451A46F4D104F51B
:101190008C60414640227860FFF72AFC2046414699
:1011A00005F5906204F59063FFF7ECFE064680BB00
:1011B000504621464FF48862FDF774FD05F516652B
:1011C00038605B46A64618685968724603C2083301
:1011D000AB429646F7D151464FF4886204F12000A5
:1011E0000EF05EFF4FF48C63484620212246FFF745
:1011F00011FB00237A683868D15C424219F8030079
:10120000484000EA2242514009F803100133202BE4
:10121000F0D120464FF48C61FEF7DEFF04F58C60C0
:101220004021FEF7D9FF40464021FEF7D5FF30466A
:101230000C37BD46BDE8F08FFDF706BF074B1A78A7
:101240001206FBD530221A70C1F30742D8719A7189
:10125000C1F30722C9B25A711971704700000240E8
:1012600020F4FF6110B521F007010120FFF7E6FF30
:10127000084B02221A70084A0023137002F8013C3E
:1012800072B6064C20461FF0EFFA62B6207800F0E6
:10129000310010BD0B0002400A0002400000024075
:1012A00010B50C4620F00301B1F5006F00D2EAB191
:1012B000A1F5A0620C2A00D8DBB10620FFF7BEFF23
:1012C0000D4BE2781A70A27803F8012C627803F8CB
:1012D000022C227803F8032C72B6084C20461FF02B
:1012E000C3FA62B6207800F0310010BD4FF0FF3035
:1012F00010BD6FF0010010BD0B0002400000024065
:1013000010B520F4FF6424F00704B4F5006F00D298
:1013100031B12046FFF7A4FF90B124B9204610BD9B
:101320004FF0FF3010BD09202146FFF787FF72B64E
:10133000044C20461FF098FA62B6207800F0310085
:1013400010BD00BF0000024010B5124C23781B06F0
:10135000FBD530232370104B06221A70002203F8AD
:10136000012C042203F8022C0C2203F8032C0B4A54
:10137000FF23137002F8013C02F8023C084B18707E
:1013800072B620461FF070FA62B6207800F0310085
:1013900010BD00BF00000240070002400B000240E9
:1013A00008000240014B0360704700BF08E90200DB
:1013B00010B5034B0360044619F036FE204610BDFD
:1013C00008E90200014B0360704700BF08E9020012
:1013D000014B0360704700BF38E9020010B5034BB2
:1013E0000360044619F020FE204610BD38E90200D3
:1013F000014B0360704700BF38E902002DE9F84354
:101400001E4603689DF82070DB6804460D46914631
:101410009847236880461B6920469847464505D86B
:101420002846494632460EF03BFE14E02368324619
:1014300049465B6920469847236820469B68984741
:10144000236806469B69204629463246984723680A
:1014500020461B699847AB1918463946C6EB080267
:101460001AF05AFC03469D4205D015F8012B7A402C
:1014700005F8012CF7E7BDE8F88310207047FFFF5F
:10148000184B0A789A5C02704A799A5C42708A7AA0
:101490009A5C8270CA7B9A5CC2700A799A5C02710B
:1014A0004A7A9A5C42718A7B9A5C8271CA789A5CA9
:1014B000C2710A7A9A5C02724A7B9A5C42728A789A
:1014C0009A5C8272CA799A5CC2720A7B9A5C0273D5
:1014D0004A789A5C42738A799A5C8273CA7A9B5C76
:1014E000C373704768E90200184B0A789A5C02706F
:1014F0004A7B9A5C42708A7A9A5C8270CA799A5C5A
:10150000C2700A799A5C02714A789A5C42718A7B4D
:101510009A5C8271CA7A9A5CC2710A7A9A5C027287
:101520004A799A5C42728A789A5C8272CA7B9A5C27
:10153000C2720A7B9A5C02734A7A9A5C42738A7915
:101540009A5C8273CA789B5CC373704768EA020036
:101550002DE9F0430C788B78CA784D7861000E1233
:1015600077003E4406EBC6064E4069000F124FEA74
:10157000470CBC440CEBCC0C8CEA010C59000F124C
:101580004FEA4708474407EBC7074FEA42084F4076
:101590004FEA28214FEA4109494401EBC10181EAA0
:1015A000080183EA0508F6B282EA08085FFA8CFCB3
:1015B00086EA08088CEA080880F8008083EA0408B4
:1015C00082EA08086C40FFB262408CEA080C5C407A
:1015D000C9B287EA0C0C664057404F40714080F812
:1015E00001C08770C170BDE8F083FFFF2DE9F04FA7
:1015F0000C784D788A78C97863001E1277003E44D3
:1016000006EBC60687B07340DBB200936B001E1278
:101610004FEA4609B14409EBC90989EA03095300B5
:101620001E1277003E4406EBC6067340DBB2019300
:101630004B001E1277003E4406EBC6067340DBB239
:10164000AE00029337124A4BDF5D7E40F6B203963E
:10165000960037124FEA840ADF5D7E40F6B20496A8
:101660008E0037125FFA89F9DF5D7E40F6B205968B
:10167000E600371213F8078088EA0608EE003712F2
:101680005FFA88F813F807C08CEA060CD600371208
:101690005FFA8CFCDF5D7740CE004FEA262BFFB26D
:1016A00013F80BB08BEA06064FEA2A2BF6B213F8B2
:1016B0000B30DDF810B083EA0A0A82EA05034B40DA
:1016C0008BEA03038CEA0303DDF800B07B40734030
:1016D00088EA0A0A8BEA03035FFA8AFA89EA0303B3
:1016E0008AEA0303DDF80CB0037082EA04034B407E
:1016F0008BEA0303DDF814B08BEA03036C40DDF8DA
:1017000010B088EA03038CEA030361407B408BEA54
:10171000010173408CEA010189EA03037940DDF895
:101720000490DDF814B0714089EA030389EA0101ED
:10173000DDF80C904370544089EA04048BEA0404F9
:10174000029BDDF8089088EA04088CEA080C5940EE
:1017500087EA0C07009B7E405E408AEA010A89EA1C
:10176000060680F802A0C67007B0BDE8F08F00BF83
:1017700060E90200F0B5856889B00F460023EC5C93
:10178000D15C61400DF803100133102BF7D10679BD
:10179000103504AC012E204669461FD9FFF770FEB4
:1017A00068462146FFF7D4FE01A805A9FFF7D0FE41
:1017B00002A806A9FFF7CCFE03A807A9FFF7C8FEF9
:1017C0000023E95C1DF803204A400DF80320013393
:1017D000102BF6D1013E1035F6B2DAE7FFF750FED6
:1017E0000023E95CE25C4A40FA540133102BF8D143
:1017F00009B0F0BD2DE9F0418368057988B003EBAD
:10180000051506460F460023E85CD15C41400DF803
:1018100003100133102BF7D104AC20466946FFF7C3
:1018200063FE3679012E23D9A5F110080023EA18AA
:1018300012F8101CE25C4A40E2540133102BF6D13E
:1018400068462146FFF7D2FE01A805A9FFF7CEFEA4
:1018500002A806A9FFF7CAFE03A807A9FFF7C6FE5C
:10186000013E20466946FFF73FFEF6B24546D9E7FE
:101870000023EA1812F8101CE25C4A40FA540133C3
:10188000102BF6D108B0BDE8F081FFFF10B5034B77
:101890000360044602F028FA204610BD70EB0200F7
:1018A00010B50446FFF7F2FF204619F0BDFB2046B5
:1018B00010BD017980680131090100F073BBFFFFA1
:1018C00010B5044602F020FA034B23600023237175
:1018D000A360204610BD00BF70EB020030B5084881
:1018E0005478084D045DEB5C5C400C709378C35CED
:1018F0004B70D378C35C8B701378C35CCB7030BDF6
:1019000068E9020090EB02001078064B185C087042
:101910005078185C48709078185C8870D2789B5C1E
:10192000CB70704768E90200CB692DE9F047DD0F05
:1019300023F000460B46132401EB820C43F81C6F86
:101940008246A5FB04450CF11C0C63450FD053F8EF
:10195000049F53F8200C261845F100074FF0260885
:10196000E8FB096743F8206C3C460025EDE7072AB1
:101970000FD80FFA82FC013251F82C30D2B2E6189F
:1019800045F10007082A41F82C603C464FF000055D
:10199000EFD12626A4FB0623CC6906FB0533E60F10
:1019A000132524F00044E5FB0623CC6100268F5963
:1019B000D4198C5106F1040643F10005202E2A4665
:1019C0004FF00003F3D11E46132200238F59D41980
:1019D00001EB060706F1040643F10005202E3C62E8
:1019E0002A464FF00003F1D1CC6BE21724F00044FB
:1019F000D643CC63CC18256ACC58154034402C43D0
:101A00004AF803400433202BF4D1BDE8F08770B5C9
:101A1000002188B013220023465894194DF8014044
:101A200001F1040143F1000520292A464FF000038B
:101A3000F2D1079CE11724F00044CA4307945DF8F3
:101A4000034001EA0405C45814402C43C450043335
:101A5000202BF4D1104608B070BDD1F800C02DE99C
:101A6000F04700238A4600240025D658A046A94600
:101A7000ECFB068940F803800433202B4C464FF0E2
:101A80000005F2D1C0F82090AC4604300AEB0C03FC
:101A90000024D3F8048000250023C658D15800271D
:101AA000E8FB01673619C65003F1040347EB05074D
:101AB000202B3C464FF00005EFD10CF1040CBCF19B
:101AC0001C0F076200F10400E0D1BDE8F08710B5FB
:101AD00090B004466846FFF7C0FF204669460822DA
:101AE000FFF722FF10B010BD0A46FFF7F0BFFFFF5F
:101AF0002DE97043002290B0002600238C590B4D35
:101B000090469946E5FB04894DF806800436202E60
:101B10004A464FF00003F1D169460122CDF82090EA
:101B2000FFF702FF10B0BDE8708300BF41DB01008A
:101B30002DE9F047D2F800E090B08246002300245F
:101B40000025CE58A046A946EEFB06894DF8038035
:101B50000433202B4C464FF00005F2D1CDF82090F5
:101B600001AB0DF1200852F804CF4FF0000E002415
:101B7000002553F80E6051F80E000027ECFB0067BB
:101B8000361943F80E600EF1040E47EB0507BEF15F
:101B9000200F3C464FF00005EBD11F620433434554
:101BA000E1D1504669460822FFF7BEFE10B0BDE8FD
:101BB000F0872DE9F043002300240025D758CE58A4
:101BC0004FF0000916EB070849F1000918EB04066D
:101BD000C65003F1040349EB0507202B3C464FF0A8
:101BE0000005EBD1BDE8F043FFF711BF2DE9F04F41
:101BF000002300252E4601240025002706EA040ABA
:101C000007EA050BD458CD582C1B65EB0505B4EB42
:101C10000A0465EB0B05C4500433202BEAD12A4695
:101C200013241440002502683D400023121B63EB7F
:101C300005030260014600F11C064A684FF00009E6
:101C4000012400251C4005EA09050023121B63EB53
:101C5000050341F8042FB142EFD122F00043C361E4
:101C6000BDE8F08F2DE9704300240125B4EB000896
:101C700065F1000900250E4609F1FF342B46F058A6
:101C8000D158414021404840F050D0584140D150B7
:101C90000433202BF3D1BDE870832DE97043002479
:101CA0000125B4EB000865F1000900250E4609F195
:101CB000FF342B46F158D058484020404140F15065
:101CC0000433202BF6D1BDE87083202100F06AB9DF
:101CD00070B588B0044668460E46FFF705FF092533
:101CE00068466946013DFFF7FFFE15F0FF05F7D195
:101CF000204669463246FFF7EAFE17250A2668465F
:101D00006946013EFFF7F0FE16F0FF06F7D12046C8
:101D100021466A46013DFFF7DAFE15F0FF05EDD1D9
:101D200068462146FFF7E0FE204621466A46FFF757
:101D3000CEFE082568466946FFF7D6FE013D2046DF
:101D400021466A46FFF7C3FE15F0FF05F2D168464B
:101D5000FFF7BBFF08B070BD38B504460D46FFF76E
:101D6000B7FF20462146FFF7BFFE20462146FFF77A
:101D7000BBFE2A4620462146FFF7A9FE2046214603
:101D8000FFF7B2FE20462146FFF7AEFE2A46204668
:101D90002146FFF79CFE20462146FFF7A5FE204680
:101DA00021462A46BDE83840FFF791BE2DE9F04FA5
:101DB000F1B0074688466846114642B12023082103
:101DC00001F0CCF8079B23F00043079304E02022A6
:101DD00019F0A2FF092300936846FFF718FE0021BF
:101DE000202200F0010608A819F096FF6D46012395
:101DF0000021202218A8089319F08EFF0FCD10ACF7
:101E00000FC495E80F0008AD84E80F000FCD20AC9B
:101E10000FC495E80F004FF0FF0B84E80F004FF060
:101E20001F090024402518F809A005EA0A0A84EAD7
:101E30000A04204608A910AAFFF714FF204618A993
:101E400020AAFFF70FFF18AA28A808A9FFF7B1FEDC
:101E500050A828A9FFF748FE18AA30A808A9FFF73C
:101E6000C5FE58A830A9FFF73FFE48A850A958AAB8
:101E7000FFF7BCFE38A810A920AAFFF79AFE40A8D9
:101E800010A920AAFFF7B2FE60A840A928AAFFF770
:101E90001EFE68A838A930AAFFF719FE68AA10A884
:101EA00060A9FFF786FE10A80146FFF71DFE68AA8D
:101EB00020A860A9FFF79AFE20A80146FFF714FEAC
:101EC00020A801466A46FFF702FE58AA08A850A9B2
:101ED000FFF7FDFD18A848A9FFF70AFE18A801465C
:101EE00050AAFFF766FE18A8014648AAFFF7EFFDC3
:101EF0006D0808D109F1FF394FEACA145FFA89F970
:101F0000E4B2802501E04FEA5A040BF1FF3B1BF0DD
:101F1000FF0B88D1204608A910AAFFF7A3FE20AA2C
:101F2000204618A9FFF79EFE20A818A9FFF714FF66
:101F300008A8014620AAFFF7CAFD20210DEB0102E7
:101F40000823384601F020F86846FFF7BEFE08A8CF
:101F5000FFF7BBFE10A8FFF7B8FE18A8FFF7B5FE05
:101F600020A8FFF7B2FE28A8FFF7AFFE30A8FFF7C2
:101F7000ACFE38A8FFF7A9FE40A8FFF7A6FE48A8C8
:101F8000FFF7A3FE50A8FFF7A0FE58A8FFF79DFE9D
:101F900060A8FFF79AFE68A8FFF797FE304671B079
:101FA000BDE8F08F0144884203D000230370013064
:101FB000F9E77047002370B51C46934205D0CE5C0C
:101FC000C55C75402C430133F7E7C4F58070C0F35E
:101FD000002070BD08B540680368DB68984708BDFD
:101FE0000C207047102070472DE9F0471F4690F8ED
:101FF000703006468A4690462BB9083000F020FE25
:10200000012386F870303D46D146002D43D096F826
:1020100071300F2B21D996F83F3096F83E2070682A
:10202000013386F83F3002EB132396F83D2086F803
:102030003E3002EB132396F83C2086F83D3002EB4D
:10204000132386F83C30036806F140015B6906F112
:1020500030029847002386F8713096F87130C3F14A
:102060001000C0B2A84288BFE8B203F140020344A6
:10207000324486F871302D1A0024E3B2984207D01A
:10208000115D18F804304B4009F804300134F4E7CE
:1020900080448144B9E706F1080051463A4600F011
:1020A000A0FDD6E91A45E41945F10005C6E91A452F
:1020B000BDE8F0872DE9F04F0C2A824687B0144620
:1020C0000AF1300311D10A68CAF830204A685A6010
:1020D0008A689A6000228AF83C208AF83D208AF8B3
:1020E0003E2001228AF83F202CE00AF1080B5846D6
:1020F0000193670F00F075FD584600F0A1FDE60062
:102100000021102202A800244FEA076819F004FEFB
:1021100035BA1022584602A944EA0804CDE904451C
:1021200000F05FFD02A81021FFF73CFF019B58461D
:102130001946102200F091FD58460AF1500100F0B6
:1021400042FD019B002000210022CAE91801CAE9D2
:102150001A018AF87020DAF8040010228AF8712037
:1021600002680AF1500154691A46A047012007B0DD
:10217000BDE8F08F10B5044640680368DB699847F6
:1021800004F1080000F07AFD04F130004821FFF767
:1021900009FF102384F8713010BD70B50546406802
:1021A00003681B699847064688B105F15004002171
:1021B0001022204619F0B0FD6868036821465B696B
:1021C0002246984705F10800214600F0FCFC304605
:1021D00070BDF8B590F87030064617464BB9083018
:1021E00000F0FFFCD6E91845E41945F10005C6E901
:1021F0001845F8BD102A70B50E4614460DD8036870
:1022000000F1300529461022DB6A984728463146FE
:102210002246BDE87040FFF7CDBE002070BD2DE91D
:10222000F04F804600F1080985B048468B4692463B
:1022300000F006FDD8F86420D8F86030D50045EAF3
:102240005375DC002ABA23BACDE90023D8F86C20F4
:10225000D8F86830D500DC0045EA5375102227BA5B
:10226000484669462EBACDE9026708F1400400F0FD
:10227000B8FC68461021FFF795FE1022484621461B
:1022800000F0EBFC4346002293F8401093F8500016
:1022900001324140102A83F8401003F10103F3D1C9
:1022A00058462146BAF1100F34BF5246102205B0ED
:1022B000BDE8F04F0DF0F4BE10B5084B04464821C0
:1022C00040F8303BFFF76EFE04F1080000F074FCAC
:1022D000204601F0E7FD204610BD00BFA8EB02003C
:1022E00010B50446FFF7E8FF204618F09DFE204693
:1022F00010BD2DE9F8431F4690F870300646894618
:10230000904600F108042BB9204600F099FC012307
:1023100086F87030204641463A4600F062FCD6E925
:102320001A45E41945F10005C6E91A45002F43D0C6
:1023300096F871300F2B21D996F83F3096F83E2051
:102340007068013386F83F3002EB132396F83D2086
:1023500086F83E3002EB132396F83C2086F83D3099
:1023600002EB132386F83C30036806F140015B69F9
:1023700006F130029847002386F8713096F87120F4
:10238000C2F11003DBB2BB4288BFFBB202F14000D6
:102390001A4486F871203044FF1A0022D1B28B42D1
:1023A00007D0845C18F80210614009F8021001326D
:1023B000F4E799449844B9E7BDE8F88338B5044692
:1023C000002501F083FD0A4B2360656004F10800DD
:1023D00000F0EEFB00220023C4E91823C4E91A230D
:1023E000102384F8713084F87050204638BD00BF47
:1023F000A8EB0200402070478020704710B50446CB
:10240000D8210830FFF7CEFD236820461B69984786
:1024100010BDFFFF70B50C4D044600F1080205F138
:1024200040062B4603CBB342106051601D4602F1BB
:102430000802F6D10023002284F8D8300023C4E932
:102440003223C4E9342370BDE0EB020010B5064B23
:102450000446D82140F8083BFFF7A4FD2046FEF7CC
:10246000B7FF204610BD00BF28EC020010B504469F
:10247000FFF7ECFF204618F0D7FD204610BDFFFF08
:1024800010B50446FEF7B4FF034B23602046FFF768
:10249000C1FF204610BD00BF28EC02002DE9F04F1F
:1024A0000021C3B000F14806D6E9004508312ABA38
:1024B00023BA8029E6E80223F6D1D0E90223D0E945
:1024C0000445D0E90667D0E90889CDE91423CDE9B0
:1024D0001645D0E90A23D0E90C45CDE91867CDE9C6
:1024E0001A89D0E90E67D0E91089CDE91C23CDE91E
:1024F0001E45CDE92067CDE92289CDE90C89CDE9DA
:102500000667CDE9084592469B46DDE91845DDE9B9
:102510001A23DDE91667DDE91489CDE90023CDE949
:102520000A45CDE90467CDE902890021694EDDF84D
:102530000CC042187318D2E91245D3E900231219CE
:102540004FEA9A4444EA8B340E944FEA9B4444EA9F
:102550008A340F944FEA9A3444EA8B4424944FEA25
:102560009B3444EA8A444FEACA57259447EA5B27DA
:10257000DDE9248943EB05032697DDE90E454FEAA3
:10258000CB5747EA5A27279784EA080485EA0905C2
:10259000DDE9268984EA0804121985EA090543EB76
:1025A0000503DDE90689DDE9084528EA0A0804EAA9
:1025B0000A0405EA0B0529EA0B0988EA040889EAF6
:1025C0000509DDE90C4518EB020849EB030914EB9A
:1025D000080445EB0905DDE90423DDE90A8988EAF9
:1025E000020889EA0309DDE9022302EA080203EA94
:1025F0000903CDE90C23DDE90489DDE90A2302EAB8
:10260000080203EA0903DDE90C8988EA020889EA7D
:102610000309CDE90C89DDF808904FEA897343EA94
:102620009C0328934FEA8C7343EA990329934FEA5A
:10263000197343EA0C134F462A934FEA1C7343EA7B
:1026400007132B93DDE92A89DDE9282383EA0903AF
:10265000B9467F0647EADC172C974FEA4C6747EAF2
:10266000D9172D9782EA0802DDE92C8982EA08024F
:1026700083EA0903DDE90C8918EB020849EB030939
:10268000DDE90023121943EB0503083118EB0408B8
:1026900049EB05098029CDE900231DD0DDE9064578
:1026A000DDE90867CDE90C45CDE908ABDDE9044576
:1026B000CDE906679246DDE902679B46DDE90A231C
:1026C000CDE90467CDE90023CDE90A45CDE90289CA
:1026D0002CE700BF50EC020078360E96012101F085
:1026E0000F0300EBC303D3E9124501F10D0303F01F
:1026F0000F0300EBC303D3E91267CDE90C67260A89
:1027000046EA05662E962E0A46EA04662F96660865
:1027100046EAC57630966E0846EAC4763196DDE91B
:102720003023DDE92E675F40E309564043EA456206
:10273000EB0910921193DDE9104501F10F0C0CF03B
:102740000F0C00EBCC0C66406F40DCE912453619EB
:1027500001F1080404F00F0400EBC40447EB050783
:10276000D4E91245361947EB05070C9D0D9AEC008C
:1027700044EA52743294D40044EA557413463394B4
:10278000EC0C44EA43342A463494DC0C44EA4234E8
:102790003594DDE93423DDE932455D400C9B54403E
:1027A0000D9A9B0943EA82620D9B12929B09139337
:1027B000DDE912235440361985EA0305009C47EBF6
:1027C0000507019DA30C43EA85333693AB0C43EA1E
:1027D00084333793A30B43EA8543CCE912673893DC
:1027E000AB0B43EA84433993AC46DDE93623DDE99C
:1027F00038456B40009D6240EC0544EA5C243A9405
:102800004FEACC54DDF800C044EA5C243B94DDE997
:102810003A4554405D40DDE9002302EA0A0203EA3A
:102820000B03CDE92445CDE92623DDE90045DDE9AB
:10283000082322EA040423EA050522462B46DDE9A3
:10284000264554405D40DDE92423121943EB05037E
:10285000CDE90C230E9BF3E902450E93DDE90C2331
:10286000121943EB0503DDE90645921943EB070313
:10287000A41845EB0305DDE90267CDE90645DDE96E
:102880000445DDE904237D403B4005EA09055D4040
:102890004FEA887343EA99033C934FEA897343EA0A
:1028A00098033D934FEA187343EA09133E934FEAA6
:1028B0001973744043EA081332403F9304EA080452
:1028C000DDE93E675440DDE93C2372404FEA48664B
:1028D00046EAD91640964FEA496646EAD8167B4042
:1028E000419640AFD7E900677240A41883EA070316
:1028F00045EB0305DDE90667DDE90A23921943EBA1
:1029000007030131A41945EB0705412916D0DDE97C
:102910000867CDE908ABCDE90667DDE900ABDDE985
:102920000267CDE90023DDE90423CDE90289CDE981
:102930000A23CDE90467A046A946D0E6DDE914677D
:10294000A41945EB0705C0E90245DDE9164518EB7A
:10295000040849EB0509DDE91867DDE90245A4191A
:1029600045EB0705C0E90489C0E90645DDE91A8998
:10297000DDE9044514EB080445EB0905C0E9084509
:10298000DDE91C45121943EB0503DDE91E67C0E9CB
:102990000A23DDE90023921943EB0703C0E90C2366
:1029A000DDE9202312EB0A0243EB0B03DDE9228968
:1029B000C0E90E23DDE9082312EB080243EB09030B
:1029C000C0E9102343B0BDE8F08F00BF2DE9F84FF8
:1029D0009346D0E932234FEACB06B6184FEA5B772D
:1029E00047EB03079F4208BF964282460D46C0E967
:1029F0003267D0E9348927D218F1010849F100097A
:102A0000C0E9348920E09AF8D820C2F18004E4B209
:102A10005C4588BF5FFA8BF40AF1480010442946F0
:102A200022460DF03DFB9AF8D8202244D2B2802AEB
:102A30008AF8D820C4EB0B0B254405D15046FFF78C
:102A40002DFD00228AF8D820BBF1000FDBD1BDE8B4
:102A5000F88F2DE9F84300F1480890F8D8309146F6
:102A6000802208F8032090F8D82006466F2B02F148
:102A700001000F4640444FF0000114D8C2F16F022C
:102A800019F04AF9D6F8D010D6F8D4000BBA02BA29
:102A9000D6F8C810D6F8CC00C6E92E2302BA0BBA75
:102AA000C6E930231BE0C2F17F0219F035F9304648
:102AB000FFF7F4FC70224046002119F02DF9D6F8FA
:102AC000D030D6F8D4201DBA14BAD6F8C830D6F80B
:102AD000CC20C6E92E4514BA1DBAC6E930453046A9
:102AE000FFF7DCFC06F14003002053F8382C53F8C4
:102AF000341C08300CBA15BA4028E3E90245F4D179
:102B000038464146B9F1400F34BF4A464022BDE83D
:102B1000F8430DF0C5BA37B513460D4636220446C4
:102B2000009200F148012A46FEF768FCD4E93223FE
:102B300012F5806243F100032046C4E9322303B05A
:102B4000BDE83040FFF7AABC2DE9F04105461E461E
:102B500055F8483B92B08846174602A99B69402227
:102B6000044698475C2329460093204642463B464C
:102B7000FEF744FCD4E9322312F5806243F10003EE
:102B8000C4E932232046FFF789FC226820465369B6
:102B900002A940229847226820469369189A314634
:102BA000984702A84021FFF7FDF912B0BDE8F08177
:102BB000002280F82020704710B524210446FFF73A
:102BC000F1F9204610BD10B5044601F027F804F1D4
:102BD00010000021102219F09FF8002384F8203003
:102BE00010BDF8B504460F46164646B394F82020AB
:102BF000C2F11003DBB2B34204F1100088BFF3B29C
:102C000002440025E9B2994207D217F805C0515D88
:102C10008CEA010151550135F4E794F820201A445B
:102C2000D2B2102A84F82020C3EB06061F44DCD160
:102C3000214601F00AF8002384F82030D5E7F8BDDA
:102C400010B590F82030044633B11030214600F022
:102C5000FCFF002384F8203010BD70B504460E46FA
:102C60001546FFF7EDFF304604F11001102D34BF7B
:102C70002A461022BDE870400DF012BA2421FFF759
:102C800091B910B540210446FFF78CF904F14000DA
:102C90004021FFF787F9204610BDFFFFB0F88410F0
:102CA000002262F30E01A0F88410C1F3072141F065
:102CB000800180F885100649C0F88020C0F888207F
:102CC000C0F88C1080F8A02080F8A120704700BFC9
:102CD00080EE36002F29B0F8840007D9C0F30E002B
:102CE000B0F5C07FB4BF002001207047C0F3CB0017
:102CF00081428CBF00200120704738B5036B044629
:102D0000013300F14005036314222846214601F0F7
:102D1000B0F9284604F1100304F1700250F8041BC6
:102D200043F8041B9042F9D10EF074F9636B5840DC
:102D3000606338BD2DE9F047B0F884301646C3F320
:102D40000E02B6EBD20F96BFA2EBC6026FF30E03D4
:102D500062F30E0304468946A0F884303546002706
:102D600009EB060AC5EB0A0A35B30F2F04D9204632
:102D7000FFF7C3FF012701E00137FFB2236B04F126
:102D800040080133236340462146142201F071F9C3
:102D90003F2D05D8504641462A460DF081F90BE0FB
:102DA0004346524608F1400153F8040B42F8040B25
:102DB0008B42F9D1403DD3E72046BDE8F047FFF70D
:102DC0009CBFFFFF036B10B501330446036321462C
:102DD0004030142201F04DF92046FFF78EFF024BE0
:102DE0001B68C4F8883010BD8CFDFF1F38B5044641
:102DF000002394F8A0205D1CDBB29A4207D924334B
:102E000054F823000368DB6898472B46F1E7074B2B
:102E10001A68D4F88830D21AD4F88C309A4204D385
:102E20002046BDE83840FFF7CDBF38BD8CFDFF1F01
:102E3000B2EBD30FF8B504460E46154601D802B1E1
:102E4000D300B4F88420C2F30E01C1F5C0709842DB
:102E50008CBF5B184FF4C07363F30E02A4F8842098
:102E6000ADB1302D34BF2A46302204F11001AD1A25
:102E70000023CF5CF05C7840C85401339342F8D112
:102E800020461E44FFF739FF002DEAD102E020461C
:102E9000FFF733FF94F88530DA090FD0B4F88420B7
:102EA000C2F30E02B2F5C07F08DB6FF3C71384F8DC
:102EB00085302046BDE8F840FFF784BFF8BDFFFF2E
:102EC00038B51B4BC0F880200D460446024603F17E
:102ED000100153F8040B42F8040B8B42F9D1154B47
:102EE00004F1100203F1300153F8040B42F8040B13
:102EF0008B42F9D1B4F884306FF30E03A4F8843018
:102F0000C3F3072343F0800384F885302046FFF79E
:102F1000F4FE45B1284619F06EF929460246002311
:102F20002046FFF785FF2046BDE83840FFF74ABF3F
:102F3000D0EE0200E0EE020010B5054C2046FFF78F
:102F4000ADFE20460349044ABDE8104018F050BECB
:102F500088D6FF1F832C01007C8CFF1F70B58D006D
:102F6000AB4206461C46114609D21A460DF098F8A7
:102F700030192A1B0021BDE8704018F0CDBE2A464A
:102F8000BDE870400DF08CB870B50D469C00A542B0
:102F90000646114604D82A46BDE870400DF080B8B8
:102FA00022460DF07DF830192A1B0021BDE8704043
:102FB00018F0B2BE2DE9F0418C4680460026002074
:102FC000002183B15CF8067094590025E41945F19D
:102FD0000005241845EB010548F806402846002165
:102FE000013B0436EDE7BDE8F0812DE9F0434FF0F9
:102FF000000C0025C3B12E4601240025002706EA57
:10300000040807EA050952F80C4051F80C502C1B33
:1030100065EB0505B4EB080465EB090540F80C40C9
:10302000013B0CF1040CE5E705F00100BDE8F0837D
:103030002DE9F0434FF0000C0025C3B12E460124CA
:103040000025002706EA040807EA050952F80C40A3
:1030500051F80C502C1B65EB0505B4EB080465EB2F
:10306000090540F80C40013B0CF1040CE5E705F0C4
:103070000100BDE8F083D3F800C02DE9F74F00242C
:1030800000254FF0000890450CD051F82860A2466A
:10309000AB46ECFB06AB40F828A05C46002508F1E7
:1030A0000108F0E74FF0010B40F822404FEA820898
:1030B00004309C46CDF804B0019C0C9B9C4223D26A
:1030C0005CF8049F03464FF0000A4FF0000B002607
:1030D00096420FD01F681AEB070451F826704BF187
:1030E0000005E9FB074543F8044BAA464FF0000BE7
:1030F0000136EDE740F808A0DDF804A00AF1010A66
:10310000CDF804A00430D7E703B0BDE8F08F2DE977
:10311000F047984681469246FFF78AFF00244042D6
:1031200000230025B8F1000F14D05AF8032059F8F5
:1031300003600240B6184FF0000747F10007361948
:1031400047EB050749F803603C46002508F1FF38C6
:103150000433E7E7BDE8F087202070474020704740
:103160000E4B83600E4BC3600E4B03610E4B4361ED
:103170000E4B83610E4BC3610E4B036203F174531C
:10318000A3F52303A3F692434362002380F8703033
:1031900000220023C0E91A23704700BF67E6096ACE
:1031A00085AE67BB72F36E3C3AF54FA57F520E5168
:1031B0008C68059BABD9831F10B50446702108307D
:1031C000FEF7F0FE236820461B69984710BDFFFFFD
:1031D00010B5064B0446702140F8083BFEF7E2FEAE
:1031E0002046FEF7F5F8204610BD00BF18F002009B
:1031F00010B50446FFF7ECFF204617F015FF2046F8
:1032000010BDFFFF10B50446FEF7F2F8034B236034
:103210002046FFF7A5FF204610BD00BF18F00200B2
:103220002DE9F04F00238DB0C2180433916A402B72
:1032300009BA9162F8D18268C368039204938269E3
:10324000C36905690595079208931E46134603AAAC
:103250004769069792E81401476A056A06990A9732
:10326000B946099502950027C519DFF870C1D5F850
:1032700028B057F80C504FEAB31A8AEAF32AAB4445
:103280008AEA736ADA44DDF808B02BEA030506EA35
:10329000030B85EA0B055544A94488EA040508EAAE
:1032A000040A154085EA0A054FEAB20A8AEA723A28
:1032B0008AEAB25A04375544402F49444D4409D054
:1032C000DDF8089002961E460B464146A04614467D
:1032D0002A46C9E70CF13C070B974FF0010C0CF0A4
:1032E0000F070A370CF10F0A50F827700AF00F0A7F
:1032F00000EB8A0A4FEAF71B8BEAB74B8BEAD70B36
:10330000DAF828700CF10D09BB440CF1080709F03C
:103310000F0907F00F0709F10A090A3750F8299039
:1033200050F827705F444FEA794B8BEAF94B8BEAF0
:1033300099294F444FEAB119CAF82870019726EA33
:10334000010B0B9F89EAF12903EA010A8BEA0A0AB9
:1033500089EA7169D14457F804AF0B97019FDDF8F2
:1033600008B0D144B94484EA020704EA020A2F40B3
:1033700087EA0A074FEAB50A8AEA753A8AEAB55A2D
:103380000CF1010CD9445744BCF1310FC844B94485
:1033900008D002961E460B464146A04614462A46D1
:1033A0004D469CE7039FB944049FC0F808903D44F4
:1033B000C560059D069F2A440261079A099D424403
:1033C0003C4482610A9F089A446111442B443E4464
:1033D000C161036246620DB0BDE8F08F10EF0200DC
:1033E0002DE9F044550FD4001646D0E91A23A4184D
:1033F00045EB0305C0E91A4507468A4606B397F828
:103400007030C3F14004E4B2B44288BFF4B207F1B3
:1034100028001844514622460CF042FE97F87030BE
:103420002344DBB2402B87F87030C4EB0606A2447D
:10343000E4D13846FFF7F4FE002387F87030DDE76B
:10344000BDE8F0842DE9F04B00F1280B90F87030C6
:10345000904680220BF8032090F870200746372B07
:1034600002F10100894658444FF0000115D8C2F11D
:10347000370218F051FCD7E91A23190E1C4641EA0D
:1034800003611B0A03F47F4324020B4304F47F040B
:103490001C4312BA3C667A661BE0C2F13F0218F088
:1034A0003BFC3846FFF7BCFE00213822584618F096
:1034B00033FCD7E91A010A0E0B0A42EA016203F44F
:1034C0007F430C02134304F47F041C4306BA3C669A
:1034D0007E663846FFF7A4FE3B4600229968043218
:1034E00009BA202A996203F10403F7D148465946E4
:1034F000B8F1200F34BF42462022BDE8F04B0CF05B
:10350000CFBD37B513460D4636220446009200F172
:1035100028012A46FDF772FFD4E91A2312F500723A
:1035200043F100032046C4E91A2303B0BDE830404C
:10353000FFF776BE2DE9F04105461E4655F8283BBB
:103540008AB08846174602A99B69202204469847FC
:103550005C2329460093204642463B46FDF74EFF3A
:10356000D4E91A2312F5007243F10003C4E91A23C7
:103570002046FFF755FE22682046536902A9202203
:103580009847226820469369109A3146984702A8C6
:103590002021FEF707FD0AB0BDE8F081202070472A
:1035A00010B5064B0446F02140F80C3BFEF7FAFC40
:1035B0002046FEF76BF9204610BD00BF48F0020020
:1035C00010B50446FFF7ECFF204617F02DFD20460E
:1035D00010BD202A2DE9F04106466FD100F10C0400
:1035E000234601F1200251F8040B43F8040B9142E9
:1035F000F9D106F1DC0801270825082D23D13B4627
:1036000004F11C02304604F12001FEF767F922782C
:1036100094F82030534084F82030627894F82130B8
:10362000534084F82130A27894F82230534084F833
:103630002230E27894F823300137534084F8233065
:10364000FFB2002532E0042D1CD104F11C023046EB
:1036500004F12001FEF758F9227894F82030534005
:1036600084F82030627894F82130534084F8213077
:10367000A27894F82230534084F82230E27894F80B
:10368000233010E02278237F534084F82030627882
:10369000637F534084F82130A278A37F534084F89D
:1036A0002230E278E37F534084F82330043401353C
:1036B0004445EDB2A1D10120BDE8F0810020BDE874
:1036C000F081FFFF10B50446FEF7FAF8044B2360C3
:1036D0000E23237104F10C03A360204610BD00BF2C
:1036E00048F002002DE9F0419CB0164D164B4FF00A
:1036F00009080746082403A8CDF8008010220E46CA
:10370000FFF7B9FC03A813A942462B460094FFF724
:10371000B2FC314603AA23463046FFF766FC384622
:1037200031462A462346FFF7F2FC384639462A46F8
:103730002346FFF7ECFC03A86421FEF733FC1CB022
:10374000BDE8F081A8F00200C8F0020038B50B46D1
:1037500014460546102110461A464023FFF7FEFB8B
:103760000023236428462146BDE83840FFF7BABF4E
:103770002DE9F04101F160060C4607464031304624
:10378000FEF7EAFA04F12005204621463246FEF70C
:103790009EF9284629463246FEF799F92268E36BDE
:1037A00043EAC273E36338462A4620210823BDE872
:1037B000F041FFF7E9BB03682DE9F04104461B69BE
:1037C00000F148050E4617469847236820463946BB
:1037D0005B69202298472368204629469B6900227E
:1037E000984794F8483023F0070384F8483094F859
:1037F000673003F07F0343F0400384F867303046BE
:103800002A4608212023BDE8F041FFF7A7BB80210D
:10381000FEF7C8BB2DE9F04FC5B00546039114462D
:10382000002180220293012618F076FAFF232E62EF
:103830002E6401934FF00009039A029B52F82970FD
:10384000374013B9002F00F0908005F1200804F1F3
:10385000200A04A841462A46FEF7C8F9514614A892
:103860002246FEF7C3F904A8014614AAFEF72FF971
:103870000CA841462A46FEF79CF9514614A8224658
:10388000FEF797F90CA8014614AA05F1600AFEF7A5
:103890001EF914A8514604F16002FEF718F914A8A5
:1038A00001466F4A05F1400BFEF742F91CA8594644
:1038B00004F14002FEF70BF91CA801460246FEF790
:1038C00078F93CA80CA904AAFEF790F934A81CA921
:1038D00014AAFEF78BF91CA8014614AAFEF769F991
:1038E0000CA8014604AAFEF764F9029B002B28D01D
:1038F00024A83CA934AAFEF7EAF82CA81CA90CAA13
:10390000FEF7E5F834A801461CAAFEF7E0F83CA84B
:1039100001460CAAFEF7DBF83846294624AAFEF732
:10392000BCF9384641462CAAFEF7B7F93846594645
:1039300034AAFEF7B2F9384651463CAAFEF7ADF973
:1039400013E028463CA934AAFEF7C1F840461CA95A
:103950000CAAFEF7BCF8584634A91CAAFEF7B7F823
:1039600050463CA90CAAFEF7B2F804F1200A04A8BC
:1039700051462246FEF73AF904A801460246FEF7F0
:10398000A6F80CA851462246FEF713F90CA804F13C
:10399000600701460246FEF79AF814A839463A46EF
:1039A000FEF795F814A804F1400801462C4AFEF7EA
:1039B000BFF81CA841464246FEF789F81CA80146FC
:1039C0000246FEF7F6F838460CA904AAFEF70EF9EF
:1039D00040461CA914AAFEF709F91CA8014614AA1E
:1039E000FEF7E7F80CA8014604AAFEF7E2F8204625
:1039F00039464246FEF76BF850461CA90CAAFEF762
:103A000066F8404641461CAAFEF761F80CAA384603
:103A10003946FEF75CF8019AB6F1004F08BF09F18C
:103A2000010902F1FF3312BF76005FFA89F901261E
:103A300013F0FF0301937FF4FFAE24A8FFF7E7FE26
:103A400004A8FEF742F90CA8FEF73FF914A8FEF708
:103A50003CF91CA8FEF739F945B0BDE8F08F00BF6E
:103A600068F00200F0B5174D86460F4616460FCD9A
:103A7000A1B06C460FC495E80F00134D84E80F0009
:103A80000FCD08AC0FC495E80F00104D84E80F006F
:103A90000FCD10AC0FC495E80F000D4D84E80F005A
:103AA0000FCD18AC0FC495E80F0084E80F007046E6
:103AB00039466A463346FFF7ADFE6846FFF7A7FE74
:103AC00021B0F0BD0CF102002CF10200ECF002007C
:103AD00088F002002DE9F041ADF5027D04468846EC
:103AE0004AA81E461746889DFEF7CAFC01A9424611
:103AF0004AA8FFF760FE4AA8FEF78CFC4AA864A912
:103B00002022FEF763FF4AA831462A46FEF75EFFF1
:103B10004AA85CA90022FEF79CFF09A85CA919AA83
:103B2000FFF714FE01222AA809A9FFF79BFF2AA983
:103B30002046FFF71DFE4AA8FEF76CFC4AA8214666
:103B40002022FEF743FF4AA839462022FEF73EFF17
:103B50004AA831462A46FEF739FF4AA85CA9002246
:103B6000FEF777FF11A85CA919AAFFF7EFFD01AADC
:103B700019A811A9FDF771FF19A80023014629937F
:103B8000FFF7B0FD19A809AA01460823FFF712FAAA
:103B900019A80146104A0823FFF7B9FA19AA082301
:103BA000202104F12000FFF7EFF901A8FEF78DF8BE
:103BB00009A8FEF78AF811A8FEF787F8442119A88A
:103BC000FEF7F0F92AA8FFF722FE4AA8FEF73EFC0E
:103BD0000DF5027DBDE8F081A8F0020030B5E1B03E
:103BE0000D46044628A8FEF74BFC28A869462A463D
:103BF000FFF7E1FD012208A86946FFF733FF08A996
:103C00002046FFF7B5FD6846FEF75FF808A8FFF706
:103C1000FEFD28A8FEF71AFC61B030BD10B50346C2
:103C200001F1100251F8044B43F8044B9142F9D1D1
:103C300003681BBA036043681BBA436083681BBAFE
:103C40008360C3681BBAC36010BD2DE9F74F002322
:103C50000E684D688C68CA681F469C46984699460F
:103C6000082110F803A001914AF3C01101EA060BE4
:103C700089EA0B0901EA050B88EA0B0801EA040B43
:103C80008CEA0B0C11404FEAC47B4F4042F3000119
:103C90004BEA52024FEAC57B4BEA54044FEAC67B1B
:103CA0004BEA5505DDF804B001F0614181EA5606A2
:103CB0000BF1FF314FEA4A0A11F0FF015FFA8AFA6D
:103CC0000191D1D10133102BCAD199FA89F3036044
:103CD00098FA88F343603FBA9CFA8CF38360C7601C
:103CE00003B0BDE8F08FFFFF014B0360704700BFDA
:103CF00058F1020010B5034B0360044617F094F925
:103D0000204610BD58F10200014B0360704700BF10
:103D100058F1020008B540680368DB68984708BDA1
:103D2000102070472DE9F04706460F4690469A4608
:103D30000024C4EB0A020F2A08EB040307EB040972
:103D400019D9002570195A5D017A01354A40102DA4
:103D50000272F7D17068036806F108015B690A46D0
:103D60009847002573191B7A09F805300135102D85
:103D7000F8D11034DDE7BDE8F0872DE9F74F0746AD
:103D80008A4691469B460024C4EB0B020F2A0AEB9D
:103D9000040309EB040818D97868026807F11801D0
:103DA000956901934246A847019B3E460025307A1B
:103DB000317E18F80520414059550135102D3272D9
:103DC00006F10106F3D11034DEE703B0BDE8F08F51
:103DD00070B50446406803689B680E4615469847D0
:103DE000102806D16068036831461B692A46984747
:103DF00070BD002070BD102A10B50ED100F108036F
:103E000001F1100251F8044B43F8044B9142F9D1EF
:103E1000102380F82830012010BD002010BDFFFFC6
:103E200010B5084B0446102140F8083BFEF7BAF8DD
:103E300004F118001021FEF7B5F82046FDF7B2FA9C
:103E4000204610BD80F1020010B50446FFF7E8FFE0
:103E5000204617F0E9F8204610BD10B5044640682A
:103E60000368DB69984704F108001021FEF79AF80F
:103E700004F118001021FEF795F8102384F828307B
:103E800010BDFFFF10B50446FDF79CFA044B2360FC
:103E900000236360102384F82830204610BD00BF43
:103EA00080F1020010B5034B03600446FDF77AFA77
:103EB000204610BDB0F1020010B50446FFF7F2FF36
:103EC000204617F0B1F8204610BDFFFF10B504469C
:103ED000FDF778FA014B2360204610BDB0F10200D7
:103EE000202070470820704710B50468A469A047D7
:103EF00010BDFFFF102A70B5154604460E4600F1AE
:103F0000040223D8214B03F1100153F8040B42F8AB
:103F1000040B8B42F9D131462A4604F114000CF00F
:103F2000BFF804F1240031462A460CF0B9F8102DF0
:103F300027D0C5F11006601900213246143017F061
:103F4000EBFE601924300021324618E0104B202D82
:103F500028BF202503F1100153F8040B42F8040B8D
:103F60008B42F9D104F1140031462A460CF098F83E
:103F7000202D06D0601914300021C5F1200217F061
:103F8000CBFE402384F88530012070BD18F202007A
:103F900029F20200082A38B504460D4607D134300C
:103FA000002117F0B9FE2B68E3636B680BE00C2A65
:103FB0000FD134300021042217F0AEFE2B68A3632A
:103FC0006B68E363AB682364402384F88530012089
:103FD00038BD002038BD10B5402104460430FDF73F
:103FE000E1FF04F144004021FDF7DCFF402384F8A9
:103FF000853010BD10B5084B0446402140F8043B05
:10400000FDF7D0FF04F144004021FDF7CBFF20462F
:10401000FDF7C8F9204610BDF0F1020010B50446C6
:10402000FFF7E8FF204616F0FFFF204610BDFFFF18
:1040300038B504460D46FDF7C5F9044B236040230F
:1040400084F8845084F88530204638BDF0F10200B1
:10405000042A10B5044601D0082A08D104F134001E
:104060000CF01EF8402384F88530012010BD00209C
:1040700010BD2DE9F04F002387B0CC58C450043355
:10408000402BFAD1012A40F2CC8004680369056A0A
:104090004669476B03EB0408046B88EA04044FEAA3
:1040A000344425446B404FEA3353984488EA04046F
:1040B0004FEA3464651900956B4045684FEA7363B5
:1040C000354401936F40436A4FEA37473B445E40B3
:1040D0004FEA365635446F404FEA376702971F4420
:1040E000039783697E40876803EB0709876B89EA3A
:1040F00007074FEA374A876A0AEB070C8CEA030383
:104100004FEA33539944CDF81090C76889EA0A0AF8
:10411000D0F81C904FEA3A6AD444CDF814A009EBC9
:10412000070AC76B8AEA07074FEA374BC76A5F443B
:1041300087EA09098CEA03034FEA3959CA444FEA6E
:1041400073631D448AEA0B0B4FEA76664FEA3B6BBA
:104150006C405F44B0444FEA344487EA090988EA76
:104160000B0B27444FEA3B4B7B40DC444FEA335375
:104170001D448CEA06064FEA36566C40B0444FEABE
:104180003464274488EA0B0B4FEA3B6B7B40DC44EA
:1041900045604FEA7363049D83614FEA7969029B2E
:1041A000C7628CEA06064D444FEA76664661009F78
:1041B000046385EA03064FEA3646374487EA09096D
:1041C0004FEA3954254485EA06034FEA3363C0F8C1
:1041D0003CB0C0F80080C0F828C043633B445C405A
:1041E0004FEA7464C461019C8560059D0362A2442A
:1041F0008AEA0503039D4FEA33431D446C404FEAAE
:10420000345404EB0A077B404FEA336383632B4447
:104210005C404FEA7464023AC76004614362D2B200
:1042200030E70023C458CA582244C2500433402BFC
:10423000F8D107B0BDE8F08FF8B504460E46174632
:104240001D46CDB394F885303F2B08D894F88500EF
:10425000C0F14000C0B2A84218D9E8B216E094F804
:10426000842004F14400211DFFF703FF002384F89C
:1042700085300122E118013391F83400082B024403
:1042800081F83420C2F30F22F4D1DFE72D1A002386
:10429000DAB290420DD094F88520F95C02F1010C5D
:1042A000224484F885C092F844204A40F2540133F5
:1042B000EEE706440744C4E7F8BDFFFF2DE9F74FDA
:1042C00004460320B2FBF0F000EB40050195571BBC
:1042D00051B9800007B10430002B00F082803923EF
:1042E000B2FBF3F210447CE000262546304632460D
:1042F000DDF804C0624548D214F802C0DFF8E88057
:104300004FEA9C0C01EB000B18F80CC001F800C040
:1043100014F8029095F801A009F003094FEA091971
:1043200049EA1A1900F1010C18F8099001F80C90EB
:1043300095F801A095F802900AF00F0A4FEA991932
:1043400049EA8A0918F809908BF8029095F80290CA
:1043500009F03F0918F809808BF8038000F1040880
:10436000C6EB080A4FF04C09BAFBF9FB09FB1BA985
:10437000B9F1000F05D123B10A2001F80800013678
:104380006046033204300335B2E7012F0ED1A55C3D
:10439000154BAD085D5D0D54A25C02F003021201E5
:1043A00001449B5C4B703D238B7018E0022F18D1A9
:1043B000A55C0D4BAD085D5D0D54551CA25C665DA2
:1043C00002F00302120142EA161201449A5C4A709A
:1043D000625D02F00F0213F822308B703D23CB7028
:1043E000043003B0BDE8F08F3AF20200F8B5018066
:1043F000044601EB41018EB20027468002714771ED
:10440000E373076130461D4617F04CFCA06018B1FD
:104410003946324617F080FC15F0010005D0012323
:1044200023730023637302230CE005F0040505F0F9
:10443000FF01012202231DB122736373A07302E006
:1044400021736273A3732046F8BD10B504468068DB
:1044500008B117F02FFC207900210CF0DBFC20467E
:1044600010BD10B50446012100790CF0D3FC207971
:104470000021BDE810400CF09FBCFFFFF8B5836839
:104480000446002B00F08A800CF0C4FD2369C01A9A
:104490003128F9D972B6424B2179A26853F831001C
:1044A000404B6788196841F0807119603E4B19686C
:1044B00041F001011960E37B13F0020F3B4B1744FD
:1044C000196837D05A31BA422BD212F801CB0825DD
:1044D0008026D3F800E0C1EB0E0EBEF1590FF8D9DB
:1044E00032494FF0010E16EA0C0F096880F880E09F
:1044F00007D0D3F800E0C1EB0E0EBEF1380FF8D9AB
:1045000006E0D3F800E0C1EB0E0EBEF1110FF8D9B2
:104510004FF0010E013D80F800E126FA0EF6D8D1E9
:10452000D1E71A68521A592AFBD962B60CF072FD0B
:104530002061F8BDB431BA422BD212F801CB082564
:104540008026D3F800E0C1EB0E0EBEF1B30FF8D910
:1045500016494FF0010E16EA0C0F096880F880E04A
:1045600007D0D3F800E0C1EB0E0EBEF1550FF8D91D
:1045700006E0D3F800E0C1EB0E0EBEF1230FF8D930
:104580004FF0010E013D80F800E126FA0EF6D8D179
:10459000D1E71A68521AB32AFBD9C6E7F8BD00BFA3
:1045A00034060300FCED00E0001000E0041000E021
:1045B00003888B4230B516D94379C2F30745C2F35D
:1045C0000724D2B22BB15D435C435A432D0A240A1F
:1045D000120A836801EB41011944037BCD54437BEC
:1045E000CC54837BCA5430BD42EA012242EA0040E7
:1045F00070474A1C4379D2B29A4270B51FD0013B32
:1046000013F0FF0384680CD0FF2904D14FF6FF712B
:1046100091FBF3F106E01102013991FBF3F189B24C
:1046200000E0194623461D1B4688ADB2AE4205D9AF
:104630001D784D432D1203F8015BF4E7427170BD04
:104640002DE9F843DDF82480BDF820900A9F164636
:104650000D4604460246103155F8040B42F8040B8F
:104660008D42F9D11946062204F1100001F016FC22
:10467000304617F0C0FDC0F3470010288ABF102352
:1046800084F8260084F8263094F8262022B104F11C
:104690001600314601F002FC002384F82730A4F80C
:1046A0002890C4F82C803846BDE8F84316F060BC6A
:1046B00030B50B46054653F8100F97B09B88ADF800
:1046C000043091F827308DF80B300B8DADF80630A3
:1046D000CB6A0090ADF808304FF480301B0C0C46CC
:1046E0008DF80A3016F06CFC0E21ADF80C0068460F
:1046F00001F000FC94F82620C043ADF80E008AB10A
:1047000004A804F1160101F00DFC94F82620012301
:10471000284603EB420204A90BF0C2FC94F82630B1
:1047200005EB4305214668460DAA01F08FFB0DAC51
:104730002B4615AD224603CAAA421860596014469A
:1047400003F10803F6D112781A7017B030BDC36AAE
:104750000133C362704707B5014602A8002220F862
:10476000042DEEF723FD03B05DF804FB038D10B5B7
:104770004FF6FF74A34204D10846FFF7ECFF012077
:1047800010BD013320F8283FEEF710FD002010BDCA
:1047900070B50446002020C940CA40087541404118
:1047A00020C4013BF7D170BD70B5012420C940CAB7
:1047B0006408B541644120C0013BF7D1D4F1010048
:1047C00038BF002070BD2DE9F043013B00249B0061
:1047D0002746254626465FF0000803E05FEA060804
:1047E000B8EB0308B6EB080952F809C051F8089075
:1047F000A9FB0C9C14EB090457EB0C0755F10005C1
:1048000018F10408984501DCB045EBDD84513C46C5
:104810002F46002504369E42DDDDB6EB430FDDDD7D
:104820008451BDE8F08300235AB28A4204DA0022A0
:1048300040F823200133F7E7704710B500231A46EC
:104840005CB28C4204DA50F8234001332243F7E78C
:10485000D2F1010038BF002010BD4B11012250F8E9
:10486000230001F01F0102FA01F1084070470139ED
:10487000C9B24BB2002B0BDA013111F0FF0315D096
:1048800059B201F18042013A002350F8222004E09D
:1048900050F82330002BEAD0EEE712B15208013372
:1048A000FBE7013903EB411398B200E0184600B270
:1048B000704710B500235CB2944205DA51F82340EA
:1048C00040F823400133F6E710BD10B5013AD2B2EB
:1048D00053B2002B09DB1BB250F8234051F82330B0
:1048E0009C4204D8F2D2FF2002E0002000E0012028
:1048F00040B210BD30B50B4689B0144605461A4685
:10490000294623466846FFF74FFF2146054668467D
:10491000FFF793FF003518BF01256D00002814BF75
:104920006842C5F1010009B030BD00EB81010023F0
:10493000814207D951F8042C43EA520341F8043D5F
:10494000D307F5E7704770B59DF910401D46234623
:104950000646FFF71DFF30B9284631462246FFF7CD
:10496000B4FF012807D0304631462A462346BDE829
:104970007040FFF719BF70BD70B59DF910401D461E
:1049800023460646FFF710FF38B1304631462A4627
:104990002346BDE87040FFF7FBBE70BD2DE9F04730
:1049A000B2B002AD9DF9E8401F4680462346284636
:1049B000FFF709FF22AB384621468DE82800FFF7B4
:1049C00056FFC0EB841086B2454A33B220251A4008
:1049D00093FBF5F5002AEDB203DA013A62F01F020B
:1049E00001326DB25FFA82F912A82946FFF71BFF68
:1049F0004FFA89F2002A28B214DD12AB03EB8000D3
:104A000000231D46A54215D257F8251001FA02FED3
:104A100043EA0E0340F82530C2F1200321FA03F3E4
:104A20000135EFE70DF1480C0CEB800039462246CA
:104A3000FFF73FFFA7000DF148094FEA440AB944C8
:104A40000125330440D400231A4659B2514520DAD7
:104A50000DF1C80C0CEB850E08B25EF8C8EC0CEB3F
:104A600081015EF820E051F8801CC1EB0E01891A2B
:104A7000714502D094BF00220122C5F1010E0DF153
:104A8000C80C0CEB8E0E01335EF8C8EC4EF820100B
:104A9000DBE7AA1A554212A821465541FFF745FF08
:104AA00032AA631E02EB83033A44484652F8801C44
:104AB00053F8802C013E42EAC172214643F8802C13
:104AC000B6B2FFF732FFBCE732AB03EB85054046D9
:104AD00055F8C81C2246FFF7ECFE32B0BDE8F0875F
:104AE0001F00008030B51C4691B0054693F9003098
:104AF0006846FFF768FED4F8AC3028466946984708
:104B000011B030BD13460A46FFF7ECBF2DE9F04166
:104B100015468AB004460E4602A80021202217F04E
:104B2000FBF895F800800323204631462A462F1DC6
:104B30004FFA88F80293FFF7E5FF2046214602AAC4
:104B40003B46CDF80080FFF717FF2046214632464E
:104B50002B46FFF7C7FFCDF800802046214605F120
:104B600084023B46FFF7EFFE0AB0BDE8F081FFFF8D
:104B70002DE9F04F0C468BB008220546FFF799FE51
:104B8000E36A0593236B0693636B0793A36B089308
:104B900002A8E36B09930026014602460823049607
:104BA00003960296FFF7F4FD2946834602AA0823DE
:104BB0002846FFF7EDFD236B0593636B0693A36B0C
:104BC00007938446E36B089302A801460246082334
:104BD000CDF800C00996FFF7DBFD2946824602AA00
:104BE00008232846FFF7D4FD236A0293636A0393E0
:104BF000A36A0493A36B0893E36B09938146294648
:104C000002AA08232846079606960596FFF7C0FDD8
:104C1000636A0293A36A0393E36AA26B0493636BD0
:104C2000059306920893E26B236A079280460993E4
:104C3000294602AA08232846FFF7AAFDE36A029341
:104C4000236B0393636B0493236A0893A36A09930A
:104C50000746294602AA082328460796069605967F
:104C6000FFF7A2FD236B0293636B0393A36B049383
:104C7000E36B0593636A0893E36A019009932946FD
:104C800002AA0823284607960696FFF78DFDDDF851
:104C900000C0019B0896E344DA44D144C844474429
:104CA000381AC71A636B0293A36B0393E36B0493E5
:104CB000236A0593636A0693A36A0793236B099398
:104CC000294602AA08232846FFF76EFDA36B02932C
:104CD000E36B0393636A0593A36A0693E36A0793FE
:104CE000636B09933F1A2946284602AA08230496B3
:104CF0000896FFF759FD3C1A16D5284629460D4A55
:104D00000823FFF745FD0419F7D410E009482946A8
:104D10000822FFF7DAFD012809D028462946054A6E
:104D20000823FFF741FD241A002CEFD0F5E70BB064
:104D3000BDE8F08F30F3020073B5054614460E4609
:104D4000FFF7E0FE2846294632462346FFF7CAFE13
:104D5000082300932846294604F18402231DFFF707
:104D6000F2FD02B070BD00232DE9F0410A468046F5
:104D70001C46D158002540F2D130E0FB014548F8EF
:104D800003400433202B2C46F3D108F10400C8F86B
:104D9000205001460823FFF7FBFCC8F82400BDE8BB
:104DA000F081FFFF70B590B00D46044608216846BB
:104DB000FFF739FD08A80821FFF735FD05F12001AF
:104DC0006846FFF7D0FF6A46082329462046FFF7CA
:104DD000DFFC082106462846FFF725FD284608A9DE
:104DE000FFF7C1FF2A46204621460823FFF7D0FCE3
:104DF00085193DB1204621460A4A0823013DFFF7A7
:104E0000D3FCF6E7204607490822FFF75EFD00289D
:104E100005DD20462146034A0823FFF7C5FC10B0F4
:104E200070BD00BF80F20200F0B589B01C46074695
:104E30000E461546684611461A46FFF763FE384689
:104E400039466A462346FFF74DFE684669462A46BC
:104E50002346FFF747FE304631466A462346FFF7B2
:104E600041FE09B0F0BD2DE9F0478AB08146129F9E
:104E70003D46144615F9046B009698468A462B4623
:104E800002A811464A46FFF777FD02A801463A46B6
:104E9000FFF738FE4846494602AA3B46FFF722FE86
:104EA0002046214602AA3B46FFF71CFE2B46404601
:104EB000414652460096FFF75FFD02A841463A463A
:104EC000FFF720FE02A801464A462B460096FFF750
:104ED00053FD02A8014622462B460096FFF74CFDE3
:104EE000204621464A462B460096FFF745FD504690
:104EF000514622463B46FFF7F5FD2046494602AAA9
:104F00002B460096FFF738FD4046414622463B4679
:104F1000FFF7E8FD4046414652462B460096FFF714
:104F20002BFD204602A93246FFF7C3FC0AB0BDE8BC
:104F3000F0872DE9F0479AB08046229E3446174606
:104F400014F9045B009599468A46234602A8114647
:104F50004246FFF711FD02A801463246FFF7D2FD97
:104F60004046414602AA3346FFF7BCFD3846394663
:104F700002AA3346FFF7B6FD02A849465246234629
:104F80000095FFF7E0FC4846494652462346009507
:104F9000FFF7F2FC0AA83946424623460095FFF780
:104FA000EBFC504651460AAA3346FFF79BFD2346C9
:104FB0000AA841463A460095FFF7C5FC38464946DF
:104FC0003246FFF79FFD384639460AAA2346009528
:104FD000FFF7D2FC12A841463A4623460095FFF758
:104FE000CBFC4846494612AA3346FFF77BFD2346D1
:104FF0004846494652460095FFF7BEFC12A802A952
:105000003246FFF77FFD12A801460AAA2346009503
:10501000FFF7B2FC0AA812A9424623460095FFF703
:10502000ABFC0AA8014602AA3346FFF75BFD5046D7
:105030000AA9524623460095FFF79EFC404612A956
:105040002A46FFF736FC1AB0BDE8F0872DE9F84391
:10505000B3F90270914607F11F05202295FBF2F586
:10506000044603F124086DB20E4608464246214626
:105070002B46FFF78DFB50B9B7EB451F09DA3046D9
:105080003946FFF7EAFB041C18BF012402E00124A3
:1050900000E004464846314642462B46FFF778FB7F
:1050A0002046BDE8F88370B5002463B28B4204F15A
:1050B00001040BDA4D1EED1AAE0805F0030552F897
:1050C0002660ED0026FA05F5C554EEE770BDF8B58B
:1050D00004230F46D11C91FBF3F149B21446054657
:1050E000FFF7A1FB002253B2A34202F101020EDA44
:1050F000661EF61AB008FB5C06F00306F60003FA1B
:1051000006F655F82030334345F82030EBE7F8BD7C
:105110002DE9F84F05460F46084611461446FFF79D
:10512000A6FB194B1A689B4612B90020BDE8F88F00
:10513000C0EB441005EB840800B24FF0FF3A4FEA91
:105140008409A8F104082AFA00FA4026DBF80030A6
:105150002846494698470028E7D0D8F8003003EAA7
:105160000A03C8F8003028462146FFF766FB10B155
:10517000013EEBD1D9E7384629462246FFF7BAFB74
:105180000128F5D1BDE8F88F2CD7FF1F2DE9F04796
:10519000B3F902501F4605F10708082398FBF3F8FE
:1051A0001F35202395FBF3F56EB2424538BF90467C
:1051B000044689463146FFF736FB424620464946BB
:1051C000FFF785FFB7F902304FEAC808984522D9A2
:1051D000C3EB080804EB85050022A5420BD955F85E
:1051E000043C23FA08F10A4345F8042DC8F12002D3
:1051F00003FA02F2F1E72437384621463246FFF738
:1052000064FB012807D0204621463A463346BDE8D4
:10521000F047FFF7C9BABDE8F08738B543690569BB
:10522000044603EB450500232269934205D2CA5C7C
:1052300082F03602EA540133F6E7E268934203D281
:105240003622EA540133F8E723682046984763681A
:10525000E26820462946984738BD08B54368984714
:1052600008BD70B543690669044603EB460615465A
:1052700000232269934205D2CA5C82F05C02F25498
:105280000133F6E7E268934203D25C22F254013321
:10529000F8E72946A36820469847236820469847A0
:1052A0006368E26820463146984763682269204671
:1052B00029469847A36820462946984770BD70B58F
:1052C000044615460E46FFF7A8FF204629462269E8
:1052D000FFF7C3FF204631462A46BDE87040FFF77E
:1052E000C0BFF8B5036813F0010604460F46154623
:1052F00005D001463A462B46FFF74AFA06462046B5
:105300002946FFF712FB46B105F18042013A54F8F5
:10531000223043F0004344F82230F8BDF0B5064691
:10532000A1B00F460846194615461C46FFF785FAF8
:1053300020B130462146FFF776FA73E068463946D9
:105340002246FFF7B6FA08A829462246FFF7B1FA27
:1053500010A82146FFF767FA012318A821461093E9
:10536000FFF761FA684608A92246FFF7AEFA00285F
:1053700053D0009BDA0704D468462146FFF7D5FADC
:1053800026E0089BDB0704D408A82146FFF7CDFAE6
:105390003DE000281EDD08AA234669466846FFF75F
:1053A00003FA68462146FFF7C0FA10A818A922465A
:1053B000FFF78BFA002805DA10A801462A46234693
:1053C000FFF7E6F910A8014618AA2346FFF7ECF903
:1053D00010A81DE008A86A4623460146FFF7E4F935
:1053E00008A82146FFF7A1FA18A810A92246FFF73E
:1053F0006CFA002805DA18A801462A462346FFF76A
:10540000C7F918A8014610AA2346FFF7CDF918A836
:1054100029462246FFF765FFA4E7304610A9224639
:10542000FFF747FA21B0F0BD2DE9F04FAFB090463D
:10543000399C059094F9005016A82A460F469946C3
:10544000FFF737FAAB0003933B4426A819462A46D8
:105450000493FFF72EFA94F9006006A8B9F1000F43
:1054600004D049463246FFF724FA04E03146FFF7FC
:10547000DAF90123069332460EA816A9FFF719FAA6
:1054800032461EA826A9FFF714FA16A826A906AACE
:105490002346FFF7C9FCD4F8A46016A826A906AADB
:1054A0002346B0470EA81EA906AA2346FFF7BCFC58
:1054B000BDF9E060023EB6B231B2002929DD4046B6
:1054C000FFF7CBF9D0F1010038BF0020C0F101098E
:1054D0001EAB4FEA401B4FEA49190DF1380A0DF196
:1054E000380CDC44CA449B449944624650464946C1
:1054F0005B460094CDF808C0FFF71BFDDDF808C03F
:1055000000946046594652464B46FFF7ACFC013EBC
:10551000D1E7D8F80030009403F0010989F00109BF
:10552000C9F101061EAB76010DF138084FEA4919A1
:105530000DF1380AB044CA441E44994440463146ED
:1055400052464B4604F1040BFFF7F3FC06A816A9DC
:105550000EAA5B460095FFF70FFA06A801463246F1
:105560002346FFF7BFFA06A801463A462346FFF74F
:10557000B9FA06A801465A462B46FFF7CFFE06A801
:105580000146049A2346FFF7ADFA06A801464246B3
:105590002346FFF7A7FA5046494642463346009451
:1055A000FFF761FC23460EA81EA906AAFFF73CFCE4
:1055B00005980EA92A46FFF77CF90598039B1EA9BA
:1055C00018442A46FFF775F92FB0BDE8F08F30B5C3
:1055D00095B0144604AB05460CAA0293084619463A
:1055E00023460392FFF732FDD0F1010038BF0020BF
:1055F00014AA02EB80036288013212B28DE8140013
:10560000284653F8482C04F144010023FFF70CFF0F
:1056100021784900284649B2FFF70FF9D0F101007F
:1056200038BF002015B030BD2DE9F04FABB00DF103
:105630002808359D059095F9009006910DF1480BCD
:105640001846494607921E46CDF82080CDF824B072
:10565000FFF7F3F8B5F802A0039008B100209BE033
:105660000FFA8AF420231F3494FBF3F405F1240786
:1056700064B2384631462246FFF73CF901280490CF
:10568000ECD141465A462B463046FFF7DFFCD0F1BD
:10569000010038BF00202AAA02EB80030AF10102B0
:1056A00012B28DE824001AA805F1440153F8882CA1
:1056B000039BFFF7B9FE1AA84946FFF7BEF800287A
:1056C000CCD1374B1B6840462BB92146FFF7ABF8CE
:1056D000049B0A9305E039462246FFF719FD00288E
:1056E000BCD0304631460AAA3B460094FFF756F933
:1056F000304631463A462346FFF710FE3B463046D9
:1057000031460AAA0094FFF749F9349895F9011037
:105710001AAAFFF7C8FCB5F9022005990823073239
:1057200092FBF3F20AA8FFF7D2FC2AAA631E02EB4F
:105730008303002243F8602C12A81AA94A46FFF7F7
:10574000B8F812A802460AA93B460094FFF726F9CA
:105750000AA80699079A2B46FFF718FD12A80246D9
:105760000AA93B460094FFF7EEF812A8014632461C
:105770003B460094FFF712F9214612A8FFF777F88D
:1057800095F90110B0EBC10F3FF768AF349812AA3A
:105790000844FFF788FC01202BB0BDE8F08F00BF64
:1057A0002CD7FF1F2DE9F04793F9006092B0044613
:1057B00089461046314615469846FFF73EF80028C0
:1057C00040F0978002A849464246FFF79BF94346BE
:1057D0000AA8214602AAFFF785F902A80146424617
:1057E000FFF790F94346484649462A46FFF77AF9BB
:1057F00008F10407284629464246FFF783F9204668
:1058000021462A463B460096FFF79DF82846294642
:105810002A463B460096FFF796F8284621462A4638
:105820003B460096FFF7A8F8204621462A46434605
:10583000FFF758F92846214622463B460096FFF7D7
:1058400082F820463B46009621462A46FFF77BF821
:105850002368DB07204613D53A4633462146FEF738
:1058600097FF314682462046FFF75FF806F18043F6
:10587000013B54F8232042EACA7244F8232002E094
:105880003146FFF752F8284621464246FFF73AF9DB
:10589000284629460AAA3B460096FFF76DF8284697
:1058A00029460AAA3B460096FFF766F80AA8014671
:1058B0002A463B460096FFF75FF8204621460AAA93
:1058C0004346FFF70FF902A802463B4621460096E1
:1058D000FFF752F8204629463246FEF7EAFF2846EF
:1058E00049463246FEF7E5FF484602A93246FEF732
:1058F000E0FF12B0BDE8F0872DE9F043054693B014
:105900000C461046082117461E46FEF796FF002853
:1059100074D10AA821463246FFF7F4F8334602A8AC
:1059200029460AAAFFF7DEF8284629463246FFF73D
:10593000E9F80AA801463246FFF7E4F84FF00808F4
:1059400038463A4621463346371DFFF7CBF8204606
:1059500029462A463B46CDF80080FEF7F4FF204654
:105960003B46CDF8008021462A46FEF7ECFF23682F
:10597000DB0720460ED5434621463A46FEF708FF90
:10598000414681462046FEF7D0FFE36943EAC973EA
:10599000E36102E04146FEF7C8FF4FF008082846E1
:1059A00021463246FFF7AEF8284629460DEB08029D
:1059B0003B46CDF80080FEF7DFFF284629460DEB79
:1059C00008023B46CDF80080FEF7D6FF0DEB08003D
:1059D00001462A463B46CDF80080FEF7CDFF204623
:1059E00021460DEB08023346FFF77CF8CDF8008026
:1059F000204621460AAA3B46FEF7BEFF13B0BDE88B
:105A0000F083FFFF014B1860704700BF2CD7FF1FCA
:105A1000004870472CF30200004870477CF20200F7
:105A2000F0B5064699B00F4614464025B4F9022059
:105A300020231F3292FBF3F2684604F1240152B294
:105A4000FFF766FB08B9002024E008A86946224653
:105A5000FFF7BDFDD8B1B4F902100823073191FB5F
:105A6000F3F138466A46FFF71EFB304694F9011001
:105A700008AAFFF718FB94F9011094F9002008AB6D
:105A8000701803EB8202FFF70EFB012002E0013DDC
:105A9000CCD1D8E719B0F0BD2DE9F0479146B3F964
:105AA00002205D7893F80080A4B004AE1C46073253
:105AB000082392FBF3F207466DB230460DF1300A2F
:105AC0000296CDF80CA0FFF702FB394614A82A462F
:105AD000FFF7FDFA4FFA88F814AA02EB880079194B
:105AE0002A46FFF7F4FA3046314623465246FFF77E
:105AF000ADFA1A4B1E68074656B124AA02EB800382
:105B0000211D53F8886C42463046FFF701FB08B36D
:105B1000D7F1010738BF002724AB03EB8707638861
:105B200001331BB28DE8180014A80146334657F81C
:105B3000882CFFF779FC4846294614AAFFF7B3FAE8
:105B40002178490014A849B2FEF777FED0F1010090
:105B500038BF002024B0BDE8F08700BF2CD7FF1F5E
:105B60002DE9B04195B00CAD80460F46104604A912
:105B70002A461C4602910395FFF768FAD0F101000E
:105B800038BF002014AA02EB80036288013212B2EF
:105B90008DE81400404653F8482C39460023FFF79F
:105BA00043FC15B0BDE8B0812DE9F0411646B3F9CC
:105BB00002205C7893F8008098B01D4607320823D5
:105BC00064B2074692FBF3F26846FFF780FA08A832
:105BD00039462246FFF77BFA4FFA88F808AB03EB09
:105BE0008808404639192246FFF771FA08A82B4663
:105BF0006A460146FFF7B4FF3046214608AAFFF780
:105C000052FA301921464246FFF74DFA29784900E9
:105C100008A849B2FEF711FED0F1010038BF0020FC
:105C200018B0BDE8F08170B51446B2F90220034601
:105C300098B00E46073219460823684692FBF3F2E5
:105C4000FFF745FAB4F9025020231F3595FBF3F511
:105C50006DB268462946FEF7F0FD08B1002020E04D
:105C60002A4604F124006946FEF744FE0128054651
:105C7000F4D108A869462246FFF7A9FC0028EDD018
:105C8000304694F9011008AAFFF70DFA94F90110B3
:105C900094F9002008AB701803EB8202FFF703FAB7
:105CA000284618B070BD2DE9F04F91B05D691B9F7B
:105CB0001E6997F801807F880FFA87FC93461C467F
:105CC0000CF11F02202392FBF3F381468A462E44F7
:105CD000CDF810C0DBB2002221698A4205D2012131
:105CE000B1540021A9540132F6E720462946029317
:105CF000FFF793FA22690021B15422694FFA88F81C
:105D0000204631460132FFF7A8FA4246204649466E
:105D1000FFF7A3FA204651465A46FFF79EFA20465F
:105D200029462A46FFF79DFA324620462946FFF7C4
:105D3000C6FA20462946FFF770FA22690121B154BC
:105D40002269204631460132FFF787FA4246204653
:105D50004946FFF782FA204651465A46FFF77DFA38
:105D6000204629462A46FFF77CFA20462946324635
:105D7000FFF7A5FA029B4FFA83F80FFA88F34FEA70
:105D8000830CC7EB48175B013FB206934FF0FF331C
:105D9000FB404027CDF814C00793039700272946FE
:105DA00020463246FFF78BFA216900238B42F6D05A
:105DB0000DF1400C4CFA87F07A1CD2B216F803E0D1
:105DC000059F00F820EC50B2B84202DA01331746C2
:105DD000ECE7DDF818C0049FBC450BDD08F1FF338C
:105DE0000DF1400C0CEB8303079F53F8202C3A4035
:105DF00043F8202C1A9F00971B9F01974846514655
:105E00005A4608ABFFF710FC074608B1012719E016
:105E100020462946FFF701FA2269B7542269204635
:105E200031460132FFF719FA204629462A46FFF784
:105E300018FA294620463246FFF741FA03990139FC
:105E40000391ABD1384611B0BDE8F08F38B50446A8
:105E5000154600F08DF8284621461022BDE838404E
:105E600000F060B870B500230446934204F10204C8
:105E70000DD0CE5C084D3609AE5D04F8026CCE5CE8
:105E800006F00F060133AD5D04F8015CEDE700227A
:105E900000F8132070BD00BFDCF302002DE9F041D3
:105EA000044615464F1E002617F8011F09B9254460
:105EB00016E0002DFBD0DFF83880404616F084F95C
:105EC00010B1C8EB0000C0B296F0010601D02070FE
:105ED000EAE7237840EA031004F8010B013DE3E709
:105EE000AC4203D0002304F8013BF9E7BDE8F081A0
:105EF000DCF3020010B5034601444FF6FF708B42FD
:105F00000FD013F8012B5040082200F00104400884
:105F100024B180F4044080F0080080B2013AF4D14A
:105F2000EDE710BD70B500230446934204F102046E
:105F30000DD0CE5C084D3609AE5D04F8026CCE5C27
:105F400006F00F060133AD5D04F8015CEDE70022B9
:105F500000F8132070BD00BFEDF3020010F0800FB9
:105F60004FEA400018BF80F01B00C0B27047FFFF2F
:105F70002DE9F04F87B002AA04460E460B4601F108
:105F80001007924618685968154603C50833BB4286
:105F90002A46F7D10023F15CE25C4A40E254013327
:105FA000102BF8D100275C4D23786279EB5C2370CD
:105FB0002379AA5CEB5C2371237AEB5C2372237B4D
:105FC000EB5C237363786270627AEB5CAA5C62714B
:105FD000627B6373AA5C6272A27AA378AA5CA270E5
:105FE000A27BEB5CAA5CA372A379A271E27AEB5C60
:105FF000AA5CA373E37BE273E279EB5CAA5CE272D6
:10600000E278E370FBB2AA5CE271092B27D19DF81C
:106010001530EA5C9DF808305340404ABA5C534062
:106020008DF808309DF81630EA5C9DF80930534031
:106030008DF809309DF81730EA5C9DF80A3053401E
:106040008DF80A309DF81430EA5C9DF80B3053400F
:106050008DF80B300DF113020DF1070344E02646D5
:1060600004F1010804F1100218F801BCB37870784B
:1060700096F8039000928BEA000089EA030980EA0F
:106080000909FFF76BFF8BEA000089EA000B08F8AB
:1060900001BC96F802B07378019383EA0B00FFF716
:1060A0005DFF019B584089EA0003F07873708BEA2A
:1060B0000000FFF753FF8BEA000089EA000B5FFA4C
:1060C0008BFB86F802B0717818F8013C4B4089EAE6
:1060D00003098BEA090B86F803B0009A043696424E
:1060E00008F10408C0D192E7587913F8011F414024
:1060F00093421971F8D10023E25C1AF803104A4068
:10610000E2540133102BF7D101370A2F7FF44BAF44
:1061100007B0BDE8F08F00BFFEF30200FEF40200FE
:106120000021D82215F0F8BD38B100F1D80398420B
:1061300003D0002202700130F9E7704708B5D82279
:1061400009F0AEFF08BDFFFF00220023C0E90023D5
:10615000C0E9022331BB2AA3D3E90023C0E9042309
:1061600029A3D3E90023C0E9062329A3D3E9002307
:10617000C0E9082328A3D3E90023C0E90A2328A300
:10618000D3E90023C0E90C2327A3D3E90023C0E906
:106190000E2327A3D3E90023C0E9102326A3D3E9C4
:1061A000002325E026A3D3E90023C0E9042326A386
:1061B000D3E90023C0E9062325A3D3E90023C0E9DE
:1061C000082325A3D3E90023C0E90A2324A3D3E9A4
:1061D0000023C0E90C2324A3D3E90023C0E90E2344
:1061E00023A3D3E90023C0E9102323A3D3E9002389
:1061F000C0E91223C0F8D010704700BFAFF3008091
:1062000008C9BCF367E6096A3BA7CA8485AE67BBC9
:106210002BF894FE72F36E3CF1361D5F3AF54FA5F4
:10622000D182E6AD7F520E511F6C3E2B8C68059BD0
:106230006BBD41FBABD9831F79217E1319CDE05B88
:10624000D89E05C15D9DBBCB07D57C362A299A62B5
:1062500017DD70305A01599139590EF7D8EC2F15C6
:10626000310BC0FF6726336711155868874AB48E13
:10627000A78FF9640D2E0CDBA44FFABE1D48B5475D
:106280002DE9F04FADF2844D7EAD0F9006914FF0A9
:10629000000C069800EBCC0410F83C00E2794FEAC1
:1062A000006B60784FF0000A06040996CDF820A034
:1062B000DDE90867A078CDF828A0002343EA0B03A6
:1062C0003B43070242EA0A020B973243DDE90A67C1
:1062D0003B43E77820791197CDF840A03243DDE9C0
:1062E00010674FEA0068CDF81080CDF814A0324353
:1062F0003B43DDE90467607932430604A0793B4300
:10630000324343EA0A034FEA00280CF1010C42EA47
:10631000080243EA0A03BCF1100FE5E90223B8D1F1
:106320000DF50079D9E91223D9E90001D9E91C67F3
:10633000801841EB0301F30043EA57731293FB000B
:1063400043EA56731393F30C43EA47331493FB0C5D
:1063500043EA46331593DDE914ABDDE9122383EA02
:106360000B034FEA961B4BEA876882EA0A024FEA60
:10637000971ACDF804A0CDF80080DDE90067D9E9CF
:10638000024572407B40801841EB0301230A43EA37
:10639000056316932B0A43EA04631793630843EAE1
:1063A000C57318936B0843EAC4731993DDE918ABFE
:1063B000DDE9162383EA0B034FEAD41B4BEA45665B
:1063C000EF090296039782EA0A02DDE902AB82EA4C
:1063D0000A02121883EA0B030CF1010C43EB0103D0
:1063E000BCF1500FC9E9202309F108099AD10F998E
:1063F0000F9D0F9B0F9FD1E90401D5E90845CDE919
:1064000010010F98CDE91445D0E90CABD0E9104547
:10641000D3E90623D7E90A67CDE91C45CDE918ABD6
:10642000CDE91223DDE91CABD0E90E23CDE91667D7
:10643000D0E91267DDE91801CDE908ABCDE91A23EF
:10644000CDE91E67CDE90A6792469B46CDE9060174
:10645000DDE91423DDE91267DDE91001064CDDE911
:106460001689CDE90423CDE90267CDE900018EAD9F
:1064700004F5207C02E000BFC0F5020055E90E01E2
:1064800054E90E23069E079F121843EB0103B10C3B
:1064900041EA87312091B90C41EA86313846219191
:1064A000B10B41EA804122913746810B41EA874195
:1064B0002391DDE92201DDE92067464006984F403F
:1064C000C105079841EA50212491C105069841EA87
:1064D00050212591DDE9240146404F40921943EBBC
:1064E0000703DDE90867DDE9060186EA0A0687EAAF
:1064F0000B0706400F40DDE908014640921987EA84
:10650000010743EB0703DDE90A67B61847EB03070A
:10651000CDE90C6716EB080647EB0907DDE9002318
:10652000DDE90201CDE90A67DDE90467104319439B
:106530003040DDE902233940DDE900673B40194383
:10654000B30743EA9703019FDDF800802693BB075A
:1065500043EA980327934FEA187343EA07132893F3
:106560003B0F43EA081332402993DDE928671043C3
:10657000DDE9262372404FEA4866DDF8048046EAEA
:10658000D8162A964FEA4866DDF8008046EAD81603
:106590002B967B40DDE92A67DDE90C8972401218F1
:1065A00083EA070343EB010318EB020849EB0309F5
:1065B00054E90C0155E90C23121843EB0103DDE902
:1065C0000801121843EB0103DDE90601DDE90A6762
:1065D00080EA0A0081EA0B01304080EA0A00394073
:1065E000121881EA0B0143EB0103B10C41EA873138
:1065F0000B9F0A982C91B90C41EA80312D91810BA7
:1066000041EA874106462E91B90B41EA86412F9116
:10661000DDE92E01DDE92C6746400A984F40C105AF
:106620000B9841EA50213091C1050A9841EA502166
:106630003191DDE930014640901987EA010743EBCB
:106640000701DDE90423CDE90C01801841EB0301CA
:10665000CDE90801DDE90001DDE90267DDE900239C
:1066600041EA090103EA0903394019434FEA8873F3
:1066700043EA990332934FEA897343EA98033393C9
:106680004FEA187343EA091334934FEA197343EA44
:10669000081340EA080002EA08023593304010432C
:1066A000DDE93467DDE9322372404FEA486646EAA5
:1066B000D91636964FEA496646EAD81637967B4091
:1066C000DDE936677240121883EA070343EB0103E2
:1066D000DDE90C01801841EB0301CDE9040155E926
:1066E0000A2354E90A01121843EB010312EB0A02D0
:1066F000DDE9066743EB0B03DDE90AABDDE90801E1
:106700008AEA060A0AEA000A8AEA060A8BEA070BFC
:10671000099E0BEA010B810C12EB0A0241EA863159
:10672000DDF820A038914FEA964141EA8A3139914B
:106730004FEA9A3141EA86413A914FEA963141EA6D
:106740008A418BEA070B3B9143EB0B033046DDE9B3
:106750003AABDDE9386787EA0B07DDF820B04FEA8E
:10676000CB5141EA50213C91C10541EA5B213D9169
:1067700086EA0A06DDE93CAB86EA0A06901987EA52
:106780000B0743EB0701DDE9022310EB020A41EBA3
:10679000030BCDE90C01DDE90401DDE90067DDE96A
:1067A000042340EA080041EA090102EA08023040F5
:1067B0003940049F03EA09031043059A1943BB07B4
:1067C00043EA92033E93930743EA970316463F93A7
:1067D0003B0F43EA06133A464093330F43EA021352
:1067E000419340AFD7E90067DDE93E237B40049F3A
:1067F00072407E06059F46EAD71642967E06049FA3
:1068000046EAD716439642AFD7E90067724012189E
:1068100083EA070343EB0103DDE90C01801841EB38
:106820000301CDE9020155E9082354E90801DDE936
:106830000667121843EB01039219DDE90A0143EBE5
:106840000703DDE908674F4007EA0B074F404FEAAF
:106850009A4141EA8B3144914FEA9B4141EA8A31A6
:1068600045914FEA9A3141EA8B414640469106EA0A
:106870000A064FEA9B31464041EA8A419219479104
:1068800046A844A943EB0703D1E90067D0E900011A
:106890004F404FEACA5141EA5B2148914FEACB5140
:1068A00041EA5A21499148A94640D1E900014640B0
:1068B000901987EA010743EB0701DDE90023CDE9E1
:1068C0000C01801841EB0301DDE90267CDE9060107
:1068D000DDE90401DDE90223064302400B400F43DA
:1068E00006EA08060299164307EA0907039A1F43B6
:1068F0008B0743EA92034A93930743EA91031046B6
:106900004B930B0F43EA00130A464C93030F43EAE1
:1069100002134D934AA94CA8D1E90023D0E9000104
:10692000424002984B404106039841EAD0114E91F3
:106930004106029841EAD0114F914EA9D1E90001D8
:106940004240921983EA010343EB0703DDE90C6738
:10695000B61855E9060147EB030754E90623121858
:1069600043EB0103DDE90A01CDE900671218DDE917
:10697000086743EB0103DDE9060186EA0A0687EAB8
:106980000B0706400F40DDE908014640921987EAEF
:106990000107069E43EB0703079FB10C41EA8731CD
:1069A0005091B90C41EA863138465191B10B41EA18
:1069B000804152913746810B41EA8741539152A859
:1069C00050A9D1E90067D0E90001464006984F4040
:1069D000C105079841EA50215491C105069841EA42
:1069E0005021559154A9D1E900014640901987EAF8
:1069F000010743EB0701CDE90C0110EB080041EB67
:106A00000901DDE90223CDE90A01DDE90001DDE943
:106A10000467104319433040DDE900233940DDE9C4
:106A200002673B40009FDDF804801943BB0743EA3F
:106A3000980356934FEA887343EA970357933B0FA3
:106A400043EA081358934FEA187343EA0713324096
:106A5000599356AF58AE1043D7E90023D6E90067E3
:106A60007B40009F72407E0646EAD8165A964FEA4F
:106A70004866DDF8008046EAD8165B965AAFD7E93B
:106A80000067DDE90C897240121883EA070343EBC3
:106A9000010318EB020849EB030955E9040154E925
:106AA0000423121843EB0103DDE90801DDE9066761
:106AB000121843EB0103DDE90A0186EA0A060640E3
:106AC00086EA0A06921987EA0B070B9E07EA010776
:106AD0004FEA904141EA86310A985C914FEA96412B
:106AE00087EA0B0741EA803143EB07035D913746A4
:106AF000810B41EA874106465E91B90B41EA864126
:106B00005F915EA85CA9D1E90067D0E90001464029
:106B10000A984F40C1050B9841EA50216091C10588
:106B20000A9841EA5021619160A9D1E900014640EB
:106B3000901987EA010743EB0701DDE90423CDE95A
:106B40000C01801841EB0301CDE90801DDE90001EA
:106B5000DDE90267DDE9002341EA0901394003EA82
:106B6000090319434FEA887343EA990362934FEA92
:106B7000897343EA980363934FEA187343EA09134E
:106B800064934FEA197343EA081340EA08006593D7
:106B9000304002EA080262AF64AE1043D7E9002336
:106BA000D6E9006772404FEA486646EAD91666960B
:106BB0004FEA496646EAD8167B40679666AFD7E942
:106BC00000677240121883EA070343EB0103DDE913
:106BD0000C01801841EB0301CDE9040154E90223C3
:106BE00055E90201121843EB010312EB0A02DDE939
:106BF000066743EB0B03DDE90AABDDE908018AEA2E
:106C0000060A0AEA000A8AEA060A8BEA070B099EC4
:106C10000BEA010B810C12EB0A0241EA8631DDF826
:106C200020A068914FEA964141EA8A3169914FEA82
:106C30009A3141EA86416A914FEA963141EA8A41A6
:106C400068A88BEA070B6B91D0E900676AA843EB51
:106C50000B03D0E900AB86EA0A06DDF820A087EA3C
:106C60000B07DDF824B04FEACA5141EA5B216C9171
:106C70004FEACB5141EA5A216D916CA9D1E900014B
:106C800046404F40DDE9020112EB060A43EB070BD9
:106C9000CDE90CAB1AEB000A4BEB010BDDE904016B
:106CA000DDE9002340EA080041EA090110401940EB
:106CB000DDE90423049E059F03EA09031943B30792
:106CC00043EA97036E93BB0743EA960302EA08027E
:106CD00010436F933A46330F43EA021337467093DB
:106CE000130F43EA071371936EAF70AED7E9002319
:106CF000D6E900677B40049F72407E06059F46EA06
:106D0000D71672967E06049F46EAD716739672AF20
:106D1000D7E900677240121883EA070343EB0103C7
:106D2000DDE90C01801841EB0301CDE90201F4E833
:106D30001023F5E81001DDE90667121843EB0103A3
:106D40009219DDE90A0143EB0703DDE908674F40CB
:106D500007EA0B074F404FEA9A4141EA8B317491A1
:106D60004FEA9B4141EA8A31759146404FEA9A3198
:106D700041EA8B4106EA0A06464076914FEA9B318A
:106D8000921941EA8A4143EB0703779174AF76AEDB
:106D9000D7E90001D6E9006770404FEACA5646EAD3
:106DA0005B2678964FEACB5646EA5A267940799682
:106DB00078AFD7E900677040161881EA070143EB06
:106DC0000107DDE90001CDE90C67361847EB010743
:106DD000DDE90423DDE90201CDE906671043DDE9C1
:106DE00004671943DDE9022300EA080032403B4012
:106DF000029F104301EA0901039A1943BB0743EAC2
:106E000092037A93930743EA970316467B933B0FCB
:106E100043EA06133A467C93330F43EA02137D9309
:106E20007AAF7CAED7E90023D6E900677B40029FAA
:106E300072407E06039F46EAD7167E967E06029F24
:106E400046EAD7167F967EAFD7E9006772401218E0
:106E500083EA070343EB0103DDE90C01801841EBF2
:106E600003016445CDE900017FF408ABDDE910457D
:106E7000021941EB05030F9DDDE91267C5E9042303
:106E8000DDE90223921943EB0703C5E90623DDE997
:106E90001401DDE90423121843EB0103C5E90823BB
:106EA000DDE9162312EB080243EB0903C5E90A23C7
:106EB000DDE91845DDE90623121943EB05030F9DB3
:106EC000C5E90C23DDE91A2312EB0A0243EB0B039D
:106ED000DDE91C67C5E90E23DDE90823921943EBC0
:106EE0000703DDE91EABC5E91023DDE90A2312EB38
:106EF0000A0243EB0B03C5E912230DF2844DBDE8F2
:106F0000F08F00BF2DE9F84FD0E90067002506F0AB
:106F10007F0BB61847EB05071446AF4208BFA642E1
:106F200080468A469146C0E9006706D2D0E902450C
:106F3000013445F10005C0E90245BBF1000F14D052
:106F4000CBF18004A14510D30BF1500051462246ED
:106F5000404409F0A5F8404608F15001FFF790F9C8
:106F6000A244C4EB09094FF0000B4C460AEB09019F
:106F70007F2CC4EB010104D94046FFF781F9803C26
:106F8000F4E729F07F0119F07F02514406D00BF19C
:106F900050004044BDE8F84F09F082B8BDE8F88FD2
:106FA0000AB1FFF7AFBF70472DE9F04FC2688368A1
:106FB000D5000E4645EA537541684FF0000B85B089
:106FC00045EA0B050746DC004FEA517ACB00016821
:106FD0008DF80350280E8DF80000280C44EA0A04AE
:106FE0008DF80100280A8DF80200200E40EA0520E5
:106FF0008DF80400200C43EA517340EA05408DF8F7
:107000000500180E8DF80800180CCA008DF809004C
:10701000180A8DF80A00100E40EA03208DF80C00C3
:10702000100C40EA03408DF80D00100A40EA03609E
:107030008DF80B303B688DF80F2003F07F026F2A2C
:107040004FEA142894BFC2F17002C2F1F0028DF829
:107050000E008F498DF80740384648EA05688DF8DC
:107060000680FFF79DFF384669461022FFF74AFF6A
:10707000FA7D3270F88A70707A69100AB070786997
:10708000F0707A69F87C40EA022030717A69788A77
:1070900040EA024070713C697A69200A40EA026065
:1070A000B0713A69F271F87F3072F88B7072FA69D8
:1070B000100AB072F869F072FA69F87E40EA0220AC
:1070C0003073FA69788B40EA02407073BC69FA69E0
:1070D000200A40EA0260B073BA69F27397F8270099
:1070E0003074F88C70747A6A100AB074786AF0742C
:1070F0007A6A97F8230040EA022030757A6A788C21
:1071000040EA024070753C6A7A6A200A40EA0260EE
:10711000B0753A6AF27597F82F003076F88D707670
:10712000FA6A100AB076F86AF076FA6A97F82B00D5
:1071300040EA02203077FA6A788D40EA02407077A0
:10714000BC6AFA6A200A40EA0260B077BA6AF2774B
:1071500097F8370086F82000F88E86F821007A6BC1
:10716000100A86F82200786B86F823007A6B97F86D
:10717000330040EA022086F824007A6B788E40EAD9
:10718000024086F825003C6B7A6B200A40EA0260D8
:1071900086F826003A6B86F8272097F83F0086F895
:1071A0002800F88F86F82900FA6B100A86F82A0062
:1071B000F86B86F82B00F96B97F83B2042EA012226
:1071C00086F82C20F96B7A8F42EA014286F82D204E
:1071D000B86BF96B020A42EA016286F82E20BB6B9B
:1071E00086F82F30D7F8D01000294DD197F84720D6
:1071F00086F83020B7F8462086F83120786C020AED
:1072000086F832207A6C86F83320786C97F8432021
:1072100042EA002286F83420786CB7F8422042EA2D
:10722000004286F835203C6C786C220A42EA006203
:1072300086F836203B6C86F8373097F84F2086F872
:107240003820B7F84E2086F83920F86C020A86F804
:107250003A20FA6C86F83B20F96C97F84B2042EA0A
:10726000012286F83C20F96CB7F84A2042EA014234
:1072700086F83D20B86CF96C020A42EA016286F891
:107280003E20BB6C86F83F3005B0BDE8F08F00BFF4
:1072900008F50200F0B5B7B01F460646684614462A
:1072A0000D46FEF73DFF68463946FEF74DFF2A467C
:1072B00068463146FFF774FE68462146FFF774FEC4
:1072C0006846FEF731FF37B0F0BDFFFF0538C0B2AA
:1072D00003289ABF024B53F820000020704700BFDC
:1072E00008F8020000B1007A704701F09DBC01F07F
:1072F00045BCFFFF10B5044601F036FC024B2046AA
:107300001B68984710BD00BFC48CFF1F054B10B50C
:107310001B6801206C219847044608B101F020FC4D
:10732000204610BDC08CFF1F012301F0EBBD0023E0
:1073300001F0E8BD01F064BD01F05EBD012101F086
:1073400023BC002101F020BCFEF79ABFFEF7F6BE79
:1073500010B50446FEF7E8FE024B20461B6898472E
:1073600010BD00BFC48CFF1F054B10B51B6801206A
:10737000D8219847044608B1FEF7D2FE204610BD3A
:10738000C08CFF1F0123FFF785BF0023FFF782BFDB
:10739000FFF70ABEFFF704BE0121FEF7D5BE0021AC
:1073A000FEF7D2BE00232DE9F04115461C4684426B
:1073B00005F104054FEA840617D055F804CCC3EB59
:1073C0000C0645F8046C51F82470BE422CBF4FF0F7
:1073D00000084FF00108F61B9C452CBF434608F1FE
:1073E000010345F8046C0134E1E7324443B111680C
:1073F000C81A994242F8040B2CBF00230123F5E779
:10740000BDE8F0812DE9F04186B084460193002368
:107410000391029205938046B8F10F0F40F2CA80A3
:1074200003980299059A019B50F8044B4FF0000510
:107430000E68E3FB0425B71845F1000241F8047B10
:1074400050F8044B4FF000050E68E3FB0425B71815
:1074500045F1000241F8047B50F8044B4FF0000561
:107460000E68E3FB0425B71845F1000241F8047BE0
:1074700050F8044B4FF000050E68E3FB0425B718E5
:1074800045F1000241F8047B50F8044B4FF0000531
:107490000E68E3FB0425B71845F1000241F8047BB0
:1074A00050F8044B4FF000050E68E3FB0425B718B5
:1074B00045F1000241F8047B50F8044B4FF0000501
:1074C0000E68E3FB0425B71845F1000241F8047B80
:1074D00050F8044B4FF000050E68E3FB0425B71885
:1074E00045F1000241F8047B50F8044B4FF00005D1
:1074F0000E68E3FB0425B71845F1000241F8047B50
:1075000050F8044B4FF000050E68E3FB0425B71854
:1075100045F1000241F8047B50F8044B4FF00005A0
:107520000E68E3FB0425B71845F1000241F8047B1F
:1075300050F8044B4FF000050E68E3FB0425B71824
:1075400045F1000241F8047B50F8044B4FF0000570
:107550000E68E3FB0425B71845F1000241F8047BEF
:1075600050F8044B4FF000050E68E3FB0425B718F4
:1075700045F1000241F8047B50F8044B4FF0000540
:107580000E68E3FB0425B71845F1000241F8047BBF
:1075900050F8044B4FF000050E68E3FB0425B718C4
:1075A00045F1000241F8047B059202910390A8F195
:1075B000100831E70CF00F08B8F1070F69D90398EC
:1075C0000299059A019B50F8044B4FF000050E6894
:1075D000E3FB0425B71845F1000241F8047B50F89D
:1075E000044B4FF000050E68E3FB0425B71845F186
:1075F000000241F8047B50F8044B4FF000050E6880
:10760000E3FB0425B71845F1000241F8047B50F86C
:10761000044B4FF000050E68E3FB0425B71845F155
:10762000000241F8047B50F8044B4FF000050E684F
:10763000E3FB0425B71845F1000241F8047B50F83C
:10764000044B4FF000050E68E3FB0425B71845F125
:10765000000241F8047B50F8044B4FF000050E681F
:10766000E3FB0425B71845F1000241F8047B50F80C
:10767000044B4FF000050E68E3FB0425B71845F1F5
:10768000000241F8047B059202910390A8F10808DA
:1076900092E70CF0070CBCF1000F15D0039802998B
:1076A000059A019B50F8044B4FF000050E68E3FB70
:1076B0000425B71845F1000241F8047B05920291B8
:1076C00003900CF1FF3CE6E7029B1968059A0A4417
:1076D00043F8042B05998A422CBF0022012205920F
:1076E000002AF2D106B0BDE8F08120B10123036089
:1076F000002343608360704710B5044688B18068FA
:1077000050B16368024613F1FF3303D300211160C7
:107710000432F8E714F0CEFA0123236000236360FB
:10772000A36010BDF8B542F21073994204460D46AD
:1077300002D96FF00F00F8BD46688E4219D2084694
:10774000042114F05BFA07460028F2D0A16871B159
:10775000B20008F0A5FCA0686368024613F1FF338D
:1077600003D3002111600432F8E714F0A3FA656036
:10777000A7600020F8BD8842F8B504460D4623D026
:107780008E6816B9FFF7B8FF20E04B68591E06EB6C
:10779000830621B156F8043D0BB90139F9E72B688E
:1077A00023604F1C20463946FFF7BCFF064668B9E8
:1077B0006268A0683146920014F0AEFAA068A96829
:1077C000BA0008F06DFC01E00020F8BD3046F8BDBD
:1077D00070B50E4601210446FFF7A4FF054688B99F
:1077E0006268A0689200294614F096FAA36886EAB7
:1077F000E672A2EBE672002E1A60ACBF01234FF0D6
:10780000FF332360284670BD70B5002345681946D4
:10781000A94210D0826852F82140002224FA02F6D0
:10782000F60706D40132202A03F10103F6D1013113
:10783000EEE7184670BD002070BD10B504464068E4
:10784000D0B100F18042013A431E9200A16823B1F9
:107850008858043A08B9013BF8E751F82310002092
:107860004FF000420A4204D1013020284FEA520270
:10787000F8D1C0EB4310203010BD08B5FFF7DDFF95
:107880000730C00808BD2DE9F04107460E461546F1
:107890000024AC4201D0335D63B1291B11F0030316
:1078A00018BF012303EB91013846FFF73BFF034666
:1078B00000BB01E00134ECE719463846FFF788FFCA
:1078C0000346B8B971190D46A81BA042C5EB0102C9
:1078D00010D94FEA920CB86815F8018D02F0030236
:1078E000D20008FA02F850F82C2042EA080840F8C2
:1078F0002C80E9E71846BDE8F081F8B51446074644
:107900000D46FFF7BAFF8442064616D322462846A4
:10791000002114F001FA2C440023B3420BD0980844
:10792000BA6803F0030152F82020C900CA4004F8E5
:10793000012D0133F1E70020F8BD6FF00700F8BD1D
:107940002DE9F04105460F464C0901F01F06FFF7EF
:1079500074FF6B68C119B1EB431F01D87CB90CE00F
:1079600011F01F0318BF0123284603EB5111FFF745
:10797000D9FE0028F2D0BDE8F08106BB1CE06B68A0
:1079800003F18042013A6FF0030792006743A3427C
:1079900006D9A9688818013BC0598850043AF6E70F
:1079A00003F18042013A9200002BE6D0A968002042
:1079B0008850013B043AF7E70020BDE8F0816F688A
:1079C000A3000022BC42F7D2A868C15801FA06F809
:1079D00042EA0802C6F1200CC2500134043321FAF5
:1079E0000CF2EFE74368F0B54D099D4201F01F012D
:1079F00001D805D121B10021BDE8F040FFF7E8BE74
:107A000035B949B303F18042013A9200002414E0F1
:107A100000245A1B944207D28268661952F82660E5
:107A200042F824600134F4E794009A42E9D2856870
:107A300000262E5101320434F7E76BB18668B55841
:107A400025FA01FC44EA0C04C1F12007B450013BC3
:107A5000043A05FA07F4F0E70020F0BD436870B57A
:107A600003F18042013A92002BB18468A458043A91
:107A70000CB9013BF8E74A6802F18044013CA400DC
:107A8000FAB18D682E59043C0EB9013AF8E79342D9
:107A900012D89A4212D803F18042013A92004BB1B7
:107AA00081688C58A9588C4206D8A2F1040205D3EB
:107AB000013BF4E7184670BD012070BD4FF0FF3068
:107AC00070BD181C18BF012070BD2DE9F04F85B0A6
:107AD000164603930E9B5A68736801339A42074611
:107AE0008B4653D30E9B986800284FD092000021FC
:107AF00014F012F90E9AD6F80480DBF80430D2F8AC
:107B000008C0984538BF434608F1010901934FEA80
:107B10008909654600244445B86820D0DBF8081080
:107B200050F824A00A682B680198CDF800C002FB29
:107B30000A33039A534302932A465346FFF762FCE3
:107B40002A46029BB1684046FFF75CFC45F804AB4F
:107B5000002345F809300134DDF800C0DBE7A9F166
:107B6000040161444A4608F09BFA38463146FFF763
:107B700075FF0028204602DBB168BA6802E00E9B60
:107B8000B9689A68FFF70EFC002001E06FF003006F
:107B900005B0BDE8F08F436870B503F18042013A4B
:107BA00092002BB18468A458043A0CB9013BF8E761
:107BB0004A6802F18044013CA4006AB38D682E59E2
:107BC000043C0EB9013AF8E7934201D9026826E075
:107BD0009A42096801D94A4221E00268002A01DD7F
:107BE000002917DB002904DC03F1804101398900F9
:107BF00005E0002AF8DA4FF0FF3210E0013B6BB1EC
:107C0000846866586C58A64209D8A1F10401F5D2DF
:107C1000524204E0012202E0002BD7D11A4610465E
:107C200070BD1FB581EAE173A3EBE17300290093F6
:107C3000ACBF01234FF0FF3301930123029301A94D
:107C400000AB0393FFF7A7FF05B05DF804FB90427C
:107C50002DE9F8430546174606D0884205D0FFF7C0
:107C60008AFD064608B14CE00F467C6801232B6074
:107C700004F18043013B9B002CB1BA68D258043B0D
:107C80000AB9013CF8E728462146FFF74BFD0646B6
:107C9000002836D1AB68D7F80880184637463246F8
:107CA000A24212D0016858F822C0CF19674434BFED
:107CB0004FF000094FF0010940F8047B013267459D
:107CC0002CBF4F4609F10107EAE74FEA8408434415
:107CD000BFB16A68944204F1010406D328462146E4
:107CE000FFF720FD60B9AB6843441A683A44BA42D2
:107CF00043F8042B2CBF0027012708F10408E7E70D
:107D000006463046BDE8F883F0B5044685B008461F
:107D10000F4611461546FFF7A1FE002830DB012370
:107D20000193AC424FF000030293039306D101A8E4
:107D30002146FFF720FD0646E8B901ADBC4207D158
:107D400068680123236000F18043013B9B000BE046
:107D500020463946FFF70FFD064660B9F0E7AA68EE
:107D6000D258043B12B901380028F8D1A968A2689A
:107D7000FFF718FB002601A8FFF7BEFC304601E024
:107D80006FF0090005B0F0BDF8B50D6813686B43DE
:107D900004460E46174612D508461146FFF75EFE0A
:107DA0000028204604DB31463A46FFF7ADFF08E0E5
:107DB00039463246FFF7A8FF28B96D4202E0FFF7C7
:107DC00046FF00B92560F8BDF8B50D6813686B4330
:107DD000002B04460E46174612DD08461146FFF7F3
:107DE0003DFE0028204604DB31463A46FFF78CFF73
:107DF00008E039463246FFF787FF28B96D4202E0B6
:107E0000FFF725FF00B92560F8BD1FB582EAE273D0
:107E1000A3EBE273002A0093ACBF01234FF0FF33C2
:107E200001930123029301AA00AB0393FFF7CCFF58
:107E300005B05DF804FB2DE9F04786B00023174636
:107E400088424FF00102064688468DE80C000293F6
:107E500003920493059306D16846FFF78CFC044611
:107E600000284ED1E846BE4207D103A83146FFF7AD
:107E700082FC0446002844D103AFD8F8049009F1ED
:107E80008043013B9B00B9F1000F07D0D8F80820D0
:107E9000D258043B12B909F1FF39F4E77D6805F1C6
:107EA0008043013B9B002DB1BA68D258043B0AB90C
:107EB000013DF8E7304605EB0901FFF733FC0446C6
:107EC000F8B921463046FFF783FC0446C8B905F1EE
:107ED000804A0AF1FF3A4FEA8A0A6DB1B268BB687C
:107EE000D8F8081053F80A3052444846FFF78AFA87
:107EF000013DAAF1040AF0E7D8F800303A6853438C
:107F0000336003A8FFF7F8FB6846FFF7F5FB204650
:107F100006B0BDE8F0871FB50123019302930092DC
:107F200000AB01AA0393FFF786FF05B05DF804FBE1
:107F30002DE9F04F9BB08846019000211846174666
:107F40000493FFF76EFE002800F0AD8100240125A8
:107F5000384604990B950C940D940E950F9410943B
:107F600011951294139414951594169417951894CA
:107F70001994FFF773FDA04218DA019818B9B8F107
:107F8000000F09D110E001982146FFF721FC0646B9
:107F9000002840F07781F2E740463946FFF7EBFBD7
:107FA0000646002840F06E8100207EE10BA839468D
:107FB000FFF7E1FB0646002840F064810EA8049913
:107FC000FFF7D9FB0646002840F05C8179680E95E2
:107FD00011A802310B95FFF7A5FB0646002840F0DB
:107FE0005181314611A8FFF7F3FB0646002840F007
:107FF000498114A80221FFF795FB0646002840F0AE
:10800000418117A80321FFF78DFB0646002840F0A9
:1080100039810EA8FFF711FC00F01F001F2813D0B4
:10802000C0F11F00029002990BA8FFF789FC0646D9
:10803000002840F027810EA80299FFF781FC064630
:10804000002840F01F8100E002960C9C0F9D04F177
:10805000FF39691EC1EB090B4FEA4B1A00910EA8BC
:108060005146FFF76DFC0646002840F00B814FEAB1
:108070008B0B0BA80EA9FFF78EFD00280EDB139BC0
:1080800053F80B200BA8013243F80B2001460EAA2F
:10809000FFF79AFE06460028EBD0F3E00EA8514603
:1080A000FFF7A0FC0646002840F0EC80009A4FEA5B
:1080B000820BABF10403089304F10063013B5B1BEB
:1080C0005B01039304F180446FF00303013C6B43B5
:1080D000A4000593009B994540F2AE800D99109A3B
:1080E0000B5952F80BE0139D734505D325440598B1
:1080F0004FF0FF332B5022E0DDF814A02144A244BE
:1081000051F8040CBEF1000F15D000210691079321
:10811000DDE9062342EA00021046194672460023B2
:1081200013F090FA4FF0FF3200238B4208BF8242D7
:1081300003D2104601E04FF0FF3045F80A00059DDC
:10814000139B2544A4F1040A5A5901325A51A4F14F
:1081500008030993139B5A59013A5A5114A8002154
:10816000FFF736FB002840F08A800098169B109A93
:1081700010B10898115800E00099196052F80B20CE
:108180005A60139B14A801465A59FFF7C4FE0146D2
:10819000002876D117A8FFF71BFB00286FD1B9F193
:1081A000010F0D9A18BF0999199B18BF50581860F4
:1081B00052F80A10596012599A6014A817A9FFF7CB
:1081C000EAFC0028C6DC139B14A80EA95A59FFF735
:1081D000A2FE002853D114A80399FFF7B1FB002891
:1081E0004DD10BA8014614AAFFF7EEFD0146002869
:1081F00047D10BA8FFF715FD002816DA14A80EA921
:10820000FFF7B9FA00283AD114A80399FFF798FBB1
:10821000002834D10BA8014614AAFFF7B5FD0028A9
:108220002DD1139B5A59013A5A51039A203A09F118
:10823000FF390392043C4DE7019848B111A9FFF7BB
:108240009AFAE0B904993B680A685343019A1360AB
:10825000B8F1000F16D00BA80299FFF7C3FB70B955
:108260003B680B930BA94046FFF785FA014640B9DE
:108270004046FFF7D6FC28B90123C8F8003006466F
:1082800000E00E460BA8FFF737FA0EA8FFF734FA06
:1082900011A8FFF731FA14A8FFF72EFA17A8FFF775
:1082A0002BFA304601E06FF00B001BB0BDE8F08FF9
:1082B00070B504460E46104600211546FFF7B1FC86
:1082C000002822DB0020214632462B46FFF730FEF5
:1082D000F8B920460021FFF7A4FC002807DA204661
:1082E00021462A46FFF750FD0028F2D070BD2046F7
:1082F0002946FFF750FC00280ADB204621462A4683
:10830000FFF762FD0028F2D070BD6FF0090070BD6C
:10831000002070BD2DE9F04FADF2546D05460F46BB
:108320001846002103921C46FFF77BFC0028DDF86D
:108330007886C0F21082A3681E68F10740F10B82B4
:1083400003980021FFF76DFC0028C0F2048206F1BB
:10835000020909F0040906EB4909032106FB09F3A8
:10836000C3F10203013903FB09F9F7D101234FF4EB
:10837000C06214A8089309910A910B930C910D9176
:108380000E930F91109113F0C7FC0398FFF755FA65
:10839000B0F5287F08D2EF2808D84F2808D8182829
:1083A00034BF0126032604E0062602E0052600E08D
:1083B0000426636803F1010A28465146FFF7B2F923
:1083C0000346002840F09E8117A85146FFF7AAF9FE
:1083D0000346002840F096810BA84FEA4A01FFF7B8
:1083E000A1F90346002840F08D813B68B3F1FF32CC
:1083F00053425341059353B10EA83946FFF7BBF9D9
:108400000346002840F07E8101230E930EAFB8F1A1
:10841000000F02D0D8F8083033BB08A80121FFF7BD
:10842000D7F90346002840F06D81616808A88901EA
:10843000FFF786FA0346002840F0648108A8014649
:108440002246FFF735FF0346002840F05B81B8F174
:10845000000F12D008AB03CBC8F800001868C8F8AA
:108460000410C8F8080008E0D8F80000D8F8041094
:1084700008AB03C3D8F80800186021463846FFF758
:108480008AFB0028394617A815DB2246FFF710FFA4
:108490000346002840F03681C9F100090BAF4B4676
:1084A000009717A808A92246FFF70FFB03460028EC
:1084B00040F0288102E0FFF75EF9E9E7284608A9C5
:1084C000FFF759F90346002840F01C8107AA4FF036
:1084D000010A13924B460097284611A92246CDF86F
:1084E0001CA0CDF844A0CDF848A0FFF7EEFA034653
:1084F000002840F00781564507D1039B00275B68A1
:108500000493BC46BB46BA4676E006F1FF3B14AA8C
:1085100061680AFA0BFA0C2707FB0A273846013173
:10852000FFF700F90346002840F0EC80384617A911
:10853000FFF721F90346002840F0E48084460BABA6
:10854000009338464B4639462246CDF808C0FFF71F
:10855000BCFADDF808C00346002840F0D3800CF1D7
:10856000010CDC45EBD30AF1010A01274FF00C0B9B
:1085700014ABB7400BFB0A3BBA45BED26168584604
:108580000131FFF7CFF80346002840F0BB80584682
:10859000ABF10C01FFF7EFF80346002840F0B28082
:1085A0000BAB009358464B4617A92246FFF78DFAAE
:1085B0000BF10C0B0346002840F0A4800AF1010ADD
:1085C000DAE7049B013B04934FF0200B039A936876
:1085D000049A53F822300BF1FF3B23FA0BF313F00C
:1085E000010314D00CF1010CCCEB06029340B4450E
:1085F0004AEA030A1FD00227BBF1000FE6D1049A12
:10860000002ADED10123B340039393464FE0002FAD
:10861000F2D0012FE6D10BAB009328464B462946FA
:108620002246CDF808C0FFF750FADDF808C003462F
:10863000002867D1E0E74FF0000C0BAF4B460097E6
:10864000284629462246CDF808C0FFF73EFADDF855
:1086500008C00346002855D10CF1010CB445ECD3F9
:1086600014AB0C2101FB0A3100974B4628462246E9
:10867000FFF72BFA0346002844D10127824684469F
:10868000BAE74B460097284629462246CDF808C04F
:10869000FFF71BFADDF808C00346002832D1039A21
:1086A0004FEA4A0A12EA0A0F05D10BF1010BE34522
:1086B0000BAFE6D10CE04B460097284617A922469F
:1086C000FFF703FADDF808C003460028EDD019E0F3
:1086D000012307931193129307AB139300974B4613
:1086E000284611A92246FFF7F0F9034650B9059A2A
:1086F00042B14FF0FF332B60284621462A46FFF750
:1087000043FB0346741E012202FA04F402FA06F641
:10871000B44209D214AA0C2000FB042002930134B5
:10872000FEF7EAFF029BF3E717A80293FEF7E4FFC8
:108730000BA8FEF7E1FF0EA8FEF7DEFF029BB8F1E3
:10874000000F02D0D8F8082042B908A80293FEF71B
:10875000D3FF029B02E06FF0030000E018460DF229
:10876000546DBDE8F08FF0B58BB0002301250746AE
:1087700004A8164601950293039304950593069366
:10878000079508930993FEF7F6FF0446002862D187
:1087900007A83146FEF7EFFF044600285BD104A886
:1087A000FFF732F8064607A8FFF72EF8B04238BFA9
:1087B0000646314604A8FFF715F9044600284AD1B9
:1087C00007A83146FFF70EF90446002843D1079564
:1087D000049504A80021FFF724FA002830D004A84B
:1087E000FFF712F8014604A8FFF7FCF8044600283A
:1087F00031D107A8FFF708F8014607A8FFF7F2F8FC
:10880000044640BB04A807A9FFF7C5F9002808DB08
:1088100004A8014607AAFFF777FA0446D8B904A8C6
:1088200007E007A8014604AAFFF76EFA044690B9CC
:1088300007A80121FFF7D6F804460028C9D00AE0AE
:1088400007A83146FFF77CF8044620B9384607A947
:10885000FEF791FF044601A8FEF74EFF04A8FEF7BD
:108860004BFF07A8FEF748FF20460BB0F0BD70B5E0
:10887000B1F5806FADF5806D05460C4616460AD8F9
:10888000184669462246B04738B928466946224606
:10889000FEF7F9FF01E06FF003000DF5806D70BD8C
:1088A0002DE9F04180469CB00F4610460021164647
:1088B000FFF7B7F9002840F34E810023012501A8F6
:1088C0003946324604950593069307950893099314
:1088D0000A950B930C930D950E930F9301950293AC
:1088E0000393109511931293139514931593169562
:1088F0001793189319951A931B93FFF734FF0446A7
:10890000002840F00B8101A82946FFF78AF90028CA
:1089100040F0028104A839463246FFF7C9FC0446FC
:10892000002840F0FB8007A804A9FEF724FF0446B6
:10893000002840F0F38010A83146FEF71CFF0446E3
:10894000002840F0EB8013A83146FEF714FF0446E0
:10895000002840F0E3800AA82946FEF739FF0446C4
:10896000002840F0DB8021460DA8FEF731FF0446C9
:10897000002840F0D380214616A8FEF729FF0446C0
:10898000002840F0CB8019A82946FEF721FF0446B5
:10899000002840F0C380099B1B68D8074CD407A867
:1089A0000121FFF71FF80446002840F0B7800C9B18
:1089B0001B68DD0710D40F9B1B68DC070CD40AA8CA
:1089C0000121FFF70FF80446002840F0A7800DA80A
:1089D0000121FFF707F8DAE70AA8014610AAFFF716
:1089E000D3F90446002840F099800DA8014604AA56
:1089F000FFF7EAF904460028E1D08FE013A801212F
:108A0000FEF7F0FF0446002840F08880189B1B68A2
:108A1000DA0716D41B9B1B68DB0712D416A80121AA
:108A2000FEF7E0FF0446002878D119A80121FEF7DF
:108A3000D9FF0446002871D1159B1B68D90711D4B2
:108A4000DCE716A8014610AAFFF79EF904460028A5
:108A500064D119A8014604AAFFF7B6F90446002814
:108A6000DCD05BE007A813A9FFF795F800281FDB0F
:108A700007A8014613AAFFF7A7F9044600284DD11D
:108A80000AA8014616AAFFF79FF90446002845D117
:108A90000DA8014619AAFFF797F9044600283DD111
:108AA00007A80021FFF7BDF800287FF474AF19E094
:108AB00013A8014607AAFFF787F9044600282DD11D
:108AC00016A801460AAAFFF77FF9044630BB19A889
:108AD00001460DAADFE716A801463246FFF754F912
:108AE0000446D8B916A80021FFF79BF80028F2DB4E
:108AF00006E016A801463246FFF766F9044668B953
:108B000016A83146FFF747F80028F2DA404616A9C2
:108B1000FEF731FE044601E06FF00D0404A8FEF7F5
:108B2000EBFD07A8FEF7E8FD0AA8FEF7E5FD0DA896
:108B3000FEF7E2FD01A8FEF7DFFD10A8FEF7DCFD61
:108B400013A8FEF7D9FD16A8FEF7D6FD19A8FEF763
:108B5000D3FD204601E06FF003001CB0BDE8F081BA
:108B600000216C2213F0D8B838B100F16C039842A0
:108B700003D0002202700130F9E7704708B56C227B
:108B800007F08EFA08BDFFFF002303604360A1B920
:108B9000184B8360184BC360184B0361184B43613B
:108BA000184B8361184BC361184B036203F1745374
:108BB000A3F52303A3F6924318E0154B8360154BEE
:108BC000C36003F1794303F5740303F501630361A3
:108BD000114B4361114B836103F1D14303F5C01382
:108BE00003F51E63C3610E4B03620E4B4362816645
:108BF000704700BF67E6096A85AE67BB72F36E3CDB
:108C00003AF54FA57F520E518C68059BABD9831F57
:108C1000D89E05C107D57C3639590EF7310BC0FFF8
:108C2000A78FF964A44FFABE2DE9F04FCFB000230F
:108C300004900591049A1A4403F11801684604331C
:108C400092680A50202BF5D10D9B0393099B089D38
:108C500002930A990B9E0C9C069A07980195002393
:108C60001F460F2F0DF1380814D8DDF814C0059DEC
:108C70009C4415F803A09CF8039049EA0A699CF803
:108C800001A049EA0A499CF802A049EA0A2948F8E1
:108C900003901AE008EB030C5CF808AC5CF83C9C11
:108CA0005CF840BC5CF81CCCDC444FEA7A4B8BEAA5
:108CB000FA4B8BEA9A2AD4444FEAF91A8AEAB94A5B
:108CC0008AEAD909CC4448F803C00DF1380C039D59
:108CD00053F80C80DFF89CC053F80CC0E0444FEA16
:108CE000B11C8CEAF12C8CEA716CE04484EA060C2D
:108CF0000CEA010C8CEA040CE044A844019DDDF868
:108D000008C040EA020A00EA02090AEA050A4AEA39
:108D1000090A4FEAB20989EA723989EAB259013778
:108D2000D144402FC44403F10403C84408D0039441
:108D30000190344610460E4602954246614690E741
:108D4000089001980D94CDF828C00B910C96CDF8A1
:108D50001880079209900023049A06AC1A44E1583F
:108D6000906804330144202B9160F5D14FB0BDE8E9
:108D7000F08F00BF34F9020003682DE9F04103F0E1
:108D80003F071344934205460E461446036002D241
:108D90004368013343609FB1C7F1400844450FD396
:108DA00007F1280031464246284407F079F9284661
:108DB00005F12801FFF738FF4644C8EB04040027FB
:108DC000A0463119B8F13F0FC8EB010105D928467B
:108DD000FFF72AFFA8F14008F3E724F03F0114F061
:108DE0003F02314406D007F128002844BDE8F04195
:108DF00007F056B9BDE8F0810AB1FFF7BDBF704773
:108E000037B590E80C000D46510F41EAC301044606
:108E1000080ED3008DF80000080C8DF801008DF8C5
:108E20000310080A190E02F03F028DF80410190C05
:108E3000372A8DF805104FEA132194BFC2F138028A
:108E4000C2F178028DF802008DF8061020462C49F8
:108E50008DF80730FFF7D0FF204669460822FFF75C
:108E60008BFFE37A2B7063896B70A3681B0AAB706E
:108E7000A368EB70E37B2B71E3896B71E3681B0ADA
:108E8000AB71E368EB71E37C2B72638A6B722369CD
:108E90001B0AAB722369EB72E37D2B73E38A6B735E
:108EA00063691B0AAB736369EB73E37E2B74638B9B
:108EB0006B74A3691B0AAB74A369EB74E37F2B7516
:108EC000E38B6B75E3691B0AAB75E369EB7594F88B
:108ED00023302B76638C6B76236A1B0AAB76236A6E
:108EE000EB76A36E4BB994F827302B77E38C6B7736
:108EF000636A1B0AAB77636AEB7703B030BD00BFD0
:108F0000F4F80200F0B59DB01F46064601A81446CD
:108F10000D46FFF725FE01A83946FFF735FE2A4624
:108F200001A83146FFF768FF01A82146FFF768FF57
:108F300001A8FFF719FE1DB0F0BDFFFF70B5094B8A
:108F400053F8144CA3F114054CB1143313F8186CF6
:108F50008642F5D16B680C600020136070BD6FF025
:108F60002D0070BDE0FB020000207047704770B517
:108F700004460E4615460021AC2212F0CDFEC4F880
:108F8000A460C4F8A85070BD026938B50446D2B1D7
:108F9000C369C3B11268D20715D51B68DB0712D5A8
:108FA00000F108052846FEF748FC7F280BD9284623
:108FB000FEF743FCB0F5005F05D814342046FEF7F9
:108FC0003CFC012801D8054838BD20462946FEF75B
:108FD000E2FD0028F7DA002038BD00BF00BEFFFF29
:108FE0002DE9F043A9B00546FFF7CEFF002840F079
:108FF000FA806B6B0BB97D48F5E02B6C002BFAD037
:10900000AB6A002BF7D001A8FEF76FFB04A8FEF7B0
:109010006CFB07A8FEF769FB0AA8FEF766FB0DA824
:10902000FEF763FB10A8FEF760FB13A8FEF75DFBDD
:1090300016A8FEF75AFB19A8FEF757FB1CA8FEF767
:1090400054FB1FA8FEF751FB22A8FEF74EFB05F1CB
:109050002C0625A805F13807FEF747FB01A8314685
:109060003A46FEF7E8FE0446002840F0898005F104
:10907000200805F1140904A841464A46FEF7DBFE24
:10908000044600287CD107A831460122FEF7BDFE28
:109090000446002874D10AA839460122FEF7B5FE1D
:1090A000044600286CD10DA807A90AAAFEF7C3FE42
:1090B0000446002864D113A849460DAAFFF753FBC4
:1090C000044600285CD116A807A90AAAFFF74BFBA3
:1090D0000446002854D119A81CA90DAA16ABFEF706
:1090E00027FF044600284BD110A804A919AAFFF7AE
:1090F000DFF80446002843D11FA8414607AAFFF71E
:10910000D7F8044600283BD122A841460AAAFFF717
:10911000CFF80446002833D125A839463246FFF758
:10912000BFFB044660BB01A805F10801FEF733FD53
:10913000002856D11FA805F14401FEF72CFD002898
:109140004FD122A805F15001FEF725FD002848D196
:1091500025A805F15C01FEF71EFD002841D11CA8E1
:109160000021FEF75EFD00283BD110A80121FEF78B
:1091700058FD002835D113A80121FEF752FD80BB10
:1091800001A8FEF7B9FA04A8FEF7B6FA07A8FEF799
:10919000B3FA0AA8FEF7B0FA0DA8FEF7ADFA10A8C8
:1091A000FEF7AAFA13A8FEF7A7FA16A8FEF7A4FA84
:1091B00019A8FEF7A1FA1CA8FEF79EFA1FA8FEF751
:1091C0009BFA22A8FEF798FA25A8FEF795FA14F55F
:1091D000844F3FF410AF14B1A4F5844003E020465F
:1091E00001E0024CCCE729B0BDE8F08300BEFFFFF0
:1091F000F0B5054687B00C4603A81746FEF775FA8A
:10920000214603A86A68FEF73EFB0446E8B905F16B
:10921000080403A82146FEF7BEFC002813DA05F176
:10922000680303A800930146234605F114026E6803
:10923000FFF770F8044640B903A839463246FEF7F6
:109240005CFB044601E06FF0030403A8FEF754FA48
:1092500014B1A4F5854000E0204607B0F0BDFFFF43
:109260002DE9F04F9346426B8DB0054688461C466B
:10927000002A00F03681026C002A00F03281826AF6
:10928000002A00F02E8103A8FEF72FFA06A8FEF7A9
:109290002CFA09A8FEF729FA214603A86A68FEF706
:1092A000F2FA0446002840F00F8105F1080603A8F1
:1092B0003146FEF770FC002880F20481B8F1000FFF
:1092C00016D102F03FF905F12C0902F03BF902F04A
:1092D00039F905F17403009306A803A905F14402C6
:1092E0004B46FFF717F80446002840F0ED8074E085
:1092F000D5F8A03023B305F18C07384639463A46F5
:10930000FEF799FD0446002840F0DE8038463946D5
:109310003246FEF7CDFF0446002840F0D58005F127
:109320009807384639463A46FEF785FD0446002838
:1093300040F0CA80384639463246FEF7B9FF36E07B
:109340004FF00C0ABAF1010A00F0CF80696805F10C
:1093500098094846013942465B46FFF788FA0446B9
:10936000002840F0B18005F18C0738464946324666
:10937000FFF7F9F90446002840F0A680384601219D
:10938000FEF74FFC0028DDD1384649463246FFF74C
:1093900087FA0446002840F0978005F1680300939F
:1093A0003846394605F114023346FEF7B3FF04464A
:1093B000002840F0898003A8014605F18C02FEF7E1
:1093C0003AFD044600287FD103A801463246FEF745
:1093D0006FFF0446002877D173E702F0B3F805F178
:1093E000380702F0AFF802F0ADF805F18003009302
:1093F00009A803A905F150023B46FEF78BFF04467E
:10940000002861D102F09EF802F09CF802F09AF870
:1094100003A806A909AAFEF7D7FC0446002853D1E1
:1094200002F090F802F08EF802F08CF806A803A97A
:1094300005F15C02FEF7FFFC0446002844D102F06F
:1094400081F802F07FF802F07DF803A806A94A46E9
:10945000FEF72EFF0446002836D102F073F802F022
:1094600071F802F06FF806A803A93A46FEF7E3FC8C
:10947000044648BB02F066F802F064F802F062F8B5
:1094800003A809A906AAFEF77FFC0446E0B9B8F1D3
:10949000000F06D103A816996A68FEF72EFA044653
:1094A00012E003A8014605F19802FEF7C4FC044649
:1094B00050B903A801463246FEF7FAFE04460028DA
:1094C000E8D001E06FF0030403A8FEF715F906A841
:1094D000FEF712F909A8FEF70FF924B1A4F58640AA
:1094E00005E0044803E0204601E0034CECE70DB042
:1094F000BDE8F08F80BFFFFF80BBFFFF2DE9F74F76
:10950000012B0646884691469A460C9FDDF834B0FA
:109510000E9D03D1D0F8A430002B5AD1B8F1000F22
:1095200057D0BBF1000F54D0002D52D017F10B02D1
:1095300073684ED293424CD32C46A3F1030C002304
:10954000C7EB0C0C04F8023BBAF1000F1AD102234E
:109550006B70A44464451FD0642301224846214611
:109560000193CDF800C0C0472278019BDDF800C010
:10957000002A30D1013B02D1A0F589402FE000281C
:10958000EBD0F9E7012320466B706444A04203D07E
:10959000FF2300F8013BF9E72046002300F8013BD8
:1095A00059463A4606F07CFDBAF1000F07D1304625
:1095B00029462A4603B0BDE8F04FFFF719BE3046F2
:1095C00041464A462B460C9503B0BDE8F04FFFF7E5
:1095D00047BE044803E00028CED10134BAE703B007
:1095E000BDE8F08F80BFFFFFF0B51E46ADF20C4D19
:1095F000012EDDF8243403D1D0F8A440002C61D131
:109600004568A5F11004B4F57C7F5BD802AC26B99F
:1096100019462246FFF7ECFD02E00094FFF720FE1A
:10962000002854D1012E23786678A5F103071BD1B9
:1096300086F002061E4302460346BA4227D2A1180C
:1096400001328978C1F1000C41EA0C01C1F3C0116B
:1096500081F001010843C0B241420143C1F3C0118E
:1096600081F001010B44E8E786F001061E43014644
:109670000346B9420BD2621801319278FF2A18BF13
:1096800040F00100C0B280F001021344F1E70DF197
:109690000A02D118D25C1643072B98BF46F0010688
:1096A00076B2013186B9641ADDF82C3462199A4217
:1096B0000CD8DDF82034DDF828041A6006F0F0FC40
:1096C000304604E0034802E0034800E003480DF29E
:1096D0000C4DF0BD80BFFFFF00BFFFFF00BCFFFFD0
:1096E0002DE9F04F89B002AF012B3A604FF0000234
:1096F00004467960994697F84060D7F844B0FD6C0D
:109700003A617A6104D1D0F8A4200AB15848AAE09D
:10971000D4F804A0AAF10308BEB13046FDF7D6FD87
:1097200083460028F2D0304607F1140107F11002F9
:10973000FFF704FC0028E9D13A695846C2EB080853
:10974000FDF7D0FDA8F10A088346CBEB0808B8F175
:10975000070FDBD9D045D9D82B464FF0000A03F8C4
:1097600002AB01226A701846FF21424612F0D4FA79
:109770000346404403F808A00EB901301FE0302131
:1097800041703A69C17002F108065FFA8BF8D1B2F4
:10979000464486700E1D067106264671C61D8171EF
:1097A0007969304606F07CFC3A690521B018B1545D
:1097B000042280F801A0827080F803801044B96C04
:1097C0005A4606F06DFCB9F1000F05D12046294636
:1097D0002A46FFF70DFD46E06368073323F00703D1
:1097E000ADEB030D6A4612F108083AD0ADEB030D5C
:1097F0006B4613F1080904D11E4B40461B6898477D
:109800002FE0CDF80080204679683A682B46FFF7B4
:1098100027FD0646E0B9204641464A46FFF7E8FCE8
:109820000646A8B96168034602468A4207D0AC5C86
:1098300019F8020060400343DBB20132F5E7FB7325
:10984000FB7B23B92846414606F02AFC00E00A4E7D
:10985000084C404623689847484623689847304656
:1098600001E06FF00F001C37BD46BDE8F08F00BF70
:1098700080BFFFFFC48CFF1F00BDFFFF10B5044673
:109880008C30FDF739FF04F19800FDF735FF04F146
:109890008000FDF731FF04F17400FDF72DFF04F1A6
:1098A0006800FDF729FF04F15C00FDF725FF04F1D6
:1098B0005000FDF721FF04F14400FDF71DFF04F106
:1098C0003800FDF719FF04F12C00FDF715FF04F136
:1098D0002000FDF711FF04F11400FDF70DFF04F166
:1098E0000800BDE81040FDF707BF8378C27843EA5F
:1098F00002224378007843EA022240EA02207047BD
:109900002DE9F74F01464FF00009D1E9004514F564
:10991000803445F10005220C42EA0542B9F10E0FF0
:10992000E1E802454FEA2543CCBF4FF000084FF075
:10993000010812F1FF3443F1FF35CDE90045009DE8
:109940002524A5FB0467019D04FB0577B9F10F04ED
:1099500009F1010CD4F1000959EB0409A6FB0945F2
:1099600009FB0755DDE9006708FB0CF8A41900EBBB
:10997000C80845EB0705D8E90067A41945EB0705BA
:10998000C8E9004551E902454FEA034B4BEA124B47
:109990004FEA024AB4EB0A0465EB0B05BCF1100F69
:1099A00041E9024501D0E146AFE703B0BDE8F08FE1
:1099B0002DE9F0415242D3174FF0000C00EB0C0898
:1099C000D8E90067D1E9004574407D4014401D404E
:1099D00066406F40C8E90067D1E900670CF1080CE8
:1099E00074407D40BCF1800FE1E80245E6D1BDE85E
:1099F000F081FFFF2DE9F04F8046C7B000200B1823
:109A000026ACD3E90023044408308028C4E90023AD
:109A1000F5D126A8FFF774FF26A8FFF771FF26A847
:109A2000FFF76EFF4FF00209DDE926233C484FF0B7
:109A3000FF31121846AE43EB010366E940230127CC
:109A400026A800EBC703D3E90001364AB6F802A006
:109A500012184FF0FF3343EB0103716801244AEA07
:109A6000014A4FEA214B00250AEA04000BEA0501EE
:109A7000121A63EB0103C6E902230137328800237F
:109A80000F2FE6E80223DBD144A9DDE92223D1E947
:109A9000006725484FF0FF3136184FEA124047EB78
:109AA000010740EA0341181400910190DDE900012B
:109AB00004400D40361B67EB05074FF6FF70002191
:109AC00002400B40310CCDE9222341EA07420292C9
:109AD00002F001023B1426A806A9C2F10102CDE959
:109AE00024670393FFF764FFB9F101099CD124A90E
:109AF000F1E90223160A46EA036708F8092008EB91
:109B00000900049709F102091C129DF810600594E0
:109B1000B9F1200F4670EBD147B0BDE8F08F00BF20
:109B20001300FFFF0100FFFF0180FFFF2DE9F0415F
:109B30004FF0000C8846A0F1080108EB0C0618F85D
:109B40000C4076783202A4184FF000054FF0000365
:109B50000CF1020C45EB0305BCF1200FE1E90245D5
:109B6000EBD1D0E91E2347F6FF74002522402B409D
:109B7000C0E91E23BDE8F081F0B50023CD18D4184C
:109B8000D5E90067D4E9004500EB030CA41903F103
:109B9000080345EB0705802BCCE90045EED1F0BD6D
:109BA000F0B50023CC18D618D4E90045D6E90067F3
:109BB00000EB030C0833A41B65EB0705802BCCE9F5
:109BC0000045EFD1F0BD2DE9F04FBFB08046ADF1BB
:109BD00008030DF1F00C00240025E3E9024563457C
:109BE000F9D14FF0000E01EB0E0300A8D3E90045B8
:109BF00070440023D718D0E900AB7F68D65804FB27
:109C000007F906FB0599A6FB046716EB0A064F4405
:109C100003F1080347EB0B07802BE0E80267E9D16B
:109C20000EF1080EBEF1800FDDD11EAC54E91E010D
:109C30000834226865682626A2FB0623121806FB54
:109C4000053343EB0103644544E92023EED10021B1
:109C50003EAB0B4453E93E2308EB01000831802959
:109C6000C0E90023F4D14046FFF74AFE40463FB02A
:109C7000BDE8F04FFFF744BE0A46FFF7A4BFF0B5BA
:109C80000023A1B006460F46F91800AAD1E9004505
:109C90001A440833802BC2E90045F5D1FD246846FB
:109CA0006946FFF7E9FF022C06D0042C04D0684671
:109CB00069463A46FFF787FF14F1FF34EFD20021DF
:109CC00000AB0B44D3E90023701808318029C0E9A8
:109CD0000023F5D121B0F0BD2DE9F04F0646B5B017
:109CE0000F4692469846002508EB0500FFF7FDFD5C
:109CF00014AC05EB850304EB0509E0500AEB050005
:109D0000FFF7F3FDC9F804007819FFF7EEFDC9F875
:109D100018000AF110002844FFF7E7FD0435102D64
:109D2000C9F82C00E0D1002324A8E2581A500433CB
:109D3000402BF9D1142500224FEA820909EB0201D8
:109D4000002303EB010C0CF00F0C0DF1D00A0AEB11
:109D50008C0C5CF880CC4DF803C00433102BF0D190
:109D6000DDF800C0DDF80CA001990AEB0C0381EAD4
:109D70007361029B019101EB0C0B83EAFB531944C5
:109D80008AEAF14102930B448CEAB33303910093C6
:109D9000002101EB020C0CF0030C34ABCC4403EBC0
:109DA0008C0C5DF821304CF8C03C01310429F0D115
:109DB0000132042AC0D1002204ABD358A35004328C
:109DC000402AF9D1013DB6D13E9B002B3BD06359CF
:109DD0004259134463510435402DF8D1002505EB59
:109DE000850908EB0500FFF780FD54F80930181AC3
:109DF00044F8090004EB05097819FFF776FDD9F856
:109E000018300435181A102DC9F81800E7D10023AE
:109E100003EB83029819A158002281540132042ACD
:109E20004FEA1121F9D1E21806F1100091691844A6
:109E3000002281540132042A4FEA1121F9D104335E
:109E4000102BE5D10EE03E9BE258C158F5181144A5
:109E50000022A9540132042A4FEA1121F9D1043316
:109E6000402BF1D135B0BDE8F08F13B5002400943C
:109E7000FFF732FF204602B010BD13B50124009455
:109E8000FFF72AFF002002B010BDFFFF2DE9F04FC1
:109E9000144695B01D4654EA05038A4683461E992A
:109EA00064D0002200230DF802300132102AF9D1CB
:109EB000CA5C0DF803200133082BF9D1A046A9464E
:109EC0000BEB0407B9F1000F08BFB8F1400FC8EB66
:109ED00007072AD304AE274B1F9A30466946FFF77F
:109EE000C4FF0023BAF1000F02D01AF8032000E0EB
:109EF0005246F15C4A40FA540133402BF2D1082318
:109F000001221DF803100A440DF803200133102B21
:109F10004FEA1222F5D1B8F1400849F1FF39BAF100
:109F2000000FCDD00AF1400ACAE7A60900233F225C
:109F300046EA856614401D4054EA05030BEB86167D
:109F400014D004AD0B4B1F9A28466946FFF78DFFCE
:109F50000023BAF1000F02D01AF8032000E05246A5
:109F6000E95C4A40F2540133A342F2D1002015B01B
:109F7000BDE8F08FB0FC02002DE9F0438BB002AFDA
:109F8000129E8146884614461D463146139A084B58
:109F900038461036FFF771FF8DE8C000484641464D
:109FA00022462B46FFF772FF0BB0BDE8F08300BFDF
:109FB000B0FC02002DE9F0430023ADF2A45D804621
:109FC000C85C0DF8030001331F2BF9D1CB7F03F0E0
:109FD0003F0343F040038DF81F309DF800301146D9
:109FE00023F00703C8A88DF80030FFF79FFD00217C
:109FF000C8AB0B44D3E9002328A80844C0E90023D8
:10A0000048A8084400220023C0E9002308A8084407
:10A01000C0E9002368A8441808318029C4E9002356
:10A02000E6D101220023C0E90023CDE90823FE2464
:10A030000025E60846EA457600AB334408A893F8C5
:10A04000009004F0070349FA03F909F0010928A96F
:10A050004A46FFF7ADFC48A868A94A46FFF7A8FCA6
:10A0600088A808A948AAFFF787FD08A8014648AABA
:10A07000FFF796FD48A828A968AAFFF77DFD28A844
:10A0800068AA0146FFF78CFD68A888A9FFF7F4FDD0
:10A09000A8A808A9FFF7F0FD08A8024648A9FFF7FD
:10A0A00092FD48A828A988AAFFF78DFD88A808A9CD
:10A0B00048AAFFF761FD08A8014648AAFFF770FD0E
:10A0C00028A808A9FFF7D8FD48A868A9A8AAFFF7FB
:10A0D00067FD08A848A9344AFFF775FD08A801469E
:10A0E00068AAFFF749FD48A8014608AAFFF76BFDDB
:10A0F00008A868A9A8AAFFF766FDC8AA68A828A9A1
:10A10000FFF761FD28A888A9FFF7B6FD08A828A9D0
:10A110004A46FFF74DFC48A868A94A46FFF748FCA5
:10A1200014F1FF3445F1FF35B5F1FF3F08BFB4F13D
:10A13000FF3F7FF47EAFC8A8002108AB0B44D3E9F2
:10A140000023C0E9202348AB0B44D3E9002300F5EA
:10A150008074C4E9002328AB0B44D3E9002300F545
:10A16000C074C4E9002368AB0B44D3E90023083171
:10A1700000F500748029C4E9002300F10800DCD157
:10A180000DF584600146FFF77AFDE8A801460DF55C
:10A190008462FFF718FD4046E8A9FFF72BFC00207A
:10A1A0000DF2A45DBDE8F08330FC0200014AFFF728
:10A1B00001BF00BFC0FC020038B505460C4608468A
:10A1C0002021EFF71DFB28462146BDE83840FFF768
:10A1D000EDBFFFFF10B50B468AB00446114602A83A
:10A1E0001A46FFF7E7FE0123009320460349044B7C
:10A1F00002AAFFF771FD00200AB010BD30D7FF1F83
:10A20000B0FC02002DE9F041164680460C46084697
:10A2100047211F4605F032FA3578E42D1DD00ED8BF
:10A22000142D13D0152D24D12046472101F06AFAB0
:10A2300040B201280CBF00202120BDE8F081F02DA4
:10A240000BD0F32D09D0ED2D13D106E0002004230F
:10A2500023706070A070BDE8F0812046002105F0F9
:10A260000DFA404631463A462346BDE8F04104F037
:10A2700023BA0120BDE8F081C27BD20701D505F0E9
:10A28000C1BC80890021704738B50C460546FFF7F0
:10A29000F3FF2060EB7B9B0744BFC043206000209E
:10A2A00038BD10B5C37B5B070C460CD4FFF7E4FF49
:10A2B000002302468B4208BF824220600CBF002070
:10A2C0004FF4806010BD022010BD10B5C37B5B074A
:10A2D0000C460CD4FFF7D0FF002302468B4208BF88
:10A2E000824220600CBF00204FF4806010BD02202D
:10A2F00010BD10B5C37B5B070C460CD4FFF7BCFF49
:10A30000002302468B4208BF824220600CBF00201F
:10A310004FF4806010BD022010BD704730B58B7BBC
:10A32000A02B8DB004460D4601D013209EE00846B8
:10A3300002A905F0ACFC08B1102097E0284601A95D
:10A34000FFF7D7FF0028F7D10546019B9D4280F01B
:10A3500088809DF81630602BE7D1182300930DEB11
:10A36000030102A86A46002305F0F2FCB0F1004F99
:10A3700001D115207AE00028DED18DF82F0002A847
:10A3800005F036FD0028D7D106A8394911F029FF7C
:10A39000034698B99DF81620402AC6D1009202A81B
:10A3A00004F5A4716A4605F0D3FCB0F1004FE0D08B
:10A3B000009B84F8883100284BD0BDE706A82D49C2
:10A3C00011F00FFF034688B99DF81620602AACD122
:10A3D0004122009202A804F289116A4605F0B8FCF5
:10A3E00030F00040A8D184F8C90132E006A8224923
:10A3F00011F0F7FE034698B99DF81620602A94D113
:10A400004022009202A804F5E5716A4605F0A0FC1E
:10A4100020F0004000288FD1002384F8093218E092
:10A4200006A8164911F0DDFE98B99DF81630602B8C
:10A430007FF47BAF8023009302A804F20A216A46CE
:10A44000002305F085FC30F000407FF475AF84F800
:10A45000890202A805F0CCFC00287FF46DAF01351D
:10A4600073E7236843F00403236000200DB030BD80
:10A47000B6FD020075D00200B9FD0200C5FD020064
:10A4800070B58EB010230193837BA02B04460D463C
:10A49000164618BF13242FD1194902AA05F0B8FC9B
:10A4A00008B1102428E02046164906AA05F0B0FCA1
:10A4B0000028F6D19DF81630602B1CD19DF826405F
:10A4C000CCB902A80AA901AA234605F041FC00283C
:10A4D000E7D10AA80C498DF8374011F082FE08B97F
:10A4E000012300E03F232B7006A8314605F00EFC47
:10A4F0000028D6D100E0142420460EB070BD00BF65
:10A50000BBD70200CAFD0200CEFD020070B58B7BF6
:10A51000802B88B004460D4618BF13234CD1084643
:10A5200004A905F0B4FB08B1102345E0284602A9B0
:10A53000FFF7CBFE0028F7D10646029B9E420FD2C2
:10A5400004A80DF1070103AAFFF79AFF03460028AC
:10A5500032D104A805F04CFC0028E5D10136ECE727
:10A56000284604A905F093FB0028DDD10546029B8F
:10A570009D4217D204A80DF1070103AAFFF780FF3F
:10A58000034640B99DF80710039A012903D102F14F
:10A590000800012808D904A805F02AFC0028C3D126
:10A5A0000135E4E7262307E0C4F88C22226884F80A
:10A5B0008A1242F008022260184608B070BD13B536
:10A5C000837B402B144618BF13200DD102AA002311
:10A5D00042F8044D05F0BCFB28B90198A04214BF15
:10A5E0000320002000E0102002B010BD13B5FD23B1
:10A5F00001938B7B602B044618BF132012D10846B1
:10A6000001AA2146002305F0A3FBB0F1004F06D0BC
:10A6100038B9019B84F8FD00C4F8003102E0152030
:10A6200000E0102002B010BD30B58B7BA02B89B0AC
:10A6300004460D4601D013205CE0084604A905F04D
:10A6400026FB08B1102055E0284601A9FFF751FE6E
:10A650000028F7D1C4F800010546019B9D4241D274
:10A660009DF81E30602BE6D1082300930DEB03010B
:10A6700004A86A46002305F06BFBB0F1004F38D008
:10A680000028DFD18DF80F0004A805F0B1FB0028E9
:10A69000D8D19DF81E30602BCDD102A8164911F0FB
:10A6A000A0FD28B9204604A9FFF7A0FF98B121E03A
:10A6B00002A8124911F095FD034660B920220092CC
:10A6C00004A804F582716A4605F042FB30F00040B0
:10A6D000B8D184F8230104A805F08AFB0028B1D181
:10A6E0000135BAE7D4F80031002B14BF0020142044
:10A6F00000E0152009B030BDB6FD020075D00200A3
:10A70000F0B51F46837BA02B89B004460D46164644
:10A710005DD104A905F0BBFA08B1102058E020462D
:10A7200001A9FFF7E6FD0028F7D10446019884420D
:10A7300049D29DF81E30602B49D1082300930DEBC0
:10A74000030104A86A46002305F002FBB0F1004FA4
:10A750003BD00028E1D18DF80F0004A805F048FB9C
:10A760000028DAD19DF81E30F52B30D102A8194906
:10A77000022211F048FD30B9BDF81C30003318BF7B
:10A7800001232B7018E002A81349022211F03BFDAF
:10A7900030B9BDF81C30003318BF012333700BE013
:10A7A00002A80E49022211F02EFD28B9BDF81C3076
:10A7B000003318BF01233B7004A805F019FB0028E3
:10A7C000ABD10134B2E7002002E0152000E01320F5
:10A7D00009B0F0BDD9FD0200DCFD020067E0020017
:10A7E0002DE9F04F00230B70837BA02B89B08046AE
:10A7F0000C4618BF132372D13B4904AA05F008FB8D
:10A80000064608B110236AE09DF81E30402B01D0A7
:10A81000142364E008AD671C33464FF0460904A8D2
:10A8200039466A4645F8209D05F092FA009B302B88
:10A8300002D14123237024E0462B22D042232370EF
:10A840004FF480730093294933466A4604A805F003
:10A850007FFA42F21513264ADDF800A002F803A0A1
:10A86000314683464A46384611F056FA38461F4963
:10A87000BAF1460F34BF5246462205F011FC5E463F
:10A8800000E00646002EBDD140461A4904AA05F054
:10A89000BFFA0028B6D19DF81E30602BB8D10C232A
:10A8A000009304A801A96A46334605F051FAB0F1B5
:10A8B000004F02D13F23237001E00028A2D101A85C
:10A8C0000D490B2211F09FFC20B9237833B90122E6
:10A8D000227004E03F232370002300E00346184663
:10A8E00009B0BDE8F08F00BFB6FD02006DF7FF1F95
:10A8F00058D7FF1FBBD70200CEFD020010B5837BE7
:10A90000802B0446E8B018BF13201DD16946FFF71D
:10A91000DCFC08B1102017E0204601A905F0B7F9CA
:10A920000028F7D10446009B9C420CD201A805A93F
:10A93000FFF756FF0028EDD101A805F059FA0028CD
:10A94000E8D10134EFE7002068B010BD30B58B7B53
:10A95000802B054687B00C4618BF13202DD1084622
:10A9600002A905F094F908B1102026E0204601A9BB
:10A97000FFF7ABFC0028F7D1C5F84C010446019B5A
:10A980009C4217D2142C17D0D5F84C310133C5F89E
:10A990004C31D5F86C3140F2891102A801FB043129
:10A9A000FFF71EFF48B902A805F022FA0028DBD104
:10A9B0000134E4E7002000E0172007B030BDF0B517
:10A9C00097B00F46164600214FF459720AAD04465F
:10A9D00011F0A2F900953846314640F6FF7208ABF7
:10A9E00005F025F908B11020AEE09DF83630A02B17
:10A9F00001D01320A8E028460EA905F048F9002848
:10AA0000F1D1284604A9FFF774FC0028EBD10546D4
:10AA1000049B9D4280F097809DF84630002BE8D142
:10AA20000EA803A905F072F90028DCD10EA805F0E4
:10AA3000DFF90028D7D1039B013B032B7BD8DFE84C
:10AA400003F0021064709DF84630002BD1D10EA89F
:10AA5000214605F05BF90028C5D1236884F8AD31A3
:10AA600069E0202307939DF84630A02BBBD10EA8A8
:10AA700012A905F00CF90028B5D1139F0EA805A95D
:10AA8000013FFFF736FC0028ADD10646059B9E42EC
:10AA90002CD29DF85630002BA5D112A806A9FFF79D
:10AAA000F3FB00289FD112A805F0A2F90346002865
:10AAB00099D1069A012A07D0022A0FD112A804F1CF
:10AAC0002401FFF78DFE07E012A8211D07AA05F05B
:10AAD0003FF9B0F1004F86D0002884D112A805F0CC
:10AAE00087F900287FF47FAF0136CFE7139EF61B6E
:10AAF000B6F5CD7FBFF477AF04F5D770394632464F
:10AB000011F0EFF8C4F8486315E09DF84630002BCB
:10AB10007FF46FAF0EA804F5587105F0F7F850B147
:10AB200061E70EA804F553711022FFF748FD58B9EC
:10AB3000012384F85C330EA805F05AF900287FF44D
:10AB400052AF013564E7002017B0F0BDF0B5002327
:10AB50000B644B64837BA02B87B005460C465DD10C
:10AB600002A905F094F808B1102058E0284669467B
:10AB7000FFF7BFFB0028F7D1054607460646009BB6
:10AB80009E423FD29DF81630002B47D102A801A962
:10AB900005F0BCF80028E7D102A805F029F9002843
:10ABA000E2D1019B0333042B25D8DFE803F01C140A
:10ABB0000A2403009DF8163083BB02A804F140016B
:10ABC00005E09DF816304BBB02A804F1440105F0E6
:10ABD0009DF880B1C8E702A821462022FFF7EFFCCC
:10ABE000E8B9012707E002A804F120012022FFF7BD
:10ABF000E6FCA0B9012502A805F0FAF80028B3D1B7
:10AC00000136BCE747B13DB1236C2BB1636C002B1F
:10AC100014BF0020142002E0142000E0132007B02D
:10AC2000F0BD70B5837BA02B88B004460E4601D0E2
:10AC300013205CE004A905F02AF808B1102056E0C2
:10AC4000204601A9FFF755FB0028F7D10546044629
:10AC5000019B9D4245D29DF81E30002BE8D104A8EF
:10AC600003A9FFF711FB0028E8D104A805F0C0F8FC
:10AC700003460028E2D1039A022A0AD0032A1CD0F4
:10AC8000012A27D104A806F16401FFF75FFFF8B19C
:10AC90002DE008AA402142F8181D04A8711C05F0F7
:10ACA00057F8029B202B01D0402B1FD1B0F1004F51
:10ACB0001CD00028C2D133700AE008AA202142F833
:10ACC000181D04A806F1410105F042F80028B5D18D
:10ACD0000134E4B204A805F08BF80028AED10135A8
:10ACE000B6E7032C0CBF0020142000E0032008B0BE
:10ACF00070BDFFFF30B5837BA02B8BB005460C46A3
:10AD000065D102A904F0C3FF08B1102060E0284615
:10AD100001A9FFF7EEFA0028F7D10546019B9D42F5
:10AD200053D29DF81630602B51D11023009302A806
:10AD300006A96A46002305F00BF8B0F1004F0BD1CD
:10AD400002A805F055F802A805F052F80028DCD159
:10AD500002A805F04DF831E00028D6D18DF8270083
:10AD600002A805F045F80028CFD106A819490B2202
:10AD700011F049FA90B99DF81630F52B04D1BDF8C1
:10AD80001430DBB1012307E0A02B17D102A8211D4D
:10AD9000FFF747FFE0B9022323700FE006A80E4932
:10ADA0000B2211F030FA48B99DF8163033B902A8D9
:10ADB00004F1B401FFF768FA0028A6D102A805F053
:10ADC00017F80028A1D10135A8E7002000E01320E2
:10ADD0000BB030BDDFFD0200EBFD0200F0B500213D
:10ADE00091B0044616464FF45E721F4608AD10F04F
:10ADF00093FFFF2384F8A93200953046394640F688
:10AE0000FF7206AB04F013FFC8B99DF82E30A02BDB
:10AE100001D01120B6E028460CA904F038FF08B193
:10AE20001020AFE0284604A9FFF763FA0028F7D105
:10AE3000054617E020460CA9FFF770FA60B1C0B2D2
:10AE4000A0E00CA8211D2022FFF7B9FB0028F6D1B5
:10AE5000236843F0010323600CA804F0C9FF002815
:10AE6000DED10135049B9D427BD29DF83E30002B04
:10AE7000CFD10CA803A904F049FF0028D0D10CA819
:10AE800004F0B6FF0028CBD1039B013B082BE3D88D
:10AE900001A252F823F000BF43AE0100BDAE010095
:10AEA00035AE0100D3AE0100DDAE010001AF0100FF
:10AEB00015AF01002DAF01004BAF010004F12400DC
:10AEC0000CA9FFF7B1FB0028B9D1236843F00203B6
:10AED000C1E720460CA9FFF719FBAFE70CA8FFF765
:10AEE0000DFD00289CD10CA804F5257104F0CFFEBF
:10AEF000002895D10CA804F52971FFF7E6F92CE09C
:10AF00009DF83E30A02B2ED10CA804F53071FFF730
:10AF1000F1FE08E00CA804F5247104F52A7204F28D
:10AF2000A923FFF7EDFB002896D02BE09DF83E30DB
:10AF3000402B1AD10CA805A9FFF7B3F9A8B9059BB6
:10AF40009BB9012384F8BB3286E79DF83E3053B9A4
:10AF50000CA804F52F7104F0D9FE00283FF47CAF53
:10AF60005EE700200EE013200CE00CA804F2AA21FA
:10AF70001022FFF724FB032800D018B9012384F81E
:10AF8000BA3269E711B0F0BDF0B5044691B00F4692
:10AF9000164600214FF40B7210F0BEFE4F4BC4F862
:10AFA0006C3108ADFF2384F85231009538463146A4
:10AFB00040F6FF7206AB04F03AFE08B110208AE0BA
:10AFC0009DF82E30A02B01D0132084E028460CA938
:10AFD00004F05DFE0028F1D1284604A9FFF789F9A5
:10AFE0000028EBD10546049B9D4265D29DF83E307A
:10AFF000002BE9D10CA803A904F088FE0028DDD1BC
:10B000000CA804F0F5FE0028D8D1039B013B062BC9
:10B010004BD8DFE803F00F04151F25303F000CA8C4
:10B02000211D2022FFF7CBFA002854D1012384F8F8
:10B0300024303AE004F128000CA9FFF7D7FA18E011
:10B0400020460CA9FFF782FC0028B7D1012384F821
:10B0500070312AE00CA804F5BA71FFF74BFE08E046
:10B060000CA804F5A87104F2511204F5A973FFF7B6
:10B0700047FBD0B12FE09DF83E30402B1ED10CA8ED
:10B0800005A9FFF70EF9C8B9059BBBB9012384F8E0
:10B0900064310AE09DF83E30002B95D10CA804F5F0
:10B0A000B47104F033FE002888D10CA804F0A0FE8F
:10B0B000002883D1013596E700200CE00CA804F2AB
:10B0C00053111022FFF77BFA032800D018B901238F
:10B0D00084F86331E9E711B0F0BD00BFA8D8FF1FC5
:10B0E000F0B591B00F46164600214FF4BE7208AD80
:10B0F000044610F011FE00953846314640F6FF72C6
:10B1000006AB04F094FD08B11020A1E09DF82E30AC
:10B11000A02B01D013209BE028460CA904F0B7FD1A
:10B120000028F1D1284604A9FFF7E3F80028EBD165
:10B130000546049B9D4280F088809DF83E30002BA0
:10B14000E8D10CA803A904F0E1FD0028DCD10CA88B
:10B1500004F04EFE0028D7D1039B013B072B6CD88F
:10B16000DFE803F0040B141F2B48535F9DF83E30BB
:10B17000002BCFD10CA8214605E09DF83E30002BD6
:10B18000C8D10CA8211D04F0C1FD56E00CA804F1A3
:10B190000801FFF7DBFC00285AD1012384F8503066
:10B1A0004BE00CA804F151011022FFF708FA002827
:10B1B0004ED1012384F861303FE09DF83E30402BB2
:10B1C000A8D10CA805A904F01BFE034600289BD1BA
:10B1D000059AA2F14001C02939D8C4F864214FF47E
:10B1E000807205920CA804F1620105AA04F0B0FD7A
:10B1F00018B389E70CA804F5B4711022FFF7DFF942
:10B2000030BB012384F8783117E09DF83E30F52BF0
:10B2100080D1BDF83C30003318BF012384F8793168
:10B220000BE09DF83E30F52B7FF474AFBDF83C3059
:10B23000003318BF012384F87A310CA804F0D8FD3C
:10B2400000287FF461AF013573E7002000E037206C
:10B2500011B0F0BD03F0A0BF08B504F023F8034817
:10B2600000214022BDE8084010F056BD58C7FF1F1E
:10B270001830E6F719BB1830E6F740BB1830E6F790
:10B280005EBBFFFFF0B51D4B85B004466A4603F177
:10B29000100718685968154603C50833BB422A468B
:10B2A000F7D1EDF797F8054634B9154869460C22F1
:10B2B00010F008FDB0B106E012482146202210F03F
:10B2C00001FD78B1F1E734B90F486946102210F05A
:10B2D000F9FC38B10EE00D482146202210F0F2FCB6
:10B2E0000028F1D1AB0705D415F0010F0CBF0120E8
:10B2F000022000E0002005B0F0BD00BF70ADFF1FD0
:10B30000F7FD020004FE020025FE020036FE0200E8
:10B310002DE9F04116460C460546EDF769FB731E14
:10B32000012B94BF04F114032346B3F5546F01DBE2
:10B33000304804E0022E06D11F2C14DC2E48BDE854
:10B34000F041EDF7F7BA012E2C4F2D4E22D1306887
:10B3500029462246043010F0C4FC30682146EAF742
:10B36000A7FF386041E0264E3068203C05F12001FF
:10B370002246243010F0B5FC29462022306810F017
:10B38000B0FC306821462030EAF792FF1B4B20309A
:10B3900018602AE028461B4910F023FFF8B13068F6
:10B3A000854214D300F554639D4210D22A1A00211D
:10B3B00002EB040810F0B0FC3068B8F5546FA8BF79
:10B3C0004FF4546840440021C8F5546202E0002163
:10B3D0004FF4546210F0A0FC0B4B00221A7030683E
:10B3E0002946224610F07DFC3C60BDE8F041EDF7B7
:10B3F0006BB800BF57FE020079FE020004C8FF1FB1
:10B40000A88CFF1F92FE020050C7FF1F38B5074BE4
:10B41000074D1A68074B04461A6028B12B6883420F
:10B4200002D040B203F0E6FE2C6038BD8CFDFF1F59
:10B430004CD7FF1F40D7FF1F08B503F0A5FEBDE89E
:10B44000084002F003BCFFFF30B545F6B033ADF560
:10B45000057D1C78012C19D103A84FF4B44140F2AA
:10B460000122EBF753FC009473AA7BA870A9202358
:10B47000EBF71CF9084A7BAC83AD234603CBAB4208
:10B48000106051601C4602F10802F6D1FFF7D4FFAC
:10B490000DF5057D30BD00BFCC8CFF1F044B1B7824
:10B4A000022B4FF0640101D10FF02CBD0FF0F4BC62
:10B4B000A0C7FF1F08B5AB20EDF700FB4FF4FA70F3
:10B4C000BDE8084005F0C6BD30B5B5B004466946D4
:10B4D0000323D0220020F0F705F869460546D02264
:10B4E000204604F0DDFD284635B030BD10B5D0242F
:10B4F000B4B001462246684604F0D2FD69462246B1
:10B5000004230020EFF7EEFF34B010BD10B5044661
:10B51000EBF78CFB54B1B4F5807F8CBF204600194B
:10B52000EBF793FBBDE81040EBF780BB441C2046D3
:10B53000EBF78BFB204610BD014B1870704700BF26
:10B5400048D7FF1F00B591B000216846402210F097
:10B55000E3FB684600210FF06BFC08B9002009E00E
:10B56000684603F09FFE9128F8D10120EDF79EFB7D
:10B570004FF0FF3011B05DF804FBFFFFF8B5304B22
:10B58000304E1C783768002C54D140F2EE2398429C
:10B59000074432D9AB20ECF77DFF33689F4204D2D9
:10B5A0000120EDF783FB0020F8BDEDF7BFFF10B1E0
:10B5B000254B01221A60FFF7C5FF14F0FF03054673
:10B5C00001D1AB2002E0802B02D10020EDF776FA0A
:10B5D000002D31D11C4B1B68012B04F10104DCD17F
:10B5E0001EE0AA20EDF76AFAEDF7A0FF164B08B1AE
:10B5F00001221A601B68012B0CD0144B1A68542AC4
:10B6000004BF2A221A601C4633689F42E9D20020F8
:10B61000EDF74CFB23682A2B02D10C4B54221A6005
:10B62000094E35680024012D204607D1EDF73EFB79
:10B63000346001E00220F8BD2846F8BDF8BD00BF27
:10B6400048D7FF1F8CFDFF1F44D7FF1F30C8FF1FC7
:10B650002DE9F7438DF80520264A8DF80630147839
:10B66000254B8DF8041080461F689946002C3DD16B
:10B67000AB20ECF70FFF2546D9F8003008EB0702A6
:10B680009A4204D20120EDF711FB00202FE0EDF7E4
:10B690004DFFE8B1194A00261368166002AA2A4431
:10B6A000303B12F8042CDBB29A4207D00120EDF7B0
:10B6B000FDFA134B6FF001001E6018E00135032DF9
:10B6C00006D13046EDF7F2FA0D4B01201E600EE078
:10B6D000FFF738FF58B914F0FF0301D1AB2001E0A8
:10B6E000802B01D1EDF7EAF90134C5E7022003B060
:10B6F000BDE8F08348D7FF1F8CFDFF1F30ADFF1F53
:10B7000044D7FF1F08B5EEF77BF8012008BD0020E5
:10B71000014602460523EFF7E5BE0C20704740F2D4
:10B72000B9120223EFF7DEBE40F2B9120123EFF7A0
:10B73000D9BEFFF7F4BF10B5F0B0044640F2B9121D
:10B7400001A8FF2110F0E8FA204601A9FFF7E7FF62
:10B7500070B010BD45F6B0331B78012B09D10A4BF0
:10B7600003F1100253F8041B40F8041B9342F9D173
:10B770007047064B03F1100253F8041B40F8041BFA
:10B780009342F9D1704700BF98FE0200A9FE020063
:10B7900045F6B0331B78012B0CBF024B024B1888C7
:10B7A000704700BFCA8CFF1FEE8CFF1F10B545F617
:10B7B000B03304461B78012B05D1FFF7E9FF06499A
:10B7C0000246204604E0FFF7E3FF04490246204614
:10B7D000BDE8104010F085BA7E020300AAFF020007
:10B7E000704770B5064688B000200C4615460146E5
:10B7F0006A4603F0DFF906F11000202103F0CCF9CE
:10B800002046202103F0C8F900206A46014603F0D3
:10B8100001FA6C462A4604AD234603CBAB421060C6
:10B8200051601C4602F10802F6D108B070BDFFFF5E
:10B8300038B50D4B1C68B4F8023802460D4658184E
:10B84000B4F80018884202DD012010F0F1F9E01888
:10B8500011462A4610F045FAB4F802381D44A4F8FF
:10B860000258002038BD00BF50D7FF1F014B186899
:10B8700002F0E0B950D7FF1F70B504460E461030F5
:10B8800020211546FFF73EFF204631462246FFF7AE
:10B89000A8FF204630212A4605F1200303F07EFA56
:10B8A000002070BD70B5ADF59C6D00238DF804309F
:10B8B000042304468DF80530FFF76AFFB0F5806F6A
:10B8C000054602D949F210205DE040F2EE20FFF774
:10B8D00055FE002855D004F120060AA8314616AAC4
:10B8E000FFF7CAFF0130EDD003F03CF901A80121B8
:10B8F00003F052F93046202103F04EF92046202172
:10B9000003F04AF90AA8302103F046F90DF10500C9
:10B91000012103F041F9402116A803F03DF902A8E6
:10B9200003F042F903F0C0F9224602A8202103F0F7
:10B93000C9F90523022101A88DF80430FFF778FF2B
:10B94000402116A8FFF774FF3026012101A88DF8C9
:10B950000460FFF76DFF31460AA8FFF769FF38A8BA
:10B96000FFF724FF294638A8FFF762FF26A92046E3
:10B9700001F090F881B226A8FFF75AFF4FF410406B
:10B9800001E046F6851000B20DF59C6D70BD30B536
:10B99000462985B0044615460ED111462230202294
:10B9A00010F090F9C0B9284604F11001D4F84220F3
:10B9B0006B4600F02BFF05E030290DD111466A4699
:10B9C000FFF70FFF20466946102210F07BF9D0F1F7
:10B9D000010038BF002000E0002005B030BDFFFFAF
:10B9E00007B5084B18689A8800909B79ADF8042039
:10B9F000684606218DF80630FFF71AFF024803B0AB
:10BA00005DF804FBBAFE02000090FFFF2DE9F0474D
:10BA100006469CB018461C4617460D4602F00AF929
:10BA2000734B32781C609846002A40F0CA8030463A
:10BA300029463A4603F0F4FE84B2B4F5104F00F004
:10BA4000B98046F685139C4200F0B4807378032BCE
:10BA500000F0A68004D8012B0AD0022B14D0A4E059
:10BA6000C02B02D0FF2B40F0A0804FF41044A1E087
:10BA7000402F40F09D80AA20ECF70CFDECF724FD50
:10BA80002846FFF70FFF8EE0AA20ECF703FDECF746
:10BA90001BFDB4780123072C8DF807300BD105F17D
:10BAA000410095F8401005F12002FFF770FF30B11A
:10BAB00046F6851472E0032C04D0082C02D04FF413
:10BAC000D5446BE005F1410705F12006384695F8AD
:10BAD00040103246FFF75BFF0028F0D000221346EB
:10BAE000384695F8401003F047F9082C04BF0023AE
:10BAF0008DF807309DF80730002B48D10020FFF764
:10BB000005FDC4B24FEA106AC0F30749C0F3072726
:10BB10008DF80B408DF808A08DF809908DF80A700B
:10BB200003F020F83046202103F036F80DF107002D
:10BB3000012103F031F802A8042103F02DF820219F
:10BB4000284603F029F802A803F02EF82A4602A896
:10BB5000202103F0B7F801210DF10700FFF768FE7F
:10BB6000042102A88DF80B408DF808A08DF80990EB
:10BB70008DF80A70FFF75CFE0AA9284600F08AFFDC
:10BB800081B20AA8FFF754FE4FF4104406E040F2D9
:10BB9000EE20FFF7F3FC00288AD0AFE7A4B209E05B
:10BBA00037B9FFF71DFF84B204E04FF4DA4401E037
:10BBB0004FF4CE440020FFF729FCB4F5104F06D017
:10BBC00001E04FF4DC44D8F8000002F033F8230A17
:10BBD0000AA801218DF82830FFF72AFE0AA80121C2
:10BBE0008DF82840FFF724FE1CB0BDE8F08700BFA9
:10BBF00050D7FF1F30B5057942792D0445EA02255B
:10BC000082790B462A43C11DBDE83040FFF7FEBED6
:10BC1000D1F84330D0F84300181A704710B588B0F7
:10BC200004466A460120002102F0C4FF04F110001E
:10BC30000E2102F0B1FF012000216A4602F0EAFF66
:10BC4000D4F81E00009B584008B010BD38B50C4613
:10BC50001546FFF7E3FF80B2022802D0032801D087
:10BC600005E025B9002C0CBF3020002038BD002095
:10BC700038BDFFFF70B588B004460E4615460C4827
:10BC80006A46102102F096FF3046294602F084FFF2
:10BC90006A460748102102F0BDFF2046694610227F
:10BCA00010F010F8002814BF3320002008B070BD39
:10BCB00044F9FF1FF8B5202205460C4622302231F8
:10BCC00010F000F8064678B995F8867005F1460040
:10BCD00004F146013A460FF0F5FF38B994F88600B2
:10BCE000C31B58425841F8BD0020F8BD3046F8BD8E
:10BCF00008B50220FFF78AFB44F63820FFF73EFC28
:10BD0000012805DC06D000280CBF3A202D2008BDF4
:10BD1000212008BD002008BD01482021FFF7F2BC0A
:10BD200095F9FF1FF8B5002407460E462546FFF794
:10BD3000F4FC84420DD220463146FFF7F5FCD6F8DC
:10BD40004230013B033302D8BD4205D001350134F6
:10BD5000EDE74FF0FF30F8BD2046F8BDF0B5431CCD
:10BD6000F9B0044609D1002009A9FFF7DDFCDDF890
:10BD70006630013B03332ED90024FFF7CEFC01349B
:10BD800084422AD2204609A9FFF7CEFC0DF14603D2
:10BD900001AD0DF166071E46186859682A4603C2B0
:10BDA0000833BB421546F7D1DDF86630013B03335B
:10BDB000E3D80025A5420CDA284609A9FFF7B4FC10
:10BDC000304601A920220FF07DFF0028D5D0013593
:10BDD000F0E7204603E0002001E04FF0FF3079B0AB
:10BDE000F0BD70B50446F8B071B10B4601AC01F17D
:10BDF000200518685968224603C20833AB4214462E
:10BE0000F7D14FF0FF340FE009A9FFF78DFC01AD2A
:10BE10000DF146030DF16606186859682A4603C2FB
:10BE20000833B3421546F7D1FFF777FC013484425B
:10BE30000DD2204609A9FFF777FC0DF1460001A9B4
:10BE400020220FF03FFF0028EED1204601E04FF006
:10BE5000FF3078B070BD10B504460020FFF756FBE8
:10BE6000034610B9FFF752FB03461A0E84F821204F
:10BE70001A0C84F822201A0A84F8232084F824302B
:10BE8000184610BD38B5124CD022FF2120460FF0C5
:10BE900043FF802104F14E00FFF734FCA5232370FB
:10BEA000082384F84830012500236370A4F84A3041
:10BEB00084F8CE50FFF72BFC04F122002021FFF77D
:10BEC00021FCA84202D028460FF0B2FE38BD00BFC8
:10BED00070F8FF1F2DE9FF4113F1080F0F461646BA
:10BEE00069460CBF0422052205461C4604F0A6F84C
:10BEF00040F2271180465B4AFEF70FFAB8F1000FB7
:10BF000001D01020AAE001226846002304F053F873
:10BF10004FF496718046534AFEF7FFF9B8F1000FCF
:10BF2000EFD114F1080F14BF02220122002368464A
:10BF300004F041F84FF4977180464A4AFEF7EDF954
:10BF4000B8F1000FDDD103226846002304F033F876
:10BF500040F233118046434AFEF7DFF9B8F1000F93
:10BF6000CFD122466846E31704F025F840F2351198
:10BF700080463C4AFEF7D1F9B8F1000FC1D14FF02D
:10BF8000FF3268464FF0FF3304F015F84FF49D710F
:10BF90008046344AFEF7C1F9B8F1000FB1D114F16F
:10BFA000080F14BF012206220023684604F003F89C
:10BFB0004FF49E7180462B4AFEF7AFF9B8F1000F9F
:10BFC0009FD16FF0010268464FF0FF3303F0F3FF9B
:10BFD0004FF4A1718046234AFEF79FF9B8F1000F94
:10BFE0008FD139462022684604F001F84FF4A2713F
:10BFF00007461C4AFEF791F9002F82D108340ED172
:10C000006946284604F02AF84FF4A8710446154AF8
:10C01000FEF783F9002C7FF474AF20461EE06FF02A
:10C02000020268464FF0FF3303F0C5FF4FF4A571DD
:10C0300004460C4AFEF771F9002C7FF462AF3146DA
:10C040002022684603F0D3FF4FF4A6710446054A48
:10C05000FEF763F9002C7FF454AFD1E704B0BDE8DC
:10C06000F08100BFC1FE020030B5012A054691B043
:10C0700008461C461FD113F1080F07D007331AD109
:10C0800046216A4608AB02F089FE03E046216A4673
:10C0900002F0B6FE2346694608AA2846FFF71AFFB3
:10C0A0004FF4B8710446064AFEF737F9002C0CBF6E
:10C0B0000020102001E04FF0FF3011B030BD00BF74
:10C0C000C1FE0200F0B585B00E4614466946022254
:10C0D000054603F0B3FF40F21B4107462A4AFEF72C
:10C0E0001CF90FB110204DE028490222684603F0E8
:10C0F00090FF40F21F410746234AFEF70EF9002F3A
:10C10000F0D1412C314639D0422C39D142F21513AD
:10C110001F4A2049D25C684603F069FF40F245415E
:10C120000446194AFEF7F9F8002CDBD11A4904221B
:10C13000684603F06EFF40F24A410446124AFEF799
:10C14000ECF8002CCED115490A22684603F061FFB5
:10C1500040F24D4104460C4AFEF7DFF8002CC1D1F5
:10C160006946284603F07AFF40F252410446064AE7
:10C17000FEF7D3F8002CB5D1204603E03022CAE701
:10C180004622C8E705B0F0BDC1FE0200B6FD0200C0
:10C1900058D7FF1F6DF7FF1FBBD70200CEFD02006F
:10C1A00038B5054608460C4610F025F821460246EB
:10C1B0002846BDE8384003F02CBFFFFF2DE9F047CB
:10C1C0000578022DC0B004468846174672D130ABC0
:10C1D000451D00F1450E1E46286869681A4603C2CF
:10C1E000083575451346F7D108AA04F168007A4965
:10C1F00002F06EFE02F0B6FC202108A802F0CCFC92
:10C2000008A802F0D1FC10AA08A8202102F0D2FC54
:10C210003046217902F0C0FC08A8202110AA02F0C3
:10C22000F9FC284610A910220FF04CFD0546002805
:10C2300040F0CE8018AA0220294602F0BBFCD4F8B8
:10C24000B000462102F0A8FC6448012102F0A4FCE1
:10C250000220294618AA02F0DDFC304608A92279FE
:10C26000F0F7F7FB20AA18A8202102F0A3FC304623
:10C27000202102F091FC18A8202120AA02F0CAFC7B
:10C280002379402B0DD128AA18A8202102F092FC76
:10C2900038A8202102F080FC18A8202128AA02F04A
:10C2A000B9FC20A808A922790126F0F7C1FB0025D6
:10C2B000304604E0012D18BF002500262846D4F89A
:10C2C000B430013B022B05D801305FFA80FA4FF001
:10C2D000010905E0002879D04FF000094FF0010A6C
:10C2E000684641463A68002303F056FE524604A9C8
:10C2F000684603F0A3FE40F225218246384AFEF745
:10C300000CF8BAF1000F5FD11EB9B9F1000F33D0AC
:10C3100019E0344904A8FFF743FF40F229210646FB
:10C320002F4AFDF7FAFF002E4ED120A9227904A84A
:10C3300003F05DFE4FF40B710646294AFDF7EDFF51
:10C34000002E41D1E1E7284904A8FFF729FF40F278
:10C3500032210646224AFDF7E0FF002E34D1D4F800
:10C36000B42004A8002303F026FE40F23521044641
:10C370001B4AFDF7D2FF3CBBADB11A4904A8FFF739
:10C380000FFF40F23B210446154AFDF7C6FFDCB91A
:10C39000152104A803F01AFE40F23E210446104A7B
:10C3A000FDF7BBFF84B904A9684603F057FE40F2CD
:10C3B000422104460A4AFDF7B0FF2CB9009BC8EBA6
:10C3C00003033B60204604E0102002E0386000E0F8
:10C3D000E02040B0BDE8F08795F9FF1F6CF7FF1F24
:10C3E000C1FE0200DFFD0200EBFD02002022FFF78C
:10C3F00041BCFFFF30B595B0044610A8FFF7AAF97D
:10C4000004A90822204603F019FE8F210546034A9D
:10C41000FDF783FF25B11020F4E100BFC1FE02004B
:10C42000012204A8002303F0BEFD93210546B14A72
:10C43000FDF773FF002DEED16946032204A803F037
:10C44000FAFD96210546AB4AFDF767FF002DE2D1C4
:10C45000A9496846FFF7A4FE99210546A54AFDF7BC
:10C460005CFF002DD7D1A5496846FFF799FE9B21B7
:10C470000546A04AFDF751FF002DCCD1A0496846E2
:10C48000FFF78EFE9D2105469A4AFDF746FF002DD7
:10C49000C1D1694604A803F0E1FDA0210546954AF3
:10C4A000FDF73BFF002DB6D1022204A8002303F0C4
:10C4B0007AFDA42105468F4AFDF72FFF002DAAD152
:10C4C0006946022204A803F0B6FDA7210546894A61
:10C4D000FDF723FF002D9ED18A496846FFF760FED5
:10C4E000AA210546834AFDF718FF002D93D18649FE
:10C4F0006846FFF755FEAD2105467E4AFDF70DFF64
:10C50000002D88D1694604A803F0A8FDB021054696
:10C51000784AFDF702FF002D7FF47DAF032204A8C7
:10C52000002303F040FDB4210546724AFDF7F5FEF5
:10C53000002D7FF470AF10A9102204A803F057FD5E
:10C54000B72105466B4AFDF7E8FE002D7FF463AF87
:10C55000042204A8002303F026FDBB210546654AFA
:10C56000FDF7DBFE002D7FF456AF08A9052204A8D5
:10C5700003F064FDBE2105465E4AFDF7CEFE002DA8
:10C580007FF449AF6149022208A803F042FDC121AE
:10C590000546584AFDF7C1FE002D7FF43CAF15213A
:10C5A00008A803F013FDC4210546524AFDF7B5FE65
:10C5B000002D7FF430AF5649022208A803F029FD70
:10C5C000C82105464B4AFDF7A8FE002D7FF423AF96
:10C5D000152108A803F0FAFCCB210546454AFDF7D2
:10C5E0009CFE002D7FF417AF4A49042208A803F0EF
:10C5F00010FDD92105463F4AFDF78FFE002D7FF43F
:10C600000AAF142108A803F0E1FCDC210546394AF1
:10C61000FDF783FE002D7FF4FEAE3F49082208A8F7
:10C6200003F0F7FCE0210546324AFDF776FE002DC7
:10C630007FF4F1AE152108A803F0C8FCE3210546FC
:10C640002C4AFDF76AFE002D7FF4E5AE334909223E
:10C6500008A803F0DEFCE7210546264AFDF75DFE4B
:10C66000002D7FF4D8AE2E4B597808A801290CBFB5
:10C670001521142103F0AAFCEA2105461D4AFDF705
:10C680004CFE002D7FF4C7AE08A904A803F0E6FC19
:10C69000F2210546174AFDF740FE002D7FF4BBAEA0
:10C6A000052204A8002303F07EFCF6210546114A6A
:10C6B000FDF733FE002D7FF4AEAE4FF4966204A872
:10C6C000002303F078FCF92105460A4AFDF725FE10
:10C6D000002D7FF4A0AE062204A8002303F063FC23
:10C6E000FD210546034AFDF718FE002D7FF493AEA9
:10C6F00018E000BFC1FE0200BAFE0200E8FE020020
:10C70000F1FE0200EBFD0200DFFD0200D9FD020098
:10C7100067E00200FEFE020003FF02000CFF0200C1
:10C7200070F8FF1F0CA9012204A803F084FC4FF449
:10C7300080710546344AFDF7F0FD002D7FF46BAEA5
:10C7400001220CA8002303F036FC40F20311054639
:10C750002D4AFDF7E2FD002D7FF45DAE0CA904A883
:10C7600003F07CFC4FF483710546274AFDF7D5FDA5
:10C77000002D7FF450AE072204A8002303F013FC21
:10C7800040F20B110546204AFDF7C7FD002D7FF44E
:10C7900042AE142204A8002303F005FC4FF4877175
:10C7A0000546194AFDF7B9FD002D7FF434AE082285
:10C7B00004A8002303F0F7FB4FF489710546124AE1
:10C7C000FDF7ABFD002D7FF426AE4FF4807204A878
:10C7D000002303F0E8FB40F2151105460A4AFDF775
:10C7E0009CFD002D7FF417AE204604A903F036FC13
:10C7F0004FF48D710446044AFDF78FFD002C7FF441
:10C800000AAE204615B030BDC1FE020070B58AB038
:10C8100005460C4601920021202202A81E460FF078
:10C820007BFA02AA0120002102F0C4F92846202147
:10C8300002F0B2F92046122102F0AEF901A804215B
:10C8400002F0AAF90120002102AA02F0E3F902ACE9
:10C85000334606AD224603CAAA4218605960144600
:10C8600003F10803F6D10AB070BDFFFF0148FEF7DF
:10C870003DBE00BF70F8FF1F2DE9F04FADF56F7D95
:10C880009146804640F2B9120C4610A800211D4680
:10C890000FF042FA7FA8002140F2B9120FF03CFAE3
:10C8A000D9F80030242B02D801200FF0C1F902F092
:10C8B00059F9D8F80011404602F06EF9204602F00E
:10C8C00073F92046FFF7C7FA0290FFF711FA212803
:10C8D000064601D1002308E04FF425716B4AFDF7AD
:10C8E0001CFD002E40F0CD800123DFF8A4A184F8C8
:10C8F00020300120FEF78AFD9AF801305A1E53427B
:10C90000534194F8202042EA83031DB984F8203073
:10C910002523B2E043F0400384F8203004F17D0287
:10C920000192D9F80020019900237D3A04A803F070
:10C9300033FB04F12500FEF70DFF00264FF0460CF7
:10C9400004F1370784F836C0624604F1470B84F8D7
:10C95000356031463846CDF800C00FF0DDF91221C0
:10C960005846FEF7CFFED5F844210832F89A1168F0
:10C9700014BF0020012041EA004108AA03910120D0
:10C98000314602F017F958460E2102F005F9012050
:10C99000314608AA02F03EF9039B089A5A40C4F8AF
:10C9A0005520029AC4F879202146202204F159002A
:10C9B0000FF097F93B4620465946029AFFF726FFAB
:10C9C00095F84831DDF800C0002B4AD06246394660
:10C9D00010A803F065FB29464FF4A1720DF1860003
:10C9E00003F05EFBD8F800412F2C88BF302422468C
:10C9F00072A8414603F054FB8DF8F841BAF84A405A
:10CA0000A64210D27FA93046FFF78CF97FA9804655
:10CA100010A8FFF74FF920B1404610A9FEF789FE94
:10CA20001FE00136ECE70024FEF777FE844216D2C1
:10CA300020467FA9FEF778FEDDF83E32013B033346
:10CA40000BD9BAF84A300133AAF84A30FFF70EFF83
:10CA5000204610A9FEF763FE03E00134E4E7282036
:10CA600010E095F84221D5F8443104A83946FFF783
:10CA7000FBFA049B019A9B1A7D33C9F80030002011
:10CA800000E030460DF56F7DBDE8F08FC1FE02007D
:10CA900070F8FF1F2DE9F74F00230D46C25CDCB292
:10CAA0000AB100230AE001330134202BE4B2F5D1AE
:10CAB000F7E701330137202BFFB205D0C218DFB2F0
:10CAC00092F82020002AF4D007F12003065D10F828
:10CAD000038000EB030B0021031948222846019331
:10CAE0000FF01AF93022F6092A70C4F144023244D8
:10CAF0004FEAD818D21B42446A70AA194FF0020AB2
:10CB00004FF0000985F802A082F80390019BC4F160
:10CB10002002B118301DE970284419460FF0E1F8E1
:10CB200006F124031B1BC4F1260005F803A006F13F
:10CB3000250303EB0802121B1B1B05F8029030446F
:10CB4000C7F1200208EB02014044E9542844594649
:10CB500008F146080FF0C5F84644301BC01B03B06F
:10CB6000BDE8F08F2DE9F7431D460C9B0A9C0B9EF8
:10CB7000083381468846174618D001F0F3FF48462F
:10CB8000414602F009F83846202102F005F828460F
:10CB900002F00AF828462021224602F093F82046A7
:10CBA000314603B0BDE8F043FFF774BF0096202381
:10CBB00002F04AF9402003B0BDE8F083F0B5ADF2D1
:10CBC000244D04460E461546FEF7E2FDB0F5806F93
:10CBD00000F2958008A8FEF7E9FD03222046002315
:10CBE00003F0E9F940F243310746474AFDF795FB68
:10CBF0000FB1102084E069460322204603F01EFA9C
:10CC000040F245310746404AFDF787FB002FF0D13F
:10CC10003E496846FFF7C4FA4FF4527107463A4A54
:10CC2000FDF77BFB002FE4D16FF0060268464FF062
:10CC3000FF3303F0C0F940F24A310746324AFDF7AC
:10CC40006CFB002FD5D132496846FFF7A9FA40F2B4
:10CC50004E3107462C4AFDF760FB002FC9D12A460A
:10CC60003146684603F0C3F94FF454710546264A2D
:10CC7000FDF753FB002DBCD126496846FFF790FA1B
:10CC80004FF455710546204AFDF747FB002DB0D102
:10CC900004A90122684603F0CEF940F25631054658
:10CCA000194AFDF73AFB002DA3D1FEF771FD08A943
:10CCB000024604A803F09BF940F259310546124A96
:10CCC000FDF72BFB002D94D104A9684603F0C6F9AB
:10CCD00040F25B3105460C4AFDF71FFB002D88D161
:10CCE0002046694603F0BAF94FF458710446064AE3
:10CCF000FDF713FB002C7FF47CAF204600E02120E1
:10CD00000DF2244DF0BD00BFC1FE0200CAFD0200BD
:10CD100016FF02001AFF020030B50B78412B8DB0D0
:10CD200005460C4626D0422B34D0012B3AD101F0D7
:10CD300019FFD5F80011284601F02EFF04A801F0D4
:10CD400033FF04F1230004A920220EF0BBFF48BBEF
:10CD500004A804F11101D4F843206B46FFF756FDF7
:10CD6000601C694610220EF0ADFFD0F1010038BF03
:10CD7000002018E001F0F6FED5F80011284601F079
:10CD80000BFF04A801F010FF601C302104AAFEF77D
:10CD9000FEFD08E042F21513044A0548D15C02F09A
:10CDA0005BFC00E000200DB030BD00BF58D7FF1F76
:10CDB0006DF7FF1FF0B50C46ADF2D44D0546134696
:10CDC00056A822462946FEF709F80446002840F0F6
:10CDD00024819DF813447CB1FEF78AFF4FF46871FB
:10CDE0000446904AFDF799FA0CBB8F4B5B78012BF8
:10CDF00014BF3524332410E1569B03F00F030F2B8F
:10CE000040F0F680884B5B78012B9DF8123404D1FA
:10CE1000002B40F0F3803624FFE0002B40F0EE8042
:10CE20009DF80134012B40F2E580002609E0E4B2D0
:10CE3000F3E0FBA808A9FDF7D3FC1128074604D1AD
:10CE40000136FF9B9E42F4D32DE04FF47171754A79
:10CE5000FDF763FA002F40F0CF805FA808A9FFF725
:10CE60005BFF98B10DF121009DF812140122FEF72D
:10CE7000EDFE58B9FEF73CFF40F2CD310446694A59
:10CE8000FDF74BFA002CD2D11924C6E0FBA802F022
:10CE9000AFFF4FF475710746624AFDF73EFA002F67
:10CEA000CED01024B9E004A90322284603F0C6F826
:10CEB00040F2DA3106465B4AFDF72FFA002EF0D138
:10CEC000012204A8002303F076F840F2DE31064682
:10CED000544AFDF722FA002EE3D1544904A8FFF783
:10CEE0005FF94FF4787106464E4AFDF716FA002EA8
:10CEF000D7D14FF49B7302930DF2CC43009308A952
:10CF000002AA5FA8A8ABFFF7B7FC40F2E7310646DC
:10CF1000444AFDF702FA8EB90299C1F59B73039357
:10CF200008AB194403AA0DF58360FFF747F940F2F7
:10CF3000EE3106463B4AFDF7F0F90EB1F4B26CE073
:10CF4000039B43B19DF8402062F07F028DF84020A2
:10CF5000029A13440293022204A8002303F02BF840
:10CF60004FF47E7106462F4AFDF7D7F9002E98D16F
:10CF700008A9029A04A803F03AF840F2FA310646EA
:10CF8000284AFDF7CAF9002E8BD101F08DFE029ED2
:10CF900001F0E8FD314608A801F0FEFD202157A868
:10CFA00001F0FAFD08A801F0FFFD10AA08A8202151
:10CFB00001F088FE20A910A8FFF76CFD20A9024609
:10CFC00004A8FFF7FBFD40F202410646154AFDF7B3
:10CFD000A4F90EBB284604A903F040F840F205412D
:10CFE0000546104AFDF799F9002D7FF45AAF14E079
:10CFF000142412E02C2410E03C460EE057A90DF258
:10D000000240FFF7F3F940F2B3310646054AFDF757
:10D0100084F9002E3FF404AF344620460DF2D44D7F
:10D02000F0BD00BFC1FE020070F8FF1F1EFF02002E
:10D03000F0B591F8415085B006460C4655B1151C27
:10D0400018BF012535B191F8C230002B0CBF032267
:10D05000042200E001226946304602F0EFFF40F270
:10D0600063410746424AFDF758F90FB110207DE0B1
:10D0700040490222684602F0CCFF40F26641074672
:10D080003B4AFDF74AF9002FF0D1214694F84020A1
:10D09000684602F0ACFF40F269410746344AFDF7AA
:10D0A0003CF9002FE2D16DB96946304602F0D6FF57
:10D0B00040F2844104462E4AFDF72FF9002CD5D1C9
:10D0C000204653E094F8C2306BB92B4904226846DD
:10D0D00002F09FFF40F276410546254AFDF71DF913
:10D0E000002DC3D11AE025490422684602F091FFC1
:10D0F0004FF48E6105461E4AFDF70FF9002DB5D19C
:10D1000004F1C2016846FFF74BF840F27241054650
:10D11000174AFDF702F9002DA8D1D6E704F1410125
:10D120006846FFF73DF840F279410546104AFDF7A1
:10D13000F4F8002D9AD112490B22684602F069FFDB
:10D1400040F27C4105460A4AFDF7E7F8002D8DD1F3
:10D1500004F182016846FFF723F840F27F4104465C
:10D16000034AFDF7DAF8002C80D19DE705B0F0BD49
:10D17000C1FE0200B6FD020075D00200C5FD02002E
:10D18000B9FD02002DE9F0479146ADF5167D02226A
:10D19000984600230C46054602F00DFF40F243512D
:10D1A00006464C4AFDF7B9F80EB110248DE0494609
:10D1B0004246284602F01BFF40F245510646454ACA
:10D1C000FDF7ABF8002EF0D12378412B06D0422B8F
:10D1D00006D142F21513404AD75C02E0302700E046
:10D1E0004627661C3046FEF719FDC0F307400128AC
:10D1F0003946304604D101F013FE6FF0070A05E00E
:10D200000022134601F0B8FD6FF0060A15AF304654
:10D2100021463A4602F0DAFA58B1304B1B889BB1EE
:10D220002F4B1E8896B140F201239E420EDC013640
:10D230000DE005AB8DE88804484641469E9A4B4672
:10D24000FFF790FC064602E0012600E04826032294
:10D250002846002302F0AFFE4FF4B26180461D4A1B
:10D26000FDF75BF8B8F1000F9FD1324639462846EA
:10D2700002F0BDFE40F292510646164AFDF74DF807
:10D28000002E92D194F887300BB900241DE00422BF
:10D290002846002302F08FFE40F29A5106460D4ABE
:10D2A000FDF73BF8002E80D142F214030A4A04F144
:10D2B0004701D25C2846FFF7BBFE40F29D51044671
:10D2C000044AFDF72AF8002CDFD020460DF5167D24
:10D2D000BDE8F087C1FE020058D7FF1F66FCFF1FA4
:10D2E00064FCFF1F2DE9F0470025F8B004462F46E7
:10D2F000D4F84C319F425BD2D4F86C1140F28916BD
:10D300007E4304F128003144FFF706FDD4F86C3168
:10D3100098B998190130462102F09EF908B10135FB
:10D3200044E0D4F86C311E4486F8430086F844008B
:10D3300086F8450086F8460038E09819444B0130DD
:10D3400019780122FEF782FCD4F86C91014650B1A5
:10D350004E44002386F8433086F8443086F8453042
:10D3600086F8463022E03B4B0135B3F84AA0FDF782
:10D3700089FFD8B94E448046D04517DA09A94046FE
:10D38000FEF7D0FC09A8711CFEF794FC58B106F119
:10D3900047000DF16A014FF4A17201370EF0A1FCB4
:10D3A000C4F84C7104E008F10108E5E701379FE794
:10D3B000D4F84C61002E3DD101F0D4FB04F12800DB
:10D3C000D4F8281101F0E8FB01A801F0EDFBFEF70D
:10D3D000A4F9864218D2304609A9FEF7A5F9DDF86E
:10D3E0006630013B033323D8194B09A81978002272
:10D3F000FEF72CFCE0B90DF1460001A920220EF049
:10D4000061FCA8B9132D02DDC4F84C5112E040F2C2
:10D4100089136B43D4F86C210121D154D4F86C01E9
:10D42000184408444FF4C47209A90EF05AFC01359F
:10D430000136CCE7D4F86C01D4F84C11064B40F21D
:10D4400089120EF051FD284678B0BDE8F08700BF84
:10D450006CF7FF1F70F8FF1F11BC01002DE9F047AA
:10D4600090461F46012200230C460646DDF8209018
:10D4700002F0A1FD40F23C5105460F4AFCF74DFF7A
:10D48000ADB9611C22783046FEF71CFE40F23F51D8
:10D490000546094AFCF741FF55B9CDF820903046C2
:10D4A000214642463B46BDE8F047FFF76BBE1025DC
:10D4B0002846BDE8F08700BFC1FE0200F0B542F289
:10D4C0000803384CE15889B00746002966D042F27B
:10D4D0000C02A3588B4261D240F2891505FB03452B
:10D4E000591C05F5A8752046A150FEF7B4FC05F1BE
:10D4F0002301204620220EF0F4FB95F887303846B1
:10D5000004A90BB1042200E0032202F097FD40F2CF
:10D51000BE510646244AFCF700FF0EB110243EE03F
:10D5200042F21403E35C2BB905F188003146412235
:10D530000EF0F2FB08AA1B4C502342F8143D04F1F4
:10D54000780004F12501FEF739FE039B48B994F8F1
:10D55000202013B162F07F0201E002F07F0284F824
:10D560002020124A00922946A2F5987204A8253379
:10D57000FFF774FF40F2D95104460B4AFCF7CDFE89
:10D580006CB904A9384602F069FD40F2DC51054649
:10D59000054AFCF7C2FE002DC0D100E03024204631
:10D5A00009B0F0BD58D7FF1FC1FE020088D8FF1F89
:10D5B0007FB502226946054602F040FD40F2E55182
:10D5C0000446274AFCF7A9FE0CB1102046E00122D0
:10D5D0006846002302F0EFFC40F2E7510446204A7F
:10D5E000FCF79BFE002CF0D11E4C6846B4F84A2094
:10D5F000002302F0E0FC40F2E9510646184AFCF72D
:10D600008CFE002EE1D102226846002302F0D3FCFA
:10D6100040F2EB510646124AFCF77FFE002ED4D1B1
:10D62000FEF77BF8B4F84A20821AD317684602F056
:10D63000C2FC40F2EE510446094AFCF76EFE002C93
:10D64000C3D16946284602F009FD4FF4BE61044685
:10D65000034AFCF762FE002CB7D1204604B070BD2F
:10D66000C1FE020070F8FF1FF0B5F9B0154606467E
:10D67000084609A9FEF758F8002DD4BF022203225C
:10D6800001A9304602F0DAFC40F2FC510446524A4D
:10D69000FCF743FE002C40F08180032201A8002308
:10D6A00002F089FC40F2FE5104464B4AFCF735FE7D
:10D6B000002C73D105A9022201A802F0BFFC40F2A0
:10D6C00002610446444AFCF728FE002C66D1434917
:10D6D00005A8FEF765FD40F2046104463E4AFCF7EA
:10D6E0001CFE002C5AD19DF8DC21302A8ABF22462C
:10D6F0006BA93B4905A802F08CFC40F20D61044681
:10D70000354AFCF70AFE002C48D1364905A8FEF739
:10D7100047FD40F20F6107462F4AFCF7FEFD002F40
:10D720003CD10DF1AB0105A8FEF73AFD40F21161C5
:10D730000746294AFCF7F1FD87BB05A901A802F0BD
:10D740008DFC40F213610746234AFCF7E6FD2FBB30
:10D75000042201A8002302F02EFC40F216610746C5
:10D760001D4AFCF7DAFDCFB90DF14601202201A8D0
:10D7700002F03DFC20464FF4C361174AFCF7CDFD93
:10D78000002D1ADD052201A8002302F014FC40F24E
:10D790001C610446104AFCF7C0FD0CB1102019E0D2
:10D7A0002A4601A8EB1702F006FC40F21E6104466F
:10D7B000094AFCF7B2FD002CF0D101A9304602F075
:10D7C0004DFC40F221610446034AFCF7A6FD002C03
:10D7D000E4D1204679B0F0BDC1FE0200B6FD0200E2
:10D7E00093FA020075D002002DE9F041F4B006462C
:10D7F000084605A91546FDF797FF05A8FEF70EFA9E
:10D80000431E032B044605A828BF0124FEF706FA91
:10D81000C0F3074001280CBF6FF007076FF0060741
:10D82000002DD4BF0422052201A9304602F006FCD7
:10D8300040F2366180464F4AFCF76FFDB8F1000FA9
:10D8400001D0102093E0062201A8002302F0B3FBD0
:10D8500040F239618046474AFCF75FFDB8F1000F9E
:10D86000EFD10DF15A01012201A8FFF7E1FB40F2CF
:10D870003C6180463F4AFCF750FDB8F1000FE0D113
:10D88000072201A8002302F096FB4FF4C8618046EE
:10D89000384AFCF742FDB8F1000FD2D105A90122A8
:10D8A00001A8FEF70FFC40F243618046314AFCF7C5
:10D8B00034FDB8F1000FC4D1082201A8002302F002
:10D8C0007AFB40F2476180462A4AFCF726FDB8F110
:10D8D000000FB6D101A805A901223B46FEF7C4FB03
:10D8E000002D0DDC0A2201A8002302F064FB40F2A7
:10D8F000556105461F4AFCF710FD002DA1D11AE025
:10D90000092201A8002302F056FB40F24F610746AE
:10D91000184AFCF702FD002F93D12A46EB1701A805
:10D9200002F049FB40F251610546124AFCF7F5FC52
:10D93000002D86D1D6E7224601A8002302F03BFB4A
:10D9400040F2576104460B4AFCF7E7FC002C7FF4D9
:10D9500078AF01A9304602F081FB40F25A610446DB
:10D96000044AFCF7DAFC002C7FF46BAF204674B05D
:10D97000BDE8F081C1FE02002DE9F04FADF5157D47
:10D98000824609A8FDF700FB0446002840F04481C8
:10D990009DF888418CB1FEF7ABF940F272710446F4
:10D9A000A04AFCF7BAFC0CB1E4B235E19E4B5B78BF
:10D9B000012B14BF352433242EE19DF887319BB110
:10D9C0000AA90DF27710FEF711FD4FF4EF6105463D
:10D9D000944AFCF7A2FC002D40F0178142F2140398
:10D9E000924A0121D15403E042F214038F4AD454E5
:10D9F000539B002B00F00B819DF84830002B00F06A
:10DA0000068109A8FFF76EFC0546002800F0018199
:10DA100040F28919649B09FB00F94B446FF4C4710F
:10DA20000B44012893F88730CCBF0422032203B1B2
:10DA3000013205A9504602F001FB40F2A1710646F1
:10DA4000784AFCF76AFC0EB11024E5E0012D6498D9
:10DA5000764E03DD42F21403F35C3BB90378422BAC
:10DA600004D08830002141220EF056F9DDF890B143
:10DA700025230BF1010046219290039301F0ECFD68
:10DA8000074660B101F06EF813A8539901F084F8CD
:10DA9000664801F089F8052386F8203047E09DF8B4
:10DAA0007601624ED0F1010038BF0020FDF744FD41
:10DAB00093AB314603AA009313A83B46FEF7DCFE66
:10DAC00080463846FDF738FD404640F2CE71554A53
:10DAD000FCF723FCB8F1000F02D05FFA88F49BE05A
:10DAE00042F2140306F12501F25C96F8203023F08F
:10DAF000040343EA820386F8203004AA502366A870
:10DB00000493FEF75BFB40F2D7710746454AFCF7EA
:10DB100004FC0FB1FCB27FE0049B43B196F82020D7
:10DB200062F07F0286F82020039A134403930AAE22
:10DB300059463E4A009605A8039BFFF78FFC40F22A
:10DB4000E2710746374AFCF7E8FB002F63D1012D4D
:10DB50000DDC05A9504602F081FA40F2ED7107464E
:10DB6000304AFCF7DAFB002F7FF46EAF1CE0052291
:10DB700005A8002302F01FFA40F2E7710746294A80
:10DB8000FCF7CBFB002F7FF45FAF2A4605A8EB170D
:10DB900002F011FA40F2E9710746224AFCF7BDFB98
:10DBA000002F7FF451AFD4E7649B6F1E03F2891EF0
:10DBB00017D0132F1ED80FCE1D4D0FC596E80F009E
:10DBC00085E80F006FF4C473714609EB030205F199
:10DBD00010000EF086F8A5F1C80066A9B82202F080
:10DBE0005FFA124B42F2080200259F5042F20C02EB
:10DBF0009D5000E017256EB2304640F2F371094A9D
:10DC0000FCF78BFB46B1ECB206E02C4604E0142492
:10DC100002E02E2400E03C4620460DF5157DBDE8CF
:10DC2000F08F00BFC1FE020070F8FF1F58D7FF1F22
:10DC300088D8FF1F10B50021044640F604020EF0FC
:10DC40006BF84FF40063A4F8003810BD10B501F074
:10DC50001DF81148FDF738FC04460020FDF7D6FBFF
:10DC600024B9FEF70FF90C48FDF740FC0A4801F013
:10DC700081F90A4800F07CFF09481021FDF742FDB8
:10DC8000012802D001200DF0D3FFFEF745F8BDE8D2
:10DC90001040FDF7A5BD00BF70F8FF1FBEF8FF1FC5
:10DCA00044F9FF1F30B50B1F3B2B89B005460C46CE
:10DCB00002D901200DF0BCFF00F054FF2146284698
:10DCC00000F06AFF684600F06FFF0D4C00F04AFF5D
:10DCD0006846102100F060FF2022684600210EF007
:10DCE0001BF8202104F1220000F056FFA01C00F0D8
:10DCF0005BFF012320466370FDF7F8FB09B030BDE0
:10DD000070F8FF1F044B082283F84820034B0322BE
:10DD10001A70FEF7ABBD00BF70F8FF1FC88CFF1F65
:10DD20000248002142F218120DF0F6BF58D7FF1F2B
:10DD300008B5FEF7A7F80A48FDF7D8FB09481021F7
:10DD4000FDF7E0FC012802D001200DF071FFFFF784
:10DD5000E7FFFDF7E1FF0448BDE8084000F008BF19
:10DD600070F8FF1F44F9FF1FBEF8FF1F10B5084CE5
:10DD70000848002110220DF0CFFFA01C0021202216
:10DD80000DF0CAFF2046BDE81040FDF7AFBB00BF55
:10DD900070F8FF1F44F9FF1F10B50F4B0F4C1A7896
:10DDA00051B20029C4BF02F1FF321A7094F8483012
:10DDB0005AB2002A0BDD013B84F84830FEF756FDCD
:10DDC00094F94830002B04DCFFF7D0FF01E0FF207E
:10DDD00010BD002010BD00BFC88CFF1F70F8FF1FD2
:10DDE00003685A1E012A10B5014603D923F0020325
:10DDF000042B17D1D1F8482301F55370013201F2F9
:10DE0000AD11FDF737FF3328044608D1FFF7C4FFF3
:10DE1000064B93F90030002BD8BF342403E0FFF702
:10DE200071FF00E00024204610BD00BFC88CFF1F1A
:10DE30002DE9F043ADF2245D07466FA8FCF7BFFD66
:10DE40000546002840F0E1806FA8FFF7C9FF40F2C7
:10DE5000FB6104466F4AFCF760FA002C40F0D0806A
:10DE60006D4BB3F84A2098461AB96F9B012B40F0CE
:10DE7000CC806F9B022B1FD1684B4FF0FF30186096
:10DE8000674B01221A70674B00261E70FDF766FF74
:10DE9000654B18609946D9F80000634C002804DBF4
:10DEA000FDF75CFF01362060F5E74FF0FF30FDF72E
:10DEB00055FF206000242FE0042B1CD170A9002006
:10DEC000FDF78FFF554B574A186001211170002450
:10DED0009946D9F80000514E002805DB0021FDF7D6
:10DEE00080FF01343060F4E7002070A9FDF779FF6E
:10DEF0003060002610E0052B4FF000040BD0032B00
:10DF000009D0484B454A1C70454B1C704FF0FF33FD
:10DF10001360454A136026466F9B013B052B71D861
:10DF2000DFE803F005121230300300244EE03846DB
:10DF3000FFF73EFB40F231710446364AFCF7EDF93B
:10DF4000002C62D0102560E0374C2168002902DBEC
:10DF5000334B1B782BB9324A00231370314A1370AC
:10DF600052E032463846FFF77FFB40F23D710646ED
:10DF7000284AFCF7D2F9002EE4D12068FDF7EEFE26
:10DF8000206042E0254E31680029E4DB254B1B78F8
:10DF9000002BE0D022463846FFF726FC40F24B71BA
:10DFA00004461C4AFCF7B9F9002CCBD13068214655
:10DFB000FDF717FF306028E020466946FDF7B4FB07
:10DFC000DDF84230013B033305D90134FDF7A5FBF1
:10DFD0008442F1D318E068460DF2E11146220DF0BB
:10DFE00071FE0028F1D1002C0EDB2046FDF7A3FBCB
:10DFF000B8F84A30013BA8F84A30FEF737FC04E095
:10E00000254602E0012500E02E2528460DF2245D7C
:10E01000BDE8F083C1FE020070F8FF1F54D7FF1F58
:10E0200094F9FF1FB5F9FF1F40F9FF1F2DE9F043D9
:10E0300099B03F2905460C469946209E40F39080B2
:10E040004B4F7B78012BB8460AD197F94830002B0B
:10E0500040F38880474B93F90030002B40F38480D5
:10E06000104645496A4600F033FF00F07BFD202151
:10E07000684600F091FD684600F096FD2021684654
:10E080000DEB010200F096FD2846214600F084FDCC
:10E090001EB13046102100F07FFD20210DEB010262
:10E0A000684600F0B7FD08A8494610220DF00AFEA8
:10E0B000002851D1230701D00134FBE728466946E7
:10E0C0002246EEF7C6FC3F23EA5CC3F13F072AB1C4
:10E0D000C7F140073B1F3B2B40D803E0002BF7D094
:10E0E000013BF1E798F80130214C012B2ED194F936
:10E0F0004830002B36DDDFF87C8098F90030002BAB
:10E1000032DD102230466946EEF7A3FC00F02AFD0E
:10E110003046102100F040FD202104F1220000F0E3
:10E120003BFD10A800F040FD10A8A11C10220DF02E
:10E13000C9FD48B1FDF7F0FDFFF72EFE98F900305C
:10E14000002B11DD312010E0FFF7DCFD28463946B9
:10E15000FFF7A8FD002008E0332006E0372004E0A8
:10E160007F2002E0322000E0342019B0BDE8F083C7
:10E1700070F8FF1FC88CFF1F95F9FF1F30B591B0D5
:10E18000154604466A4608461F4900F0A1FE00F005
:10E19000E9FC2021684600F0FFFC684600F004FD21
:10E1A000102228466946EEF754FC00F0DBFC2846B6
:10E1B000102100F0F1FC2021144800F0EDFC08A82B
:10E1C00000F0F2FC08A8124910220DF07BFD054674
:10E1D00058B1FDF7A1FDFFF7DFFD0E4B93F90030BD
:10E1E000002BCCBF312034200CE0FFF78BFD0A4917
:10E1F000102220460DF075FD204669461022EEF7EC
:10E2000017FC284611B030BD95F9FF1F92F8FF1F8B
:10E2100072F8FF1FC88CFF1F44F9FF1FF0B5EBB069
:10E2200006460BA8FCF75CFF0C9BDA1E022A04468C
:10E230000BD8954A92F94820002A40F31781934A57
:10E2400092F90020002A40F31381002C40F019813C
:10E250000B9A012A40F00E81002B00F00B81013B4C
:10E260009DF8A651042B00F20581DFE803F00315A9
:10E2700047658B0003A90122304601F0DFFE40F61E
:10E28000D7010746824AFCF748F8002F40F08B8000
:10E2900001238DF8A631B7E0013503A92A4630469F
:10E2A00001F0CCFE4FF40E610746794AFCF735F8D1
:10E2B000002F78D1012203A8002301F07CFE40F654
:10E2C000E3010746724AFCF728F8002F6BD171482A
:10E2D000714900F0F7FD704903A801F120026FF0C9
:10E2E0001803FDF7F7FD40F6EA010746684AFCF718
:10E2F00014F8002F00F08880FCB2C2E0624B5B781B
:10E30000012B00F0B980649909B91424B9E09DF893
:10E310008D30002BF9D09DF87C30002BF5D00023F8
:10E3200000930DF18E000DAA0DF17D03FFF77EFE27
:10E3300040F6FA0107461FE0534B5B78012B40F093
:10E340009D8064990029E0D09DF88D30002BDCD0B1
:10E350009DF87C30002BD8D09DF8A431002BD4D070
:10E3600065AB00930DF18E000DAA0DF17D03FFF753
:10E370005DFE40F60A110746454AFBF7CEFF002F27
:10E3800042D07DE0404B5B78012B77D1013503A96A
:10E390002A46304601F052FE40F6131107463C4A29
:10E3A000FBF7BBFF0FB110246BE09DF87C30002B16
:10E3B000ABD09DF8A431002BA7D0022203A80023E4
:10E3C00001F0F9FD40F61C110746314AFBF7A5FFA5
:10E3D000002FE8D10DA965AA07A8FFF7CFFE4FF4DB
:10E3E000126107462A4AFBF798FF002F48D107A978
:10E3F000102203A801F0FBFD40F623110746244A32
:10E40000FBF78BFF002FCED19DF8A6310BB9EDB1F4
:10E410001FE0032203A8002301F0CDFD40F63111D7
:10E4200007461B4AFBF779FF002FBCD1164B93F927
:10E43000482003A8D31701F0BEFD40F6331107466C
:10E44000134AFBF76AFF002FADD1E0E79DF8A63134
:10E45000BBB103A9304601F001FE40F63911054673
:10E460000B4AFBF75AFF002D9DD10AE0322408E049
:10E47000342406E07F2404E0302402E0352400E068
:10E480003C4620466BB0F0BD70F8FF1FC88CFF1FE4
:10E49000C1FE020095F9FF1F54F9FF1F2DE9FF414E
:10E4A0000546144688461022002168460DF034FCCB
:10E4B0002E78B4F800283D4F68462146002301F02D
:10E4C0006BFD0A2E06D003D8731E012B0CD801E079
:10E4D000412E09D1364B93F94830002B52DD354B94
:10E4E00093F90030002B4FDD062E05F1010108F1F4
:10E4F000FF321FD010D8022E18D005D8012E45D1DA
:10E500006846FEF757FC37E0032E0DD0042E3DD1B0
:10E510006846FDF76FFF2FE0082E16D00ED30A2EA7
:10E5200027D0412E25D031E0002530E06846FFF7A6
:10E5300023FA21E06846FFF771FE1DE0FDF7D8FBE6
:10E54000C5B225BBFFF7F4FB21E042F20403FB5CFC
:10E55000022B18BF30251AD16846FEF7AFFF009B8B
:10E560001B1BA4F802380546002814BF0826022603
:10E570000DE06846FFF75CFC009B1B1B0546A4F8FA
:10E58000023804E0322502E0342500E001250020B5
:10E59000FCF73CFF42F20403FE5415B10023A4F83B
:10E5A0000238284604B0BDE8F08100BF58D7FF1FED
:10E5B00070F8FF1FC88CFF1F2DE9F84F364B1B78F2
:10E5C000022B0E4602D10020BDE8F88F334A1378A3
:10E5D000242B91465CD0324B1F689A46002F41D0C5
:10E5E00049B1304B1B7843B199428CBF4FF00008C2
:10E5F0004FF0010802E0884600E098462A4D2C685A
:10E60000B8F1000F05D0B4F5007FCCBFA4F50074BD
:10E6100000243F1BB7F5007FA8BF4FF400771FFA17
:10E6200087FB594601F02AF8204B186859462044C8
:10E6300001F032F8B8F1000F03D11A4B3C442C60C2
:10E640001E70E9F741FF2A68DAF800309A42BADB17
:10E65000F72389F80030144B00201860114B187014
:10E66000BDE8F88F124B1B7813B9124B1B684BB1E6
:10E670000E4B002118684FF454620DF04DFB23201F
:10E68000BDE8F88F0120EAF711FB2A20BDE8F88FDA
:10E690001846BDE8F88F00BFB4D5FF1F25C7FF1F80
:10E6A00004C8FF1FAED5FF1F68ADFF1FA88CFF1F5A
:10E6B00050C7FF1F9CC7FF1F2DE9F04FA2F10A06AC
:10E6C000F62EADF54D7D80461D4601D900201EE297
:10E6D0008B7891F800A04F78CC7801930A313246BC
:10E6E0004CA801F0DDFC40464CA9FCF7CBFD83466D
:10E6F000002800F00982BB4B0422BAF1E40F1A6033
:10E70000984640F03281B84B93F80090B9F1000F71
:10E7100040F02B81B54B4CA8C3F80090EEF7D0F930
:10E7200041224946B2480DF0F7FAB249B048FBF72A
:10E7300043FDB148EEF79EF9B04B00F1140250F8DA
:10E74000041B43F8041B9042F9D102781A70A849BF
:10E75000012341228CA8C8F8003001F0A1FCA44A92
:10E760000DF239130DF2591153F8040B42F8040B52
:10E770008B42F9D1A24B9E48A2499DF85A810122B1
:10E780001A70E5F7C5FC0646002840F0EC8014A896
:10E79000E3F78AF8202214A89A49E3F7AFF814A8FF
:10E7A0009849E3F7CCF8E5F70FFD974BF6221A707E
:10E7B0009946002F00F0D080022F00F2A581002C96
:10E7C00031464FF021020BA818BF02240DF0A4FA25
:10E7D0000DF25B130DF12D020DF27B119A4653F8E9
:10E7E000040B42F8040B8B42F9D1019B804E03F1DC
:10E7F000010B5FFA8BFB3046002141220DF08CFAB1
:10E80000BBF1060F12D1022F01D18048D8E0804E13
:10E810008CA9352230680DF064FA316850463531E4
:10E82000E6F7F8FC306840F2F54192E0BBF1010FE9
:10E8300002D0BBF1040F06D104200BA98022E6F719
:10E84000D7FD202617E0BBF1020F02D0BBF1030F6A
:10E850000DD158460BA98022E6F7CAFD701C31463F
:10E8600040220DF03EFA04233370412603E0E9F71D
:10E870002BFE26204BE10DF265205D49324601F06A
:10E880000FFC022F62D1B8F1570F06D1614BDA7835
:10E89000572A02D10022DA7030E1E9F7BEFD0228E2
:10E8A000074600F03E810220FCF7B0FD012F05D1A4
:10E8B00044F63820FCF762FE074634E030A8E2F761
:10E8C000F3FF06F1200230A85146E3F717F830A80D
:10E8D00003A9E3F734F8504B9DF80C201B78092B63
:10E8E00014BF06230323B2FBF3F103FB1122511CD7
:10E8F0009DF81B20B2FBF3F003FB10229DF82B00C8
:10E90000B0FBF3F703FB170301320133C9B2D2B2F4
:10E9100044F63820DBB2FCF79BFE0021074620229C
:10E9200003A80DF0F9F9BB1C04D1002389F80030CD
:10E930002720F4E0012F00F3EF80002FC0F2EE80DB
:10E9400040F0EF8089F800703A20E8E08CA806F1EA
:10E9500035012246002303E08CA8352122463B46A0
:10E96000E9F7CCFDCAE02720D1E031464CA8E7F713
:10E97000EDFC061E13DA294B1B68002B40F0BE800D
:10E98000194B1B78002B40F0B9801F4B1B78242BB0
:10E9900000F0B4800123C8F80030214810E0BAF13B
:10E9A000F30F114B0FD11B780122C8F80020002B68
:10E9B00040F0A480194B1B68002B40F09F80194841
:10E9C000E9F7B8FF9AE01B78002B40F09780BBF185
:10E9D000010F2BDC802F29D00123C8F8003012480A
:10E9E000EEE700BF28C7FF1F50C7FF1F98C7FF1FD4
:10E9F0004C96FF1FAC92FF1FB0C802006C96FF1F21
:10EA0000FC91FF1FB7F9FF1F25C7FF1F25FF02005D
:10EA1000A88CFF1FE5ACFF1FB78CFF1F04C8FF1FAA
:10EA20005AFF020027C902007EFF0200484A1378FD
:10EA300093461BB914700DF598793DE09C42FAD8C5
:10EA400044E64448002140220DF066F9382E414B3F
:10EA500035DD4A46D91D09F1380052F804EB41F87A
:10EA600004EB8242F9D112780A70DFF8E8C0009313
:10EA700004226046FF210DF04FF9009BFF2283F82E
:10EA800004A05F719A71019B13B1392ED8BF8671B2
:10EA9000BAF1F00F1BD1304B2E488BF8004080228A
:10EAA0001A702E4B00221A600123C8F80030E6F7D6
:10EAB000BDFF393E09F13909002EC2DC19E0D81D2D
:10EAC00049463246009301F0EBFA009BCDE7BAF1DC
:10EAD000ED0FEED1204B1F488BF80040D5221A7065
:10EAE0001E4B00221A600123C8F80030E6F75CFED6
:10EAF000DFE7019B13B100238BF800302846214645
:10EB0000FFF75AFD40B20AE0E9F7DEFC182000B238
:10EB10000DF54D7DBDE8F08F212000E02D2080B265
:10EB2000F5E7B8F1570F02D10D4B83F803808CAB9A
:10EB300006F1350119440DF27B10E5F7E9FA0346B9
:10EB400000287FF410AF8CA806F15501224607E794
:10EB5000B6F9FF1F58C7FF1F26C7FF1F98C7FF1F23
:10EB6000E5ACFF1F0148E2F79FBE00BF80FAFF1F20
:10EB700010B504462146402205480DF0B2F804F1D4
:10EB8000400104482022BDE810400DF0AAB800BFA3
:10EB9000D7F9FF1F37FAFF1F03460A4601481946F7
:10EBA000E2F7ACBE80FAFF1F01460148E2F7C7BE9C
:10EBB00080FAFF1F30B591B004460D46684600212B
:10EBC00040220DF0A9F834B1012C1DD0402D04D9FC
:10EBD00001200DF02DF80D4C2025214668462A46CF
:10EBE00001F05EFA00241DF8043083F036030DF8BE
:10EBF00004300134402CF6D1FFF7B4FF68462146BB
:10EC0000FFF7CAFF11B030BD014CE5E7D7F9FF1F90
:10EC100037FAFF1F70B5044690B010460E461546F1
:10EC2000FFF7C2FF6846002140220DF075F834B1AD
:10EC3000022C24D0402E04D901200CF0F9FF114CF5
:10EC4000202621466846324601F02AFA00241DF8A3
:10EC5000043083F05C030DF804300134402CF6D10D
:10EC6000FFF780FF68462146FFF796FF28462021E0
:10EC7000FFF792FF2846FFF797FF10B070BD024CD8
:10EC8000DEE700BFD7F9FF1F37FAFF1F08B50448BA
:10EC9000F6F7B8FEF6F7BCFE024B186008BD00BFE1
:10ECA00005B701007CFAFF1F034B044A1A60044BAE
:10ECB00020221A60704700BFF0FAFF1FCC8CFF1FA4
:10ECC00058FAFF1F70B5C4B006460D461446002121
:10ECD000882222A80DF020F80E4B22930E4B23938E
:10ECE0000E4B2493402325932023269302AB279396
:10ECF0000B4B00941B6801930A4B314618682A4657
:10ED000022ABF6F7D0FF10B901200CF091FF44B010
:10ED100070BD00BF71B2010077B201007DB2010089
:10ED20007CFAFF1FF0FAFF1F2DE9F041069C074611
:10ED300000200E461546014622469846FFF73AFF48
:10ED400038463146FFF728FF28460A4D4146FFF76F
:10ED500023FF28462021FFF71FFF002001462246FF
:10ED6000FFF758FF204605F120012022BDE8F041C1
:10ED7000EDF75EBED7F9FF1F13B5054C0094FFF702
:10ED8000D3FF044B1C60044B20221A6002B010BD5C
:10ED900017FAFF1FF0FAFF1F58FAFF1FF0B59BB0DC
:10EDA000164602AC00221F4600941346FFF7BCFF34
:10EDB000002140220AA80CF0AFFF104B20461A6831
:10EDC0000AA9F6F730FF0AAD324612AE2C4603CC44
:10EDD000B44210605160254602F10802F6D1344673
:10EDE0003B461AAD224603CAAA421860596014462F
:10EDF00003F10803F6D11BB0F0BD00BF7CFAFF1F82
:10EE000030B58BB0154602AC002213460094FFF7D4
:10EE10008BFF28462146F4F7E1FE0BB030BDFFFF23
:10EE200013B50022054C00941346FFF77DFF044BF9
:10EE30001C60044B20221A6002B010BD5CFAFF1F58
:10EE4000F0FAFF1F58FAFF1F2DE9F04F95B002AFFF
:10EE5000B1F5007F86460C4693461E46D7F8709063
:10EE6000E84602D8B3F5007F05D948460021402284
:10EE70000CF052FF1FE001EB030A0AF1070323F035
:10EE80000703ADEB030D02AD71462246284601F0A3
:10EE900007F928190A4C3246594601F001F9381D84
:10EEA0002168F4F79BFECDF800A0484621683A1D82
:10EEB0002B46F4F70FFE4C37C546BD46BDE8F08F34
:10EEC000F0FAFF1F014B1A68F6F7ADBE7CFAFF1F80
:10EED00008B5054B1B68F6F7DFFD012802D00120BD
:10EEE0000CF0A6FE08BD00BF7CFAFF1F70B591F8BC
:10EEF000CE30FF2B88B005460C4601D0002029E01B
:10EF000001F1220630462021FCF7FCFB0128F5D157
:10EF10006B78D3B1FFF726FE696CA81CFFF73CFEA7
:10EF20006846FFF741FEFFF71DFE68461021FFF718
:10EF300033FE0021202268460CF0EEFE30462021F0
:10EF4000FFF72AFEA01CFFF72FFEFF2301206364BA
:10EF500084F8CE0008B070BD10B5044621460448C0
:10EF6000D0220CF0BEFE2046BDE81040FCF7BEBA31
:10EF700070F8FF1F10B50378E8B00446DBB134A881
:10EF8000FCF7A2FA6846FCF79FFA94F8CE30FF2B04
:10EF900007D134A86946FFF7A9FF10B16846FFF70B
:10EFA000DBFF0021D02268460CF0B6FE34A8002119
:10EFB000D0220CF0B1FE68B010BDFFFF10B50023E9
:10EFC0000A4A182101FB03210C7C4CB901230B7464
:10EFD000074B08601A680023C1E90223204603E0BA
:10EFE0000133092BECD1FF2040B210BD10FBFF1FF5
:10EFF0008CFDFF1F10B5002318210A4C59430A59F4
:10F00000824209D1084B1A6821440023C1E9022336
:10F0100001230B74002003E00133092BECD1FF2006
:10F0200040B210BD10FBFF1F8CFDFF1F10B5002369
:10F03000182207495A435458844203D10A440020F5
:10F04000107403E00133092BF2D1FF2040B210BD50
:10F0500010FBFF1F044A00231380044A1360044A74
:10F060001360044A1360704704FBFF1F00FBFF1F7F
:10F070005CFCFF1F58FCFF1F044B188828B1044B91
:10F080001B68834214BF01200220704704FBFF1F4E
:10F0900000FBFF1FF8B5044617460E4609B10025D0
:10F0A00036E0C3687BB903696BB9211D04221530B2
:10F0B0000CF017FE2378E26863762389E376190A59
:10F0C0000732A176E260E268002A3EDDA018153022
:10F0D0000021C2F140020CF01FFE04F11500BDE852
:10F0E000F840FCF7DBB9E368ABB1E1684B1CE360C7
:10F0F0002144725D4A752269402B02F101022261AE
:10F1000005D104F11500FCF7C9F90023E3600135CE
:10F11000BD42E8DB19E0042204F11500211D0CF0CA
:10F12000E0FDE3681A1DE26022693AB9227862764E
:10F130002289E276110AA176073304E0217D617607
:10F140004A1C22750533E360CFE7F8BD10B598B0CF
:10F1500004468DF8071002A8002158220CF0DCFDAF
:10F16000BF23012202A80DF107018DF80830ADF888
:10F1700010200394FFF78EFF002102A80A46FFF734
:10F1800089FF18B010BDFFFF024B00221A60FFF785
:10F1900061BF00BF60FCFF1F38B5134C04F1F005E0
:10F1A000237AEBB1114BD4E900011A680023121A3B
:10F1B00063EB010340F2ED200021994208BF904229
:10F1C0000ED254F8080C0521FFF7C0FF084A0023AF
:10F1D0002372126854F8083C934201D1FFF73AFFBA
:10F1E0001834AC42DCD138BD18FBFF1F8CFDFF1F6B
:10F1F00058FCFF1F00B599B000218DF80700582278
:10F2000002A80CF089FD0B4B1B6803930122BB2362
:10F2100002A80DF107018DF80830ADF81020FFF7B6
:10F2200039FF002102A80A46FFF734FF19B05DF844
:10F2300004FB00BF58FCFF1F38B514460846FEF714
:10F24000F9FC2378E02B0FD0E12B27D114490422BD
:10F250002281002520460A704D708D70CD70FFF719
:10F2600019FF2046294614E00D4B1B7803B93923BA
:10F27000238122890A4800210CF04EFD218908488B
:10F28000FCF740FA204606492289FFF703FF204693
:10F2900000210A46FFF7FEFE012038BD002038BDE0
:10F2A0006CADFF1F2DE9F04702790568862AADF69F
:10F2B000180D06465FD14279837943EA0223082B71
:10F2C00003D003260024374699E0002D7ED0FFF7B7
:10F2D0005BFF3468601C0ED1A54B1F680137791E97
:10F2E000033107F1010201D91746F8E738461F60DC
:10F2F000FFF764FE0FE000239E4A9A58A24206D010
:10F300001833D82BF8D12046FFF758FE02E02046EC
:10F31000FFF770FE274601305AD005A80021582279
:10F320000CF0FAFC4FF011088623F11D6846082204
:10F3300006948DF81430ADF81C800CF0D2FC02233A
:10F3400000248DF80C3005A80523694642468DF847
:10F35000103002978DF80D408DF80E408DF80F405B
:10F36000FFF798FE05A821462246FFF793FE384690
:10F37000FFF75CFE41E0691C2CD000237D49585802
:10F38000A8420C460AD01833D82BF7D1130605D55E
:10F39000FFF772FE10B92846FFF710FE376800230A
:10F3A000E258BA4203D01833D82BF9D107E0FFF75F
:10F3B00063FE012819D1704B1B689F4210D096F94B
:10F3C0000430002B4FF0000417DA06E02C4602E070
:10F3D000002402E000240B2600E0062603270EE0AE
:10F3E00096F90430002BC0F2E28033791A0600F15E
:10F3F000E180002840F0CC80044626460427DFF850
:10F4000084810021404658220CF086FC042FC8F865
:10F41000045088F8006072D0032F09D12846FFF706
:10F4200005FE042E01D1FFF715FE2846314664E0A3
:10F43000012F06D1514B52491A680023C1E900231C
:10F440005DE0A6F18103102B78D8DFE803F00C779C
:10F450004D7777097714777777777777771C7D0003
:10F4600001200CF0E5FB47484749A8F80840224630
:10F47000FFF710FE01E0FCF71DF8002141480A46A5
:10F48000FFF708FE68E084B3DFF8009199F8007098
:10F49000002F30D14FF0010A05A889F800A0FEF72F
:10F4A000C9FB214605AA3848FEF7F8FFBDF8163813
:10F4B000009053446946A8F808303248C8F8045010
:10F4C0009023524688F80030FFF7E4FD05A92D4847
:10F4D000B1F80228FFF7DEFD2A4839463A46FFF721
:10F4E000D9FD89F8007037E014B92846032104E0FB
:10F4F000264F3C782CB128460621FFF727FE002036
:10F5000099E0012305A83B70FEF794FB1E4805A96E
:10F51000FCF770FBBDF816281A48A8F808208323CA
:10F5200005A988F80030C8F80450FFF7B3FD154866
:10F5300021462246FFF7AEFD3C700DE0204605A9AE
:10F54000104AFFF779FE18B1104B00221A7003E041
:10F5500028460121FFF7FAFD2846FFF767FDFFF770
:10F5600079FD0A4B1B78002BC9D1304663E000BF00
:10F57000F08CFF1F10FBFF1F58FCFF1F8CFDFF1FAF
:10F58000F8FAFF1F00FCFF1F6CADFF1FF4FAFF1F0E
:10F590002B4A126897423ED12A4A2B49B2F8008082
:10F5A0000A682A4F01329A423C680A6020D000243F
:10F5B000042613E77179B27942EA012241F6B911C2
:10F5C0008A423FF77EAE1F49214892B20A80214904
:10F5D0000B601B4B382A1F601C4B88BF39221A60F6
:10F5E000194B4FF0FF311960F11D0CF07AFB14E05C
:10F5F000C4EB080216483B2A06F10501204404DC4E
:10F600000CF06FFBC7F8008007E03B223B340CF0A6
:10F6100068FB3C6001E00024EFE63068FFF7EAFC9D
:10F6200000287FF41DAF074B1C880A4B1E78FFF79C
:10F6300023FD0746E3E60DF6180DBDE8F08700BF91
:10F6400058FCFF1F04FBFF1F5CFCFF1F00FBFF1F9C
:10F650006CADFF1F08FBFF1F172908B509DD064920
:10F66000042204300CF02EFBD0F1010038BF002042
:10F6700008BD002008BD00BF5C050300034B1860F7
:10F68000034B00221A80034B1980704768FCFF1F50
:10F6900064FCFF1F66FCFF1F38B50A4C2388024636
:10F6A0000D46581808490988884209DC0749086846
:10F6B000114618442A460CF014FB23881D4425806B
:10F6C00038BD00BF64FCFF1F66FCFF1F68FCFF1F06
:10F6D0002DE9F0471D46ADF5047D01238DF8073077
:10F6E0002B78103B0024012B0F4616468DF8064060
:10F6F0001BD82046FBF70AFF82462046FBF706FF91
:10F7000081462046FBF702FF80462046FBF7FEFEBF
:10F710004FEA0A6A4AEA106009F47F4940EA092A76
:10F7200008F47F084AEA182301E04FF02063012122
:10F730000DF107000293FCF77BF8042102A8FCF707
:10F7400077F801210DF10600FCF772F833463846D0
:10F7500003A92A46FAF756FD1A4B8DF806001C88B5
:10F76000B4F5007F0DDC3E2C07DD601C03AB1844B4
:10F770000021C4F500720CF0CFFA03A82146FCF773
:10F7800057F89DF90630C3B1FCF770F801210DF16F
:10F790000700FCF74DF8042102A8FCF749F8002106
:10F7A00003A840F201220CF0B7FA9DF806308DF85C
:10F7B0000C3003A84821FCF73BF803480DF5047D05
:10F7C000BDE8F08766FCFF1F0090FFFF38B50B789F
:10F7D000422B054614460CD142F215130D4AD55C56
:10F7E0002946FFF739FF98B10020611C0A4A2B46D1
:10F7F00008E00430094904220CF064FA38B9611CAD
:10F800002A464623FAF7FEFC2070012000E0002083
:10F8100000B238BD58D7FF1F6DF7FF1F5C0503000E
:10F8200070B54378022B0D461DD1837891F8406066
:10F8300001F14104072B2046314608D1FFF70CFFA8
:10F84000002846F6851008BF4FF4D54070BDFFF77D
:10F8500003FF78B1284605F1200132462346BDE872
:10F860007040FFF735BF032B07D14AB9BDE87040A0
:10F87000FCF7B6B84FF4D54070BD4FF4DA4070BD18
:10F880004FF4CE4070BD00F0DF00402803D0803838
:10F8900018BF01207047002070470120704782B0D8
:10F8A0000388ADF80630BDF8060040BA80B202B059
:10F8B000704700F0F5BBFF230168426870B58373A1
:10F8C0000B689A42044602D140F2011070BD1378D1
:10F8D00003F0E00503F01F0385731B2B4FF00000BE
:10F8E000E073A38117D91F2B07D040F2051340F214
:10F8F0000310E02D18BF184670BD2846FFF7C3FF60
:10F9000010B90423E37370BDE02D40F2051008BF69
:10F910004FF4817070BD172B04D9A3F11800012694
:10F9200006FA00F009680130891A8842CCD86D09BE
:10F93000012D04D10221E1730021A1731DE0072DE7
:10F940001BD1143B072B2AD8DFE803F0040B0B0B69
:10F950000E0B0909F5230020A373A08170BD0123BC
:10F96000E3731378A3731AE05378A3811F2B16D87F
:10F97000FF23A3734FF4837070BD172B0FD9182B7F
:10F9800002D15378A3810AE0192B04D1501CFFF750
:10F9900086FFA08103E0E37B43F00103E3730020D3
:10F9A00070BD8268531C07D190E80A0009688B4239
:10F9B00002D01978FF2901D0FFF77DBF01334360E2
:10F9C0000023827383601846704783685A1C05D0F1
:10F9D000827BC02A02D0013B83600BB1FFF7E1BFFD
:10F9E000FF2282731846704708B50CF06BF9D0F10E
:10F9F000010038BF002008BD2DE9F341164602681A
:10FA00001346074613F8010B3B6000F01F00172850
:10FA100004D8C0B20021C6E900012DE01B282DD872
:10FA200018384FF0010808FA00F8C91A884528D894
:10FA3000B8F1010F01D1547811E0B8F1020F07D1EC
:10FA40001846FFF72CFF002180B2C6E9000110E044
:10FA5000B8F1040F05D118680090009C24BA002565
:10FA600005E0186859686A4603C20CBA05BAC6E9C7
:10FA700000453B6843443B60002004E040F2051031
:10FA800001E040F2011002B0BDE8F08113B5036857
:10FA90000446196804306A46FFF7AEFFA37B03F003
:10FAA000DF03402B04D1DDE9002361680A44626072
:10FAB0002046FFF78AFF02B010BD2DE9F0439046C3
:10FAC000C27B12F0020F894685B0034602F00401A2
:10FAD00001D039B913E029B1416842F00202013185
:10FAE0004160C27393E8060009688A4202D140F27D
:10FAF00001103EE01078FF280AD101325A6000223E
:10FB0000C9F800201846C8F80020FFF75EFF30E073
:10FB10009A7B00F0E000824218BF4FF4827028D137
:10FB2000181D02AA0193FFF767FF019B18B100237C
:10FB3000C8F800301DE0DDE9024500272646BD4239
:10FB400008BFB442C8F8004002D04FF4806010E013
:10FB50001C6859682468D8F80020641AA242C6D8E4
:10FB6000C9F8001059680A445A60DA7B42F0020270
:10FB7000DA7305B0BDE8F0832DE9F04786B0894619
:10FB80000E9DDDF83C8017461E4605B902AD0FC834
:10FB900085E80F000123337000242846694601AA36
:10FBA000FFF78BFF58BB0099B9B1019A14EB020A19
:10FBB00010D2337853B13B68534507D309EB0400A7
:10FBC000C047003018BF0120307001E000233370BF
:10FBD0005446E2E74FF4806011E033786BB13B6844
:10FBE000A3420AD98DF8041009EB040001A90122EF
:10FBF000C047003018BF012030703C60002006B0C4
:10FC0000BDE8F087436813F8012BD20782B005D412
:10FC1000186800900098002100BA06E0596818683A
:10FC20006A4603C2009B08BA19BA02B070472DE9B0
:10FC3000F0410646884617461846002108221D4610
:10FC4000069C0CF069F806EB080385E888000123A0
:10FC500084E86000A3602046BDE8F041FFF72BBEBA
:10FC6000836800B51BB15DF804EBFFF70FBF0320FD
:10FC70005DF804FB10B50446A37BC02B05D12046DC
:10FC8000FFF7EEFF0028F7D000E0002010BDF7B529
:10FC900007460E460FC886E80F00FB7B5B0705D5BD
:10FCA0004FF0FF330131B360716026E003466A46CE
:10FCB0001968301DFFF7A0FEDDE90045002322464C
:10FCC000AB4208BFA242B46004D1002B08BFB2F11E
:10FCD000FF3F04D17B6873604FF4806010E0B17B1C
:10FCE000A02903D1002CF5DB6100B16052EA0301C9
:10FCF00003D1FF23B373002002E03046FFF751FE2B
:10FD000003B0F0BD4B684360FFF75FBE70B5C37BC7
:10FD1000DB0704460D4602D5FFF774FF01E080893A
:10FD20000021E47B04F002046FF0004200233CB1A8
:10FD30008B4208BF824207D3C0432860002070BDB9
:10FD40008B4208BF8242F8D24FF4806070BDFFFF43
:10FD500030B50B4C0B4D85B0002908BF2C468DE803
:10FD600018000DF10F03FFF707FF30B99DF80F30B2
:10FD7000002B0CBF4FF00040002005B030BD00BF8D
:10FD8000B3F801009BF801007FB5867B044630463E
:10FD90000D46FFF778FD18B12046FFF777FE25E006
:10FDA00006F0DF01B1F180035942594151B904AA6B
:10FDB0004FF0FF3342F8103D20466A462346FFF7D6
:10FDC000C7FF13E085B120466946FFF760FF68B9B9
:10FDD000029B23B16846691EFFF7D6FFF7E720466E
:10FDE0006946FFF78FFF01E040F2014004B070BDAB
:10FDF00083681BB14FF48061FFF7C6BF03207047D3
:10FE00004FF0FF330B600A4600210B46FFF7A0BFFF
:10FE1000F0B5074685B008460D4614460CF0EBF9E0
:10FE2000214606463846FFF732FF60BBA36833B36E
:10FE30002046FFF71FFF30BBA37B602B13D104AA22
:10FE4000134B42F8046D20460193009429460DF1AE
:10FE50000B03FFF791FEB0B99DF80B303BB1204684
:10FE6000FFF729FD11E02046FFF7C2FF58B92046F1
:10FE7000FFF700FF38B92046FFF7BAFFD5E7FF22AA
:10FE8000A273184601E0FF23A37305B0F0BD00BFC5
:10FE9000E9F9010070B5044609C81E1AB61A002E09
:10FEA00015460BDA23B1C01A0023054463602360B2
:10FEB00023681D4425604FF0004070BD00F0F0F84D
:10FEC00023681D442560002070BD7FB5002B08BF4E
:10FED000182A1CBA15BA9DF82060CDE902450DF12B
:10FEE0000F0105D29DF80F301E448DF80F6015E00C
:10FEF000002B08BFB2F5807F16D3002B08BFB2F5E8
:10FF0000803F13D3012B08BF002A2CBF03230223F9
:10FF100001229A40891A183633440B7004AB5A1ADE
:10FF2000FFF7B8FF04B070BD0023F1E70123EFE74E
:10FF300010B581689DF8084009B1013981600294CB
:10FF4000BDE81040FFF7C1BF1FB504460846216851
:10FF5000016061684160A16809B10139A16003F0E5
:10FF60002001541CC9B2B2F1FF3F8460C1600AD1C4
:10FF700041F00401C16004A91F3301F8013D0122D1
:10FF8000FFF788FF06E009B1144484600093002362
:10FF9000FFF79BFF04B010BD0A44426002220160DB
:10FFA0008260C360704707B500210091FFF7C0FF72
:10FFB00003B05DF804FB37B5DC1704F020010091B5
:10FFC00062406340FFF7B4FF03B030BDA1F11903F5
:10FFD000062B07B506D9E0230093CAB20023FFF72A
:10FFE000A7FF01E04FF4837003B05DF804FB73B525
:10FFF0004023144600932246002305460E46FFF791
:020000022000DC
:1000000097FF28463146224602B0BDE87040FFF710
:1000100041BF73B560231446009322460023054672
:100020000E46FFF785FF28463146224602B0BDE85E
:100030007040FFF72FBF8023FFF786BF064B10B538
:1000400002F100449C4204D9A023BDE81040FFF710
:100050007BBF4FF4806010BDFEFFFF7F07B50B68CC
:100060000360CA684B684360520707D502A9FF23A3
:1000700001F8013D0122FFF70DFF0EE08A68012A19
:1000800006D0002A40F2013008BF4FF4407004E06F
:10009000002B14BF00204FF0004003B05DF804FBBC
:1000A000844641EA000313F003036DD1403A41D383
:1000B00051F8043B40F8043B51F8043B40F8043B42
:1000C00051F8043B40F8043B51F8043B40F8043B32
:1000D00051F8043B40F8043B51F8043B40F8043B22
:1000E00051F8043B40F8043B51F8043B40F8043B12
:1000F00051F8043B40F8043B51F8043B40F8043B02
:1001000051F8043B40F8043B51F8043B40F8043BF1
:1001100051F8043B40F8043B51F8043B40F8043BE1
:1001200051F8043B40F8043B51F8043B40F8043BD1
:10013000403ABDD2303211D351F8043B40F8043B71
:1001400051F8043B40F8043B51F8043B40F8043BB1
:1001500051F8043B40F8043B103AEDD20C3205D381
:1001600051F8043B40F8043B043AF9D2043208D079
:10017000D2071CBF11F8013B00F8013B01D30B88EB
:1001800003806046704700BF082A13D38B078DD0C9
:1001900010F003038AD0C3F10403D21ADB071CBF9B
:1001A00011F8013B00F8013B80D331F8023B20F805
:1001B000023B7BE7043AD9D3013A11F8013B00F83E
:1001C000013BF9D20B7803704B7843708B788370C6
:1001D00060467047F0B50C4B0C4C1A7842F00205A3
:1001E00004EBC50682F00102706009481A700678B7
:1001F000002E0CBF8827C82786F0010647EA014178
:10020000067044F83510F0BDF0FCFF1F0080FF1FA2
:1002100089FDFF1F2DE9F0413E4C04F1E006254623
:10022000236A1B0603D5606A08380AF05DFC0834AF
:10023000B442F5D100242646374FE05928B1D0F812
:1002400004800AF051FC4046F8E73851334B344FF4
:10025000E050E05928B1D0F804800AF045FC40464F
:10026000F8E7304B3851E0502F4B23F816002F4B56
:10027000F25C023A032A07D8DFE802F00204020423
:10028000002200E001229A550136072E04F10404F1
:10029000D2D1274F00233B700124264A264B22440B
:1002A000234412F8012C9B0012F0080F1A704FEA39
:1002B000840621D00AF0FAFB38B105EB441308306C
:1002C00058601E4B45F8363004E03B7845F8360060
:1002D00001333B700AF0EAFB46F0010338B105EB4D
:1002E000C30208305060164A45F8332004E045F850
:1002F00033003B7801333B7046F00202013446F094
:1003000003060023082C45F8323045F83630C4D1B6
:10031000BDE8F0810080FF1FD4FCFF1F70FCFF1FB1
:1003200034FDFF1F54FDFF1FCCFFFF1F8CFCFF1F80
:100330007FFDFF1F6105030030C8011088004000E9
:10034000C8004000431E062B10B510D872B6094AEB
:1003500052F8230048B1416842F82310064A018848
:1003600032F81340611A22F8131062B610BD002053
:1003700010BD00BFD4FCFF1FCCFFFF1F01380628B3
:100380000AD872B6054B53F82030002013B1013063
:100390005B68FBE762B670470020704734FDFF1FC3
:1003A00010B572B60123174A1A4412F8012C12072D
:1003B0001CD59900144A52F831402CB902EB431372
:1003C00008305860114B09E041F0010152F831400A
:1003D00064B902EBC103083058600D4B42F831306C
:1003E0000C4B1A78013A1A7062B610BD0133082B13
:1003F000D9D162B6074B00221A70BDE810400AF04E
:1004000073BB00BF610503000080FF1F8800400030
:10041000C80040007FFDFF1F431E062B30B532D8B9
:10042000194A400140F01000104472B6174CE25CCB
:10043000032A09D8DFE802F0160218050830022264
:1004400013E00830042210E01148124A50F823400B
:1004500014B940F8231002E052F82300416042F83A
:1004600023100FE0032200E00522E25410F0080FF1
:1004700001F108030A8843600CBF8823C82343EABC
:100480000243036062B630BD0080FF1F8CFCFF1F7B
:1004900034FDFF1F54FDFF1F2DE9F047AB4E3478AC
:1004A000E4B214F0040F354619D0A94B1B78A3B160
:1004B000A84A117801F0FF0321B1013BDBB21370B0
:1004C00003B900BEA44A117801F0FF0329B1013B32
:1004D000DBB213700BB90AF061FA0423337004F035
:1004E000080303F0FF02002B00F094839B4B9C4C0D
:1004F0001A78D2B215094FEA920740F0108354F8E7
:10050000372004EBC703C2F38302013A5B680C2A6D
:1005100000F20283DFE812F058028C0200030003AD
:100520000003000300030003DC02000300030003D8
:100530000D001A688B4D5B682A6012066B6013D43D
:10054000EB888BB1884B87F0010707F001071F701C
:10055000864B44F8373087F00107403B44F837308A
:10056000834B01221A7002E0804B44F83730814AF5
:10057000814F7C49012010702A8840F2816C002351
:1005800062453B602361A3611ED8B2F5D06F80F055
:100590003081B2F5817F00F0098106D8802A00F011
:1005A000C180822A00F0C280DDE140F20230824246
:1005B00000F00D81B2F5A06F00F0D98140F2A111D9
:1005C0008A4200F03A81CEE140F6211C624500F0FB
:1005D0002A810ED8B2F5086F00F09E80B2F5106F38
:1005E00040F0C1815A4B5E4F8A781A7007F1E008DB
:1005F0000AE040F621239A4200F0B98140F6213307
:100600009A4200F0B481AEE13B6A1B0603D5786ADA
:1006100008380AF069FA08374745F5D10027B84687
:10062000DFF8809157F8090028B1D0F804A00AF04B
:100630005BFA5046F8E749F80700504BDFF868913D
:10064000F85057F8090028B1D0F804A00AF04CFA85
:100650005046F8E74A4B49F80700F850494B23F851
:100660001800494B18F80320023A032A08D8DFE89B
:1006700002F002040204002200E0012203F8082034
:1006800008F10108B8F1070F07F10407C8D13F4B83
:1006900000221A70012799463D4A3E4B3A443B449A
:1006A00012F8012C9B0012F0080F1A704FEA87080D
:1006B00025D00AF0FBF938B104EB47130830586035
:1006C000354B44F8383006E099F8003044F83800EB
:1006D000013389F800300AF0E9F948F0010338B134
:1006E00004EBC30208305060204A44F8332006E08F
:1006F00044F8330099F80030013389F8003048F0AD
:100700000202013748F003080023082F44F8323072
:1007100044F83830C0D12AE10D4B204C1B782370AF
:1007200003462AE11D4C2370637023E18A88072A5F
:1007300000F21981194C920023706370184B9B5C76
:100740009F0740F11781207014E100BF802007400F
:1007500088FDFF1FF1FCFF1FA0FFFF1F9020074037
:100760000080FF1F70FDFF1F7EFDFF1FC8004000BF
:1007700078FDFF1F89FDFF1F50FDFF1F70FCFF1F4D
:1007800054FDFF1FCCFFFF1F8CFCFF1F7FFDFF1FD1
:100790006105030030C801108800400080FDFF1F84
:1007A000C0200740D4FCFF1F34FDFF1F8A8802F0E1
:1007B0007F02072A00F3D7804B88002B40F0D380BC
:1007C0009100A14A0A44117821F002010FE08A88C1
:1007D00002F07F02072A00F3C6804B88002B40F00E
:1007E000C2809100984A0A44117841F002011170C8
:1007F000BEE04A88954B898853F8084CA3F10C0059
:10080000002C00F0B08033F80C7C974209D133F80B
:100810000A7C8F4205D1120A032A0CBF2378038970
:10082000ABE00C33E8E7CA88002A00F0A080884AD1
:100830003A60884A082111809AE08549C879A0F178
:100840008002D4B2092C8E460FD8C2EBC202824C71
:100850001EF803701444E7540133072BF7D100F15D
:100860007F03DBB2072B02D921E08F28F7D17B4B26
:100870007B4C02225A709A700322DA705A71794ABC
:10088000247812789A718F284FF000021C71DA7167
:100890001A7204D00023CB71704C08236DE013460C
:1008A0006D4A002098540133502BF9D1F2E74C786F
:1008B000674B6A4A102C16D19F786B2F13D1DF78C3
:1008C0005B2F10D1BF2191709121D170ED21117159
:1008D00045215171C02000215470D9719171D0719E
:1008E0000823144649E0D3795C4CA02B30D9237AF5
:1008F0005948432B01D0A92B13D102235370937075
:100900000323D3705371574B55481B7893710023C1
:100910000078D37113728F23CB71107108234E4C62
:100920002BE03BB10133DBB2237203F00F0300EB8A
:10093000C30421E090F84F30C92B01D1A02303E07C
:10094000C37FC32B18D1402323720823044614E02D
:10095000892811D1A37903F0FD03052B0CD10123C4
:10096000E0710B7208E0384B0F221A7029E0002367
:100970001C4602E0022300E00823EF88BB4238BF98
:100980001F46402F34BF3D46402520462946FFF7ED
:1009900021FC7F1B2C4403D1402D12D13D4603E0A6
:1009A000402F34BF3D46402520462946FFF712FC24
:1009B0007F1B2C4401D1402D03D12B4B2B4A1C60B3
:1009C000178001222A4BA6E02A4D286800287BD0F8
:1009D000294F3A7804EBC20354F83210D3F804805C
:1009E000C1F3074100235FFA83FC614505D018F885
:1009F00003C000F803C00133F5E7204BDFF88C801B
:100A000093F800C0DFF88890BCF1000F08BFC8461B
:100A10008CF0010C83F800C00E4B44F8328082F059
:100A200001023A701A880844511A2860198073E04C
:100A3000134A1448116881422CD15268B2F5803FA4
:100A400042D11A78104B3AE0C020074074050300E9
:100A5000A3C7FF1F7CFDFF1F35D6FF1FAE8CFF1FF6
:100A6000AC8CFF1FAD8CFF1F6CFCFF1F7AFDFF1FBE
:100A70009420074050FDFF1F7EFDFF1F78FDFF1FE4
:100A800070FDFF1F2109000290FFFF1FC8004000FA
:100A9000880040007B48814216D151687A4A9142D1
:100AA00012D11A78A92A0FD15A78452A0CD19A78EE
:100AB000C22A09D1DB786B2B06D1744B05220020AA
:100AC0001A700146FFF786FB714B44F8373023E07C
:100AD000704F3D68B5B1DFF80482B8F80090B9F105
:100AE000400F34BF4C46402428462146FFF772FB96
:100AF000C4EB09039BB2A8F800300BB9402C00D11D
:100B00002B193B60644B1A88B2F5A06F04D1002208
:100B10005A709A78614B1A700122614B6DE0B846A9
:100B200004EBC707013D7B6802F00802A3F108004F
:100B3000EDB202F0FF01002A36D009F0D5FF594886
:100B4000594B50F82520EAB1516840F8251002F1C0
:100B500008017960595D03290BD8DFE801F0020430
:100B60000608032104E0022102E0052100E004213F
:100B7000595517F0080F12880CBF8823C82343EA81
:100B8000024342E05A5D032A07D8DFE802F0404002
:100B90000204002206E0012204E017F0080F0CBF57
:100BA000022203225A5532E054F83820120C23F85E
:100BB000082C22B3DFF828E123F8061C43F8041CB4
:100BC0005EF82530394913B94EF8250002E051F896
:100BD00025305860364B41F8250033F815100A448B
:100BE00023F8152009F062FF10B10830786006E0A4
:100BF000304B44F838001A7801321A7007E0244B61
:100C00002D4A17F0080F08BF134644F83830082360
:100C1000337043E4E0071FD521492748274C0223BE
:100C20000B70274B1A70274B186098602648D860C5
:100C30001A619A615C60254B0D2018702448FF23CF
:100C400003702B700274234A1370234B9F221A7077
:100C500001230B70BDE8F087210604D51B4B0D2244
:100C60001A7080232B70A20705D5194B1A78D2B2BF
:100C70001A7002232B70E30644BF10232B70BDE8CB
:100C8000F08700BF2109000303000400F1FCFF1FEF
:100C9000C80040006CFCFF1F70FDFF1F982007403C
:100CA0009420074034FDFF1F8CFCFF1F70FCFF1FCA
:100CB000CCFFFF1F7FFDFF1F8800400094FCFF1F3B
:100CC000F0FCFF1F0080FF1FF4FCFF1FC020074047
:100CD000882007408C200740842007407AFDFF1FB2
:100CE000D4FCFF1F08B500F03DF800221A4B00218C
:100CF000D15098180832E82A4160F7D1174A106895
:100D000040F48020106002F528326832C3F30720D7
:100D10001070C3F307401B0E10751376FF2302F803
:100D20001C3C02F8143C02F88C3C012302F8083CFD
:100D300082F8641002F8183C094B70226FF450716D
:100D40001A700B444FF400721A6003F1C04303F5AC
:100D5000C82310221A7008BD0080FF1F3480044091
:100D600049E400E01FB501AC094821460A2209F018
:100D7000F7F90023E15C074A29B102EB4300013394
:100D80000A2B4180F6D101335B00137004B010BD13
:100D900000CA9A3B668EFF1F044B054900221A6069
:100DA0000A60044A106010221A60704714D0034091
:100DB00004D0034000D00340212810B518D80D4AB4
:100DC00052F8303093F880423CB1012211B183F8DF
:100DD000802010BD83F8002110BD02EBC0004368E5
:100DE0001A6811B142F0030201E022F002021A6017
:100DF00010BD00BF34060300212806D8044B53F869
:100E0000303093F80002C0B270470020704700BF36
:100E100034060300212816D80B4A02EBC00301292F
:100E20005B6852F8302004D182F880124FF4A2722D
:100E300008E0002082F8800211B94FF4807201E0CE
:100E400040F203121A60704734060300282838B5B0
:100E5000604A04460B4611D112780B2A04D8C2F11D
:100E60000C0201FA02F304E00C2A1CBF0C3A41FA0E
:100E700002F31846BDE8384009F0C0BF11780125DB
:100E8000002B05FA01F2D8BF002102DD934205D301
:100E90002946FFF791FF2046294697E00338C2B262
:100EA000012A01D84C4A06E0202C01D0192C01D18E
:100EB0004A4A00E04A4A126802FB0332CA401D282F
:100EC0007BD8DFE800F0575F4E337A7A212A7A7AAE
:100ED0007A7A7A7A7A7A7A3C450F187A707A7A7ABC
:100EE0007A7A7A673F4B1A6003F5973340F24442AF
:100EF00003F5FA735FE03C4B1A6003F5973340F259
:100F0000444203F5F87356E0384B1A6003F5973303
:100F100040F2444203F5F6734DE0354B1A6003F599
:100F2000973340F2444203F5F47344E0314B1A60C6
:100F300003F59F3340F2444203F5F0733BE02E4B40
:100F40001A6003F59F3340F2444203F5EE7332E03A
:100F50002A4B1A6003F59F3340F2444203F5EC73C9
:100F600029E0274B1A6003F59F3340F2444203F512
:100F7000EA7320E0234B1A6003F580334FF451727B
:100F8000203318E0204B1A6003F580334FF4517280
:100F90001C3310E01D4B1A60A3F5DB234FF4517294
:100FA000A3F5F96307E01A4B1A60A3F5DB234FF4AE
:100FB0005172A3F2CC731A6038BD7F2B2046D4BF88
:100FC00000210121FFF7F8FE20460121BDE838404D
:100FD000FFF720BF7C8EFF1F0890034008800B4066
:100FE00008800340108003401880034020800340A5
:100FF0002880034030800340388003404080034015
:1010000048800340109003401890034010800B402C
:1010100018800B4072B60C4B0C491A680C4B1B68BD
:10102000096862B6490102D5322A88BF0133C2F588
:101030008C32482102F23F12B2FBF1F24FF47A7087
:1010400000FB0320704700BF18E000E004ED00E063
:101050008CFDFF1F38B50446FFF7DCFF054624B9B9
:1010600038BD013C0AD005F57A75FFF7D3FF401B68
:10107000B0F57A7FF5D2DFF7F5F9F6E738BDFFFF77
:101080001F4B4FF4000210B51A604FF080721A60C7
:101090004FF000721A604FF080621A604FF00062E9
:1010A0001A60184B184A194C002048F6FF71186056
:1010B00059602823136093601361936113629362F4
:1010C000136393630922226004F580540434206082
:1010D0006160A360236144F8042C04F5FE242060C1
:1010E0000B4801600B490B608B600B4B1A6009F0D9
:1010F0008FFDFA20FFF7AEFFBDE81040FFF7F2BD0D
:1011000008E100E0048003400C80034000800340BD
:1011100008800B400C800B4000800B40764B7748DA
:101120007749DFF8A4C200222DE9F04F1A80754BF1
:10113000754D1A80754B2A801A80754B754D1A8033
:10114000754B2A801A80754B754D1A80754B2A8015
:101150001A80754B754D1A80754B2A801A80754B15
:10116000754D1A80754B764C1A80764BDFF85C8291
:101170001A80754B754F1A80754B764E1A80764BD8
:10118000DFF84C921A80754BDFF848B21A80744B26
:10119000DFF844A21A80734B2A8002800A80ACF8E0
:1011A00000202280A8F800203A803280A9F8002090
:1011B000ABF80020AAF800201A806B4B6B4D1A8008
:1011C0006B4B2A801A806B4B1A806B4B1A806B4BCF
:1011D0001A806B4B1A806B4B1A806B4B1A806B4BCF
:1011E0001A806B4B1A806B4B1A806B4B1A806B4BBF
:1011F0001A806B4B1A806B4B1A806B4B1A806B4BAF
:101200001A806B4B1A806B4B1A806B4B1A806B4B9E
:101210001A806B4B1B781C2BADF5357D02D0012B52
:1012200000F21D82354C40222280664A7F211C2B11
:101230004FF000031180B393B293B1930193B09335
:10124000AF93AE93AD930C93AC93AB93AA93A99346
:10125000A8930B93A793A693A5930A93A493A39300
:10126000A293A193A0939F939E9309939D939C9384
:101270009B939A931E4699931F46989397939693A0
:101280009593949393939293919390938F938E933A
:101290008D938C938B938A9389938893879386936A
:1012A0008593849383938293819380937F93089310
:1012B0007E9300937D937C937B937A939C460793D4
:1012C00098461C461D460693799378930593779329
:1012D0007693759374937393729371939946709305
:1012E0006F936E936D936C936B936A93049369936E
:1012F000689307F0518671E03CFFFF1F66FFFF1FF8
:1013000064FEFF1F78FEFF1F44FFFF1F78FFFF1FD3
:1013100046FFFF1F6EFFFF1F6CFEFF1F5CFEFF1FDF
:1013200042FFFF1F3EFFFF1F7AFEFF1F70FEFF1FE1
:101330006EFEFF1F5EFFFF1F96FDFF1F58FEFF1F83
:101340006AFFFF1F76FFFF1F7AFFFF1F72FFFF1F5D
:1013500076FEFF1F72FEFF1F66FEFF1F62FEFF1F6D
:1013600054FFFF1F60FEFF1F6CFFFF1F6AFEFF1F81
:1013700048FFFF1F4AFFFF1F4CFFFF1F4EFFFF1FCD
:1013800050FFFF1F52FFFF1F7CFFFF1F7EFFFF1F4D
:1013900058FFFF1F5AFFFF1F90FDFF1F94FDFF1F07
:1013A00074FEFF1F5CFFFF1F5AFEFF1F60FFFF1F41
:1013B00062FFFF1F64FFFF1F5EFEFF1F68FFFF1F2E
:1013C000DAFFFF1F74FFFF1F56FFFF1F68FEFF1F9E
:1013D00070FFFF1F92FDFF1F40FFFF1F4FF22A0A01
:1013E0004FF2750B4FF270004FF271014FF26F0226
:1013F000CDF89CA1CDF898B16590039164924FF21D
:101400001D0A4FF21C0B4FF21B004FF21A014FF254
:101410001902CDF88CA1CDF888B1619060915F92EE
:101420004FF2180A4FF2170B4FF216004FF2150148
:101430004FF21402CDF878A1CDF874B15C905B91B5
:101440005A924FF2130A4FF2120B4FF211004FF261
:1014500010014FF20F02CDF864A1CDF860B15790A2
:10146000569155924FF20E0A4FF20D0B4FF20C00AF
:101470004FF20B014FF20A02CDF850A1CDF84CB15A
:101480005290519150924FF2090A4FF2080B4FF2CD
:1014900007004FF206014FF20502CDF83CA1CDF84E
:1014A00038B14D904C914B924FF2040A4FF2350BEC
:1014B0004FF26D004FF263014FF23002CDF828A1D8
:1014C000CDF824B148904FF2310A47914FF22F0BDB
:1014D00046924FF25D004FF25C014FF25B02CDF895
:1014E00014A1CDF810B14390429141924FF25A0AA3
:1014F0004FF2590B4FF258004FF257014FF256027C
:10150000CDF800A1CDF8FCB03E903D913C924FF259
:10151000550A4FF2540B4FF253004FF252014FF263
:101520005102CDF8ECA0CDF8E8B03990389137925F
:101530004FF2500A4FF24F0B4FF24E004FF24D0157
:101540004FF24C02CDF8D8A0CDF8D4B034903391FE
:1015500032924FF24B0A4FF24A0B4FF249004FF2D0
:1015600048014FF24702CDF8C4A0CDF8C0B02F908B
:101570002E912D924FF2460A4FF2450B4FF2440046
:101580004FF25F014FF27802CDF8B0A0CDF8ACB0C9
:101590002A90299128924FF2770A4FF22E0B4FF2A0
:1015A00076004FF233014FF27302CDF89CA0CDF8D4
:1015B00098B04FF2260A25904FF2250B24912392E2
:1015C0004FF223014FF22202CDF888A0CDF884B06B
:1015D0004FF2210A4FF2200B1F911E924FF21E0173
:1015E0004FF227024FF22400CDF874A0CDF870B06E
:1015F0004FF2380A4FF2370B1A9119924FF2360117
:101600004FF26E022090CDF860A04FF21F004FF213
:10161000650ACDF85CB015914FF2660B4FF23401BC
:1016200014924FF264021B90CDF808A04FF22D00E7
:10163000CDF84CB0129111924FF2620A4FF2610B49
:101640004FF260014FF274021690CDF840A04FF2B5
:101650006700CDF83CB00E910D9201F09DBC172BA8
:1016600040F0A7824023038080230B804FF4E06387
:1016700023804FF400733B80D04CD1484FF440732B
:1016800033804FF4806323804FF4A0630380CD4BFD
:10169000CD4C40F2FF7119804FF26303A9F800307E
:1016A0004FF23403ABF80030C8494FF23503AAF8C3
:1016B00000304FF22C0B4FF27503A5F800B00B80F1
:1016C000C34D4FF2740323804FF2A2032B80C14C11
:1016D000C14D42F2AC004EF25C0A20802B804FF2EA
:1016E0001C29CDF8C8A24FF218304FF293044FF2E4
:1016F00012454FF2920ACDF8CC920190B094AF957A
:101700004EF25609CDF8B4A24FF212304FF29104C6
:101710004FF287054EF2500A4FF244014FF2980CF7
:10172000CDF8B8920C90AC94AB954FF20C59CDF823
:10173000A4A24FF28C004FF20C344FF208554FF236
:10174000082AA8F80010CDF8C4C2CDF8A892A89035
:101750000B944EF24C09A7954FF20830CDF894A2A5
:101760004FF2B6044FF29D054FF2045ACDF898920D
:101770000A90A494A3954FF29A09CDF884A24FF24F
:1017800004404EF248044FF284054FF2960ACDF819
:101790008892A0909F949E954FF20439CDF874A240
:1017A0004FF2D7004FF25C244FF2DC054FF2D80A1B
:1017B000CDF824909C909B949A954EF29C09CDF87C
:1017C00060A24FF258304FF2CF044FF2AE054FF205
:1017D000524ACDF864929790969495954FF2D3091A
:1017E000CDF84CA24EF296004FF2D2044FF2523591
:1017F0004FF2C70ACDF850929290919490954FF283
:10180000D109CDF838A24FF24C504EF290044FF26D
:10181000CC054FF2485ACDF83C928D908C948B9524
:101820004FF24C39CDF824A24EF28C004FF2C8048E
:101830004FF248354FF2DD0ACDF828928890879410
:101840004FF2DA008695CDF810A24FF2D4044FF291
:1018500044454FF2443A4FF2F609839082948195C1
:101860000C46CDF8FCA14FF2B8004FF2A5014FF2A3
:10187000A4054FF2B00ACDF8149208904FF2C409B3
:101880007E910095CDF8F0A115464FF2DE007A92D8
:1018900007924FF2B3014FF290024FF2A00ACDF837
:1018A00000927B904FF2A30906917992CDF814A093
:1018B0004FF29F004FF2F3014FF295024FF2860A6A
:1018C000CDF8F49177904FF2B40975917392CDF8F9
:1018D000BCA14FF2F4004FF2D6014FF2F1024FF2E9
:1018E000AD0ACDF8E0916E904FF2B1096D916C9216
:1018F000CDF8ACA14FF2A1004FF2E1014FF2C602C8
:101900004FF29E0ACDF8C4917695749572957095B4
:101910006A9004916992CDF8A0A14FF22A004FF28B
:101920002C414FF270024FF2710A679066916592F6
:10193000CDF80CA04FF26F004FF21D014FF21C02C8
:101940004FF21B0A649063916292CDF884A14FF22A
:101950001A004FF219014FF218024FF2170A609065
:101960005F915E92CDF874A14FF216004FF215010F
:101970004FF214024FF2130A5C905B915A92CDF829
:1019800064A14FF212004FF211014FF210024FF218
:101990000F0A589057915692CDF854A14FF20E006D
:1019A0004FF20D014FF20C024FF20B0A549053917B
:1019B0005292CDF844A14FF20A000FE044FFFF1FFE
:1019C00078FEFF1F74FFFF1F78FFFF1F6EFFFF1FD2
:1019D00042FFFF1F48FFFF1F90FDFF1F4FF209014D
:1019E0004FF208024FF2070A50904F914E92CDF8F5
:1019F00034A14FF206004FF205014FF204024FF2FC
:101A00002C3A4C904B914FF26D004A924FF22C11B0
:101A1000CDF824A14FF230024FF2310A489047919D
:101A20004692CDF814A14FF22F004FF25D014FF214
:101A30005C024FF25B0A449043914292CDF804A1BC
:101A40004FF25A004FF259014FF258024FF2570A23
:101A500040903F913E92CDF8F4A04FF256004FF2E5
:101A600055014FF254024FF2530A3C903B913A9287
:101A7000CDF8E4A04FF252004FF251014FF2500264
:101A80004FF24F0A389037913692CDF8D4A04FF2EA
:101A90004E004FF24D014FF24C024FF24B0A349080
:101AA00033913292CDF8C4A04FF24A004FF249016F
:101AB0004FF248024FF2470A30902F912E92CDF804
:101AC000B4A04FF246004FF245014FF25F024FF2D1
:101AD000780A2C902B9129924FF22E014FF2760228
:101AE0002A94CDF8A0A04FF2330A4FF27700269146
:101AF00025924FF226014FF22502CDF890A04FF229
:101B0000240A279022914FF273004FF22201219272
:101B1000CDF880A04FF221024FF2200A23901E91AF
:101B20004FF223004FF21E011D92CDF870A04FF22C
:101B300027024FF2380A1F901A914FF21F004FF2FE
:101B40002D011992CDF860A04FF236024FF26E0AC5
:101B50001B9016914FF237004FF266011592CDF8A7
:101B600050A04FF22C224FF2640A179013914FF2BB
:101B700065004FF262011292CDF844A04FF261026B
:101B80004FF2600A029010914FF21C534FF29706E9
:101B90004FF29C074FF28F0C4FF2EE084FF2AF0955
:101BA0004FF267000F92CDF838A04FF22C5107F09A
:101BB00072BD092B40F029824023038080230B80D3
:101BC0004FF4E06323804FF480633B804FF4A063C5
:101BD0003380C84BC84C40F2FF7119804FF2350377
:101BE000A9F800304FF22E03ABF800304FF26E032D
:101BF000AAF80030C14B4FF28800188042F2AC03C3
:101C00003F2123804FF22C0BBD4BACF80010A5F800
:101C100000B04FF21D444FF244054FF2184A4FF204
:101C2000185CA8F800501880B39413464EF25C0973
:101C3000CDF8C4A2CDF804C04EF256044FF2125AA9
:101C40001646944690464FF23302CDF8C892B092B1
:101C5000AE944FF21249CDF830A04EF250024FF23E
:101C60000C444EF24C0ACDF8B492A992A8944FF2CB
:101C70000C59CDF898A24FF208424FF208544EF298
:101C8000480ACDF82C90A5924FF234094FF2044245
:101C9000AF93AC93AB93AA93A7930A94CDF87CA28D
:101CA0004FF204544FF25D4ACDF884929E9209940B
:101CB0004FF22D09CDF86CA24FF26F024EF29C0448
:101CC0004FF2585ACDF874929A9299944FF258491B
:101CD000CDF85CA24FF273024EF296044FF2525AC4
:101CE000CDF86092949292944FF25249CDF840A26E
:101CF0004EF290024FF24C444EF28C0ACDF84492D0
:101D00008C928B944FF24C59CDF820A24FF248425E
:101D10004FF248544FF2444ACDF828928792869465
:101D20004FF274094FF24452A493A393A293A09349
:101D30009C939693959393938F938E938D9389937E
:101D400085938493CDF800A24FF2A00ACDF80892B3
:101D50007F924FF29009CDF814A04FF29F024FF2FC
:101D6000600ACDF8E49177924FF27509CDF8B4A1ED
:101D70006A904FF2B0024FF22A004FF2A70ACDF854
:101D8000D4918393819308937E9300937D937C9366
:101D90007B937A93079306937893769374937393D4
:101DA0007293719370936F936E936C936B93049390
:101DB0006993689367906692CDF894A1BF204FF223
:101DC000A4024FF21C0A03906492CDF88CA14FF24A
:101DD0001D004FF21B024FF21A0A62906192CDF879
:101DE00080A14FF219004FF218024FF2170A5F90CC
:101DF0005E92CDF874A14FF216004FF215024FF229
:101E0000140A5C905B92CDF868A14FF213004FF278
:101E100012024FF2110A59905892CDF85CA14FF27C
:101E200010004FF20F024FF20E0A56905592CDF865
:101E300050A14FF20D004FF20C024FF20B0A5390DB
:101E40005292CDF844A14FF20A004FF209024FF22C
:101E5000080A50904F92CDF838A14FF207004FF288
:101E600006024FF2050A4D904C92CDF82CA14FF28C
:101E700004004FF22C524FF2780A4A904992CDF862
:101E800020A14FF22C304FF2A6024FF2AD0A47903C
:101E90004692CDF814A14FF2A5004FF25C024FF22A
:101EA0005D0A44904392CDF808A14FF25B004FF2D7
:101EB0005A024FF2590A41904092CDF8FCA04FF2DD
:101EC00058004FF257024FF2560A3E903D92CDF81D
:101ED000F0A04FF255004FF254024FF2530A3B90DC
:101EE0003A92CDF8E4A04FF252004FF251024FF275
:101EF000500A07E074FFFF1F48FFFF1F42FFFF1F4C
:101F000090FDFF1F38903792CDF8D8A04FF24F00C8
:101F10004FF24E024FF24D0A35903492CDF8CCA0DC
:101F20004FF24C004FF24B024FF24A0A329031927C
:101F3000CDF8C0A04FF249004FF248024FF2470AD5
:101F40002F902E92CDF8B4A04FF246004FF24502EA
:101F50004FF2940A2C462C902B92CDF8A4A04FF26D
:101F60006D007F224FF2670A28902792CDF898A043
:101F70004FF276004FF226024FF2250A2A9425915D
:101F80004FF27701249023914FF224004FF2230166
:101F90002292CDF884A04FF222024FF2210A209023
:101FA0001F914FF220004FF21F011E92CDF874A036
:101FB0004FF21E024FF2270A1C901B914FF2640051
:101FC0004FF237011A92CDF864A04FF238024FF267
:101FD000360A189017914FF230004FF270011692A6
:101FE000CDF854A04FF265024FF2710A149002919D
:101FF0004FF22F071D4699464FF266001392CDF817
:1020000048A04FF2630105F093B90A2B40F091828A
:102010004023038080230B804FF4E06323804FF440
:1020200080733B80CD4CCE484FF4007333804FF427
:10203000806323804FF4A0630380CA4BCA4C40F2F4
:10204000FF7119804FF22E03ABF800304FF26E0390
:10205000AAF80030C5494FF2E303A9F800304FF267
:102060002C0B4FF29803A5F800B00B80C04D4FF237
:10207000910323804FF288013F23BE4C2980ACF8A6
:102080000030BD4D42F2AC03164623804FF21D19BD
:102090004EF25C0A4FF218224FF233042980CDF839
:1020A000CC92CDF8C8A20192B0944FF212554EF2E4
:1020B00056094FF2121A4FF212224FF211544FF2F8
:1020C00044004FF2181CAF95CDF8B892CDF8B4A2E9
:1020D0000C92AC944FF20C454EF250094FF20C1A90
:1020E0004FF20C224FF20844A8F80000CDF8C4C209
:1020F000AA95CDF8A492CDF8A0A24EF24C054FF2CD
:1021000008194FF2082AAB960B92A7944FF2860259
:102110004FF2B404A695CDF89492CDF828A0A492DD
:10212000A3944FF284054FF234094FF2045A4EF251
:1021300048024FF20414A295CDF88492CDF880A203
:102140009F929E944FF204254FF22D094FF25D1A93
:102150004FF26F024EF29C040995CDF87492CDF8BF
:102160006CA29A9299944FF258154FF258294FF257
:10217000D20A4FF273024FF252549895CDF85C9206
:10218000CDF858A2949293944EF296054FF25219BC
:102190004FF2522A4FF251524FF24C449295CDF8E1
:1021A0004492CDF840A28F928D944EF290054FF25A
:1021B0004C194FF24C2A4FF248424EF28C048C9547
:1021C000CDF82C92CDF828A289924FF2C60A9C969F
:1021D00095968E9688944FF2C404CDF814A24FF2CF
:1021E000F40283944FF2441A04464FF244204FF213
:1021F00048298492CDF800A27F904FF2AD024FF2B1
:10220000A00A4FF290004FF24815CDF818920892AC
:102210004FF24459CDF818A079904FF22C124FF29A
:10222000EF0A4FF2E7008795CDF804924FF274055C
:102230004FF2E6097892CDF8D4A174904FF295024E
:102240004FF28B0A4FF28A008295CDF81C904FF224
:10225000D4054FF2B0097392CDF8C0A16F904FF240
:102260002C424FF2600A4FF29D007C95CDF8D89138
:102270006E92CDF8B4A14FF2A1027E9600967D96A3
:102280007B967A9605967796729671966C966B9079
:102290006A914FF2E101049169924FF29E0A4FF266
:1022A0002A004FF22C514FF2A602CDF8A0A1679060
:1022B000669165924FF2A40A4FF2A5004FF21C01FD
:1022C0004FF21D02CDF80CA06490639162924FF220
:1022D0001B0A4FF21A004FF219014FF21802CDF803
:1022E00084A160905F915E924FF2170A4FF2160040
:1022F0004FF215014FF21402CDF874A15C905B917E
:102300005A924FF2130A4FF212004FF211014FF29C
:102310001002CDF864A15890579156924FF20F0ACF
:102320004FF20E004FF20D014FF20C02CDF854A106
:102330005490539152924FF20B0A4FF20A004FF20F
:1023400009014FF20802CDF844A150904F914E92EE
:102350004FF2070A4FF2060010E000BF78FEFF1FA1
:1023600044FFFF1F74FFFF1F6EFFFF1F78FFFF1F5B
:1023700042FFFF1F48FFFF1F90FDFF1F4FF20501A7
:102380004FF20402CDF834A14C904FF22C2A4B911D
:102390004FF278004A924FF22C314FF2A302CDF85F
:1023A00024A14890479146924FF2E40A4FF2A200CE
:1023B0004FF25C014FF25D02CDF814A144904391BD
:1023C00042924FF25B0A4FF25A004FF259014FF21C
:1023D0005802CDF804A140903F913E924FF2570A27
:1023E0004FF256004FF255014FF25402CDF8F4A0CF
:1023F0003C903B913A924FF2530A4FF252004FF207
:1024000051014FF25002CDF8E4A038903791369246
:102410004FF24F0A4FF24E004FF24D014FF24C0275
:10242000CDF8D4A03490339132924FF24B0A4FF250
:102430004A004FF249014FF24802CDF8C4A0309053
:102440002F912E924FF2470A4FF246004FF245016C
:102450004FF28F02CDF8B4A02C902B914FF26D0A61
:102460004FF267012A9429924FF235024FF275001C
:10247000CDF8A0A026914FF2760A4FF226012592C0
:102480004FF225022790CDF890A04FF277004FF23F
:10249000240A229121924FF222014FF2210223902D
:1024A000CDF880A04FF223004FF2200A1E911D921A
:1024B0004FF21E014FF227021F90CDF870A04FF28D
:1024C0001F004FF2640A1A9119924FF238014FF22D
:1024D00036021B90CDF860A04FF237004FF2300A61
:1024E000169115924FF265014FF271021790CDF8D7
:1024F00050A04FF270004FF2630A139112924FF204
:1025000062014FF261020290CDF844A04FF21D43E8
:102510004FF22F074FF2920CB0464FF28D054FF25B
:1025200094094FF2660010910F924FF2310A07F0B2
:10253000AEB8022B40F05D824023038080230B80E5
:102540004FF4E06323804FF400733B80C94CCA48CA
:102550004FF4407333804FF4806323804FF4A063C3
:102560000380C64BC64C40F2FF7119804FF22F0317
:10257000A9F800304FF2B803ABF80030C1494FF270
:102580003403AAF800304FF270030B803F21ACF8FF
:1025900000104FF244004FF230034FF2183C4FF25C
:1025A0002C0B16462380A8F80000A5F800B04EF2C8
:1025B0005C094FF21C254FF2182ACDF804C04EF2E8
:1025C0005604944690464FF21242B395CDF8C89205
:1025D000CDF8C4A2B092AE944FF212254FF2123948
:1025E0004FF20C4A4EF250024FF20C24AD95CDF84A
:1025F0003090CDF8A8A2A992A8944FF20C354FF2D2
:1026000008494EF24C0A4FF238024FF208340B954B
:10261000CDF89C92CDF898A24FF206554FF204499E
:102620004EF2480AAF96AC96AB96A5920A944FF23A
:1026300004224FF20434A495CDF88492CDF87CA204
:102640009E9209944FF25C254EF29C094FF2582A53
:102650004FF258324FF252449B95CDF86492CDF828
:1026600060A2979294944EF296054FF252294FF23F
:10267000523A4FF24C424EF290049295CDF8449269
:10268000CDF840A28D928C944FF24C254FF24C39EC
:102690004FF2484A4EF28C024FF278048B95CDF8F7
:1026A0002892CDF824A2889287944FF248354FF2B1
:1026B00046594FF2444A04464FF244324FF2442006
:1026C0004FF218478695A396A296A0969D969C9643
:1026D0009A979696959693968F968E96CDF8149295
:1026E000CDF808A280907F924FF2AD094FF2A70A71
:1026F0007F204FF29302CDF80090CDF8F4A17C90AA
:1027000006924FF290094FF2A60A4FF2A5004FF23F
:102710009E02CDF8E491CDF814A0779076924FF018
:10272000BF094FF2B60A4FF2B7004FF2A302CDF83D
:10273000D491CDF8D0A1729071924FF2920A4FF2DB
:10274000A4004FF2A00289464FF2A2014FF2AE055B
:10275000CDF8B4A16C906A9104924FF2A10A4FF2A5
:102760002A004FF2B3014FF2B1027E958496839610
:10277000819608967B967A960796789673967096C9
:102780006F966E966B96CDF8A4A167906691659250
:102790004FF2750A4FF2B4004FF21D014FF21C02C6
:1027A000CDF80CA06490639162924FF21B0A4FF235
:1027B0001A004FF219014FF21802CDF884A160906F
:1027C0005F915E924FF2170A4FF216004FF2150119
:1027D0004FF21402CDF874A15C905B915A924FF2C3
:1027E000130A4FF212004FF211014FF21002CDF80E
:1027F00064A15890579156924FF20F0A4FF20E0073
:102800004FF20D014FF20C02CDF854A154905391A8
:1028100052924FF20B0A4FF20A004FF209014FF2A7
:102820000802CDF844A150904F914E924FF2070A02
:102830004FF206004FF205014FF20402CDF834A129
:102840004C904B914A924FF22C3A4FF26D004FF25E
:102850002C114FF2B002CDF824A168964FF2B50AC0
:102860004890479146924FF2AF004FF25D014FF210
:102870005C0209E078FEFF1F46FFFF1F74FFFF1F89
:1028800070FEFF1F78FFFF1FCDF814A14490439105
:1028900042924FF25B0A4FF25A004FF259014FF247
:1028A0005802CDF804A140903F913E924FF2570A52
:1028B0004FF256004FF255014FF25402CDF8F4A0FA
:1028C0003C903B913A924FF2530A4FF252004FF232
:1028D00051014FF25002CDF8E4A038903791369272
:1028E0004FF24F0A4FF24E004FF24D014FF24C02A1
:1028F000CDF8D4A03490339132924FF24B0A4FF27C
:102900004A004FF249014FF24802CDF8C4A030907E
:102910002F912E924FF2470A4FF246004FF2450197
:102920004FF29F02CDF8B4A02C902B9129924FF238
:10293000630A4FF271004FF22E014FF23102CDF8CF
:10294000A0A027904FF2330A2A9426914FF2260135
:1029500025924FF225024FF27300CDF890A02291FC
:102960004FF2240A4FF2220121924FF221022390CA
:10297000CDF880A04FF223004FF2200A1E911D9245
:102980004FF21E014FF227021F90CDF870A04FF2B8
:102990001F004FF2600A1A9119924FF22D014FF267
:1029A00036021B90CDF860A04FF237004FF26E0A4E
:1029B000169115924FF266014FF276021790CDF8FC
:1029C00050A04FF26500139112924FF262014FF244
:1029D000640A4FF26102029010914FF21C43354697
:1029E0004FF26700CDF844A00F924FF2750104F04A
:1029F000A9BC032B40F0D682402303808023D54816
:102A00000B804FF4006303804FF4E0632380D24CCB
:102A1000D2484FF4007121804FF4407139804FF457
:102A200080610180CE48CF4C03804FF4A06131809B
:102A3000CD4BCE484FF4C061218040F6FF71198024
:102A40004FF22F03CA49A9F800304FF26F030B80F1
:102A5000C84CC9494FF63303ABF800304FF62E038C
:102A600023804FF2AF03AAF800304FF2B003038087
:102A70004FF66F030B804FF2AC033F202B804FF2D9
:102A80001C344EF25C054FF218394FF2122A4FF205
:102A9000126BACF80000B394B295CDF8C4920190DB
:102AA000CDF8C0A2CDF8BCB24EF256004FF21234AF
:102AB0004FF212554FF211694FF6070A4FF20C2BE5
:102AC0004FF24401AE90AD940C95CDF8B092CDF894
:102AD000ACA2CDF8A8B24EF250004FF20C344FF237
:102AE0000C554FF208294EF24C0A4FF2380BA8F859
:102AF0000010A990A8940B95CDF89C92CDF898A2BF
:102B0000CDF894B24FF234004FF230044FF6040582
:102B10004FF204794FF2042A4FF2046B0A90A49406
:102B2000A395CDF88892CDF884A2CDF880B24EF26C
:102B300048004FF204344FF231054FF616094FF6B4
:102B4000530A4FF25C3B9F909E940995CDF8749286
:102B5000CDF870A2CDF86CB24EF29C004FF2583412
:102B60007F254FF652094FF6760A4FF2522B999075
:102B700098949795CDF85892CDF854A2CDF850B2CC
:102B80004FF252604EF296044FF252354FF25259C4
:102B90004FF2516A4FF6470B939092949195CDF86E
:102BA0004092CDF83CA2CDF838B24FF24C204EF214
:102BB00090044FF24C354FF24C594FF2482A4EF2E6
:102BC0008C0B4FF218278D908C948B954FF27800D8
:102BD0004FF274049A97CDF82892CDF824A2CDF83C
:102BE00020B24FF2447A4FF2442B879086944FF6EE
:102BF0004409CDF80CA2CDF808B24FF244600C465F
:102C00004FF6230A4FF244314FF6220BCDF81092C3
:102C1000819080914FF66D09CDF8F8A1CDF800B004
:102C20004FF621004FF29B014FF22C4A4FF6150B45
:102C30000792CDF820907D907C914FF61E09CDF83B
:102C4000E8A1CDF818B04FF610004FF22C314FF636
:102C500020024FF6660A4FF2B30B4FF27005CDF823
:102C6000EC9179907891079805924FF61F09CDF86D
:102C7000D8A1CDF8D4B14FF655014FF675024FF6F5
:102C8000490A4FF6460B8595CDF8DC914FF2710558
:102C90007490739172924FF2AE09CDF8C0A1CDF845
:102CA000BCB14FF22C204FF6560140F67F024FF692
:102CB0005C0A4FF6610B7F95CDF8C4916E906D91D3
:102CC0006C92CDF8ACA1CDF8A8B14FF660004FF6EC
:102CD00006014FF65E024FF22A0A4FF6300B0490BF
:102CE00069916892CDF89CA1CDF898B14FF2A500FA
:102CF0004FF2B5014FF2A4024FF21D0A4FF21C0B26
:102D0000659003916492CDF88CA1CDF888B14FF213
:102D10001B004FF21A014FF219024FF2180A4FF23C
:102D2000170B619060915F92CDF878A1CDF874B1E6
:102D30004FF216004FF215014FF214024FF2130A30
:102D40004FF2120B5C905B915A92CDF864A1CDF8D2
:102D500060B113E03CFFFF1F78FEFF1F46FFFF1F1F
:102D60006CFEFF1F44FFFF1F74FFFF1F6EFFFF1F5E
:102D700078FFFF1F70FEFF1F96FDFF1F4FF211002F
:102D80004FF210014FF20F024FF20E0A4FF20D0BED
:102D9000579056915592CDF850A1CDF84CB14FF2C5
:102DA0000C004FF20B014FF20A024FF2090A4FF2E8
:102DB000080B529051915092CDF83CA14FF2070070
:102DC000CDF838B14FF206014FF205024FF2040A76
:102DD0004FF22C5B4D904C914B92CDF828A1CDF841
:102DE00024B14FF26D004FF22C114FF2A7024FF2B7
:102DF000750A4FF2A60B489047914692CDF814A160
:102E0000CDF810B14FF25D004FF25C014FF25B0262
:102E10004FF25A0A4FF2590B439042914192CDF82A
:102E200000A1CDF8FCB04FF258004FF257014FF21D
:102E300056024FF2550A4FF2540B3E903D913C9290
:102E4000CDF8ECA0CDF8E8B04FF253004FF25201AC
:102E50004FF251024FF2500A4FF24F0B3990389116
:102E60003792CDF8D8A0CDF8D4B04FF24E004FF243
:102E70004D014FF24C024FF24B0A4FF24A0B349085
:102E800033913292CDF8C4A0CDF8C0B04FF24900D2
:102E90004FF248014FF247024FF2460A4FF2450BFC
:102EA0002F902E912D924FF26301CDF8B0A04FF2EA
:102EB000B7024FF22E0ACDF8ACB04FF2B60B4FF27C
:102EC0005F00289127924FF273014FF22602CDF84E
:102ED00098A0CDF894B04FF2250A4FF2240B299018
:102EE00023914FF233004FF222012292CDF884A0B9
:102EF0004FF221024FF2200ACDF880B04FF21F0BA3
:102F000024901E914FF223004FF227011D92CDF81D
:102F100070A04FF235024FF2370ACDF86CB04FF285
:102F20002D0B1F9019914FF21E004FF26E01189257
:102F3000CDF85CA04FF265024FF2660ACDF858B0AA
:102F40004FF2760B1A9014914FF236004FF2640153
:102F50000292CDF84CA0CDF848B04FF262024FF289
:102F6000610A4FF2600B159011914FF21C234FF63E
:102F700013064FF6120C4FF677084FF650054FF236
:102F80009D092A944FF267001092CDF83CA0CDF82D
:102F900038B04FF277010D914FF25E0A4FF22C0BD1
:102FA00006F03CBC162B40F0CD8140234FF22C0B99
:102FB0000380A5F800B08023B64D0B8042F2AC0030
:102FC000B54B2880FF21B54CB54819804FF2A103BD
:102FD0003F2123800380B3921346B2924FF29204B2
:102FE0004FF28C054FF288094FF2840A4FF2D80055
:102FF000164617464FF29802ACF80010B192AD9405
:10300000A895CDF894924FF2D2024FF2CC044FF231
:10301000C8054FF2C4090193B093AF93AE930C93DC
:10302000AC93AB93AA93A9930B93A793A6930A93FC
:10303000A493A393A293A193A0939F93CDF878A276
:1030400098904FF2750A4FF2B50091928B94879544
:10305000CDF800924FF2600209939D939C939B934D
:103060009A9399939793969395939493939392931A
:1030700090938F938E938D938C938A938993889357
:103080008693859384938393829381937F9308930C
:103090007E93CDF8C4A16C904FF22A0A4FF27100D2
:1030A0000492CDF89CA166904FF270024FF07F0A17
:1030B0004FF26F006592CDF80CA064904FF21D02A4
:1030C0004FF21C0A4FF21B00639200934FF21A0258
:1030D0007D937C937B937A9307930693799378936C
:1030E0000593779376937593749373937293709318
:1030F0006F936E936D936B936A9369936893CDF816
:1031000088A161904FF2190A4FF218006092CDF831
:103110007CA15E904FF217024FF2160A4FF2150093
:103120005D92CDF870A15B904FF214024FF2130A3A
:103130004FF212005A92CDF864A158904FF211024A
:103140004FF2100A4FF20F005792CDF858A1559048
:103150004FF20E024FF20D0A4FF20C005492CDF8CE
:103160004CA152904FF20B024FF20A0A4FF20900A3
:103170005192CDF840A14F904FF208024FF2070A4A
:103180004FF206004E92CDF834A14C904FF205025A
:103190004FF2040A4FF235004B92CDF828A1499026
:1031A0004FF26D024FF2630A4FF2300045914FF239
:1031B0002F014892CDF81CA1469044914FF25D0238
:1031C0004FF25C0A4FF25B004FF25A014392CDF886
:1031D00008A141904FF2590240914FF2580A4FF224
:1031E00056013F92CDF8F8A04FF257003C914FF2B4
:1031F00055024FF2540A4FF252013D903B92CDF8E6
:10320000E8A04FF2530038914FF251024FF2500AAA
:103210004FF24E0139903792CDF8D8A04FF24F00BF
:1032200034914FF24D024FF24C0A4FF24A01359061
:103230003392CDF8C8A04FF24B0030914FF24902C3
:103240004FF2480A4FF2460131902F92CDF8B8A0C4
:103250004FF247002C914FF245024FF2440A4FF2D1
:1032600078012D902B92CDF8A8A04FF274002891F0
:103270004FF277024FF22E0A4FF233012990279234
:10328000CDF898A04FF2760024914FF273024FF2DE
:10329000260A07E048FFFF1F74FFFF1F42FFFF1FC2
:1032A00090FDFF1F4FF2240125902392CDF888A0B6
:1032B0004FF2250020914FF223024FF2220A4FF2E3
:1032C000200121901F92CDF878A04FF21F024FF2FB
:1032D0001E0A1C914FF238014FF221001B92CDF8CB
:1032E00068A04FF237024FF22D0A18914FF26E018B
:1032F0001D9017924FF227004FF26502CDF858A0AB
:1033000014914FF2660A4FF23401199002924FF273
:1033100036004FF26402CDF84CA012914FF2620ACF
:103320004FF26101159011929C4698461C461D462D
:1033300099464FF26700CDF840A00F914FF231024D
:1033400003F0E9BD052B40F0B782402303808023C2
:103350000B804FF4E06323804FF48073A8F80030B3
:103360004FF400733B80DA48DA49DB4C4FF440738A
:1033700033804FF4806303804FF4A0630B80D74BFE
:10338000D74840F2FF7119804FF27003A9F800305E
:103390004FF22E03ABF800304FF26E03AAF8003064
:1033A0004FF2B00323804FF2300303804FF2AC039F
:1033B0002B80CC4DCC4C42F2AC004FF288032880DD
:1033C000CA4823804FF2183A4FF21C244FF2330BB5
:1033D00090460380B3944FF218154FF21829CDF898
:1033E00004A0CDF8C0B24FF212404FF212124FF2C9
:1033F00012244FF2870A4FF20C5B3F21B295CDF8B1
:10340000C492AF90AE92AD944FF212354FF2114983
:10341000CDF8ACA2CDF8A8B24FF20C104FF20C22AE
:103420004FF20C344FF2082A4FF2083BACF8001070
:103430000C95CDF8B092A990A8924FF208550B9434
:103440004FF20819CDF894A2CDF828B04FF2B4008D
:103450004FF22F024FF2042A4FF2043BA795CDF80A
:103460009892A390A2924FF234044FF204454FF287
:103470000419CDF878A2CDF824B04FF296004FF29F
:10348000D7024FF2582A4FF2583BA194A095CDF89D
:103490007C929D909C924FF25C244FF258554FF2D3
:1034A0005819CDF860A2CDF85CB24FF2F3004FF29C
:1034B0009B024FF2522A4FF2523B9B949A95CDF8C1
:1034C0006492969095924FF273044FF252454FF2E8
:1034D0005219CDF844A2CDF840B24FF251404FF20C
:1034E000C7024FF24C3A4FF2485B94949395CDF853
:1034F00048928F908E924FF24C544FF24C154FF2EF
:103500004C29CDF828A2CDF824B24FF248104FF242
:1035100048224FF2740A4FF2444B8D948C95CDF8AB
:103520002C92CDF890824FF26F0988908792CDF857
:1035300008A2CDF804B24FF244204FF244324FF2C9
:10354000E00A4FF2DB0B4FF2F405CDF80C928090BD
:103550007F924FF27509CDF8F0A1CDF81CB04FF273
:1035600090004FF22C224FF2B80A4FF22C5B4FF230
:1035700048348495CDF800904FF2ED05799078921B
:103580004FF2E709CDF8C8A1CDF8B8B14FF2350038
:103590004FF261024FF2A00A4FF2DE0B86940895BB
:1035A000CDF8D4916D90CDF814824FF22A00CDF869
:1035B000F881CDF8F481CDF8EC81CDF8E881CDF833
:1035C0001880CDF81480CDF8DC81CDF8D881CDF805
:1035D000D081CDF8CC81CDF8C481CDF8C081CDF8B3
:1035E000BC81CDF8B081CDF8AC816A92CDF810A045
:1035F000CDF8A0B14FF22C424FF2A70A4FF0BF0B0B
:1036000067906692CDF894A1CDF80CB04FF2A4006B
:103610004FF21D024FF21C0A4FF21B0B6490639293
:10362000CDF888A1CDF884B14FF21A004FF21902FB
:103630004FF2180A4FF2170B60905F92CDF878A105
:10364000CDF874B14FF216004FF215024FF2140A82
:103650004FF2130B5C905B92CDF868A1CDF864B18A
:103660004FF212004FF211024FF2100A4FF20F0BFD
:1036700058905792CDF858A1CDF854B14FF20E00A2
:103680004FF20D024FF20C0A4FF20B0B5490539273
:10369000CDF848A1CDF844B14FF20A004FF209022B
:1036A0004FF2080A4FF2070B50904F92CDF838A115
:1036B000CDF834B14FF206004FF205024FF2040A82
:1036C0004FF22C3B4C90CDF8A4814FF278000FE0E4
:1036D00044FFFF1F78FEFF1F6EFFFF1F74FFFF1FD9
:1036E00078FFFF1F48FFFF1F42FFFF1F90FDFF1FD6
:1036F0004B92CDF828A1CDF824B14FF22C124FF205
:10370000A60A4FF2AD0B48904792CDF818A1CDF81C
:1037100014B14FF2A5004FF25D024FF25C0A4FF276
:103720005B0B44904392CDF808A1CDF804B14FF261
:103730005A004FF259024FF2580A4FF2570B40907D
:103740003F92CDF8F8A0CDF8F4B04FF256004FF20A
:1037500055024FF2540A4FF2530B3C903B92CDF876
:10376000E8A0CDF8E4B04FF252004FF251024FF210
:10377000500A4FF24F0B38903792CDF8D8A0CDF8C1
:10378000D4B04FF24E004FF24D024FF24C0A4FF2BE
:103790004B0B34903392CDF8C8A0CDF8C4B04FF2A3
:1037A0004A004FF249024FF2480A4FF2470B30905D
:1037B0002F92CDF8B8A0CDF8B4B04FF246004FF23A
:1037C00045024FF2440A4FF29F0B2C902B92CDF8FA
:1037D000A8A07F22CDF8A4B04FF2670A4FF2760B73
:1037E0004FF26D002792CDF898A04FF225024FF2CC
:1037F000240A2591CDF890B04FF226014FF2230B09
:10380000289022914FF277004FF221012192CDF8BA
:1038100080A04FF220024FF21F0ACDF87CB04FF289
:103820001E0B23901D914FF222004FF264011C9257
:10383000CDF86CA04FF237024FF2380ACDF868B0DD
:103840004FF2360B1E9018914FF227004FF2710184
:103850001792CDF858A04FF265024FF2310ACDF819
:1038600054B04FF2630B199002914FF22D00139256
:10387000CDF848A0CDF844B04FF262014FF2A1025A
:103880004FF2600A4FF25F0B14904FF21C534FF24D
:1038900097064FF218574FF2B30C4FF244144546B7
:1038A0004FF2E1094FF2660010910F92CDF838A067
:1038B000CDF834B0FFF770BB062B40F05D82BE4BF5
:1038C000BE4840221A80BE4B80221A80BD4B4FF466
:1038D000E0621A80BC4B4FF400721A80BB4B4FF46D
:1038E00040721A80BA4B4FF480621A80B94B40F292
:1038F000FF721A80B84B4FF22F021A80B74B4FF26B
:10390000A4021A80B64B4FF26F021A80B54B4FF2E9
:103910009F021A80B44B3F221A80B44B4FF22C0BFB
:10392000A3F800B0B24B4FF2540119804FF2880354
:103930000380B04842F2AC040480AF484FF2123426
:1039400003804FF233000190B0944FF212454EF2D3
:1039500066094FF2122A4FF211404FF20C34002642
:103960004EF26C0CAF95CDF8B892CDF830A0AC907B
:10397000AA944EF260054FF20C294FF2083A4EF22B
:103980005C004FF21F04CDF8C8C2A995CDF82C9069
:10399000CDF89CA24FF224054FF226094FF2143ABB
:1039A000B396B196AD96AB96A896A690A5944FF215
:1039B00014404EF268040A95CDF89092CDF884A296
:1039C000A0909F944FF227054EF2AC094FF2582A6F
:1039D0004FF252304FF252440995CDF86492CDF82F
:1039E0005CA2949093944EF2A6054FF252294FF2A6
:1039F000514A4FF24C304EF2A0049295CDF84092CD
:103A0000CDF83CA28D908C944FF24C254FF2483962
:103A10004EF29C0A4FF248204FF254344FF21837BE
:103A20008A95CDF82492CDF820A2A3964FF2710A80
:103A3000A2969E969D969C969B969A9798969696F9
:103A4000959691968E968B968796869082944FF255
:103A500035000C464FF26D01CDF8E4A177907591D9
:103A60004FF22C3A4FF278004FF2B0014FF254452A
:103A70004FF25429CDF8B8A16D906A914FF2700AB7
:103A80004FF22A004FF22C418195CDF8FC9185969A
:103A900084968396809608967E9600967D967C9670
:103AA0007B967A96079606967896059676967496FD
:103AB00073967296719670966F966C966B96CDF81B
:103AC00010A0679066914FF2AE0A4FF2A3004FF23A
:103AD000A101CDF894A1039064914FF21A0A4FF21C
:103AE0001C004FF21B01CDF88CA1629061914FF246
:103AF0001D0A4FF219004FF21801CDF880A15F9016
:103B00005E914FF2170A4FF216004FF21501CDF8F1
:103B100074A15C905B914FF2040A4FF213004FF2D4
:103B20001201CDF868A1599058914FF2110A4FF245
:103B300033004FF20F01CDF85CA1569055914FF232
:103B40000E0A4FF20D004FF20C01CDF850A1539028
:103B500052914FF20B0A4FF20A004FF20901CDF8D1
:103B600044A150904F914FF2080A4FF207004FF2D4
:103B70000601CDF838A14D904C914FF2050A4FF255
:103B800014004FF22C21CDF82CA14A904FF2250AB7
:103B90004FF2A6006996689649914FF2AD01CDF8B3
:103BA00020A1479046914FF2A50A4FF2A2004FF292
:103BB0005A01CDF814A121E066FFFF1F42FFFF1F4D
:103BC00064FEFF1F6AFFFF1F72FEFF1F78FEFF1FCC
:103BD00044FFFF1F74FFFF1F70FFFF1F40FFFF1F09
:103BE00078FFFF1F6EFFFF1F56FFFF1F6AFEFF1FBC
:103BF00068FEFF1F48FFFF1F90FDFF1F4490439189
:103C00004FF25C0A4FF25B004FF25D01CDF808A164
:103C1000419040914FF2590A4FF258004FF257012C
:103C2000CDF8FCA03E903D914FF2560A4FF2550060
:103C30004FF24401CDF8F0A03B903A914FF2530A75
:103C40004FF252004FF25101CDF8E4A03890379175
:103C50004FF2730A4FF24F004FF24E01CDF8D8A049
:103C6000359034914FF24D0A4FF24C004FF24B0118
:103C7000CDF8CCA0329031914FF24A0A4FF2490070
:103C80004FF24801CDF8C0A02F902E914FF2470A75
:103C90004FF246004FF24501CDF8B4A02C902B9185
:103CA0004FF2A70A4FF250007F21CDF8A4A0289030
:103CB0004FF22E0A2A9427914FF2370125924FF2A4
:103CC0006602CDF898A023914FF2650A4FF2630186
:103CD00022924FF262024FF23600CDF884A01F917B
:103CE0004FF2610A4FF25F011E924FF25E02249082
:103CF000CDF874A04FF264004FF2670A1B911A923C
:103D00004FF276014FF223022090CDF864A04FF2DB
:103D100060004FF2100A179116924FF231014FF2E4
:103D200022021C90CDF854A04FF277004FF2210AE6
:103D3000029113924FF21E014FF274021890CDF8C7
:103D400048A04FF26E004FF2300A119110924FF2DC
:103D5000A0014FF220021490CDF83CA04FF21C338A
:103D6000B446B0463546B1464FF22D000E910D9245
:103D70004FF2380A05F052BD042B02D01B2B40F045
:103D8000AF82274C274D2848284940222280802294
:103D90002A804FF4E0620280254C264D26484FF4DD
:103DA00080720A804FF4007222804FF440722349DF
:103DB0002A804FF4806202804FF4A0620A80204A79
:103DC0002048214C40F2FF711180204A4FF27001CF
:103DD00011801F4A4FF22E0111801E4A4FF26E01D0
:103DE00011801D4A4FF2B00111801C4A4FF2300180
:103DF00011801B494FF22C0BA1F800B04FF2880143
:103E000001803F221748228042F2AC040480164809
:103E10001B2B01804FF21C5305F0FE8126E000BFF2
:103E200066FFFF1F64FEFF1F6AFFFF1F68FEFF1F84
:103E300072FFFF1F72FEFF1F44FFFF1F78FEFF1F70
:103E400074FFFF1F42FFFF1F56FFFF1F70FFFF1F82
:103E500092FDFF1F40FFFF1F6EFFFF1F78FFFF1F38
:103E60006AFEFF1F48FFFF1F90FDFF1F4FF21C253A
:103E70004FF218194FF2182A4FF212504FF2124116
:103E8000B395CDF8C892CDF8C4A2B090AF914FF2DF
:103E900012144FF212254FF212394FF2114A4FF21B
:103EA00087004FF20C51AE94AD95CDF83090CDF81F
:103EB000B0A2AB90AA914FF20C144FF20C254FF226
:103EC0000C394FF2085A4FF208104FF20821A9940A
:103ED000A895CDF82C90CDF89CA2A690A5914FF274
:103EE00008344FF233054FF22F094FF2045A4FF2C4
:103EF00004404FF204110A94A395CDF88892CDF8AE
:103F000084A2A0909F914FF204244FF204354FF207
:103F100096094FF2D70A4FF25C204FF258514FF0FA
:103F200000084FF2183C9E940995CDF87492CDF894
:103F300070A29B909A914FF258144FF258254FF26D
:103F400058394FF2740A4FF252504FF25241CDF8A5
:103F500004C099949895CDF890824FF25225CDF8EF
:103F60005C92CDF858A2949093914FF252394FF24F
:103F7000514A4FF2C7004FF24C514FF252149195F3
:103F8000CDF84092CDF83CA28E908D914FF24C2509
:103F90004FF24C394FF2485A4FF248104FF2482135
:103FA00092948B954FF24C14CDF82892CDF824A220
:103FB000889087914FF273054FF26F094FF2445A80
:103FC0004FF244404FF244218C9484954FF2483490
:103FD000CDF80C92CDF808A2819080914FF2443533
:103FE0004FF235094FF2900A4FF22C204FF22C512C
:103FF00086947F95CDF80090CDF85482CDF8148248
:10400000CDF82080CDF8F881CDF8F481CDF8F0819D
:10401000CDF8EC81CDF8E881CDF81C80CDF8188082
:10402000CDF8E4A178906E914FF2750A4FF26100DD
:104030004FF2A001CDF8B4A16A9004914FF22A0A80
:104040004FF22C404FF2A701CDF89CA166906591EC
:104050004FF2AE0A4FF2A4004FF21D01CDF80CA0B2
:10406000649063914FF21C0A4FF21B004FF21A0149
:10407000CDF888A1619060914FF2190A4FF21800B3
:104080004FF21701CDF87CA15E905D914FF2160AB8
:104090004FF215004FF21401CDF870A15B904FF272
:1040A000130A4FF21200CDF81480CDF8DC81CDF860
:1040B000D881CDF8D481CDF8D081CDF8CC81CDF8A0
:1040C000C881CDF8C481CDF8C081CDF8BC81CDF8D0
:1040D000B081CDF8AC81CDF8A481CDF8A0815A9102
:1040E0004FF21101CDF864A1589057914FF2100A88
:1040F0004FF20F004FF20E01CDF858A15590549198
:104100004FF20D0A4FF20C004FF20B01CDF84CA10B
:10411000529051914FF20A0A4FF209004FF20801F2
:10412000CDF840A14F904E914FF2070A4FF2060092
:104130004FF20501CDF834A14C904B914FF2040A97
:104140004FF22C304FF27801CDF828A149904891D8
:104150004FF22C1A4FF2A600BF21CDF81CA14690B9
:1041600045914FF2A50A4FF25D004FF25C01CDF888
:1041700010A1439042914FF25B0A4FF25A004FF266
:104180005901CDF804A140903F914FF2580A4FF2E7
:1041900057004FF25601CDF8F8A03D903C914FF2F8
:1041A000550A4FF254004FF25301CDF8ECA03A906B
:1041B00039914FF2520A4FF251004FF25001CDF8AF
:1041C000E0A0379036914FF24F0A4FF24E004FF277
:1041D0004D01CDF8D4A0349033914FF24C0A4FF2F8
:1041E0004B004FF24A01CDF8C8A0319030914FF208
:1041F000490A4FF248004FF24701CDF8BCA02E907B
:104200002D914FF2460A4FF245004FF24401CDF88E
:10421000B0A02B902A914FF29F0A4FF26D007F21A0
:10422000CDF8A4A0289027914FF2670A4FF27600AC
:104230004FF27701CDF898A02592249023914FF268
:1042400026024FF2250A4FF224004FF22301229258
:10425000CDF884A020901F914FF222024FF2200A45
:104260004FF21F004FF21E011E92CDF870A01B905E
:104270001A914FF227024FF2640A4FF237004FF2C1
:1042800038014FF221091992CDF860A017904FF232
:1042900036024FF22D0ACDF8749016914FF2650157
:1042A0004FF271001592CDF850A04FF231021391E8
:1042B0004FF2630A4FF26201029012924FF2970698
:1042C0004FF218574FF2340C4FF2441445464FF258
:1042D0006600CDF844A010914FF2A10205F0D4B9C8
:1042E0000F2B40F0F681CE4BCE4940221A80CE4BA8
:1042F00080221A80CD4B4FF4E0621A80CC4B4FF4F1
:1043000080721A80CB4B4FF400721A80CA4B4FF464
:1043100040721A80C94B4FF480621A80C84B4FF428
:10432000A0621A80C74B40F2FF721A80C64B4FF250
:1043300070021A80C54B4FF2AE021A80C44B4FF286
:104340006E021A80C34B4FF2B0021A80C24B4FF27A
:1043500030021A80C14B3F221A80C14B4FF22C0B06
:10436000A3F800B04FF288030B80BE4942F2AC00C4
:104370000880BD494FF21C240B804FF218154FF2F4
:1043800018294FF2183A4FF212504FF21241B394DB
:10439000B295CDF8C492CDF804A0B090AF914FF291
:1043A00012144FF212254FF212394FF2114A4FF206
:1043B00087004FF20C51AE94AD95CDF83090CDF80A
:1043C000B0A2AB90AA914FF20C144FF20C254FF211
:1043D0000C394FF2085A4FF208104FF20821A994F5
:1043E000A8954FF20834CDF82C904FF23405CDF853
:1043F0009CA2A690A5914FF22F094FF2045A4FF2BA
:1044000004404FF204110A94A395CDF88892CDF898
:1044100084A2A0909F914FF204244FF204354FF2F2
:1044200096094FF2D70A4FF25C204FF258519E94F2
:104430000995CDF87492CDF870A29B909A914FF2A5
:1044400058144FF258254FF258394FF2730A4FF271
:1044500052504FF2524199949895CDF85C92CDF814
:1044600058A2949093914FF252144FF252254FF26A
:1044700052394FF2514A4FF2C7004FF24C514FF0B0
:10448000000892949195CDF84092CDF83CA28E9080
:104490008D914FF24C144FF24C254FF24C394FF2A4
:1044A000485A4FF248104FF248218C948B95CDF822
:1044B0002892CDF824A2CDF890824FF2445ACDF83C
:1044C0005482889087914FF244404FF244214FF23A
:1044D00074054FF26F09CDF808A2819080914FF2D8
:1044E000900A4FF22C204FF22C514FF24834849511
:1044F000CDF80C924FF244354FF23509CDF8E4A1D6
:1045000078906E914FF2750A4FF261004FF2A00160
:1045100086947F95CDF80090CDF8B4A1CDF81482A3
:10452000CDF82080CDF8F881CDF8F481CDF8F08178
:10453000CDF8EC81CDF8E881CDF81C80CDF818805D
:10454000CDF81480CDF8DC81CDF8D881CDF8D481B8
:10455000CDF8D081CDF8CC81CDF8C881CDF8C4811B
:10456000CDF8C081CDF8BC81CDF8B081CDF8AC815B
:104570006A9004914FF22C404FF2A7014FF22A0AA1
:10458000669065914FF235004FF2A401CDF89CA1E1
:10459000039064914FF21D0A4FF21C004FF21B0171
:1045A000CDF88CA1629061914FF21A0A4FF2190076
:1045B0004FF21801CDF880A15F905E914FF2170A7B
:1045C0004FF216004FF21501CDF874A15C905B918B
:1045D0004FF2140A4FF213004FF21201CDF868A106
:1045E000599058914FF2110A4FF210004FF20F01FB
:1045F000CDF85CA1569055914FF20E0A4FF20D0086
:104600004FF20C01CDF850A1539052914FF20B0A8A
:104610004FF20A004FF20901CDF844A1509025E075
:1046200066FFFF1F42FFFF1F64FEFF1F6AFFFF1FA1
:1046300068FEFF1F72FFFF1F72FEFF1F44FFFF1F78
:1046400078FEFF1F74FFFF1F70FFFF1F92FDFF1F0B
:1046500040FFFF1F6EFFFF1F78FFFF1F56FFFF1F6A
:104660006AFEFF1F48FFFF1F90FDFF1F4F914FF293
:10467000080A4FF207004FF20601CDF838A14D901D
:104680004C914FF2050A4FF204004FF22C31CDF855
:10469000A481CDF8A081CDF82CA14FF2780A4A90E0
:1046A00049914FF22C104FF2A601CDF820A14FF204
:1046B0001C534FF297064FF218574FF2330C4FF23C
:1046C000441445464FF22109479046914FF22E0A75
:1046D000F2E1142B40F0AA82CF4BD04940221A803D
:1046E000CF4B80221A80CF4B4FF4E0621A80CE4B22
:1046F0004FF480721A80CD4B4FF400721A80CC4B6D
:104700004FF440721A80CB4B4FF480621A80CA4B30
:104710004FF4A0621A80C94B40F2FF721A80C84B56
:104720004FF270021A80C74B4FF22E021A80C64B0E
:104730004FF26E021A80C54B4FF2B0021A80C44B82
:104740004FF230021A80C34B3F221A80C24B4FF205
:104750002C0BA3F800B04FF288030B80BF4942F244
:10476000AC000880BE494FF21C240B804FF2181594
:104770004FF218294FF2183A4FF233004FF212411C
:10478000B394B295CDF8C492CDF804A0B090AF9197
:104790004FF212144FF212254FF212394FF2114A12
:1047A0004FF287004FF20C51AE94AD95CDF830909A
:1047B000CDF8B0A2AB90AA914FF20C144FF20C2599
:1047C0004FF20C394FF2085A4FF208104FF20821FD
:1047D000A994A8954FF20834CDF82C904FF22F05EC
:1047E000CDF89CA2A690A5914FF234094FF2044A4D
:1047F0004FF204104FF204210A94A295CDF884924E
:10480000CDF880A29F909E914FF204344FF296050E
:104810004FF2D7094FF25C2A4FF258504FF258111D
:1048200009949D95CDF87092CDF86CA29A909991CB
:104830004FF258244FF258354FF273094FF2524A53
:104840004FF252104FF2522198949795CDF8509212
:10485000CDF84CA2929091914FF252344FF25145C3
:104860004FF2C7094FF24C5A4FF24C104FF24C2105
:104870004FF0000C90948F95CDF83892CDF834A27B
:104880008C908B914FF24C344FF248554FF24819AF
:104890004FF2482A4FF248304FF26F018A948995BF
:1048A000CDF890C2CDF88CC2CDF858C2CDF854C224
:1048B000CDF82092CDF81CA2869083914FF2442926
:1048C0004FF2443A4FF275004FF290014FF27404E8
:1048D0004FF24445CDF80092CDF8FCA100907991BB
:1048E0004FF22C294FF22C5A4FF235004FF2610152
:1048F00082948195CDF8E091CDF8B8A16D904FF2FA
:10490000A00A4FF22A00CDF814C2CDF810C2CDF89B
:1049100020C0CDF8F8C1CDF8F4C1CDF8F0C1CDF884
:10492000ECC1CDF8E8C1CDF81CC0CDF818C0CDF869
:1049300014C0CDF8DCC1CDF8D8C1CDF8D4C1CDF8C4
:10494000D0C1CDF8CCC1CDF8C8C1CDF8C4C1CDF827
:10495000C0C1CDF8BCC1CDF8B0C1CDF8ACC16A9131
:104960004FF22C41CDF810A0679066914FF2A70A44
:10497000BF204FF2A401CDF894A1039064914FF2AF
:104980001D0A4FF21C004FF21B01CDF88CA1629062
:1049900061914FF21A0A4FF219004FF21801CDF847
:1049A00080A15F905E914FF2170A4FF216004FF20E
:1049B0001501CDF874A15C905B914FF2140A4FF28F
:1049C00013004FF21201CDF868A1599058914FF29F
:1049D000110A4FF210004FF20F01CDF85CA1569072
:1049E00055914FF20E0A4FF20D004FF20C01CDF827
:1049F00050A1539052914FF20B0A4FF20A004FF21E
:104A00000901CDF844A150904F914FF2080A4FF29E
:104A100007004FF2060125E066FFFF1F42FFFF1F60
:104A200064FEFF1F6AFFFF1F68FEFF1F72FFFF1F6C
:104A300072FEFF1F44FFFF1F78FEFF1F74FFFF1F62
:104A400070FFFF1F92FDFF1F40FFFF1F6EFFFF1F44
:104A500078FFFF1F56FFFF1F6AFEFF1F48FFFF1F63
:104A600090FDFF1FCDF838A14D904C914FF2050AF3
:104A70004FF204004FF22C31CDF8A4C1CDF8A0C103
:104A8000CDF82CA14FF2780A4A9049914FF22C10A0
:104A90004FF2A601CDF820A14FF21C534FF297061A
:104AA0004FF21857E0464FF2441465464FF2210981
:104AB000479046914FF2AD0ACDF814A14FF2A500F0
:104AC0004FF25D014FF25C0A44904391CDF808A18A
:104AD0004FF25B004FF25A014FF2590A4190409158
:104AE000CDF8FCA04FF258004FF257014FF2560A92
:104AF0003E903D91CDF8F0A04FF255004FF2540199
:104B00004FF2530A3B903A91CDF8E4A04FF2520095
:104B10004FF251014FF2500A38903791CDF8D8A09A
:104B20004FF24F004FF24E014FF24D0A3590349143
:104B3000CDF8CCA04FF24C004FF24B014FF24A0A95
:104B400032903191CDF8C0A04FF249004FF24801A8
:104B50004FF2470A2F902E91CDF8B4A04FF24600A5
:104B60004FF245014FF2440A2C902B91CDF8A8A0AA
:104B70004FF29F004FF26D014FF07F0A299028916C
:104B8000CDF89CA04FF2670025924FF276014FF2CC
:104B900077024FF2260A269024914FF224012392A5
:104BA000CDF888A04FF223024FF2220A4FF22500DF
:104BB00020911F924FF21F014FF21E02CDF878A0F4
:104BC0004FF2270A21901B914FF220004FF237013C
:104BD0001A92CDF864A04FF238024FF2360A1C90B8
:104BE00017914FF264004FF271011692CDF854A064
:104BF0004FF265024FF2310A189002914FF22D00E8
:104C00004FF263011392CDF848A04FF262024FF2C7
:104C1000A10A14901191CDF874904FF26600109291
:104C2000CDF83CA04FF2600102F08CBB122B40F09B
:104C30008482C24BC24940221A80C24B80221A8011
:104C4000C14B4FF4E0621A80C04B4FF480721A805F
:104C5000BF4B4FF400721A80BE4B4FF440721A8063
:104C6000BD4B4FF480621A80BC4B4FF4A0621A8097
:104C7000BB4B40F2FF721A80BA4B4FF26F021A80A0
:104C8000B94B4FF234021A80B84B4FF22F021A8000
:104C9000B74B4FF2A1021A80B64B4FF274021A8042
:104CA000B54B3F221A80B54B4FF22C0BA3F800B046
:104CB0004FF2A2030B80B24942F2AC000880B14926
:104CC0004FF21C240B804FF218154FF218294FF2A7
:104CD000183A4FF212504FF21241B394B295CDF8F8
:104CE000C492CDF804A0B090AF914FF212144FF2DD
:104CF00012254FF212394FF2330A4FF20C504FF295
:104D00000C110026AE94AD95CDF83090CDF8B0A240
:104D1000AA90A9914FF20C244FF20C354FF208598A
:104D20004FF2081A4FF208204FF20831A894AB96C0
:104D30004FF231040B95CDF89C92CDF898A2A59036
:104D40000A914FF204554FF204494FF2041A4FF200
:104D500004204FF20431A494A195CDF88092CDF8AF
:104D60007CA29E9009914FF25C244FF258554FF26D
:104D700058194FF2582A4FF258304FF252519B9423
:104D80009A95CDF86492CDF860A2979094914FF2E5
:104D900052444FF252154FF252294FF2523A4FF20B
:104DA00073004FF24C5193949295CDF84492CDF804
:104DB00040A28F908D914FF24C144FF24C254FF240
:104DC0004C394FF2485A4FF248104FF248218C9418
:104DD0008B95CDF82892CDF824A2A3964FF2444AA1
:104DE000A2969D969C96969695968E96889087917B
:104DF0004FF244204FF244314FF271054FF24459C3
:104E0000CDF804A280907F914FF22C2A4FF2A3009C
:104E10004FF275014FF248348595CDF808924FF264
:104E20002E054FF26009CDF8E0A1719070914FF21C
:104E30002C5A4FF22E004FF22A0186940895CDF895
:104E40001C90CDF8B8A184964FF22C4A83967E969A
:104E500000967D967C967B967A9606967996059630
:104E60007796769675967496739672966F966D96FB
:104E70006C966B96689067914FF2B1004FF29E016D
:104E8000CDF898A1659003914FF2B40A4FF21D003E
:104E90004FF21C01CDF890A1639062914FF21B0A72
:104EA0004FF21A004FF21901CDF884A160905F9182
:104EB0004FF2180A4FF217004FF21601CDF878A101
:104EC0005D905C914FF2150A4FF214004FF21301FE
:104ED000CDF86CA15A9059914FF2120A4FF211007D
:104EE0004FF21001CDF860A1579056914FF20F0A82
:104EF0004FF20E004FF20D01CDF854A15490539192
:104F00004FF20C0A4FF20B004FF20A01CDF848A104
:104F1000519050914FF2090A4FF208004FF20701E9
:104F2000CDF83CA14E904D914FF2060A4FF205008C
:104F30004FF20401CDF830A126E000BF66FFFF1F4D
:104F400042FFFF1F64FEFF1F6AFFFF1F68FEFF1F77
:104F500072FFFF1F72FEFF1F44FFFF1F78FEFF1F3F
:104F600074FFFF1F70FFFF1F92FDFF1F40FFFF1F19
:104F70006EFFFF1F78FFFF1F56FFFF1F6AFEFF1F18
:104F800048FFFF1F90FDFF1F6A964FF22C3A0496D0
:104F900069964B904A914FF278004FF22C11CDF860
:104FA00024A1489047914FF2B00A4FF2B5004FF25A
:104FB000AF01CDF818A1459044914FF25D0A4FF230
:104FC0005C004FF25B01CDF80CA1429041914FF291
:104FD0005A0A4FF259004FF25801CDF800A13F9004
:104FE0003E914FF2570A4FF256004FF25501CDF85D
:104FF000F4A03C903B914FF2540A4FF253004FF211
:105000005201CDF8E8A0399038914FF2510A4FF291
:1050100050004FF24F01CDF8DCA0369035914FF2A1
:105020004E0A4FF24D004FF24C01CDF8D0A0339014
:1050300032914FF24B0A4FF24A004FF24901CDF83C
:10504000C4A030902F914FF2480A4FF247004FF220
:105050004601CDF8B8A02D902C914FF2450A4FF2A1
:1050600044004FF29F01CDF8ACA02A904FF26D0A98
:1050700029914FF2670125924FF27602CDF8A0A058
:1050800026914FF2770A4FF2250124924FF2240223
:105090007F20CDF88CA021914FF2230A4FF22101FD
:1050A00020924FF220022790CDF87CA04FF22600EC
:1050B0004FF21F0A1D911C924FF227014FF264021A
:1050C0002290CDF86CA04FF222004FF2370A1991CE
:1050D00018924FF236014FF230021E90CDF85CA0CC
:1050E0004FF21E004FF2700A159114924FF26501B3
:1050F0004FF22D021A90CDF808A04FF238004FF26F
:10510000630A139112924FF262014FF261021690FC
:10511000CDF844A04FF21C534FF21857B446B04696
:105120004FF244144FF23505B1464FF2660010912C
:105130000F924FF2A00A04F0AABA102B40F0788226
:10514000C44BC549C54840221A80C54B80221A80ED
:10515000C44B4FF4E0621A80C34B4FF480721A8044
:10516000C24B4FF400721A80C14B4FF440721A8048
:10517000C04B4FF480621A80BF4B4FF4A0621A807C
:10518000BE4B40F2FF721A80BD4A4FF231031380CA
:105190004FF270020A80BB490A80BB4A1380BB4BA6
:1051A0004FF26F011980BA4B3F221A80B94B4FF270
:1051B0002C0BA3F800B04FF288030380B64842F2EC
:1051C000AC040480B5484FF21C2403804FF218153C
:1051D0004FF218294FF2183A4FF21250B394B29589
:1051E000CDF8C492CDF804A0B0904FF212444FF223
:1051F00012154FF212294FF2123A4FF211400026C7
:10520000AF94AE95CDF8B492CDF830A0AC904FF2FB
:105210000C544FF20C154FF20C294FF20C3A4FF28E
:105220000850AA94A995CDF8A0924FF20814AB9615
:10523000CDF82CA0A7904FF2330A4FF20450A69459
:105240004FF208254FF20839CDF890A2A1904FF205
:1052500004444FF2043A4FF25C20A595CDF8289013
:10526000A0944FF204154FF20429CDF824A09B908E
:105270004FF258544FF2583A4FF252509F95CDF892
:1052800078929A944FF258154FF25829CDF85CA2B3
:1052900094904FF252444FF2523A4FF25140999546
:1052A000CDF8609293944FF252154FF25229CDF8F7
:1052B00040A28F904FF24C544FF24C3A4FF248506C
:1052C0009295CDF844928D944FF24C154FF24C29A3
:1052D000CDF828A289904FF248144FF2730A4FF28A
:1052E00044508C95CDF82C92A396A2969D969C96B0
:1052F000969695968E968894CDF814A282904FF249
:105300006E0A4FF22C204FF248254FF24839CDF863
:10531000F0A178904FF2740A4FF22C508795CDF897
:1053200018924FF244444FF244254FF24439CDF8DD
:10533000C0A16E904FF2A10A4FF2A0008194809517
:10534000CDF8FC91CDF8B4A184964FF22A0A839649
:1053500008967E9600967D967B967A960796069698
:105360007996059677967696759674967396729654
:1053700071966F966C966B9604904FF22C40CDF818
:105380009CA166904FF2A70A4FF27500CDF894A148
:1053900003904FF2A40A4FF21D00CDF890A1639044
:1053A0004FF21C0A4FF21B00CDF888A161904FF21A
:1053B0001A0A4FF21900CDF880A15F904FF2180A37
:1053C0004FF21700CDF878A15D904FF2160A4FF218
:1053D0001500CDF870A15B904FF2140A4FF2130044
:1053E000CDF868A159904FF2120A4FF21100CDF892
:1053F00060A157904FF2100A4FF20F00CDF858A15C
:1054000055904FF20E0A4FF20D00CDF850A1539077
:105410004FF20C0A4FF20B00CDF848A151904FF219
:105420000A0A4FF20900CDF840A14F904FF2080A46
:105430004FF20700CDF838A14D904FF2060A4FF217
:105440000500CDF830A16A964FF2040A6996689675
:1054500026E000BF66FFFF1F92FDFF1F42FFFF1FF8
:1054600064FEFF1F6AFFFF1F68FEFF1F72FFFF1F22
:1054700072FEFF1F44FFFF1F78FEFF1F74FFFF1F18
:1054800070FFFF1F40FFFF1F6EFFFF1F78FFFF1F12
:1054900056FFFF1F6AFEFF1F48FFFF1F90FDFF1F03
:1054A0004B904FF22C30CDF828A149904FF2780A5A
:1054B0004FF22C10CDF820A147904FF2A60A4FF2E0
:1054C000B500CDF818A145904FF2A50A4FF25D0046
:1054D000CDF810A143904FF25C0A4FF25B00CDF87B
:1054E00008A141904FF25A0A4FF25900CDF800A19D
:1054F0003F904FF2580A4FF25700CDF8F8A03D9078
:105500004FF2560A4FF25500CDF8F0A03B904FF203
:10551000540A4FF25300CDF8E8A039904FF2520AE6
:105520004FF25100CDF8E0A037904FF2500A4FF201
:105530004F00CDF8D8A035904FF24E0A4FF24D00F3
:10554000CDF8D0A033904FF24C0A4FF24B00CDF87B
:10555000C8A031904FF24A0A4FF24900CDF8C0A0DE
:105560002F904FF2480A4FF24700CDF8B8A02D9087
:105570004FF2460A4FF24500CDF8B0A02B904FF203
:10558000440A4FF29F00CDF8A8A029904FF26D0A6F
:105590007F20CDF8A0A027904FF2670A4FF2760047
:1055A00025924FF27702CDF898A024904FF2260A68
:1055B0004FF2250023924FF22402CDF888A02190CB
:1055C0004FF2230A4FF2220020924FF22102CDF82F
:1055D0007CA01E904FF2200A4FF21F001D924FF246
:1055E0001E02CDF870A01B904FF2270A4FF2640004
:1055F0001A924FF23702CDF864A0189017924FF22A
:10560000380A4FF236004FF22F024FF21C534FF27E
:105610001857B446B0464FF244144FF234054FF2D7
:105620002E09CDF858A015901492029101F05EBC9D
:105630000E2B40F0BE81B74B40221A80B64B802221
:105640001A80B64BFF221A80B54B3F221A80B54B09
:105650004FF22E014FF22C0BA3F800B04FF2310C99
:1056600000234FF233000B914FF26F044FF22F05DE
:105670004FF273094FF2340A4FF27101CDF804C0B2
:105680000C90A5940A95CDF89092CDF824A04FF2F5
:1056900074004FF2600AB393B293B193B093AF9397
:1056A000AE93AD93AC93AB93AA93A993A893A7930E
:1056B000A693A393A293A193A0939F939E939D934C
:1056C0009C939B939A93999398939793969395937E
:1056D000949393939293919390938F938E938D93AE
:1056E0008C938B938A9389938893879386938593DE
:1056F000849383938293819380937F9308937E9383
:1057000000937D937C936D914FF2F0017590CDF8ED
:1057100010A04FF22A0065914FF2750A4FF21D0159
:105720006790CDF80CA04FF2EF0063914FF21C0A86
:105730004FF21A016490CDF888A14FF21B006091DE
:105740004FF2190A4FF2170161907B934FF2180044
:105750007A93079306937993789305937793769347
:10576000749373937293719370936F936E936C931E
:105770006B936A93699368936693CDF87CA15D916E
:105780004FF2160A4FF214015E90CDF870A14FF25D
:1057900015005A914FF2130A4FF211015B90CDF8A8
:1057A00064A14FF2120057914FF2100A4FF20E010E
:1057B0005890CDF858A14FF20F0054914FF20D0AB6
:1057C0004FF20B015590CDF84CA14FF20C005191C6
:1057D0004FF20A0A4FF208015290CDF840A14FF261
:1057E00009004E914FF2070A4FF205014F90CDF894
:1057F00034A14FF206004B914FF2040A4FF26E01B2
:105800004C90CDF828A14FF2780047914FF2B00AA2
:105810004FF2AF014890CDF818A14FF235004491F6
:105820004FF25D0A4FF25B014590CDF80CA14FF2AB
:105830005C0041914FF25A0A4FF258014290CDF864
:1058400000A14FF259003E914FF2570A4FF2550115
:105850003F9049934FF25600CDF8F4A03B914FF2A0
:10586000540A4FF252013C90CDF8E8A04FF2530099
:1058700038914FF2510A4FF24F013990CDF8DCA028
:105880004FF2500035914FF24E0A4FF24C013690D4
:10589000CDF8D0A04FF24D0032914FF24B0A4FF2AB
:1058A00049013390CDF8C4A04FF24A002F914FF236
:1058B000480A4FF246013090CDF8B8A04FF24700A9
:1058C0002C914FF2450A4FF2B3012D90CDF8ACA0C8
:1058D0004FF2440029914FF26D0A4FF26701259271
:1058E0004FF276022A90CDF8A0A07F202691249234
:1058F0004FF2770A4FF225014FF224022790CDF89C
:105900008CA04FF22600219120924FF2230A4FF2F1
:10591000210109E066FFFF1F64FEFF1F74FFFF1FE8
:1059200056FFFF1F6AFEFF1F4FF220022290CDF8A4
:105930007CA04FF222001D911C924FF21F0A4FF2E1
:1059400027014FF264021E90CDF86CA04FF2370A87
:10595000199118924FF236014FF230024FF21E00A9
:10596000CDF85CA015914FF2700A4FF265011492C8
:105970004FF22D021A90CDF808A04FF238004FF2E6
:10598000630A139112924FF262014FF26102169074
:10599000CDF844A01E461F469C4698461C461D4610
:1059A00099464FF2660010910F924FF2B40A03F03D
:1059B0006EBE112B40F07782C34B40221A80C34B3E
:1059C00080221A80C24B4FF4E0621A80C14B4FF420
:1059D00080721A80C04B4FF400721A80BF4B4FF494
:1059E00040721A80BE4B4FF480621A80BD4B4FF458
:1059F000A0621A80BC4B40F2FF721A80BB4B4FF280
:105A000074021A80BA4B4FF22F021A80B94B4FF230
:105A10006F021A80B84B4FF234021A80B74B4FF224
:105A200063021A80B64B3F224FF21C244FF2181526
:105A30004FF218294FF2183A4FF212504FF212411A
:105A40001A80B394AF4BB295CDF8C492CDF804A0B0
:105A5000B090AF914FF212144FF212254FF212395B
:105A60004FF2114A4FF20C504FF20C110026AE9437
:105A7000AD95CDF83090CDF8B0A2AA90A9914FF293
:105A80000C244FF20C354FF208594FF2081A4FF21E
:105A900008204FF208314FF22C0BA3F800B0A89465
:105AA0000B95CDF89C92CDF898A2AB964FF2042AB4
:105AB000A5900A914FF25C214FF204544FF2044535
:105AC0004FF20419CDF878A24FF204309B914FF2B7
:105AD000583A4FF25241A194A095CDF87C9209908A
:105AE0004FF258544FF258154FF25829CDF85CA296
:105AF0004FF2525093914FF2514A4FF24C119A94F7
:105B00009995CDF8609294904FF252144FF252252D
:105B10004FF25239CDF83CA24FF24C508C914FF2DB
:105B2000481A4FF2483192949195CDF840928D9059
:105B30004FF24C244FF24C354FF24859CDF820A289
:105B40004FF2482086914FF2443A4FF22C218B9429
:105B50008A95CDF8249287904FF244294FF29E0007
:105B6000A496A396A2969D969C96969695968E96AA
:105B70008596CDF8FCA178914FF2B00A4FF28801DA
:105B8000CDF800927B904FF29F097591CDF8C0A19E
:105B90004FF22C504FF2AE014FF2A10A4FF2445493
:105BA0004FF24445CDF81490CDF8DC916E904FF251
:105BB000A3096D91CDF810A04FF2A2004FF22A0177
:105BC0004FF22C4A82948195CDF8C49184968396A5
:105BD00008967E9600967D967C967A96079606960F
:105BE000799676967496739672966F966C966B9677
:105BF0006A9669906791CDF898A14FF271007F2164
:105C00004FF2700A65900391CDF890A14FF21D00FC
:105C10004FF21C014FF21B0A63906291CDF884A1F0
:105C20004FF21A004FF219014FF2180A60905F917B
:105C3000CDF878A14FF217004FF216014FF2150A76
:105C40005D905C91CDF86CA14FF214004FF21301FE
:105C50004FF2120A5A905991CDF860A14FF21100FB
:105C60004FF210014FF20F0A57905691CDF854A100
:105C70004FF20E004FF20D014FF20C0A5490539167
:105C8000CDF848A14FF20B004FF20A014FF2090A7A
:105C900051905091CDF83CA14FF208004FF207010E
:105CA0004FF2060A4E904D91CDF830A14FF205000B
:105CB0004FF204014FF22C3A4B904A91CDF824A1B7
:105CC0004FF26D0020E000BF66FFFF1F64FEFF1F64
:105CD0006AFFFF1F68FEFF1F72FFFF1F72FEFF1F9C
:105CE00044FFFF1F78FEFF1F74FFFF1F70FFFF1FA1
:105CF00092FDFF1F40FFFF1F6EFFFF1F78FFFF1F7A
:105D000056FFFF1F6AFEFF1F4FF22C114FF2310AA0
:105D1000689648904791CDF818A145924FF230000F
:105D20004FF25D014FF25C024FF25B0A44904391E7
:105D30004292CDF804A14FF25A004FF259014FF2AE
:105D400058024FF2570A40903F913E92CDF8F4A08E
:105D50004FF256004FF255014FF254024FF2530AE0
:105D60003C903B913A92CDF8E4A04FF252004FF2B2
:105D700051014FF250024FF24F0A3890379136924C
:105D8000CDF8D4A04FF24E004FF24D014FF24C022D
:105D90004FF24B0A349033913292CDF8C4A04FF2B7
:105DA0004A004FF249014FF248024FF2470A309041
:105DB0002F912E92CDF8B4A04FF246004FF245013C
:105DC0004FF244024FF25F0A2C902B912A92CDF8A9
:105DD000A4A04FF29A004FF277014FF22E024FF239
:105DE000760A2890279126924FF278014FF22602E8
:105DF000CDF894A04FF2250A4FF238002391229259
:105E00004FF223014FF22202CDF884A04FF2210A73
:105E100024901F914FF224004FF21F011E92CDF8E3
:105E200074A04FF21E024FF2270A20901B914FF2EE
:105E300020004FF237011A92CDF864A04FF22D02E4
:105E40004FF2360A1C9017914FF294004FF2640102
:105E50001692CDF854A04FF266024FF2350A189010
:105E600002914FF26E001392CDF848A011914FF2BB
:105E700061024FF262014FF2A00A149010914FF2AA
:105E80001C534FF21857B446B0464FF244144FF229
:105E9000B105B1464FF267000F92CDF838A04FF22E
:105EA000750103F0F8BB072B40F08682C24BC34854
:105EB00040221A80C24B80221A80C24B4FF4E0620B
:105EC0001A80C14B4FF400721A80C04B4FF44072DD
:105ED0001A80BF4B4FF480621A80BE4B4FF4A06211
:105EE0001A80BD4B40F2FF721A80BC4B4FF22F025A
:105EF0001A80BB4B4FF2B4021A80BA4B4FF2B10278
:105F00001A80B94B4FF26F021A80B84B4FF2B802A9
:105F10001A80B74B3F221A80B64B4FF22C0BA3F8D6
:105F200000B0B54B4FF2540119804FF28803038043
:105F3000B24842F2AC040480B1484FF21C540380D2
:105F4000B3944EF26C054FF218594FF2340A4FF2E7
:105F500012304FF21244B295CDF8C492CDF804A09D
:105F6000B090AF944EF266054FF212594FF2122ADA
:105F70004FF211404FF20C340026AE95CDF8B4929A
:105F8000CDF830A0AC90AA944EF260054FF20C59B7
:105F90004FF20C2A4FF208304EF25C04A995CDF86E
:105FA000A0924FF21F054FF22409AB96CDF82CA01A
:105FB000A790A6944FF2260A4FF214304FF21444E1
:105FC000A595CDF82890CDF890A2A190A0944EF27E
:105FD00068054FF214594FF2270A4FF25C504EF207
:105FE000AC049F95CDF87892CDF824A09B9099941D
:105FF0004FF258554FF258294FF2523A4FF2524051
:106000004EF2A6049895CDF85C92CDF850A29390EC
:1060100092944FF252554FF252294FF2514A4FF299
:106020004C304EF2A0049195CDF84092CDF83CA2B0
:106030008D908C944FF24C554FF24C294FF2483AC8
:106040004EF29C004FF248544FF218378B95CDF822
:106050002892CDF824A24FF254394FF2544AA39615
:10606000A2969D969C969A97969695968E968890CF
:1060700087944FF254500C464FF25421CDF80892B9
:10608000CDF804A280907F914FF231094FF22C5A43
:106090004FF275004FF235014FF24825CDF8E491EB
:1060A000CDF8E0A1059077914FF26D094FF22C3AAF
:1060B0004FF223004FF271018695CDF8D491CDF8BF
:1060C000B8A16D904FF22A0A4FF22C408596849623
:1060D000839608967E9600967D967C967B967A9619
:1060E0000796069676967496739672967196709643
:1060F0006F966C966B9604914FF2A701CDF89CA118
:10610000669065914FF29E0A4FF2A6004FF21A0177
:10611000CDF80CA0649063914FF21C0A4FF21B0063
:106120004FF21D01CDF888A1619060914FF2190ADC
:106130004FF218004FF21701CDF87CA15E905D91EF
:106140004FF2160A4FF215004FF20401CDF870A17C
:106150005B905A914FF2130A4FF212004FF2110165
:10616000CDF864A1589057914FF2330A4FF20F00C7
:106170004FF20E01CDF858A1559054914FF20D0AEF
:106180004FF20C004FF20B01CDF84CA152905191FF
:106190004FF20A0A4FF209004FF20801CDF840A170
:1061A0004F904E914FF2070A4FF206004FF2050151
:1061B000CDF834A14C9025E066FFFF1F42FFFF1F82
:1061C00064FEFF1F6AFFFF1F72FEFF1F78FEFF1FA6
:1061D00044FFFF1F72FFFF1F74FFFF1F70FFFF1FB1
:1061E00092FDFF1F40FFFF1F78FFFF1F6EFFFF1F85
:1061F00056FFFF1F6AFEFF1F68FEFF1F48FFFF1FBD
:1062000090FDFF1F4FF2140A4FF22C206A966996F8
:1062100068964B914FF26E01CDF828A149904891B4
:106220004FF2A30A4FF2AF00BF21CDF81CA1469058
:1062300045914FF2B00A4FF25A004FF25C01CDF88F
:1062400010A1439042914FF25B0A4FF25D004FF272
:106250005901CDF804A140903F914FF2580A4FF2F6
:1062600057004FF25601CDF8F8A03D903C914FF207
:10627000550A4FF244004FF25301CDF8ECA03A908A
:1062800039914FF2520A4FF251004FF27301CDF89B
:10629000E0A0379036914FF24F0A4FF24E004FF286
:1062A0004D01CDF8D4A0349033914FF24C0A4FF207
:1062B0004B004FF24A01CDF8C8A0319030914FF217
:1062C000490A4FF248004FF24701CDF8BCA02E908A
:1062D0002D914FF2460A4FF245004FF29F01CDF843
:1062E000B0A02B904FF2500A2A9429914FF2380116
:1062F000CDF8A0A026914FF2370A4FF26501259202
:106300004FF236022492CDF88CA04FF264024FF285
:10631000630A21914FF261017F202092CDF87CA089
:106320004FF260024FF25F0A1D914FF26701279012
:106330001C924FF266004FF27702CDF86CA01991D3
:106340004FF2760A4FF21001229018924FF262003B
:106350004FF27802CDF85CA015914FF2700A4FF21F
:1063600022011E9014924FF25E004FF22102CDF8EE
:1063700008A013914FF21E0A4FF274011A90129264
:106380004FF22E00CDF844A010914FF2A00A4FF228
:1063900030024FF220011690CDF838A04FF21C3396
:1063A000B446B0463546B1464FF22D000F920D91DE
:1063B0004FF2250A03F032BA0B2B40F0C980514B43
:1063C000514840221A80514B80221A80504B4FF482
:1063D000E0621A804F4B4FF400721A804E4B4FF41C
:1063E00040721A804D4B4FF480621A804C4B4FF430
:1063F000A0621A804B4B40F2FF721A804A4B4FF258
:106400002E021A80494B4FF2AD021A80484B4FF2D0
:106410006E021A80474B4FF230021A80464B4FF201
:10642000AE021A80454B3F221A80454B4FF22C0B8F
:10643000A3F800B0434B4FF2440119804FF2880398
:106440000380414842F2AC04048040484FF21C549F
:106450004EF25C054FF218590380B394B295CDF813
:10646000C4924FF2182A4FF233004FF212444EF208
:1064700056054FF21259CDF804A0B090AF94AE95E6
:10648000CDF8B4924FF2122A4FF211404FF20C3471
:106490004EF250054FF20C590026CDF830A0AC90CA
:1064A000AA94A995CDF8A0924FF20C2A4FF2083089
:1064B0004EF24C044FF273054FF26F09AB96CDF8D4
:1064C0002CA04FF2610AA790A694A595CDF828902C
:1064D0004FF234004FF204444EF248054FF2045993
:1064E000CDF890A24FF21C334FF22F07B446B046BE
:1064F000A396A296A190A0949F95CDF878924FF282
:10650000740AF1E066FFFF1F42FFFF1F64FEFF1FDA
:106510006AFFFF1F72FEFF1F78FEFF1F44FFFF1F71
:1065200072FFFF1F74FFFF1F70FFFF1F92FDFF1F11
:1065300040FFFF1F78FFFF1F6EFFFF1F56FFFF1F6B
:106540006AFEFF1F68FEFF1F48FFFF1F90FDFF1F31
:10655000082B40F08882514B514840221A80514B01
:1065600080221A80504B4FF4E0621A804F4B4FF458
:1065700000721A804E4B4FF440721A804D4B4FF40C
:1065800080621A804C4B4FF4A0621A804B4B40F251
:10659000FF721A804A4B4FF22E021A80494B4FF27B
:1065A000AD021A80484B4FF26E021A80474B4FF2F1
:1065B00030021A80464B4FF2AE021A80454B3F2202
:1065C0001A80454B4FF22C0BA3F800B0434B4FF20F
:1065D000440119804FF288030380414842F2AC0421
:1065E000048040484FF21C544EF25C054FF218599B
:1065F0000380B394B295CDF8C4924FF2182A4FF2AB
:1066000073004FF212444EF256054FF21259CDF874
:1066100004A0B090AF94AE95CDF8B4924FF2122A88
:106620004FF211404FF20C344EF250054FF20C591C
:106630000026CDF830A0AC90AA94A995CDF8A092F0
:106640004FF20C2A4FF208304EF24C044FF2330551
:106650004FF22F09AB96CDF82CA04FF2610AA7900C
:10666000A694A595CDF828904FF274004FF20444FB
:106670004EF248054FF20459CDF890A24FF21C3368
:106680004FF26F07B446B046A396A296A190A0948D
:106690009F95CDF878924FF2340A25E066FFFF1FF0
:1066A00042FFFF1F64FEFF1F6AFFFF1F72FEFF1FF6
:1066B00078FEFF1F44FFFF1F72FFFF1F74FFFF1FC5
:1066C00070FFFF1F92FDFF1F40FFFF1F78FFFF1F9E
:1066D0006EFFFF1F56FFFF1F6AFEFF1F68FEFF1FB2
:1066E00048FFFF1F90FDFF1F4FF25C504FF25834E0
:1066F000CDF824A09B909A944EF29C054FF2582A14
:106700004FF252304FF2524499954FF25859CDF80A
:106710005CA2949093944EF296054FF2522A4FF257
:1067200051404FF24C34CDF8609292954FF252594D
:10673000CDF840A28F908D944EF290054FF24C2AE6
:106740004FF248304EF28C04CDF844928C954FF2C3
:106750004C59CDF828A2899088944FF248554FF2B1
:10676000443A4FF244400C464FF24451CDF82C923B
:1067700087954FF24829CDF808A2819080914FF279
:1067800044254FF2A10A4FF2A3004FF22C31CDF86D
:1067900018927F959D969C96969695968E96859640
:1067A0008496839608967E96CDF8D4A171906E91CA
:1067B0004FF2A20A4FF29E004FF27101CDF8B4A140
:1067C0006C9004914FF2A50A4FF22A004FF22C412F
:1067D000CDF8A4A1679066914FF2B10A4FF2A400E0
:1067E0004FF2B4014FF22C59CDF894A1039064916B
:1067F0004FF21C0A4FF21D004FF21B01CDF8E09141
:10680000CDF88CA100964FF21A0A7D967C967B9665
:106810007A96079606967996059677967696749662
:106820007396729670966F966B966A96689662905B
:1068300061914FF219004FF21801CDF880A15F90DD
:106840005E914FF2170A4FF216004FF21501CDF884
:1068500074A15C905B914FF2140A4FF213004FF257
:106860001201CDF868A1599058914FF2110A4FF2D8
:1068700010004FF20F01CDF85CA1569055914FF2E8
:106880000E0A4FF20D004FF20C01CDF850A15390BB
:1068900052914FF20B0A4FF20A004FF20901CDF864
:1068A00044A150904F914FF2080A4FF207004FF267
:1068B0000601CDF838A14D904C914FF2050A4FF2E8
:1068C00004004FF22C21CDF82CA14A9049914FF2AF
:1068D000780A4FF22C104FF2B001CDF820A147906A
:1068E00046914FF0BF0A4FF2AF004FF25C01CDF876
:1068F00014A1449043914FF25D0A4FF25B004FF2B6
:106900005A01CDF808A141904FF2590A40914FF237
:1069100058004FF25701CDF8FCA03E903D914FF248
:10692000560A4FF255004FF25401CDF8F0A03B90BB
:106930003A914FF2530A4FF252004FF25101CDF803
:10694000E4A0389037914FF2500A4FF24F004FF2C7
:106950004E01CDF8D8A0359034914FF24D0A4FF248
:106960004C004FF24B01CDF8CCA0329031914FF258
:106970004A0A4FF249004FF24801CDF8C0A02F90CB
:106980002E914FF2470A4FF246004FF24501CDF8E3
:10699000B4A02C902B914FF29F0A4FF26D007F21F3
:1069A000CDF8A4A0289027914FF2670A25924FF2C4
:1069B00076004FF277014FF22602CDF898A024908E
:1069C000239122924FF2250A4FF224004FF2230125
:1069D0004FF22202CDF884A020901F914FF2210A9D
:1069E0004FF21F012A941E924FF21E02CDF874A09E
:1069F0001B914FF2270A4FF237011A924FF23802D9
:106A00004FF22000CDF864A017914FF2360A4FF2F2
:106A1000600116924FF265021C90CDF854A04FF21F
:106A200064004FF22D0A029113924FF263014FF26C
:106A300062021890CDF848A04FF25E004FF2310A82
:106A4000119110924FF2A0014FF25F021490CDF815
:106A50003CA03546B1464FF266000E910D924FF2C2
:106A6000700A02F0DBBE132B40F05A82C04B40226A
:106A70001A80C04B80221A80BF4B4FF4E0621A800C
:106A8000BE4B4FF480721A80BD4B4FF400721A80D7
:106A9000BC4B4FF440721A80BB4B4FF480621A809B
:106AA000BA4B40F2FF721A80B94B4FF2B4021A800F
:106AB000B84B4FF22F021A80B74B4FF2B1021A8037
:106AC000B64B4FF26F021A80B54B3F224FF21C2497
:106AD0004FF218154FF218294FF2183A4FF21240A0
:106AE0004FF212111A80B394AE4BB295CDF8C49206
:106AF000CDF804A0B090AE914FF212244FF21235AF
:106B00004FF233094FF20C4A4FF20C104FF20C21A6
:106B10000026AD940C95CDF8B092CDF8A8A2A9901E
:106B2000A8914FF20C344FF208454FF208194FF27A
:106B3000082A4FF208304FF204414FF22C0BA3F811
:106B400000B00B94A795CDF89892CDF894A20A9036
:106B50004FF204144FF204254FF204394FF25C2A2D
:106B60004FF25840AF96AB96A496A1914FF25811B0
:106B70009F949E95CDF82490CDF86CA29A9099910F
:106B80004FF258244FF258354FF252494FF2521AF1
:106B90004FF252204FF2523198949795CDF850927F
:106BA000CDF848A2919090914FF273044FF24C456A
:106BB0004FF24C194FF24C2A4FF24C304FF24841F1
:106BC0008F948D95CDF83092CDF82CA28A90899132
:106BD0004FF248144FF248254FF248394FF2444AD9
:106BE0004FF244204FF2443188948795CDF81892A3
:106BF000A396A296A0969D969C9696969596939609
:106C00008E96859684968396CDF808A280907F9183
:106C10004FF2750A4FF2B5004FF22C414FF22E059C
:106C20004FF22C29CDF8D4A171906E914FF26E0ADB
:106C30004FF22A004FF2B0010895CDF8E091CDF85F
:106C4000A0A181964FF2310A7E9600967D967C96A1
:106C50007B967A9607960696799605967796769617
:106C600074967396729670966F966D966C966B96F8
:106C70006A9604966996679066914FF235004FF2D6
:106C80003401CDF894A1039064914FF21D0A4FF2A4
:106C90001C004FF21B01CDF88CA1629061914FF264
:106CA0001A0A4FF219004FF21801CDF880A15F9037
:106CB0005E914FF2170A4FF216004FF21501CDF810
:106CC00074A15C905B914FF2140A4FF213004FF2E3
:106CD0001201CDF868A1599058914FF2110A4FF264
:106CE00010004FF20F01CDF85CA1569055914FF274
:106CF0000E0A4FF20D004FF20C01CDF850A1539047
:106D000052914FF20B0A4FF20A004FF20901CDF8EF
:106D100044A150904F914FF2080A4FF207004FF2F2
:106D20000601CDF838A14D904C914FF2050A4FF273
:106D300004004FF22C31CDF82CA14A9049914FF22A
:106D4000780A4FF22C104FF27101CDF820A1479034
:106D50004FF2AD0A46914FF274004FF25D01CDF84B
:106D600014A1449043914FF25C0A4FF25B001BE088
:106D700066FFFF1F64FEFF1F6AFFFF1F68FEFF1F05
:106D800072FFFF1F72FEFF1F78FEFF1F74FFFF1FC1
:106D900070FFFF1F92FDFF1F40FFFF1F78FFFF1FC7
:106DA00056FFFF1F6AFEFF1F4FF25A01CDF808A1E0
:106DB000419040914FF2590A4FF258004FF257015B
:106DC000CDF8FCA03E903D914FF2560A4FF255008F
:106DD0004FF25401CDF8F0A03B903A914FF2530A94
:106DE0004FF252004FF25101CDF8E4A038903791A4
:106DF0004FF2500A4FF24F004FF24E01CDF8D8A09B
:106E0000359034914FF24D0A4FF24C004FF24B0146
:106E1000CDF8CCA0329031914FF24A0A4FF249009E
:106E20004FF24801CDF8C0A02F902E914FF2470AA3
:106E30004FF246004FF24501CDF8B4A02C902B91B3
:106E40004FF2440A4FF294004FF26D01CDF8A8A022
:106E5000299028914FF07F0A4FF2670025924FF258
:106E600076014FF27702CDF89CA026904FF2260AC9
:106E700024914FF225004FF2240123924FF2230276
:106E8000CDF888A021904FF2220A4FF221002091E4
:106E90001F924FF220014FF21F02CDF878A01D90F3
:106EA0004FF21E0A4FF227001C911B924FF2640111
:106EB0004FF23702CDF868A01990189117924FF24F
:106EC000380A4FF236004FF230014FF270024FF2A3
:106ED0001C434FF21847B446B0464FF244143546AF
:106EE000B146CDF858A01590149102924FF2650A60
:106EF0004FF22D014FF26302CDF84CA012914FF2E8
:106F0000620A4FF2610111924FF26600CDF840A083
:106F10000F914FF2A0020E924FF25F0A00F06FBF86
:106F20000D2B40F01582B74BB74940221A80B74B62
:106F300080221A80B64B4FF440721A80B54B4FF442
:106F400080721A80B44B4FF400721A80B34B40F237
:106F5000FF321A80B24B4FF2B4021A80B14B4FF29B
:106F600035021A80B04B3F221A80B04B4FF22C0BE7
:106F7000A3F800B04FF2A1030B80AD4942F2AC0080
:106F80000880AC494FF298000B804FF21811B19075
:106F900001914FF292044FF288004FF20811002342
:106FA0004FF21C2CAD944FF212154FF28C094FF298
:106FB0000C1AA5900A914FF284044FF218104FF268
:106FC000D201CDF8CCC20C95CDF8A092CDF82CA072
:106FD0004FF204154FF2D80AB293B093AF93AE9329
:106FE000AC93AB93AA93A993A793A693A493A393CB
:106FF0009E94979091914FF212144FF20C104FF211
:10700000C80109954FF25C29CDF860A290944FF227
:10701000CC058A9087914FF208144FF204104FF27A
:1070200075014FF2B50ACDF86C928B9586944FF2AC
:10703000C405A293A193A0939F939D939C939A932D
:107040009993969395939493939392938F938E930E
:107050008D938C9389938893859384938393829360
:107060007F907191CDF8B0A14FF260004FF22A01EC
:107070004FF2710A8095049067914FF270007F2162
:10708000819308937E9300937D937C937B937A9373
:1070900007930693799378930593779376937593F3
:1070A00074937393729370936F936E936D936B93CA
:1070B0006A9369936893CDF898A14FF26F0A65902F
:1070C0000391CDF890A14FF21D004FF21C014FF239
:1070D0001B0A63906291CDF884A14FF21A004FF21F
:1070E00019014FF2180A60905F91CDF878A14FF224
:1070F00017004FF216014FF2150A5D905C91CDF822
:107100006CA14FF214004FF213014FF2120A5A9081
:107110005991CDF860A14FF211004FF210014FF2DA
:107120000F0A57905691CDF854A14FF20E004FF22E
:107130000D014FF20C0A54905391CDF848A14FF233
:107140000B004FF20A014FF2090A51905091CDF80D
:107150003CA14FF208004FF207014FF2060A4E9091
:107160004D91CDF830A14FF205004FF204014FF2DE
:10717000F40A4B904A91CDF824A14FF26D004FF2E2
:1071800063014FF2300A48904791CDF818A14FF2B1
:107190002F0045924FF25D014FF25C024FF25B0A05
:1071A000449043914292CDF804A14FF25A004FF21D
:1071B00059014FF258024FF2570A40903F913E92C8
:1071C000CDF8F4A04FF256004FF255014FF25402A1
:1071D0004FF2530A3C903B913A92CDF8E4A04FF223
:1071E00052004FF251014FF250024FF24F0A3890C5
:1071F00037913692CDF8D4A04FF24E004FF24D01A8
:107200001AE000BF66FFFF1F42FFFF1F64FEFF1F63
:107210006AFFFF1F72FEFF1F72FFFF1F74FFFF1F39
:1072200092FDFF1F40FFFF1F56FFFF1F6AFEFF1F5B
:1072300048FFFF1F90FDFF1F4FF24C024FF24B0A19
:10724000349033913292CDF8C4A04FF24A004FF2FD
:1072500049014FF248024FF2470A30902F912E9287
:10726000CDF8B4A04FF246004FF245014FF2440270
:107270004FF2740A2C902B912A92CDF8A4A04FF2D1
:1072800078004FF277014FF22E024FF2760A2890E3
:1072900027912692CDF894A04FF233004FF273015C
:1072A0004FF226024FF2250A249023914FF2240038
:1072B0004FF223012292CDF884A04FF222024FF226
:1072C000210A20901F914FF220004FF21F011E92C1
:1072D000CDF874A04FF21E024FF2270A1C901B91AA
:1072E0004FF238004FF237011A92CDF864A04FF2F6
:1072F0002D024FF2360A189017914FF26E004FF29E
:1073000065011692CDF854A04FF266024FF2340A8E
:10731000149002911E461F469C4698461C461D46E8
:1073200099464FF267001392CDF848A04FF26401DE
:107330004FF262024FF2610A11911092CDF83CA017
:107340004FF231014FF25F020E910D9202F0A4B99B
:107350000C2B40F09282D24BD24840221A80D24B62
:1073600080221A80D14B4FF4E0621A80D04B4FF448
:1073700000721A80CF4B4FF440721A80CE4B4FF4FC
:1073800080621A80CD4B4FF4A0621A80CC4B40F241
:10739000FF721A80CB4B4FF2B4021A80CA4B4FF2E5
:1073A00034021A80C94B4FF2B1021A80C84B4FF217
:1073B00075021A80C74B4FF235021A80C64B3F2226
:1073C0001A80C64B4FF22C0BA3F800B0C44B4FF2FF
:1073D000440119804FF2A2030380C24842F2AC0478
:1073E0000480C1484FF21C240380B3944EF25C0524
:1073F0004FF218294FF2183A4FF212404EF256044B
:10740000B295CDF8C492CDF804A0B090AE944FF2EE
:1074100012254FF212394FF22F0A4FF20C404EF262
:1074200050044FF0000CAD95CDF83090CDF8ACA2E3
:10743000AA90A9944FF20C254FF20C394FF2084A4A
:107440004EF24C004FF20824A895CDF8BCC24FF282
:107450000835CDF8B0C2CDF82C90CDF89CA2A690FE
:10746000A5944FF233094FF2045A4FF204404EF202
:1074700048040A95CDF88C92CDF888A2A1909F94EB
:107480004FF204254FF204394FF2780A4FF25C2094
:107490004FF258449E95CDF82490CDF870A29B9061
:1074A0009A944EF29C054FF258294FF2583A4FF2F7
:1074B00052404EF296049995CDF86092CDF85CA2B8
:1074C000949092944FF252254FF252394FF26F0A34
:1074D0004FF24C404EF290049195CDF84092CDF889
:1074E00038A28D908C944FF24C254FF24C394FF2CC
:1074F000484A4EF28C004FF248248B95CDF82892E2
:10750000CDF824A2CDF890C24FF2445ACDF880C2F3
:10751000CDF874C2CDF858C2CDF854C2CDF84CC2E3
:10752000CDF83CC2889087944FF244400C464FF20D
:1075300084214FF248354FF27309CDF80CA28290A6
:1075400080914FF22C2A4FF2B5004FF22C418695D4
:10755000CDF810924FF244354FF29009CDF8E0A1EA
:1075600075906E914FF22A0A4FF2B0004FF2A701C8
:107570007F95CDF8E491CDF814C2CDF804C2CDF8D2
:1075800020C0CDF8F8C1CDF800C0CDF8F4C1CDF8D9
:10759000F0C1CDF8ECC1CDF8E8C1CDF81CC0CDF8F4
:1075A00018C0CDF814C0CDF8DCC1CDF8D8C1CDF8E5
:1075B000D0C1CDF8CCC1CDF8C8C1CDF8C4C1CDF88B
:1075C000C0C1CDF8BCC1CDF8B4C1CDF8B0C1CDF8C3
:1075D000ACC1CDF89CA1669065914FF0BF0A4FF207
:1075E000A4004FF21D01CDF80CA0649063914FF2FE
:1075F0001C0A4FF21B004FF21A01CDF888A16190CE
:1076000060914FF2190A4FF218004FF21701CDF8AE
:107610007CA15E905D914FF2160A4FF215004FF279
:107620001401CDF870A15B905A914FF2130A4FF2FA
:1076300012004FF21101CDF864A1589057914FF20A
:10764000100A4FF20F004FF20E01CDF858A15590DD
:1076500054914FF20D0A4FF20C004FF20B01CDF88E
:107660004CA1529051914FF20A0A4FF209004FF289
:107670000801CDF840A14F904E914FF2070A4FF20A
:1076800006004FF20501CDF834A14C904FF2040AE8
:107690004FF22C30CDF8A8C1CDF810C026E000BFC5
:1076A00066FFFF1F42FFFF1F64FEFF1F6AFFFF1FF1
:1076B00072FFFF1F72FEFF1F78FEFF1F6CFEFF1F91
:1076C00074FFFF1F70FFFF1F92FDFF1F40FFFF1F92
:1076D00078FFFF1F96FDFF1F56FFFF1F6AFEFF1F6B
:1076E00068FEFF1F48FFFF1F90FDFF1FCDF8A4C1DC
:1076F000CDF8A0C14B914FF26E01CDF828A1499071
:1077000048914FF22C1A4FF2A6004FF2AD01CDF87E
:107710001CA1469045914FF2A50A4FF25D004FF231
:107720005C01CDF810A1439042914FF25B0A4FF2F9
:107730005A004FF25901CDF804A140903F914FF209
:10774000580A4FF257004FF25601CDF8F8A03D907D
:107750003C914FF2550A4FF254004FF25301CDF8CD
:10776000ECA03A9039914FF2520A4FF251004FF289
:107770005001CDF8E0A0379036914FF24F0A4FF20A
:107780004E004FF24D01CDF8D4A0349033914FF21A
:107790004C0A4FF24B004FF24A01CDF8C8A031908D
:1077A00030914FF2490A4FF248004FF24701CDF8AD
:1077B000BCA02E902D914FF2460A4FF245004FF299
:1077C0009401CDF8B0A02B904FF2700A2A94299121
:1077D0004FF267017F20CDF8A0A026914FF2770AE3
:1077E0004FF2250125924FF27602279024924FF214
:1077F00026004FF22402CDF88CA021914FF2230AEB
:107800004FF22101229020924FF222004FF22002EB
:10781000CDF87CA01D914FF21F0A4FF227011E9058
:107820001C924FF21E004FF26402CDF86CA0199129
:107830004FF2370A4FF236011A9018924FF22E008B
:107840004FF23102CDF85CA015914FF2710A4FF260
:107850006501169014924FF21C434FF238064FF216
:107860001847E0466546E146CDF808A04FF26600AD
:1078700013914FF2740201F09DB8152B40F0C382B2
:10788000BD4BBE4940221A80BD4B80221A80BD4BA1
:107890004FF4E0621A80BC4B4FF400721A80BB4B6D
:1078A0004FF440721A80BA4B4FF480621A80B94B81
:1078B0004FF4A0621A80B84B40F2FF721A80B74BA7
:1078C0004FF260021A80B64B4FF2B3021A80B54BEA
:1078D0004FF2B1021A80B44B4FF2B0021A80B34B90
:1078E0004FF2AF021A80B24B4FF22C0BA3F800B04C
:1078F000B04B4FF244021A804FF288030B80AE491E
:1079000042F2AC000880AD490B80AD4B4FF48F7153
:107910001980AC4B4FF26F011980AB4B40F21F1135
:107920001980AA4B4FF22F011980A94B4FF498717F
:107930001980A84B4FF274011980A74B40F2311106
:107940001980A64B4FF20C011980A54B4FF4AF7173
:107950001980A44B4FF273011980A34B40F25111CF
:107960001980A24B4FF233014FF21C241980B394BB
:107970004EF25C054FF218294FF2183A4FF23600DA
:107980004FF212414EF25604B295CDF8C4924FF226
:107990001225CDF804A04FF21239B090AF91AE94F9
:1079A0004FF2114A4FF20C504EF250014FF20C249C
:1079B000AD95CDF83090CDF8B0A2AA90A991A89439
:1079C0004FF20C354FF208594EF24C0A4FF2750047
:1079D0004FF208314FF237040B95CDF89C92CDF859
:1079E00098A2A5900A91A4944FF204554FF204492D
:1079F0004EF2480A4FF204204FF204314FF296043F
:107A0000A195CDF88092CDF87CA29E9009919D948D
:107A10004FF25C254FF270094EF29C0A4FF258204B
:107A20004FF258314FF2760400269B95CDF86892BC
:107A3000CDF864A29890979194944FF252454EF2EB
:107A400096094FF2522A4FF252304FF251414FF203
:107A50004C54AB96A396A2969C9696969596939523
:107A6000CDF84892CDF844A290908F918D944EF22B
:107A700090054FF24C294FF24C3A4FF248504EF2DB
:107A80008C014FF248248C95CDF82C92CDF828A289
:107A90008990889187944FF248354FF277094FF2D9
:107AA000840A4FF244504FF2444114464FF24422AC
:107AB0008695CDF81492CDF810A282908191809293
:107AC0004FF244354FF2A2094FF22C2A4FF22C50BC
:107AD0004FF29F014FF22A027F95CDF80090CDF82A
:107AE000E0A18E964FF22C4A839608967E967D965C
:107AF0007C967B967A960796069679960596779663
:107B000076966E90049167924FF2A7004FF2AE0105
:107B10004FF2A402CDF898A16590039164924FF2C0
:107B20001D0A4FF21C004FF21B014FF21A02CDF852
:107B30008CA16290619160924FF2190A4FF2180085
:107B40004FF217014FF21602CDF87CA15E905D91C5
:107B50005C924FF2150A4FF214004FF213014FF2EC
:107B60001202CDF86CA15A90599158924FF2110A15
:107B70004FF210003CE000BF66FFFF1F42FFFF1FF7
:107B800064FEFF1F6AFFFF1F72FFFF1F72FEFF1FD1
:107B900044FFFF1F78FEFF1F74FFFF1F70FFFF1FD2
:107BA00092FDFF1F40FFFF1F6EFFFF1F78FFFF1FAB
:107BB0006AFEFF1F68FEFF1F48FFFF1F90FDFF1FAB
:107BC0004AFFFF1F94FDFF1F4CFFFF1F74FEFF1FA6
:107BD0004EFFFF1F5CFFFF1F50FFFF1F5AFEFF1FDE
:107BE00052FFFF1F60FFFF1F7CFFFF1F62FFFF1F91
:107BF0004FF20F014FF20E02CDF85CA175964FF2D5
:107C00000D0A749673967296719670966F966D962D
:107C10006C966B966A9669966896569055915492B2
:107C20004FF234004FF20B014FF20A02CDF84CA193
:107C30005290519150924FF2090A4FF208004FF2C0
:107C400007014FF20602CDF83CA14E904D914C92A7
:107C50004FF2050A4FF204004FF22C314FF26E0240
:107C6000CDF82CA14A90499148924FF22C1A4FF22C
:107C7000A6004FF2AD014FF2A502CDF81CA146902F
:107C8000459144924FF25D0A4FF25C004FF25B0166
:107C90004FF25A02CDF80CA14290419140924FF21E
:107CA000590A4FF258004FF257014FF25602CDF8E1
:107CB000FCA03E903D913C924FF2550A4FF2540089
:107CC0004FF253014FF25202CDF8ECA03A903991A5
:107CD00038924FF2510A4FF250004FF24F014FF2DB
:107CE0004E02CDF8DCA0369035914FF24D0A349219
:107CF0004FF24B014FF24A02CDF8CCA04FF24C00AC
:107D0000319130924FF2490A4FF247014FF2460249
:107D10003290CDF8BCA04FF248002D912C924FF23A
:107D2000450A4FF26D014FF29E022E90CDF8ACA0A5
:107D30004FF29400289127924FF2670A4FF2710197
:107D40004FF278022990CDF898A04FF2B500249117
:107D500023924FF2260A4FF224014FF2230225907C
:107D6000CDF888A04FF2250020911F924FF2220AF1
:107D70004FF220014FF21F022190CDF878A04FF270
:107D800021001C911B924FF21E0A4FF264014FF228
:107D900038021D90CDF868A04FF227001891179275
:107DA0004FF22E0A4FF261014FF22D021990CDF8D9
:107DB00058A04FF23100149102924FF2650A4FF22F
:107DC0005F014FF2630215902A94CDF84CA04FF258
:107DD000620A129111924FF2A1014FF2A002CDF866
:107DE00040A04FF21C534FF23007B446B046354620
:107DF000B1464FF266000F910E924FF2350ACDF860
:107E000034A001F049BC182B40F0D782A64BA749FB
:107E100040221A80A64B80221A80A64B4FF4706233
:107E20001A80A54B4FF480721A80A44B4FF4007255
:107E30001A80A34B4FF440721A80A24B4FF4A062F9
:107E40001A80A14B4FF4C0621A80A04B4FF400621D
:107E50001A809F4B4FF410621A809E4B4FF4306291
:107E60001A809D4B40F6FF721A809C4B4FF22E02F7
:107E70001A809B4B4FF275021A809A4B4FF26E029A
:107E80001A80994B4FF2A1021A80984B4FF2A3022D
:107E90001A80974B4FF2A5021A80964B4FF2A70219
:107EA0001A80954B4FF2AD021A80944B4FF2AE02FE
:107EB0001A80934B3F221A80924B4FF22C0BA3F85F
:107EC00000B04FF288030B808F4940F21B100880EE
:107ED0008E494FF21F0008808D4940F261100880E2
:107EE0008C494FF2200008808B4940F20D10088029
:107EF0008A494FF221000880894940F259100880D0
:107F000088494FF22200088087494FF4BF700880EB
:107F100086494FF223000880854940F26F1008809F
:107F200084494FF233000880834940F211100880E1
:107F300082494FF29600088081494FF4887008808A
:107F400080494FF2870008807F494FF4A170088074
:107F50007E494FF28E0008807D4940F24110088032
:107F60007C494FF28F0008807B4942F2AC000880C8
:107F70007A494FF22F000B804FF2121100234FF27B
:107F8000240CB190AD914FF226044FF227054FF625
:107F900006394FF2250A4FF2B4004FF25D11CDF8C9
:107FA000CCC2A894A595CDF89092B2930193B093CA
:107FB000AF93AE930C93AC93AB93AA93A9930B930B
:107FC000A793A6930A93A393A293CDF878A29D902A
:107FD0009B914FF24C1A4FF248104FF646314FF238
:107FE00058144FF2B0054FF25219CDF82CA28790D9
:107FF00085914FF22C1A4FF22C204FF234019894B5
:108000009595CDF84492A193A0939F9309939C9347
:108010009A9399939793969394939393929390931F
:108020008F938E938D938C938A9389938893869361
:108030008493839382938193CDF8E0A175906D91A1
:108040004FF2B10A4FF22A004FF29E014FF244154F
:108050004FF62C39CDF8A8A1679066914FF2910A9E
:108060007F204FF285018095CDF8E8917F930893AA
:108070007E9300937D937C937B93079306937993F0
:10808000059377937693749373937293719370932C
:108090006F936E936C936B93049369936893CDF88D
:1080A00094A1039064915BE066FFFF1F42FFFF1FF6
:1080B00064FEFF1F6AFFFF1F72FFFF1F5CFEFF1FB2
:1080C0003EFFFF1F7AFEFF1F6EFEFF1F5EFFFF1FBA
:1080D00058FEFF1F46FFFF1F74FFFF1F92FDFF1F8B
:1080E00076FFFF1F7AFFFF1F76FEFF1F66FEFF1F52
:1080F00062FEFF1F54FFFF1F78FFFF1F70FEFF1F70
:1081000056FFFF1F6AFEFF1F48FFFF1F90FDFF1F66
:108110004AFFFF1F94FDFF1F4CFFFF1F74FEFF1F50
:108120004EFFFF1F5CFFFF1F50FFFF1F5AFEFF1F88
:1081300052FFFF1F60FFFF1F7CFFFF1F62FFFF1F3B
:108140007EFFFF1F64FFFF1F58FFFF1F5EFEFF1F24
:108150005AFFFF1F68FFFF1F60FEFF1F6CFFFF1F1E
:108160004FF21C0A4FF21D004FF21B01CDF88CA1FB
:10817000629061914FF21A0A4FF219004FF2180102
:10818000CDF880A15F905E914FF2170A4FF2160072
:108190004FF21501CDF874A15C905B914FF2140A77
:1081A0004FF213004FF21201CDF868A15990589187
:1081B0004FF2110A4FF210004FF20F01CDF85CA1FF
:1081C000569055914FF20E0A4FF20D004FF20C01EE
:1081D000CDF850A1539052914FF20B0A4FF20A0082
:1081E0004FF20901CDF844A150904F914FF2080A87
:1081F0004FF207004FF20601CDF838A14D904C9197
:108200004FF2050A4FF204004FF2A401CDF82CA161
:108210004A9049914FF2780A4FF2A0004FF28A013A
:10822000CDF820A14790469145924FF25C0A4FF25B
:1082300089024FF25D004FF25B014492CDF80CA130
:10824000429041914FF25A024FF2590A4FF25800B0
:108250004FF257014092CDF8FCA03E903D914FF275
:1082600056024FF2550A4FF254004FF253013C921E
:10827000CDF8ECA03A9039914FF252024FF2510AE8
:108280004FF250004FF24F013892CDF8DCA03690FB
:1082900035914FF24E024FF24D0A4FF24C004FF221
:1082A0004B013492CDF8CCA0329031914FF24A027A
:1082B0004FF2490A4FF248004FF247013092CDF891
:1082C000BCA02E902D914FF246024FF2450A4FF27C
:1082D00044004FF299012C92CDF8ACA02A9029913C
:1082E0004FF276024FF2B70A4FF22D004FF2B6016D
:1082F0002892CDF89CA0269025914FF235024FF29E
:10830000770A4FF266004FF265012492CDF88CA0F7
:108310004FF2640222904FF2630A21914FF2610101
:108320002092CDF87CA04FF260024FF25F0A1D91BF
:108330004FF267011C92CDF86CA04FF26F024FF222
:10834000370A19914FF236014FF262001892CDF8B8
:108350005CA04FF21E024FF2B80A15914FF2700165
:108360001E9014924FF25E004FF27102CDF808A0F9
:1083700013914FF2860A4FF26D011A9012924FF24A
:108380003800CDF844A010914FF29B0A4FF2B3028F
:108390004FF273011690CDF838A01E461F469C463A
:1083A0004FF2AF081C461D4699464FF230000F921F
:1083B0000D914FF2740A01F031BA192B40F0068387
:1083C000B54B40221A80B54B80221A80B44B4FF433
:1083D00070621A80B34B4FF480721A80B24B4FF424
:1083E00000721A80B14B4FF480621A80B04B4FF488
:1083F000A0621A80AF4B4FF4C0621A80AE4B4FF4AC
:10840000E0621A80AD4B4FF400621A80AC4B4FF41F
:1084100010621A80AB4B4FF420621A80AA4B40F6D0
:10842000FF721A80A94B4FF235021A80A84B4FF207
:108430009F021A80A74B4FF2A0021A80A64B4FF260
:10844000A1021A80A54B4FF2A2021A80A44B4FF250
:10845000A3021A80A34B4FF2A5021A80A24B4FF23F
:10846000A6021A80A14B4FF2A7021A80A04B4FF22E
:10847000AD021A809F4B3F221A809F4B4FF22C0B6C
:10848000A3F800B09D4B4FF2440119809C4B4FF272
:10849000880018809B4B4FF4B07018809A4B4FF2B5
:1084A0006F001880994B40F261101880984B4FF282
:1084B0002F001880974B4FF488701880964B4FF21E
:1084C00070001880954B40F211101880944B4FF2B9
:1084D00030001880934B4FF486701880924B4FF207
:1084E00073001880914B40F20D101880904B4FF2A2
:1084F000330018808F4B4FF4837018808E4B4FF2EF
:10850000740018808D4B40F2071018808C4B4FF28E
:10851000340018808B4B40F27D1018808A4B4FF24C
:1085200071001880894B4FF4BF701880884B4FF250
:1085300031004FF61D041880B3944EF25C054FF6DF
:1085400018094FF6122A4EF256004FF61204B29551
:10855000CDF8C492CDF8C0A2AE90AD944FF60C25E4
:108560004EF250094FF60C0A4FF608204EF24C041A
:108570000023AA95CDF8A492CDF8A0A2A790A69426
:108580004FF608054FF206194FF6042A4EF248003E
:108590004FF60404A595CDF890924FF2B4054FF62E
:1085A0005D090193AF930C93AC93AB930B930A9338
:1085B000A393CDF884A29F909E944FF6582A4EF232
:1085C0009C004FF658049D95CDF86C92CDF868A2AA
:1085D000999098944FF2B0054FF652294EF2960AB0
:1085E0004FF652004FF64C249595CDF85092CDF8A9
:1085F00048A291908D944EF290054FF64C094FF69B
:10860000482A4EF28C004FF648048C95CDF82C92F7
:10861000CDF824A2889087944FF246154FF644294E
:108620000C464FF6440A4FF22C104FF62C0185955C
:10863000A293A09309939C9397939693939390936B
:108640008F938E938A93869384938393CDF8089225
:10865000CDF800A27A9078914FF62C2A4FF2900034
:108660004FF2B1014FF22C59CDF8B8A16D906A913B
:108670004FF22A0A4FF29E004FF29101CDF8D491A9
:10868000CDF89CA181934FF29A0A7F9308937E9331
:1086900000937D935EE000BF66FFFF1F64FEFF1F37
:1086A0006AFFFF1F46FFFF1F3EFFFF1F7AFEFF1FEF
:1086B0005CFEFF1F6EFEFF1F5EFFFF1F72FFFF1FAE
:1086C00058FEFF1F78FEFF1F74FFFF1F70FEFF1F85
:1086D0007AFFFF1F70FFFF1F76FEFF1F76FFFF1F51
:1086E00066FEFF1F62FEFF1F92FDFF1F54FFFF1F6C
:1086F00078FFFF1F56FFFF1F6AFEFF1F68FEFF1F68
:1087000042FFFF1F48FFFF1F90FDFF1F4AFFFF1F93
:1087100094FDFF1F4CFFFF1F74FEFF1F4EFFFF1F46
:108720005CFFFF1F50FFFF1F5AFEFF1F52FFFF1F7E
:1087300060FFFF1F7CFFFF1F62FFFF1F7EFFFF1F09
:1087400064FFFF1F58FFFF1F5EFEFF1F5AFFFF1F42
:1087500068FFFF1F7C937B930793069379930593A0
:1087600077937693749373937293719370936F93DB
:108770006C936B93049369936893669065914FF241
:1087800085004FF21C01CDF80CA0649063914FF26C
:108790001D0A4FF21B004FF21A01CDF888A161901B
:1087A00060914FF2190A4FF218004FF21701CDF8FD
:1087B0007CA15E905D914FF2160A4FF215004FF2C8
:1087C0001401CDF870A15B905A914FF2130A4FF249
:1087D00012004FF21101CDF864A1589057914FF259
:1087E000100A4FF20F004FF20E01CDF858A155902C
:1087F00054914FF20D0A4FF20C004FF20B01CDF8DD
:108800004CA1529051914FF20A0A4FF209004FF2D7
:108810000801CDF840A14F904E914FF2070A4FF258
:1088200006004FF20501CDF834A14C904B914FF268
:10883000040A4FF2A4004FF27801CDF828A1499024
:1088400048914FF22C3A4FF28A004FF29401CDF842
:108850001CA146904FF2890A45914FF25D01CDF877
:1088600010A14FF25C0042914FF25B0A4FF25901A6
:108870004390CDF804A14FF25A003F914FF2580AAD
:108880004FF256014090CDF8F8A04FF257003C91BE
:108890004FF2550A4FF253013D90CDF8ECA04FF244
:1088A000540039914FF2520A4FF250013A90CDF8EC
:1088B000E0A04FF2510036914FF24F0A4FF24D01B6
:1088C0003790CDF8D4A04FF24E0033914FF24C0ABE
:1088D0004FF24A013490CDF8C8A04FF24B003091CE
:1088E0004FF2490A4FF247013190CDF8BCA04FF248
:1088F00048002D914FF2460A4FF299012E90CDF883
:10890000B0A04FF2450029914FF26D0A4FF2670176
:108910002B90CDF8A0A07F20269125924FF2770AC8
:108920004FF276024FF22501279024924FF2260053
:108930004FF224022A94CDF88CA04FF2230A219101
:108940004FF22101229020924FF222004FF220029A
:10895000CDF87CA01D914FF21F0A4FF227011E9007
:108960001C924FF21E004FF26402CDF86CA01991D8
:108970004FF2370A4FF236011A9018924FF2380030
:108980004FF22E02CDF85CA015914FF26E0A4FF215
:108990006501169014921E464FF618279C464FF21A
:1089A000AF081D469946CDF808A04FF26600139116
:1089B0004FF22D024FF2630A4FF262011292CDF88C
:1089C00044A010914FF2610200F05EBE1A2B40F0FD
:1089D0006686AB4B40221A80AA4B80221A80AA4B93
:1089E0004FF470621A80A94B4FF480721A80A84B22
:1089F0004FF400721A80A74B4FF440721A80A64BB6
:108A00004FF480621A80A54B4FF4A0621A80A44BE9
:108A10004FF4C0621A80A34B4FF4E0621A80A24B5D
:108A20004FF400621A80A14B4FF410621A80A04BE1
:108A30004FF420621A809F4B4FF430621A809E4B95
:108A400040F6FF721A809D4A4FF2A70313809C4A9A
:108A50004FF2A20111809B4A9B494FF26E04148091
:108A60004FF2A0020A8099494FF2A100088098496C
:108A70004FF2A300088097484FF2A4010180964866
:108A80004FF2A505058095480380954B4FF2AD0048
:108A90001880944B4FF2AE001880934B3F251D80F9
:108AA000924B4FF22C0BA3F800B0914B40F25110B7
:108AB0001880904B4FF22F0018808F4B4FF4A87006
:108AC00018808E4B4FF26F0018808D4B40F2711062
:108AD00018808C4B4FF2310018808B4BA8954FF4C7
:108AE000B8701880894B4FF271001880884B40F2A3
:108AF00011101880874B4FF287001880864B4FF477
:108B000088761E80854B4FF296061E80844B4FF46C
:108B1000A1761E80834B4FF28E061E80824B40F260
:108B200041161E80814B4FF28F061E80804B42F211
:108B3000AC061E804FF2270A7E4BCDF8C0A24FF242
:108B400098064FF230094FF2330A1E80CDF8C492D6
:108B500000234FF22E09CDF894A24FF606354FF2BE
:108B6000340ACDF8B492A4954FF284094FF2B405BB
:108B7000B393B2930193AF93AE930C93AC93AB9337
:108B8000AA93A9930B93A793A6930A93A393A29353
:108B9000CDF878A24FF2700ACDF884929D954FF2ED
:108BA0006D09CDF860A24FF2B0058E904FF07F0AAC
:108BB0004FF27300CDF8689295954FF26709919442
:108BC000CDF82CA287904FF646344FF288054FF629
:108BD0002C3A4FF22C10CDF8509285948295A093A8
:108BE0009F9309939C939B939993979396939393B5
:108BF000929390938F938D938C938A938993889378
:108C00008693849383938193CDF8E8A178904FF273
:108C1000750A4FF2B1004FF27409CDF8B4A16A9011
:108C20004FF22A0A4FF29E00CDF80092CDF89CA197
:108C30004FF22C2966904FF2910A4FF29A00CDF82C
:108C4000D4917F9308937E9300937D937C937B9341
:108C5000079306937993059377937693749373931D
:108C60007293719370936F936E936C936B93049361
:108C700069936893CDF894A103904FF2850A5BE065
:108C800066FFFF1F64FEFF1F6AFFFF1F72FFFF1FCB
:108C90005CFEFF1F3EFFFF1F68FEFF1F7AFEFF1FE7
:108CA0006EFEFF1F72FEFF1F5EFFFF1F58FEFF1FBD
:108CB00078FEFF1F46FFFF1F74FFFF1F92FDFF1F7F
:108CC00076FFFF1F7AFFFF1F70FFFF1F76FEFF1F5B
:108CD00066FEFF1F40FFFF1F62FEFF1F54FFFF1FC6
:108CE00078FFFF1F70FEFF1F56FFFF1F6AFEFF1F6A
:108CF00048FFFF1F90FDFF1F4AFFFF1F94FDFF1F4E
:108D00004CFFFF1F74FEFF1F4EFFFF1F5CFFFF1F86
:108D100050FFFF1F5AFEFF1F52FFFF1F60FFFF1F84
:108D20007CFFFF1F62FFFF1F7EFFFF1F64FFFF1F0F
:108D300058FFFF1F5EFEFF1F4FF21C00CDF890A1F1
:108D400063904FF21D0A4FF21B00CDF888A161908D
:108D50004FF21A0A4FF21900CDF880A15F904FF23E
:108D6000180A4FF21700CDF878A15D904FF2160A5D
:108D70004FF21500CDF870A15B904FF2140A4FF23C
:108D80001300CDF868A159904FF2120A4FF211006A
:108D9000CDF860A157904FF2100A4FF20F00CDF8B6
:108DA00058A155904FF20E0A4FF20D00CDF850A188
:108DB00053904FF20C0A4FF20B00CDF848A151909E
:108DC0004FF20A0A4FF20900CDF840A14F904FF23E
:108DD000080A4FF20700CDF838A14D904FF2060A6D
:108DE0004FF20500CDF830A14B904FF2040A4991A3
:108DF0004FF278004FF28A01CDF828A148904792AF
:108E000046914FF294024FF2890A4FF25C004FF202
:108E10005D014592CDF810A14FF25B024390429163
:108E20004FF25A0A4FF259004FF258014192CDF8D1
:108E300000A13F903E914FF257024FF2560A4FF277
:108E400055004FF254013D92CDF8F0A03B903A917D
:108E50004FF253024FF2520A4FF251004FF25001BB
:108E60003992CDF8E0A0379036914FF24F024FF291
:108E70004E0A4FF24D004FF24C013592CDF8D0A082
:108E8000339032914FF24B024FF24A0A4FF24900AF
:108E90004FF248013192CDF8C0A02F902E914FF2A1
:108EA00047024FF2460A4FF245004FF244012D921D
:108EB000CDF8B0A02B902A914FF299024FF2760A8A
:108EC0004FF29D004FF264012992CDF8A0A02790A7
:108ED0002691BF224FF2B60A4FF277004FF22601D9
:108EE0002592CDF890A023904FF2250222914FF2C7
:108EF000240A4FF222012192CDF880A04FF22102E4
:108F00004FF2200A1E914FF21E014FF223001D92D4
:108F1000CDF870A04FF235024FF2630A1A914FF26A
:108F200038011F9019924FF21F004FF23602CDF810
:108F300060A016914FF2600A4FF265011B901592E6
:108F40004FF237004FF25E02CDF850A013914FF26E
:108F5000860A4FF26201179012924FF2B800CDF8D4
:108F600044A010914FF29B0A4FF2B3024FF25F01FF
:108F70000290CDF838A01E464FF22D079C464FF2C6
:108F8000AF081C461D4699464FF266000F920D91A0
:108F90004FF2610A00F042BC4FF22A024FF2750A0A
:108FA0004FF26E0B6792CDF898A1CDF894B14FF2C5
:108FB00071004FF26D014FF238024FF2170A4FF273
:108FC000050B039064916392CDF888A1CDF884B12C
:108FD0004FF236004FF237014FF209024FF20E0AFC
:108FE0004FF2330B60905F915E92CDF874A1CDF893
:108FF00070B14FF212004FF21B014FF215024FF207
:10900000160A4FF20F0B5B905A915992CDF860A15E
:10901000CDF85CB14FF210004FF213014FF219027C
:109020004FF2060A4FF20A0B569055915492CDF822
:109030004CA1CDF848B14FF20D004FF218014FF29C
:109040001C024FF2070A4FF20B0B519050914F92B6
:10905000CDF838A1CDF834B14FF20C004FF2110128
:109060004FF204024FF2350A4FF2740B4C904B91C1
:109070004A92CDF824A1CDF820B14FF263004FF20F
:109080002E014FF231024FF22D0A4FF2780B47902A
:1090900046914592CDF810A1CDF80CB14FF2570092
:1090A0004FF245014FF276024FF2770A4FF2490B29
:1090B000429041914092CDF8FCA0CDF8F8B04FF22B
:1090C0004E004FF273014FF252024FF25B0A4FF221
:1090D000550B3D903C913B92CDF8E8A0CDF8E4B023
:1090E0004FF256004FF24F014FF250024FF2530A27
:1090F0004FF2590B389037913692CDF8D4A0CDF875
:10910000D0B04FF246004FF24A014FF24D024FF2FB
:10911000580A4FF25C0B339032913192CDF8C0A0D7
:10912000CDF8BCB04FF247004FF24B014FF24C026A
:109130004FF2510A4FF2440B2E902D912C92CDF804
:10914000ACA0CDF8A8B04FF25F004FF26F014FF224
:1091500048024FF2300A4FF25A0B29902891279279
:10916000CDF898A04FF25D01CDF894B04FF22602F1
:109170004FF2250A4FF2240B4FF21D002391229249
:109180004FF222014FF22102CDF884A0CDF880B039
:109190004FF2200A4FF21F0B24901E914FF2230032
:1091A0004FF227011D92CDF870A04FF22F024FF21F
:1091B000080ACDF86CB04FF2340B1F9019914FF2A2
:1091C0001E004FF270011892CDF85CA04FF26502BC
:1091D0004FF2660ACDF858B04FF2140B1A90149162
:1091E0004FF21A004FF264010292CDF84CA0CDF874
:1091F00048B04FF262024FF2610A4FF2600B1590D5
:1092000011914FF267001092CDF83CA0CDF838B024
:109210004FF25401F9F7BFBE4FF21C224FF218145F
:109220004FF218254FF218394FF2125A4FF21240EE
:109230004FF21211B392B294B195CDF80490CDF8DB
:10924000C0A2AF90AE914FF212224FF212344FF201
:1092500011454FF287094FF20C5A4FF20C104FF2A2
:109260000C21AD920C94AC95CDF8AC92CDF8A8A29F
:10927000A990A8914FF20C324FF208544FF2081502
:109280004FF208294FF2083A4FF286004FF23301AD
:109290000B92A794A695CDF89492CDF828A0A4900F
:1092A000A3914FF22F024FF204544FF204454FF2B4
:1092B00004194FF2042A4FF204304FF296010026AF
:1092C000A292A194A095CDF87C92CDF878A20990B5
:1092D0009D914FF25C224FF258544FF258154FF2C5
:1092E00058294FF2583A4FF274004FF252519B9264
:1092F0009A949995CDF860924FF252424FF25225CE
:109300004FF252399C96CDF85CA2969094914FF210
:10931000514A4FF24C504FF24C1193924FF252146B
:109320009195CDF84092CDF83CA28D908C914FF262
:109330004C224FF248554FF248194FF2482A4FF24B
:1093400048304FF2C60192948B924FF24C3489957B
:10935000CDF82092CDF81CA2869085914FF2730231
:109360004FF244554FF244494FF2442A4FF24430F1
:109370004FF2ED018A9484924FF26F048295CDF8FA
:109380000492CDF800A27F9008914FF235024FF27F
:10939000CB054FF2B7094FF2A40A4FF290004FF2FB
:1093A0002C21839400927C95CDF81C90CDF818A0C8
:1093B0004FF2AD024FF2E70A95968E967E967D9615
:1093C0007B967A96799078914FF295004FF28F01C3
:1093D0007692CDF8D0A1739071914FF284024FF242
:1093E0008A0A4FF22C504FF29C017092CDF8BCA12A
:1093F0006E906B914FF261024FF2A10A4FF2E100C1
:109400004FF29E016A92CDF810A0699068914FF2D8
:109410002A024FF22C4A4FF2E6004FF2AE01679259
:10942000CDF898A1659003914FF2A4024FF21D0A66
:109430004FF21C004FF21B016492CDF88CA1629098
:1094400061914FF21A024FF2190A4FF218004FF2CF
:1094500017014FF294096092CDF87CA15E905D9166
:109460004FF216024FF2150A4FF214004FF2130199
:10947000CDF8D4915C92CDF86CA14FF212024FF26C
:10948000110A0596779672966D966C965A90599138
:109490004FF210004FF20F015892CDF85CA1569098
:1094A00055914FF20E024FF20D0A4FF20C004FF29F
:1094B0000B015492CDF84CA1529051914FF20A02F7
:1094C0004FF2090A4FF208004FF207015092CDF80F
:1094D0003CA14E904D914FF206024FF2050A4FF219
:1094E00004004FF22C314C92CDF82CA14A904991B6
:1094F0004FF278024FF22C1A4FF2A6004FF2E4011D
:109500004892CDF81CA1469045914FF2A5024FF22A
:109510005D0A4FF25C004FF25B014492CDF80CA162
:10952000429041914FF25A024FF2590A4FF25800BD
:109530004FF257014092CDF8FCA03E903D914FF282
:1095400056024FF2550A4FF254004FF253013C922B
:10955000CDF8ECA03A9039914FF252024FF2510AF5
:109560004FF250004FF24F013892CDF8DCA0369008
:1095700035914FF24E024FF24D0A4FF24C004FF22E
:109580004B013492CDF8CCA0329031914FF24A0287
:109590004FF2490A4FF248004FF247013092CDF89E
:1095A000BCA02E902D914FF246024FF2450A4FF289
:1095B00044004FF2B1012C92CDF8ACA02A90299131
:1095C0004FF26D024FF2750A4FF267004FF235010C
:1095D0002892CDF89CA0269025914FF276024FF26A
:1095E000770A4FF226004FF225012492CDF88CA085
:1095F000229021914FF224024FF2230A4FF22200CF
:109600004FF221012092CDF87CA01E901D914FF2C7
:1096100020024FF21F0A4FF21E004FF227011C9248
:10962000CDF86CA01A9019914FF264024FF2370AEC
:109630004FF238004FF236011892CDF85CA04FF28D
:109640002D0216904FF2710A15914FF26501149296
:10965000CDF808A04FF2310213914FF2630A4FF296
:10966000620112924FF218574FF2340CB0464FF28B
:1096700044144FF2F1054FF28B094FF26600CDF81A
:1096800044A010914FF2E0020F924FF2600ACDF821
:1096900038A04FF25F010D914FF25E0ABEE0002349
:1096A000B393B293B1930193B093AF93AE93AD9351
:1096B0000C93AC93AB93AA93A993A8930B93A79302
:1096C000A693A5930A93A493A393A293A193A09383
:1096D0009F939E9309939D939C939B939A939993A5
:1096E00098931E4697931F469693959394939393BE
:1096F0009293919390938F938E938D938C938B935E
:109700008A9389938893879386938593849383938D
:109710008293819380937F9308937E9300937D93AC
:109720007C937B937A93079306939C467993984610
:109730007893059377937693759374937393729359
:10974000719370936F936E936D936C936B936A9315
:109750000493699368936793669365930393649303
:1097600063936293619360935F935E935D935C9365
:109770005B931C465A931D4659935893579356939F
:109780005593549353935293519350934F934E93B5
:109790004D934C934B934A934993489347934693E5
:1097A0004593449343934293419340933F933E9315
:1097B0003D933C933B933A9339939946389318469B
:1097C0003793369335933493339332933193309365
:1097D0002F932E932D932C932B932A932993289395
:1097E00027932693259324932393229321932093C5
:1097F0001F931E931D931C931B931A9319931893F5
:1098000017939A4616939B461593149302931393BA
:109810001293119310930F930E930D93F04AF14905
:1098200012880BEA020BA1F800B0DDF834B00AEAA6
:10983000020AA1F802A00BEA020ADDF838B0A1F88A
:1098400004A00BEA020ADDF83CB0A1F806A00BEA7E
:10985000020ADDF840B0A1F808A00BEA020ADDF820
:1098600044B0A1F80AA00BEA020ADDF848B0A1F85A
:109870000CA00BEA020ADDF84CB0A1F80EA00BEA2E
:10988000020AA1F810A0DDF808A0DDF850B01040E1
:1098900048820AEA0200DDF854A088820BEA02003E
:1098A000DDF858B0C8820AEA0200DDF85CA008833F
:1098B0000BEA0200DDF860B048830AEA0200DDF836
:1098C00064A088830BEA0200DDF868B0C8830AEA66
:1098D000020008840BEA02004884DDF86CA0DDF881
:1098E00070B00AEA0200DDF874A088840BEA020076
:1098F000DDF878B0C8840AEA0200DDF87CA00885AB
:109900000BEA0200DDF880B048850AEA0200DDF8C3
:1099100084A088850BEA0200DDF888B0C8850AEAD1
:109920000200DDF88CA008860BEA0200DDF890B09A
:1099300048860AEA0200DDF894A088860BEA020055
:10994000DDF898B0C8860AEA0200DDF89CA0088716
:109950000BEA0200DDF8A0B048870AEA0200DDF851
:10996000A4A088870BEA0200DDF8A8B0C8870AEA3D
:109970000200DDF8ACA0A1F840000BEA0200A1F85B
:1099800042000AEA0200A1F84400DDF8B0B0DDF8B8
:10999000B4A00BEA0200DDF8B8B0A1F846000AEA6C
:1099A0000200DDF8BCA0A1F848000BEA0200DDF8D7
:1099B000C0B0A1F84A000AEA0200DDF8C4A0A1F88C
:1099C0004C000BEA0200DDF8C8B0A1F84E000AEA2C
:1099D0000200DDF8CCA0A1F850000BEA0200DDF88F
:1099E000D0B0A1F852000AEA0200DDF8D4A0A1F834
:1099F00054000BEA0200DDF8D8B0A1F856000AEADC
:109A00000200DDF8DCA0A1F858000BEA0200DDF846
:109A1000E0B0A1F85A000AEA0200DDF8E4A0A1F8DB
:109A20005C000BEA0200DDF8E8B0A1F85E000AEA8B
:109A30000200DDF8ECA0A1F860000BEA0200DDF8FE
:109A4000F0B0A1F862000AEA0200A1F864000BEA93
:109A50000200A1F86600DDF8F4A0DDF8F8B00AEA2B
:109A60000200DDF8FCA0A1F868000BEA0200DDF8B6
:109A700000B1A1F86A000AEA0200DDF804A1A1F829
:109A80006C000BEA0200DDF808B1A1F86E000AEAEA
:109A90000200DDF80CA1A1F870000BEA0200DDF86D
:109AA00010B1A1F872000AEA0200DDF814A1A1F8D1
:109AB00074000BEA0200DDF818B1A1F876000AEA9A
:109AC0000200DDF81CA1A1F878000BEA0200DDF825
:109AD00020B1A1F87A000AEA0200DDF824A1A1F879
:109AE0007C000BEA0200DDF828B1A1F87E000AEA4A
:109AF0000200DDF82CA1A1F880000BEA0200DDF8DD
:109B000030B1A1F882000AEA0200DDF834A1A1F820
:109B100084000BEA0200A1F886000AEA0200A1F81C
:109B20008800DDF838B1DDF83CA10BEA0200DDF871
:109B300040B1A1F88A000AEA0200DDF844A1A1F8C8
:109B40008C000BEA0200DDF848B1A1F88E000AEAA9
:109B50000200DDF84CA1A1F890000BEA0200DDF84C
:109B600050B1A1F892000AEA0200DDF854A1A1F870
:109B700094000BEA0200DDF858B1A1F896000AEA59
:109B80000200DDF85CA1A1F898000BEA0200DDF804
:109B900060B1A1F89A000AEA0200DDF864A1A1F818
:109BA0009C000BEA0200DDF868B1A1F89E000AEA09
:109BB0000200DDF86CA1A1F8A0000BEA0200DDF8BC
:109BC00070B1A1F8A2000AEA0200DDF874A1A1F8C0
:109BD000A4000BEA0200DDF878B1A1F8A60003E0CA
:109BE00074FFFF1F98FDFF1F0AEA0200A1F8A800FA
:109BF0000BEA0200A1F8AA00DDF87CA1DDF880B133
:109C00000AEA0200DDF884A1A1F8AC000BEA020028
:109C1000DDF888B1A1F8AE000AEA0200DDF88CA1F7
:109C2000A1F8B0000BEA0200DDF890B1A1F8B20093
:109C30000AEA0200DDF80CA0A1F8B4000BEA020069
:109C4000DDF894B1A1F8B6000AEA0200DDF898A1A7
:109C5000A1F8B8000BEA0200DDF89CB1A1F8BA0047
:109C60000AEA0200A1F8BC000BEA0200A1F8BE005B
:109C7000E048E1490088DDF8A0A1DDF8A4B110407A
:109C800008800AEA0200DDF810A048800BEA020012
:109C9000DDF8A8B188800AEA0200DDF8ACA1C8802E
:109CA0000BEA0200DDF8B0B108810AEA020048813F
:109CB0000BEA02008881DDF8B4A1DDF8B8B10AEA48
:109CC0000200DDF8BCA1C8810BEA0200DDF8C0B1DA
:109CD00008820AEA020048820BEA0200888209EA46
:109CE0000200DDF8C491DDF8C8A1DDF8CCB1C8826E
:109CF00009EA02000883DDF8D0910AEA02004883ED
:109D0000DDF8D4A10BEA02008883DDF8D8B109EAB6
:109D10000200C883DDF8DC910AEA02000884DDF85D
:109D200014A00BEA02004884DDF8E0B109EA020061
:109D30008884DDF8E4910AEA0200C884DDF818A0FE
:109D40000BEA02000885DDF81CB009EA020048852C
:109D5000DDF8E8910AEA020088850BEA0200C8856E
:109D600009EA02000886DDF8ECA1DDF8F0B1DDF8C3
:109D700000900AEA0200488605EA02007D9D888676
:109D80000BEA0200DDF8F8A1C88605EA0200DDF85A
:109D900020B0088709EA02007F9D48870AEA02008E
:109DA000DDF8009288870BEA0200C88705EA020006
:109DB000DDF804A2A1F8400009EA0200DDF808B2CB
:109DC000A1F8420004EA0200A1F84400839C849DAB
:109DD000DDF814920AEA0200A1F846000BEA02003C
:109DE000A1F8480004EA0200DDF818A2A1F84A0030
:109DF00005EA0200DDF81CB2A1F84C0009EA0200F5
:109E0000889CA1F84E000AEA0200A1F850000BEA73
:109E10000200A1F8520004EA0200A1F85400899D52
:109E2000DDF82892DDF82CA2DDF830B28D9C05EA31
:109E30000200A1F8560009EA0200A1F858000AEA57
:109E400002008E9DA1F85A000BEA0200DDF83C9258
:109E5000A1F85C0004EA0200DDF840A2A1F85E006F
:109E600005EA0200DDF844B2A1F8600009EA020048
:109E7000929CA1F862000AEA0200939DA1F8640096
:109E80000BEA0200DDF85092A1F8660004EA020035
:109E9000DDF854A2A1F8680005EA0200DDF858B226
:109EA000A1F86A0009EA0200979CA1F86C000AEA8E
:109EB0000200989DA1F86E000BEA0200DDF86492A2
:109EC000A1F8700004EA0200A1F8720005EA02009D
:109ED000A1F8740009EA0200A1F87600DDF868A292
:109EE000DDF86CB29C9C9D9DDDF824900AEA02008E
:109EF000A1F878000BEA0200A1F87A0004EA020057
:109F0000DDF878A2A1F87C0005EA0200DDF87CB259
:109F1000A1F87E0009EA0200A09CA1F880000AEAEC
:109F20000200A19DA1F882000BEA0200DDF88892F0
:109F3000A1F8840004EA0200DDF88CA2A1F88600F2
:109F400005EA0200DDF890B2A1F8880009EA0200F3
:109F50000A9CA1F88A000AEA0200A59DA1F88C00DB
:109F60000BEA0200DDF89892A1F88E0004EA0200E4
:109F7000DDF89CA2A1F8900005EA0200DDF82CB003
:109F8000A1F8920009EA0200A1F894000AEA02008E
:109F9000A1F896000BEA0200A1F89800A89CA99DE0
:109FA000DDF8A892DDF8ACA2DDF8B0B204EA020058
:109FB000A1F89A0005EA0200A1F89C0009EA020053
:109FC0000C9CA1F89E000AEA0200AD9DA1F8A00039
:109FD0000BEA0200DDF8B892A1F8A20004EA020040
:109FE000A1F8A400DDF8BCA2DDF8C0B2B19C05EA7E
:109FF000020003E06AFEFF1F7CFEFF1FA1F8A6001F
:10A0000009EA0200A1F8A8000AEA0200A1F8AA00E1
:10A010000BEA0200A1F8AC0008EA0200A1F8AE00C9
:10A020000CEA0200DDF804C0A1F8B000B29DDDF832
:10A03000CC920CEA0200A1F8B20004EA0200A1F8F6
:10A04000B40005EA0200A1F8B60007EA0200A1F890
:10A05000B80009EA0200A1F8BA00134006EA0200BB
:10A06000A1F8BC00A1F8BE300DF5357DBDE8F08F3C
:10A07000024B1A6801321A60704700BF8CFDFF1F47
:10A0800008B50B4C2368580301D5F6F705FA236889
:10A09000590501D500F00EF823681A0501D500F026
:10A0A00009F82368DB04ECD500F004F8E9E700BF09
:10A0B0003480044008B5FFF7E3FFFFFF014B102297
:10A0C0001A807047002005407047FFFF024A13685E
:10A0D0001844106018467047808EFF1FFEE7FEE7A9
:10A0E00021282AD8164B1B5CFF2B26D0154A02EBE1
:10A0F000C000002142681160134A106840F020003F
:10A100001060124A012011601149984008601148FE
:10A1100041F8040C10491160F02101397FF4FDAFC2
:10A1200011688905FCD41822013A7FF4FDAF0B4A6F
:10A130001BB232F8130080B270470020704700BF96
:10A1400044070300340603003880044000500440F4
:10A15000085004400000020380014A0000510440FE
:10A1600010B50023B0FBF2F402FB1400092894BFE1
:10A1700030303730C0B2C85420460CB10133F1E75B
:10A18000CA18547022469A4206DA885CCC5C8C5419
:10A19000C8540132013BF6E7084610BD324B1B881C
:10A1A000002B5DD018405ED0304B1B881BB198420D
:10A1B00001D12F4B52E02F4B1B881BB1984201D18C
:10A1C0002D4B4BE02D4B1B881BB1984201D12C4BE2
:10A1D00044E02C4B1B881BB1984201D12A4B3DE037
:10A1E0002A4B1B881BB1984201D1294B36E0294BE1
:10A1F0001B881BB1984201D1274B2FE0274B1B88AE
:10A200001BB1984201D1264B28E0264B1B881BB17D
:10A21000984201D1244B21E0244B1B881BB198426A
:10A2200001D1234B1AE0234B1B881BB1984201D16B
:10A23000214B13E0214B1B881BB1984201D1204BCD
:10A240000CE0204B1B881BB1984201D11E4B05E04E
:10A250001E4B1B8823B1984204D11D4B18887047B0
:10A2600018467047002070476AFFFF1F72FFFF1FEC
:10A2700092FDFF1F46FFFF1F70FEFF1F68FEFF1FBE
:10A2800070FFFF1F78FEFF1F78FFFF1F72FEFF1F8A
:10A2900040FFFF1F44FFFF1F6EFFFF1F6CFEFF1FED
:10A2A00096FDFF1F5CFEFF1F76FFFF1F3EFFFF1F97
:10A2B0007AFFFF1F7AFEFF1F76FEFF1F6EFEFF1F55
:10A2C00066FEFF1F5EFFFF1F62FEFF1F58FEFF1F9F
:10A2D00054FFFF1F0C4A0346108818B103420CBFFD
:10A2E00000200220094A128822B113421CBF40F00C
:10A2F0004000C0B2064A128822B113421CBF40F08F
:10A300001000C0B2704700BF66FFFF1F64FEFF1F52
:10A310003CFFFF1F044B1B8800F03F0013B1984225
:10A3200008BF6420704700BF56FFFF1F1F28034669
:10A3300012D80A2806D13B4B188820F47D6020F003
:10A34000070007E00B286BD1364B188820F47D609E
:10A3500020F0040080B270477F2805D8A0F12003C8
:10A36000314A32F813007047304A128842B1A0F1E6
:10A37000A00291B25F2903D82D4B33F81200704729
:10A380002C4A108818B12C4A12889A4245D02B4A80
:10A39000108818B12A4A12889A423ED0294A108859
:10A3A00018B1294A12889A4237D0284A108818B121
:10A3B000274A12889A4230D0264A108818B1264A75
:10A3C00012889A4229D0254A108818B1244A128846
:10A3D0009A4222D0234A108818B1234A12889A42FE
:10A3E0001BD0224A108818B1214A12889A4214D0F0
:10A3F000204A108818B1204A12889A420DD01F4A6C
:10A40000108818B11E4A12889A4206D01D4A108838
:10A4100038B11D4A12889A4202D1C0F30D0070472C
:10A420000020704774FFFF1F98FDFF1F6AFEFF1F8B
:10A430007CFEFF1F90FDFF1F48FFFF1F94FDFF1FC5
:10A440004AFFFF1F74FEFF1F4CFFFF1F5CFFFF1F33
:10A450004EFFFF1F5AFEFF1F50FFFF1F60FFFF1F31
:10A4600052FFFF1F62FFFF1F7CFFFF1F64FFFF1FE4
:10A470007EFFFF1F5EFEFF1F58FFFF1F68FFFF1FCD
:10A480005AFFFF1F6CFFFF1F60FEFF1F10B546F253
:10A490000144174B1B7843B30720F5F76FFF0328E0
:10A4A00003D9013C134B18D119E000F0FFFA014623
:10A4B0000028F6D0104B1B780372104B1B784372A8
:10A4C0000F4B1A689B88C3810823C0F80A200380B9
:10A4D0000720F5F7A1FF002010BD1A7812B1012264
:10A4E0001A7002E0D5F7BEFFD3E74FF0FF3010BD82
:10A4F00088FDFF1F8CFFFF1F8AFFFF1F8BFFFF1FC1
:10A5000084FFFF1F10B50446A1B1134A137811EA66
:10A5100003000ED023EA01011170FFF7B7FFFFF728
:10A52000B5FFFFF7B3FFFFF7B1FFFFF7AFFF012163
:10A5300000E0014654B10023084A985CA04202D1D1
:10A540000021995401210133062BF5D119B1BDE841
:10A550001040FFF79BBF10BD8AFFFF1F84FFFF1F46
:10A5600010B50446A1B1164B1A7801EA02008842E0
:10A570000DD011431970FFF789FFFFF787FFFFF731
:10A5800085FFFFF783FFFFF781FF012100E0002136
:10A5900084B100230B4A985CA0420BD00133062BF8
:10A5A000F8D10023D05C10B9064AD45403E001333B
:10A5B000062BF7D119B1BDE81040FFF767BF10BDFA
:10A5C0008AFFFF1F84FFFF1FF8B5030AC12B014656
:10A5D0000FD9DF2B04D803F01F0363F39F1108E0AA
:10A5E000F02B02D1C0B2002131E0E02B33D10020AA
:10A5F0002CE00846FFF79AFE064660B3164B1C880F
:10A60000DCB1FFF7CBFD0546B0B1144B1C781CB193
:10A6100000221A70FFF73AFF2846FFF75BFE074655
:10A620002846FFF777FE39460546FFF799FF28468B
:10A630003946FFF767FF00E004463046FFF74AFE61
:10A6400005463046FFF766FE45EA0401C9B2BDE89B
:10A65000F840FFF785BFF8BD6AFFFF1F8AFFFF1FA5
:10A660000A4B002118781970094B1A781970094B98
:10A670000243991D58780243002003F8010F8B42D2
:10A68000F8D10AB1FFF702BF704700BF8AFFFF1F72
:10A690008BFFFF1F83FFFF1F38B50A4C0A4D207048
:10A6A000002329706370A370E37023716371FFF757
:10A6B000EDFE28B928702070BDE83840FFF7E6BEEF
:10A6C00038BD00BF84FFFF1F8AFFFF1F38B5054656
:10A6D000FFF720FE04462846FFF7FCFD0146204612
:10A6E000BDE83840FFF7D8BF10B5FFF71FFE04469E
:10A6F00060B1074B1B8823B1FFF750FD08B1FFF78E
:10A70000E5FF2046BDE81040FFF7E0BF10BD00BFE9
:10A710006AFFFF1F10F0800F164B02D100221A6053
:10A720000BE0BF2812D81968012900F03F0206D1BA
:10A7300000211960104B18881043FFF7D5BF02297C
:10A7400016D10D49088840EA821205E0DF2806D8B4
:10A7500000F01F02084992010A80012207E0EF2859
:10A7600004D8054902030A80022200E0FF221A6091
:10A77000704700BF80FFFF1F8EFFFF1F38B5124BD1
:10A780001B78EBB1114C23681BB90220F5F7DAFDF9
:10A79000206020680D4D98B14388C218147A5CB1CE
:10A7A00002880133934204D300F09EF900232B600A
:10A7B00000E04380204638BD00F096F92C60DEE7CB
:10A7C0004FF0FF3038BD00BF88FDFF1F9CFFFF1F0B
:10A7D00010B50D4B1B788BB10C4C23681BB90220B4
:10A7E000F5F7B0FD2060206840B1438803441C7A2F
:10A7F0003CB900F079F9054B1C60EAE74FF0FF30F7
:10A8000010BD204610BD00BF88FDFF1F9CFFFF1F2D
:10A8100038B5104D2B6823B128680024028843887E
:10A820000FE00D4B1B781BB10220F5F78BFD286064
:10A830002C68002CF0D10BE0C1182144097A19B121
:10A840000134E1189142F7DB14B900F04DF92C60A6
:10A85000204638BD9CFFFF1F88FDFF1F2DE9F843F0
:10A86000324D012307460C462B70002C5AD0304E37
:10A870003368B1465BBB43F601482E4B1B7803F0AF
:10A88000FF020BB92A7018E00120F5F777FD0528C3
:10A8900004D9B8F10108284A09D10AE001232B7034
:10A8A00000F004F9C9F800000028F2D00FE0137896
:10A8B0003BB10123137000232B704FF0FF30BDE834
:10A8C000F8832B70D5F7CEFD01232B70D5E73168C7
:10A8D000194A488800231370C0F14002944238BFDF
:10A8E000224600F1080C10448C444880A41A93427C
:10A8F00004D0F85C0CF803000133F8E71F444B88E0
:10A900003F2B0E4B02D805221A70AEE740220A8078
:10A910004FF00008012083F80080F5F77DFDC6F8B0
:10A920000080A2E72C702046BDE8F88391FFFF1F4E
:10A9300094FFFF1F88FDFF1F98FFFF1FA0FFFF1F51
:10A9400007B502AB012103F8010D1846FFF786FF9A
:10A9500003B05DF804FBFFFF10B50D4B1B78B3B1DE
:10A960000C4B19681C4691B14B8883B10A4A0020F0
:10A9700010703F2B04DCCA18002010720133F8E776
:10A9800040230B800120F5F747FD0023236010BD15
:10A9900088FDFF1F94FFFF1FA0FFFF1F10B50B4B8B
:10A9A0001B788BB90A4A11684B8814463F2B04DC8C
:10A9B000CA18002010720133F8E740230B800120F1
:10A9C000F5F72AFD0023236010BD00BF91FFFF1F94
:10A9D00094FFFF1F024B1B78DB07FBD5704700BFBE
:10A9E000010002407FB5174B6A4603F110056E4621
:10A9F00018685968144603C40833AB422246F7D19D
:10AA0000114B1A7812F0020F1D4612D080229A7153
:10AA100033229A7203225A7272B60C4C46F0010627
:10AA20002046B04762B6237813F0700301D023703C
:10AA300006E044F621632A78D20701D4013BFAD11B
:10AA400004B070BD66070300010002400000024030
:10AA5000B0F5006F10B5044609D2064B1B78DB0732
:10AA600001D4FFF7BFFF04F1A054207810BD0020EF
:10AA700010BD00BF01000240B0F5006F38B50446BC
:10AA80000D460FD2084B1B78DB0701D4FFF7AAFF56
:10AA900004F1A0542378AB4204D02570BDE83840BF
:10AAA000FFF798BF38BD00BF0100024072B60C4AE4
:10AAB0001168B1FA81F31D2B02D962B600207047EC
:10AAC0004FF00040D84021EA0001116062B605490C
:10AAD00048225343C8180022CA504260704700BF42
:10AAE000848EFF1F0084FF1F0C4B4822C31AB3FB48
:10AAF000F2F31D2B11D80A4A127822B1094A1278B2
:10AB00000AB1F5F74DBC72B6074A4FF0004121FA81
:10AB100003F311681943116062B670470084FF1F88
:10AB20007FFDFF1F88FDFF1F848EFF1FF0B5304B98
:10AB30001B681B06FBD42F4B1B6813F08002F6D159
:10AB400072B62D4B1978002950D02C4908684F68EF
:10AB50008E68CD680C693844143130440968284443
:10AB600020440844C0F34E00254940F400400860EA
:10AB7000C86A0F6B4E6B8D6BCC6B384440313044E0
:10AB80000968284420440844C0F34E001D4940F49D
:10AB90000040086001F10811143151F8140C51F80B
:10ABA000107C51F80C6C51F8085C51F8044C0968A1
:10ABB00038443044284420440844C0F34E0012492D
:10ABC00040F400400860C86A0F6B4E6B8D6BCC6B15
:10ABD0003844403130440968284420440844C0F3D4
:10ABE0004E000A4940F4004008601A7062B6F0BD99
:10ABF00024B0034024B00B40A2FFFF1F38B0034035
:10AC00002CB0034030B003402CB00B4030B00B40B0
:10AC100010B5204B2048214960221A70E1225A7059
:10AC20001F4B204A1C78204B082C01D1012402E044
:10AC30000A2C03D119240460132005E00C2C0CBF4E
:10AC400015243D2404601220086014601860174B1E
:10AC500017491B78174A03B101230B601360164B89
:10AC6000164A1978164B012901D880210BE00429D6
:10AC700001D8842107E0082901D8852103E01029A3
:10AC800094BF86218721116019600E4B01221A7032
:10AC900010BD00BF0040074008B003400CB00340A7
:10ACA000888EFF1F08B00B400CB00B40A5FFFF1FA4
:10ACB00020B0034020B00B40898EFF1F24B003401A
:10ACC00024B00B40A2FFFF1F0C2804D9102828BF76
:10ACD0001020102307E00A2804D8092834BF0823CD
:10ACE0000A2300E00C23094AD9B2081A1070084A56
:10ACF0001078834208D0074B11701B7813B1064BB4
:10AD000000221A60FFF784BF704700BFA1FFFF1F3A
:10AD1000888EFF1FA2FFFF1F24B003400D2838B507
:10AD20000FD9172801D80E380AE0A0F11A03052B15
:10AD300001D8093804E0A0F12203062B47D81838BF
:10AD4000C0B2244B1C5C244B1B780BB1FFF7EEFE0A
:10AD5000210614D472B6214B214D1C6001232B70A7
:10AD600062B672B61D4B1B681A0601D51D4B1FE05B
:10AD70002B78002BEFD062B6D5F774FBF1E772B6F3
:10AD8000194B1A4D1A6814F0400F14BF22F010022C
:10AD900042F010021A60164B04F03F021A600123C1
:10ADA0002B7062B672B6124B1B681B0608D5114B8E
:10ADB000186800232B7062B60F4B1B78184138BD02
:10ADC0002B78002BDCD062B6D5F74CFBEAE70020ED
:10ADD00038BD00BF76070300A2FFFF1F00B003408D
:10ADE000A4FFFF1F10B003400CB00B40A3FFFF1FD8
:10ADF00000B00B4010B00B40A1FFFF1F084B1A68BA
:10AE000042F480521A60074B1A78074B0AB180222D
:10AE100000E0C0221A70054B80F30C0018807047C8
:10AE20002C800440A5FFFF1F21C00C4000C00C4037
:10AE3000F8B5174B1E6805460C461F46154B1B7888
:10AE400003B30420F5F77EFA58B90620F5F77AFA2D
:10AE500048B93B689B1BA34218D8B4B1D5F702FB95
:10AE6000ECE7012400E0022400F108032A4600F187
:10AE7000480153F8045B42F8045B8B42F9D1FFF7B9
:10AE800033FE02E04FF0FF30F8BD2046F8BD00BFB2
:10AE90008CFDFF1F88FDFF1FF8B5184B1D68044689
:10AEA0000E461F46164B1B781BB30320F5F766FAB8
:10AEB000032806D93B685B1BB3421DD8D5F7D2FAED
:10AEC000F0E7FFF7F3FD03460028F3D0204603F137
:10AED000080204F1400150F8044B42F8044B884248
:10AEE000F9D140241C8003201946F5F795FA204635
:10AEF000F8BD4FF0FF30F8BD0020F8BD8CFDFF1FFE
:10AF000088FDFF1FF8B5184B1D6804460E461F4606
:10AF1000164B1B781BB30520F5F730FA032806D92A
:10AF20003B685B1BB3421DD8D5F79CFAF0E7FFF7EF
:10AF3000BDFD03460028F3D0204603F1080204F1CA
:10AF4000400150F8044B42F8044B8842F9D14024A8
:10AF50001C8005201946F5F75FFA2046F8BD4FF032
:10AF6000FF30F8BD0020F8BD8CFDFF1F88FDFF1FDE
:10AF700008B1014B18607047A8FFFF1F0C4A0D482D
:10AF8000136811460C4A002B08BF134693FBF0F2DE
:10AF900000FB12330948424344F2A71000FB032090
:10AFA0000028BCBF00F1004000F1FF30086070478E
:10AFB000A8FFFF1F1DF3010024D95B07ECF4FFFF7E
:10AFC00010B5044630B1FFF7D9FFB0FBF4F303FB33
:10AFD000140010BD10BD08B5D6F798FAD6F7C4FD19
:10AFE000D5F740FAFAE7F8B506460C468F18002563
:10AFF000BC4207D0336814F8011B1B6830469847E1
:10B000000544F5E72846F8BD07B5064B1B88ADF8A3
:10B010000430036801A95B680222984703B05DF819
:10B0200004FB00BF8D07030000F044BEFFF7F0BB38
:10B03000FFF7A4BBFFF7CCBBFFF78EBC0846FFF7BA
:10B040007FBC08461146FFF709BC08B50846FFF764
:10B0500061FB012008BDFFFF064B07491960002274
:10B060001A71064B4FF47A711A711A73044A996077
:10B070001A607047ACFFFF1FB8070300B4FFFF1F43
:10B08000980703009140031C90409C46203A93404F
:10B09000194352426346D3401943704780F0004041
:10B0A00002E000BF81F0004142001FBF5FEA4103A0
:10B0B00092EA030F7FEA226C7FEA236C6AD04FEAA0
:10B0C0001262D2EB1363C1BFD218414048404140E5
:10B0D000B8BF5B42192B88BF704710F0004F40F497
:10B0E000000020F07F4018BF404211F0004F41F4B3
:10B0F000000121F07F4118BF494292EA030F3FD07F
:10B10000A2F1010241FA03FC10EB0C00C3F1200391
:10B1100001FA03F100F0004302D5494260EB400020
:10B12000B0F5000F13D3B0F1807F06D340084FEA8B
:10B13000310102F10102FE2A51D2B1F1004F40EB80
:10B14000C25008BF20F0010040EA030070474900E8
:10B1500040EB000010F4000FA2F10102EDD1B0FAB3
:10B1600080FCACF1080CB2EB0C0200FA0CF0AABFA8
:10B1700000EBC25052421843BCBFD0401843704746
:10B1800092F0000F81F4000106BF80F4000001324C
:10B19000013BB5E74FEA41037FEA226C18BF7FEA23
:10B1A000236C21D092EA030F04D092F0000F08BF65
:10B1B0000846704790EA010F1CBF0020704712F04C
:10B1C0007F4F04D1400028BF40F00040704712F18B
:10B1D00000723CBF00F50000704700F0004343F0F0
:10B1E000FE4040F4000070477FEA226216BF084626
:10B1F0007FEA23630146420206BF5FEA412390EAE9
:10B20000010F40F4800070474FF0000304E000BFDE
:10B2100010F0004348BF40425FEA000C08BF70478F
:10B2200043F0964301464FF000001CE050EA010253
:10B2300008BF70474FF000030AE000BF50EA010268
:10B2400008BF704711F0004302D5404261EB410155
:10B250005FEA010C02BF84460146002043F0B6437A
:10B2600008BFA3F18053A3F50003BCFA8CF2083A9F
:10B27000A3EBC25310DB01FA02FC634400FA02FCA8
:10B28000C2F12002BCF1004F20FA02F243EB0200AF
:10B2900008BF20F00100704702F1200201FA02FC11
:10B2A000C2F1200250EA4C0021FA02F243EB020004
:10B2B00008BF20EADC7070474FF0FF0C1CEAD05248
:10B2C0001EBF1CEAD15392EA0C0F93EA0C0F6FD009
:10B2D0001A4480EA010C400218BF5FEA41211ED0E7
:10B2E0004FF0006343EA501043EA5111A0FB0131D3
:10B2F0000CF00040B1F5000F3EBF490041EAD371A8
:10B300005B0040EA010062F17F02FD2A1DD8B3F123
:10B31000004F40EBC25008BF20F00100704790F092
:10B32000000F0CF0004C08BF49024CEA502040EAE4
:10B3300051207F3AC2BFD2F1FF0340EAC2507047AA
:10B3400040F400004FF00003013A5DDC12F1190FE8
:10B35000DCBF00F000407047C2F10002410021FA5A
:10B3600002F1C2F1200200FA02FC5FEA310040F172
:10B37000000053EA4C0308BF20EADC70704792F0EB
:10B38000000F00F0004C02BF400010F4000F013A23
:10B39000F9D040EA0C0093F0000F01F0004C02BF1E
:10B3A000490011F4000F013BF9D041EA0C018FE78D
:10B3B0000CEAD15392EA0C0F18BF93EA0C0F0AD093
:10B3C00030F0004C18BF31F0004CD8D180EA0100B9
:10B3D00000F00040704790F0000F17BF90F0004F52
:10B3E000084691F0000F91F0004F14D092EA0C0F34
:10B3F00001D142020FD193EA0C0F03D14B0218BFC7
:10B40000084608D180EA010000F0004040F0FE400C
:10B4100040F40000704740F0FE4040F440007047A8
:10B420004FF0FF0C1CEAD0521EBF1CEAD15392EA27
:10B430000C0F93EA0C0F69D0A2EB030280EA010C17
:10B4400049024FEA402037D04FF0805343EA1111B0
:10B4500043EA10130CF000408B4238BF5B0042F10E
:10B460007D024FF4000C8B4224BF5B1A40EA0C00B3
:10B47000B3EB510F24BFA3EB510340EA5C00B3EBE5
:10B48000910F24BFA3EB910340EA9C00B3EBD10FD3
:10B4900024BFA3EBD10340EADC001B0118BF5FEA25
:10B4A0001C1CE0D1FD2A3FF650AF8B4240EBC2504E
:10B4B00008BF20F0010070470CF0004C4CEA50200F
:10B4C0007F32C2BFD2F1FF0340EAC250704740F45E
:10B4D00000004FF00003013A37E792F0000F00F050
:10B4E000004C02BF400010F4000F013AF9D040EACE
:10B4F0000C0093F0000F01F0004C02BF490011F462
:10B50000000F013BF9D041EA0C0195E70CEAD15359
:10B5100092EA0C0F08D142027FF47DAF93EA0C0F40
:10B520007FF470AF084676E793EA0C0F04D14B0224
:10B530003FF44CAF08466EE730F0004C18BF31F0D6
:10B54000004CCAD130F000427FF45CAF31F00043D0
:10B550007FF43CAF5FE700BF4FF0FF3C06E000BF69
:10B560004FF0010C02E000BF4FF0010C4DF804CD8C
:10B570004FEA40024FEA41037FEA226C18BF7FEA9C
:10B58000236C11D001B052EA530C18BF90EA010F9E
:10B5900058BFB2EB030088BFC81738BF6FEAE1702D
:10B5A00018BF40F0010070477FEA226C02D15FEAC9
:10B5B000402C05D17FEA236CE4D15FEA412CE1D035
:10B5C0005DF8040B704700BF844608466146FFE7FC
:10B5D0000FB5FFF7C9FF002848BF10F1000F0FBDDE
:10B5E0004DF808EDFFF7F4FF0CBF012000205DF8D7
:10B5F00008FB00BF4DF808EDFFF7EAFF34BF01205C
:10B6000000205DF808FB00BF4DF808EDFFF7E0FFF4
:10B6100094BF012000205DF808FB00BF4DF808ED45
:10B62000FFF7D2FF94BF012000205DF808FB00BFA8
:10B630004DF808EDFFF7C8FF34BF012000205DF88A
:10B6400008FB00BF4BB942B9002908BF002802D04F
:10B650004FF0FF31084600F03BB882B0EC462DE9D0
:10B66000005000F01DF8DDF804E002B00CBC70479B
:10B670002DE97043069E14461D468046894600F01B
:10B6800029F804FB01F300FB0533A4FB00451D442E
:10B69000B8EB040469EB0505C6E90045BDE8708315
:10B6A0002DE97043069E1446804689461D4600F0EB
:10B6B0005DF900FB05F504FB0153A0FB04451D44A7
:10B6C000B8EB040469EB0505C6E90045BDE87083E5
:10B6D000704700BF00292DE9F00FC0F29F800024C1
:10B6E000002BC0F29680154606460F46002B3ED131
:10B6F0008A4257D9B2FA82F34BB1C3F1200201FA60
:10B7000003F720FA02F29D40174300FA03F6290CD2
:10B71000B7FBF1F2330C01FB127CA8B243EA0C47F1
:10B7200000FB02F3BB4209D97F1902F1FF3C80F014
:10B730000181BB4240F2FE80023A2F44FF1AB7FB60
:10B74000F1F3B6B201FB137146EA014100FB03F0CD
:10B75000884208D9491903F1FF3780F0ED8088420B
:10B7600040F2EA80023B43EA0242002303E08B42BC
:10B770000AD900231A461046194614B1404261EB1B
:10B780004101BDE8F00F7047B3FA83F8B8F1000F3C
:10B7900040F084808B4202D3824200F2DE8000239C
:10B7A0000122E8E712B90123B3FBF2F5B5FA85F2FD
:10B7B000002A39D17F1B280C1FFA85FC0123B7FB17
:10B7C000F0F1320C00FB117742EA07470CFB01F263
:10B7D000BA4207D97F1901F1FF3802D2BA4200F20A
:10B7E000C1804146BF1AB7FBF0F2B6B200FB12703F
:10B7F00046EA00400CFB02FC844507D9401902F1DF
:10B80000FF3702D2844500F2AB803A4642EA014259
:10B81000B1E7E443524263EB430364E7404261EB28
:10B8200041014FF0FF345BE79540C2F1200327FA56
:10B8300003F1280C26FA03F39740B1FBF0F81F43FD
:10B840003B0C00FB18111FFA85FC43EA01410CFB7D
:10B8500008F38B4206FA02F608D9491908F1FF32BB
:10B8600079D28B4277D9A8F102082944C91AB1FBD1
:10B87000F0F3BFB200FB131147EA01470CFB03F2E0
:10B88000BA4207D97F1903F1FF3160D2BA425ED9BB
:10B89000023B2F44BF1A43EA084390E7C8F1200255
:10B8A00003FA08FC25FA02F343EA0C0C4FEA1C49A0
:10B8B00021FA02F301FA08F720FA02F2B3FBF9F1D8
:10B8C000174309FB11333A0C1FFA8CFB42EA03437E
:10B8D0000BFB01FA9A4505FA08F008D913EB0C03A3
:10B8E00001F1FF3235D29A4533D902396344CAEBAC
:10B8F0000303B3FBF9F209FB1233BFB247EA034774
:10B900000BFB02F9B94508D917EB0C0702F1FF331D
:10B910001BD2B94519D9023A674442EA0145A5FB51
:10B920000001C9EB07078F424FF000030AD305D08F
:10B930002A4620E7624601E73B4614E706FA08F686
:10B940008642F5D26A1E002315E71A46E5E70B4644
:10B95000A0E71146CBE7904688E7434642460AE710
:10B96000023A53E702392F443CE700BF2DE9F00FBC
:10B97000144605460E46002B43D18A4253D9B2FAEB
:10B9800082F757B1C7F1200620FA06F601FA07F34D
:10B9900002FA07F41E4300FA07F5210CB6FBF1F298
:10B9A0002B0C01FB1267A0B243EA074600FB02F32F
:10B9B000B34209D9361902F1FF3780F0F680B3425D
:10B9C00040F2F380023A2644F61AB6FBF1F3ADB228
:10B9D00001FB136145EA014100FB03F0884208D9ED
:10B9E000091903F1FF3680F0E280884240F2DF80DF
:10B9F000023B43EA0242002310461946BDE8F00F1D
:10BA000070478B424AD8B3FA83F6002E4DD18B4251
:10BA100002D3824200F2D68000230122104619464A
:10BA2000BDE8F00F704712B90124B4FBF2F4B4FA88
:10BA300084F2002A7CD1091B260CA7B20123B1FB9A
:10BA4000F6F02A0C06FB101142EA014107FB00F256
:10BA50008A4207D9091900F1FF3C02D28A4200F25A
:10BA6000C3806046891AB1FBF6F2ADB206FB121133
:10BA700045EA014507FB02F7AF4208D92C1902F14C
:10BA8000FF3180F09680A74240F29380023A42EA6A
:10BA9000004210461946BDE8F00F704700231A46D1
:10BAA00010461946BDE8F00F7047C6F1200522FA8E
:10BAB00005F4B3401C434FEA144821FA05F301FA98
:10BAC00006F720FA05F5B3FBF8FC2F4308FB1C33FF
:10BAD0003D0C1FFA84FA45EA03430AFB0CF9994529
:10BAE00002FA06FB04D91B190CF1FF326DD3944600
:10BAF000C9EB0303B3FBF8F508FB1533BFB247EA04
:10BB000003470AFB05F8B84504D93F1905F1FF338F
:10BB100061D31D4645EA0C4CACFB0B23C8EB070771
:10BB20009F424FF0000549D345D062462B4663E75C
:10BB30009440C2F1200321FA03FC260C20FA03F3FF
:10BB400001FA02F5BCFBF6F843EA05010B0C06FB13
:10BB500018CCA7B243EA0C4C07FB08F3634500FA84
:10BB600002F509D91CEB040C08F1FF323AD2634507
:10BB700038D9A8F10208A444C3EB0C0CBCFBF6F3C3
:10BB800089B206FB13CC41EA0C4107FB03F28A425F
:10BB900007D9091903F1FF3022D28A4220D9023B8A
:10BBA0002144891A43EA084349E73A460CE73346F9
:10BBB0001FE70A466BE7B0409042B6D20CF1FF3265
:10BBC000002319E73346324616E799458FD9ACF181
:10BBD000020C23448CE7B8459BD9023D274499E7E2
:10BBE0000346DEE79046C7E7023821443AE700BF44
:10BBF00003460846194600F00BB8FFFF0A46034902
:10BC000003460868194600F08FB800BFEC8EFF1F8E
:10BC100070B5064C06460D4613462CB131462A46F1
:10BC20000220AFF3008070BD204670BD0000000010
:10BC300008B5074B044613B10021AFF30080054B54
:10BC40001868836A03B198472046FEF747FA00BF99
:10BC5000000000002408030070B50E4B0E4DED1AD5
:10BC6000AD1000241E46AC4204D056F82420904764
:10BC70000134F8E704F0F2FD084D094BED1AAD1060
:10BC800000241E46AC4204D056F8242090470134CC
:10BC9000F8E770BD780803007808030098080300EF
:10BCA00078080300024B0146186800F08FB800BF07
:10BCB000EC8EFF1F024B0146186800F043B800BF2E
:10BCC000EC8EFF1F30B50023934208D0C55C0133D2
:10BCD000CC1814F8014CA542F6D0281B30BD00202A
:10BCE00030BD814270B501D300230EE08C18A04214
:10BCF000FAD28518134613F1FF3305D35142661863
:10BD00002944F65CCE54F6E770BD934203D0CC5C78
:10BD1000C4540133F9E770BD02440346934202D094
:10BD200003F8011BFAE7704738B502FB01F421461E
:10BD300000F04CF8054618B100212246FFF7ECFF51
:10BD4000284638BD30B500293CD051F8042C0B1FD3
:10BD50001D49002AB8BF9B180A680C4612B95A60E0
:10BD60000B6030BD93420DD219685818904203D130
:10BD70005A581144426819605A60236030BD994294
:10BD800003D80A4651680029F9D1146815199D4253
:10BD90000AD11B682344D0188842136012D1086866
:10BDA000034413604B680CE002D90C23036030BDE0
:10BDB00018681C188C4203D10C684968204418602C
:10BDC0005960536030BD00BFC8FFFF1F70B5CD1C68
:10BDD00025F0030508350C2D38BF0C25002D06462F
:10BDE0003FDB8D423DD3214B1C6818462146A1B153
:10BDF0000B685B1B0ED40B2B03D90B60CC18CD50FA
:10BE00001FE08C4202D1626802601AE04B686360F6
:10BE10000C4616E00C464968E9E7154C23681BB947
:10BE2000304600F09DF920602946304600F098F930
:10BE3000431C014615D0C41C24F0030484420AD1DB
:10BE4000256004F10B00231D20F00700C31A0BD05E
:10BE50005A42E25070BD3046611A00F081F901305B
:10BE6000EED10C233360002070BD00BFC8FFFF1F60
:10BE7000C4FFFF1F012B30B50ADC9208013A0468A9
:10BE80000B6840F8043B002A41F8044BF6DC30BD57
:10BE90000023C45CCD5CC554CC540133D41A002CAF
:10BEA000F7DC30BDF8B50E46144607461D469847E8
:10BEB0000028214630460ADAA847002812DB384617
:10BEC0002146A84737EA200028BF2046F8BDA847EA
:10BED000002807DC38462146A84734EA200028BF5E
:10BEE0003846F8BD3046F8BD2DE9F04F85B005461F
:10BEF000894614460293AA0705D1A30703D1261F3A
:10BF000018BF012600E002262A19B9F1060F019296
:10BF100022D8934604FB0959CB4580F01E815F4629
:10BF2000AF4217D9C4EB070A50463946029B9847DF
:10BF300000280FDD36B93A68DAF800303B60CAF8FD
:10BF4000002005E03846514622463346FFF792FF6F
:10BF50005746E5E7A344DFE74FEA5907B9F1070F72
:10BF600004FB075736D009F1FF38B9F1280F04FB5D
:10BF7000085827D94FEAD90A04FB0AFA4FEA4A0CB3
:10BF800005EB0C0205EB0A01029BCDF800C0284628
:10BF9000FFF788FFCAF1000B394607EB0A0203904E
:10BFA000029B07EB0B00FFF77DFFDDF800C0029B53
:10BFB00008EB0B0142460746CCEB0800FFF772FF87
:10BFC000804600E0039539460398029B4246FFF7FE
:10BFD00069FF074626B92A683B682B603A6005E08E
:10BFE0002846394622463346FFF744FF09F1FF3819
:10BFF000019F04FB0858C346BA460023474525D88D
:10C00000009338462946029A90470028009B1DDC81
:10C010000FD136B9DAF800203B68CAF800303A6030
:10C0200005E05046394622463346FFF723FFA24437
:10C0300001232744E2E7009340462946029A9047AD
:10C040000028009B19DB04D0C4EB08084745F2D94F
:10C0500026E046B9D8F80020DBF80030C8F80030F8
:10C06000CBF8002005E04046594622463346FFF70C
:10C0700001FFC4EB0B0B0123E6E736B93A68D8F8A9
:10C0800000303B60C8F8002005E0384641462246B3
:10C090003346FFF7EFFE2744C4EB08080123ADE762
:10C0A00004FB09F9A9440BBB019B4B4555D21F4624
:10C0B000AF4217D9C4EB070A50463946029B98474E
:10C0C00000280FDD36B93A68DAF800303B60CAF86C
:10C0D000002005E03846514622463346FFF7CAFEA7
:10C0E0005746E5E7019A22440192DDE7CAEB070CC7
:10C0F000C5EB0A0AE245B4BF52466246002A08DD93
:10C100002846B91A3346CDF800C0FFF7B3FEDDF874
:10C1100000C0CBEB0902C8EB0B08121B424528BF3D
:10C120004246002A09DD3846C2EB09013346CDF804
:10C1300000C0FFF79FFEDDF800C0A44506D92846E1
:10C14000BCFBF4F12246029BFFF7CEFEA04504D9CA
:10C15000C8EB0905B8FBF4F9CDE605B0BDE8F08FF2
:10C1600038B5064C0023054608462360FDF7AEFFB0
:10C17000431C02D1236803B12B6038BDDCFFFF1FD5
:10C180000EB400B59CB04FF40271ADF814106FF00E
:10C190000041049107914FF6FF711DABADF81610E9
:10C1A000084953F8042B029006900868019302A9ED
:10C1B00000F09CF8029B00221A701CB05DF804EBA2
:10C1C00003B07047EC8EFF1FC9B2024610F8013B66
:10C1D0001BB18B42F9D1104670470029FBD018469D
:10C1E000704710F8012B11F8013B012A28BF9A4231
:10C1F000F7D0D01A7047034613F8012B002AFBD161
:10C20000181A0138704770B592B10B4605461C7874
:10C2100010F8016BB44201F1010101D1012A03D1EF
:10C2200028781B78C01A70BD013A002CEDD1F7E7D1
:10C23000104670BD2DE9F0478D68AB4281460C4633
:10C2400092461F4643D38B8913F4906F3DD02668E6
:10C250000969C1EB06086669022206EB460696FBF1
:10C26000F2F608F101023A44964238BF16465B05E1
:10C270000FD53146FFF7AAFD054698B12169424620
:10C28000F3F70EFFA38923F4906343F08003A381A7
:10C2900013E0324600F0ADFA054670B94846216910
:10C2A000FFF750FD0C23C9F80030A38943F0400389
:10C2B000A3814FF0FF30BDE8F087256166614544FA
:10C2C000C8EB06062560A6603D46AF4200D23D465B
:10C2D0002A4620685146FFF704FDA3685B1BA36054
:10C2E00023681D4425600020BDE8F0872DE9F04358
:10C2F0009DB0074603938B891C060D4616460CD548
:10C300000B6953B94021FFF761FD2860286110B91E
:10C310000C233B60C8E040236B610023099320237A
:10C320008DF8293030238DF82A3033461C4613F817
:10C33000012B1AB9B4EB06090FD002E0252AF5D17A
:10C34000F8E73846294632464B46FFF773FF01307F
:10C3500000F0A580099B4B4409932378002B00F043
:10C360009E8000234FF0FF320493079305920693BB
:10C370008DF853301A9304F101094C464D4E217843
:10C380003046052200F026FA09F10109049B28B184
:10C39000861B0120B04003430493EEE7D90644BF57
:10C3A00020228DF853201A0744BF2B228DF85320EA
:10C3B00022782A2A02D0079B21460EE0039A111DFB
:10C3C00012680391002A01DB079204E0524243F015
:10C3D00002030792049301340AE00C4601312278EB
:10C3E000303A092A03D80A2000FB0323F5E7079314
:10C3F00023782E2B1AD163782A2B0AD1039B1A1D7E
:10C400001B680392002B04F10204B8BF4FF0FF3306
:10C410000BE0611C00230C4601312278303A092AD6
:10C4200003D80A2000FB0323F5E70593224E217869
:10C430003046032200F0CEF930B1861B049B402029
:10C44000B04003430493013421781C488DF8281030
:10C450000622661C00F0BEF988B1194B33B9039B64
:10C46000073323F007030833039314E003AB00936F
:10C47000384604A92A46134BAFF3008007E003AB0C
:10C480000093384604A92A460E4B00F08FF8B0F10D
:10C49000FF3F804603D0099B4344099345E7AB899E
:10C4A0005B0601D4099801E04FF0FF301DB0BDE8F4
:10C4B000F08300BF280803002E08030032080300A1
:10C4C0000000000035C202002DE9F84315461F4662
:10C4D0008A680B69DDF820809A42A8BF13462B605A
:10C4E00091F8432006460C460AB101332B602368BD
:10C4F000990602D52B6802332B60236813F00609D6
:10C500001DD094F843302268003318BF01239206EF
:10C510001FD5E1185A1C302081F84300224494F8BA
:10C52000451082F84310023313E03046394604F1D7
:10C5300019020123C047013007D009F10109E2685F
:10C540002B68D31A9945F0DBDBE74FF0FF30BDE8ED
:10C55000F8833046394604F14302C0470130F4D035
:10C5600023682A68E16803F00603042B08BFC2EBC6
:10C5700001052369A2680CBF25EAE57500259A42EA
:10C58000C4BFC3EB0203ED184FF00009A9450ADA56
:10C590003046394604F11A020123C0470130D4D095
:10C5A00009F10109F2E70020BDE8F8832DE9FF4712
:10C5B0000E7E0C9D6E2E80460C4691469A4601F1E9
:10C5C000430000F0A58011D8632E22D009D8002E98
:10C5D00000F0AF80582E40F0BF8081F845607B4A64
:10C5E0004FE0642E1ED0692E1CD0B5E0732E00F0F3
:10C5F000A48009D86F2E2BD0702E40F0AD800B6830
:10C6000043F020030B6038E0752E21D0782E34D013
:10C61000A2E02B681A1D1B682A6001F1420781F80D
:10C6200042309DE022682B6812F0800F03D01A1D63
:10C630002A601D6805E05106F9D51A1D2A60B3F974
:10C640000050002D39DA2D236D4284F8433034E058
:10C6500022682B6812F0800F03D01A1D2A601D6813
:10C6600004E05206F9D51A1D2A601D88237E574A18
:10C670006F2B14BF0A2308231BE07823544A84F845
:10C6800045302368296813F0800F01F104062E60FD
:10C6900001D00D6802E05F06FBD50D88DE0744BFC0
:10C6A00043F0200323601DB9236823F02003236097
:10C6B0001023002184F8431001E0444A0A236668ED
:10C6C000A660002E03DB216821F00401216005B97A
:10C6D0006EB104F14201B5FBF3F603FB16550F46AC
:10C6E000555D01F801593546002EF4D100E00746AA
:10C6F000082B0AD12368DD0707D5626823699A42AF
:10C7000003DC302307F8013C013FC01B20612CE013
:10C7100009682B68626911F0800F04D0191D296027
:10C720001B681A6005E04906F8D5191D29601B68C9
:10C730001A8000232361074617E02B681A1D2A6020
:10C740001F683846FFF757FD63682061984288BF2D
:10C7500023612369636005E004F1420784F84260C5
:10C7600001232361002384F84330CDF800A0404624
:10C77000214603AA4B46FFF7A7FE013002D14FF036
:10C78000FF301FE0404649463A462369D047013012
:10C79000F5D023689B0705D4E068039B9842B8BF97
:10C7A00018460FE00025E268039BD31A9D42F3DA96
:10C7B0004046494604F119020123D0470130DED03A
:10C7C0000135F0E704B0BDE8F08700BF3908030089
:10C7D0004A08030010B5C9B202449042034606D08D
:10C7E0001C788C4200F10100F7D1184610BD0020E2
:10C7F00010BDF8B5064614460D4621B91146BDE8F0
:10C80000F840FFF7E3BA1AB9FFF79CFA2046F8BDE3
:10C8100000F015F8A0420ED230462146FFF7D6FAB6
:10C82000074650B129462246F3F73AFC30462946DE
:10C83000FFF788FA01E02846F8BD3846F8BD51F800
:10C84000040C002802DA04390B58184404387047E5
:10C850004572726F722070617373776F72642061BA
:10C860007474656D70747320666F72207468697378
:10C870002073657373696F6E2065786365656465A1
:10C88000642C2072656D6F7665204F6E6C794B65F8
:10C890007920616E64207265696E736572742074AC
:10C8A0006F20617474656D7074206C6F67696E00C1
:10C8B000554E4C4F434B454476332E302E352D701C
:10C8C000726F64004572726F7220636F6E66697278
:10C8D0006D6174696F6E2077696E646F7720636C29
:10C8E0006F736564206265666F7265207468652089
:10C8F000627574746F6E20776173207072657373E4
:10C900006564004572726F7220627574746F6E2078
:10C91000707265737320776173206E6F742061632A
:10C92000636570746564004572726F7220696E632E
:10C930006F7272656374206368616C6C656E6765A5
:10C940002077617320656E746572656400494E4995
:10C950005449414C495A45442D4400494E49544993
:10C96000414C495A454400FF982F8A4291443771FF
:10C97000CFFBC0B5A5DBB5E95BC25639F111F15962
:10C98000A4823F92D55E1CAB98AA07D8015B8312A4
:10C99000BE853124C37D0C55745DBE72FEB1DE8050
:10C9A000A706DC9B74F19BC1C1699BE48647BEEF7F
:10C9B000C69DC10FCCA10C246F2CE92DAA84744A0A
:10C9C000DCA9B05CDA88F97652513E986DC631A880
:10C9D000C82703B0C77F59BFF30BE0C64791A7D55F
:10C9E0005163CA0667292914850AB72738211B2EE7
:10C9F000FC6D2C4D130D385354730A65BB0A6A76CF
:10CA00002EC9C281852C7292A1E8BFA24B661AA8DA
:10CA1000708B4BC2A3516CC719E892D1240699D6EA
:10CA200085350EF470A06A1016C1A419086C371E63
:10CA30004C774827B5BCB034B30C1C394AAAD84E41
:10CA40004FCA9C5BF36F2E68EE828F746F63A5787C
:10CA50001478C8840802C78CFAFFBE90EB6C50A40F
:10CA6000F7A3F9BEF27871C62530386C582025300E
:10CA7000386C58202530386C58202530386C5800D8
:10CA80000000000000000000C5220000E7AF020027
:10CA90002530366C6400FFFF00000000000000003D
:10CAA0009562000029670000D51F0100E11F010009
:10CAB0009B210100B5200100E91F0100F3220100C4
:10CAC00075210100E51F0100D32101001F22010093
:10CAD000F52101000000000000000000000000003F
:10CAE000B561000081620000153D0100213D01009B
:10CAF000D13D0100F73D0100253D01007B3D0100D6
:10CB00005B3E0100000000006F6E6C796B65792F51
:10CB10006167656E742F7632004572726F72207590
:10CB20007365204D4C2D4B454D20646563617073DA
:10CB300020666F722074686973206B657920747940
:10CB40007065004572726F722075736520582D579D
:10CB5000696E672064656361707320666F7220740C
:10CB6000686973206B65792074797065004572720D
:10CB70006F7220454343207479706520696E636F3E
:10CB80007272656374004572726F7220696E7661AD
:10CB90006C6964206B65792C206B6579206368650E
:10CBA000636B206661696C6564004572726F722008
:10CBB0007769746820525341206461746120746FF6
:10CBC000207369676E20696E76616C696420736991
:10CBD0007A65004572726F722077697468205253CB
:10CBE00041207369676E696E67004572726F7220CB
:10CBF000696E76616C696420646174612C206F7267
:10CC0000206461746120646F6573206E6F74206DA1
:10CC100061746368206B6579004572726F7220776A
:10CC200069746820525341206461746120746F20DC
:10CC30006465637279707420696E76616C696420D2
:10CC400073697A65004572726F7220776974682023
:10CC50005253412064656372797074696F6E004548
:10CC600072726F722067656E65726174696E67209B
:10CC7000525341207075626C6963204E0045727298
:10CC80006F72204D4C2D4B454D206B657967656E5D
:10CC9000206661696C6564004572726F72204D4C4C
:10CCA0002D4B454D2043542077726F6E672073697A
:10CCB0007A65004572726F72204D4C2D4B454D20A8
:10CCC0006B657920657870616E73696F6E2066613F
:10CCD000696C6564004572726F72204D4C2D4B4536
:10CCE0004D20646563617073206661696C656400E2
:10CCF0004572726F72204D4C2D4B454D206B6579FE
:10CD000067656E004572726F7220582D57696E67A5
:10CD1000204D4C2D4B454D206B657967656E206627
:10CD200061696C6564004572726F7220582D576995
:10CD30006E672043542077726F6E672073697A653F
:10CD4000004572726F7220582D57696E67206B65AF
:10CD50007920657870616E73696F6E206661696CA9
:10CD60006564004572726F7220582D57696E672096
:10CD70004D4C2D4B454D2064656361707320666199
:10CD8000696C6564004572726F7220757365204F1F
:10CD90004B4745545055424B45592050514320660E
:10CDA0006F7220636F6D706F73697465206B657946
:10CDB00073004572726F7220696E76616C696420CF
:10CDC00064657269766564206B657920736C6F7435
:10CDD000004572726F72206B6579206E6F742073DC
:10CDE0006574206173207369676E61747572652064
:10CDF0006B6579004572726F72206E6F206B65797A
:10CE00002073657420696E207468697320736C6F79
:10CE100074004572726F72206E6F2064657269765D
:10CE200065642064656361707320726571756573F4
:10CE3000742070656E64696E67004572726F72204F
:10CE4000582D57696E672064657269766564206441
:10CE50006563617073206661696C65640045727218
:10CE60006F722064657269766564206465636170C1
:10CE700073206368756E6B2073697A650045727202
:10CE80006F722064657269766564206465636170A1
:10CE900073207061796C6F61642073697A650045F5
:10CEA00072726F72206B6579206E6F742073657477
:10CEB0002061732064656372797074696F6E206B92
:10CEC0006579006F6E6C796B65792F646572697630
:10CED000652F6563632F7632006F6E6C796B6579B1
:10CEE0002F7877696E672F736565642F7633005CE2
:10CEF0002E2F2F5E5C4572726F72204D4C2D445365
:10CF000041206B657967656E004572726F72204DC6
:10CF10004C2D445341207369676E004572726F72E5
:10CF200020583235353139004572726F72204D4CC0
:10CF30002D4B454D20646563617073004572726FBF
:10CF4000722050514320646563727970743A206294
:10CF5000616420696E7075742073697A6500475248
:10CF600045454E00424C55450059454C4C4F5700E5
:10CF7000505552504C4500466F72204F6E6C794BA5
:10CF80006579206F6E2D7468652D676F20766973E3
:10CF900069742068747470733A2F2F617070732EE7
:10CFA0006372702E746F0075736572737061636560
:10CFB000207769706520686173206265656E206303
:10CFC0006F6D706C6574656400666163746F72790F
:10CFD00020726573657420686173206265656E20D8
:10CFE000636F6D706C65746564005375636365731E
:10CFF0007366756C6C79207769706564204C61622A
:10D00000656C005375636365737366756C6C79202A
:10D0100077697065642055524C005375636365737E
:10D020007366756C6C7920776970656420416464FF
:10D030006974696F6E616C204368617261637465C5
:10D040007273005375636365737366756C6C7920D6
:10D0500077697065642044656C617920310053758F
:10D06000636365737366756C6C792077697065644A
:10D0700020557365726E616D6500537563636573EA
:10D080007366756C6C792077697065642044656C93
:10D0900061792032005375636365737366756C6CD8
:10D0A000792077697065642050617373776F72645B
:10D0B000005375636365737366756C6C792077696B
:10D0C0007065642044656C61792033005375636337
:10D0D00065737366756C6C7920776970656420324E
:10D0E00046412054797065005375636365737366B8
:10D0F000756C6C7920776970656420324641204BED
:10D100006579005375636365737366756C6C79201C
:10D11000736574204C6162656C005375636365735D
:10D120007366756C6C79207365742055524C00538E
:10D1300075636365737366756C6C792073657420B1
:10D14000616674657220557365726E616D6520410C
:10D15000646469746F6E616C2043686172616374AA
:10D160006572005375636365737366756C6C7920C3
:10D170007365742044656C61793100537563636530
:10D18000737366756C6C7920736574206265666F65
:10D19000726520557365726E616D652041646469C6
:10D1A00074696F6E616C204368617261637465724B
:10D1B000005375636365737366756C6C7920736572
:10D1C00074206265666F7265204F5450204164641C
:10D1D0006974696F6E616C20436861726163746524
:10D1E00072005375636365737366756C6C79207335
:10D1F000657420557365726E616D65005375636368
:10D2000065737366756C6C792073657420616464F2
:10D210006974696F6E616C206368617261637465C3
:10D22000722061667465722070617373776F7264C7
:10D23000005375636365737366756C6C79207365F1
:10D24000742044656C617932004572726F72204DB2
:10D25000464120616C726561647920656E61626C23
:10D260006564206F6E207468697320736C6F742C12
:10D27000206465766963652050494E20726571753A
:10D2800069726564005375636365737366756C6C6E
:10D2900079207365742050617373776F72640053E3
:10D2A00075636365737366756C6C79207365742040
:10D2B0006166746572204F545020436861726163E7
:10D2C000746572005375636365737366756C6C790E
:10D2D000207365742044656C617933004572726F08
:10D2E000722070617373776F726420616C72656114
:10D2F000647920656E61626C6564206F6E2074686D
:10D30000697320736C6F742C206465766963652083
:10D3100050494E207265717569726564005375637A
:10D320006365737366756C6C79207365742032461F
:10D330004120547970650053756363657373667536
:10D340006C6C792073657420324641204B657900FE
:10D350005375636365737366756C6C79207365745C
:10D3600020414553204B65792C20507269766174B9
:10D37000652049442C20616E64205075626C69639D
:10D38000204944005375636365737366756C6C79EB
:10D39000207365742069646C652074696D656F75B0
:10D3A00074005375636365737366756C6C79207371
:10D3B00065742057697065204D6F646520746F2017
:10D3C00046756C6C205769706500537563636573AF
:10D3D0007366756C6C79207365742057697065206D
:10D3E0004D6F646520746F2064656661756C742090
:10D3F00073657474696E67004572726F7220576945
:10D400007065204D6F6465206D6179206E6F7420AA
:10D410006265206368616E67656400537563636568
:10D42000737366756C6C7920736574204261636BED
:10D430007570204B6579204D6F646520746F204CAA
:10D440006F636B6564005375636365737366756CB6
:10D450006C7920736574204261636B7570204B6535
:10D4600079204D6F646520746F205065726D69740A
:10D4700020467574757265204368616E6765730038
:10D480004572726F72204261636B7570204B6579D3
:10D49000204D6F6465206D6179206E6F7420626528
:10D4A000206368616E676564004572726F722069FF
:10D4B0006E76616C6964207573657220696E707533
:10D4C00074206D6F6465004572726F7220756E73A3
:10D4D0007570706F72746564207573657220696E03
:10D4E000707574206D6F6465005375636365737345
:10D4F00066756C6C792073657420646572697665F5
:10D5000064206B6579206368616C6C656E6765206B
:10D510006D6F6465004572726F72206E6F74206962
:10D520006E20636F6E666967206D6F64650053756A
:10D53000636365737366756C6C79207365742073AF
:10D54000746F726564206B6579206368616C6C65CB
:10D550006E6765206D6F64650053756363657373F3
:10D5600066756C6C79207365742077656220616ED6
:10D5700064206167656E74206465726976656420F5
:10D580006B6579206D6F6465004572726F722069FA
:10D590006E76616C6964207765626372797074205D
:10D5A000706F6C6963790053756363657373667537
:10D5B0006C6C79207365742077656263727970741E
:10D5C00020706F6C6963790053756363657373666C
:10D5D000756C6C792073657420484D414320436815
:10D5E000616C6C656E6765204D6F64650053756393
:10D5F0006365737366756C6C7920736574205379F9
:10D600007361646D696E204D6F6465005365636F6F
:10D610006E642050726F66696C65204D6F64652082
:10D620006D6179206F6E6C79206265206368616E30
:10D63000676564206F6E2066697273742075736508
:10D64000005375636365737366756C6C79207365DD
:10D6500074204C4544206272696768746E65737308
:10D66000005375636365737366756C6C79207365BD
:10D670007420546F7563682053656E73697469769E
:10D68000697479004572726F7220746F7563687384
:10D69000656E73652076616C7565206F7574206F9B
:10D6A000662072616E6765005375636365737366A8
:10D6B000756C6C7920736574206C6F636B20627578
:10D6C00074746F6E005375636365737366756C6C09
:10D6D0007920736574207479706573706565640072
:10D6E0005375636365737366756C6C7920736574C9
:10D6F000206B6579626F617264206C61796F7574FB
:10D70000004572726F7220696E76616C69642045A3
:10D71000434320736C6F7400537563636573736662
:10D72000756C6C7920736574204261636B75702031
:10D7300050617373706872617365005375636365DC
:10D74000737366756C6C7920736574204543432050
:10D750004B6579005375636365737366756C6C799B
:10D7600020776970656420454343204B65790053F9
:10D7700075636365737366756C6C79207769706522
:10D7800064205253412050726976617465204B6564
:10D7900079004572726F7220696E76616C696420DF
:10D7A00052534120736C6F74004572726F7220691E
:10D7B0006E76616C69642052534120747970650003
:10D7C0005375636365737366756C6C7920736574E8
:10D7D00020525341204B6579004572726F7220626E
:10D7E00061636B7570206B6579206D6F6465207364
:10D7F000657420746F206C6F636B6564002A2A2A3D
:10D800002057454C434F4D4520544F204F4E4C59C7
:10D810004B455920515549434B20534554555020B1
:10D820002A2A2A0052554E20544849532053455421
:10D8300055502046524F4D20412054525553544587
:10D840004420434F4D505554455220414E442043AF
:10D8500041524546554C4C59205752495445204455
:10D860004F574E0050494E7320414E442050415373
:10D87000535048524153452E2053544F524520494E
:10D880004E204120534543555245204C4F4341546F
:10D89000494F4E2053554348204153204120534186
:10D8A0004645005748454E2046494E495348454451
:10D8B0002044454C4554452054484953205445582C
:10D8C0005400546872656520646966666572656EA9
:10D8D000742050494E20636F6465732077696C6CC7
:10D8E00020626520736574207570206F6E20796FDB
:10D8F0007572204F6E6C794B6579005468652066AF
:10D90000697273742050494E20756E6C6F636B732F
:10D9100020796F7572207072696D617279207072F2
:10D920006F66696C652028692E6520506572736F7B
:10D930006E616C204163636F756E74732900546867
:10D9400065207365636F6E642050494E20756E6C60
:10D950006F636B7320616E206164646974696F6EBC
:10D96000616C2070726F66696C652028692E652E67
:10D9700020576F726B204163636F756E747329005B
:10D980005468652074686972642050494E20697338
:10D9900020796F75722073656C662D64657374727F
:10D9A0007563742050494E207573652074686973DF
:10D9B00020746F20776970652F666163746F727968
:10D9C0002064656661756C742064657669636500C2
:10D9D000546F2063686F6F736520746865205049C9
:10D9E0004E7320796F757273656C66207072657303
:10D9F000732031206F6E204F6E6C794B65792C202F
:10DA0000666F722072616E646F6D2050494E732094
:10DA10007072657373203200596F75206861766586
:10DA2000203230207365636F6E647320737461728B
:10DA300074696E67206E6F772E2E2E00596F7520D9
:10DA400077696C6C206E6F7720656E7465722061EB
:10DA50002050494E206F6E20746865204F6E6C799F
:10DA60004B6579203620627574746F6E206B657912
:10DA70007061640043686F6F736520612050494E88
:10DA800020372D313020646967697473206C6F6EA4
:10DA90006700596F7572204F6E6C794B65792077EE
:10DAA000696C6C206E6F7720626520636F6E6669AB
:10DAB0006775726564206175746F6D617469636107
:10DAC0006C6C7920776974682072616E646F6D2068
:10DAD00050494E732F5061737370687261736500A3
:10DAE000594F5552204F4E4C594B45592050494E95
:10DAF0002049533A00594F5552204F4E4C594B45EF
:10DB000059205345434F4E442050524F46494C45AF
:10DB10002050494E2049533A00594F5552204F4EFC
:10DB20004C594B45592053454C462D44455354526E
:10DB30005543542050494E2049533A002A2A2A205E
:10DB400057454C434F4D4520544F204F4E4C594B59
:10DB500045592044554F20515549434B2053455476
:10DB60005550202A2A2A00594F5552204241434BF2
:10DB7000555020504153535048524153452E205345
:10DB8000544F524520494E2041205345435552455C
:10DB9000204C4F434154494F4E2053554348204158
:10DBA000532041205341464500594F5552204F4E76
:10DBB0004C594B4559204241434B555020504153FD
:10DBC000535048524153452049533A00546F2073F3
:10DBD00074617274207573696E67204F6E6C794B37
:10DBE000657920656E74657220796F757220707228
:10DBF000696D617279206F72207365636F6E646105
:10DC000072792050494E206F6E20746865204F6EE7
:10DC10006C794B6579203620627574746F6E206B59
:10DC20006579706164004F6E6C794B65792069731A
:10DC300020726561647920666F722075736520615A
:10DC4000732061207365637572697479206B6579DF
:10DC500020284649444F322F5532462920616E64B0
:10DC600020666F72206368616C6C656E67652D72EB
:10DC70006573706F6E736500466F722061646469CE
:10DC800074696F6E616C206665617475726573206E
:10DC9000737563682061732070617373776F72644A
:10DCA000206D616E6167656D656E7420696E737459
:10DCB000616C6C20746865204F6E6C794B657920BF
:10DCC0006465736B746F7020617070006874747039
:10DCD000733A2F2F6F6E6C796B65792E696F2F6198
:10DCE000707020002A2A2A20534554555020434F53
:10DCF0004D504C4554452C2044454C4554452054EA
:10DD00004849532054455854202A2A2A00596F75EF
:10DD10002068617665203230207365636F6E6473AE
:10DD200020746F20656E7465722073656C662D6457
:10DD3000657374727563742050494E2C207374613E
:10DD40007274696E67206E6F77004F6E6C794B65E9
:10DD5000792069732072656164792C20656E746521
:10DD60007220796F75722073656C662D64657374AB
:10DD7000727563742050494E005375636365737305
:10DD800066756C2050494E20656E7472790045723C
:10DD9000726F722050494E206973206E6F7420623A
:10DDA00065747765656E2037202D203130206469D9
:10DDB0006769747300596F75206861766520323029
:10DDC000207365636F6E647320746F2072652D65B8
:10DDD0006E7465722050494E2C20737461727469A0
:10DDE0006E67206E6F77004F6E6C794B6579206996
:10DDF000732072656164792C2072652D656E74657F
:10DE00007220796F75722050494E20746F20636FB5
:10DE10006E6669726D005375636365737366756CC6
:10DE20006C79207365742050494E004572726F7290
:10DE30002050494E7320446F6E2774204D617463E7
:10DE40006800596F752068617665203230207365EF
:10DE5000636F6E647320746F20656E7465722073D7
:10DE600065636F6E642070726F66696C65205049DF
:10DE70004E2C207374617274696E67206E6F770028
:10DE80004F6E6C794B657920697320726561647996
:10DE90002C20656E74657220796F75722050494E22
:10DEA00000596F7520686176652032302073656394
:10DEB0006F6E647320746F20656E7465722070726B
:10DEC000696D6172792070726F66696C6520504966
:10DED0004E2C207374617274696E67206E6F7700C8
:10DEE00054696D656F7574206F6363757265642026
:10DEF0007768696C652077616974696E6720666F01
:10DF00007220636F6E6669726D6174696F6E206FE7
:10DF10006E204F6E6C794B6579004572726F72207E
:10DF20007061636B6574732072656365697665649F
:10DF30002065786365656465642073697A65206C23
:10DF4000696D6974004572726F72206E6F2045436F
:10DF5000432050726976617465204B657920736542
:10DF60007420696E207468697320736C6F74004547
:10DF700072726F72206E6F20525341205072697618
:10DF8000617465204B65792073657420696E207417
:10DF900068697320736C6F74004572726F722062CF
:10DFA00061636B75702066696C6520746F6F206C9F
:10DFB00061726765004572726F72206E6F206261D8
:10DFC000636B7570206B65792073657400457272A0
:10DFD0006F72206B65792074797065207573656444
:10DFE00020666F72206261636B757020646F657369
:10DFF000206E6F74206D61746368004572726F7279
:10E0000020696E636F7272656374206261636B7501
:10E0100070206B657920736574004572726F722091
:10E020006B657920636F6E66696775726174696F7D
:10E030006E206261636B75702066696C6520666F27
:10E04000726D617420696E636F72726563740053E0
:10E0500075636365737366756C6C79206C6F61644E
:10E060006564206261636B75700052656D6F7665E3
:10E0700020616E64205265696E73657274204F6E04
:10E080006C794B657920746F20636F6D706C65746B
:10E090006520726573746F7265004241434B555041
:10E0A0003132333435004572726F7220776974688B
:10E0B0002045434320536861726564205365637251
:10E0C0006574004572726F722077697468205253CC
:10E0D0004120456E6372797074696F6E002D2D2D2D
:10E0E0002D2D424547494E204F4E4C594B45592006
:10E0F0004241434B55502D2D2D2D2D002D2D2D2DD5
:10E100002D454E44204F4E4C594B455920424143DA
:10E110004B55502D2D2D2D2D004E6F204261636BE0
:10E120007570204B6579202D20466F6C6C6F7720C1
:10E13000696E737472756374696F6E73206865724B
:10E14000652068747470733A2F2F646F63732E6345
:10E1500072702E746F2F757365727367756964655D
:10E160002E68746D6C237365637572652D656E63BF
:10E170007279707465642D6261636B75702D616E68
:10E1800079776865726500554E494E495449414C4E
:10E19000495A454476332E302E352D70726F640007
:10E1A0004572726F72204F6E6C794B6579206D7578
:10E1B000737420626520696E697469616C697A653F
:10E1C00064206669727374004572726F72206465B0
:10E1D00076696365206C6F636B6564004572726F6E
:10E1E000722063616E6E6F7420736574206B657945
:10E1F00020696E20726573657276656420736C6F3A
:10E200007420283131372D31333229004E6F2050A0
:10E21000494E207365742C20596F75206D75737489
:10E220002073657420612050494E206669727374B2
:10E23000005355434345535346554C4C20465720B5
:10E240004C4F414420524551554553542C20524582
:10E25000424F4F54494E472E2E2E006E6F7420753C
:10E260007365640000000000F76400000231D8FF0D
:10E270000315F8FF449E03001821F4FF28A1F2FFC4
:10E28000241E07002BDE1B002BE92300AD84FAFFC0
:10E290007F14E0FF759A2F0009FBD3FF497A2F0006
:10E2A00027E528005896290070A00F00A485EFFFED
:10E2B00088B73600909DF7FFA0EAEEFF68F92700C7
:10E2C0007BD3DFFFD6ADDFFFE71AC5FFF7A4EAFF78
:10E2D00098FCCDFF35D01A0022B4FFFF01323D007B
:10E2E000C5450400674A290020760100CDF42E00C0
:10E2F000C5DE350003A5E6FF2C30C9FFD447D9FFA2
:10E30000AFBE3B008515C5FF7C8ED1FF968A3600D7
:10E31000413ED4FF000436004D6AFBFF9CD623002B
:10E320005DC5F7FF3D12E6FFD6EAE6FF1E7E35002B
:10E3300059AFC5FF3F8435001756DFFF5C94E7FFF8
:10E340008C733800A8630C009A1B0800768F0E00AF
:10E3500053383B0034853B0030FCD8FF549D1F00F0
:10E360002D4FD5FFE506C4FF81ACE8FFCFE1C7FF25
:10E370001998D1FF5DD6E9FFEE093500C7352100B8
:10E38000BBCFE7FF75CFECFF72971D0072B0C1FFE6
:10E39000F6BCF0FF8052CFFFAED2CFFFE090C8FFB7
:10E3A000CAEF0100F210340085FEF0FF38C62000ED
:10E3B0009F6E2900A3B7D2FF4BA4C7FF6DBAF9FF28
:10E3C0000934DAFF82C2F5FF1341EDFF3BA6FFFFE0
:10E3D000F709ECFFDD2BFAFFD495140063451C0010
:10E3E000622CEAFFE9FBCCFFF00A040017C4070027
:10E3F00088452F0000AD0000BE36EFFF44CD0D0074
:10E400005A673C00CA2BC7FF7EDEFFFF4839190060
:10E41000C069CEFF6C752400DFC7FCFFA1980B001C
:10E4200008E8EBFF6CE4020008C8C9FFC236300000
:10E43000F6BFE3FF933CDBFFE04AFDFF051314004A
:10E4400092771400259E1300E0D0E7FF4499F3FF74
:10E450000208EAFFA2EED1FF9CC7C4FF57A0C8FF85
:10E46000D9973A0093EA1F005AFF3300D45823008B
:10E47000F8413A0072FFCCFFFB3D22009FABDAFF70
:10E4800022A4C9FFF512040087252500F024EDFF22
:10E490005D9B3500A048CAFFFCA2C6FF56BBEDFF3E
:10E4A000DE45CFFF5EBE0D001A5E1C00E6E00D00EB
:10E4B0005A7F0C00838F07008A62E7FF0457FFFF33
:10E4C000FC06F8FF2100F6FFF65AD0FF84001F007B
:10E4D00086EF30007DB9C9FFD6FCF7FF9245F4FF07
:10E4E000C221C9FF193905000C61040041CDDAFFD2
:10E4F0001BB03E00E77234003B00CDFFC77C1A0022
:10E5000024190300E55E2B00991129003A7AD8FFFF
:10E51000714D13001CE13D008409130051F02500EA
:10E52000465A18001885C6FFBE14130091382800FB
:10E5300090DBC9FF8950D2FF3F851C004B0B1D00AB
:10E54000A6F6EFFFBEA8EBFF1BE112003E5ECDFF7B
:10E550002F2DEAFFE41DF9FFC70614008372320075
:10E560006E0DE2FF5379ECFF99401D007825D9FF2D
:10E57000AD05EBFF05E41600E7DB0B00E81D22000C
:10E58000CFF8330034B9F7FF0CCAD4FFF87FE6FFA9
:10E5900057D1E3FF1B91D8FF122CC7FFD8100900F9
:10E5A0001F5EC6FF5846E1FF8B1D2500B77325008F
:10E5B0008F7CFDFF98DD1D0098683300BBD40200FE
:10E5C000A793EDFFBE6CCFFF1C7C020008AA1800C9
:10E5D00071FD2D00A55C0C009A37190067A1C7FFDB
:10E5E0003D8CE4FF3CA1D1FF39C5350015013B004E
:10E5F000C01D0400F7C42100F41BF1FFE7351A0029
:10E600000E340700457DF9FFD04C1A00AE7CE4FFC4
:10E6100068261D00988EE6FF3326EFFFDA05FCFF23
:10E62000DB7FC5FF6427D3FFAFE1DDFFDD93F9FF9B
:10E63000091DDDFF93CC02000518F1FF2A9C18008C
:10E64000A9E5C9FF508AF7FF2CCF3B004E43FFFFDF
:10E65000DF36EBFFCA153C00685E1500B616F3FF07
:10E66000CE291E00010000000609608648016503EE
:10E6700004020400020000000609608648016503E8
:10E6800004020100030000000609608648016503DA
:10E6900004020200040000000609608648016503C8
:10E6A00004020300050000000609608648016503B6
:10E6B00004020500060000000609608648016503A3
:10E6C0000402060007000000060960864801650391
:10E6D000040207000800000006096086480165037F
:10E6E000040208000900000006096086480165036D
:10E6F000040209000A00000006096086480165035B
:10E7000004020A000B000000060960864801650348
:10E7100004020B000C000000060960864801650336
:10E7200004020C00FFFFFFFFFFFFFFFFFFFFFFFFE3
:10E73000FFFFFFFFFFFFFFFFFFFFFFFFFFFFFFFFE9
:10E74000ECFB0AFD99FE13FAD5058E051F01CA00E0
:10E7500055FF6E022906B600C2034EFB3EFABC0509
:10E760003D02D3FA08017F01C3FCB205BEF97EFF6A
:10E7700057FDF903DC026002FAF99B0133FFDDF972
:10E78000C7048C02D8FDF703F3FAD305E6FEF8F9C7
:10E790000402F8FFC0FE66FDAEF976FB7E00BD0503
:10E7A000ABFCA6FFF1FE3E036B0073FA09FF49FCC8
:10E7B00072FEC1031CFA2BFDC001D7FBA50205FBAD
:10E7C000B1FBAE012B024B031DFB67030E06690074
:10E7D000A6014B02B10015FFDDFE34FE26067506CC
:10E7E0000AFF0A0387046DFFF7FCCB05A6FD5F0453
:10E7F000CAF9840298FC5D01A201490164FFB5FFDA
:10E80000310349045B0262022A05FBFA47FA8001E0
:10E8100041FB78FFC204C9FA96FCDC005DFB85F978
:10E820005FFB06FA02FB1A031AFAAAFC9AFCDE0145
:10E8300094FFCCFEE403DF03BE034CFAF2055C0652
:10E8400001000000000000008280000000000000C5
:10E850008A800000000000800080008000000080AE
:10E860008B8000000000000001000080000000001C
:10E87000818000800000008009800000000000808E
:10E880008A00000000000000880000000000000076
:10E8900009800080000000000A00008000000000E5
:10E8A0008B800080000000008B00000000000080D2
:10E8B00089800000000000800380000000000080CC
:10E8C0000280000000000080800000000000008046
:10E8D0000A800000000000000A00008000000080A4
:10E8E00081800080000000808080000000000080A7
:10E8F000010000800000000008800080000000800F
:10E900000000000000000000A5130100B113010089
:10E91000DFA00200DFA00200DFA00200DFA00200F3
:10E92000DFA00200DFA00200DFA002000000000064
:10E930000000000000000000D1130100DD13010001
:10E94000DFA00200DFA00200DFA00200DFA00200C3
:10E95000DFA00200DFA00200DFA00200DFA00200B3
:10E96000001B362D6C775A41637C777BF26B6FC549
:10E970003001672BFED7AB76CA82C97DFA5947F0C2
:10E98000ADD4A2AF9CA472C0B7FD9326363FF7CC9E
:10E9900034A5E5F171D8311504C723C31896059A3B
:10E9A000071280E2EB27B27509832C1A1B6E5AA05E
:10E9B000523BD6B329E32F8453D100ED20FCB15B49
:10E9C0006ACBBE394A4C58CFD0EFAAFB434D3385B2
:10E9D00045F9027F503C9FA851A3408F929D38F586
:10E9E000BCB6DA2110FFF3D2CD0C13EC5F974417BD
:10E9F000C4A77E3D645D197360814FDC222A908834
:10EA000046EEB814DE5E0BDBE0323A0A4906245CBF
:10EA1000C2D3AC629195E479E7C8376D8DD54EA924
:10EA20006C56F4EA657AAE08BA78252E1CA6B4C6F0
:10EA3000E8DD741F4BBD8B8A703EB5664803F60E49
:10EA4000613557B986C11D9EE1F8981169D98E9438
:10EA50009B1E87E9CE5528DF8CA1890DBFE6426851
:10EA600041992D0FB054BB1652096AD53036A538DE
:10EA7000BF40A39E81F3D7FB7CE339829B2FFF87A6
:10EA8000348E4344C4DEE9CB547B9432A6C2233D8A
:10EA9000EE4C950B42FAC34E082EA16628D924B23B
:10EAA000765BA2496D8BD12572F8F664866898165C
:10EAB000D4A45CCC5D65B6926C704850FDEDB9DABB
:10EAC0005E154657A78D9D8490D8AB008CBCD30AA9
:10EAD000F7E45805B8B34506D02C1E8FCA3F0F0285
:10EAE000C1AFBD0301138A6B3A9111414F67DCEA54
:10EAF00097F2CFCEF0B4E67396AC7422E7AD3585CD
:10EB0000E2F937E81C75DF6E47F11A711D29C589D6
:10EB10006FB7620EAA18BE1BFC563E4BC6D27920B8
:10EB20009ADBC0FE78CD5AF41FDDA8338807C731C1
:10EB3000B11210592780EC5F60517FA919B54A0DB9
:10EB40002DE57A9F93C99CEFA0E03B4DAE2AF5B02E
:10EB5000C8EBBB3C83539961172B047EBA77D6264A
:10EB6000E169146355210C7D0000000000000000E5
:10EB70008D180100A11801007B140100DFA0020024
:10EB8000DFA0020075170100F5170100B31801009E
:10EB90000001020408102040801B36FFFFFFFFFF2A
:10EBA0000000000000000000B9220100E122010085
:10EBB000D51F0100E11F01009B210100B5200100CC
:10EBC000E91F0100F322010075210100E51F01008A
:10EBD000D32101001F220100F521010000000000E7
:10EBE00008C9BCF367E6096A3BA7CA8485AE67BB60
:10EBF0002BF894FE72F36E3CF1361D5F3AF54FA58B
:10EC0000D182E6AD7F520E511F6C3E2B8C68059B66
:10EC10006BBD41FBABD9831F79217E1319CDE05B1E
:10EC200000000000000000004D2401006D240100E0
:10EC3000F5230100F923010015240100CD2901006D
:10EC4000532A0100FD230100172B0100492B01006D
:10EC500022AE28D7982F8A42CD65EF239144377191
:10EC60002F3B4DECCFFBC0B5BCDB8981A5DBB5E903
:10EC700038B548F35BC2563919D005B6F111F159D0
:10EC80009B4F19AFA4823F9218816DDAD55E1CAB01
:10EC9000420203A398AA07D8BE6F7045015B831296
:10ECA0008CB2E44EBE853124E2B4FFD5C37D0C5551
:10ECB0006F897BF2745DBE72B196163BFEB1DE8049
:10ECC0003512C725A706DC9B942669CF74F19BC13A
:10ECD000D24AF19EC1699BE4E3254F388647BEEFD7
:10ECE000B5D58C8BC69DC10F659CAC77CCA10C248F
:10ECF00075022B596F2CE92D83E4A66EAA84744A01
:10ED0000D4FB41BDDCA9B05CB5531183DA88F97638
:10ED1000ABDF66EE52513E981032B42D6DC631A86D
:10ED20003F21FB98C82703B0E40EEFBEC77F59BF51
:10ED3000C28FA83DF30BE0C625A70A934791A7D53C
:10ED40006F8203E05163CA06706E0E0A67292914A8
:10ED5000FC2FD246850AB72726C9265C38211B2EF0
:10ED6000ED2AC45AFC6D2C4DDFB3959D130D38531D
:10ED7000DE63AF8B54730A65A8B2773CBB0A6A7630
:10ED8000E6AEED472EC9C2813B358214852C7292C6
:10ED90006403F14CA1E8BFA2013042BC4B661AA843
:10EDA0009197F8D0708B4BC230BE5406A3516CC7FC
:10EDB0001852EFD619E892D110A96555240699D6B4
:10EDC0002A20715785350EF4B8D1BB3270A06A1075
:10EDD000C8D0D2B816C1A41953AB4151086C371E24
:10EDE00099EB8EDF4C774827A8489BE1B5BCB0343F
:10EDF000635AC9C5B30C1C39CB8A41E34AAAD84E21
:10EE000073E363774FCA9C5BA3B8B2D6F36F2E68E7
:10EE1000FCB2EF5DEE828F74602F17436F63A578AD
:10EE200072ABF0A11478C884EC39641A0802C78C5C
:10EE3000281E6323FAFFBE90E9BD82DEEB6C50A46E
:10EE40001579C6B2F7A3F9BE2B5372E3F27871C6F7
:10EE50009C6126EACE3E27CA07C2C021C7B886D128
:10EE60001EEBE0CDD67DDAEA78D16EEE7F4F7DF5F0
:10EE7000BA6F1772AA67F006A698C8A2C57D630A82
:10EE8000AE0DF9BE04983F111B471C13350B711BC7
:10EE9000847D0423F577DB289324C7407BABCA32FB
:10EEA000BCBEC9150ABE9E3C4C0D109CC4671D43D8
:10EEB000B6423ECBBED4C54C2A7E65FC9C297F5908
:10EEC000ECFAD63AAB6FCB5F1758474A8C19446CB3
:10EED000657870616E642033322D62797465206BC1
:10EEE000B02AAE7DEECBBBB1FC036FDDDC7D766777
:10EEF0000CE81F0DA3A0AA1EB0BD726B2B4C8A7E1E
:10EF000034FC3760F41E22A00BFB188460A57772D6
:10EF1000982F8A4291443771CFFBC0B5A5DBB5E984
:10EF20005BC25639F111F159A4823F92D55E1CABF8
:10EF300098AA07D8015B8312BE853124C37D0C5586
:10EF4000745DBE72FEB1DE80A706DC9B74F19BC1CE
:10EF5000C1699BE48647BEEFC69DC10FCCA10C24BE
:10EF60006F2CE92DAA84744ADCA9B05CDA88F976A2
:10EF700052513E986DC631A8C82703B0C77F59BF0C
:10EF8000F30BE0C64791A7D55163CA066729291438
:10EF9000850AB72738211B2EFC6D2C4D130D3853D5
:10EFA00054730A65BB0A6A762EC9C281852C729297
:10EFB000A1E8BFA24B661AA8708B4BC2A3516CC7C5
:10EFC00019E892D1240699D685350EF470A06A10FE
:10EFD00016C1A419086C371E4C774827B5BCB0344D
:10EFE000B30C1C394AAAD84E4FCA9C5BF36F2E68EB
:10EFF000EE828F746F63A5781478C8840802C78C7A
:10F00000FAFFBE90EB6C50A4F7A3F9BEF27871C67C
:10F010000000000000000000D1310100F1310100CA
:10F02000593101005D31010061310100E13301001E
:10F0300045340100B93101000335010035350100C7
:10F040000000000000000000A1350100C1350100F2
:10F050007B1401009D350100D335010075170100B7
:10F06000F5170100B318010059F1B226949BD6EBB5
:10F0700056B183829A14E00030D1F3EEF2808E19FB
:10F08000E7FCDF56DCD90624A3DDB7A5B38ADE6D25
:10F09000F5525177809FF0207DE3AB648E4EEA6697
:10F0A00065768BD70F5F8767EDD3F55C1A631258CF
:10F0B000D69CF7A2DEF9DE1400000000000000007C
:10F0C00000000000000000101B132C0AA3E59CEDBB
:10F0D000A72963085D210621EBFFFFFFFFFFFFFF6C
:10F0E000FFFFFFFFFFFFFFFF0F0000000100000018
:10F0F0000000000000000000000000000000000010
:10F100000000000000000000000000001AD5258F5C
:10F11000602D56C9B2A7259560C72C695CDCD6FD69
:10F1200031E2A4C0FE536ECDD336692158666666BF
:10F13000666666666666666666666666666666666F
:10F14000666666666666666666666666FFFFFFFFFB
:10F150000000000000000000E93C0100F53C010057
:10F16000DFA00200DFA00200DFA00200DFA002009B
:10F17000DFA00200DFA0020000000000000000008D
:10F18000213E0100493E0100153D0100213D0100E5
:10F19000D13D0100F73D0100253D01007B3D01000F
:10F1A0005B3E0100000000000000000000000000C5
:10F1B000A53E0100B93E0100DFA00200DFA0020071
:10F1C000DFA00200DFA00200DFA00200DFA002003B
:10F1D000DFA00200DFA00200DFA00200DFA002002B
:10F1E000DFA002000000000000000000000000009E
:10F1F000F53F01001D400100E13E0100E53E010038
:10F20000F53E0100953F010039420100E93E010051
:10F21000D73F010000000000657870616E64203106
:10F22000362D62797465206B00657870616E64209C
:10F2300033322D62797465206B0041424344454668
:10F240004748494A4B4C4D4E4F50515253545556D6
:10F250005758595A6162636465666768696A6B6C7E
:10F260006D6E6F707172737475767778797A3031EC
:10F2700032333435363738392B2F00FF0820000160
:10F280002FFCFFFFFEFFFFFFFFFFFFFFFFFFFFFF62
:10F29000FFFFFFFFFFFFFFFFFFFFFFFFFFFFFFFF7E
:10F2A000414136D08C5ED2BF3BA048AFE6DCAEBA5F
:10F2B000FEFFFFFFFFFFFFFFFFFFFFFFFFFFFFFF5F
:10F2C0009817F8165B81F259D928CE2DDBFC9B02EA
:10F2D000070B87CE9562A055ACBBDCF97E66BE7984
:10F2E000B8D410FB8FD0479C195485A648B417FD9D
:10F2F000A808110EFCFBA45D65C4A32677DA3A4882
:10F3000007000000000000000000000000000000F6
:10F3100000000000000000000000000000000000ED
:10F32000F9580100394D0100A54D010008200001E8
:10F33000FFFFFFFFFFFFFFFFFFFFFFFF00000000D9
:10F34000000000000000000001000000FFFFFFFFC0
:10F35000512563FCC2CAB9F3849E17A7ADFAE6BC77
:10F36000FFFFFFFFFFFFFFFF00000000FFFFFFFFA9
:10F3700096C298D84539A1F4A033EB2D817D03774F
:10F38000F240A463E5E6BCF847422CE1F2D1176BEA
:10F39000F551BF376840B6CBCE5E316B5733CE2BBD
:10F3A000169E0F7C4AEBE78E9B7F1AFEE242E34FEC
:10F3B0004B60D2273E3CCE3BF6B053CCB0061D6529
:10F3C000BC86987655BDEBB3E7933AAAD835C65AB2
:10F3D000A55701000D4B0100714B01003031323354
:10F3E0003435363738396162636465660063626458
:10F3F00065666768696A6B6C6E7274757600637CAB
:10F40000777BF26B6FC53001672BFED7AB76CA8274
:10F41000C97DFA5947F0ADD4A2AF9CA472C0B7FD24
:10F420009326363FF7CC34A5E5F171D8311504C7E2
:10F4300023C31896059A071280E2EB27B275098359
:10F440002C1A1B6E5AA0523BD6B329E32F8453D1FA
:10F4500000ED20FCB15B6ACBBE394A4C58CFD0EFEF
:10F46000AAFB434D338545F9027F503C9FA851A329
:10F47000408F929D38F5BCB6DA2110FFF3D2CD0C47
:10F4800013EC5F974417C4A77E3D645D19736081D8
:10F490004FDC222A908846EEB814DE5E0BDBE032A9
:10F4A0003A0A4906245CC2D3AC629195E479E7C874
:10F4B000376D8DD54EA96C56F4EA657AAE08BA78E8
:10F4C000252E1CA6B4C6E8DD741F4BBD8B8A703E8A
:10F4D000B5664803F60E613557B986C11D9EE1F841
:10F4E000981169D98E949B1E87E9CE5528DF8CA18F
:10F4F000890DBFE6426841992D0FB054BB16010239
:10F500000408102040801B3680000000000000002E
:10F5100000000000000000000000000000000000EB
:10F5200000000000000000000000000000000000DB
:10F5300000000000000000000000000000000000CB
:10F5400000000000000000000000000000000000BB
:10F5500000000000000000000000000000000000AB
:10F56000000000000000000000000000000000009B
:10F57000000000000000000000000000000000008B
:10F58000000000000000000022AE28D7982F8A4219
:10F59000CD65EF23914437712F3B4DECCFFBC0B5C8
:10F5A000BCDB8981A5DBB5E938B548F35BC25639C8
:10F5B00019D005B6F111F1599B4F19AFA4823F92B2
:10F5C00018816DDAD55E1CAB420203A398AA07D856
:10F5D000BE6F7045015B83128CB2E44EBE85312450
:10F5E000E2B4FFD5C37D0C556F897BF2745DBE72AA
:10F5F000B196163BFEB1DE803512C725A706DC9B0F
:10F60000942669CF74F19BC1D24AF19EC1699BE4F3
:10F61000E3254F388647BEEFB5D58C8BC69DC10F0D
:10F62000659CAC77CCA10C2475022B596F2CE92D6D
:10F6300083E4A66EAA84744AD4FB41BDDCA9B05C05
:10F64000B5531183DA88F976ABDF66EE52513E98F6
:10F650001032B42D6DC631A83F21FB98C82703B0E6
:10F66000E40EEFBEC77F59BFC28FA83DF30BE0C6C3
:10F6700025A70A934791A7D56F8203E05163CA0675
:10F68000706E0E0A67292914FC2FD246850AB72707
:10F6900026C9265C38211B2EED2AC45AFC6D2C4D40
:10F6A000DFB3959D130D3853DE63AF8B54730A653A
:10F6B000A8B2773CBB0A6A76E6AEED472EC9C28196
:10F6C0003B358214852C72926403F14CA1E8BFA2F1
:10F6D000013042BC4B661AA89197F8D0708B4BC290
:10F6E00030BE5406A3516CC71852EFD619E892D118
:10F6F00010A96555240699D62A20715785350EF430
:10F70000B8D1BB3270A06A10C8D0D2B816C1A41943
:10F7100053AB4151086C371E99EB8EDF4C7748276D
:10F72000A8489BE1B5BCB034635AC9C5B30C1C39B9
:10F73000CB8A41E34AAAD84E73E363774FCA9C5BF6
:10F74000A3B8B2D6F36F2E68FCB2EF5DEE828F7471
:10F75000602F17436F63A57872ABF0A11478C8844B
:10F76000EC39641A0802C78C281E6323FAFFBE9086
:10F77000E9BD82DEEB6C50A41579C6B2F7A3F9BEE1
:10F780002B5372E3F27871C69C6126EACE3E27CAFB
:10F7900007C2C021C7B886D11EEBE0CDD67DDAEA1C
:10F7A00078D16EEE7F4F7DF5BA6F1772AA67F006BB
:10F7B000A698C8A2C57D630AAE0DF9BE04983F1194
:10F7C0001B471C13350B711B847D0423F577DB2845
:10F7D0009324C7407BABCA32BCBEC9150ABE9E3C4F
:10F7E0004C0D109CC4671D43B6423ECBBED4C54CE5
:10F7F0002A7E65FC9C297F59ECFAD63AAB6FCB5F29
:10F800001758474A8C19446C18F80200C4F80200D3
:10F8100048F8020094F80200050000008DF802008C
:10F820001C000000400000003D730100397301001E
:10F8300035730100297301000D730100F572010099
:10F84000EF720100EB720100070000007FF8020078
:10F8500030000000800000009973010095730100E2
:10F8600091730100857301006973010051730100F8
:10F870004D73010049730100534841353132005343
:10F8800048413338340053484132353600534841FB
:10F89000323234000800000078F802004000000016
:10F8A000800000009F7301009573010091730100B7
:10F8B0008B73010069730100517301004D730100E6
:10F8C000497301000600000086F8020020000000D5
:10F8D00040000000437301003973010035730100DB
:10F8E0002F7301000D730100F5720100EF7201002A
:10F8F000EB7201008000000000000000000000002A
:10F9000000000000000000000000000000000000F7
:10F9100000000000000000000000000000000000E7
:10F9200000000000000000000000000000000000D7
:10F9300000000000982F8A4291443771CFFBC0B578
:10F94000A5DBB5E95BC25639F111F159A4823F92AA
:10F95000D55E1CAB98AA07D8015B8312BE85312403
:10F96000C37D0C55745DBE72FEB1DE80A706DC9BC4
:10F9700074F19BC1C1699BE48647BEEFC69DC10F70
:10F98000CCA10C246F2CE92DAA84744ADCA9B05CAC
:10F99000DA88F97652513E986DC631A8C82703B06F
:10F9A000C77F59BFF30BE0C64791A7D55163CA067D
:10F9B00067292914850AB72738211B2EFC6D2C4D89
:10F9C000130D385354730A65BB0A6A762EC9C28177
:10F9D000852C7292A1E8BFA24B661AA8708B4BC20D
:10F9E000A3516CC719E892D1240699D685350EF437
:10F9F00070A06A1016C1A419086C371E4C774827EE
:10FA0000B5BCB034B30C1C394AAAD84E4FCA9C5B63
:10FA1000F36F2E68EE828F746F63A5781478C884B4
:10FA20000802C78CFAFFBE90EB6C50A4F7A3F9BE96
:10FA3000F27871C625642E2564006086480165034E
:10FA40000402040069642D736861323234006086F8
:10FA5000480165030402010069642D736861323551
:10FA600036006086480165030402020069642D7354
:10FA7000686133383400608648016503040203007E
:10FA800069642D736861353132002A864886F70D26
:10FA900001010100727361456E6372797074696F60
:10FAA0006E00525341002A8648CE3D02010069642F
:10FAB0002D65635075626C69634B65790047656EAF
:10FAC00065726963204543206B6579002B810401D1
:10FAD0000C0069642D65634448004543206B6579DB
:10FAE00020666F722045434448002A864886F70DF9
:10FAF00001010E00736861323234576974685253E1
:10FB000041456E6372797074696F6E005253412083
:10FB100077697468205348412D323234002A864870
:10FB200086F70D01010B0073686132353657697431
:10FB300068525341456E6372797074696F6E0052FA
:10FB400053412077697468205348412D323536007F
:10FB50002A864886F70D01010C007368613338343A
:10FB600057697468525341456E6372797074696F56
:10FB70006E005253412077697468205348412D33F9
:10FB80003834002A864886F70D01010D007368613C
:10FB900035313257697468525341456E63727970DA
:10FBA00074696F6E0052534120776974682053481E
:10FBB000412D353132002A864886F70D01010A00B1
:10FBC0005253415353412D50535300FF3AFA020010
:10FBD0000900000044FA020015FB020005000000C5
:10FBE0004EFA02000900000058FA020048FB020029
:10FBF0000600000062FA0200090000006CFA020030
:10FC00007BFB02000700000076FA020009000000FA
:10FC100080FA0200AEFB02000800000000000000B5
:10FC200000000000000000000000000000000000D4
:10FC300041DB0000000000000100000000000000A7
:10FC400000000000000000000000000000000000B4
:10FC500000000000000000000000000000000000A4
:10FC60000000000000000000000000000000000094
:10FC70000000000000000000000000000000000084
:10FC80000000000000000000000000000000000074
:10FC90000000000000000000000000000000000064
:10FCA0000000000000000000000000000000000054
:10FCB000657870616E642033322D62797465206BD3
:10FCC000090000000000000000000000000000002B
:10FCD0000000000000000000000000000000000024
:10FCE00043626F72496E746567657254797065001E
:10FCF00043626F7242797465537472696E675479A6
:10FD000070650043626F7254657874537472696EE3
:10FD100067547970650043626F7241727261795401
:10FD20007970650043626F724D617054797065003F
:10FD300043626F72546167547970650043626F72F9
:10FD400053696D706C65547970650043626F7242DF
:10FD50006F6F6C65616E547970650043626F724EAF
:10FD6000756C6C547970650043626F72556E646592
:10FD700066696E6564547970650043626F724861AC
:10FD80006C66466C6F6174547970650043626F7283
:10FD9000466C6F6174547970650043626F72446F92
:10FDA00075626C655479706500496E76616C696442
:10FDB000207479706500696400646973706C61799E
:10FDC0004E616D650069636F6E00616C67007075F0
:10FDD000626C69632D6B657900726B0075760068E3
:10FDE0006D61632D73656372657400637265645041
:10FDF000726F7465637400617070732E6372702E1D
:10FE0000746F0200EBAEE329090A5B5192E0BD1367
:10FE10002D5C22C6D18A4D23FC8EFD4A21AFA8E479
:10FE2000C8FD935400617070732E6F6E6C796B65B2
:10FE3000792E696F0200AE3C14A610DEE7C1611C8A
:10FE40008BDCE653705E43B54D089D25317C942CC8
:10FE5000F05169DCC7AA004572726F722072657337
:10FE6000706F6E736520746F6F206C6172676520B0
:10FE7000746F2073746F7265004572726F72206DBB
:10FE8000616C666F726D656420726573706F6E73FE
:10FE900065004572726F7200998F358B2DD24CBE02
:10FEA000A43AE8107438DFB30079D699DF01914B9A
:10FEB00010B9035467E7CE8231005532465F56329F
:10FEC000002F776F726B2F61726475696E6F2F6C84
:10FED00069627261726965732F6669646F322F633C
:10FEE0007461702E637070004649444F5F325F301A
:10FEF000004649444F5F325F315F50524500706C9D
:10FF0000617400637265644D676D7400636C69654C
:10FF10006E7450696E0073696700783563007061B4
:10FF2000636B6564004572726F7220757365204F54
:10FF30004B4445435259505420666F722064657299
:10FF40006976656420582D57696E67206465636122
:10FF50007073756C6174696F6E004572726F722098
:10FF60006D657373616765206661696C65642061A6
:10FF7000757468656E7469636174696F6E0045724B
:10FF8000726F722073746F726564206B657920756F
:10FF90007365206F766572204649444F32206E6F3C
:10FFA0007420656E61626C656400308202CF3082BD
:10FFB0000275A003020102020100300A06082A8627
:10FFC00048CE3D040302307B310B30090603550453
:10FFD00006130255533117301506035504080C0E4D
:10FFE0004E6F727468204361726F6C696E61311478
:10FFF0003012060355040A0C0B43727970746F5467
:020000023000CC
:10000000727573743110300E060355040B0C0752D1
:100010006F6F74204341310F300D06035504030CFC
:10002000066372702E746F311A301806092A8648DA
:1000300086F70D010901160B696E666F40637270D9
:100040002E746F3020170D3139303830393132325B
:100050003630385A180F323036393037323731327D
:10006000323630385A30818D310B30090603550451
:1000700006130255533117301506035504080C0EAC
:100080004E6F727468204361726F6C696E613114D7
:100090003012060355040A0C0B43727970746F54C6
:1000A0007275737431223020060355040B0C19410C
:1000B000757468656E74696361746F7220417474DD
:1000C0006573746174696F6E310F300D06035504EA
:1000D000030C066372702E746F311A301806092AE9
:1000E000864886F70D010901160B696E666F40633D
:1000F00072702E746F3059301306072A8648CE3D31
:10010000020106082A8648CE3D0301070342000487
:1001100078076610CF5B050795D2B6425D4EADF00D
:1001200065340A90C8AA8A6213DB95A04B0C95FC33
:10013000828F2DF84B79DD3EE9F00228A68CE8622B
:10014000154E3BA9E684602D7576DD9D9A2C4C6A90
:10015000A381D43081D1301D0603551D0E04160431
:1001600014DBA0676363C4F7F571ED00820F92D3CF
:1001700065657687483081970603551D2304818F76
:1001800030818CA17FA47D307B310B300906035573
:100190000406130255533117301506035504080C95
:1001A0000E4E6F727468204361726F6C696E6131BC
:1001B000143012060355040A0C0B43727970746FE5
:1001C00054727573743110300E060355040B0C070E
:1001D000526F6F74204341310F300D0603550403F5
:1001E0000C066372702E746F311A301806092A8655
:1001F0004886F70D010901160B696E666F40637240
:10020000702E746F820900A5857B46325AE6E13074
:10021000090603551D1304023000300B0603551D5B
:100220000F0404030204F0300A06082A8648CE3D73
:100230000403020348003045022100A56A92506A77
:10024000981821E59B3C2E7652C9CED1B40F962941
:10025000BC3C891D241589B3FF9336022039DD7417
:1002600035FD8BEF381EC38DE53F74CD68B0771830
:100270004184A2408F58281BA81715B7320030823E
:1002800002D930820280A003020102020101300A79
:1002900006082A8648CE3D040302307B310B300924
:1002A000060355040613025553311730150603553E
:1002B00004080C0E4E6F727468204361726F6C6993
:1002C0006E6131143012060355040A0C0B43727927
:1002D00070746F54727573743110300E06035504C8
:1002E0000B0C07526F6F74204341310F300D060322
:1002F0005504030C066372702E746F311A301806A1
:10030000092A864886F70D010901160B696E666F8A
:10031000406372702E746F3020170D3232303232DB
:10032000313230313133315A180F323037323032C6
:1003300030393230313133315A30818D310B30091F
:10034000060355040613025553311730150603559D
:1003500004080C0E4E6F727468204361726F6C69F2
:100360006E6131143012060355040A0C0B43727986
:1003700070746F5472757374312230200603550403
:100380000B0C1941757468656E74696361746F72E2
:10039000204174746573746174696F6E310F300D30
:1003A00006035504030C066372702E746F311A3005
:1003B0001806092A864886F70D010901160B696E91
:1003C000666F406372702E746F3059301306072ABF
:1003D0008648CE3D020106082A8648CE3D03010725
:1003E00003420004F0C70606BB77AB8D81A523133B
:1003F0005E50871BE0C9E4ED521DEE4C62425E1D6B
:100400004CFF9A79FCDFDCDC4163A20D06A0E374AB
:100410007CC6692198FA383EF4582D485CEA554369
:1004200087DB7ED6A381DF3081DC301D0603551DBE
:100430000E04160414C16DDB03C0DE975740F69618
:10044000D94817BDE125CBB4A43081A20603551DC0
:100450002304819A308197A17FA47D307B310B30BA
:1004600009060355040613025553311730150603C8
:100470005504080C0E4E6F727468204361726F6CE5
:10048000696E6131143012060355040A0C0B437275
:100490007970746F54727573743110300E06035591
:1004A000040B0C07526F6F74204341310F300D065F
:1004B000035504030C066372702E746F311A3018E2
:1004C00006092A864886F70D010901160B696E6632
:1004D0006F406372702E746F8214537A3BBC672036
:1004E000A6FBE3CDE9AA2AA0B804FA56940C300979
:1004F0000603551D1304023000300B0603551D0F73
:100500000404030204F0300A06082A8648CE3D049B
:100510000302034700304402205C3C9E62C4EB2689
:10052000CC11A7CE7218265E9707E0D22C7705A5CE
:100530000EE7EB79D2FE07E0A20220475ACCBBEFD0
:100540000D3D782FEC123A15706926C11719913BB1
:1005500066AD8A0DCE0BA28D8315B5008C2790F663
:100560000015191519151915000100003F8DFF1F01
:1005700012000000000200006A8DFF1F82000000D0
:1005800000220300EC8DFF1F21000000002103006A
:10059000D58DFF1F0900000000220000F48CFF1F12
:1005A0004B000000002100007C8DFF1F09000000AF
:1005B000002201000D8EFF1F22000000002101001B
:1005C000958DFF1F09000000002202002F8EFF1FE3
:1005D0002200000000210200B58DFF1F090000006D
:1005E00000030000628EFF1F0000000000030904EA
:1005F000628EFF1F0000000001020000628EFF1FDC
:100600000000000001030904528DFF1F00000000DC
:1006100002030904528EFF1F0000000003030904B7
:10062000668EFF1F000000000000000000000000B8
:10063000000000004008FE4340A004404408FE4380
:1006400044A004400018FE4300C004403000FE43B4
:10065000309004403400FE43349004401C18FE43A4
:100660001CC004401018FE4310C004400818FE438C
:1006700008C004400C18FE430CC004400C10FE439C
:100680000CB004401010FE4310B004401810FE439C
:1006900018B004401C10FE431CB004401410FE436C
:1006A00014B004400418FE4304C004400010FE438C
:1006B00000B004400008FE4300A004400408FE43CC
:1006C00004A004400C08FE430CA004400808FE43AC
:1006D00008A004401418FE4314C004401818FE4338
:1006E00018C004400410FE4304B004400810FE4348
:1006F00008B004401400FE43149004404C08FE432C
:100700004CA004400420FE4304D004402410FE43C7
:1007100024B004402010FE4320B004402810FE43C3
:1007200028B004402C10FE432CB004400020FE43AF
:1007300000D004404808FE4348A004401000FE4397
:1007400010900440090AFFFFFFFFFFFFFFFFFFFFBC
:10075000FFFFFF0D00060807FFFF0E0FFF0CFFFF56
:10076000FFFFFFFF0B056FF07F030370037813F0AB
:10077000800FFBD07047050E08090D0C06070F040B
:10078000001303931A9217C585848687C40D0AFF48
:1007900000000000000000003DB0020043B0020075
:1007A0002DB0020031B0020035B0020039B00200B5
:1007B00000000000000000004BB00200E7AF0200A4
:1007C0000000000000000000000000000000000029
:1007D0000000000000000000000000000000000019
:1007E0000000000000000000000000000000000009
:1007F00000000000000000000000000000000000F9
:1008000000000000000000000000000000000000E8
:1008100000000000000000000000000000000000D8
:100820004300FFFF8C8EFF1F232D302B2000686CB0
:100830004C00656667454647003031323334353603
:10084000373839414243444546003031323334353C
:100850003637383961626364656600FFF8B500BFFA
:10086000F8BC08BC9E46704701B40248844601BCEF
:10087000604700BF718CFF1F350400002D1400007D
:100880005D1A0000592100003924000005D700003E
:08089000392F010059B00200EC
:080898003CAEFF7F01000000EF
:1008A0008023037003781B06FCD57047000000000E
:1008B00001000000010000000123456789ABCDEF76
:1008C000FEDCBA9876543210F0E1D2C32C0100005D
:1008D000300000000300000061C8FF1F0305000294
:1008E0000203030305000005C5C2FF1F1E00000030
:1008F000698F01006D8F01000300DD0211C5D7E390
:100900002BD5642DF81CEA3BCDA79A64B788EECAB4
:10091000977603AD44ED327A61C71F920000D3028F
:100920000100000005010906A101050719E029E7FA
:100930001500250175019508810295017508050CC2
:1009400009B881019505750105081901290591026C
:10095000950175039101950675081500257F05071A
:100960001900297F8100097695087508B102C01227
:1009700001000200000040501DFC60000101020364
:1009800001001803430052005900500054004F006A
:100990005400520055005300540009028200040123
:1009A0000080320904000001030101020921110144
:1009B0000001224B00070587030800050904010018
:1009C0000203000002092111010001222200070593
:1009D00083034000050705040340000509040200E5
:1009E0000203000002092111010001222200070573
:1009F00085034000050705060340000509040300C0
:100A00000203000000092111010001222100070555
:100A100081034000050705020320000206C9FF0903
:100A200004A15C7508150026FF0095400975810238
:100A300095200976910295040976B102C006D0F19D
:100A40000901A1010920150026FF007508954081C4
:100A5000020921150026FF00750895409102C00685
:100A6000ABFF0902A1010920150026FF00750895BA
:100A70004081020921150026FF007508954091026A
:100A8000C00010034F004E004C0059004B004500C1
:100A90005900040309040C030000000000000000DA
:100AA000000000000000000000000000080000003E
:100AB000E0FFFF1FFFFFFFFF0A040000000000002F
:100AC000C0070300E0070300000803000000000067
:100AD00000000000000000000000000020080300EB
:100AE0000000000000000000000000000000000006
:100AF00000000000000000000000000000000000F6
:100B000000000000000000000000000000000000E5
:100B10000000000000000000000000008C8EFF1F9D
:00000001FF
