:1000000000800020BD0100007D550200495502001E
:100010004955020049550200495502004955020060
:100020004955020049550200495502007D5502001C
:100030007D550200495502007D55020039550200E8
:100040007D5502007D5502007D5502007D55020060
:100050007D5502007D5502007D5502007D55020050
:100060007D5502007D5502007D5502007D55020040
:100070007D5502007D5502007D5502007D55020030
:100080007D5502007D5502007D5502007D55020020
:100090007D5502007D5502007D5502007D55020010
:1000A0007D5502007D5502007D5502007D55020000
:1000B0007D5502007D5502007D5502007D550200F0
:1000C0007D5502007D5502007D5502007D550200E0
:1000D0007D5502007D5502007D5502007D550200D0
:1000E0007D5502007D5502007D5502007D550200C0
:1000F0007D5502001D7602007D55020091700200C0
:100100007D5502004D6B02007D5502007D550200B9
:100110007D5502007D5502007D5502007D5502008F
:100120007D5502007D5502007D5502007D5502007F
:100130007D5502007D5502007D5502007D5502006F
:100140007D5502007D5502007D5502007D5502005F
:100150007D5502007D5502007D5502007D5502004F
:100160007D55020061B901007D5502007D550200F8
:100170007D5502007D5502007D5502007D5502002F
:100180007D5502007D5502007D5502007D5502001F
:100190007D5502007D5502007D5502007D5502000F
:1001A0007D5502007D5502007D5502007D550200FF
:1001B0007D5502007D5502007D550200564B4CF2E4
:1001C000205210B51A804DF628121A8000BF00BFC9
:1001D00025F0D8F9514B4FF010621A60504A9A60DE
:1001E000504ADA60A3F53043203B1A6812F480725B
:1001F00004D14D490A604FF4A8521A604B4B1A784B
:10020000110703D51A7842F008021A70484B2A22C7
:100210001A700023474A48499818884204D247492F
:10022000595899500433F5E7454A464B9A424FF0E6
:10023000000302D242F8043BF7E74349434A5958C6
:1002400099500433B3F5DE7FF7D1414B802103F899
:10025000011B40498B42F9D13F4B1A603F4B0A22A8
:100260001A70A3F5805324225A70A0221A709A792A
:100270009207FCD59A79D406FCD4394B9A7902F0CE
:100280000C02082AF9D105221A7143225A719A796F
:100290009006FCD5324B9A795106FBD5314A4FF086
:1002A000817111600521516020221A702C4B9B79BD
:1002B00003F00C030C2BF9D12B4B2C4A1A602C4B5E
:1002C0002C4A1A6000225A60072243F8042C2A4A5A
:1002D000C3F80C2D62B61CF037F9134B1B68DA0714
:1002E00005D526481BF0BCFF254B264A1A60264B35
:1002F0001B785B0609D5224C224A2368934204D11D
:100300001E481BF0ADFF0023236028F07BF825F08A
:100310003FF926F0F1F9FEE70E2005403080044059
:10032000823F04000100002B14D0034002D007409C
:1003300000E00740708CFF1FF08EFF1F5CC80200BA
:10034000F08EFF1FD4E6FF1F000000000082FF1F99
:1003500000E400E05FE400E008ED00E0005006404B
:10036000004006404480044004800440C010050062
:1003700014E000E03F19010000002020339FA96A2B
:100380001CE00340A5C3945A00F00740FFFFFFFFA5
:10039000FFFFFFFFFFFFFFFFFFFFFFFFFFFFFFFF6D
:1003A000FFFFFFFFFFFFFFFFFFFFFFFFFFFFFFFF5D
:1003B000FFFFFFFFFFFFFFFFFFFFFFFFFFFFFFFF4D
:1003C000FFFFFFFFFFFFFFFFFFFFFFFFFFFFFFFF3D
:1003D000FFFFFFFFFFFFFFFFFFFFFFFFFFFFFFFF2D
:1003E000FFFFFFFFFFFFFFFFFFFFFFFFFFFFFFFF1D
:1003F000FFFFFFFFFFFFFFFFFFFFFFFFFFFFFFFF0D
:10040000FFFFFFFFFFFFFFFFFFFFFFFFFEFFFFFFFD
:1004100010B5054C237833B9044B13B10448AFF33E
:1004200000800123237010BDF08EFF1F000000002C
:100430005CC8020008B5064B1BB106480649AFF37D
:1004400000800648036813B1054B03B1984708BD07
:10045000000000005CC80200F48EFF1FF08EFF1F3A
:100460000000000008B5C8201CF058F8074A002317
:10047000137053709370D37013715371044A1370D7
:10048000044A1370BDE8084025F082BAC4E4FF1F97
:10049000CAE4FF1FCBE4FF1FF8B51A4B1A481B4EE6
:1004A0001B4F00251D701B4B01241C7001F032FCFA
:1004B000194B1A481C602022294628F003F808230B
:1004C000337025F065FA0F233B7025F061FAFFF7D2
:1004D000C9FF347025F05CFA0923337025F058FA0F
:1004E00014233B7025F054FA4FF4FA701CF016F800
:1004F0000B4B1D7025F04CFAFFF7B4FF094B0A4A6D
:100500001A60F8BD99BAFF1FFCBAFF1FCAE4FF1FAB
:10051000C4E4FF1F808CFF1F848CFF1F1091FF1FFE
:10052000CBE4FF1F0CED00E00400FA052DE9F04FCD
:10053000964C9FB0002305460DF10F00237002F08A
:10054000ADF9934B1B7823B99DF80F3003F00F03DF
:1005500005E0012B08D19DF80F301B090C339D429B
:1005600002D1FFF799FFCBE18A4E2946304602F0CF
:1005700021F9317811B9304602F01CF9337813B9FA
:10058000844B04221A700DF10E00294603F058F92D
:100590009DF80E90C9F3C0038DF80E307E4B1F7886
:1005A000002F40F0AD817D4E394640220EA827F045
:1005B00089FF3946FB22304627F084FF0EA82946E2
:1005C00005F05AFDB0F1000826DD754BCDF800802E
:1005D0000EA8E9B20F2209F0BFFD9DF83830082BB4
:1005E0000CD108F1FF380DF139003146424623782D
:1005F0000BF0FCFE012784F800800DE042462378D2
:100600000EA831460BF0F2FE5FFA88F3022208F1E1
:100610000108F25484F80080002140220EA827F03F
:1006200051FF0EA8294603F097F99DF83830C9F319
:10063000800A5BB1AFB91E2B00F25C81984623782B
:1006400008F10A02F2540133237054E1BAF1000FA9
:100650000AD05FB9B84623780122F25413442370BC
:1006600005E04FF0000802E0D04600E098460EA8F2
:10067000294606F04BF8B0F1000A11DDCDF800A0D4
:100680000EA8E9B20222464B09F066FD52462378D5
:1006900042490EA80BF0AAFE23789A4484F800A0E1
:1006A00009F0030A0EA80021402227F00BFFBAF13F
:1006B000000F0BD057B9BAF1010F02D0BAF1020FF7
:1006C00004D1237806F803A00133237000214022CF
:1006D0000EA827F0F7FE0EA8294603F0C9F99DF8E9
:1006E00038B00BF1FF331D2B07D837B923780BF146
:1006F0000A02F2540133237001E04FF0000B0EA800
:10070000294602F0CFFDB0F1000A11DDCDF800A0BE
:100710000EA8E9B20522224B09F01EFD52462378AD
:100720001E490EA80BF062FE23789A4484F800A0BC
:10073000C9F3011A0EA80021402227F0C3FEBAF126
:10074000000F0BD057B9BAF1010F02D0BAF1020F66
:1007500004D1237806F803A001332370002140223E
:100760000EA827F0AFFE0EA8294603F00DFA9DF85B
:1007700038A00AF1FF331D2B14D89FB923780AF152
:100780000A02F254013323700EE000BF348FFF1FC2
:1007900030BBFF1FA48CFF1F55BAFF1F508FFF1FD8
:1007A0001091FF1F4FF0000A0EA80021402227F0F1
:1007B00089FE9DF80E302BB127B923780122F2541F
:1007C000134423700EA8294603F09AFA9DF8383096
:1007D000002B7AD0672B46D129460EA806F0F0FAF6
:1007E000494F00900646E9B20EA80922474B09F08E
:1007F000B3FC237832460EA839460BF0F7FD32469B
:100800000EA904A801F08AFE01F0F0FE404400EBBE
:100810000B01514404A801F085FE064601F022FFB9
:10082000237858B94E22FA541F4453224F237B7029
:10083000FA7054234522BB703A710BE03278FA54B7
:100840001F4472787A70B378BB70F378FB70337999
:100850003B7173797B7123780EA806330021402207
:10086000237027F02FFE9DF83830274E792B0BD1BF
:10087000274B1B78022B07D02078002130440AF048
:100880006FF923782C3323709DF83830322B01D048
:10089000592B0DD11E4B1B78022B09D02078E9B2C1
:1008A00030440AF05DF92378203303EB40002070D8
:1008B0009DF83830752B08D1154B1B78022B04D0CE
:1008C00023780922F254013323705FEAD9130E4BC7
:1008D00004D02278012199540A44227019F0400F63
:1008E00004D022780221995401322270227800210A
:1008F000995405E0B846BAF1000F7FF4ACAEB6E605
:100900001FB0BDE8F08F00BF508FFF1F1091FF1F79
:1009100030BBFF1F0A4B1A780A4B18681AB90A4AEB
:100920005278022A01D1243807E0012A01D12A385D
:1009300003E0032A0CBF1E383038FFF7F7BD00BFB5
:1009400030BBFF1FE09BFF1F88BAFF1F0D4B1A78BB
:100950000D4B18681AB90D4A5278022A01D1243871
:1009600007E0012A01D12A3803E0032A0CBF1E3810
:100970003038074B1B78092B0CBF03300630FFF7CC
:10098000D5BD00BF30BBFF1FE09BFF1F88BAFF1F14
:10099000B78CFF1FF0B5ADF5844D9BB0054646F210
:1009A0006004684621464FF4804205F03DFA46F265
:1009B00060039C4204D1284669464FF4804210E00F
:1009C0002B460DF5804605F14007186859683246F8
:1009D00003C20833BB421646F7D12846694644F2A3
:1009E0004002002314F050FF044B04F580449C4265
:1009F000D7D10DF5844D1BB0F0BD00BF60A0030042
:100A000010B5464B1B6804461878A0F13103082B3B
:100A100006D84FF47A73303858431BF07FFD42E01C
:100A200074285CD072285ED03D4B1B78002B3AD0E6
:100A30001CB125F043F8002435E0702832D0682836
:100A400055D0752855D06F2855D0652855D06428C5
:100A500055D0622855D04C2855D0522855D055280D
:100A600055D0442855D0452855D0632804D12D4B66
:100A70001A7842F0010213E0732804D1294B1A7846
:100A800042F002020CE0612804D1264B1A7842F0B1
:100A9000040205E0672806D1224B1A7842F00802CA
:100AA0001A7000E04624204B1A780AB91C7012E034
:100AB0005A780AB95C700EE09A780AB99C700AE01C
:100AC000DA780AB9DC7006E01A790AB91C7102E01A
:100AD0005A7902B95C71BDE8104024F059BF002C6E
:100AE000A7D12B24DFE7002CA3D12824DBE74A245D
:100AF000D9E74B24D7E74E24D5E74D24D3E74C2440
:100B0000D1E72A24CFE75024CDE74F24CBE7522466
:100B1000C9E75124C7E72924C5E700BF4C90FF1F50
:100B200020BBFF1FCAE4FF1FC4E4FF1F2DE9F041F3
:100B3000614B624A1B781078614C4BB1AA2807D1EF
:100B400021680A7822B1092A02D001312160F3E735
:100B500022685C4E15783778DFF864819DB95A4871
:100B60005A4900F0FBFF5848594901F028F830462F
:100B7000294601F01FFE3378002B40F09A800423B1
:100B80003370BDE8F08117FB07F7032697FBF6F6F5
:100B9000012D4FEAC6064FEA470704D1002B77D153
:100BA0004FF22B006AE0022D04D1002B70D14FF2DE
:100BB000280063E0092D15D1464B1B78022B78D015
:100BC000454C01232360454B1E681D4606F57A6699
:100BD0002268002A61D02B68B3425ED200200AF05E
:100BE000FDFEF5E7A5F10A01C8B215280DD8002BC6
:100BF0005FD14FF47A7048431BF090FCD8F8003076
:100C00000133C8F80030BDE8F081202D34D151788F
:100C10005C2931D10132C8F800209BB1BDE8F081D8
:100C20005C2B14D1264B01321A600020FFF7E8FE3E
:100C300030461BF073FC23685A1C22605A78202A25
:100C400007D04AB122681378002BE9D112E00120C5
:100C5000ECE71B4A0233136024F07CFF30461BF0A4
:100C60005DFC24F077FFFFF7FDFB3846BDE8F0415F
:100C70001BF054BCBDE8F08153B9284624F01EFF98
:100C800030461BF04BFC24F065FF38461BF046FC59
:100C9000236801332360BDE8F08100230A480B4933
:100CA000236000F05BFF08480949BDE8F04100F00F
:100CB00086BFBDE8F08100BF55BAFF1FD6B9FF1F40
:100CC0004C90FF1FA48CFF1F8490FF1F388FFF1FC5
:100CD0000C8FFF1F30BBFF1F80BCFF1FCCE2FF1F2C
:100CE00008B5054806F02AFE044B012205201A70BB
:100CF00006F032FFF5E700BFFC8F0200D6B9FF1FF8
:100D00002DE9F74F9F4F3B7804465BB99E4B1B780C
:100D1000092B05D1142803DD9C4B1A6803321A6095
:100D20002D2000E0002006F0CDFE994B1A68022A23
:100D3000994601DDFFF7D4FF964E336801333360E7
:100D4000954B1A7892B3684601F0C2FD9DF80030C9
:100D5000BBB101A801F0AFFD9DF80430132B0AD9F7
:100D600000238E48FF221A540133202BF9D108F0BA
:100D700019FB002003E001338DF8043001A801F0D5
:100D8000A2FD874B1A6801321A609DF80030326864
:100D90000133DBB201320A2B8DF80030326032D8D9
:100DA000684601F09DFD7C4A00231370DFF8F08156
:100DB000764DD8F8003029787A480133C8F80030E9
:100DC00000F09BFF336801333360774B1B684FF0B3
:100DD000030BB3FBFBF202EB4202981A03EA0B038C
:100DE00018441BF09BFB3A78C246002A34D16D4868
:100DF00000F0AAFF80BB6B4801F0E0F860BB6948D7
:100E000001F0DAF910B106F0B5FD95E2D8F800303E
:100E1000664C0133C8F800302368092B02DC01332B
:100E2000236089E25C4B01251D70D9F800302B440A
:100E3000C9F800305E4B58461D7006F08DFE6846BE
:100E400001F046FD574800F065FFD9F800302560F5
:100E5000022B40F371826DE7DAF8002097F80080EA
:100E60000132CAF80020B8F1000F3FD1404601F02E
:100E700037FD4C4800F04EFF4E4BC9F800801A7801
:100E80001D4622B94C480AF009FD06F057FD484CB2
:100E90004A494B4800F062FE207806F003FB5520DB
:100EA00006F004FF474B1B78022B264606D015F0B0
:100EB00045FE002001F007FD0BF0A2FA424B434A29
:100EC000196811602A78012038701C4612B1307000
:100ED00006F0E8FA2568C8352368AB4203D2002043
:100EE0000AF07CFDF8E71AF0F9FB25E2384A1078A1
:100EF000A0B9542C12DD2A68312A09D1314A12785E
:100F0000022A0BD0204B1B78092B13D1062012E0AC
:100F1000322A1BD12B4A1278022A0FD12D4A12688D
:100F2000DAB1092A1FDD0A2A58D106F065FD2B68BF
:100F3000312B09D1012008F029FBFDE1124B1B7870
:100F4000092B01D10520F6E70220F4E7332AE5D189
:100F50001C4A1278022AEED1E0E71F4A1268002AE2
:100F600000F0EA813AE0134B1B78002B00F0E4819B
:100F70000F4C2D230120237006F0EEFD012323707A
:100F8000DAE100BF99BAFF1FB78CFF1FE09BFF1F7C
:100F90004C8FFF1F8890FF1F808CFF1FB090FF1F9A
:100FA0008C90FF1FFCBAFF1FF8BAFF1F848CFF1F35
:100FB000D6B9FF1F28BBFF1F5C900200208FFF1FC8
:100FC0008490FF1F30BBFF1FCCE2FF1F4CBBFF1FF5
:100FD0005CBAFF1F74BAFF1F149CFF1F914A92480E
:100FE0000021117091490B68036091480078022834
:100FF0008B46914600F073818E4801780129804626
:101000000AD18D4A92F800C02A68624519D18B4AEC
:101010001278B2B102230BE002290BD1884A92F870
:1010200000C02A6862450CD1844A12784AB1032371
:10103000037081E1032904D1824A10782A68824230
:1010400007D0814A1278012A03D0804A1278012AF7
:1010500005D17A4A127812B17D4A12787AB90329F9
:101060007B4A05D11078F52802D17448007830B950
:101070001278F62A40D1714A1278002A3CD0042313
:10108000714A88F8003000231370714C6F4A137056
:101090002378ED2B06D16F4803716378437103F019
:1010A00099FF22E0F02B06D16A48037163784371FF
:1010B00004F0A4F819E0F52B02D104F0DFF814E0F5
:1010C000F62B12D1644DDBF8006001232B6006F58E
:1010D0007A662B683BB1DBF80030B34203D20020C4
:1010E0000AF07CFCF5E700232B60002088F8000064
:1010F000207006F0DBFD1FE1A1B14F4A0023137001
:101100004F4A88F8003013704E4A0120137006F0E1
:10111000CDFD524806F012FC514BFF2118781BF010
:10112000F9F809E1A4F148026B2A10D82A68312A9B
:101130000DD1424A127852B94A484B4900F00EFD8F
:1011400009F036FD4748484900F039FDF4E0474AC8
:10115000117809290BD1B4F5B47F08DB2A68322A4B
:1011600008D1434A12782AB106F004FCB7E0472CB4
:1011700040F3B5802A68322A0DD130480078002823
:1011800049D1012006F034FB8B2C40F3D58001209F
:1011900006F084FAD0E0332A3DD1284800780028B0
:1011A00039D109291FD1B32C1DDC324B5A7822B911
:1011B000314A5421117001220CE0012A04D12E4A37
:1011C000D6211170022205E0022A05D12A4A802187
:1011D000117003225A70AFE0032A40F0AD80264A16
:1011E00058701070A8E0254B2548002401261E7079
:1011F0003C7000F08FFD234B23481E6020222146C7
:1012000027F060F91748214900F0D9FC204B214A0A
:101210002C601A6090E009293ED1B32C5FDD312AA1
:101220003DE000BF508FFF1F4CBBFF1FCCE2FF1FF4
:1012300030BBFF1F00BAFF1F48BBFF1F55BAFF1F7F
:1012400049BBFF1F4ABBFF1F9CBAFF1F98BAFF1F75
:10125000999BFF1F0CBAFF1F80BCFF1F70900200FC
:10126000F5BAFF1F8490FF1F0C8FFF1FB78CFF1F65
:1012700028BBFF1F88BAFF1FCCBAFF1F808CFF1F3F
:10128000FCBAFF1F848CFF1F1091FF1F208FFF1FD0
:101290000CED00E00400FA05472C20DD362A1ED1B3
:1012A000274A1278DAB931680131316025490124C1
:1012B0000C7025490978A1420BD03A70234A244882
:1012C000147000F027FD234A23482449146000F0DD
:1012D00076FCDAF800200132CAF800202CE0002069
:1012E00006F0F0FB142C05DC164B1B7813B9FFF746
:1012F00011FB14E0A4F11503442B05D8114B1B7806
:101300006BB9FFF723FB0AE0592C08DD0D4B1B7866
:101310002BB9134B012202201A7006F01DFC114B51
:101320000D481149C3F8009000F018FC0F4B0A4813
:101330000F491A7800F024FC03B0BDE8F08F00BF1D
:1013400055BAFF1F28BBFF1F88BAFF1F808CFF1FE5
:10135000FCBAFF1F848CFF1F8490FF1F208FFF1F8C
:10136000D6B9FF1F4C90FF1F0C8FFF1FA48CFF1FCF
:10137000388FFF1F73B5102024F020FF684B694E93
:10138000694C6A486A4D00221A706A4B06221A702C
:10139000694B01221A70694B16221A70684B17228A
:1013A0001A70684B11221A70674B0F221A70674B24
:1013B00010221A700E23202133701523237004F09D
:1013C000A2FD286000F09EFB307824F021FF009001
:1013D000207824F01DFF5E4B01901A6801321A60DC
:1013E0005C4B1B78442B16D05B48FFF7D3FA0224E2
:1013F000594EA319204613F8021C013424F0B6FDFF
:10140000422CF5D1304600214FF4006227F05AF803
:1014100044200BF001F92C687CB904F0EDFC4FF48A
:10142000F860032124F0A2FD4C4801F056F94C4B22
:1014300001221A704B4B1C7035E0464B1B78442B35
:101440002ED120214848494C04F0A0FD484804F022
:10145000B3FD484804F0E6FD0021204601F0AAF95A
:10146000454801F08DF923780BB9042323704348D4
:1014700001F0FAF9424801F004FA384801F025F980
:10148000404801F0E4F91BF0ADF8354B3E483F49C8
:1014900000221A70334B01221A7000F090FB02E018
:1014A0003B4B3C4A1A603C4B3C481A683C49013271
:1014B0001A6040F2FD720CF06BFE38486946022259
:1014C00004230CF01DFE0423344801A902220CF071
:1014D00017FE06F059FD06F0D5FA06F041FF2A483E
:1014E000304900F06CFB304B1B78092B15D12B6871
:1014F0004BB92E482E4C01230370237001F021F9C3
:10150000204601F02BF9174B1B7833B1294800F026
:101510001BFC10B10A20FFF7F3FB02B070BD00BF47
:1015200030BBFF1F14BBFF1F989BFF1F9090FF1F36
:10153000149CFF1FF5BAFF1F68BBFF1F69BBFF1F8D
:101540009ABAFF1F70BBFF1F21BBFF1FC1BBFF1F4C
:101550008890FF1F020002401C9CFF1FBC8CFF1FD5
:1015600099BAFF1F5CBAFF1FB090FF1FA48CFF1F2A
:10157000F090FF1FD090FF1F20BBFF1F15BBFF1F68
:101580009BBAFF1FCEE6FF1F8490FF1F208FFF1F17
:101590000CED00E00400FA058C90FF1FC4BBFF1F98
:1015A000649002000C8FFF1FB78CFF1F9CBAFF1FB7
:1015B00098BAFF1FFCBAFF1FF8B521201AF080FE71
:1015C000E8B94B4B1D6804461E46326840F6B733F7
:1015D000521B9A4207D864201AF0A0FF21201AF06B
:1015E0006FFE0444F1E754B92046012124F0BEFC0B
:1015F0000120014624F0BAFC3E4B3F4A1A603F4BA3
:101600003F4D1B7A012B0DD13E4B1B780BB12B7834
:1016100043B13D4B1B78032B02D0032004F0B8FBF1
:101620000AF054FC394B3A4C1A6801321A60394BB3
:101630001A680623B2FBF3F003FB10201AF06EFFCA
:101640002278354BDAB11A68002001321A600AF0AC
:10165000C5F9324B1B78ABB1314B1B6893B105F028
:1016600015FF304B1B786BB1214A11682E4A126866
:101670008A1A4EF660214B439A4221D202E01A6840
:1016800001321A602B784BB123783BB11D4B1B788C
:1016900023B9264B0120187005F004FF06F084FEE4
:1016A000234A12780A32D2B2012A04D82D20BDE88A
:1016B000F84006F007BAC8B1BDE8F840FFF720BB14
:1016C0001C4B1D48002601271F70267000F022FBCE
:1016D0001A4B1B481F602022314626F0F3FE1948A2
:1016E000194900F06CFA044A024BCAE7F8BD00BF82
:1016F000CCE2FF1F0CED00E00400FA055DBAFF1F0D
:1017000028BBFF1F55BAFF1FD8B9FF1F8890FF1FC6
:1017100099BAFF1FF8BAFF1F8C90FF1F5CBAFF1F1A
:10172000149CFF1FBC8CFF1F4CBBFF1FD6B9FF1FB3
:10173000D5B9FF1F808CFF1FFCBAFF1F848CFF1FD1
:101740001091FF1F8490FF1F208FFF1FF8B51D4FC2
:101750003B78092B30D11C4C0021204624F0E2FDBF
:1017600040B32379E12B25D163792F2B22D9174B55
:101770001B78FBB1164E3578E5B93B78092B19D1AA
:10178000144B154801221A7000F0C4FA0AF01CFE2E
:10179000124B0A201860124B1D60FFF7B1FA204669
:1017A0002946402226F08EFE337853B10D480AF0C8
:1017B00075F802E00C4800E00C48BDE8F84006F07F
:1017C000BDB8F8BDB78CFF1F0CBAFF1F5CBAFF1F76
:1017D00099BAFF1F808CFF1FFCBAFF1F848CFF1F6C
:1017E000E09BFF1F5C90020096900200A490020014
:1017F00008B524F071FB3221084A094800F022FAAA
:101800003221084A084800F01DFA0848084A4FF4F7
:101810007A71BDE8084000F015BA00BFB9150000A4
:101820000C8FFF1F2D0B0000388FFF1F208FFF1F15
:101830004D1700002DE9F04F0A46C9B00023CD5CDA
:10184000D47844EA0564557844EA0544957803F170
:10185000200644EA052404336D46402B745102F1FE
:101860000402ECD108AB002208AF9C6B5E6ABD5845
:10187000596835444FEA744686EAF44686EA942469
:101880002C444FEAF11585EAB14585EAD1010432CD
:101890002144C02A196403F10403E5D1026D0092CA
:1018A000436D426E0193856D836EC66D076E029522
:1018B0000396C56E0497059217469DE8140006939B
:1018C0001E46DDF80CC0049B02990795A84600252A
:1018D00005F1200BE9465BF809A0DFF8989055F870
:1018E0000990D1444FEAB31A8AEAF32A8AEA736A62
:1018F000D14426EA030B07EA030A8BEA0A0AD14419
:10190000C84481EA040901EA040A09EA020989EAE9
:101910000A094FEAB20A8AEA723A8AEAB25A0435E6
:10192000D144B5F5807FC444C14408D0B0463E469A
:101930001F4663468C46214614464A46C8E7009D2A
:101940004D440565019D2A444265029A039D144455
:10195000049A846562440266059A134429444366E6
:10196000079D069BC1651F442E448766C66649B025
:10197000BDE8F08FB0900200002303640022002332
:10198000C0E912230A4B03650A4B43650A4B836582
:101990000A4BC3650A4B03660A4B43660A4B8366D0
:1019A00003F17453A3F52303A3F69243C366704770
:1019B00067E6096A85AE67BB72F36E3C3AF54FA5E0
:1019C0007F520E518C68059BABD9831F2DE9F041E6
:1019D00006460F4601EB0208474516D0336C17F850
:1019E000012BF2540133402B3364F5D1304631469C
:1019F000FFF720FFD6E9124514F5007445F1000504
:101A00000023C6E912453364E6E7BDE8F081026CC5
:101A10002DE9F84F372A88464FF08001814602F1C0
:101A20000103815406D8382B14D0002209F8032072
:101A30000133F8E73F2B04D8002209F803200133D3
:101A4000F8E748464946FFF7F5FE484600213822A8
:101A500026F038FDD9F84030D900D9E912235218C0
:101A600043F100034FEA122A160C140E4AEA036AE5
:101A70004FEA132B46EA03461F0C44EA03241D0ECB
:101A8000C9E9122389F83B30494689F83F2089F893
:101A90003EA089F83D6089F83C4089F83AB089F861
:101AA000397089F838504846FFF7C4FE4346032191
:101AB000D9F85000CA00D0401870D9F85400D0406E
:101AC0001871D9F85800D0401872D9F85C00D0408D
:101AD0001873D9F86000D0401874D9F86400D04069
:101AE0001875D9F86800D0401876D9F86C0001391B
:101AF00020FA02F21A774A1C03F10103D8D1BDE89B
:101B0000F88FFFFF07B5064B06499A680092DA681E
:101B100001920CCB044826F009FF03B05DF804FBEA
:101B20005090FF1FB09102006090FF1F064B1A6893
:101B3000064B1A60064A12685A60064A12689A6092
:101B4000054A1268DA607047548004405090FF1FC5
:101B5000588004405C80044060800440036873B196
:101B60008B4205D11B69036070478A4204D013463B
:101B70001A69002AF9D102E00A691A6170477047B0
:101B800070B506460C461546FFF7E8FF33680BB9FB
:101B9000346004E01A690AB11346FBE71C611AF0CD
:101BA0009DFC23680322C01A4FF4FA536B43B5FB24
:101BB000F2F55D43002360602560236170BD38B598
:101BC00005460C46FFF7CAFF2B680BB92C6004E0F2
:101BD0001A690AB11346FBE71C611AF07FFC2368FF
:101BE000C01A00236060236138BD38B50C461AF076
:101BF00075FC6268236813449842054605D3626801
:101C0000934208D26268824205D86268954207D240
:101C100062689A4204D8A560E368204698476560E8
:101C200038BD38B505462C68002CFCD02146284626
:101C3000FFF7DBFF2469F7E708B50148FFF7F1FF7D
:101C40008490FF1F10B54FF47A746143C260002284
:101C500001604260026110BD4FF47A735943016024
:101C60007047FFFFF8B504460E4615461F46044A66
:101C7000FFF7E8FF6661E561A7612046F8BD00BF98
:101C8000A51C000010B50021044680F82010FFF7C5
:101C9000E3FF21460248BDE81040FFF790BF00BFB8
:101CA0008490FF1F10B590F8203004463BB9012303
:101CB00080F820304169BDE81040FFF7CDBF012B0F
:101CC00010D109482146FFF749FFE36913B9A0691C
:101CD00020B910BD2046984720B1F8E7BDE8104074
:101CE000FFF7D0BF10BD00BF8490FF1F00224161ED
:101CF00042740270704741617047437C102B07D0DB
:101D00005A1CD2B24274C15400238354012070473C
:101D100000207047002343740370704710B5446976
:101D200002782178002321B9D2F1010038BF0020C8
:101D300010BD914206D1E2185178C2180133102B20
:101D40005278F0D1002010BD2DE9F043B9B004461F
:101D500026F027FE8C4B00221A708C4A1278092A32
:101D6000054619460ED168B9894B224603F1100089
:101D700053F8045B42F8045B8342F9D101230B70F2
:101D8000102505E0062803D81E201AF0C7FBF6E050
:101D90001CA8FFF7F1FD21462A461CA8FFF716FEF6
:101DA00020221CA87B497C4CFFF710FE1CA80CA924
:101DB000FFF72DFE9DF8303023F007038DF830300B
:101DC0009DF84F3003F03F0343F040030CA900227D
:101DD00020468DF84F300BF051F91CA8FFF7CCFDD1
:101DE00014A800F082FD1CA814A91022FFF7EEFD34
:101DF0001CA86A491022FFF7E9FD20221CA82146F1
:101E0000FFF7E4FD21461CA8FFF701FE1CA8FFF721
:101E1000B3FD1CA814A91022FFF7D8FD1CA85F4928
:101E20001022FFF7D3FD20221CA85D49FFF7CEFD4D
:101E30001CA804A9FFF7EBFD5A4B9DF81050D3F8EE
:101E40000080594B20781A68531C02F11F0902F1D7
:101E5000200CC2EB08014B4503F1FF37C2F100062D
:101E6000194477D14F4B504C19608542276004D0FC
:101E70004D4B1A6801321A6081E00DF10F0000F03D
:101E80008CFC9DF80F504448012D28D104F0E0F857
:101E900018B94148454A0CA927E00CA9434A04A8AF
:101EA0000BF0ECF81CA8FFF767FD1CA814A9202272
:101EB000FFF78CFD1CA83E491022FFF787FD1CA8E8
:101EC00004A92022FFF782FD1CA832492022FFF737
:101ED0007DFD1CA80CA9FFF79AFD00952AE004F0EF
:101EE000B7F828B92C482E4A0CA90BF0C7F827E000
:101EF0000CA92B4A04A80BF0C1F81CA8FFF73CFD65
:101F00001CA814A92022FFF761FD1CA82849102253
:101F1000FFF75CFD1CA804A92022FFF757FD1CA8B1
:101F20001C492022FFF752FD1CA80CA9FFF76FFDEA
:101F30000123009318481E490CAA202303F0F2FD48
:101F400023681C4A01332360002313701A4A0120BE
:101F5000136015E0854204D0124B1960124B1F60CC
:101F600086E704A830442644C55CF05C1E46013375
:101F700063457FF46EAF0B4B19600B4B1E60002066
:101F800039B0BDE8F08300BF88BAFF1FB78CFF1FD0
:101F90007290FF1F9090FF1F1091FF1F7090FF1F06
:101FA000B090FF1F8890FF1F8C90FF1FD090FF1FE5
:101FB0006090FF1F30BBFF1FCCBAFF1F2DE9F0431D
:101FC000B9B0054626F0EDFC0628044603D81E20CD
:101FD0001AF0A4FA73E01CA8FFF7CEFC29462246AB
:101FE0001CA8FFF7F3FC20221CA86849684CFFF7E7
:101FF000EDFC1CA80CA9FFF70AFD9DF8303023F07A
:1020000007038DF830309DF84F3003F03F0343F065
:1020100040030CA9002220468DF84F300BF02EF81B
:102020001CA8FFF7A9FC14A800F05FFC1CA814A9C9
:102030001022FFF7CBFC1CA856491022FFF7C6FC64
:1020400020221CA82146FFF7C1FC21461CA8FFF74F
:10205000DEFC1CA8FFF790FC1CA814A91022FFF7B7
:10206000B5FC1CA84B491022FFF7B0FC20221CA88D
:102070004949FFF7ABFC1CA804A9FFF7C8FC474B74
:102080009DF81050D3F80080454B20781A68531CF7
:1020900002F11F0902F1200CC2EB08014B4503F1CC
:1020A000FF37C2F10006194457D13C4B3C4C196034
:1020B0008542276005D03A4B1A6801321A60002029
:1020C00060E00DF10F0000F068FB9DF80F30022B6F
:1020D00038D02F4803F0BCFF28B90CA9314A2C484E
:1020E0000AF0CCFF27E00CA92E4A04A80AF0C6FF8C
:1020F0001CA8FFF741FC1CA814A92022FFF766FCCE
:102100001CA829491022FFF761FC1CA804A9202261
:10211000FFF75CFC20221CA81C49FFF757FC1CA8F9
:102120000CA9FFF774FC0123009319481E490CAA5F
:10213000202303F0F7FC1D4B01221A701C4B542284
:102140001A7005E01B4A1278002AB8D1174A13709A
:10215000236801332360012014E0854204D00F4B33
:1021600019600F4B1F60A6E704A830442644C55CE5
:10217000F05C1E46013363458ED1084B1960084B55
:102180001E609CE739B0BDE8F08300BF9090FF1F50
:102190001091FF1F7090FF1FD090FF1F8890FF1FAE
:1021A0008C90FF1FB090FF1F6090FF1F30BBFF1F80
:1021B000CCBAFF1F28BBFF1F30B59DB0054626F0E7
:1021C000F0FB0628044603D81E201AF0A7F922E0E7
:1021D0006846FFF7D1FB2246684629460F4CFFF7B9
:1021E000F5FB202268460E49FFF7F0FB68462146C2
:1021F000FFF70DFC0B4920780A78002382420AD1B0
:10220000CA18E01801331E2B52784078F6D1131A01
:102210005842584100E000201DB030BD1091FF1F12
:102220009090FF1FF090FF1F23F056BE10B5084B93
:1022300000F14C0203F1140153F8044B42F8044B33
:102240008B42F9D10023036680F8483010BD00BFEF
:10225000888CFF1F2DE9F04F416D826DC36DD0F862
:102260004C80D0F850C085B09946019102920393FA
:102270004646134600240A466146E5B20F2D07D8AC
:1022800083EA020A0AEA010A8AEA030A334F3FE0B4
:1022900004F10D0B04F108070BF00F0B07F00F070B
:1022A0000BF1020B023705F00F0A50F8277050F8B7
:1022B0002BB000EB8A0A8BEA070BDAF808708BEA7E
:1022C000070BA71C07F00F070237132D50F82770D4
:1022D0008BEA07074FEAF777CAF80870D0D9272D9D
:1022E00005D882EA010A8AEA030A1D4F10E03B2D55
:1022F00009D842EA010A02EA01070AEA030A4AEA9D
:10230000070A184F04E082EA010A174F8AEA030A13
:1023100005F00F050235574450F82550013405EB00
:10232000F6653D44502C4D444FEAB10105D0994625
:1023300013460A4631462E469FE7019C21444165DB
:1023400002990A448265039A454466441344C5646D
:102350000665C36505B0BDE8F08F00BF9979825A64
:10236000A1EBD96EDCBC1B8FD6C162CA90F8483095
:1023700083F003020133DBB20244402B10B511722B
:10238000044680F8483004D1FFF764FF002384F846
:10239000483010BD08B5026E01320266FFF7E6FF55
:1023A000012008BD10B580210446FFF7DFFF94F837
:1023B0004830382B20464FF00001F6D1FFF7D6FF0A
:1023C00020460021FFF7D2FF20460021FFF7CEFF75
:1023D000216E2046490FFFF7C9FF216E2046C1F349
:1023E0004751FFF7C3FF216E2046C1F34731FFF786
:1023F000BDFF216E2046C1F34711FFF7B7FF216EE5
:10240000C900204601F0F801BDE81040FFF7AEBF5B
:1024100010B50446FFF7C6FF0023E2180433D16C61
:10242000142B09BAD164F8D104F14C0010BDF8B5F1
:1024300000F16406174604460D463046002140224E
:1024400026F040F8402F18DD2046FFF7EFFE2F441E
:10245000BD4206D0236815F8011B1B68204698472B
:10246000F6E72046FFF7D4FF00F1140250F8041BF2
:1024700046F8041B9042F9D104E0304629463A461A
:1024800019F072F82046FFF7D1FE254604F1400608
:1024900095F86410236820461B6881F036010135E9
:1024A0009847B542F4D1F8BD70B50446FFF7B0FFC8
:1024B00004F1A40300F1140250F8041B43F8041BB8
:1024C0009042F9D12046FFF7B1FE04F140062546BF
:1024D00095F86410236820461B6881F05C01013583
:1024E0009847B542F4D104F114062546236895F8BF
:1024F000A4101B68204601359847B542F6D1204606
:10250000BDE87040FFF784BF024B00221A71024AF7
:102510001A6070473091FF1FD091020080E80600DA
:102520007047FFFF1E2391FBF3F10B0E70B51E4E9B
:1025300003740B140446002543740B1281608374EA
:10254000C174057394E8060045738573C5733046FE
:10255000FFF76DFF336804F10C015B680822304619
:1025600098473046FFF7A0FF6061C37CE56103F048
:102570000F03A361E269C1181202E261495D0135EE
:102580000A43042DE261F5D1084B22F0004292FB90
:10259000F3F103FB1122E26120342046044926F0C6
:1025A000C5F9204670BD00BF3091FF1F40420F00AB
:1025B000D8910200074B1860074B1B681844074B63
:1025C0001860074B02221A70064B1A68064B1A60F5
:1025D000704700BFE891FF1F9C8CFF1FF891FF1F01
:1025E000EC91FF1FCCE2FF1FF491FF1F70B516495D
:1025F000164C0A68236816480068801AB0F57A7F7E
:1026000002F57A7603F1010502D32B463246F2E752
:10261000104D0A602A6823609A4213D80E4B1B683B
:1026200083B1984710B1FFF7C5FF0BE00B4B1A6859
:10263000064B1B6813442B60094B1A78003218BFF5
:1026400001221A70206870BDF491FF1FE891FF1FEE
:10265000CCE2FF1FF891FF1FF091FF1F9C8CFF1F22
:10266000EC91FF1F08B5FFF7C1FF014B187808BDBB
:10267000EC91FF1FF8B506460D468F180C46BC427C
:1026800006D0204623F05EFC731B18550134F6E794
:10269000F8BDF8B506460D468F180C46BC4206D06C
:1026A000731B2046195D23F061FC0134F6E7F8BD89
:1026B00008B54FF4D5610122FFF7DCFF012008BD0A
:1026C0004FF4D5610122FFF7E4BF08B540F2A961DC
:1026D0000122FFF7CFFF012008BD40F2A9610122CE
:1026E000FFF7D7BF08B540F2AA610122FFF7C2FF8A
:1026F000012008BD40F2AA610122FFF7CABF08B558
:1027000040F2D561D022FFF7B5FFD02008BD40F2DE
:10271000D561D022FFF7BDBF08B540F2AB61012201
:10272000FFF7A8FF012008BD40F2AB610122FFF7CF
:10273000B0BF08B540F2AC610122FFF79BFF01205A
:1027400008BD40F2AC610122FFF7A3BF08B540F21B
:10275000AD610122FFF78EFF012008BD40F2AD619F
:102760000122FFF796BF08B540F2A5710122FFF7DD
:1027700081FF012008BD40F2A5710122FFF789BF4A
:1027800008B540F2A6710122FFF774FF012008BDD1
:1027900040F2A6710122FFF77CBF08B540F2AE619E
:1027A0000122FFF767FF012008BD40F2AE61012260
:1027B000FFF76FBF10B5044629B940F2AF6101229F
:1027C000FFF758FF17E04B1E0B2B08D801F2CB7117
:1027D0000122FFF74FFF237803F00F030AE0A1F176
:1027E0000D030B2B07D801F2CB710122FFF742FF3B
:1027F00023781B092370012010BD70B501F2CB7640
:102800000D460446314601300122FFF733FF1DB962
:10281000204640F2AF6114E06B1E0B2B05D86378A5
:10282000227823F00F03134408E00D3D0B2D0DD843
:102830006378227803F00F0303EB02132370204622
:1028400031460122BDE87040FFF723BF70BD08B5D7
:102850004FF4D6610122FFF70DFF012008BD4FF4B0
:10286000D6610122FFF715BF08B540F2D3610122FE
:10287000FFF700FF012008BD40F2D3610122FFF7FE
:1028800008BF08B540F2BF710122FFF7F3FE012037
:1028900008BD40F2BF710122FFF7FBBE08B540F250
:1028A000D4610122FFF7E6FE012008BD40F2D461A9
:1028B0000122FFF7EEBE08B540F2B1610122FFF739
:1028C000D9FE012008BD40F2B1610122FFF7E1BE4F
:1028D00008B540F2B2610122FFF7CCFE012008BD2D
:1028E00040F2B2610122FFF7D4BE08B540F2B361F5
:1028F0002022FFF7BFFE202008BD40F2B361202256
:10290000FFF7C7BE08B540F21C610122FFF7B2FE17
:10291000012008BD40F21C610122FFF7BABE08B5D4
:1029200040F21D610122FFF7A5FE012008BD40F223
:102930001D610122FFF7ADBE08B540F21E61012204
:10294000FFF798FE012008BD40F21E610122FFF74B
:10295000A0BE08B540F21F610122FFF78BFE0120E7
:1029600008BD40F21F610122FFF793BE08B54FF486
:10297000C4610122FFF77EFE012008BD4FF4C4614F
:102980000122FFF786BE08B540F221610122FFF760
:1029900071FE012008BD40F221610122FFF779BEDE
:1029A00008B540F222610122FFF764FE012008BD54
:1029B00040F222610122FFF76CBE08B540F22361AC
:1029C0000122FFF757FE012008BD40F223610122DA
:1029D000FFF75FBE08B540F224610122FFF74AFE0F
:1029E000012008BD40F224610122FFF752BE08B564
:1029F00040F225610122FFF73DFE012008BD40F2B3
:102A000025610122FFF745BE08B540F2266101228B
:102A1000FFF730FE012008BD40F226610122FFF7DA
:102A200038BE08B540F227610122FFF723FE0120DE
:102A300008BD40F227610122FFF72BBE08B54FF415
:102A4000C5610122FFF716FE012008BD4FF4C561E4
:102A50000122FFF71EBE08B540F229610122FFF7EF
:102A600009FE012008BD40F229610122FFF711BED5
:102A700008B540F22A610122FFF7FCFD012008BDE4
:102A800040F22A610122FFF704BE08B540F22B6133
:102A90000122FFF7EFFD012008BD40F22B6101226A
:102AA000FFF7F7BD08B540F22C610122FFF7E2FD08
:102AB000012008BD40F22C610122FFF7EABD08B5F4
:102AC00040F22D610122FFF7D5FD012008BD40F243
:102AD0002D610122FFF7DDBD08B540F22E61012214
:102AE000FFF7C8FD012008BD40F22E610122FFF76B
:102AF000D0BD08B540F22F610122FFF7BBFD0120D8
:102B000008BD40F22F610122FFF7C3BD08B54FF4A5
:102B1000C6610122FFF7AEFD012008BD4FF4C6617A
:102B20000122FFF7B6BD08B540F231610122FFF77F
:102B3000A1FD012008BD40F231610122FFF7A9BDCE
:102B400008B540F232610122FFF794FD012008BD73
:102B500040F232610122FFF79CBD08B540F23361BB
:102B60000122FFF787FD012008BD40F233610122F9
:102B7000FFF78FBD08B5AC210122FFF77BFD0120D7
:102B800008BDAC210122FFF784BD08B5AD210122AB
:102B9000FFF770FD012008BDAD210122FFF779BDCF
:102BA00008B5AE210122FFF765FD012008BDAE2169
:102BB0000122FFF76EBD08B5AF210122FFF75AFDD4
:102BC000012008BDAF210122FFF763BD08B5B02188
:102BD0000122FFF74FFD012008BDB0210122FFF7C0
:102BE00058BD08B5B1210122FFF744FD012008BD01
:102BF000B1210122FFF74DBD08B5B2210122FFF737
:102C000039FD012008BDB2210122FFF742BD08B500
:102C1000B3210122FFF72EFD012008BDB3210122BF
:102C2000FFF737BD08B5B4210122FFF723FD0120CE
:102C300008BDB4210122FFF72CBD08B5B521012242
:102C4000FFF718FD012008BDB5210122FFF721BDC6
:102C500008B5B6210122FFF70DFD012008BDB62100
:102C60000122FFF716BD08B5B7210122FFF702FDCB
:102C7000012008BDB7210122FFF70BBD08B5B8211F
:102C80000122FFF7F7FC012008BDB8210122FFF760
:102C900000BD08B5B9210122FFF7ECFC012008BDF9
:102CA000B9210122FFF7F5BC08B5BA210122FFF7CF
:102CB000E1FC012008BDBA210122FFF7EABC08B5FA
:102CC000BB210122FFF7D6FC012008BDBB21012258
:102CD000FFF7DFBC08B5BC210122FFF7CBFC0120C8
:102CE00008BDBC210122FFF7D4BC08B5BD210122DB
:102CF000FFF7C0FC012008BDBD210122FFF7C9BCC0
:102D000008B5BE210122FFF7B5FC012008BDBE2198
:102D10000122FFF7BEBC08B5BF210122FFF7AAFCC4
:102D2000012008BDBF210122FFF7B3BC08B5C021B7
:102D30000122FFF79FFC012008BDC0210122FFF7FF
:102D4000A8BC08B5C1210122FFF794FC012008BDF1
:102D5000C1210122FFF79DBC08B5C2210122FFF766
:102D600089FC012008BDC2210122FFF792BC08B5F1
:102D7000C3210122FFF77EFC012008BDC3210122EF
:102D8000FFF787BC08B564210122FFF773FC01201F
:102D900008BD64210122FFF77CBC08B56521012232
:102DA000FFF768FC012008BD65210122FFF771BC17
:102DB00008B566210122FFF75DFC012008BD6621F0
:102DC0000122FFF766BC08B567210122FFF752FC1C
:102DD000012008BD67210122FFF75BBC08B568210F
:102DE0000122FFF747FC012008BD68210122FFF7FF
:102DF00050BC08B569210122FFF73CFC012008BD49
:102E000069210122FFF745BC08B56A210122FFF7BD
:102E100031FC012008BD6A210122FFF73ABC08B548
:102E20006B210122FFF726FC012008BD6B21012246
:102E3000FFF72FBC08B56C210122FFF71BFC012016
:102E400008BD6C210122FFF724BC08B56D210122C9
:102E5000FFF710FC012008BD6D210122FFF719BC0E
:102E600008B56E210122FFF705FC012008BD6E2187
:102E70000122FFF70EBC08B56F210122FFF7FAFB14
:102E8000012008BD6F210122FFF703BC08B57021A6
:102E90000122FFF7EFFB012008BD70210122FFF79F
:102EA000F8BB08B571210122FFF7E4FB012008BD42
:102EB00071210122FFF7EDBB08B572210122FFF756
:102EC000D9FB012008BD72210122FFF7E2BB08B542
:102ED00073210122FFF7CEFB012008BD73210122DF
:102EE000FFF7D7BB08B574210122FFF7C3FB012010
:102EF00008BD74210122FFF7CCBB08B57521012262
:102F0000FFF7B8FB012008BD75210122FFF7C1BB07
:102F100008B576210122FFF7ADFB012008BD76211F
:102F20000122FFF7B6BB08B577210122FFF7A2FB0C
:102F3000012008BD77210122FFF7ABBB08B578213E
:102F40000122FFF797FB012008BD78210122FFF73E
:102F5000A0BB08B579210122FFF78CFB012008BD39
:102F600079210122FFF795BB08B57A210122FFF7ED
:102F700081FB012008BD7A210122FFF78ABB08B539
:102F80007B210122FFF776FB012008BD7B21012276
:102F9000FFF77FBB08B540F264610122FFF76AFBCF
:102FA000012008BD40F264610122FFF772BB08B541
:102FB00040F265610122FFF75DFB012008BD40F290
:102FC00065610122FFF765BB08B540F26661012229
:102FD000FFF750FB012008BD40F266610122FFF7B8
:102FE00058BB08B540F267610122FFF743FB01209F
:102FF00008BD40F267610122FFF74BBB08B54FF4F3
:10300000CD610122FFF736FB012008BD4FF4CD61F1
:103010000122FFF73EBB08B540F269610122FFF7CC
:1030200029FB012008BD40F269610122FFF731BB95
:1030300008B540F26A610122FFF71CFB012008BDC0
:1030400040F26A610122FFF724BB08B540F26B61D0
:103050000122FFF70FFB012008BD40F26B61012246
:10306000FFF717BB08B540F26C610122FFF702FBC6
:10307000012008BD40F26C610122FFF70ABB08B5D0
:1030800040F26D610122FFF7F5FA012008BD40F220
:103090006D610122FFF7FDBA08B540F26E610122B1
:1030A000FFF7E8FA012008BD40F26E610122FFF748
:1030B000F0BA08B540F26F610122FFF7DBFA012098
:1030C00008BD40F26F610122FFF7E3BA08B54FF483
:1030D000CE610122FFF7CEFA012008BD4FF4CE6188
:1030E0000122FFF7D6BA08B540F271610122FFF75D
:1030F000C1FA012008BD40F271610122FFF7C9BA8F
:1031000008B540F272610122FFF7B4FA012008BD50
:1031100040F272610122FFF7BCBA08B540F2736158
:103120000122FFF7A7FA012008BD40F273610122D6
:10313000FFF7AFBA08B540F274610122FFF79AFABF
:10314000012008BD40F274610122FFF7A2BA08B560
:1031500040F275610122FFF78DFA012008BD40F2AF
:1031600075610122FFF795BA08B540F27661012238
:10317000FFF780FA012008BD40F276610122FFF7D7
:1031800088BA08B540F277610122FFF773FA01208F
:1031900008BD40F277610122FFF77BBA08B54FF412
:1031A000CF610122FFF766FA012008BD4FF4CF611D
:1031B0000122FFF76EBA08B540F279610122FFF7EC
:1031C00059FA012008BD40F279610122FFF761BA86
:1031D00008B540F27A610122FFF74CFA012008BDE0
:1031E00040F27A610122FFF754BA08B540F27B61E0
:1031F0000122FFF73FFA012008BD40F27B61012266
:10320000FFF747BA08B546211022FFF733FA10201E
:1032100008BD46211022FFF73CBA38B505460C46DA
:1032200011B9622102220BE04B1E172B0AD801F2C2
:1032300063610122FFF71EFA681C04F2A6710122E5
:10324000FFF718FA022038BD38B505460C4611B90B
:10325000622102220BE04B1E172B0CD801F2636196
:103260000122FFF716FA681C04F2A6710122BDE8DC
:103270003840FFF70EBA38BD08B55C210622FFF7CB
:10328000F9F9062008BD5C210622FFF702BA08B54D
:1032900056210622FFF7EEF9062008BD5621062228
:1032A000FFF7F7B937B501390446172900F2558100
:1032B000DFE811F01800240031003E004B005800F8
:1032C000650072007F008C009900A600B300C0006A
:1032D000CD00DA00E700F40001010E011B01280116
:1032E000350142010DF10700FFF70CFB9DF8075077
:1032F0002046382DA8BF3825DC2129E10DF1070033
:10330000FFF70DFB9DF807502046382DA8BF382544
:103310004FF48A711CE10DF10700FFF70DFB9DF8DA
:1033200007502046382DA8BF38254FF4A6710FE16D
:103330000DF10700FFF70DFB9DF807502046382DD3
:10334000A8BF38254FF4C27102E10DF10700FFF765
:103350000DFB9DF807502046382DA8BF38254FF4A7
:10336000DE71F5E00DF10700FFF70DFB9DF807504A
:103370002046382DA8BF38254FF4FA71E8E00DF14A
:103380000700FFF70DFB9DF807502046382DA8BF1A
:1033900038254FF40B71DBE00DF10700FFF70DFB53
:1033A0009DF807502046382DA8BF38254FF41971D5
:1033B000CEE00DF10700FFF70DFB9DF8075020460A
:1033C000382DA8BF38254FF42771C1E00DF1070053
:1033D000FFF70DFB9DF807502046382DA8BF382574
:1033E0004FF43571B4E00DF10700FFF70DFB9DF8C8
:1033F00007502046382DA8BF38254FF44371A7E069
:103400000DF10700FFF70DFB9DF807502046382D02
:10341000A8BF38254FF451719AE00DF10700FFF76E
:103420000DFB9DF807502046382DA8BF38254FF4D6
:103430005F718DE00DF10700FFF70DFB9DF8075060
:103440002046382DA8BF38254FF46D7180E00DF16E
:103450000700FFF70DFB9DF807502046382DA8BF49
:1034600038254FF47B7173E00DF10700FFF70DFB7A
:103470009DF807502046382DA8BF382540F224413A
:1034800066E00DF10700FFF70DFB9DF807502046A1
:10349000382DA8BF382540F25C4159E00DF10700F6
:1034A000FFF70DFB9DF807502046382DA8BF3825A3
:1034B00040F294414CE00DF10700FFF70DFB9DF841
:1034C00007502046382DA8BF382540F2CC413FE0B8
:1034D0000DF10700FFF70DFB9DF807502046382D32
:1034E000A8BF382540F2045132E00DF10700FFF784
:1034F0000DFB9DF807502046382DA8BF382540F217
:103500003C5125E00DF10700FFF70DFB9DF807503A
:103510002046382DA8BF382540F2745118E00DF12F
:103520000700FFF70DFB9DF807502046382DA8BF78
:10353000382540F2AC510BE00DF10700FFF70DFB11
:103540009DF807502046382DA8BF382540F2E45199
:103550003822FFF78FF8284600E0002003B030BD86
:10356000013A13B50C46172A00F26881DFE812F021
:1035700018002500330041004F005D006B0079000A
:1035800087009500A300B100BF00CD00DB00E9007B
:10359000F7000501130121012F013D014B015901E4
:1035A000DC213822FFF775F802A8382CA8BF382490
:1035B00000F8014DFFF7AEF940E14FF48A7138226F
:1035C000FFF767F802A8382CA8BF382400F8014D8F
:1035D000FFF7ADF932E14FF4A6713822FFF759F841
:1035E00002A8382CA8BF382400F8014DFFF7ACF929
:1035F00024E14FF4C2713822FFF74BF802A8382CAF
:10360000A8BF382400F8014DFFF7ABF916E14FF4DD
:10361000DE713822FFF73DF802A8382CA8BF382405
:1036200000F8014DFFF7AAF908E14FF4FA713822CA
:10363000FFF72FF802A8382CA8BF382400F8014D56
:10364000FFF7A9F9FAE04FF40B713822FFF721F8E0
:1036500002A8382CA8BF382400F8014DFFF7A8F9BC
:10366000ECE04FF419713822FFF713F802A8382C58
:10367000A8BF382400F8014DFFF7A7F9DEE04FF4AA
:1036800027713822FFF705F802A8382CA8BF382484
:1036900000F8014DFFF7A6F9D0E04FF4357138225C
:1036A000FEF7F7FF02A8382CA8BF382400F8014D18
:1036B000FFF7A5F9C2E04FF443713822FEF7E9FFA6
:1036C00002A8382CA8BF382400F8014DFFF7A4F950
:1036D000B4E04FF451713822FEF7DBFF02A8382C1A
:1036E000A8BF382400F8014DFFF7A3F9A6E04FF476
:1036F0005F713822FEF7CDFF02A8382CA8BF38240E
:1037000000F8014DFFF7A2F998E04FF46D713822EF
:10371000FEF7BFFF02A8382CA8BF382400F8014DDF
:10372000FFF7A1F98AE04FF47B713822FEF7B1FF71
:1037300002A8382CA8BF382400F8014DFFF7A0F9E3
:103740007CE040F224413822FEF7A3FF02A8382C87
:10375000A8BF382400F8014DFFF79FF96EE040F252
:103760005C413822FEF795FF02A8382CA8BF382408
:1037700000F8014DFFF79EF960E040F294413822D5
:10378000FEF787FF02A8382CA8BF382400F8014DA7
:10379000FFF79DF952E040F2CC413822FEF779FF65
:1037A00002A8382CA8BF382400F8014DFFF79CF977
:1037B00044E040F204513822FEF76BFF02A8382C97
:1037C000A8BF382400F8014DFFF79BF936E040F21E
:1037D0003C513822FEF75DFF02A8382CA8BF3824E0
:1037E00000F8014DFFF79AF928E040F274513822B1
:1037F000FEF74FFF02A8382CA8BF382400F8014D6F
:10380000FFF799F91AE040F2AC513822FEF741FF78
:1038100002A8382CA8BF382400F8014DFFF798F90A
:103820000CE040F2E4513822FEF733FF02A8382CB6
:10383000A8BF382400F8014DFFF797F902B010BD7A
:10384000013908B5172941D8DFE801F00C0E101234
:103850001416181A1C1E20222426282A2C2E303238
:103860003436383A7C212CE07D212AE07E2128E084
:103870007F2126E0802124E0812122E0822120E0B6
:1038800083211EE084211CE085211AE0862118E0B6
:10389000872116E0882114E0892112E08A2110E0B6
:1038A0008B210EE08C210CE08D210AE08E2108E0B6
:1038B0008F2106E0902104E0912102E0922100E0B6
:1038C00093210122FEF7D6FE012008BD002008BD8D
:1038D000013917293FD8DFE801F00C0E1012141639
:1038E000181A1C1E20222426282A2C2E3032343668
:1038F000383A7C212CE07D212AE07E2128E07F21BE
:1039000026E0802124E0812122E0822120E0832121
:103910001EE084211CE085211AE0862118E0872121
:1039200016E0882114E0892112E08A2110E08B2121
:103930000EE08C210CE08D210AE08E2108E08F2121
:1039400006E0902104E0912102E0922100E0932121
:103950000122FEF79EBE7047013908B5172941D8EC
:10396000DFE801F00C0E10121416181A1C1E20228B
:103970002426282A2C2E30323436383A94212CE052
:1039800095212AE0962128E0972126E0982124E03D
:10399000992122E09A2120E09B211EE09C211CE03D
:1039A0009D211AE09E2118E09F2116E0A02114E03D
:1039B000A12112E0A22110E0A3210EE0A4210CE03D
:1039C000A5210AE0A62108E0A72106E0A82104E03D
:1039D000A92102E0AA2100E0AB210122FEF74AFE64
:1039E000012008BD002008BD013917293FD8DFE8B4
:1039F00001F00C0E10121416181A1C1E2022242678
:103A0000282A2C2E30323436383A94212CE0952155
:103A10002AE0962128E0972126E0982124E09921A8
:103A200022E09A2120E09B211EE09C211CE09D21A8
:103A30001AE09E2118E09F2116E0A02114E0A121A8
:103A400012E0A22110E0A3210EE0A4210CE0A521A8
:103A50000AE0A62108E0A72106E0A82104E0A921A8
:103A600002E0AA2100E0AB210122FEF712BE70475E
:103A7000013908B5172941D8DFE801F00C0E101202
:103A80001416181A1C1E20222426282A2C2E303206
:103A90003436383AC4212CE0C5212AE0C62128E07A
:103AA000C72126E0C82124E0C92122E0CA2120E064
:103AB000CB211EE0CC211CE0CD211AE0CE2118E064
:103AC000CF2116E0D02114E0D12112E0D22110E064
:103AD000D3210EE0D4210CE0D5210AE0D62108E064
:103AE000D72106E0D82104E0D92102E0DA2100E064
:103AF000DB210122FEF7BEFD012008BD002008BD2C
:103B0000013917293FD8DFE801F00C0E1012141606
:103B1000181A1C1E20222426282A2C2E3032343635
:103B2000383AC4212CE0C5212AE0C62128E0C7216B
:103B300026E0C82124E0C92122E0CA2120E0CB21CF
:103B40001EE0CC211CE0CD211AE0CE2118E0CF21CF
:103B500016E0D02114E0D12112E0D22110E0D321CF
:103B60000EE0D4210CE0D5210AE0D62108E0D721CF
:103B700006E0D82104E0D92102E0DA2100E0DB21CF
:103B80000122FEF786BD7047013908B5172959D8BB
:103B9000DFE801F00C0F1215181B1E2124272A2D17
:103BA000303336393C3F4245484B4E5140F2346148
:103BB00043E040F2356140E040F236613DE040F2E2
:103BC00037613AE04FF4C76137E040F2396134E0E1
:103BD00040F23A6131E040F23B612EE040F23C615C
:103BE0002BE040F23D6128E040F23E6125E040F2EA
:103BF0003F6122E04FF4C8611FE040F241611CE0E8
:103C000040F2426119E040F2436116E040F2446143
:103C100013E040F2456110E040F246610DE040F2F1
:103C200047610AE04FF4C96107E040F2496104E0EE
:103C300040F24A6101E040F24B610122FEF71AFDB9
:103C4000012008BD002008BD0139172957D8DFE839
:103C500001F00C0F1215181B1E2124272A2D3033BA
:103C600036393C3F4245484B4E5140F2346143E0C7
:103C700040F2356140E040F236613DE040F23761AC
:103C80003AE04FF4C76137E040F2396134E040F286
:103C90003A6131E040F23B612EE040F23C612BE0C2
:103CA00040F23D6128E040F23E6125E040F23F6194
:103CB00022E04FF4C8611FE040F241611CE040F295
:103CC000426119E040F2436116E040F2446113E0C2
:103CD00040F2456110E040F246610DE040F247617C
:103CE0000AE04FF4C96107E040F2496104E040F2A4
:103CF0004A6101E040F24B610122FEF7CABC704705
:103D0000013908B5172959D8DFE801F00C0F121551
:103D1000181B1E2124272A2D303336393C3F4245BB
:103D2000484B4E5140F24C6143E040F24D6140E05F
:103D300040F24E613DE040F24F613AE04FF4CA611B
:103D400037E040F2516134E040F2526131E040F23C
:103D500053612EE040F254612BE040F2556128E0BF
:103D600040F2566125E040F2576122E04FF4CB610A
:103D70001FE040F259611CE040F25A6119E040F244
:103D80005B6116E040F25C6113E040F25D6110E0BF
:103D900040F25E610DE040F25F610AE04FF4CC61F9
:103DA00007E040F2616104E040F2626101E040F24C
:103DB00063610122FEF75EFC012008BD002008BD02
:103DC0000139172957D8DFE801F00C0F1215181B1D
:103DD0001E2124272A2D303336393C3F4245484B9B
:103DE0004E5140F24C6143E040F24D6140E040F200
:103DF0004E613DE040F24F613AE04FF4CA6137E076
:103E000040F2516134E040F2526131E040F25361DE
:103E10002EE040F254612BE040F2556128E040F280
:103E2000566125E040F2576122E04FF4CB611FE07C
:103E300040F259611CE040F25A6119E040F25B61C6
:103E400016E040F25C6113E040F25D6110E040F288
:103E50005E610DE040F25F610AE04FF4CC6107E083
:103E600040F2616104E040F2626101E040F26361AE
:103E70000122FEF70EBC7047653908B51F2975D8B9
:103E8000DFE801F0101316191C1F2225282B2E31F4
:103E900034373A3D404346494C4F5255585B5E617A
:103EA00064676A6D40F27C615BE040F27D6158E0DE
:103EB00040F27E6155E040F27F6152E04FF4D06104
:103EC0004FE040F281614CE040F2826149E040F213
:103ED000836146E040F2846143E040F2856140E066
:103EE00040F286613DE040F287613AE04FF4D161F3
:103EF00037E040F2896134E040F28A6131E040F21B
:103F00008B612EE040F28C612BE040F28D6128E065
:103F100040F28E6125E040F28F6122E04FF4D261E1
:103F20001FE040F291611CE040F2926119E040F222
:103F3000936116E040F2946113E040F2956110E065
:103F400040F296610DE040F297610AE04FF4D361D0
:103F500007E040F2996104E040F29A6101E040F22A
:103F60009B610122FEF786FB012008BD002008BDF1
:103F700065391F2973D8DFE801F0101316191C1FCB
:103F80002225282B2E3134373A3D404346494C4FA9
:103F90005255585B5E6164676A6D40F27C615BE01C
:103FA00040F27D6158E040F27E6155E040F27F6171
:103FB00052E04FF4D0614FE040F281614CE040F2BA
:103FC000826149E040F2836146E040F2846143E06F
:103FD00040F2856140E040F286613DE040F2876159
:103FE0003AE04FF4D16137E040F2896134E040F2C9
:103FF0008A6131E040F28B612EE040F28C612BE06F
:1040000040F28D6128E040F28E6125E040F28F6140
:1040100022E04FF4D2611FE040F291611CE040F2D7
:10402000926119E040F2936116E040F2946113E06E
:1040300040F2956110E040F296610DE040F2976128
:104040000AE04FF4D36107E040F2996104E040F2E6
:104050009A6101E040F29B610122FEF71ABB7047B2
:10406000013908B5032913D8DFE801F00205080B70
:1040700040F29C6107E040F29D6104E040F29E61E5
:1040800001E040F29F610122FEF7F4FA012008BD31
:10409000002008BD0139032911D8DFE801F002052D
:1040A000080B40F29C6107E040F29D6104E040F2A1
:1040B0009E6101E040F29F610122FEF7EABA70477B
:1040C00008B50846114604F0D9FA002008BDFFFFE4
:1040D00010B5044612480CF0FDFD6379642B1ED91F
:1040E000A37903F00F03012B04D1E11D0D4811F05A
:1040F000CBF90DE0022B02D10CF0F2FD03E0032B13
:1041000006D10CF0F1FD0246E11D06480CF0F0FD71
:10411000044800214122BDE8104024F0D3B910BD6D
:104120007D8600007895FF1F034B04481978012213
:10413000C901134603F0EAB9FC91FF1F6896FF1FFF
:1041400038B5254B1B78032B05460C461CD006D8EA
:10415000012B10D0022B39D10CF0C2FD16E0662BDA
:104160001FD0672B28D0042B30D108462A461B4984
:1041700008F084FF1EE00846184A294611F092F91B
:10418000003018BF012038BD0CF0AEFD03461349C6
:10419000284622460CF0E8FDD0F1010038BF00208F
:1041A00038BD0CF09DFD0D490346224628460CF013
:1041B00063FE08B1002038BD0CF096FD07490346A8
:1041C000224628460CF058FE0028F3D1044803F09C
:1041D000B5FB012038BD00BFFC91FF1FAC92FF1F53
:1041E000509202002DE9F04F91B0DFF8E481734D59
:1041F00098F8003092466A46A2EBC3128B46002123
:1042000004AF0646954628460A4610F018F807F10E
:104210000C000EF0D2FB07F118000EF0CEFB07F1F8
:1042200024000EF0CAFB98F8003005F11400DB0101
:104230004FF001116B600EF033FC0DF110090446D4
:1042400000286CD15E4B98F800207B60194605F180
:104250002C0092010EF07FFC7B68044600285ED1A2
:1042600098F80020920105F1380099180EF073FCBF
:104270000446002853D105F1080005F12C0105F191
:1042800038020EF040FF0446002848D107F10C0028
:1042900005F12C0101220EF020FF044600283ED13A
:1042A00007F1180005F1380101220EF016FF04464F
:1042B000A8BB07F1240007F10C0107F118020EF06A
:1042C00022FF044658BB05F1200005F1140107F157
:1042D00024020FF04DFC044608BB05F1440005F133
:1042E000200107F10C020FF04BF90446B8B905F1B3
:1042F000500005F1200107F118020FF041F90446C2
:1043000068B905F15C00A0F12401A0F130020FF0C2
:104310002FFC044618B928460FF0CAFF044607F1DF
:104320000C000EF051FB07F118000EF04DFB07F1E9
:1043300024000EF049FB0CB1224836E098F800301A
:1043400080226FF0090112FB0311B142DCBF6FF054
:104350000A0612FB0366202E0CD003DC1C2E0BD1A8
:1043600005230AE0302E03D0402E05D1082304E0B7
:10437000072302E0062300E000238DE848081249E5
:10438000CDF80C90012300220C4810F011FB98F896
:10439000002004464946D201504617F0E5F8074888
:1043A00010F0D4FB204624B1084803F0C7FA4FF0C0
:1043B000FF303437BD46BDE8F08F00BFCC94FF1FFF
:1043C000CC92FF1F69920200C1400000D39202000C
:1043D000FC91FF1F2DE9F04F95B0454B19784FF038
:1043E000FF3202EBC11202F1010A083222F0070289
:1043F00002AFE846ADEB020D3E4A117802AC9B4697
:1044000021B90A4605F04AFEF8226AE0042967D17C
:10441000394E3A4D33681C2BB1460FD023F01002B1
:10442000202A0BD0402B09D0354803F087FA012011
:1044300003F03CFC0021316028684CE0314E3178BB
:10444000727800932868304B05F086FE2F4B2D685C
:1044500024221A702946D9F800207B6007F1080051
:1044600017F082F8284600214FF4806224F02AF8E1
:104470002246D9F80000264D07F10801FFF7B2FEE9
:104480007B680246A0B9F6211970B3789BF800103A
:104490002B70012B20464FEAC11103D11A4603F0BD
:1044A00035F80AE0134603F031F803F0E7FC04E0C6
:1044B000002218481A7003F041FA552003F0F6FB69
:1044C00020460021524623F0FDFF2B78012B0AD015
:1044D000114B186800214FF4806223F0F3FF02E0D3
:1044E00023220A4B1A704C37C546BD46BDE8F08FF3
:1044F000FC91FF1F00BAFF1F4CBAFF1FB88CFF1FB3
:104500008D920200999BFF1F1091FF1FD5B9FF1FCD
:10451000D8B9FF1FB6920200A88CFF1F2DE9F04307
:104520004E4C4F4D884600218FB08146174620469D
:104530000A460FF084FE05A80EF03FFA08A80EF018
:104540003CFA0BA80EF039FA2B7804F11400DB01C9
:104550004FF0011163600EF0A3FA00284FD1414ED5
:104560002A7804F12C00314692010EF0F4FA00286A
:1045700045D12A78920104F13800B1180EF0EBFA17
:1045800000283CD104F1080004F12C0104F13802A8
:104590000EF0B9FD98BB05A804F12C0101220EF024
:1045A0009CFD60BB08A804F1380101220EF095FDC6
:1045B00028BB0BA805A908AA0EF0A5FDF8B904F1BF
:1045C000200004F114010BAA0FF0D2FAB8B904F1DB
:1045D000440004F1200105AA0EF0D2FF78B904F1DD
:1045E000500004F1200108AA0EF0CAFF38B904F106
:1045F0005C00A0F12401A0F130020FF0B9FA05A887
:104600000EF0E2F908A80EF0DFF90BA80EF0DCF9C5
:1046100012480FF04DFE044668B1134803F08EF9BE
:104620000E4810F093FA2046ACB1104803F086F91A
:104630004FF0FF300FE04FF4007303932146224602
:10464000CDF80090CDF8048002970448012310F0C3
:1046500033F90446E4E70FB0BDE8F0830092FF1F92
:10466000FC91FF1FCC92FF1F69920200CD920200C5
:104670002DE9F04F85B03E4B02AF197800247C60E5
:1046800021B90A4605F00AFDF9226AE0042967D13A
:10469000384DDFF800B12B689BF80020364EB3EBA5
:1046A000C21FEA4609D0354803F048F9012003F05B
:1046B000FDFA2C60306821464CE0DFF8DC80DFF842
:1046C000D09098F8001098F80120009330682C4B97
:1046D00005F042FD242389F800309BF8003036684D
:1046E000AAEBC31295460DF1080B31462A68254DF9
:1046F000584616F039FF304621464FF4806223F0C9
:10470000E1FE2A68204E381D5946FFF707FF024692
:1047100098B9F62389F8003098F802303370012BED
:104720002868796803D11A4602F0F0FE0AE01346C1
:1047300002F0ECFE03F0A2FB04E0144889F800400C
:1047400003F0FCF8552003F0B1FA3378012B05D0C3
:10475000286800214FF4806223F0B4FED54602E0C1
:1047600023220B4B1A700C37BD46BDE8F08F00BFFB
:1047700000BAFF1F4CBAFF1FB88CFF1FFC9202004B
:104780001091FF1FA88CFF1FD8B9FF1F28930200AC
:10479000D5B9FF1FFC91FF1F999BFF1FF0B58BB090
:1047A000064601A80EF009F936B204A8184F0EF01B
:1047B00004F9B50107A80EF000F901A839462A4608
:1047C0000EF0C9F9044698B904A879192A460EF0E2
:1047D000C2F9044660B907A801A904AA0EF093FC27
:1047E000044628B907A80B49F2010EF0EEF9044679
:1047F00001A80EF0E9F804A80EF0E6F807A80EF0FC
:10480000E3F814B1044803F099F80BB0F0BD00BF11
:10481000CC92FF1F6896FF1F429302002DE9F043E0
:10482000474C484D884600218FB0814617462046A8
:104830000A460FF004FD05A80EF0BFF808A80EF018
:10484000BCF80BA80EF0B9F82B7804F11400DB01CA
:104850004FF0011163600EF023F900284FD13A4E5A
:104860002A7804F12C00314692010EF074F90028E8
:1048700045D12A78920104F13800B1180EF06BF995
:1048800000283CD104F1080004F12C0104F13802A5
:104890000EF039FC98BB05A804F12C0101220EF0A2
:1048A0001CFC60BB08A804F1380101220EF015FCC5
:1048B00028BB0BA805A908AA0EF025FCF8B904F13D
:1048C000200004F114010BAA0FF052F9B8B904F159
:1048D000440004F1200105AA0EF052FE78B904F15B
:1048E000500004F1200108AA0EF04AFE38B904F184
:1048F0005C00A0F12401A0F130020FF039F905A805
:104900000EF062F808A80EF05FF80BA80EF05CF845
:104910000B480FF0A1FC024670B90C49CDF800908D
:104920001346CDF80480029705480FF04FFF044668
:10493000034810F00BF920460FB0BDE8F08300BF2C
:10494000BC95FF1FFC91FF1FCC92FF1FC1400000D0
:10495000084100F001007047F0B50025ECB20B1BD8
:104960000444DBB2E4B29C4205F1010504D2165DB9
:10497000D75C1755D654F1E7F0BDFFFF08B51748CF
:104980000021412223F09EFD154B1B78012B05D100
:1049900012481449BDE808400AF088BA022B02D137
:1049A0000CF09EF903E0032B08D10CF09DF90246B0
:1049B0000A490C48BDE808400CF09DBA042B0BD105
:1049C00000201F21074AFFF7C7FF044805490022BE
:1049D000BDE8084008F052BB08BD00BF7895FF1F36
:1049E000FC91FF1FAC92FF1F38B5144D044640796F
:1049F00005F0FCFB2B78012B05D1A379042B02D108
:104A00002B70FFF7BBFF2B78042B04D0012B14BFB6
:104A10004021202100E0202101221346084802F015
:104A200075FD00214022064823F04CFD0548002179
:104A30002022BDE8384023F045BD00BFFC91FF1F98
:104A40007895FF1FAC92FF1F38B505462C4608F03D
:104A50001DFE044B44F8783B204609F09BFF6C6038
:104A6000284638BDE89102002DE9F04FADF5097DEB
:104A700002AF044607F1A0009A468846164609F0A0
:104A800029FD07F1A00009F0CFFC073020F0070056
:104A9000ADEB000D07F1A00009F0C6FC07F58C791D
:104AA000FF22BAFBF0FB0021484623F00BFD02ADCC
:104AB0000022954B13441B79022B19D107F13000CA
:104AC0007A60FCF759FF07F1300049467A68FCF735
:104AD0007DFF07F130004946FCF799FF74B9214684
:104AE00007F11000212223F0EDFC07F1100405E08E
:104AF000FF2AE3D009F802300132DAE7214607F154
:104B0000A000212209F065FE4146202207F1A00005
:104B100009F0CEFD07F1A00009F086FC2146212214
:104B200000902B4607F1A00009F06CFE07F1A000F1
:104B300009F07AFC00F1210300F12008283020F070
:104B40000700ADEB000D02ACFB60012304F8083058
:104B500007F1A00009F068FC07F59C7E22184B467F
:104B600003CB734510605160994602F10802F6D1FB
:104B700007F1A00009F058FC2946024607F1A00001
:104B800009F027FE07F1A00009F04EFC21222118B0
:104B900007F1A00009F08CFD07F1A00009F044FC2A
:104BA000814607F1A00009F03FFC4A4629460090E3
:104BB000334607F1A00009F025FE14F80830013350
:104BC00004F8083007F1A00009F02EFC3146024637
:104BD000204616F0C9FC4FF00109D94507F1A000A5
:104BE0003EDA09F021FC2946024607F1A00009F04F
:104BF000F0FD2146FA6807F1A00009F059FD07F120
:104C0000A00009F011FC024607F1A0007A6009F04B
:104C10000BFC09FB006307F1A000BB6009F004FC7A
:104C200000907A68BB68294607F1A00009F0EAFD08
:104C300014F80830013304F8083007F1A00009F037
:104C4000F3FB09FB006107F1A000B96009F0ECFB80
:104C5000B9680246204616F087FC09F10109BCE755
:104C600009F0E2FBBAFBF0F303FB10A000283DD0F3
:104C700007F1A00009F0D8FB073020F00700E94653
:104C8000ADEB000D07F1A00009F0CEFB0BFB10AA65
:104C900007F1A00009F0C8FB2946024607F1A00071
:104CA00009F097FD2146FA6807F1A00009F000FD20
:104CB00007F1A00009F0B8FB044607F1A00009F0D5
:104CC000B3FB0DF10808009029462246434607F140
:104CD000A00009F097FD07F1A00009F0A5FB4146EF
:104CE0000BFB0060524616F03FFCCD4607F1A000DA
:104CF00009F0CAFB07F1A00009F0D2FB07F507771E
:104D0000BD46BDE8F08F00BF1C9CFF1F70B5064676
:104D10009CB00D461446CAB9842005F067FA2146B6
:104D20004122134823F0CEFB6846FCF725FE684677
:104D300010492022FCF74AFE684629462022FCF74B
:104D400045FE68460B49FCF762FE0AE0802A08D15E
:104D5000104605F04BFA074928460A462023FFF77C
:104D600083FE054B1E70FFF709FE1CB070BD00BF2F
:104D70007895FF1FAC92FF1FFC91FF1F10B50446F2
:104D80004079042809D8A3794BB905F083FAF8B122
:104D90002046BDE81040FFF7C7B9742807D805F0D2
:104DA00025FAA8B12046BDE81040FFF71DBE8428B3
:104DB0000ED1A07904280BD8E11D0022FFF7A6FF31
:104DC0000022044840211346BDE8104002F09EBB7B
:104DD00010BD00BF7895FF1F2DE9F043654C664E6E
:104DE000664D236831787278F1B0074600932868E1
:104DF000634B05F0B1F94EA80021882223F062FB35
:104E0000604B4E93604B4F93604B509378794023A7
:104E1000519320235293C8282EAB5393B04632D9D6
:104E2000C92804D121682B682039012005E0CA284F
:104E300006D121682B6820390220194400221CE089
:104E4000CB2804D121682B6820390320F5E7D3282B
:104E500004D121682B68203901200CE0D42804D12A
:104E600021682B682039022005E0D52807D1216868
:104E70002B682039032019448022FFF747FF23685D
:104E8000203B236005E0A0F165030F2B6ED805F0F1
:104E9000ADF92268DFF8DC903D4F202A12AE01D038
:104EA000402A04D102A8296816F05EFB12E03046C1
:104EB000FCF762FD30462968D9F80020FCF786FD32
:104EC000304602A9FCF7A3FD3B78012B1CBF202331
:104ED000C9F800302F4A242313703B78012B174662
:104EE00008D12368009330462B492C4A2B6809F0DF
:104EF00059FF10E0022B02D10BF0F2FE03E0032B6E
:104F000009D10BF0F1FE019000962348226802A916
:104F10004EAB0CF030F8F62398F802203B70204B93
:104F2000012A1A7030464FF0400103D1134602F0B7
:104F3000EDFA05E00122134602F0E8FA02F09EFFC6
:104F4000552002F0B3FE286800214FF4806223F060
:104F5000B9FA00214122114823F0B4FA0E48002189
:104F6000202271B0BDE8F04323F0ACBA71B0BDE8C7
:104F7000F08300BF4CBAFF1F999BFF1FB88CFF1F27
:104F80001091FF1FAD690100B3690100B96901000B
:104F9000FC91FF1FD5B9FF1FAC92FF1F7895FF1F33
:104FA000D8B9FF1F08B5094B197821B90A4605F091
:104FB00075F8F82206E0042903D1BDE80840FFF7A0
:104FC0000BBF2322024B1A7008BD00BF00BAFF1F9F
:104FD000D5B9FF1F10B504461A480BF07BFE607967
:104FE00064280DD805F056F9174B1B780BB91748F4
:104FF00019E0420616D52046BDE81040FFF7EAB991
:1050000000F13702D2B2032A14D9A0F165020F2AA7
:1050100015D805F0EBF8C0B20B4B1B78002BE6D08F
:10502000430607D40A4802F089FC0020BDE810407E
:1050300002F03CBE2046BDE81040FFF7B3BF0020A1
:10504000EAE700BF7D860000FC91FF1F609302002D
:105050007E9302002DE9F04194B00446002103A89C
:10506000412223F02FFA5B4B1E7846B93246204688
:10507000314605F013F8584BF9221A70A7E0042EB8
:1050800040F0A580DFF87081544F554DD8F80030BE
:1050900039787A7828680093524B05F05DF860798A
:1050A000C928444632D9CA2804D121682B6820393E
:1050B000022005E0CB2806D121682B682039032087
:1050C000194400221CE0CC2804D121682B68203927
:1050D0003046F5E7D42804D121682B682039022016
:1050E0000CE0D52804D121682B682039032005E085
:1050F000D62807D121682B682039304619448022F0
:10510000FFF704FE2368203B236005E0A0F1650261
:105110000F2A5CD805F06AF8334B1A78911E0129E2
:105120009CBF64321A701B78012B06D12E4B0422CF
:105130001A702026FFF722FC00E040262268212A70
:1051400001D0412A05D129682848013A226001315D
:1051500005E0202A01D0402A03D12448296816F00E
:1051600003FA1D4A232313702368402B144601D0F1
:10517000202B03D11D4803A9FEF7E2FFF623BA78DE
:1051800023701B4B012A1A7003A8314603D1134622
:1051900002F0BCF905E00122134602F0B7F902F073
:1051A0006DFE552002F082FD286800214FF48062D8
:1051B00023F088F9002141220C4823F083F90D489F
:1051C0000021202214B0BDE8F04123F07BB914B0D7
:1051D000BDE8F08100BAFF1FD5B9FF1F999BFF1FE3
:1051E000B88CFF1F1091FF1FFC91FF1F7895FF1FC8
:1051F000D8B9FF1FAC92FF1F4CBAFF1F10B5044671
:105200001A480BF067FD607964280DD805F042F864
:10521000174B1B780BB9174819E0820616D52046A4
:10522000BDE81040FFF724BA00F13702D2B2032ADA
:1052300014D9A0F165020F2A15D804F0D7FFC0B227
:105240000B4B1B78002BE6D0830607D40A4802F0EC
:1052500075FB0020BDE8104002F028BD2046BDE8E7
:105260001040FFF7F7BE0020EAE700BF7D86000090
:10527000FC91FF1F60930200A1930200F0B55D4B0B
:105280005D4E1B7896F84050042B89B0344640F0B0
:10529000AF80304603F0A2FA074660B939460922CA
:1052A000564823F00FF930463946502209B0BDE880
:1052B000F04023F007B9524B0022382D1A701E46D9
:1052C00001D1812002E0302D03D1822004F08EFF35
:1052D00006E06B1E172B03D84A48294604F048FF06
:1052E000494B1B7853B9EA180DF803200133202BE2
:1052F000F9D1002069460246FFF708FD94F83920ED
:105300000323202A33703C4B17D193F83A20202AEC
:1053100013D193F83B20202A0FD193F83C20202A68
:105320000BD193F83D20202A07D193F83E20202A64
:1053300003D193F83F60202E07D03F22A35C13B91E
:10534000013A0E2AFAD10132D6B2304D2D49284603
:105350001422FDF76CF82B6827495B683246284613
:1053600098472846FDF7A0F86A46034600F1100664
:1053700018685968154603C50833B3422A46F7D161
:1053800018682860202200211E4823F09BF8142171
:1053900068460BF017FFBDF80420A28008AA054656
:1053A00052F8191D00989DF8063020601848A16039
:1053B000A37191889279C023E3718271C1228180A7
:1053C000E27308AA103052F8121D2161928820F869
:1053D000042CC222E2750021382223F073F8E8433E
:1053E00080B2C323A075E37700124B232076237786
:1053F00009B0F0BD00BAFF1F71BBFF1F5DBAFF1FF0
:10540000D8B9FF1FAC92FF1FFC91FF1F3091FF1F07
:1054100079BBFF1F2DE9F04FB5B00C460DF1100818
:10542000002106469246404618229B4623F04AF841
:1054300020686168434603C3BBF1010FA068186090
:1054400076D19DF811309DF810501D4405F00305EC
:1054500005F5B4551035AD000FCD0AAC0FC495E875
:105460000F0084E80F00142112A809F049FF0AAFC9
:10547000002312A80293039309F015FF394612A8DE
:10548000202209F09FFE414612A8082209F0EAFEF8
:1054900002A912A8082209F043FF6FF002019AFB4B
:1054A000F1F1514403239AFBF3FA314412A8534615
:1054B0000A460AF029F89DF811309DF810401C4466
:1054C00004F0030404F5B4541834A4000FCCB94616
:1054D000A9E80F0094E80F004FEAEA7589E80F0089
:1054E000314652462B46CDF80080019730460FF0EA
:1054F00035FE9DF811309DF810E09E440EF0030E2D
:105500000EF5B55E4FEA8E0EBEE80F00BC46ACE865
:105510000F009EE80F0089E80F0006EB0A00CDF8A7
:1055200000800197014652462B460FF08DFE28E180
:10553000BBF1020F52D19DF811309DF810501D445F
:1055400005F0030505F5B455AD000FCD0AAC0FC449
:1055500095E80F0084E80F00142112A809F0D0FE8E
:105560000AAF002312A80293039309F09CFE394668
:1055700012A8202209F026FE414612A8082209F0AE
:1055800071FE02A912A8082209F0CAFE9AFBFBFBD1
:1055900012A8314632465B4609F0B6FF9DF811303D
:1055A0009DF810501D4405F0030505F5B455083568
:1055B000AD000FCD3C460FC495E80F00CBEB0A0AB7
:1055C00084E80F0006EB0A00CDF800800197014641
:1055D0005A464FEAEB730FF0C1FDD2E0BBF1030F67
:1055E00076D19DF811309DF810401C4404F003045E
:1055F00004F5B554A4000FCC0DF12809A9E80F005B
:1056000094E80F009AFBFBFB89E80F000AAF4FEA12
:10561000EB7506EB0B002B4601465A46CDF8008091
:1056200001970FF011FE9DF811309DF810E09E4497
:105630000EF0030E0EF5B45E0EF1180E4FEA8E0E4C
:10564000BEE80F00BC46ACE80F009EE80F0089E8FA
:105650000F002B4631465A46CDF800800197304660
:105660000FF07CFD9DF811309DF810401C4404F0B3
:10567000030404F5B4541034A4000FCC3D460FC508
:1056800094E80F0089E80F00142112A809F038FEF1
:10569000002312A80293039309F005FE3946202245
:1056A00012A809F08FFD4146082212A809F0DAFD80
:1056B00002A9082212A809F033FE6FF002019AFB3A
:1056C000F1F18A4406EB0A0112A80A465B4656E04D
:1056D000BBF1040F58D19DF811309DF810501D44B6
:1056E00005F0030505F5B4550835AD000FCD0AAC3E
:1056F0000FC495E80F0084E80F0002239AFBF3F033
:10570000C0EB0A000DF128099AFBF3FA3044014678
:1057100052464FEAEA73CDF80080CDF804900FF0BE
:105720001DFD9DF811309DF810501D4405F0030536
:1057300005F5B455AD000FCD4F460FC795E80F00E6
:1057400084E80F00142112A809F0DAFD002312A842
:105750000293039309F0A7FD4946202212A809F0FD
:1057600031FD4146082212A809F07CFD02A9082259
:1057700012A809F0D5FD12A831463246534609F069
:105780001BFD12A809F09EFD35B0BDE8F08F30B5C5
:1057900045F6B0359DF80C402D7805F0FD05012D3E
:1057A00004D11CB1BDE83040FFF734BE30BDFFFF6F
:1057B00010B5054B044640F82C3B09F059F820463B
:1057C00009F096FC204610BD289202002DE9F04118
:1057D000CAB005460BAC68460E4690461F4609F017
:1057E000B9FC0F4B0093204609F0D4F868460194A9
:1057F00009F09BFC41466846202209F051FC3146E5
:105800006846102209F05FFC684629462A463B4656
:1058100009F0F0FB6846FFF7CBFF4AB0BDE8F08126
:10582000289202002DE9F041CAB005460BAC68464B
:105830000E4690461F4609F08DFC0F4B0093204604
:1058400009F0A8F86846019409F06FFC41466846E3
:10585000202209F025FC31466846102209F033FC6D
:10586000684629462A463B4609F0EFFB6846FFF7A3
:105870009FFF4AB0BDE8F0812892020010B50446AF
:10588000FFF796FF204620F061FF204610BDFFFF86
:1058900010B5054B044640F8783B08F0E9FF204678
:1058A00007F072FE204610BDE89102002DE9F0439A
:1058B000ADF5257D06460C4646A898461546AC9F94
:1058C000FFF7C2F88DF8084003AC0C2120468DF894
:1058D000095000F018FB0EA8FCF74EF80EA8214660
:1058E0000C22FCF773F80EA802A90222FCF76EF84E
:1058F00006AD0EA820222B49FCF768F80EA8294611
:10590000FCF785F895E8070084E807002AA8FCF76B
:1059100033F82AA841461022FCF758F82AA802A911
:105920000222FCF753F82AA820221E49FCF74EF861
:105930002AA82946FCF76BF8237803F00103002B13
:105940004FF001080CBF0223434621463A46304639
:10595000CDF800800CBFC1464FF00209FFF717FFDA
:1059600046A807F06FFD294646A8202207F07DFDD6
:10597000214646A80C2207F005FD46A831463246CE
:105980003B4607F099FC304621463A464B46CDF857
:105990000080FFF7FCFE46A8FFF77AFF0DF5257D96
:1059A000BDE8F0836090FF1F2DE9F043ADF5257D44
:1059B00006460C4646A898461546AC9FFFF744F8A5
:1059C0008DF8084003AC0C2120468DF8095000F0FA
:1059D0009AFA0EA8FBF7D0FF0EA821460C22FBF77F
:1059E000F5FF0EA802A90222FBF7F0FF06AD0EA8F4
:1059F00020222C49FBF7EAFF0EA82946FCF707F8FE
:105A000095E8070084E807002AA8FBF7B5FF2AA855
:105A100041461022FBF7DAFF2AA802A90222FBF76F
:105A2000D5FF2AA820221F49FBF7D0FF2AA8294624
:105A3000FBF7EDFF237803F00103002B4FF0010883
:105A40000CBF0323042321463A463046CDF800809C
:105A50000CBF4FF004094FF00309FFF798FE46A86A
:105A600007F0F0FC294646A8202207F0FEFC21465C
:105A700046A80C2207F086FC46A8314632463B4633
:105A800007F09FFD304621463A464B46CDF8008050
:105A9000FFF77DFE46A8FFF7FBFE0DF5257DBDE86F
:105AA000F08300BF6090FF1F2DE9F0430C46E1B08A
:105AB000054602A81E4691469DF8A071FEF7C4FF58
:105AC0002378009703F00103002B0CBF022301236E
:105AD0002146324628460CBF4FF001084FF002081D
:105AE000FFF755FE02A807F0ADFC494602A82022A8
:105AF00007F0BBFC214602A80C2207F043FC02A8D9
:105B000029462A46334607F0D7FB28462146324627
:105B100043460097FFF73BFE02A8FFF7B9FE61B0CE
:105B2000BDE8F0832DE9F0430C46E1B0054602A83C
:105B30001E4691469DF8A071FEF786FF23780097D8
:105B400003F00103002B0CBF03230423214632463C
:105B500028460CBF4FF004084FF00308FFF717FE6C
:105B600002A807F06FFC494602A8202207F07DFC3E
:105B7000214602A80C2207F005FC02A829462A4665
:105B8000334607F01EFD284621463246434600971D
:105B9000FFF7FDFD02A8FFF77BFE61B0BDE8F083D3
:105BA00070B586B0164605460C4603A800210C22A7
:105BB00022F088FC46B100230093284603A9074A37
:105BC0002346FFF7AFFF06E00096284603A9034AE5
:105BD0002346FFF769FF06B070BD00BFF2DEFF1F6E
:105BE00010B50446FFF754FE204620F0AFFD2046D6
:105BF00010BDFFFF10B5064C06492046FBF7AEFF6F
:105C000020460549FBF7AAFF044B0020187010BD81
:105C10008490FF1F34BBFF1F50BBFF1F55BAFF1FEF
:105C200038B5434B434C1D78012D12D100210A4653
:105C3000207809F041FE002102463F4809F020FE8D
:105C400000210A46207809F037FE294602463A48E4
:105C500058E02B2D0FD8207840080146002209F08B
:105C60002BFE00210246344809F00AFE2078400845
:105C70000146002241E0552D0CD800202178024633
:105C800009F01AFE002102462B4809F0F9FD002018
:105C9000217831E0802D0FD8217849080A4600206C
:105CA00009F00AFE00210246234809F0E9FD2178A7
:105CB000490800200A4620E0AA2D0DD80020014600
:105CC000227809F0F9FD002102461B4809F0D8FDB1
:105CD00000200146227810E0D52D15D82078400804
:105CE0000021024609F0E8FD00210246124809F0B1
:105CF000C7FD207800214008024609F0DDFD02467C
:105D00000D48012109F0BCFD0B4809F01FFD237867
:105D10000833DBB223704BB908480949FBF71EFF73
:105D200006480849BDE83840FBF749BF38BD00BF09
:105D3000D6B9FF1FF4BAFF1FE0BAFF1F8490FF1F00
:105D400034BBFF1F50BBFF1F13B54224204620F079
:105D5000F9F802AB23440134462C03F8460CF5D184
:105D6000019802B010BD37B54224019002AB234424
:105D7000204613F8465C20F0E5F8854203D0204623
:105D8000294620F0F3F80134462CEFD103B030BDA2
:105D9000034B002118604022024822F093BB00BF51
:105DA000D8B9FF1F9E9BFF1F70B5044614F8010B66
:105DB000C0B1FF28FAD00E4E1FF080FE33780325C5
:105DC00013FB03F393FBF5F0A84016F0A7FB1FF0BD
:105DD000C1FE337813FB03F393FBF5F0A84016F0F4
:105DE0009DFBE3E70348BDE8704020F09FBC00BF87
:105DF000A48CFF1F00E5FF1F10B5422420460021A0
:105E0000013420F0B3F8B4F5006FF7D110BD10B530
:105E10004FF46A342046002104F5006406F0D8FBF4
:105E2000B4F57E3FF6D110BD30B50023D41E9C42A0
:105E30000DDDCC58240EC454CD58C4182D0C6570FB
:105E4000CD582D0AA570CD58E5700433EEE730BD6E
:105E5000F7B50F461646C41C0025F31EAB4207EBF0
:105E6000050004F1040416DD14F8062C14F8053CB2
:105E7000120442EA032214F8043C1A4314F8073CC3
:105E800002A942EA036241F8042D0022134606F0FB
:105E90006FFB0435E1E703B0F0BD30B50D46ADF65C
:105EA000040D04464FF4723168464FF40062013D20
:105EB000FFF7BAFF2D01002300AA2A44E15CD15468
:105EC0000133102BF8D1237823B14FF47230002125
:105ED00006F07EFB68464FF472314FF40062FFF724
:105EE000B7FF0DF6040D30BD70B505460C461646DD
:105EF0000846002106F06CFB284621463246BDE8E4
:105F00007040FFF7A5BF10B50A464FF46C31044648
:105F1000FFF78AFF00231846E15C0133202B084479
:105F2000FAD1B0F5FF5018BF012010BD30B5154BA8
:105F3000C1B0012205461A704FF46C31FE2268464A
:105F4000FFF772FF104A2B4605F1200153F8040BAE
:105F500042F8040B8B42F9D100242B5D0DF804307C
:105F60000134202CF9D168464FF46C31FE22FFF742
:105F7000BBFF28464FF46C312246FFF755FF41B076
:105F800030BD00BF5CBAFF1F9090FF1F10B50446E4
:105F900008492022FFF748FF2378FF2B07D16378B9
:105FA000FF2B04D1A078FF3818BF012010BD0120BD
:105FB00010BD00BF20B0030010B5044608492022E0
:105FC000FFF732FF2378FF2B07D16378FF2B04D133
:105FD000A078FF3818BF012010BD012010BD00BF00
:105FE00040B0030030B5C1B005464FF46C3168468F
:105FF000FE22FFF719FF002400AB23442A5D83F83B
:1060000040200134202CF7D168464FF46C31FE2239
:10601000FFF76AFF28464FF46C312246FFF704FF72
:1060200041B030BD10B5044608492022FFF7FCFE00
:106030002378FF2B07D16378FF2B04D1A078FF389A
:1060400018BF012010BD012010BD00BF60B00300CB
:1060500010B5084920220446FFF7E6FE0023184643
:10606000E15C0133202B0844FAD1B0F5FF5018BF92
:10607000012010BD80B0030037B50139044617294F
:1060800000F23F81DFE811F01800250031003D00EB
:106090004900550061006D007900850091009D0068
:1060A000A900B500C100CD00D900E500F100FD0058
:1060B0000901150121012D010DF10700FCF762FE18
:1060C0009DF807502046382DA8BF38254FF46E3173
:1060D00012E10DF10700FCF760FE9DF807508A49B8
:1060E000382DA8BF3825204606E10DF10700FCF742
:1060F0005FFE9DF807508549382DA8BF38252046FA
:10610000FAE00DF10700FCF75EFE9DF807508049AC
:10611000382DA8BF38252046EEE00DF10700FCF72A
:106120005DFE9DF807507B49382DA8BF38252046D5
:10613000E2E00DF10700FCF75CFE9DF807507649A0
:10614000382DA8BF38252046D6E00DF10700FCF712
:106150005BFE9DF807507149382DA8BF38252046B1
:10616000CAE00DF10700FCF75AFE9DF807506C4994
:10617000382DA8BF38252046BEE00DF10700FCF7FA
:1061800059FE9DF807506749382DA8BF382520468D
:10619000B2E00DF10700FCF758FE9DF80750624988
:1061A000382DA8BF38252046A6E00DF10700FCF7E2
:1061B00057FE9DF807505D49382DA8BF3825204669
:1061C0009AE00DF10700FCF756FE9DF8075058497C
:1061D000382DA8BF382520468EE00DF10700FCF7CA
:1061E00055FE9DF807505349382DA8BF3825204645
:1061F00082E00DF10700FCF754FE9DF807504E4970
:10620000382DA8BF3825204676E00DF10700FCF7B1
:1062100053FE9DF807504949382DA8BF3825204620
:106220006AE00DF10700FCF752FE9DF80750444963
:10623000382DA8BF382520465EE00DF10700FCF799
:1062400051FE9DF807503F49382DA8BF38252046FC
:1062500052E00DF10700FCF750FE9DF807503A4957
:10626000382DA8BF3825204646E00DF10700FCF781
:106270004FFE9DF807503549382DA8BF38252046D8
:106280003AE00DF10700FCF74EFE9DF8075030494B
:10629000382DA8BF382520462EE00DF10700FCF769
:1062A0004DFE9DF807502B49382DA8BF38252046B4
:1062B00022E00DF10700FCF74CFE9DF8075026493F
:1062C000382DA8BF3825204616E00DF10700FCF751
:1062D0004BFE9DF807502149382DA8BF3825204690
:1062E0000AE00DF10700FCF74AFE9DF807501C4933
:1062F000382DA8BF382520463822FFF795FD2846BF
:1063000000E0002003B030BD38B8030070B80300CF
:10631000A8B80300E0B8030018B9030050B903009F
:1063200088B90300C0B90300F8B9030030BA03000C
:1063300068BA0300A0BA0300D8BA030010BB030078
:1063400048BB030080BB0300B8BB0300F0BB0300E5
:1063500028BC030060BC030098BC0300D0BC030051
:1063600008BD030070B5ADF6080D154606460C468F
:1063700002A84FF46E314FF40062FFF755FD013D66
:1063800038206843002302AA0244F15CD15401334F
:10639000382BF8D14FF46E30002106F019F9172D83
:1063A00000F2B181DFE815F0180029003A004B0037
:1063B0005C006D007E008F00A000B100C200D30021
:1063C000E400F50006011701280139014A015B01CB
:1063D0006C017D018E019F0102A84FF46E314FF4D4
:1063E0000062FFF735FD382CA8BF38240DF10700F7
:1063F0008DF80740FCF7CDFC85E102A84FF46E3123
:106400004FF40062FFF724FD382CA8BF38240DF1AB
:1064100007008DF80740FCF7C7FC74E102A84FF4B1
:106420006E314FF40062FFF713FD382CA8BF3824FB
:106430000DF107008DF80740FCF7C1FC63E102A8ED
:106440004FF46E314FF40062FFF702FD382CA8BF05
:1064500038240DF107008DF80740FCF7BBFC52E132
:1064600002A84FF46E314FF40062FFF7F1FC382CB4
:10647000A8BF38240DF107008DF80740FCF7B5FCE4
:1064800041E102A84FF46E314FF40062FFF7E0FCE7
:10649000382CA8BF38240DF107008DF80740FCF711
:1064A000AFFC30E102A84FF46E314FF40062FFF709
:1064B000CFFC382CA8BF38240DF107008DF8074019
:1064C000FCF7A9FC1FE102A84FF46E314FF4006203
:1064D000FFF7BEFC382CA8BF38240DF107008DF85B
:1064E0000740FCF7A3FC0EE102A84FF46E314FF415
:1064F0000062FFF7ADFC382CA8BF38240DF107006F
:106500008DF80740FCF79DFCFDE002A84FF46E31CA
:106510004FF40062FFF79CFC382CA8BF38240DF123
:1065200007008DF80740FCF797FCECE002A84FF459
:106530006E314FF40062FFF78BFC382CA8BF382473
:106540000DF107008DF80740FCF791FCDBE002A895
:106550004FF46E314FF40062FFF77AFC382CA8BF7D
:1065600038240DF107008DF80740FCF78BFCCAE0DA
:1065700002A84FF46E314FF40062FFF769FC382C2B
:10658000A8BF38240DF107008DF80740FCF785FC03
:10659000B9E002A84FF46E314FF40062FFF758FCE7
:1065A000382CA8BF38240DF107008DF80740FCF700
:1065B0007FFCA8E002A84FF46E314FF40062FFF7B1
:1065C00047FC382CA8BF38240DF107008DF8074090
:1065D000FCF779FC97E002A84FF46E314FF40062AB
:1065E000FFF736FC382CA8BF38240DF107008DF8D2
:1065F0000740FCF773FC86E002A84FF46E314FF4BD
:106600000062FFF725FC382CA8BF38240DF10700E5
:106610008DF80740FCF76DFC75E002A84FF46E3171
:106620004FF40062FFF714FC382CA8BF38240DF19A
:1066300007008DF80740FCF767FC64E002A84FF400
:106640006E314FF40062FFF703FC382CA8BF3824EA
:106650000DF107008DF80740FCF761FC53E002A83C
:106660004FF46E314FF40062FFF7F2FB382CA8BFF5
:1066700038240DF107008DF80740FCF75BFC42E081
:1066800002A84FF46E314FF40062FFF7E1FB382CA3
:10669000A8BF38240DF107008DF80740FCF755FC22
:1066A00031E002A84FF46E314FF40062FFF7D0FBE7
:1066B000382CA8BF38240DF107008DF80740FCF7EF
:1066C0004FFC20E002A84FF46E314FF40062FFF758
:1066D000BFFB382CA8BF38240DF107008DF8074008
:1066E000FCF749FC0FE002A84FF46E314FF4006252
:1066F000FFF7AEFB382CA8BF38240DF107008DF84A
:106700000740FCF743FC0DF6080D70BD37B50139A5
:106710000446172900F23F81DFE811F01800250038
:1067200031003D004900550061006D007900850091
:1067300091009D00A900B500C100CD00D900E50081
:10674000F100FD000901150121012D010DF10700E6
:10675000FCF710FA9DF807502046382DA8BF3825C1
:106760004FF4703112E10DF10700FCF70EFA9DF8BD
:1067700007508A49382DA8BF3825204606E10DF17B
:106780000700FCF70DFA9DF807508549382DA8BF82
:1067900038252046FAE00DF10700FCF70CFA9DF8C9
:1067A00007508049382DA8BF38252046EEE00DF16E
:1067B0000700FCF70BFA9DF807507B49382DA8BF5E
:1067C00038252046E2E00DF10700FCF70AFA9DF8B3
:1067D00007507649382DA8BF38252046D6E00DF160
:1067E0000700FCF709FA9DF807507149382DA8BF3A
:1067F00038252046CAE00DF10700FCF708FA9DF89D
:1068000007506C49382DA8BF38252046BEE00DF151
:106810000700FCF707FA9DF807506749382DA8BF15
:1068200038252046B2E00DF10700FCF706FA9DF886
:1068300007506249382DA8BF38252046A6E00DF143
:106840000700FCF705FA9DF807505D49382DA8BFF1
:10685000382520469AE00DF10700FCF704FA9DF870
:1068600007505849382DA8BF382520468EE00DF135
:106870000700FCF703FA9DF807505349382DA8BFCD
:106880003825204682E00DF10700FCF702FA9DF85A
:1068900007504E49382DA8BF3825204676E00DF127
:1068A0000700FCF701FA9DF807504949382DA8BFA9
:1068B000382520466AE00DF10700FCF700FA9DF844
:1068C00007504449382DA8BF382520465EE00DF119
:1068D0000700FCF7FFF99DF807503F49382DA8BF86
:1068E0003825204652E00DF10700FCF7FEF99DF82F
:1068F00007503A49382DA8BF3825204646E00DF10B
:106900000700FCF7FDF99DF807503549382DA8BF61
:10691000382520463AE00DF10700FCF7FCF99DF818
:1069200007503049382DA8BF382520462EE00DF1FC
:106930000700FCF7FBF99DF807502B49382DA8BF3D
:106940003825204622E00DF10700FCF7FAF99DF802
:1069500007502649382DA8BF3825204616E00DF1EE
:106960000700FCF7F9F99DF807502149382DA8BF19
:10697000382520460AE00DF10700FCF7F8F99DF8EC
:1069800007501C49382DA8BF382520463822FFF76C
:106990004BFA284600E0002003B030BD38C00300A9
:1069A00070C00300A8C00300E0C0030018C10300CA
:1069B00050C1030088C10300C0C10300F8C1030037
:1069C00030C2030068C20300A0C20300D8C20300A3
:1069D00010C3030048C3030080C30300B8C303000F
:1069E000F0C3030028C4030060C4030098C403007C
:1069F000D0C4030008C5030070B5ADF6080D1546F8
:106A000006460C4602A84FF470314FF40062FFF7BF
:106A10000BFA013D38206843002302AA0244F15CCE
:106A2000D1540133382BF8D14FF47030002105F0E8
:106A3000CFFD172D00F2B181DFE815F01800290015
:106A40003A004B005C006D007E008F00A000B1009A
:106A5000C200D300E400F500060117012801390146
:106A60004A015B016C017D018E019F0102A84FF478
:106A700070314FF40062FFF7EBF9382CA8BF3824CF
:106A80000DF107008DF80740FCF77BF885E102A8BF
:106A90004FF470314FF40062FFF7DAF9382CA8BFD9
:106AA00038240DF107008DF80740FCF775F874E104
:106AB00002A84FF470314FF40062FFF7C9F9382C87
:106AC000A8BF38240DF107008DF80740FCF76FF8D8
:106AD00063E102A84FF470314FF40062FFF7B8F998
:106AE000382CA8BF38240DF107008DF80740FCF7BB
:106AF00069F852E102A84FF470314FF40062FFF7D9
:106B0000A7F9382CA8BF38240DF107008DF80740ED
:106B1000FCF763F841E102A84FF470314FF40062D2
:106B2000FFF796F9382CA8BF38240DF107008DF82F
:106B30000740FCF75DF830E102A84FF470314FF4E4
:106B40000062FFF785F9382CA8BF38240DF1070043
:106B50008DF80740FCF757F81FE102A84FF4703199
:106B60004FF40062FFF774F9382CA8BF38240DF1F8
:106B700007008DF80740FCF751F80EE102A84FF42A
:106B800070314FF40062FFF763F9382CA8BF382446
:106B90000DF107008DF80740FCF74BF8FDE002A867
:106BA0004FF470314FF40062FFF752F9382CA8BF50
:106BB00038240DF107008DF80740FCF745F8ECE0AC
:106BC00002A84FF470314FF40062FFF741F9382CFE
:106BD000A8BF38240DF107008DF80740FCF73FF8F7
:106BE000DBE002A84FF470314FF40062FFF730F998
:106BF000382CA8BF38240DF107008DF80740FCF7AA
:106C000039F8CAE002A84FF470314FF40062FFF780
:106C10001FF9382CA8BF38240DF107008DF8074064
:106C2000FCF733F8B9E002A84FF470314FF400627A
:106C3000FFF70EF9382CA8BF38240DF107008DF8A6
:106C40000740FCF72DF8A8E002A84FF470314FF48C
:106C50000062FFF7FDF8382CA8BF38240DF10700BB
:106C60008DF80740FCF727F897E002A84FF4703141
:106C70004FF40062FFF7ECF8382CA8BF38240DF170
:106C800007008DF80740FCF721F886E002A84FF4D2
:106C900070314FF40062FFF7DBF8382CA8BF3824BE
:106CA0000DF107008DF80740FCF71BF875E002A80E
:106CB0004FF470314FF40062FFF7CAF8382CA8BFC8
:106CC00038240DF107008DF80740FCF715F864E053
:106CD00002A84FF470314FF40062FFF7B9F8382C76
:106CE000A8BF38240DF107008DF80740FCF70FF816
:106CF00053E002A84FF470314FF40062FFF7A8F898
:106D0000382CA8BF38240DF107008DF80740FCF798
:106D100009F842E002A84FF470314FF40062FFF727
:106D200097F8382CA8BF38240DF107008DF80740DC
:106D3000FCF703F831E002A84FF470314FF4006221
:106D4000FFF786F8382CA8BF38240DF107008DF81E
:106D50000740FBF7FDFF20E002A84FF470314FF42D
:106D60000062FFF775F8382CA8BF38240DF1070032
:106D70008DF80740FBF7F7FF0FE002A84FF47031E2
:106D80004FF40062FFF764F8382CA8BF38240DF1E7
:106D900007008DF80740FBF7F1FF0DF6080D70BDF9
:106DA0000B0607D4090101F5713101F57C71102240
:106DB000FFF73AB870470B0601D4FFF76EB870477B
:106DC00037B501390446172900F24081DFE811F098
:106DD0001800250031003D004900550061006D009C
:106DE0007900850091009D00A900B500C100CD008B
:106DF000D900E600F200FE000A01160122012E0170
:106E00000DF10700FCF7C6F89DF807502046402D0D
:106E1000A8BF40254FF4743113E10DF10700FCF7D2
:106E2000C6F89DF807508B49402DA8BF4025204645
:106E300007E10DF10700FCF7C7F89DF807508649F8
:106E4000402DA8BF40252046FBE00DF10700FCF7D0
:106E5000C8F89DF807508149402DA8BF402520461D
:106E6000EFE00DF10700FCF7C9F89DF807507C49E9
:106E7000402DA8BF40252046E3E00DF10700FCF7B8
:106E8000CAF89DF807507749402DA8BF40252046F5
:106E9000D7E00DF10700FCF7CBF89DF807507249D9
:106EA000402DA8BF40252046CBE00DF10700FCF7A0
:106EB000CCF89DF807506D49402DA8BF40252046CD
:106EC000BFE00DF10700FCF7CDF89DF807506849C9
:106ED000402DA8BF40252046B3E00DF10700FCF788
:106EE000CEF89DF807506349402DA8BF40252046A5
:106EF000A7E00DF10700FCF7CFF89DF807505E49B9
:106F0000402DA8BF402520469BE00DF10700FCF76F
:106F1000D0F89DF807505949402DA8BF402520467C
:106F20008FE00DF10700FCF7D1F89DF807505449A8
:106F3000402DA8BF4025204683E00DF10700FCF757
:106F4000D2F89DF807504F49402DA8BF4025204654
:106F500077E00DF10700FCF7D3F89DF807504A4998
:106F6000402DA8BF402520466BE00DF10700FCF73F
:106F7000D4F89DF807504549402DA8BF402520462C
:106F80005FE00DF10700FCF7D5F89DF807502046AB
:106F9000402DA8BF40254FF4753152E00DF1070098
:106FA000FCF7D5F89DF807503949402DA8BF40257A
:106FB000204646E00DF10700FCF7D6F89DF8075093
:106FC0003449402DA8BF402520463AE00DF1070086
:106FD000FCF7D7F89DF807502F49402DA8BF402552
:106FE00020462EE00DF10700FCF7D8F89DF8075079
:106FF0002A49402DA8BF4025204622E00DF1070078
:10700000FCF7D9F89DF807502549402DA8BF402529
:10701000204616E00DF10700FCF7DAF89DF807505E
:107020002049402DA8BF402520460AE00DF1070069
:10703000FCF7DBF89DF807501B49402DA8BF402501
:1070400020464022FEF7F0FE284600E0002003B074
:1070500030BD00BF40D0030080D00300C0D003008B
:1070600000D1030040D1030080D10300C0D1030050
:1070700000D2030040D2030080D20300C0D203003C
:1070800000D3030040D3030080D30300C0D3030028
:1070900040D4030080D40300C0D4030000D5030013
:1070A00040D5030080D50300C0D5030070B5154658
:1070B000ADF6080D06460C4602A84FF474314FF4A5
:1070C0000062013DFEF7B0FEA801002302AA0244BF
:1070D000F15CD1540133402BF8D14FF474300021CE
:1070E00005F076FA172D00F2B181DFE815F01800EF
:1070F00029003A004B005C006D007E008F00A0006C
:10710000B100C200D300E400F50006011701280118
:1071100039014A015B016C017D018E019F0102A8CA
:107120004FF474314FF40062FEF792FE402CA8BF7A
:1071300040240DF107008DF80740FBF733FF85E190
:1071400002A84FF474314FF40062FEF781FE402C28
:10715000A8BF40240DF107008DF80740FBF72FFF73
:1071600074E102A84FF474314FF40062FEF770FE30
:10717000402CA8BF40240DF107008DF80740FBF715
:107180002BFF63E102A84FF474314FF40062FEF765
:107190005FFE402CA8BF40240DF107008DF807408A
:1071A000FBF727FF52E102A84FF474314FF400625D
:1071B000FEF74EFE402CA8BF40240DF107008DF8CD
:1071C0000740FBF723FF41E102A84FF474314FF46D
:1071D0000062FEF73DFE402CA8BF40240DF10700E1
:1071E0008DF80740FBF71FFF30E102A84FF4743120
:1071F0004FF40062FEF72CFE402CA8BF40240DF196
:1072000007008DF80740FBF71BFF1FE102A84FF4B2
:1072100074314FF40062FEF71BFE402CA8BF4024DF
:107220000DF107008DF80740FBF717FF0EE102A8EC
:107230004FF474314FF40062FEF70AFE402CA8BFF1
:1072400040240DF107008DF80740FBF713FFFDE028
:1072500002A84FF474314FF40062FEF7F9FD402CA0
:10726000A8BF40240DF107008DF80740FBF70FFF82
:10727000ECE002A84FF474314FF40062FEF7E8FD31
:10728000402CA8BF40240DF107008DF80740FBF704
:107290000BFFDBE002A84FF474314FF40062FEF7FD
:1072A000D7FD402CA8BF40240DF107008DF8074002
:1072B000FBF707FFCAE002A84FF474314FF40062F5
:1072C000FEF7C6FD402CA8BF40240DF107008DF845
:1072D0000740FBF703FFB9E002A84FF474314FF405
:1072E0000062FEF7B5FD402CA8BF40240DF1070059
:1072F0008DF80740FBF7FFFEA8E002A84FF47431B9
:107300004FF40062FEF7A4FD402CA8BF40240DF10D
:1073100007008DF80740FBF7FBFE97E002A84FF44B
:1073200074314FF40062FEF793FD402CA8BF402457
:107330000DF107008DF80740FBF7F7FE86E002A885
:107340004FF474314FF40062FEF782FD402CA8BF69
:1073500040240DF107008DF80740FBF7F3FE75E0C0
:1073600002A84FF474314FF40062FEF771FD402C17
:10737000A8BF40240DF107008DF80740FBF7EFFE92
:1073800064E002A84FF474314FF40062FEF760FD30
:10739000402CA8BF40240DF107008DF80740FBF7F3
:1073A000EBFE53E002A84FF474314FF40062FEF795
:1073B0004FFD402CA8BF40240DF107008DF8074079
:1073C000FBF7E7FE42E002A84FF474314FF400628D
:1073D000FEF73EFD402CA8BF40240DF107008DF8BC
:1073E0000740FBF7E3FE31E002A84FF474314FF49D
:1073F0000062FEF72DFD402CA8BF40240DF10700D0
:107400008DF80740FBF7DFFE20E002A84FF474314F
:107410004FF40062FEF71CFD402CA8BF40240DF184
:1074200007008DF80740FBF7DBFE0FE002A84FF4E2
:1074300074314FF40062FEF70BFD402CA8BF4024CE
:107440000DF107008DF80740FBF7D7FE0DF6080D8C
:1074500070BD10B50446FFF7B3FC04F1260000210F
:107460001A22BDE8104021F02DB8F0B501389DF882
:107470001460584300249C4207DA0D180EB100270F
:1074800000E0175D2F550134F5E7F0BD034B1B7885
:10749000022B02D0024808F0C2BA704730BBFF1F6F
:1074A000689BFF1F08B5074BAA28187002D1064B2E
:1074B000F6221A7005480649FAF781FB054B0122AE
:1074C0001A7008BDD6B9FF1F999BFF1F8490FF1F3C
:1074D00034BBFF1F55BAFF1F08B508480849FAF723
:1074E0003DFB0748FAF7CEFB064B1B78AA2B064B51
:1074F0001CBF00221A7000225A7008BD8490FF1F22
:10750000DCB9FF1FD6B9FF1F999BFF1FF8B55E4B73
:107510001C6805460E46D4B9B44280F2AA80321BDC
:107520003F2A05EB040109DD584B01F1400251F8F7
:10753000040B43F8040B9142F9D102E0534814F0D4
:1075400013F8524800211EF057FF4034E4E7504B37
:107550001B78022B05D0012C03D1BDE8F8400FF0B9
:1075600093BA032C40F085804A4C2B682360AB888B
:10757000A380AB79A371C023E3712B46284653F84F
:10758000071FA1609988A1819B79A373C123E3732D
:107590002B4653F80E1F21619988A1829B79A37510
:1075A000C223E3752B4653F8151FA1619988A18367
:1075B0009B79A377C323E3772B4653F81C1F2162E3
:1075C0009988A1849B7984F82630C42384F82730D5
:1075D0002B4653F8231FA1629988A1859B7984F8D3
:1075E0002E30C52384F82F302B4653F82A1F2163F1
:1075F0009988A1869B7984F83630C62384F8373081
:107600002B4653F8311FA1639988A1879B7984F891
:107610003E30C72384F83F302B4653F8381F21648F
:107620009988A4F844109B7984F84630C82384F8DC
:10763000473095F83F3084F848304021C92384F81A
:107640004F3009F0BFFDC04387B200210922124824
:1076500020F038FF28460021402220F033FF84F834
:1076600049704B233F1284F84A7084F84C30FFF77E
:1076700033FF0020FEF78CFB284632460021BDE890
:10768000F84020F01FBF00BFD8B9FF1F9E9BFF1F0F
:1076900030BBFF1F71BBFF1F5DBAFF1F70B5524BA0
:1076A0001B78022B86B0054601D100209AE068467F
:1076B0000021172220F006FF19240DF102002146B7
:1076C000FFF76EFB7C23012D8DF800408DF8013013
:1076D0001DD10DF105000DF10201102220F0D7FEA1
:1076E00052238DF8003053238DF8013041238DF85B
:1076F000023004F118038DF8033020238DF8043094
:10770000684600238DF81530FEF74EFB17E0022D7A
:1077100009D10022684615211346FFF7F7FE142011
:1077200014F0FCFE0BE0032D09D10DF105002F49EB
:10773000102220F09DFE10B9183CE0B252E0013456
:10774000E4B21D2CB9D1E6B20DF102003146FFF7CB
:1077500027FB7C23032D8DF800608DF8013009D1C3
:107760000DF102002149102220F082FEB0BB183E2C
:10777000F0B237E0012D26D10DF106000DF1020126
:10778000102220F084FE45238DF80030252C4FF088
:1077900043038DF801308DF8023004DC30238DF87E
:1077A0000330143603E031238DF803300A362023EA
:1077B0008DF80530684600238DF804608DF816308A
:1077C000FEF7F2FA0AE0022D08D1002268461621DF
:1077D0001346FFF79BFE142014F0A0FE01342D2C5D
:1077E000B1D162E706B070BD30BBFF1F12BAFF1FF8
:1077F0002DE9F04389B01B220646002101A820F0A4
:1078000061FE474B1B78002B464B1A7814BF4FF094
:107810000C084FF00008092A994614BF0C271827B6
:107820000124E5B205EB08010DF10600C9B2FFF72E
:10783000B7FA092CC6BFAB1D8DF804308DF8045083
:107840007C23012E8DF8053056D199F80030092B94
:1078500033D1012C03D13448FEF7A6FA31E0072CCE
:1078600003D13248FEF7A0FA13E00D2C03D13048C3
:10787000FEF79AFA15E0132C03D12E48FEF794FA7E
:1078800019E0032C1DDD062CD8BF2D351EDD092C7B
:1078900001DC2A3516E00C2CD8BF273516DD0F2C5D
:1078A00001DC24350EE0122CD8BF21350EDD152C5D
:1078B000C8BF1B350ADC1E3504E0062CC8BF2A35BC
:1078C00004DC30358DF80450612302E08DF804505B
:1078D00062230DF107000DF1060110228DF805302D
:1078E00020F0D5FD20238DF8063001A800238DF867
:1078F0001730FEF759FA08E0002201A812211346BA
:10790000FFF704FE142014F009FE0134BC4288DDA8
:10791000012E02D10848FEF747FA09B0BDE8F0830E
:1079200030BBFF1FB78CFF1FC5930200CB93020033
:10793000D0930200D7930200DE93020010B500211D
:10794000044640220A4820F0BDFD0021635C43B19B
:10795000402906D0FF2B064A08BF002353540131AB
:10796000F4E7002202481346BDE81040FFF7CEBD01
:107970009E9BFF1F13B50DF10700FAF7B3FEFEF74C
:107980003BFA9DF80730012B02D8FEF740FA11E0D0
:10799000FEF73DFA02242046002101341EF0E6FAEB
:1079A000432CF8D1012001461EF0E0FA002001210D
:1079B0001EF0DCFA084B094800221A70084B01221D
:1079C0001A70FFF7BBFF642014F0A8FD054A064BB0
:1079D0001A6002B010BD00BF5CBAFF1F0E94020017
:1079E00099BAFF1F0400FA050CED00E00148FAF710
:1079F00049B900BFF09BFF1F01480249FAF7AEB832
:107A00008490FF1FF09BFF1FC043C2B2542A07D8C7
:107A1000A2EB8200013802EB4202C0B200210AE070
:107A2000A92A0AD8553AD2B202EB4201A2EB82024D
:107A3000013A0020C9B2D2B209E05632D2B202EB0A
:107A40004200A2EB8202511EC0B2C9B2002207F06E
:107A500033BF38B50A25002424201EF0D9FB044486
:107A6000012014F05BFD013DF6D10A2394FBF3F4F1
:107A7000A4F5724441F28630313C84428CBF002030
:107A8000012038BD08B50C4807F053FE0B4B1B789E
:107A9000092B0B4B1B780CBF0B2116211BB1594333
:107AA0000548C9B201E00448C90007F00AFF0248CE
:107AB000BDE8084007F04ABEE0BAFF1FB78CFF1FC1
:107AC00015BBFF1F10B5044670B90146024607F00A
:107AD000F3FE214602461D4807F0D2FE204621460D
:107AE000224607F0E9FE11E0552815D1184C206810
:107AF0005530C0B2FFF788FF00210246134807F057
:107B0000BFFE20685530C0B2FFF77EFF024601215C
:107B10000E4807F0B5FE10E0FFF776FF00210246A1
:107B20000A4807F0ADFE2046FFF76EFF012102462E
:107B3000064807F0A5FE074B1C70044807F006FE38
:107B40000120BDE8104014F0E9BC00BFE0BAFF1FFF
:107B5000CCBAFF1FD6B9FF1F38B505460024AC428A
:107B60000EDA084B1878FFF7ADFF642014F0D6FC4E
:107B70000020FFF7A7FF642014F0D0FC0134EEE7EB
:107B800038BD00BFD6B9FF1FF8B587794679002107
:107B90004022054620F096FC0A2F34460CD15EB9EF
:107BA000E81DFBF736FB05F11700FBF76CFB05F151
:107BB0001D00FBF773FB5DE0731E172B5AD8304B8B
:107BC0001B781BB10C2ED8BF06F10C040735E6B2AA
:107BD00031462846FFF7EFF82A48FFF7AFFE224666
:107BE00000212846FEF7BEFB2748FFF7A7FE2146E7
:107BF0002846FBF76DFE2548FFF7A0FE21462846E4
:107C0000FBF7F2FE2248FFF799FE224600212846A4
:107C1000FEF7F2FE1F48FFF791FE21462846FBF7CC
:107C20006FFF1D48FFF78AFE224600212846FBF71A
:107C300097FC1A48FFF782FE21462846FCF704F815
:107C40001748FFF77BFE21462846FCF7B9F8154890
:107C5000FFF774FE002122462846FFF727FA124854
:107C6000FFF76CFE00202146FCF7AAF80020314601
:107C7000FBF7EAFA0120BDE8F840FFF76DBF00BF4F
:107C800030BBFF1F2F940200489402005F94020053
:107C900088940200A3940200BF940200DA940200C8
:107CA000F6940200119502002D95020010B50446CD
:107CB0000A48F9F7E7FFFFF70FFC64B908480949DC
:107CC000F9F74CFF06480849F9F748FF5520BDE889
:107CD0001040FFF7F7BE054B1C7010BDA8BAFF1F80
:107CE0008490FF1F34BBFF1F50BBFF1FD6B9FF1F7F
:107CF00038B5574C574B22781D78083AD2B2012D2F
:107D0000227012D1002110460A4607F0D5FD00214D
:107D10000246514807F0B4FD00210A46207807F0DA
:107D2000CBFD294602464C4814E02B2D15D85008AF
:107D30000146002207F0C0FD00210246464807F038
:107D40009FFD207840080146002207F0B5FD02465D
:107D50004148012107F094FD49E0552D0DD8002040
:107D60001146024607F0A8FD002102463A4807F0F6
:107D700087FD002021780246E7E7802D0ED85108C4
:107D80000A46002007F098FD00210246324807F01D
:107D900077FD2178490800200A46D6E7AA2D0CD89D
:107DA0000020014607F088FD002102462A4807F01E
:107DB00067FD002001462278C7E7D52D17D8500867
:107DC0000021024607F078FD00210246224807F014
:107DD00057FD207840080021024607F06DFD012183
:107DE00002461D4807F04CFD1B4807F0AFFC257804
:107DF00065BB1A481A491B4CF9F7B0FE17481A49D7
:107E0000F9F7DDFEE37903F15F02D2B20E2A1DD845
:107E1000A12B19D10120FFF749FF50221348294611
:107E200020F050FB124AE5711278A2710223114A28
:107E30006370A3700323E3702371637113700E4B9F
:107E400025721D705D7038BD013BE37138BD00BF08
:107E5000F4BAFF1FD6B9FF1FE0BAFF1F8490FF1FBF
:107E600050BBFF1FAC8CFF1F34BBFF1F71BBFF1F3C
:107E7000B68CFF1FB58CFF1F999BFF1F10B5234BBE
:107E800023480024214641F6B9521C6020F01AFB19
:107E9000214650221F4820F015FB05221E4821468E
:107EA00020F010FB1D4B1E48DA79C471BF2A12D98D
:107EB00002225A709A700322DA701A495A711A4AC9
:107EC0000978127819719A71214609221C70DC71A7
:107ED0001C7220F0F7FA154A00231360144A13703D
:107EE000144A1370144A1370144A1370144A13700E
:107EF000144A1370144A1370144B1B7823B10120D9
:107F0000BDE81040FFF7D2BE10BD00BF50BAFF1F42
:107F10001C9CFF1F71BBFF1F999BFF1FAC8CFF1F99
:107F20005DBAFF1FB58CFF1FB68CFF1FA0BAFF1FE5
:107F300000BAFF1F48BBFF1F49BBFF1F4ABBFF1F03
:107F40009CBAFF1F98BAFF1FD5B9FF1F55BAFF1F74
:107F500010B5094A1378232B144601D0F62B04D10F
:107F6000FFF744FDF723237004E0044B1B780BB9A3
:107F7000FFF784FF002010BDD5B9FF1F28BBFF1FEE
:107F800026201EF045B9FFFF2DE9F04F85B0FFF721
:107F9000F7FF04A9022241F80C0D01235448554C67
:107FA000554E564F564D06F0ABF8564B18781EF00E
:107FB0002FF904A90222134641F8080D4C4806F097
:107FC0009FF8514B18781DF00DFB504A504B12781A
:107FD0001860092A9A4605D120781DF003FB30600D
:107FE000387804E038781DF0FDFA306020781DF014
:107FF000F9FA3268DAF80030286003241344B3FB3E
:10800000F4F202EB4202981A029B424FDFF82CB1C5
:10801000DFF82C81DFF82C91B3FBF4F202EB420283
:108020009B1A184414F07AFA3B6801333B603A4BD0
:1080300018781DF0D7FA394BCBF8000018781DF0EE
:10804000D1FA374BC8F8000018781DF0CBFA354B41
:10805000C9F8000018781EF0DBF804A9022241F8E4
:10806000040D1346224806F04BF8039BD9F8002074
:10807000DBF800002C491A442B681A44D8F8003069
:108080001A44029B1344326803441344DAF8002074
:10809000174813440B602246042306F031F81448B5
:1080A00006F00CF82A68D9F800301344D8F80020FC
:1080B0001344B3FBF4F202EB4202981A039BB3FBA6
:1080C000F4F404EB44041C1B204414F027FA174A70
:1080D0001368013313603A689A4205D0144B0022AA
:1080E0001A70144B144A1A6005B0BDE8F08F00BF37
:1080F000C4BBFF1F21BBFF1F6CBBFF1F69BBFF1F62
:108100006CBAFF1F14BBFF1F68BBFF1FB78CFF1F9C
:1081100058BAFF1F8890FF1F9ABAFF1F70BBFF1F3E
:10812000C1BBFF1F989BFF1FF8BAFF1F8C90FF1F5A
:1081300099BAFF1F0CED00E00400FA05E49BFF1F55
:1081400068BAFF1F70BAFF1F2DE9F04F85B00446D3
:10815000FFF71AFF704B1B78092B25D06F4B18685F
:108160006F4B1B6818446F4B1B6818441FF022FCB0
:108170006D4B054618686D4B1B6818446C4B1B68AB
:1081800018441FF017FC014628461FF01FFD6949DF
:1081900005461FF023FE08B90120B9E028466649CC
:1081A0001FF0FEFD0028F7D0C72C40F2B080C82C8D
:1081B0005B4B624A15D1196811605C4908686049D7
:1081C0000860594908685F490860544908685E4971
:1081D0000860544908685D490860554908685C4969
:1081E00008601668D3F800A006EB56035345D3D3B6
:1081F00053484E4B0568D3F8009005EB55034B45AB
:10820000CAD3494B4F491B6802930868029A00EB96
:1082100050039342C0D34C4B1968404B1B680193E9
:10822000019A01EB51039342B6D3484B1A683D4B78
:10823000D3F8008002EB52034345ADD3444FDFF83F
:10824000F0C03B68DCF800C003EB530BE345A3D35D
:10825000B2443A4E4FEA5A0AC6F800A04D44384E8E
:108260006D083560029D374E2844400830606344F5
:108270000198354D354E5B08014442443B6040F265
:108280002B13490852089C42296032603FD1314B80
:10829000214C1B6803F00F03052B36D0FFF7D9FBE9
:1082A000A8B9FFF7D6FB10B12B4B2C4A1A60FFF789
:1082B000D0FB10B1284B294A1A60FFF7CAFB10B156
:1082C000254B264A1A60FFF7C4FBF0B11AE0237869
:1082D000092B02D1204B214A1A60FFF7BAFB10B9D3
:1082E0001D4B1E4A1A60FFF7B4FB10B91A4B1B4A0C
:1082F0001A60FFF7AEFB10B9174B184A1A60FFF768
:10830000A8FB10B9144B154A1A60092323700020EA
:1083100005B0BDE8F08F00BFB78CFF1F68BAFF1F24
:1083200058BAFF1F6CBAFF1FE49BFF1F6CBBFF1FF7
:1083300070BAFF1F9A99193FCDCCCC3F18BBFF1FD5
:1083400094BAFF1F24BBFF1FA4BAFF1F84BAFF1FEC
:108350001CBBFF1F248004400CED00E00400FA0564
:1083600038B50024E5B22846FFF74EFB002102464F
:108370000C4807F085FA2846FFF746FB0121024624
:10838000084807F07DFA074807F0E0F92046FFF7B4
:10839000DBFE002818BF14240134A4B2B4F5967F84
:1083A000E0D338BDE0BAFF1F2DE9F041FFF7ECFD47
:1083B0009B4803780BB90C2303709A4F9A4C397879
:1083C0009A4D092962D09A4B1A689A4B1E68142359
:1083D000B2FBF3FC9444B44546D2DFF864C2DCF847
:1083E00000C0BCFBF3F8C444DFF85882D8F8008022
:1083F000C44539D2DFF854C2DCF800C0BCFBF3F846
:10840000C444DFF84C82D8F80080C4452CD2DFF891
:108410004CC2DCF800C0BCFBF3F8C444DFF8408277
:10842000D8F80080C4451FD2DFF838C2DCF800C09D
:10843000BCFBF3F8C444DFF83082D8F80080C445B0
:1084400012D2DFF828C2DCF800C0BCFBF3F39C4476
:10845000794B1B689C4507D2002626602E60FFF7EB
:108460007FFF3046BDE8F081322390F800C0B2FBB8
:10847000F3F30CFB0322964208D9704A00231360E1
:108480002B60236801332360352262E06C4B027855
:1084900018683223B0FBF3F602FB0600694E36681B
:1084A0008642664E22D90020306026682860013658
:1084B0002660654E0929336040F08D806349096864
:1084C000B1FBF3F302FB0312614B1B689342614B58
:1084D00004D9614A11680131116005E01A6801325E
:1084E000022A1A6077DD5C4B186074E05748006818
:1084F000B0FBF3FC02FB0C00DFF854C1DCF800C059
:10850000844513D92268013222604F4A002331206A
:10851000092933602B6010605DD14E490A68013231
:10852000022A0A6057DD4C4A136054E0092937D00B
:108530004A490968B1FBF3F002FB001148480068A2
:10854000884209D9002333602B60236801332360FC
:1085500033223D4B1A603EE042490968B1FBF3F01B
:1085600002FB001140480068884207D900233360AD
:108570002B602368013323603422EAE73B49096812
:10858000B1FBF3F302FB03122B4B1B68934207D999
:10859000002333602B602368013323603622D8E741
:1085A000D4F8008040461FF009FA4FF07C511FF0CC
:1085B00015FC08B1C5F800803368013333602C4BDB
:1085C000187830B12B4B1B782BB92B4B1B6813B190
:1085D0005520FFF777FA284B1B6833B9174B1B68F8
:1085E000022B02DD5520FFF76DFA2868002814DD04
:1085F000124B1B68022B10DD3B78174A092B04D164
:10860000136813B1104B3321196000231360114A12
:10861000236013602B60BDE8F0810020BDE8F0818D
:108620009BBAFF1FB78CFF1FEC9BFF1FDCBAFF1F1D
:1086300018BBFF1F58BAFF1F70BAFF1F189CFF1FFF
:1086400094BAFF1F6CBBFF1FE09BFF1F24BBFF1FE3
:10865000E49BFF1FE89BFF1F2CBBFF1FA4BAFF1F5B
:1086600068BAFF1F84BAFF1F6CBAFF1F1CBBFF1F35
:1086700099BAFF1F55BAFF1F149CFF1F70B506461D
:108680000D46094C0948216805F08CFC10B9FFF72C
:108690007BFCF6E7054831462A4605F0B3FC20236B
:1086A0002360012070BD00BFA08CFF1FC4BBFF1F53
:1086B00010B507210446FFF7E1FF0023E15C062225
:1086C000B1FBF2F002FB10123132E2540133072BFE
:1086D000F4D10023E37110BD10B51B210446FFF750
:1086E000CDFF0023E25C2421B2FBF1F001FB10225C
:1086F000D2B202F16101C9B27A298ABF1632E154BD
:10870000E25401331B2BEDD10023E37610BDFFFFB4
:1087100030B5E7B004460AA8F9F72EF902A8FAF72F
:10872000E4F80AA802A92022F9F750F90AA8274973
:108730001022F9F74BF90AA821462022F9F746F949
:108740000AA823492022F9F741F90AA826A9F9F72E
:108750005EF920462021FDF719FC18B91D4820219B
:10876000FFF78CFF1B4B224603F1200153F8040B4B
:1087700042F8040B8B42F9D1174B1B78022B07D020
:10878000012300932046114926AA2023FDF78CF9E6
:1087900026A84FF46C31FE22FDF746FB002526ABE0
:1087A0002B44625D83F880200135202DF7D126A867
:1087B0004FF46C31FE22FDF797FB20464FF46C31ED
:1087C0002A46FDF731FB67B030BD00BF6090FF1F48
:1087D0009090FF1F1091FF1F30BBFF1F10B540216D
:1087E000044608F0EFFC94F84120C3B29A4207D146
:1087F00094F84230C0F307201B1A5842584110BD6C
:10880000002010BD30B5044D2D78022D03D0BDE8F9
:108810003040FDF74BB830BD30BBFF1F2DE9F041B4
:10882000457990F806808EB004460246002613462D
:10883000D079197A0144587A9B7A0144D94202F1DD
:10884000010201D00136F2E72378A24FBA2B06D1FC
:108850000C2D04DD0DF10F00F9F79FFF02E03B78CE
:108860008DF80F303B782BB10C2D03DC2278BA2A1F
:1088700018BF0C3508F1FF321C2A00F28383DFE8B1
:1088800012F01D009600AA00C500D200F5001C01E0
:1088900049016601FA018E0296025C036E03230011
:1088A0003900530060007B00C902E102EC021103B1
:1088B0001E034503F902050330038F01E01DE9B2F1
:1088C000FEF779FA844812E09DF80F30022B04F18C
:1088D000070706D000963846E9B20F227F4BFFF714
:1088E00091FF384631462A46FDF73CFD7C48FFF7AC
:1088F00025F841E3E3792F2B84BF303BE371294610
:108900000DF10E00FAF79CFFE2799DF80E3020463B
:1089100002F0030223F00303134300F8073F294644
:10892000FAF7D6FF6F48E2E7E379302B88BF303B98
:1089300004F1070088BFE3712946FBF755F86A4840
:10894000D5E7E3792F2B84BF303BE37129460DF146
:108950000E00FAF775FFE3799DF80E209B00204684
:1089600022F0040203F00403134300F8073F2946F2
:10897000FAF7AEFF5D48BAE7E3792F2B84BF303BAF
:10898000E37129460DF10E00FAF75AFFE3799DF8DD
:108990000E20DB00204622F0080203F008031343F8
:1089A00000F8073F2946FAF793FF51489FE79DF8E3
:1089B0000F30022B04F1070706D000963846E9B2C3
:1089C0000222464BFFF71EFF384631462A46FEF785
:1089D00013F848488BE7E3792F2B84BF303BE371D2
:1089E00029460DF10E00FAF72BFFE3799DF80E20D2
:1089F0001B01204622F0300203F03003134300F83D
:108A0000073F2946FAF764FF3B4870E7E379302BCC
:108A100088BF303B04F1070088BFE3712946FBF7AC
:108A20006FF8364863E79DF80F30022B17D0344BB0
:108A30001F78012F0CD10DF10E002946FBF760F9CC
:108A40009DF80E3023B12F48FEF778FF384697E2A5
:108A50000096E01DE9B20522204BFFF7D3FEE01D92
:108A600031462A46FAF77CFD274840E7E3792F2B69
:108A700084BF303BE3710DF10E002946FAF7E0FEAA
:108A8000E379022B01D1402306E0012B01D18023A1
:108A900002E0032B01D1C023E371E2799DF80E308F
:108AA000204622F03F0203F03F03134300F8073F44
:108AB0002946FAF70DFF154819E7E379302B88BFEF
:108AC000303B04F1070088BFE3712946FBF7BCF88F
:108AD0000F480CE730BBFF1F489502001091FF1FA5
:108AE0005F95020074950200A8950200C0950200EF
:108AF000F695020027960200419602007696020043
:108B000088BAFF1F8E960200CA960200E496020001
:108B100009970200AE4B1B78012B12D1AD4E2946AE
:108B20003068FAF7BFFB00218DF80E004022306854
:108B30001FF0C8FC9DF80E301BB1A748FEF7FEFEE3
:108B40001DE2E01D2946FBF73BF9A448CFE6A04B08
:108B50001B78012B0FD19F4F29463868FAF7A2FBEB
:108B600000218DF80E00402238681FF0ABFC9DF804
:108B70000E30002BE1D1E71D3846E9B2984B009644
:108B80000922FFF73FFE384631462A46FEF78EFAA5
:108B90000EA8672300F82A3D2946FBF711F968E083
:108BA0008B4B1B78012B0FD18A4E29463068FAF780
:108BB00079FB00218DF80E00402230681FF082FC06
:108BC0009DF80E30002BB8D129460DF10E00FBF7B1
:108BD00097F8E61D152300931D22814B3046E9B21C
:108BE000FFF710FE04AA334604F1170E1746186863
:108BF0005968164603C6083373453246F7D11868DC
:108C000030601B79337120462946FEF7D9F83A4681
:108C100004F12B0308AF164603CEBE42186059601C
:108C2000324603F10803F6D13068186032791A71C0
:108C30009DF80E30322B01D0592B08D132230DF183
:108C40000E0029468DF80E30FBF7BAF80CE04823E9
:108C50000DF10E0029468DF80E30FBF7B1F82046D5
:108C600000212B221FF02EFC204600212A46FEF771
:108C70001DFA5C483BE69DF80F30022B00F07C812A
:108C8000A5B9E61D1C2329460A2200933046544B01
:108C9000FFF7B8FD3046FAF701FB04F10D00FAF7D3
:108CA000F2FA04F11300FAF7B4FA6FE06B1E172B17
:108CB0006CD8474B1E78012E13D1464F2946386891
:108CC000FAF7F0FA00218DF80E00402238681FF004
:108CD000F9FB9DF80E3023B13F48FEF72FFE3046DA
:108CE0004EE129460DF10E00FBF70AF8E61D26239A
:108CF00000930A223A4B3046E9B2FFF783FD04AAFB
:108D0000334604F1270E174618685968164603C6FD
:108D1000083373453246F7D1186830609B88B380BA
:108D200020462946FEF74CF83A4623460CAF164635
:108D300003CEBE4218605960324603F10803F6D1F3
:108D400030681860B2889A809DF80E30322B01D0BE
:108D5000482B08D132230DF10E0029468DF80E3034
:108D6000FBF72EF80DE059230DF10E0029468DF882
:108D70000E30FBF725F804F12B00002115221FF01F
:108D8000A1FB204600212A46FEF790F90EA80023F9
:108D900020F8283DE9B2FAF757FA1348A7E5E01D95
:108DA000F9F79BFC114BE2791A7011489FE5E279C3
:108DB000022A25D10F4A127822B90F4A12680AB145
:108DC000022B1DD1E01DF9F795FC0C488FE500BF83
:108DD00088BAFF1FB88CFF1F21970200629702001C
:108DE0001091FF1F7C97020095970200BC8CFF1F1B
:108DF000C997020028BBFF1F149CFF1FE7970200C2
:108E0000624B1B6823B9E01DF9F774FC60486EE5FE
:108E100060486CE5E379012B0AD15F4B1B7813B9ED
:108E20005A4B1B6823B9E01DF9F77EFC5B485EE5F1
:108E3000564B1B6823B9E01DF9F776FC584856E5F8
:108E4000584854E5544B1B7813B9504B1B6853B921
:108E5000E01DF9F776FC544849E54F4B1B7823B9E0
:108E60004A4B1B680BB1514841E5E01DF9F776FC10
:108E70004F483CE5484B1B781BB9444B1B68002B03
:108E8000F1D1E01DF9F777FC4A4830E5424B1B78F9
:108E90001BB93E4B1B68002BE5D1E01DF9F778FCB0
:108EA000454824E59DF80F30022B6BD0374B1B68EB
:108EB0001BB9E01DF9F779FC5EE0404817E5E01DBD
:108EC000F9F7DAFCE3793E4A3E48137003EB83017D
:108ED00003EB4103590001F0FE0106F0F2FC3A48B1
:108EE00005E52D4B1B781BB9284B1B68002BBAD10D
:108EF000E379023B622B07D8E01DF9F7CAFC334B3C
:108F0000E2791A703248F2E43248F0E404A8F9F742
:108F1000C5FC3978E3799DF8102021B102F00F02E9
:108F200002EB031302E022F00F02134404A88DF8B1
:108F30001030F9F7BBFC2848D9E4E3790A2B0CD8A8
:108F40002046C3F10B0300F8073F6179F9F755FCA0
:108F5000237A13B9214BE2791A702148C7E42046DD
:108F6000204B10F8072F1A70F9F779FC13F03AFB31
:108F70001D48FEF7E3FC05E02378BA2B02D0012060
:108F8000FEF7EAFD0EB0BDE8F08100BF149CFF1FA4
:108F90000F9802003D98020028BBFF1F6098020056
:108FA0008B980200C5980200EE9802001A99020000
:108FB000339902005E99020083990200A29902008F
:108FC00015BBFF1FE0BAFF1FD79902009BBAFF1F16
:108FD000F79902001A9A02003E9A0200A48CFF1F21
:108FE0005B9A0200CEE6FF1F769A020070B53A4BFC
:108FF0001B78022BADF6080D04460E4668D0417969
:10900000A1F165021F2A09D801F0FB02802A07D1CD
:10901000324A127822B9324A12680AB1314842E023
:10902000A01DFAF7A5FF237AE5791D44637A1D4454
:10903000A37A1D44E37A1D44237B1D44637B1D44B6
:10904000A37B1D44B5F5FF6F02D12046FBF740F826
:1090500020236179A2790093E01D234BFFF7D2FB17
:1090600002A84FF478314FF40062FCF7DDFE60791E
:10907000653840010023E218D17902AA0244D15494
:109080000133202BF7D100214FF4783003F0A0FA00
:1090900002A84FF478314FF40062FCF7D9FE6379EF
:1090A000832B03D11148FEF749FC11E04DB10C4B65
:1090B0001B6833B10E48FEF741FC2378BA2B04D16C
:1090C00006E02EB10B48FEF739FC0220FEF744FD06
:1090D0000DF6080D70BD00BF30BBFF1F28BBFF1F82
:1090E000149CFF1F979A02001091FF1FAE9A020076
:1090F000D19A0200EA9A020070B5774B1B78022BD6
:10910000ADF6080D044600F0E380D1B102A84FF49B
:109110007A314FF40062FCF787FE012360790093F7
:1091200002A922464FF40073FEF79FF902A84FF4FC
:109130007A314FF40062FCF78BFE6848FEF7FEFBC5
:10914000C3E04379013B032B01D965486DE0837986
:1091500003F00F03012B17D10378BA2B68D0614BB2
:109160001A68722A184663DC5F49E31D114404F152
:109170003F0553F8046B41F8046BAB42F9D11B78FF
:109180000B703932026053E0022B17D10378BA2BEF
:1091900050D0544B1A68E42A18464BDC5249E31D60
:1091A000114404F13F0553F8046B41F8046BAB42E2
:1091B000F9D11B780B70393202603BE0032B18D1D8
:1091C0000378BA2B39D0474B1A68B2F5AB7F1846F3
:1091D00033DC4549E31D114404F13F0553F8046BAA
:1091E00041F8046BAB42F9D11B780B703932026045
:1091F00023E0042B18D10378BA2B21D0394B1A68FD
:10920000B2F5E47F18461BDC3749E31D114404F135
:109210003F0553F8046B41F8046BAB42F9D11B785E
:109220000B70393202600BE03048FEF787FB4FE0ED
:10923000802507E04FF4807504E04FF4C07501E02D
:109240004FF40075274A1368AB421646237802DABA
:10925000BA2B3DD101E0BA2B04D12348E11D2A46A7
:1092600012F082F9A01D6179FAF714FF204B6179A1
:10927000A2791D480095FFF7C5FA02A84FF47A318C
:109280004FF40062FCF7D0FD607901384002002302
:10929000154A995C02AA0244D1540133B3F5007F08
:1092A000F6D100214FF47A3003F092F902A84FF47E
:1092B0007A314FF40062FCF7CBFD00230D48336098
:1092C000FEF73CFB2378BA2B02D00220FEF744FCC9
:1092D0000DF6080D70BD00BF30BBFF1F059B0200DF
:1092E000289B020050BAFF1FCC92FF1F3F9B020039
:1092F0001091FF1F569B020073B5254E254D044665
:1093000002A800238DF8063000F8013D33680133D0
:109310003360F9F7CDF92B680DF1060001332B60AE
:10932000F9F7FAF933689DF8062001333360A37921
:10933000802B01D932B90FE072B19DF80710627924
:10934000914209D1144A126832B11448FEF7F6FA74
:109350002B6801332B6019E02A6801322A60104A19
:109360001278022A12D0802B04D9803BA371601D91
:10937000F9F7A6F96379013B032B20464FF0000172
:1093800002D8FFF7B9FE01E0FFF730FE02B070BD72
:109390008C90FF1F8890FF1F149CFF1F6F9B020083
:1093A00030BBFF1FF0B5037823F007030370C37FC2
:1093B00003F03F03044643F04003CBB00022C377E1
:1093C00021462D4803F05AFE0DF10700F9F7E5F9A3
:1093D0009DF80730012B21460CBF284A264A02A8D7
:1093E00003F04CFE02A8FFF793F9234B224603F14A
:1093F000200153F8040B42F8040B8B42F9D10AA860
:109400004FF46C31FE22FCF70FFD00260AAB33440B
:10941000A25D83F820200136202EF7D10AA84FF450
:109420006C31FE22FCF760FD154B1F68DFB9154D4E
:10943000EF232B71842331466B71E81D6123AB71DF
:10944000FFF71CF92846FFF757FF80233146E81D38
:109450006B71FFF713F92846FFF74EFF2846394690
:1094600040221FF02FF820464FF46C312022FCF7E9
:10947000DBFC4BB0F0BD00BFB090FF1FD090FF1FD2
:10948000149CFF1F0CBAFF1FF0B5037823F00703ED
:109490000370C37F03F03F0343F040030446CBB0A7
:1094A000C37721460022354803F0E8FD0DF107009F
:1094B000F9F773F99DF80730022B15D0304B1B6874
:1094C00033B901230DF107008DF80730F9F76DF975
:1094D00020212C48FCF75AFD02A82146294A03F016
:1094E000CDFD02A8FFF714F9244B224603F1200119
:1094F00053F8040B42F8040B8B42F9D10AA84FF43D
:109500006C31FE22FCF790FC00260AAB3344A25DCE
:1095100083F860200136202EF7D10AA84FF46C3171
:10952000FE22FCF7E1FC9DF80730022B1ED0144B05
:109530001F68DFB9144DEF232B71842331466B7103
:10954000E81D6123AB71FFF799F82846FFF7D4FEB9
:1095500080233146E81D6B71FFF790F82846FFF72E
:10956000CBFE2846394640221EF0ACFF20464FF481
:109570006C312022FCF758FC4BB0F0BDD090FF1F9F
:10958000149CFF1FB090FF1F0CBAFF1F30B5ADB089
:1095900004460021684640221EF094FF874B0025B8
:1095A0001D7013F01FF854BB8548FCF7FDFB854880
:1095B000FCF7FAFB8448FCF7F7FB8448FCF7F4FB64
:1095C00083481DF0B3F8834B1B78092B0BD08248DE
:1095D000FCF7EAFB8148FCF7E7FB8148FCF7E4FB7A
:1095E0008048FCF7E1FB8048FCF7DEFB7F48FCF796
:1095F000DBFB7F4B0A221A60FEF7F8F9DCE0012C56
:109600000CD17B4B7B481D60FCF7CEFB7A48FCF706
:10961000CBFB2846214600F003FBCDE0022C38D1DD
:109620007648734DFCF7C0FB032368462B60FFF7B9
:109630003FF82146684600F0F3FA65481DF076F8D9
:109640006F48FCF7B1FB6846FCF7AEFB614B1B783B
:10965000092B0ED0092368462B60FFF729F86846CE
:10966000214600F0D9F96748FCF79EFB6846FCF7F5
:109670009BFB062368462B60FFF71AF86846022119
:1096800000F0DAF86048FCF78FFB6846FCF78CFBCB
:109690004FE0052C0FD15D48FCF786FB4948FCF7ED
:1096A00083FB5B48FCF780FB4848FCF77DFB4848A0
:1096B0001DF03CF83DE0062C02D100F0C1FB38E083
:1096C000032C36D12846FCF763FB524B6C4603F162
:1096D000400518685968224603C20833AB42144655
:1096E000F7D19DF806302F2B06D9414B03210DF100
:1096F0000600196000F094FA364B1B78092B0BD04A
:109700009DF816302F2B07D9394B09220DF1160081
:1097100003211A6000F080F99DF826302F2B4BD9D9
:10972000334B06220DF1260003211A6000F084F865
:1097300042E083238DF8053010A8A1238DF8063070
:10974000F8F71AF9062C2ED03348FCF72DFB0DF153
:109750000700FEF7C1FF0DF10700FCF725FB1C48D1
:109760001CF0E4FF1B2210A80DF10701F8F72EF9F9
:1097700010A80DF10701F8F74AF96846FFF7BCFD9C
:10978000144B1B78092B02D02448FCF70DFB24480E
:10979000FCF70AFB2348FCF707FB2348FCF704FB14
:1097A0002248FCF701FB053C012C02D80120F8F708
:1097B000BBFF1F4B1F4A1A602DB030BDCEE6FF1F06
:1097C000939B0200BA9B0200FA9B0200399C0200A4
:1097D00000E5FF1FB78CFF1F589C0200919C020000
:1097E000D49C0200169D0200669D0200AE9D020000
:1097F00074BAFF1FD29D02000A9E0200289E02003A
:10980000769E02008B9E0200AF9E0200D29E020056
:10981000FD9E02000CBAFF1F3F9F0200629F0200E4
:10982000BC9F02000EA0020062A002007AA002000B
:109830000CED00E00400FA0570B56B4D2B68043B9D
:10984000022B84BF00232B602B68A4B006460C4675
:10985000062B00F2C780DFE803F004C5C5C50F463C
:1098600054006248F8F756FA0423012C2B6001D10A
:109870005F483DE05F4841E005235C482B601FF0F6
:1098800090F8073803281AD85B4814B9FEF756F841
:1098900001E0FCF789FA0025544E30461FF081F8AC
:1098A000854204D8554BAA5DEA540135F4E73046A9
:1098B0005249F8F720FA3046F8F72CFA0BE05048F6
:1098C00014B9FEF73BF801E0FCF76EFA4748F8F7E9
:1098D00021FA00232B60012C40F0848000202146D7
:1098E000FFF7AAFF7EE0062301292B6005D145483A
:1098F000FCF75AFAFEF77AF874E04348FEF71EF8D0
:1099000070E0002339482B601FF04BF8073803281C
:1099100002D9A31E012B51D83448F8F7FFF920B91A
:10992000022C04D0032C44D10CE0022C08D12F4B84
:1099300030681860B188B2799A71998000250DE07D
:10994000032CFBD1294D33461036186859682A4636
:1099500003C20833B3421546F7D1EFE7234E304632
:109960001FF01FF8854204D8AB5D0DF805300135B6
:10997000F4E708A8F8F700F830461FF012F8694637
:10998000024608A8F8F722F8202208A81F49F8F78D
:109990001DF808A86946F8F73AF86846FCF722FB74
:1099A000012C1B4807D1FCF7FFF90720FFF7EEFD5C
:1099B0000FE0ACB91748FDF7C1FF0AE01048002CD2
:1099C000F9D0FCF7F1F9012C03D100200121FFF7B8
:1099D00033FF0648F8F79EF90320FEF7BDF801E0D3
:1099E0000C48EEE724B070BD74BAFF1FFCBAFF1F2D
:1099F000A3A00200E0A002000FA102008ABAFF1F8C
:109A000024A102004BA102007DA102009090FF1F43
:109A1000ACA10200C1A1020070B5754D2B68062BE8
:109A2000DCBF00232B602B68AEB006460C46092B2A
:109A300000F2DB80DFE813F00A00D900D900D9007A
:109A4000D900D900D90015004C005A006948F8F730
:109A500061F90723012C2B6001D167483DE067487D
:109A600041E0082363482B601EF09BFF0738032862
:109A70001AD8634814B9FDF761FF01E0FCF794F9C7
:109A800000255C4E30461EF08CFF854204D85D4BAD
:109A9000AA5DEA540135F4E730465A49F8F72BF944
:109AA0003046F8F737F90BE0574814B9FDF746FF91
:109AB00001E0FCF779F94F48F8F72CF900232B6007
:109AC000012C40F0928000202146FFF7A5FF8CE09A
:109AD000092301292B6005D14C48FCF765F9FDF7F6
:109AE00085FF82E04A48FDF729FF7EE000234148D8
:109AF0002B601EF056FF0738032802D9A31E012B46
:109B000007D83C48F8F70AF990B9A31E012B68D88A
:109B10000EE03D481CB9FDF711FF4DE03D48FCF754
:109B200043F9012C48D100200121FFF775FF43E0E4
:109B30000DF10700F8F731FE9DF80730022B06D033
:109B40000AA82021FEF79AFD0AA8F8F7D6FE12A867
:109B5000F7F712FF022C36D1264B30681860B18817
:109B6000B2799A71998023481EF01BFF2149024661
:109B700012A8F7F72BFF28482021FCF7C4F930B9C9
:109B800025482021FEF77AFD2348FCF7CFF9202253
:109B900012A82149F7F71AFF12A802A9F7F737FF11
:109BA00002A8FFF771FC012C1C48B4D1FCF7FCF8AB
:109BB00000202146FFF740FE0E48F8F7ABF80320DF
:109BC000FDF7CAFF11E0032CCDD10A4D3346103604
:109BD000186859682A4603C20833B3421546F7D1BC
:109BE000C1E7002C9AD10B4895E72EB070BD00BF9D
:109BF00074BAFF1FFCBAFF1FD8A1020016A2020010
:109C00000FA1020078BAFF1F24A102004BA102009D
:109C10007DA10200C1A102009090FF1FACA1020033
:109C200070B5784D2B68032BC4BF00232B602B68C5
:109C3000ACB006460C46032B00F2E280DFE803F0EE
:109C4000020D44527048F8F765F801239C422B60DE
:109C500001D16E483DE06E4841E002236A482B6026
:109C60001EF09FFE073803281AD86A4814B9FDF77A
:109C700065FE01E0FCF798F80025634E30461EF0C3
:109C800090FE854204D8644BAA5DEA540135F4E79E
:109C900030466149F8F72FF83046F8F73BF80BE00B
:109CA0005E4814B9FDF74AFE01E0FCF77DF856481E
:109CB000F8F730F800232B60012C40F0A180002041
:109CC0002146FFF7ADFF9BE0032301292B6005D15F
:109CD0005348FCF769F8FDF789FE91E05148FDF71C
:109CE0002DFE8DE0002348482B601EF05AFE0738F9
:109CF000032802D9A31E012B07D84348F8F70EF812
:109D000090B9A31E012B77D80EE044481CB9FDF78B
:109D100015FE52E04448FCF747F8012C4DD10020D5
:109D20000121FFF77DFF48E0202108A8FEF7A6FCEF
:109D300008A8F8F7E2FD10A8F7F71EFE022C4AD19A
:109D40003A4B314A1B78092B3ED1394B154603F16A
:109D50001006186859682A4603C20833B3421546EC
:109D6000F7D129481EF01DFE2749024610A8F7F733
:109D70002DFE304B1B6833B92F482021FEF77EFCA7
:109D80002D48FCF7D3F8202210A82B49F7F71EFE28
:109D900010A86946F7F73BFE6846FFF703FB012C66
:109DA0002648B4D1FCF700F8204B1B78092B4FF064
:109DB000000021461DD0FFF72FFE1348F7F7AAFF3A
:109DC0000320FDF7C9FE1BE030681060B188B3794D
:109DD00093719180C5E7032CC3D10B4D33461036E8
:109DE000186859682A4603C20833B3421546F7D1AA
:109DF000B7E7FFF721FDE0E7002C8BD10A4886E7A3
:109E00002CB070BD74BAFF1FFCBAFF1F37A202004E
:109E100016A202000FA10200D0BAFF1F24A1020067
:109E20004BA102007DA10200C1A10200B78CFF1F5F
:109E30007290FF1F149CFF1F9090FF1FACA10200A7
:109E4000114B124810B5032202211A60FFF7E8FEF9
:109E50000020F8F742FC20210D48FCF754F80D4B88
:109E6000202118600C48FCF791F80C4B0C48012499
:109E70001C70F7F769FF28B10A4B1C70BDE8104051
:109E80000CF05CBE10BD00BF74BAFF1F0CBAFF1F00
:109E90009090FF1F149CFF1FB090FF1F5CBAFF1F24
:109EA000FCBAFF1F99BAFF1F08B51A4B1A781A4B54
:109EB0002AB91A4A127812B91A78F72A0AD11B78E5
:109EC0000833DBB2012B02D81548FDF737FD01201E
:109ED000FDF7ECFE134B1868D0B9134B1B68032B2E
:109EE00003DC0121FFF79CFE12E0062B03DC0121BD
:109EF000FFF7A2FC0CE0092B07DC0C4B1B78092BAD
:109F000006D00121FFF788FD02E00220FFF73EFBAB
:109F1000002008BD55BAFF1FD5B9FF1F00BAFF1FAB
:109F200076A20200149CFF1F74BAFF1FB78CFF1F9C
:109F300010B50D4B1B78022B02460C4613D043790B
:109F4000013B032B0BD906230021D1540133272BCE
:109F5000FAD121461046BDE81040FFF747B8BDE8EA
:109F60001040FFF7C9B810BD30BBFF1FF0B539482E
:109F700039493A4C3A4F3B4E3B4DA7B0F7F7EEFD0F
:109F800034483A49F7F7EAFD394A012313700022B1
:109F9000337022703A70FDF729FD6B78C82B02D917
:109FA0002046F8F7C6FB6B78042B02D9653B0F2BD4
:109FB00002D82B48F8F7CAFB20782E4C0021FAF77C
:109FC000C7FC08B93B78DBB10323337023682978D9
:109FD0006A7829480093294BFEF714FC284B226825
:109FE000254900251D60274B1A60274B18681EF075
:109FF0004EFA264B25601878FDF754FA27B0F0BDCD
:10A000000AA8F7F7B9FC22681B490AA8F7F7DEFC93
:10A0100002A90AA8F7F7FBFC9DF808200623B2FB6B
:10A02000F3F103FB11221A4931320A709DF817200F
:10A03000B2FBF3F103FB1122164931320A709DF88D
:10A040002720B2FBF3F103FB1123134931330B70CB
:10A05000BCE700BF8490FF1FDCB9FF1F9CBAFF1F45
:10A0600098BAFF1F00BAFF1F999BFF1FA8BAFF1FD6
:10A0700055BAFF1F50BAFF1F6898FF1F1091FF1FAE
:10A08000A0BAFF1F4CBAFF1FB88CFF1FD6B9FF1F25
:10A0900048BBFF1F49BBFF1F4ABBFF1F70B50446EB
:10A0A000FDF71AFA254B21792A221A70244B1A78C7
:10A0B000184642B95D7835B962795A70214A1970EB
:10A0C00012689A7005E0914203D0427863799A420F
:10A0D00032D1A2791C4DFF2A12D12A68B2F5327F03
:10A0E00012DA1A49E31D11443F3453F8040B41F8C6
:10A0F000040BA342F9D11B780B7039322A6070BD72
:10A100002E68B6F5327F04DB1148BDE87040FDF7DC
:10A1100015BC531E382BF7D80C48E11D304411F004
:10A1200023FAA3790B481E4402212E60FEF7A6FAFB
:10A13000BDE87040FFF71ABF70BD00BFD5B9FF1F63
:10A14000999BFF1FD8B9FF1F50BAFF1F6898FF1FC8
:10A15000B0A202009C9BFF1F30B5044D2D78022D4C
:10A1600003D0BDE83040FBF71FBC30BD30BBFF1F44
:10A17000F0B51B4B1B78022B93B007460D4601D15F
:10A1800000202BE0174C2046F9F7BAFD2278482A28
:10A19000264601D0322AF3D1294602A8FCF710FE48
:10A1A000152300932946104B0DF133001D22FFF7B4
:10A1B000D3FF0DAC3B4611AD224603CAAA4218603C
:10A1C0005960144603F10803F6D1106818609DF831
:10A1D000330009233370431E5842584113B0F0BD79
:10A1E00030BBFF1FFC91FF1F1091FF1FF7B5214BE4
:10A1F0001B78022B054607D0A0F16507FBB21F2B89
:10A2000004D91D48FDF79AFB002031E01B4E29467A
:10A210003046F9F731FE3478ACB91948FDF78EFBBA
:10A22000184B1D681DB10120FDF740FDECE7164BF2
:10A230001A782D2AE8D02B2AE6D0012202201A70A3
:10A24000FDF78AFCE0E7790104F00F030F48337053
:10A2500001F578312022FBF7E7FD20230B4800931E
:10A26000294622460A4BFFF777FFFAF787FB20467D
:10A2700003B0F0BD30BBFF1F979A0200FC91FF1F97
:10A28000DBA20200D8B9FF1FD6B9FF1FAC92FF1F97
:10A290001091FF1FF7B5214B1B78022B064606D005
:10A2A000471EFBB2032B04D91D48FDF747FB0020D6
:10A2B00031E01C4D31462846F9F7D2FE2C789CB986
:10A2C0001948FDF73BFB194B1D681DB10120FDF737
:10A2D000EDFCECE7164B1A782D2AE8D0012202207B
:10A2E0001A70FDF739FCE2E704F00F0279022A70D8
:10A2F000104801F57A31D201FBF796FD2B780D4815
:10A30000DB010093314622460B4BFFF725FF2878EF
:10A31000FAF744FA204603B0F0BD00BF30BBFF1F80
:10A32000289B0200FC91FF1F05A30200D8B9FF1F64
:10A33000D6B9FF1FCC92FF1F1091FF1F2DE9F04FE0
:10A34000052BADF60C0D0D4616469A4618D1002188
:10A350004FF4763002F03CF90A2012F0DFF80021C9
:10A360004FF47C3002F034F90A2012F0D7F80021C3
:10A370004FF47E3002F02CF90A2012F0CFF8B5E04D
:10A38000032B17D10846F8F7BAF92B784BB96B783D
:10A390003BB9EB782BB92B791BB96B79002B00F00B
:10A3A000A580284600960021FF22534BFFF7D4FEDC
:10A3B00001209CE0042B0AD100920846FF220021D4
:10A3C0004D4BFFF7C9FE2846F8F7A1F98EE00B28A0
:10A3D00000F28C80B2F5007F00F3888000F1010963
:10A3E000B9F1040F0BDDB9F1080FD9BFA0F1030BD0
:10A3F0004FF47C38A0F1070B4FF47E3802E0CB46D7
:10A400004FF476383D4C02A841464FF400624FF4B9
:10A410000077FBF709FD00213A4620461EF052F86E
:10A4200020462946324611F09FF8BAF1010F39D182
:10A4300002AB0BF1FF3B03EB4B2B59463A46204650
:10A4400011F092F828465946324611F08DF82378DB
:10A45000FF2B09D16378FF2B0ED1E378FF2B0BD1B3
:10A460002379FF2B08D141E033B9637823B9E3782E
:10A4700013B92379002B39D04FF400746FEA090225
:10A480001D4B00941D480021D2B2FFF765FE3246F5
:10A4900028461A4911F068F80021224617481EF094
:10A4A00011F823E0BAF1020F1FD16FEA090200256B
:10A4B00020460021D2B2104B0097FEF7A3F93B468D
:10A4C000584602A922460095FCF7CFFF3A46294696
:10A4D00020461DF0F7FF2946404602F079F802A811
:10A4E00041464FF40062FBF7B3FC00E000200DF69C
:10A4F0000C0DBDE8F08F00BF1091FF1FCC92FF1F25
:10A500002DE9F041AE4F3B78022BADF5856D8046CD
:10A5100000F06C82AB4D2C6854B944F250601DF0D1
:10A5200097FFA94B214644F2506218601DF0CAFF04
:10A5300098F80520FF2A44F217631CD19C420DD8DD
:10A54000A14B1868002308EB030291790219D1543A
:10A550000133392BF7D139342C6047E29B48FDF7A2
:10A56000EDF99B4B012206201A70FDF7F5FA994B85
:10A57000994A1A603AE29C42934E0CD8392A0AD87A
:10A58000306808F10601204410F0EEFF98F805301D
:10A590001C442C600BE08D48FDF7D0F98C4B012258
:10A5A00006201A70FDF7D8FA8A4B8B4A1A602B687E
:10A5B00013B9884B884A1A600DF10F00F8F778F844
:10A5C0002B689DF80F007F4C013B2B6008B9834836
:10A5D00048E0642836D9FFF709FE814B31682268CC
:10A5E00018788B5C643B98423BD10C3A22600A4459
:10A5F00005AB1068516803C39068186088A9794852
:10A60000F9F79EFD08A8F7F7B7F908A888A920224E
:10A61000F7F7DCF908A873492022F7F7D7F908A85B
:10A6200005A90C22F7F7D2F908A888A9F7F7EFF9DE
:10A630003B78022B42D000230093634B05A9186896
:10A6400088AA38E0042839D84FF00008CDF81080E7
:10A65000FFF720FE624B316818782368CA5C82429B
:10A660000CD06148FDF76AF9594B012206201A7097
:10A67000FDF772FA574B584A1A601FE0A3EBC2135A
:10A680001944D20188A8236010F06EFF88A908AA97
:10A6900004A8F9F743FF554A1068516805AB03C396
:10A6A000906818603B78022B08D0474BCDF80080AB
:10A6B000186805A908AA2368FBF734FA34682B68E0
:10A6C0002344FC225A702378934208D84848FDF767
:10A6D00035F90620FDF740FA3E4B3F4A1A602D201F
:10A6E000FDF7F0F92778002F00F06881FF2F40F088
:10A6F0009F8088AE3046002140F207221DF0E2FE26
:10A70000BA233370E6237770B770F770337194F81B
:10A71000018086F80580A378B3710A2B37D1E71C36
:10A720000DF22723B8F1000F0BD11F3457F8042B7B
:10A7300043F8042BA742F9D13046FEF76FF83C46A8
:10A740000DE004F1270257F8041B43F8041B97425D
:10A75000F9D13A881A803046FEF760F82934227819
:10A76000637843EA022303F596739BB21A0A08A89A
:10A7700041468DF820208DF82130F8F765FD3046F0
:10A78000002140F2072202341DF09CFEAAE7092BAB
:10A7900004F10407E47801D01D2B2BD12246394661
:10A7A0000DF2272010F0E0FE3046FEF737F8304675
:10A7B000002140F207221DF085FE3C4492E700BFD5
:10A7C00030BBFF1F04BAFF1F64BBFF1F2FA3020093
:10A7D000D6B9FF1F0CED00E00400FA054BA3020000
:10A7E000FC91FF1F7895FF1F63A3020030A40200B5
:10A7F00091A302000B2BF4710AD13046FEF70EF83C
:10A800003046002140F207221DF05CFE3C4669E71D
:10A8100008233A78111DC9B203293C4607F1010704
:10A8200002D9F2540133F4E73046FDF7F7FF59E758
:10A83000FE2F40F0BC80607840B9A11C0423D022D8
:10A84000FFF77CFD2B68D234D23BA0E0C7282AD981
:10A8500094F88A31FE2B04F1010703D194F88B217F
:10A8600082420ED894F8BB21FE2A03D194F8BC2171
:10A87000824209D8002B40F2B91608BF4FF4C476C3
:10A8800004E04FF4C47601E040F2B916A11C324650
:10A890000223C838FFF752FD2B680233741C9E1B3D
:10A8A0003C442E601EE740F2072288A800211DF0DC
:10A8B00009FEBA238DF82032FF238DF821328DF85E
:10A8C00022328DF82332EF238DF8243262788DF80E
:10A8D0002522A3788DF82632642A10D9E61C0DF2C1
:10A8E0002723233456F8042B43F8042BA642F9D12E
:10A8F00088A8FEF701FD2B683446233B47E003F0B0
:10A900000F03012B0CD1E11C80220DF2272010F047
:10A910002BFE88A8FEF7F0FC2B688334833B36E0DF
:10A92000022B10D1E11C4FF480720DF2272010F0A1
:10A930001BFE88A8FEF7E0FC2B686FF4817104F21F
:10A9400003140B4423E0032B10D1E11C4FF4C0721D
:10A950000DF2272010F008FE88A8FEF7CDFC2B682A
:10A960006FF4C17204F28314134410E0042B10D16D
:10A97000E11C4FF400720DF2272010F0F5FD88A8BD
:10A98000FEF7BAFC2B6804F20324A3F203232B6026
:10A99000A8E61848FCF7D2FF174B012206201A70D0
:10A9A000FDF7DAF8154B164A1A6002349AE6FD2FC5
:10A9B00004D12B68253B2B60253493E61148FCF726
:10A9C000BDFF4FF47A7011F0A9FD0F48FCF7B6FFF8
:10A9D0000020FDF76BF94FF4FA7011F09FFD074B63
:10A9E000074A1A600320FDF7B7F8FBE70DF5856D00
:10A9F000BDE8F081B0A30200D6B9FF1F0CED00E066
:10AA00000400FA05E5A3020000A40200F0B5504BD3
:10AA10001B78022BAFB0064600F09880042105A8F1
:10AA200010ADFDF72BFE1EAC0021112228461DF0B3
:10AA300049FD2046002140221DF044FD46BB204632
:10AA4000F8F725FC21AF0DF17E00F8F715FC38462C
:10AA5000F8F7D8FB1C230093204631460A223D4BD1
:10AA6000FFF77AFB94E80300BDF882301090DDF820
:10AA70007E00ADF844100690ADF81C3097E80F004A
:10AA80000DF1300E8EE80F0015A82946062236E09B
:10AA9000731E172B35D820463146FCF7DAFC2623E7
:10AAA0000093204631460A222A4BFFF755FB94E8D3
:10AAB0000F0085E80F000F23DAB2E85C511CC9B221
:10AAC00018B9013B012BF7D100E00A462EA9114429
:10AAD0000B460DF1300E53F8400D06909B88ADF8F3
:10AAE0001C30A1F12A0CA1F13A0318685968774685
:10AAF00003C708336345BE46F7D115A8294606F0BB
:10AB000019FB08A806A9062206F014FB40222046DD
:10AB100000211DF0D7FC314604A8F8F77EFB9DF814
:10AB200010209DF811300C4C43EA022394F8275072
:10AB300000930A4B0193059B029320460CA915AA8A
:10AB400008AB013504F0E4FE84F827502FB0F0BDC7
:10AB500030BBFF1F1091FF1F689BFF1F0302010006
:10AB600073B5114B1B78022B06460D4618D00F4CBF
:10AB70000846FFF74BFF2946204604F05FFF238D70
:10AB80008DF805301A0A01A829468DF80420F8F737
:10AB90005BFB3046214604F0F3FE94F8260000E00B
:10ABA000002002B070BD00BF30BBFF1F689BFF1FBD
:10ABB0002DE9F04F504B1B78ADF59A4D022B8DB01F
:10ABC00000F03D864D4B15AE324603F1180518686E
:10ABD0005968144603C40833AB422246F7D11868BB
:10ABE00099889B79A371464B2060A1800DAA03F13F
:10ABF000180518685968144603C40833AB42224646
:10AC0000F7D118681B7923713E4B20600DF12008A5
:10AC100018683D499B8808900DF1B4096E2248469A
:10AC2000A8F80430002710F09FFC384D0DF11A00F1
:10AC30000DF5DC64F7F7B1FD394644F25062204669
:10AC40002F601DF03FFC2D20FCF73CFFBA46304F33
:10AC500016F80A001AF032FF3B784FF0030B13FB93
:10AC600003F393FBFBF000FA0BF011F057FC1AF022
:10AC700071FF3B7813FB03F393FBFBF000FA0BF03F
:10AC80000AF1010A11F04AFCBAF11F0FDFD10123CA
:10AC90008DF818309DF818A0BAF13D0FB8AE39D82C
:10ACA00000214FF4007230461DF00CFC3046514636
:10ACB000FCF776F83378013BDBB2FD2B18D82A6815
:10ACC0009DF81810FF23A354A318B646597001210C
:10ACD0009970D31CE6180DF53C7C734603CB634595
:10ACE000306071609E4606F10806F6D113322A6084
:10ACF0009DF818300133CBE730BBFF1F73A402006F
:10AD000092A40200A9A40200AFA402004CBAFF1F43
:10AD1000A48CFF1F01238DF81830B2469DF818B09F
:10AD2000BBF1180F00F2508200214FF40072304640
:10AD30001DF0C8FB59463046FBF79EF9B0F1000BF9
:10AD400025DD9DF818100C2903D99DF81A30022B27
:10AD500006D0CDF800B030460F22B34BFFF7FCF918
:10AD6000D5F800A09DF81820FF2304F80A3004EB62
:10AD70000A030AF103005A700F229A7020443146E8
:10AD80005A46DA4410F0F0FB0AF103032B609DF8F9
:10AD900018100DF11900F8F753FD9DF819A00AF0ED
:10ADA0000403CAF3C001CAF3011CCAF380104FEABE
:10ADB000DA1EDBB21AF0030A05938DF819100FD0D2
:10ADC0002B689DF818B0FF22E254E218043382F891
:10ADD00001B04FF0100B82F802B082F803A02B6094
:10ADE000BCF1000F0FD02B689DF818A0FF22E25491
:10ADF000E218043382F801A04FF0030A82F802A09F
:10AE000082F803C02B6010B9BEF1000F11D02B687F
:10AE10009DF818C0FF22E254E2180EF1010E82F8EC
:10AE200001C070444FF0060C043382F802C0D070A9
:10AE30002B60059B63B12B689DF81800FF22E2543C
:10AE4000E21804335070122090700120D0702B60F3
:10AE500061B12B689DF81810FF22E254E218043308
:10AE60005170132191700121D1702B609DF8181041
:10AE70003046F8F771FD317859B12B689DF818000C
:10AE8000FF22E254E2180433507011209070D17008
:10AE90002B6030469DF81810FBF738FCB0F1000B22
:10AEA00025DD9DF818100C2903D99DF81A30022BC6
:10AEB00006D0CDF800B0304602225B4BFFF74CF9CC
:10AEC000D5F800A09DF81820FF2304F80A3004EB01
:10AED0000A030AF103005A7002229A702044314694
:10AEE0005A46DA4410F040FB0AF103032B609DF848
:10AEF00018103046F8F7BCFD317859B12B689DF831
:10AF00001800FF22E254E2185070042003449070AD
:10AF1000D1702B6030469DF81810F8F7C3F9B0F1E6
:10AF2000000B25DD9DF818100C2903D99DF81A3067
:10AF3000022B06D0CDF800B0304605223A4BFFF781
:10AF40000BF9D5F800A09DF81820FF2304F80A306B
:10AF500004EB0A030AF103005A7005229A70204498
:10AF600031465A46DA4410F0FFFA0AF103032B6027
:10AF70009DF818103046F8F707FE317859B12B6864
:10AF80009DF81800FF22E254E218043350700720A5
:10AF90009070D1702B6030469DF81810F8F7B0FE15
:10AFA00096F800A0BAF1000F6DD02B689DF818102C
:10AFB000FF22E254E21808200433BAF1670F5170FF
:10AFC000907082F803A02B6005D0BAF1320F02D046
:10AFD000BAF1480F4ED13046FBF7F2FE2B689DF8D0
:10AFE0001810FF22E2542344BAF1670F83465970C8
:10AFF0001CD10C2903D99DF81A30022B06D0CDF8AC
:10B0000000B030460922084BFFF7A6F82B680393DF
:10B01000181D5A462044314610F0A6FA039B2344DB
:10B0200009229A701FE000BF1091FF1F15230DF237
:10B030000B3B009358461D22614BFFF78DF8614B87
:10B040001A68131D584623440DF21F3150F804EBC3
:10B0500043F804EB8842F9D10178197022441D238A
:10B0600093704FF0150B2B68E2185B44043382F8A1
:10B0700003B02B60BAF1790F07D0BAF1590F3CD069
:10B08000BAF1320F39D0B2467BE0002107A8F8F7B9
:10B09000C4F83046F8F7FBF80DF2E620F8F7ECF8C4
:10B0A000BBA8F8F7AFF81C2300930A22444B3046A4
:10B0B0000021FFF751F8D5F800E0FF2304F80E3027
:10B0C00004EB0E0300225A700A229A700EF1030359
:10B0D000B44623440DF53E7A624603CA52451860D1
:10B0E0005960944603F10803F6D1106818600EF118
:10B0F0001F032B600DF53B7A39E09DF818104B1EAD
:10B10000172B33D807A8F8F788F830469DF81810A1
:10B11000FCF79FF9262300930A22294B9DF818106B
:10B120003046FFF719F8D5F800C09DF81820FF2326
:10B1300004F80C3004EB0C030DF5407A5A700A2227
:10B140009A700CF10303324623449646BEE803008E
:10B15000D64518605960724603F10803F5D11068AE
:10B16000186092889A800CF129032B60B2462B68F4
:10B170009DF81C20E254E2189DF81D105170023316
:10B180002B6050469DF81810F7F714FB9AF8003022
:10B1900083B1C3F10B038AF800302B689DF81810B7
:10B1A000FF22E254E218043351700D21917031787E
:10B1B000D1702B609DF8183001338DF81830ADE553
:10B1C0001091FF1F4CBAFF1F50460021F7F7F2FA0B
:10B1D0009AF8003083B1C3F10B038AF800302B6872
:10B1E000FF22E254E218002151700D2191700433C6
:10B1F0009DF8E012D1702B605046F7F728FB9AF8C3
:10B20000003063B12B68FF22E254E2180021517034
:10B210000E21917004339DF8E012D1702B605046DE
:10B22000F7F753FA9AF8003063B12B68FF22E25423
:10B23000E218002151700B21917004339DF8E01247
:10B24000D1702B605046F7F78EFA9AF8003063B150
:10B250002B68FF22E254E218002151701A219170EC
:10B2600004339DF8E012D1702B605046F7F788FA4E
:10B270009AF8003063B12B68FF22E254E2180021F3
:10B2800051701B21917004339DF8E012D1702B6036
:10B290005046F7F75BFA9AF8003063B12B68FF224B
:10B2A000E254E218002151701621917004339DF888
:10B2B000E012D1702B605046F7F73BFA9AF8003055
:10B2C00063B12B68FF22E254E2180021517015216E
:10B2D000917004339DF8E012D1702B600DF11B00CA
:10B2E000F7F7E6F94FF0010A00214FF400723046FB
:10B2F0001DF0E8F85046FEF7CDFF9DF81B30C0B2B8
:10B30000534508BF80F08000F8B1D5F800B09649E9
:10B31000FE2304F80B3004EB0B034FF0800C987005
:10B3200083F801A0914B1B7803930BF1030003FBFF
:10B330000CF22044CDF810C010F016F9039BDDF894
:10B3400010C01CFB03B303332B600AF1010A5FFA40
:10B350008AFABAF1050FC7D14FF0650A00214FF400
:10B36000007230461DF0AEF85046FEF73FFF9DF8E4
:10B370001B30C0B2534508BF80F08000A0B12B68DD
:10B38000FE22E254E2180DF2E361907082F801A00F
:10B39000774A194402F1200052F804EB41F804EB1B
:10B3A0008242F9D123332B600AF1010A5FFA8AFA4B
:10B3B000BAF1850FD2D1D5F800B0FE2304F80B30D6
:10B3C00004EB0B034FF0000A83F801A0694B0393D1
:10B3D0000BF102001946D022204410F0C5F8039B5F
:10B3E0000BF1D202B3F84AB02A60DA451DDA5046B2
:10B3F00049A90BF0B7FC9DF8AA319BB12B68FE223E
:10B40000E254E218AAF138010DF2E26051701844DA
:10B4100049A940F2B912039310F0A6F8039B03F276
:10B42000BB132B600AF1010ADFE706A8F7F740F922
:10B4300030462021FDF722F99DF818A0BAF1000F3F
:10B440001FD14D48FCF77AFA19F80A001AF036FBBA
:10B450003B78032413FB03F393FBF4F0A04011F0BB
:10B460005DF81AF077FB3B7813FB03F393FBF4F0E2
:10B47000A0400AF1010A11F051F8BAF16E0FE3D1C0
:10B48000DDE1BAF1640F4AD996E807000DF1280909
:10B4900089E807005046FEF7A9FE38481DA9F8F7CD
:10B4A0004FFE824608B136485AE00DF59C60F6F72B
:10B4B00063FA0DF59C601DA92022F6F787FA0DF5B9
:10B4C0009C602E492022F6F781FA0DF59C604946D2
:10B4D0000C22F6F77BFA0DF59C601DA9F6F797FA9A
:10B4E000284B1B78022B07D0CDF800A020464946F8
:10B4F0001DAA2B68FAF7D8FA4B4603CB2A68A0504E
:10B5000018681A4B1B7804EB020E64330D32CEF828
:10B510000410CEF808008EF80C302A604EE0BAF124
:10B52000040F4BD85046FEF7B5FE174A1068516815
:10B530001DAB03C390681860124B1B78022B07D019
:10B540000023009320461DA932462B68FAF7ACFA77
:10B55000202031460DF59C62F9F760F9C0B10B4827
:10B56000FCF7ECF96BE100BFCC92FF1FFC91FF1FD1
:10B57000AC92FF1FACDDFF1F4BA302007895FF1FAD
:10B580003CA4020030BBFF1F30A4020059A40200FB
:10B59000AD4BD5F800A093F800904FF0800B04EB72
:10B5A0000A001BFB09AA0DF59C6109FB0BF20FF0C9
:10B5B000DBFF0AF1010304F80A902B601DA80021AB
:10B5C00020221CF07FFF4FF000092B68DFF884A2D7
:10B5D00099454FF2280000F3B38044F25C6399452B
:10B5E00000F0AE801AF06AFA3B784FF0030B13FBC1
:10B5F00003F393FBFBF000FA0BF010F08FFF1AF04F
:10B60000A9FA3B7813FB03F393FBFBF000FA0BF072
:10B6100010F084FF3046142105F0D4FDDAF8003034
:10B62000C9EB0303382B0DF59C6044DCF6F7A4F955
:10B630000DF59C601DA92022F6F7C8F9DAF8002064
:10B6400004EB090BC9EB02020DF59C605946F6F7B5
:10B65000BDF90DF59C601DA9F6F7D9F9DAF80020BF
:10B660005846C9EB02023146002303F08FFF4FF02A
:10B67000000A024692455ADA16F80A0004921AF0B5
:10B680001DFA3B784FF0030B13FB03F393FBFBF026
:10B6900000FA0BF010F042FF1AF05CFA3B7813FB53
:10B6A00003F393FBFBF000FA0BF010F037FF0AF105
:10B6B000010A049ADEE7F6F75FF904EB090A0DF5D3
:10B6C0009C601DA92022F6F781F9514639220DF51B
:10B6D0009C60F6F77BF90DF59C601DA9F6F797F9CC
:10B6E000504631463922002303F050FF4FF0000A44
:10B6F00016F80A001AF0E2F93B784FF0030B13FB3F
:10B7000003F393FBFBF000FA0BF010F007FF1AF0C5
:10B7100021FA3B7813FB03F393FBFBF000FA0BF0E9
:10B720000AF1010A10F0FAFEBAF14C0FE0D13046EE
:10B7300000214FF4007209F139091CF0C3FE44E7FF
:10B740001AF0BCF93B78032413FB03F393FBF4F0EA
:10B75000A04010F0E3FE1AF0FDF93B7813FB03F371
:10B7600093FBF4F0A04010F0D9FE1DA83146202232
:10B77000002303F00BFF0024814618F804001AF0A0
:10B780009DF93B78032513FB03F393FBF5F0A840E9
:10B7900010F0C4FE1AF0DEF93B7813FB03F393FBC1
:10B7A000F5F0A840013410F0B9FE022CE5D10024D8
:10B7B000E3B24B4504F1010416DAF05C1AF07EF9AD
:10B7C0003B78032513FB03F393FBF5F0A84010F03F
:10B7D000A5FE1AF0BFF93B7813FB03F393FBF5F0DA
:10B7E000A84010F09BFEE3E718481AF09FFF0024E2
:10B7F0000DAB174E185D1AF061F93378032513FB72
:10B8000003F393FBF5F0A84010F088FE1AF0A2F9BC
:10B81000337813FB03F393FBF5F0A840013410F0E9
:10B820007DFE1D2CE4D109481AF080FF094B002150
:10B830000DF5DC6044F2506219601CF043FE0DF51A
:10B840009A4D0DB0BDE8F08FFC91FF1F00E5FF1F82
:10B85000A48CFF1F4CBAFF1F7FB506460D46144649
:10B860006846002110221CF02DFE304669462A460B
:10B870002346F9F7ABFF04B070BD7FB506460D4611
:10B8800014466846002110221CF01CFE3046694612
:10B890002A462346F9F7C6FF04B070BD2DE9F041F2
:10B8A00000AF05461DF07DF800F1090323F0070302
:10B8B000ADEB030D044600F1010828461DF071F8B8
:10B8C0002946024668460FF04FFE0B4B1B78092BAA
:10B8D0006E4606D1094B1B78012B0CBF6E237023DB
:10B8E00000E063230DF804303046002306F80830EA
:10B8F000BD46BDE8F08100BFB78CFF1F88BAFF1FAF
:10B9000038B52B4B1A782B4B05461B7812B9002BF8
:10B910004DD004E0002B4AD0274B1B680BB92748B9
:10B9200003E0274B27481B782BB1FFF7B7FFBDE893
:10B930003840FCF703B8FFF7B1FFFBF7FFFFF6F75E
:10B9400091FE002833D10346EA181F4C117A6FF09C
:10B9500007025A4301FA02F22168013B0A43191D0A
:10B960002260F1D1194B1A4918680968401A40F64B
:10B97000B731884206D819684FF47A73B1FBF3F3F4
:10B980001A4422602068F6F715FEFAF7DDF92268FE
:10B99000104B9A420BD9104B13440522B3FBF2F320
:10B9A000834204D91846BDE83840FAF7DCB938BDFF
:10B9B0005CBAFF1F99BAFF1F149CFF1F1DA5020050
:10B9C00028BBFF1F5C90020008BAFF1FCCE2FF1FDC
:10B9D0004CBBFF1F6EA72B5D9258D4A270B5854C4F
:10B9E0002378022B054604D0834B1B78242B00F0D0
:10B9F00051825DB9294681481AF094FC804B1B683E
:10BA000005461BB110B10020FAF7C2F97D4B1A6848
:10BA10007D4B1B689A4203D07C4B00221A70DDE1FB
:10BA2000002D40F326827A4B744A1B7873B111794A
:10BA3000F1290BD0F42909D001F11200C0B201287C
:10BA400004D91F31C9B2062900F224821179E139E3
:10BA5000132900F2D881DFE811F01400360042000B
:10BA600049004E0068009F00D601D601D601D601DC
:10BA7000730136011601B00055018B01D601D601C4
:10BA8000A50121780229634912D0096811B1002B60
:10BA900000F000825379FF2B04D10320BDE87040F1
:10BAA000FDF774BD55480021BDE87040FEF7B8B8F9
:10BAB0000A6812B1002B00F0ED8150480021BDE86A
:10BAC0007040FDF7A9BF534A126812B1002B00F075
:10BAD000E1814A480021BDE87040FDF7ADBE4D4A06
:10BAE0001268002AE9D0002BE7D170BD4348BDE8B9
:10BAF0007040FFF705BF484B1978444B1B7811B9CC
:10BB0000E3B146481BE0CBB1454B1B78442B15D124
:10BB100053796B2B4FF0020003D1BDE87040FBF767
:10BB2000BDBDBDE87040FBF763BE3B4908783749AF
:10BB30000D78B0B93DB9374D2D68CDB13948BDE864
:10BB40007040FBF7FBBE93790C2B01D0142BD8D19E
:10BB50001378BA2B00F09E812848BDE87040FCF7AE
:10BB60005DBE002DE7D02E4D2D78442DE3D104E0AD
:10BB700009780029E2D00028E0D01278BA2A00F033
:10BB800089812278022AE7D0274A1278002AE3D056
:10BB9000002BE1D12548D2E71F4B1A781B4B1B78AD
:10BBA000002AADD0002BC9D01D4B1B78442BC5D12A
:10BBB0001248BDE87040FBF7E7BF17490978002934
:10BBC0003AD012480078002836D01548007844282A
:10BBD00000D113B90F4D2D6855BB2378022B00F00F
:10BBE00059811378BA2B00F055810448BDE87040A4
:10BBF000FDF782BB30BBFF1FD5B9FF1F0CBAFF1F7B
:10BC0000D8B9FF1F8890FF1F8C90FF1F99BAFF1FA4
:10BC100028BBFF1F149CFF1F5CBAFF1F36A5020044
:10BC2000020002405EA5020020BBFF1F1A9902001D
:10BC3000442801D1002BADD09379802B7FF67EAFC5
:10BC4000954B1B78092B7FF479AF00297FF476AFF1
:10BC5000924C934B226803F1400153F8040B42F8D5
:10BC6000040B8B42F9D1FEF7EBF82068FDF744FB9B
:10BC70000120F6F759FD4022206800211CF022FC2B
:10BC80000022884BACE0884A1178884A29B9137899
:10BC9000002B3FF453AF864851E71278002A3FF457
:10BCA0004DAF844A1278442A7FF448AF002B3FF40A
:10BCB00045AF2378022B00F0ED8079480121BDE8E3
:10BCC0007040FEF735B9784B1A78784B002A3BD094
:10BCD0001B78002B3FF432AF764B1B78442B7FF45C
:10BCE0002DAF754B1B78002B7FF428AF2378022BE8
:10BCF00000F0D080D520FBF7D5FB6948BDE8704047
:10BD0000F9F768B9684B1A78684BEAB11B78002BD1
:10BD10003FF414AF674B1B78442B7FF40FAF664B97
:10BD20001B78002B7FF40AAF2378022B00F0B2803F
:10BD30008020FBF7B7FB5A48BDE87040F9F75EBAC0
:10BD4000594B1A78594B0AB91B78A1E71B78002B7D
:10BD50003FF4F4AE574B1B78442B7FF4EFAE2378BF
:10BD6000022B00F097804E48BDE87040F9F706B806
:10BD70004D4A11784D4A002989D01278002A3FF4A3
:10BD8000DDAE4C4A1278442A00D11BB945490968F6
:10BD9000002931D12378022B7CD04148BDE8704086
:10BDA000FEF7AEBB404A12783AB14049097821B15A
:10BDB00040490978442900D113B93A49096889B939
:10BDC0003E48FBF7BBFD002001211AF0CFF801200F
:10BDD00001461AF0CBF8642010F0A0FB384A394B2A
:10BDE0001A6070BD002A3FF4A9AE304A1278002ACA
:10BDF0003FF4A4AE2F4A1278442A7FF49FAE002B62
:10BE00007FF49CAEC6E62378022B43D0294B1B78E7
:10BE1000442B3FD1204B244C1B78092B09D123788C
:10BE20003BB91F480EF098FCFEF70AF80120F6F720
:10BE30007BFC237873B31D4B1B785BB3224C2678B5
:10BE400076B9642010F06AFB1548257031461AF067
:10BE500069FA00B120701248BDE870400AF09ABD3E
:10BE6000AE42F8D00E4825700AF094FD00232370EE
:10BE700070BD2378022B0DD00B4B1B7853B10B4BAD
:10BE80001B783BB10B4B1B78442B03D1BDE87040B2
:10BE90000AF07EBD70BD00BFB78CFF1FB88CFF1FBE
:10BEA0000CBAFF1F149CFF1F5CBAFF1F99BAFF1F3B
:10BEB00072A502000200024000BAFF1F97A502000F
:10BEC0000400FA050CED00E054BAFF1F2DE9F04321
:10BED000A74EA84F337893B073B1A74A14785CB9D2
:10BEE00021465022A5481CF0EDFAA548214609221A
:10BEF0001CF0E8FAFC714FE2A04C94F84050012D80
:10BF000002D0EA1E182A22D80BB39B4A1278F2B14B
:10BF10009C4A11780229914619D094F82D20052ABF
:10BF200000D0A2B9954E9648002189230922797143
:10BF3000FB711CF0C7FA3046FCF750FC002800F0FB
:10BF40009B80914B1B78002B40F096809CE0AF22A9
:10BF50008B49FA7100220A72D1B20132A018407DD9
:10BF60003F28F9D0092905D90021092284481CF06D
:10BF7000A9FA81E005F0F702302A02D0013D0B2D2D
:10BF800053D8002B59D07C4B1B78002B00F000823B
:10BF90007C4D2B78022B00F0FF8112A8002300F8C3
:10BFA000403DF6F7E0FB94F84030302B19D0382BA9
:10BFB00019D02A781AB1714A0C3382F8403094F8BB
:10BFC00040104B1E172B00F2E7817048FEF7D0F8A7
:10BFD00000218DF8080020226C481CF073FA012320
:10BFE00002E0822300E081239DF80820664C012AAC
:10BFF00001D09A4207D104232370F9F73FF90021B9
:10C0000021705F480FE003232370614B6149624850
:10C01000F5221A70F5F7A2FD2B20FBF743FAFBF788
:10C02000E5FC57480021092229E0202A05D123B147
:10C03000514B1B78002B40F0AF8123784F4DFF2BE5
:10C0400040F0AA816B78FF2B40F0A681AB78FF2BE4
:10C0500040F0A281EB78FF2B40F09E812846FCF750
:10C06000BDFB002880D0484B1B78002B7FF47CAFB1
:10C070004A4B05F1400278E140480021502213B0BC
:10C08000BDE8F0431CF01EBA454A136096F82E3006
:10C0900003F0DF02402A40F0B88042493F4E0B4691
:10C0A000022D53F8062BC6F8172086BF033D5FFA12
:10C0B00085F84FF00108F21D163153F8040B42F8D1
:10C0C000040B8B42F9D1354D002105F11B002522CF
:10C0D0001CF0F8F9EF23337194F84030012B01D1B3
:10C0E000822302E0032B02D181236B7101E085F8EA
:10C0F00005800923B37196F80790337A274D994448
:10C10000737A9944B37A9944F37A19EB030916D1F7
:10C110006B798DF80D304846F6F72DFB6B797F3340
:10C12000DBB2012B04D802A84946FDF701FF08E164
:10C13000E7232B711D2385F80580AB7162E0002396
:10C140000DF107008DF807308DF80830F6F70BFB7E
:10C15000642010F0E3F99DF80730012B26D06A79AE
:10C16000934223D003B301238DF807301EE000BFB4
:10C170005CBAFF1FAC8CFF1F99BAFF1F71BBFF1F7A
:10C180005DBAFF1F30BBFF1F00BAFF1FAC92FF1F3D
:10C19000999BFF1FDCB9FF1F8490FF1F0CBAFF1F84
:10C1A000D8B9FF1F81BBFF1F8DF8072073797C4D25
:10C1B00003F17F02D2B2012A15D82846FDF79CF878
:10C1C00094F84030012B0CBF8221812102A8F7F79F
:10C1D00053FE9DF80830092B40F0B3800DF10700A5
:10C1E000F6F7C9FAADE0002B00F0AB80E6232B7127
:10C1F00005F108001D23E91D142285F80580AB71A7
:10C200001CF045F90120E87199E01BB996F82C3033
:10C2100063B99AE0202B09D0102B07D0082B05D04A
:10C22000042B03D0013B012B00F28F805C4E5D4854
:10C23000E623022D337194F82F3086BF05F1FF35C8
:10C240005FFA85F84FF00108042B03D0082B0CBFD0
:10C250000523032300210370F6F7CFFA99F8003085
:10C260001BB108F10C05EDB200E0454694F82E3004
:10C27000042B0DF10700294608D1F7F7E1FA9DF8E4
:10C28000073003F03F0363F07F0310E0202B08D159
:10C29000F7F7D6FA9DF8073003F03F0343F0400369
:10C2A00005E0F7F7CDFA9DF8073003F03F0302A849
:10C2B00029468DF80830F7F70BFB0A23B3713A4B88
:10C2C0003A4886F8058003F11002114653F8044BF2
:10C2D00040F8044B9342F9D10B68354AC6F8173041
:10C2E0008B889380334B063203F1100153F8040B13
:10C2F00042F8040B8B42F9D112222F4800211CF086
:10C30000E1F8F279337A1344727A1344B27A13441F
:10C31000F27AD34212D12248FBF736FC29460DF1BE
:10C320000700F7F78DFA9DF8073002A803F03F03E6
:10C3300029468DF80830F7F7CBFA02E00120FFF725
:10C340004DFB1E4B1A7801321A701C4B16481B7895
:10C350003B7100240323214650227B71FC711CF0A9
:10C36000B1F80F482146402289E655F8041B43F8EE
:10C37000041B9542F9D1337833B1114B1B781BB9AB
:10C380001048FBF7DBFA07E00120FFF727FB03E08B
:10C39000202A7FF452AE4BE613B0BDE8F08300BF15
:10C3A0000CBAFF1FA48CFF1F71BBFF1F13BAFF1F26
:10C3B00023BAFF1F87BBFF1F3ABAFF1FB58CFF1FB1
:10C3C00099BAFF1FA490020038B5064C04F110057D
:10C3D00014F8011F2F2904D90348F5F78EFCAC424D
:10C3E000F6D138BD10BAFF1FFCBAFF1F70B500248C
:10C3F000944204D0CD18065D2E550134F8E770BD87
:10C4000013B580210DF10700F7F736FD9DF80730D1
:10C41000612B1BD00E4B0F4C04221A60EF232371AB
:10C42000802320216371E01D6123A371FCF726F9AD
:10C430002046FCF761FF0021402220461CF042F814
:10C440000020014602460523FDF778FF02B010BD2B
:10C45000D8B9FF1F0CBAFF1F10B51B4C19F03CFDDB
:10C460000323204602210A2203F028F92046174917
:10C47000174A1BF093FF174B17481A68174B0F21E9
:10C480001A60174AF5F7DEFB0A21164A1648F5F737
:10C49000D9FB41F28831154A15480023F5F7E2FB34
:10C4A00044F62061134A14480023F5F7DBFB40F6FD
:10C4B000C4111248124A0023F5F7D4FB114812495F
:10C4C000BDE81040F5F712BCE0BAFF1F1BF70000F3
:10C4D0007C8CFF1FCCE2FF1F34BBFF1F4CBBFF1F38
:10C4E000215C0000F17C000050BBFF1F517F000069
:10C4F000DCB9FF1FA99E0000F09BFF1FA8BAFF1F19
:10C50000F55B0000FCBAFF1FC1A50200074B1A78BB
:10C510001206FBD530221A70C1F30742D8719A7106
:10C52000C1F30722C9B25A71197170470000024065
:10C5300020F4FF6110B521F007010120FFF7E6FFAD
:10C54000084B02221A70084A0023137002F8013CBB
:10C5500072B6064C204620F05FF962B6207800F0F3
:10C56000310010BD0B0002400A00024000000240F2
:10C5700010B50C4620F00301B1F5006F00D2EAB10E
:10C58000A1F5A0620C2A00D8DBB10620FFF7BEFFA0
:10C590000D4BE2781A70A27803F8012C627803F848
:10C5A000022C227803F8032C72B6084C204620F0A7
:10C5B00033F962B6207800F0310010BD4FF0FF3043
:10C5C00010BD6FF0010010BD0B00024000000240E2
:10C5D00010B520F4FF6424F00704B4F5006F00D216
:10C5E00031B12046FFF7A4FF90B124B9204610BD19
:10C5F0004FF0FF3010BD09202146FFF787FF72B6CC
:10C60000044C204620F008F962B6207800F0310092
:10C6100010BD00BF0000024010B5124C23781B066D
:10C62000FBD530232370104B06221A70002203F82A
:10C63000012C042203F8022C0C2203F8032C0B4AD1
:10C64000FF23137002F8013C02F8023C084B1870FB
:10C6500072B6204620F0E0F862B6207800F0310093
:10C6600010BD00BF00000240070002400B00024066
:10C6700008000240014B0360704700BFD8A50200CC
:10C6800010B5034B036004461AF060F8204610BD55
:10C69000D8A50200014B0360704700BFD8A5020077
:10C6A000014B0360704700BF08A6020010B5034BA2
:10C6B000036004461AF04AF8204610BD08A602009E
:10C6C000014B0360704700BF08A602002DE9F84344
:10C6D0001E4603689DF82070DB6804460D469146AF
:10C6E0009847236880461B6920469847464505D8E9
:10C6F0002846494632460EF037FF14E0236832469A
:10C7000049465B6920469847236820469B689847BE
:10C71000236806469B692046294632469847236887
:10C7200020461B699847AB1918463946C6EB0802E4
:10C730001BF0C8FE03469D4205D015F8012B7A4038
:10C7400005F8012CF7E7BDE8F88310207047FFFFDC
:10C75000184B0A789A5C02704A799A5C42708A7A1D
:10C760009A5C8270CA7B9A5CC2700A799A5C027188
:10C770004A7A9A5C42718A7B9A5C8271CA789A5C26
:10C78000C2710A7A9A5C02724A7B9A5C42728A7817
:10C790009A5C8272CA799A5CC2720A7B9A5C027352
:10C7A0004A789A5C42738A799A5C8273CA7A9B5CF3
:10C7B000C373704738A60200184B0A789A5C02705F
:10C7C0004A7B9A5C42708A7A9A5C8270CA799A5CD7
:10C7D000C2700A799A5C02714A789A5C42718A7BCB
:10C7E0009A5C8271CA7A9A5CC2710A7A9A5C027205
:10C7F0004A799A5C42728A789A5C8272CA7B9A5CA5
:10C80000C2720A7B9A5C02734A7A9A5C42738A7992
:10C810009A5C8273CA789B5CC373704738A7020026
:10C820002DE9F0430C788B78CA784D7861000E12B0
:10C8300077003E4406EBC6064E4069000F124FEAF1
:10C84000470CBC440CEBCC0C8CEA010C59000F12C9
:10C850004FEA4708474407EBC7074FEA42084F40F3
:10C860004FEA28214FEA4109494401EBC10181EA1D
:10C87000080183EA0508F6B282EA08085FFA8CFC30
:10C8800086EA08088CEA080880F8008083EA040831
:10C8900082EA08086C40FFB262408CEA080C5C40F7
:10C8A000C9B287EA0C0C664057404F40714080F88F
:10C8B00001C08770C170BDE8F083FFFF2DE9F04F24
:10C8C0000C784D788A78C97863001E1277003E4450
:10C8D00006EBC60687B07340DBB200936B001E12F6
:10C8E0004FEA4609B14409EBC90989EA0309530033
:10C8F0001E1277003E4406EBC6067340DBB201937E
:10C900004B001E1277003E4406EBC6067340DBB2B6
:10C91000AE00029337124A4BDF5D7E40F6B20396BB
:10C92000960037124FEA840ADF5D7E40F6B2049625
:10C930008E0037125FFA89F9DF5D7E40F6B2059608
:10C94000E600371213F8078088EA0608EE0037126F
:10C950005FFA88F813F807C08CEA060CD600371285
:10C960005FFA8CFCDF5D7740CE004FEA262BFFB2EA
:10C9700013F80BB08BEA06064FEA2A2BF6B213F82F
:10C980000B30DDF810B083EA0A0A82EA05034B4057
:10C990008BEA03038CEA0303DDF800B07B407340AD
:10C9A00088EA0A0A8BEA03035FFA8AFA89EA030330
:10C9B0008AEA0303DDF80CB0037082EA04034B40FB
:10C9C0008BEA0303DDF814B08BEA03036C40DDF857
:10C9D00010B088EA03038CEA030361407B408BEAD2
:10C9E000010173408CEA010189EA03037940DDF813
:10C9F0000490DDF814B0714089EA030389EA01016B
:10CA0000DDF80C904370544089EA04048BEA040476
:10CA1000029BDDF8089088EA04088CEA080C59406B
:10CA200087EA0C07009B7E405E408AEA010A89EA99
:10CA3000060680F802A0C67007B0BDE8F08F00BF00
:10CA400030A60200F0B5856889B00F460023EC5C83
:10CA5000D15C61400DF803100133102BF7D106793A
:10CA6000103504AC012E204669461FD9FFF770FE31
:10CA700068462146FFF7D4FE01A805A9FFF7D0FEBE
:10CA800002A806A9FFF7CCFE03A807A9FFF7C8FE76
:10CA90000023E95C1DF803204A400DF80320013310
:10CAA000102BF6D1013E1035F6B2DAE7FFF750FE53
:10CAB0000023E95CE25C4A40FA540133102BF8D1C0
:10CAC00009B0F0BD2DE9F0418368057988B003EB2A
:10CAD000051506460F460023E85CD15C41400DF881
:10CAE00003100133102BF7D104AC20466946FFF741
:10CAF00063FE3679012E23D9A5F110080023EA1828
:10CB000012F8101CE25C4A40E2540133102BF6D1BB
:10CB100068462146FFF7D2FE01A805A9FFF7CEFE21
:10CB200002A806A9FFF7CAFE03A807A9FFF7C6FED9
:10CB3000013E20466946FFF73FFEF6B24546D9E77B
:10CB40000023EA1812F8101CE25C4A40FA54013340
:10CB5000102BF6D108B0BDE8F081FFFF10B5034BF4
:10CB60000360044602F028FA204610BD40A80200E7
:10CB700010B50446FFF7F2FF204619F0E7FD204606
:10CB800010BD017980680131090100F073BBFFFF1E
:10CB900010B5044602F020FA034B236000232371F2
:10CBA000A360204610BD00BF40A8020030B5084871
:10CBB0005478084D045DEB5C5C400C709378C35C6A
:10CBC0004B70D378C35C8B701378C35CCB7030BD73
:10CBD00038A6020060A802001078064B185C0870A6
:10CBE0005078185C48709078185C8870D2789B5C9C
:10CBF000CB70704738A60200CB692DE9F047DD0FF6
:10CC000023F000460B46132401EB820C43F81C6F03
:10CC10008246A5FB04450CF11C0C63450FD053F86C
:10CC2000049F53F8200C261845F100074FF0260802
:10CC3000E8FB096743F8206C3C460025EDE7072A2E
:10CC40000FD80FFA82FC013251F82C30D2B2E6181C
:10CC500045F10007082A41F82C603C464FF00005DA
:10CC6000EFD12626A4FB0623CC6906FB0533E60F8D
:10CC7000132524F00044E5FB0623CC6100268F59E0
:10CC8000D4198C5106F1040643F10005202E2A46E2
:10CC90004FF00003F3D11E46132200238F59D419FD
:10CCA00001EB060706F1040643F10005202E3C6265
:10CCB0002A464FF00003F1D1CC6BE21724F0004478
:10CCC000D643CC63CC18256ACC58154034402C434D
:10CCD0004AF803400433202BF4D1BDE8F08770B547
:10CCE000002188B013220023465894194DF80140C2
:10CCF00001F1040143F1000520292A464FF0000309
:10CD0000F2D1079CE11724F00044CA4307945DF870
:10CD1000034001EA0405C45814402C43C4500433B2
:10CD2000202BF4D1104608B070BDD1F800C02DE919
:10CD3000F04700238A4600240025D658A046A9467D
:10CD4000ECFB068940F803800433202B4C464FF05F
:10CD50000005F2D1C0F82090AC4604300AEB0C0379
:10CD60000024D3F8048000250023C658D15800279A
:10CD7000E8FB01673619C65003F1040347EB0507CA
:10CD8000202B3C464FF00005EFD10CF1040CBCF118
:10CD90001C0F076200F10400E0D1BDE8F08710B578
:10CDA00090B004466846FFF7C0FF20466946082257
:10CDB000FFF722FF10B010BD0A46FFF7F0BFFFFFDC
:10CDC0002DE97043002290B0002600238C590B4DB2
:10CDD00090469946E5FB04894DF806800436202EDE
:10CDE0004A464FF00003F1D169460122CDF8209068
:10CDF000FFF702FF10B0BDE8708300BF41DB010008
:10CE00002DE9F047D2F800E090B0824600230024DC
:10CE10000025CE58A046A946EEFB06894DF80380B2
:10CE20000433202B4C464FF00005F2D1CDF8209072
:10CE300001AB0DF1200852F804CF4FF0000E002492
:10CE4000002553F80E6051F80E000027ECFB006738
:10CE5000361943F80E600EF1040E47EB0507BEF1DC
:10CE6000200F3C464FF00005EBD11F6204334345D1
:10CE7000E1D1504669460822FFF7BEFE10B0BDE87A
:10CE8000F0872DE9F043002300240025D758CE5821
:10CE90004FF0000916EB070849F1000918EB0406EA
:10CEA000C65003F1040349EB0507202B3C464FF025
:10CEB0000005EBD1BDE8F043FFF711BF2DE9F04FBE
:10CEC000002300252E4601240025002706EA040A37
:10CED00007EA050BD458CD582C1B65EB0505B4EBC0
:10CEE0000A0465EB0B05C4500433202BEAD12A4613
:10CEF00013241440002502683D400023121B63EBFD
:10CF000005030260014600F11C064A684FF0000963
:10CF1000012400251C4005EA09050023121B63EBD0
:10CF2000050341F8042FB142EFD122F00043C36161
:10CF3000BDE8F08F2DE9704300240125B4EB000813
:10CF400065F1000900250E4609F1FF342B46F05823
:10CF5000D158414021404840F050D0584140D15034
:10CF60000433202BF3D1BDE870832DE970430024F6
:10CF70000125B4EB000865F1000900250E4609F112
:10CF8000FF342B46F158D058484020404140F150E2
:10CF90000433202BF6D1BDE87083202100F06AB95C
:10CFA00070B588B0044668460E46FFF705FF0925B0
:10CFB00068466946013DFFF7FFFE15F0FF05F7D112
:10CFC000204669463246FFF7EAFE17250A266846DC
:10CFD0006946013EFFF7F0FE16F0FF06F7D1204646
:10CFE00021466A46013DFFF7DAFE15F0FF05EDD157
:10CFF00068462146FFF7E0FE204621466A46FFF7D5
:10D00000CEFE082568466946FFF7D6FE013D20465C
:10D0100021466A46FFF7C3FE15F0FF05F2D16846C8
:10D02000FFF7BBFF08B070BD38B504460D46FFF7EB
:10D03000B7FF20462146FFF7BFFE20462146FFF7F7
:10D04000BBFE2A4620462146FFF7A9FE2046214680
:10D05000FFF7B2FE20462146FFF7AEFE2A462046E5
:10D060002146FFF79CFE20462146FFF7A5FE2046FD
:10D0700021462A46BDE83840FFF791BE2DE9F04F22
:10D08000F1B0074688466846114642B12023082180
:10D0900001F0CCF8079B23F00043079304E0202223
:10D0A0001BF010FA092300936846FFF718FE0021D1
:10D0B000202200F0010608A81BF004FA6D460123A7
:10D0C0000021202218A808931BF0FCF90FCD10AC0A
:10D0D0000FC495E80F0008AD84E80F000FCD20AC19
:10D0E0000FC495E80F004FF0FF0B84E80F004FF0DE
:10D0F0001F090024402518F809A005EA0A0A84EA55
:10D100000A04204608A910AAFFF714FF204618A910
:10D1100020AAFFF70FFF18AA28A808A9FFF7B1FE59
:10D1200050A828A9FFF748FE18AA30A808A9FFF7B9
:10D13000C5FE58A830A9FFF73FFE48A850A958AA35
:10D14000FFF7BCFE38A810A920AAFFF79AFE40A856
:10D1500010A920AAFFF7B2FE60A840A928AAFFF7ED
:10D160001EFE68A838A930AAFFF719FE68AA10A801
:10D1700060A9FFF786FE10A80146FFF71DFE68AA0A
:10D1800020A860A9FFF79AFE20A80146FFF714FE29
:10D1900020A801466A46FFF702FE58AA08A850A92F
:10D1A000FFF7FDFD18A848A9FFF70AFE18A80146D9
:10D1B00050AAFFF766FE18A8014648AAFFF7EFFD40
:10D1C0006D0808D109F1FF394FEACA145FFA89F9ED
:10D1D000E4B2802501E04FEA5A040BF1FF3B1BF05B
:10D1E000FF0B88D1204608A910AAFFF7A3FE20AAAA
:10D1F000204618A9FFF79EFE20A818A9FFF714FFE4
:10D2000008A8014620AAFFF7CAFD20210DEB010264
:10D210000823384601F020F86846FFF7BEFE08A84C
:10D22000FFF7BBFE10A8FFF7B8FE18A8FFF7B5FE82
:10D2300020A8FFF7B2FE28A8FFF7AFFE30A8FFF73F
:10D24000ACFE38A8FFF7A9FE40A8FFF7A6FE48A845
:10D25000FFF7A3FE50A8FFF7A0FE58A8FFF79DFE1A
:10D2600060A8FFF79AFE68A8FFF797FE304671B0F6
:10D27000BDE8F08F0144884203D0002303700130E1
:10D28000F9E77047002370B51C46934205D0CE5C89
:10D29000C55C75402C430133F7E7C4F58070C0F3DB
:10D2A000002070BD08B540680368DB68984708BD7A
:10D2B0000C207047102070472DE9F0471F4690F86A
:10D2C000703006468A4690462BB9083000F020FEA2
:10D2D000012386F870303D46D146002D43D096F8A4
:10D2E00071300F2B21D996F83F3096F83E207068A8
:10D2F000013386F83F3002EB132396F83D2086F881
:10D300003E3002EB132396F83C2086F83D3002EBCA
:10D31000132386F83C30036806F140015B6906F18F
:10D3200030029847002386F8713096F87130C3F1C7
:10D330001000C0B2A84288BFE8B203F14002034423
:10D34000324486F871302D1A0024E3B2984207D097
:10D35000115D18F804304B4009F804300134F4E74B
:10D3600080448144B9E706F1080051463A4600F08E
:10D37000A0FDD6E91A45E41945F10005C6E91A45AC
:10D38000BDE8F0872DE9F04F0C2A824687B014469D
:10D390000AF1300311D10A68CAF830204A685A608D
:10D3A0008A689A6000228AF83C208AF83D208AF830
:10D3B0003E2001228AF83F202CE00AF1080B584653
:10D3C0000193670F00F075FD584600F0A1FDE600DF
:10D3D0000021102202A800244FEA07681BF072F80F
:10D3E00035BA1022584602A944EA0804CDE904459A
:10D3F00000F05FFD02A81021FFF73CFF019B58469B
:10D400001946102200F091FD58460AF1500100F033
:10D4100042FD019B002000210022CAE91801CAE94F
:10D420001A018AF87020DAF8040010228AF87120B4
:10D4300002680AF1500154691A46A047012007B05A
:10D44000BDE8F08F10B5044640680368DB69984773
:10D4500004F1080000F07AFD04F130004821FFF7E4
:10D4600009FF102384F8713010BD70B5054640687F
:10D4700003681B699847064688B105F150040021EE
:10D48000102220461BF01EF86868036821465B697D
:10D490002246984705F10800214600F0FCFC304682
:10D4A00070BDF8B590F87030064617464BB9083095
:10D4B00000F0FFFCD6E91845E41945F10005C6E97E
:10D4C0001845F8BD102A70B50E4614460DD80368ED
:10D4D00000F1300529461022DB6A9847284631467C
:10D4E0002246BDE87040FFF7CDBE002070BD2DE99B
:10D4F000F04F804600F1080985B048468B469246B9
:10D5000000F006FDD8F86420D8F86030D50045EA70
:10D510005375DC002ABA23BACDE90023D8F86C2071
:10D52000D8F86830D500DC0045EA5375102227BAD8
:10D53000484669462EBACDE9026708F1400400F07A
:10D54000B8FC68461021FFF795FE10224846214698
:10D5500000F0EBFC4346002293F8401093F8500093
:10D5600001324140102A83F8401003F10103F3D146
:10D5700058462146BAF1100F34BF5246102205B06A
:10D58000BDE8F04F0DF0F0BF10B5084B0446482140
:10D5900040F8303BFFF76EFE04F1080000F074FC29
:10D5A000204601F0E7FD204610BD00BF78A802002C
:10D5B00010B50446FFF7E8FF204619F0C7F82046EB
:10D5C00010BD2DE9F8431F4690F870300646894695
:10D5D000904600F108042BB9204600F099FC012385
:10D5E00086F87030204641463A4600F062FCD6E9A3
:10D5F0001A45E41945F10005C6E91A45002F43D044
:10D6000096F871300F2B21D996F83F3096F83E20CE
:10D610007068013386F83F3002EB132396F83D2003
:10D6200086F83E3002EB132396F83C2086F83D3016
:10D6300002EB132386F83C30036806F140015B6976
:10D6400006F130029847002386F8713096F8712071
:10D65000C2F11003DBB2BB4288BFFBB202F1400053
:10D660001A4486F871203044FF1A0022D1B28B424E
:10D6700007D0845C18F80210614009F802100132EA
:10D68000F4E799449844B9E7BDE8F88338B504460F
:10D69000002501F083FD0A4B2360656004F108005A
:10D6A00000F0EEFB00220023C4E91823C4E91A238A
:10D6B000102384F8713084F87050204638BD00BFC4
:10D6C00078A80200402070478020704710B50446BB
:10D6D000D8210830FFF7CEFD236820461B69984704
:10D6E00010BDFFFF70B50C4D044600F1080205F1B6
:10D6F00040062B4603CBB342106051601D4602F139
:10D700000802F6D10023002284F8D8300023C4E9AF
:10D710003223C4E9342370BDB0A8020010B5064B13
:10D720000446D82140F8083BFFF7A4FD2046FEF749
:10D73000B7FF204610BD00BFF8A8020010B5044690
:10D74000FFF7ECFF204619F001F8204610BDFFFF5F
:10D7500010B50446FEF7B4FF034B23602046FFF7E5
:10D76000C1FF204610BD00BFF8A802002DE9F04F10
:10D770000021C3B000F14806D6E9004508312ABAB5
:10D7800023BA8029E6E80223F6D1D0E90223D0E9C2
:10D790000445D0E90667D0E90889CDE91423CDE92D
:10D7A0001645D0E90A23D0E90C45CDE91867CDE943
:10D7B0001A89D0E90E67D0E91089CDE91C23CDE99B
:10D7C0001E45CDE92067CDE92289CDE90C89CDE957
:10D7D0000667CDE9084592469B46DDE91845DDE937
:10D7E0001A23DDE91667DDE91489CDE90023CDE9C7
:10D7F0000A45CDE90467CDE902890021694EDDF8CB
:10D800000CC042187318D2E91245D3E9002312194B
:10D810004FEA9A4444EA8B340E944FEA9B4444EA1C
:10D820008A340F944FEA9A3444EA8B4424944FEAA2
:10D830009B3444EA8A444FEACA57259447EA5B2757
:10D84000DDE9248943EB05032697DDE90E454FEA20
:10D85000CB5747EA5A27279784EA080485EA09053F
:10D86000DDE9268984EA0804121985EA090543EBF3
:10D870000503DDE90689DDE9084528EA0A0804EA26
:10D880000A0405EA0B0529EA0B0988EA040889EA73
:10D890000509DDE90C4518EB020849EB030914EB17
:10D8A000080445EB0905DDE90423DDE90A8988EA76
:10D8B000020889EA0309DDE9022302EA080203EA11
:10D8C0000903CDE90C23DDE90489DDE90A2302EA35
:10D8D000080203EA0903DDE90C8988EA020889EAFB
:10D8E0000309CDE90C89DDF808904FEA897343EA12
:10D8F0009C0328934FEA8C7343EA990329934FEAD8
:10D90000197343EA0C134F462A934FEA1C7343EAF8
:10D9100007132B93DDE92A89DDE9282383EA09032C
:10D92000B9467F0647EADC172C974FEA4C6747EA6F
:10D93000D9172D9782EA0802DDE92C8982EA0802CC
:10D9400083EA0903DDE90C8918EB020849EB0309B6
:10D95000DDE90023121943EB0503083118EB040835
:10D9600049EB05098029CDE900231DD0DDE90645F5
:10D97000DDE90867CDE90C45CDE908ABDDE90445F3
:10D98000CDE906679246DDE902679B46DDE90A2399
:10D99000CDE90467CDE90023CDE90A45CDE9028947
:10D9A0002CE700BF20A9020078360E96012101F075
:10D9B0000F0300EBC303D3E9124501F10D0303F09C
:10D9C0000F0300EBC303D3E91267CDE90C67260A06
:10D9D00046EA05662E962E0A46EA04662F966608E3
:10D9E00046EAC57630966E0846EAC4763196DDE999
:10D9F0003023DDE92E675F40E309564043EA456284
:10DA0000EB0910921193DDE9104501F10F0C0CF0B8
:10DA10000F0C00EBCC0C66406F40DCE91245361968
:10DA200001F1080404F00F0400EBC40447EB050700
:10DA3000D4E91245361947EB05070C9D0D9AEC0009
:10DA400044EA52743294D40044EA55741346339431
:10DA5000EC0C44EA43342A463494DC0C44EA423465
:10DA60003594DDE93423DDE932455D400C9B5440BB
:10DA70000D9A9B0943EA82620D9B12929B091393B4
:10DA8000DDE912235440361985EA0305009C47EB73
:10DA90000507019DA30C43EA85333693AB0C43EA9B
:10DAA00084333793A30B43EA8543CCE91267389359
:10DAB000AB0B43EA84433993AC46DDE93623DDE919
:10DAC00038456B40009D6240EC0544EA5C243A9482
:10DAD0004FEACC54DDF800C044EA5C243B94DDE915
:10DAE0003A4554405D40DDE9002302EA0A0203EAB8
:10DAF0000B03CDE92445CDE92623DDE90045DDE929
:10DB0000082322EA040423EA050522462B46DDE920
:10DB1000264554405D40DDE92423121943EB0503FB
:10DB2000CDE90C230E9BF3E902450E93DDE90C23AE
:10DB3000121943EB0503DDE90645921943EB070390
:10DB4000A41845EB0305DDE90267CDE90645DDE9EB
:10DB50000445DDE904237D403B4005EA09055D40BD
:10DB60004FEA887343EA99033C934FEA897343EA87
:10DB700098033D934FEA187343EA09133E934FEA23
:10DB80001973744043EA081332403F9304EA0804CF
:10DB9000DDE93E675440DDE93C2372404FEA4866C8
:10DBA00046EAD91640964FEA496646EAD8167B40BF
:10DBB000419640AFD7E900677240A41883EA070393
:10DBC00045EB0305DDE90667DDE90A23921943EB1E
:10DBD00007030131A41945EB0705412916D0DDE9FA
:10DBE0000867CDE908ABCDE90667DDE900ABDDE903
:10DBF0000267CDE90023DDE90423CDE90289CDE9FF
:10DC00000A23CDE90467A046A946D0E6DDE91467FA
:10DC1000A41945EB0705C0E90245DDE9164518EBF7
:10DC2000040849EB0509DDE91867DDE90245A41997
:10DC300045EB0705C0E90489C0E90645DDE91A8915
:10DC4000DDE9044514EB080445EB0905C0E9084586
:10DC5000DDE91C45121943EB0503DDE91E67C0E948
:10DC60000A23DDE90023921943EB0703C0E90C23E3
:10DC7000DDE9202312EB0A0243EB0B03DDE92289E5
:10DC8000C0E90E23DDE9082312EB080243EB090388
:10DC9000C0E9102343B0BDE8F08F00BF2DE9F84F75
:10DCA0009346D0E932234FEACB06B6184FEA5B77AA
:10DCB00047EB03079F4208BF964282460D46C0E9E4
:10DCC0003267D0E9348927D218F1010849F10009F7
:10DCD000C0E9348920E09AF8D820C2F18004E4B287
:10DCE0005C4588BF5FFA8BF40AF14800104429466E
:10DCF00022460DF039FC9AF8D8202244D2B2802A6C
:10DD00008AF8D820C4EB0B0B254405D15046FFF709
:10DD10002DFD00228AF8D820BBF1000FDBD1BDE831
:10DD2000F88F2DE9F84300F1480890F8D830914673
:10DD3000802208F8032090F8D82006466F2B02F1C5
:10DD400001000F4640444FF0000114D8C2F16F02A9
:10DD50001AF0B8FBD6F8D010D6F8D4000BBA02BA35
:10DD6000D6F8C810D6F8CC00C6E92E2302BA0BBAF2
:10DD7000C6E930231BE0C2F17F021AF0A3FB304654
:10DD8000FFF7F4FC7022404600211AF09BFBD6F806
:10DD9000D030D6F8D4201DBA14BAD6F8C830D6F888
:10DDA000CC20C6E92E4514BA1DBAC6E93045304626
:10DDB000FFF7DCFC06F14003002053F8382C53F841
:10DDC000341C08300CBA15BA4028E3E90245F4D1F6
:10DDD00038464146B9F1400F34BF4A464022BDE8BB
:10DDE000F8430DF0C1BB37B513460D463622044645
:10DDF000009200F148012A46FEF768FCD4E932237C
:10DE000012F5806243F100032046C4E9322303B0D7
:10DE1000BDE83040FFF7AABC2DE9F04105461E469B
:10DE200055F8483B92B08846174602A99B694022A4
:10DE3000044698475C2329460093204642463B46C9
:10DE4000FEF744FCD4E9322312F5806243F100036B
:10DE5000C4E932232046FFF789FC22682046536933
:10DE600002A940229847226820469369189A3146B1
:10DE7000984702A84021FFF7FDF912B0BDE8F081F4
:10DE8000002280F82020704710B524210446FFF7B7
:10DE9000F1F9204610BD10B5044601F027F804F151
:10DEA0001000002110221AF00DFB002384F820300E
:10DEB00010BDF8B504460F46164646B394F8202028
:10DEC000C2F11003DBB2B34204F1100088BFF3B219
:10DED00002440025E9B2994207D217F805C0515D06
:10DEE0008CEA010151550135F4E794F820201A44D9
:10DEF000D2B2102A84F82020C3EB06061F44DCD1DE
:10DF0000214601F00AF8002384F82030D5E7F8BD57
:10DF100010B590F82030044633B11030214600F09F
:10DF2000FCFF002384F8203010BD70B504460E4677
:10DF30001546FFF7EDFF304604F11001102D34BFF8
:10DF40002A461022BDE870400DF00EBB2421FFF7D9
:10DF500091B910B540210446FFF78CF904F1400057
:10DF60004021FFF787F9204610BDFFFFB0F884106D
:10DF7000002262F30E01A0F88410C1F3072141F0E2
:10DF8000800180F885100649C0F88020C0F88820FC
:10DF9000C0F88C1080F8A02080F8A120704700BF46
:10DFA00080EE36002F29B0F8840007D9C0F30E00A8
:10DFB000B0F5C07FB4BF002001207047C0F3CB0094
:10DFC00081428CBF00200120704738B5036B0446A6
:10DFD000013300F14005036314222846214601F075
:10DFE000B0F9284604F1100304F1700250F8041B44
:10DFF00043F8041B9042F9D10EF070FA636B58405D
:10E00000606338BD2DE9F047B0F884301646C3F39D
:10E010000E02B6EBD20F96BFA2EBC6026FF30E0351
:10E0200062F30E0304468946A0F884303546002783
:10E0300009EB060AC5EB0A0A35B30F2F04D92046AF
:10E04000FFF7C3FF012701E00137FFB2236B04F1A3
:10E0500040080133236340462146142201F071F940
:10E060003F2D05D8504641462A460DF07DFA0BE07B
:10E070004346524608F1400153F8040B42F8040BA2
:10E080008B42F9D1403DD3E72046BDE8F047FFF78A
:10E090009CBFFFFF036B10B50133044603632146A9
:10E0A0004030142201F04DF92046FFF78EFF024B5D
:10E0B0001B68C4F8883010BDCCE2FF1F38B5044699
:10E0C000002394F8A0205D1CDBB29A4207D92433C8
:10E0D00054F823000368DB6898472B46F1E7074BA9
:10E0E0001A68D4F88830D21AD4F88C309A4204D303
:10E0F0002046BDE83840FFF7CDBF38BDCCE2FF1F5A
:10E10000B2EBD30FF8B504460E46154601D802B15E
:10E11000D300B4F88420C2F30E01C1F5C070984258
:10E120008CBF5B184FF4C07363F30E02A4F8842015
:10E13000ADB1302D34BF2A46302204F11001AD1AA2
:10E140000023CF5CF05C7840C85401339342F8D18F
:10E1500020461E44FFF739FF002DEAD102E0204699
:10E16000FFF733FF94F88530DA090FD0B4F8842034
:10E17000C2F30E02B2F5C07F08DB6FF3C71384F859
:10E1800085302046BDE8F840FFF784BFF8BDFFFFAB
:10E1900038B51B4BC0F880200D460446024603F1FB
:10E1A000100153F8040B42F8040B8B42F9D1154BC4
:10E1B00004F1100203F1300153F8040B42F8040B90
:10E1C0008B42F9D1B4F884306FF30E03A4F8843095
:10E1D000C3F3072343F0800384F885302046FFF71C
:10E1E000F4FE45B128461AF0DCFB2946024600231E
:10E1F0002046FFF785FF2046BDE83840FFF74ABFBD
:10E20000A0AB0200B0AB020010B5054C2046FFF7F2
:10E21000ADFE20460349044ABDE810401AF0BEB8DE
:10E22000C4BBFF1F53DF00007C8CFF1F70B58D0047
:10E23000AB4206461C46114609D21A460DF094F927
:10E2400030192A1B0021BDE870401AF03BB92A465C
:10E25000BDE870400DF088B970B50D469C00A54230
:10E260000646114604D82A46BDE870400DF07CB938
:10E2700022460DF079F930192A1B0021BDE87040C3
:10E280001AF020B92DE9F0418C4680460026002086
:10E29000002183B15CF8067094590025E41945F11A
:10E2A0000005241845EB010548F8064028460021E2
:10E2B000013B0436EDE7BDE8F0812DE9F0434FF076
:10E2C000000C0025C3B12E4601240025002706EAD4
:10E2D000040807EA050952F80C4051F80C502C1BB1
:10E2E00065EB0505B4EB080465EB090540F80C4047
:10E2F000013B0CF1040CE5E705F00100BDE8F083FB
:10E300002DE9F0434FF0000C0025C3B12E46012447
:10E310000025002706EA040807EA050952F80C4020
:10E3200051F80C502C1B65EB0505B4EB080465EBAC
:10E33000090540F80C40013B0CF1040CE5E705F041
:10E340000100BDE8F083D3F800C02DE9F74F0024A9
:10E3500000254FF0000890450CD051F82860A246E7
:10E36000AB46ECFB06AB40F828A05C46002508F164
:10E370000108F0E74FF0010B40F822404FEA820815
:10E3800004309C46CDF804B0019C0C9B9C4223D2E7
:10E390005CF8049F03464FF0000A4FF0000B002684
:10E3A00096420FD01F681AEB070451F826704BF104
:10E3B0000005E9FB074543F8044BAA464FF0000B64
:10E3C0000136EDE740F808A0DDF804A00AF1010AE3
:10E3D000CDF804A00430D7E703B0BDE8F08F2DE9F5
:10E3E000F047984681469246FFF78AFF0024404254
:10E3F00000230025B8F1000F14D05AF8032059F873
:10E4000003600240B6184FF0000747F100073619C5
:10E4100047EB050749F803603C46002508F1FF3843
:10E420000433E7E7BDE8F0872020704740207047BD
:10E430000E4B83600E4BC3600E4B03610E4B43616A
:10E440000E4B83610E4BC3610E4B036203F1745399
:10E45000A3F52303A3F692434362002380F87030B0
:10E4600000220023C0E91A23704700BF67E6096A4B
:10E4700085AE67BB72F36E3C3AF54FA57F520E51E5
:10E480008C68059BABD9831F10B5044670210830FA
:10E49000FEF7F0FE236820461B69984710BDFFFF7A
:10E4A00010B5064B0446702140F8083BFEF7E2FE2B
:10E4B0002046FEF7F5F8204610BD00BFE8AC02008C
:10E4C00010B50446FFF7ECFF204618F03FF9204650
:10E4D00010BDFFFF10B50446FEF7F2F8034B2360B2
:10E4E0002046FFF7A5FF204610BD00BFE8AC0200A4
:10E4F0002DE9F04F00238DB0C2180433916A402BF0
:10E5000009BA9162F8D18268C36803920493826960
:10E51000C36905690595079208931E46134603AA29
:10E520004769069792E81401476A056A06990A97AF
:10E53000B946099502950027C519DFF870C1D5F8CD
:10E5400028B057F80C504FEAB31A8AEAF32AAB44C2
:10E550008AEA736ADA44DDF808B02BEA030506EAB2
:10E56000030B85EA0B055544A94488EA040508EA2B
:10E57000040A154085EA0A054FEAB20A8AEA723AA5
:10E580008AEAB25A04375544402F49444D4409D0D1
:10E59000DDF8089002961E460B464146A0461446FA
:10E5A0002A46C9E70CF13C070B974FF0010C0CF021
:10E5B0000F070A370CF10F0A50F827700AF00F0AFC
:10E5C00000EB8A0A4FEAF71B8BEAB74B8BEAD70BB3
:10E5D000DAF828700CF10D09BB440CF1080709F0BA
:10E5E0000F0907F00F0709F10A090A3750F82990B7
:10E5F00050F827705F444FEA794B8BEAF94B8BEA6E
:10E6000099294F444FEAB119CAF82870019726EAB0
:10E61000010B0B9F89EAF12903EA010A8BEA0A0A36
:10E6200089EA7169D14457F804AF0B97019FDDF86F
:10E6300008B0D144B94484EA020704EA020A2F4030
:10E6400087EA0A074FEAB50A8AEA753A8AEAB55AAA
:10E650000CF1010CD9445744BCF1310FC844B94402
:10E6600008D002961E460B464146A04614462A464E
:10E670004D469CE7039FB944049FC0F808903D4471
:10E68000C560059D069F2A440261079A099D424480
:10E690003C4482610A9F089A446111442B443E44E1
:10E6A000C161036246620DB0BDE8F08FE0AB0200CD
:10E6B0002DE9F044550FD4001646D0E91A23A418CA
:10E6C00045EB0305C0E91A4507468A4606B397F8A5
:10E6D0007030C3F14004E4B2B44288BFF4B207F131
:10E6E00028001844514622460CF03EFF97F870303F
:10E6F0002344DBB2402B87F87030C4EB0606A244FB
:10E70000E4D13846FFF7F4FE002387F87030DDE7E8
:10E71000BDE8F0842DE9F04B00F1280B90F8703043
:10E72000904680220BF8032090F870200746372B84
:10E7300002F10100894658444FF0000115D8C2F19A
:10E74000370219F0BFFED7E91A23190E1C4641EA19
:10E7500003611B0A03F47F4324020B4304F47F0488
:10E760001C4312BA3C667A661BE0C2F13F0219F004
:10E77000A9FE3846FFF7BCFE00213822584619F0A2
:10E78000A1FED7E91A010A0E0B0A42EA016203F45C
:10E790007F430C02134304F47F041C4306BA3C6617
:10E7A0007E663846FFF7A4FE3B4600229968043295
:10E7B00009BA202A996203F10403F7D14846594661
:10E7C000B8F1200F34BF42462022BDE8F04B0CF0D8
:10E7D000CBBE37B513460D4636220446009200F1F3
:10E7E00028012A46FDF772FFD4E91A2312F50072B8
:10E7F00043F100032046C4E91A2303B0BDE83040CA
:10E80000FFF776BE2DE9F04105461E4655F8283B38
:10E810008AB08846174602A99B6920220446984779
:10E820005C2329460093204642463B46FDF74EFFB7
:10E83000D4E91A2312F5007243F10003C4E91A2344
:10E840002046FFF755FE22682046536902A9202280
:10E850009847226820469369109A3146984702A843
:10E860002021FEF707FD0AB0BDE8F08120207047A7
:10E8700010B5064B0446F02140F80C3BFEF7FAFCBD
:10E880002046FEF76BF9204610BD00BF18AD020010
:10E8900010B50446FFF7ECFF204617F057FF20465F
:10E8A00010BD202A2DE9F04106466FD100F10C047D
:10E8B000234601F1200251F8040B43F8040B914266
:10E8C000F9D106F1DC0801270825082D23D13B46A4
:10E8D00004F11C02304604F12001FEF767F92278AA
:10E8E00094F82030534084F82030627894F8213036
:10E8F000534084F82130A27894F82230534084F8B1
:10E900002230E27894F823300137534084F82330E2
:10E91000FFB2002532E0042D1CD104F11C02304668
:10E9200004F12001FEF758F9227894F82030534082
:10E9300084F82030627894F82130534084F82130F4
:10E94000A27894F82230534084F82230E27894F888
:10E95000233010E02278237F534084F820306278FF
:10E96000637F534084F82130A278A37F534084F81A
:10E970002230E278E37F534084F8233004340135B9
:10E980004445EDB2A1D10120BDE8F0810020BDE8F1
:10E99000F081FFFF10B50446FEF7FAF8044B236040
:10E9A0000E23237104F10C03A360204610BD00BFA9
:10E9B00018AD02002DE9F0419CB0164D164B4FF0FA
:10E9C00009080746082403A8CDF8008010220E4647
:10E9D000FFF7B9FC03A813A942462B460094FFF7A2
:10E9E000B2FC314603AA23463046FFF766FC3846A0
:10E9F00031462A462346FFF7F2FC384639462A4676
:10EA00002346FFF7ECFC03A86421FEF733FC1CB09F
:10EA1000BDE8F08178AD020098AD020038B50B4634
:10EA200014460546102110461A464023FFF7FEFB08
:10EA30000023236428462146BDE83840FFF7BABFCB
:10EA40002DE9F04101F160060C46074640313046A1
:10EA5000FEF7EAFA04F12005204621463246FEF789
:10EA60009EF9284629463246FEF799F92268E36B5B
:10EA700043EAC273E36338462A4620210823BDE8EF
:10EA8000F041FFF7E9BB03682DE9F04104461B693B
:10EA900000F148050E461746984723682046394638
:10EAA0005B69202298472368204629469B690022FB
:10EAB000984794F8483023F0070384F8483094F8D6
:10EAC000673003F07F0343F0400384F8673030463B
:10EAD0002A4608212023BDE8F041FFF7A7BB80218B
:10EAE000FEF7C8BB2DE9F04FC5B0054603911446AB
:10EAF000002180220293012619F0E4FCFF232E62FC
:10EB00002E6401934FF00009039A029B52F829707A
:10EB1000374013B9002F00F0908005F1200804F170
:10EB2000200A04A841462A46FEF7C8F9514614A80F
:10EB30002246FEF7C3F904A8014614AAFEF72FF9EE
:10EB40000CA841462A46FEF79CF9514614A82246D5
:10EB5000FEF797F90CA8014614AA05F1600AFEF722
:10EB60001EF914A8514604F16002FEF718F914A822
:10EB700001466F4A05F1400BFEF742F91CA85946C1
:10EB800004F14002FEF70BF91CA801460246FEF70D
:10EB900078F93CA80CA904AAFEF790F934A81CA99E
:10EBA00014AAFEF78BF91CA8014614AAFEF769F90E
:10EBB0000CA8014604AAFEF764F9029B002B28D09A
:10EBC00024A83CA934AAFEF7EAF82CA81CA90CAA90
:10EBD000FEF7E5F834A801461CAAFEF7E0F83CA8C9
:10EBE00001460CAAFEF7DBF83846294624AAFEF7B0
:10EBF000BCF9384641462CAAFEF7B7F938465946C3
:10EC000034AAFEF7B2F9384651463CAAFEF7ADF9F0
:10EC100013E028463CA934AAFEF7C1F840461CA9D7
:10EC20000CAAFEF7BCF8584634A91CAAFEF7B7F8A0
:10EC300050463CA90CAAFEF7B2F804F1200A04A839
:10EC400051462246FEF73AF904A801460246FEF76D
:10EC5000A6F80CA851462246FEF713F90CA804F1B9
:10EC6000600701460246FEF79AF814A839463A466C
:10EC7000FEF795F814A804F1400801462C4AFEF767
:10EC8000BFF81CA841464246FEF789F81CA8014679
:10EC90000246FEF7F6F838460CA904AAFEF70EF96C
:10ECA00040461CA914AAFEF709F91CA8014614AA9B
:10ECB000FEF7E7F80CA8014604AAFEF7E2F82046A2
:10ECC00039464246FEF76BF850461CA90CAAFEF7DF
:10ECD00066F8404641461CAAFEF761F80CAA384681
:10ECE0003946FEF75CF8019AB6F1004F08BF09F10A
:10ECF000010902F1FF3312BF76005FFA89F901269C
:10ED000013F0FF0301937FF4FFAE24A8FFF7E7FEA3
:10ED100004A8FEF742F90CA8FEF73FF914A8FEF785
:10ED20003CF91CA8FEF739F945B0BDE8F08F00BFEB
:10ED300038AD0200F0B5174D86460F4616460FCD8A
:10ED4000A1B06C460FC495E80F00134D84E80F0086
:10ED50000FCD08AC0FC495E80F00104D84E80F00EC
:10ED60000FCD10AC0FC495E80F000D4D84E80F00D7
:10ED70000FCD18AC0FC495E80F0084E80F00704663
:10ED800039466A463346FFF7ADFE6846FFF7A7FEF1
:10ED900021B0F0BDDCAD0200FCAD0200BCAD020054
:10EDA00058AD02002DE9F041ADF5027D04468846DC
:10EDB0004AA81E461746889DFEF7CAFC01A942468E
:10EDC0004AA8FFF760FE4AA8FEF78CFC4AA864A98F
:10EDD0002022FEF763FF4AA831462A46FEF75EFF6F
:10EDE0004AA85CA90022FEF79CFF09A85CA919AA01
:10EDF000FFF714FE01222AA809A9FFF79BFF2AA901
:10EE00002046FFF71DFE4AA8FEF76CFC4AA82146E3
:10EE10002022FEF743FF4AA839462022FEF73EFF94
:10EE20004AA831462A46FEF739FF4AA85CA90022C3
:10EE3000FEF777FF11A85CA919AAFFF7EFFD01AA59
:10EE400019A811A9FDF771FF19A8002301462993FC
:10EE5000FFF7B0FD19A809AA01460823FFF712FA27
:10EE600019A80146104A0823FFF7B9FA19AA08237E
:10EE7000202104F12000FFF7EFF901A8FEF78DF83B
:10EE800009A8FEF78AF811A8FEF787F8442119A807
:10EE9000FEF7F0F92AA8FFF722FE4AA8FEF73EFC8B
:10EEA0000DF5027DBDE8F08178AD020030B5E1B02E
:10EEB0000D46044628A8FEF74BFC28A869462A46BA
:10EEC000FFF7E1FD012208A86946FFF733FF08A913
:10EED0002046FFF7B5FD6846FEF75FF808A8FFF784
:10EEE000FEFD28A8FEF71AFC61B030BD10B5034640
:10EEF00001F1100251F8044B43F8044B9142F9D14F
:10EF000003681BBA036043681BBA436083681BBA7B
:10EF10008360C3681BBAC36010BD2DE9F74F00239F
:10EF20000E684D688C68CA681F469C46984699468C
:10EF3000082110F803A001914AF3C01101EA060B61
:10EF400089EA0B0901EA050B88EA0B0801EA040BC0
:10EF50008CEA0B0C11404FEAC47B4F4042F3000196
:10EF60004BEA52024FEAC57B4BEA54044FEAC67B98
:10EF70004BEA5505DDF804B001F0614181EA56061F
:10EF80000BF1FF314FEA4A0A11F0FF015FFA8AFAEA
:10EF90000191D1D10133102BCAD199FA89F30360C1
:10EFA00098FA88F343603FBA9CFA8CF38360C76099
:10EFB00003B0BDE8F08FFFFF014B0360704700BF57
:10EFC00028AE020010B5034B0360044617F0BEFBE9
:10EFD000204610BD28AE0200014B0360704700BF01
:10EFE00028AE020008B540680368DB68984708BD92
:10EFF000102070472DE9F04706460F4690469A4686
:10F000000024C4EB0A020F2A08EB040307EB0409EF
:10F0100019D9002570195A5D017A01354A40102D21
:10F020000272F7D17068036806F108015B690A464D
:10F030009847002573191B7A09F805300135102D02
:10F04000F8D11034DDE7BDE8F0872DE9F74F07462A
:10F050008A4691469B460024C4EB0B020F2A0AEB1A
:10F06000040309EB040818D97868026807F118014D
:10F07000956901934246A847019B3E460025307A98
:10F08000317E18F80520414059550135102D327256
:10F0900006F10106F3D11034DEE703B0BDE8F08FCE
:10F0A00070B50446406803689B680E46154698474D
:10F0B000102806D16068036831461B692A469847C4
:10F0C00070BD002070BD102A10B50ED100F10803EC
:10F0D00001F1100251F8044B43F8044B9142F9D16D
:10F0E000102380F82830012010BD002010BDFFFF44
:10F0F00010B5084B0446102140F8083BFEF7BAF85B
:10F1000004F118001021FEF7B5F82046FDF7B2FA19
:10F11000204610BD50AE020010B50446FFF7E8FFD0
:10F12000204617F013FB204610BD10B5044640687A
:10F130000368DB69984704F108001021FEF79AF88C
:10F1400004F118001021FEF795F8102384F82830F8
:10F1500010BDFFFF10B50446FDF79CFA044B236079
:10F1600000236360102384F82830204610BD00BFC0
:10F1700050AE020010B5034B03600446FDF77AFA67
:10F18000204610BD80AE020010B50446FFF7F2FF26
:10F19000204617F0DBFA204610BDFFFF10B50446ED
:10F1A000FDF778FA014B2360204610BD80AE0200C7
:10F1B000202070470820704710B50468A469A04754
:10F1C00010BDFFFF102A70B5154604460E4600F12B
:10F1D000040223D8214B03F1100153F8040B42F829
:10F1E000040B8B42F9D131462A4604F114000CF08D
:10F1F000BBF904F1240031462A460CF0B5F9102D74
:10F2000027D0C5F11006601900213246143019F0DC
:10F2100059F9601924300021324618E0104B202D96
:10F2200028BF202503F1100153F8040B42F8040B0A
:10F230008B42F9D104F1140031462A460CF094F9BE
:10F24000202D06D0601914300021C5F1200219F0DC
:10F2500039F9402384F88530012070BDE8AE020002
:10F26000F9AE0200082A38B504460D4607D13430FD
:10F27000002119F027F92B68E3636B680BE00C2A77
:10F280000FD134300021042219F01CF92B68A3633C
:10F290006B68E363AB682364402384F88530012006
:10F2A00038BD002038BD10B5402104460430FDF7BC
:10F2B000E1FF04F144004021FDF7DCFF402384F826
:10F2C000853010BD10B5084B0446402140F8043B82
:10F2D000FDF7D0FF04F144004021FDF7CBFF2046AD
:10F2E000FDF7C8F9204610BDC0AE020010B50446B7
:10F2F000FFF7E8FF204617F029FA204610BDFFFF70
:10F3000038B504460D46FDF7C5F9044B236040238C
:10F3100084F8845084F88530204638BDC0AE0200A1
:10F32000042A10B5044601D0082A08D104F134009B
:10F330000CF01AF9402384F88530012010BD00201C
:10F3400010BD2DE9F04F002387B0CC58C4500433D2
:10F35000402BFAD1012A40F2CC8004680369056A87
:10F360004669476B03EB0408046B88EA04044FEA20
:10F37000344425446B404FEA3353984488EA0404EC
:10F380004FEA3464651900956B4045684FEA736332
:10F39000354401936F40436A4FEA37473B445E4030
:10F3A0004FEA365635446F404FEA376702971F449D
:10F3B000039783697E40876803EB0709876B89EAB7
:10F3C00007074FEA374A876A0AEB070C8CEA030300
:10F3D0004FEA33539944CDF81090C76889EA0A0A76
:10F3E000D0F81C904FEA3A6AD444CDF814A009EB47
:10F3F000070AC76B8AEA07074FEA374BC76A5F44B9
:10F4000087EA09098CEA03034FEA3959CA444FEAEB
:10F4100073631D448AEA0B0B4FEA76664FEA3B6B37
:10F420006C405F44B0444FEA344487EA090988EAF3
:10F430000B0B27444FEA3B4B7B40DC444FEA3353F2
:10F440001D448CEA06064FEA36566C40B0444FEA3B
:10F450003464274488EA0B0B4FEA3B6B7B40DC4467
:10F4600045604FEA7363049D83614FEA7969029BAB
:10F47000C7628CEA06064D444FEA76664661009FF5
:10F48000046385EA03064FEA3646374487EA0909EA
:10F490004FEA3954254485EA06034FEA3363C0F83E
:10F4A0003CB0C0F80080C0F828C043633B445C40D7
:10F4B0004FEA7464C461019C8560059D0362A244A7
:10F4C0008AEA0503039D4FEA33431D446C404FEA2B
:10F4D000345404EB0A077B404FEA336383632B44C5
:10F4E0005C404FEA7464023AC76004614362D2B27E
:10F4F00030E70023C458CA582244C2500433402B7A
:10F50000F8D107B0BDE8F08FF8B504460E461746AF
:10F510001D46CDB394F885303F2B08D894F885006C
:10F52000C0F14000C0B2A84218D9E8B216E094F881
:10F53000842004F14400211DFFF703FF002384F819
:10F5400085300122E118013391F83400082B024480
:10F5500081F83420C2F30F22F4D1DFE72D1A002303
:10F56000DAB290420DD094F88520F95C02F1010CDA
:10F57000224484F885C092F844204A40F254013372
:10F58000EEE706440744C4E7F8BDFFFF2DE9F74F57
:10F5900004460320B2FBF0F000EB40050195571B39
:10F5A00051B9800007B10430002B00F0828039236C
:10F5B000B2FBF3F210447CE000262546304632468A
:10F5C000DDF804C0624548D214F802C0DFF8E880D4
:10F5D0004FEA9C0C01EB000B18F80CC001F800C0BE
:10F5E00014F8029095F801A009F003094FEA0919EF
:10F5F00049EA1A1900F1010C18F8099001F80C9069
:10F6000095F801A095F802900AF00F0A4FEA9919AF
:10F6100049EA8A0918F809908BF8029095F8029047
:10F6200009F03F0918F809808BF8038000F10408FD
:10F63000C6EB080A4FF04C09BAFBF9FB09FB1BA902
:10F64000B9F1000F05D123B10A2001F808000136F5
:10F650006046033204300335B2E7012F0ED1A55CBA
:10F66000154BAD085D5D0D54A25C02F00302120162
:10F6700001449B5C4B703D238B7018E0022F18D126
:10F68000A55C0D4BAD085D5D0D54551CA25C665D1F
:10F6900002F00302120142EA161201449A5C4A7017
:10F6A000625D02F00F0213F822308B703D23CB70A5
:10F6B000043003B0BDE8F08F0AAF0200F8B5018056
:10F6C000044601EB41018EB200274680027147716A
:10F6D000E373076130461D4618F0BAFEA06018B10A
:10F6E0003946324618F0EEFE15F0010005D0012330
:10F6F00023730023637302230CE005F0040505F077
:10F70000FF01012202231DB122736373A07302E083
:10F7100021736273A3732046F8BD10B50446806858
:10F7200008B118F09DFE207900210CF0D7FD20468D
:10F7300010BD10B50446012100790CF0CFFD2079F1
:10F740000021BDE810400CF09BBDFFFFF8B58368B9
:10F750000446002B00F08A800CF0C0FE2369C01A1A
:10F760003128F9D972B6424B2179A26853F8310099
:10F77000404B6788196841F0807119603E4B1968E9
:10F7800041F001011960E37B13F0020F3B4B17447A
:10F79000196837D05A31BA422BD212F801CB08255A
:10F7A0008026D3F800E0C1EB0E0EBEF1590FF8D958
:10F7B00032494FF0010E16EA0C0F096880F880E01C
:10F7C00007D0D3F800E0C1EB0E0EBEF1380FF8D928
:10F7D00006E0D3F800E0C1EB0E0EBEF1110FF8D930
:10F7E0004FF0010E013D80F800E126FA0EF6D8D167
:10F7F000D1E71A68521A592AFBD962B60CF06EFE8C
:10F800002061F8BDB431BA422BD212F801CB0825E1
:10F810008026D3F800E0C1EB0E0EBEF1B30FF8D98D
:10F8200016494FF0010E16EA0C0F096880F880E0C7
:10F8300007D0D3F800E0C1EB0E0EBEF1550FF8D99A
:10F8400006E0D3F800E0C1EB0E0EBEF1230FF8D9AD
:10F850004FF0010E013D80F800E126FA0EF6D8D1F6
:10F86000D1E71A68521AB32AFBD9C6E7F8BD00BF20
:10F87000D4C40200FCED00E0001000E0041000E041
:10F8800003888B4230B516D94379C2F30745C2F3DA
:10F890000724D2B22BB15D435C435A432D0A240A9C
:10F8A000120A836801EB41011944037BCD54437B69
:10F8B000CC54837BCA5430BD42EA012242EA004064
:10F8C00070474A1C4379D2B29A4270B51FD0013BAF
:10F8D00013F0FF0384680CD0FF2904D14FF6FF71A9
:10F8E00091FBF3F106E01102013991FBF3F189B2CA
:10F8F00000E0194623461D1B4688ADB2AE4205D92D
:10F900001D784D432D1203F8015BF4E7427170BD81
:10F910002DE9F843DDF82480BDF820900A9F1646B3
:10F920000D4604460246103155F8040B42F8040B0C
:10F930008D42F9D11946062204F1100001F016FC9F
:10F94000304619F02EF8C0F3470010288ABF102364
:10F9500084F8260084F8263094F8262022B104F199
:10F960001600314601F002FC002384F82730A4F889
:10F970002890C4F82C803846BDE8F84316F072BDD4
:10F9800030B50B46054653F8100F97B09B88ADF87D
:10F99000043091F827308DF80B300B8DADF8063020
:10F9A000CB6A0090ADF808304FF480301B0C0C4649
:10F9B0008DF80A3016F07EFD0E21ADF80C00684679
:10F9C00001F000FC94F82620C043ADF80E008AB187
:10F9D00004A804F1160101F00DFC94F8262001237F
:10F9E000284603EB420204A90BF0BEFD94F8263032
:10F9F00005EB4305214668460DAA01F08FFB0DACCF
:10FA00002B4615AD224603CAAA4218605960144617
:10FA100003F10803F6D112781A7017B030BDC36A2B
:10FA20000133C362704707B5014602A8002220F8DF
:10FA3000042DF3F709FC03B05DF804FB038D10B54A
:10FA40004FF6FF74A34204D10846FFF7ECFF0120F4
:10FA500010BD013320F8283FF3F7F6FB002010BD5E
:10FA600070B50446002020C940CA40087541404195
:10FA700020C4013BF7D170BD70B5012420C940CA34
:10FA80006408B541644120C0013BF7D1D4F10100C5
:10FA900038BF002070BD2DE9F043013B00249B00DE
:10FAA0002746254626465FF0000803E05FEA060881
:10FAB000B8EB0308B6EB080952F809C051F80890F2
:10FAC000A9FB0C9C14EB090457EB0C0755F100053E
:10FAD00018F10408984501DCB045EBDD84513C4643
:10FAE0002F46002504369E42DDDDB6EB430FDDDDFB
:10FAF0008451BDE8F08300235AB28A4204DA00221E
:10FB000040F823200133F7E7704710B500231A4669
:10FB10005CB28C4204DA50F8234001332243F7E709
:10FB2000D2F1010038BF002010BD4B11012250F866
:10FB3000230001F01F0102FA01F10840704701396A
:10FB4000C9B24BB2002B0BDA013111F0FF0315D013
:10FB500059B201F18042013A002350F8222004E01A
:10FB600050F82330002BEAD0EEE712B152080133EF
:10FB7000FBE7013903EB411398B200E0184600B2ED
:10FB8000704710B500235CB2944205DA51F8234067
:10FB900040F823400133F6E710BD10B5013AD2B268
:10FBA00053B2002B09DB1BB250F8234051F823302D
:10FBB0009C4204D8F2D2FF2002E0002000E00120A5
:10FBC00040B210BD30B50B4689B0144605461A4602
:10FBD000294623466846FFF74FFF214605466846FB
:10FBE000FFF793FF003518BF01256D00002814BFF3
:10FBF0006842C5F1010009B030BD00EB810100236E
:10FC0000814207D951F8042C43EA520341F8043DDC
:10FC1000D307F5E7704770B59DF910401D462346A0
:10FC20000646FFF71DFF30B9284631462246FFF74A
:10FC3000B4FF012807D0304631462A462346BDE8A6
:10FC40007040FFF719BF70BD70B59DF910401D469B
:10FC500023460646FFF710FF38B1304631462A46A4
:10FC60002346BDE87040FFF7FBBE70BD2DE9F047AD
:10FC7000B2B002AD9DF9E8401F46804623462846B3
:10FC8000FFF709FF22AB384621468DE82800FFF731
:10FC900056FFC0EB841086B2454A33B220251A4085
:10FCA00093FBF5F5002AEDB203DA013A62F01F0288
:10FCB00001326DB25FFA82F912A82946FFF71BFFE5
:10FCC0004FFA89F2002A28B214DD12AB03EB800050
:10FCD00000231D46A54215D257F8251001FA02FE51
:10FCE00043EA0E0340F82530C2F1200321FA03F362
:10FCF0000135EFE70DF1480C0CEB80003946224648
:10FD0000FFF73FFFA7000DF148094FEA440AB94445
:10FD10000125330440D400231A4659B2514520DA54
:10FD20000DF1C80C0CEB850E08B25EF8C8EC0CEBBC
:10FD300081015EF820E051F8801CC1EB0E01891AA8
:10FD4000714502D094BF00220122C5F1010E0DF1D0
:10FD5000C80C0CEB8E0E01335EF8C8EC4EF8201088
:10FD6000DBE7AA1A554212A821465541FFF745FF85
:10FD700032AA631E02EB83033A44484652F8801CC1
:10FD800053F8802C013E42EAC172214643F8802C90
:10FD9000B6B2FFF732FFBCE732AB03EB8505404656
:10FDA00055F8C81C2246FFF7ECFE32B0BDE8F087DC
:10FDB0001F00008030B51C4691B0054693F9003015
:10FDC0006846FFF768FED4F8AC3028466946984785
:10FDD00011B030BD13460A46FFF7ECBF2DE9F041E4
:10FDE00015468AB004460E4602A80021202218F0CB
:10FDF00069FB95F800800323204631462A462F1DD3
:10FE00004FFA88F80293FFF7E5FF2046214602AA41
:10FE10003B46CDF80080FFF717FF204621463246CB
:10FE20002B46FFF7C7FFCDF800802046214605F19D
:10FE300084023B46FFF7EFFE0AB0BDE8F081FFFF0A
:10FE40002DE9F04F0C468BB008220546FFF799FECE
:10FE5000E36A0593236B0693636B0793A36B089385
:10FE600002A8E36B09930026014602460823049684
:10FE700003960296FFF7F4FD2946834602AA08235B
:10FE80002846FFF7EDFD236B0593636B0693A36B89
:10FE900007938446E36B089302A8014602460823B1
:10FEA000CDF800C00996FFF7DBFD2946824602AA7D
:10FEB00008232846FFF7D4FD236A0293636A03935D
:10FEC000A36A0493A36B0893E36B099381462946C5
:10FED00002AA08232846079606960596FFF7C0FD56
:10FEE000636A0293A36A0393E36AA26B0493636B4E
:10FEF000059306920893E26B236A07928046099362
:10FF0000294602AA08232846FFF7AAFDE36A0293BE
:10FF1000236B0393636B0493236A0893A36A099387
:10FF20000746294602AA08232846079606960596FC
:10FF3000FFF7A2FD236B0293636B0393A36B049300
:10FF4000E36B0593636A0893E36A0190099329467A
:10FF500002AA0823284607960696FFF78DFDDDF8CE
:10FF600000C0019B0896E344DA44D144C8444744A6
:10FF7000381AC71A636B0293A36B0393E36B049362
:10FF8000236A0593636A0693A36A0793236B099315
:10FF9000294602AA08232846FFF76EFDA36B0293A9
:10FFA000E36B0393636A0593A36A0693E36A07937B
:10FFB000636B09933F1A2946284602AA0823049630
:10FFC0000896FFF759FD3C1A16D5284629460D4AD2
:10FFD0000823FFF745FD0419F7D410E00948294626
:10FFE0000822FFF7DAFD012809D028462946054AEC
:10FFF0000823FFF741FD241A002CEFD0F5E70BB0E2
:020000021000EC
:10000000BDE8F08F00B0020073B5054614460E46F9
:10001000FFF7E0FE2846294632462346FFF7CAFE90
:10002000082300932846294604F18402231DFFF784
:10003000F2FD02B070BD00232DE9F0410A46804672
:100040001C46D158002540F2D130E0FB014548F86C
:1000500003400433202B2C46F3D108F10400C8F8E8
:10006000205001460823FFF7FBFCC8F82400BDE838
:10007000F081FFFF70B590B00D4604460821684638
:10008000FFF739FD08A80821FFF735FD05F120012C
:100090006846FFF7D0FF6A46082329462046FFF747
:1000A000DFFC082106462846FFF725FD284608A95B
:1000B000FFF7C1FF2A46204621460823FFF7D0FC60
:1000C00085193DB1204621460A4A0823013DFFF724
:1000D000D3FCF6E7204607490822FFF75EFD00281B
:1000E00005DD20462146034A0823FFF7C5FC10B072
:1000F00070BD00BF50AF0200F0B589B01C46074686
:100100000E461546684611461A46FFF763FE384606
:1001100039466A462346FFF74DFE684669462A4639
:100120002346FFF747FE304631466A462346FFF72F
:1001300041FE09B0F0BD2DE9F0478AB08146129F1B
:100140003D46144615F9046B009698468A462B46A0
:1001500002A811464A46FFF777FD02A801463A4633
:10016000FFF738FE4846494602AA3B46FFF722FE03
:100170002046214602AA3B46FFF71CFE2B4640467E
:10018000414652460096FFF75FFD02A841463A46B7
:10019000FFF720FE02A801464A462B460096FFF7CD
:1001A00053FD02A8014622462B460096FFF74CFD60
:1001B000204621464A462B460096FFF745FD50460D
:1001C000514622463B46FFF7F5FD2046494602AA26
:1001D0002B460096FFF738FD4046414622463B46F7
:1001E000FFF7E8FD4046414652462B460096FFF792
:1001F0002BFD204602A93246FFF7C3FC0AB0BDE83A
:10020000F0872DE9F0479AB08046229E3446174683
:1002100014F9045B009599468A46234602A81146C4
:100220004246FFF711FD02A801463246FFF7D2FD14
:100230004046414602AA3346FFF7BCFD38463946E0
:1002400002AA3346FFF7B6FD02A8494652462346A6
:100250000095FFF7E0FC4846494652462346009584
:10026000FFF7F2FC0AA83946424623460095FFF7FD
:10027000EBFC504651460AAA3346FFF79BFD234646
:100280000AA841463A460095FFF7C5FC384649465C
:100290003246FFF79FFD384639460AAA23460095A5
:1002A000FFF7D2FC12A841463A4623460095FFF7D5
:1002B000CBFC4846494612AA3346FFF77BFD23464E
:1002C0004846494652460095FFF7BEFC12A802A9CF
:1002D0003246FFF77FFD12A801460AAA2346009581
:1002E000FFF7B2FC0AA812A9424623460095FFF781
:1002F000ABFC0AA8014602AA3346FFF75BFD504655
:100300000AA9524623460095FFF79EFC404612A9D3
:100310002A46FFF736FC1AB0BDE8F0872DE9F8430E
:10032000B3F90270914607F11F05202295FBF2F503
:10033000044603F124086DB20E46084642462146A3
:100340002B46FFF78DFB50B9B7EB451F09DA304656
:100350003946FFF7EAFB041C18BF012402E0012420
:1003600000E004464846314642462B46FFF778FBFC
:100370002046BDE8F88370B5002463B28B4204F1D7
:1003800001040BDA4D1EED1AAE0805F0030552F814
:100390002660ED0026FA05F5C554EEE770BDF8B508
:1003A00004230F46D11C91FBF3F149B214460546D4
:1003B000FFF7A1FB002253B2A34202F101020EDAC1
:1003C000661EF61AB008FB5C06F00306F60003FA98
:1003D00006F655F82030334345F82030EBE7F8BDFA
:1003E0002DE9F84F05460F46084611461446FFF71B
:1003F000A6FB194B1A689B4612B90020BDE8F88F7E
:10040000C0EB441005EB840800B24FF0FF3A4FEA0E
:100410008409A8F104082AFA00FA4026DBF8003023
:100420002846494698470028E7D0D8F8003003EA24
:100430000A03C8F8003028462146FFF766FB10B1D2
:10044000013EEBD1D9E7384629462246FFF7BAFBF1
:100450000128F5D1BDE8F88F68BCFF1F2DE9F047F2
:10046000B3F902501F4605F10708082398FBF3F87B
:100470001F35202395FBF3F56EB2424538BF9046F9
:10048000044689463146FFF736FB42462046494638
:10049000FFF785FFB7F902304FEAC808984522D91F
:1004A000C3EB080804EB85050022A5420BD955F8DB
:1004B000043C23FA08F10A4345F8042DC8F1200250
:1004C00003FA02F2F1E72437384621463246FFF7B5
:1004D00064FB012807D0204621463A463346BDE852
:1004E000F047FFF7C9BABDE8F08738B54369056939
:1004F000044603EB450500232269934205D2CA5CFA
:1005000082F03602EA540133F6E7E268934203D2FE
:100510003622EA540133F8E7236820469847636897
:10052000E26820462946984738BD08B54368984791
:1005300008BD70B543690669044603EB46061546D7
:1005400000232269934205D2CA5C82F05C02F25415
:100550000133F6E7E268934203D25C22F25401339E
:10056000F8E72946A368204698472368204698471D
:100570006368E268204631469847636822692046EE
:1005800029469847A36820462946984770BD70B50C
:10059000044615460E46FFF7A8FF20462946226965
:1005A000FFF7C3FF204631462A46BDE87040FFF7FB
:1005B000C0BFF8B5036813F0010604460F461546A0
:1005C00005D001463A462B46FFF74AFA0646204632
:1005D0002946FFF712FB46B105F18042013A54F873
:1005E000223043F0004344F82230F8BDF0B506460F
:1005F000A1B00F460846194615461C46FFF785FA76
:1006000020B130462146FFF776FA73E06846394656
:100610002246FFF7B6FA08A829462246FFF7B1FAA4
:1006200010A82146FFF767FA012318A82146109366
:10063000FFF761FA684608A92246FFF7AEFA0028DC
:1006400053D0009BDA0704D468462146FFF7D5FA59
:1006500026E0089BDB0704D408A82146FFF7CDFA63
:100660003DE000281EDD08AA234669466846FFF7DC
:1006700003FA68462146FFF7C0FA10A818A92246D7
:10068000FFF78BFA002805DA10A801462A46234610
:10069000FFF7E6F910A8014618AA2346FFF7ECF980
:1006A00010A81DE008A86A4623460146FFF7E4F9B2
:1006B00008A82146FFF7A1FA18A810A92246FFF7BB
:1006C0006CFA002805DA18A801462A462346FFF7E7
:1006D000C7F918A8014610AA2346FFF7CDF918A8B4
:1006E00029462246FFF765FFA4E7304610A92246B7
:1006F000FFF747FA21B0F0BD2DE9F04FAFB09046BB
:10070000399C059094F9005016A82A460F46994640
:10071000FFF737FAAB0003933B4426A819462A4655
:100720000493FFF72EFA94F9006006A8B9F1000FC0
:1007300004D049463246FFF724FA04E03146FFF779
:10074000DAF90123069332460EA816A9FFF719FA23
:1007500032461EA826A9FFF714FA16A826A906AA4B
:100760002346FFF7C9FCD4F8A46016A826A906AA58
:100770002346B0470EA81EA906AA2346FFF7BCFCD5
:10078000BDF9E060023EB6B231B2002929DD404633
:10079000FFF7CBF9D0F1010038BF0020C0F101090B
:1007A0001EAB4FEA401B4FEA49190DF1380A0DF113
:1007B000380CDC44CA449B4499446246504649463E
:1007C0005B460094CDF808C0FFF71BFDDDF808C0BC
:1007D00000946046594652464B46FFF7ACFC013E3A
:1007E000D1E7D8F80030009403F0010989F001093D
:1007F000C9F101061EAB76010DF138084FEA49191F
:100800000DF1380AB044CA441E449944404631466A
:1008100052464B4604F1040BFFF7F3FC06A816A959
:100820000EAA5B460095FFF70FFA06A8014632466E
:100830002346FFF7BFFA06A801463A462346FFF7CC
:10084000B9FA06A801465A462B46FFF7CFFE06A87E
:100850000146049A2346FFF7ADFA06A80146424630
:100860002346FFF7A7FA50464946424633460094CE
:10087000FFF761FC23460EA81EA906AAFFF73CFC61
:1008800005980EA92A46FFF77CF90598039B1EA937
:1008900018442A46FFF775F92FB0BDE8F08F30B540
:1008A00095B0144604AB05460CAA029308461946B7
:1008B00023460392FFF732FDD0F1010038BF00203C
:1008C00014AA02EB80036288013212B28DE8140090
:1008D000284653F8482C04F144010023FFF70CFF8D
:1008E00021784900284649B2FFF70FF9D0F10100FD
:1008F00038BF002015B030BD2DE9F04FABB00DF181
:100900002808359D059095F9009006910DF1480B4A
:100910001846494607921E46CDF82080CDF824B0EF
:10092000FFF7F3F8B5F802A0039008B100209BE0B0
:100930000FFA8AF420231F3494FBF3F405F1240703
:1009400064B2384631462246FFF73CF9012804904C
:10095000ECD141465A462B463046FFF7DFFCD0F13A
:10096000010038BF00202AAA02EB80030AF101022D
:1009700012B28DE824001AA805F1440153F8882C1E
:10098000039BFFF7B9FE1AA84946FFF7BEF80028F7
:10099000CCD1374B1B6840462BB92146FFF7ABF84B
:1009A000049B0A9305E039462246FFF719FD00280B
:1009B000BCD0304631460AAA3B460094FFF756F9B0
:1009C000304631463A462346FFF710FE3B46304656
:1009D00031460AAA0094FFF749F9349895F90110B5
:1009E0001AAAFFF7C8FCB5F90220059908230732B7
:1009F00092FBF3F20AA8FFF7D2FC2AAA631E02EBCD
:100A00008303002243F8602C12A81AA94A46FFF774
:100A1000B8F812A802460AA93B460094FFF726F947
:100A20000AA80699079A2B46FFF718FD12A8024656
:100A30000AA93B460094FFF7EEF812A80146324699
:100A40003B460094FFF712F9214612A8FFF777F80A
:100A500095F90110B0EBC10F3FF768AF349812AAB7
:100A60000844FFF788FC01202BB0BDE8F08F00BFE1
:100A700068BCFF1F2DE9F04793F9006092B004466F
:100A800089461046314615469846FFF73EF800283D
:100A900040F0978002A849464246FFF79BF943463B
:100AA0000AA8214602AAFFF785F902A80146424694
:100AB000FFF790F94346484649462A46FFF77AF938
:100AC00008F10407284629464246FFF783F92046E5
:100AD00021462A463B460096FFF79DF828462946C0
:100AE0002A463B460096FFF796F8284621462A46B6
:100AF0003B460096FFF7A8F8204621462A46434683
:100B0000FFF758F92846214622463B460096FFF754
:100B100082F820463B46009621462A46FFF77BF89E
:100B20002368DB07204613D53A4633462146FEF7B5
:100B300097FF314682462046FFF75FF806F1804373
:100B4000013B54F8232042EACA7244F8232002E011
:100B50003146FFF752F8284621464246FFF73AF958
:100B6000284629460AAA3B460096FFF76DF8284614
:100B700029460AAA3B460096FFF766F80AA80146EE
:100B80002A463B460096FFF75FF8204621460AAA10
:100B90004346FFF70FF902A802463B46214600965E
:100BA000FFF752F8204629463246FEF7EAFF28466C
:100BB00049463246FEF7E5FF484602A93246FEF7AF
:100BC000E0FF12B0BDE8F0872DE9F043054693B091
:100BD0000C461046082117461E46FEF796FF0028D1
:100BE00074D10AA821463246FFF7F4F8334602A82A
:100BF00029460AAAFFF7DEF8284629463246FFF7BB
:100C0000E9F80AA801463246FFF7E4F84FF0080871
:100C100038463A4621463346371DFFF7CBF8204683
:100C200029462A463B46CDF80080FEF7F4FF2046D1
:100C30003B46CDF8008021462A46FEF7ECFF2368AC
:100C4000DB0720460ED5434621463A46FEF708FF0D
:100C5000414681462046FEF7D0FFE36943EAC97367
:100C6000E36102E04146FEF7C8FF4FF0080828465E
:100C700021463246FFF7AEF8284629460DEB08021A
:100C80003B46CDF80080FEF7DFFF284629460DEBF6
:100C900008023B46CDF80080FEF7D6FF0DEB0800BA
:100CA00001462A463B46CDF80080FEF7CDFF2046A0
:100CB00021460DEB08023346FFF77CF8CDF80080A3
:100CC000204621460AAA3B46FEF7BEFF13B0BDE808
:100CD000F083FFFF014B1860704700BF68BCFF1F27
:100CE00000487047FCAF0200004870474CAF02005C
:100CF000F0B5064699B00F4614464025B4F90220D7
:100D000020231F3292FBF3F2684604F1240152B211
:100D1000FFF766FB08B9002024E008A869462246D0
:100D2000FFF7BDFDD8B1B4F902100823073191FBDC
:100D3000F3F138466A46FFF71EFB304694F901107E
:100D400008AAFFF718FB94F9011094F9002008ABEA
:100D5000701803EB8202FFF70EFB012002E0013D59
:100D6000CCD1D8E719B0F0BD2DE9F0479146B3F9E1
:100D700002205D7893F80080A4B004AE1C460732D0
:100D8000082392FBF3F207466DB230460DF1300AAC
:100D90000296CDF80CA0FFF702FB394614A82A46AC
:100DA000FFF7FDFA4FFA88F814AA02EB88007919C8
:100DB0002A46FFF7F4FA3046314623465246FFF7FB
:100DC000ADFA1A4B1E68074656B124AA02EB8003FF
:100DD000211D53F8886C42463046FFF701FB08B3EB
:100DE000D7F1010738BF002724AB03EB87076388DF
:100DF00001331BB28DE8180014A80146334657F89A
:100E0000882CFFF779FC4846294614AAFFF7B3FA65
:100E10002178490014A849B2FEF777FED0F101000D
:100E200038BF002024B0BDE8F08700BF68BCFF1FBA
:100E30002DE9B04195B00CAD80460F46104604A98F
:100E40002A461C4602910395FFF768FAD0F101008B
:100E500038BF002014AA02EB80036288013212B26C
:100E60008DE81400404653F8482C39460023FFF71C
:100E700043FC15B0BDE8B0812DE9F0411646B3F949
:100E800002205C7893F8008098B01D460732082352
:100E900064B2074692FBF3F26846FFF780FA08A8AF
:100EA00039462246FFF77BFA4FFA88F808AB03EB86
:100EB0008808404639192246FFF771FA08A82B46E0
:100EC0006A460146FFF7B4FF3046214608AAFFF7FD
:100ED00052FA301921464246FFF74DFA2978490067
:100EE00008A849B2FEF711FED0F1010038BF00207A
:100EF00018B0BDE8F08170B51446B2F9022003467F
:100F000098B00E46073219460823684692FBF3F262
:100F1000FFF745FAB4F9025020231F3595FBF3F58E
:100F20006DB268462946FEF7F0FD08B1002020E0CA
:100F30002A4604F124006946FEF744FE01280546CE
:100F4000F4D108A869462246FFF7A9FC0028EDD095
:100F5000304694F9011008AAFFF70DFA94F9011030
:100F600094F9002008AB701803EB8202FFF703FA34
:100F7000284618B070BD2DE9F04F91B05D691B9FF8
:100F80001E6997F801807F880FFA87FC93461C46FC
:100F90000CF11F02202392FBF3F381468A462E4474
:100FA000CDF810C0DBB2002221698A4205D20121AE
:100FB000B1540021A9540132F6E720462946029394
:100FC000FFF793FA22690021B15422694FFA88F899
:100FD000204631460132FFF7A8FA424620464946EC
:100FE000FFF7A3FA204651465A46FFF79EFA2046DD
:100FF00029462A46FFF79DFA324620462946FFF742
:10100000C6FA20462946FFF770FA22690121B15439
:101010002269204631460132FFF787FA42462046D0
:101020004946FFF782FA204651465A46FFF77DFAB5
:10103000204629462A46FFF77CFA204629463246B2
:10104000FFF7A5FA029B4FFA83F80FFA88F34FEAED
:10105000830CC7EB48175B013FB206934FF0FF3399
:10106000FB404027CDF814C007930397002729467B
:1010700020463246FFF78BFA216900238B42F6D0D7
:101080000DF1400C4CFA87F07A1CD2B216F803E04E
:10109000059F00F820EC50B2B84202DA013317463F
:1010A000ECE7DDF818C0049FBC450BDD08F1FF3309
:1010B0000DF1400C0CEB8303079F53F8202C3A40B2
:1010C00043F8202C1A9F00971B9F019748465146D2
:1010D0005A4608ABFFF710FC074608B1012719E094
:1010E00020462946FFF701FA2269B75422692046B3
:1010F00031460132FFF719FA204629462A46FFF702
:1011000018FA294620463246FFF741FA0399013979
:101110000391ABD1384611B0BDE8F08F38B5044625
:10112000154600F08DF8284621461022BDE83840CB
:1011300000F060B870B500230446934204F1020445
:101140000DD0CE5C084D3609AE5D04F8026CCE5C65
:1011500006F00F060133AD5D04F8015CEDE70022F7
:1011600000F8132070BD00BFACB002002DE9F041C3
:10117000044615464F1E002617F8011F09B92544DD
:1011800016E0002DFBD0DFF83880404617F0F2FB68
:1011900010B1C8EB0000C0B296F0010601D020707B
:1011A000EAE7237840EA031004F8010B013DE3E786
:1011B000AC4203D0002304F8013BF9E7BDE8F0811D
:1011C000ACB0020010B5034601444FF6FF708B42ED
:1011D0000FD013F8012B5040082200F00104400802
:1011E00024B180F4044080F0080080B2013AF4D1C8
:1011F000EDE710BD70B500230446934204F10204EC
:101200000DD0CE5C084D3609AE5D04F8026CCE5CA4
:1012100006F00F060133AD5D04F8015CEDE7002236
:1012200000F8132070BD00BFBDB0020010F0800FA9
:101230004FEA400018BF80F01B00C0B27047FFFFAC
:101240002DE9F04F87B002AA04460E460B4601F185
:101250001007924618685968154603C50833BB4203
:101260002A46F7D10023F15CE25C4A40E2540133A4
:10127000102BF8D100275C4D23786279EB5C23704A
:101280002379AA5CEB5C2371237AEB5C2372237BCA
:10129000EB5C237363786270627AEB5CAA5C6271C8
:1012A000627B6373AA5C6272A27AA378AA5CA27062
:1012B000A27BEB5CAA5CA372A379A271E27AEB5CDD
:1012C000AA5CA373E37BE273E279EB5CAA5CE27253
:1012D000E278E370FBB2AA5CE271092B27D19DF89A
:1012E0001530EA5C9DF808305340404ABA5C5340E0
:1012F0008DF808309DF81630EA5C9DF809305340AF
:101300008DF809309DF81730EA5C9DF80A3053409B
:101310008DF80A309DF81430EA5C9DF80B3053408C
:101320008DF80B300DF113020DF1070344E0264652
:1013300004F1010804F1100218F801BCB3787078C8
:1013400096F8039000928BEA000089EA030980EA8C
:101350000909FFF76BFF8BEA000089EA000B08F828
:1013600001BC96F802B07378019383EA0B00FFF793
:101370005DFF019B584089EA0003F07873708BEAA7
:101380000000FFF753FF8BEA000089EA000B5FFAC9
:101390008BFB86F802B0717818F8013C4B4089EA63
:1013A00003098BEA090B86F803B0009A04369642CB
:1013B00008F10408C0D192E7587913F8011F4140A1
:1013C00093421971F8D10023E25C1AF803104A40E5
:1013D000E2540133102BF7D101370A2F7FF44BAFC2
:1013E00007B0BDE8F08F00BFCEB00200CEB1020062
:1013F0000021D82217F066B838B100F1D80398421E
:1014000003D0002202700130F9E7704708B5D822F6
:101410000AF0AAF808BDFFFF00220023C0E900235C
:10142000C0E9022331BB2AA3D3E90023C0E9042386
:1014300029A3D3E90023C0E9062329A3D3E9002384
:10144000C0E9082328A3D3E90023C0E90A2328A37D
:10145000D3E90023C0E90C2327A3D3E90023C0E983
:101460000E2327A3D3E90023C0E9102326A3D3E941
:10147000002325E026A3D3E90023C0E9042326A303
:10148000D3E90023C0E9062325A3D3E90023C0E95B
:10149000082325A3D3E90023C0E90A2324A3D3E921
:1014A0000023C0E90C2324A3D3E90023C0E90E23C1
:1014B00023A3D3E90023C0E9102323A3D3E9002306
:1014C000C0E91223C0F8D010704700BFAFF300800E
:1014D00008C9BCF367E6096A3BA7CA8485AE67BB47
:1014E0002BF894FE72F36E3CF1361D5F3AF54FA572
:1014F000D182E6AD7F520E511F6C3E2B8C68059B4E
:101500006BBD41FBABD9831F79217E1319CDE05B05
:10151000D89E05C15D9DBBCB07D57C362A299A6232
:1015200017DD70305A01599139590EF7D8EC2F1543
:10153000310BC0FF6726336711155868874AB48E90
:10154000A78FF9640D2E0CDBA44FFABE1D48B547DA
:101550002DE9F04FADF2844D7EAD0F9006914FF026
:10156000000C069800EBCC0410F83C00E2794FEA3E
:10157000006B60784FF0000A06040996CDF820A0B1
:10158000DDE90867A078CDF828A0002343EA0B0323
:101590003B43070242EA0A020B973243DDE90A673E
:1015A0003B43E77820791197CDF840A03243DDE93D
:1015B00010674FEA0068CDF81080CDF814A03243D0
:1015C0003B43DDE90467607932430604A0793B437D
:1015D000324343EA0A034FEA00280CF1010C42EAC5
:1015E000080243EA0A03BCF1100FE5E90223B8D16F
:1015F0000DF50079D9E91223D9E90001D9E91C6771
:10160000801841EB0301F30043EA57731293FB0088
:1016100043EA56731393F30C43EA47331493FB0CDA
:1016200043EA46331593DDE914ABDDE9122383EA7F
:101630000B034FEA961B4BEA876882EA0A024FEADD
:10164000971ACDF804A0CDF80080DDE90067D9E94C
:10165000024572407B40801841EB0301230A43EAB4
:10166000056316932B0A43EA04631793630843EA5E
:10167000C57318936B0843EAC4731993DDE918AB7B
:10168000DDE9162383EA0B034FEAD41B4BEA4566D8
:10169000EF090296039782EA0A02DDE902AB82EAC9
:1016A0000A02121883EA0B030CF1010C43EB01034D
:1016B000BCF1500FC9E9202309F108099AD10F990B
:1016C0000F9D0F9B0F9FD1E90401D5E90845CDE996
:1016D00010010F98CDE91445D0E90CABD0E91045C5
:1016E000D3E90623D7E90A67CDE91C45CDE918AB54
:1016F000CDE91223DDE91CABD0E90E23CDE9166755
:10170000D0E91267DDE91801CDE908ABCDE91A236C
:10171000CDE91E67CDE90A6792469B46CDE90601F1
:10172000DDE91423DDE91267DDE91001064CDDE98E
:101730001689CDE90423CDE90267CDE900018EAD1C
:1017400004F5207C02E000BF90B2020055E90E01D2
:1017500054E90E23069E079F121843EB0103B10CB8
:1017600041EA87312091B90C41EA8631384621910E
:10177000B10B41EA804122913746810B41EA874112
:101780002391DDE92201DDE92067464006984F40BC
:10179000C105079841EA50212491C105069841EA04
:1017A00050212591DDE9240146404F40921943EB39
:1017B0000703DDE90867DDE9060186EA0A0687EA2C
:1017C0000B0706400F40DDE908014640921987EA01
:1017D000010743EB0703DDE90A67B61847EB030788
:1017E000CDE90C6716EB080647EB0907DDE9002396
:1017F000DDE90201CDE90A67DDE904671043194319
:101800003040DDE902233940DDE900673B40194300
:10181000B30743EA9703019FDDF800802693BB07D7
:1018200043EA980327934FEA187343EA0713289370
:101830003B0F43EA081332402993DDE92867104340
:10184000DDE9262372404FEA4866DDF8048046EA67
:10185000D8162A964FEA4866DDF8008046EAD81680
:101860002B967B40DDE92A67DDE90C89724012186E
:1018700083EA070343EB010318EB020849EB030972
:1018800054E90C0155E90C23121843EB0103DDE97F
:101890000801121843EB0103DDE90601DDE90A67DF
:1018A00080EA0A0081EA0B01304080EA0A003940F0
:1018B000121881EA0B0143EB0103B10C41EA8731B5
:1018C0000B9F0A982C91B90C41EA80312D91810B24
:1018D00041EA874106462E91B90B41EA86412F9194
:1018E000DDE92E01DDE92C6746400A984F40C1052D
:1018F0000B9841EA50213091C1050A9841EA5021E4
:101900003191DDE930014640901987EA010743EB48
:101910000701DDE90423CDE90C01801841EB030147
:10192000CDE90801DDE90001DDE90267DDE9002319
:1019300041EA090103EA0903394019434FEA887370
:1019400043EA990332934FEA897343EA9803339346
:101950004FEA187343EA091334934FEA197343EAC1
:10196000081340EA080002EA0802359330401043A9
:10197000DDE93467DDE9322372404FEA486646EA22
:10198000D91636964FEA496646EAD81637967B400E
:10199000DDE936677240121883EA070343EB01035F
:1019A000DDE90C01801841EB0301CDE9040155E9A3
:1019B0000A2354E90A01121843EB010312EB0A024D
:1019C000DDE9066743EB0B03DDE90AABDDE908015E
:1019D0008AEA060A0AEA000A8AEA060A8BEA070B7A
:1019E000099E0BEA010B810C12EB0A0241EA8631D7
:1019F000DDF820A038914FEA964141EA8A313991C9
:101A00004FEA9A3141EA86413A914FEA963141EAEA
:101A10008A418BEA070B3B9143EB0B033046DDE930
:101A20003AABDDE9386787EA0B07DDF820B04FEA0B
:101A3000CB5141EA50213C91C10541EA5B213D91E6
:101A400086EA0A06DDE93CAB86EA0A06901987EACF
:101A50000B0743EB0701DDE9022310EB020A41EB20
:101A6000030BCDE90C01DDE90401DDE90067DDE9E7
:101A7000042340EA080041EA090102EA0802304072
:101A80003940049F03EA09031043059A1943BB0731
:101A900043EA92033E93930743EA970316463F9324
:101AA0003B0F43EA06133A464093330F43EA0213CF
:101AB000419340AFD7E90067DDE93E237B40049FB7
:101AC00072407E06059F46EAD71642967E06049F20
:101AD00046EAD716439642AFD7E90067724012181C
:101AE00083EA070343EB0103DDE90C01801841EBB6
:101AF0000301CDE9020155E9082354E90801DDE9B4
:101B00000667121843EB01039219DDE90A0143EB62
:101B10000703DDE908674F4007EA0B074F404FEA2C
:101B20009A4141EA8B3144914FEA9B4141EA8A3123
:101B300045914FEA9A3141EA8B414640469106EA87
:101B40000A064FEA9B31464041EA8A419219479181
:101B500046A844A943EB0703D1E90067D0E9000197
:101B60004F404FEACA5141EA5B2148914FEACB51BD
:101B700041EA5A21499148A94640D1E9000146402D
:101B8000901987EA010743EB0701DDE90023CDE95E
:101B90000C01801841EB0301DDE90267CDE9060184
:101BA000DDE90401DDE90223064302400B400F4357
:101BB00006EA08060299164307EA0907039A1F4333
:101BC0008B0743EA92034A93930743EA9103104633
:101BD0004B930B0F43EA00130A464C93030F43EA5F
:101BE00002134D934AA94CA8D1E90023D0E9000182
:101BF000424002984B404106039841EAD0114E9171
:101C00004106029841EAD0114F914EA9D1E9000155
:101C10004240921983EA010343EB0703DDE90C67B5
:101C2000B61855E9060147EB030754E906231218D5
:101C300043EB0103DDE90A01CDE900671218DDE994
:101C4000086743EB0103DDE9060186EA0A0687EA35
:101C50000B0706400F40DDE908014640921987EA6C
:101C60000107069E43EB0703079FB10C41EA87314A
:101C70005091B90C41EA863138465191B10B41EA95
:101C8000804152913746810B41EA8741539152A8D6
:101C900050A9D1E90067D0E90001464006984F40BD
:101CA000C105079841EA50215491C105069841EABF
:101CB0005021559154A9D1E900014640901987EA75
:101CC000010743EB0701CDE90C0110EB080041EBE4
:101CD0000901DDE90223CDE90A01DDE90001DDE9C1
:101CE0000467104319433040DDE900233940DDE942
:101CF00002673B40009FDDF804801943BB0743EABD
:101D0000980356934FEA887343EA970357933B0F20
:101D100043EA081358934FEA187343EA0713324013
:101D2000599356AF58AE1043D7E90023D6E9006760
:101D30007B40009F72407E0646EAD8165A964FEACC
:101D40004866DDF8008046EAD8165B965AAFD7E9B8
:101D50000067DDE90C897240121883EA070343EB40
:101D6000010318EB020849EB030955E9040154E9A2
:101D70000423121843EB0103DDE90801DDE90667DE
:101D8000121843EB0103DDE90A0186EA0A06064060
:101D900086EA0A06921987EA0B070B9E07EA0107F3
:101DA0004FEA904141EA86310A985C914FEA9641A8
:101DB00087EA0B0741EA803143EB07035D91374621
:101DC000810B41EA874106465E91B90B41EA8641A3
:101DD0005F915EA85CA9D1E90067D0E900014640A7
:101DE0000A984F40C1050B9841EA50216091C10506
:101DF0000A9841EA5021619160A9D1E90001464069
:101E0000901987EA010743EB0701DDE90423CDE9D7
:101E10000C01801841EB0301CDE90801DDE9000167
:101E2000DDE90267DDE9002341EA0901394003EAFF
:101E3000090319434FEA887343EA990362934FEA0F
:101E4000897343EA980363934FEA187343EA0913CB
:101E500064934FEA197343EA081340EA0800659354
:101E6000304002EA080262AF64AE1043D7E90023B3
:101E7000D6E9006772404FEA486646EAD916669688
:101E80004FEA496646EAD8167B40679666AFD7E9BF
:101E900000677240121883EA070343EB0103DDE990
:101EA0000C01801841EB0301CDE9040154E9022340
:101EB00055E90201121843EB010312EB0A02DDE9B6
:101EC000066743EB0B03DDE90AABDDE908018AEAAB
:101ED000060A0AEA000A8AEA060A8BEA070B099E42
:101EE0000BEA010B810C12EB0A0241EA8631DDF8A4
:101EF00020A068914FEA964141EA8A3169914FEA00
:101F00009A3141EA86416A914FEA963141EA8A4123
:101F100068A88BEA070B6B91D0E900676AA843EBCE
:101F20000B03D0E900AB86EA0A06DDF820A087EAB9
:101F30000B07DDF824B04FEACA5141EA5B216C91EE
:101F40004FEACB5141EA5A216D916CA9D1E90001C8
:101F500046404F40DDE9020112EB060A43EB070B56
:101F6000CDE90CAB1AEB000A4BEB010BDDE90401E8
:101F7000DDE9002340EA080041EA09011040194068
:101F8000DDE90423049E059F03EA09031943B3070F
:101F900043EA97036E93BB0743EA960302EA0802FB
:101FA00010436F933A46330F43EA02133746709358
:101FB000130F43EA071371936EAF70AED7E9002396
:101FC000D6E900677B40049F72407E06059F46EA83
:101FD000D71672967E06049F46EAD716739672AF9E
:101FE000D7E900677240121883EA070343EB010345
:101FF000DDE90C01801841EB0301CDE90201F4E8B1
:102000001023F5E81001DDE90667121843EB010320
:102010009219DDE90A0143EB0703DDE908674F4048
:1020200007EA0B074F404FEA9A4141EA8B3174911E
:102030004FEA9B4141EA8A31759146404FEA9A3115
:1020400041EA8B4106EA0A06464076914FEA9B3107
:10205000921941EA8A4143EB0703779174AF76AE58
:10206000D7E90001D6E9006770404FEACA5646EA50
:102070005B2678964FEACB5646EA5A2679407996FF
:1020800078AFD7E900677040161881EA070143EB83
:102090000107DDE90001CDE90C67361847EB0107C0
:1020A000DDE90423DDE90201CDE906671043DDE93E
:1020B00004671943DDE9022300EA080032403B408F
:1020C000029F104301EA0901039A1943BB0743EA3F
:1020D00092037A93930743EA970316467B933B0F49
:1020E00043EA06133A467C93330F43EA02137D9387
:1020F0007AAF7CAED7E90023D6E900677B40029F28
:1021000072407E06039F46EAD7167E967E06029FA1
:1021100046EAD7167F967EAFD7E90067724012185D
:1021200083EA070343EB0103DDE90C01801841EB6F
:1021300003016445CDE900017FF408ABDDE91045FA
:10214000021941EB05030F9DDDE91267C5E9042380
:10215000DDE90223921943EB0703C5E90623DDE914
:102160001401DDE90423121843EB0103C5E9082338
:10217000DDE9162312EB080243EB0903C5E90A2344
:10218000DDE91845DDE90623121943EB05030F9D30
:10219000C5E90C23DDE91A2312EB0A0243EB0B031A
:1021A000DDE91C67C5E90E23DDE90823921943EB3D
:1021B0000703DDE91EABC5E91023DDE90A2312EBB5
:1021C0000A0243EB0B03C5E912230DF2844DBDE86F
:1021D000F08F00BF2DE9F84FD0E90067002506F029
:1021E0007F0BB61847EB05071446AF4208BFA6425F
:1021F00080468A469146C0E9006706D2D0E902458A
:10220000013445F10005C0E90245BBF1000F14D0CF
:10221000CBF18004A14510D30BF15000514622466A
:10222000404409F0A1F9404608F15001FFF790F948
:10223000A244C4EB09094FF0000B4C460AEB09011C
:102240007F2CC4EB010104D94046FFF781F9803CA3
:10225000F4E729F07F0119F07F02514406D00BF119
:1022600050004044BDE8F84F09F07EB9BDE8F88F52
:102270000AB1FFF7AFBF70472DE9F04FC26883681E
:10228000D5000E4645EA537541684FF0000B85B006
:1022900045EA0B050746DC004FEA517ACB0001689E
:1022A0008DF80350280E8DF80000280C44EA0A042B
:1022B0008DF80100280A8DF80200200E40EA052062
:1022C0008DF80400200C43EA517340EA05408DF874
:1022D0000500180E8DF80800180CCA008DF80900CA
:1022E000180A8DF80A00100E40EA03208DF80C0041
:1022F000100C40EA03408DF80D00100A40EA03601C
:102300008DF80B303B688DF80F2003F07F026F2AA9
:102310004FEA142894BFC2F17002C2F1F0028DF8A6
:102320000E008F498DF80740384648EA05688DF859
:102330000680FFF79DFF384669461022FFF74AFFE7
:10234000FA7D3270F88A70707A69100AB070786914
:10235000F0707A69F87C40EA022030717A69788AF4
:1023600040EA024070713C697A69200A40EA0260E2
:10237000B0713A69F271F87F3072F88B7072FA6955
:10238000100AB072F869F072FA69F87E40EA022029
:102390003073FA69788B40EA02407073BC69FA695D
:1023A000200A40EA0260B073BA69F27397F8270016
:1023B0003074F88C70747A6A100AB074786AF074A9
:1023C0007A6A97F8230040EA022030757A6A788C9E
:1023D00040EA024070753C6A7A6A200A40EA02606C
:1023E000B0753A6AF27597F82F003076F88D7076EE
:1023F000FA6A100AB076F86AF076FA6A97F82B0053
:1024000040EA02203077FA6A788D40EA024070771D
:10241000BC6AFA6A200A40EA0260B077BA6AF277C8
:1024200097F8370086F82000F88E86F821007A6B3E
:10243000100A86F82200786B86F823007A6B97F8EA
:10244000330040EA022086F824007A6B788E40EA56
:10245000024086F825003C6B7A6B200A40EA026055
:1024600086F826003A6B86F8272097F83F0086F812
:102470002800F88F86F82900FA6B100A86F82A00DF
:10248000F86B86F82B00F96B97F83B2042EA0122A3
:1024900086F82C20F96B7A8F42EA014286F82D20CB
:1024A000B86BF96B020A42EA016286F82E20BB6B18
:1024B00086F82F30D7F8D01000294DD197F8472053
:1024C00086F83020B7F8462086F83120786C020A6A
:1024D00086F832207A6C86F83320786C97F843209F
:1024E00042EA002286F83420786CB7F8422042EAAB
:1024F000004286F835203C6C786C220A42EA006281
:1025000086F836203B6C86F8373097F84F2086F8EF
:102510003820B7F84E2086F83920F86C020A86F881
:102520003A20FA6C86F83B20F96C97F84B2042EA87
:10253000012286F83C20F96CB7F84A2042EA0142B1
:1025400086F83D20B86CF96C020A42EA016286F80E
:102550003E20BB6C86F83F3005B0BDE8F08F00BF71
:10256000D8B10200F0B5B7B01F460646684614461B
:102570000D46FEF73DFF68463946FEF74DFF2A46F9
:1025800068463146FFF774FE68462146FFF774FE41
:102590006846FEF731FF37B0F0BDFFFF0538C0B227
:1025A00003289ABF024B53F820000020704700BF59
:1025B000D8B4020000B1007A704701F09DBC01F070
:1025C00045BCFFFF10B5044601F036FC024B204627
:1025D0001B68984710BD00BFC48CFF1F054B10B58A
:1025E0001B6801206C219847044608B101F020FCCB
:1025F000204610BDC08CFF1F012301F0EBBD00235E
:1026000001F0E8BD01F064BD01F05EBD012101F003
:1026100023BC002101F020BCFEF79ABFFEF7F6BEF6
:1026200010B50446FEF7E8FE024B20461B689847AB
:1026300010BD00BFC48CFF1F054B10B51B680120E7
:10264000D8219847044608B1FEF7D2FE204610BDB7
:10265000C08CFF1F0123FFF785BF0023FFF782BF58
:10266000FFF70ABEFFF704BE0121FEF7D5BE002129
:10267000FEF7D2BE00232DE9F04115461C468442E8
:1026800005F104054FEA840617D055F804CCC3EBD6
:102690000C0645F8046C51F82470BE422CBF4FF074
:1026A00000084FF00108F61B9C452CBF434608F17B
:1026B000010345F8046C0134E1E7324443B1116889
:1026C000C81A994242F8040B2CBF00230123F5E7F6
:1026D000BDE8F0812DE9F04186B0844601930023E6
:1026E0000391029205938046B8F10F0F40F2CA8021
:1026F00003980299059A019B50F8044B4FF000058E
:102700000E68E3FB0425B71845F1000241F8047B8D
:1027100050F8044B4FF000050E68E3FB0425B71892
:1027200045F1000241F8047B50F8044B4FF00005DE
:102730000E68E3FB0425B71845F1000241F8047B5D
:1027400050F8044B4FF000050E68E3FB0425B71862
:1027500045F1000241F8047B50F8044B4FF00005AE
:102760000E68E3FB0425B71845F1000241F8047B2D
:1027700050F8044B4FF000050E68E3FB0425B71832
:1027800045F1000241F8047B50F8044B4FF000057E
:102790000E68E3FB0425B71845F1000241F8047BFD
:1027A00050F8044B4FF000050E68E3FB0425B71802
:1027B00045F1000241F8047B50F8044B4FF000054E
:1027C0000E68E3FB0425B71845F1000241F8047BCD
:1027D00050F8044B4FF000050E68E3FB0425B718D2
:1027E00045F1000241F8047B50F8044B4FF000051E
:1027F0000E68E3FB0425B71845F1000241F8047B9D
:1028000050F8044B4FF000050E68E3FB0425B718A1
:1028100045F1000241F8047B50F8044B4FF00005ED
:102820000E68E3FB0425B71845F1000241F8047B6C
:1028300050F8044B4FF000050E68E3FB0425B71871
:1028400045F1000241F8047B50F8044B4FF00005BD
:102850000E68E3FB0425B71845F1000241F8047B3C
:1028600050F8044B4FF000050E68E3FB0425B71841
:1028700045F1000241F8047B059202910390A8F112
:10288000100831E70CF00F08B8F1070F69D9039869
:102890000299059A019B50F8044B4FF000050E6811
:1028A000E3FB0425B71845F1000241F8047B50F81A
:1028B000044B4FF000050E68E3FB0425B71845F103
:1028C000000241F8047B50F8044B4FF000050E68FD
:1028D000E3FB0425B71845F1000241F8047B50F8EA
:1028E000044B4FF000050E68E3FB0425B71845F1D3
:1028F000000241F8047B50F8044B4FF000050E68CD
:10290000E3FB0425B71845F1000241F8047B50F8B9
:10291000044B4FF000050E68E3FB0425B71845F1A2
:10292000000241F8047B50F8044B4FF000050E689C
:10293000E3FB0425B71845F1000241F8047B50F889
:10294000044B4FF000050E68E3FB0425B71845F172
:10295000000241F8047B059202910390A8F1080857
:1029600092E70CF0070CBCF1000F15D00398029908
:10297000059A019B50F8044B4FF000050E68E3FBED
:102980000425B71845F1000241F8047B0592029135
:1029900003900CF1FF3CE6E7029B1968059A0A4494
:1029A00043F8042B05998A422CBF0022012205928C
:1029B000002AF2D106B0BDE8F08120B10123036006
:1029C000002343608360704710B5044688B1806877
:1029D00050B16368024613F1FF3303D30021116045
:1029E0000432F8E715F03CFD012323600023636007
:1029F000A36010BDF8B542F21073994204460D462B
:102A000002D96FF00F00F8BD46688E4219D2084611
:102A1000042115F0C9FC07460028F2D0A16871B165
:102A2000B20008F0A1FDA0686368024613F1FF330D
:102A300003D3002111600432F8E715F011FD656041
:102A4000A7600020F8BD8842F8B504460D4623D0A3
:102A50008E6816B9FFF7B8FF20E04B68591E06EBE9
:102A6000830621B156F8043D0BB90139F9E72B680B
:102A700023604F1C20463946FFF7BCFF064668B965
:102A80006268A0683146920015F01CFDA068A96834
:102A9000BA0008F069FD01E00020F8BD3046F8BD3D
:102AA00070B50E4601210446FFF7A4FF054688B91C
:102AB0006268A0689200294615F004FDA36886EAC2
:102AC000E672A2EBE672002E1A60ACBF01234FF053
:102AD000FF332360284670BD70B500234568194652
:102AE000A94210D0826852F82140002224FA02F64E
:102AF000F60706D40132202A03F10103F6D1013191
:102B0000EEE7184670BD002070BD10B50446406861
:102B1000D0B100F18042013A431E9200A16823B176
:102B20008858043A08B9013BF8E751F8231000200F
:102B30004FF000420A4204D1013020284FEA5202ED
:102B4000F8D1C0EB4310203010BD08B5FFF7DDFF12
:102B50000730C00808BD2DE9F04107460E4615466E
:102B60000024AC4201D0335D63B1291B11F0030393
:102B700018BF012303EB91013846FFF73BFF0346E3
:102B800000BB01E00134ECE719463846FFF788FF47
:102B90000346B8B971190D46A81BA042C5EB010246
:102BA00010D94FEA920CB86815F8018D02F00302B3
:102BB000D20008FA02F850F82C2042EA080840F83F
:102BC0002C80E9E71846BDE8F081F8B514460746C1
:102BD0000D46FFF7BAFF8442064616D32246284622
:102BE000002115F06FFC2C440023B3420BD0980851
:102BF000BA6803F0030152F82020C900CA4004F863
:102C0000012D0133F1E70020F8BD6FF00700F8BD9A
:102C10002DE9F04105460F464C0901F01F06FFF76C
:102C200074FF6B68C119B1EB431F01D87CB90CE08C
:102C300011F01F0318BF0123284603EB5111FFF7C2
:102C4000D9FE0028F2D0BDE8F08106BB1CE06B681D
:102C500003F18042013A6FF0030792006743A342F9
:102C600006D9A9688818013BC0598850043AF6E78C
:102C700003F18042013A9200002BE6D0A9680020BF
:102C80008850013B043AF7E70020BDE8F0816F6807
:102C9000A3000022BC42F7D2A868C15801FA06F886
:102CA00042EA0802C6F1200CC2500134043321FA72
:102CB0000CF2EFE74368F0B54D099D4201F01F01AA
:102CC00001D805D121B10021BDE8F040FFF7E8BEF1
:102CD00035B949B303F18042013A9200002414E06F
:102CE00000245A1B944207D28268661952F8266063
:102CF00042F824600134F4E794009A42E9D28568EE
:102D000000262E5101320434F7E76BB18668B558BE
:102D100025FA01FC44EA0C04C1F12007B450013B40
:102D2000043A05FA07F4F0E70020F0BD436870B5F7
:102D300003F18042013A92002BB18468A458043A0E
:102D40000CB9013BF8E74A6802F18044013CA40059
:102D5000FAB18D682E59043C0EB9013AF8E7934256
:102D600012D89A4212D803F18042013A92004BB134
:102D700081688C58A9588C4206D8A2F1040205D368
:102D8000013BF4E7184670BD012070BD4FF0FF30E5
:102D900070BD181C18BF012070BD2DE9F04F85B023
:102DA000164603930E9B5A68736801339A4207468E
:102DB0008B4653D30E9B986800284FD09200002179
:102DC00015F080FB0E9AD6F80480DBF80430D2F8B8
:102DD00008C0984538BF434608F1010901934FEAFE
:102DE0008909654600244445B86820D0DBF80810FE
:102DF00050F824A00A682B680198CDF800C002FBA7
:102E00000A33039A534302932A465346FFF762FC60
:102E10002A46029BB1684046FFF75CFC45F804ABCC
:102E2000002345F809300134DDF800C0DBE7A9F1E3
:102E3000040161444A4608F097FB38463146FFF7E3
:102E400075FF0028204602DBB168BA6802E00E9BDD
:102E5000B9689A68FFF70EFC002001E06FF00300EC
:102E600005B0BDE8F08F436870B503F18042013AC8
:102E700092002BB18468A458043A0CB9013BF8E7DE
:102E80004A6802F18044013CA4006AB38D682E595F
:102E9000043C0EB9013AF8E7934201D9026826E0F2
:102EA0009A42096801D94A4221E00268002A01DDFC
:102EB000002917DB002904DC03F180410139890076
:102EC00005E0002AF8DA4FF0FF3210E0013B6BB169
:102ED000846866586C58A64209D8A1F10401F5D25D
:102EE000524204E0012202E0002BD7D11A461046DC
:102EF00070BD1FB581EAE173A3EBE1730029009374
:102F0000ACBF01234FF0FF3301930123029301A9CA
:102F100000AB0393FFF7A7FF05B05DF804FB9042F9
:102F20002DE9F8430546174606D0884205D0FFF73D
:102F30008AFD064608B14CE00F467C6801232B60F1
:102F400004F18043013B9B002CB1BA68D258043B8A
:102F50000AB9013CF8E728462146FFF74BFD064633
:102F6000002836D1AB68D7F8088018463746324675
:102F7000A24212D0016858F822C0CF19674434BF6A
:102F80004FF000094FF0010940F8047B013267451A
:102F90002CBF4F4609F10107EAE74FEA8408434492
:102FA000BFB16A68944204F1010406D32846214661
:102FB000FFF720FD60B9AB6843441A683A44BA424F
:102FC00043F8042B2CBF0027012708F10408E7E78A
:102FD00006463046BDE8F883F0B5044685B008469D
:102FE0000F4611461546FFF7A1FE002830DB0123EE
:102FF0000193AC424FF000030293039306D101A862
:103000002146FFF720FD0646E8B901ADBC4207D1D5
:1030100068680123236000F18043013B9B000BE0C3
:1030200020463946FFF70FFD064660B9F0E7AA686B
:10303000D258043B12B901380028F8D1A968A26817
:10304000FFF718FB002601A8FFF7BEFC304601E0A1
:103050006FF0090005B0F0BDF8B50D6813686B435B
:1030600004460E46174612D508461146FFF75EFE87
:103070000028204604DB31463A46FFF7ADFF08E062
:1030800039463246FFF7A8FF28B96D4202E0FFF744
:1030900046FF00B92560F8BDF8B50D6813686B43AD
:1030A000002B04460E46174612DD08461146FFF770
:1030B0003DFE0028204604DB31463A46FFF78CFFF0
:1030C00008E039463246FFF787FF28B96D4202E033
:1030D000FFF725FF00B92560F8BD1FB582EAE2734E
:1030E000A3EBE273002A0093ACBF01234FF0FF3340
:1030F00001930123029301AA00AB0393FFF7CCFFD6
:1031000005B05DF804FB2DE9F04786B000231746B3
:1031100088424FF00102064688468DE80C00029373
:1031200003920493059306D16846FFF78CFC04468E
:1031300000284ED1E846BE4207D103A83146FFF72A
:1031400082FC0446002844D103AFD8F8049009F16A
:103150008043013B9B00B9F1000F07D0D8F808204D
:10316000D258043B12B909F1FF39F4E77D6805F143
:103170008043013B9B002DB1BA68D258043B0AB989
:10318000013DF8E7304605EB0901FFF733FC044643
:10319000F8B921463046FFF783FC0446C8B905F16B
:1031A000804A0AF1FF3A4FEA8A0A6DB1B268BB68F9
:1031B000D8F8081053F80A3052444846FFF78AFA04
:1031C000013DAAF1040AF0E7D8F800303A68534309
:1031D000336003A8FFF7F8FB6846FFF7F5FB2046CE
:1031E00006B0BDE8F0871FB501230193029300925A
:1031F00000AB01AA0393FFF786FF05B05DF804FB5F
:103200002DE9F04F9BB088460190002118461746E3
:103210000493FFF76EFE002800F0AD810024012525
:10322000384604990B950C940D940E950F941094B8
:103230001195129413941495159416941795189447
:103240001994FFF773FDA04218DA019818B9B8F184
:10325000000F09D110E001982146FFF721FC064636
:10326000002840F07781F2E740463946FFF7EBFB54
:103270000646002840F06E8100207EE10BA839460A
:10328000FFF7E1FB0646002840F064810EA8049990
:10329000FFF7D9FB0646002840F05C8179680E955F
:1032A00011A802310B95FFF7A5FB0646002840F058
:1032B0005181314611A8FFF7F3FB0646002840F084
:1032C000498114A80221FFF795FB0646002840F02B
:1032D000418117A80321FFF78DFB0646002840F027
:1032E00039810EA8FFF711FC00F01F001F2813D032
:1032F000C0F11F00029002990BA8FFF789FC064657
:10330000002840F027810EA80299FFF781FC0646AD
:10331000002840F01F8100E002960C9C0F9D04F1F4
:10332000FF39691EC1EB090B4FEA4B1A00910EA839
:103330005146FFF76DFC0646002840F00B814FEA2E
:103340008B0B0BA80EA9FFF78EFD00280EDB139B3D
:1033500053F80B200BA8013243F80B2001460EAAAC
:10336000FFF79AFE06460028EBD0F3E00EA8514680
:10337000FFF7A0FC0646002840F0EC80009A4FEAD8
:10338000820BABF10403089304F10063013B5B1B68
:103390005B01039304F180446FF00303013C6B4332
:1033A000A4000593009B994540F2AE800D99109AB8
:1033B0000B5952F80BE0139D734505D3254405982E
:1033C0004FF0FF332B5022E0DDF814A02144A2443B
:1033D00051F8040CBEF1000F15D00021069107939F
:1033E000DDE9062342EA0002104619467246002330
:1033F00014F0FEFC4FF0FF3200238B4208BF8242E4
:1034000003D2104601E04FF0FF3045F80A00059D59
:10341000139B2544A4F1040A5A5901325A51A4F1CC
:1034200008030993139B5A59013A5A5114A80021D1
:10343000FFF736FB002840F08A800098169B109A10
:1034400010B10898115800E00099196052F80B204B
:103450005A60139B14A801465A59FFF7C4FE01464F
:10346000002876D117A8FFF71BFB00286FD1B9F110
:10347000010F0D9A18BF0999199B18BF5058186071
:1034800052F80A10596012599A6014A817A9FFF748
:10349000EAFC0028C6DC139B14A80EA95A59FFF7B2
:1034A000A2FE002853D114A80399FFF7B1FB00280E
:1034B0004DD10BA8014614AAFFF7EEFD01460028E6
:1034C00047D10BA8FFF715FD002816DA14A80EA99E
:1034D000FFF7B9FA00283AD114A80399FFF798FB2F
:1034E000002834D10BA8014614AAFFF7B5FD002827
:1034F0002DD1139B5A59013A5A51039A203A09F196
:10350000FF390392043C4DE7019848B111A9FFF738
:103510009AFAE0B904993B680A685343019A136028
:10352000B8F1000F16D00BA80299FFF7C3FB70B9D2
:103530003B680B930BA94046FFF785FA014640B95B
:103540004046FFF7D6FC28B90123C8F800300646EC
:1035500000E00E460BA8FFF737FA0EA8FFF734FA83
:1035600011A8FFF731FA14A8FFF72EFA17A8FFF7F2
:103570002BFA304601E06FF00B001BB0BDE8F08F76
:1035800070B504460E46104600211546FFF7B1FC03
:10359000002822DB0020214632462B46FFF730FE72
:1035A000F8B920460021FFF7A4FC002807DA2046DE
:1035B00021462A46FFF750FD0028F2D070BD204674
:1035C0002946FFF750FC00280ADB204621462A4600
:1035D000FFF762FD0028F2D070BD6FF0090070BDEA
:1035E000002070BD2DE9F04FADF2546D05460F4639
:1035F0001846002103921C46FFF77BFC0028DDF8EB
:103600007886C0F21082A3681E68F10740F10B8231
:1036100003980021FFF76DFC0028C0F2048206F138
:10362000020909F0040906EB4909032106FB09F325
:10363000C3F10203013903FB09F9F7D101234FF468
:10364000C06214A8089309910A910B930C910D91F3
:103650000E930F91109114F035FF0398FFF755FA70
:10366000B0F5287F08D2EF2808D84F2808D81828A6
:1036700034BF0126032604E0062602E0052600E00A
:103680000426636803F1010A28465146FFF7B2F9A0
:103690000346002840F09E8117A85146FFF7AAF97B
:1036A0000346002840F096810BA84FEA4A01FFF735
:1036B000A1F90346002840F08D813B68B3F1FF3249
:1036C00053425341059353B10EA83946FFF7BBF956
:1036D0000346002840F07E8101230E930EAFB8F11F
:1036E000000F02D0D8F8083033BB08A80121FFF73B
:1036F000D7F90346002840F06D81616808A8890168
:10370000FFF786FA0346002840F0648108A80146C6
:103710002246FFF735FF0346002840F05B81B8F1F1
:10372000000F12D008AB03CBC8F800001868C8F827
:103730000410C8F8080008E0D8F80000D8F8041011
:1037400008AB03C3D8F80800186021463846FFF7D5
:103750008AFB0028394617A815DB2246FFF710FF21
:103760000346002840F03681C9F100090BAF4B46F3
:10377000009717A808A92246FFF70FFB0346002869
:1037800040F0288102E0FFF75EF9E9E7284608A942
:10379000FFF759F90346002840F01C8107AA4FF0B3
:1037A000010A13924B460097284611A92246CDF8EC
:1037B0001CA0CDF844A0CDF848A0FFF7EEFA0346D0
:1037C000002840F00781564507D1039B00275B681E
:1037D0000493BC46BB46BA4676E006F1FF3B14AA0A
:1037E00061680AFA0BFA0C2707FB0A2738460131F1
:1037F000FFF700F90346002840F0EC80384617A98F
:10380000FFF721F90346002840F0E48084460BAB23
:10381000009338464B4639462246CDF808C0FFF79C
:10382000BCFADDF808C00346002840F0D3800CF154
:10383000010CDC45EBD30AF1010A01274FF00C0B18
:1038400014ABB7400BFB0A3BBA45BED26168584681
:103850000131FFF7CFF80346002840F0BB805846FF
:10386000ABF10C01FFF7EFF80346002840F0B280FF
:103870000BAB009358464B4617A92246FFF78DFA2B
:103880000BF10C0B0346002840F0A4800AF1010A5A
:10389000DAE7049B013B04934FF0200B039A9368F3
:1038A000049A53F822300BF1FF3B23FA0BF313F089
:1038B000010314D00CF1010CCCEB06029340B4458B
:1038C0004AEA030A1FD00227BBF1000FE6D1049A8F
:1038D000002ADED10123B340039393464FE0002F2B
:1038E000F2D0012FE6D10BAB009328464B46294678
:1038F0002246CDF808C0FFF750FADDF808C00346AD
:10390000002867D1E0E74FF0000C0BAF4B46009763
:10391000284629462246CDF808C0FFF73EFADDF8D2
:1039200008C00346002855D10CF1010CB445ECD376
:1039300014AB0C2101FB0A3100974B462846224666
:10394000FFF72BFA0346002844D10127824684461C
:10395000BAE74B460097284629462246CDF808C0CC
:10396000FFF71BFADDF808C00346002832D1039A9E
:103970004FEA4A0A12EA0A0F05D10BF1010BE3459F
:103980000BAFE6D10CE04B460097284617A922461C
:10399000FFF703FADDF808C003460028EDD019E070
:1039A000012307931193129307AB139300974B4690
:1039B000284611A92246FFF7F0F9034650B9059AA7
:1039C00042B14FF0FF332B60284621462A46FFF7CD
:1039D00043FB0346741E012202FA04F402FA06F6BF
:1039E000B44209D214AA0C2000FB04200293013433
:1039F000FEF7EAFF029BF3E717A80293FEF7E4FF46
:103A00000BA8FEF7E1FF0EA8FEF7DEFF029BB8F160
:103A1000000F02D0D8F8082042B908A80293FEF798
:103A2000D3FF029B02E06FF0030000E018460DF2A6
:103A3000546DBDE8F08FF0B58BB00023012507462B
:103A400004A81646019502930393049505930693E3
:103A5000079508930993FEF7F6FF0446002862D104
:103A600007A83146FEF7EFFF044600285BD104A803
:103A7000FFF732F8064607A8FFF72EF8B04238BF26
:103A80000646314604A8FFF715F9044600284AD136
:103A900007A83146FFF70EF90446002843D10795E1
:103AA000049504A80021FFF724FA002830D004A8C8
:103AB000FFF712F8014604A8FFF7FCF804460028B7
:103AC00031D107A8FFF708F8014607A8FFF7F2F879
:103AD000044640BB04A807A9FFF7C5F9002808DB86
:103AE00004A8014607AAFFF777FA0446D8B904A844
:103AF00007E007A8014604AAFFF76EFA044690B94A
:103B000007A80121FFF7D6F804460028C9D00AE02B
:103B100007A83146FFF77CF8044620B9384607A9C4
:103B2000FEF791FF044601A8FEF74EFF04A8FEF73A
:103B30004BFF07A8FEF748FF20460BB0F0BD70B55D
:103B4000B1F5806FADF5806D05460C4616460AD876
:103B5000184669462246B04738B928466946224683
:103B6000FEF7F9FF01E06FF003000DF5806D70BD09
:103B70002DE9F04180469CB00F46104600211646C4
:103B8000FFF7B7F9002840F34E810023012501A873
:103B90003946324604950593069307950893099391
:103BA0000A950B930C930D950E930F930195029329
:103BB00003931095119312931395149315931695DF
:103BC0001793189319951A931B93FFF734FF044624
:103BD000002840F00B8101A82946FFF78AF9002848
:103BE00040F0028104A839463246FFF7C9FC04467A
:103BF000002840F0FB8007A804A9FEF724FF044634
:103C0000002840F0F38010A83146FEF71CFF044660
:103C1000002840F0EB8013A83146FEF714FF04465D
:103C2000002840F0E3800AA82946FEF739FF044641
:103C3000002840F0DB8021460DA8FEF731FF044646
:103C4000002840F0D380214616A8FEF729FF04463D
:103C5000002840F0CB8019A82946FEF721FF044632
:103C6000002840F0C380099B1B68D8074CD407A8E4
:103C70000121FFF71FF80446002840F0B7800C9B95
:103C80001B68DD0710D40F9B1B68DC070CD40AA847
:103C90000121FFF70FF80446002840F0A7800DA887
:103CA0000121FFF707F8DAE70AA8014610AAFFF793
:103CB000D3F90446002840F099800DA8014604AAD3
:103CC000FFF7EAF904460028E1D08FE013A80121AC
:103CD000FEF7F0FF0446002840F08880189B1B6820
:103CE000DA0716D41B9B1B68DB0712D416A8012128
:103CF000FEF7E0FF0446002878D119A80121FEF75D
:103D0000D9FF0446002871D1159B1B68D90711D42F
:103D1000DCE716A8014610AAFFF79EF90446002822
:103D200064D119A8014604AAFFF7B6F90446002891
:103D3000DCD05BE007A813A9FFF795F800281FDB8C
:103D400007A8014613AAFFF7A7F9044600284DD19A
:103D50000AA8014616AAFFF79FF90446002845D194
:103D60000DA8014619AAFFF797F9044600283DD18E
:103D700007A80021FFF7BDF800287FF474AF19E011
:103D800013A8014607AAFFF787F9044600282DD19A
:103D900016A801460AAAFFF77FF9044630BB19A806
:103DA00001460DAADFE716A801463246FFF754F98F
:103DB0000446D8B916A80021FFF79BF80028F2DBCB
:103DC00006E016A801463246FFF766F9044668B9D0
:103DD00016A83146FFF747F80028F2DA404616A940
:103DE000FEF731FE044601E06FF00D0404A8FEF773
:103DF000EBFD07A8FEF7E8FD0AA8FEF7E5FD0DA814
:103E0000FEF7E2FD01A8FEF7DFFD10A8FEF7DCFDDE
:103E100013A8FEF7D9FD16A8FEF7D6FD19A8FEF7E0
:103E2000D3FD204601E06FF003001CB0BDE8F08137
:103E300000216C2214F046BB38B100F16C039842AB
:103E400003D0002202700130F9E7704708B56C22F8
:103E500007F08AFB08BDFFFF002303604360A1B9A0
:103E6000184B8360184BC360184B0361184B4361B8
:103E7000184B8361184BC361184B036203F17453F1
:103E8000A3F52303A3F6924318E0154B8360154B6B
:103E9000C36003F1794303F5740303F50163036120
:103EA000114B4361114B836103F1D14303F5C013FF
:103EB00003F51E63C3610E4B03620E4B43628166C2
:103EC000704700BF67E6096A85AE67BB72F36E3C58
:103ED0003AF54FA57F520E518C68059BABD9831FD5
:103EE000D89E05C107D57C3639590EF7310BC0FF76
:103EF000A78FF964A44FFABE2DE9F04FCFB000238D
:103F000004900591049A1A4403F118016846043399
:103F100092680A50202BF5D10D9B0393099B089DB5
:103F200002930A990B9E0C9C069A07980195002310
:103F30001F460F2F0DF1380814D8DDF814C0059D69
:103F40009C4415F803A09CF8039049EA0A699CF880
:103F500001A049EA0A499CF802A049EA0A2948F85E
:103F600003901AE008EB030C5CF808AC5CF83C9C8E
:103F70005CF840BC5CF81CCCDC444FEA7A4B8BEA22
:103F8000FA4B8BEA9A2AD4444FEAF91A8AEAB94AD8
:103F90008AEAD909CC4448F803C00DF1380C039DD6
:103FA00053F80C80DFF89CC053F80CC0E0444FEA93
:103FB000B11C8CEAF12C8CEA716CE04484EA060CAA
:103FC0000CEA010C8CEA040CE044A844019DDDF8E5
:103FD00008C040EA020A00EA02090AEA050A4AEAB7
:103FE000090A4FEAB20989EA723989EAB2590137F6
:103FF000D144402FC44403F10403C84408D00394BF
:104000000190344610460E4602954246614690E7BE
:10401000089001980D94CDF828C00B910C96CDF81E
:104020001880079209900023049A06AC1A44E158BC
:10403000906804330144202B9160F5D14FB0BDE866
:10404000F08F00BF04B6020003682DE9F04103F0D1
:104050003F071344934205460E461446036002D2BE
:104060004368013343609FB1C7F1400844450FD313
:1040700007F1280031464246284407F075FA2846E1
:1040800005F12801FFF738FF4644C8EB0404002778
:10409000A0463119B8F13F0FC8EB010105D92846F8
:1040A000FFF72AFFA8F14008F3E724F03F0114F0DE
:1040B0003F02314406D007F128002844BDE8F04112
:1040C00007F052BABDE8F0810AB1FFF7BDBF7047F3
:1040D00037B590E80C000D46510F41EAC301044684
:1040E000080ED3008DF80000080C8DF801008DF843
:1040F0000310080A190E02F03F028DF80410190C83
:10410000372A8DF805104FEA132194BFC2F1380207
:10411000C2F178028DF802008DF8061020462C4975
:104120008DF80730FFF7D0FF204669460822FFF7D9
:104130008BFFE37A2B7063896B70A3681B0AAB70EB
:10414000A368EB70E37B2B71E3896B71E3681B0A57
:10415000AB71E368EB71E37C2B72638A6B7223694A
:104160001B0AAB722369EB72E37D2B73E38A6B73DB
:1041700063691B0AAB736369EB73E37E2B74638B18
:104180006B74A3691B0AAB74A369EB74E37F2B7593
:10419000E38B6B75E3691B0AAB75E369EB7594F808
:1041A00023302B76638C6B76236A1B0AAB76236AEB
:1041B000EB76A36E4BB994F827302B77E38C6B77B3
:1041C000636A1B0AAB77636AEB7703B030BD00BF4D
:1041D000C4B50200F0B59DB01F46064601A81446BE
:1041E0000D46FFF725FE01A83946FFF735FE2A46A2
:1041F00001A83146FFF768FF01A82146FFF768FFD5
:1042000001A8FFF719FE1DB0F0BDFFFF70B5094B07
:1042100053F8144CA3F114054CB1143313F8186C73
:104220008642F5D16B680C600020136070BD6FF0A2
:104230002D0070BDB0B8020000207047704770B507
:1042400004460E4615460021AC2214F03BF9C4F892
:10425000A460C4F8A85070BD026938B50446D2B154
:10426000C369C3B11268D20715D51B68DB0712D525
:1042700000F108052846FEF748FC7F280BD92846A0
:10428000FEF743FCB0F5005F05D814342046FEF776
:104290003CFC012801D8054838BD20462946FEF7D8
:1042A000E2FD0028F7DA002038BD00BF00BEFFFFA6
:1042B0002DE9F043A9B00546FFF7CEFF002840F0F6
:1042C000FA806B6B0BB97D48F5E02B6C002BFAD0B4
:1042D000AB6A002BF7D001A8FEF76FFB04A8FEF72E
:1042E0006CFB07A8FEF769FB0AA8FEF766FB0DA8A2
:1042F000FEF763FB10A8FEF760FB13A8FEF75DFB5B
:1043000016A8FEF75AFB19A8FEF757FB1CA8FEF7E4
:1043100054FB1FA8FEF751FB22A8FEF74EFB05F148
:104320002C0625A805F13807FEF747FB01A8314602
:104330003A46FEF7E8FE0446002840F0898005F181
:10434000200805F1140904A841464A46FEF7DBFEA1
:10435000044600287CD107A831460122FEF7BDFEA5
:104360000446002874D10AA839460122FEF7B5FE9A
:10437000044600286CD10DA807A90AAAFEF7C3FEBF
:104380000446002864D113A849460DAAFFF753FB41
:10439000044600285CD116A807A90AAAFFF74BFB20
:1043A0000446002854D119A81CA90DAA16ABFEF783
:1043B00027FF044600284BD110A804A919AAFFF72B
:1043C000DFF80446002843D11FA8414607AAFFF79B
:1043D000D7F8044600283BD122A841460AAAFFF795
:1043E000CFF80446002833D125A839463246FFF7D6
:1043F000BFFB044660BB01A805F10801FEF733FDD1
:10440000002856D11FA805F14401FEF72CFD002815
:104410004FD122A805F15001FEF725FD002848D113
:1044200025A805F15C01FEF71EFD002841D11CA85E
:104430000021FEF75EFD00283BD110A80121FEF708
:1044400058FD002835D113A80121FEF752FD80BB8D
:1044500001A8FEF7B9FA04A8FEF7B6FA07A8FEF716
:10446000B3FA0AA8FEF7B0FA0DA8FEF7ADFA10A845
:10447000FEF7AAFA13A8FEF7A7FA16A8FEF7A4FA01
:1044800019A8FEF7A1FA1CA8FEF79EFA1FA8FEF7CE
:104490009BFA22A8FEF798FA25A8FEF795FA14F5DC
:1044A000844F3FF410AF14B1A4F5844003E02046DC
:1044B00001E0024CCCE729B0BDE8F08300BEFFFF6D
:1044C000F0B5054687B00C4603A81746FEF775FA07
:1044D000214603A86A68FEF73EFB0446E8B905F1E9
:1044E000080403A82146FEF7BEFC002813DA05F1F4
:1044F000680303A800930146234605F114026E6881
:10450000FFF770F8044640B903A839463246FEF773
:104510005CFB044601E06FF0030403A8FEF754FAC5
:1045200014B1A4F5854000E0204607B0F0BDFFFFC0
:104530002DE9F04F9346426B8DB0054688461C46E8
:10454000002A00F03681026C002A00F03281826A73
:10455000002A00F02E8103A8FEF72FFA06A8FEF726
:104560002CFA09A8FEF729FA214603A86A68FEF783
:10457000F2FA0446002840F00F8105F1080603A86E
:104580003146FEF770FC002880F20481B8F1000F7C
:1045900016D102F04FFB05F12C0902F04BFB02F0A3
:1045A00049FB05F17403009306A803A905F1440231
:1045B0004B46FFF717F80446002840F0ED8074E002
:1045C000D5F8A03023B305F18C07384639463A4672
:1045D000FEF799FD0446002840F0DE803846394653
:1045E0003246FEF7CDFF0446002840F0D58005F1A5
:1045F0009807384639463A46FEF785FD04460028B6
:1046000040F0CA80384639463246FEF7B9FF36E0F8
:104610004FF00C0ABAF1010A00F0CF80696805F189
:1046200098094846013942465B46FFF788FA044636
:10463000002840F0B18005F18C07384649463246E3
:10464000FFF7F9F90446002840F0A680384601211A
:10465000FEF74FFC0028DDD1384649463246FFF7C9
:1046600087FA0446002840F0978005F1680300931C
:104670003846394605F114023346FEF7B3FF0446C7
:10468000002840F0898003A8014605F18C02FEF75E
:104690003AFD044600287FD103A801463246FEF7C2
:1046A0006FFF0446002877D173E702F0C3FA05F1E3
:1046B000380702F0BFFA02F0BDFA05F1800300935B
:1046C00009A803A905F150023B46FEF78BFF0446FB
:1046D000002861D102F0AEFA02F0ACFA02F0AAFAB8
:1046E00003A806A909AAFEF7D7FC0446002853D15F
:1046F00002F0A0FA02F09EFA02F09CFA06A803A9C2
:1047000005F15C02FEF7FFFC0446002844D102F0EC
:1047100091FA02F08FFA02F08DFA03A806A94A4630
:10472000FEF72EFF0446002836D102F083FA02F08D
:1047300081FA02F07FFA06A803A93A46FEF7E3FCE5
:10474000044648BB02F076FA02F074FA02F072FAFC
:1047500003A809A906AAFEF77FFC0446E0B9B8F150
:10476000000F06D103A816996A68FEF72EFA0446D0
:1047700012E003A8014605F19802FEF7C4FC0446C6
:1047800050B903A801463246FEF7FAFE0446002857
:10479000E8D001E06FF0030403A8FEF715F906A8BE
:1047A000FEF712F909A8FEF70FF924B1A4F5864027
:1047B00005E0044803E0204601E0034CECE70DB0BF
:1047C000BDE8F08F80BFFFFF80BBFFFF2DE9F74FF3
:1047D000012B0646884691469A460C9FDDF834B078
:1047E0000E9D03D1D0F8A430002B5AD1B8F1000FA0
:1047F00057D0BBF1000F54D0002D52D017F10B024F
:1048000073684ED293424CD32C46A3F1030C002381
:10481000C7EB0C0C04F8023BBAF1000F1AD10223CB
:104820006B70A44464451FD064230122484621468E
:104830000193CDF800C0C0472278019BDDF800C08D
:10484000002A30D1013B02D1A0F589402FE0002899
:10485000EBD0F9E7012320466B706444A04203D0FB
:10486000FF2300F8013BF9E72046002300F8013B55
:1048700059463A4606F078FEBAF1000F07D13046A5
:1048800029462A4603B0BDE8F04FFFF719BE30466F
:1048900041464A462B460C9503B0BDE8F04FFFF762
:1048A00047BE044803E00028CED10134BAE703B084
:1048B000BDE8F08F80BFFFFFF0B51E46ADF20C4D96
:1048C000012EDDF8243403D1D0F8A440002C61D1AE
:1048D0004568A5F11004B4F57C7F5BD802AC26B91D
:1048E00019462246FFF7ECFD02E00094FFF720FE98
:1048F000002854D1012E23786678A5F103071BD137
:1049000086F002061E4302460346BA4227D2A11889
:1049100001328978C1F1000C41EA0C01C1F3C011E8
:1049200081F001010843C0B241420143C1F3C0110B
:1049300081F001010B44E8E786F001061E430146C1
:104940000346B9420BD2621801319278FF2A18BF90
:1049500040F00100C0B280F001021344F1E70DF114
:104960000A02D118D25C1643072B98BF46F0010605
:1049700076B2013186B9641ADDF82C3462199A4294
:104980000CD8DDF82034DDF828041A6006F0ECFDC0
:10499000304604E0034802E0034800E003480DF21B
:1049A0000C4DF0BD80BFFFFF00BFFFFF00BCFFFF4D
:1049B0002DE9F04F89B002AF012B3A604FF00002B1
:1049C00004467960994697F84060D7F844B0FD6C8A
:1049D0003A617A6104D1D0F8A4200AB15848AAE01B
:1049E000D4F804A0AAF10308BEB13046FDF7D6FD05
:1049F00083460028F2D0304607F1140107F1100277
:104A0000FFF704FC0028E9D13A695846C2EB0808D0
:104A1000FDF7D0FDA8F10A088346CBEB0808B8F1F2
:104A2000070FDBD9D045D9D82B464FF0000A03F841
:104A300002AB01226A701846FF21424613F042FD84
:104A40000346404403F808A00EB901301FE03021AE
:104A500041703A69C17002F108065FFA8BF8D1B271
:104A6000464486700E1D067106264671C61D81716C
:104A70007969304606F078FD3A690521B018B154DD
:104A8000042280F801A0827080F803801044B96C81
:104A90005A4606F069FDB9F1000F05D120462946B6
:104AA0002A46FFF70DFD46E06368073323F007034E
:104AB000ADEB030D6A4612F108083AD0ADEB030DD9
:104AC0006B4613F1080904D11E4B40461B689847FA
:104AD0002FE0CDF80080204679683A682B46FFF732
:104AE00027FD0646E0B9204641464A46FFF7E8FC66
:104AF0000646A8B96168034602468A4207D0AC5C04
:104B000019F8020060400343DBB20132F5E7FB73A2
:104B1000FB7B23B92846414606F026FD00E00A4EFD
:104B2000084C4046236898474846236898473046D3
:104B300001E06FF00F001C37BD46BDE8F08F00BFED
:104B400080BFFFFFC48CFF1F00BDFFFF10B50446F0
:104B50008C30FDF739FF04F19800FDF735FF04F1C3
:104B60008000FDF731FF04F17400FDF72DFF04F123
:104B70006800FDF729FF04F15C00FDF725FF04F153
:104B80005000FDF721FF04F14400FDF71DFF04F183
:104B90003800FDF719FF04F12C00FDF715FF04F1B3
:104BA0002000FDF711FF04F11400FDF70DFF04F1E3
:104BB0000800BDE81040FDF707BF8378C27843EADC
:104BC00002224378007843EA022240EA022070473A
:104BD0002DE9F74F01464FF00009D1E9004514F5E2
:104BE000803445F10005220C42EA0542B9F10E0F6E
:104BF000E1E802454FEA2543CCBF4FF000084FF0F3
:104C0000010812F1FF3443F1FF35CDE90045009D65
:104C10002524A5FB0467019D04FB0577B9F10F046A
:104C200009F1010CD4F1000959EB0409A6FB09456F
:104C300009FB0755DDE9006708FB0CF8A41900EB38
:104C4000C80845EB0705D8E90067A41945EB070537
:104C5000C8E9004551E902454FEA034B4BEA124BC4
:104C60004FEA024AB4EB0A0465EB0B05BCF1100FE6
:104C700041E9024501D0E146AFE703B0BDE8F08F5E
:104C80002DE9F0415242D3174FF0000C00EB0C0815
:104C9000D8E90067D1E9004574407D4014401D40CB
:104CA00066406F40C8E90067D1E900670CF1080C65
:104CB00074407D40BCF1800FE1E80245E6D1BDE8DB
:104CC000F081FFFF2DE9F04F8046C7B000200B18A0
:104CD00026ACD3E90023044408308028C4E900232B
:104CE000F5D126A8FFF774FF26A8FFF771FF26A8C5
:104CF000FFF76EFF4FF00209DDE926233C484FF035
:104D0000FF31121846AE43EB010366E94023012749
:104D100026A800EBC703D3E90001364AB6F802A083
:104D200012184FF0FF3343EB0103716801244AEA84
:104D3000014A4FEA214B00250AEA04000BEA05016B
:104D4000121A63EB0103C6E90223013732880023FC
:104D50000F2FE6E80223DBD144A9DDE92223D1E9C4
:104D6000006725484FF0FF3136184FEA124047EBF5
:104D7000010740EA0341181400910190DDE90001A8
:104D800004400D40361B67EB05074FF6FF7000210E
:104D900002400B40310CCDE9222341EA0742029246
:104DA00002F001023B1426A806A9C2F10102CDE9D6
:104DB00024670393FFF764FFB9F101099CD124A98B
:104DC000F1E90223160A46EA036708F8092008EB0E
:104DD0000900049709F102091C129DF8106005945E
:104DE000B9F1200F4670EBD147B0BDE8F08F00BF9E
:104DF0001300FFFF0100FFFF0180FFFF2DE9F041DD
:104E00004FF0000C8846A0F1080108EB0C0618F8DA
:104E10000C4076783202A4184FF000054FF00003E2
:104E20000CF1020C45EB0305BCF1200FE1E9024552
:104E3000EBD1D0E91E2347F6FF74002522402B401A
:104E4000C0E91E23BDE8F081F0B50023CD18D418C9
:104E5000D5E90067D4E9004500EB030CA41903F180
:104E6000080345EB0705802BCCE90045EED1F0BDEA
:104E7000F0B50023CC18D618D4E90045D6E9006770
:104E800000EB030C0833A41B65EB0705802BCCE972
:104E90000045EFD1F0BD2DE9F04FBFB08046ADF138
:104EA00008030DF1F00C00240025E3E902456345F9
:104EB000F9D14FF0000E01EB0E0300A8D3E9004535
:104EC00070440023D718D0E900AB7F68D65804FBA4
:104ED00007F906FB0599A6FB046716EB0A064F4483
:104EE00003F1080347EB0B07802BE0E80267E9D1E9
:104EF0000EF1080EBEF1800FDDD11EAC54E91E018B
:104F00000834226865682626A2FB0623121806FBD1
:104F1000053343EB0103644544E92023EED100212E
:104F20003EAB0B4453E93E2308EB010008318029D6
:104F3000C0E90023F4D14046FFF74AFE40463FB0A7
:104F4000BDE8F04FFFF744BE0A46FFF7A4BFF0B537
:104F50000023A1B006460F46F91800AAD1E9004582
:104F60001A440833802BC2E90045F5D1FD24684678
:104F70006946FFF7E9FF022C06D0042C04D06846EE
:104F800069463A46FFF787FF14F1FF34EFD200215C
:104F900000AB0B44D3E90023701808318029C0E925
:104FA0000023F5D121B0F0BD2DE9F04F0646B5B094
:104FB0000F4692469846002508EB0500FFF7FDFDD9
:104FC00014AC05EB850304EB0509E0500AEB050082
:104FD000FFF7F3FDC9F804007819FFF7EEFDC9F8F3
:104FE00018000AF110002844FFF7E7FD0435102DE2
:104FF000C9F82C00E0D1002324A8E2581A50043349
:10500000402BF9D1142500224FEA820909EB020155
:10501000002303EB010C0CF00F0C0DF1D00A0AEB8E
:105020008C0C5CF880CC4DF803C00433102BF0D10D
:10503000DDF800C0DDF80CA001990AEB0C0381EA51
:105040007361029B019101EB0C0B83EAFB53194442
:105050008AEAF14102930B448CEAB3330391009343
:10506000002101EB020C0CF0030C34ABCC4403EB3D
:105070008C0C5DF821304CF8C03C01310429F0D192
:105080000132042AC0D1002204ABD358A350043209
:10509000402AF9D1013DB6D13E9B002B3BD063594C
:1050A0004259134463510435402DF8D1002505EBD6
:1050B000850908EB0500FFF780FD54F80930181A40
:1050C00044F8090004EB05097819FFF776FDD9F8D3
:1050D00018300435181A102DC9F81800E7D100232C
:1050E00003EB83029819A158002281540132042A4B
:1050F0004FEA1121F9D1E21806F110009169184424
:10510000002281540132042A4FEA1121F9D10433DB
:10511000102BE5D10EE03E9BE258C158F518114422
:105120000022A9540132042A4FEA1121F9D1043393
:10513000402BF1D135B0BDE8F08F13B500240094B9
:10514000FFF732FF204602B010BD13B501240094D2
:10515000FFF72AFF002002B010BDFFFF2DE9F04F3E
:10516000144695B01D4654EA05038A4683461E99A7
:1051700064D0002200230DF802300132102AF9D148
:10518000CA5C0DF803200133082BF9D1A046A946CB
:105190000BEB0407B9F1000F08BFB8F1400FC8EBE3
:1051A00007072AD304AE274B1F9A30466946FFF7FC
:1051B000C4FF0023BAF1000F02D01AF8032000E068
:1051C0005246F15C4A40FA540133402BF2D1082395
:1051D00001221DF803100A440DF803200133102B9F
:1051E0004FEA1222F5D1B8F1400849F1FF39BAF17E
:1051F000000FCDD00AF1400ACAE7A60900233F22DA
:1052000046EA856614401D4054EA05030BEB8616FA
:1052100014D004AD0B4B1F9A28466946FFF78DFF4B
:105220000023BAF1000F02D01AF8032000E0524622
:10523000E95C4A40F2540133A342F2D1002015B098
:10524000BDE8F08F80B902002DE9F0438BB002AFCA
:10525000129E8146884614461D463146139A084BD5
:1052600038461036FFF771FF8DE8C00048464146CA
:1052700022462B46FFF772FF0BB0BDE8F08300BF5C
:1052800080B902002DE9F0430023ADF2A45D804611
:10529000C85C0DF8030001331F2BF9D1CB7F03F05D
:1052A0003F0343F040038DF81F309DF80030114656
:1052B00023F00703C8A88DF80030FFF79FFD0021F9
:1052C000C8AB0B44D3E9002328A80844C0E9002355
:1052D00048A8084400220023C0E9002308A8084485
:1052E000C0E9002368A8441808318029C4E90023D4
:1052F000E6D101220023C0E90023CDE90823FE24E2
:105300000025E60846EA457600AB334408A893F842
:10531000009004F0070349FA03F909F0010928A9EC
:105320004A46FFF7ADFC48A868A94A46FFF7A8FC23
:1053300088A808A948AAFFF787FD08A8014648AA37
:10534000FFF796FD48A828A968AAFFF77DFD28A8C1
:1053500068AA0146FFF78CFD68A888A9FFF7F4FD4D
:10536000A8A808A9FFF7F0FD08A8024648A9FFF77A
:1053700092FD48A828A988AAFFF78DFD88A808A94A
:1053800048AAFFF761FD08A8014648AAFFF770FD8B
:1053900028A808A9FFF7D8FD48A868A9A8AAFFF778
:1053A00067FD08A848A9344AFFF775FD08A801461B
:1053B00068AAFFF749FD48A8014608AAFFF76BFD58
:1053C00008A868A9A8AAFFF766FDC8AA68A828A91E
:1053D000FFF761FD28A888A9FFF7B6FD08A828A94E
:1053E0004A46FFF74DFC48A868A94A46FFF748FC23
:1053F00014F1FF3445F1FF35B5F1FF3F08BFB4F1BB
:10540000FF3F7FF47EAFC8A8002108AB0B44D3E96F
:105410000023C0E9202348AB0B44D3E9002300F567
:105420008074C4E9002328AB0B44D3E9002300F5C2
:10543000C074C4E9002368AB0B44D3E900230831EE
:1054400000F500748029C4E9002300F10800DCD1D4
:105450000DF584600146FFF77AFDE8A801460DF5D9
:105460008462FFF718FD4046E8A9FFF72BFC0020F7
:105470000DF2A45DBDE8F08300B90200014AFFF718
:1054800001BF00BFD0B9020038B505460C4608463A
:105490002021F3F7F3F828462146BDE83840FFF70E
:1054A000EDBFFFFF10B50B468AB00446114602A8B7
:1054B0001A46FFF7E7FE0123009320460349044BF9
:1054C00002AAFFF771FD00200AB010BD6CBCFF1FDF
:1054D00080B902002DE9F04FF5B0CDE90A23239100
:1054E00022900021229E00200E44002200231D0253
:1054F00045EA12651402325C01300023082842EAB2
:10550000040243EA0503F2D174A8084440E93023B9
:1055100024A8084408314029C0E90023E2D1DDE98C
:105520000A01CDE90001DDE90001002908BF80285A
:10553000C0F0888100210A9A239C009B1444E41A3D
:105540000C440020002200231D0245EA12661702C7
:1055500003960297DDE90289225C013000230828C6
:1055600042EA080243EA0903EED174A8084408316C
:10557000802940E92023DED1B1480D900027002387
:1055800074A9194434AA51E930011A440833402B54
:10559000C2E90001F4D14CA9D1E90023910C41EA00
:1055A00083310E91990C41EA82310F91910B41EABE
:1055B00083411091990B41EA82411191D10541EA51
:1055C00053211291D90541EA5221DDE91089DDE923
:1055D0000E451391DDE912AB84EA080485EA09055A
:1055E00050A84EA9D0E9008984EA0A0485EA0B058F
:1055F000D1E900AB28EA02080AEA020052AA0BEA43
:105600000301D2E900AB29EA030980EA0800241863
:1056100081EA090145EB010507F00F061AEB040AC0
:1056200074AC04EBC60353E920234BEB050B0D9D33
:105630001AEB020A4BEB030BF5E9022344A81AEB21
:10564000020A46AC0D9548ADD5E900894BEB030B3A
:10565000D0E90023D4E9000189EA01051D4001EAEF
:1056600009014D40910741EA93011491990741EADC
:1056700092011591110F41EA03111691190F88EA51
:10568000000441EA021100EA0800144017914FEAB1
:10569000426CDDE9168944404CEAD31CDDE9140173
:1056A0005B0643EAD2131993CDF860C080EA080084
:1056B00081EA0901DDE9188980EA0800001981EA18
:1056C000090141EB050110EB0A0041EB0B0142AA75
:1056D000C2E90001DDE93A2312EB0A0243EB0B03B6
:1056E000CDE93A2332AA0023013374AC03F0070159
:1056F00004EBC101F2E90245082B41E93045F3D141
:105700000F2E05D00137502F7FF439AF00247BE0F6
:105710000DF5A47C002606F1090374AD03F00F0318
:1057200005EBC303013653E9208906F00F0305EBAF
:10573000C30353E92001040A44EA01641A940C0AE1
:1057400044EA00641B94440844EAC1741C944C0865
:1057500044EAC07406F10D031D9403F00F03DDE964
:105760001CAB05EBC303DDE91A4585EA0B054FEADF
:10577000D01B84EA0A044BEA416A4FEAD11BCDF8F8
:1057800010A0CDF814B0DDE904ABFCE9020153E947
:10579000202384EA0A0414EB080485EA0B0545EB90
:1057A0000905241845EB0105D10041EA53711E910A
:1057B000D90041EA52711F91D10C41EA4331209145
:1057C000D90C41EA42312191DDE92089DDE91E0150
:1057D00081EA09014FEA921949EA836A4FEA931B69
:1057E000CDF818A0CDF81CB080EA0800DDE90689E4
:1057F00080EA0800001981EA090141EB0501102E39
:10580000CCE9000187D17DE744AE24AD2644254490
:10581000D5E90001D6E900230834121843EB01034F
:10582000402CC6E90023C5E90023EDD1DDE900AB3A
:10583000BAF1800A4BF1FF3BCDE900AB73E600BF44
:10584000E8B90200DDE90A237F201040002424ABE0
:105850002344229ED3E9002326440725170A47EA5A
:1058600003684FEA13297255CDF82080CDF82490B3
:1058700015F1FF35DDE90823F0D20834402CE6D1DC
:1058800075B0BDE8F08F00BF2DE9F0431D46D1B0E3
:1058900080468946144600232E4A9A5C0DF8032060
:1058A0000133402BF8D1494622462B466846FFF784
:1058B00011FE7F222240A14400232B401146C2EB5F
:1058C00009094FF0000C0DF1400E00200CF80E00FD
:1058D0000CF1010CBCF5807FF5D1884205D019F898
:1058E00000C00EF800C00130F7E7002B08BF702A97
:1058F0000EEB020134BF80224FF4807280200EEB49
:10590000020C08706146680F01F8090CA2F1080C3E
:10591000E90041EA5471E0000023F4440724060A38
:105920000CF8040046EA01660F0A14F1FF34304611
:105930003946F4D268467146FFF7CCFD00231DF8C6
:10594000032008F803200133402BF8D1002051B088
:10595000BDE8F08390B902002DE9F04116460746F4
:105960000C4608464721984605F0ECF83578E42DBA
:105970001DD00ED8142D13D0152D20D1204647212F
:1059800001F0DEF940B201280CBF00202120BDE863
:10599000F081F02D0BD0F32D09D0ED2D0FD106E0C5
:1059A0000020042323706070A070BDE8F0813846A9
:1059B000314642462346BDE8F04104F05DB901207E
:1059C000BDE8F081C27BD20701D505F07FBB80899D
:1059D0000021704738B50C460546FFF7F3FF2060FD
:1059E000EB7B9B0744BFC0432060002038BD10B54F
:1059F000C37B5B070C460CD4FFF7E4FF0023024691
:105A00008B4208BF824220600CBF00204FF48060B0
:105A100010BD022010BD10B5C37B5B070C460CD433
:105A2000FFF7D0FF002302468B4208BF824220606E
:105A30000CBF00204FF4806010BD022010BD10B5D7
:105A4000C37B5B070C460CD4FFF7BCFF0023024668
:105A50008B4208BF824220600CBF00204FF4806060
:105A600010BD022010BD704730B58B7BA02B8DB0D0
:105A700004460D4601D013209EE0084602A905F019
:105A80006AFB08B1102097E0284601A9FFF7D7FF6D
:105A90000028F7D10546019B9D4280F088809DF843
:105AA0001630602BE7D1182300930DEB030102A8F9
:105AB0006A46002305F0B0FBB0F1004F01D115207C
:105AC0007AE00028DED18DF82F0002A805F0F4FB63
:105AD0000028D7D106A8394912F059FF034698B9D2
:105AE0009DF81620402AC6D1009202A804F5A471A0
:105AF0006A4605F091FBB0F1004FE0D0009B84F8BE
:105B0000883100284BD0BDE706A82D4912F03FFF91
:105B1000034688B99DF81620602AACD14122009234
:105B200002A804F289116A4605F076FB30F00040C5
:105B3000A8D184F8C90132E006A8224912F027FF53
:105B4000034698B99DF81620602A94D1402200920D
:105B500002A804F5E5716A4605F05EFB20F00040FE
:105B600000288FD1002384F8093218E006A81649CE
:105B700012F00DFF98B99DF81630602B7FF47BAFC3
:105B80008023009302A804F20A216A46002305F04C
:105B900043FB30F000407FF475AF84F8890202A81F
:105BA00005F08AFB00287FF46DAF013573E72368A9
:105BB00043F00403236000200DB030BD46BD020059
:105BC000BA94020049BD020055BD020070B58EB006
:105BD00010230193837BA02B04460D46164618BF65
:105BE00013242FD1194902AA05F076FB08B110241D
:105BF00028E02046164906AA05F06EFB0028F6D1DB
:105C00009DF81630602B1CD19DF82640CCB902A817
:105C10000AA901AA234605F0FFFA0028E7D10AA83D
:105C20000C498DF8374012F0B2FE08B9012300E0AC
:105C30003F232B7006A8314605F0CCFA0028D6D1B8
:105C400000E0142420460EB070BD00BF519B02003E
:105C50005ABD02005EBD020070B58B7B802B88B000
:105C600004460D4618BF13234CD1084604A905F07D
:105C700072FA08B1102345E0284602A9FFF7CBFECF
:105C80000028F7D10646029B9E420FD204A80DF1D0
:105C9000070103AAFFF79AFF0346002832D104A8A0
:105CA00005F00AFB0028E5D10136ECE7284604A9F7
:105CB00005F051FA0028DDD10546029B9D4217D21E
:105CC00004A80DF1070103AAFFF780FF034640B9BE
:105CD0009DF80710039A012903D102F10800012859
:105CE00008D904A805F0E8FA0028C3D10135E4E793
:105CF000262307E0C4F88C22226884F88A1242F036
:105D000008022260184608B070BD13B5837B402B93
:105D1000144618BF13200DD102AA002342F8044DE7
:105D200005F07AFA28B90198A04214BF0320002098
:105D300000E0102002B010BD13B5FD2301938B7B52
:105D4000602B044618BF132012D1084601AA214631
:105D5000002305F061FAB0F1004F06D038B9019B7D
:105D600084F8FD00C4F8003102E0152000E01020A6
:105D700002B010BD30B58B7BA02B89B004460D4618
:105D800001D013205CE0084604A905F0E4F908B14D
:105D9000102055E0284601A9FFF751FE0028F7D151
:105DA000C4F800010546019B9D4241D29DF81E307A
:105DB000602BE6D1082300930DEB030104A86A468B
:105DC000002305F029FAB0F1004F38D00028DFD1C8
:105DD0008DF80F0004A805F06FFA0028D8D19DF8BF
:105DE0001E30602BCDD102A8164912F0D0FD28B983
:105DF000204604A9FFF7A0FF98B121E002A81249AC
:105E000012F0C5FD034660B92022009204A804F5F3
:105E100082716A4605F000FA30F00040B8D184F88B
:105E2000230104A805F048FA0028B1D10135BAE7EA
:105E3000D4F80031002B14BF0020142000E01520FE
:105E400009B030BD46BD0200BA940200F0B51F464D
:105E5000837BA02B89B004460D4616465DD104A96C
:105E600005F079F908B1102058E0204601A9FFF7A4
:105E7000E6FD0028F7D104460198844249D29DF8F6
:105E80001E30602B49D1082300930DEB030104A8B9
:105E90006A46002305F0C0F9B0F1004F3BD000285E
:105EA000E1D18DF80F0004A805F006FA0028DAD138
:105EB0009DF81E30F52B30D102A81949022212F0AC
:105EC00078FD30B9BDF81C30003318BF01232B70AA
:105ED00018E002A81349022212F06BFD30B9BDF898
:105EE0001C30003318BF012333700BE002A80E49A9
:105EF000022212F05EFD28B9BDF81C30003318BF35
:105F000001233B7004A805F0D7F90028ABD1013478
:105F1000B2E7002002E0152000E0132009B0F0BD38
:105F200069BD02006CBD0200FDA302002DE9F04333
:105F300000230B70837BA02B89B007460C4618BF4B
:105F400013236AD1374904AA05F0C6F9064608B1F9
:105F5000102362E09DF81E30402B01D014235CE03A
:105F600008AD462304F1010845F8203D04A8334656
:105F700041466A4605F050F9009B302B02D141237F
:105F800023701CE0462B1AD0422323704FF48073F9
:105F9000414600936A463346DFF8989042F215185E
:105FA00004A805F039F9009B09F8083004A8334625
:105FB0001D496A4605F030F9009B09F8083006468D
:105FC0000028C5D13846194904AA05F085F90028EA
:105FD000BED19DF81E30602BC0D10C23009304A8C5
:105FE00001A96A46334605F017F9B0F1004F02D116
:105FF0003F23237001E00028AAD101A80C490B22FD
:1060000012F0D7FC20B9237833B90122227004E0C2
:106010003F232370002300E00346184609B0BDE883
:10602000F08300BF46BD0200A9DCFF1F519B0200A8
:106030005EBD020094BCFF1F10B5837B802B04461D
:10604000E8B018BF13201DD16946FFF7E4FC08B182
:10605000102017E0204601A905F07DF80028F7D1AF
:106060000446009B9C420CD201A805A9FFF75EFFE5
:106070000028EDD101A805F01FF90028E8D101346E
:10608000EFE7002068B010BD30B58B7B802B054654
:1060900087B00C4618BF13202DD1084602A905F081
:1060A0005AF808B1102026E0204601A9FFF7B3FCFA
:1060B0000028F7D1C5F84C010446019B9C4217D239
:1060C000142C17D0D5F84C310133C5F84C31D5F824
:1060D0006C3140F2891102A801FB0431FFF726FF61
:1060E00048B902A805F0E8F80028DBD10134E4E75C
:1060F000002000E0172007B030BDF0B597B00F4684
:10610000164600214FF459720AAD044612F0DAF92E
:1061100000953846314640F6FF7208AB04F0EBFFBD
:1061200008B11020AEE09DF83630A02B01D013202E
:10613000A8E028460EA905F00EF80028F1D128465F
:1061400004A9FFF77CFC0028EBD10546049B9D4287
:1061500080F097809DF84630002BE8D10EA803A967
:1061600005F038F80028DCD10EA805F0A5F80028C5
:10617000D7D1039B013B032B7BD8DFE803F0021050
:1061800064709DF84630002BD1D10EA8214605F051
:1061900021F80028C5D1236884F8AD3169E02023B7
:1061A00007939DF84630A02BBBD10EA812A904F08E
:1061B000D2FF0028B5D1139F0EA805A9013FFFF714
:1061C0003EFC0028ADD10646059B9E422CD29DF890
:1061D0005630002BA5D112A806A9FFF7FBFB00281B
:1061E0009FD112A805F068F80346002899D1069AB5
:1061F000012A07D0022A0FD112A804F12401FFF7C7
:1062000095FE07E012A8211D07AA05F005F8B0F1D8
:10621000004F86D0002884D112A805F04DF8002840
:106220007FF47FAF0136CFE7139EF61BB6F5CD7F27
:10623000BFF477AF04F5D7703946324612F027F92C
:10624000C4F8486315E09DF84630002B7FF46FAF2B
:106250000EA804F5587104F0BDFF50B161E70EA817
:1062600004F553711022FFF750FD58B9012384F84B
:106270005C330EA805F020F800287FF452AF0135FA
:1062800064E7002017B0F0BDF0B500230B644B6449
:10629000837BA02B87B005460C465DD102A904F094
:1062A0005AFF08B1102058E028466946FFF7C7FB9F
:1062B0000028F7D1054607460646009B9E423FD27E
:1062C0009DF81630002B47D102A801A904F082FFE7
:1062D0000028E7D102A804F0EFFF0028E2D1019BDB
:1062E0000333042B25D8DFE803F01C140A24030031
:1062F0009DF8163083BB02A804F1400105E09DF82B
:1063000016304BBB02A804F1440104F063FF80B1D6
:10631000C8E702A821462022FFF7F7FCE8B90127C9
:1063200007E002A804F120012022FFF7EEFCA0B94B
:10633000012502A804F0C0FF0028B3D10136BCE754
:1063400047B13DB1236C2BB1636C002B14BF00200F
:10635000142002E0142000E0132007B0F0BD70B557
:10636000837BA02B88B004460E4601D013205CE04E
:1063700004A904F0F0FE08B1102056E0204601A95F
:10638000FFF75DFB0028F7D105460446019B9D42BF
:1063900045D29DF81E30002BE8D104A803A9FFF7D1
:1063A00019FB0028E8D104A804F086FF0346002862
:1063B000E2D1039A022A0AD0032A1CD0012A27D14B
:1063C00004A806F16401FFF75FFFF8B12DE008AA09
:1063D000402142F8181D04A8711C04F01DFF029B07
:1063E000202B01D0402B1FD1B0F1004F1CD0002832
:1063F000C2D133700AE008AA202142F8181D04A86F
:1064000006F1410104F008FF0028B5D10134E4B2DF
:1064100004A804F051FF0028AED10135B6E7032CE3
:106420000CBF0020142000E0032008B070BDFFFF67
:1064300030B5837BA02B8BB005460C4665D102A9F5
:1064400004F089FE08B1102060E0284601A9FFF79A
:10645000F6FA0028F7D10546019B9D4253D29DF8DC
:106460001630602B51D11023009302A806A96A466A
:10647000002304F0D1FEB0F1004F0BD102A804F0CC
:106480001BFF02A804F018FF0028DCD102A804F0CA
:1064900013FF31E00028D6D18DF8270002A804F0C0
:1064A0000BFF0028CFD106A819490B2212F081FA60
:1064B00090B99DF81630F52B04D1BDF81430DBB13E
:1064C000012307E0A02B17D102A8211DFFF747FFEA
:1064D000E0B9022323700FE006A80E490B2212F048
:1064E00068FA48B99DF8163033B902A804F1B4012E
:1064F000FFF770FA0028A6D102A804F0DDFE0028FC
:10650000A1D10135A8E7002000E013200BB030BD79
:106510006FBD02007BBD0200F0B5002191B00446C2
:1065200016464FF45E721F4608AD11F0CBFFFF23F5
:1065300084F8A93200953046394640F6FF7206AB22
:1065400004F0D9FDC8B99DF82E30A02B01D0112040
:10655000B6E028460CA904F0FEFD08B11020AFE01B
:10656000284604A9FFF76BFA0028F7D1054617E083
:1065700020460CA9FFF778FA60B1C0B2A0E00CA8E1
:10658000211D2022FFF7C1FB0028F6D1236843F02C
:10659000010323600CA804F08FFE0028DED1013532
:1065A000049B9D427BD29DF83E30002BCFD10CA89E
:1065B00003A904F00FFE0028D0D10CA804F07CFE43
:1065C0000028CBD1039B013B082BE3D801A252F852
:1065D00023F000BF7F650100F965010071650100CE
:1065E0000F660100196601003D6601005166010059
:1065F000696601008766010004F124000CA9FFF719
:10660000B9FB0028B9D1236843F00203C1E7204653
:106610000CA9FFF721FBAFE70CA8FFF70DFD002841
:106620009CD10CA804F5257104F095FD002895D1A6
:106630000CA804F52971FFF7EEF92CE09DF83E3027
:10664000A02B2ED10CA804F53071FFF7F1FE08E065
:106650000CA804F5247104F52A7204F2A923FFF7AB
:10666000F5FB002896D02BE09DF83E30402B1AD148
:106670000CA805A9FFF7BBF9A8B9059B9BB9012395
:1066800084F8BB3286E79DF83E3053B90CA804F578
:106690002F7104F09FFD00283FF47CAF5EE70020DF
:1066A0000EE013200CE00CA804F2AA211022FFF740
:1066B0002CFB032800D018B9012384F8BA3269E70B
:1066C00011B0F0BDF0B5044691B00F46164600215A
:1066D0004FF40B7211F0F6FE4F4BC4F86C3108AD5D
:1066E000FF2384F8523100953846314640F6FF7258
:1066F00006AB04F000FD08B110208AE09DF82E30B2
:10670000A02B01D0132084E028460CA904F023FD1F
:106710000028F1D1284604A9FFF791F90028EBD110
:106720000546049B9D4265D29DF83E30002BE9D181
:106730000CA803A904F04EFD0028DDD10CA804F03C
:10674000BBFD0028D8D1039B013B062B4BD8DFE8CB
:1067500003F00F04151F25303F000CA8211D202237
:10676000FFF7D3FA002854D1012384F824303AE00B
:1067700004F128000CA9FFF7DFFA18E020460CA965
:10678000FFF782FC0028B7D1012384F870312AE09A
:106790000CA804F5BA71FFF74BFE08E00CA804F54D
:1067A000A87104F2511204F5A973FFF74FFBD0B1A1
:1067B0002FE09DF83E30402B1ED10CA805A9FFF715
:1067C00016F9C8B9059BBBB9012384F864310AE006
:1067D0009DF83E30002B95D10CA804F5B47104F05F
:1067E000F9FC002888D10CA804F066FD002883D1AC
:1067F000013596E700200CE00CA804F2531110229A
:10680000FFF783FA032800D018B9012384F8633115
:10681000E9E711B0F0BD00BFE4BDFF1FF0B591B0D6
:106820000F46164600214FF4BE7208AD044611F023
:1068300049FE00953846314640F6FF7206AB04F03B
:106840005AFC08B11020A1E09DF82E30A02B01D0F9
:1068500013209BE028460CA904F07DFC0028F1D110
:10686000284604A9FFF7EBF80028EBD10546049B66
:106870009D4280F088809DF83E30002BE8D10CA826
:1068800003A904F0A7FC0028DCD10CA804F014FD37
:106890000028D7D1039B013B072B6CD8DFE803F01E
:1068A000040B141F2B48535F9DF83E30002BCFD1B3
:1068B0000CA8214605E09DF83E30002BC8D10CA85D
:1068C000211D04F087FC56E00CA804F10801FFF735
:1068D000DBFC00285AD1012384F850304BE00CA88F
:1068E00004F151011022FFF710FA00284ED10123C4
:1068F00084F861303FE09DF83E30402BA8D10CA8D1
:1069000005A904F0E1FC034600289BD1059AA2F1F9
:106910004001C02939D8C4F864214FF4807205922F
:106920000CA804F1620105AA04F076FC18B389E70B
:106930000CA804F5B4711022FFF7E7F930BB01236E
:1069400084F8783117E09DF83E30F52B80D1BDF802
:106950003C30003318BF012384F879310BE09DF8F7
:106960003E30F52B7FF474AFBDF83C30003318BFD8
:10697000012384F87A310CA804F09EFC00287FF4EF
:1069800061AF013573E7002000E0372011B0F0BDA2
:1069900003F05CBE08B503F0DFFE0348002140228F
:1069A000BDE8084011F08EBD0CBAFF1F1830EAF7A1
:1069B000E3BF1830EBF70AB81830EBF728B8FFFF41
:1069C000F0B52D4B91B007AA06460C4603F1200EF8
:1069D000174618685968154603C5083373452A4693
:1069E000F7D11B782B70254B03AA03F1080C9646B0
:1069F00018685968154603C5083363452A46F7D118
:106A00001F4A18681B792B712860106851686B4603
:106A100003C39068186069460C22704611F028FD87
:106A2000314605462022384611F022FD05B138B91D
:106A3000144B01211878EDF78BFF08B9022018E0FC
:106A40002378FF2B02D16378FF2B01D0002010E0C8
:106A5000A378FF2BFAD1E378FF2BF7D12379E42B2E
:106A6000F4D1084B02211878EDF772FF0028EDD021
:106A7000012011B0F0BD00BF87BD0200A8BD02001B
:106A8000209CFF1F9CBAFF1FF8B50C460546174611
:106A9000F0F7B2FFB4F5806F28DA012F144E02D15F
:106AA0002846214605E0022F07D105F12000A4F178
:106AB00020010022EFF774F80DE028460D4911F08F
:106AC00066FF40B14FF480623068002111F0FAFC9B
:106AD000094B00221A70094B30681C602946224677
:106AE00011F0D5FCBDE8F840F0F7F6BCF8BD00BFEA
:106AF000A88CFF1FB5BD020000BAFF1FA0BAFF1F80
:106B000038B5074B074D1A68074B04461A6028B181
:106B10002B68834202D040B203F0C6FD2C6038BD22
:106B2000CCE2FF1F88BCFF1F7CBCFF1F08B503F031
:106B300085FDBDE8084002F0A7BBFFFF30B545F674
:106B4000B033ADF5057D1C78012C19D103A84FF4A5
:106B5000B44140F20122EFF767F9009473AA7BA8D1
:106B600070A92023EEF7DEFF084A7BAC83AD2346F5
:106B700003CBAB42106051601C4602F10802F6D113
:106B8000FFF7D4FF0DF5057D30BD00BFCC8CFF1F96
:106B9000044B1B78022B4FF0640101D10FF02CBC89
:106BA0000FF0F4BB54BAFF1F08B5AB20F0F78AFF13
:106BB0004FF4FA70BDE8084005F0B0BC30B5B5B090
:106BC000044669460323D0220020F3F7B7FB694649
:106BD0000546D022204604F0C7FC284635B030BD1B
:106BE00010B5D024B4B001462246684604F0BCFC7F
:106BF0006946224604230020F3F7A0FB34B010BD01
:106C000010B50446EFF7A0F82CB9441C2046EFF766
:106C1000AAF8204610BDB4F5807F8CBF204600192D
:106C2000EFF7A1F810BDFFFF014B1870704700BFD0
:106C300084BCFF1F00B591B000216846402211F0CE
:106C400041FC684600210FF06DFB08B9002009E007
:106C5000684603F081FD9128F8D10120F1F726F86C
:106C60004FF0FF3011B05DF804FBFFFFF8B5304B7B
:106C7000304E1C783768002C54D140F2EE239842F5
:106C8000074432D9AB20F0F70DFC33689F4204D2A1
:106C90000120F1F70BF80020F8BDF1F785FB10B1EA
:106CA000254B01221A60FFF7C5FF14F0FF030546CC
:106CB00001D1AB2002E0802B02D10020F0F702FFCF
:106CC000002D31D11C4B1B68012B04F10104DCD1D8
:106CD0001EE0AA20F0F7F6FEF1F766FB164B08B1AE
:106CE00001221A601B68012B0CD0144B1A68542A1D
:106CF00004BF2A221A601C4633689F42E9D2002052
:106D0000F0F7D4FF23682A2B02D10C4B54221A60CF
:106D1000094E35680024012D204607D1F0F7C6FF43
:106D2000346001E00220F8BD2846F8BDF8BD00BF80
:106D300084BCFF1FCCE2FF1F80BCFF1FCCBAFF1F2B
:106D400008B5F1F79BFC012008BD00200146024672
:106D50000523F3F7F3BA0C20704740F2B91202236F
:106D6000F3F7ECBA40F2B9120123F3F7E7BAFFF7F1
:106D7000F4BF10B5F0B0044640F2B91201A8FF21EB
:106D800011F0A0FB204601A9FFF7E7FF70B010BD8E
:106D900045F6B0331B78012B09D10A4B03F11002E1
:106DA00053F8041B40F8041B9342F9D17047064B7B
:106DB00003F1100253F8041B40F8041B9342F9D16D
:106DC000704700BFBBBD0200CCBD020045F6B0332A
:106DD0001B78012B0CBF024B024B1888704700BF79
:106DE000CA8CFF1FEE8CFF1F10B545F6B03304466A
:106DF0001B78012B05D1FFF7E9FF06490246204623
:106E000004E0FFF7E3FF044902462046BDE81040D6
:106E100011F03DBB1CC1020048BE0200704770B5B6
:106E2000064688B000200C46154601466A4603F027
:106E30001BF906F11000202103F008F9204620215B
:106E400003F004F900206A46014603F03DF96C4660
:106E50002A4604AD234603CBAB42106051601C466A
:106E600002F10802F6D108B070BDFFFF0D4B70B5FE
:106E70001C6841F202050246635B0E46581804F591
:106E800080510988884202DD012011F0A7FAE0183C
:106E90001146324611F0FBFA635B1E446653002034
:106EA00070BD00BF8CBCFF1F014B186802F0DEB93B
:106EB0008CBCFF1F70B504460E46103020211546CD
:106EC000FFF73EFF204631462246FFF7A8FF204647
:106ED00030212A4605F1200303F0BAF9002070BDE5
:106EE00070B5ADF59C6D00238DF804300423044685
:106EF0008DF80530FFF76AFFB0F5806F054602D9BF
:106F000049F210205DE040F2EE20FFF7AFFE0028CE
:106F100055D004F120060AA8314616AAFFF7CAFF89
:106F20000130EDD003F078F801A8012103F08EF8CC
:106F30003046202103F08AF82046202103F086F80D
:106F40000AA8302103F082F80DF10500012103F0B9
:106F50007DF8402116A803F079F802A803F07EF826
:106F600003F0FCF8224602A8202103F005F90523CE
:106F7000022101A88DF80430FFF778FF402116A800
:106F8000FFF774FF3026012101A88DF80460FFF798
:106F90006DFF31460AA8FFF769FF38A8FFF724FF05
:106FA000294638A8FFF762FF26A9204601F08CF891
:106FB00081B226A8FFF75AFF4FF4104001E046F6D1
:106FC000851000B20DF59C6D70BD30B5462985B0B9
:106FD000044615460ED111462230202211F048FAFF
:106FE000C0B9284604F11001D4F842206B4600F0E5
:106FF00027FF05E030290DD111466A46FFF70FFF44
:1070000020466946102211F033FAD0F1010038BF52
:10701000002000E0002005B030BDFFFF07B5084BA1
:1070200018689A8800909B79ADF80420684606217C
:107030008DF80630FFF71AFF024803B05DF804FB35
:10704000DDBD02000090FFFF2DE9F04706469CB031
:1070500018461C4617460D4602F008F9734B327865
:107060001C609846002A40F0CA80304629463A46BD
:1070700003F03AFE84B2B4F5104F00F0B98046F642
:1070800085139C4200F0B4807378032B00F0A68037
:1070900004D8012B0AD0022B14D0A4E0C02B02D0BC
:1070A000FF2B40F0A0804FF41044A1E0402F40F0AF
:1070B0009D80AA20F0F7F6F9F0F70EFA2846FFF7C0
:1070C0000FFF8EE0AA20F0F7EDF9F0F705FAB4789B
:1070D0000123072C8DF807300BD105F1410095F8FD
:1070E000401005F12002FFF770FF30B146F685141D
:1070F00072E0032C04D0082C02D04FF4D5446BE08E
:1071000005F1410705F12006384695F84010324652
:10711000FFF75BFF0028F0D000221346384695F8B1
:10712000401003F083F8082C04BF00238DF80730CB
:107130009DF80730002B48D10020FFF761FDC4B255
:107140004FEA106AC0F30749C0F307278DF80B40D8
:107150008DF808A08DF809908DF80A7002F05CFF98
:107160003046202102F072FF0DF10700012102F0EC
:107170006DFF02A8042102F069FF2021284602F0D9
:1071800065FF02A802F06AFF2A4602A8202102F049
:10719000F3FF01210DF10700FFF768FE042102A8AB
:1071A0008DF80B408DF808A08DF809908DF80A70C5
:1071B000FFF75CFE0AA9284600F086FF81B20AA804
:1071C000FFF754FE4FF4104406E040F2EE20FFF7C4
:1071D0004DFD00288AD0AFE7A4B209E037B9FFF728
:1071E0001DFF84B204E04FF4DA4401E04FF4CE44D2
:1071F0000020FFF785FCB4F5104F06D001E04FF4F6
:10720000DC44D8F8000002F031F8230A0AA8012172
:107210008DF82830FFF72AFE0AA801218DF82840B2
:10722000FFF724FE1CB0BDE8F08700BF8CBCFF1F39
:1072300030B5057942792D0445EA022582790B465D
:107240002A43C11DBDE83040FFF7FEBED1F84330F0
:10725000D0F84300181A704710B588B004466A4643
:107260000120002102F000FF04F110000E2102F0C5
:10727000EDFE012000216A4602F026FFD4F81E0030
:10728000009B584008B010BD38B50C461546FFF7B6
:10729000E3FF80B2022802D0032801D005E025B91F
:1072A000002C0CBF3020002038BD002038BDFFFF6F
:1072B00070B588B004460E4615460C486A46102143
:1072C00002F0D2FE3046294602F0C0FE6A46074868
:1072D000102102F0F9FE20466946102211F0C8F88C
:1072E000002814BF3320002008B070BD80DEFF1FCF
:1072F000F8B5202205460C462230223111F0B8F8AC
:10730000064678B995F8867005F1460004F1460105
:107310003A4611F0ADF838B994F88600C31B5842CC
:107320005841F8BD0020F8BD3046F8BD08B5022030
:10733000FFF7E6FB44F63820FFF798FC012805DC50
:1073400006D000280CBF3A202D2008BD212008BD02
:10735000002008BD01482021FFF7F2BCD1DEFF1F4D
:10736000F8B5002407460E462546FFF7F4FC844294
:107370000DD220463146FFF7F5FCD6F84230013BEE
:10738000033302D8BD4205D001350134EDE74FF09B
:10739000FF30F8BD2046F8BDF0B5431CF9B00446F7
:1073A00009D1002009A9FFF7DDFCDDF86630013BBB
:1073B00003332ED90024FFF7CEFC013484422AD2B5
:1073C000204609A9FFF7CEFC0DF1460301AD0DF1F2
:1073D00066071E46186859682A4603C20833BB422E
:1073E0001546F7D1DDF86630013B0333E3D80025BD
:1073F000A5420CDA284609A9FFF7B4FC304601A9DA
:10740000202211F035F80028D5D00135F0E72046CC
:1074100003E0002001E04FF0FF3079B0F0BD70B51F
:107420000446F8B071B10B4601AC01F120051868B3
:107430005968224603C20833AB421446F7D14FF0D5
:10744000FF340FE009A9FFF78DFC01AD0DF14603F4
:107450000DF16606186859682A4603C20833B3421C
:107460001546F7D1FFF777FC013484420DD2204650
:1074700009A9FFF777FC0DF1460001A9202210F0C1
:10748000F7FF0028EED1204601E04FF0FF3078B042
:1074900070BD10B504460020FFF7B2FB034610B9DB
:1074A000FFF7AEFB03461A0E84F821201A0C84F86D
:1074B00022201A0A84F8232084F82430184610BDAC
:1074C00038B5124CD022FF21204610F0FBFF80215E
:1074D00004F14E00FFF734FCA5232370082384F841
:1074E0004830012500236370A4F84A3084F8CE5058
:1074F000FFF72BFC04F122002021FFF721FCA8421A
:1075000002D0284610F06AFF38BD00BFACDDFF1F77
:107510002DE9FF4113F1080F0F46164669460CBFCF
:107520000422052205461C4603F0ECFF40F2271119
:1075300080465B4AFEF797FAB8F1000F01D01020A1
:10754000AAE001226846002303F099FF4FF49671E8
:107550008046534AFEF787FAB8F1000FEFD114F1D5
:10756000080F14BF022201220023684603F087FFA0
:107570004FF4977180464A4AFEF775FAB8F1000F4A
:10758000DDD103226846002303F079FF40F2331176
:107590008046434AFEF767FAB8F1000FCFD1224682
:1075A0006846E31703F06BFF40F2351180463C4A12
:1075B000FEF759FAB8F1000FC1D14FF0FF3268461B
:1075C0004FF0FF3303F05BFF4FF49D718046344A68
:1075D000FEF749FAB8F1000FB1D114F1080F14BF4A
:1075E000012206220023684603F049FF4FF49E71F2
:1075F00080462B4AFEF737FAB8F1000F9FD16FF0A3
:10760000010268464FF0FF3303F039FF4FF4A171D8
:107610008046234AFEF727FAB8F1000F8FD139468A
:107620002022684603F047FF4FF4A27107461C4A28
:10763000FEF719FA002F82D108340ED16946284688
:1076400003F070FF4FF4A8710446154AFEF70BFAD9
:10765000002C7FF474AF20461EE06FF002026846F3
:107660004FF0FF3303F00BFF4FF4A57104460C4AB3
:10767000FEF7F9F9002C7FF462AF3146202268460C
:1076800003F019FF4FF4A6710446054AFEF7EBF923
:10769000002C7FF454AFD1E704B0BDE8F08100BF07
:1076A000E4BD020030B5012A054691B008461C46EB
:1076B0001FD113F1080F07D007331AD146216A46AC
:1076C00008AB02F0C5FD03E046216A4602F0F2FD78
:1076D0002346694608AA2846FFF71AFF4FF4B871F7
:1076E0000446064AFEF7BFF9002C0CBF002010200C
:1076F00001E04FF0FF3011B030BD00BFE4BD02002B
:10770000F0B585B00E46144669460222054603F0E0
:10771000F9FE40F21B410746294AFEF7A4F90FB1D2
:1077200010204BE027490222684603F0D6FE40F2C3
:107730001F410746224AFEF796F9002FF0D1412C4F
:1077400006D0422C06D142F215131F4AD25C02E049
:10775000302200E046223146684603F0ACFE40F29B
:1077600023410446164AFEF77EF9002CD8D117496A
:107770000422684603F0B1FE4FF485610446104AC6
:10778000FEF771F9002CCBD111490A22684603F0AB
:10779000A4FE40F22B410446094AFEF764F9002C8E
:1077A000BED16946284603F0BDFE4FF4866104460B
:1077B000034AFEF758F9002CB2D1204605B0F0BDBF
:1077C000E4BD020046BD020094BCFF1F519B0200B5
:1077D0005EBD020038B5054608460C4611F0E1F8DA
:1077E000214602462846BDE8384003F076BEFFFF3A
:1077F0002DE9F0470578022DC0B0044688461746AB
:1078000072D130AB451D00F1450E1E4628686968EF
:107810001A4603C2083575451346F7D108AA04F184
:1078200068007A4902F0AEFD02F0F6FB202108A8BC
:1078300002F00CFC08A802F011FC10AA08A82021F4
:1078400002F012FC3046217902F000FC08A8202149
:1078500010AA02F039FC284610A9102210F008FEE8
:107860000546002840F0CE8018AA0220294602F0E2
:10787000FBFBD4F8B000462102F0E8FB644801218C
:1078800002F0E4FB0220294618AA02F01DFC304653
:1078900008A92279F3F7F1FF20AA18A8202102F005
:1078A000E3FB3046202102F0D1FB18A8202120AABA
:1078B00002F00AFC2379402B0DD128AA18A8202118
:1078C00002F0D2FB38A8202102F0C0FB18A820212A
:1078D00028AA02F0F9FB20A808A922790126F3F7CB
:1078E000BBFF0025304604E0012D18BF002500260F
:1078F0002846D4F8B430013B022B05D801305FFA9A
:1079000080FA4FF0010905E0002879D04FF0000916
:107910004FF0010A684641463A68002303F0A0FD93
:10792000524604A9684603F0EDFD40F22521824647
:10793000384AFEF798F8BAF1000F5FD11EB9B9F1D5
:10794000000F33D019E0344904A8FFF743FF40F299
:10795000292106462F4AFEF786F8002E4ED120A98F
:10796000227904A803F0A7FD4FF40B710646294ABB
:10797000FEF779F8002E41D1E1E7284904A8FFF786
:1079800029FF40F232210646224AFEF76CF8002E0B
:1079900034D1D4F8B42004A8002303F070FD40F2E1
:1079A000352104461B4AFEF75EF83CBBADB11A49CF
:1079B00004A8FFF70FFF40F23B210446154AFEF7EB
:1079C00052F8DCB9152104A803F064FD40F23E2111
:1079D0000446104AFEF747F884B904A9684603F044
:1079E000A1FD40F2422104460A4AFEF73CF82CB9B8
:1079F000009BC8EB03033B60204604E0102002E03C
:107A0000386000E0E02040B0BDE8F087D1DEFF1F25
:107A1000A8DCFF1FE4BD02006FBD02007BBD0200B9
:107A20002022FFF745BCFFFF30B595B0044610A8F3
:107A3000FFF7AEF904A90822204603F063FD8F2169
:107A40000546034AFEF70FF825B11020F4E100BF08
:107A5000E4BD0200012204A8002303F008FD9321E5
:107A60000546B14AFDF7FFFF002DEED1694603221E
:107A700004A803F044FD96210546AB4AFDF7F3FF49
:107A8000002DE2D1A9496846FFF7A4FE99210546D9
:107A9000A54AFDF7E8FF002DD7D1A5496846FFF7B5
:107AA00099FE9B210546A04AFDF7DDFF002DCCD1B4
:107AB000A0496846FFF78EFE9D2105469A4AFDF7CC
:107AC000D2FF002DC1D1694604A803F02BFDA021EF
:107AD0000546954AFDF7C7FF002DB6D1022204A83E
:107AE000002303F0C4FCA42105468F4AFDF7BBFF29
:107AF000002DAAD16946022204A803F000FDA721A7
:107B00000546894AFDF7AFFF002D9ED18A49684698
:107B1000FFF760FEAA210546834AFDF7A4FF002D6A
:107B200093D186496846FFF755FEAD2105467E4A4A
:107B3000FDF799FF002D88D1694604A803F0F2FCF7
:107B4000B0210546784AFDF78EFF002D7FF47DAF0A
:107B5000032204A8002303F08AFCB4210546724ADC
:107B6000FDF781FF002D7FF470AF10A9102204A84B
:107B700003F0A1FCB72105466B4AFDF774FF002D09
:107B80007FF463AF042204A8002303F070FCBB2140
:107B90000546654AFDF767FF002D7FF456AF08A93B
:107BA000052204A803F0AEFCBE2105465E4AFDF79F
:107BB0005AFF002D7FF449AF6149022208A803F063
:107BC0008CFCC1210546584AFDF74DFF002D7FF47E
:107BD0003CAF152108A803F05DFCC4210546524ABC
:107BE000FDF741FF002D7FF430AF5649022208A86F
:107BF00003F073FCC82105464B4AFDF734FF002D06
:107C00007FF423AF152108A803F044FCCB210546DF
:107C1000454AFDF728FF002D7FF417AF4A4904229B
:107C200008A803F05AFCD92105463F4AFDF71BFF7F
:107C3000002D7FF40AAF142108A803F02BFCDC21EF
:107C40000546394AFDF70FFF002D7FF4FEAE3F4990
:107C5000082208A803F041FCE0210546324AFDF75E
:107C600002FF002D7FF4F1AE152108A803F012FCED
:107C7000E32105462C4AFDF7F6FE002D7FF4E5AE24
:107C80003349092208A803F028FCE7210546264AC3
:107C9000FDF7E9FE002D7FF4D8AE2E4B597808A8E9
:107CA00001290CBF1521142103F0F4FBEA2105463C
:107CB0001D4AFDF7D8FE002D7FF4C7AE08A904A821
:107CC00003F030FCF2210546174AFDF7CCFE002DEB
:107CD0007FF4BBAE052204A8002303F0C8FBF62105
:107CE0000546114AFDF7BFFE002D7FF4AEAE4FF4FE
:107CF000966204A8002303F0C2FBF92105460A4A54
:107D0000FDF7B1FE002D7FF4A0AE062204A80023EB
:107D100003F0ADFBFD210546034AFDF7A4FE002D4F
:107D20007FF493AE18E000BFE4BD0200DDBD0200A9
:107D30000BBE020014BE02007BBD02006FBD02003C
:107D400069BD0200FDA3020021BE020026BE0200A2
:107D50002FBE0200ACDDFF1F0CA9012204A803F016
:107D6000CEFB4FF480710546344AFDF77CFE002DB2
:107D70007FF46BAE01220CA8002303F080FB40F2DD
:107D8000031105462D4AFDF76EFE002D7FF45DAE12
:107D90000CA904A803F0C6FB4FF483710546274ADB
:107DA000FDF761FE002D7FF450AE072204A80023EA
:107DB00003F05DFB40F20B110546204AFDF753FE30
:107DC000002D7FF442AE142204A8002303F04FFBE1
:107DD0004FF487710546194AFDF745FE002D7FF4E3
:107DE00034AE082204A8002303F041FB4FF489714C
:107DF0000546124AFDF737FE002D7FF426AE4FF4FC
:107E0000807204A8002303F032FB40F215110546EE
:107E10000A4AFDF728FE002D7FF417AE204604A97C
:107E200003F080FB4FF48D710446044AFDF71BFEFE
:107E3000002C7FF40AAE204615B030BDE4BD020030
:107E400070B58AB005460C4601920021202202A896
:107E50001E4610F037FB02AA0120002102F004F9AF
:107E60002846202102F0F2F82046122102F0EEF816
:107E700001A8042102F0EAF80120002102AA02F080
:107E800023F902AC334606AD224603CAAA42186063
:107E90005960144603F10803F6D10AB070BDFFFF24
:107EA0000148FEF79DBE00BFACDDFF1F2DE9F04F7E
:107EB000ADF56F7D9146804640F2B9120C4610A890
:107EC00000211D4610F0FEFA7FA8002140F2B912F1
:107ED00010F0F8FAD9F80030242B02D8012010F065
:107EE0007DFA02F099F8D8F80011404602F0AEF899
:107EF000204602F0B3F82046FFF7CBFA0290FFF7D6
:107F000015FA2128064601D1002308E04FF4257117
:107F10006B4AFDF7A8FD002E40F0CD800123DFF86D
:107F2000A4A184F820300120FEF7EAFD9AF8013080
:107F30005A1E5342534194F8202042EA83031DB94C
:107F400084F820302523B2E043F0400384F8203049
:107F500004F17D020192D9F80020019900237D3AB5
:107F600004A803F07DFA04F12500FEF711FF0026B6
:107F70004FF0460C04F1370784F836C0624604F12E
:107F8000470B84F8356031463846CDF800C010F014
:107F900099FA12215846FEF7D3FED5F8442108324B
:107FA000F89A116814BF0020012041EA004108AA94
:107FB00003910120314602F057F858460E2102F095
:107FC00045F80120314608AA02F07EF8039B089A82
:107FD0005A40C4F85520029AC4F87920214620223C
:107FE00004F1590010F053FA3B4620465946029AD4
:107FF000FFF726FF95F84831DDF800C0002B4AD086
:108000006246394610A803F0AFFA29464FF4A17230
:108010000DF1860003F0A8FAD8F800412F2C88BF94
:108020003024224672A8414603F09EFA8DF8F841AA
:10803000BAF84A40A64210D27FA93046FFF790F91D
:108040007FA9804610A8FFF753F920B1404610A938
:10805000FEF78DFE1FE00136ECE70024FEF77BFE05
:10806000844216D220467FA9FEF77CFEDDF83E3220
:10807000013B03330BD9BAF84A300133AAF84A302E
:10808000FFF70EFF204610A9FEF767FE03E001345C
:10809000E4E7282010E095F84221D5F8443104A8FF
:1080A0003946FFF7FFFA049B019A9B1A7D33C9F802
:1080B0000030002000E030460DF56F7DBDE8F08F08
:1080C000E4BD0200ACDDFF1F2DE9F74F00230D4694
:1080D000C25CDCB20AB100230AE001330134202B78
:1080E000E4B2F5D1F7E701330137202BFFB205D019
:1080F000C218DFB292F82020002AF4D007F1200342
:10810000065D10F8038000EB030B002103194822E1
:108110002846019310F0D6F93022F6092A70C4F1EE
:10812000440232444FEAD818D21B42446A70AA195A
:108130004FF0020A4FF0000985F802A082F8039080
:10814000019BC4F12002B118301DE9702844194682
:1081500010F09DF906F124031B1BC4F1260005F85D
:1081600003A006F1250303EB0802121B1B1B05F8F5
:1081700002903044C7F1200208EB02014044E95468
:108180002844594608F1460810F081F94644301B4E
:10819000C01B03B0BDE8F08F2DE9F7431D460C9BD3
:1081A0000A9C0B9E083381468846174618D001F07A
:1081B00033FF4846414601F049FF3846202101F08F
:1081C00045FF284601F04AFF28462021224601F0BB
:1081D000D3FF2046314603B0BDE8F043FFF774BF3C
:1081E0000096202302F08AF8402003B0BDE8F08317
:1081F000F0B5ADF2244D04460E461546FEF7E6FDF9
:10820000B0F5806F00F2958008A8FEF7EDFD03221F
:108210002046002303F033F940F243310746474A32
:10822000FDF721FC0FB1102084E0694603222046AF
:1082300003F068F940F245310746404AFDF713FC68
:10824000002FF0D13E496846FFF7C4FA4FF452714F
:1082500007463A4AFDF707FC002FE4D16FF006020B
:1082600068464FF0FF3303F00AF940F24A310746FF
:10827000324AFDF7F8FB002FD5D132496846FFF7A7
:10828000A9FA40F24E3107462C4AFDF7ECFB002FCD
:10829000C9D12A463146684603F00DF94FF45471AE
:1082A0000546264AFDF7DFFB002DBCD1264968466E
:1082B000FFF790FA4FF455710546204AFDF7D3FBBE
:1082C000002DB0D104A90122684603F018F940F24C
:1082D00056310546194AFDF7C6FB002DA3D1FEF71E
:1082E00075FD08A9024604A803F0E5F840F25931EB
:1082F0000546124AFDF7B7FB002D94D104A9684644
:1083000003F010F940F25B3105460C4AFDF7ABFB78
:10831000002D88D12046694603F004F94FF45871C6
:108320000446064AFDF79FFB002C7FF47CAF2046F5
:1083300000E021200DF2244DF0BD00BFE4BD02009D
:108340005ABD020039BE02003DBE020030B50B78B6
:10835000412B8DB005460C4626D0422B34D0012B44
:108360003AD101F059FED5F80011284601F06EFE11
:1083700004A801F073FE04F1230004A9202210F0E8
:1083800077F848BB04A804F11101D4F843206B46E8
:10839000FFF756FD601C6946102210F069F8D0F115
:1083A000010038BF002018E001F036FED5F80011BA
:1083B000284601F04BFE04A801F050FE601C30215D
:1083C00004AAFEF702FE08E042F21513044A05482B
:1083D000D15C02F0A5FB00E000200DB030BD00BF75
:1083E00094BCFF1FA9DCFF1FF0B50C46ADF2D44DC5
:1083F0000546134656A822462946FEF78DF8044640
:10840000002840F024819DF813447CB1FEF78EFFD4
:108410004FF468710446904AFDF725FB0CBB8F4B67
:108420005B78012B14BF3524332410E1569B03F0F5
:108430000F030F2B40F0F680884B5B78012B9DF8E3
:10844000123404D1002B40F0F3803624FFE0002BDF
:1084500040F0EE809DF80134012B40F2E5800026CB
:1084600009E0E4B2F3E0FBA808A9FDF75FFD1128DD
:10847000074604D10136FF9B9E42F4D32DE04FF412
:108480007171754AFDF7EFFA002F40F0CF805FA8B9
:1084900008A9FFF75BFF98B10DF121009DF81214B8
:1084A0000122FEF7F1FE58B9FEF740FF40F2CD3150
:1084B0000446694AFDF7D7FA002CD2D11924C6E048
:1084C000FBA802F0F9FE4FF475710746624AFDF70A
:1084D000CAFA002FCED01024B9E004A903222846FE
:1084E00003F010F840F2DA3106465B4AFDF7BBFABA
:1084F000002EF0D1012204A8002302F0C0FF40F2B8
:10850000DE310646544AFDF7AEFA002EE3D1544957
:1085100004A8FFF75FF94FF4787106464E4AFDF75D
:10852000A2FA002ED7D14FF49B7302930DF2CC43E5
:10853000009308A902AA5FA8A8ABFFF7B7FC40F216
:10854000E7310646444AFDF78EFA8EB90299C1F525
:108550009B73039308AB194403AA0DF58360FFF7DF
:1085600047F940F2EE3106463B4AFDF77CFA0EB180
:10857000F4B26CE0039B43B19DF8402062F07F02AF
:108580008DF84020029A13440293022204A800238B
:1085900002F075FF4FF47E7106462F4AFDF763FA2D
:1085A000002E98D108A9029A04A802F084FF40F294
:1085B000FA310646284AFDF756FA002E8BD101F013
:1085C000CDFD029E01F028FD314608A801F03EFDD8
:1085D000202157A801F03AFD08A801F03FFD10AA9C
:1085E00008A8202101F0C8FD20A910A8FFF76CFD04
:1085F00020A9024604A8FFF7FBFD40F2024106460F
:10860000154AFDF730FA0EBB284604A902F08AFF8E
:1086100040F205410546104AFDF725FA002D7FF48A
:108620005AAF14E0142412E02C2410E03C460EE073
:1086300057A90DF20240FFF7F3F940F2B3310646B5
:10864000054AFDF710FA002E3FF404AF34462046E9
:108650000DF2D44DF0BD00BFE4BD0200ACDDFF1F44
:1086600041BE0200F0B591F8415085B006460C4677
:1086700055B1151C18BF012535B191F8C230002B3A
:108680000CBF0322042200E001226946304602F0BA
:1086900039FF40F241410746424AFDF7E4F90FB184
:1086A00010207DE040490222684602F016FF40F2A9
:1086B000444107463B4AFDF7D6F9002FF0D1214649
:1086C00094F84020684602F0F6FE40F24741074623
:1086D000344AFDF7C8F9002FE2D16DB9694630463A
:1086E00002F020FF40F2624104462E4AFDF7BBF93A
:1086F000002CD5D1204653E094F8C2306BB92B49F9
:108700000422684602F0E9FE40F254410546254A3B
:10871000FDF7A9F9002DC3D11AE0254904226846C6
:1087200002F0DBFE40F24E4105461E4AFDF79BF982
:10873000002DB5D104F1C2016846FFF74BF84FF4A4
:108740008A610546174AFDF78EF9002DA8D1D6E7B4
:1087500004F141016846FFF73DF840F257410546F4
:10876000104AFDF780F9002D9AD112490B22684674
:1087700002F0B3FE40F25A4105460A4AFDF773F98A
:10878000002D8DD104F182016846FFF723F840F2F5
:108790005D410446034AFDF766F9002C80D19DE750
:1087A00005B0F0BDE4BD020046BD0200BA9402006F
:1087B00055BD020049BD02002DE9F0479146ADF5D7
:1087C000167D0222984600230D46064602F057FE0B
:1087D00040F2215104464D4AFDF745F90CB11024F1
:1087E0008FE049464246304602F065FE40F2235192
:1087F0000446464AFDF737F9002CF0D12B78412B7F
:1088000006D0422B06D142F21513414AD75C02E052
:10881000302700E046276C1C2046FEF71DFDC0F304
:10882000074001283946204604D101F053FD6FF07E
:10883000070A05E00022134601F0F8FC6FF0060A73
:1088400015AF204629463A4602F026FA70B1314B60
:108850001B780A33DBB2012B13D82F4B1C6840F274
:10886000012301349C4288BF48240BE005AB8DE80E
:108870008804484641469E9A4B46FFF78DFC0446C5
:1088800000E0482403223046002302F0F8FD40F2C5
:10889000475180461D4AFDF7E6F8B8F1000F9ED11A
:1088A00022463946304602F006FE40F2495104465F
:1088B000164AFDF7D8F8002C91D195F887300BB9FE
:1088C00000241EE004223046002302F0D8FD40F2CE
:1088D000515104460D4AFDF7C6F8002C7FF47FAFD6
:1088E00042F214030A4A05F14701D25C3046FFF711
:1088F000B9FE40F254510446044AFDF7B4F8002C86
:10890000DED020460DF5167DBDE8F087E4BD0200FF
:1089100094BCFF1FD5B9FF1FA0BAFF1F2DE9F04778
:108920000025F8B004462F46D4F84C319F425BD264
:10893000D4F86C1140F289167E4304F128003144CA
:10894000FFF704FDD4F86C3198B99819013046212D
:1089500002F0E6F808B1013544E0D4F86C311E4469
:1089600086F8430086F8440086F8450086F84600FD
:1089700038E09819444B013019780122FEF784FC45
:10898000D4F86C91014650B14E44002386F8433030
:1089900086F8443086F8453086F8463022E03B4B76
:1089A0000135B3F84AA0FEF70BF8D8B94E4480461B
:1089B000D04517DA09A94046FEF7D2FC09A8711C78
:1089C000FEF796FC58B106F147000DF16A014FF42D
:1089D000A17201370FF05BFDC4F84C7104E008F19F
:1089E0000108E5E701379FE7D4F84C61002E3DD13F
:1089F00001F012FB04F12800D4F8281101F026FB45
:108A000001A801F02BFBFEF7A6F9864218D23046EA
:108A100009A9FEF7A7F9DDF86630013B033323D837
:108A2000194B09A819780022FEF72EFCE0B90DF1C8
:108A3000460001A920220FF01BFDA8B9132D02DD6D
:108A4000C4F84C5112E040F289136B43D4F86C2106
:108A50000121D154D4F86C01184408444FF4C47275
:108A600009A90FF014FD01350136CCE7D4F86C01EB
:108A7000D4F84C11064B40F289120FF00BFE284639
:108A800078B0BDE8F08700BFA8DCFF1FACDDFF1F9A
:108A90004D7201002DE9F04790461F460122002348
:108AA0000C460646DDF8209002F0E9FC40F21A512F
:108AB00005460F4AFCF7D7FFADB9611C2278304656
:108AC000FEF71EFE40F21D510546094AFCF7CBFF9A
:108AD00055B9CDF820903046214642463B46BDE888
:108AE000F047FFF769BE10252846BDE8F08700BFB4
:108AF000E4BD0200F0B542F20803384CE15889B0F9
:108B00000746002966D042F20C02A3588B4261D27C
:108B100040F2891505FB0345591C05F5A87520464B
:108B2000A150FEF7B6FC05F12301204620220FF0EC
:108B3000AEFC95F88730384604A90BB1042200E05A
:108B4000032202F0DFFC40F275510646244AFCF78E
:108B50008AFF0EB110243EE042F21403E35C2BB90D
:108B600005F18800314641220FF0ACFC08AA1B4CED
:108B7000502342F8143D04F1780004F12501FEF77A
:108B800037FE039B48B994F8202013B162F07F02AE
:108B900001E002F07F0284F82020124A0092294668
:108BA000A2F5987204A82533FFF774FF4FF4B26161
:108BB00004460B4AFCF757FF6CB904A9384602F08B
:108BC000B1FC40F293510546054AFCF74CFF002DDD
:108BD000C0D100E03024204609B0F0BD94BCFF1F96
:108BE000E4BD0200C4BDFF1F7FB5022269460546F1
:108BF00002F088FC40F29C510446274AFCF733FF00
:108C00000CB1102046E001226846002302F037FC38
:108C100040F29E510446204AFCF725FF002CF0D17B
:108C20001E4C6846B4F84A20002302F028FC4FF49A
:108C3000B4610646184AFCF716FF002EE1D1022265
:108C40006846002302F01BFC40F2A2510646124A7D
:108C5000FCF709FF002ED4D1FEF77DF8B4F84A20C6
:108C6000821AD317684602F00AFC40F2A551044666
:108C7000094AFCF7F8FE002CC3D16946284602F0E9
:108C800051FC40F2A7510446034AFCF7ECFE002CCD
:108C9000B7D1204604B070BDE4BD0200ACDDFF1FBB
:108CA000F0B5F9B015460646084609A9FEF75AF888
:108CB000002DD4BF0222032201A9304602F022FC7B
:108CC00040F2B3510446524AFCF7CDFE002C40F06E
:108CD0008180032201A8002302F0D1FB40F2B551AC
:108CE00004464B4AFCF7BFFE002C73D105A90222B3
:108CF00001A802F007FC40F2B9510446444AFCF7CF
:108D0000B2FE002C66D1434905A8FEF763FD40F290
:108D1000BB5104463E4AFCF7A6FE002C5AD19DF8F2
:108D2000DC21302A8ABF22466BA93B4905A802F004
:108D3000D4FB40F2C4510446354AFCF794FE002CA3
:108D400048D1364905A8FEF745FD40F2C651074611
:108D50002F4AFCF788FE002F3CD10DF1AB0105A88E
:108D6000FEF738FD4FF4B9610746294AFCF77BFE50
:108D700087BB05A901A802F0D5FB40F2CA510746FE
:108D8000234AFCF770FE2FBB042201A8002302F047
:108D900076FB40F2CD5107461D4AFCF764FECFB981
:108DA0000DF14601202201A802F085FB204640F289
:108DB000CF51174AFCF757FE002D1ADD052201A8F6
:108DC000002302F05CFB40F2D3510446104AFCF74A
:108DD0004AFE0CB1102019E02A4601A8EB1702F058
:108DE0004EFB40F2D5510446094AFCF73CFE002CEC
:108DF000F0D101A9304602F095FB4FF4BB61044667
:108E0000034AFCF730FE002CE4D1204679B0F0BDD7
:108E1000E4BD020046BD020063B70200BA9402003E
:108E20002DE9F041F4B00646084605A91546FDF7C0
:108E300099FF05A8FEF710FA431E032B044605A868
:108E400028BF0124FEF708FAC0F3074001280CBF31
:108E50006FF007076FF00607002DD4BF042205222C
:108E600001A9304602F04EFB40F2ED5180464F4AD8
:108E7000FCF7F9FDB8F1000F01D0102093E00622B5
:108E800001A8002302F0FBFA4FF4BE618046474A76
:108E9000FCF7E9FDB8F1000FEFD10DF15A01012205
:108EA00001A8FFF7DFFB40F2F35180463F4AFCF791
:108EB000DAFDB8F1000FE0D1072201A8002302F08B
:108EC000DEFA40F2F7518046384AFCF7CCFDB8F1A3
:108ED000000FD2D105A9012201A8FEF711FC40F232
:108EE000FA518046314AFCF7BEFDB8F1000FC4D1FB
:108EF000082201A8002302F0C2FA40F2FE51804687
:108F00002A4AFCF7B0FDB8F1000FB6D101A805A9B7
:108F100001223B46FEF7C6FB002D0DDC0A2201A80C
:108F2000002302F0ACFA40F20C6105461F4AFCF740
:108F30009AFD002DA1D11AE0092201A8002302F018
:108F40009EFA40F206610746184AFCF78CFD002F96
:108F500093D12A46EB1701A802F091FA4FF4C161B0
:108F60000546124AFCF77FFD002D86D1D6E7224642
:108F700001A8002302F083FA40F20E6104460B4A76
:108F8000FCF771FD002C7FF478AF01A9304602F0A8
:108F9000C9FA40F211610446044AFCF764FD002C52
:108FA0007FF46BAF204674B0BDE8F081E4BD0200F1
:108FB0002DE9F04FADF5157D824609A8FDF782FB3E
:108FC0000446002840F044819DF888418CB1FEF7AA
:108FD000ADF940F229710446A04AFCF744FD0CB1FA
:108FE000E4B235E19E4B5B78012B14BF352433246A
:108FF0002EE19DF887319BB10AA90DF27710FEF79B
:109000000FFD40F22F710546944AFCF72CFD002D10
:1090100040F0178142F21403924A0121D15403E037
:1090200042F214038F4AD454539B002B00F00B815F
:109030009DF84830002B00F0068109A8FFF76EFC70
:109040000546002800F0018140F28919649B09FB64
:1090500000F94B446FF4C4710B44012893F8873036
:10906000CCBF0422032203B1013205A9504602F00D
:1090700049FA4FF4EB610646784AFCF7F4FC0EB16E
:109080001024E5E0012D6498764E03DD42F21403CE
:10909000F35C3BB90378422B04D088300021412295
:1090A0000FF010FADDF890B125230BF101004621F5
:1090B0009290039301F034FD074660B100F0ACFFDD
:1090C00013A8539900F0C2FF664800F0C7FF0523BC
:1090D00086F8203047E09DF87601624ED0F101001D
:1090E00038BF0020FDF7A0FD93AB314603AA0093E3
:1090F00013A83B46FEF7DAFE80463846FDF794FD9E
:10910000404640F28571554AFCF7ADFCB8F1000FBE
:1091100002D05FFA88F49BE042F2140306F12501C5
:10912000F25C96F8203023F0040343EA820386F8C9
:10913000203004AA502366A80493FEF759FB40F29E
:109140008E710746454AFCF78EFC0FB1FCB27FE0FA
:10915000049B43B196F8202062F07F0286F820201D
:10916000039A134403930AAE59463E4A009605A853
:10917000039BFFF78FFC40F299710746374AFCF7D3
:1091800072FC002F63D1012D0DDC05A9504602F0C1
:10919000C9F940F2A4710746304AFCF764FC002F7D
:1091A0007FF46EAF1CE0052205A8002302F067F9EA
:1091B00040F29E710746294AFCF755FC002F7FF4C8
:1091C0005FAF2A4605A8EB1702F059F94FF4F46196
:1091D0000746224AFCF747FC002F7FF451AFD4E743
:1091E000649B6F1E03F2891E17D0132F1ED80FCE5B
:1091F0001D4D0FC596E80F0085E80F006FF4C4738E
:10920000714609EB030205F110000FF040F9A5F1DA
:10921000C80066A9B82202F0A7F9124B42F2080270
:1092200000259F5042F20C029D5000E017256EB2BF
:10923000304640F2AA71094AFCF715FC46B1ECB27F
:1092400006E02C4604E0142402E02E2400E03C4614
:1092500020460DF5157DBDE8F08F00BFE4BD02008E
:10926000ACDDFF1F94BCFF1FC4BDFF1F10B504463B
:10927000002141F2040204F580540FF023F94FF469
:109280008053238010BDFFFF10B500F059FF114837
:10929000FDF794FC04460020FDF732FC24B9FEF7EC
:1092A0000FF90C48FDF79CFC0A4801F0BDF80A488C
:1092B00000F0B8FE09481021FDF742FD012802D058
:1092C00001200FF08BF8FEF745F8BDE81040FDF7E0
:1092D000A5BD00BFACDDFF1FFADDFF1F80DEFF1F55
:1092E00030B50B1F3B2B89B005460C4602D9012037
:1092F0000FF074F800F090FE2146284600F0A6FE1C
:10930000684600F0ABFE0D4C00F086FE684610216A
:1093100000F09CFE2022684600210FF0D3F82021A7
:1093200004F1220000F092FEA01C00F097FE012341
:1093300020466370FDF754FC09B030BDACDDFF1F63
:10934000044B082283F84820034B03221A70FEF7CF
:10935000A7BD00BFACDDFF1FC88CFF1F0248002166
:1093600042F218120FF0AEB894BCFF1F08B5FEF71A
:10937000A7F80A48FDF734FC09481021FDF7E0FC86
:10938000012802D001200FF029F8FFF7E7FFFDF7D1
:10939000E1FF0448BDE8084000F044BEACDDFF1F1B
:1093A00080DEFF1FFADDFF1F10B5084C08480021C2
:1093B00010220FF087F8A01C002120220FF082F865
:1093C0002046BDE81040FDF70BBC00BFACDDFF1F21
:1093D00080DEFF1F10B50F4B0F4C1A7851B20029D9
:1093E000C4BF02F1FF321A7094F848305AB2002A12
:1093F0000BDD013B84F84830FEF752FD94F948300C
:10940000002B04DCFFF7D0FF01E0FF2010BD00209F
:1094100010BD00BFC88CFF1FACDDFF1F03685A1EC4
:10942000012A10B5014603D923F00203042B17D1FA
:10943000D1F8482301F55370013201F2AD11FDF767
:1094400037FF3328044608D1FFF7C4FF064B93F9D2
:109450000030002BD8BF342403E0FFF771FF00E099
:109460000024204610BD00BFC88CFF1F2DE9F0432B
:10947000ADF2245D07466FA8FCF73FFE05460028C5
:1094800040F0E1806FA8FFF7C9FF40F2B2610446E7
:109490006F4AFCF7E8FA002C40F0D0806D4BB3F82F
:1094A0004A2098461AB96F9B012B40F0CC806F9BE5
:1094B000022B1FD1684B4FF0FF301860674B012221
:1094C0001A70674B00261E70FDF766FF654B18602B
:1094D0009946D9F80000634C002804DBFDF75CFFD7
:1094E00001362060F5E74FF0FF30FDF755FF2060B3
:1094F00000242FE0042B1CD170A90020FDF78FFF62
:10950000554B574A18600121117000249946D9F82B
:109510000000514E002805DB0021FDF780FF0134DB
:109520003060F4E7002070A9FDF779FF3060002675
:1095300010E0052B4FF000040BD0032B09D0484B53
:10954000454A1C70454B1C704FF0FF331360454A71
:10955000136026466F9B013B052B71D8DFE803F0B3
:1095600005121230300300244EE03846FFF73CFB72
:109570004FF4DD610446364AFCF775FA002C62D0E0
:10958000102560E0374C2168002902DB334B1B7843
:109590002BB9324A00231370314A137052E032461D
:1095A0003846FFF77DFB40F2F4610646284AFCF797
:1095B0005AFA002EE4D12068FDF7EEFE206042E06A
:1095C000254E31680029E4DB254B1B78002BE0D0C9
:1095D00022463846FFF724FC40F2027104461C4A3A
:1095E000FCF741FA002CCBD130682146FDF717FF7C
:1095F000306028E020466946FDF7B4FBDDF84230D4
:10960000013B033305D90134FDF7A5FB8442F1D3B7
:1096100018E068460DF2E11146220EF029FF0028FD
:10962000F1D1002C0EDB2046FDF7A3FBB8F84A3041
:10963000013BA8F84A30FEF733FC04E0254602E07F
:10964000012500E02E2528460DF2245DBDE8F083BB
:10965000E4BD0200ACDDFF1F90BCFF1FD0DEFF1F8A
:10966000F1DEFF1F7CDEFF1F2DE9F04399B03F299B
:1096700005460C469946209E40F390804B4F7B78E0
:10968000012BB8460AD197F94830002B40F3888067
:10969000474B93F90030002B40F384801046454936
:1096A0006A4600F06FFE00F0B7FC2021684600F02B
:1096B000CDFC684600F0D2FC202168460DEB01028B
:1096C00000F0D2FC2846214600F0C0FC1EB1304616
:1096D000102100F0BBFC20210DEB0102684600F0D8
:1096E000F3FC08A8494610220EF0C2FE002851D112
:1096F000230701D00134FBE7284669462246F2F7EA
:10970000BCF83F23EA5CC3F13F072AB1C7F1400729
:109710003B1F3B2B40D803E0002BF7D0013BF1E788
:1097200098F80130214C012B2ED194F94830002BB0
:1097300036DDDFF87C8098F90030002B32DD102216
:1097400030466946F2F799F800F066FC3046102181
:1097500000F07CFC202104F1220000F077FC10A82E
:1097600000F07CFC10A8A11C10220EF081FE48B174
:10977000FDF7F0FDFFF72EFE98F90030002B11DD0C
:10978000312010E0FFF7DCFD28463946FFF7A8FD41
:10979000002008E0332006E0372004E07F2002E0CC
:1097A000322000E0342019B0BDE8F083ACDDFF1FAB
:1097B000C88CFF1FD1DEFF1F30B591B0154604469F
:1097C0006A4608461F4900F0DDFD00F025FC202117
:1097D000684600F03BFC684600F040FC102228463A
:1097E0006946F2F74AF800F017FC2846102100F00D
:1097F0002DFC2021144800F029FC08A800F02EFCC4
:1098000008A8124910220EF033FE054658B1FDF7A4
:10981000A1FDFFF7DFFD0E4B93F90030002BCCBF0D
:10982000312034200CE0FFF78BFD0A49102220463E
:109830000EF02DFE204669461022F2F70DF828465C
:1098400011B030BDD1DEFF1FCEDDFF1FAEDDFF1F2B
:10985000C88CFF1F80DEFF1FF0B5EBB006460BA8DB
:10986000FCF7DCFF0C9BDA1E022A04460BD8954A53
:1098700092F94820002A40F31781934A92F9002078
:10988000002A40F31381002C40F019810B9A012A21
:1098900040F00E81002B00F00B81013B9DF8A6519A
:1098A000042B00F20581DFE803F0031547658B0008
:1098B00003A90122304601F025FE40F68E0107463D
:1098C000824AFCF7D0F8002F40F08B8001238DF8FE
:1098D000A631B7E0013503A92A46304601F012FE51
:1098E00040F697010746794AFCF7BDF8002F78D17A
:1098F000012203A8002301F0C2FD40F69A010746A9
:10990000724AFCF7B0F8002F6BD17148714900F032
:1099100033FD704903A801F120026FF01803FDF731
:10992000F7FD40F6A1010746684AFCF79CF8002FB6
:1099300000F08880FCB2C2E0624B5B78012B00F043
:10994000B980649909B91424B9E09DF88D30002BD1
:10995000F9D09DF87C30002BF5D0002300930DF159
:109960008E000DAA0DF17D03FFF77EFE40F6B101DA
:1099700007461FE0534B5B78012B40F09D806499B4
:109980000029E0D09DF88D30002BDCD09DF87C3094
:10999000002BD8D09DF8A431002BD4D065AB009318
:1099A0000DF18E000DAA0DF17D03FFF75DFE40F66F
:1099B000C1010746454AFCF756F8002F42D07DE02A
:1099C000404B5B78012B77D1013503A92A463046FD
:1099D00001F098FD40F6CA0107463C4AFCF743F8FF
:1099E0000FB110246BE09DF87C30002BABD09DF8BC
:1099F000A431002BA7D0022203A8002301F03FFDD1
:109A000040F6D3010746314AFCF72DF8002FE8D184
:109A10000DA965AA07A8FFF7CFFE40F6D7010746B4
:109A20002A4AFCF720F8002F48D107A9102203A8E2
:109A300001F041FD40F6DA010746244AFCF713F82D
:109A4000002FCED19DF8A6310BB9EDB11FE0032256
:109A500003A8002301F013FD40F6E80107461B4A66
:109A6000FCF701F8002FBCD1164B93F9482003A84E
:109A7000D31701F004FD40F6EA010746134AFBF74D
:109A8000F2FF002FADD1E0E79DF8A631BBB103A9ED
:109A9000304601F047FD4FF40F6105460B4AFBF7D6
:109AA000E2FF002D9DD10AE0322408E0342406E0D4
:109AB0007F2404E0302402E0352400E03C462046C8
:109AC0006BB0F0BDACDDFF1FC88CFF1FE4BD020012
:109AD000D1DEFF1F90DEFF1F2DE9FF411446054632
:109AE00010228846684600210EF0ECFC04F58053F5
:109AF0002E781A883E4F68462146002301F0B0FCBC
:109B00000A2E06D003D8731E012B0CD801E0412E7B
:109B100009D1384B93F94830002B54DD364B93F97B
:109B20000030002B51DD062E05F1010108F1FF3256
:109B30001FD010D8022E18D005D8012E47D1684664
:109B4000FEF752FC38E0032E0DD0042E3FD16846BC
:109B5000FDF76AFF30E0082E16D00ED30A2E28D06B
:109B6000412E26D033E0002532E06846FFF720FA88
:109B700022E06846FFF770FE1EE0FDF7D7FBC5B296
:109B800035BBFFF7F3FB23E042F20403FB5C022B3F
:109B900018BF30251CD16846FEF7ACFF009B41F290
:109BA00002021B1BA3520546002814BF08260226EA
:109BB0000EE06846FFF75AFC009B41F202021B1BB5
:109BC0000546A35204E0322502E0342500E00125D9
:109BD0000020FCF795FF42F20403FE541DB141F250
:109BE00002030022E252284604B0BDE8F08100BF23
:109BF00094BCFF1FACDDFF1FC88CFF1F38B5184B8E
:109C00001B78022B2BD0174C2378242B24D0164DF5
:109C1000296869B189B200F095FF144B298818684A
:109C200000F09EFFEDF758FCF7232370002014E0AE
:109C30000F4B1B7813B90F4B1B6843B10B4B002123
:109C400018684FF480620EF03DFC232005E00120EF
:109C5000EEF72CF82A2000E0184600B238BD38BDD7
:109C600030BBFF1FD5B9FF1FA0BAFF1FA88CFF1F75
:109C700000BAFF1F50BAFF1F2DE9F04FADF5297D47
:109C8000A2F10A0591F800804E78CC7801938346C2
:109C90008B7800930A3128A82A4601F065FC5846C3
:109CA00028A9FCF78DFE002800F0A881B74B0422FC
:109CB000B8F1E40F1A60994640F0F380B44B93F882
:109CC00000A0BAF1000F40F0EC80B24B28A8C3F816
:109CD00000A0F1F715FE41225146AF480EF0F2FB0D
:109CE000AE49AD48FBF7D0FBAD48F1F7D7FDAD4B22
:109CF00000F1140250F8041B43F8041B9042F9D100
:109D000002781A70A4490123412268A8C9F80030DA
:109D100001F02AFCA04A0DF1A9030DF1C90153F885
:109D2000040B42F8040B8B42F9D19F4B9A489F4990
:109D30009DF8CA504FF0010883F80080EAF700FA56
:109D40008346002840F0AB800CA8E7F715FE2022E0
:109D50000CA89649E7F73AFE0CA89449E7F757FE96
:109D6000934BF6221A709946002E00F09180002C39
:109D700003A859464FF0210218BF02240EF0A2FB9F
:109D8000F31E434502D88DF80C8007E0894B032170
:109D90001878EAF7DDFD002800F030810DF1CB03E3
:109DA0000DF10D020DF1EB0853F8041B42F8041BF2
:109DB0004345F9D1009ADFF8E0B1531C5FFA83FA0A
:109DC0005846002141220EF07DFBBAF1010F02D06E
:109DD000BAF1040F06D1042003A98022EAF796FF06
:109DE000202714E0BAF1020F02D0BAF1030F0ED10E
:109DF000504603A98022EAF789FF0BF1010059467A
:109E000040220EF044FB04238BF8003041270DF272
:109E1000D51061493A4601F0A7FB022E01D0042E6D
:109E20002CD1572D06D1644BDA78572A02D1002263
:109E3000DA70DDE0042E13D10220FCF761FE44F657
:109E40003820FCF713FF01281EDC00281EDB03D19D
:109E500089F800003A20D4E0572D04BF564BDD703E
:109E600068AB07F1350119444046EAF769F9034642
:109E7000A8B968A807F1550122460DE068A807F1C6
:109E800035012246002307E02120BAE02D20B8E06A
:109E900068A8352122463346EDF738FBA8E0272095
:109EA000AFE0584628A9FCF78BFD012840F3A080BD
:109EB00028A829460122EBF773FEB8F1F30F344BC3
:109EC0000FD11B780122C9F80020002B40F09080B0
:109ED0003A4B1B68002B40F08B803948EDF72EFD84
:109EE00086E01878002840F08380334AD378934680
:109EF00013B9D47028AF3EE09C42FBD881E03148D2
:109F0000DFF8C0A0002140220EF0DCFA382D35DD4C
:109F10003A460AF1070107F1380052F804EB41F81C
:109F200004EB8242F9D112780A70DFF898C004225B
:109F30006046FF210EF0C6FA009B8AF80480FF22DB
:109F40008AF805608AF8062013B1392DD8BF8571CB
:109F5000B8F1F00F3AD11C4B1A488BF8034080221D
:109F60001A700C4B00221A600123C9F80030EBF77D
:109F700045F9393D3937002DC1DC39E00AF10700D8
:109F800039462A4601F0F0FACFE700BFD8B9FF1FE3
:109F900000BAFF1F4CBAFF1F7895FF1FAC92FF1F3E
:109FA0005C9002009895FF1FFC91FF1FF2DEFF1FDF
:109FB000D5B9FF1F9CBAFF1F999BFF1FA0BAFF1FB7
:109FC000709002000CBAFF1FD6B9FF1FB8F1ED0F59
:109FD000CFD10E4B0E488BF80340D5221A700D4B93
:109FE00000221A600123C9F80030EAF7F3FFC0E746
:109FF0000198FFF703FE40B280B202E0EDF76CFA81
:10A00000182000B20DF5297DBDE8F08FD6B9FF1FED
:10A010000CBAFF1F4CBAFF1F0148E7F7ADBC00BFE9
:10A02000C0DFFF1F10B504462146402205480EF050
:10A030002EFA04F1400104482022BDE810400EF041
:10A0400026BA00BF12DFFF1F72DFFF1F03460A465A
:10A0500001481946E7F7BABCC0DFFF1F01460148B7
:10A06000E7F7D5BCC0DFFF1F30B591B004460D4601
:10A070006846002140220EF025FA34B1012C1DD093
:10A08000402D04D901200EF0A9F90D4C20252146C0
:10A0900068462A4601F068FA00241DF8043083F06F
:10A0A00036030DF804300134402CF6D1FFF7B4FF2D
:10A0B00068462146FFF7CAFF11B030BD014CE5E705
:10A0C00012DFFF1F72DFFF1F70B5044690B010460D
:10A0D0000E461546FFF7C2FF6846002140220EF0EB
:10A0E000F1F934B1022C24D0402E04D901200EF015
:10A0F00075F9114C202621466846324601F034FAA3
:10A1000000241DF8043083F05C030DF804300134A2
:10A11000402CF6D1FFF780FF68462146FFF796FFF7
:10A1200028462021FFF792FF2846FFF797FF10B03F
:10A1300070BD024CDEE700BF12DFFF1F72DFFF1FA2
:10A1400008B50448F6F7C6FDF6F7CAFD024B1860DD
:10A1500008BD00BF416D0100B8DFFF1F034B044A7B
:10A160001A60044B20221A60704700BF30E0FF1FC6
:10A17000CC8CFF1F94DFFF1F70B5C4B006460D46A0
:10A1800014460021882222A80EF09CF90E4B22933F
:10A190000E4B23930E4B2493402325932023269389
:10A1A00002AB27930B4B00941B6801930A4B31467B
:10A1B00018682A4622ABF6F7DEFE10B901200EF031
:10A1C0000DF944B070BD00BFAD690100B369010075
:10A1D000B9690100B8DFFF1F30E0FF1F2DE9F04132
:10A1E000069C074600200E46154601462246984624
:10A1F000FFF73AFF38463146FFF728FF28460A4D59
:10A200004146FFF723FF28462021FFF71FFF0020CC
:10A2100001462246FFF758FF204605F12001202283
:10A22000BDE8F041F1F718BB12DFFF1F13B5054C75
:10A230000094FFF7D3FF044B1C60044B20221A60EC
:10A2400002B010BD52DFFF1F30E0FF1F94DFFF1F81
:10A25000F0B59BB0164602AC00221F460094134690
:10A26000FFF7BCFF002140220AA80EF02BF9104B8B
:10A2700020461A680AA9F6F73EFE0AAD324612AE2B
:10A280002C4603CCB44210605160254602F108020E
:10A29000F6D134463B461AAD224603CAAA4218609C
:10A2A0005960144603F10803F6D11BB0F0BD00BF9E
:10A2B000B8DFFF1F30B58BB0154602AC0022134645
:10A2C0000094FFF78BFF28462146F4F7EFFD0BB013
:10A2D00030BDFFFF13B50022054C00941346FFF775
:10A2E0007DFF044B1C60044B20221A6002B010BD9D
:10A2F00098DFFF1F30E0FF1F94DFFF1F2DE9F04FB5
:10A3000095B002AFB1F5007F86460C4693461E46D7
:10A31000D7F87090E84602D8B3F5007F05D94846D3
:10A32000002140220EF0CEF81FE001EB030A0AF1F3
:10A33000070323F00703ADEB030D02AD7146224680
:10A34000284601F011F928190A4C3246594601F005
:10A350000BF9381D2168F4F7A9FDCDF800A0484697
:10A3600021683A1D2B46F4F71DFD4C37C546BD4606
:10A37000BDE8F08F30E0FF1F014B1A68F6F7BBBD58
:10A38000B8DFFF1F08B5054B1B68F6F7EDFC012889
:10A3900002D001200EF022F808BD00BFB8DFFF1F79
:10A3A00070B591F8CE30FF2B88B005460C4601D031
:10A3B000002029E001F1220630462021FCF7C0FCF4
:10A3C0000128F5D16B78D3B1FFF726FE696CA81C84
:10A3D000FFF73CFE6846FFF741FEFFF71DFE6846AB
:10A3E0001021FFF733FE0021202268460EF06AF8A4
:10A3F00030462021FFF72AFEA01CFFF72FFEFF2387
:10A400000120636484F8CE0008B070BD10B5044626
:10A4100021460448D0220EF03AF82046BDE810400C
:10A42000FCF7DEBBACDDFF1F10B50378E8B00446D7
:10A43000DBB134A8FCF7C2FB6846FCF7BFFB94F81D
:10A44000CE30FF2B07D134A86946FFF7A9FF10B122
:10A450006846FFF7DBFF0021D02268460EF032F895
:10A4600034A80021D0220EF02DF868B010BDFFFFF7
:10A4700010B500230A4A182101FB03210C7C4CB9BA
:10A4800001230B74074B08601A680023C1E90223FB
:10A49000204603E00133092BECD1FF2040B210BD70
:10A4A00050E0FF1FCCE2FF1F10B5002318210A4C1B
:10A4B00059430A59824209D1084B1A6821440023A2
:10A4C000C1E9022301230B74002003E00133092BAF
:10A4D000ECD1FF2040B210BD50E0FF1FCCE2FF1FC7
:10A4E00010B50023182207495A435458844203D117
:10A4F0000A440020107403E00133092BF2D1FF203D
:10A5000040B210BD50E0FF1F044A00231380044AEC
:10A510001360044A1360044A1360704744E0FF1F4D
:10A5200040E0FF1F9CE1FF1F98E1FF1F044B1888CC
:10A5300028B1044B1B68834214BF012002207047DE
:10A5400044E0FF1F40E0FF1FF8B5044617460E46E3
:10A5500009B1002536E0C3687BB903696BB9211DD9
:10A56000042215300DF093FF2378E2686376238987
:10A57000E376190A0732A176E260E268002A3EDD3E
:10A58000A01815300021C2F140020DF09BFF04F12C
:10A590001500BDE8F840FCF7FBBAE368ABB1E16831
:10A5A0004B1CE3602144725D4A752269402B02F125
:10A5B0000102226105D104F11500FCF7E9FA00233C
:10A5C000E3600135BD42E8DB19E0042204F1150027
:10A5D000211D0DF05CFFE3681A1DE26022693AB9A3
:10A5E000227862762289E276110AA176073304E0A6
:10A5F000217D61764A1C22750533E360CFE7F8BD03
:10A6000010B598B004468DF8071002A80021582212
:10A610000DF058FFBF23012202A80DF107018DF8AC
:10A620000830ADF810200394FFF78EFF002102A838
:10A630000A46FFF789FF18B010BDFFFF024B00224A
:10A640001A60FFF761BF00BFA0E1FF1F38B5134CD0
:10A6500004F1F005237AEBB1114BD4E900011A683B
:10A660000023121A63EB010340F2ED20002199420E
:10A6700008BF90420ED254F8080C0521FFF7C0FF26
:10A68000084A00232372126854F8083C934201D10F
:10A69000FFF73AFF1834AC42DCD138BD58E0FF1F59
:10A6A000CCE2FF1F98E1FF1F00B599B000218DF8A3
:10A6B0000700582202A80DF005FF0B4B1B680393FF
:10A6C0000122BB2302A80DF107018DF80830ADF877
:10A6D0001020FFF739FF002102A80A46FFF734FFD8
:10A6E00019B05DF804FB00BF98E1FF1F38B51446B0
:10A6F0000846FEF7BBFD2378E02B0FD0E12B27D1D6
:10A70000144904222281002520460A704D708D7064
:10A71000CD70FFF719FF2046294614E00D4B1B783A
:10A7200003B93923238122890A4800210DF0CAFE8A
:10A7300021890848FCF704FB204606492289FFF7D7
:10A7400003FF204600210A46FFF7FEFE012038BD28
:10A75000002038BD1C9CFF1F2DE9F04702790568D9
:10A76000ADF5805D862A86B006465FD14279837951
:10A7700043EA0223082B03D003260024374699E03E
:10A78000002D7ED0FFF75AFF3468601C0ED1A14B1C
:10A790001F680137791E033107F1010201D91746FD
:10A7A000F8E738461F60FFF763FE0FE000239A4A80
:10A7B0009A58A24206D01833D82BF8D12046FFF77A
:10A7C00057FE02E02046FFF76FFE274601305AD0C1
:10A7D00005A8002158220DF075FE4FF011088623C0
:10A7E000F11D6846082206948DF81430ADF81C80DF
:10A7F0000DF04DFE022300248DF80C3005A8052332
:10A80000694642468DF8103002978DF80D408DF85C
:10A810000E408DF80F40FFF797FE05A8214622460F
:10A82000FFF792FE3846FFF75BFE41E0691C2CD033
:10A83000002379495858A8420C460AD01833D82B1F
:10A84000F7D1130605D5FFF771FE10B92846FFF7BB
:10A850000FFE37680023E258BA4203D01833D82BD2
:10A86000F9D107E0FFF762FE012819D16B4B1B6895
:10A870009F4210D096F90430002B4FF0000417DAF5
:10A8800006E02C4602E0002402E000240B2600E053
:10A89000062603270EE096F90430002BC0F2E8806C
:10A8A00033791A0600F1E780002840F0D280044690
:10A8B00026460427DFF870810021404658220DF01B
:10A8C00001FE042FC8F8045088F8006077D0032FE9
:10A8D00009D12846FFF704FE042E01D1FFF714FE2C
:10A8E0002846314669E0012F06D14D4B4D491A6883
:10A8F0000023C1E9002362E0A6F18103102B7FD879
:10A90000DFE803F00C7E527E7E097E147E7E7E7E22
:10A910007E7E7E1C840001200DF060FD424843498C
:10A92000A8F808402246FFF70FFE01E0FCF73CF9CB
:10A9300000213D480A46FFF707FE7FE0002C34D097
:10A94000DFF8EC9099F80070002F34D14FF0010A35
:10A9500005A889F800A0FEF789FC214605AA33481E
:10A96000FFF7BAF80DF58052163213880090534461
:10A97000A8F808302C48C8F804509023694652467D
:10A9800088F80030FFF7E0FD0DF5805316332648B8
:10A990001A8805A9FFF7D8FD234839463A46FFF73C
:10A9A000D3FD89F8007049E014B92846032104E07A
:10A9B0001F4F3C782CB128460621FFF721FE0020CE
:10A9C0009AE0012305A80DF118093B70FEF74EFC33
:10A9D000164805A9FCF72CFCB9F8FE2F1248A8F878
:10A9E0000820832305A988F80030C8F80450FFF731
:10A9F000ABFD0D4821462246FFF7A6FD3C701DE049
:10AA0000204605A9084AFFF771FE98B1084B0022BD
:10AA10001A7013E0F08CFF1F50E0FF1F98E1FF1F3A
:10AA2000CCE2FF1F38E0FF1F40E1FF1F1C9CFF1F0F
:10AA300034E0FF1F28460121FFF7E2FD2846FFF71B
:10AA40004FFDFFF761FD2F4B1B78002BB7D1304630
:10AA500052E02D4A126897423ED12C4A2C49B2F856
:10AA600000800A682B4F01329A423C680A6020D06D
:10AA7000002404260DE77179B27942EA012241F6F9
:10AA8000B9518A423FF778AE2049234892B20A80F2
:10AA900022490B601C4B382A1F601E4B88BF39228D
:10AAA0001A601B4B4FF0FF311960F11D0DF0EFFCE8
:10AAB00014E0C4EB080218483B2A06F105012044C3
:10AAC00004DC0DF0E4FCC7F8008007E03B223B34D7
:10AAD0000DF0DDFC3C6001E00024E9E63068FFF7A2
:10AAE000E3FC00287FF417AF084B1C880B4B1E7843
:10AAF000FFF71CFD0746DDE60DF5805D06B0BDE8FD
:10AB0000F08700BF34E0FF1F98E1FF1F44E0FF1F04
:10AB10009CE1FF1F40E0FF1F1C9CFF1F48E0FF1F40
:10AB2000172908B509DD0649042204300DF0A0FC00
:10AB3000D0F1010038BF002008BD002008BD00BFD3
:10AB4000FAC30200034B1860034B00221A80034B28
:10AB500019807047A8E1FF1FA4E1FF1FA6E1FF1FB6
:10AB600038B50A4C238802460D465818084909880A
:10AB7000884209DC07490868114618442A460DF046
:10AB800086FC23881D44258038BD00BFA4E1FF1F3B
:10AB9000A6E1FF1FA8E1FF1F2DE9F0471D46ADF517
:10ABA000047D01238DF807302B78103B0024012B06
:10ABB0000F4616468DF806401BD82046FCF720F8B5
:10ABC00082462046FCF71CF881462046FCF718F820
:10ABD00080462046FCF714F84FEA0A6A4AEA1060F9
:10ABE00009F47F4940EA092A08F47F084AEA182351
:10ABF00001E04FF0206301210DF107000293FCF703
:10AC000035F9042102A8FCF731F901210DF1060004
:10AC1000FCF72CF93346384603A92A46FAF79CFE7E
:10AC20001B4B8DF806001C8840F20123601C9842E3
:10AC30000CD83E2C06DD03AB18440021C4F500728D
:10AC40000DF040FC03A82146FCF710F99DF90630F1
:10AC5000C3B1FCF729F901210DF10700FCF706F952
:10AC6000042102A8FCF702F9002103A840F2012206
:10AC70000DF028FC9DF806308DF80C3003A8482113
:10AC8000FCF7F4F803480DF5047DBDE8F08700BF3C
:10AC9000A6E1FF1F0090FFFF38B50B780F49422B4C
:10ACA0000546144600F104004FF0040209D10DF0EE
:10ACB000DFFB88B942F21513094D0A4AEB5C611CAF
:10ACC00005E00DF0D5FB38B9611C2A464623FAF79A
:10ACD00043FE2070012038BD002038BDFAC30200B9
:10ACE00094BCFF1FA9DCFF1F70B54378022B0D46F3
:10ACF0001DD1837891F8406001F14104072B204673
:10AD0000314608D1FFF70CFF002846F6851008BF32
:10AD10004FF4D54070BDFFF703FF78B1284605F129
:10AD2000200132462346BDE87040FFF735BF032BB4
:10AD300007D14AB9BDE87040FCF770B94FF4D5406F
:10AD400070BD4FF4DA4070BD4FF4CE4070BD00F0DE
:10AD5000DF00402803D0803818BF01207047002052
:10AD600070470120704782B00388ADF80630BDF807
:10AD7000060040BA80B202B0704700F0F5BBFF2376
:10AD80000168426870B583730B689A42044602D129
:10AD900040F2011070BD137803F0E00503F01F03CB
:10ADA00085731B2B4FF00000E073A38117D91F2B75
:10ADB00007D040F2051340F20310E02D18BF1846EB
:10ADC00070BD2846FFF7C3FF10B90423E37370BDBD
:10ADD000E02D40F2051008BF4FF4817070BD172BB5
:10ADE00004D9A3F11800012606FA00F00968013021
:10ADF000891A8842CCD86D09012D04D10221E17352
:10AE00000021A1731DE0072D1BD1143B072B2AD86D
:10AE1000DFE803F0040B0B0B0E0B0909F5230020F0
:10AE2000A373A08170BD0123E3731378A3731AE0A9
:10AE30005378A3811F2B16D8FF23A3734FF483707D
:10AE400070BD172B0FD9182B02D15378A3810AE0BC
:10AE5000192B04D1501CFFF786FFA08103E0E37B90
:10AE600043F00103E373002070BD8268531C07D1D7
:10AE700090E80A0009688B4202D01978FF2901D0B6
:10AE8000FFF77DBF01334360002382738360184660
:10AE9000704783685A1C05D0827BC02A02D0013BD0
:10AEA00083600BB1FFF7E1BFFF2282731846704742
:10AEB00008B50DF0DDFAD0F1010038BF002008BD63
:10AEC0002DE9F341164602681346074613F8010BB5
:10AED0003B6000F01F00172804D8C0B20021C6E96B
:10AEE00000012DE01B282DD818384FF0010808FA72
:10AEF00000F8C91A884528D8B8F1010F01D1547853
:10AF000011E0B8F1020F07D11846FFF72CFF00211E
:10AF100080B2C6E9000110E0B8F1040F05D118684D
:10AF20000090009C24BA002505E0186859686A461C
:10AF300003C20CBA05BAC6E900453B6843443B600E
:10AF4000002004E040F2051001E040F2011002B0E0
:10AF5000BDE8F08113B503680446196804306A46F9
:10AF6000FFF7AEFFA37B03F0DF03402B04D1DDE945
:10AF7000002361680A4462602046FFF78AFF02B03E
:10AF800010BD2DE9F0439046C27B12F0020F8946B6
:10AF900085B0034602F0040101D039B913E029B1AC
:10AFA000416842F0020201314160C27393E8060039
:10AFB00009688A4202D140F201103EE01078FF2871
:10AFC0000AD101325A600022C9F800201846C8F898
:10AFD0000020FFF75EFF30E09A7B00F0E000824245
:10AFE00018BF4FF4827028D1181D02AA0193FFF7F1
:10AFF00067FF019B18B10023C8F800301DE0DDE9B0
:10B00000024500272646BD4208BFB442C8F80040AA
:10B0100002D04FF4806010E01C6859682468D8F8AA
:10B020000020641AA242C6D8C9F8001059680A4420
:10B030005A60DA7B42F00202DA7305B0BDE8F083B1
:10B040002DE9F04786B089460E9DDDF83C80174615
:10B050001E4605B902AD0FC885E80F000123337005
:10B0600000242846694601AAFFF78BFF58BB0099C8
:10B07000B9B1019A14EB020A10D2337853B13B688C
:10B08000534507D309EB0400C047003018BF012027
:10B09000307001E0002333705446E2E74FF48060E3
:10B0A00011E033786BB13B68A3420AD98DF80410E4
:10B0B00009EB040001A90122C047003018BF01209C
:10B0C00030703C60002006B0BDE8F087436813F89C
:10B0D000012BD20782B005D4186800900098002197
:10B0E00000BA06E0596818686A4603C2009B08BAAD
:10B0F00019BA02B070472DE9F04106468846174656
:10B100001846002108221D46069C0DF0DBF906EBCF
:10B11000080385E88800012384E86000A3602046D6
:10B12000BDE8F041FFF72BBE836800B51BB15DF8A9
:10B1300004EBFFF70FBF03205DF804FB10B50446D6
:10B14000A37BC02B05D12046FFF7EEFF0028F7D0E8
:10B1500000E0002010BDF7B507460E460FC886E890
:10B160000F00FB7B5B0705D54FF0FF330131B36068
:10B17000716026E003466A461968301DFFF7A0FE9D
:10B18000DDE9004500232246AB4208BFA242B4607D
:10B1900004D1002B08BFB2F1FF3F04D17B6873607C
:10B1A0004FF4806010E0B17BA02903D1002CF5DBC7
:10B1B0006100B16052EA030103D1FF23B3730020A1
:10B1C00002E03046FFF751FE03B0F0BD4B6843602C
:10B1D000FFF75FBE70B5C37BDB0704460D4602D5A3
:10B1E000FFF774FF01E080890021E47B04F0020492
:10B1F0006FF0004200233CB18B4208BF824207D36C
:10B20000C0432860002070BD8B4208BF8242F8D244
:10B210004FF4806070BDFFFF30B50B4C0B4D85B017
:10B22000002908BF2C468DE818000DF10F03FFF729
:10B2300007FF30B99DF80F30002B0CBF4FF00040D6
:10B24000002005B030BD00BF7BAD010063AD010043
:10B250007FB5867B044630460D46FFF778FD18B172
:10B260002046FFF777FE25E006F0DF01B1F180030D
:10B270005942594151B904AA4FF0FF3342F8103DE9
:10B2800020466A462346FFF7C7FF13E085B12046F4
:10B290006946FFF760FF68B9029B23B16846691EE3
:10B2A000FFF7D6FFF7E720466946FFF78FFF01E07B
:10B2B00040F2014004B070BD83681BB14FF480615F
:10B2C000FFF7C6BF032070474FF0FF330B600A46FD
:10B2D00000210B46FFF7A0BFF0B5074685B0084632
:10B2E0000D4614460DF05DFB214606463846FFF735
:10B2F00032FF60BBA36833B32046FFF71FFF30BBAC
:10B30000A37B602B13D104AA134B42F8046D204693
:10B310000193009429460DF10B03FFF791FEB0B99C
:10B320009DF80B303BB12046FFF729FD11E0204688
:10B33000FFF7C2FF58B92046FFF700FF38B9204693
:10B34000FFF7BAFFD5E7FF22A273184601E0FF23FB
:10B35000A37305B0F0BD00BFB1AE010070B50446E7
:10B3600009C81E1AB61A002E15460BDA23B1C01AE8
:10B37000002305446360236023681D4425604FF06B
:10B38000004070BD00F0F0F823681D4425600020E7
:10B3900070BD7FB5002B08BF182A1CBA15BA9DF8DE
:10B3A0002060CDE902450DF10F0105D29DF80F3067
:10B3B0001E448DF80F6015E0002B08BFB2F5807FAA
:10B3C00016D3002B08BFB2F5803F13D3012B08BF63
:10B3D000002A2CBF0323022301229A40891A18361F
:10B3E00033440B7004AB5A1AFFF7B8FF04B070BDBA
:10B3F0000023F1E70123EFE710B581689DF80840CD
:10B4000009B1013981600294BDE81040FFF7C1BF66
:10B410001FB5044608462168016061684160A16863
:10B4200009B10139A16003F02001541CC9B2B2F185
:10B43000FF3F8460C1600AD141F00401C16004A9EA
:10B440001F3301F8013D0122FFF788FF06E009B133
:10B450001444846000930023FFF79BFF04B010BDE9
:10B460000A444260022201608260C360704707B5EF
:10B4700000210091FFF7C0FF03B05DF804FB37B572
:10B48000DC1704F02001009162406340FFF7B4FF35
:10B4900003B030BDA1F11903062B07B506D9E0238F
:10B4A0000093CAB20023FFF7A7FF01E04FF48370B7
:10B4B00003B05DF804FB73B54023144600932246A5
:10B4C000002305460E46FFF797FF284631462246E1
:10B4D00002B0BDE87040FFF741BF73B5602314466A
:10B4E00000932246002305460E46FFF785FF2846B7
:10B4F0003146224602B0BDE87040FFF72FBF8023DF
:10B50000FFF786BF064B10B502F100449C4204D9F8
:10B51000A023BDE81040FFF77BBF4FF4806010BD53
:10B52000FEFFFF7F07B50B680360CA684B68436086
:10B53000520707D502A9FF2301F8013D0122FFF7B9
:10B540000DFF0EE08A68012A06D0002A40F2013081
:10B5500008BF4FF4407004E0002B14BF00204FF0F0
:10B56000004003B05DF804FB844641EA000313F099
:10B5700003036DD1403A41D351F8043B40F8043BFA
:10B5800051F8043B40F8043B51F8043B40F8043BBD
:10B5900051F8043B40F8043B51F8043B40F8043BAD
:10B5A00051F8043B40F8043B51F8043B40F8043B9D
:10B5B00051F8043B40F8043B51F8043B40F8043B8D
:10B5C00051F8043B40F8043B51F8043B40F8043B7D
:10B5D00051F8043B40F8043B51F8043B40F8043B6D
:10B5E00051F8043B40F8043B51F8043B40F8043B5D
:10B5F00051F8043B40F8043B403ABDD2303211D3FD
:10B6000051F8043B40F8043B51F8043B40F8043B3C
:10B6100051F8043B40F8043B51F8043B40F8043B2C
:10B62000103AEDD20C3205D351F8043B40F8043BFC
:10B63000043AF9D2043208D0D2071CBF11F8013BFA
:10B6400000F8013B01D30B8803806046704700BFC0
:10B65000082A13D38B078DD010F003038AD0C3F1CF
:10B660000403D21ADB071CBF11F8013B00F8013BB1
:10B6700080D331F8023B20F8023B7BE7043AD9D370
:10B68000013A11F8013B00F8013BF9D20B78037045
:10B690004B7843708B78837060467047F0B50C4BE5
:10B6A0000C4C1A7842F0020504EBC50682F0010248
:10B6B000706009481A700678002E0CBF8827C827CA
:10B6C00086F0010647EA0141067044F83510F0BDE6
:10B6D00030E2FF1F0080FF1FC9E2FF1F2DE9F0418C
:10B6E0003E4C04F1E0062546236A1B0603D5606A3A
:10B6F00008380AF073FC0834B442F5D10024264619
:10B70000374FE05928B1D0F804800AF067FC404672
:10B71000F8E73851334B344FE050E05928B1D0F8B6
:10B7200004800AF05BFC4046F8E7304B3851E050AB
:10B730002F4B23F816002F4BF25C023A032A07D84E
:10B74000DFE802F002040204002200E001229A5520
:10B750000136072E04F10404D2D1274F00233B7099
:10B760000124264A264B2244234412F8012C9B0034
:10B7700012F0080F1A704FEA840621D00AF010FC6C
:10B7800038B105EB4413083058601E4B45F836308D
:10B7900004E03B7845F8360001333B700AF000FCCA
:10B7A00046F0010338B105EBC30208305060164A79
:10B7B00045F8332004E045F833003B7801333B7013
:10B7C00046F00202013446F003060023082C45F837
:10B7D000323045F83630C4D1BDE8F0810080FF1F1B
:10B7E00014E2FF1FB0E1FF1F74E2FF1F94E2FF1F8E
:10B7F000C0E6FF1FCCE1FF1FBFE2FF1FFFC3020037
:10B8000030C8011088004000C8004000431E062BCD
:10B8100010B510D872B6094A52F8230048B14168F1
:10B8200042F82310064A018832F81340611A22F8C0
:10B83000131062B610BD002010BD00BF14E2FF1F40
:10B84000C0E6FF1F013806280AD872B6054B53F828
:10B850002030002013B101305B68FBE762B670470F
:10B860000020704774E2FF1F10B572B60123174A1B
:10B870001A4412F8012C12071CD59900144A52F8E8
:10B8800031402CB902EB431308305860114B09E0EA
:10B8900041F0010152F8314064B902EBC1030830B4
:10B8A00058600D4B42F831300C4B1A78013A1A703F
:10B8B00062B610BD0133082BD9D162B6074B002206
:10B8C0001A70BDE810400AF089BB00BFFFC3020038
:10B8D0000080FF1F88004000C8004000BFE2FF1F3B
:10B8E000431E062B30B532D8194A400140F01000F3
:10B8F000104472B6174CE25C032A09D8DFE802F064
:10B90000160218050830022213E00830042210E065
:10B910001148124A50F8234014B940F8231002E0AD
:10B9200052F82300416042F823100FE0032200E0A8
:10B930000522E25410F0080F01F108030A88436061
:10B940000CBF8823C82343EA0243036062B630BDBC
:10B950000080FF1FCCE1FF1F74E2FF1F94E2FF1F76
:10B960002DE9F047AB4E3478E4B214F0040F3546BD
:10B9700019D0A94B1B78A3B1A84A117801F0FF0395
:10B9800021B1013BDBB2137003B900BEA44A1178A8
:10B9900001F0FF0329B1013BDBB213700BB90AF0D0
:10B9A00077FA0423337004F0080303F0FF02002B3E
:10B9B00000F094839B4B9C4C1A78D2B215094FEA45
:10B9C000920740F0108354F8372004EBC703C2F30A
:10B9D0008302013A5B680C2A00F20283DFE812F06E
:10B9E00058028C020003000300030003000300035D
:10B9F000DC020003000300030D001A688B4D5B6836
:10BA00002A6012066B6013D4EB888BB1884B87F0E9
:10BA1000010707F001071F70864B44F8373087F0A5
:10BA20000107403B44F83730834B01221A7002E093
:10BA3000804B44F83730814A814F7C490120107097
:10BA40002A8840F2816C002362453B602361A36138
:10BA50001ED8B2F5D06F80F03081B2F5817F00F052
:10BA6000098106D8802A00F0C180822A00F0C280B5
:10BA7000DDE140F20230824200F00D81B2F5A06FAC
:10BA800000F0D98140F2A1118A4200F03A81CEE162
:10BA900040F6211C624500F02A810ED8B2F5086FED
:10BAA00000F09E80B2F5106F40F0C1815A4B5E4F9E
:10BAB0008A781A7007F1E0080AE040F621239A42DA
:10BAC00000F0B98140F621339A4200F0B481AEE132
:10BAD0003B6A1B0603D5786A08380AF07FFA0837F4
:10BAE0004745F5D10027B846DFF8809157F809009F
:10BAF00028B1D0F804A00AF071FA5046F8E749F8E6
:10BB00000700504BDFF86891F85057F8090028B14A
:10BB1000D0F804A00AF062FA5046F8E74A4B49F818
:10BB20000700F850494B23F81800494B18F8032038
:10BB3000023A032A08D8DFE802F0020402040022D5
:10BB400000E0012203F8082008F10108B8F1070F0E
:10BB500007F10407C8D13F4B00221A70012799460C
:10BB60003D4A3E4B3A443B4412F8012C9B0012F0F4
:10BB7000080F1A704FEA870825D00AF011FA38B179
:10BB800004EB471308305860354B44F8383006E072
:10BB900099F8003044F83800013389F800300AF091
:10BBA000FFF948F0010338B104EBC30208305060DC
:10BBB000204A44F8332006E044F8330099F8003076
:10BBC000013389F8003048F00202013748F00308D9
:10BBD0000023082F44F8323044F83830C0D12AE12D
:10BBE0000D4B204C1B78237003462AE11D4C23701B
:10BBF000637023E18A88072A00F21981194C9200A8
:10BC000023706370184B9B5C9F0740F11781207075
:10BC100014E100BF80200740C8E2FF1F31E2FF1F90
:10BC2000E0E4FF1F902007400080FF1FB0E2FF1FED
:10BC3000BEE2FF1FC8004000B8E2FF1FC9E2FF1FBD
:10BC400090E2FF1FB0E1FF1F94E2FF1FC0E6FF1F5D
:10BC5000CCE1FF1FBFE2FF1FFFC3020030C801108D
:10BC600088004000C0E2FF1FC020074014E2FF1F11
:10BC700074E2FF1F8A8802F07F02072A00F3D78050
:10BC80004B88002B40F0D3809100A14A0A441178E0
:10BC900021F002010FE08A8802F07F02072A00F3F8
:10BCA000C6804B88002B40F0C2809100984A0A441D
:10BCB000117841F002011170BEE04A88954B8988E5
:10BCC00053F8084CA3F10C00002C00F0B08033F8BE
:10BCD0000C7C974209D133F80A7C8F4205D1120AB5
:10BCE000032A0CBF23780389ABE00C33E8E7CA884A
:10BCF000002A00F0A080884A3A60884A0821118012
:10BD00009AE08549C879A0F18002D4B2092C8E4608
:10BD10000FD8C2EBC202824C1EF803701444E754E1
:10BD20000133072BF7D100F17F03DBB2072B02D9D8
:10BD300021E08F28F7D17B4B7B4C02225A709A70FE
:10BD40000322DA705A71794A247812789A718F280E
:10BD50004FF000021C71DA711A7204D00023CB710B
:10BD6000704C08236DE013466D4A0020985401334F
:10BD7000502BF9D1F2E74C78674B6A4A102C16D158
:10BD80009F786B2F13D1DF785B2F10D1BF2191707B
:10BD90009121D170ED21117145215171C0200021F7
:10BDA0005470D9719171D0710823144649E0D37948
:10BDB0005C4CA02B30D9237A5948432B01D0A92BB6
:10BDC00013D10223537093700323D3705371574BD5
:10BDD00055481B78937100230078D37113728F2319
:10BDE000CB71107108234E4C2BE03BB10133DBB219
:10BDF000237203F00F0300EBC30421E090F84F30EF
:10BE0000C92B01D1A02303E0C37FC32B18D140234A
:10BE100023720823044614E0892811D1A37903F082
:10BE2000FD03052B0CD10123E0710B7208E0384BA8
:10BE30000F221A7029E000231C4602E0022300E0D2
:10BE40000823EF88BB4238BF1F46402F34BF3D4612
:10BE5000402520462946FFF721FC7F1B2C4403D1B7
:10BE6000402D12D13D4603E0402F34BF3D464025D2
:10BE700020462946FFF712FC7F1B2C4401D1402DA0
:10BE800003D12B4B2B4A1C60178001222A4BA6E0C2
:10BE90002A4D286800287BD0294F3A7804EBC2034A
:10BEA00054F83210D3F80480C1F3074100235FFA3D
:10BEB00083FC614505D018F803C000F803C00133C6
:10BEC000F5E7204BDFF88C8093F800C0DFF888900E
:10BED000BCF1000F08BFC8468CF0010C83F800C00D
:10BEE0000E4B44F8328082F001023A701A880844FE
:10BEF000511A2860198073E0134A1448116881426E
:10BF00002CD15268B2F5803F42D11A78104B3AE0FA
:10BF1000C020074014C402005DBAFF1FBCE2FF1F2F
:10BF200071BBFF1FAC8CFF1FB58CFF1FB68CFF1FB2
:10BF3000ACE1FF1FBAE2FF1F9420074090E2FF1F11
:10BF4000BEE2FF1FB8E2FF1FB0E2FF1F210900029F
:10BF5000D0E4FF1FC8004000880040007B488142B9
:10BF600016D151687A4A914212D11A78A92A0FD172
:10BF70005A78452A0CD19A78C22A09D1DB786B2BE2
:10BF800006D1744B052200201A700146FFF786FB8C
:10BF9000714B44F8373023E0704F3D68B5B1DFF89E
:10BFA0000482B8F80090B9F1400F34BF4C464024E9
:10BFB00028462146FFF772FBC4EB09039BB2A8F8A1
:10BFC00000300BB9402C00D12B193B60644B1A8810
:10BFD000B2F5A06F04D100225A709A78614B1A70A2
:10BFE0000122614B6DE0B84604EBC707013D7B6859
:10BFF00002F00802A3F10800EDB202F0FF01002AEE
:10C0000036D009F0EBFF5948594B50F82520EAB1DA
:10C01000516840F8251002F108017960595D032943
:10C020000BD8DFE801F002040608032104E0022136
:10C0300002E0052100E00421595517F0080F12888D
:10C040000CBF8823C82343EA024342E05A5D032A17
:10C0500007D8DFE802F040400204002206E0012297
:10C0600004E017F0080F0CBF022203225A5532E0F9
:10C0700054F83820120C23F8082C22B3DFF828E1FA
:10C0800023F8061C43F8041C5EF82530394913B91F
:10C090004EF8250002E051F825305860364B41F843
:10C0A000250033F815100A4423F8152009F078FF0D
:10C0B00010B10830786006E0304B44F838001A7848
:10C0C00001321A7007E0244B2D4A17F0080F08BF01
:10C0D000134644F838300823337043E4E0071FD593
:10C0E00021492748274C02230B70274B1A70274BF6
:10C0F000186098602648D8601A619A615C60254B88
:10C100000D2018702448FF2303702B700274234AFB
:10C110001370234B9F221A7001230B70BDE8F08728
:10C12000210604D51B4B0D221A7080232B70A20709
:10C1300005D5194B1A78D2B21A7002232B70E30678
:10C1400044BF10232B70BDE8F08700BF2109000316
:10C150000300040031E2FF1FC8004000ACE1FF1FF4
:10C16000B0E2FF1F982007409420074074E2FF1FB1
:10C17000CCE1FF1FB0E1FF1FC0E6FF1FBFE2FF1FC2
:10C1800088004000D4E1FF1F30E2FF1F0080FF1F46
:10C1900034E2FF1FC0200740882007408C20074062
:10C1A00084200740BAE2FF1F14E2FF1F08B500F029
:10C1B0003DF800221A4B0021D15098180832E82A85
:10C1C0004160F7D1174A106840F48020106002F5F2
:10C1D00028326832C3F307201070C3F307401B0EE8
:10C1E00010751376FF2302F81C3C02F8143C02F889
:10C1F0008C3C012302F8083C82F8641002F8183CD9
:10C20000094B70226FF450711A700B444FF4007296
:10C210001A6003F1C04303F5C82310221A7008BD49
:10C220000080FF1F3480044049E400E01FB501ACEA
:10C23000094821460A2209F015FA0023E15C074A61
:10C2400029B102EB430001330A2B4180F6D10133BF
:10C250005B00137004B010BD00CA9A3B668EFF1FCE
:10C26000044B054900221A600A60044A106010223B
:10C270001A60704714D0034004D0034000D003403C
:10C28000212810B518D80D4A52F8303093F8804262
:10C290003CB1012211B183F8802010BD83F8002148
:10C2A00010BD02EBC00043681A6811B142F00302EE
:10C2B00001E022F002021A6010BD00BFD4C40200E7
:10C2C000212806D8044B53F8303093F80002C0B24E
:10C2D00070470020704700BFD4C40200212816D840
:10C2E0000B4A02EBC00301295B6852F8302004D1ED
:10C2F00082F880124FF4A27208E0002082F88002D7
:10C3000011B94FF4807201E040F203121A607047D5
:10C31000D4C40200282838B5604A04460B4611D11F
:10C3200012780B2A04D8C2F10C0201FA02F304E0DD
:10C330000C2A1CBF0C3A41FA02F31846BDE83840FB
:10C3400009F0D6BF11780125002B05FA01F2D8BFFC
:10C35000002102DD934205D32946FFF791FF2046D5
:10C36000294697E00338C2B2012A01D84C4A06E0B8
:10C37000202C01D0192C01D14A4A00E04A4A126807
:10C3800002FB0332CA401D287BD8DFE800F0575F6C
:10C390004E337A7A212A7A7A7A7A7A7A7A7A7A3C57
:10C3A000450F187A707A7A7A7A7A7A673F4B1A60F0
:10C3B00003F5973340F2444203F5FA735FE03C4BD8
:10C3C0001A6003F5973340F2444203F5F87356E0E0
:10C3D000384B1A6003F5973340F2444203F5F67385
:10C3E0004DE0354B1A6003F5973340F2444203F5B4
:10C3F000F47344E0314B1A6003F59F3340F244423A
:10C4000003F5F0733BE02E4B1A6003F59F3340F2C7
:10C41000444203F5EE7332E02A4B1A6003F59F3372
:10C4200040F2444203F5EC7329E0274B1A6003F510
:10C430009F3340F2444203F5EA7320E0234B1A6035
:10C4400003F580334FF45172203318E0204B1A600B
:10C4500003F580334FF451721C3310E01D4B1A600A
:10C46000A3F5DB234FF45172A3F5F96307E01A4BF0
:10C470001A60A3F5DB234FF45172A3F2CC731A6058
:10C4800038BD7F2B2046D4BF00210121FFF7F8FEE5
:10C4900020460121BDE83840FFF720BF7C8EFF1FFA
:10C4A0000890034008800B40088003401080034040
:10C4B00018800340208003402880034030800340E0
:10C4C0003880034040800340488003401090034080
:10C4D0001890034010800B4018800B4072B60C4B34
:10C4E0000C491A680C4B1B68096862B6490102D5F1
:10C4F000322A88BF0133C2F58C32482102F23F1242
:10C50000B2FBF1F24FF47A7000FB0320704700BFDA
:10C5100018E000E004ED00E0CCE2FF1F38B504466F
:10C52000FFF7DCFF054624B938BD013C0AD005F50C
:10C530007A75FFF7D3FF401BB0F57A7FF5D209F08B
:10C54000C5FFF6E738BDFFFF1F4B4FF4000210B5E3
:10C550001A604FF080721A604FF000721A604FF04C
:10C5600080621A604FF000621A60184B184A194C2A
:10C57000002048F6FF71186059602823136093600B
:10C5800013619361136293621363936309222260C0
:10C5900004F58054043420606160A360236144F892
:10C5A000042C04F5FE2420600B4801600B490B604D
:10C5B0008B600B4B1A6009F0A5FDFA20FFF7AEFF68
:10C5C000BDE81040FFF7F2BD08E100E00480034041
:10C5D0000C8003400080034008800B400C800B401F
:10C5E00000800B40764B77487749DFF8A4C20022E1
:10C5F0002DE9F04F1A80754B754D1A80754B2A80C6
:10C600001A80754B754D1A80754B2A801A80754BB0
:10C61000754D1A80754B2A801A80754B754D1A809E
:10C62000754B2A801A80754B754D1A80754B764C68
:10C630001A80764BDFF85C821A80754B754F1A8032
:10C64000754B764E1A80764BDFF84C921A80754BFC
:10C65000DFF848B21A80744BDFF844A21A80734B9B
:10C660002A8002800A80ACF800202280A8F80020EE
:10C670003A803280A9F80020ABF80020AAF8002008
:10C680001A806B4B6B4D1A806B4B2A801A806B4B58
:10C690001A806B4B1A806B4B1A806B4B1A806B4B5A
:10C6A0001A806B4B1A806B4B1A806B4B1A806B4B4A
:10C6B0001A806B4B1A806B4B1A806B4B1A806B4B3A
:10C6C0001A806B4B1A806B4B1A806B4B1A806B4B2A
:10C6D0001A806B4B1A806B4B1A806B4B1B781C2B90
:10C6E000ADF5357D02D0012B00F21D82354C402284
:10C6F0002280664A7F211C2B4FF000031180B393E8
:10C70000B293B1930193B093AF93AE93AD930C9367
:10C71000AC93AB93AA93A993A8930B93A793A693D7
:10C72000A5930A93A493A393A293A193A0939F93F9
:10C730009E9309939D939C939B939A931E469993E2
:10C740001F4698939793969395939493939392936C
:10C75000919390938F938E938D938C938B938A93D5
:10C760008993889387938693859384938393829305
:10C77000819380937F9308937E9300937D937C9322
:10C780007B937A939C46079398461C461D460693D6
:10C7900079937893059377937693759374937393C2
:10C7A00072937193994670936F936E936D936C939C
:10C7B0006B936A9304936993689307F0518671E0D1
:10C7C0007CE4FF1FA6E4FF1FA4E3FF1FB8E3FF1FE5
:10C7D00084E4FF1FB8E4FF1F86E4FF1FAEE4FF1FE1
:10C7E000ACE3FF1F9CE3FF1F82E4FF1F7EE4FF1FFB
:10C7F000BAE3FF1FB0E3FF1FAEE3FF1F9EE4FF1F7E
:10C80000D6E2FF1F98E3FF1FAAE4FF1FB6E4FF1F55
:10C81000BAE4FF1FB2E4FF1FB6E3FF1FB2E3FF1F3E
:10C82000A6E3FF1FA2E3FF1F94E4FF1FA0E3FF1F87
:10C83000ACE4FF1FAAE3FF1F88E4FF1F8AE4FF1F89
:10C840008CE4FF1F8EE4FF1F90E4FF1F92E4FF1FA4
:10C85000BCE4FF1FBEE4FF1F98E4FF1F9AE4FF1F24
:10C86000D0E2FF1FD4E2FF1FB4E3FF1F9CE4FF1FD1
:10C870009AE3FF1FA0E4FF1FA2E4FF1FA4E4FF1F31
:10C880009EE3FF1FA8E4FF1FCEE6FF1FB4E4FF1FD7
:10C8900096E4FF1FA8E3FF1FB0E4FF1FD2E2FF1FD3
:10C8A00080E4FF1F4FF22A0A4FF2750B4FF270001F
:10C8B0004FF271014FF26F02CDF89CA1CDF898B103
:10C8C0006590039164924FF21D0A4FF21C0B4FF2D8
:10C8D0001B004FF21A014FF21902CDF88CA1CDF8CE
:10C8E00088B1619060915F924FF2180A4FF2170B76
:10C8F0004FF216004FF215014FF21402CDF878A155
:10C90000CDF874B15C905B915A924FF2130A4FF2DA
:10C91000120B4FF211004FF210014FF20F02CDF83F
:10C9200064A1CDF860B15790569155924FF20E0A1E
:10C930004FF20D0B4FF20C004FF20B014FF20A02B7
:10C94000CDF850A1CDF84CB15290519150924FF288
:10C95000090A4FF2080B4FF207004FF206014FF29F
:10C960000502CDF83CA1CDF838B14D904C914B92D9
:10C970004FF2040A4FF2350B4FF26D004FF2630194
:10C980004FF23002CDF828A1CDF824B148904FF2F3
:10C99000310A47914FF22F0B46924FF25D004FF252
:10C9A0005C014FF25B02CDF814A1CDF810B14390B9
:10C9B000429141924FF25A0A4FF2590B4FF25800EE
:10C9C0004FF257014FF25602CDF800A1CDF8FCB05E
:10C9D0003E903D913C924FF2550A4FF2540B4FF26C
:10C9E00053004FF252014FF25102CDF8ECA0CDF8B6
:10C9F000E8B03990389137924FF2500A4FF24F0B0E
:10CA00004FF24E004FF24D014FF24C02CDF8D8A03C
:10CA1000CDF8D4B03490339132924FF24B0A4FF2AA
:10CA20004A0B4FF249004FF248014FF24702CDF84E
:10CA3000C4A0CDF8C0B02F902E912D924FF2460A8F
:10CA40004FF2450B4FF244004FF25F014FF2780274
:10CA5000CDF8B0A0CDF8ACB02A90299128924FF231
:10CA6000770A4FF22E0B4FF276004FF233014FF25E
:10CA70007302CDF89CA0CDF898B04FF2260A25900D
:10CA80004FF2250B249123924FF223014FF2220201
:10CA9000CDF888A0CDF884B04FF2210A4FF2200BD8
:10CAA0001F911E924FF21E014FF227024FF22400F7
:10CAB000CDF874A0CDF870B04FF2380A4FF2370BB2
:10CAC0001A9119924FF236014FF26E022090CDF872
:10CAD00060A04FF21F004FF2650ACDF85CB01591CF
:10CAE0004FF2660B4FF2340114924FF264021B9026
:10CAF000CDF808A04FF22D00CDF84CB01291119254
:10CB00004FF2620A4FF2610B4FF260014FF2740272
:10CB10001690CDF840A04FF26700CDF83CB00E91D2
:10CB20000D9201F09DBC172B40F0A782402303809B
:10CB300080230B804FF4E06323804FF400733B802D
:10CB4000D04CD1484FF4407333804FF4806323803E
:10CB50004FF4A0630380CD4BCD4C40F2FF711980A0
:10CB60004FF26303A9F800304FF23403ABF8003002
:10CB7000C8494FF23503AAF800304FF22C0B4FF2A0
:10CB80007503A5F800B00B80C34D4FF274032380EA
:10CB90004FF2A2032B80C14CC14D42F2AC004EF2C9
:10CBA0005C0A20802B804FF21C29CDF8C8A24FF2DE
:10CBB00018304FF293044FF212454FF2920ACDF81B
:10CBC000CC920190B094AF954EF25609CDF8B4A234
:10CBD0004FF212304FF291044FF287054EF2500A95
:10CBE0004FF244014FF2980CCDF8B8920C90AC94EF
:10CBF000AB954FF20C59CDF8A4A24FF28C004FF236
:10CC00000C344FF208554FF2082AA8F80010CDF85E
:10CC1000C4C2CDF8A892A8900B944EF24C09A795E7
:10CC20004FF20830CDF894A24FF2B6044FF29D05B2
:10CC30004FF2045ACDF898920A90A494A3954FF21B
:10CC40009A09CDF884A24FF204404EF248044FF204
:10CC500084054FF2960ACDF88892A0909F949E95F5
:10CC60004FF20439CDF874A24FF2D7004FF25C2492
:10CC70004FF2DC054FF2D80ACDF824909C909B949B
:10CC80009A954EF29C09CDF860A24FF258304FF2BF
:10CC9000CF044FF2AE054FF2524ACDF8649297900E
:10CCA000969495954FF2D309CDF84CA24EF296008A
:10CCB0004FF2D2044FF252354FF2C70ACDF85092DC
:10CCC0009290919490954FF2D109CDF838A24FF2FD
:10CCD0004C504EF290044FF2CC054FF2485ACDF82A
:10CCE0003C928D908C948B954FF24C39CDF824A2C8
:10CCF0004EF28C004FF2C8044FF248354FF2DD0A75
:10CD0000CDF82892889087944FF2DA008695CDF876
:10CD100010A24FF2D4044FF244454FF2443A4FF27E
:10CD2000F6098390829481950C46CDF8FCA14FF2D0
:10CD3000B8004FF2A5014FF2A4054FF2B00ACDF8AA
:10CD4000149208904FF2C4097E910095CDF8F0A19D
:10CD500015464FF2DE007A9207924FF2B3014FF27E
:10CD600090024FF2A00ACDF800927B904FF2A309F7
:10CD700006917992CDF814A04FF29F004FF2F30183
:10CD80004FF295024FF2860ACDF8F49177904FF268
:10CD9000B40975917392CDF8BCA14FF2F4004FF233
:10CDA000D6014FF2F1024FF2AD0ACDF8E0916E904C
:10CDB0004FF2B1096D916C92CDF8ACA14FF2A10088
:10CDC0004FF2E1014FF2C6024FF29E0ACDF8C49134
:10CDD00076957495729570956A9004916992CDF8E4
:10CDE000A0A14FF22A004FF22C414FF270024FF2F5
:10CDF000710A679066916592CDF80CA04FF26F00B2
:10CE00004FF21D014FF21C024FF21B0A6490639116
:10CE10006292CDF884A14FF21A004FF219014FF23D
:10CE200018024FF2170A60905F915E92CDF874A1DC
:10CE30004FF216004FF215014FF214024FF2130A8F
:10CE40005C905B915A92CDF864A14FF212004FF2C0
:10CE500011014FF210024FF20F0A5890579156925B
:10CE6000CDF854A14FF20E004FF20D014FF20C021B
:10CE70004FF20B0A549053915292CDF844A14FF2C5
:10CE80000A000FE084E4FF1FB8E3FF1FB4E4FF1FB4
:10CE9000B8E4FF1FAEE4FF1F82E4FF1F88E4FF1F1A
:10CEA000D0E2FF1F4FF209014FF208024FF2070ACA
:10CEB00050904F914E92CDF834A14FF206004FF2B0
:10CEC00005014FF204024FF22C3A4C904B914FF275
:10CED0006D004A924FF22C11CDF824A14FF230028E
:10CEE0004FF2310A489047914692CDF814A14FF283
:10CEF0002F004FF25D014FF25C024FF25B0A44904B
:10CF000043914292CDF804A14FF25A004FF25901D9
:10CF10004FF258024FF2570A40903F913E92CDF89F
:10CF2000F4A04FF256004FF255014FF254024FF267
:10CF3000530A3C903B913A92CDF8E4A04FF2520054
:10CF40004FF251014FF250024FF24F0A3890379191
:10CF50003692CDF8D4A04FF24E004FF24D014FF271
:10CF60004C024FF24B0A349033913292CDF8C4A068
:10CF70004FF24A004FF249014FF248024FF2470A7E
:10CF800030902F912E92CDF8B4A04FF246004FF280
:10CF900045014FF25F024FF2780A2C902B912992B3
:10CFA0004FF22E014FF276022A94CDF8A0A04FF254
:10CFB000330A4FF27700269125924FF226014FF265
:10CFC0002502CDF890A04FF2240A279022914FF22B
:10CFD00073004FF222012192CDF880A04FF221027E
:10CFE0004FF2200A23901E914FF223004FF21E01B0
:10CFF0001D92CDF870A04FF227024FF2380A1F9011
:10D000001A914FF21F004FF22D011992CDF860A036
:10D010004FF236024FF26E0A1B9016914FF2370014
:10D020004FF266011592CDF850A04FF22C224FF22C
:10D03000640A179013914FF265004FF26201129249
:10D04000CDF844A04FF261024FF2600A02901091B5
:10D050004FF21C534FF297064FF29C074FF28F0C82
:10D060004FF2EE084FF2AF094FF267000F92CDF882
:10D0700038A04FF22C5107F072BD092B40F02982E5
:10D080004023038080230B804FF4E06323804FF420
:10D0900080633B804FF4A0633380C84BC84C40F2A0
:10D0A000FF7119804FF23503A9F800304FF22E03BB
:10D0B000ABF800304FF26E03AAF80030C14B4FF2CC
:10D0C0008800188042F2AC033F2123804FF22C0BE2
:10D0D000BD4BACF80010A5F800B04FF21D444FF264
:10D0E00044054FF2184A4FF2185CA8F80050188017
:10D0F000B39413464EF25C09CDF8C4A2CDF804C037
:10D100004EF256044FF2125A1646944690464FF28B
:10D110003302CDF8C892B092AE944FF21249CDF8D6
:10D1200030A04EF250024FF20C444EF24C0ACDF8B1
:10D13000B492A992A8944FF20C59CDF898A24FF24C
:10D1400008424FF208544EF2480ACDF82C90A592AE
:10D150004FF234094FF20442AF93AC93AB93AA93CE
:10D16000A7930A94CDF87CA24FF204544FF25D4A83
:10D17000CDF884929E9209944FF22D09CDF86CA2BD
:10D180004FF26F024EF29C044FF2585ACDF874924F
:10D190009A9299944FF25849CDF85CA24FF27302DB
:10D1A0004EF296044FF2525ACDF8609294929294B5
:10D1B0004FF25249CDF840A24EF290024FF24C4449
:10D1C0004EF28C0ACDF844928C928B944FF24C59CB
:10D1D000CDF820A24FF248424FF248544FF2444A51
:10D1E000CDF82892879286944FF274094FF24452F8
:10D1F000A493A393A293A0939C93969395939393B4
:10D200008F938E938D93899385938493CDF800A209
:10D210004FF2A00ACDF808927F924FF29009CDF814
:10D2200014A04FF29F024FF2600ACDF8E49177927A
:10D230004FF27509CDF8B4A16A904FF2B0024FF2E7
:10D240002A004FF2A70ACDF8D491839381930893D3
:10D250007E9300937D937C937B937A9307930693BD
:10D2600078937693749373937293719370936F938F
:10D270006E936C936B930493699368936790669233
:10D28000CDF894A1BF204FF2A4024FF21C0A0390E4
:10D290006492CDF88CA14FF21D004FF21B024FF2A9
:10D2A0001A0A62906192CDF880A14FF219004FF2F4
:10D2B00018024FF2170A5F905E92CDF874A14FF2F8
:10D2C00016004FF215024FF2140A5C905B92CDF8F3
:10D2D00068A14FF213004FF212024FF2110A599057
:10D2E0005892CDF85CA14FF210004FF20F024FF2AE
:10D2F0000E0A56905592CDF850A14FF20D004FF204
:10D300000C024FF20B0A53905292CDF844A14FF207
:10D310000A004FF209024FF2080A50904F92CDF8DE
:10D3200038A14FF207004FF206024FF2050A4D9066
:10D330004C92CDF82CA14FF204004FF22C524FF238
:10D34000780A4A904992CDF820A14FF22C304FF242
:10D35000A6024FF2AD0A47904692CDF814A14FF2C3
:10D36000A5004FF25C024FF25D0A44904392CDF863
:10D3700008A14FF25B004FF25A024FF2590A419056
:10D380004092CDF8FCA04FF258004FF257024FF2F6
:10D39000560A3E903D92CDF8F0A04FF255004FF264
:10D3A00054024FF2530A3B903A92CDF8E4A04FF268
:10D3B00052004FF251024FF2500A07E0B4E4FF1F4F
:10D3C00088E4FF1F82E4FF1FD0E2FF1F38903792EE
:10D3D000CDF8D8A04FF24F004FF24E024FF24D0A57
:10D3E00035903492CDF8CCA04FF24C004FF24B0266
:10D3F0004FF24A0A32903192CDF8C0A04FF2490064
:10D400004FF248024FF2470A2F902E92CDF8B4A067
:10D410004FF246004FF245024FF2940A2C462C90F0
:10D420002B92CDF8A4A04FF26D007F224FF2670A35
:10D4300028902792CDF898A04FF276004FF226025E
:10D440004FF2250A2A9425914FF2770124902391D7
:10D450004FF224004FF223012292CDF884A04FF224
:10D4600022024FF2210A20901F914FF220004FF22A
:10D470001F011E92CDF874A04FF21E024FF2270A30
:10D480001C901B914FF264004FF237011A92CDF8B5
:10D4900064A04FF238024FF2360A189017914FF2FB
:10D4A00030004FF270011692CDF854A04FF2650291
:10D4B0004FF2710A149002914FF22F071D469946C0
:10D4C0004FF266001392CDF848A04FF2630105F0C9
:10D4D00093B90A2B40F091824023038080230B8074
:10D4E0004FF4E06323804FF480733B80CD4CCE48F3
:10D4F0004FF4007333804FF4806323804FF4A063B4
:10D500000380CA4BCA4C40F2FF7119804FF22E03C0
:10D51000ABF800304FF26E03AAF80030C5494FF265
:10D52000E303A9F800304FF22C0B4FF29803A5F853
:10D5300000B00B80C04D4FF2910323804FF2880161
:10D540003F23BE4C2980ACF80030BD4D42F2AC0305
:10D55000164623804FF21D194EF25C0A4FF2182234
:10D560004FF233042980CDF8CC92CDF8C8A20192B5
:10D57000B0944FF212554EF256094FF2121A4FF272
:10D5800012224FF211544FF244004FF2181CAF9583
:10D59000CDF8B892CDF8B4A20C92AC944FF20C45F1
:10D5A0004EF250094FF20C1A4FF20C224FF208447F
:10D5B000A8F80000CDF8C4C2AA95CDF8A492CDF881
:10D5C000A0A24EF24C054FF208194FF2082AAB9672
:10D5D0000B92A7944FF286024FF2B404A695CDF8B1
:10D5E0009492CDF828A0A492A3944FF284054FF210
:10D5F00034094FF2045A4EF248024FF20414A29535
:10D60000CDF88492CDF880A29F929E944FF204258B
:10D610004FF22D094FF25D1A4FF26F024EF29C0449
:10D620000995CDF87492CDF86CA29A9299944FF224
:10D6300058154FF258294FF2D20A4FF273024FF2A7
:10D6400052549895CDF85C92CDF858A29492939448
:10D650004EF296054FF252194FF2522A4FF25152A2
:10D660004FF24C449295CDF84492CDF840A28F925F
:10D670008D944EF290054FF24C194FF24C2A4FF216
:10D6800048424EF28C048C95CDF82C92CDF828A20D
:10D6900089924FF2C60A9C9695968E9688944FF280
:10D6A000C404CDF814A24FF2F40283944FF2441A4A
:10D6B00004464FF244204FF248298492CDF800A24C
:10D6C0007F904FF2AD024FF2A00A4FF290004FF25E
:10D6D0004815CDF8189208924FF24459CDF818A089
:10D6E00079904FF22C124FF2EF0A4FF2E700879534
:10D6F000CDF804924FF274054FF2E6097892CDF816
:10D70000D4A174904FF295024FF28B0A4FF28A0027
:10D710008295CDF81C904FF2D4054FF2B009739268
:10D72000CDF8C0A16F904FF22C424FF2600A4FF239
:10D730009D007C95CDF8D8916E92CDF8B4A14FF2B2
:10D74000A1027E9600967D967B967A9605967796B0
:10D75000729671966C966B906A914FF2E10104910A
:10D7600069924FF29E0A4FF22A004FF22C514FF26B
:10D77000A602CDF8A0A16790669165924FF2A40A27
:10D780004FF2A5004FF21C014FF21D02CDF80CA084
:10D790006490639162924FF21B0A4FF21A004FF2AB
:10D7A00019014FF21802CDF884A160905F915E924A
:10D7B0004FF2170A4FF216004FF215014FF2140202
:10D7C000CDF874A15C905B915A924FF2130A4FF21C
:10D7D00012004FF211014FF21002CDF864A15890DF
:10D7E000579156924FF20F0A4FF20E004FF20D0171
:10D7F0004FF20C02CDF854A15490539152924FF233
:10D800000B0A4FF20A004FF209014FF20802CDF85D
:10D8100044A150904F914E924FF2070A4FF20600EA
:10D8200010E000BFB8E3FF1F84E4FF1FB4E4FF1F54
:10D83000AEE4FF1FB8E4FF1F82E4FF1F88E4FF1F70
:10D84000D0E2FF1F4FF205014FF20402CDF834A1E0
:10D850004C904FF22C2A4B914FF278004A924FF2A3
:10D860002C314FF2A302CDF824A148904791469263
:10D870004FF2E40A4FF2A2004FF25C014FF25D0258
:10D88000CDF814A14490439142924FF25B0A4FF2BB
:10D890005A004FF259014FF25802CDF804A14090BE
:10D8A0003F913E924FF2570A4FF256004FF2550108
:10D8B0004FF25402CDF8F4A03C903B913A924FF2D3
:10D8C000530A4FF252004FF251014FF25002CDF87D
:10D8D000E4A03890379136924FF24F0A4FF24E0043
:10D8E0004FF24D014FF24C02CDF8D4A03490339159
:10D8F00032924FF24B0A4FF24A004FF249014FF277
:10D900004802CDF8C4A030902F912E924FF2470AD2
:10D910004FF246004FF245014FF28F02CDF8B4A00E
:10D920002C902B914FF26D0A4FF267012A942992A5
:10D930004FF235024FF27500CDF8A0A026914FF2BC
:10D94000760A4FF2260125924FF225022790CDF854
:10D9500090A04FF277004FF2240A229121924FF2C9
:10D9600022014FF221022390CDF880A04FF2230034
:10D970004FF2200A1E911D924FF21E014FF2270214
:10D980001F90CDF870A04FF21F004FF2640A1A9159
:10D9900019924FF238014FF236021B90CDF860A079
:10D9A0004FF237004FF2300A169115924FF265018F
:10D9B0004FF271021790CDF850A04FF270004FF265
:10D9C000630A139112924FF262014FF261020290C8
:10D9D000CDF844A04FF21D434FF22F074FF2920CA7
:10D9E000B0464FF28D054FF294094FF26600109148
:10D9F0000F924FF2310A07F0AEB8022B40F05D8271
:10DA00004023038080230B804FF4E06323804FF496
:10DA100000733B80C94CCA484FF4407333804FF4C5
:10DA2000806323804FF4A0630380C64BC64C40F252
:10DA3000FF7119804FF22F03A9F800304FF2B8039D
:10DA4000ABF80030C1494FF23403AAF800304FF26E
:10DA500070030B803F21ACF800104FF244004FF2EE
:10DA600030034FF2183C4FF22C0B16462380A8F8D7
:10DA70000000A5F800B04EF25C094FF21C254FF2F1
:10DA8000182ACDF804C04EF25604944690464FF240
:10DA90001242B395CDF8C892CDF8C4A2B092AE941C
:10DAA0004FF212254FF212394FF20C4A4EF2500249
:10DAB0004FF20C24AD95CDF83090CDF8A8A2A992E4
:10DAC000A8944FF20C354FF208494EF24C0A4FF22F
:10DAD00038024FF208340B95CDF89C92CDF898A2FD
:10DAE0004FF206554FF204494EF2480AAF96AC96F3
:10DAF000AB96A5920A944FF204224FF20434A495F7
:10DB0000CDF88492CDF87CA29E9209944FF25C25C8
:10DB10004EF29C094FF2582A4FF258324FF25244BB
:10DB20009B95CDF86492CDF860A2979294944EF2B2
:10DB300096054FF252294FF2523A4FF24C424EF2B2
:10DB400090049295CDF84492CDF840A28D928C9499
:10DB50004FF24C254FF24C394FF2484A4EF28C02AC
:10DB60004FF278048B95CDF82892CDF824A28892B4
:10DB700087944FF248354FF246594FF2444A0446D3
:10DB80004FF244324FF244204FF218478695A39645
:10DB9000A296A0969D969C969A9796969596939601
:10DBA0008F968E96CDF81492CDF808A280907F9231
:10DBB0004FF2AD094FF2A70A7F204FF29302CDF842
:10DBC0000090CDF8F4A17C9006924FF290094FF2AC
:10DBD000A60A4FF2A5004FF29E02CDF8E491CDF8CF
:10DBE00014A0779076924FF0BF094FF2B60A4FF229
:10DBF000B7004FF2A302CDF8D491CDF8D0A1729026
:10DC000071924FF2920A4FF2A4004FF2A00289469D
:10DC10004FF2A2014FF2AE05CDF8B4A16C906A911B
:10DC200004924FF2A10A4FF22A004FF2B3014FF2D1
:10DC3000B1027E9584968396819608967B967A9615
:10DC400007967896739670966F966E966B96CDF84B
:10DC5000A4A16790669165924FF2750A4FF2B400E5
:10DC60004FF21D014FF21C02CDF80CA0649063919D
:10DC700062924FF21B0A4FF21A004FF219014FF253
:10DC80001802CDF884A160905F915E924FF2170A5E
:10DC90004FF216004FF215014FF21402CDF874A1A5
:10DCA0005C905B915A924FF2130A4FF212004FF2BE
:10DCB00011014FF21002CDF864A15890579156927D
:10DCC0004FF20F0A4FF20E004FF20D014FF20C020D
:10DCD000CDF854A15490539152924FF20B0A4FF247
:10DCE0000A004FF209014FF20802CDF844A150900A
:10DCF0004F914E924FF2070A4FF206004FF2050184
:10DD00004FF20402CDF834A14C904B914A924FF25D
:10DD10002C3A4FF26D004FF22C114FF2B002CDF8B9
:10DD200024A168964FF2B50A4890479146924FF267
:10DD3000AF004FF25D014FF25C0209E0B8E3FF1F54
:10DD400086E4FF1FB4E4FF1FB0E3FF1FB8E4FF1F2A
:10DD5000CDF814A14490439142924FF25B0A4FF2E6
:10DD60005A004FF259014FF25802CDF804A14090E9
:10DD70003F913E924FF2570A4FF256004FF2550133
:10DD80004FF25402CDF8F4A03C903B913A924FF2FE
:10DD9000530A4FF252004FF251014FF25002CDF8A8
:10DDA000E4A03890379136924FF24F0A4FF24E006E
:10DDB0004FF24D014FF24C02CDF8D4A03490339184
:10DDC00032924FF24B0A4FF24A004FF249014FF2A2
:10DDD0004802CDF8C4A030902F912E924FF2470AFE
:10DDE0004FF246004FF245014FF29F02CDF8B4A02A
:10DDF0002C902B9129924FF2630A4FF271004FF24F
:10DE00002E014FF23102CDF8A0A027904FF2330A35
:10DE10002A9426914FF2260125924FF225024FF2C5
:10DE20007300CDF890A022914FF2240A4FF2220104
:10DE300021924FF221022390CDF880A04FF22300CF
:10DE40004FF2200A1E911D924FF21E014FF227023F
:10DE50001F90CDF870A04FF21F004FF2600A1A9188
:10DE600019924FF22D014FF236021B90CDF860A0AF
:10DE70004FF237004FF26E0A169115924FF266017B
:10DE80004FF276021790CDF850A04FF26500139133
:10DE900012924FF262014FF2640A4FF26102029055
:10DEA00010914FF21C4335464FF26700CDF844A065
:10DEB0000F924FF2750104F0A9BC032B40F0D682FB
:10DEC000402303808023D5480B804FF400630380F8
:10DED0004FF4E0632380D24CD2484FF4007121808C
:10DEE0004FF4407139804FF480610180CE48CF4CAF
:10DEF00003804FF4A0613180CD4BCE484FF4C06118
:10DF0000218040F6FF7119804FF22F03CA49A9F80A
:10DF100000304FF26F030B80C84CC9494FF63303F2
:10DF2000ABF800304FF62E0323804FF2AF03AAF870
:10DF300000304FF2B00303804FF66F030B804FF2B7
:10DF4000AC033F202B804FF21C344EF25C054FF2A5
:10DF500018394FF2122A4FF2126BACF80000B3944A
:10DF6000B295CDF8C4920190CDF8C0A2CDF8BCB264
:10DF70004EF256004FF212344FF212554FF2116921
:10DF80004FF6070A4FF20C2B4FF24401AE90AD94BE
:10DF90000C95CDF8B092CDF8ACA2CDF8A8B24EF267
:10DFA00050004FF20C344FF20C554FF208294EF24C
:10DFB0004C0A4FF2380BA8F80010A990A8940B95C2
:10DFC000CDF89C92CDF898A2CDF894B24FF23400DF
:10DFD0004FF230044FF604054FF204794FF2042A51
:10DFE0004FF2046B0A90A494A395CDF88892CDF8D3
:10DFF00084A2CDF880B24EF248004FF204344FF2C2
:10E0000031054FF616094FF6530A4FF25C3B9F90CD
:10E010009E940995CDF87492CDF870A2CDF86CB2AB
:10E020004EF29C004FF258347F254FF652094FF6BE
:10E03000760A4FF2522B999098949795CDF8589272
:10E04000CDF854A2CDF850B24FF252604EF2960481
:10E050004FF252354FF252594FF2516A4FF6470B79
:10E06000939092949195CDF84092CDF83CA2CDF842
:10E0700038B24FF24C204EF290044FF24C354FF232
:10E080004C594FF2482A4EF28C0B4FF218278D90C4
:10E090008C948B954FF278004FF274049A97CDF8D8
:10E0A0002892CDF824A2CDF820B24FF2447A4FF254
:10E0B000442B879086944FF64409CDF80CA2CDF8F6
:10E0C00008B24FF244600C464FF6230A4FF2443137
:10E0D0004FF6220BCDF81092819080914FF66D098A
:10E0E000CDF8F8A1CDF800B04FF621004FF29B011A
:10E0F0004FF22C4A4FF6150B0792CDF820907D90E9
:10E100007C914FF61E09CDF8E8A1CDF818B04FF676
:10E1100010004FF22C314FF620024FF6660A4FF2F4
:10E12000B30B4FF27005CDF8EC9179907891079888
:10E1300005924FF61F09CDF8D8A1CDF8D4B14FF60E
:10E1400055014FF675024FF6490A4FF6460B859575
:10E15000CDF8DC914FF271057490739172924FF289
:10E16000AE09CDF8C0A1CDF8BCB14FF22C204FF6CE
:10E17000560140F67F024FF65C0A4FF6610B7F9521
:10E18000CDF8C4916E906D916C92CDF8ACA1CDF8A4
:10E19000A8B14FF660004FF606014FF65E024FF24F
:10E1A0002A0A4FF6300B049069916892CDF89CA131
:10E1B000CDF898B14FF2A5004FF2B5014FF2A4028D
:10E1C0004FF21D0A4FF21C0B659003916492CDF83B
:10E1D0008CA1CDF888B14FF21B004FF21A014FF21B
:10E1E00019024FF2180A4FF2170B619060915F927B
:10E1F000CDF878A1CDF874B14FF216004FF21501A9
:10E200004FF214024FF2130A4FF2120B5C905B9123
:10E210005A92CDF864A1CDF860B113E07CE4FF1F01
:10E22000B8E3FF1F86E4FF1FACE3FF1F84E4FF1F7A
:10E23000B4E4FF1FAEE4FF1FB8E4FF1FB0E3FF1F0D
:10E24000D6E2FF1F4FF211004FF210014FF20F0202
:10E250004FF20E0A4FF20D0B579056915592CDF892
:10E2600050A1CDF84CB14FF20C004FF20B014FF220
:10E270000A024FF2090A4FF2080B52905191509244
:10E28000CDF83CA14FF20700CDF838B14FF20601AE
:10E290004FF205024FF2040A4FF22C5B4D904C9165
:10E2A0004B92CDF828A1CDF824B14FF26D004FF27A
:10E2B0002C114FF2A7024FF2750A4FF2A60B4890AD
:10E2C00047914692CDF814A1CDF810B14FF25D0000
:10E2D0004FF25C014FF25B024FF25A0A4FF2590BB8
:10E2E000439042914192CDF800A1CDF8FCB04FF29D
:10E2F00058004FF257014FF256024FF2550A4FF2B3
:10E30000540B3E903D913C92CDF8ECA0CDF8E8B096
:10E310004FF253004FF252014FF251024FF2500AA6
:10E320004FF24F0B399038913792CDF8D8A0CDF8F5
:10E33000D4B04FF24E004FF24D014FF24C024FF26B
:10E340004B0A4FF24A0B349033913292CDF8C4A06D
:10E35000CDF8C0B04FF249004FF248014FF24702EA
:10E360004FF2460A4FF2450B2F902E912D924FF20D
:10E370006301CDF8B0A04FF2B7024FF22E0ACDF8EC
:10E38000ACB04FF2B60B4FF25F00289127924FF2DC
:10E3900073014FF22602CDF898A0CDF894B04FF259
:10E3A000250A4FF2240B299023914FF233004FF2AC
:10E3B00022012292CDF884A04FF221024FF2200ACE
:10E3C000CDF880B04FF21F0B24901E914FF2230026
:10E3D0004FF227011D92CDF870A04FF235024FF297
:10E3E000370ACDF86CB04FF22D0B1F9019914FF2F8
:10E3F0001E004FF26E011892CDF85CA04FF265023C
:10E400004FF2660ACDF858B04FF2760B1A9014917D
:10E410004FF236004FF264010292CDF84CA0CDF8D5
:10E4200048B04FF262024FF2610A4FF2600B159052
:10E4300011914FF21C234FF613064FF6120C4FF6B4
:10E4400077084FF650054FF29D092A944FF2670066
:10E450001092CDF83CA0CDF838B04FF277010D9175
:10E460004FF25E0A4FF22C0B06F03CBC162B40F02C
:10E47000CD8140234FF22C0B0380A5F800B0802300
:10E48000B64D0B8042F2AC00B54B2880FF21B54C55
:10E49000B54819804FF2A1033F2123800380B39236
:10E4A0001346B2924FF292044FF28C054FF2880954
:10E4B0004FF2840A4FF2D800164617464FF29802E0
:10E4C000ACF80010B192AD94A895CDF894924FF2AB
:10E4D000D2024FF2CC044FF2C8054FF2C4090193A7
:10E4E000B093AF93AE930C93AC93AB93AA93A993D1
:10E4F0000B93A793A6930A93A493A393A293A19398
:10E50000A0939F93CDF878A298904FF2750A4FF29E
:10E51000B50091928B948795CDF800924FF26002EE
:10E5200009939D939C939B939A9399939793969316
:10E53000959394939393929390938F938E938D93BB
:10E540008C938A93899388938693859384938393FA
:10E55000829381937F9308937E93CDF8C4A16C90AE
:10E560004FF22A0A4FF271000492CDF89CA16690F6
:10E570004FF270024FF07F0A4FF26F006592CDF8B4
:10E580000CA064904FF21D024FF21C0A4FF21B00C8
:10E59000639200934FF21A027D937C937B937A935C
:10E5A000079306937993789305937793769375936E
:10E5B00074937393729370936F936E936D936B9345
:10E5C0006A9369936893CDF888A161904FF2190A14
:10E5D0004FF218006092CDF87CA15E904FF21702C6
:10E5E0004FF2160A4FF215005D92CDF870A15B90C4
:10E5F0004FF214024FF2130A4FF212005A92CDF862
:10E6000064A158904FF211024FF2100A4FF20F001E
:10E610005792CDF858A155904FF20E024FF20D0AC5
:10E620004FF20C005492CDF84CA152904FF20B02D5
:10E630004FF20A0A4FF209005192CDF840A14F90D3
:10E640004FF208024FF2070A4FF206004E92CDF841
:10E6500034A14C904FF205024FF2040A4FF23500FC
:10E660004B92CDF828A149904FF26D024FF2630A08
:10E670004FF2300045914FF22F014892CDF81CA186
:10E68000469044914FF25D024FF25C0A4FF25B00FC
:10E690004FF25A014392CDF808A141904FF259022E
:10E6A00040914FF2580A4FF256013F92CDF8F8A030
:10E6B0004FF257003C914FF255024FF2540A4FF27D
:10E6C00052013D903B92CDF8E8A04FF253003891B3
:10E6D0004FF251024FF2500A4FF24E0139903792E9
:10E6E000CDF8D8A04FF24F0034914FF24D024FF2C7
:10E6F0004C0A4FF24A0135903392CDF8C8A04FF240
:10E700004B0030914FF249024FF2480A4FF2460156
:10E7100031902F92CDF8B8A04FF247002C914FF2D4
:10E7200045024FF2440A4FF278012D902B92CDF81A
:10E73000A8A04FF2740028914FF277024FF22E0AF0
:10E740004FF2330129902792CDF898A04FF276002E
:10E7500024914FF273024FF2260A07E088E4FF1F6C
:10E76000B4E4FF1F82E4FF1FD0E2FF1F4FF2240139
:10E7700025902392CDF888A04FF2250020914FF2EA
:10E7800023024FF2220A4FF2200121901F92CDF86E
:10E7900078A04FF21F024FF21E0A1C914FF238016F
:10E7A0004FF221001B92CDF868A04FF237024FF2D2
:10E7B0002D0A18914FF26E011D9017924FF227000B
:10E7C0004FF26502CDF858A014914FF2660A4FF24D
:10E7D0003401199002924FF236004FF26402CDF8E4
:10E7E0004CA012914FF2620A4FF261011590119202
:10E7F0009C4698461C461D4699464FF26700CDF848
:10E8000040A00F914FF2310203F0E9BD052B40F01B
:10E81000B7824023038080230B804FF4E063238082
:10E820004FF48073A8F800304FF400733B80DA484F
:10E83000DA49DB4C4FF4407333804FF4806303803C
:10E840004FF4A0630B80D74BD74840F2FF7119807B
:10E850004FF27003A9F800304FF22E03ABF80030EE
:10E860004FF26E03AAF800304FF2B00323804FF24C
:10E87000300303804FF2AC032B80CC4DCC4C42F2E2
:10E88000AC004FF288032880CA4823804FF2183A20
:10E890004FF21C244FF2330B90460380B3944FF297
:10E8A00018154FF21829CDF804A0CDF8C0B24FF2D8
:10E8B00012404FF212124FF212244FF2870A4FF217
:10E8C0000C5B3F21B295CDF8C492AF90AE92AD945F
:10E8D0004FF212354FF21149CDF8ACA2CDF8A8B2E3
:10E8E0004FF20C104FF20C224FF20C344FF2082A68
:10E8F0004FF2083BACF800100C95CDF8B092A990FF
:10E90000A8924FF208550B944FF20819CDF894A233
:10E91000CDF828B04FF2B4004FF22F024FF2042A84
:10E920004FF2043BA795CDF89892A390A2924FF294
:10E9300034044FF204454FF20419CDF878A2CDF813
:10E9400024B04FF296004FF2D7024FF2582A4FF2FE
:10E95000583BA194A095CDF87C929D909C924FF24B
:10E960005C244FF258554FF25819CDF860A2CDF8FB
:10E970005CB24FF2F3004FF29B024FF2522A4FF279
:10E98000523B9B949A95CDF86492969095924FF253
:10E9900073044FF252454FF25219CDF844A2CDF80C
:10E9A00040B24FF251404FF2C7024FF24C3A4FF291
:10E9B000485B94949395CDF848928F908E924FF245
:10E9C0004C544FF24C154FF24C29CDF828A2CDF8FB
:10E9D00024B24FF248104FF248224FF2740A4FF21D
:10E9E000444B8D948C95CDF82C92CDF890824FF2BB
:10E9F0006F0988908792CDF808A2CDF804B24FF243
:10EA000044204FF244324FF2E00A4FF2DB0B4FF258
:10EA1000F405CDF80C9280907F924FF27509CDF8F5
:10EA2000F0A1CDF81CB04FF290004FF22C224FF223
:10EA3000B80A4FF22C5B4FF248348495CDF8009021
:10EA40004FF2ED05799078924FF2E709CDF8C8A121
:10EA5000CDF8B8B14FF235004FF261024FF2A00A83
:10EA60004FF2DE0B86940895CDF8D4916D90CDF8D9
:10EA700014824FF22A00CDF8F881CDF8F481CDF858
:10EA8000EC81CDF8E881CDF81880CDF81480CDF870
:10EA9000DC81CDF8D881CDF8D081CDF8CC81CDF80E
:10EAA000C481CDF8C081CDF8BC81CDF8B081CDF85E
:10EAB000AC816A92CDF810A0CDF8A0B14FF22C42F3
:10EAC0004FF2A70A4FF0BF0B67906692CDF894A162
:10EAD000CDF80CB04FF2A4004FF21D024FF21C0A09
:10EAE0004FF21B0B64906392CDF888A1CDF884B1EE
:10EAF0004FF21A004FF219024FF2180A4FF2170B99
:10EB000060905F92CDF878A1CDF874B14FF2160005
:10EB10004FF215024FF2140A4FF2130B5C905B9206
:10EB2000CDF868A1CDF864B14FF212004FF2110296
:10EB30004FF2100A4FF20F0B58905792CDF858A190
:10EB4000CDF854B14FF20E004FF20D024FF20C0A05
:10EB50004FF20B0B54905392CDF848A1CDF844B12D
:10EB60004FF20A004FF209024FF2080A4FF2070B68
:10EB700050904F92CDF838A1CDF834B14FF2060045
:10EB80004FF205024FF2040A4FF22C3B4C90CDF8A5
:10EB9000A4814FF278000FE084E4FF1FB8E3FF1F69
:10EBA000AEE4FF1FB4E4FF1FB8E4FF1F88E4FF1FBB
:10EBB00082E4FF1FD0E2FF1F4B92CDF828A1CDF8D1
:10EBC00024B14FF22C124FF2A60A4FF2AD0B48902F
:10EBD0004792CDF818A1CDF814B14FF2A5004FF22D
:10EBE0005D024FF25C0A4FF25B0B44904392CDF80A
:10EBF00008A1CDF804B14FF25A004FF259024FF27A
:10EC0000580A4FF2570B40903F92CDF8F8A0CDF83C
:10EC1000F4B04FF256004FF255024FF2540A4FF241
:10EC2000530B3C903B92CDF8E8A0CDF8E4B04FF206
:10EC300052004FF251024FF2500A4FF24F0B3890F0
:10EC40003792CDF8D8A0CDF8D4B04FF24E004FF2A5
:10EC50004D024FF24C0A4FF24B0B34903392CDF8E9
:10EC6000C8A0CDF8C4B04FF24A004FF249024FF2AB
:10EC7000480A4FF2470B30902F92CDF8B8A0CDF84C
:10EC8000B4B04FF246004FF245024FF2440A4FF241
:10EC90009F0B2C902B92CDF8A8A07F22CDF8A4B08A
:10ECA0004FF2670A4FF2760B4FF26D002792CDF8C4
:10ECB00098A04FF225024FF2240A2591CDF890B08A
:10ECC0004FF226014FF2230B289022914FF277004A
:10ECD0004FF221012192CDF880A04FF220024FF295
:10ECE0001F0ACDF87CB04FF21E0B23901D914FF2FE
:10ECF00022004FF264011C92CDF86CA04FF2370253
:10ED00004FF2380ACDF868B04FF2360B1E901891CA
:10ED10004FF227004FF271011792CDF858A04FF231
:10ED200065024FF2310ACDF854B04FF2630B1990DF
:10ED300002914FF22D001392CDF848A0CDF844B0C7
:10ED40004FF262014FF2A1024FF2600A4FF25F0BE5
:10ED500014904FF21C534FF297064FF218574FF290
:10ED6000B30C4FF2441445464FF2E1094FF26600EE
:10ED700010910F92CDF838A0CDF834B0FFF770BBEA
:10ED8000062B40F05D82BE4BBE4840221A80BE4B2F
:10ED900080221A80BD4B4FF4E0621A80BC4B4FF4C6
:10EDA00000721A80BB4B4FF440721A80BA4B4FF47A
:10EDB00080621A80B94B40F2FF721A80B84B4FF252
:10EDC0002F021A80B74B4FF2A4021A80B64B4FF2B3
:10EDD0006F021A80B54B4FF29F021A80B44B3F224C
:10EDE0001A80B44B4FF22C0BA3F800B0B24B4FF289
:10EDF000540119804FF288030380B04842F2AC04FA
:10EE00000480AF484FF2123403804FF23300019078
:10EE1000B0944FF212454EF266094FF2122A4FF2A9
:10EE200011404FF20C3400264EF26C0CAF95CDF829
:10EE3000B892CDF830A0AC90AA944EF260054FF293
:10EE40000C294FF2083A4EF25C004FF21F04CDF845
:10EE5000C8C2A995CDF82C90CDF89CA24FF22405FC
:10EE60004FF226094FF2143AB396B196AD96AB968F
:10EE7000A896A690A5944FF214404EF268040A9505
:10EE8000CDF89092CDF884A2A0909F944FF22705E0
:10EE90004EF2AC094FF2582A4FF252304FF2524420
:10EEA0000995CDF86492CDF85CA2949093944EF2BB
:10EEB000A6054FF252294FF2514A4FF24C304EF212
:10EEC000A0049295CDF84092CDF83CA28D908C9400
:10EED0004FF24C254FF248394EF29C0A4FF248202F
:10EEE0004FF254344FF218378A95CDF82492CDF86A
:10EEF00020A2A3964FF2710AA2969E969D969C968A
:10EF00009B969A9798969696959691968E968B96AE
:10EF10008796869082944FF235000C464FF26D0131
:10EF2000CDF8E4A1779075914FF22C3A4FF278002A
:10EF30004FF2B0014FF254454FF25429CDF8B8A129
:10EF40006D906A914FF2700A4FF22A004FF22C41F5
:10EF50008195CDF8FC918596849683968096089647
:10EF60007E9600967D967C967B967A960796069678
:10EF700078960596769674967396729671967096B4
:10EF80006F966C966B96CDF810A0679066914FF2D5
:10EF9000AE0A4FF2A3004FF2A101CDF894A1039065
:10EFA00064914FF21A0A4FF21C004FF21B01CDF888
:10EFB0008CA1629061914FF21D0A4FF219004FF23D
:10EFC0001801CDF880A15F905E914FF2170A4FF2C1
:10EFD00016004FF21501CDF874A15C905B914FF2D1
:10EFE000040A4FF213004FF21201CDF868A15990B4
:10EFF00058914FF2110A4FF233004FF20F01CDF842
:10F000005CA1569055914FF20E0A4FF20D004FF24F
:10F010000C01CDF850A1539052914FF20B0A4FF2D0
:10F020000A004FF20901CDF844A150904F914FF2E0
:10F03000080A4FF207004FF20601CDF838A14D90B3
:10F040004C914FF2050A4FF214004FF22C21CDF8EB
:10F050002CA14A904FF2250A4FF2A60069966896B5
:10F0600049914FF2AD01CDF820A1479046914FF262
:10F07000A50A4FF2A2004FF25A01CDF814A121E0E7
:10F08000A6E4FF1F82E4FF1FA4E3FF1FAAE4FF1F03
:10F09000B2E3FF1FB8E3FF1F84E4FF1FB4E4FF1FC8
:10F0A000B0E4FF1F80E4FF1FB8E4FF1FAEE4FF1FC2
:10F0B00096E4FF1FAAE3FF1FA8E3FF1F88E4FF1FDA
:10F0C000D0E2FF1F449043914FF25C0A4FF25B0085
:10F0D0004FF25D01CDF808A1419040914FF2590ADD
:10F0E0004FF258004FF25701CDF8FCA03E903D91F1
:10F0F0004FF2560A4FF255004FF24401CDF8F0A0FE
:10F100003B903A914FF2530A4FF252004FF25101A5
:10F11000CDF8E4A0389037914FF2730A4FF24F00C8
:10F120004FF24E01CDF8D8A0359034914FF24D0AF0
:10F130004FF24C004FF24B01CDF8CCA03290319100
:10F140004FF24A0A4FF249004FF24801CDF8C0A0F1
:10F150002F902E914FF2470A4FF246004FF2450191
:10F16000CDF8B4A02C902B914FF2A70A4FF250008B
:10F170007F21CDF8A4A028904FF22E0A2A9427913F
:10F180004FF2370125924FF26602CDF898A02391F5
:10F190004FF2650A4FF2630122924FF262024FF280
:10F1A0003600CDF884A01F914FF2610A4FF25F0143
:10F1B0001E924FF25E022490CDF874A04FF26400CC
:10F1C0004FF2670A1B911A924FF276014FF2230217
:10F1D0002090CDF864A04FF260004FF2100A179112
:10F1E00016924FF231014FF222021C90CDF854A03A
:10F1F0004FF277004FF2210A029113924FF21E0153
:10F200004FF274021890CDF848A04FF26E004FF202
:10F21000300A119110924FF2A0014FF22002149087
:10F22000CDF83CA04FF21C33B446B0463546B1464B
:10F230004FF22D000E910D924FF2380A05F052BD9B
:10F24000042B02D01B2B40F0AF82274C274D2848BF
:10F2500028494022228080222A804FF4E0620280E6
:10F26000254C264D26484FF480720A804FF40072D8
:10F2700022804FF4407223492A804FF4806202803A
:10F280004FF4A0620A80204A2048214C40F2FF71CE
:10F290001180204A4FF2700111801F4A4FF22E0157
:10F2A00011801E4A4FF26E0111801D4A4FF2B001CB
:10F2B00011801C4A4FF2300111801B494FF22C0B78
:10F2C000A1F800B04FF2880101803F221748228048
:10F2D00042F2AC04048016481B2B01804FF21C53F1
:10F2E00005F0FE8126E000BFA6E4FF1FA4E3FF1F98
:10F2F000AAE4FF1FA8E3FF1FB2E4FF1FB2E3FF1F52
:10F3000084E4FF1FB8E3FF1FB4E4FF1F82E4FF1F84
:10F3100096E4FF1FB0E4FF1FD2E2FF1F80E4FF1F4F
:10F32000AEE4FF1FB8E4FF1FAAE3FF1F88E4FF1F3E
:10F33000D0E2FF1F4FF21C254FF218194FF2182A86
:10F340004FF212504FF21241B395CDF8C892CDF85A
:10F35000C4A2B090AF914FF212144FF212254FF2A7
:10F3600012394FF2114A4FF287004FF20C51AE940E
:10F37000AD95CDF83090CDF8B0A2AB90AA914FF2F8
:10F380000C144FF20C254FF20C394FF2085A4FF281
:10F3900008104FF20821A994A895CDF82C90CDF82B
:10F3A0009CA2A690A5914FF208344FF233054FF27C
:10F3B0002F094FF2045A4FF204404FF204110A94FD
:10F3C000A395CDF88892CDF884A2A0909F914FF29A
:10F3D00004244FF204354FF296094FF2D70A4FF248
:10F3E0005C204FF258514FF000084FF2183C9E94A9
:10F3F0000995CDF87492CDF870A29B909A914FF236
:10F4000058144FF258254FF258394FF2740A4FF200
:10F4100052504FF25241CDF804C099949895CDF8CE
:10F4200090824FF25225CDF85C92CDF858A294907C
:10F4300093914FF252394FF2514A4FF2C7004FF2B7
:10F440004C514FF252149195CDF84092CDF83CA218
:10F450008E908D914FF24C254FF24C394FF2485A15
:10F460004FF248104FF2482192948B954FF24C1472
:10F47000CDF82892CDF824A2889087914FF2730599
:10F480004FF26F094FF2445A4FF244404FF2442179
:10F490008C9484954FF24834CDF80C92CDF808A2A4
:10F4A000819080914FF244354FF235094FF2900A26
:10F4B0004FF22C204FF22C5186947F95CDF800907E
:10F4C000CDF85482CDF81482CDF82080CDF8F881A3
:10F4D000CDF8F481CDF8F081CDF8EC81CDF8E8815C
:10F4E000CDF81C80CDF81880CDF8E4A178906E910D
:10F4F0004FF2750A4FF261004FF2A001CDF8B4A1AE
:10F500006A9004914FF22A0A4FF22C404FF2A70161
:10F51000CDF89CA1669065914FF2AE0A4FF2A4001F
:10F520004FF21D01CDF80CA0649063914FF21C0ABC
:10F530004FF21B004FF21A01CDF888A16190609143
:10F540004FF2190A4FF218004FF21701CDF87CA1C3
:10F550005E905D914FF2160A4FF215004FF21401C2
:10F56000CDF870A15B904FF2130A4FF21200CDF864
:10F570001480CDF8DC81CDF8D881CDF8D481CDF8D8
:10F58000D081CDF8CC81CDF8C881CDF8C481CDF83B
:10F59000C081CDF8BC81CDF8B081CDF8AC81CDF87B
:10F5A000A481CDF8A0815A914FF21101CDF864A148
:10F5B000589057914FF2100A4FF20F004FF20E0180
:10F5C000CDF858A1559054914FF20D0A4FF20C000E
:10F5D0004FF20B01CDF84CA1529051914FF20A0A13
:10F5E0004FF209004FF20801CDF840A14F904E9123
:10F5F0004FF2070A4FF206004FF20501CDF834A191
:10F600004C904B914FF2040A4FF22C304FF278019C
:10F61000CDF828A1499048914FF22C1A4FF2A6003C
:10F62000BF21CDF81CA1469045914FF2A50A4FF29B
:10F630005D004FF25C01CDF810A1439042914FF272
:10F640005B0A4FF25A004FF25901CDF804A14090E5
:10F650003F914FF2580A4FF257004FF25601CDF842
:10F66000F8A03D903C914FF2550A4FF254004FF2F2
:10F670005301CDF8ECA03A9039914FF2520A4FF273
:10F6800051004FF25001CDF8E0A0379036914FF283
:10F690004F0A4FF24E004FF24D01CDF8D4A03490F6
:10F6A00033914FF24C0A4FF24B004FF24A01CDF822
:10F6B000C8A0319030914FF2490A4FF248004FF202
:10F6C0004701CDF8BCA02E902D914FF2460A4FF283
:10F6D00045004FF24401CDF8B0A02B902A914FF293
:10F6E0009F0A4FF26D007F21CDF8A4A028902791AA
:10F6F0004FF2670A4FF276004FF27701CDF898A0EB
:10F700002592249023914FF226024FF2250A4FF2C0
:10F7100024004FF223012292CDF884A020901F9163
:10F720004FF222024FF2200A4FF21F004FF21E0149
:10F730001E92CDF870A01B901A914FF227024FF243
:10F74000640A4FF237004FF238014FF22109199243
:10F75000CDF860A017904FF236024FF22D0ACDF887
:10F76000749016914FF265014FF271001592CDF829
:10F7700050A04FF2310213914FF2630A4FF262012F
:10F78000029012924FF297064FF218574FF2340C34
:10F790004FF2441445464FF26600CDF844A0109154
:10F7A0004FF2A10205F0D4B90F2B40F0F681CE4BF9
:10F7B000CE4940221A80CE4B80221A80CD4B4FF486
:10F7C000E0621A80CC4B4FF480721A80CB4B4FF41E
:10F7D00000721A80CA4B4FF440721A80C94B4FF422
:10F7E00080621A80C84B4FF4A0621A80C74B40F267
:10F7F000FF721A80C64B4FF270021A80C54B4FF24F
:10F80000AE021A80C44B4FF26E021A80C34B4FF205
:10F81000B0021A80C24B4FF230021A80C14B3F2215
:10F820001A80C14B4FF22C0BA3F800B04FF28803A3
:10F830000B80BE4942F2AC000880BD494FF21C2447
:10F840000B804FF218154FF218294FF2183A4FF269
:10F8500012504FF21241B394B295CDF8C492CDF844
:10F8600004A0B090AF914FF212144FF212254FF254
:10F8700012394FF2114A4FF287004FF20C51AE94F9
:10F88000AD95CDF83090CDF8B0A2AB90AA914FF2E3
:10F890000C144FF20C254FF20C394FF2085A4FF26C
:10F8A00008104FF20821A994A8954FF20834CDF81A
:10F8B0002C904FF23405CDF89CA2A690A5914FF262
:10F8C0002F094FF2045A4FF204404FF204110A94E8
:10F8D000A395CDF88892CDF884A2A0909F914FF285
:10F8E00004244FF204354FF296094FF2D70A4FF233
:10F8F0005C204FF258519E940995CDF87492CDF842
:10F9000070A29B909A914FF258144FF258254FF2E3
:10F9100058394FF2730A4FF252504FF252419994B4
:10F920009895CDF85C92CDF858A2949093914FF2AF
:10F9300052144FF252254FF252394FF2514A4FF2C0
:10F94000C7004FF24C514FF0000892949195CDF8BA
:10F950004092CDF83CA28E908D914FF24C144FF214
:10F960004C254FF24C394FF2485A4FF248104FF2A3
:10F9700048218C948B95CDF82892CDF824A2CDF80F
:10F9800090824FF2445ACDF85482889087914FF27A
:10F9900044404FF244214FF274054FF26F09CDF805
:10F9A00008A2819080914FF2900A4FF22C204FF2E2
:10F9B0002C514FF248348495CDF80C924FF24435D7
:10F9C0004FF23509CDF8E4A178906E914FF2750AA7
:10F9D0004FF261004FF2A00186947F95CDF8009020
:10F9E000CDF8B4A1CDF81482CDF82080CDF8F881FF
:10F9F000CDF8F481CDF8F081CDF8EC81CDF8E88137
:10FA0000CDF81C80CDF81880CDF81480CDF8DC81BD
:10FA1000CDF8D881CDF8D481CDF8D081CDF8CC8186
:10FA2000CDF8C881CDF8C481CDF8C081CDF8BC81B6
:10FA3000CDF8B081CDF8AC816A9004914FF22C40A2
:10FA40004FF2A7014FF22A0A669065914FF23500F6
:10FA50004FF2A401CDF89CA1039064914FF21D0ACE
:10FA60004FF21C004FF21B01CDF88CA16290619106
:10FA70004FF21A0A4FF219004FF21801CDF880A187
:10FA80005F905E914FF2170A4FF216004FF2150188
:10FA9000CDF874A15C905B914FF2140A4FF2130001
:10FAA0004FF21201CDF868A1599058914FF2110A06
:10FAB0004FF210004FF20F01CDF85CA15690559116
:10FAC0004FF20E0A4FF20D004FF20C01CDF850A18B
:10FAD000539052914FF20B0A4FF20A004FF2090174
:10FAE000CDF844A1509025E0A6E4FF1F82E4FF1F5B
:10FAF000A4E3FF1FAAE4FF1FA8E3FF1FB2E4FF1F58
:10FB0000B2E3FF1F84E4FF1FB8E3FF1FB4E4FF1F4D
:10FB1000B0E4FF1FD2E2FF1F80E4FF1FAEE4FF1F2F
:10FB2000B8E4FF1F96E4FF1FAAE3FF1F88E4FF1F4E
:10FB3000D0E2FF1F4F914FF2080A4FF207004FF239
:10FB40000601CDF838A14D904C914FF2050A4FF2C5
:10FB500004004FF22C31CDF8A481CDF8A081CDF86E
:10FB60002CA14FF2780A4A9049914FF22C104FF293
:10FB7000A601CDF820A14FF21C534FF297064FF289
:10FB800018574FF2330C4FF2441445464FF22109F7
:10FB9000479046914FF22E0AF2E1142B40F0AA82D0
:10FBA000CF4BD04940221A80CF4B80221A80CF4BB6
:10FBB0004FF4E0621A80CE4B4FF480721A80CD4B26
:10FBC0004FF400721A80CC4B4FF440721A80CB4B2A
:10FBD0004FF480621A80CA4B4FF4A0621A80C94B5E
:10FBE00040F2FF721A80C84B4FF270021A80C74B66
:10FBF0004FF22E021A80C64B4FF26E021A80C54B8E
:10FC00004FF2B0021A80C44B4FF230021A80C34B3D
:10FC10003F221A80C24B4FF22C0BA3F800B04FF2D8
:10FC200088030B80BF4942F2AC000880BE494FF206
:10FC30001C240B804FF218154FF218294FF2183A76
:10FC40004FF233004FF21241B394B295CDF8C49203
:10FC5000CDF804A0B090AF914FF212144FF21225DC
:10FC60004FF212394FF2114A4FF287004FF20C5106
:10FC7000AE94AD95CDF83090CDF8B0A2AB90AA91EE
:10FC80004FF20C144FF20C254FF20C394FF2085A78
:10FC90004FF208104FF20821A994A8954FF20834AA
:10FCA000CDF82C904FF22F05CDF89CA2A690A591EF
:10FCB0004FF234094FF2044A4FF204104FF204217C
:10FCC0000A94A295CDF88492CDF880A29F909E913F
:10FCD0004FF204344FF296054FF2D7094FF25C2AE7
:10FCE0004FF258504FF2581109949D95CDF87092EB
:10FCF000CDF86CA29A9099914FF258244FF2583552
:10FD00004FF273094FF2524A4FF252104FF2522102
:10FD100098949795CDF85092CDF84CA292909191ED
:10FD20004FF252344FF251454FF2C7094FF24C5A3D
:10FD30004FF24C104FF24C214FF0000C90948F95E5
:10FD4000CDF83892CDF834A28C908B914FF24C3490
:10FD50004FF248554FF248194FF2482A4FF24830B7
:10FD60004FF26F018A948995CDF890C2CDF88CC27C
:10FD7000CDF858C2CDF854C2CDF82092CDF81CA2CF
:10FD8000869083914FF244294FF2443A4FF2750026
:10FD90004FF290014FF274044FF24445CDF80092B7
:10FDA000CDF8FCA1009079914FF22C294FF22C5AFA
:10FDB0004FF235004FF2610182948195CDF8E091C8
:10FDC000CDF8B8A16D904FF2A00A4FF22A00CDF8FD
:10FDD00014C2CDF810C2CDF820C0CDF8F8C1CDF8CE
:10FDE000F4C1CDF8F0C1CDF8ECC1CDF8E8C1CDF843
:10FDF0001CC0CDF818C0CDF814C0CDF8DCC1CDF8CA
:10FE0000D8C1CDF8D4C1CDF8D0C1CDF8CCC1CDF892
:10FE1000C8C1CDF8C4C1CDF8C0C1CDF8BCC1CDF8C2
:10FE2000B0C1CDF8ACC16A914FF22C41CDF810A011
:10FE3000679066914FF2A70ABF204FF2A401CDF858
:10FE400094A1039064914FF21D0A4FF21C004FF2EF
:10FE50001B01CDF88CA1629061914FF21A0A4FF20A
:10FE600019004FF21801CDF880A15F905E914FF21A
:10FE7000170A4FF216004FF21501CDF874A15C90ED
:10FE80005B914FF2140A4FF213004FF21201CDF8BA
:10FE900068A1599058914FF2110A4FF210004FF299
:10FEA0000F01CDF85CA1569055914FF20E0A4FF21A
:10FEB0000D004FF20C01CDF850A1539052914FF22A
:10FEC0000B0A4FF20A004FF20901CDF844A15090FD
:10FED0004F914FF2080A4FF207004FF2060125E05A
:10FEE000A6E4FF1F82E4FF1FA4E3FF1FAAE4FF1F95
:10FEF000A8E3FF1FB2E4FF1FB2E3FF1F84E4FF1F6C
:10FF0000B8E3FF1FB4E4FF1FB0E4FF1FD2E2FF1FFE
:10FF100080E4FF1FAEE4FF1FB8E4FF1F96E4FF1F5D
:10FF2000AAE3FF1F88E4FF1FD0E2FF1FCDF838A12E
:10FF30004D904C914FF2050A4FF204004FF22C31D4
:10FF4000CDF8A4C1CDF8A0C1CDF82CA14FF2780A0C
:10FF50004A9049914FF22C104FF2A601CDF820A102
:10FF60004FF21C534FF297064FF21857E0464FF2EC
:10FF7000441465464FF22109479046914FF2AD0A6D
:10FF8000CDF814A14FF2A5004FF25D014FF25C0ACB
:10FF900044904391CDF808A14FF25B004FF25A0113
:10FFA0004FF2590A41904091CDF8FCA04FF2580011
:10FFB0004FF257014FF2560A3E903D91CDF8F0A016
:10FFC0004FF255004FF254014FF2530A3B903A91D1
:10FFD000CDF8E4A04FF252004FF251014FF2500A17
:10FFE00038903791CDF8D8A04FF24F004FF24E0124
:10FFF0004FF24D0A35903491CDF8CCA04FF24C0021
:020000022000DC
:100000004FF24B014FF24A0A32903191CDF8C0A025
:100010004FF249004FF248014FF2470A2F902E91BC
:10002000CDF8B4A04FF246004FF245014FF2440A1A
:100030002C902B91CDF8A8A04FF29F004FF26D01AC
:100040004FF07F0A29902891CDF89CA04FF26700CD
:1000500025924FF276014FF277024FF2260A269050
:1000600024914FF224012392CDF888A04FF223026D
:100070004FF2220A4FF2250020911F924FF21F01EA
:100080004FF21E02CDF878A04FF2270A21901B9163
:100090004FF220004FF237011A92CDF864A04FF2D0
:1000A00038024FF2360A1C9017914FF264004FF25B
:1000B00071011692CDF854A04FF265024FF2310A49
:1000C000189002914FF22D004FF263011392CDF878
:1000D00048A04FF262024FF2A10A14901191CDF89C
:1000E00074904FF266001092CDF83CA04FF2600180
:1000F00002F08CBB122B40F08482C24BC2494022DA
:100100001A80C24B80221A80C14B4FF4E0621A80E1
:10011000C04B4FF480721A80BF4B4FF400721A80AC
:10012000BE4B4FF440721A80BD4B4FF480621A8070
:10013000BC4B4FF4A0621A80BB4B40F2FF721A8096
:10014000BA4B4FF26F021A80B94B4FF234021A8049
:10015000B84B4FF22F021A80B74B4FF2A1021A8010
:10016000B64B4FF274021A80B54B3F221A80B54B42
:100170004FF22C0BA3F800B04FF2A2030B80B24950
:1001800042F2AC000880B1494FF21C240B804FF2C0
:1001900018154FF218294FF2183A4FF212504FF239
:1001A0001241B394B295CDF8C492CDF804A0B090AA
:1001B000AF914FF212144FF212254FF212394FF253
:1001C000330A4FF20C504FF20C110026AE94AD954D
:1001D000CDF83090CDF8B0A2AA90A9914FF20C249E
:1001E0004FF20C354FF208594FF2081A4FF208201F
:1001F0004FF20831A894AB964FF231040B95CDF82D
:100200009C92CDF898A2A5900A914FF204554FF216
:1002100004494FF2041A4FF204204FF20431A4941F
:10022000A195CDF88092CDF87CA29E9009914FF2D5
:100230005C244FF258554FF258194FF2582A4FF29A
:1002400058304FF252519B949A95CDF86492CDF864
:1002500060A2979094914FF252444FF252154FF290
:1002600052294FF2523A4FF273004FF24C5193948D
:100270009295CDF84492CDF840A28F908D914FF297
:100280004C144FF24C254FF24C394FF2485A4FF272
:1002900048104FF248218C948B95CDF82892CDF8D8
:1002A00024A2A3964FF2444AA2969D969C969696B7
:1002B00095968E96889087914FF244204FF2443164
:1002C0004FF271054FF24459CDF804A280907F910E
:1002D0004FF22C2A4FF2A3004FF275014FF248342F
:1002E0008595CDF808924FF22E054FF26009CDF8B2
:1002F000E0A1719070914FF22C5A4FF22E004FF204
:100300002A0186940895CDF81C90CDF8B8A1849662
:100310004FF22C4A83967E9600967D967C967B962D
:100320007A96069679960596779676967596749649
:10033000739672966F966D966C966B9668906791B1
:100340004FF2B1004FF29E01CDF898A16590039154
:100350004FF2B40A4FF21D004FF21C01CDF890A1EC
:10036000639062914FF21B0A4FF21A004FF219018B
:10037000CDF884A160905F914FF2180A4FF21700F8
:100380004FF21601CDF878A15D905C914FF2150AFD
:100390004FF214004FF21301CDF86CA15A9059910D
:1003A0004FF2120A4FF211004FF21001CDF860A186
:1003B000579056914FF20F0A4FF20E004FF20D0177
:1003C000CDF854A1549053914FF20C0A4FF20B0008
:1003D0004FF20A01CDF848A1519050914FF2090A0D
:1003E0004FF208004FF20701CDF83CA14E904D911D
:1003F0004FF2060A4FF205004FF20401CDF830A18A
:1004000026E000BFA6E4FF1F82E4FF1FA4E3FF1F56
:10041000AAE4FF1FA8E3FF1FB2E4FF1FB2E3FF1F20
:1004200084E4FF1FB8E3FF1FB4E4FF1FB0E4FF1F25
:10043000D2E2FF1F80E4FF1FAEE4FF1FB8E4FF1FFE
:1004400096E4FF1FAAE3FF1F88E4FF1FD0E2FF1F0F
:100450006A964FF22C3A049669964B904A914FF265
:1004600078004FF22C11CDF824A1489047914FF21B
:10047000B00A4FF2B5004FF2AF01CDF818A1459088
:1004800044914FF25D0A4FF25C004FF25B01CDF8F0
:100490000CA1429041914FF25A0A4FF259004FF28B
:1004A0005801CDF800A13F903E914FF2570A4FF20C
:1004B00056004FF25501CDF8F4A03C903B914FF21D
:1004C000540A4FF253004FF25201CDF8E8A0399090
:1004D00038914FF2510A4FF250004FF24F01CDF8D0
:1004E000DCA0369035914FF24E0A4FF24D004FF29C
:1004F0004C01CDF8D0A0339032914FF24B0A4FF21D
:100500004A004FF24901CDF8C4A030902F914FF22C
:10051000480A4FF247004FF24601CDF8B8A02D909F
:100520002C914FF2450A4FF244004FF29F01CDF853
:10053000ACA02A904FF26D0A29914FF267012592E3
:100540004FF27602CDF8A0A026914FF2770A4FF233
:10055000250124924FF224027F20CDF88CA0219116
:100560004FF2230A4FF2210120924FF220022790EE
:10057000CDF87CA04FF226004FF21F0A1D911C926D
:100580004FF227014FF264022290CDF86CA04FF297
:1005900022004FF2370A199118924FF236014FF2AA
:1005A00030021E90CDF85CA04FF21E004FF2700A90
:1005B000159114924FF265014FF22D021A90CDF869
:1005C00008A04FF238004FF2630A139112924FF2D3
:1005D00062014FF261021690CDF844A04FF21C5315
:1005E0004FF21857B446B0464FF244144FF2350557
:1005F000B1464FF2660010910F924FF2A00A04F03C
:10060000AABA102B40F07882C44BC549C548402295
:100610001A80C54B80221A80C44B4FF4E0621A80C6
:10062000C34B4FF480721A80C24B4FF400721A8091
:10063000C14B4FF440721A80C04B4FF480621A8055
:10064000BF4B4FF4A0621A80BE4B40F2FF721A807B
:10065000BD4A4FF2310313804FF270020A80BB494A
:100660000A80BB4A1380BB4B4FF26F011980BA4B13
:100670003F221A80B94B4FF22C0BA3F800B04FF277
:1006800088030380B64842F2AC040480B5484FF2B8
:100690001C2403804FF218154FF218294FF2183A14
:1006A0004FF21250B394B295CDF8C492CDF804A095
:1006B000B0904FF212444FF212154FF212294FF23E
:1006C000123A4FF211400026AF94AE95CDF8B49295
:1006D000CDF830A0AC904FF20C544FF20C154FF205
:1006E0000C294FF20C3A4FF20850AA94A995CDF874
:1006F000A0924FF20814AB96CDF82CA0A7904FF221
:10070000330A4FF20450A6944FF208254FF20839ED
:10071000CDF890A2A1904FF204444FF2043A4FF268
:100720005C20A595CDF82890A0944FF204154FF2C7
:100730000429CDF824A09B904FF258544FF2583A18
:100740004FF252509F95CDF878929A944FF25815E7
:100750004FF25829CDF85CA294904FF252444FF2D8
:10076000523A4FF251409995CDF8609293944FF2DE
:1007700052154FF25229CDF840A28F904FF24C54AF
:100780004FF24C3A4FF248509295CDF844928D94E6
:100790004FF24C154FF24C29CDF828A289904FF218
:1007A00048144FF2730A4FF244508C95CDF82C92B6
:1007B000A396A2969D969C96969695968E968894CC
:1007C000CDF814A282904FF26E0A4FF22C204FF215
:1007D00048254FF24839CDF8F0A178904FF2740ACD
:1007E0004FF22C508795CDF818924FF244444FF2B7
:1007F00044254FF24439CDF8C0A16E904FF2A10AC2
:100800004FF2A00081948095CDF8FC91CDF8B4A171
:1008100084964FF22A0A839608967E9600967D96D5
:100820007B967A96079606967996059677967696AB
:10083000759674967396729671966F966C966B9683
:1008400004904FF22C40CDF89CA166904FF2A70A7D
:100850004FF27500CDF894A103904FF2A40A4FF225
:100860001D00CDF890A163904FF21C0A4FF21B00BF
:10087000CDF888A161904FF21A0A4FF21900CDF815
:1008800080A15F904FF2180A4FF21700CDF878A1BF
:100890005D904FF2160A4FF21500CDF870A15B90F3
:1008A0004FF2140A4FF21300CDF868A159904FF29D
:1008B000120A4FF21100CDF860A157904FF2100AC2
:1008C0004FF20F00CDF858A155904FF20E0A4FF29B
:1008D0000D00CDF850A153904FF20C0A4FF20B00CF
:1008E000CDF848A151904FF20A0A4FF20900CDF815
:1008F00040A14F904FF2080A4FF20700CDF838A1FF
:100900004D904FF2060A4FF20500CDF830A16A96DD
:100910004FF2040A6996689626E000BFA6E4FF1F1E
:10092000D2E2FF1F82E4FF1FA4E3FF1FAAE4FF1F20
:10093000A8E3FF1FB2E4FF1FB2E3FF1F84E4FF1F21
:10094000B8E3FF1FB4E4FF1FB0E4FF1F80E4FF1F04
:10095000AEE4FF1FB8E4FF1F96E4FF1FAAE3FF1FEA
:1009600088E4FF1FD0E2FF1F4B904FF22C30CDF8F0
:1009700028A149904FF2780A4FF22C10CDF820A10F
:1009800047904FF2A60A4FF2B500CDF818A1459056
:100990004FF2A50A4FF25D00CDF810A143904FF23F
:1009A0005C0A4FF25B00CDF808A141904FF25A0A61
:1009B0004FF25900CDF800A13F904FF2580A4FF284
:1009C0005700CDF8F8A03D904FF2560A4FF255006F
:1009D000CDF8F0A03B904FF2540A4FF25300CDF8FF
:1009E000E8A039904FF2520A4FF25100CDF8E0A042
:1009F00037904FF2500A4FF24F00CDF8D8A0359003
:100A00004FF24E0A4FF24D00CDF8D0A033904FF286
:100A10004C0A4FF24B00CDF8C8A031904FF24A0A71
:100A20004FF24900CDF8C0A02F904FF2480A4FF284
:100A30004700CDF8B8A02D904FF2460A4FF245007E
:100A4000CDF8B0A02B904FF2440A4FF29F00CDF8A2
:100A5000A8A029904FF26D0A7F20CDF8A0A0279082
:100A60004FF2670A4FF2760025924FF27702CDF8E7
:100A700098A024904FF2260A4FF2250023924FF2BD
:100A80002402CDF888A021904FF2230A4FF22200D1
:100A900020924FF22102CDF87CA01E904FF2200A46
:100AA0004FF21F001D924FF21E02CDF870A01B9056
:100AB0004FF2270A4FF264001A924FF23702CDF834
:100AC00064A0189017924FF2380A4FF236004FF296
:100AD0002F024FF21C534FF21857B446B0464FF254
:100AE00044144FF234054FF22E09CDF858A015905A
:100AF0001492029101F05EBC0E2B40F0BE81B74B08
:100B000040221A80B64B80221A80B64BFF221A80F0
:100B1000B54B3F221A80B54B4FF22E014FF22C0BF2
:100B2000A3F800B04FF2310C00234FF233000B91C9
:100B30004FF26F044FF22F054FF273094FF2340A50
:100B40004FF27101CDF804C00C90A5940A95CDF830
:100B50009092CDF824A04FF274004FF2600AB39344
:100B6000B293B193B093AF93AE93AD93AC93AB9379
:100B7000AA93A993A893A793A693A393A293A193AF
:100B8000A0939F939E939D939C939B939A939993E9
:100B90009893979396939593949393939293919319
:100BA00090938F938E938D938C938B938A93899349
:100BB0008893879386938593849383938293819379
:100BC00080937F9308937E9300937D937C936D91A4
:100BD0004FF2F0017590CDF810A04FF22A00659108
:100BE0004FF2750A4FF21D016790CDF80CA04FF23D
:100BF000EF0063914FF21C0A4FF21A016490CDF896
:100C000088A14FF21B0060914FF2190A4FF21701B1
:100C100061907B934FF218007A9307930693799330
:100C200078930593779376937493739372937193F8
:100C300070936F936E936C936B936A9369936893BD
:100C40006693CDF87CA15D914FF2160A4FF2140124
:100C50005E90CDF870A14FF215005A914FF2130A31
:100C60004FF211015B90CDF864A14FF21200579141
:100C70004FF2100A4FF20E015890CDF858A14FF2E2
:100C80000F0054914FF20D0A4FF20B015590CDF821
:100C90004CA14FF20C0051914FF20A0A4FF2080199
:100CA0005290CDF840A14FF209004E914FF2070A41
:100CB0004FF205014F90CDF834A14FF206004B9151
:100CC0004FF2040A4FF26E014C90CDF828A14FF27A
:100CD000780047914FF2B00A4FF2AF014890CDF83B
:100CE00018A14FF2350044914FF25D0A4FF25B01BB
:100CF0004590CDF80CA14FF25C0041914FF25A0A99
:100D00004FF258014290CDF800A14FF259003E91A8
:100D10004FF2570A4FF255013F9049934FF2560058
:100D2000CDF8F4A03B914FF2540A4FF252013C909F
:100D3000CDF8E8A04FF2530038914FF2510A4FF22C
:100D40004F013990CDF8DCA04FF2500035914FF2B1
:100D50004E0A4FF24C013690CDF8D0A04FF24D0024
:100D600032914FF24B0A4FF249013390CDF8C4A0B3
:100D70004FF24A002F914FF2480A4FF2460130904D
:100D8000CDF8B8A04FF247002C914FF2450A4FF230
:100D9000B3012D90CDF8ACA04FF2440029914FF251
:100DA0006D0A4FF2670125924FF276022A90CDF834
:100DB000A0A07F20269124924FF2770A4FF22501BE
:100DC0004FF224022790CDF88CA04FF226002191FB
:100DD00020924FF2230A4FF2210109E0A6E4FF1FFF
:100DE000A4E3FF1FB4E4FF1F96E4FF1FAAE3FF1F65
:100DF0004FF220022290CDF87CA04FF222001D91EC
:100E00001C924FF21F0A4FF227014FF264021E900C
:100E1000CDF86CA04FF2370A199118924FF23601B3
:100E20004FF230024FF21E00CDF85CA015914FF248
:100E3000700A4FF2650114924FF22D021A90CDF80C
:100E400008A04FF238004FF2630A139112924FF24A
:100E500062014FF261021690CDF844A01E461F4673
:100E60009C4698461C461D4699464FF266001091D6
:100E70000F924FF2B40A03F06EBE112B40F077824E
:100E8000C34B40221A80C34B80221A80C24B4FF4BE
:100E9000E0621A80C14B4FF480721A80C04B4FF44D
:100EA00000721A80BF4B4FF440721A80BE4B4FF451
:100EB00080621A80BD4B4FF4A0621A80BC4B40F296
:100EC000FF721A80BB4B4FF274021A80BA4B4FF27A
:100ED0002F021A80B94B4FF26F021A80B84B4FF2B3
:100EE00034021A80B74B4FF263021A80B64B3F228E
:100EF0004FF21C244FF218154FF218294FF2183AEE
:100F00004FF212504FF212411A80B394AF4BB29588
:100F1000CDF8C492CDF804A0B090AF914FF2121466
:100F20004FF212254FF212394FF2114A4FF20C5084
:100F30004FF20C110026AE94AD95CDF83090CDF85F
:100F4000B0A2AA90A9914FF20C244FF20C354FF2A7
:100F500008594FF2081A4FF208204FF208314FF2A9
:100F60002C0BA3F800B0A8940B95CDF89C92CDF86B
:100F700098A2AB964FF2042AA5900A914FF25C21F9
:100F80004FF204544FF204454FF20419CDF878A201
:100F90004FF204309B914FF2583A4FF25241A194D4
:100FA000A095CDF87C9209904FF258544FF2581505
:100FB0004FF25829CDF85CA24FF2525093914FF264
:100FC000514A4FF24C119A949995CDF860929490B1
:100FD0004FF252144FF252254FF25239CDF83CA243
:100FE0004FF24C508C914FF2481A4FF24831929484
:100FF0009195CDF840928D904FF24C244FF24C35A4
:101000004FF24859CDF820A24FF2482086914FF276
:10101000443A4FF22C218B948A95CDF824928790F4
:101020004FF244294FF29E00A496A396A2969D9655
:101030009C96969695968E968596CDF8FCA178917D
:101040004FF2B00A4FF28801CDF800927B904FF238
:101050009F097591CDF8C0A14FF22C504FF2AE010F
:101060004FF2A10A4FF244544FF24445CDF8149088
:10107000CDF8DC916E904FF2A3096D91CDF810A0E0
:101080004FF2A2004FF22A014FF22C4A829481952E
:10109000CDF8C4918496839608967E9600967D96A8
:1010A0007C967A96079606967996769674967396B7
:1010B00072966F966C966B966A9669906791CDF86A
:1010C00098A14FF271007F214FF2700A6590039151
:1010D000CDF890A14FF21D004FF21C014FF21B0AF8
:1010E00063906291CDF884A14FF21A004FF219017A
:1010F0004FF2180A60905F91CDF878A14FF2170077
:101100004FF216014FF2150A5D905C91CDF86CA17B
:101110004FF214004FF213014FF2120A5A905991F4
:10112000CDF860A14FF211004FF210014FF20F0AFB
:1011300057905691CDF854A14FF20E004FF20D0189
:101140004FF20C0A54905391CDF848A14FF20B0086
:101150004FF20A014FF2090A51905091CDF83CA18B
:101160004FF208004FF207014FF2060A4E904D91E0
:10117000CDF830A14FF205004FF204014FF22C3AA6
:101180004B904A91CDF824A14FF26D0020E000BFB2
:10119000A6E4FF1FA4E3FF1FAAE4FF1FA8E3FF1FAD
:1011A000B2E4FF1FB2E3FF1F84E4FF1FB8E3FF1F99
:1011B000B4E4FF1FB0E4FF1FD2E2FF1F80E4FF1F73
:1011C000AEE4FF1FB8E4FF1F96E4FF1FAAE3FF1F72
:1011D0004FF22C114FF2310A689648904791CDF8A2
:1011E00018A145924FF230004FF25D014FF25C02C0
:1011F0004FF25B0A449043914292CDF804A14FF222
:101200005A004FF259014FF258024FF2570A4090DC
:101210003F913E92CDF8F4A04FF256004FF25501A7
:101220004FF254024FF2530A3C903B913A92CDF860
:10123000E4A04FF252004FF251014FF250024FF230
:101240004F0A389037913692CDF8D4A04FF24E0025
:101250004FF24D014FF24C024FF24B0A3490339152
:101260003292CDF8C4A04FF24A004FF249014FF23A
:1012700048024FF2470A30902F912E92CDF8B4A039
:101280004FF246004FF245014FF244024FF25F0A1F
:101290002C902B912A92CDF8A4A04FF29A004FF2F5
:1012A00077014FF22E024FF2760A2890279126926C
:1012B0004FF278014FF22602CDF894A04FF2250AA2
:1012C0004FF23800239122924FF223014FF2220273
:1012D000CDF884A04FF2210A24901F914FF22400F0
:1012E0004FF21F011E92CDF874A04FF21E024FF272
:1012F000270A20901B914FF220004FF237011A92DB
:10130000CDF864A04FF22D024FF2360A1C901791CF
:101310004FF294004FF264011692CDF854A04FF2B0
:1013200066024FF2350A189002914FF26E00139246
:10133000CDF848A011914FF261024FF262014FF2D5
:10134000A00A149010914FF21C534FF21857B44654
:10135000B0464FF244144FF2B105B1464FF2670068
:101360000F92CDF838A04FF2750103F0F8BB072BB0
:1013700040F08682C24BC34840221A80C24B802272
:101380001A80C24B4FF4E0621A80C14B4FF40072D6
:101390001A80C04B4FF440721A80BF4B4FF48062EA
:1013A0001A80BE4B4FF4A0621A80BD4B40F2FF7210
:1013B0001A80BC4B4FF22F021A80BB4B4FF2B40283
:1013C0001A80BA4B4FF2B1021A80B94B4FF26F023A
:1013D0001A80B84B4FF2B8021A80B74B3F221A80DE
:1013E000B64B4FF22C0BA3F800B0B54B4FF25401A3
:1013F00019804FF288030380B24842F2AC040480A3
:10140000B1484FF21C540380B3944EF26C054FF276
:1014100018594FF2340A4FF212304FF21244B2957B
:10142000CDF8C492CDF804A0B090AF944EF266050A
:101430004FF212594FF2122A4FF211404FF20C3470
:101440000026AE95CDF8B492CDF830A0AC90AA9419
:101450004EF260054FF20C594FF20C2A4FF2083051
:101460004EF25C04A995CDF8A0924FF21F054FF201
:101470002409AB96CDF82CA0A790A6944FF2260A8B
:101480004FF214304FF21444A595CDF82890CDF8C2
:1014900090A2A190A0944EF268054FF214594FF219
:1014A000270A4FF25C504EF2AC049F95CDF878922B
:1014B000CDF824A09B9099944FF258554FF258299B
:1014C0004FF2523A4FF252404EF2A6049895CDF8A0
:1014D0005C92CDF850A2939092944FF252554FF2F5
:1014E00052294FF2514A4FF24C304EF2A0049195DE
:1014F000CDF84092CDF83CA28D908C944FF24C5593
:101500004FF24C294FF2483A4EF29C004FF24854A9
:101510004FF218378B95CDF82892CDF824A24FF2D0
:1015200054394FF2544AA396A2969D969C969A9748
:10153000969695968E96889087944FF254500C46C6
:101540004FF25421CDF80892CDF804A280907F91FB
:101550004FF231094FF22C5A4FF275004FF235011C
:101560004FF24825CDF8E491CDF8E0A105907791B0
:101570004FF26D094FF22C3A4FF223004FF27101F6
:101580008695CDF8D491CDF8B8A16D904FF22A0A86
:101590004FF22C4085968496839608967E96009608
:1015A0007D967C967B967A960796069676967496A6
:1015B00073967296719670966F966C966B96049170
:1015C0004FF2A701CDF89CA1669065914FF29E0A5B
:1015D0004FF2A6004FF21A01CDF80CA0649063916F
:1015E0004FF21C0A4FF21B004FF21D01CDF888A1EB
:1015F000619060914FF2190A4FF218004FF21701F3
:10160000CDF87CA15E905D914FF2160A4FF2150065
:101610004FF20401CDF870A15B905A914FF2130A7A
:101620004FF212004FF21101CDF864A1589057917A
:101630004FF2330A4FF20F004FF20E01CDF858A1CE
:10164000559054914FF20D0A4FF20C004FF20B01DE
:10165000CDF84CA1529051914FF20A0A4FF2090075
:101660004FF20801CDF840A14F904E914FF2070A7A
:101670004FF206004FF20501CDF834A14C9025E061
:10168000A6E4FF1F82E4FF1FA4E3FF1FAAE4FF1FDD
:10169000B2E3FF1FB8E3FF1F84E4FF1FB2E4FF1FA4
:1016A000B4E4FF1FB0E4FF1FD2E2FF1F80E4FF1F7E
:1016B000B8E4FF1FAEE4FF1F96E4FF1FAAE3FF1F7D
:1016C000A8E3FF1F88E4FF1FD0E2FF1F4FF2140AB8
:1016D0004FF22C206A96699668964B914FF26E01F4
:1016E000CDF828A1499048914FF2A30A4FF2AF00DC
:1016F000BF21CDF81CA1469045914FF2B00A4FF2A0
:101700005A004FF25C01CDF810A1439042914FF284
:101710005B0A4FF25D004FF25901CDF804A14090F1
:101720003F914FF2580A4FF257004FF25601CDF851
:10173000F8A03D903C914FF2550A4FF244004FF211
:101740005301CDF8ECA03A9039914FF2520A4FF282
:1017500051004FF27301CDF8E0A0379036914FF26F
:101760004F0A4FF24E004FF24D01CDF8D4A0349005
:1017700033914FF24C0A4FF24B004FF24A01CDF831
:10178000C8A0319030914FF2490A4FF248004FF211
:101790004701CDF8BCA02E902D914FF2460A4FF292
:1017A00045004FF29F01CDF8B0A02B904FF2500AA8
:1017B0002A9429914FF23801CDF8A0A026914FF23A
:1017C000370A4FF2650125924FF236022492CDF886
:1017D0008CA04FF264024FF2630A21914FF2610133
:1017E0007F202092CDF87CA04FF260024FF25F0A7A
:1017F0001D914FF2670127901C924FF266004FF245
:101800007702CDF86CA019914FF2760A4FF21001D1
:10181000229018924FF262004FF27802CDF85CA04D
:1018200015914FF2700A4FF222011E9014924FF25E
:101830005E004FF22102CDF808A013914FF21E0A6C
:101840004FF274011A9012924FF22E00CDF844A07C
:1018500010914FF2A00A4FF230024FF22001169081
:10186000CDF838A04FF21C33B446B0463546B146E9
:101870004FF22D000F920D914FF2250A03F032BA6C
:101880000B2B40F0C980514B514840221A80514BDC
:1018900080221A80504B4FF4E0621A804F4B4FF475
:1018A00000721A804E4B4FF440721A804D4B4FF429
:1018B00080621A804C4B4FF4A0621A804B4B40F26E
:1018C000FF721A804A4B4FF22E021A80494B4FF298
:1018D000AD021A80484B4FF26E021A80474B4FF20E
:1018E00030021A80464B4FF2AE021A80454B3F221F
:1018F0001A80454B4FF22C0BA3F800B0434B4FF22C
:10190000440119804FF288030380414842F2AC043D
:10191000048040484FF21C544EF25C054FF21859B7
:101920000380B394B295CDF8C4924FF2182A4FF2C7
:1019300033004FF212444EF256054FF21259CDF8D1
:1019400004A0B090AF94AE95CDF8B4924FF2122AA5
:101950004FF211404FF20C344EF250054FF20C5939
:101960000026CDF830A0AC90AA94A995CDF8A0920D
:101970004FF20C2A4FF208304EF24C044FF273052E
:101980004FF26F09AB96CDF82CA04FF2610AA790E9
:10199000A694A595CDF828904FF234004FF2044458
:1019A0004EF248054FF20459CDF890A24FF21C3385
:1019B0004FF22F07B446B046A396A296A190A094EA
:1019C0009F95CDF878924FF2740AF1E0A6E4FF1FDC
:1019D00082E4FF1FA4E3FF1FAAE4FF1FB2E3FF1F7F
:1019E000B8E3FF1F84E4FF1FB2E4FF1FB4E4FF1F4E
:1019F000B0E4FF1FD2E2FF1F80E4FF1FB8E4FF1F27
:101A0000AEE4FF1F96E4FF1FAAE3FF1FA8E3FF1F3A
:101A100088E4FF1FD0E2FF1F082B40F08882514B63
:101A2000514840221A80514B80221A80504B4FF46B
:101A3000E0621A804F4B4FF400721A804E4B4FF405
:101A400040721A804D4B4FF480621A804C4B4FF419
:101A5000A0621A804B4B40F2FF721A804A4B4FF241
:101A60002E021A80494B4FF2AD021A80484B4FF2BA
:101A70006E021A80474B4FF230021A80464B4FF2EB
:101A8000AE021A80454B3F221A80454B4FF22C0B79
:101A9000A3F800B0434B4FF2440119804FF2880382
:101AA0000380414842F2AC04048040484FF21C5489
:101AB0004EF25C054FF218590380B394B295CDF8FD
:101AC000C4924FF2182A4FF273004FF212444EF2B2
:101AD00056054FF21259CDF804A0B090AF94AE95D0
:101AE000CDF8B4924FF2122A4FF211404FF20C345B
:101AF0004EF250054FF20C590026CDF830A0AC90B4
:101B0000AA94A995CDF8A0924FF20C2A4FF2083072
:101B10004EF24C044FF233054FF22F09AB96CDF83D
:101B20002CA04FF2610AA790A694A595CDF8289015
:101B30004FF274004FF204444EF248054FF204593C
:101B4000CDF890A24FF21C334FF26F07B446B04667
:101B5000A396A296A190A0949F95CDF878924FF26B
:101B6000340A25E0A6E4FF1F82E4FF1FA4E3FF1F61
:101B7000AAE4FF1FB2E3FF1FB8E3FF1F84E4FF1FC7
:101B8000B2E4FF1FB4E4FF1FB0E4FF1FD2E2FF1F67
:101B900080E4FF1FB8E4FF1FAEE4FF1F96E4FF1FC1
:101BA000AAE3FF1FA8E3FF1F88E4FF1FD0E2FF1F87
:101BB0004FF25C504FF25834CDF824A09B909A9489
:101BC0004EF29C054FF2582A4FF252304FF25244D7
:101BD00099954FF25859CDF85CA2949093944EF297
:101BE00096054FF2522A4FF251404FF24C34CDF845
:101BF000609292954FF25259CDF840A28F908D94F9
:101C00004EF290054FF24C2A4FF248304EF28C04BF
:101C1000CDF844928C954FF24C59CDF828A289907A
:101C200088944FF248554FF2443A4FF244400C46E4
:101C30004FF24451CDF82C9287954FF24829CDF8B8
:101C400008A2819080914FF244254FF2A10A4FF2F1
:101C5000A3004FF22C31CDF818927F959D969C965B
:101C6000969695968E9685968496839608967E96F9
:101C7000CDF8D4A171906E914FF2A20A4FF29E005E
:101C80004FF27101CDF8B4A16C9004914FF2A50A06
:101C90004FF22A004FF22C41CDF8A4A16790669133
:101CA0004FF2B10A4FF2A4004FF2B4014FF22C5997
:101CB000CDF894A1039064914FF21C0A4FF21D00DD
:101CC0004FF21B01CDF8E091CDF88CA100964FF2B8
:101CD0001A0A7D967C967B967A9607960696799652
:101CE00005967796769674967396729670966F961A
:101CF0006B966A966896629061914FF219004FF266
:101D00001801CDF880A15F905E914FF2170A4FF253
:101D100016004FF21501CDF874A15C905B914FF263
:101D2000140A4FF213004FF21201CDF868A1599036
:101D300058914FF2110A4FF210004FF20F01CDF8F7
:101D40005CA1569055914FF20E0A4FF20D004FF2E2
:101D50000C01CDF850A1539052914FF20B0A4FF263
:101D60000A004FF20901CDF844A150904F914FF273
:101D7000080A4FF207004FF20601CDF838A14D9046
:101D80004C914FF2050A4FF204004FF22C21CDF88E
:101D90002CA14A9049914FF2780A4FF22C104FF241
:101DA000B001CDF820A1479046914FF0BF0A4FF205
:101DB000AF004FF25C01CDF814A1449043914FF273
:101DC0005D0A4FF25B004FF25A01CDF808A1419035
:101DD0004FF2590A40914FF258004FF25701CDF897
:101DE000FCA03E903D914FF2560A4FF255004FF243
:101DF0005401CDF8F0A03B903A914FF2530A4FF2C4
:101E000052004FF25101CDF8E4A0389037914FF2D3
:101E1000500A4FF24F004FF24E01CDF8D8A0359046
:101E200034914FF24D0A4FF24C004FF24B01CDF876
:101E3000CCA0329031914FF24A0A4FF249004FF252
:101E40004801CDF8C0A02F902E914FF2470A4FF2D3
:101E500046004FF24501CDF8B4A02C902B914FF2E3
:101E60009F0A4FF26D007F21CDF8A4A02890279102
:101E70004FF2670A25924FF276004FF277014FF248
:101E80002602CDF898A02490239122924FF2250AA1
:101E90004FF224004FF223014FF22202CDF884A02A
:101EA00020901F914FF2210A4FF21F012A941E9297
:101EB0004FF21E02CDF874A01B914FF2270A4FF289
:101EC00037011A924FF238024FF22000CDF864A089
:101ED00017914FF2360A4FF2600116924FF26502E7
:101EE0001C90CDF854A04FF264004FF22D0A0291DD
:101EF00013924FF263014FF262021890CDF848A09E
:101F00004FF25E004FF2310A119110924FF2A00190
:101F10004FF25F021490CDF83CA03546B1464FF227
:101F200066000E910D924FF2700A02F0DBBE132B89
:101F300040F05A82C04B40221A80C04B80221A8047
:101F4000BF4B4FF4E0621A80BE4B4FF480721A8090
:101F5000BD4B4FF400721A80BC4B4FF440721A8094
:101F6000BB4B4FF480621A80BA4B40F2FF721A806A
:101F7000B94B4FF2B4021A80B84B4FF22F021A80BD
:101F8000B74B4FF2B1021A80B64B4FF26F021A8074
:101F9000B54B3F224FF21C244FF218154FF218296F
:101FA0004FF2183A4FF212404FF212111A80B394C6
:101FB000AE4BB295CDF8C492CDF804A0B090AE91DE
:101FC0004FF212244FF212354FF233094FF20C4AFE
:101FD0004FF20C104FF20C210026AD940C95CDF869
:101FE000B092CDF8A8A2A990A8914FF20C344FF26C
:101FF00008454FF208194FF2082A4FF208304FF205
:1020000004414FF22C0BA3F800B00B94A795CDF828
:102010009892CDF894A20A904FF204144FF204253E
:102020004FF204394FF25C2A4FF25840AF96AB960C
:10203000A496A1914FF258119F949E95CDF82490AB
:10204000CDF86CA29A9099914FF258244FF25835DE
:102050004FF252494FF2521A4FF252204FF2523180
:1020600098949795CDF85092CDF848A29190909180
:102070004FF273044FF24C454FF24C194FF24C2A79
:102080004FF24C304FF248418F948D95CDF83092FD
:10209000CDF82CA28A9089914FF248144FF248252E
:1020A0004FF248394FF2444A4FF244204FF2443144
:1020B00088948795CDF81892A396A296A0969D969F
:1020C0009C969696959693968E96859684968396EC
:1020D000CDF808A280907F914FF2750A4FF2B500BB
:1020E0004FF22C414FF22E054FF22C29CDF8D4A1FE
:1020F00071906E914FF26E0A4FF22A004FF2B001CA
:102100000895CDF8E091CDF8A0A181964FF2310A63
:102110007E9600967D967C967B967A960796069696
:1021200079960596779676967496739672967096CB
:102130006F966D966C966B966A9604966996679004
:1021400066914FF235004FF23401CDF894A103901F
:1021500064914FF21D0A4FF21C004FF21B01CDF8A3
:102160008CA1629061914FF21A0A4FF219004FF25E
:102170001801CDF880A15F905E914FF2170A4FF2DF
:1021800016004FF21501CDF874A15C905B914FF2EF
:10219000140A4FF213004FF21201CDF868A15990C2
:1021A00058914FF2110A4FF210004FF20F01CDF883
:1021B0005CA1569055914FF20E0A4FF20D004FF26E
:1021C0000C01CDF850A1539052914FF20B0A4FF2EF
:1021D0000A004FF20901CDF844A150904F914FF2FF
:1021E000080A4FF207004FF20601CDF838A14D90D2
:1021F0004C914FF2050A4FF204004FF22C31CDF80A
:102200002CA14A9049914FF2780A4FF22C104FF2CC
:102210007101CDF820A147904FF2AD0A46914FF2DF
:1022200074004FF25D01CDF814A1449043914FF238
:102230005C0A4FF25B001BE0A6E4FF1FA4E3FF1F54
:10224000AAE4FF1FA8E3FF1FB2E4FF1FB2E3FF1FD2
:10225000B8E3FF1FB4E4FF1FB0E4FF1FD2E2FF1F8B
:1022600080E4FF1FB8E4FF1F96E4FF1FAAE3FF1FEF
:102270004FF25A01CDF808A1419040914FF2590A0E
:102280004FF258004FF25701CDF8FCA03E903D911F
:102290004FF2560A4FF255004FF25401CDF8F0A01C
:1022A0003B903A914FF2530A4FF252004FF25101D4
:1022B000CDF8E4A0389037914FF2500A4FF24F001A
:1022C0004FF24E01CDF8D8A0359034914FF24D0A1F
:1022D0004FF24C004FF24B01CDF8CCA0329031912F
:1022E0004FF24A0A4FF249004FF24801CDF8C0A020
:1022F0002F902E914FF2470A4FF246004FF24501C0
:10230000CDF8B4A02C902B914FF2440A4FF29400D8
:102310004FF26D01CDF8A8A0299028914FF07F0AC7
:102320004FF2670025924FF276014FF27702CDF817
:102330009CA026904FF2260A24914FF225004FF2DE
:10234000240123924FF22302CDF888A021904FF26E
:10235000220A4FF2210020911F924FF220014FF2EA
:102360001F02CDF878A01D904FF21E0A4FF22700F1
:102370001C911B924FF264014FF23702CDF868A016
:102380001990189117924FF2380A4FF236004FF217
:1023900030014FF270024FF21C434FF21847B4461F
:1023A000B0464FF244143546B146CDF858A01590CA
:1023B000149102924FF2650A4FF22D014FF263021F
:1023C000CDF84CA012914FF2620A4FF261011192C6
:1023D0004FF26600CDF840A00F914FF2A0020E928E
:1023E0004FF25F0A00F06FBF0D2B40F01582B74B24
:1023F000B74940221A80B74B80221A80B64B4FF45F
:1024000040721A80B54B4FF480721A80B44B4FF46F
:1024100000721A80B34B40F2FF321A80B24B4FF277
:10242000B4021A80B14B4FF235021A80B04B3F22F2
:102430001A80B04B4FF22C0BA3F800B04FF2A1035F
:102440000B80AD4942F2AC000880AC494FF29800D5
:102450000B804FF21811B19001914FF292044FF29C
:1024600088004FF2081100234FF21C2CAD944FF25C
:1024700012154FF28C094FF20C1AA5900A914FF2E7
:1024800084044FF218104FF2D201CDF8CCC20C9553
:10249000CDF8A092CDF82CA04FF204154FF2D80A37
:1024A000B293B093AF93AE93AC93AB93AA93A9932B
:1024B000A793A693A493A3939E94979091914FF280
:1024C00012144FF20C104FF2C80109954FF25C291B
:1024D000CDF860A290944FF2CC058A9087914FF28C
:1024E00008144FF204104FF275014FF2B50ACDF8FF
:1024F0006C928B9586944FF2C405A293A193A093FE
:102500009F939D939C939A93999396939593949369
:10251000939392938F938E938D938C9389938893B7
:1025200085938493839382937F907191CDF8B0A12A
:102530004FF260004FF22A014FF2710A8095049029
:1025400067914FF270007F21819308937E930093EF
:102550007D937C937B937A930793069379937893F7
:1025600005937793769375937493739372937093A3
:102570006F936E936D936B936A9369936893CDF8A1
:1025800098A14FF26F0A65900391CDF890A14FF298
:102590001D004FF21C014FF21B0A63906291CDF8AF
:1025A00084A14FF21A004FF219014FF2180A6090FD
:1025B0005F91CDF878A14FF217004FF216014FF25C
:1025C000150A5D905C91CDF86CA14FF214004FF2AA
:1025D00013014FF2120A5A905991CDF860A14FF2AF
:1025E00011004FF210014FF20F0A57905691CDF89B
:1025F00054A14FF20E004FF20D014FF20C0A54900D
:102600005391CDF848A14FF20B004FF20A014FF25F
:10261000090A51905091CDF83CA14FF208004FF2B9
:1026200007014FF2060A4E904D91CDF830A14FF2BE
:1026300005004FF204014FF2F40A4B904A91CDF895
:1026400024A14FF26D004FF263014FF2300A48901F
:102650004791CDF818A14FF22F0045924FF25D013E
:102660004FF25C024FF25B0A449043914292CDF8E4
:1026700004A14FF25A004FF259014FF258024FF2A3
:10268000570A40903F913E92CDF8F4A04FF2560089
:102690004FF255014FF254024FF2530A3C903B91D6
:1026A0003A92CDF8E4A04FF252004FF251014FF2AE
:1026B00050024FF24F0A389037913692CDF8D4A09D
:1026C0004FF24E004FF24D011AE000BFA6E4FF1F8B
:1026D00082E4FF1FA4E3FF1FAAE4FF1FB2E3FF1F72
:1026E000B2E4FF1FB4E4FF1FD2E2FF1F80E4FF1F2C
:1026F00096E4FF1FAAE3FF1F88E4FF1FD0E2FF1F3D
:102700004FF24C024FF24B0A349033913292CDF893
:10271000C4A04FF24A004FF249014FF248024FF273
:10272000470A30902F912E92CDF8B4A04FF2460078
:102730004FF245014FF244024FF2740A2C902B9154
:102740002A92CDF8A4A04FF278004FF277014FF211
:102750002E024FF2760A289027912692CDF894A067
:102760004FF233004FF273014FF226024FF2250A67
:10277000249023914FF224004FF223012292CDF8AE
:1027800084A04FF222024FF2210A20901F914FF2B3
:1027900020004FF21F011E92CDF874A04FF21E02CE
:1027A0004FF2270A1C901B914FF238004FF237016D
:1027B0001A92CDF864A04FF22D024FF2360A18900B
:1027C00017914FF26E004FF265011692CDF854A0AA
:1027D0004FF266024FF2340A149002911E461F46D1
:1027E0009C4698461C461D4699464FF26700139238
:1027F000CDF848A04FF264014FF262024FF2610A35
:1028000011911092CDF83CA04FF231014FF25F02CE
:102810000E910D9202F0A4B90C2B40F09282D24B93
:10282000D24840221A80D24B80221A80D14B4FF4DA
:10283000E0621A80D04B4FF400721A80CF4B4FF4F5
:1028400040721A80CE4B4FF480621A80CD4B4FF409
:10285000A0621A80CC4B40F2FF721A80CB4B4FF231
:10286000B4021A80CA4B4FF234021A80C94B4FF29D
:10287000B1021A80C84B4FF275021A80C74B4FF253
:1028800035021A80C64B3F221A80C64B4FF22C0BE2
:10289000A3F800B0C44B4FF2440119804FF2A203D9
:1028A0000380C24842F2AC040480C1484FF21C24A9
:1028B0000380B3944EF25C054FF218294FF2183A98
:1028C0004FF212404EF25604B295CDF8C492CDF8B4
:1028D00004A0B090AE944FF212254FF212394FF28D
:1028E0002F0A4FF20C404EF250044FF0000CAD9501
:1028F000CDF83090CDF8ACA2AA90A9944FF20C2557
:102900004FF20C394FF2084A4EF24C004FF20824B5
:10291000A895CDF8BCC24FF20835CDF8B0C2CDF8BD
:102920002C90CDF89CA2A690A5944FF233094FF2BB
:10293000045A4FF204404EF248040A95CDF88C92A6
:10294000CDF888A2A1909F944FF204254FF204394C
:102950004FF2780A4FF25C204FF258449E95CDF822
:102960002490CDF870A29B909A944EF29C054FF261
:1029700058294FF2583A4FF252404EF29604999528
:10298000CDF86092CDF85CA2949092944FF25225CB
:102990004FF252394FF26F0A4FF24C404EF2900410
:1029A0009195CDF84092CDF838A28D908C944FF24D
:1029B0004C254FF24C394FF2484A4EF28C004FF200
:1029C00048248B95CDF82892CDF824A2CDF890C25A
:1029D0004FF2445ACDF880C2CDF874C2CDF858C237
:1029E000CDF854C2CDF84CC2CDF83CC28890879443
:1029F0004FF244400C464FF284214FF248354FF2DB
:102A00007309CDF80CA2829080914FF22C2A4FF2DC
:102A1000B5004FF22C418695CDF810924FF2443517
:102A20004FF29009CDF8E0A175906E914FF22A0A0D
:102A30004FF2B0004FF2A7017F95CDF8E491CDF8A9
:102A400014C2CDF804C2CDF820C0CDF8F8C1CDF83D
:102A500000C0CDF8F4C1CDF8F0C1CDF8ECC1CDF88F
:102A6000E8C1CDF81CC0CDF818C0CDF814C0CDF821
:102A7000DCC1CDF8D8C1CDF8D0C1CDF8CCC1CDF8EE
:102A8000C8C1CDF8C4C1CDF8C0C1CDF8BCC1CDF826
:102A9000B4C1CDF8B0C1CDF8ACC1CDF89CA1669061
:102AA00065914FF0BF0A4FF2A4004FF21D01CDF81F
:102AB0000CA0649063914FF21C0A4FF21B004FF27E
:102AC0001A01CDF888A1619060914FF2190A4FF276
:102AD00018004FF21701CDF87CA15E905D914FF286
:102AE000160A4FF215004FF21401CDF870A15B9059
:102AF0005A914FF2130A4FF212004FF21101CDF822
:102B000064A1589057914FF2100A4FF20F004FF204
:102B10000E01CDF858A1559054914FF20D0A4FF285
:102B20000C004FF20B01CDF84CA1529051914FF295
:102B30000A0A4FF209004FF20801CDF840A14F9068
:102B40004E914FF2070A4FF206004FF20501CDF801
:102B500034A14C904FF2040A4FF22C30CDF8A8C1AA
:102B6000CDF810C026E000BFA6E4FF1F82E4FF1FDF
:102B7000A4E3FF1FAAE4FF1FB2E4FF1FB2E3FF1F9D
:102B8000B8E3FF1FACE3FF1FB4E4FF1FB0E4FF1F77
:102B9000D2E2FF1F80E4FF1FB8E4FF1FD6E2FF1F51
:102BA00096E4FF1FAAE3FF1FA8E3FF1F88E4FF1FAF
:102BB000D0E2FF1FCDF8A4C1CDF8A0C14B914FF2D8
:102BC0006E01CDF828A1499048914FF22C1A4FF28E
:102BD000A6004FF2AD01CDF81CA1469045914FF2F1
:102BE000A50A4FF25D004FF25C01CDF810A14390B1
:102BF00042914FF25B0A4FF25A004FF25901CDF861
:102C000004A140903F914FF2580A4FF257004FF203
:102C10005601CDF8F8A03D903C914FF2550A4FF285
:102C200054004FF25301CDF8ECA03A9039914FF295
:102C3000520A4FF251004FF25001CDF8E0A0379008
:102C400036914FF24F0A4FF24E004FF24D01CDF840
:102C5000D4A0349033914FF24C0A4FF24B004FF214
:102C60004A01CDF8C8A0319030914FF2490A4FF295
:102C700048004FF24701CDF8BCA02E902D914FF2A5
:102C8000460A4FF245004FF29401CDF8B0A02B90C8
:102C90004FF2700A2A9429914FF267017F20CDF8F4
:102CA000A0A026914FF2770A4FF2250125924FF20C
:102CB0007602279024924FF226004FF22402CDF89C
:102CC0008CA021914FF2230A4FF2210122902092F1
:102CD0004FF222004FF22002CDF87CA01D914FF25E
:102CE0001F0A4FF227011E901C924FF21E004FF256
:102CF0006402CDF86CA019914FF2370A4FF23601F9
:102D00001A9018924FF22E004FF23102CDF85CA0CB
:102D100015914FF2710A4FF26501169014924FF21D
:102D20001C434FF238064FF21847E0466546E1462D
:102D3000CDF808A04FF2660013914FF2740201F033
:102D40009DB8152B40F0C382BD4BBE4940221A806E
:102D5000BD4B80221A80BD4B4FF4E0621A80BC4B01
:102D60004FF400721A80BB4B4FF440721A80BA4B7A
:102D70004FF480621A80B94B4FF4A0621A80B84BAE
:102D800040F2FF721A80B74B4FF260021A80B64BC6
:102D90004FF2B3021A80B54B4FF2B1021A80B44B16
:102DA0004FF2B0021A80B34B4FF2AF021A80B24B0F
:102DB0004FF22C0BA3F800B0B04B4FF244021A8034
:102DC0004FF288030B80AE4942F2AC000880AD4957
:102DD0000B80AD4B4FF48F711980AC4B4FF26F01EC
:102DE0001980AB4B40F21F111980AA4B4FF22F01F3
:102DF0001980A94B4FF498711980A84B4FF27401B8
:102E00001980A74B40F231111980A64B4FF20C01EB
:102E10001980A54B4FF4AF711980A44B4FF2730189
:102E20001980A34B40F251111980A24B4FF233018C
:102E30004FF21C241980B3944EF25C054FF218290E
:102E40004FF2183A4FF236004FF212414EF256044A
:102E5000B295CDF8C4924FF21225CDF804A04FF2EE
:102E60001239B090AF91AE944FF2114A4FF20C501C
:102E70004EF250014FF20C24AD95CDF83090CDF8C4
:102E8000B0A2AA90A991A8944FF20C354FF208591C
:102E90004EF24C0A4FF275004FF208314FF23704F0
:102EA0000B95CDF89C92CDF898A2A5900A91A49488
:102EB0004FF204554FF204494EF2480A4FF20420F3
:102EC0004FF204314FF29604A195CDF88092CDF8DF
:102ED0007CA29E9009919D944FF25C254FF270095F
:102EE0004EF29C0A4FF258204FF258314FF27604BE
:102EF00000269B95CDF86892CDF864A298909791A2
:102F000094944FF252454EF296094FF2522A4FF2E4
:102F100052304FF251414FF24C54AB96A396A296C9
:102F20009C96969695969395CDF84892CDF844A2A6
:102F300090908F918D944EF290054FF24C294FF264
:102F40004C3A4FF248504EF28C014FF248248C9587
:102F5000CDF82C92CDF828A28990889187944FF2D1
:102F600048354FF277094FF2840A4FF244504FF23E
:102F7000444114464FF244228695CDF81492CDF880
:102F800010A28290819180924FF244354FF2A209B3
:102F90004FF22C2A4FF22C504FF29F014FF22A028F
:102FA0007F95CDF80090CDF8E0A18E964FF22C4A97
:102FB000839608967E967D967C967B967A96079663
:102FC000069679960596779676966E900491679216
:102FD0004FF2A7004FF2AE014FF2A402CDF898A134
:102FE0006590039164924FF21D0A4FF21C004FF25C
:102FF0001B014FF21A02CDF88CA162906191609290
:103000004FF2190A4FF218004FF217014FF2160251
:10301000CDF87CA15E905D915C924FF2150A4FF263
:1030200014004FF213014FF21202CDF86CA15A9026
:10303000599158924FF2110A4FF210003CE000BF34
:10304000A6E4FF1F82E4FF1FA4E3FF1FAAE4FF1F03
:10305000B2E4FF1FB2E3FF1F84E4FF1FB8E3FF1FCA
:10306000B4E4FF1FB0E4FF1FD2E2FF1F80E4FF1FA4
:10307000AEE4FF1FB8E4FF1FAAE3FF1FA8E3FF1F92
:1030800088E4FF1FD0E2FF1F8AE4FF1FD4E2FF1F86
:103090008CE4FF1FB4E3FF1F8EE4FF1F9CE4FF1FBF
:1030A00090E4FF1F9AE3FF1F92E4FF1FA0E4FF1FBD
:1030B000BCE4FF1FA2E4FF1F4FF20F014FF20E020C
:1030C000CDF85CA175964FF20D0A749673967296C0
:1030D000719670966F966D966C966B966A966996D9
:1030E00068965690559154924FF234004FF20B016E
:1030F0004FF20A02CDF84CA15290519150924FF2EA
:10310000090A4FF208004FF207014FF20602CDF80C
:103110003CA14E904D914C924FF2050A4FF20400A3
:103120004FF22C314FF26E02CDF82CA14A9049910A
:1031300048924FF22C1A4FF2A6004FF2AD014FF217
:10314000A502CDF81CA14690459144924FF25D0A2C
:103150004FF25C004FF25B014FF25A02CDF80CA126
:103160004290419140924FF2590A4FF258004FF26B
:1031700057014FF25602CDF8FCA03E903D913C9293
:103180004FF2550A4FF254004FF253014FF25202E0
:10319000CDF8ECA03A90399138924FF2510A4FF2A3
:1031A00050004FF24F014FF24E02CDF8DCA03690A6
:1031B00035914FF24D0A34924FF24B014FF24A02D1
:1031C000CDF8CCA04FF24C00319130924FF2490A29
:1031D0004FF247014FF246023290CDF8BCA04FF2B9
:1031E00048002D912C924FF2450A4FF26D014FF29B
:1031F0009E022E90CDF8ACA04FF294002891279219
:103200004FF2670A4FF271014FF278022990CDF820
:1032100098A04FF2B500249123924FF2260A4FF264
:1032200024014FF223022590CDF888A04FF225000B
:1032300020911F924FF2220A4FF220014FF21F02FB
:103240002190CDF878A04FF221001C911B924FF2F3
:103250001E0A4FF264014FF238021D90CDF868A0AB
:103260004FF22700189117924FF22E0A4FF2610188
:103270004FF22D021990CDF858A04FF23100149161
:1032800002924FF2650A4FF25F014FF2630215900E
:103290002A94CDF84CA04FF2620A129111924FF28B
:1032A000A1014FF2A002CDF840A04FF21C534FF203
:1032B0003007B446B0463546B1464FF266000F912E
:1032C0000E924FF2350ACDF834A001F049BC182B0C
:1032D00040F0D782A64BA74940221A80A64B8022F5
:1032E0001A80A64B4FF470621A80A54B4FF480727F
:1032F0001A80A44B4FF400721A80A34B4FF4407213
:103300001A80A24B4FF4A0621A80A14B4FF4C06206
:103310001A80A04B4FF400621A809F4B4FF410624A
:103320001A809E4B4FF430621A809D4B40F6FF721C
:103330001A809C4B4FF22E021A809B4B4FF2750263
:103340001A809A4B4FF26E021A80994B4FF2A102EB
:103350001A80984B4FF2A3021A80974B4FF2A502A6
:103360001A80964B4FF2A7021A80954B4FF2AD028E
:103370001A80944B4FF2AE021A80934B3F221A8070
:10338000924B4FF22C0BA3F800B04FF288030B8046
:103390008F4940F21B1008808E494FF21F000880B1
:1033A0008D4940F2611008808C494FF2200008805E
:1033B0008B4940F20D1008808A494FF221000880A5
:1033C000894940F25910088088494FF2220008804C
:1033D00087494FF4BF70088086494FF22300088068
:1033E000854940F26F10088084494FF2330008800D
:1033F000834940F21110088082494FF296000880FC
:1034000081494FF48870088080494FF28700088016
:103410007F494FF4A17008807E494FF28E000880EA
:103420007D4940F2411008807C494FF28F000880AE
:103430007B4942F2AC0008807A494FF22F000B80A2
:103440004FF2121100234FF2240CB190AD914FF2C4
:1034500026044FF227054FF606394FF2250A4FF2A0
:10346000B4004FF25D11CDF8CCC2A894A595CDF86B
:103470009092B2930193B093AF93AE930C93AC93AD
:10348000AB93AA93A9930B93A793A6930A93A393A1
:10349000A293CDF878A29D909B914FF24C1A4FF2D7
:1034A00048104FF646314FF258144FF2B0054FF224
:1034B0005219CDF82CA2879085914FF22C1A4FF219
:1034C0002C204FF2340198949595CDF84492A19315
:1034D000A0939F9309939C939A9399939793969310
:1034E00094939393929390938F938E938D938C93C5
:1034F0008A93899388938693849383938293819309
:10350000CDF8E0A175906D914FF2B10A4FF22A000B
:103510004FF29E014FF244154FF62C39CDF8A8A179
:10352000679066914FF2910A7F204FF28501809556
:10353000CDF8E8917F9308937E9300937D937C93DD
:103540007B9307930693799305937793769374937C
:1035500073937293719370936F936E936C936B9359
:10356000049369936893CDF894A1039064915BE010
:10357000A6E4FF1F82E4FF1FA4E3FF1FAAE4FF1FCE
:10358000B2E4FF1F9CE3FF1F7EE4FF1FBAE3FF1FAF
:10359000AEE3FF1F9EE4FF1F98E3FF1F86E4FF1FBB
:1035A000B4E4FF1FD2E2FF1FB6E4FF1FBAE4FF1F1F
:1035B000B6E3FF1FA6E3FF1FA2E3FF1F94E4FF1F74
:1035C000B8E4FF1FB0E3FF1F96E4FF1FAAE3FF1F4D
:1035D00088E4FF1FD0E2FF1F8AE4FF1FD4E2FF1F31
:1035E0008CE4FF1FB4E3FF1F8EE4FF1F9CE4FF1F6A
:1035F00090E4FF1F9AE3FF1F92E4FF1FA0E4FF1F68
:10360000BCE4FF1FA2E4FF1FBEE4FF1FA4E4FF1FF2
:1036100098E4FF1F9EE3FF1F9AE4FF1FA8E4FF1F2B
:10362000A0E3FF1FACE4FF1F4FF21C0A4FF21D0086
:103630004FF21B01CDF88CA1629061914FF21A0AF2
:103640004FF219004FF21801CDF880A15F905E9102
:103650004FF2170A4FF216004FF21501CDF874A180
:103660005C905B914FF2140A4FF213004FF212017B
:10367000CDF868A1599058914FF2110A4FF21000FD
:103680004FF20F01CDF85CA1569055914FF20E0A02
:103690004FF20D004FF20C01CDF850A15390529112
:1036A0004FF20B0A4FF20A004FF20901CDF844A184
:1036B00050904F914FF2080A4FF207004FF2060167
:1036C000CDF838A14D904C914FF2050A4FF204000D
:1036D0004FF2A401CDF82CA14A9049914FF2780AFB
:1036E0004FF2A0004FF28A01CDF820A147904691F9
:1036F00045924FF25C0A4FF289024FF25D004FF2A1
:103700005B014492CDF80CA1429041914FF25A02D4
:103710004FF2590A4FF258004FF257014092CDF83C
:10372000FCA03E903D914FF256024FF2550A4FF2E7
:1037300054004FF253013C92CDF8ECA03A903991ED
:103740004FF252024FF2510A4FF250004FF24F0126
:103750003892CDF8DCA0369035914FF24E024FF200
:103760004D0A4FF24C004FF24B013492CDF8CCA0F1
:10377000329031914FF24A024FF2490A4FF248001B
:103780004FF247013092CDF8BCA02E902D914FF210
:1037900046024FF2450A4FF244004FF299012C9233
:1037A000CDF8ACA02A9029914FF276024FF2B70AD9
:1037B0004FF22D004FF2B6012892CDF89CA0269032
:1037C00025914FF235024FF2770A4FF266004FF221
:1037D00065012492CDF88CA04FF2640222904FF242
:1037E000630A21914FF261012092CDF87CA04FF243
:1037F00060024FF25F0A1D914FF267011C92CDF8F3
:103800006CA04FF26F024FF2370A19914FF2360156
:103810004FF262001892CDF85CA04FF21E024FF2F8
:10382000B80A15914FF270011E9014924FF25E008B
:103830004FF27102CDF808A013914FF2860A4FF2B1
:103840006D011A9012924FF23800CDF844A01091F9
:103850004FF29B0A4FF2B3024FF273011690CDF86C
:1038600038A01E461F469C464FF2AF081C461D4618
:1038700099464FF230000F920D914FF2740A01F009
:1038800031BA192B40F00683B54B40221A80B54B54
:1038900080221A80B44B4FF470621A80B34B4FF4FD
:1038A00080721A80B24B4FF400721A80B14B4FF401
:1038B00080621A80B04B4FF4A0621A80AF4B4FF475
:1038C000C0621A80AE4B4FF4E0621A80AD4B4FF4E9
:1038D00000621A80AC4B4FF410621A80AB4B4FF46D
:1038E00020621A80AA4B40F6FF721A80A94B4FF251
:1038F00035021A80A84B4FF29F021A80A74B4FF255
:10390000A0021A80A64B4FF2A1021A80A54B4FF2DB
:10391000A2021A80A44B4FF2A3021A80A34B4FF2CB
:10392000A5021A80A24B4FF2A6021A80A14B4FF2B9
:10393000A7021A80A04B4FF2AD021A809F4B3F2284
:103940001A809F4B4FF22C0BA3F800B09D4B4FF207
:10395000440119809C4B4FF2880018809B4B4FF418
:10396000B07018809A4B4FF26F001880994B40F25C
:1039700061101880984B4FF22F001880974B4FF42E
:1039800088701880964B4FF270001880954B40F26B
:1039900011101880944B4FF230001880934B4FF465
:1039A00086701880924B4FF273001880914B40F252
:1039B0000D101880904B4FF2330018808F4B4FF44E
:1039C000837018808E4B4FF2740018808D4B40F23C
:1039D000071018808C4B4FF2340018808B4B40F24C
:1039E0007D1018808A4B4FF271001880894B4FF47C
:1039F000BF701880884B4FF231004FF61D041880BD
:103A0000B3944EF25C054FF618094FF6122A4EF2A7
:103A100056004FF61204B295CDF8C492CDF8C0A26C
:103A2000AE90AD944FF60C254EF250094FF60C0AAD
:103A30004FF608204EF24C040023AA95CDF8A4922C
:103A4000CDF8A0A2A790A6944FF608054FF206194C
:103A50004FF6042A4EF248004FF60404A595CDF81F
:103A600090924FF2B4054FF65D090193AF930C931A
:103A7000AC93AB930B930A93A393CDF884A29F903E
:103A80009E944FF6582A4EF29C004FF658049D958E
:103A9000CDF86C92CDF868A2999098944FF2B00549
:103AA0004FF652294EF2960A4FF652004FF64C242A
:103AB0009595CDF85092CDF848A291908D944EF204
:103AC00090054FF64C094FF6482A4EF28C004FF6FF
:103AD00048048C95CDF82C92CDF824A28890879438
:103AE0004FF246154FF644290C464FF6440A4FF262
:103AF0002C104FF62C018595A293A09309939C93CB
:103B000097939693939390938F938E938A938693A0
:103B100084938393CDF80892CDF800A27A9078919F
:103B20004FF62C2A4FF290004FF2B1014FF22C5970
:103B3000CDF8B8A16D906A914FF22A0A4FF29E001B
:103B40004FF29101CDF8D491CDF89CA181934FF221
:103B50009A0A7F9308937E9300937D935EE000BF63
:103B6000A6E4FF1FA4E3FF1FAAE4FF1F86E4FF1FD4
:103B70007EE4FF1FBAE3FF1F9CE3FF1FAEE3FF1FBE
:103B80009EE4FF1FB2E4FF1F98E3FF1FB8E3FF1F8F
:103B9000B4E4FF1FB0E3FF1FBAE4FF1FB0E4FF1F50
:103BA000B6E3FF1FB6E4FF1FA6E3FF1FA2E3FF1F5C
:103BB000D2E2FF1F94E4FF1FB8E4FF1F96E4FF1F4B
:103BC000AAE3FF1FA8E3FF1F82E4FF1F88E4FF1F93
:103BD000D0E2FF1F8AE4FF1FD4E2FF1F8CE4FF1F27
:103BE000B4E3FF1F8EE4FF1F9CE4FF1F90E4FF1F60
:103BF0009AE3FF1F92E4FF1FA0E4FF1FBCE4FF1F36
:103C0000A2E4FF1FBEE4FF1FA4E4FF1F98E4FF1F10
:103C10009EE3FF1F9AE4FF1FA8E4FF1F7C937B93A2
:103C2000079306937993059377937693749373939D
:103C30007293719370936F936C936B9304936993E6
:103C40006893669065914FF285004FF21C01CDF8A4
:103C50000CA0649063914FF21D0A4FF21B004FF2CB
:103C60001A01CDF888A1619060914FF2190A4FF2C4
:103C700018004FF21701CDF87CA15E905D914FF2D4
:103C8000160A4FF215004FF21401CDF870A15B90A7
:103C90005A914FF2130A4FF212004FF21101CDF870
:103CA00064A1589057914FF2100A4FF20F004FF253
:103CB0000E01CDF858A1559054914FF20D0A4FF2D4
:103CC0000C004FF20B01CDF84CA1529051914FF2E4
:103CD0000A0A4FF209004FF20801CDF840A14F90B7
:103CE0004E914FF2070A4FF206004FF20501CDF850
:103CF00034A14C904B914FF2040A4FF2A4004FF2C2
:103D00007801CDF828A1499048914FF22C3A4FF212
:103D10008A004FF29401CDF81CA146904FF2890A17
:103D200045914FF25D01CDF810A14FF25C00429138
:103D30004FF25B0A4FF259014390CDF804A14FF2C4
:103D40005A003F914FF2580A4FF256014090CDF879
:103D5000F8A04FF257003C914FF2550A4FF2530131
:103D60003D90CDF8ECA04FF2540039914FF2520A39
:103D70004FF250013A90CDF8E0A04FF25100369149
:103D80004FF24F0A4FF24D013790CDF8D4A04FF2C9
:103D90004E0033914FF24C0A4FF24A013490CDF865
:103DA000C8A04FF24B0030914FF2490A4FF2470141
:103DB0003190CDF8BCA04FF248002D914FF2460A49
:103DC0004FF299012E90CDF8B0A04FF24500299105
:103DD0004FF26D0A4FF267012B90CDF8A0A07F2023
:103DE000269125924FF2770A4FF276024FF2250183
:103DF000279024924FF226004FF224022A94CDF805
:103E00008CA04FF2230A21914FF22101229020929F
:103E10004FF222004FF22002CDF87CA01D914FF20C
:103E20001F0A4FF227011E901C924FF21E004FF204
:103E30006402CDF86CA019914FF2370A4FF23601A7
:103E40001A9018924FF238004FF22E02CDF85CA073
:103E500015914FF26E0A4FF26501169014921E46AC
:103E60004FF618279C464FF2AF081D469946CDF8ED
:103E700008A04FF2660013914FF22D024FF2630A31
:103E80004FF262011292CDF844A010914FF26102FC
:103E900000F05EBE1A2B40F06686AB4B40221A80C3
:103EA000AA4B80221A80AA4B4FF470621A80A94B49
:103EB0004FF480721A80A84B4FF400721A80A74BFF
:103EC0004FF440721A80A64B4FF480621A80A54BC3
:103ED0004FF4A0621A80A44B4FF4C0621A80A34B27
:103EE0004FF4E0621A80A24B4FF400621A80A14B9B
:103EF0004FF410621A80A04B4FF420621A809F4B3F
:103F00004FF430621A809E4B40F6FF721A809D4A31
:103F10004FF2A70313809C4A4FF2A20111809B4AE3
:103F20009B494FF26E0414804FF2A0020A80994917
:103F30004FF2A100088098494FF2A30008809748EB
:103F40004FF2A401018096484FF2A50505809548DF
:103F50000380954B4FF2AD001880944B4FF2AE00AA
:103F60001880934B3F251D80924B4FF22C0BA3F8EA
:103F700000B0914B40F251101880904B4FF22F003F
:103F800018808F4B4FF4A87018808E4B4FF26F0043
:103F900018808D4B40F2711018808C4B4FF231001D
:103FA00018808B4BA8954FF4B8701880894B4FF24E
:103FB00071001880884B40F211101880874B4FF227
:103FC00087001880864B4FF488761E80854B4FF211
:103FD00096061E80844B4FF4A1761E80834B4FF2D1
:103FE0008E061E80824B40F241161E80814B4FF29E
:103FF0008F061E80804B42F2AC061E804FF2270ACD
:104000007E4BCDF8C0A24FF298064FF230094FF226
:10401000330A1E80CDF8C49200234FF22E09CDF84A
:1040200094A24FF606354FF2340ACDF8B492A49517
:104030004FF284094FF2B405B393B2930193AF9357
:10404000AE930C93AC93AB93AA93A9930B93A793C2
:10405000A6930A93A393A293CDF878A24FF2700A85
:10406000CDF884929D954FF26D09CDF860A24FF284
:10407000B0058E904FF07F0A4FF27300CDF8689232
:1040800095954FF267099194CDF82CA287904FF641
:1040900046344FF288054FF62C3A4FF22C10CDF8EB
:1040A000509285948295A0939F9309939C939B93A0
:1040B0009993979396939393929390938F938D93D1
:1040C0008C938A9389938893869384938393819323
:1040D000CDF8E8A178904FF2750A4FF2B1004FF297
:1040E0007409CDF8B4A16A904FF22A0A4FF29E00EB
:1040F000CDF80092CDF89CA14FF22C2966904FF29A
:10410000910A4FF29A00CDF8D4917F9308937E9351
:1041100000937D937C937B93079306937993059308
:1041200077937693749373937293719370936F9361
:104130006E936C936B93049369936893CDF894A1F9
:1041400003904FF2850A5BE0A6E4FF1FA4E3FF1F84
:10415000AAE4FF1FB2E4FF1F9CE3FF1F7EE4FF1FE2
:10416000A8E3FF1FBAE3FF1FAEE3FF1FB2E3FF1F89
:104170009EE4FF1F98E3FF1FB8E3FF1F86E4FF1FC5
:10418000B4E4FF1FD2E2FF1FB6E4FF1FBAE4FF1F33
:10419000B0E4FF1FB6E3FF1FA6E3FF1F80E4FF1F8D
:1041A000A2E3FF1F94E4FF1FB8E4FF1FB0E3FF1F6B
:1041B00096E4FF1FAAE3FF1F88E4FF1FD0E2FF1F62
:1041C0008AE4FF1FD4E2FF1F8CE4FF1FB4E3FF1F4C
:1041D0008EE4FF1F9CE4FF1F90E4FF1F9AE3FF1F84
:1041E00092E4FF1FA0E4FF1FBCE4FF1FA2E4FF1F37
:1041F000BEE4FF1FA4E4FF1F98E4FF1F9EE3FF1F20
:104200004FF21C00CDF890A163904FF21D0A4FF2BF
:104210001B00CDF888A161904FF21A0A4FF21900E5
:10422000CDF880A15F904FF2180A4FF21700CDF839
:1042300078A15D904FF2160A4FF21500CDF870A1EB
:104240005B904FF2140A4FF21300CDF868A1599019
:104250004FF2120A4FF21100CDF860A157904FF2C1
:10426000100A4FF20F00CDF858A155904FF20E0AE8
:104270004FF20D00CDF850A153904FF20C0A4FF2BF
:104280000B00CDF848A151904FF20A0A4FF20900F5
:10429000CDF840A14F904FF2080A4FF20700CDF839
:1042A00038A14D904FF2060A4FF20500CDF830A12B
:1042B0004B904FF2040A49914FF278004FF28A0175
:1042C000CDF828A14890479246914FF294024FF2C0
:1042D000890A4FF25C004FF25D014592CDF810A1C2
:1042E0004FF25B02439042914FF25A0A4FF259004B
:1042F0004FF258014192CDF800A13F903E914FF20C
:1043000057024FF2560A4FF255004FF254013D92B8
:10431000CDF8F0A03B903A914FF253024FF2520A7F
:104320004FF251004FF250013992CDF8E0A0379092
:1043300036914FF24F024FF24E0A4FF24D004FF2BC
:104340004C013592CDF8D0A0339032914FF24B0210
:104350004FF24A0A4FF249004FF248013192CDF82C
:10436000C0A02F902E914FF247024FF2460A4FF213
:1043700045004FF244012D92CDF8B0A02B902A9128
:104380004FF299024FF2760A4FF29D004FF264010C
:104390002992CDF8A0A027902691BF224FF2B60A0D
:1043A0004FF277004FF226012592CDF890A023908E
:1043B0004FF2250222914FF2240A4FF2220121925C
:1043C000CDF880A04FF221024FF2200A1E914FF249
:1043D0001E014FF223001D92CDF870A04FF235025E
:1043E0004FF2630A1A914FF238011F9019924FF25F
:1043F0001F004FF23602CDF860A016914FF2600A0E
:104400004FF265011B9015924FF237004FF25E029A
:10441000CDF850A013914FF2860A4FF26201179027
:1044200012924FF2B800CDF844A010914FF29B0ABF
:104430004FF2B3024FF25F010290CDF838A01E4652
:104440004FF22D079C464FF2AF081C461D46994679
:104450004FF266000F920D914FF2610A00F042BCDC
:104460004FF22A024FF2750A4FF26E0B6792CDF8A7
:1044700098A1CDF894B14FF271004FF26D014FF257
:1044800038024FF2170A4FF2050B039064916392C2
:10449000CDF888A1CDF884B14FF236004FF2370144
:1044A0004FF209024FF20E0A4FF2330B60905F9108
:1044B0005E92CDF874A1CDF870B14FF212004FF2B8
:1044C0001B014FF215024FF2160A4FF20F0B5B90D1
:1044D0005A915992CDF860A1CDF85CB14FF210001D
:1044E0004FF213014FF219024FF2060A4FF20A0B74
:1044F000569055915492CDF84CA1CDF848B14FF259
:104500000D004FF218014FF21C024FF2070A4FF252
:104510000B0B519050914F92CDF838A1CDF834B19A
:104520004FF20C004FF211014FF204024FF2350A24
:104530004FF2740B4C904B914A92CDF824A1CDF8D8
:1045400020B14FF263004FF22E014FF231024FF2D1
:104550002D0A4FF2780B479046914592CDF810A165
:10456000CDF80CB14FF257004FF245014FF27602F1
:104570004FF2770A4FF2490B429041914092CDF8A9
:10458000FCA0CDF8F8B04FF24E004FF273014FF29D
:1045900052024FF25B0A4FF2550B3D903C913B9219
:1045A000CDF8E8A0CDF8E4B04FF256004FF24F013D
:1045B0004FF250024FF2530A4FF2590B3890379195
:1045C0003692CDF8D4A0CDF8D0B04FF246004FF2DD
:1045D0004A014FF24D024FF2580A4FF25C0B3390F2
:1045E00032913192CDF8C0A0CDF8BCB04FF2470067
:1045F0004FF24B014FF24C024FF2510A4FF2440B73
:104600002E902D912C92CDF8ACA0CDF8A8B04FF201
:104610005F004FF26F014FF248024FF2300A4FF243
:104620005A0B299028912792CDF898A04FF25D015E
:10463000CDF894B04FF226024FF2250A4FF2240B28
:104640004FF21D00239122924FF222014FF22102DC
:10465000CDF884A0CDF880B04FF2200A4FF21F0BA6
:1046600024901E914FF223004FF227011D92CDF8A6
:1046700070A04FF22F024FF2080ACDF86CB04FF243
:10468000340B1F9019914FF21E004FF270011892D7
:10469000CDF85CA04FF265024FF2660ACDF858B033
:1046A0004FF2140B1A9014914FF21A004FF264015A
:1046B0000292CDF84CA0CDF848B04FF262024FF212
:1046C000610A4FF2600B159011914FF26700109242
:1046D000CDF83CA0CDF838B04FF25401F9F7BFBE89
:1046E0004FF21C224FF218144FF218254FF21839CE
:1046F0004FF2125A4FF212404FF21211B392B2948B
:10470000B195CDF80490CDF8C0A2AF90AE914FF224
:1047100012224FF212344FF211454FF287094FF235
:104720000C5A4FF20C104FF20C21AD920C94AC9538
:10473000CDF8AC92CDF8A8A2A990A8914FF20C3276
:104740004FF208544FF208154FF208294FF2083A79
:104750004FF286004FF233010B92A794A695CDF845
:104760009492CDF828A0A490A3914FF22F024FF27B
:1047700004544FF204454FF204194FF2042A4FF249
:1047800004304FF296010026A292A194A095CDF894
:104790007C92CDF878A209909D914FF25C224FF265
:1047A00058544FF258154FF258294FF2583A4FF2D9
:1047B00074004FF252519B929A949995CDF8609261
:1047C0004FF252424FF252254FF252399C96CDF899
:1047D0005CA2969094914FF2514A4FF24C504FF296
:1047E0004C1193924FF252149195CDF84092CDF81E
:1047F0003CA28D908C914FF24C224FF248554FF2D3
:1048000048194FF2482A4FF248304FF2C6019294AD
:104810008B924FF24C348995CDF82092CDF81CA2A2
:10482000869085914FF273024FF244554FF24449FE
:104830004FF2442A4FF244304FF2ED018A948492B1
:104840004FF26F048295CDF80492CDF800A27F90CC
:1048500008914FF235024FF2CB054FF2B7094FF2F4
:10486000A40A4FF290004FF22C21839400927C9581
:10487000CDF81C90CDF818A04FF2AD024FF2E70A28
:1048800095968E967E967D967B967A96799078917F
:104890004FF295004FF28F017692CDF8D0A1739030
:1048A00071914FF284024FF28A0A4FF22C504FF26C
:1048B0009C017092CDF8BCA16E906B914FF2610299
:1048C0004FF2A10A4FF2E1004FF29E016A92CDF839
:1048D00010A0699068914FF22A024FF22C4A4FF2D1
:1048E000E6004FF2AE016792CDF898A16590039172
:1048F0004FF2A4024FF21D0A4FF21C004FF21B01AF
:104900006492CDF88CA1629061914FF21A024FF23D
:10491000190A4FF218004FF217014FF294096092F2
:10492000CDF87CA15E905D914FF216024FF2150A10
:104930004FF214004FF21301CDF8D4915C92CDF8F0
:104940006CA14FF212024FF2110A059677967296F9
:104950006D966C965A9059914FF210004FF20F01DC
:104960005892CDF85CA1569055914FF20E024FF23D
:104970000D0A4FF20C004FF20B015492CDF84CA1EE
:10498000529051914FF20A024FF2090A4FF2080079
:104990004FF207015092CDF83CA14E904D914FF24D
:1049A00006024FF2050A4FF204004FF22C314C92EE
:1049B000CDF82CA14A9049914FF278024FF22C1A6F
:1049C0004FF2A6004FF2E4014892CDF81CA14690A8
:1049D00045914FF2A5024FF25D0A4FF25C004FF293
:1049E0005B014492CDF80CA1429041914FF25A02E2
:1049F0004FF2590A4FF258004FF257014092CDF84A
:104A0000FCA03E903D914FF256024FF2550A4FF2F4
:104A100054004FF253013C92CDF8ECA03A903991FA
:104A20004FF252024FF2510A4FF250004FF24F0133
:104A30003892CDF8DCA0369035914FF24E024FF20D
:104A40004D0A4FF24C004FF24B013492CDF8CCA0FE
:104A5000329031914FF24A024FF2490A4FF2480028
:104A60004FF247013092CDF8BCA02E902D914FF21D
:104A700046024FF2450A4FF244004FF2B1012C9228
:104A8000CDF8ACA02A9029914FF26D024FF2750A31
:104A90004FF267004FF235012892CDF89CA0269086
:104AA00025914FF276024FF2770A4FF226004FF22D
:104AB00025012492CDF88CA0229021914FF224025E
:104AC0004FF2230A4FF222004FF221012092CDF83B
:104AD0007CA01E901D914FF220024FF21F0A4FF250
:104AE0001E004FF227011C92CDF86CA01A9019916C
:104AF0004FF264024FF2370A4FF238004FF236019C
:104B00001892CDF85CA04FF22D0216904FF2710A68
:104B100015914FF265011492CDF808A04FF23102C1
:104B200013914FF2630A4FF2620112924FF218573B
:104B30004FF2340CB0464FF244144FF2F1054FF2ED
:104B40008B094FF26600CDF844A010914FF2E002BD
:104B50000F924FF2600ACDF838A04FF25F010D912D
:104B60004FF25E0ABEE00023B393B293B193019378
:104B7000B093AF93AE93AD930C93AC93AB93AA93D6
:104B8000A993A8930B93A793A693A5930A93A49391
:104B9000A393A293A193A0939F939E9309939D9314
:104BA0009C939B939A93999398931E4697931F4631
:104BB00096939593949393939293919390938F93C9
:104BC0008E938D938C938B938A93899388938793F9
:104BD00086938593849383938293819380937F9329
:104BE00008937E9300937D937C937B937A930793B2
:104BF00006939C467993984678930593779376939A
:104C00007593749373937293719370936F936E9380
:104C10006D936C936B936A93049369936893679312
:104C20006693659303936493639362936193609334
:104C30005F935E935D935C935B931C465A931D4612
:104C40005993589357935693559354935393529320
:104C5000519350934F934E934D934C934B934A9350
:104C60004993489347934693459344934393429380
:104C7000419340933F933E933D933C933B933A93B0
:104C8000399399463893184637933693359334932E
:104C900033933293319330932F932E932D932C9300
:104CA0002B932A9329932893279326932593249330
:104CB00023932293219320931F931E931D931C9360
:104CC0001B931A931993189317939A4616939B461E
:104CD00015931493029313931293119310930F93BC
:104CE0000E930D93F04AF14912880BEA020BA1F8DA
:104CF00000B0DDF834B00AEA020AA1F802A00BEA1B
:104D0000020ADDF838B0A1F804A00BEA020ADDF8C7
:104D10003CB0A1F806A00BEA020ADDF840B0A1F809
:104D200008A00BEA020ADDF844B0A1F80AA00BEAD9
:104D3000020ADDF848B0A1F80CA00BEA020ADDF87F
:104D40004CB0A1F80EA00BEA020AA1F810A0DDF801
:104D500008A0DDF850B0104048820AEA0200DDF8F1
:104D600054A088820BEA0200DDF858B0C8820AEA33
:104D70000200DDF85CA008830BEA0200DDF860B0F9
:104D800048830AEA0200DDF864A088830BEA020087
:104D9000DDF868B0C8830AEA020008840BEA020062
:104DA0004884DDF86CA0DDF870B00AEA0200DDF896
:104DB00074A088840BEA0200DDF878B0C8840AEA9F
:104DC0000200DDF87CA008850BEA0200DDF880B067
:104DD00048850AEA0200DDF884A088850BEA020013
:104DE000DDF888B0C8850AEA0200DDF88CA00886E4
:104DF0000BEA0200DDF890B048860AEA0200DDF80E
:104E000094A088860BEA0200DDF898B0C8860AEA0A
:104E10000200DDF89CA008870BEA0200DDF8A0B0D4
:104E200048870AEA0200DDF8A4A088870BEA02009E
:104E3000DDF8A8B0C8870AEA0200DDF8ACA0A1F846
:104E400040000BEA0200A1F842000AEA0200A1F8C1
:104E50004400DDF8B0B0DDF8B4A00BEA0200DDF8E4
:104E6000B8B0A1F846000AEA0200DDF8BCA0A1F83B
:104E700048000BEA0200DDF8C0B0A1F84A000AEAD7
:104E80000200DDF8C4A0A1F84C000BEA0200DDF836
:104E9000C8B0A1F84E000AEA0200DDF8CCA0A1F8E3
:104EA00050000BEA0200DDF8D0B0A1F852000AEA87
:104EB0000200DDF8D4A0A1F854000BEA0200DDF8EE
:104EC000D8B0A1F856000AEA0200DDF8DCA0A1F88B
:104ED00058000BEA0200DDF8E0B0A1F85A000AEA37
:104EE0000200DDF8E4A0A1F85C000BEA0200DDF8A6
:104EF000E8B0A1F85E000AEA0200DDF8ECA0A1F833
:104F000060000BEA0200DDF8F0B0A1F862000AEAE6
:104F10000200A1F864000BEA0200A1F86600DDF8C7
:104F2000F4A0DDF8F8B00AEA0200DDF8FCA0A1F870
:104F300068000BEA0200DDF800B1A1F86A000AEA95
:104F40000200DDF804A1A1F86C000BEA0200DDF814
:104F500008B1A1F86E000AEA0200DDF80CA1A1F880
:104F600070000BEA0200DDF810B1A1F872000AEA45
:104F70000200DDF814A1A1F874000BEA0200DDF8CC
:104F800018B1A1F876000AEA0200DDF81CA1A1F828
:104F900078000BEA0200DDF820B1A1F87A000AEAF5
:104FA0000200DDF824A1A1F87C000BEA0200DDF884
:104FB00028B1A1F87E000AEA0200DDF82CA1A1F8D0
:104FC00080000BEA0200DDF830B1A1F882000AEAA5
:104FD0000200DDF834A1A1F884000BEA0200A1F878
:104FE00086000AEA0200A1F88800DDF838B1DDF891
:104FF0003CA10BEA0200DDF840B1A1F88A000AEA00
:105000000200DDF844A1A1F88C000BEA0200DDF8F3
:1050100048B1A1F88E000AEA0200DDF84CA1A1F81F
:1050200090000BEA0200DDF850B1A1F892000AEA04
:105030000200DDF854A1A1F894000BEA0200DDF8AB
:1050400058B1A1F896000AEA0200DDF85CA1A1F8C7
:1050500098000BEA0200DDF860B1A1F89A000AEAB4
:105060000200DDF864A1A1F89C000BEA0200DDF863
:1050700068B1A1F89E000AEA0200DDF86CA1A1F86F
:10508000A0000BEA0200DDF870B1A1F8A2000AEA64
:105090000200DDF874A1A1F8A4000BEA0200DDF81B
:1050A00078B1A1F8A60003E0B4E4FF1FD8E2FF1F27
:1050B0000AEA0200A1F8A8000BEA0200A1F8AA007F
:1050C000DDF87CA1DDF880B10AEA0200DDF884A1F8
:1050D000A1F8AC000BEA0200DDF888B1A1F8AE003F
:1050E0000AEA0200DDF88CA1A1F8B0000BEA020088
:1050F000DDF890B1A1F8B2000AEA0200DDF80CA0D8
:10510000A1F8B4000BEA0200DDF894B1A1F8B600F2
:105110000AEA0200DDF898A1A1F8B8000BEA020043
:10512000DDF89CB1A1F8BA000AEA0200A1F8BC00BF
:105130000BEA0200A1F8BE00E048E1490088DDF872
:10514000A0A1DDF8A4B1104008800AEA0200DDF851
:1051500010A048800BEA0200DDF8A8B188800AEAB6
:105160000200DDF8ACA1C8800BEA0200DDF8B0B1A6
:1051700008810AEA020048810BEA02008881DDF812
:10518000B4A1DDF8B8B10AEA0200DDF8BCA1C8811B
:105190000BEA0200DDF8C0B108820AEA0200488288
:1051A0000BEA0200888209EA0200DDF8C491DDF80A
:1051B000C8A1DDF8CCB1C88209EA02000883DDF895
:1051C000D0910AEA02004883DDF8D4A10BEA02007C
:1051D0008883DDF8D8B109EA0200C883DDF8DC91E4
:1051E0000AEA02000884DDF814A00BEA02004884F1
:1051F000DDF8E0B109EA02008884DDF8E4910AEA0A
:105200000200C884DDF818A00BEA02000885DDF86A
:105210001CB009EA02004885DDF8E8910AEA0200BC
:1052200088850BEA0200C88509EA02000886DDF8D5
:10523000ECA1DDF8F0B1DDF800900AEA0200488642
:1052400005EA02007D9D88860BEA0200DDF8F8A1E0
:10525000C88605EA0200DDF820B0088709EA0200E6
:105260007F9D48870AEA0200DDF8009288870BEAF2
:105270000200C88705EA0200DDF804A2A1F8400098
:1052800009EA0200DDF808B2A1F8420004EA0200CF
:10529000A1F84400839C849DDDF814920AEA020080
:1052A000A1F846000BEA0200A1F8480004EA020057
:1052B000DDF818A2A1F84A0005EA0200DDF81CB2E8
:1052C000A1F84C0009EA0200889CA1F84E000AEA05
:1052D0000200A1F850000BEA0200A1F8520004EA13
:1052E0000200A1F85400899DDDF82892DDF82CA277
:1052F000DDF830B28D9C05EA0200A1F8560009EAFB
:105300000200A1F858000AEA02008E9DA1F85A0096
:105310000BEA0200DDF83C92A1F85C0004EA02000E
:10532000DDF840A2A1F85E0005EA0200DDF844B213
:10533000A1F8600009EA0200929CA1F862000AEA62
:105340000200939DA1F864000BEA0200DDF8509280
:10535000A1F8660004EA0200DDF854A2A1F8680092
:1053600005EA0200DDF858B2A1F86A0009EA020075
:10537000979CA1F86C000AEA0200989DA1F86E00C3
:105380000BEA0200DDF86492A1F8700004EA020062
:10539000A1F8720005EA0200A1F8740009EA02000F
:1053A000A1F87600DDF868A2DDF86CB29C9C9D9DAA
:1053B000DDF824900AEA0200A1F878000BEA020066
:1053C000A1F87A0004EA0200DDF878A2A1F87C00D6
:1053D00005EA0200DDF87CB2A1F87E0009EA0200CD
:1053E000A09CA1F880000AEA0200A19DA1F8820019
:1053F0000BEA0200DDF88892A1F8840004EA0200BA
:10540000DDF88CA2A1F8860005EA0200DDF890B272
:10541000A1F8880009EA02000A9CA1F88A000AEAB9
:105420000200A59DA1F88C000BEA0200DDF898921D
:10543000A1F88E0004EA0200DDF89CA2A1F8900019
:1054400005EA0200DDF82CB0A1F8920009EA02009A
:10545000A1F894000AEA0200A1F896000BEA020003
:10546000A1F89800A89CA99DDDF8A892DDF8ACA24F
:10547000DDF8B0B204EA0200A1F89A0005EA0200E1
:10548000A1F89C0009EA02000C9CA1F89E000AEA1F
:105490000200AD9DA1F8A0000BEA0200DDF8B89271
:1054A000A1F8A20004EA0200A1F8A400DDF8BCA261
:1054B000DDF8C0B2B19C05EA020003E0AAE3FF1FD9
:1054C000BCE3FF1FA1F8A60009EA0200A1F8A800AA
:1054D0000AEA0200A1F8AA000BEA0200A1F8AC0057
:1054E00008EA0200A1F8AE000CEA0200DDF804C0F0
:1054F000A1F8B000B29DDDF8CC920CEA0200A1F850
:10550000B20004EA0200A1F8B40005EA0200A1F822
:10551000B60007EA0200A1F8B80009EA0200A1F803
:10552000BA00134006EA0200A1F8BC00A1F8BE30A0
:105530000DF5357DBDE8F08F024B1A6801321A6017
:10554000704700BFCCE2FF1F08B50B4C236858031F
:1055500001D5F6F705FA2368590501D502F05EF882
:1055600023681A0501D501F093FD2368DB04ECD50F
:1055700001F0ECFAE9E700BF3480044008B5FFF71A
:10558000E3FFFFFF014B10221A8070470020054007
:105590007047FFFF024A13681844106018467047AE
:1055A000808EFF1FFEE7FEE7EFF313839BB9EFF357
:1055B000108098B9EFF3058323B10F2B04D9084A63
:1055C000985C01E04FF48070EFF311833BB18342AC
:1055D00038BF184670474FF0FF3070471846704785
:1055E000F0E300E021282AD8164B1B5CFF2B26D0C5
:1055F000154A02EBC000002142681160134A10688E
:1056000040F020001060124A0120116011499840BA
:105610000860114841F8040C10491160F02101396B
:105620007FF4FDAF11688905FCD41822013A7FF49C
:10563000FDAF0B4A1BB232F8130080B27047002056
:10564000704700BFE4C50200D4C4020038800440A3
:1056500000500440085004400000020380014A004A
:105660000051044010B50023B0FBF2F402FB14001B
:10567000092894BF30303730C0B2C85420460CB12E
:105680000133F1E7CA18547022469A4206DA885C60
:10569000CC5C8C54C8540132013BF6E7084610BD7F
:1056A000324B1B88002B5DD018405ED0304B1B88DE
:1056B0001BB1984201D12F4B52E02F4B1B881BB1DD
:1056C000984201D12D4B4BE02D4B1B881BB19842CA
:1056D00001D12C4B44E02C4B1B881BB1984201D1CB
:1056E0002A4B3DE02A4B1B881BB1984201D1294B24
:1056F00036E0294B1B881BB1984201D1274B2FE084
:10570000274B1B881BB1984201D1264B28E0264B22
:105710001B881BB1984201D1244B21E0244B1B88EC
:105720001BB1984201D1234B1AE0234B1B881BB1BC
:10573000984201D1214B13E0214B1B881BB19842A9
:1057400001D1204B0CE0204B1B881BB1984201D1AA
:105750001E4B05E01E4B1B8823B1984204D11D4B04
:10576000188870471846704700207047AAE4FF1F4A
:10577000B2E4FF1FD2E2FF1F86E4FF1FB0E3FF1F6A
:10578000A8E3FF1FB0E4FF1FB8E3FF1FB8E4FF1F4B
:10579000B2E3FF1F80E4FF1F84E4FF1FAEE4FF1F9E
:1057A000ACE3FF1FD6E2FF1F9CE3FF1FB6E4FF1F21
:1057B0007EE4FF1FBAE4FF1FBAE3FF1FB6E3FF1F3B
:1057C000AEE3FF1FA6E3FF1F9EE4FF1FA2E3FF1F40
:1057D00098E3FF1F94E4FF1F0C4A0346108818B19A
:1057E00003420CBF00200220094A128822B1134252
:1057F0001CBF40F04000C0B2064A128822B11342DA
:105800001CBF40F01000C0B2704700BFA6E4FF1FED
:10581000A4E3FF1F7CE4FF1F044B1B8800F03F0044
:1058200013B1984208BF6420704700BF96E4FF1F81
:105830001F28034612D80A2806D13B4B188820F4AB
:105840007D6020F0070007E00B286BD1364B1888ED
:1058500020F47D6020F0040080B270477F2805D8D6
:10586000A0F12003314A32F813007047304A128801
:1058700042B1A0F1A00291B25F2903D82D4B33F8B9
:10588000120070472C4A108818B12C4A12889A428C
:1058900045D02B4A108818B12A4A12889A423ED025
:1058A000294A108818B1294A12889A4237D0284AC2
:1058B000108818B1274A12889A4230D0264A108898
:1058C00018B1264A12889A4229D0254A108818B160
:1058D000244A12889A4222D0234A108818B1234AB7
:1058E00012889A421BD0224A108818B1214A128885
:1058F0009A4214D0204A108818B1204A12889A423D
:105900000DD01F4A108818B11E4A12889A4206D03C
:105910001D4A108838B11D4A12889A4202D1C0F33C
:105920000D00704700207047B4E4FF1FD8E2FF1F4E
:10593000AAE3FF1FBCE3FF1FD0E2FF1F88E4FF1FA5
:10594000D4E2FF1F8AE4FF1FB4E3FF1F8CE4FF1FB4
:105950009CE4FF1F8EE4FF1F9AE3FF1F90E4FF1FEC
:10596000A0E4FF1F92E4FF1FA2E4FF1FBCE4FF1F9F
:10597000A4E4FF1FBEE4FF1F9EE3FF1F98E4FF1F88
:10598000A8E4FF1F9AE4FF1FACE4FF1FA0E3FF1F82
:1059900010B546F20144174B1B7843B30720F5F7C7
:1059A00051FF032803D9013C134B18D119E000F033
:1059B000F7FA01460028F6D0104B1B780372104B03
:1059C0001B7843720F4B1A689B88C3810823C0F869
:1059D0000A2003800720F5F783FF002010BD1A7806
:1059E00012B101221A7002E000F070FDD3E74FF00F
:1059F000FF3010BDC8E2FF1FCCE4FF1FCAE4FF1F49
:105A0000CBE4FF1FC4E4FF1F10B5044661B10F4A89
:105A1000137811EA030006D023EA01011170FFF7A1
:105A2000B7FF012100E0014654B10023084A985C09
:105A3000A04202D10021995401210133062BF5D156
:105A400019B1BDE81040FFF7A3BF10BDCAE4FF1FA6
:105A5000C4E4FF1F10B50446A1B1164B1A7801EA41
:105A6000020088420DD011431970FFF791FFFFF734
:105A70008FFFFFF78DFFFFF78BFFFFF789FF0121F6
:105A800000E0002184B100230B4A985CA0420BD0B7
:105A90000133062BF8D10023D05C10B9064AD45448
:105AA00003E00133062BF7D119B1BDE81040FFF731
:105AB0006FBF10BDCAE4FF1FC4E4FF1FF8B5030A9F
:105AC000C12B01460FD9DF2B04D803F01F0363F36A
:105AD0009F1108E0F02B02D1C0B2002131E0E02B91
:105AE00033D100202CE00846FFF7A2FE064660B343
:105AF000164B1C88DCB1FFF7D3FD0546B0B1144B43
:105B00001C781CB100221A70FFF742FF2846FFF7ED
:105B100063FE07462846FFF77FFE39460546FFF736
:105B200099FF28463946FFF76FFF00E004463046EC
:105B3000FFF752FE05463046FFF76EFE45EA0401C8
:105B4000C9B2BDE8F840FFF785BFF8BDAAE4FF1F62
:105B5000CAE4FF1F0A4B002118781970094B1A7804
:105B60001970094B0243991D58780243002003F82D
:105B7000010F8B42F8D10AB1FFF70ABF704700BF8F
:105B8000CAE4FF1FCBE4FF1FC3E4FF1F38B50A4C74
:105B90000A4D2070002329706370A370E370237195
:105BA0006371FFF7F5FE28B928702070BDE8384012
:105BB000FFF7EEBE38BD00BFC4E4FF1FCAE4FF1FFD
:105BC00038B50546FFF728FE04462846FFF704FED1
:105BD00001462046BDE83840FFF7D8BF10B5FFF7B3
:105BE00027FE044660B1074B1B8823B1FFF758FD21
:105BF00008B1FFF7E5FF2046BDE81040FFF7E0BF22
:105C000010BD00BFAAE4FF1F10F0800F164B02D199
:105C100000221A600BE0BF2812D81968012900F091
:105C20003F0206D100211960104B18881043FFF77E
:105C3000D5BF022916D10D49088840EA821205E035
:105C4000DF2806D800F01F02084992010A800122CD
:105C500007E0EF2804D8054902030A80022200E089
:105C6000FF221A60704700BFC0E4FF1FCEE4FF1F91
:105C700038B5124B1B78EBB1114C23681BB90220CD
:105C8000F5F7C4FD206020680D4D98B14388C21817
:105C9000147A5CB102880133934204D300F09EF978
:105CA00000232B6000E04380204638BD00F096F9C9
:105CB0002C60DEE74FF0FF3038BD00BFC8E2FF1FA9
:105CC000DCE4FF1F10B50D4B1B788BB10C4C236827
:105CD0001BB90220F5F79AFD2060206840B1438887
:105CE00003441C7A3CB900F079F9054B1C60EAE7E3
:105CF0004FF0FF3010BD204610BD00BFC8E2FF1FAF
:105D0000DCE4FF1F38B5104D2B6823B12868002450
:105D1000028843880FE00D4B1B781BB10220F5F77A
:105D200075FD28602C68002CF0D10BE0C1182144CF
:105D3000097A19B10134E1189142F7DB14B900F086
:105D40004DF92C60204638BDDCE4FF1FC8E2FF1F80
:105D50002DE9F843324D012307460C462B70002CE9
:105D60005AD0304E3368B1465BBB43F601482E4BE8
:105D70001B7803F0FF020BB92A7018E00120F5F739
:105D800061FD052804D9B8F10108284A09D10AE0C3
:105D900001232B7000F004F9C9F800000028F2D0AC
:105DA0000FE013783BB10123137000232B704FF0E9
:105DB000FF30BDE8F8832B7000F088FB01232B70C7
:105DC000D5E73168194A488800231370C0F14002B2
:105DD000944238BF224600F1080C10448C4448809D
:105DE000A41A934204D0F85C0CF803000133F8E7DE
:105DF0001F444B883F2B0E4B02D805221A70AEE78A
:105E000040220A804FF00008012083F80080F5F757
:105E100067FDC6F80080A2E72C702046BDE8F88335
:105E2000D1E4FF1FD4E4FF1FC8E2FF1FD8E4FF1F27
:105E3000E0E4FF1F07B502AB012103F8010D18468E
:105E4000FFF786FF03B05DF804FBFFFF10B50D4BB5
:105E50001B78B3B10C4B19681C4691B14B8883B1C8
:105E60000A4A002010703F2B04DCCA180020107270
:105E70000133F8E740230B800120F5F731FD0023C3
:105E8000236010BDC8E2FF1FD4E4FF1FE0E4FF1F42
:105E900010B50B4B1B788BB90A4A11684B88144616
:105EA0003F2B04DCCA18002010720133F8E74023AE
:105EB0000B800120F5F714FD0023236010BD00BF07
:105EC000D1E4FF1FD4E4FF1F024B1B78DB07FBD597
:105ED000704700BF010002407FB5174B6A4603F1CF
:105EE00010056E4618685968144603C40833AB425F
:105EF0002246F7D1114B1A7812F0020F1D4612D02C
:105F000080229A7133229A7203225A7272B60C4C12
:105F100046F001062046B04762B6237813F07003BE
:105F200001D0237006E044F621632A78D20701D419
:105F3000013BFAD104B070BD06C602000100024068
:105F400000000240B0F5006F10B5044609D2064BC0
:105F50001B78DB0701D4FFF7BFFF04F1A0542078C2
:105F600010BD002010BD00BF01000240B0F5006F61
:105F700038B504460D460FD2084B1B78DB0701D419
:105F8000FFF7AAFF04F1A0542378AB4204D0257098
:105F9000BDE83840FFF798BF38BD00BF01000240A0
:105FA00072B60C4A1168B1FA81F31D2B02D962B6A0
:105FB000002070474FF00040D84021EA00011160F6
:105FC00062B6054948225343C8180022CA504260AD
:105FD000704700BF848EFF1F0084FF1F0C4B4822B8
:105FE000C31AB3FBF2F31D2B11D80A4A127822B15F
:105FF000094A12780AB1F5F737BC72B6074A4FF072
:10600000004121FA03F311681943116062B6704729
:106010000084FF1FBFE2FF1FC8E2FF1F848EFF1F27
:10602000F0B5304B1B681B06FBD42F4B1B6813F0DD
:106030008002F6D172B62D4B1978002950D02C4928
:1060400008684F688E68CD680C6938441431304454
:106050000968284420440844C0F34E00254940F410
:1060600000400860C86A0F6B4E6B8D6BCC6B384478
:10607000403130440968284420440844C0F34E00AD
:106080001D4940F40040086001F10811143151F835
:10609000140C51F8107C51F80C6C51F8085C51F854
:1060A000044C096838443044284420440844C0F370
:1060B0004E00124940F400400860C86A0F6B4E6BF6
:1060C0008D6BCC6B384440313044096828442044FF
:1060D0000844C0F34E000A4940F4004008601A70BA
:1060E00062B6F0BD24B0034024B00B40E2E4FF1FD1
:1060F00038B003402CB0034030B003402CB00B400C
:1061000030B00B4010B5204B2048214960221A7056
:10611000E1225A701F4B204A1C78204B082C01D1D9
:10612000012402E00A2C03D119240460132005E0A5
:106130000C2C0CBF15243D24046012200860146050
:106140001860174B17491B78174A03B101230B60DE
:106150001360164B164A1978164B012901D8802175
:106160000BE0042901D8842107E0082901D8852102
:1061700003E0102994BF86218721116019600E4B1E
:1061800001221A7010BD00BF0040074008B0034054
:106190000CB00340888EFF1F08B00B400CB00B40C2
:1061A000E5E4FF1F20B0034020B00B40898EFF1FA5
:1061B00024B0034024B00B40E2E4FF1F0C2804D9B4
:1061C000102828BF1020102307E00A2804D8092827
:1061D00034BF08230A2300E00C23094AD9B2081A65
:1061E0001070084A1078834208D0074B11701B7852
:1061F00013B1064B00221A60FFF784BF704700BF3F
:10620000E1E4FF1F888EFF1FE2E4FF1F24B003407C
:106210000D2838B50FD9172801D80E380AE0A0F19B
:106220001A03052B01D8093804E0A0F12203062B3C
:1062300047D81838C0B2244B1C5C244B1B780BB1D8
:10624000FFF7EEFE210614D472B6214B214D1C60DF
:1062500001232B7062B672B61D4B1B681A0601D55E
:106260001D4B1FE02B78002BEFD062B600F02EF90B
:10627000F1E772B6194B1A4D1A6814F0400F14BFAB
:1062800022F0100242F010021A60164B04F03F0296
:106290001A6001232B7062B672B6124B1B681B0684
:1062A00008D5114B186800232B7062B60F4B1B7872
:1062B000184138BD2B78002BDCD062B600F006F90F
:1062C000EAE7002038BD00BF16C60200E2E4FF1F67
:1062D00000B00340E4E4FF1F10B003400CB00B40DB
:1062E000E3E4FF1F00B00B4010B00B40E1E4FF1FE0
:1062F000084B1A6842F480521A60074B1A78074B11
:106300000AB1802200E0C0221A70054B80F30C0015
:10631000188070472C800440E5E4FF1F21C00C402A
:1063200000C00C40F8B5174B1E6805460C461F46CA
:10633000154B1B7803B30420F5F768FA58B906200B
:10634000F5F764FA48B93B689B1BA34218D8B4B16F
:1063500000F0BCF8ECE7012400E0022400F108039F
:106360002A4600F1480153F8045B42F8045B8B4273
:10637000F9D1FFF733FE02E04FF0FF30F8BD2046C1
:10638000F8BD00BFCCE2FF1FC8E2FF1FF8B5184BF5
:106390001D6804460E461F46164B1B781BB3032090
:1063A000F5F750FA032806D93B685B1BB3421DD8AA
:1063B00000F08CF8F0E7FFF7F3FD03460028F3D078
:1063C000204603F1080204F1400150F8044B42F862
:1063D000044B8842F9D140241C8003201946F5F76C
:1063E0007FFA2046F8BD4FF0FF30F8BD0020F8BD21
:1063F000CCE2FF1FC8E2FF1FF8B5184B1D6804462A
:106400000E461F46164B1B781BB30520F5F71AFAEC
:10641000032806D93B685B1BB3421DD800F056F831
:10642000F0E7FFF7BDFD03460028F3D0204603F157
:10643000080204F1400150F8044B42F8044B884232
:10644000F9D140241C8005201946F5F749FA204669
:10645000F8BD4FF0FF30F8BD0020F8BDCCE2FF1FC3
:10646000C8E2FF1F08B1014B18607047E8E4FF1F46
:106470000C4A0D48136811460C4A002B08BF1346FE
:1064800093FBF0F200FB12330948424344F2A71099
:1064900000FB03200028BCBF00F1004000F1FF30EA
:1064A00008607047E8E4FF1F1DF3010024D95B0773
:1064B000ECF4FFFF10B5044630B1FFF7D9FFB0FB95
:1064C000F4F303FB140010BD10BDFFFF10B50E4C1C
:1064D0002378BBB901232370FFF714FC08B100F047
:1064E0004CF901F025F808B101F01CF900F05AFD53
:1064F00008B100F0F2F800F0C5FA08B101F095F922
:106500000023237010BD00BFECE4FF1F08B5036833
:10651000C9B21B68984708BD08B50368C9B21B68B3
:10652000984708BD08B50368C9B21B68984708BDFD
:1065300008B50368C9B21B68984708BD08B5036869
:10654000C9B21B68984708BD08B50368C9B21B6883
:10655000984708BD08B50368C9B21B68984708BDCD
:1065600008B50368C9B21B68984708BD034800EB2B
:106570005100B0FBF1F000F00FBE00BF00449508E1
:1065800010B5064800EB51001446B0FBF1F000F0E6
:1065900003FE2046BDE8104000F044BE00449508CC
:1065A00000F06ABE084600F09BBE08B5084600F041
:1065B000B3FE003018BF012008BD08B5084600F042
:1065C000CDFE003018BF012008BD00F0B1BF00F0C3
:1065D000E9BF00F0BDBF00F08FBF00F0FBBF00F0CF
:1065E00095BF08B5084600F0DFFE012008BD08B5DC
:1065F000084600F0D9FE012008BD10B50846144633
:10660000114600F01BFF204610BD38B508460D4668
:1066100002F0C7F904462146284600F00FFF204645
:1066200038BDFFFF034800EB5100B0FBF1F000F074
:10663000F5BA00BF0044950810B5064800EB5100BC
:106640001446B0FBF1F000F0E9FA2046BDE8104036
:1066500000F02ABB0044950800F050BB084600F04B
:1066600081BB08B5084600F099FB003018BF012037
:1066700008BD08B5084600F0B3FB003018BF012084
:1066800008BD00F08FBC00F0C7BC00F09BBC00F060
:106690006DBC00F0D9BC00F073BC08B5084600F032
:1066A000BDFB012008BD08B5084600F0B7FB01207E
:1066B00008BD10B508461446114600F0F9FB204607
:1066C00010BD38B508460D4602F06BF90446214668
:1066D000284600F0EDFB204638BD7047044B0022F1
:1066E0001A714FF47A711A73024A99601A607047EE
:1066F000F0E4FF1F38C6020008B5DAF73BFEDBF70F
:106700009BFAFFF7E3FEFAE7F8B506460C468F184A
:106710000025BC4207D0336814F8011B1B683046C3
:1067200098470544F5E72846F8BDFFFF07B5064B37
:106730001B88ADF80430036801A95B680222984702
:1067400003B05DF804FB00BF88C6020001F088BEFC
:10675000FFF7D8BAFFF78CBAFFF7B4BAFFF776BBEA
:106760000846FFF767BB08461146FFF7F1BA08B5C0
:106770000846FFF749FA012008BD7047064B074954
:10678000196000221A71064B4FF47A711A711A734C
:10679000044A99601A60704700E5FF1FB8C60200FE
:1067A00008E5FF1F98C60200174B1A6842F4805292
:1067B0001A60164A00231370154A1370154A137095
:1067C000154A1370154A1370154A40F213311160BF
:1067D0004FF451715160134AC0F344311170C0F34A
:1067E000471100F01F0051709072937013742C23A6
:1067F000D3700D4B40226FF44B711A700B444FF461
:1068000000321A60704700BF3480044086E5FF1FE5
:106810001DE5FF1F8CE5FF1F87E5FF1F1CE5FF1F20
:1068200008C0044000C0064031E400E0134A9378F9
:1068300000F0030103F0EC030B43410748BF43F0B2
:106840001003937000F00F03042B0C4903D18B79D4
:1068500043F040038B715379C20603F0EF03074AFC
:1068600048BF43F0100353719379810603F0EF039F
:1068700048BF43F010039371704700BF00C006404B
:1068800008B5114B1B68DB0400D408BD0F4B1A7808
:1068900002F0FF0312B1FFF719FEF7E70C4A4FF4BD
:1068A000003111600B4A0C49D37040F203120A60A8
:1068B0004A600A4A13700A4A13700A4B1B680BB1EC
:1068C00001221A7008BD00BF348004401CE5FF1F80
:1068D00084E100E000C0064008C0044086E5FF1FD8
:1068E0001DE5FF1F18E5FF1F38B50446094B1B784F
:1068F00003F0FF05002BF9D120460121F5F7EEFC4E
:1069000020462946F5F7BCFC034B53F83420034BD3
:106910001A6038BD1CE5FF1FD4C4020088E5FF1FC4
:106920000D4A38B5146814F480524FF0000410D0AA
:1069300021280A4D0AD80A4A012152F830302B602A
:10694000F5F7CCFC2B681C70012038BD2C6020466C
:1069500038BD104638BD00BF3480044018E5FF1F25
:10696000D4C402000B4B1B6813F4805310D00E28C4
:10697000094B09D1094A40F2023111605A7B42F0B9
:1069800001025A73012070475A7B02F0FE025A73CB
:10699000002070473480044000C0064004C004401A
:1069A000F8B51D4B1B68DA04064633D51B4B1B6834
:1069B0000BB101221A701A4B1C780134282C1F4687
:1069C00028BF0024174D2B78A34218D1FEF7ECFD09
:1069D00040280FDC144A13791B06F3D52B78134992
:1069E0000133282B28BF0023C95CDBB2C9B2D171A7
:1069F0002B70E7E7FF28E5DDFFF768FDE2E70B4BCB
:106A0000F6B21E550A4B01221A70074BE4B2AC22B3
:106A10003C70DA70F8BD00BF3480044088E5FF1F89
:106A20008CE5FF1F87E5FF1F00C006401EE5FF1F26
:106A30001CE5FF1F38B504464518AC4204D014F8D5
:106A4000010BFFF7ADFFF8E738BDFFFF08B5034BBB
:106A50001B7813B1FFF73AFDF9E708BD1CE5FF1FEE
:106A6000064A074B1B781078DBB2C0B283422CBFBA
:106A7000273000F1FF30C01A704700BF87E5FF1FC5
:106A80008CE5FF1F054B1878054B1B78C0B2DBB2B5
:106A9000984238BF4030C01A704700BF86E5FF1FDC
:106AA0001DE5FF1F10B5104B10491A780B78D2B2B4
:106AB000DBB29A4214D00133402B28BF00230C488C
:106AC000DCB2C05C0C700B490968C0B251B19A428B
:106AD00038BF4032D31A1A2B04DC00230B7010BDD0
:106AE0004FF0FF3010BD00BF86E5FF1F1DE5FF1F03
:106AF00046E5FF1F18E5FF1F084B1A78084B1B7867
:106B0000DBB29A4207D00133402B28BF0023054A4D
:106B1000D05CC0B270474FF0FF30704786E5FF1F72
:106B20001DE5FF1F46E5FF1F054B1A78054BD2B246
:106B30001A70054B1B680BB100221A70704700BF1A
:106B40001DE5FF1F86E5FF1F18E5FF1F10B5294B48
:106B50001A79920620D5284AD87913782749013323
:106B6000402B097828BF00238B42C0B203D02449B0
:106B7000C854D9B21170234A116869B1224A1278F7
:106B8000D2B2934236BFC2F14002C2EB03039B185C
:106B9000272BC4BF01230B70164AD178C9B20C064B
:106BA00016D51379180613D5184B17481C78037897
:106BB000DBB29C4202D16C23D37009E00133282B55
:106BC00028BF0023124CE45CDBB2E4B2D471037042
:106BD0004B060ED5074B1A7912F0400F194608D014
:106BE0000C4B00221A700C4B1B6803B11A702C233B
:106BF000CB7010BD00C0064086E5FF1F1DE5FF1FDE
:106C000046E5FF1F18E5FF1F87E5FF1F8CE5FF1F07
:106C10001EE5FF1F1CE5FF1F88E5FF1F194B1A68C3
:106C200042F400621A60184A00231370174A137066
:106C3000174A1370174A1370174A1370174B40F214
:106C400013321A604FF451725A60154BC0F344323C
:106C50001A70C0F347125A7000F01F00042202217C
:106C600098729A70D9745A7588221A743C22DA7014
:106C70000C4B40221A70A3F22B334FF400421A60DF
:106C8000704700BF34800440FEE5FF1F95E5FF1FFD
:106C900004E6FF1FFFE5FF1F94E5FF1F0CB0044053
:106CA00000B006402FE400E0134A937800F003019F
:106CB00003F0EC030B43410748BF43F0100393700C
:106CC00000F00F03042B0C4903D18B7943F04003F0
:106CD0008B715379C20603F0EF03074A48BF43F0B4
:106CE000100353719379810603F0EF0348BF43F01B
:106CF00010039371704700BF00B0064008B5114BF8
:106D00001B681B0500D408BD0F4B1A7802F0FF0367
:106D100012B1FFF7DBFBF7E70C4A4FF400411160BB
:106D20000B4A0C49D37040F203120A604A600A4AC7
:106D300013700A4A13700A4B1B680BB101221A70B8
:106D400008BD00BF3480044094E5FF1F84E100E0EB
:106D500000B006400CB00440FEE5FF1F95E5FF1FA4
:106D600090E5FF1F38B50446094B1B7803F0FF057B
:106D7000002BF9D120460121F5F7B0FA204629462B
:106D8000F5F77EFA034B53F83420034B1A6038BDF5
:106D900094E5FF1FD4C4020000E6FF1F0D4A38B57A
:106DA000146814F400624FF0000410D021280A4D3A
:106DB0000AD80A4A012152F830302B60F5F78EFAD2
:106DC0002B681C70012038BD2C60204638BD104651
:106DD00038BD00BF3480044090E5FF1FD4C40200DA
:106DE0000B4B1B6813F4006310D01728094B09D113
:106DF000094A40F2023111605A7B42F001025A7393
:106E0000012070475A7B02F0FE025A73002070473F
:106E10003480044000B0064008B00440F8B51D4B73
:106E20001B681A05064633D51B4B1B680BB10122A4
:106E30001A701A4B1C780134282C1F4628BF0024D6
:106E4000174D2B78A34218D1FEF7AEFB40280FDC7C
:106E5000144A13791B06F3D52B7813490133282BD9
:106E600028BF0023C95CDBB2C9B2D1712B70E7E740
:106E7000FF28E5DDFFF72AFBE2E70B4BF6B21E55D4
:106E80000A4B01221A70074BE4B2BC223C70DA7044
:106E9000F8BD00BF3480044000E6FF1F04E6FF1F7A
:106EA000FFE5FF1F00B0064096E5FF1F94E5FF1FBA
:106EB000274B1B681A052DE9F04707468A4644D53B
:106EC000244B1B680BB101221A703D4607EB0A03E5
:106ED0009D4237D2DFF890801F4E98F8004096F818
:106EE00000900134282C28BF00245FFA89F9A145BD
:106EF0001DD11A4BBC22DA70FEF756FB40280FDC7E
:106F0000164A13791B060FD5337815490133282B00
:106F100028BF0023C95CDBB2C9B2D171337003E072
:106F2000FF2801DDFFF7D2FA33784B45E4D00C4B54
:106F300015F8012B1A550B4B0122E4B21A7088F890
:106F40000040C3E7054BBC22DA70BDE8F08700BF04
:106F50003480044000E6FF1FFFE5FF1F00B006403D
:106F600096E5FF1F94E5FF1F04E6FF1F08B5034BDE
:106F70001B7813B1FFF7AAFAF9E708BD94E5FF1FE4
:106F8000064A074B1B781078DBB2C0B283422CBF95
:106F9000273000F1FF30C01A704700BFFFE5FF1F28
:106FA00004E6FF1F054B1878054B1B78C0B2DBB217
:106FB000984238BF4030C01A704700BFFEE5FF1F3F
:106FC00095E5FF1F10B5104B10491A780B78D2B217
:106FD000DBB29A4214D00133402B28BF00230C4867
:106FE000DCB2C05C0C700B490968C0B251B19A4266
:106FF00038BF4032D31A1A2B04DC00230B7010BDAB
:107000004FF0FF3010BD00BFFEE5FF1F95E5FF1FED
:10701000BEE5FF1F90E5FF1F084B1A78084B1B7851
:10702000DBB29A4207D00133402B28BF0023054A28
:10703000D05CC0B270474FF0FF307047FEE5FF1FD5
:1070400095E5FF1FBEE5FF1F0C4B1B681B0514D504
:107050000B4BDA7802F0CB02DA7040225A74DA78FD
:1070600042F03402DA70074B1A78074BD2B21A702A
:10707000064B1B680BB100221A7070473480044025
:1070800000B0064095E5FF1FFEE5FF1F90E5FF1FDE
:1070900030B5374B1A7912F0300F31D072B69A7D75
:1070A00002F0FF0022B9DA7940225A7462B627E072
:1070B00062B6304A304913780978DBB2C9B2144657
:1070C0002B4AD5795A1C402A28BF00228A42EDB2A9
:1070D00002D02A4B9D541346421E12F0FF00EFD1FE
:1070E000DAB22270264A126852B18B4236BFC1F121
:1070F0004001C1EB03035B18272BC4BF01231370AE
:107100001B4BD978C9B20C0620D51B7918061DD5A2
:107110001C4B1D4A1D781378EDB2DBB21046AB4212
:107120000CD0134A0133282B1479184C28BF0023A4
:10713000E45CE4B2D471127D072AF0D9DBB20370AB
:107140000B4B1A79120644BF7C22DA704B060ED51F
:10715000074B1A7912F0400F194608D00C4B002249
:107160001A700C4B1B6803B11A703C23CB7030BDF6
:1071700000B00640FEE5FF1F95E5FF1FBEE5FF1FBF
:1071800090E5FF1F04E6FF1FFFE5FF1F96E5FF1FC9
:1071900094E5FF1F00E6FF1F194B1A6842F4806256
:1071A0001A60184A00231370174A1370174A137095
:1071B000174A1370174A1370174B40F213321A60B4
:1071C0004FF451725A60154BC0F344321A70C0F339
:1071D00047125A700221042200F01F0098729A7020
:1071E000D9745A7588221A743C22DA700C4B4022EA
:1071F0006FF44A711A700B444FF400521A607047D2
:10720000348004408EE6FF1F0DE6FF1F94E6FF1F4B
:107210008FE6FF1F0CE6FF1F40A0044000A00640C1
:107220002DE400E0134A937800F0030103F0EC032F
:107230000B43410748BF43F01003937000F00F0366
:10724000042B0C4903D18B7943F040038B715379A4
:10725000C20603F0EF03074A48BF43F0100353711F
:107260009379810603F0EF0348BF43F01003937155
:10727000704700BF00A0064008B5114B1B685B05B6
:1072800000D408BD0F4B1A7802F0FF0312B1FFF7CC
:107290001DF9F7E70C4A4FF4005111600B4A0C49F5
:1072A000D37040F203120A604A600A4A13700A4A15
:1072B00013700A4B1B680BB101221A7008BD00BF86
:1072C000348004400CE6FF1F84E100E000A006408B
:1072D00040A004408EE6FF1F0DE6FF1F08E6FF1FDB
:1072E00038B50446094B1B7803F0FF05002BF9D194
:1072F00020460121F4F7F2FF20462946F4F7C0FFAB
:10730000034B53F83420034B1A6038BD0CE6FF1FC3
:10731000D4C4020090E6FF1F0D4A38B5146814F477
:1073200080624FF0000410D021280A4D0AD80A4A82
:10733000012152F830302B60F4F7D0FF2B681C701D
:10734000012038BD2C60204638BD104638BD00BF36
:107350003480044008E6FF1FD4C402000E4B1B68B3
:1073600013F4806316D012280C4B03D140F2023183
:107370000B4A04E0142809D10A4A40F20231116094
:107380005A7B42F001025A73012070475A7B02F087
:10739000FE025A73002070473480044000A006406B
:1073A0000CA0044014C00440F8B51D4B1B685A05DE
:1073B000064633D51B4B1B680BB101221A701A4BC2
:1073C0001C780134402C1F4628BF0024174D2B7811
:1073D000A34218D1FEF7E8F840280FDC144A1379CD
:1073E0001B06F3D52B7813490133402B28BF00230C
:1073F000C95CDBB2C9B2D1712B70E7E7FF28E5DDCC
:10740000FFF764F8E2E70B4BF6B21E550A4B012278
:107410001A70074BE4B2BC223C70DA70F8BD00BFB2
:107420003480044090E6FF1F94E6FF1F8FE6FF1FA5
:1074300000A006400EE6FF1F0CE6FF1F274B1B684F
:107440005A052DE9F04707468A4644D5244B1B6868
:107450000BB101221A703D4607EB0A039D4237D259
:10746000DFF890801F4E98F8004096F800900134A5
:10747000402C28BF00245FFA89F9A1451DD11A4B81
:10748000BC22DA70FEF790F840280FDC164A137918
:107490001B060FD5337815490133402B28BF002335
:1074A000C95CDBB2C9B2D171337003E0FF2801DDE2
:1074B000FFF70CF833784B45E4D00C4B15F8012B53
:1074C0001A550B4B0122E4B21A7088F80040C3E74A
:1074D000054BBC22DA70BDE8F08700BF3480044061
:1074E00090E6FF1F8FE6FF1F00A006400EE6FF1F7D
:1074F0000CE6FF1F94E6FF1F08B5034B1B7813B182
:10750000FEF7E4FFF9E708BD0CE6FF1F064A074B4C
:107510001B781078DBB2C0B283422CBF3F3000F141
:10752000FF30C01A704700BF8FE6FF1F94E6FF1FB1
:10753000054B1878054B1B78C0B2DBB2984238BFB8
:107540004030C01A704700BF8EE6FF1F0DE6FF1FD8
:1075500010B5104B10491A780B78D2B2DBB29A42B0
:1075600014D00133402B28BF00230C48DCB2C05C90
:107570000C700B490968C0B251B19A4238BF403211
:10758000D31A1A2B04DC00230B7010BD4FF0FF3010
:1075900010BD00BF8EE6FF1F0DE6FF1F4EE6FF1F6A
:1075A00008E6FF1F084B1A78084B1B78DBB29A429B
:1075B00007D00133402B28BF0023054AD05CC0B25E
:1075C00070474FF0FF3070478EE6FF1F0DE6FF1F3C
:1075D0004EE6FF1F0C4B1B685B0514D50B4BDA788E
:1075E00002F0CB02DA7040225A74DA7842F03402A8
:1075F000DA70074B1A78074BD2B21A70064B1B6829
:107600000BB100221A7070473480044000A006407D
:107610000DE6FF1F8EE6FF1F08E6FF1F30B5374B54
:107620001A7912F0300F31D072B69A7D02F0FF0055
:1076300022B9DA7940225A7462B627E062B6304A3B
:10764000304913780978DBB2C9B214462B4AD57990
:107650005A1C402A28BF00228A42EDB202D02A4B8F
:107660009D541346421E12F0FF00EFD1DAB2227091
:10767000264A126852B18B4236BFC1F14001C1EBBC
:1076800003035B18272BC4BF012313701B4BD9784E
:10769000C9B20C0620D51B7918061DD51C4B1D4AF6
:1076A0001D781378EDB2DBB21046AB420CD0134A12
:1076B0000133402B1479184C28BF0023E45CE4B25A
:1076C000D471127D072AF0D9DBB203700B4B1A7903
:1076D000120644BF7C22DA704B060ED5074B1A798E
:1076E00012F0400F194608D00C4B00221A700C4BB8
:1076F0001B6803B11A703C23CB7030BD00A006405C
:107700008EE6FF1F0DE6FF1F4EE6FF1F08E6FF1F78
:1077100094E6FF1F8FE6FF1F0EE6FF1F0CE6FF1F1C
:1077200090E6FF1F7047FFFF044B00221A714FF4D1
:107730007A711A73024A99601A60704798E6FF1FBF
:10774000C8C6020008B50368C9B21B68984708BDDF
:1077500008B50368C9B21B68984708BD08B5036837
:10776000C9B21B68984708BD08B50368C9B21B6851
:10777000984708BD034800EB5100B0FBF1F0FFF75C
:1077800013B800BF00A24A0410B5064800EB510030
:107790001446B0FBF1F0FFF707F82046BDE81040B3
:1077A000FFF744B800A24A04FFF76AB80846FFF79B
:1077B0009BB808B50846FFF7B3F8003018BF0120A2
:1077C00008BD08B50846FFF7CDF8003018BF012006
:1077D00008BDFFF757B9FFF78FB9FFF763B9FFF798
:1077E00035B9FFF7A1B9FFF73BB908B50846FFF770
:1077F000D7F8012008BD08B50846FFF7D1F80120E9
:1078000008BD10B5084614461146FFF713F9204687
:1078100010BD38B508460D4601F0C3F804462146B0
:107820002846FFF707F9204638BD7047044B002271
:107830001A714FF47A711A73024A99601A6070478C
:10784000A8E6FF1F20C7020080F0004002E000BF52
:1078500081F0004142001FBF5FEA410392EA030F3B
:107860007FEA226C7FEA236C6AD04FEA1262D2EB85
:107870001363C1BFD218414048404140B8BF5B428A
:10788000192B88BF704710F0004F40F4000020F023
:107890007F4018BF404211F0004F41F4000121F039
:1078A0007F4118BF494292EA030F3FD0A2F1010283
:1078B00041FA03FC10EB0C00C3F1200301FA03F1C1
:1078C00000F0004302D5494260EB4000B0F5000FE4
:1078D00013D3B0F1807F06D340084FEA310102F1A3
:1078E0000102FE2A51D2B1F1004F40EBC25008BF55
:1078F00020F0010040EA03007047490040EB00001F
:1079000010F4000FA2F10102EDD1B0FA80FCACF14D
:10791000080CB2EB0C0200FA0CF0AABF00EBC2504C
:1079200052421843BCBFD0401843704792F0000F3A
:1079300081F4000106BF80F400000132013BB5E78D
:107940004FEA41037FEA226C18BF7FEA236C21D003
:1079500092EA030F04D092F0000F08BF0846704768
:1079600090EA010F1CBF0020704712F07F4F04D136
:10797000400028BF40F00040704712F100723CBF49
:1079800000F50000704700F0004343F0FE4040F473
:10799000000070477FEA226216BF08467FEA236331
:1079A0000146420206BF5FEA412390EA010F40F41C
:1079B000800070474FF0000304E000BF10F0004368
:1079C00048BF40425FEA000C08BF704743F096434F
:1079D00001464FF000001CE050EA010208BF70476A
:1079E0004FF000030AE000BF50EA010208BF7047F1
:1079F00011F0004302D5404261EB41015FEA010C06
:107A000002BF84460146002043F0B64308BFA3F1FD
:107A10008053A3F50003BCFA8CF2083AA3EBC253DF
:107A200010DB01FA02FC634400FA02FCC2F12002FE
:107A3000BCF1004F20FA02F243EB020008BF20F035
:107A40000100704702F1200201FA02FCC2F120029B
:107A500050EA4C0021FA02F243EB020008BF20EA90
:107A6000DC7070474FF0FF0C1CEAD0521EBF1CEABE
:107A7000D15392EA0C0F93EA0C0F6FD01A4480EAAC
:107A8000010C400218BF5FEA41211ED04FF0006395
:107A900043EA501043EA5111A0FB01310CF00040C1
:107AA000B1F5000F3EBF490041EAD3715B0040EAE7
:107AB000010062F17F02FD2A1DD8B3F1004F40EBB7
:107AC000C25008BF20F00100704790F0000F0CF08A
:107AD000004C08BF49024CEA502040EA51207F3A4E
:107AE000C2BFD2F1FF0340EAC250704740F4000029
:107AF0004FF00003013A5DDC12F1190FDCBF00F01A
:107B000000407047C2F10002410021FA02F1C2F1C7
:107B1000200200FA02FC5FEA310040F1000053EA63
:107B20004C0308BF20EADC70704792F0000F00F0B1
:107B3000004C02BF400010F4000F013AF9D040EAB7
:107B40000C0093F0000F01F0004C02BF490011F44B
:107B5000000F013BF9D041EA0C018FE70CEAD15349
:107B600092EA0C0F18BF93EA0C0F0AD030F0004CC9
:107B700018BF31F0004CD8D180EA010000F000407D
:107B8000704790F0000F17BF90F0004F084691F03B
:107B9000000F91F0004F14D092EA0C0F01D1420275
:107BA0000FD193EA0C0F03D14B0218BF084608D13E
:107BB00080EA010000F0004040F0FE4040F4000088
:107BC000704740F0FE4040F4400070474FF0FF0C1B
:107BD0001CEAD0521EBF1CEAD15392EA0C0F93EA62
:107BE0000C0F69D0A2EB030280EA010C49024FEAB4
:107BF000402037D04FF0805343EA111143EA10136D
:107C00000CF000408B4238BF5B0042F17D024FF424
:107C1000000C8B4224BF5B1A40EA0C00B3EB510FFF
:107C200024BFA3EB510340EA5C00B3EB910F24BFE8
:107C3000A3EB910340EA9C00B3EBD10F24BFA3EB6D
:107C4000D10340EADC001B0118BF5FEA1C1CE0D135
:107C5000FD2A3FF650AF8B4240EBC25008BF20F0E8
:107C6000010070470CF0004C4CEA50207F32C2BF3C
:107C7000D2F1FF0340EAC250704740F400004FF0D9
:107C80000003013A37E792F0000F00F0004C02BF0A
:107C9000400010F4000F013AF9D040EA0C0093F0D4
:107CA000000F01F0004C02BF490011F4000F013B2E
:107CB000F9D041EA0C0195E70CEAD15392EA0C0F96
:107CC00008D142027FF47DAF93EA0C0F7FF470AFCE
:107CD000084676E793EA0C0F04D14B023FF44CAF11
:107CE00008466EE730F0004C18BF31F0004CCAD1A6
:107CF00030F000427FF45CAF31F000437FF43CAFE2
:107D00005FE700BF4FF0FF3C06E000BF4FF0010C03
:107D100002E000BF4FF0010C4DF804CD4FEA4002E5
:107D20004FEA41037FEA226C18BF7FEA236C11D02F
:107D300001B052EA530C18BF90EA010F58BFB2EBE2
:107D4000030088BFC81738BF6FEAE17018BF40F062
:107D5000010070477FEA226C02D15FEA402C05D116
:107D60007FEA236CE4D15FEA412CE1D05DF8040B9B
:107D7000704700BF844608466146FFE70FB5FFF72E
:107D8000C9FF002848BF10F1000F0FBD4DF808EDE6
:107D9000FFF7F4FF0CBF012000205DF808FB00BFD7
:107DA0004DF808EDFFF7EAFF34BF012000205DF831
:107DB00008FB00BF4DF808EDFFF7E0FF94BF01207E
:107DC00000205DF808FB00BF4DF808EDFFF7D2FF7B
:107DD00094BF012000205DF808FB00BF4DF808EDBE
:107DE000FFF7C8FF34BF012000205DF808FB00BF8B
:107DF0004BB942B9002908BF002802D04FF0FF312B
:107E0000084600F03BB882B0EC462DE9005000F087
:107E10001DF8DDF804E002B00CBC70472DE970439A
:107E2000069E14461D468046894600F029F804FB4C
:107E300001F300FB0533A4FB00451D44B8EB04042B
:107E400069EB0505C6E90045BDE870832DE970437F
:107E5000069E1446804689461D4600F05DF900FBEB
:107E600005F504FB0153A0FB04451D44B8EB0404D5
:107E700069EB0505C6E90045BDE87083704700BFA2
:107E800000292DE9F00FC0F29F800024002BC0F2E2
:107E90009680154606460F46002B3ED18A4257D99A
:107EA000B2FA82F34BB1C3F1200201FA03F720FAD0
:107EB00002F29D40174300FA03F6290CB7FBF1F2DA
:107EC000330C01FB127CA8B243EA0C4700FB02F31F
:107ED000BB4209D97F1902F1FF3C80F00181BB420E
:107EE00040F2FE80023A2F44FF1AB7FBF1F3B6B21C
:107EF00001FB137146EA014100FB03F0884208D9F7
:107F0000491903F1FF3780F0ED80884240F2EA80A2
:107F1000023B43EA0242002303E08B420AD90023DA
:107F20001A461046194614B1404261EB4101BDE8C2
:107F3000F00F7047B3FA83F8B8F1000F40F0848077
:107F40008B4202D3824200F2DE8000230122E8E766
:107F500012B90123B3FBF2F5B5FA85F2002A39D143
:107F60007F1B280C1FFA85FC0123B7FBF0F1320CB4
:107F700000FB117742EA07470CFB01F2BA4207D92E
:107F80007F1901F1FF3802D2BA4200F2C1804146A6
:107F9000BF1AB7FBF0F2B6B200FB127046EA00401F
:107FA0000CFB02FC844507D9401902F1FF3702D2CD
:107FB000844500F2AB803A4642EA0142B1E7E4432D
:107FC000524263EB430364E7404261EB41014FF0EF
:107FD000FF345BE79540C2F1200327FA03F1280C38
:107FE00026FA03F39740B1FBF0F81F433B0C00FB6C
:107FF00018111FFA85FC43EA01410CFB08F38B4280
:1080000006FA02F608D9491908F1FF3279D28B42F3
:1080100077D9A8F102082944C91AB1FBF0F3BFB21D
:1080200000FB131147EA01470CFB03F2BA4207D9E0
:108030007F1903F1FF3160D2BA425ED9023B2F446F
:10804000BF1A43EA084390E7C8F1200203FA08FC8C
:1080500025FA02F343EA0C0C4FEA1C4921FA02F319
:1080600001FA08F720FA02F2B3FBF9F1174309FB12
:1080700011333A0C1FFA8CFB42EA03430BFB01FA63
:108080009A4505FA08F008D913EB0C0301F1FF3209
:1080900035D29A4533D902396344CAEB0303B3FBA3
:1080A000F9F209FB1233BFB247EA03470BFB02F9AF
:1080B000B94508D917EB0C0702F1FF331BD2B945BC
:1080C00019D9023A674442EA0145A5FB0001C9EB10
:1080D00007078F424FF000030AD305D02A4620E756
:1080E000624601E73B4614E706FA08F68642F5D2F7
:1080F0006A1E002315E71A46E5E70B46A0E711467E
:10810000CBE7904688E7434642460AE7023A53E700
:1081100002392F443CE700BF2DE9F00F1446054615
:108120000E46002B43D18A4253D9B2FA82F757B197
:10813000C7F1200620FA06F601FA07F302FA07F45F
:108140001E4300FA07F5210CB6FBF1F22B0C01FBE4
:108150001267A0B243EA074600FB02F3B34209D913
:10816000361902F1FF3780F0F680B34240F2F38017
:10817000023A2644F61AB6FBF1F3ADB201FB1361E5
:1081800045EA014100FB03F0884208D9091903F1CF
:10819000FF3680F0E280884240F2DF80023B43EA13
:1081A0000242002310461946BDE8F00F70478B428B
:1081B0004AD8B3FA83F6002E4DD18B4202D38242C5
:1081C00000F2D6800023012210461946BDE8F00FC8
:1081D000704712B90124B4FBF2F4B4FA84F2002A15
:1081E0007CD1091B260CA7B20123B1FBF6F02A0CA7
:1081F00006FB101142EA014107FB00F28A4207D94F
:10820000091900F1FF3C02D28A4200F2C3806046A5
:10821000891AB1FBF6F2ADB206FB121145EA01452F
:1082200007FB02F7AF4208D92C1902F1FF3180F0A9
:108230009680A74240F29380023A42EA00421046FA
:108240001946BDE8F00F704700231A46104619463C
:10825000BDE8F00F7047C6F1200522FA05F4B340DF
:108260001C434FEA144821FA05F301FA06F720FAF5
:1082700005F5B3FBF8FC2F4308FB1C333D0C1FFA3C
:1082800084FA45EA03430AFB0CF9994502FA06FB16
:1082900004D91B190CF1FF326DD39446C9EB0303CB
:1082A000B3FBF8F508FB1533BFB247EA03470AFBF7
:1082B00005F8B84504D93F1905F1FF3361D31D46D0
:1082C00045EA0C4CACFB0B23C8EB07079F424FF071
:1082D000000549D345D062462B4663E79440C2F17E
:1082E000200321FA03FC260C20FA03F301FA02F51D
:1082F000BCFBF6F843EA05010B0C06FB18CCA7B251
:1083000043EA0C4C07FB08F3634500FA02F509D970
:108310001CEB040C08F1FF323AD2634538D9A8F1BE
:108320000208A444C3EB0C0CBCFBF6F389B206FBB9
:1083300013CC41EA0C4107FB03F28A4207D9091921
:1083400003F1FF3022D28A4220D9023B2144891A0C
:1083500043EA084349E73A460CE733461FE70A4633
:108360006BE7B0409042B6D20CF1FF32002319E720
:108370003346324616E799458FD9ACF1020C2344B7
:108380008CE7B8459BD9023D274499E70346DEE7D1
:108390009046C7E7023821443AE700BF0346084643
:1083A000194600F00BB8FFFF0A4603490346086868
:1083B000194600F08FB800BFEC8EFF1F70B5064C59
:1083C00006460D4613462CB131462A460220AFF32D
:1083D000008070BD204670BD0000000008B5074B4E
:1083E000044613B10021AFF30080054B1868836A7F
:1083F00003B198472046FDF7D5F800BF0000000004
:10840000D4C7020070B50E4B0E4DED1AAD1000240E
:108410001E46AC4204D056F8242090470134F8E7B9
:1084200004F0F4F9084D094BED1AAD1000241E4676
:10843000AC4204D056F8242090470134F8E770BDD0
:1084400028C8020028C8020054C8020028C8020038
:10845000024B0146186800F08FB800BFEC8EFF1F7A
:10846000024B0146186800F043B800BFEC8EFF1FB6
:1084700030B50023934208D0C55C0133CC1814F802
:10848000014CA542F6D0281B30BD002030BD8142F2
:1084900070B501D300230EE08C18A042FAD28518E3
:1084A000134613F1FF3305D3514266182944F65C95
:1084B000CE54F6E770BD934203D0CC5CC454013374
:1084C000F9E770BD02440346934202D003F8011B52
:1084D000FAE7704738B502FB01F4214600F04CF88A
:1084E000054618B100212246FFF7ECFF284638BDAB
:1084F00030B500293CD051F8042C0B1F1D49002A2F
:10850000B8BF9B180A680C4612B95A600B6030BDA0
:1085100093420DD219685818904203D15A58114409
:10852000426819605A60236030BD994203D80A46F8
:1085300051680029F9D1146815199D420AD11B68A8
:108540002344D0188842136012D108680344136092
:108550004B680CE002D90C23036030BD18681C186E
:108560008C4203D10C6849682044186059605360FC
:1085700030BD00BFBCE6FF1F70B5CD1C25F0030564
:1085800008350C2D38BF0C25002D06463FDB8D42EB
:108590003DD3214B1C6818462146A1B10B685B1BDB
:1085A0000ED40B2B03D90B60CC18CD501FE08C429E
:1085B00002D1626802601AE04B6863600C4616E004
:1085C0000C464968E9E7154C23681BB9304600F0B2
:1085D0009DF920602946304600F098F9431C014679
:1085E00015D0C41C24F0030484420AD1256004F190
:1085F0000B00231D20F00700C31A0BD05A42E25093
:1086000070BD3046611A00F081F90130EED10C23C3
:108610003360002070BD00BFBCE6FF1FB8E6FF1F3F
:10862000012B30B50ADC9208013A04680B6840F867
:10863000043B002A41F8044BF6DC30BD0023C45C47
:10864000CD5CC554CC540133D41A002CF7DC30BDBA
:10865000F8B50E46144607461D46984700282146A1
:1086600030460ADAA847002812DB38462146A847D8
:1086700037EA200028BF2046F8BDA847002807DCBD
:1086800038462146A84734EA200028BF3846F8BDBE
:108690003046F8BD2DE9F04F85B0054689461446B1
:1086A0000293AA0705D1A30703D1261F18BF0126ED
:1086B00000E002262A19B9F1060F019222D893464A
:1086C00004FB0959CB4580F01E815F46AF4217D9A4
:1086D000C4EB070A50463946029B984700280FDD35
:1086E00036B93A68DAF800303B60CAF8002005E095
:1086F0003846514622463346FFF792FF5746E5E794
:10870000A344DFE74FEA5907B9F1070F04FB075706
:1087100036D009F1FF38B9F1280F04FB085827D9E2
:108720004FEAD90A04FB0AFA4FEA4A0C05EB0C029D
:1087300005EB0A01029BCDF800C02846FFF788FF31
:10874000CAF1000B394607EB0A020390029B07EBC4
:108750000B00FFF77DFFDDF800C0029B08EB0B016B
:1087600042460746CCEB0800FFF772FF804600E068
:10877000039539460398029B4246FFF769FF074677
:1087800026B92A683B682B603A6005E028463946DE
:1087900022463346FFF744FF09F1FF38019F04FBEF
:1087A0000858C346BA460023474525D800933846A3
:1087B0002946029A90470028009B1DDC0FD136B94C
:1087C000DAF800203B68CAF800303A6005E050460D
:1087D000394622463346FFF723FFA24401232744AC
:1087E000E2E7009340462946029A90470028009B02
:1087F00019DB04D0C4EB08084745F2D926E046B996
:10880000D8F80020DBF80030C8F80030CBF80020A2
:1088100005E04046594622463346FFF701FFC4EBC8
:108820000B0B0123E6E736B93A68D8F800303B6015
:10883000C8F8002005E03846414622463346FFF797
:10884000EFFE2744C4EB08080123ADE704FB09F958
:10885000A9440BBB019B4B4555D21F46AF4217D9CC
:10886000C4EB070A50463946029B984700280FDDA3
:1088700036B93A68DAF800303B60CAF8002005E003
:108880003846514622463346FFF7CAFE5746E5E7CB
:10889000019A22440192DDE7CAEB070CC5EB0A0AF4
:1088A000E245B4BF52466246002A08DD2846B91A9E
:1088B0003346CDF800C0FFF7B3FEDDF800C0CBEBC8
:1088C0000902C8EB0B08121B424528BF4246002A8A
:1088D00009DD3846C2EB09013346CDF800C0FFF789
:1088E0009FFEDDF800C0A44506D92846BCFBF4F184
:1088F0002246029BFFF7CEFEA04504D9C8EB09052E
:10890000B8FBF4F9CDE605B0BDE8F08F38B5064CFC
:108910000023054608462360FCF73CFE431C02D1B9
:10892000236803B12B6038BDD0E6FF1F0EB400B53D
:108930009CB04FF40271ADF814106FF00041049137
:1089400007914FF6FF711DABADF81610084953F8AB
:10895000042B029006900868019302A900F09CF88D
:10896000029B00221A701CB05DF804EB03B0704744
:10897000EC8EFF1FC9B2024610F8013B1BB18B42BF
:10898000F9D1104670470029FBD01846704710F8FF
:10899000012B11F8013B012A28BF9A42F7D0D01AC7
:1089A0007047034613F8012B002AFBD1181A01382F
:1089B000704770B592B10B4605461C7810F8016BF4
:1089C000B44201F1010101D1012A03D128781B78B9
:1089D000C01A70BD013A002CEDD1F7E7104670BD0A
:1089E0002DE9F0478D68AB4281460C4692461F4602
:1089F00043D38B8913F4906F3DD026680969C1EB8E
:108A000006086669022206EB460696FBF2F608F1B6
:108A100001023A44964238BF16465B050FD53146EF
:108A2000FFF7AAFD054698B121694246F2F79CFD81
:108A3000A38923F4906343F08003A38113E03246BB
:108A400000F0ADFA054670B948462169FFF750FDC0
:108A50000C23C9F80030A38943F04003A3814FF0F1
:108A6000FF30BDE8F087256166614544C8EB060626
:108A70002560A6603D46AF4200D23D462A462068AA
:108A80005146FFF704FDA3685B1BA36023681D44E8
:108A900025600020BDE8F0872DE9F0439DB0074632
:108AA00003938B891C060D4616460CD50B6953B9EA
:108AB0004021FFF761FD2860286110B90C233B605D
:108AC000C8E040236B610023099320238DF82930EF
:108AD00030238DF82A3033461C4613F8012B1AB97F
:108AE000B4EB06090FD002E0252AF5D1F8E73846A5
:108AF000294632464B46FFF773FF013000F0A58050
:108B0000099B4B4409932378002B00F09E8000239F
:108B10004FF0FF3204930793059206938DF853307C
:108B20001A9304F101094C464D4E21783046052236
:108B300000F026FA09F10109049B28B1861B0120E7
:108B4000B04003430493EEE7D90644BF20228DF8DA
:108B500053201A0744BF2B228DF8532022782A2A4B
:108B600002D0079B21460EE0039A111D1268039163
:108B7000002A01DB079204E0524243F0020307920D
:108B8000049301340AE00C4601312278303A092A74
:108B900003D80A2000FB0323F5E7079323782E2B45
:108BA0001AD163782A2B0AD1039B1A1D1B680392E2
:108BB000002B04F10204B8BF4FF0FF330BE0611C3F
:108BC00000230C4601312278303A092A03D80A20C2
:108BD00000FB0323F5E70593224E2178304603225C
:108BE00000F0CEF930B1861B049B4020B040034317
:108BF0000493013421781C488DF828100622661C45
:108C000000F0BEF988B1194B33B9039B073323F049
:108C100007030833039314E003AB0093384604A919
:108C20002A46134BAFF3008007E003AB00933846AE
:108C300004A92A460E4B00F08FF8B0F1FF3F8046A2
:108C400003D0099B4344099345E7AB895B0601D4F4
:108C5000099801E04FF0FF301DB0BDE8F08300BF80
:108C6000D8C70200DEC70200E2C702000000000011
:108C7000E18902002DE9F84315461F468A680B6911
:108C8000DDF820809A42A8BF13462B6091F843205C
:108C900006460C460AB101332B602368990602D5BB
:108CA0002B6802332B60236813F006091DD094F85B
:108CB00043302268003318BF012392061FD5E11804
:108CC0005A1C302081F84300224494F8451082F861
:108CD0004310023313E03046394604F119020123F0
:108CE000C047013007D009F10109E2682B68D31AA7
:108CF0009945F0DBDBE74FF0FF30BDE8F883304605
:108D0000394604F14302C0470130F4D023682A6891
:108D1000E16803F00603042B08BFC2EB01052369D9
:108D2000A2680CBF25EAE57500259A42C4BFC3EBD3
:108D30000203ED184FF00009A9450ADA304639461A
:108D400004F11A020123C0470130D4D009F101090E
:108D5000F2E70020BDE8F8832DE9FF470E7E0C9D69
:108D60006E2E80460C4691469A4601F1430000F073
:108D7000A58011D8632E22D009D8002E00F0AF8034
:108D8000582E40F0BF8081F845607B4A4FE0642E4A
:108D90001ED0692E1CD0B5E0732E00F0A48009D837
:108DA0006F2E2BD0702E40F0AD800B6843F0200367
:108DB0000B6038E0752E21D0782E34D0A2E02B68DD
:108DC0001A1D1B682A6001F1420781F842309DE0BC
:108DD00022682B6812F0800F03D01A1D2A601D68CC
:108DE00005E05106F9D51A1D2A60B3F90050002D8F
:108DF00039DA2D236D4284F8433034E022682B6841
:108E000012F0800F03D01A1D2A601D6804E052067C
:108E1000F9D51A1D2A601D88237E574A6F2B14BF6F
:108E20000A2308231BE07823544A84F8453023683A
:108E3000296813F0800F01F104062E6001D00D683F
:108E400002E05F06FBD50D88DE0744BF43F0200338
:108E500023601DB9236823F0200323601023002121
:108E600084F8431001E0444A0A236668A660002E95
:108E700003DB216821F00401216005B96EB104F122
:108E80004201B5FBF3F603FB16550F46555D01F89D
:108E900001593546002EF4D100E00746082B0AD1CF
:108EA0002368DD0707D5626823699A4203DC302313
:108EB00007F8013C013FC01B20612CE009682B68CA
:108EC000626911F0800F04D0191D29601B681A60B7
:108ED00005E04906F8D5191D29601B681A80002392
:108EE0002361074617E02B681A1D2A601F68384661
:108EF000FFF757FD63682061984288BF23612369AB
:108F0000636005E004F1420784F8426001232361B5
:108F1000002384F84330CDF800A04046214603AA40
:108F20004B46FFF7A7FE013002D14FF0FF301FE0A4
:108F3000404649463A462369D0470130F5D0236878
:108F40009B0705D4E068039B9842B8BF18460FE022
:108F50000025E268039BD31A9D42F3DA4046494656
:108F600004F119020123D0470130DED00135F0E7CA
:108F700004B0BDE8F08700BFE9C70200FAC70200ED
:108F800010B5C9B202449042034606D01C788C4208
:108F900000F10100F7D1184610BD002010BDF8B552
:108FA000064614460D4621B91146BDE8F840FFF7C4
:108FB000E3BA1AB9FFF79CFA2046F8BD00F015F89D
:108FC000A0420ED230462146FFF7D6FA074650B1EE
:108FD00029462246F2F7C8FA30462946FFF788FAB2
:108FE00001E02846F8BD3846F8BD51F8040C0028C9
:108FF00002DA04390B581844043870474572726F0E
:10900000722070617373776F726420617474656D20
:1090100070747320666F722074686973207365734F
:1090200073696F6E2065786365656465642C207272
:10903000656D6F7665204F6E6C794B657920616E3A
:1090400064207265696E7365727420746F20617438
:1090500074656D7074206C6F67696E00554E4C4F6F
:10906000434B454476332E302E322D70726F6400A0
:109070004572726F7220696E636F727265637420DD
:109080006368616C6C656E67652077617320656EDF
:10909000746572656400494E495449414C495A45CA
:1090A000442D4400494E495449414C495A454400D5
:1090B000982F8A4291443771CFFBC0B5A5DBB5E943
:1090C0005BC25639F111F159A4823F92D55E1CABB7
:1090D00098AA07D8015B8312BE853124C37D0C5545
:1090E000745DBE72FEB1DE80A706DC9B74F19BC18D
:1090F000C1699BE48647BEEFC69DC10FCCA10C247D
:109100006F2CE92DAA84744ADCA9B05CDA88F97660
:1091100052513E986DC631A8C82703B0C77F59BFCA
:10912000F30BE0C64791A7D55163CA0667292914F6
:10913000850AB72738211B2EFC6D2C4D130D385393
:1091400054730A65BB0A6A762EC9C281852C729255
:10915000A1E8BFA24B661AA8708B4BC2A3516CC783
:1091600019E892D1240699D685350EF470A06A10BC
:1091700016C1A419086C371E4C774827B5BCB0340B
:10918000B30C1C394AAAD84E4FCA9C5BF36F2E68A9
:10919000EE828F746F63A5781478C8840802C78C38
:1091A000FAFFBE90EB6C50A4F7A3F9BEF27871C63B
:1091B0002530386C58202530386C58202530386CD4
:1091C00058202530386C58000000000000000000D6
:1091D00095230000096702002530366C6400FFFF0C
:1091E000000000000000000091580000E15B00005A
:1091F000A5D20000B1D200006BD4000085D30000DE
:10920000B9D20000C3D5000045D40000B5D200009B
:10921000A3D40000EFD40000C5D40000000000007B
:109220000000000000000000B15700007D58000061
:10923000E5EF0000F1EF0000A1F00000C7F0000032
:10924000F5EF00004BF000002BF1000000000000E3
:109250004572726F722045434320747970652069AE
:109260006E636F7272656374004572726F7220690B
:109270006E76616C6964206B65792C206B65792052
:10928000636865636B206661696C65640045727232
:109290006F72207769746820525341206461746151
:1092A00020746F207369676E20696E76616C6964E3
:1092B0002073697A65004572726F722077697468ED
:1092C00020525341207369676E696E670045727260
:1092D0006F7220696E76616C696420646174612CC0
:1092E000206F72206461746120646F6573206E6FFB
:1092F00074206D61746368206B6579004572726FCC
:10930000722077697468205253412064617461202F
:10931000746F206465637279707420696E76616C15
:1093200069642073697A65004572726F722077698B
:109330007468205253412064656372797074696F58
:109340006E004572726F722067656E657261746936
:109350006E6720525341207075626C6963204E0025
:109360004572726F72206E6F206B65792073657421
:1093700020696E207468697320736C6F7400457285
:10938000726F72206B6579206E6F74207365742024
:109390006173207369676E6174757265206B65799E
:1093A000004572726F72206B6579206E6F74207346
:1093B00065742061732064656372797074696F6E7F
:1093C000206B657900475245454E00424C5545009B
:1093D00059454C4C4F5700505552504C4500466F24
:1093E00072204F6E6C794B6579206F6E2D746865B5
:1093F0002D676F2076697369742068747470733A8E
:109400002F2F617070732E6372702E746F006661FF
:1094100063746F727920726573657420686173205C
:109420006265656E20636F6D706C65746564005372
:1094300075636365737366756C6C792077697065A5
:1094400064204C6162656C00537563636573736679
:10945000756C6C792077697065642055524C0053A7
:1094600075636365737366756C6C79207769706575
:1094700064204164646974696F6E616C2043686143
:1094800072616374657273005375636365737366A9
:10949000756C6C792077697065642044656C6179BE
:1094A0002031005375636365737366756C6C792046
:1094B000776970656420557365726E616D650053E0
:1094C00075636365737366756C6C79207769706515
:1094D000642044656C617920320053756363657361
:1094E0007366756C6C792077697065642050617360
:1094F00073776F7264005375636365737366756C1D
:109500006C792077697065642044656C61792033DB
:10951000005375636365737366756C6C7920776946
:10952000706564203246412054797065005375633C
:109530006365737366756C6C7920776970656420F8
:10954000324641204B6579005375636365737366DA
:10955000756C6C7920736574204C6162656C005386
:1095600075636365737366756C6C792073657420BD
:1095700055524C005375636365737366756C6C79F3
:109580002073657420616674657220557365726E10
:10959000616D652041646469746F6E616C2043681D
:1095A000617261637465720053756363657373669A
:1095B000756C6C79207365742044656C6179310039
:1095C0005375636365737366756C6C79207365742A
:1095D000206265666F726520557365726E616D6598
:1095E000204164646974696F6E616C2043686172C4
:1095F0006163746572005375636365737366756C3C
:109600006C7920736574206265666F7265204F54B3
:1096100050204164646974696F6E616C20436861B5
:109620007261637465720053756363657373667505
:109630006C6C792073657420557365726E616D650D
:10964000005375636365737366756C6C792073651D
:1096500074206164646974696F6E616C2063686111
:1096600072616374657220616674657220706173E3
:1096700073776F7264005375636365737366756C9B
:109680006C79207365742044656C61793200457291
:10969000726F72204D464120616C72656164792061
:1096A000656E61626C6564206F6E207468697320FA
:1096B000736C6F742C206465766963652050494E25
:1096C00020726571756972656400537563636573B3
:1096D0007366756C6C792073657420506173737751
:1096E0006F7264005375636365737366756C6C7930
:1096F00020736574206166746572204F5450204356
:109700006861726163746572005375636365737336
:1097100066756C6C79207365742044656C6179336F
:10972000004572726F722070617373776F7264207C
:10973000616C726561647920656E61626C6564203C
:109740006F6E207468697320736C6F742C2064656D
:10975000766963652050494E20726571756972653E
:1097600064005375636365737366756C6C792073FD
:1097700065742032464120547970650053756363E7
:1097800065737366756C6C7920736574203246411D
:10979000204B6579005375636365737366756C6CF4
:1097A000792073657420414553204B65792C2050F6
:1097B0007269766174652049442C20616E64205082
:1097C00075626C6963204944005375636365737304
:1097D00066756C6C79207365742069646C6520749F
:1097E000696D656F75740053756363657373667532
:1097F0006C6C79207365742057697065204D6F64B7
:109800006520746F2046756C6C2057697065005335
:1098100075636365737366756C6C7920736574200A
:1098200057697065204D6F646520746F20646566AC
:1098300061756C742073657474696E67004572722B
:109840006F722057697065204D6F6465206D617976
:10985000206E6F74206265206368616E67656400C6
:109860005375636365737366756C6C792073657487
:10987000204261636B7570204B6579204D6F646584
:1098800020746F204C6F636B656400537563636570
:10989000737366756C6C7920736574204261636BB9
:1098A0007570204B6579204D6F646520746F205072
:1098B00065726D69742046757475726520436861C0
:1098C0006E676573004572726F72204261636B75DB
:1098D00070204B6579204D6F6465206D6179206E35
:1098E0006F74206265206368616E676564005375FC
:1098F000636365737366756C6C792073657420643B
:10990000657269766564206B6579206368616C6C4B
:10991000656E6765206D6F6465004572726F7220B9
:109920006E6F7420696E20636F6E666967206D6F5D
:109930006465005375636365737366756C6C792039
:109940007365742073746F726564206B657920632E
:1099500068616C6C656E6765206D6F64650053753A
:10996000636365737366756C6C79207365742048E6
:109970004D4143204368616C6C656E6765204D6F97
:109980006465005375636365737366756C6C7920E9
:109990007365742053797361646D696E204D6F64D3
:1099A00065005365636F6E642050726F66696C6505
:1099B000204D6F6465206D6179206F6E6C79206237
:1099C00065206368616E676564206F6E20666972EA
:1099D000737420757365005375636365737366757F
:1099E0006C6C7920736574204C4544206272696701
:1099F00068746E657373005375636365737366751E
:109A00006C6C792073657420546F7563682053659E
:109A10006E7369746976697479004572726F722029
:109A2000746F75636873656E73652076616C7565B8
:109A3000206F7574206F662072616E6765005375C4
:109A4000636365737366756C6C7920736574206CE1
:109A50006F636B20627574746F6E0053756363651A
:109A6000737366756C6C7920736574207479706596
:109A70007370656564005375636365737366756CB5
:109A80006C7920736574206B6579626F61726420F4
:109A90006C61796F7574004572726F7220696E76B1
:109AA000616C69642045434320736C6F7400537587
:109AB000636365737366756C6C792073657420429B
:109AC00061636B7570205061737370687261736548
:109AD000005375636365737366756C6C7920736589
:109AE0007420454343204B65790053756363657368
:109AF0007366756C6C7920776970656420454343A3
:109B0000204B6579005375636365737366756C6C80
:109B100079207769706564205253412050726976CC
:109B2000617465204B6579004572726F7220696EB1
:109B300076616C69642052534120736C6F740045E8
:109B400072726F7220696E76616C69642052534143
:109B50002074797065005375636365737366756C03
:109B60006C792073657420525341204B6579004510
:109B700072726F72206261636B7570206B65792001
:109B80006D6F64652073657420746F206C6F636BF8
:109B90006564002A2A2A2057454C434F4D452054DE
:109BA0004F204F4E4C594B455920515549434B205E
:109BB0005345545550202A2A2A0052554E205448C5
:109BC00049532053455455502046524F4D20412073
:109BD0005452555354454420434F4D5055544552CB
:109BE00020414E44204341524546554C4C59205744
:109BF0005249544520444F574E0050494E7320411E
:109C00004E4420504153535048524153452E205307
:109C1000544F524520494E2041205345435552450B
:109C2000204C4F434154494F4E2053554348204107
:109C30005320412053414645005748454E20464950
:109C40004E49534845442044454C455445205448CA
:109C5000495320544558540054687265652064691E
:109C600066666572656E742050494E20636F646548
:109C7000732077696C6C2062652073657420757041
:109C8000206F6E20796F7572204F6E6C794B6579FD
:109C9000005468652066697273742050494E2075BF
:109CA0006E6C6F636B7320796F7572207072696D63
:109CB0006172792070726F66696C652028692E6503
:109CC00020506572736F6E616C204163636F756EB7
:109CD00074732900546865207365636F6E64205047
:109CE000494E20756E6C6F636B7320616E206164EA
:109CF000646974696F6E616C2070726F66696C65FF
:109D00002028692E652E20576F726B204163636F88
:109D1000756E7473290054686520746869726420D4
:109D200050494E20697320796F75722073656C6697
:109D30002D64657374727563742050494E20757379
:109D400065207468697320746F20776970652F6669
:109D50006163746F72792064656661756C742064E8
:109D6000657669636500546F2063686F6F73652063
:109D70007468652050494E7320796F757273656CF5
:109D8000662070726573732031206F6E204F6E6C89
:109D9000794B65792C20666F722072616E646F6DED
:109DA0002050494E73207072657373203200596FD2
:109DB000752068617665203230207365636F6E644C
:109DC00073207374617274696E67206E6F772E2EC4
:109DD0002E00596F752077696C6C206E6F77206547
:109DE0006E74657220612050494E206F6E20746839
:109DF00065204F6E6C794B657920362062757474DE
:109E00006F6E206B65797061640043686F6F736576
:109E100020612050494E20372D3130206469676918
:109E20007473206C6F6E6700596F7572204F6E6C83
:109E3000794B65792077696C6C206E6F772062654D
:109E400020636F6E66696775726564206175746FF3
:109E50006D61746963616C6C7920776974682072D4
:109E6000616E646F6D2050494E732F506173737033
:109E7000687261736500594F5552204F4E4C594BD3
:109E800045592050494E2049533A00594F555220C8
:109E90004F4E4C594B4559205345434F4E4420504B
:109EA000524F46494C452050494E2049533A00599B
:109EB0004F5552204F4E4C594B45592053454C4617
:109EC0002D44455354525543542050494E20495334
:109ED0003A002A2A2A2057454C434F4D4520544FDB
:109EE000204F4E4C594B45592044554F2051554910
:109EF000434B205345545550202A2A2A00594F5588
:109F000052204241434B55502050415353504852E8
:109F10004153452E2053544F524520494E20412055
:109F2000534543555245204C4F434154494F4E20D1
:109F30005355434820415320412053414645005941
:109F40004F5552204F4E4C594B4559204241434B9F
:109F50005550205041535350485241534520495386
:109F60003A00546F207374617274207573696E6760
:109F7000204F6E6C794B657920656E74657220791F
:109F80006F7572207072696D617279206F722073C3
:109F900065636F6E646172792050494E206F6E2048
:109FA000746865204F6E6C794B6579203620627538
:109FB00074746F6E206B6579706164004F6E6C799C
:109FC0004B657920697320726561647920666F72D0
:109FD00020757365206173206120736563757269F4
:109FE0007479206B657920284649444F322F5532C9
:109FF000462920616E6420666F72206368616C6C14
:10A00000656E67652D726573706F6E736500466F60
:10A0100072206164646974696F6E616C2066656149
:10A020007475726573207375636820617320706145
:10A030007373776F7264206D616E6167656D656EB5
:10A040007420696E7374616C6C20746865204F6E47
:10A050006C794B6579206465736B746F70206170E7
:10A06000700068747470733A2F2F6F6E6C796B6523
:10A07000792E696F2F61707020002A2A2A2053459B
:10A0800054555020434F4D504C4554452C20444589
:10A090004C45544520544849532054455854202A8F
:10A0A0002A2A00596F752068617665203230207346
:10A0B00065636F6E647320746F20656E74657220C3
:10A0C00073656C662D646573747275637420504992
:10A0D0004E2C207374617274696E67206E6F770006
:10A0E0004F6E6C794B657920697320726561647974
:10A0F0002C20656E74657220796F75722073656CA3
:10A10000662D64657374727563742050494E0053F4
:10A1100075636365737366756C2050494E20656E78
:10A12000747279004572726F722050494E206973C3
:10A13000206E6F74206265747765656E2037202D00
:10A140002031302064696769747300596F75206825
:10A15000617665203230207365636F6E647320749E
:10A160006F2072652D656E7465722050494E2C20EB
:10A170007374617274696E67206E6F77004F6E6CD6
:10A18000794B65792069732072656164792C20723E
:10A19000652D656E74657220796F75722050494E19
:10A1A00020746F20636F6E6669726D005375636310
:10A1B00065737366756C6C79207365742050494EB5
:10A1C000004572726F722050494E7320446F6E27A3
:10A1D00074204D6174636800596F752068617665FD
:10A1E000203230207365636F6E647320746F206556
:10A1F0006E746572207365636F6E642070726F6633
:10A20000696C652050494E2C207374617274696EBC
:10A2100067206E6F77004F6E6C794B65792069739C
:10A220002072656164792C20656E74657220796F87
:10A2300075722050494E00596F752068617665200F
:10A240003230207365636F6E647320746F20656EA7
:10A25000746572207072696D6172792070726F66B8
:10A26000696C652050494E2C207374617274696E5C
:10A2700067206E6F770054696D656F7574206F632A
:10A280006375726564207768696C652077616974AD
:10A29000696E6720666F7220636F6E6669726D61AA
:10A2A00074696F6E206F6E204F6E6C794B6579000C
:10A2B0004572726F72207061636B65747320726592
:10A2C00063656976656420657863656564656420A7
:10A2D00073697A65206C696D6974004572726F727A
:10A2E000206E6F204543432050726976617465206B
:10A2F0004B65792073657420696E207468697320DA
:10A30000736C6F74004572726F72206E6F205253BF
:10A31000412050726976617465204B6579207365C0
:10A320007420696E207468697320736C6F740045C3
:10A3300072726F72206261636B75702066696C6502
:10A3400020746F6F206C61726765004572726F7266
:10A35000206E6F206261636B7570206B657920736E
:10A360006574004572726F72206B65792074797024
:10A3700065207573656420666F72206261636B751A
:10A380007020646F6573206E6F74206D61746368F4
:10A39000004572726F7220696E636F7272656374CA
:10A3A000206261636B7570206B6579207365740042
:10A3B0004572726F72206B657920636F6E66696794
:10A3C00075726174696F6E206261636B757020666F
:10A3D000696C6520666F726D617420696E636F725F
:10A3E00072656374005375636365737366756C6C33
:10A3F00079206C6F61646564206261636B757000C5
:10A4000052656D6F766520616E64205265696E736A
:10A41000657274204F6E6C794B657920746F206380
:10A420006F6D706C65746520726573746F72650012
:10A430004241434B55503132333435004572726FCF
:10A4400072207769746820454343205368617265C0
:10A450006420536563726574004572726F72207771
:10A460006974682052534120456E63727970746933
:10A470006F6E002D2D2D2D2D424547494E204F4EFC
:10A480004C594B4559204241434B55502D2D2D2DB4
:10A490002D002D2D2D2D2D454E44204F4E4C594B2A
:10A4A0004559204241434B55502D2D2D2D2D004E09
:10A4B0006F204261636B7570204B6579202D2046BB
:10A4C0006F6C6C6F7720696E737472756374696FEB
:10A4D0006E7320686572652068747470733A2F2FEC
:10A4E000646F63732E6372702E746F2F7573657251
:10A4F0007367756964652E68746D6C237365637525
:10A5000072652D656E637279707465642D62616326
:10A510006B75702D616E79776865726500554E496F
:10A520004E495449414C495A454476332E302E32D7
:10A530002D70726F64004572726F72204F6E6C796D
:10A540004B6579206D75737420626520696E69743E
:10A5500069616C697A65642066697273740045721A
:10A56000726F7220646576696365206C6F636B65DA
:10A5700064004E6F2050494E207365742C20596F33
:10A5800075206D7573742073657420612050494E79
:10A5900020666972737400535543434553534655BF
:10A5A0004C4C204657204C4F414420524551554574
:10A5B00053542C205245424F4F54494E472E2E2E75
:10A5C000006E6F74207573656400FFFFFFFFFFFF6F
:10A5D000000000000000000075C6000081C60000F9
:10A5E000A7550200A7550200A7550200A755020073
:10A5F000A7550200A7550200A75502000000000061
:10A600000000000000000000A1C60000ADC6000070
:10A61000A7550200A7550200A7550200A755020042
:10A62000A7550200A7550200A7550200A755020032
:10A63000001B362D6C775A41637C777BF26B6FC5BC
:10A640003001672BFED7AB76CA82C97DFA5947F035
:10A65000ADD4A2AF9CA472C0B7FD9326363FF7CC11
:10A6600034A5E5F171D8311504C723C31896059AAE
:10A67000071280E2EB27B27509832C1A1B6E5AA0D1
:10A68000523BD6B329E32F8453D100ED20FCB15BBC
:10A690006ACBBE394A4C58CFD0EFAAFB434D338525
:10A6A00045F9027F503C9FA851A3408F929D38F5F9
:10A6B000BCB6DA2110FFF3D2CD0C13EC5F97441730
:10A6C000C4A77E3D645D197360814FDC222A9088A7
:10A6D00046EEB814DE5E0BDBE0323A0A4906245C33
:10A6E000C2D3AC629195E479E7C8376D8DD54EA998
:10A6F0006C56F4EA657AAE08BA78252E1CA6B4C664
:10A70000E8DD741F4BBD8B8A703EB5664803F60EBC
:10A71000613557B986C11D9EE1F8981169D98E94AB
:10A720009B1E87E9CE5528DF8CA1890DBFE64268C4
:10A7300041992D0FB054BB1652096AD53036A53851
:10A74000BF40A39E81F3D7FB7CE339829B2FFF8719
:10A75000348E4344C4DEE9CB547B9432A6C2233DFD
:10A76000EE4C950B42FAC34E082EA16628D924B2AE
:10A77000765BA2496D8BD12572F8F66486689816CF
:10A78000D4A45CCC5D65B6926C704850FDEDB9DA2E
:10A790005E154657A78D9D8490D8AB008CBCD30A1C
:10A7A000F7E45805B8B34506D02C1E8FCA3F0F02F8
:10A7B000C1AFBD0301138A6B3A9111414F67DCEAC7
:10A7C00097F2CFCEF0B4E67396AC7422E7AD358540
:10A7D000E2F937E81C75DF6E47F11A711D29C5894A
:10A7E0006FB7620EAA18BE1BFC563E4BC6D279202C
:10A7F0009ADBC0FE78CD5AF41FDDA8338807C73135
:10A80000B11210592780EC5F60517FA919B54A0D2C
:10A810002DE57A9F93C99CEFA0E03B4DAE2AF5B0A1
:10A82000C8EBBB3C83539961172B047EBA77D626BD
:10A83000E169146355210C7D000000000000000058
:10A840005DCB000071CB00004BC70000A755020094
:10A85000A755020045CA0000C5CA000083CB00000E
:10A860000001020408102040801B36FFFFFFFFFF9D
:10A87000000000000000000089D50000B1D50000F4
:10A88000A5D20000B1D200006BD4000085D3000037
:10A89000B9D20000C3D5000045D40000B5D20000F5
:10A8A000A3D40000EFD40000C5D4000000000000D5
:10A8B00008C9BCF367E6096A3BA7CA8485AE67BBD3
:10A8C0002BF894FE72F36E3CF1361D5F3AF54FA5FE
:10A8D000D182E6AD7F520E511F6C3E2B8C68059BDA
:10A8E0006BBD41FBABD9831F79217E1319CDE05B92
:10A8F00000000000000000001DD700003DD7000050
:10A90000C5D60000C9D60000E5D600009DDC0000D9
:10A9100023DD0000CDD60000E7DD000019DE0000D9
:10A9200022AE28D7982F8A42CD65EF239144377104
:10A930002F3B4DECCFFBC0B5BCDB8981A5DBB5E976
:10A9400038B548F35BC2563919D005B6F111F15943
:10A950009B4F19AFA4823F9218816DDAD55E1CAB74
:10A96000420203A398AA07D8BE6F7045015B831209
:10A970008CB2E44EBE853124E2B4FFD5C37D0C55C4
:10A980006F897BF2745DBE72B196163BFEB1DE80BC
:10A990003512C725A706DC9B942669CF74F19BC1AD
:10A9A000D24AF19EC1699BE4E3254F388647BEEF4A
:10A9B000B5D58C8BC69DC10F659CAC77CCA10C2402
:10A9C00075022B596F2CE92D83E4A66EAA84744A74
:10A9D000D4FB41BDDCA9B05CB5531183DA88F976AC
:10A9E000ABDF66EE52513E981032B42D6DC631A8E1
:10A9F0003F21FB98C82703B0E40EEFBEC77F59BFC5
:10AA0000C28FA83DF30BE0C625A70A934791A7D5AF
:10AA10006F8203E05163CA06706E0E0A672929141B
:10AA2000FC2FD246850AB72726C9265C38211B2E63
:10AA3000ED2AC45AFC6D2C4DDFB3959D130D385390
:10AA4000DE63AF8B54730A65A8B2773CBB0A6A76A3
:10AA5000E6AEED472EC9C2813B358214852C729239
:10AA60006403F14CA1E8BFA2013042BC4B661AA8B6
:10AA70009197F8D0708B4BC230BE5406A3516CC76F
:10AA80001852EFD619E892D110A96555240699D627
:10AA90002A20715785350EF4B8D1BB3270A06A10E8
:10AAA000C8D0D2B816C1A41953AB4151086C371E97
:10AAB00099EB8EDF4C774827A8489BE1B5BCB034B2
:10AAC000635AC9C5B30C1C39CB8A41E34AAAD84E94
:10AAD00073E363774FCA9C5BA3B8B2D6F36F2E685B
:10AAE000FCB2EF5DEE828F74602F17436F63A57821
:10AAF00072ABF0A11478C884EC39641A0802C78CD0
:10AB0000281E6323FAFFBE90E9BD82DEEB6C50A4E1
:10AB10001579C6B2F7A3F9BE2B5372E3F27871C66A
:10AB20009C6126EACE3E27CA07C2C021C7B886D19B
:10AB30001EEBE0CDD67DDAEA78D16EEE7F4F7DF563
:10AB4000BA6F1772AA67F006A698C8A2C57D630AF5
:10AB5000AE0DF9BE04983F111B471C13350B711B3A
:10AB6000847D0423F577DB289324C7407BABCA326E
:10AB7000BCBEC9150ABE9E3C4C0D109CC4671D434B
:10AB8000B6423ECBBED4C54C2A7E65FC9C297F597B
:10AB9000ECFAD63AAB6FCB5F1758474A8C19446C26
:10ABA000657870616E642033322D62797465206B34
:10ABB000B02AAE7DEECBBBB1FC036FDDDC7D7667EA
:10ABC0000CE81F0DA3A0AA1EB0BD726B2B4C8A7E91
:10ABD00034FC3760F41E22A00BFB188460A577724A
:10ABE000982F8A4291443771CFFBC0B5A5DBB5E9F8
:10ABF0005BC25639F111F159A4823F92D55E1CAB6C
:10AC000098AA07D8015B8312BE853124C37D0C55F9
:10AC1000745DBE72FEB1DE80A706DC9B74F19BC141
:10AC2000C1699BE48647BEEFC69DC10FCCA10C2431
:10AC30006F2CE92DAA84744ADCA9B05CDA88F97615
:10AC400052513E986DC631A8C82703B0C77F59BF7F
:10AC5000F30BE0C64791A7D55163CA0667292914AB
:10AC6000850AB72738211B2EFC6D2C4D130D385348
:10AC700054730A65BB0A6A762EC9C281852C72920A
:10AC8000A1E8BFA24B661AA8708B4BC2A3516CC738
:10AC900019E892D1240699D685350EF470A06A1071
:10ACA00016C1A419086C371E4C774827B5BCB034C0
:10ACB000B30C1C394AAAD84E4FCA9C5BF36F2E685E
:10ACC000EE828F746F63A5781478C8840802C78CED
:10ACD000FAFFBE90EB6C50A4F7A3F9BEF27871C6F0
:10ACE0000000000000000000A1E40000C1E400003A
:10ACF00029E400002DE4000031E40000B1E600008A
:10AD000015E7000089E40000D3E7000005E8000033
:10AD1000000000000000000071E8000091E8000061
:10AD20004BC700006DE80000A3E8000045CA000022
:10AD3000C5CA000083CB000059F1B226949BD6EB24
:10AD400056B183829A14E00030D1F3EEF2808E196E
:10AD5000E7FCDF56DCD90624A3DDB7A5B38ADE6D98
:10AD6000F5525177809FF0207DE3AB648E4EEA660A
:10AD700065768BD70F5F8767EDD3F55C1A63125842
:10AD8000D69CF7A2DEF9DE140000000000000000EF
:10AD900000000000000000101B132C0AA3E59CED2E
:10ADA000A72963085D210621EBFFFFFFFFFFFFFFDF
:10ADB000FFFFFFFFFFFFFFFF0F000000010000008B
:10ADC0000000000000000000000000000000000083
:10ADD0000000000000000000000000001AD5258FD0
:10ADE000602D56C9B2A7259560C72C695CDCD6FDDD
:10ADF00031E2A4C0FE536ECDD33669215866666633
:10AE000066666666666666666666666666666666E2
:10AE1000666666666666666666666666FFFFFFFF6E
:10AE20000000000000000000B9EF0000C5EF0000C6
:10AE3000A7550200A7550200A7550200A75502001A
:10AE4000A7550200A7550200000000000000000006
:10AE5000F1F0000019F10000E5EF0000F1EF000053
:10AE6000A1F00000C7F00000F5EF00004BF000007B
:10AE70002BF10000000000000000000000000000B6
:10AE800075F1000089F10000A7550200A7550200E6
:10AE9000A7550200A7550200A7550200A7550200BA
:10AEA000A7550200A7550200A7550200A7550200AA
:10AEB000A755020000000000000000000000000094
:10AEC000C5F20000EDF20000B1F10000B5F10000A4
:10AED000C5F1000065F2000009F50000B9F10000BD
:10AEE000A7F2000000000000657870616E642031F8
:10AEF000362D62797465206B00657870616E642010
:10AF000033322D62797465206B00414243444546DB
:10AF10004748494A4B4C4D4E4F5051525354555649
:10AF20005758595A6162636465666768696A6B6CF1
:10AF30006D6E6F707172737475767778797A30315F
:10AF400032333435363738392B2F00FF08200001D3
:10AF50002FFCFFFFFEFFFFFFFFFFFFFFFFFFFFFFD5
:10AF6000FFFFFFFFFFFFFFFFFFFFFFFFFFFFFFFFF1
:10AF7000414136D08C5ED2BF3BA048AFE6DCAEBAD2
:10AF8000FEFFFFFFFFFFFFFFFFFFFFFFFFFFFFFFD2
:10AF90009817F8165B81F259D928CE2DDBFC9B025D
:10AFA000070B87CE9562A055ACBBDCF97E66BE79F7
:10AFB000B8D410FB8FD0479C195485A648B417FD10
:10AFC000A808110EFCFBA45D65C4A32677DA3A48F5
:10AFD000070000000000000000000000000000006A
:10AFE0000000000000000000000000000000000061
:10AFF000C90B0100090001007500010008200001D3
:10B00000FFFFFFFFFFFFFFFFFFFFFFFF000000004C
:10B01000000000000000000001000000FFFFFFFF33
:10B02000512563FCC2CAB9F3849E17A7ADFAE6BCEA
:10B03000FFFFFFFFFFFFFFFF00000000FFFFFFFF1C
:10B0400096C298D84539A1F4A033EB2D817D0377C2
:10B05000F240A463E5E6BCF847422CE1F2D1176B5D
:10B06000F551BF376840B6CBCE5E316B5733CE2B30
:10B07000169E0F7C4AEBE78E9B7F1AFEE242E34F5F
:10B080004B60D2273E3CCE3BF6B053CCB0061D659C
:10B09000BC86987655BDEBB3E7933AAAD835C65A25
:10B0A000750A0100DDFD000041FE00003031323341
:10B0B00034353637383961626364656600636264CB
:10B0C00065666768696A6B6C6E7274757600637C1E
:10B0D000777BF26B6FC53001672BFED7AB76CA82E8
:10B0E000C97DFA5947F0ADD4A2AF9CA472C0B7FD98
:10B0F0009326363FF7CC34A5E5F171D8311504C756
:10B1000023C31896059A071280E2EB27B2750983CC
:10B110002C1A1B6E5AA0523BD6B329E32F8453D16D
:10B1200000ED20FCB15B6ACBBE394A4C58CFD0EF62
:10B13000AAFB434D338545F9027F503C9FA851A39C
:10B14000408F929D38F5BCB6DA2110FFF3D2CD0CBA
:10B1500013EC5F974417C4A77E3D645D197360814B
:10B160004FDC222A908846EEB814DE5E0BDBE0321C
:10B170003A0A4906245CC2D3AC629195E479E7C8E7
:10B18000376D8DD54EA96C56F4EA657AAE08BA785B
:10B19000252E1CA6B4C6E8DD741F4BBD8B8A703EFD
:10B1A000B5664803F60E613557B986C11D9EE1F8B4
:10B1B000981169D98E949B1E87E9CE5528DF8CA102
:10B1C000890DBFE6426841992D0FB054BB160102AC
:10B1D0000408102040801B368000000000000000A2
:10B1E000000000000000000000000000000000005F
:10B1F000000000000000000000000000000000004F
:10B20000000000000000000000000000000000003E
:10B21000000000000000000000000000000000002E
:10B22000000000000000000000000000000000001E
:10B23000000000000000000000000000000000000E
:10B2400000000000000000000000000000000000FE
:10B25000000000000000000022AE28D7982F8A428C
:10B26000CD65EF23914437712F3B4DECCFFBC0B53B
:10B27000BCDB8981A5DBB5E938B548F35BC256393B
:10B2800019D005B6F111F1599B4F19AFA4823F9225
:10B2900018816DDAD55E1CAB420203A398AA07D8C9
:10B2A000BE6F7045015B83128CB2E44EBE853124C3
:10B2B000E2B4FFD5C37D0C556F897BF2745DBE721D
:10B2C000B196163BFEB1DE803512C725A706DC9B82
:10B2D000942669CF74F19BC1D24AF19EC1699BE467
:10B2E000E3254F388647BEEFB5D58C8BC69DC10F81
:10B2F000659CAC77CCA10C2475022B596F2CE92DE1
:10B3000083E4A66EAA84744AD4FB41BDDCA9B05C78
:10B31000B5531183DA88F976ABDF66EE52513E9869
:10B320001032B42D6DC631A83F21FB98C82703B059
:10B33000E40EEFBEC77F59BFC28FA83DF30BE0C636
:10B3400025A70A934791A7D56F8203E05163CA06E8
:10B35000706E0E0A67292914FC2FD246850AB7277A
:10B3600026C9265C38211B2EED2AC45AFC6D2C4DB3
:10B37000DFB3959D130D3853DE63AF8B54730A65AD
:10B38000A8B2773CBB0A6A76E6AEED472EC9C28109
:10B390003B358214852C72926403F14CA1E8BFA264
:10B3A000013042BC4B661AA89197F8D0708B4BC203
:10B3B00030BE5406A3516CC71852EFD619E892D18B
:10B3C00010A96555240699D62A20715785350EF4A3
:10B3D000B8D1BB3270A06A10C8D0D2B816C1A419B7
:10B3E00053AB4151086C371E99EB8EDF4C774827E1
:10B3F000A8489BE1B5BCB034635AC9C5B30C1C392D
:10B40000CB8A41E34AAAD84E73E363774FCA9C5B69
:10B41000A3B8B2D6F36F2E68FCB2EF5DEE828F74E4
:10B42000602F17436F63A57872ABF0A11478C884BE
:10B43000EC39641A0802C78C281E6323FAFFBE90F9
:10B44000E9BD82DEEB6C50A41579C6B2F7A3F9BE54
:10B450002B5372E3F27871C69C6126EACE3E27CA6E
:10B4600007C2C021C7B886D11EEBE0CDD67DDAEA8F
:10B4700078D16EEE7F4F7DF5BA6F1772AA67F0062E
:10B48000A698C8A2C57D630AAE0DF9BE04983F1107
:10B490001B471C13350B711B847D0423F577DB28B8
:10B4A0009324C7407BABCA32BCBEC9150ABE9E3CC2
:10B4B0004C0D109CC4671D43B6423ECBBED4C54C58
:10B4C0002A7E65FC9C297F59ECFAD63AAB6FCB5F9C
:10B4D0001758474A8C19446CE8B4020094B502002E
:10B4E00018B5020064B50200050000005DB5020059
:10B4F0001C000000400000000D260100092601008C
:10B5000005260100F9250100DD250100C525010002
:10B51000BF250100BB250100070000004FB5020058
:10B52000300000008000000069260100652601004F
:10B53000612601005526010039260100212601005F
:10B540001D260100192601005348413531320053B0
:10B55000484133383400534841323536005348416E
:10B56000323234000800000048B5020040000000FC
:10B57000800000006F2601006526010061260100A1
:10B580005B26010039260100212601001D2601004D
:10B59000192601000600000056B502002000000038
:10B5A00040000000132601000926010005260100C5
:10B5B000FF250100DD250100C5250100BF25010093
:10B5C000BB2501008000000000000000000000001A
:10B5D000000000000000000000000000000000006B
:10B5E000000000000000000000000000000000005B
:10B5F000000000000000000000000000000000004B
:10B6000000000000982F8A4291443771CFFBC0B5EB
:10B61000A5DBB5E95BC25639F111F159A4823F921D
:10B62000D55E1CAB98AA07D8015B8312BE85312476
:10B63000C37D0C55745DBE72FEB1DE80A706DC9B37
:10B6400074F19BC1C1699BE48647BEEFC69DC10FE3
:10B65000CCA10C246F2CE92DAA84744ADCA9B05C1F
:10B66000DA88F97652513E986DC631A8C82703B0E2
:10B67000C77F59BFF30BE0C64791A7D55163CA06F0
:10B6800067292914850AB72738211B2EFC6D2C4DFC
:10B69000130D385354730A65BB0A6A762EC9C281EA
:10B6A000852C7292A1E8BFA24B661AA8708B4BC280
:10B6B000A3516CC719E892D1240699D685350EF4AA
:10B6C00070A06A1016C1A419086C371E4C77482761
:10B6D000B5BCB034B30C1C394AAAD84E4FCA9C5BD7
:10B6E000F36F2E68EE828F746F63A5781478C88428
:10B6F0000802C78CFAFFBE90EB6C50A4F7A3F9BE0A
:10B70000F27871C625642E256400608648016503C1
:10B710000402040069642D7368613232340060866B
:10B72000480165030402010069642D7368613235C4
:10B7300036006086480165030402020069642D73C7
:10B7400068613338340060864801650304020300F1
:10B7500069642D736861353132002A864886F70D99
:10B7600001010100727361456E6372797074696FD3
:10B770006E00525341002A8648CE3D0201006964A2
:10B780002D65635075626C69634B65790047656E22
:10B7900065726963204543206B6579002B81040144
:10B7A0000C0069642D65634448004543206B65794E
:10B7B00020666F722045434448002A864886F70D6C
:10B7C00001010E0073686132323457697468525354
:10B7D00041456E6372797074696F6E0052534120F7
:10B7E00077697468205348412D323234002A8648E4
:10B7F00086F70D01010B00736861323536576974A5
:10B8000068525341456E6372797074696F6E00526D
:10B8100053412077697468205348412D32353600F2
:10B820002A864886F70D01010C00736861333834AD
:10B8300057697468525341456E6372797074696FC9
:10B840006E005253412077697468205348412D336C
:10B850003834002A864886F70D01010D00736861AF
:10B8600035313257697468525341456E637279704D
:10B8700074696F6E00525341207769746820534891
:10B88000412D353132002A864886F70D01010A0024
:10B890005253415353412D50535300FF0AB70200F6
:10B8A0000900000014B70200E5B70200050000001F
:10B8B0001EB702000900000028B7020018B80200F5
:10B8C0000600000032B70200090000003CB7020089
:10B8D0004BB802000700000046B702000900000054
:10B8E00050B702007EB8020008000000000000000F
:10B8F0000000000000000000000000000000000048
:10B9000041DB00000000000001000000000000001A
:10B910000000000000000000000000000000000027
:10B920000000000000000000000000000000000017
:10B930000000000000000000000000000000000007
:10B9400000000000000000000000000000000000F7
:10B9500000000000000000000000000000000000E7
:10B9600000000000000000000000000000000000D7
:10B9700000000000000000000000000000000000C7
:10B98000657870616E642033322D62797465206B46
:10B990006A09E667F3BCC908BB67AE8584CAA73BE2
:10B9A0003C6EF372FE94F82BA54FF53A5F1D36F10D
:10B9B000510E527FADE682D19B05688C2B3E6C1FE9
:10B9C0001F83D9ABFB41BD6B5BE0CD19137E2179A1
:10B9D000090000000000000000000000000000005E
:10B9E0000000000000000000000000000000000057
:10B9F00022AE28D7982F8A42CD65EF239144377124
:10BA00002F3B4DECCFFBC0B5BCDB8981A5DBB5E995
:10BA100038B548F35BC2563919D005B6F111F15962
:10BA20009B4F19AFA4823F9218816DDAD55E1CAB93
:10BA3000420203A398AA07D8BE6F7045015B831228
:10BA40008CB2E44EBE853124E2B4FFD5C37D0C55E3
:10BA50006F897BF2745DBE72B196163BFEB1DE80DB
:10BA60003512C725A706DC9B942669CF74F19BC1CC
:10BA7000D24AF19EC1699BE4E3254F388647BEEF69
:10BA8000B5D58C8BC69DC10F659CAC77CCA10C2421
:10BA900075022B596F2CE92D83E4A66EAA84744A93
:10BAA000D4FB41BDDCA9B05CB5531183DA88F976CB
:10BAB000ABDF66EE52513E981032B42D6DC631A800
:10BAC0003F21FB98C82703B0E40EEFBEC77F59BFE4
:10BAD000C28FA83DF30BE0C625A70A934791A7D5CF
:10BAE0006F8203E05163CA06706E0E0A672929143B
:10BAF000FC2FD246850AB72726C9265C38211B2E83
:10BB0000ED2AC45AFC6D2C4DDFB3959D130D3853AF
:10BB1000DE63AF8B54730A65A8B2773CBB0A6A76C2
:10BB2000E6AEED472EC9C2813B358214852C729258
:10BB30006403F14CA1E8BFA2013042BC4B661AA8D5
:10BB40009197F8D0708B4BC230BE5406A3516CC78E
:10BB50001852EFD619E892D110A96555240699D646
:10BB60002A20715785350EF4B8D1BB3270A06A1007
:10BB7000C8D0D2B816C1A41953AB4151086C371EB6
:10BB800099EB8EDF4C774827A8489BE1B5BCB034D1
:10BB9000635AC9C5B30C1C39CB8A41E34AAAD84EB3
:10BBA00073E363774FCA9C5BA3B8B2D6F36F2E687A
:10BBB000FCB2EF5DEE828F74602F17436F63A57840
:10BBC00072ABF0A11478C884EC39641A0802C78CEF
:10BBD000281E6323FAFFBE90E9BD82DEEB6C50A401
:10BBE0001579C6B2F7A3F9BE2B5372E3F27871C68A
:10BBF0009C6126EACE3E27CA07C2C021C7B886D1BB
:10BC00001EEBE0CDD67DDAEA78D16EEE7F4F7DF582
:10BC1000BA6F1772AA67F006A698C8A2C57D630A14
:10BC2000AE0DF9BE04983F111B471C13350B711B59
:10BC3000847D0423F577DB289324C7407BABCA328D
:10BC4000BCBEC9150ABE9E3C4C0D109CC4671D436A
:10BC5000B6423ECBBED4C54C2A7E65FC9C297F599A
:10BC6000ECFAD63AAB6FCB5F1758474A8C19446C45
:10BC700043626F72496E74656765725479706500CE
:10BC800043626F7242797465537472696E67547956
:10BC900070650043626F7254657874537472696E94
:10BCA00067547970650043626F72417272617954B2
:10BCB0007970650043626F724D61705479706500F0
:10BCC00043626F72546167547970650043626F72AA
:10BCD00053696D706C65547970650043626F724290
:10BCE0006F6F6C65616E547970650043626F724E60
:10BCF000756C6C547970650043626F72556E646543
:10BD000066696E6564547970650043626F7248615C
:10BD10006C66466C6F6174547970650043626F7233
:10BD2000466C6F6174547970650043626F72446F42
:10BD300075626C655479706500496E76616C6964F2
:10BD4000207479706500696400646973706C61794E
:10BD50004E616D650069636F6E00616C67007075A0
:10BD6000626C69632D6B657900726B007576006893
:10BD70006D61632D736563726574006372656450F1
:10BD8000726F7465637400EBAEE329090A5B51922C
:10BD9000E0BD132D5C22C6D18A4D23FC8EFD4A21C5
:10BDA000AFA8E4C8FD935400617070732E63727085
:10BDB0002E746F02004572726F7200998F358B2D51
:10BDC000D24CBEA43AE8107438DFB30079D699DFBC
:10BDD00001914B10B9035467E7CE823100553246CA
:10BDE0005F5632002F776F726B2F61726475696EC8
:10BDF0006F2F6C69627261726965732F6669646F17
:10BE0000322F637461702E637070004649444F5F37
:10BE1000325F30004649444F5F325F315F505245D8
:10BE200000706C617400637265644D676D740063CB
:10BE30006C69656E7450696E00736967007835636C
:10BE4000007061636B656400308202CF30820275DE
:10BE5000A003020102020100300A06082A8648CE29
:10BE60003D040302307B310B3009060355040613F1
:10BE70000255533117301506035504080C0E4E6F4A
:10BE8000727468204361726F6C696E613114301294
:10BE9000060355040A0C0B43727970746F54727563
:10BEA00073743110300E060355040B0C07526F6F7C
:10BEB00074204341310F300D06035504030C066313
:10BEC00072702E746F311A301806092A864886F768
:10BED0000D010901160B696E666F406372702E7456
:10BEE0006F3020170D313930383039313232363039
:10BEF000385A180F3230363930373237313232361D
:10BF000030385A30818D310B300906035504061341
:10BF10000255533117301506035504080C0E4E6FA9
:10BF2000727468204361726F6C696E6131143012F3
:10BF3000060355040A0C0B43727970746F547275C2
:10BF4000737431223020060355040B0C19417574AB
:10BF500068656E74696361746F722041747465738F
:10BF6000746174696F6E310F300D06035504030C54
:10BF7000066372702E746F311A301806092A8648CB
:10BF800086F70D010901160B696E666F40637270CA
:10BF90002E746F3059301306072A8648CE3D0201B1
:10BFA00006082A8648CE3D030107034200047807AD
:10BFB0006610CF5B050795D2B6425D4EADF0653495
:10BFC0000A90C8AA8A6213DB95A04B0C95FC828F5D
:10BFD0002DF84B79DD3EE9F00228A68CE862154E7B
:10BFE0003BA9E684602D7576DD9D9A2C4C6AA38171
:10BFF000D43081D1301D0603551D0E04160414DB08
:10C00000A0676363C4F7F571ED00820F92D3656595
:10C010007687483081970603551D2304818F308130
:10C020008CA17FA47D307B310B30090603550406BB
:10C03000130255533117301506035504080C0E4EE4
:10C040006F727468204361726F6C696E6131143075
:10C0500012060355040A0C0B43727970746F547204
:10C060007573743110300E060355040B0C07526FB4
:10C070006F74204341310F300D06035504030C0645
:10C080006372702E746F311A301806092A8648863A
:10C09000F70D010901160B696E666F406372702E11
:10C0A000746F820900A5857B46325AE6E1300906A5
:10C0B00003551D1304023000300B0603551D0F04F9
:10C0C00004030204F0300A06082A8648CE3D040321
:10C0D000020348003045022100A56A92506A981870
:10C0E00021E59B3C2E7652C9CED1B40F9629BC3C9B
:10C0F000891D241589B3FF9336022039DD7435FD7F
:10C100008BEF381EC38DE53F74CD68B0771841843E
:10C11000A2408F58281BA81715B73200308202D9C9
:10C1200030820280A003020102020101300A0608E7
:10C130002A8648CE3D040302307B310B30090603CA
:10C1400055040613025553311730150603550408DC
:10C150000C0E4E6F727468204361726F6C696E6171
:10C1600031143012060355040A0C0B4372797074B3
:10C170006F54727573743110300E060355040B0C36
:10C1800007526F6F74204341310F300D0603550481
:10C19000030C066372702E746F311A301806092A68
:10C1A000864886F70D010901160B696E666F4063BC
:10C1B00072702E746F3020170D32323032323132BD
:10C1C00030313133315A180F323037323032303962
:10C1D0003230313133315A30818D310B3009060321
:10C1E000550406130255533117301506035504083C
:10C1F0000C0E4E6F727468204361726F6C696E61D1
:10C2000031143012060355040A0C0B437279707412
:10C210006F547275737431223020060355040B0C71
:10C220001941757468656E74696361746F72204139
:10C2300074746573746174696F6E310F300D060329
:10C240005504030C066372702E746F311A30180691
:10C25000092A864886F70D010901160B696E666F7B
:10C26000406372702E746F3059301306072A864867
:10C27000CE3D020106082A8648CE3D03010703424F
:10C280000004F0C70606BB77AB8D81A523135E5073
:10C29000871BE0C9E4ED521DEE4C62425E1D4CFF6F
:10C2A0009A79FCDFDCDC4163A20D06A0E3747CC656
:10C2B000692198FA383EF4582D485CEA554387DBEB
:10C2C0007ED6A381DF3081DC301D0603551D0E04B0
:10C2D000160414C16DDB03C0DE975740F696D948AB
:10C2E00017BDE125CBB4A43081A20603551D23045C
:10C2F000819A308197A17FA47D307B310B30090674
:10C30000035504061302555331173015060355041F
:10C31000080C0E4E6F727468204361726F6C696E08
:10C320006131143012060355040A0C0B4372797004
:10C33000746F54727573743110300E060355040B0C
:10C340000C07526F6F74204341310F300D060355B7
:10C3500004030C066372702E746F311A30180609CC
:10C360002A864886F70D010901160B696E666F4033
:10C370006372702E746F8214537A3BBC6720A6FBE5
:10C38000E3CDE9AA2AA0B804FA56940C30090603B2
:10C39000551D1304023000300B0603551D0F040415
:10C3A000030204F0300A06082A8648CE3D04030240
:10C3B000034700304402205C3C9E62C4EB26CC1153
:10C3C000A7CE7218265E9707E0D22C7705A50EE758
:10C3D000EB79D2FE07E0A20220475ACCBBEF0D3D1D
:10C3E000782FEC123A15706926C11719913B66AD8A
:10C3F0008A0DCE0BA28D8315B5008C2790F6001503
:10C40000191519151915FFFF000100003F8DFF1FB9
:10C4100012000000000200006A8DFF1F8200000071
:10C4200000220300EC8DFF1F21000000002103000B
:10C43000D58DFF1F0900000000220000F48CFF1FB3
:10C440004B000000002100007C8DFF1F0900000050
:10C45000002201000D8EFF1F2200000000210100BC
:10C46000958DFF1F09000000002202002F8EFF1F84
:10C470002200000000210200B58DFF1F090000000E
:10C4800000030000628EFF1F00000000000309048B
:10C49000628EFF1F0000000001020000628EFF1F7D
:10C4A0000000000001030904528DFF1F000000007E
:10C4B00002030904528EFF1F000000000303090459
:10C4C000668EFF1F0000000000000000000000005A
:10C4D000000000004008FE4340A004404408FE4322
:10C4E00044A004400018FE4300C004403000FE4356
:10C4F000309004403400FE43349004401C18FE4346
:10C500001CC004401018FE4310C004400818FE432D
:10C5100008C004400C18FE430CC004400C10FE433D
:10C520000CB004401010FE4310B004401810FE433D
:10C5300018B004401C10FE431CB004401410FE430D
:10C5400014B004400418FE4304C004400010FE432D
:10C5500000B004400008FE4300A004400408FE436D
:10C5600004A004400C08FE430CA004400808FE434D
:10C5700008A004401418FE4314C004401818FE43D9
:10C5800018C004400410FE4304B004400810FE43E9
:10C5900008B004401400FE43149004404C08FE43CD
:10C5A0004CA004400420FE4304D004402410FE4369
:10C5B00024B004402010FE4320B004402810FE4365
:10C5C00028B004402C10FE432CB004400020FE4351
:10C5D00000D004404808FE4348A004401000FE4339
:10C5E00010900440090AFFFFFFFFFFFFFFFFFFFF5E
:10C5F000FFFFFF0D00060807FFFF0E0FFF0CFFFFF8
:10C60000FFFFFFFF0B056FF07F030370037813F04C
:10C61000800FFBD07047050E08090D0C06070F04AC
:10C62000001303931A9217C585848687C4FFFFFF02
:10C6300000000000000000009B660200B3660200DC
:10C64000836602008B660200876602008F66020026
:10C650002566020039660200596602005D66020026
:10C66000636602007366020093660200976602002A
:10C670003D650200496502005565020061650200E2
:10C68000C3660200A76602000D0AFFFFFFFFFFFF5F
:10C690000000000000000000616702006767020000
:10C6A0005167020055670200596702005D6702008A
:10C6B00000000000000000006F6702000967020030
:10C6C0000000000000000000E3650200FB650200BE
:10C6D000CB650200D3650200CF650200D76502007A
:10C6E0006D65020081650200A1650200A56502007A
:10C6F000AB650200BB650200DB650200DF6502007E
:10C700000D65020019650200256502003165020011
:10C710000B660200EF650200000000000000000050
:10C72000EB77020003780200D3770200DB77020088
:10C73000D7770200DF770200757702008977020061
:10C74000A9770200AD770200B3770200C377020039
:10C75000E3770200E7770200457702005177020095
:10C760005D7702006977020013780200F777020014
:10C7700000000000000000000000000000000000B9
:10C7800000000000000000000000000000000000A9
:10C790000000000000000000000000000000000099
:10C7A0000000000000000000000000000000000089
:10C7B0000000000000000000000000000000000079
:10C7C0000000000000000000000000000000000069
:10C7D0004300FFFF8C8EFF1F232D302B2000686C41
:10C7E0004C00656667454647003031323334353694
:10C7F00037383941424344454600303132333435CD
:10C800003637383961626364656600FFF8B500BF8A
:10C81000F8BC08BC9E46704701B40248844601BC7F
:10C82000604700BF718CFF1F35040000F117000046
:10C830002D1B0000292200000925000059C400001A
:10C8400009E20000DD6602007D6702002977020030
:04C850002D7802003D
:08C854002CB6FF7F010000007B
:10C85C008023037003781B06FCD570470000000092
:10C86C0001000000010000000123456789ABCDEFFA
:10C87C00FEDCBA9876543210F0E1D2C32C010000E1
:10C88C003000000003000000D5B5FF1F00020203BA
:10C89C000303050000030505D5B1FF1F1E000000B2
:10C8AC00394201003D4201000300DD0211C5D7E30E
:10C8BC002BD5642DF81CEA3BCDA79A64B788EECA39
:10C8CC00977603AD44ED327A61C71F920000D30214
:10C8DC000100000005010906A101050719E029E77F
:10C8EC001500250175019508810295017508050C47
:10C8FC0009B88101950575010508190129059102F1
:10C90C00950175039101950675081500257F05079E
:10C91C001900297F8100097695087508B102C012AB
:10C92C0001000200000040501DFC600001010203E8
:10C93C0001001803430052005900500054004F00EE
:10C94C0054005200550053005400090282000401A7
:10C95C0000803209040000010301010209211101C8
:10C96C000001224B0007058703080005090401009C
:10C97C000203000002092111010001222200070517
:10C98C008303400005070504034000050904020069
:10C99C0002030000020921110100012222000705F7
:10C9AC008503400005070506034000050904030044
:10C9BC0002030000000921110100012221000705DA
:10C9CC0081034000050705020320000206C9FF0988
:10C9DC0004A15C7508150026FF00954009758102BD
:10C9EC0095200976910295040976B102C006D0F122
:10C9FC000901A1010920150026FF00750895408149
:10CA0C00020921150026FF00750895409102C00609
:10CA1C00ABFF0902A1010920150026FF007508953E
:10CA2C004081020921150026FF00750895409102EE
:10CA3C00C00010034F004E004C0059004B00450045
:10CA4C005900040309040C0300000000000000005E
:10CA5C0000000000000000000000000008000000C2
:10CA6C00D4E6FF1FFFFFFFFF0A04000000000000D8
:10CA7C0070C7020090C70200B0C70200000000009F
:10CA8C00000000000000000000000000D0C7020001
:10CA9C00000000000000000000000000000000008A
:10CAAC00000000000000000000000000000000007A
:10CABC00000000000000000000000000000000006A
:10CACC000000000000000000000000008C8EFF1F22
:00000001FF
