:1000000000800020BD0100009555020061550200EE
:100010006155020061550200615502006155020000
:1000200061550200615502006155020095550200BC
:100030009555020061550200955502005155020088
:100040009555020095550200955502009555020000
:1000500095550200955502009555020095550200F0
:1000600095550200955502009555020095550200E0
:1000700095550200955502009555020095550200D0
:1000800095550200955502009555020095550200C0
:1000900095550200955502009555020095550200B0
:1000A00095550200955502009555020095550200A0
:1000B0009555020095550200955502009555020090
:1000C0009555020095550200955502009555020080
:1000D0009555020095550200955502009555020070
:1000E0009555020095550200955502009555020060
:1000F000955502003576020095550200A970020060
:1001000095550200656B0200955502009555020059
:10011000955502009555020095550200955502002F
:10012000955502009555020095550200955502001F
:10013000955502009555020095550200955502000F
:1001400095550200955502009555020095550200FF
:1001500095550200955502009555020095550200EF
:100160009555020079B90100955502009555020098
:1001700095550200955502009555020095550200CF
:1001800095550200955502009555020095550200BF
:1001900095550200955502009555020095550200AF
:1001A000955502009555020095550200955502009F
:1001B000955502009555020095550200564B4CF29C
:1001C000205210B51A804DF628121A8000BF00BFC9
:1001D00025F0E4F9514B4FF010621A60504A9A60D2
:1001E000504ADA60A3F53043203B1A6812F480725B
:1001F00004D14D490A604FF4A8521A604B4B1A784B
:10020000110703D51A7842F008021A70484B2A22C7
:100210001A700023474A48499818884204D247492F
:10022000595899500433F5E7454A464B9A424FF0E6
:10023000000302D242F8043BF7E74349434A5958C6
:1002400099500433B3F5DE7FF7D1414B802103F899
:10025000011B40498B42F9D13F4B1A603F4B0A22A8
:100260001A70A3F5805324225A70A0221A709A792A
:100270009207FCD59A79D406FCD4394B9A7902F0CE
:100280000C02082AF9D105221A7143225A719A796F
:100290009006FCD5324B9A795106FBD5314A4FF086
:1002A000817111600521516020221A702C4B9B79BD
:1002B00003F00C030C2BF9D12B4B2C4A1A602C4B5E
:1002C0002C4A1A6000225A60072243F8042C2A4A5A
:1002D000C3F80C2D62B61CF043F9134B1B68DA0708
:1002E00005D526481BF0C8FF254B264A1A60264B29
:1002F0001B785B0609D5224C224A2368934204D11D
:100300001E481BF0B9FF0023236028F087F825F072
:100310004BF926F0FDF9FEE70E2005403080044041
:10032000823F04000100002B14D0034002D007409C
:1003300000E00740708CFF1FF08EFF1F74C80200A2
:10034000F08EFF1FD4E6FF1F000000000082FF1F99
:1003500000E400E05FE400E008ED00E0005006404B
:10036000004006404480044004800440C010050062
:1003700014E000E03F19010000002020359AA96A2E
:100380001CE00340A5C3945A00F00740FFFFFFFFA5
:10039000FFFFFFFFFFFFFFFFFFFFFFFFFFFFFFFF6D
:1003A000FFFFFFFFFFFFFFFFFFFFFFFFFFFFFFFF5D
:1003B000FFFFFFFFFFFFFFFFFFFFFFFFFFFFFFFF4D
:1003C000FFFFFFFFFFFFFFFFFFFFFFFFFFFFFFFF3D
:1003D000FFFFFFFFFFFFFFFFFFFFFFFFFFFFFFFF2D
:1003E000FFFFFFFFFFFFFFFFFFFFFFFFFFFFFFFF1D
:1003F000FFFFFFFFFFFFFFFFFFFFFFFFFFFFFFFF0D
:10040000FFFFFFFFFFFFFFFFFFFFFFFFFEFFFFFFFD
:1004100010B5054C237833B9044B13B10448AFF33E
:1004200000800123237010BDF08EFF1F000000002C
:1004300074C8020008B5064B1BB106480649AFF365
:1004400000800648036813B1054B03B1984708BD07
:100450000000000074C80200F48EFF1FF08EFF1F22
:100460000000000008B5C8201CF064F8074A00230B
:10047000137053709370D37013715371044A1370D7
:10048000044A1370BDE8084025F08EBAC4E4FF1F8B
:10049000CAE4FF1FCBE4FF1FF8B51A4B1A481B4EE6
:1004A0001B4F00251D701B4B01241C7001F032FCFA
:1004B000194B1A481C602022294628F00FF80823FF
:1004C000337025F071FA0F233B7025F06DFAFFF7BA
:1004D000C9FF347025F068FA0923337025F064FAF7
:1004E00014233B7025F060FA4FF4FA701CF022F8E8
:1004F0000B4B1D7025F058FAFFF7B4FF094B0A4A61
:100500001A60F8BD99BAFF1FFCBAFF1FCAE4FF1FAB
:10051000C4E4FF1F808CFF1F848CFF1F1091FF1FFE
:10052000CBE4FF1F0CED00E00400FA052DE9F04FCD
:10053000964C9FB0002305460DF10F00237002F08A
:10054000ADF9934B1B7823B99DF80F3003F00F03DF
:1005500005E0012B08D19DF80F301B090C339D429B
:1005600002D1FFF799FFCBE18A4E2946304602F0CF
:1005700021F9317811B9304602F01CF9337813B9FA
:10058000844B04221A700DF10E00294603F058F92D
:100590009DF80E90C9F3C0038DF80E307E4B1F7886
:1005A000002F40F0AD817D4E394640220EA827F045
:1005B00095FF3946FB22304627F090FF0EA82946CA
:1005C00005F05AFDB0F1000826DD754BCDF800802E
:1005D0000EA8E9B20F2209F0C9FD9DF83830082BAA
:1005E0000CD108F1FF380DF139003146424623782D
:1005F0000BF006FF012784F800800DE042462378C7
:100600000EA831460BF0FCFE5FFA88F3022208F1D7
:100610000108F25484F80080002140220EA827F03F
:100620005DFF0EA8294603F097F99DF83830C9F30D
:10063000800A5BB1AFB91E2B00F25C81984623782B
:1006400008F10A02F2540133237054E1BAF1000FA9
:100650000AD05FB9B84623780122F25413442370BC
:1006600005E04FF0000802E0D04600E098460EA8F2
:10067000294606F04BF8B0F1000A11DDCDF800A0D4
:100680000EA8E9B20222464B09F070FD52462378CB
:1006900042490EA80BF0B4FE23789A4484F800A0D7
:1006A00009F0030A0EA80021402227F017FFBAF133
:1006B000000F0BD057B9BAF1010F02D0BAF1020FF7
:1006C00004D1237806F803A00133237000214022CF
:1006D0000EA827F003FF0EA8294603F0C9F99DF8DC
:1006E00038B00BF1FF331D2B07D837B923780BF146
:1006F0000A02F2540133237001E04FF0000B0EA800
:10070000294602F0CFFDB0F1000A11DDCDF800A0BE
:100710000EA8E9B20522224B09F028FD52462378A3
:100720001E490EA80BF06CFE23789A4484F800A0B2
:10073000C9F3011A0EA80021402227F0CFFEBAF11A
:10074000000F0BD057B9BAF1010F02D0BAF1020F66
:1007500004D1237806F803A001332370002140223E
:100760000EA827F0BBFE0EA8294603F00DFA9DF84F
:1007700038A00AF1FF331D2B14D89FB923780AF152
:100780000A02F254013323700EE000BF348FFF1FC2
:1007900030BBFF1FA48CFF1F55BAFF1F508FFF1FD8
:1007A0001091FF1F4FF0000A0EA80021402227F0F1
:1007B00095FE9DF80E302BB127B923780122F25413
:1007C000134423700EA8294603F09AFA9DF8383096
:1007D000002B7AD0672B46D129460EA806F0F0FAF6
:1007E000494F00900646E9B20EA80922474B09F08E
:1007F000BDFC237832460EA839460BF001FE324686
:100800000EA904A801F08AFE01F0F0FE404400EBBE
:100810000B01514404A801F085FE064601F022FFB9
:10082000237858B94E22FA541F4453224F237B7029
:10083000FA7054234522BB703A710BE03278FA54B7
:100840001F4472787A70B378BB70F378FB70337999
:100850003B7173797B7123780EA806330021402207
:10086000237027F03BFE9DF83830274E792B0BD1B3
:10087000274B1B78022B07D02078002130440AF048
:1008800079F923782C3323709DF83830322B01D03E
:10089000592B0DD11E4B1B78022B09D02078E9B2C1
:1008A00030440AF067F92378203303EB40002070CE
:1008B0009DF83830752B08D1154B1B78022B04D0CE
:1008C00023780922F254013323705FEAD9130E4BC7
:1008D00004D02278012199540A44227019F0400F63
:1008E00004D022780221995401322270227800210A
:1008F000995405E0B846BAF1000F7FF4ACAEB6E605
:100900001FB0BDE8F08F00BF508FFF1F1091FF1F79
:1009100030BBFF1F0A4B1A780A4B18681AB90A4AEB
:100920005278022A01D1243807E0012A01D12A385D
:1009300003E0032A0CBF1E383038FFF7F7BD00BFB5
:1009400030BBFF1FE09BFF1F88BAFF1F0D4B1A78BB
:100950000D4B18681AB90D4A5278022A01D1243871
:1009600007E0012A01D12A3803E0032A0CBF1E3810
:100970003038074B1B78092B0CBF03300630FFF7CC
:10098000D5BD00BF30BBFF1FE09BFF1F88BAFF1F14
:10099000B78CFF1FF0B5ADF5844D9BB0054646F210
:1009A0006004684621464FF4804205F03DFA46F265
:1009B00060039C4204D1284669464FF4804210E00F
:1009C0002B460DF5804605F14007186859683246F8
:1009D00003C20833BB421646F7D12846694644F2A3
:1009E0004002002314F05CFF044B04F580449C4259
:1009F000D7D10DF5844D1BB0F0BD00BF60A0030042
:100A000010B5464B1B6804461878A0F13103082B3B
:100A100006D84FF47A73303858431BF08BFD42E010
:100A200074285CD072285ED03D4B1B78002B3AD0E6
:100A30001CB125F04FF8002435E0702832D068282A
:100A400055D0752855D06F2855D0652855D06428C5
:100A500055D0622855D04C2855D0522855D055280D
:100A600055D0442855D0452855D0632804D12D4B66
:100A70001A7842F0010213E0732804D1294B1A7846
:100A800042F002020CE0612804D1264B1A7842F0B1
:100A9000040205E0672806D1224B1A7842F00802CA
:100AA0001A7000E04624204B1A780AB91C7012E034
:100AB0005A780AB95C700EE09A780AB99C700AE01C
:100AC000DA780AB9DC7006E01A790AB91C7102E01A
:100AD0005A7902B95C71BDE8104024F065BF002C62
:100AE000A7D12B24DFE7002CA3D12824DBE74A245D
:100AF000D9E74B24D7E74E24D5E74D24D3E74C2440
:100B0000D1E72A24CFE75024CDE74F24CBE7522466
:100B1000C9E75124C7E72924C5E700BF4C90FF1F50
:100B200020BBFF1FCAE4FF1FC4E4FF1F2DE9F041F3
:100B3000614B624A1B781078614C4BB1AA2807D1EF
:100B400021680A7822B1092A02D001312160F3E735
:100B500022685C4E15783778DFF864819DB95A4871
:100B60005A4900F0FBFF5848594901F028F830462F
:100B7000294601F01FFE3378002B40F09A800423B1
:100B80003370BDE8F08117FB07F7032697FBF6F6F5
:100B9000012D4FEAC6064FEA470704D1002B77D153
:100BA0004FF22B006AE0022D04D1002B70D14FF2DE
:100BB000280063E0092D15D1464B1B78022B78D015
:100BC000454C01232360454B1E681D4606F57A6699
:100BD0002268002A61D02B68B3425ED200200AF05E
:100BE00007FFF5E7A5F10A01C8B215280DD8002BBB
:100BF0005FD14FF47A7048431BF09CFCD8F800306A
:100C00000133C8F80030BDE8F081202D34D151788F
:100C10005C2931D10132C8F800209BB1BDE8F081D8
:100C20005C2B14D1264B01321A600020FFF7E8FE3E
:100C300030461BF07FFC23685A1C22605A78202A19
:100C400007D04AB122681378002BE9D112E00120C5
:100C5000ECE71B4A0233136024F088FF30461BF098
:100C600069FC24F083FFFFF7FDFB3846BDE8F04147
:100C70001BF060BCBDE8F08153B9284624F02AFF80
:100C800030461BF057FC24F071FF38461BF052FC35
:100C9000236801332360BDE8F08100230A480B4933
:100CA000236000F05BFF08480949BDE8F04100F00F
:100CB00086BFBDE8F08100BF55BAFF1FD6B9FF1F40
:100CC0004C90FF1FA48CFF1F8490FF1F388FFF1FC5
:100CD0000C8FFF1F30BBFF1F80BCFF1FCCE2FF1F2C
:100CE00008B5054806F02AFE044B012205201A70BB
:100CF00006F032FFF5E700BF14900200D6B9FF1FDF
:100D00002DE9F74F9F4F3B7804465BB99E4B1B780C
:100D1000092B05D1142803DD9C4B1A6803321A6095
:100D20002D2000E0002006F0CDFE994B1A68022A23
:100D3000994601DDFFF7D4FF964E336801333360E7
:100D4000954B1A7892B3684601F0C2FD9DF80030C9
:100D5000BBB101A801F0AFFD9DF80430132B0AD9F7
:100D600000238E48FF221A540133202BF9D108F0BA
:100D700023FB002003E001338DF8043001A801F0CB
:100D8000A2FD874B1A6801321A609DF80030326864
:100D90000133DBB201320A2B8DF80030326032D8D9
:100DA000684601F09DFD7C4A00231370DFF8F08156
:100DB000764DD8F8003029787A480133C8F80030E9
:100DC00000F09BFF336801333360774B1B684FF0B3
:100DD000030BB3FBFBF202EB4202981A03EA0B038C
:100DE00018441BF0A7FB3A78C246002A34D16D485C
:100DF00000F0AAFF80BB6B4801F0E0F860BB6948D7
:100E000001F0DAF910B106F0B5FD95E2D8F800303E
:100E1000664C0133C8F800302368092B02DC01332B
:100E2000236089E25C4B01251D70D9F800302B440A
:100E3000C9F800305E4B58461D7006F08DFE6846BE
:100E400001F046FD574800F065FFD9F800302560F5
:100E5000022B40F371826DE7DAF8002097F80080EA
:100E60000132CAF80020B8F1000F3FD1404601F02E
:100E700037FD4C4800F04EFF4E4BC9F800801A7801
:100E80001D4622B94C480AF013FD06F057FD484CA8
:100E90004A494B4800F062FE207806F003FB5520DB
:100EA00006F004FF474B1B78022B264606D015F0B0
:100EB00051FE002001F007FD0BF0ACFA424B434A13
:100EC000196811602A78012038701C4612B1307000
:100ED00006F0E8FA2568C8352368AB4203D2002043
:100EE0000AF086FDF8E71AF005FC25E2384A10788A
:100EF000A0B9542C12DD2A68312A09D1314A12785E
:100F0000022A0BD0204B1B78092B13D1062012E0AC
:100F1000322A1BD12B4A1278022A0FD12D4A12688D
:100F2000DAB1092A1FDD0A2A58D106F065FD2B68BF
:100F3000312B09D1012008F033FBFDE1124B1B7866
:100F4000092B01D10520F6E70220F4E7332AE5D189
:100F50001C4A1278022AEED1E0E71F4A1268002AE2
:100F600000F0EA813AE0134B1B78002B00F0E4819B
:100F70000F4C2D230120237006F0EEFD012323707A
:100F8000DAE100BF99BAFF1FB78CFF1FE09BFF1F7C
:100F90004C8FFF1F8890FF1F808CFF1FB090FF1F9A
:100FA0008C90FF1FFCBAFF1FF8BAFF1F848CFF1F35
:100FB000D6B9FF1F28BBFF1F74900200208FFF1FB0
:100FC0008490FF1F30BBFF1FCCE2FF1F4CBBFF1FF5
:100FD0005CBAFF1F74BAFF1F149CFF1F914A92480E
:100FE0000021117091490B68036091480078022834
:100FF0008B46914600F073818E4801780129804626
:101000000AD18D4A92F800C02A68624519D18B4AEC
:101010001278B2B102230BE002290BD1884A92F870
:1010200000C02A6862450CD1844A12784AB1032371
:10103000037081E1032904D1824A10782A68824230
:1010400007D0814A1278012A03D0804A1278012AF7
:1010500005D17A4A127812B17D4A12787AB90329F9
:101060007B4A05D11078F52802D17448007830B950
:101070001278F62A40D1714A1278002A3CD0042313
:10108000714A88F8003000231370714C6F4A137056
:101090002378ED2B06D16F4803716378437103F019
:1010A00099FF22E0F02B06D16A48037163784371FF
:1010B00004F0A4F819E0F52B02D104F0DFF814E0F5
:1010C000F62B12D1644DDBF8006001232B6006F58E
:1010D0007A662B683BB1DBF80030B34203D20020C4
:1010E0000AF086FCF5E700232B60002088F800005A
:1010F000207006F0DBFD1FE1A1B14F4A0023137001
:101100004F4A88F8003013704E4A0120137006F0E1
:10111000CDFD524806F012FC514BFF2118781BF010
:1011200005F909E1A4F148026B2A10D82A68312A8E
:101130000DD1424A127852B94A484B4900F00EFD8F
:1011400009F040FD4748484900F039FDF4E0474ABE
:10115000117809290BD1B4F5B47F08DB2A68322A4B
:1011600008D1434A12782AB106F004FCB7E0472CB4
:1011700040F3B5802A68322A0DD130480078002823
:1011800049D1012006F034FB8B2C40F3D58001209F
:1011900006F084FAD0E0332A3DD1284800780028B0
:1011A00039D109291FD1B32C1DDC324B5A7822B911
:1011B000314A5421117001220CE0012A04D12E4A37
:1011C000D6211170022205E0022A05D12A4A802187
:1011D000117003225A70AFE0032A40F0AD80264A16
:1011E00058701070A8E0254B2548002401261E7079
:1011F0003C7000F08FFD234B23481E6020222146C7
:1012000027F06CF91748214900F0D9FC204B214AFE
:101210002C601A6090E009293ED1B32C5FDD312AA1
:101220003DE000BF508FFF1F4CBBFF1FCCE2FF1FF4
:1012300030BBFF1F00BAFF1F48BBFF1F55BAFF1F7F
:1012400049BBFF1F4ABBFF1F9CBAFF1F98BAFF1F75
:10125000999BFF1F0CBAFF1F80BCFF1F88900200E4
:10126000F5BAFF1F8490FF1F0C8FFF1FB78CFF1F65
:1012700028BBFF1F88BAFF1FCCBAFF1F808CFF1F3F
:10128000FCBAFF1F848CFF1F1091FF1F208FFF1FD0
:101290000CED00E00400FA05472C20DD362A1ED1B3
:1012A000274A1278DAB931680131316025490124C1
:1012B0000C7025490978A1420BD03A70234A244882
:1012C000147000F027FD234A23482449146000F0DD
:1012D00076FCDAF800200132CAF800202CE0002069
:1012E00006F0F0FB142C05DC164B1B7813B9FFF746
:1012F00011FB14E0A4F11503442B05D8114B1B7806
:101300006BB9FFF723FB0AE0592C08DD0D4B1B7866
:101310002BB9134B012202201A7006F01DFC114B51
:101320000D481149C3F8009000F018FC0F4B0A4813
:101330000F491A7800F024FC03B0BDE8F08F00BF1D
:1013400055BAFF1F28BBFF1F88BAFF1F808CFF1FE5
:10135000FCBAFF1F848CFF1F8490FF1F208FFF1F8C
:10136000D6B9FF1F4C90FF1F0C8FFF1FA48CFF1FCF
:10137000388FFF1F73B5102024F02CFF684B694E87
:10138000694C6A486A4D00221A706A4B06221A702C
:10139000694B01221A70694B16221A70684B17228A
:1013A0001A70684B11221A70674B0F221A70674B24
:1013B00010221A700E23202133701523237004F09D
:1013C000A2FD286000F09EFB307824F02DFF0090F5
:1013D000207824F029FF5E4B01901A6801321A60D0
:1013E0005C4B1B78442B16D05B48FFF7D3FA0224E2
:1013F000594EA319204613F8021C013424F0C2FDF3
:10140000422CF5D1304600214FF4006227F066F8F7
:1014100044200BF00BF92C687CB904F0EDFC4FF480
:10142000F860032124F0AEFD4C4801F056F94C4B16
:1014300001221A704B4B1C7035E0464B1B78442B35
:101440002ED120214848494C04F0A0FD484804F022
:10145000B3FD484804F0E6FD0021204601F0AAF95A
:10146000454801F08DF923780BB9042323704348D4
:1014700001F0FAF9424801F004FA384801F025F980
:10148000404801F0E4F91BF0B9F8354B3E483F49BC
:1014900000221A70334B01221A7000F090FB02E018
:1014A0003B4B3C4A1A603C4B3C481A683C49013271
:1014B0001A6040F2FD720CF075FE3848694602224F
:1014C00004230CF027FE0423344801A902220CF067
:1014D00021FE06F059FD06F0D5FA06F04BFF2A482A
:1014E000304900F06CFB304B1B78092B15D12B6871
:1014F0004BB92E482E4C01230370237001F021F9C3
:10150000204601F02BF9174B1B7833B1294800F026
:101510001BFC10B10A20FFF7F3FB02B070BD00BF47
:1015200030BBFF1F14BBFF1F989BFF1F9090FF1F36
:10153000149CFF1FF5BAFF1F68BBFF1F69BBFF1F8D
:101540009ABAFF1F70BBFF1F21BBFF1FC1BBFF1F4C
:101550008890FF1F020002401C9CFF1FBC8CFF1FD5
:1015600099BAFF1F5CBAFF1FB090FF1FA48CFF1F2A
:10157000F090FF1FD090FF1F20BBFF1F15BBFF1F68
:101580009BBAFF1FCEE6FF1F8490FF1F208FFF1F17
:101590000CED00E00400FA058C90FF1FC4BBFF1F98
:1015A0007C9002000C8FFF1FB78CFF1F9CBAFF1F9F
:1015B00098BAFF1FFCBAFF1FF8B521201AF08CFE65
:1015C000E8B94B4B1D6804461E46326840F6B733F7
:1015D000521B9A4207D864201AF0ACFF21201AF05F
:1015E0007BFE0444F1E754B92046012124F0CAFCF3
:1015F0000120014624F0C6FC3E4B3F4A1A603F4B97
:101600003F4D1B7A012B0DD13E4B1B780BB12B7834
:1016100043B13D4B1B78032B02D0032004F0B8FBF1
:101620000AF05EFC394B3A4C1A6801321A60394BA9
:101630001A680623B2FBF3F003FB10201AF07AFFBE
:101640002278354BDAB11A68002001321A600AF0AC
:10165000CFF9324B1B78ABB1314B1B6893B105F01E
:1016600015FF304B1B786BB1214A11682E4A126866
:101670008A1A4EF660214B439A4221D202E01A6840
:1016800001321A602B784BB123783BB11D4B1B788C
:1016900023B9264B0120187005F004FF06F08EFEDA
:1016A000234A12780A32D2B2012A04D82D20BDE88A
:1016B000F84006F007BAC8B1BDE8F840FFF720BB14
:1016C0001C4B1D48002601271F70267000F022FBCE
:1016D0001A4B1B481F602022314626F0FFFE194896
:1016E000194900F06CFA044A024BCAE7F8BD00BF82
:1016F000CCE2FF1F0CED00E00400FA055DBAFF1F0D
:1017000028BBFF1F55BAFF1FD8B9FF1F8890FF1FC6
:1017100099BAFF1FF8BAFF1F8C90FF1F5CBAFF1F1A
:10172000149CFF1FBC8CFF1F4CBBFF1FD6B9FF1FB3
:10173000D5B9FF1F808CFF1FFCBAFF1F848CFF1FD1
:101740001091FF1F8490FF1F208FFF1FF8B51D4FC2
:101750003B78092B30D11C4C0021204624F0EEFDB3
:1017600040B32379E12B25D163792F2B22D9174B55
:101770001B78FBB1164E3578E5B93B78092B19D1AA
:10178000144B154801221A7000F0C4FA0AF026FE24
:10179000124B0A201860124B1D60FFF7B1FA204669
:1017A0002946402226F09AFE337853B10D480AF0BC
:1017B0007FF802E00C4800E00C48BDE8F84006F075
:1017C000BDB8F8BDB78CFF1F0CBAFF1F5CBAFF1F76
:1017D00099BAFF1F808CFF1FFCBAFF1F848CFF1F6C
:1017E000E09BFF1F74900200AE900200BC900200CC
:1017F00008B524F07DFB3221084A094800F022FA9E
:101800003221084A084800F01DFA0848084A4FF4F7
:101810007A71BDE8084000F015BA00BFB9150000A4
:101820000C8FFF1F2D0B0000388FFF1F208FFF1F15
:101830004D1700002DE9F04F0A46C9B00023CD5CDA
:10184000D47844EA0564557844EA0544957803F170
:10185000200644EA052404336D46402B745102F1FE
:101860000402ECD108AB002208AF9C6B5E6ABD5845
:10187000596835444FEA744686EAF44686EA942469
:101880002C444FEAF11585EAB14585EAD1010432CD
:101890002144C02A196403F10403E5D1026D0092CA
:1018A000436D426E0193856D836EC66D076E029522
:1018B0000396C56E0497059217469DE8140006939B
:1018C0001E46DDF80CC0049B02990795A84600252A
:1018D00005F1200BE9465BF809A0DFF8989055F870
:1018E0000990D1444FEAB31A8AEAF32A8AEA736A62
:1018F000D14426EA030B07EA030A8BEA0A0AD14419
:10190000C84481EA040901EA040A09EA020989EAE9
:101910000A094FEAB20A8AEA723A8AEAB25A0435E6
:10192000D144B5F5807FC444C14408D0B0463E469A
:101930001F4663468C46214614464A46C8E7009D2A
:101940004D440565019D2A444265029A039D144455
:10195000049A846562440266059A134429444366E6
:10196000079D069BC1651F442E448766C66649B025
:10197000BDE8F08FC890020000230364002200231A
:10198000C0E912230A4B03650A4B43650A4B836582
:101990000A4BC3650A4B03660A4B43660A4B8366D0
:1019A00003F17453A3F52303A3F69243C366704770
:1019B00067E6096A85AE67BB72F36E3C3AF54FA5E0
:1019C0007F520E518C68059BABD9831F2DE9F041E6
:1019D00006460F4601EB0208474516D0336C17F850
:1019E000012BF2540133402B3364F5D1304631469C
:1019F000FFF720FFD6E9124514F5007445F1000504
:101A00000023C6E912453364E6E7BDE8F081026CC5
:101A10002DE9F84F372A88464FF08001814602F1C0
:101A20000103815406D8382B14D0002209F8032072
:101A30000133F8E73F2B04D8002209F803200133D3
:101A4000F8E748464946FFF7F5FE484600213822A8
:101A500026F044FDD9F84030D900D9E912235218B4
:101A600043F100034FEA122A160C140E4AEA036AE5
:101A70004FEA132B46EA03461F0C44EA03241D0ECB
:101A8000C9E9122389F83B30494689F83F2089F893
:101A90003EA089F83D6089F83C4089F83AB089F861
:101AA000397089F838504846FFF7C4FE4346032191
:101AB000D9F85000CA00D0401870D9F85400D0406E
:101AC0001871D9F85800D0401872D9F85C00D0408D
:101AD0001873D9F86000D0401874D9F86400D04069
:101AE0001875D9F86800D0401876D9F86C0001391B
:101AF00020FA02F21A774A1C03F10103D8D1BDE89B
:101B0000F88FFFFF07B5064B06499A680092DA681E
:101B100001920CCB044826F015FF03B05DF804FBDE
:101B20005090FF1FC89102006090FF1F064B1A687B
:101B3000064B1A60064A12685A60064A12689A6092
:101B4000054A1268DA607047548004405090FF1FC5
:101B5000588004405C80044060800440036873B196
:101B60008B4205D11B69036070478A4204D013463B
:101B70001A69002AF9D102E00A691A6170477047B0
:101B800070B506460C461546FFF7E8FF33680BB9FB
:101B9000346004E01A690AB11346FBE71C611AF0CD
:101BA000A9FC23680322C01A4FF4FA536B43B5FB18
:101BB000F2F55D43002360602560236170BD38B598
:101BC00005460C46FFF7CAFF2B680BB92C6004E0F2
:101BD0001A690AB11346FBE71C611AF08BFC2368F3
:101BE000C01A00236060236138BD38B50C461AF076
:101BF00081FC6268236813449842054605D36268F5
:101C0000934208D26268824205D86268954207D240
:101C100062689A4204D8A560E368204698476560E8
:101C200038BD38B505462C68002CFCD02146284626
:101C3000FFF7DBFF2469F7E708B50148FFF7F1FF7D
:101C40008490FF1F10B54FF47A746143C260002284
:101C500001604260026110BD4FF47A735943016024
:101C60007047FFFFF8B504460E4615461F46044A66
:101C7000FFF7E8FF6661E561A7612046F8BD00BF98
:101C8000A51C000010B50021044680F82010FFF7C5
:101C9000E3FF21460248BDE81040FFF790BF00BFB8
:101CA0008490FF1F10B590F8203004463BB9012303
:101CB00080F820304169BDE81040FFF7CDBF012B0F
:101CC00010D109482146FFF749FFE36913B9A0691C
:101CD00020B910BD2046984720B1F8E7BDE8104074
:101CE000FFF7D0BF10BD00BF8490FF1F00224161ED
:101CF00042740270704741617047437C102B07D0DB
:101D00005A1CD2B24274C15400238354012070473C
:101D100000207047002343740370704710B5446976
:101D200002782178002321B9D2F1010038BF0020C8
:101D300010BD914206D1E2185178C2180133102B20
:101D40005278F0D1002010BD2DE9F043B9B004461F
:101D500026F033FE8C4B00221A708C4A1278092A26
:101D6000054619460ED168B9894B224603F1100089
:101D700053F8045B42F8045B8342F9D101230B70F2
:101D8000102505E0062803D81E201AF0D3FBF6E044
:101D90001CA8FFF7F1FD21462A461CA8FFF716FEF6
:101DA00020221CA87B497C4CFFF710FE1CA80CA924
:101DB000FFF72DFE9DF8303023F007038DF830300B
:101DC0009DF84F3003F03F0343F040030CA900227D
:101DD00020468DF84F300BF05BF91CA8FFF7CCFDC7
:101DE00014A800F082FD1CA814A91022FFF7EEFD34
:101DF0001CA86A491022FFF7E9FD20221CA82146F1
:101E0000FFF7E4FD21461CA8FFF701FE1CA8FFF721
:101E1000B3FD1CA814A91022FFF7D8FD1CA85F4928
:101E20001022FFF7D3FD20221CA85D49FFF7CEFD4D
:101E30001CA804A9FFF7EBFD5A4B9DF81050D3F8EE
:101E40000080594B20781A68531C02F11F0902F1D7
:101E5000200CC2EB08014B4503F1FF37C2F100062D
:101E6000194477D14F4B504C19608542276004D0FC
:101E70004D4B1A6801321A6081E00DF10F0000F03D
:101E80008CFC9DF80F504448012D28D104F0E0F857
:101E900018B94148454A0CA927E00CA9434A04A8AF
:101EA0000BF0F6F81CA8FFF767FD1CA814A9202268
:101EB000FFF78CFD1CA83E491022FFF787FD1CA8E8
:101EC00004A92022FFF782FD1CA832492022FFF737
:101ED0007DFD1CA80CA9FFF79AFD00952AE004F0EF
:101EE000B7F828B92C482E4A0CA90BF0D1F827E0F6
:101EF0000CA92B4A04A80BF0CBF81CA8FFF73CFD5B
:101F00001CA814A92022FFF761FD1CA82849102253
:101F1000FFF75CFD1CA804A92022FFF757FD1CA8B1
:101F20001C492022FFF752FD1CA80CA9FFF76FFDEA
:101F30000123009318481E490CAA202303F0F2FD48
:101F400023681C4A01332360002313701A4A0120BE
:101F5000136015E0854204D0124B1960124B1F60CC
:101F600086E704A830442644C55CF05C1E46013375
:101F700063457FF46EAF0B4B19600B4B1E60002066
:101F800039B0BDE8F08300BF88BAFF1FB78CFF1FD0
:101F90007290FF1F9090FF1F1091FF1F7090FF1F06
:101FA000B090FF1F8890FF1F8C90FF1FD090FF1FE5
:101FB0006090FF1F30BBFF1FCCBAFF1F2DE9F0431D
:101FC000B9B0054626F0F9FC0628044603D81E20C1
:101FD0001AF0B0FA73E01CA8FFF7CEFC294622469F
:101FE0001CA8FFF7F3FC20221CA86849684CFFF7E7
:101FF000EDFC1CA80CA9FFF70AFD9DF8303023F07A
:1020000007038DF830309DF84F3003F03F0343F065
:1020100040030CA9002220468DF84F300BF038F811
:102020001CA8FFF7A9FC14A800F05FFC1CA814A9C9
:102030001022FFF7CBFC1CA856491022FFF7C6FC64
:1020400020221CA82146FFF7C1FC21461CA8FFF74F
:10205000DEFC1CA8FFF790FC1CA814A91022FFF7B7
:10206000B5FC1CA84B491022FFF7B0FC20221CA88D
:102070004949FFF7ABFC1CA804A9FFF7C8FC474B74
:102080009DF81050D3F80080454B20781A68531CF7
:1020900002F11F0902F1200CC2EB08014B4503F1CC
:1020A000FF37C2F10006194457D13C4B3C4C196034
:1020B0008542276005D03A4B1A6801321A60002029
:1020C00060E00DF10F0000F068FB9DF80F30022B6F
:1020D00038D02F4803F0BCFF28B90CA9314A2C484E
:1020E0000AF0D6FF27E00CA92E4A04A80AF0D0FF78
:1020F0001CA8FFF741FC1CA814A92022FFF766FCCE
:102100001CA829491022FFF761FC1CA804A9202261
:10211000FFF75CFC20221CA81C49FFF757FC1CA8F9
:102120000CA9FFF774FC0123009319481E490CAA5F
:10213000202303F0F7FC1D4B01221A701C4B542284
:102140001A7005E01B4A1278002AB8D1174A13709A
:10215000236801332360012014E0854204D00F4B33
:1021600019600F4B1F60A6E704A830442644C55CE5
:10217000F05C1E46013363458ED1084B1960084B55
:102180001E609CE739B0BDE8F08300BF9090FF1F50
:102190001091FF1F7090FF1FD090FF1F8890FF1FAE
:1021A0008C90FF1FB090FF1F6090FF1F30BBFF1F80
:1021B000CCBAFF1F28BBFF1F30B59DB0054626F0E7
:1021C000FCFB0628044603D81E201AF0B3F922E0CF
:1021D0006846FFF7D1FB2246684629460F4CFFF7B9
:1021E000F5FB202268460E49FFF7F0FB68462146C2
:1021F000FFF70DFC0B4920780A78002382420AD1B0
:10220000CA18E01801331E2B52784078F6D1131A01
:102210005842584100E000201DB030BD1091FF1F12
:102220009090FF1FF090FF1F23F062BE10B5084B87
:1022300000F14C0203F1140153F8044B42F8044B33
:102240008B42F9D10023036680F8483010BD00BFEF
:10225000888CFF1F2DE9F04F416D826DC36DD0F862
:102260004C80D0F850C085B09946019102920393FA
:102270004646134600240A466146E5B20F2D07D8AC
:1022800083EA020A0AEA010A8AEA030A334F3FE0B4
:1022900004F10D0B04F108070BF00F0B07F00F070B
:1022A0000BF1020B023705F00F0A50F8277050F8B7
:1022B0002BB000EB8A0A8BEA070BDAF808708BEA7E
:1022C000070BA71C07F00F070237132D50F82770D4
:1022D0008BEA07074FEAF777CAF80870D0D9272D9D
:1022E00005D882EA010A8AEA030A1D4F10E03B2D55
:1022F00009D842EA010A02EA01070AEA030A4AEA9D
:10230000070A184F04E082EA010A174F8AEA030A13
:1023100005F00F050235574450F82550013405EB00
:10232000F6653D44502C4D444FEAB10105D0994625
:1023300013460A4631462E469FE7019C21444165DB
:1023400002990A448265039A454466441344C5646D
:102350000665C36505B0BDE8F08F00BF9979825A64
:10236000A1EBD96EDCBC1B8FD6C162CA90F8483095
:1023700083F003020133DBB20244402B10B511722B
:10238000044680F8483004D1FFF764FF002384F846
:10239000483010BD08B5026E01320266FFF7E6FF55
:1023A000012008BD10B580210446FFF7DFFF94F837
:1023B0004830382B20464FF00001F6D1FFF7D6FF0A
:1023C00020460021FFF7D2FF20460021FFF7CEFF75
:1023D000216E2046490FFFF7C9FF216E2046C1F349
:1023E0004751FFF7C3FF216E2046C1F34731FFF786
:1023F000BDFF216E2046C1F34711FFF7B7FF216EE5
:10240000C900204601F0F801BDE81040FFF7AEBF5B
:1024100010B50446FFF7C6FF0023E2180433D16C61
:10242000142B09BAD164F8D104F14C0010BDF8B5F1
:1024300000F16406174604460D463046002140224E
:1024400026F04CF8402F18DD2046FFF7EFFE2F4412
:10245000BD4206D0236815F8011B1B68204698472B
:10246000F6E72046FFF7D4FF00F1140250F8041BF2
:1024700046F8041B9042F9D104E0304629463A461A
:1024800019F07EF82046FFF7D1FE254604F14006FC
:1024900095F86410236820461B6881F036010135E9
:1024A0009847B542F4D1F8BD70B50446FFF7B0FFC8
:1024B00004F1A40300F1140250F8041B43F8041BB8
:1024C0009042F9D12046FFF7B1FE04F140062546BF
:1024D00095F86410236820461B6881F05C01013583
:1024E0009847B542F4D104F114062546236895F8BF
:1024F000A4101B68204601359847B542F6D1204606
:10250000BDE87040FFF784BF024B00221A71024AF7
:102510001A6070473091FF1FE891020080E80600C2
:102520007047FFFF1E2391FBF3F10B0E70B51E4E9B
:1025300003740B140446002543740B1281608374EA
:10254000C174057394E8060045738573C5733046FE
:10255000FFF76DFF336804F10C015B680822304619
:1025600098473046FFF7A0FF6061C37CE56103F048
:102570000F03A361E269C1181202E261495D0135EE
:102580000A43042DE261F5D1084B22F0004292FB90
:10259000F3F103FB1122E26120342046044926F0C6
:1025A000D1F9204670BD00BF3091FF1F40420F009F
:1025B000F0910200074B1860074B1B681844074B4B
:1025C0001860074B02221A70064B1A68064B1A60F5
:1025D000704700BFE891FF1F9C8CFF1FF891FF1F01
:1025E000EC91FF1FCCE2FF1FF491FF1F70B516495D
:1025F000164C0A68236816480068801AB0F57A7F7E
:1026000002F57A7603F1010502D32B463246F2E752
:10261000104D0A602A6823609A4213D80E4B1B683B
:1026200083B1984710B1FFF7C5FF0BE00B4B1A6859
:10263000064B1B6813442B60094B1A78003218BFF5
:1026400001221A70206870BDF491FF1FE891FF1FEE
:10265000CCE2FF1FF891FF1FF091FF1F9C8CFF1F22
:10266000EC91FF1F08B5FFF7C1FF014B187808BDBB
:10267000EC91FF1FF8B506460D468F180C46BC427C
:1026800006D0204623F06AFC731B18550134F6E788
:10269000F8BDF8B506460D468F180C46BC4206D06C
:1026A000731B2046195D23F06DFC0134F6E7F8BD7D
:1026B00008B54FF4D5610122FFF7DCFF012008BD0A
:1026C0004FF4D5610122FFF7E4BF08B540F2A961DC
:1026D0000122FFF7CFFF012008BD40F2A9610122CE
:1026E000FFF7D7BF08B540F2AA610122FFF7C2FF8A
:1026F000012008BD40F2AA610122FFF7CABF08B558
:1027000040F2D561D022FFF7B5FFD02008BD40F2DE
:10271000D561D022FFF7BDBF08B540F2AB61012201
:10272000FFF7A8FF012008BD40F2AB610122FFF7CF
:10273000B0BF08B540F2AC610122FFF79BFF01205A
:1027400008BD40F2AC610122FFF7A3BF08B540F21B
:10275000AD610122FFF78EFF012008BD40F2AD619F
:102760000122FFF796BF08B540F2A5710122FFF7DD
:1027700081FF012008BD40F2A5710122FFF789BF4A
:1027800008B540F2A6710122FFF774FF012008BDD1
:1027900040F2A6710122FFF77CBF08B540F2AE619E
:1027A0000122FFF767FF012008BD40F2AE61012260
:1027B000FFF76FBF10B5044629B940F2AF6101229F
:1027C000FFF758FF17E04B1E0B2B08D801F2CB7117
:1027D0000122FFF74FFF237803F00F030AE0A1F176
:1027E0000D030B2B07D801F2CB710122FFF742FF3B
:1027F00023781B092370012010BD70B501F2CB7640
:102800000D460446314601300122FFF733FF1DB962
:10281000204640F2AF6114E06B1E0B2B05D86378A5
:10282000227823F00F03134408E00D3D0B2D0DD843
:102830006378227803F00F0303EB02132370204622
:1028400031460122BDE87040FFF723BF70BD08B5D7
:102850004FF4D6610122FFF70DFF012008BD4FF4B0
:10286000D6610122FFF715BF08B540F2D3610122FE
:10287000FFF700FF012008BD40F2D3610122FFF7FE
:1028800008BF08B540F2BF710122FFF7F3FE012037
:1028900008BD40F2BF710122FFF7FBBE08B540F250
:1028A000D4610122FFF7E6FE012008BD40F2D461A9
:1028B0000122FFF7EEBE08B540F2B1610122FFF739
:1028C000D9FE012008BD40F2B1610122FFF7E1BE4F
:1028D00008B540F2B2610122FFF7CCFE012008BD2D
:1028E00040F2B2610122FFF7D4BE08B540F2B361F5
:1028F0002022FFF7BFFE202008BD40F2B361202256
:10290000FFF7C7BE08B540F21C610122FFF7B2FE17
:10291000012008BD40F21C610122FFF7BABE08B5D4
:1029200040F21D610122FFF7A5FE012008BD40F223
:102930001D610122FFF7ADBE08B540F21E61012204
:10294000FFF798FE012008BD40F21E610122FFF74B
:10295000A0BE08B540F21F610122FFF78BFE0120E7
:1029600008BD40F21F610122FFF793BE08B54FF486
:10297000C4610122FFF77EFE012008BD4FF4C4614F
:102980000122FFF786BE08B540F221610122FFF760
:1029900071FE012008BD40F221610122FFF779BEDE
:1029A00008B540F222610122FFF764FE012008BD54
:1029B00040F222610122FFF76CBE08B540F22361AC
:1029C0000122FFF757FE012008BD40F223610122DA
:1029D000FFF75FBE08B540F224610122FFF74AFE0F
:1029E000012008BD40F224610122FFF752BE08B564
:1029F00040F225610122FFF73DFE012008BD40F2B3
:102A000025610122FFF745BE08B540F2266101228B
:102A1000FFF730FE012008BD40F226610122FFF7DA
:102A200038BE08B540F227610122FFF723FE0120DE
:102A300008BD40F227610122FFF72BBE08B54FF415
:102A4000C5610122FFF716FE012008BD4FF4C561E4
:102A50000122FFF71EBE08B540F229610122FFF7EF
:102A600009FE012008BD40F229610122FFF711BED5
:102A700008B540F22A610122FFF7FCFD012008BDE4
:102A800040F22A610122FFF704BE08B540F22B6133
:102A90000122FFF7EFFD012008BD40F22B6101226A
:102AA000FFF7F7BD08B540F22C610122FFF7E2FD08
:102AB000012008BD40F22C610122FFF7EABD08B5F4
:102AC00040F22D610122FFF7D5FD012008BD40F243
:102AD0002D610122FFF7DDBD08B540F22E61012214
:102AE000FFF7C8FD012008BD40F22E610122FFF76B
:102AF000D0BD08B540F22F610122FFF7BBFD0120D8
:102B000008BD40F22F610122FFF7C3BD08B54FF4A5
:102B1000C6610122FFF7AEFD012008BD4FF4C6617A
:102B20000122FFF7B6BD08B540F231610122FFF77F
:102B3000A1FD012008BD40F231610122FFF7A9BDCE
:102B400008B540F232610122FFF794FD012008BD73
:102B500040F232610122FFF79CBD08B540F23361BB
:102B60000122FFF787FD012008BD40F233610122F9
:102B7000FFF78FBD08B5AC210122FFF77BFD0120D7
:102B800008BDAC210122FFF784BD08B5AD210122AB
:102B9000FFF770FD012008BDAD210122FFF779BDCF
:102BA00008B5AE210122FFF765FD012008BDAE2169
:102BB0000122FFF76EBD08B5AF210122FFF75AFDD4
:102BC000012008BDAF210122FFF763BD08B5B02188
:102BD0000122FFF74FFD012008BDB0210122FFF7C0
:102BE00058BD08B5B1210122FFF744FD012008BD01
:102BF000B1210122FFF74DBD08B5B2210122FFF737
:102C000039FD012008BDB2210122FFF742BD08B500
:102C1000B3210122FFF72EFD012008BDB3210122BF
:102C2000FFF737BD08B5B4210122FFF723FD0120CE
:102C300008BDB4210122FFF72CBD08B5B521012242
:102C4000FFF718FD012008BDB5210122FFF721BDC6
:102C500008B5B6210122FFF70DFD012008BDB62100
:102C60000122FFF716BD08B5B7210122FFF702FDCB
:102C7000012008BDB7210122FFF70BBD08B5B8211F
:102C80000122FFF7F7FC012008BDB8210122FFF760
:102C900000BD08B5B9210122FFF7ECFC012008BDF9
:102CA000B9210122FFF7F5BC08B5BA210122FFF7CF
:102CB000E1FC012008BDBA210122FFF7EABC08B5FA
:102CC000BB210122FFF7D6FC012008BDBB21012258
:102CD000FFF7DFBC08B5BC210122FFF7CBFC0120C8
:102CE00008BDBC210122FFF7D4BC08B5BD210122DB
:102CF000FFF7C0FC012008BDBD210122FFF7C9BCC0
:102D000008B5BE210122FFF7B5FC012008BDBE2198
:102D10000122FFF7BEBC08B5BF210122FFF7AAFCC4
:102D2000012008BDBF210122FFF7B3BC08B5C021B7
:102D30000122FFF79FFC012008BDC0210122FFF7FF
:102D4000A8BC08B5C1210122FFF794FC012008BDF1
:102D5000C1210122FFF79DBC08B5C2210122FFF766
:102D600089FC012008BDC2210122FFF792BC08B5F1
:102D7000C3210122FFF77EFC012008BDC3210122EF
:102D8000FFF787BC08B564210122FFF773FC01201F
:102D900008BD64210122FFF77CBC08B56521012232
:102DA000FFF768FC012008BD65210122FFF771BC17
:102DB00008B566210122FFF75DFC012008BD6621F0
:102DC0000122FFF766BC08B567210122FFF752FC1C
:102DD000012008BD67210122FFF75BBC08B568210F
:102DE0000122FFF747FC012008BD68210122FFF7FF
:102DF00050BC08B569210122FFF73CFC012008BD49
:102E000069210122FFF745BC08B56A210122FFF7BD
:102E100031FC012008BD6A210122FFF73ABC08B548
:102E20006B210122FFF726FC012008BD6B21012246
:102E3000FFF72FBC08B56C210122FFF71BFC012016
:102E400008BD6C210122FFF724BC08B56D210122C9
:102E5000FFF710FC012008BD6D210122FFF719BC0E
:102E600008B56E210122FFF705FC012008BD6E2187
:102E70000122FFF70EBC08B56F210122FFF7FAFB14
:102E8000012008BD6F210122FFF703BC08B57021A6
:102E90000122FFF7EFFB012008BD70210122FFF79F
:102EA000F8BB08B571210122FFF7E4FB012008BD42
:102EB00071210122FFF7EDBB08B572210122FFF756
:102EC000D9FB012008BD72210122FFF7E2BB08B542
:102ED00073210122FFF7CEFB012008BD73210122DF
:102EE000FFF7D7BB08B574210122FFF7C3FB012010
:102EF00008BD74210122FFF7CCBB08B57521012262
:102F0000FFF7B8FB012008BD75210122FFF7C1BB07
:102F100008B576210122FFF7ADFB012008BD76211F
:102F20000122FFF7B6BB08B577210122FFF7A2FB0C
:102F3000012008BD77210122FFF7ABBB08B578213E
:102F40000122FFF797FB012008BD78210122FFF73E
:102F5000A0BB08B579210122FFF78CFB012008BD39
:102F600079210122FFF795BB08B57A210122FFF7ED
:102F700081FB012008BD7A210122FFF78ABB08B539
:102F80007B210122FFF776FB012008BD7B21012276
:102F9000FFF77FBB08B540F264610122FFF76AFBCF
:102FA000012008BD40F264610122FFF772BB08B541
:102FB00040F265610122FFF75DFB012008BD40F290
:102FC00065610122FFF765BB08B540F26661012229
:102FD000FFF750FB012008BD40F266610122FFF7B8
:102FE00058BB08B540F267610122FFF743FB01209F
:102FF00008BD40F267610122FFF74BBB08B54FF4F3
:10300000CD610122FFF736FB012008BD4FF4CD61F1
:103010000122FFF73EBB08B540F269610122FFF7CC
:1030200029FB012008BD40F269610122FFF731BB95
:1030300008B540F26A610122FFF71CFB012008BDC0
:1030400040F26A610122FFF724BB08B540F26B61D0
:103050000122FFF70FFB012008BD40F26B61012246
:10306000FFF717BB08B540F26C610122FFF702FBC6
:10307000012008BD40F26C610122FFF70ABB08B5D0
:1030800040F26D610122FFF7F5FA012008BD40F220
:103090006D610122FFF7FDBA08B540F26E610122B1
:1030A000FFF7E8FA012008BD40F26E610122FFF748
:1030B000F0BA08B540F26F610122FFF7DBFA012098
:1030C00008BD40F26F610122FFF7E3BA08B54FF483
:1030D000CE610122FFF7CEFA012008BD4FF4CE6188
:1030E0000122FFF7D6BA08B540F271610122FFF75D
:1030F000C1FA012008BD40F271610122FFF7C9BA8F
:1031000008B540F272610122FFF7B4FA012008BD50
:1031100040F272610122FFF7BCBA08B540F2736158
:103120000122FFF7A7FA012008BD40F273610122D6
:10313000FFF7AFBA08B540F274610122FFF79AFABF
:10314000012008BD40F274610122FFF7A2BA08B560
:1031500040F275610122FFF78DFA012008BD40F2AF
:1031600075610122FFF795BA08B540F27661012238
:10317000FFF780FA012008BD40F276610122FFF7D7
:1031800088BA08B540F277610122FFF773FA01208F
:1031900008BD40F277610122FFF77BBA08B54FF412
:1031A000CF610122FFF766FA012008BD4FF4CF611D
:1031B0000122FFF76EBA08B540F279610122FFF7EC
:1031C00059FA012008BD40F279610122FFF761BA86
:1031D00008B540F27A610122FFF74CFA012008BDE0
:1031E00040F27A610122FFF754BA08B540F27B61E0
:1031F0000122FFF73FFA012008BD40F27B61012266
:10320000FFF747BA08B546211022FFF733FA10201E
:1032100008BD46211022FFF73CBA38B505460C46DA
:1032200011B9622102220BE04B1E172B0AD801F2C2
:1032300063610122FFF71EFA681C04F2A6710122E5
:10324000FFF718FA022038BD38B505460C4611B90B
:10325000622102220BE04B1E172B0CD801F2636196
:103260000122FFF716FA681C04F2A6710122BDE8DC
:103270003840FFF70EBA38BD08B55C210622FFF7CB
:10328000F9F9062008BD5C210622FFF702BA08B54D
:1032900056210622FFF7EEF9062008BD5621062228
:1032A000FFF7F7B937B501390446172900F2558100
:1032B000DFE811F01800240031003E004B005800F8
:1032C000650072007F008C009900A600B300C0006A
:1032D000CD00DA00E700F40001010E011B01280116
:1032E000350142010DF10700FFF70CFB9DF8075077
:1032F0002046382DA8BF3825DC2129E10DF1070033
:10330000FFF70DFB9DF807502046382DA8BF382544
:103310004FF48A711CE10DF10700FFF70DFB9DF8DA
:1033200007502046382DA8BF38254FF4A6710FE16D
:103330000DF10700FFF70DFB9DF807502046382DD3
:10334000A8BF38254FF4C27102E10DF10700FFF765
:103350000DFB9DF807502046382DA8BF38254FF4A7
:10336000DE71F5E00DF10700FFF70DFB9DF807504A
:103370002046382DA8BF38254FF4FA71E8E00DF14A
:103380000700FFF70DFB9DF807502046382DA8BF1A
:1033900038254FF40B71DBE00DF10700FFF70DFB53
:1033A0009DF807502046382DA8BF38254FF41971D5
:1033B000CEE00DF10700FFF70DFB9DF8075020460A
:1033C000382DA8BF38254FF42771C1E00DF1070053
:1033D000FFF70DFB9DF807502046382DA8BF382574
:1033E0004FF43571B4E00DF10700FFF70DFB9DF8C8
:1033F00007502046382DA8BF38254FF44371A7E069
:103400000DF10700FFF70DFB9DF807502046382D02
:10341000A8BF38254FF451719AE00DF10700FFF76E
:103420000DFB9DF807502046382DA8BF38254FF4D6
:103430005F718DE00DF10700FFF70DFB9DF8075060
:103440002046382DA8BF38254FF46D7180E00DF16E
:103450000700FFF70DFB9DF807502046382DA8BF49
:1034600038254FF47B7173E00DF10700FFF70DFB7A
:103470009DF807502046382DA8BF382540F224413A
:1034800066E00DF10700FFF70DFB9DF807502046A1
:10349000382DA8BF382540F25C4159E00DF10700F6
:1034A000FFF70DFB9DF807502046382DA8BF3825A3
:1034B00040F294414CE00DF10700FFF70DFB9DF841
:1034C00007502046382DA8BF382540F2CC413FE0B8
:1034D0000DF10700FFF70DFB9DF807502046382D32
:1034E000A8BF382540F2045132E00DF10700FFF784
:1034F0000DFB9DF807502046382DA8BF382540F217
:103500003C5125E00DF10700FFF70DFB9DF807503A
:103510002046382DA8BF382540F2745118E00DF12F
:103520000700FFF70DFB9DF807502046382DA8BF78
:10353000382540F2AC510BE00DF10700FFF70DFB11
:103540009DF807502046382DA8BF382540F2E45199
:103550003822FFF78FF8284600E0002003B030BD86
:10356000013A13B50C46172A00F26881DFE812F021
:1035700018002500330041004F005D006B0079000A
:1035800087009500A300B100BF00CD00DB00E9007B
:10359000F7000501130121012F013D014B015901E4
:1035A000DC213822FFF775F802A8382CA8BF382490
:1035B00000F8014DFFF7AEF940E14FF48A7138226F
:1035C000FFF767F802A8382CA8BF382400F8014D8F
:1035D000FFF7ADF932E14FF4A6713822FFF759F841
:1035E00002A8382CA8BF382400F8014DFFF7ACF929
:1035F00024E14FF4C2713822FFF74BF802A8382CAF
:10360000A8BF382400F8014DFFF7ABF916E14FF4DD
:10361000DE713822FFF73DF802A8382CA8BF382405
:1036200000F8014DFFF7AAF908E14FF4FA713822CA
:10363000FFF72FF802A8382CA8BF382400F8014D56
:10364000FFF7A9F9FAE04FF40B713822FFF721F8E0
:1036500002A8382CA8BF382400F8014DFFF7A8F9BC
:10366000ECE04FF419713822FFF713F802A8382C58
:10367000A8BF382400F8014DFFF7A7F9DEE04FF4AA
:1036800027713822FFF705F802A8382CA8BF382484
:1036900000F8014DFFF7A6F9D0E04FF4357138225C
:1036A000FEF7F7FF02A8382CA8BF382400F8014D18
:1036B000FFF7A5F9C2E04FF443713822FEF7E9FFA6
:1036C00002A8382CA8BF382400F8014DFFF7A4F950
:1036D000B4E04FF451713822FEF7DBFF02A8382C1A
:1036E000A8BF382400F8014DFFF7A3F9A6E04FF476
:1036F0005F713822FEF7CDFF02A8382CA8BF38240E
:1037000000F8014DFFF7A2F998E04FF46D713822EF
:10371000FEF7BFFF02A8382CA8BF382400F8014DDF
:10372000FFF7A1F98AE04FF47B713822FEF7B1FF71
:1037300002A8382CA8BF382400F8014DFFF7A0F9E3
:103740007CE040F224413822FEF7A3FF02A8382C87
:10375000A8BF382400F8014DFFF79FF96EE040F252
:103760005C413822FEF795FF02A8382CA8BF382408
:1037700000F8014DFFF79EF960E040F294413822D5
:10378000FEF787FF02A8382CA8BF382400F8014DA7
:10379000FFF79DF952E040F2CC413822FEF779FF65
:1037A00002A8382CA8BF382400F8014DFFF79CF977
:1037B00044E040F204513822FEF76BFF02A8382C97
:1037C000A8BF382400F8014DFFF79BF936E040F21E
:1037D0003C513822FEF75DFF02A8382CA8BF3824E0
:1037E00000F8014DFFF79AF928E040F274513822B1
:1037F000FEF74FFF02A8382CA8BF382400F8014D6F
:10380000FFF799F91AE040F2AC513822FEF741FF78
:1038100002A8382CA8BF382400F8014DFFF798F90A
:103820000CE040F2E4513822FEF733FF02A8382CB6
:10383000A8BF382400F8014DFFF797F902B010BD7A
:10384000013908B5172941D8DFE801F00C0E101234
:103850001416181A1C1E20222426282A2C2E303238
:103860003436383A7C212CE07D212AE07E2128E084
:103870007F2126E0802124E0812122E0822120E0B6
:1038800083211EE084211CE085211AE0862118E0B6
:10389000872116E0882114E0892112E08A2110E0B6
:1038A0008B210EE08C210CE08D210AE08E2108E0B6
:1038B0008F2106E0902104E0912102E0922100E0B6
:1038C00093210122FEF7D6FE012008BD002008BD8D
:1038D000013917293FD8DFE801F00C0E1012141639
:1038E000181A1C1E20222426282A2C2E3032343668
:1038F000383A7C212CE07D212AE07E2128E07F21BE
:1039000026E0802124E0812122E0822120E0832121
:103910001EE084211CE085211AE0862118E0872121
:1039200016E0882114E0892112E08A2110E08B2121
:103930000EE08C210CE08D210AE08E2108E08F2121
:1039400006E0902104E0912102E0922100E0932121
:103950000122FEF79EBE7047013908B5172941D8EC
:10396000DFE801F00C0E10121416181A1C1E20228B
:103970002426282A2C2E30323436383A94212CE052
:1039800095212AE0962128E0972126E0982124E03D
:10399000992122E09A2120E09B211EE09C211CE03D
:1039A0009D211AE09E2118E09F2116E0A02114E03D
:1039B000A12112E0A22110E0A3210EE0A4210CE03D
:1039C000A5210AE0A62108E0A72106E0A82104E03D
:1039D000A92102E0AA2100E0AB210122FEF74AFE64
:1039E000012008BD002008BD013917293FD8DFE8B4
:1039F00001F00C0E10121416181A1C1E2022242678
:103A0000282A2C2E30323436383A94212CE0952155
:103A10002AE0962128E0972126E0982124E09921A8
:103A200022E09A2120E09B211EE09C211CE09D21A8
:103A30001AE09E2118E09F2116E0A02114E0A121A8
:103A400012E0A22110E0A3210EE0A4210CE0A521A8
:103A50000AE0A62108E0A72106E0A82104E0A921A8
:103A600002E0AA2100E0AB210122FEF712BE70475E
:103A7000013908B5172941D8DFE801F00C0E101202
:103A80001416181A1C1E20222426282A2C2E303206
:103A90003436383AC4212CE0C5212AE0C62128E07A
:103AA000C72126E0C82124E0C92122E0CA2120E064
:103AB000CB211EE0CC211CE0CD211AE0CE2118E064
:103AC000CF2116E0D02114E0D12112E0D22110E064
:103AD000D3210EE0D4210CE0D5210AE0D62108E064
:103AE000D72106E0D82104E0D92102E0DA2100E064
:103AF000DB210122FEF7BEFD012008BD002008BD2C
:103B0000013917293FD8DFE801F00C0E1012141606
:103B1000181A1C1E20222426282A2C2E3032343635
:103B2000383AC4212CE0C5212AE0C62128E0C7216B
:103B300026E0C82124E0C92122E0CA2120E0CB21CF
:103B40001EE0CC211CE0CD211AE0CE2118E0CF21CF
:103B500016E0D02114E0D12112E0D22110E0D321CF
:103B60000EE0D4210CE0D5210AE0D62108E0D721CF
:103B700006E0D82104E0D92102E0DA2100E0DB21CF
:103B80000122FEF786BD7047013908B5172959D8BB
:103B9000DFE801F00C0F1215181B1E2124272A2D17
:103BA000303336393C3F4245484B4E5140F2346148
:103BB00043E040F2356140E040F236613DE040F2E2
:103BC00037613AE04FF4C76137E040F2396134E0E1
:103BD00040F23A6131E040F23B612EE040F23C615C
:103BE0002BE040F23D6128E040F23E6125E040F2EA
:103BF0003F6122E04FF4C8611FE040F241611CE0E8
:103C000040F2426119E040F2436116E040F2446143
:103C100013E040F2456110E040F246610DE040F2F1
:103C200047610AE04FF4C96107E040F2496104E0EE
:103C300040F24A6101E040F24B610122FEF71AFDB9
:103C4000012008BD002008BD0139172957D8DFE839
:103C500001F00C0F1215181B1E2124272A2D3033BA
:103C600036393C3F4245484B4E5140F2346143E0C7
:103C700040F2356140E040F236613DE040F23761AC
:103C80003AE04FF4C76137E040F2396134E040F286
:103C90003A6131E040F23B612EE040F23C612BE0C2
:103CA00040F23D6128E040F23E6125E040F23F6194
:103CB00022E04FF4C8611FE040F241611CE040F295
:103CC000426119E040F2436116E040F2446113E0C2
:103CD00040F2456110E040F246610DE040F247617C
:103CE0000AE04FF4C96107E040F2496104E040F2A4
:103CF0004A6101E040F24B610122FEF7CABC704705
:103D0000013908B5172959D8DFE801F00C0F121551
:103D1000181B1E2124272A2D303336393C3F4245BB
:103D2000484B4E5140F24C6143E040F24D6140E05F
:103D300040F24E613DE040F24F613AE04FF4CA611B
:103D400037E040F2516134E040F2526131E040F23C
:103D500053612EE040F254612BE040F2556128E0BF
:103D600040F2566125E040F2576122E04FF4CB610A
:103D70001FE040F259611CE040F25A6119E040F244
:103D80005B6116E040F25C6113E040F25D6110E0BF
:103D900040F25E610DE040F25F610AE04FF4CC61F9
:103DA00007E040F2616104E040F2626101E040F24C
:103DB00063610122FEF75EFC012008BD002008BD02
:103DC0000139172957D8DFE801F00C0F1215181B1D
:103DD0001E2124272A2D303336393C3F4245484B9B
:103DE0004E5140F24C6143E040F24D6140E040F200
:103DF0004E613DE040F24F613AE04FF4CA6137E076
:103E000040F2516134E040F2526131E040F25361DE
:103E10002EE040F254612BE040F2556128E040F280
:103E2000566125E040F2576122E04FF4CB611FE07C
:103E300040F259611CE040F25A6119E040F25B61C6
:103E400016E040F25C6113E040F25D6110E040F288
:103E50005E610DE040F25F610AE04FF4CC6107E083
:103E600040F2616104E040F2626101E040F26361AE
:103E70000122FEF70EBC7047653908B51F2975D8B9
:103E8000DFE801F0101316191C1F2225282B2E31F4
:103E900034373A3D404346494C4F5255585B5E617A
:103EA00064676A6D40F27C615BE040F27D6158E0DE
:103EB00040F27E6155E040F27F6152E04FF4D06104
:103EC0004FE040F281614CE040F2826149E040F213
:103ED000836146E040F2846143E040F2856140E066
:103EE00040F286613DE040F287613AE04FF4D161F3
:103EF00037E040F2896134E040F28A6131E040F21B
:103F00008B612EE040F28C612BE040F28D6128E065
:103F100040F28E6125E040F28F6122E04FF4D261E1
:103F20001FE040F291611CE040F2926119E040F222
:103F3000936116E040F2946113E040F2956110E065
:103F400040F296610DE040F297610AE04FF4D361D0
:103F500007E040F2996104E040F29A6101E040F22A
:103F60009B610122FEF786FB012008BD002008BDF1
:103F700065391F2973D8DFE801F0101316191C1FCB
:103F80002225282B2E3134373A3D404346494C4FA9
:103F90005255585B5E6164676A6D40F27C615BE01C
:103FA00040F27D6158E040F27E6155E040F27F6171
:103FB00052E04FF4D0614FE040F281614CE040F2BA
:103FC000826149E040F2836146E040F2846143E06F
:103FD00040F2856140E040F286613DE040F2876159
:103FE0003AE04FF4D16137E040F2896134E040F2C9
:103FF0008A6131E040F28B612EE040F28C612BE06F
:1040000040F28D6128E040F28E6125E040F28F6140
:1040100022E04FF4D2611FE040F291611CE040F2D7
:10402000926119E040F2936116E040F2946113E06E
:1040300040F2956110E040F296610DE040F2976128
:104040000AE04FF4D36107E040F2996104E040F2E6
:104050009A6101E040F29B610122FEF71ABB7047B2
:10406000013908B5032913D8DFE801F00205080B70
:1040700040F29C6107E040F29D6104E040F29E61E5
:1040800001E040F29F610122FEF7F4FA012008BD31
:10409000002008BD0139032911D8DFE801F002052D
:1040A000080B40F29C6107E040F29D6104E040F2A1
:1040B0009E6101E040F29F610122FEF7EABA70477B
:1040C00008B50846114604F0E3FA002008BDFFFFDA
:1040D00010B5044612480CF007FE6379642B1ED914
:1040E000A37903F00F03012B04D1E11D0D4811F05A
:1040F000D7F90DE0022B02D10CF0FCFD03E0032BFD
:1041000006D10CF0FBFD0246E11D06480CF0FAFD5D
:10411000044800214122BDE8104024F0DFB910BD61
:10412000918600007895FF1F034B044819780122FF
:10413000C901134603F0EAB9FC91FF1F6896FF1FFF
:1041400038B5254B1B78032B05460C461CD006D8EA
:10415000012B10D0022B39D10CF0CCFD16E0662BD0
:104160001FD0672B28D0042B30D108462A461B4984
:1041700008F08EFF1EE00846184A294611F09EF905
:10418000003018BF012038BD0CF0B8FD03461349BC
:10419000284622460CF0F2FDD0F1010038BF002085
:1041A00038BD0CF0A7FD0D490346224628460CF009
:1041B0006DFE08B1002038BD0CF0A0FD0749034694
:1041C000224628460CF062FE0028F3D1044803F092
:1041D000B5FB012038BD00BFFC91FF1FAC92FF1F53
:1041E000689202002DE9F04F91B0DFF8E481734D41
:1041F00098F8003092466A46A2EBC3128B46002123
:1042000004AF0646954628460A4610F024F807F102
:104210000C000EF0DEFB07F118000EF0DAFB07F1E0
:1042200024000EF0D6FB98F8003005F11400DB01F5
:104230004FF001116B600EF03FFC0DF110090446C8
:1042400000286CD15E4B98F800207B60194605F180
:104250002C0092010EF08BFC7B68044600285ED196
:1042600098F80020920105F1380099180EF07FFCB3
:104270000446002853D105F1080005F12C0105F191
:1042800038020EF04CFF0446002848D107F10C001C
:1042900005F12C0101220EF02CFF044600283ED12E
:1042A00007F1180005F1380101220EF022FF044643
:1042B000A8BB07F1240007F10C0107F118020EF06A
:1042C0002EFF044658BB05F1200005F1140107F14B
:1042D00024020FF059FC044608BB05F1440005F127
:1042E000200107F10C020FF057F90446B8B905F1A7
:1042F000500005F1200107F118020FF04DF90446B6
:1043000068B905F15C00A0F12401A0F130020FF0C2
:104310003BFC044618B928460FF0D6FF044607F1C7
:104320000C000EF05DFB07F118000EF059FB07F1D1
:1043300024000EF055FB0CB1224836E098F800300E
:1043400080226FF0090112FB0311B142DCBF6FF054
:104350000A0612FB0366202E0CD003DC1C2E0BD1A8
:1043600005230AE0302E03D0402E05D1082304E0B7
:10437000072302E0062300E000238DE848081249E5
:10438000CDF80C90012300220C4810F01DFB98F88A
:10439000002004464946D201504617F0F1F807487C
:1043A00010F0E0FB204624B1084803F0C7FA4FF0B4
:1043B000FF303437BD46BDE8F08F00BFCC94FF1FFF
:1043C000CC92FF1F81920200C1400000EB920200DC
:1043D000FC91FF1F2DE9F04F95B0454B19784FF038
:1043E000FF3202EBC11202F1010A083222F0070289
:1043F00002AFE846ADEB020D3E4A117802AC9B4697
:1044000021B90A4605F054FEF8226AE0042967D172
:10441000394E3A4D33681C2BB1460FD023F01002B1
:10442000202A0BD0402B09D0354803F087FA012011
:1044300003F03CFC0021316028684CE0314E3178BB
:10444000727800932868304B05F090FE2F4B2D6852
:1044500024221A702946D9F800207B6007F1080051
:1044600017F08EF8284600214FF4806224F036F8C9
:104470002246D9F80000264D07F10801FFF7B2FEE9
:104480007B680246A0B9F6211970B3789BF800103A
:104490002B70012B20464FEAC11103D11A4603F0BD
:1044A00035F80AE0134603F031F803F0E7FC04E0C6
:1044B000002218481A7003F041FA552003F0F6FB69
:1044C00020460021524624F009F82B78012B0AD00F
:1044D000114B186800214FF4806223F0FFFF02E0C7
:1044E00023220A4B1A704C37C546BD46BDE8F08FF3
:1044F000FC91FF1F00BAFF1F4CBAFF1FB88CFF1FB3
:10450000A5920200999BFF1F1091FF1FD5B9FF1FB5
:10451000D8B9FF1FCE920200A88CFF1F2DE9F043EF
:104520004E4C4F4D884600218FB08146174620469D
:104530000A460FF090FE05A80EF04BFA08A80EF000
:1045400048FA0BA80EF045FA2B7804F11400DB01B1
:104550004FF0011163600EF0AFFA00284FD1414EC9
:104560002A7804F12C00314692010EF000FB00285D
:1045700045D12A78920104F13800B1180EF0F7FA0B
:1045800000283CD104F1080004F12C0104F13802A8
:104590000EF0C5FD98BB05A804F12C0101220EF018
:1045A000A8FD60BB08A804F1380101220EF0A1FDAE
:1045B00028BB0BA805A908AA0EF0B1FDF8B904F1B3
:1045C000200004F114010BAA0FF0DEFAB8B904F1CF
:1045D000440004F1200105AA0EF0DEFF78B904F1D1
:1045E000500004F1200108AA0EF0D6FF38B904F1FA
:1045F0005C00A0F12401A0F130020FF0C5FA05A87B
:104600000EF0EEF908A80EF0EBF90BA80EF0E8F9A1
:1046100012480FF059FE044668B1134803F08EF9B2
:104620000E4810F09FFA2046ACB1104803F086F90E
:104630004FF0FF300FE04FF4007303932146224602
:10464000CDF80090CDF8048002970448012310F0C3
:104650003FF90446E4E70FB0BDE8F0830092FF1F86
:10466000FC91FF1FCC92FF1F81920200E592020095
:104670002DE9F04F85B03E4B02AF197800247C60E5
:1046800021B90A4605F014FDF9226AE0042967D130
:10469000384DDFF800B12B689BF80020364EB3EBA5
:1046A000C21FEA4609D0354803F048F9012003F05B
:1046B000FDFA2C60306821464CE0DFF8DC80DFF842
:1046C000D09098F8001098F80120009330682C4B97
:1046D00005F04CFD242389F800309BF80030366843
:1046E000AAEBC31295460DF1080B31462A68254DF9
:1046F000584616F045FF304621464FF4806223F0BD
:10470000EDFE2A68204E381D5946FFF707FF024686
:1047100098B9F62389F8003098F802303370012BED
:104720002868796803D11A4602F0F0FE0AE01346C1
:1047300002F0ECFE03F0A2FB04E0144889F800400C
:1047400003F0FCF8552003F0B1FA3378012B05D0C3
:10475000286800214FF4806223F0C0FED54602E0B5
:1047600023220B4B1A700C37BD46BDE8F08F00BFFB
:1047700000BAFF1F4CBAFF1FB88CFF1F1493020032
:104780001091FF1FA88CFF1FD8B9FF1F4093020094
:10479000D5B9FF1FFC91FF1F999BFF1FF0B58BB090
:1047A000064601A80EF015F936B204A8184F0EF00F
:1047B00010F9B50107A80EF00CF901A839462A46F0
:1047C0000EF0D5F9044698B904A879192A460EF0D6
:1047D000CEF9044660B907A801A904AA0EF09FFC0F
:1047E000044628B907A80B49F2010EF0FAF904466D
:1047F00001A80EF0F5F804A80EF0F2F807A80EF0E4
:10480000EFF814B1044803F099F80BB0F0BD00BF05
:10481000CC92FF1F6896FF1F5A9302002DE9F043C8
:10482000474C484D884600218FB0814617462046A8
:104830000A460FF010FD05A80EF0CBF808A80EF000
:10484000C8F80BA80EF0C5F82B7804F11400DB01B2
:104850004FF0011163600EF02FF900284FD13A4E4E
:104860002A7804F12C00314692010EF080F90028DC
:1048700045D12A78920104F13800B1180EF077F989
:1048800000283CD104F1080004F12C0104F13802A5
:104890000EF045FC98BB05A804F12C0101220EF096
:1048A00028FC60BB08A804F1380101220EF021FCAD
:1048B00028BB0BA805A908AA0EF031FCF8B904F131
:1048C000200004F114010BAA0FF05EF9B8B904F14D
:1048D000440004F1200105AA0EF05EFE78B904F14F
:1048E000500004F1200108AA0EF056FE38B904F178
:1048F0005C00A0F12401A0F130020FF045F905A8F9
:104900000EF06EF808A80EF06BF80BA80EF068F821
:104910000B480FF0ADFC024670B90C49CDF8009081
:104920001346CDF80480029705480FF05BFF04465C
:10493000034810F017F920460FB0BDE8F08300BF20
:10494000BC95FF1FFC91FF1FCC92FF1FC1400000D0
:10495000084100F001007047F0B50025ECB20B1BD8
:104960000444DBB2E4B29C4205F1010504D2165DB9
:10497000D75C1755D654F1E7F0BDFFFF08B51748CF
:104980000021412223F0AAFD154B1B78012B05D1F4
:1049900012481449BDE808400AF092BA022B02D12D
:1049A0000CF0A8F903E0032B08D10CF0A7F902469C
:1049B0000A490C48BDE808400CF0A7BA042B0BD1FB
:1049C00000201F21074AFFF7C7FF044805490022BE
:1049D000BDE8084008F05CBB08BD00BF7895FF1F2C
:1049E000FC91FF1FAC92FF1F38B5144D044640796F
:1049F00005F006FC2B78012B05D1A379042B02D1FD
:104A00002B70FFF7BBFF2B78042B04D0012B14BFB6
:104A10004021202100E0202101221346084802F015
:104A200075FD00214022064823F058FD054800216D
:104A30002022BDE8384023F051BD00BFFC91FF1F8C
:104A40007895FF1FAC92FF1F38B505462C4608F03D
:104A500027FE044B44F8783B204609F0A5FF6C6024
:104A6000284638BD009202002DE9F04FADF5097DD2
:104A700002AF044607F1A0009A468846164609F0A0
:104A800033FD07F1A00009F0D9FC073020F0070042
:104A9000ADEB000D07F1A00009F0D0FC07F58C7913
:104AA000FF22BAFBF0FB0021484623F017FD02ADC0
:104AB0000022954B13441B79022B19D107F13000CA
:104AC0007A60FCF759FF07F1300049467A68FCF735
:104AD0007DFF07F130004946FCF799FF74B9214684
:104AE00007F11000212223F0F9FC07F1100405E082
:104AF000FF2AE3D009F802300132DAE7214607F154
:104B0000A000212209F06FFE4146202207F1A000FB
:104B100009F0D8FD07F1A00009F090FC2146212200
:104B200000902B4607F1A00009F076FE07F1A000E7
:104B300009F084FC00F1210300F12008283020F066
:104B40000700ADEB000D02ACFB60012304F8083058
:104B500007F1A00009F072FC07F59C7E22184B4675
:104B600003CB734510605160994602F10802F6D1FB
:104B700007F1A00009F062FC2946024607F1A000F7
:104B800009F031FE07F1A00009F058FC212221189C
:104B900007F1A00009F096FD07F1A00009F04EFC16
:104BA000814607F1A00009F049FC4A4629460090D9
:104BB000334607F1A00009F02FFE14F80830013346
:104BC00004F8083007F1A00009F038FC314602462D
:104BD000204616F0D5FC4FF00109D94507F1A00099
:104BE0003EDA09F02BFC2946024607F1A00009F045
:104BF000FAFD2146FA6807F1A00009F063FD07F10C
:104C0000A00009F01BFC024607F1A0007A6009F041
:104C100015FC09FB006307F1A000BB6009F00EFC66
:104C200000907A68BB68294607F1A00009F0F4FDFE
:104C300014F80830013304F8083007F1A00009F037
:104C4000FDFB09FB006107F1A000B96009F0F6FB6C
:104C5000B9680246204616F093FC09F10109BCE749
:104C600009F0ECFBBAFBF0F303FB10A000283DD0E9
:104C700007F1A00009F0E2FB073020F00700E94649
:104C8000ADEB000D07F1A00009F0D8FB0BFB10AA5B
:104C900007F1A00009F0D2FB2946024607F1A00067
:104CA00009F0A1FD2146FA6807F1A00009F00AFD0C
:104CB00007F1A00009F0C2FB044607F1A00009F0CB
:104CC000BDFB0DF10808009029462246434607F136
:104CD000A00009F0A1FD07F1A00009F0AFFB4146DB
:104CE0000BFB0060524616F04BFCCD4607F1A000CE
:104CF00009F0D4FB07F1A00009F0DCFB07F507770A
:104D0000BD46BDE8F08F00BF1C9CFF1F70B5064676
:104D10009CB00D461446CAB9842005F071FA2146AC
:104D20004122134823F0DAFB6846FCF725FE68466B
:104D300010492022FCF74AFE684629462022FCF74B
:104D400045FE68460B49FCF762FE0AE0802A08D15E
:104D5000104605F055FA074928460A462023FFF772
:104D600083FE054B1E70FFF709FE1CB070BD00BF2F
:104D70007895FF1FAC92FF1FFC91FF1F10B50446F2
:104D80004079042809D8A3794BB905F08DFAF8B118
:104D90002046BDE81040FFF7C7B9742807D805F0D2
:104DA0002FFAA8B12046BDE81040FFF71DBE8428A9
:104DB0000ED1A07904280BD8E11D0022FFF7A6FF31
:104DC0000022044840211346BDE8104002F09EBB7B
:104DD00010BD00BF7895FF1F2DE9F043654C664E6E
:104DE000664D236831787278F1B0074600932868E1
:104DF000634B05F0BBF94EA80021882223F06EFB1F
:104E0000604B4E93604B4F93604B509378794023A7
:104E1000519320235293C8282EAB5393B04632D9D6
:104E2000C92804D121682B682039012005E0CA284F
:104E300006D121682B6820390220194400221CE089
:104E4000CB2804D121682B6820390320F5E7D3282B
:104E500004D121682B68203901200CE0D42804D12A
:104E600021682B682039022005E0D52807D1216868
:104E70002B682039032019448022FFF747FF23685D
:104E8000203B236005E0A0F165030F2B6ED805F0F1
:104E9000B7F92268DFF8DC903D4F202A12AE01D02E
:104EA000402A04D102A8296816F06AFB12E03046B5
:104EB000FCF762FD30462968D9F80020FCF786FD32
:104EC000304602A9FCF7A3FD3B78012B1CBF202331
:104ED000C9F800302F4A242313703B78012B174662
:104EE00008D12368009330462B492C4A2B6809F0DF
:104EF00063FF10E0022B02D10BF0FCFE03E0032B5A
:104F000009D10BF0FBFE019000962348226802A90C
:104F10004EAB0CF03AF8F62398F802203B70204B89
:104F2000012A1A7030464FF0400103D1134602F0B7
:104F3000EDFA05E00122134602F0E8FA02F09EFFC6
:104F4000552002F0B3FE286800214FF4806223F060
:104F5000C5FA00214122114823F0C0FA0E48002171
:104F6000202271B0BDE8F04323F0B8BA71B0BDE8BB
:104F7000F08300BF4CBAFF1F999BFF1FB88CFF1F27
:104F80001091FF1FC5690100CB690100D1690100C3
:104F9000FC91FF1FD5B9FF1FAC92FF1F7895FF1F33
:104FA000D8B9FF1F08B5094B197821B90A4605F091
:104FB0007FF8F82206E0042903D1BDE80840FFF796
:104FC0000BBF2322024B1A7008BD00BF00BAFF1F9F
:104FD000D5B9FF1F10B504461A480BF085FE60795D
:104FE00064280DD805F060F9174B1B780BB91748EA
:104FF00019E0420616D52046BDE81040FFF7EAB991
:1050000000F13702D2B2032A14D9A0F165020F2AA7
:1050100015D805F0F5F8C0B20B4B1B78002BE6D085
:10502000430607D40A4802F089FC0020BDE810407E
:1050300002F03CBE2046BDE81040FFF7B3BF0020A1
:10504000EAE700BF91860000FC91FF1F7893020001
:10505000969302002DE9F04194B00446002103A884
:10506000412223F03BFA5B4B1E7846B9324620467C
:10507000314605F01DF8584BF9221A70A7E0042EAE
:1050800040F0A580DFF87081544F554DD8F80030BE
:1050900039787A7828680093524B05F067F8607980
:1050A000C928444632D9CA2804D121682B6820393E
:1050B000022005E0CB2806D121682B682039032087
:1050C000194400221CE0CC2804D121682B68203927
:1050D0003046F5E7D42804D121682B682039022016
:1050E0000CE0D52804D121682B682039032005E085
:1050F000D62807D121682B682039304619448022F0
:10510000FFF704FE2368203B236005E0A0F1650261
:105110000F2A5CD805F074F8334B1A78911E0129D8
:105120009CBF64321A701B78012B06D12E4B0422CF
:105130001A702026FFF722FC00E040262268212A70
:1051400001D0412A05D129682848013A226001315D
:1051500005E0202A01D0402A03D12448296816F00E
:105160000FFA1D4A232313702368402B144601D0E5
:10517000202B03D11D4803A9FEF7E2FFF623BA78DE
:1051800023701B4B012A1A7003A8314603D1134622
:1051900002F0BCF905E00122134602F0B7F902F073
:1051A0006DFE552002F082FD286800214FF48062D8
:1051B00023F094F9002141220C4823F08FF90D4887
:1051C0000021202214B0BDE8F04123F087B914B0CB
:1051D000BDE8F08100BAFF1FD5B9FF1F999BFF1FE3
:1051E000B88CFF1F1091FF1FFC91FF1F7895FF1FC8
:1051F000D8B9FF1FAC92FF1F4CBAFF1F10B5044671
:105200001A480BF071FD607964280DD805F04CF850
:10521000174B1B780BB9174819E0820616D52046A4
:10522000BDE81040FFF724BA00F13702D2B2032ADA
:1052300014D9A0F165020F2A15D804F0E1FFC0B21D
:105240000B4B1B78002BE6D0830607D40A4802F0EC
:1052500075FB0020BDE8104002F028BD2046BDE8E7
:105260001040FFF7F7BE0020EAE700BF918600007C
:10527000FC91FF1F78930200B9930200F0B55D4BDB
:105280005D4E1B7896F84050042B89B0344640F0B0
:10529000AF80304603F0ACFA074660B939460922C0
:1052A000564823F01BF930463946502209B0BDE874
:1052B000F04023F013B9524B0022382D1A701E46CD
:1052C00001D1812002E0302D03D1822004F098FF2B
:1052D00006E06B1E172B03D84A48294604F052FFFC
:1052E000494B1B7853B9EA180DF803200133202BE2
:1052F000F9D1002069460246FFF708FD94F83920ED
:105300000323202A33703C4B17D193F83A20202AEC
:1053100013D193F83B20202A0FD193F83C20202A68
:105320000BD193F83D20202A07D193F83E20202A64
:1053300003D193F83F60202E07D03F22A35C13B91E
:10534000013A0E2AFAD10132D6B2304D2D49284603
:105350001422FDF76CF82B6827495B683246284613
:1053600098472846FDF7A0F86A46034600F1100664
:1053700018685968154603C50833B3422A46F7D161
:1053800018682860202200211E4823F0A7F8142165
:1053900068460BF021FFBDF80420A28008AA05464C
:1053A00052F8191D00989DF8063020601848A16039
:1053B000A37191889279C023E3718271C1228180A7
:1053C000E27308AA103052F8121D2161928820F869
:1053D000042CC222E2750021382223F07FF8E84332
:1053E00080B2C323A075E37700124B232076237786
:1053F00009B0F0BD00BAFF1F71BBFF1F5DBAFF1FF0
:10540000D8B9FF1FAC92FF1FFC91FF1F3091FF1F07
:1054100079BBFF1F2DE9F04FB5B00C460DF1100818
:10542000002106469246404618229B4623F056F835
:1054300020686168434603C3BBF1010FA068186090
:1054400076D19DF811309DF810501D4405F00305EC
:1054500005F5B4551035AD000FCD0AAC0FC495E875
:105460000F0084E80F00142112A809F053FF0AAFBF
:10547000002312A80293039309F01FFF394612A8D4
:10548000202209F0A9FE414612A8082209F0F4FEE4
:1054900002A912A8082209F04DFF6FF002019AFB41
:1054A000F1F1514403239AFBF3FA314412A8534615
:1054B0000A460AF033F89DF811309DF810401C445C
:1054C00004F0030404F5B4541834A4000FCCB94616
:1054D000A9E80F0094E80F004FEAEA7589E80F0089
:1054E000314652462B46CDF80080019730460FF0EA
:1054F00041FE9DF811309DF810E09E440EF0030E21
:105500000EF5B55E4FEA8E0EBEE80F00BC46ACE865
:105510000F009EE80F0089E80F0006EB0A00CDF8A7
:1055200000800197014652462B460FF099FE28E174
:10553000BBF1020F52D19DF811309DF810501D445F
:1055400005F0030505F5B455AD000FCD0AAC0FC449
:1055500095E80F0084E80F00142112A809F0DAFE84
:105560000AAF002312A80293039309F0A6FE39465E
:1055700012A8202209F030FE414612A8082209F0A4
:105580007BFE02A912A8082209F0D4FE9AFBFBFBBD
:1055900012A8314632465B4609F0C0FF9DF8113033
:1055A0009DF810501D4405F0030505F5B455083568
:1055B000AD000FCD3C460FC495E80F00CBEB0A0AB7
:1055C00084E80F0006EB0A00CDF800800197014641
:1055D0005A464FEAEB730FF0CDFDD2E0BBF1030F5B
:1055E00076D19DF811309DF810401C4404F003045E
:1055F00004F5B554A4000FCC0DF12809A9E80F005B
:1056000094E80F009AFBFBFB89E80F000AAF4FEA12
:10561000EB7506EB0B002B4601465A46CDF8008091
:1056200001970FF01DFE9DF811309DF810E09E448B
:105630000EF0030E0EF5B45E0EF1180E4FEA8E0E4C
:10564000BEE80F00BC46ACE80F009EE80F0089E8FA
:105650000F002B4631465A46CDF800800197304660
:105660000FF088FD9DF811309DF810401C4404F0A7
:10567000030404F5B4541034A4000FCC3D460FC508
:1056800094E80F0089E80F00142112A809F042FEE7
:10569000002312A80293039309F00FFE394620223B
:1056A00012A809F099FD4146082212A809F0E4FD6C
:1056B00002A9082212A809F03DFE6FF002019AFB30
:1056C000F1F18A4406EB0A0112A80A465B4656E04D
:1056D000BBF1040F58D19DF811309DF810501D44B6
:1056E00005F0030505F5B4550835AD000FCD0AAC3E
:1056F0000FC495E80F0084E80F0002239AFBF3F033
:10570000C0EB0A000DF128099AFBF3FA3044014678
:1057100052464FEAEA73CDF80080CDF804900FF0BE
:1057200029FD9DF811309DF810501D4405F003052A
:1057300005F5B455AD000FCD4F460FC795E80F00E6
:1057400084E80F00142112A809F0E4FD002312A838
:105750000293039309F0B1FD4946202212A809F0F3
:105760003BFD4146082212A809F086FD02A9082245
:1057700012A809F0DFFD12A831463246534609F05F
:1057800025FD12A809F0A8FD35B0BDE8F08F30B5B1
:1057900045F6B0359DF80C402D7805F0FD05012D3E
:1057A00004D11CB1BDE83040FFF734BE30BDFFFF6F
:1057B00010B5054B044640F82C3B09F063F8204631
:1057C00009F0A0FC204610BD409202002DE9F041F6
:1057D000CAB005460BAC68460E4690461F4609F017
:1057E000C3FC0F4B0093204609F0DEF86846019495
:1057F00009F0A5FC41466846202209F05BFC3146D1
:105800006846102209F069FC684629462A463B464C
:1058100009F0FAFB6846FFF7CBFF4AB0BDE8F0811C
:10582000409202002DE9F041CAB005460BAC684633
:105830000E4690461F4609F097FC0F4B00932046FA
:1058400009F0B2F86846019409F079FC41466846CF
:10585000202209F02FFC31466846102209F03DFC59
:10586000684629462A463B4609F0F9FB6846FFF799
:105870009FFF4AB0BDE8F0814092020010B5044697
:10588000FFF796FF204620F06DFF204610BDFFFF7A
:1058900010B5054B044640F8783B08F0F3FF20466E
:1058A00007F07CFE204610BD009202002DE9F04377
:1058B000ADF5257D06460C4646A898461546AC9F94
:1058C000FFF7C2F88DF8084003AC0C2120468DF894
:1058D000095000F018FB0EA8FCF74EF80EA8214660
:1058E0000C22FCF773F80EA802A90222FCF76EF84E
:1058F00006AD0EA820222B49FCF768F80EA8294611
:10590000FCF785F895E8070084E807002AA8FCF76B
:1059100033F82AA841461022FCF758F82AA802A911
:105920000222FCF753F82AA820221E49FCF74EF861
:105930002AA82946FCF76BF8237803F00103002B13
:105940004FF001080CBF0223434621463A46304639
:10595000CDF800800CBFC1464FF00209FFF717FFDA
:1059600046A807F079FD294646A8202207F087FDC2
:10597000214646A80C2207F00FFD46A831463246C4
:105980003B4607F0A3FC304621463A464B46CDF84D
:105990000080FFF7FCFE46A8FFF77AFF0DF5257D96
:1059A000BDE8F0836090FF1F2DE9F043ADF5257D44
:1059B00006460C4646A898461546AC9FFFF744F8A5
:1059C0008DF8084003AC0C2120468DF8095000F0FA
:1059D0009AFA0EA8FBF7D0FF0EA821460C22FBF77F
:1059E000F5FF0EA802A90222FBF7F0FF06AD0EA8F4
:1059F00020222C49FBF7EAFF0EA82946FCF707F8FE
:105A000095E8070084E807002AA8FBF7B5FF2AA855
:105A100041461022FBF7DAFF2AA802A90222FBF76F
:105A2000D5FF2AA820221F49FBF7D0FF2AA8294624
:105A3000FBF7EDFF237803F00103002B4FF0010883
:105A40000CBF0323042321463A463046CDF800809C
:105A50000CBF4FF004094FF00309FFF798FE46A86A
:105A600007F0FAFC294646A8202207F008FD214647
:105A700046A80C2207F090FC46A8314632463B4629
:105A800007F0A9FD304621463A464B46CDF8008046
:105A9000FFF77DFE46A8FFF7FBFE0DF5257DBDE86F
:105AA000F08300BF6090FF1F2DE9F0430C46E1B08A
:105AB000054602A81E4691469DF8A071FEF7C4FF58
:105AC0002378009703F00103002B0CBF022301236E
:105AD0002146324628460CBF4FF001084FF002081D
:105AE000FFF755FE02A807F0B7FC494602A820229E
:105AF00007F0C5FC214602A80C2207F04DFC02A8C5
:105B000029462A46334607F0E1FB2846214632461D
:105B100043460097FFF73BFE02A8FFF7B9FE61B0CE
:105B2000BDE8F0832DE9F0430C46E1B0054602A83C
:105B30001E4691469DF8A071FEF786FF23780097D8
:105B400003F00103002B0CBF03230423214632463C
:105B500028460CBF4FF004084FF00308FFF717FE6C
:105B600002A807F079FC494602A8202207F087FC2A
:105B7000214602A80C2207F00FFC02A829462A465B
:105B8000334607F028FD2846214632464346009713
:105B9000FFF7FDFD02A8FFF77BFE61B0BDE8F083D3
:105BA00070B586B0164605460C4603A800210C22A7
:105BB00022F094FC46B100230093284603A9074A2B
:105BC0002346FFF7AFFF06E00096284603A9034AE5
:105BD0002346FFF769FF06B070BD00BFF2DEFF1F6E
:105BE00010B50446FFF754FE204620F0BBFD2046CA
:105BF00010BDFFFF10B5064C06492046FBF7AEFF6F
:105C000020460549FBF7AAFF044B0020187010BD81
:105C10008490FF1F34BBFF1F50BBFF1F55BAFF1FEF
:105C200038B5434B434C1D78012D12D100210A4653
:105C3000207809F04BFE002102463F4809F02AFE79
:105C400000210A46207809F041FE294602463A48DA
:105C500058E02B2D0FD8207840080146002209F08B
:105C600035FE00210246344809F014FE2078400831
:105C70000146002241E0552D0CD800202178024633
:105C800009F024FE002102462B4809F003FE002003
:105C9000217831E0802D0FD8217849080A4600206C
:105CA00009F014FE00210246234809F0F3FD217893
:105CB000490800200A4620E0AA2D0DD80020014600
:105CC000227809F003FE002102461B4809F0E2FD9C
:105CD00000200146227810E0D52D15D82078400804
:105CE0000021024609F0F2FD00210246124809F0A7
:105CF000D1FD207800214008024609F0E7FD024668
:105D00000D48012109F0C6FD0B4809F029FD237853
:105D10000833DBB223704BB908480949FBF71EFF73
:105D200006480849BDE83840FBF749BF38BD00BF09
:105D3000D6B9FF1FF4BAFF1FE0BAFF1F8490FF1F00
:105D400034BBFF1F50BBFF1F13B54224204620F079
:105D500005F902AB23440134462C03F8460CF5D177
:105D6000019802B010BD37B54224019002AB234424
:105D7000204613F8465C20F0F1F8854203D0204617
:105D8000294620F0FFF80134462CEFD103B030BD96
:105D9000034B002118604022024822F09FBB00BF45
:105DA000D8B9FF1F9E9BFF1F70B5044614F8010B66
:105DB000C0B1FF28FAD00E4E1FF08CFE33780325B9
:105DC00013FB03F393FBF5F0A84016F0B3FB1FF0B1
:105DD000CDFE337813FB03F393FBF5F0A84016F0E8
:105DE000A9FBE3E70348BDE8704020F0ABBC00BF6F
:105DF000A48CFF1F00E5FF1F10B5422420460021A0
:105E0000013420F0BFF8B4F5006FF7D110BD10B524
:105E10004FF46A342046002104F5006406F0E2FBEA
:105E2000B4F57E3FF6D110BD30B50023D41E9C42A0
:105E30000DDDCC58240EC454CD58C4182D0C6570FB
:105E4000CD582D0AA570CD58E5700433EEE730BD6E
:105E5000F7B50F461646C41C0025F31EAB4207EBF0
:105E6000050004F1040416DD14F8062C14F8053CB2
:105E7000120442EA032214F8043C1A4314F8073CC3
:105E800002A942EA036241F8042D0022134606F0FB
:105E900079FB0435E1E703B0F0BD30B50D46ADF652
:105EA000040D04464FF4723168464FF40062013D20
:105EB000FFF7BAFF2D01002300AA2A44E15CD15468
:105EC0000133102BF8D1237823B14FF47230002125
:105ED00006F088FB68464FF472314FF40062FFF71A
:105EE000B7FF0DF6040D30BD70B505460C461646DD
:105EF0000846002106F076FB284621463246BDE8DA
:105F00007040FFF7A5BF10B50A464FF46C31044648
:105F1000FFF78AFF00231846E15C0133202B084479
:105F2000FAD1B0F5FF5018BF012010BD30B5154BA8
:105F3000C1B0012205461A704FF46C31FE2268464A
:105F4000FFF772FF104A2B4605F1200153F8040BAE
:105F500042F8040B8B42F9D100242B5D0DF804307C
:105F60000134202CF9D168464FF46C31FE22FFF742
:105F7000BBFF28464FF46C312246FFF755FF41B076
:105F800030BD00BF5CBAFF1F9090FF1F10B50446E4
:105F900008492022FFF748FF2378FF2B07D16378B9
:105FA000FF2B04D1A078FF3818BF012010BD0120BD
:105FB00010BD00BF20B0030010B5044608492022E0
:105FC000FFF732FF2378FF2B07D16378FF2B04D133
:105FD000A078FF3818BF012010BD012010BD00BF00
:105FE00040B0030030B5C1B005464FF46C3168468F
:105FF000FE22FFF719FF002400AB23442A5D83F83B
:1060000040200134202CF7D168464FF46C31FE2239
:10601000FFF76AFF28464FF46C312246FFF704FF72
:1060200041B030BD10B5044608492022FFF7FCFE00
:106030002378FF2B07D16378FF2B04D1A078FF389A
:1060400018BF012010BD012010BD00BF60B00300CB
:1060500010B5084920220446FFF7E6FE0023184643
:10606000E15C0133202B0844FAD1B0F5FF5018BF92
:10607000012010BD80B0030037B50139044617294F
:1060800000F23F81DFE811F01800250031003D00EB
:106090004900550061006D007900850091009D0068
:1060A000A900B500C100CD00D900E500F100FD0058
:1060B0000901150121012D010DF10700FCF762FE18
:1060C0009DF807502046382DA8BF38254FF46E3173
:1060D00012E10DF10700FCF760FE9DF807508A49B8
:1060E000382DA8BF3825204606E10DF10700FCF742
:1060F0005FFE9DF807508549382DA8BF38252046FA
:10610000FAE00DF10700FCF75EFE9DF807508049AC
:10611000382DA8BF38252046EEE00DF10700FCF72A
:106120005DFE9DF807507B49382DA8BF38252046D5
:10613000E2E00DF10700FCF75CFE9DF807507649A0
:10614000382DA8BF38252046D6E00DF10700FCF712
:106150005BFE9DF807507149382DA8BF38252046B1
:10616000CAE00DF10700FCF75AFE9DF807506C4994
:10617000382DA8BF38252046BEE00DF10700FCF7FA
:1061800059FE9DF807506749382DA8BF382520468D
:10619000B2E00DF10700FCF758FE9DF80750624988
:1061A000382DA8BF38252046A6E00DF10700FCF7E2
:1061B00057FE9DF807505D49382DA8BF3825204669
:1061C0009AE00DF10700FCF756FE9DF8075058497C
:1061D000382DA8BF382520468EE00DF10700FCF7CA
:1061E00055FE9DF807505349382DA8BF3825204645
:1061F00082E00DF10700FCF754FE9DF807504E4970
:10620000382DA8BF3825204676E00DF10700FCF7B1
:1062100053FE9DF807504949382DA8BF3825204620
:106220006AE00DF10700FCF752FE9DF80750444963
:10623000382DA8BF382520465EE00DF10700FCF799
:1062400051FE9DF807503F49382DA8BF38252046FC
:1062500052E00DF10700FCF750FE9DF807503A4957
:10626000382DA8BF3825204646E00DF10700FCF781
:106270004FFE9DF807503549382DA8BF38252046D8
:106280003AE00DF10700FCF74EFE9DF8075030494B
:10629000382DA8BF382520462EE00DF10700FCF769
:1062A0004DFE9DF807502B49382DA8BF38252046B4
:1062B00022E00DF10700FCF74CFE9DF8075026493F
:1062C000382DA8BF3825204616E00DF10700FCF751
:1062D0004BFE9DF807502149382DA8BF3825204690
:1062E0000AE00DF10700FCF74AFE9DF807501C4933
:1062F000382DA8BF382520463822FFF795FD2846BF
:1063000000E0002003B030BD38B8030070B80300CF
:10631000A8B80300E0B8030018B9030050B903009F
:1063200088B90300C0B90300F8B9030030BA03000C
:1063300068BA0300A0BA0300D8BA030010BB030078
:1063400048BB030080BB0300B8BB0300F0BB0300E5
:1063500028BC030060BC030098BC0300D0BC030051
:1063600008BD030070B5ADF6080D154606460C468F
:1063700002A84FF46E314FF40062FFF755FD013D66
:1063800038206843002302AA0244F15CD15401334F
:10639000382BF8D14FF46E30002106F023F9172D79
:1063A00000F2B181DFE815F0180029003A004B0037
:1063B0005C006D007E008F00A000B100C200D30021
:1063C000E400F50006011701280139014A015B01CB
:1063D0006C017D018E019F0102A84FF46E314FF4D4
:1063E0000062FFF735FD382CA8BF38240DF10700F7
:1063F0008DF80740FCF7CDFC85E102A84FF46E3123
:106400004FF40062FFF724FD382CA8BF38240DF1AB
:1064100007008DF80740FCF7C7FC74E102A84FF4B1
:106420006E314FF40062FFF713FD382CA8BF3824FB
:106430000DF107008DF80740FCF7C1FC63E102A8ED
:106440004FF46E314FF40062FFF702FD382CA8BF05
:1064500038240DF107008DF80740FCF7BBFC52E132
:1064600002A84FF46E314FF40062FFF7F1FC382CB4
:10647000A8BF38240DF107008DF80740FCF7B5FCE4
:1064800041E102A84FF46E314FF40062FFF7E0FCE7
:10649000382CA8BF38240DF107008DF80740FCF711
:1064A000AFFC30E102A84FF46E314FF40062FFF709
:1064B000CFFC382CA8BF38240DF107008DF8074019
:1064C000FCF7A9FC1FE102A84FF46E314FF4006203
:1064D000FFF7BEFC382CA8BF38240DF107008DF85B
:1064E0000740FCF7A3FC0EE102A84FF46E314FF415
:1064F0000062FFF7ADFC382CA8BF38240DF107006F
:106500008DF80740FCF79DFCFDE002A84FF46E31CA
:106510004FF40062FFF79CFC382CA8BF38240DF123
:1065200007008DF80740FCF797FCECE002A84FF459
:106530006E314FF40062FFF78BFC382CA8BF382473
:106540000DF107008DF80740FCF791FCDBE002A895
:106550004FF46E314FF40062FFF77AFC382CA8BF7D
:1065600038240DF107008DF80740FCF78BFCCAE0DA
:1065700002A84FF46E314FF40062FFF769FC382C2B
:10658000A8BF38240DF107008DF80740FCF785FC03
:10659000B9E002A84FF46E314FF40062FFF758FCE7
:1065A000382CA8BF38240DF107008DF80740FCF700
:1065B0007FFCA8E002A84FF46E314FF40062FFF7B1
:1065C00047FC382CA8BF38240DF107008DF8074090
:1065D000FCF779FC97E002A84FF46E314FF40062AB
:1065E000FFF736FC382CA8BF38240DF107008DF8D2
:1065F0000740FCF773FC86E002A84FF46E314FF4BD
:106600000062FFF725FC382CA8BF38240DF10700E5
:106610008DF80740FCF76DFC75E002A84FF46E3171
:106620004FF40062FFF714FC382CA8BF38240DF19A
:1066300007008DF80740FCF767FC64E002A84FF400
:106640006E314FF40062FFF703FC382CA8BF3824EA
:106650000DF107008DF80740FCF761FC53E002A83C
:106660004FF46E314FF40062FFF7F2FB382CA8BFF5
:1066700038240DF107008DF80740FCF75BFC42E081
:1066800002A84FF46E314FF40062FFF7E1FB382CA3
:10669000A8BF38240DF107008DF80740FCF755FC22
:1066A00031E002A84FF46E314FF40062FFF7D0FBE7
:1066B000382CA8BF38240DF107008DF80740FCF7EF
:1066C0004FFC20E002A84FF46E314FF40062FFF758
:1066D000BFFB382CA8BF38240DF107008DF8074008
:1066E000FCF749FC0FE002A84FF46E314FF4006252
:1066F000FFF7AEFB382CA8BF38240DF107008DF84A
:106700000740FCF743FC0DF6080D70BD37B50139A5
:106710000446172900F23F81DFE811F01800250038
:1067200031003D004900550061006D007900850091
:1067300091009D00A900B500C100CD00D900E50081
:10674000F100FD000901150121012D010DF10700E6
:10675000FCF710FA9DF807502046382DA8BF3825C1
:106760004FF4703112E10DF10700FCF70EFA9DF8BD
:1067700007508A49382DA8BF3825204606E10DF17B
:106780000700FCF70DFA9DF807508549382DA8BF82
:1067900038252046FAE00DF10700FCF70CFA9DF8C9
:1067A00007508049382DA8BF38252046EEE00DF16E
:1067B0000700FCF70BFA9DF807507B49382DA8BF5E
:1067C00038252046E2E00DF10700FCF70AFA9DF8B3
:1067D00007507649382DA8BF38252046D6E00DF160
:1067E0000700FCF709FA9DF807507149382DA8BF3A
:1067F00038252046CAE00DF10700FCF708FA9DF89D
:1068000007506C49382DA8BF38252046BEE00DF151
:106810000700FCF707FA9DF807506749382DA8BF15
:1068200038252046B2E00DF10700FCF706FA9DF886
:1068300007506249382DA8BF38252046A6E00DF143
:106840000700FCF705FA9DF807505D49382DA8BFF1
:10685000382520469AE00DF10700FCF704FA9DF870
:1068600007505849382DA8BF382520468EE00DF135
:106870000700FCF703FA9DF807505349382DA8BFCD
:106880003825204682E00DF10700FCF702FA9DF85A
:1068900007504E49382DA8BF3825204676E00DF127
:1068A0000700FCF701FA9DF807504949382DA8BFA9
:1068B000382520466AE00DF10700FCF700FA9DF844
:1068C00007504449382DA8BF382520465EE00DF119
:1068D0000700FCF7FFF99DF807503F49382DA8BF86
:1068E0003825204652E00DF10700FCF7FEF99DF82F
:1068F00007503A49382DA8BF3825204646E00DF10B
:106900000700FCF7FDF99DF807503549382DA8BF61
:10691000382520463AE00DF10700FCF7FCF99DF818
:1069200007503049382DA8BF382520462EE00DF1FC
:106930000700FCF7FBF99DF807502B49382DA8BF3D
:106940003825204622E00DF10700FCF7FAF99DF802
:1069500007502649382DA8BF3825204616E00DF1EE
:106960000700FCF7F9F99DF807502149382DA8BF19
:10697000382520460AE00DF10700FCF7F8F99DF8EC
:1069800007501C49382DA8BF382520463822FFF76C
:106990004BFA284600E0002003B030BD38C00300A9
:1069A00070C00300A8C00300E0C0030018C10300CA
:1069B00050C1030088C10300C0C10300F8C1030037
:1069C00030C2030068C20300A0C20300D8C20300A3
:1069D00010C3030048C3030080C30300B8C303000F
:1069E000F0C3030028C4030060C4030098C403007C
:1069F000D0C4030008C5030070B5ADF6080D1546F8
:106A000006460C4602A84FF470314FF40062FFF7BF
:106A10000BFA013D38206843002302AA0244F15CCE
:106A2000D1540133382BF8D14FF47030002105F0E8
:106A3000D9FD172D00F2B181DFE815F0180029000B
:106A40003A004B005C006D007E008F00A000B1009A
:106A5000C200D300E400F500060117012801390146
:106A60004A015B016C017D018E019F0102A84FF478
:106A700070314FF40062FFF7EBF9382CA8BF3824CF
:106A80000DF107008DF80740FCF77BF885E102A8BF
:106A90004FF470314FF40062FFF7DAF9382CA8BFD9
:106AA00038240DF107008DF80740FCF775F874E104
:106AB00002A84FF470314FF40062FFF7C9F9382C87
:106AC000A8BF38240DF107008DF80740FCF76FF8D8
:106AD00063E102A84FF470314FF40062FFF7B8F998
:106AE000382CA8BF38240DF107008DF80740FCF7BB
:106AF00069F852E102A84FF470314FF40062FFF7D9
:106B0000A7F9382CA8BF38240DF107008DF80740ED
:106B1000FCF763F841E102A84FF470314FF40062D2
:106B2000FFF796F9382CA8BF38240DF107008DF82F
:106B30000740FCF75DF830E102A84FF470314FF4E4
:106B40000062FFF785F9382CA8BF38240DF1070043
:106B50008DF80740FCF757F81FE102A84FF4703199
:106B60004FF40062FFF774F9382CA8BF38240DF1F8
:106B700007008DF80740FCF751F80EE102A84FF42A
:106B800070314FF40062FFF763F9382CA8BF382446
:106B90000DF107008DF80740FCF74BF8FDE002A867
:106BA0004FF470314FF40062FFF752F9382CA8BF50
:106BB00038240DF107008DF80740FCF745F8ECE0AC
:106BC00002A84FF470314FF40062FFF741F9382CFE
:106BD000A8BF38240DF107008DF80740FCF73FF8F7
:106BE000DBE002A84FF470314FF40062FFF730F998
:106BF000382CA8BF38240DF107008DF80740FCF7AA
:106C000039F8CAE002A84FF470314FF40062FFF780
:106C10001FF9382CA8BF38240DF107008DF8074064
:106C2000FCF733F8B9E002A84FF470314FF400627A
:106C3000FFF70EF9382CA8BF38240DF107008DF8A6
:106C40000740FCF72DF8A8E002A84FF470314FF48C
:106C50000062FFF7FDF8382CA8BF38240DF10700BB
:106C60008DF80740FCF727F897E002A84FF4703141
:106C70004FF40062FFF7ECF8382CA8BF38240DF170
:106C800007008DF80740FCF721F886E002A84FF4D2
:106C900070314FF40062FFF7DBF8382CA8BF3824BE
:106CA0000DF107008DF80740FCF71BF875E002A80E
:106CB0004FF470314FF40062FFF7CAF8382CA8BFC8
:106CC00038240DF107008DF80740FCF715F864E053
:106CD00002A84FF470314FF40062FFF7B9F8382C76
:106CE000A8BF38240DF107008DF80740FCF70FF816
:106CF00053E002A84FF470314FF40062FFF7A8F898
:106D0000382CA8BF38240DF107008DF80740FCF798
:106D100009F842E002A84FF470314FF40062FFF727
:106D200097F8382CA8BF38240DF107008DF80740DC
:106D3000FCF703F831E002A84FF470314FF4006221
:106D4000FFF786F8382CA8BF38240DF107008DF81E
:106D50000740FBF7FDFF20E002A84FF470314FF42D
:106D60000062FFF775F8382CA8BF38240DF1070032
:106D70008DF80740FBF7F7FF0FE002A84FF47031E2
:106D80004FF40062FFF764F8382CA8BF38240DF1E7
:106D900007008DF80740FBF7F1FF0DF6080D70BDF9
:106DA0000B0607D4090101F5713101F57C71102240
:106DB000FFF73AB870470B0601D4FFF76EB870477B
:106DC00037B501390446172900F24081DFE811F098
:106DD0001800250031003D004900550061006D009C
:106DE0007900850091009D00A900B500C100CD008B
:106DF000D900E600F200FE000A01160122012E0170
:106E00000DF10700FCF7C6F89DF807502046402D0D
:106E1000A8BF40254FF4743113E10DF10700FCF7D2
:106E2000C6F89DF807508B49402DA8BF4025204645
:106E300007E10DF10700FCF7C7F89DF807508649F8
:106E4000402DA8BF40252046FBE00DF10700FCF7D0
:106E5000C8F89DF807508149402DA8BF402520461D
:106E6000EFE00DF10700FCF7C9F89DF807507C49E9
:106E7000402DA8BF40252046E3E00DF10700FCF7B8
:106E8000CAF89DF807507749402DA8BF40252046F5
:106E9000D7E00DF10700FCF7CBF89DF807507249D9
:106EA000402DA8BF40252046CBE00DF10700FCF7A0
:106EB000CCF89DF807506D49402DA8BF40252046CD
:106EC000BFE00DF10700FCF7CDF89DF807506849C9
:106ED000402DA8BF40252046B3E00DF10700FCF788
:106EE000CEF89DF807506349402DA8BF40252046A5
:106EF000A7E00DF10700FCF7CFF89DF807505E49B9
:106F0000402DA8BF402520469BE00DF10700FCF76F
:106F1000D0F89DF807505949402DA8BF402520467C
:106F20008FE00DF10700FCF7D1F89DF807505449A8
:106F3000402DA8BF4025204683E00DF10700FCF757
:106F4000D2F89DF807504F49402DA8BF4025204654
:106F500077E00DF10700FCF7D3F89DF807504A4998
:106F6000402DA8BF402520466BE00DF10700FCF73F
:106F7000D4F89DF807504549402DA8BF402520462C
:106F80005FE00DF10700FCF7D5F89DF807502046AB
:106F9000402DA8BF40254FF4753152E00DF1070098
:106FA000FCF7D5F89DF807503949402DA8BF40257A
:106FB000204646E00DF10700FCF7D6F89DF8075093
:106FC0003449402DA8BF402520463AE00DF1070086
:106FD000FCF7D7F89DF807502F49402DA8BF402552
:106FE00020462EE00DF10700FCF7D8F89DF8075079
:106FF0002A49402DA8BF4025204622E00DF1070078
:10700000FCF7D9F89DF807502549402DA8BF402529
:10701000204616E00DF10700FCF7DAF89DF807505E
:107020002049402DA8BF402520460AE00DF1070069
:10703000FCF7DBF89DF807501B49402DA8BF402501
:1070400020464022FEF7F0FE284600E0002003B074
:1070500030BD00BF40D0030080D00300C0D003008B
:1070600000D1030040D1030080D10300C0D1030050
:1070700000D2030040D2030080D20300C0D203003C
:1070800000D3030040D3030080D30300C0D3030028
:1070900040D4030080D40300C0D4030000D5030013
:1070A00040D5030080D50300C0D5030070B5154658
:1070B000ADF6080D06460C4602A84FF474314FF4A5
:1070C0000062013DFEF7B0FEA801002302AA0244BF
:1070D000F15CD1540133402BF8D14FF474300021CE
:1070E00005F080FA172D00F2B181DFE815F01800E5
:1070F00029003A004B005C006D007E008F00A0006C
:10710000B100C200D300E400F50006011701280118
:1071100039014A015B016C017D018E019F0102A8CA
:107120004FF474314FF40062FEF792FE402CA8BF7A
:1071300040240DF107008DF80740FBF733FF85E190
:1071400002A84FF474314FF40062FEF781FE402C28
:10715000A8BF40240DF107008DF80740FBF72FFF73
:1071600074E102A84FF474314FF40062FEF770FE30
:10717000402CA8BF40240DF107008DF80740FBF715
:107180002BFF63E102A84FF474314FF40062FEF765
:107190005FFE402CA8BF40240DF107008DF807408A
:1071A000FBF727FF52E102A84FF474314FF400625D
:1071B000FEF74EFE402CA8BF40240DF107008DF8CD
:1071C0000740FBF723FF41E102A84FF474314FF46D
:1071D0000062FEF73DFE402CA8BF40240DF10700E1
:1071E0008DF80740FBF71FFF30E102A84FF4743120
:1071F0004FF40062FEF72CFE402CA8BF40240DF196
:1072000007008DF80740FBF71BFF1FE102A84FF4B2
:1072100074314FF40062FEF71BFE402CA8BF4024DF
:107220000DF107008DF80740FBF717FF0EE102A8EC
:107230004FF474314FF40062FEF70AFE402CA8BFF1
:1072400040240DF107008DF80740FBF713FFFDE028
:1072500002A84FF474314FF40062FEF7F9FD402CA0
:10726000A8BF40240DF107008DF80740FBF70FFF82
:10727000ECE002A84FF474314FF40062FEF7E8FD31
:10728000402CA8BF40240DF107008DF80740FBF704
:107290000BFFDBE002A84FF474314FF40062FEF7FD
:1072A000D7FD402CA8BF40240DF107008DF8074002
:1072B000FBF707FFCAE002A84FF474314FF40062F5
:1072C000FEF7C6FD402CA8BF40240DF107008DF845
:1072D0000740FBF703FFB9E002A84FF474314FF405
:1072E0000062FEF7B5FD402CA8BF40240DF1070059
:1072F0008DF80740FBF7FFFEA8E002A84FF47431B9
:107300004FF40062FEF7A4FD402CA8BF40240DF10D
:1073100007008DF80740FBF7FBFE97E002A84FF44B
:1073200074314FF40062FEF793FD402CA8BF402457
:107330000DF107008DF80740FBF7F7FE86E002A885
:107340004FF474314FF40062FEF782FD402CA8BF69
:1073500040240DF107008DF80740FBF7F3FE75E0C0
:1073600002A84FF474314FF40062FEF771FD402C17
:10737000A8BF40240DF107008DF80740FBF7EFFE92
:1073800064E002A84FF474314FF40062FEF760FD30
:10739000402CA8BF40240DF107008DF80740FBF7F3
:1073A000EBFE53E002A84FF474314FF40062FEF795
:1073B0004FFD402CA8BF40240DF107008DF8074079
:1073C000FBF7E7FE42E002A84FF474314FF400628D
:1073D000FEF73EFD402CA8BF40240DF107008DF8BC
:1073E0000740FBF7E3FE31E002A84FF474314FF49D
:1073F0000062FEF72DFD402CA8BF40240DF10700D0
:107400008DF80740FBF7DFFE20E002A84FF474314F
:107410004FF40062FEF71CFD402CA8BF40240DF184
:1074200007008DF80740FBF7DBFE0FE002A84FF4E2
:1074300074314FF40062FEF70BFD402CA8BF4024CE
:107440000DF107008DF80740FBF7D7FE0DF6080D8C
:1074500070BD10B50446FFF7B3FC04F1260000210F
:107460001A22BDE8104021F039B8F0B501389DF876
:107470001460584300249C4207DA0D180EB100270F
:1074800000E0175D2F550134F5E7F0BD034B1B7885
:10749000022B02D0024808F0CCBA704730BBFF1F65
:1074A000689BFF1F08B5074BAA28187002D1064B2E
:1074B000F6221A7005480649FAF781FB054B0122AE
:1074C0001A7008BDD6B9FF1F999BFF1F8490FF1F3C
:1074D00034BBFF1F55BAFF1F08B508480849FAF723
:1074E0003DFB0748FAF7CEFB064B1B78AA2B064B51
:1074F0001CBF00221A7000225A7008BD8490FF1F22
:10750000DCB9FF1FD6B9FF1F999BFF1FF8B55E4B73
:107510001C6805460E46D4B9B44280F2AA80321BDC
:107520003F2A05EB040109DD584B01F1400251F8F7
:10753000040B43F8040B9142F9D102E0534814F0D4
:107540001FF8524800211EF063FF4034E4E7504B1F
:107550001B78022B05D0012C03D1BDE8F8400FF0B9
:107560009FBA032C40F085804A4C2B682360AB887F
:10757000A380AB79A371C023E3712B46284653F84F
:10758000071FA1609988A1819B79A373C123E3732D
:107590002B4653F80E1F21619988A1829B79A37510
:1075A000C223E3752B4653F8151FA1619988A18367
:1075B0009B79A377C323E3772B4653F81C1F2162E3
:1075C0009988A1849B7984F82630C42384F82730D5
:1075D0002B4653F8231FA1629988A1859B7984F8D3
:1075E0002E30C52384F82F302B4653F82A1F2163F1
:1075F0009988A1869B7984F83630C62384F8373081
:107600002B4653F8311FA1639988A1879B7984F891
:107610003E30C72384F83F302B4653F8381F21648F
:107620009988A4F844109B7984F84630C82384F8DC
:10763000473095F83F3084F848304021C92384F81A
:107640004F3009F0C9FDC04387B20021092212481A
:1076500020F044FF28460021402220F03FFF84F81C
:1076600049704B233F1284F84A7084F84C30FFF77E
:1076700033FF0020FEF78CFB284632460021BDE890
:10768000F84020F02BBF00BFD8B9FF1F9E9BFF1F03
:1076900030BBFF1F71BBFF1F5DBAFF1F70B5524BA0
:1076A0001B78022B86B0054601D100209AE068467F
:1076B0000021172220F012FF19240DF102002146AB
:1076C000FFF76EFB7C23012D8DF800408DF8013013
:1076D0001DD10DF105000DF10201102220F0E3FE95
:1076E00052238DF8003053238DF8013041238DF85B
:1076F000023004F118038DF8033020238DF8043094
:10770000684600238DF81530FEF74EFB17E0022D7A
:1077100009D10022684615211346FFF7F7FE142011
:1077200014F008FF0BE0032D09D10DF105002F49DE
:10773000102220F0A9FE10B9183CE0B252E001344A
:10774000E4B21D2CB9D1E6B20DF102003146FFF7CB
:1077500027FB7C23032D8DF800608DF8013009D1C3
:107760000DF102002149102220F08EFEB0BB183E20
:10777000F0B237E0012D26D10DF106000DF1020126
:10778000102220F090FE45238DF80030252C4FF07C
:1077900043038DF801308DF8023004DC30238DF87E
:1077A0000330143603E031238DF803300A362023EA
:1077B0008DF80530684600238DF804608DF816308A
:1077C000FEF7F2FA0AE0022D08D1002268461621DF
:1077D0001346FFF79BFE142014F0ACFE01342D2C51
:1077E000B1D162E706B070BD30BBFF1F12BAFF1FF8
:1077F0002DE9F04389B01B220646002101A820F0A4
:107800006DFE474B1B78002B464B1A7814BF4FF088
:107810000C084FF00008092A994614BF0C271827B6
:107820000124E5B205EB08010DF10600C9B2FFF72E
:10783000B7FA092CC6BFAB1D8DF804308DF8045083
:107840007C23012E8DF8053056D199F80030092B94
:1078500033D1012C03D13448FEF7A6FA31E0072CCE
:1078600003D13248FEF7A0FA13E00D2C03D13048C3
:10787000FEF79AFA15E0132C03D12E48FEF794FA7E
:1078800019E0032C1DDD062CD8BF2D351EDD092C7B
:1078900001DC2A3516E00C2CD8BF273516DD0F2C5D
:1078A00001DC24350EE0122CD8BF21350EDD152C5D
:1078B000C8BF1B350ADC1E3504E0062CC8BF2A35BC
:1078C00004DC30358DF80450612302E08DF804505B
:1078D00062230DF107000DF1060110228DF805302D
:1078E00020F0E1FD20238DF8063001A800238DF85B
:1078F0001730FEF759FA08E0002201A812211346BA
:10790000FFF704FE142014F015FE0134BC4288DD9C
:10791000012E02D10848FEF747FA09B0BDE8F0830E
:1079200030BBFF1FB78CFF1FDD930200E393020003
:10793000E8930200EF930200F693020010B50021D5
:10794000044640220A4820F0C9FD0021635C43B18F
:10795000402906D0FF2B064A08BF002353540131AB
:10796000F4E7002202481346BDE81040FFF7CEBD01
:107970009E9BFF1F13B50DF10700FAF7B3FEFEF74C
:107980003BFA9DF80730012B02D8FEF740FA11E0D0
:10799000FEF73DFA02242046002101341EF0F2FADF
:1079A000432CF8D1012001461EF0ECFA0020012101
:1079B0001EF0E8FA084B094800221A70084B012211
:1079C0001A70FFF7BBFF642014F0B4FD054A064BA4
:1079D0001A6002B010BD00BF5CBAFF1F26940200FF
:1079E00099BAFF1F0400FA050CED00E00148FAF710
:1079F00049B900BFF09BFF1F01480249FAF7AEB832
:107A00008490FF1FF09BFF1FC043C2B2542A07D8C7
:107A1000A2EB8200013802EB4202C0B200210AE070
:107A2000A92A0AD8553AD2B202EB4201A2EB82024D
:107A3000013A0020C9B2D2B209E05632D2B202EB0A
:107A40004200A2EB8202511EC0B2C9B2002207F06E
:107A50003DBF38B50A25002424201EF0E5FB044470
:107A6000012014F067FD013DF6D10A2394FBF3F4E5
:107A7000A4F5724441F28630313C84428CBF002030
:107A8000012038BD08B50C4807F05DFE0B4B1B7894
:107A9000092B0B4B1B780CBF0B2116211BB1594333
:107AA0000548C9B201E00448C90007F014FF0248C4
:107AB000BDE8084007F054BEE0BAFF1FB78CFF1FB7
:107AC00015BBFF1F10B5044670B90146024607F00A
:107AD000FDFE214602461D4807F0DCFE20462146F9
:107AE000224607F0F3FE11E0552815D1184C206806
:107AF0005530C0B2FFF788FF00210246134807F057
:107B0000C9FE20685530C0B2FFF77EFF0246012152
:107B10000E4807F0BFFE10E0FFF776FF0021024697
:107B20000A4807F0B7FE2046FFF76EFF0121024624
:107B3000064807F0AFFE074B1C70044807F010FE24
:107B40000120BDE8104014F0F5BC00BFE0BAFF1FF3
:107B5000CCBAFF1FD6B9FF1F38B505460024AC428A
:107B60000EDA084B1878FFF7ADFF642014F0E2FC42
:107B70000020FFF7A7FF642014F0DCFC0134EEE7DF
:107B800038BD00BFD6B9FF1FF8B587794679002107
:107B90004022054620F0A2FC0A2F34460CD15EB9E3
:107BA000E81DFBF736FB05F11700FBF76CFB05F151
:107BB0001D00FBF773FB5DE0731E172B5AD8304B8B
:107BC0001B781BB10C2ED8BF06F10C040735E6B2AA
:107BD00031462846FFF7EFF82A48FFF7AFFE224666
:107BE00000212846FEF7BEFB2748FFF7A7FE2146E7
:107BF0002846FBF76DFE2548FFF7A0FE21462846E4
:107C0000FBF7F2FE2248FFF799FE224600212846A4
:107C1000FEF7F2FE1F48FFF791FE21462846FBF7CC
:107C20006FFF1D48FFF78AFE224600212846FBF71A
:107C300097FC1A48FFF782FE21462846FCF704F815
:107C40001748FFF77BFE21462846FCF7B9F8154890
:107C5000FFF774FE002122462846FFF727FA124854
:107C6000FFF76CFE00202146FCF7AAF80020314601
:107C7000FBF7EAFA0120BDE8F840FFF76DBF00BF4F
:107C800030BBFF1F4794020060940200779402000B
:107C9000A0940200BB940200D7940200F294020068
:107CA0000E950200299502004595020010B5044684
:107CB0000A48F9F7E7FFFFF70FFC64B908480949DC
:107CC000F9F74CFF06480849F9F748FF5520BDE889
:107CD0001040FFF7F7BE054B1C7010BDA8BAFF1F80
:107CE0008490FF1F34BBFF1F50BBFF1FD6B9FF1F7F
:107CF00038B5574C574B22781D78083AD2B2012D2F
:107D0000227012D1002110460A4607F0DFFD002143
:107D10000246514807F0BEFD00210A46207807F0D0
:107D2000D5FD294602464C4814E02B2D15D85008A5
:107D30000146002207F0CAFD00210246464807F02E
:107D4000A9FD207840080146002207F0BFFD024649
:107D50004148012107F09EFD49E0552D0DD8002036
:107D60001146024607F0B2FD002102463A4807F0EC
:107D700091FD002021780246E7E7802D0ED85108BA
:107D80000A46002007F0A2FD00210246324807F013
:107D900081FD2178490800200A46D6E7AA2D0CD893
:107DA0000020014607F092FD002102462A4807F014
:107DB00071FD002001462278C7E7D52D17D850085D
:107DC0000021024607F082FD00210246224807F00A
:107DD00061FD207840080021024607F077FD01216F
:107DE00002461D4807F056FD1B4807F0B9FC2578F0
:107DF00065BB1A481A491B4CF9F7B0FE17481A49D7
:107E0000F9F7DDFEE37903F15F02D2B20E2A1DD845
:107E1000A12B19D10120FFF749FF50221348294611
:107E200020F05CFB124AE5711278A2710223114A1C
:107E30006370A3700323E3702371637113700E4B9F
:107E400025721D705D7038BD013BE37138BD00BF08
:107E5000F4BAFF1FD6B9FF1FE0BAFF1F8490FF1FBF
:107E600050BBFF1FAC8CFF1F34BBFF1F71BBFF1F3C
:107E7000B68CFF1FB58CFF1F999BFF1F10B5234BBE
:107E800023480024214641F6B9521C6020F026FB0D
:107E9000214650221F4820F021FB05221E48214682
:107EA00020F01CFB1D4B1E48DA79C471BF2A12D981
:107EB00002225A709A700322DA701A495A711A4AC9
:107EC0000978127819719A71214609221C70DC71A7
:107ED0001C7220F003FB154A00231360144A137030
:107EE000144A1370144A1370144A1370144A13700E
:107EF000144A1370144A1370144B1B7823B10120D9
:107F0000BDE81040FFF7D2BE10BD00BF50BAFF1F42
:107F10001C9CFF1F71BBFF1F999BFF1FAC8CFF1F99
:107F20005DBAFF1FB58CFF1FB68CFF1FA0BAFF1FE5
:107F300000BAFF1F48BBFF1F49BBFF1F4ABBFF1F03
:107F40009CBAFF1F98BAFF1FD5B9FF1F55BAFF1F74
:107F500010B5094A1378232B144601D0F62B04D10F
:107F6000FFF744FDF723237004E0044B1B780BB9A3
:107F7000FFF784FF002010BDD5B9FF1F28BBFF1FEE
:107F800026201EF051B9FFFF2DE9F04F85B0FFF715
:107F9000F7FF04A9022241F80C0D01235448554C67
:107FA000554E564F564D06F0B5F8564B18781EF004
:107FB0003BF904A90222134641F8080D4C4806F08B
:107FC000A9F8514B18781DF019FB504A504B127804
:107FD0001860092A9A4605D120781DF00FFB306001
:107FE000387804E038781DF009FB306020781DF007
:107FF00005FB3268DAF80030286003241344B3FB31
:10800000F4F202EB4202981A029B424FDFF82CB1C5
:10801000DFF82C81DFF82C91B3FBF4F202EB420283
:108020009B1A184414F086FA3B6801333B603A4BC4
:1080300018781DF0E3FA394BCBF8000018781DF0E2
:10804000DDFA374BC8F8000018781DF0D7FA354B29
:10805000C9F8000018781EF0E7F804A9022241F8D8
:10806000040D1346224806F055F8039BD9F800206A
:10807000DBF800002C491A442B681A44D8F8003069
:108080001A44029B1344326803441344DAF8002074
:10809000174813440B602246042306F03BF81448AB
:1080A00006F016F82A68D9F800301344D8F80020F2
:1080B0001344B3FBF4F202EB4202981A039BB3FBA6
:1080C000F4F404EB44041C1B204414F033FA174A64
:1080D0001368013313603A689A4205D0144B0022AA
:1080E0001A70144B144A1A6005B0BDE8F08F00BF37
:1080F000C4BBFF1F21BBFF1F6CBBFF1F69BBFF1F62
:108100006CBAFF1F14BBFF1F68BBFF1FB78CFF1F9C
:1081100058BAFF1F8890FF1F9ABAFF1F70BBFF1F3E
:10812000C1BBFF1F989BFF1FF8BAFF1F8C90FF1F5A
:1081300099BAFF1F0CED00E00400FA05E49BFF1F55
:1081400068BAFF1F70BAFF1F2DE9F04F85B00446D3
:10815000FFF71AFF754B1B78092B25D0744B186855
:10816000744B1B681844744B1B6818441FF02EFC9A
:10817000724B05461868724B1B681844714B1B689C
:1081800018441FF023FC014628461FF02BFD6E49C2
:1081900005461FF02FFE08B90124C2E028466B49AE
:1081A0001FF00AFE0028F7D0C72C40F2B980C82C77
:1081B000604B674A15D119681160614908686549C3
:1081C00008605E490868644908605949086863495D
:1081D000086059490868624908605A490868614955
:1081E00008601668D3F800A006EB56035345D3D3B6
:1081F0005848534B0568D3F8009005EB55034B45A1
:10820000CAD34E4B54491B6802930868029A00EB8C
:1082100050039342C0D3514B1968454B1B680193DF
:10822000019A01EB51039342B6D34D4B1A68424B6E
:10823000D3F8008002EB52034345ADD3494FDFF83A
:1082400004C13B68DCF800C003EB530BE345A3D348
:10825000B2443F4E4FEA5A0AC6F800A04D443D4E84
:108260006D083560029D3C4E2844400830606344F0
:1082700001983A4D3A4E5B08014442443B6040F25B
:108280002B13490852089C422960326048D1364A73
:10829000264D136803F00F03052B16463FD0FFF75A
:1082A000D8FB0446E0B9FFF7D4FB10B12F4B304A9E
:1082B0001A60FFF7CEFB10B12C4B2D4A1A60FFF766
:1082C000C8FB10B1294B2A4A1A60FFF7C2FB10B154
:1082D000264B274A1A60336803F00F032B7020E007
:1082E0002B78092B02D1214B214A1A60FFF7B1FBF1
:1082F00010B91E4B1E4A1A60FFF7ABFB10B91B4B9F
:108300001B4A1A60FFF7A5FB10B9184B184A1A60F0
:10831000FFF79FFB10B9154B154A1A6005232B7008
:108320000024204605B0BDE8F08F00BFB78CFF1FCA
:1083300068BAFF1F58BAFF1F6CBAFF1FE49BFF1FEC
:108340006CBBFF1F70BAFF1F9A99193FCDCCCC3F71
:1083500018BBFF1F94BAFF1F24BBFF1FA4BAFF1F47
:1083600084BAFF1F1CBBFF1F248004400CED00E0FB
:108370000400FA0538B50024E5B22846FFF744FBAF
:10838000002102460C4807F085FA2846FFF73CFB1F
:1083900001210246084807F07DFA074807F0E0F996
:1083A0002046FFF7D1FE002818BF14240134A4B2E0
:1083B000B4F5967FE0D338BDE0BAFF1F2DE9F04158
:1083C000FFF7E2FD9B4803780BB90C2303709A4F2B
:1083D0009A4C39789A4D092962D09A4B1A689A4B6F
:1083E0001E681423B2FBF3FC9444B44546D2DFF874
:1083F00064C2DCF800C0BCFBF3F8C444DFF8588268
:10840000D8F80080C44539D2DFF854C2DCF800C087
:10841000BCFBF3F8C444DFF84C82D8F80080C445B4
:108420002CD2DFF84CC2DCF800C0BCFBF3F8C4442B
:10843000DFF84082D8F80080C4451FD2DFF838C288
:10844000DCF800C0BCFBF3F8C444DFF83082D8F895
:108450000080C44512D2DFF828C2DCF800C0BCFBA3
:10846000F3F39C44794B1B689C4507D20026266099
:108470002E60FFF77FFF3046BDE8F081322390F891
:1084800000C0B2FBF3F30CFB0322964208D9704AFA
:10849000002313602B60236801332360352262E0E0
:1084A0006C4B027818683223B0FBF3F602FB06002F
:1084B000694E36688642664E22D9002030602668B2
:1084C000286001362660654E0929336040F08D80B2
:1084D00063490968B1FBF3F302FB0312614B1B68AC
:1084E0009342614B04D9614A11680131116005E082
:1084F0001A680132022A1A6077DD5C4B186074E05A
:1085000057480068B0FBF3FC02FB0C00DFF854C1D5
:10851000DCF800C0844513D92268013222604F4A3A
:1085200000233120092933602B6010605DD14E4952
:108530000A680132022A0A6057DD4C4A136054E08F
:10854000092937D04A490968B1FBF3F002FB001151
:1085500048480068884209D9002333602B602368AB
:108560000133236033223D4B1A603EE042490968E3
:10857000B1FBF3F002FB001140480068884207D9C4
:10858000002333602B602368013323603422EAE741
:108590003B490968B1FBF3F302FB03122B4B1B6849
:1085A000934207D9002333602B6023680133236093
:1085B0003622D8E7D4F8008040461FF00BFA4FF07F
:1085C0007C511FF017FC08B1C5F8008033680133F7
:1085D00033602C4B187830B12B4B1B782BB92B4BBD
:1085E0001B6813B15520FFF76DFA284B1B6833B990
:1085F000174B1B68022B02DD5520FFF763FA286832
:10860000002814DD124B1B68022B10DD3B78174A43
:10861000092B04D1136813B1104B332119600023C7
:108620001360114A236013602B60BDE8F0810020C5
:10863000BDE8F0819BBAFF1FB78CFF1FEC9BFF1FAB
:10864000DCBAFF1F18BBFF1F58BAFF1F70BAFF1F0D
:10865000189CFF1F94BAFF1F6CBBFF1FE09BFF1FFE
:1086600024BBFF1FE49BFF1FE89BFF1F2CBBFF1FCA
:10867000A4BAFF1F68BAFF1F84BAFF1F6CBAFF1F9E
:108680001CBBFF1F99BAFF1F55BAFF1F149CFF1F89
:1086900070B506460D46094C0948216805F08CFC6A
:1086A00010B9FFF771FCF6E7054831462A4605F098
:1086B000B3FC20232360012070BD00BFA08CFF1FEE
:1086C000C4BBFF1F10B507210446FFF7E1FF0023DD
:1086D000E15C0622B1FBF2F002FB10123132E254EF
:1086E0000133072BF4D10023E37110BD10B51B211A
:1086F0000446FFF7CDFF0023E25C2421B2FBF1F03A
:1087000001FB1022D2B202F16101C9B27A298ABFFB
:108710001632E154E25401331B2BEDD10023E376F2
:1087200010BDFFFF30B5E7B004460AA8F9F724F9F9
:1087300002A8FAF7DAF80AA802A92022F9F746F9FE
:108740000AA827491022F9F741F90AA82146202250
:10875000F9F73CF90AA823492022F9F737F90AA8C2
:1087600026A9F9F754F920462021FDF70FFC18B986
:108770001D482021FFF78CFF1B4B224603F12001EF
:1087800053F8040B42F8040B8B42F9D1174B1B78BA
:10879000022B07D0012300932046114926AA20234B
:1087A000FDF782F926A84FF46C31FE22FDF73CFB61
:1087B000002526AB2B44625D83F880200135202DF7
:1087C000F7D126A84FF46C31FE22FDF78DFB204631
:1087D0004FF46C312A46FDF727FB67B030BD00BF70
:1087E0006090FF1F9090FF1F1091FF1F30BBFF1F75
:1087F00010B54021044608F0EFFC94F84120C3B2C4
:108800009A4207D194F84230C0F307201B1A58420D
:10881000584110BD002010BD30B5044D2D78022DFB
:1088200003D0BDE83040FDF741B830BD30BBFF1F7D
:108830002DE9F041457990F806808EB00446024655
:1088400000261346D079197A0144587A9B7A01445C
:10885000D94202F1010201D00136F2E72378A24F9A
:10886000BA2B06D10C2D04DD0DF10F00F9F795FFA1
:1088700002E03B788DF80F303B782BB10C2D03DCF8
:108880002278BA2A18BF0C3508F1FF321C2A00F2F0
:108890008383DFE812F01D009600AA00C500D20015
:1088A000F5001C0149016601FA018E0296025C0383
:1088B0006E0323003900530060007B00C902E1020F
:1088C000EC0211031E034503F902050330038F0177
:1088D000E01DE9B2FEF76FFA844812E09DF80F3010
:1088E000022B04F1070706D000963846E9B20F22A2
:1088F0007F4BFFF791FF384631462A46FDF732FDA0
:108900007C48FFF71BF841E3E3792F2B84BF303B12
:10891000E37129460DF10E00FAF792FFE2799DF816
:108920000E30204602F0030223F00303134300F845
:10893000073F2946FAF7CCFF6F48E2E7E379302B8F
:1089400088BF303B04F1070088BFE3712946FBF77D
:108950004BF86A48D5E7E3792F2B84BF303BE371AE
:1089600029460DF10E00FAF76BFFE3799DF80E2012
:108970009B00204622F0040203F00403134300F896
:10898000073F2946FAF7A4FF5D48BAE7E3792F2BA2
:1089900084BF303BE37129460DF10E00FAF750FF1A
:1089A000E3799DF80E20DB00204622F0080203F058
:1089B0000803134300F8073F2946FAF789FF514897
:1089C0009FE79DF80F30022B04F1070706D00096B1
:1089D0003846E9B20222464BFFF71EFF38463146C1
:1089E0002A46FEF709F848488BE7E3792F2B84BF26
:1089F000303BE37129460DF10E00FAF721FFE379D0
:108A00009DF80E201B01204622F0300203F03003B7
:108A1000134300F8073F2946FAF75AFF3B4870E72F
:108A2000E379302B88BF303B04F1070088BFE37146
:108A30002946FBF765F8364863E79DF80F30022BAF
:108A400017D0344B1F78012F0CD10DF10E002946A1
:108A5000FBF756F99DF80E3023B12F48FEF76EFF55
:108A6000384697E20096E01DE9B20522204BFFF759
:108A7000D3FEE01D31462A46FAF772FD274840E74B
:108A8000E3792F2B84BF303BE3710DF10E002946B3
:108A9000FAF7D6FEE379022B01D1402306E0012B41
:108AA00001D1802302E0032B01D1C023E371E279DD
:108AB0009DF80E30204622F03F0203F03F0313439F
:108AC00000F8073F2946FAF703FF154819E7E3794D
:108AD000302B88BF303B04F1070088BFE371294683
:108AE000FBF7B2F80F480CE730BBFF1F60950200A0
:108AF0001091FF1F779502008C950200C09502002F
:108B0000D89502000E9602003F9602005996020088
:108B10008E96020088BAFF1FA6960200E296020017
:108B2000FC96020021970200AE4B1B78012B12D15C
:108B3000AD4E29463068FAF7B5FB00218DF80E00DE
:108B4000402230681FF0CAFC9DF80E301BB1A748C8
:108B5000FEF7F4FE1DE2E01D2946FBF731F9A448BB
:108B6000CFE6A04B1B78012B0FD19F4F29463868C9
:108B7000FAF798FB00218DF80E00402238681FF0AC
:108B8000ADFC9DF80E30002BE1D1E71D3846E9B26F
:108B9000984B00960922FFF73FFE384631462A4699
:108BA000FEF784FA0EA8672300F82A3D2946FBF752
:108BB00007F968E08B4B1B78012B0FD18A4E2946B1
:108BC0003068FAF76FFB00218DF80E004022306804
:108BD0001FF084FC9DF80E30002BB8D129460DF112
:108BE0000E00FBF78DF8E61D152300931D22814B27
:108BF0003046E9B2FFF710FE04AA334604F1170E1F
:108C0000174618685968164603C608337345324636
:108C1000F7D1186830601B79337120462946FEF77A
:108C2000CFF83A4604F12B0308AF164603CEBE42F6
:108C300018605960324603F10803F6D130681860B5
:108C400032791A719DF80E30322B01D0592B08D190
:108C500032230DF10E0029468DF80E30FBF7B0F8E7
:108C60000CE048230DF10E0029468DF80E30FBF77D
:108C7000A7F8204600212B221FF030FC20460021BF
:108C80002A46FEF713FA5C483BE69DF80F30022BAC
:108C900000F07C81A5B9E61D1C2329460A22009319
:108CA0003046544BFFF7B8FD3046FAF7F7FA04F1B7
:108CB0000D00FAF7E8FA04F11300FAF7AAFA6FE0E8
:108CC0006B1E172B6CD8474B1E78012E13D1464FC5
:108CD00029463868FAF7E6FA00218DF80E0040229E
:108CE00038681FF0FBFB9DF80E3023B13F48FEF7BC
:108CF00025FE30464EE129460DF10E00FBF700F847
:108D0000E61D262300930A223A4B3046E9B2FFF7CC
:108D100083FD04AA334604F1270E174618685968E4
:108D2000164603C6083373453246F7D118683060DB
:108D30009B88B38020462946FEF742F83A462346F0
:108D40000CAF164603CEBE4218605960324603F19E
:108D50000803F6D130681860B2889A809DF80E300A
:108D6000322B01D0482B08D132230DF10E002946B9
:108D70008DF80E30FBF724F80DE059230DF10E00AD
:108D800029468DF80E30FBF71BF804F12B0000216B
:108D900015221FF0A3FB204600212A46FEF786F984
:108DA0000EA8002320F8283DE9B2FAF74DFA13483F
:108DB000A7E5E01DF9F791FC114BE2791A70114813
:108DC0009FE5E279022A25D10F4A127822B90F4A8B
:108DD00012680AB1022B1DD1E01DF9F78BFC0C487B
:108DE0008FE500BF88BAFF1FB88CFF1F39970200BC
:108DF0007A9702001091FF1F94970200AD9702002E
:108E0000BC8CFF1FE197020028BBFF1F149CFF1FB3
:108E1000FF970200624B1B6823B9E01DF9F76AFC5B
:108E200060486EE560486CE5E379012B0AD15F4B41
:108E30001B7813B95A4B1B6823B9E01DF9F774FC72
:108E40005B485EE5564B1B6823B9E01DF9F76CFCE7
:108E5000584856E5584854E5544B1B7813B9504BC5
:108E60001B6853B9E01DF9F76CFC544849E54F4BBA
:108E70001B7823B94A4B1B680BB1514841E5E01DF3
:108E8000F9F76CFC4F483CE5484B1B781BB9444B49
:108E90001B68002BF1D1E01DF9F76DFC4A4830E565
:108EA000424B1B781BB93E4B1B68002BE5D1E01DE4
:108EB000F9F76EFC454824E59DF80F30022B6BD086
:108EC000374B1B681BB9E01DF9F76FFC5EE04048AB
:108ED00017E5E01DF9F7D0FCE3793E4A3E481370F0
:108EE00003EB830103EB4103590001F0FE0106F09F
:108EF000F2FC3A4805E52D4B1B781BB9284B1B6843
:108F0000002BBAD1E379023B622B07D8E01DF9F7B9
:108F1000C0FC334BE2791A703248F2E43248F0E494
:108F200004A8F9F7BBFC3978E3799DF8102021B14A
:108F300002F00F0202EB031302E022F00F021344CF
:108F400004A88DF81030F9F7B1FC2848D9E4E3798A
:108F50000A2B0CD82046C3F10B0300F8073F6179B8
:108F6000F9F74BFC237A13B9214BE2791A702148A7
:108F7000C7E42046204B10F8072F1A70F9F76FFC52
:108F800013F03CFB1D48FEF7D9FC05E02378BA2B13
:108F900002D00120FEF7E0FD0EB0BDE8F08100BF79
:108FA000149CFF1F279802005598020028BBFF1F42
:108FB00078980200A3980200DD980200069902004A
:108FC000329902004B990200769902009B990200A7
:108FD000BA99020015BBFF1FE0BAFF1FEF9902000C
:108FE0009BBAFF1F0F9A0200329A0200569A0200A3
:108FF000A48CFF1F739A0200CEE6FF1F8E9A020018
:1090000070B53A4B1B78022BADF6080D04460E46A0
:1090100068D04179A1F165021F2A09D801F0FB024D
:10902000802A07D1324A127822B9324A12680AB12C
:10903000314842E0A01DFAF79BFF237AE5791D44F1
:10904000637A1D44A37A1D44E37A1D44237B1D44A7
:10905000637B1D44A37B1D44B5F5FF6F02D1204601
:10906000FBF736F820236179A2790093E01D234BAA
:10907000FFF7D2FB02A84FF478314FF40062FCF7FF
:10908000D3FE6079653840010023E218D17902AA45
:109090000244D1540133202BF7D100214FF4783012
:1090A00003F0A0FA02A84FF478314FF40062FCF705
:1090B000CFFE6379832B03D11148FEF73FFC11E00B
:1090C0004DB10C4B1B6833B10E48FEF737FC2378CB
:1090D000BA2B04D106E02EB10B48FEF72FFC02207C
:1090E000FEF73AFD0DF6080D70BD00BF30BBFF1F47
:1090F00028BBFF1F149CFF1FAF9A02001091FF1F97
:10910000C69A0200E99A0200029B020070B5774BF2
:109110001B78022BADF6080D044600F0E380D1B1B8
:1091200002A84FF47A314FF40062FCF77DFE012370
:109130006079009302A922464FF40073FEF795F977
:1091400002A84FF47A314FF40062FCF781FE6848C0
:10915000FEF7F4FBC3E04379013B032B01D96548DB
:109160006DE0837903F00F03012B17D10378BA2B3D
:1091700068D0614B1A68722A184663DC5F49E31DA8
:10918000114404F13F0553F8046B41F8046BAB4202
:10919000F9D11B780B703932026053E0022B17D1E2
:1091A0000378BA2B50D0544B1A68E42A18464BDC8B
:1091B0005249E31D114404F13F0553F8046B41F893
:1091C000046BAB42F9D11B780B70393202603BE083
:1091D000032B18D10378BA2B39D0474B1A68B2F554
:1091E000AB7F184633DC4549E31D114404F13F05CC
:1091F00053F8046B41F8046BAB42F9D11B780B7048
:109200003932026023E0042B18D10378BA2B21D025
:10921000394B1A68B2F5E47F18461BDC3749E31D69
:10922000114404F13F0553F8046B41F8046BAB4261
:10923000F9D11B780B70393202600BE03048FEF731
:109240007DFB4FE0802507E04FF4807504E04FF48C
:10925000C07501E04FF40075274A1368AB4216460B
:10926000237802DABA2B3DD101E0BA2B04D123488E
:10927000E11D2A4612F084F9A01D6179FAF70AFF70
:10928000204B6179A2791D480095FFF7C5FA02A825
:109290004FF47A314FF40062FCF7C6FD6079013873
:1092A00040020023154A995C02AA0244D1540133BA
:1092B000B3F5007FF6D100214FF47A3003F092F934
:1092C00002A84FF47A314FF40062FCF7C1FD00238D
:1092D0000D483360FEF732FB2378BA2B02D0022010
:1092E000FEF73AFC0DF6080D70BD00BF30BBFF1F46
:1092F0001D9B0200409B020050BAFF1FCC92FF1F33
:10930000579B02001091FF1F6E9B020073B5254E04
:10931000254D044602A800238DF8063000F8013DD3
:10932000336801333360F9F7C3F92B680DF1060098
:1093300001332B60F9F7F0F933689DF8062001330B
:109340003360A379802B01D932B90FE072B19DF857
:1093500007106279914209D1144A126832B1144857
:10936000FEF7ECFA2B6801332B6019E02A68013212
:109370002A60104A1278022A12D0802B04D9803B2E
:10938000A371601DF9F79CF96379013B032B20461B
:109390004FF0000102D8FFF7B9FE01E0FFF730FE01
:1093A00002B070BD8C90FF1F8890FF1F149CFF1FA0
:1093B000879B020030BBFF1FF0B5037823F0070343
:1093C0000370C37F03F03F03044643F04003CBB078
:1093D0000022C37721462D4803F05AFE0DF1070005
:1093E000F9F7DBF99DF80730012B21460CBF284A1D
:1093F000264A02A803F04CFE02A8FFF793F9234B7C
:10940000224603F1200153F8040B42F8040B8B426F
:10941000F9D10AA84FF46C31FE22FCF705FD0026B5
:109420000AAB3344A25D83F820200136202EF7D109
:109430000AA84FF46C31FE22FCF756FD154B1F684D
:10944000DFB9154DEF232B71842331466B71E81D75
:109450006123AB71FFF71CF92846FFF757FF802304
:109460003146E81D6B71FFF713F92846FFF74EFFF1
:109470002846394640221FF031F820464FF46C311F
:109480002022FCF7D1FC4BB0F0BD00BFB090FF1F15
:10949000D090FF1F149CFF1F0CBAFF1FF0B503787C
:1094A00023F007030370C37F03F03F0343F040033F
:1094B0000446CBB0C37721460022354803F0E8FDCF
:1094C0000DF10700F9F769F99DF80730022B15D067
:1094D000304B1B6833B901230DF107008DF80730BD
:1094E000F9F763F920212C48FCF750FD02A821462A
:1094F000294A03F0CDFD02A8FFF714F9244B2246B8
:1095000003F1200153F8040B42F8040B8B42F9D10C
:109510000AA84FF46C31FE22FCF786FC00260AAB49
:109520003344A25D83F860200136202EF7D10AA8CB
:109530004FF46C31FE22FCF7D7FC9DF80730022B6C
:109540001ED0144B1F68DFB9144DEF232B718423F9
:1095500031466B71E81D6123AB71FFF799F828461E
:10956000FFF7D4FE80233146E81D6B71FFF790F8BA
:109570002846FFF7CBFE2846394640221EF0AEFFB4
:1095800020464FF46C312022FCF74EFC4BB0F0BD6E
:10959000D090FF1F149CFF1FB090FF1F0CBAFF1F3D
:1095A00030B5ADB004460021684640221EF096FF5B
:1095B000874B00251D7013F021F854BB8548FCF73C
:1095C000F3FB8548FCF7F0FB8448FCF7EDFB84488F
:1095D000FCF7EAFB83481DF0B5F8834B1B78092B99
:1095E0000BD08248FCF7E0FB8148FCF7DDFB8148AB
:1095F000FCF7DAFB8048FCF7D7FB8048FCF7D4FB8C
:109600007F48FCF7D1FB7F4B0A221A60FEF7EEF988
:10961000DCE0012C0CD17B4B7B481D60FCF7C4FBCC
:109620007A48FCF7C1FB2846214600F003FBCDE059
:10963000022C38D17648734DFCF7B6FB03236846FD
:109640002B60FFF73FF82146684600F0F3FA6548C3
:109650001DF078F86F48FCF7A7FB6846FCF7A4FB01
:10966000614B1B78092B0ED0092368462B60FFF74E
:1096700029F86846214600F0D9F96748FCF794FBC1
:109680006846FCF791FB062368462B60FFF71AF843
:109690006846022100F0DAF86048FCF785FB68466E
:1096A000FCF782FB4FE0052C0FD15D48FCF77CFBFB
:1096B0004948FCF779FB5B48FCF776FB4848FCF728
:1096C00073FB48481DF03EF83DE0062C02D100F047
:1096D000C1FB38E0032C36D12846FCF759FB524B2E
:1096E0006C4603F1400518685968224603C20833E6
:1096F000AB421446F7D19DF806302F2B06D9414BCB
:1097000003210DF10600196000F094FA364B1B7826
:10971000092B0BD09DF816302F2B07D9394B092276
:109720000DF1160003211A6000F080F99DF8263033
:109730002F2B4BD9334B06220DF1260003211A6043
:1097400000F084F842E083238DF8053010A8A123AF
:109750008DF80630F8F710F9062C2ED03348FCF7B8
:1097600023FB0DF10700FEF7C1FF0DF10700FCF729
:109770001BFB1C481CF0E6FF1B2210A80DF1070183
:10978000F8F724F910A80DF10701F8F740F9684639
:10979000FFF7BCFD144B1B78092B02D02448FCF7C3
:1097A00003FB2448FCF700FB2348FCF7FDFA2348A1
:1097B000FCF7FAFA2248FCF7F7FA053C012C02D82C
:1097C0000120F8F7B1FF1F4B1F4A1A602DB030BDC2
:1097D000CEE6FF1FAB9B0200D29B0200129C020050
:1097E000519C020000E5FF1FB78CFF1F709C020018
:1097F000A99C0200EC9C02002E9D02007E9D0200AE
:10980000C69D020074BAFF1FEA9D0200229E02005C
:10981000409E02008E9E0200A39E0200C79E020090
:10982000EA9E0200159F02000CBAFF1F579F02001C
:109830007A9F0200D49F020026A002007AA00200B4
:1098400092A002000CED00E00400FA0570B56B4D2B
:109850002B68043B022B84BF00232B602B68A4B031
:1098600006460C46062B00F2C780DFE803F004C56D
:10987000C5C50F4654006248F8F74CFA0423012C82
:109880002B6001D15F483DE05F4841E005235C4823
:109890002B601FF092F8073803281AD85B4814B9D8
:1098A000FEF74CF801E0FCF77FFA0025544E3046F5
:1098B0001FF083F8854204D8554BAA5DEA54013560
:1098C000F4E730465249F8F716FA3046F8F722FA2C
:1098D0000BE0504814B9FEF731F801E0FCF764FAE8
:1098E0004748F8F717FA00232B60012C40F08480DA
:1098F00000202146FFF7AAFF7EE0062301292B6006
:1099000005D14548FCF750FAFEF770F874E043487B
:10991000FEF714F870E0002339482B601FF04DF873
:109920000738032802D9A31E012B51D83448F8F771
:10993000F5F920B9022C04D0032C44D10CE0022C00
:1099400008D12F4B30681860B188B2799A7199802C
:1099500000250DE0032CFBD1294D33461036186845
:1099600059682A4603C20833B3421546F7D1EFE7D8
:10997000234E30461FF021F8854204D8AB5D0DF828
:1099800005300135F4E708A8F7F7F6FF30461FF079
:1099900014F86946024608A8F8F718F8202208A823
:1099A0001F49F8F713F808A86946F8F730F8684631
:1099B000FCF718FB012C1B4807D1FCF7F5F9072031
:1099C000FFF7EEFD0FE0ACB91748FDF7B7FF0AE06F
:1099D0001048002CF9D0FCF7E7F9012C03D1002046
:1099E0000121FFF733FF0648F8F794F90320FEF74B
:1099F000B3F801E00C48EEE724B070BD74BAFF1F65
:109A0000FCBAFF1FBBA00200F8A0020027A10200C1
:109A10008ABAFF1F3CA1020063A1020095A10200C7
:109A20009090FF1FC4A10200D9A1020070B5754D2E
:109A30002B68062BDCBF00232B602B68AEB00646DC
:109A40000C46092B00F2DB80DFE813F00A00D90096
:109A5000D900D900D900D900D90015004C005A000E
:109A60006948F8F757F90723012C2B6001D16748A3
:109A70003DE0674841E0082363482B601EF09DFFEE
:109A8000073803281AD8634814B9FDF757FF01E0D7
:109A9000FCF78AF900255C4E30461EF08EFF8542A9
:109AA00004D85D4BAA5DEA540135F4E730465A49C3
:109AB000F8F721F93046F8F72DF90BE0574814B9BB
:109AC000FDF73CFF01E0FCF76FF94F48F8F722F98A
:109AD00000232B60012C40F0928000202146FFF7EC
:109AE000A5FF8CE0092301292B6005D14C48FCF728
:109AF0005BF9FDF77BFF82E04A48FDF71FFF7EE040
:109B0000002341482B601EF058FF0738032802D974
:109B1000A31E012B07D83C48F8F700F990B9A31E03
:109B2000012B68D80EE03D481CB9FDF707FF4DE05A
:109B30003D48FCF739F9012C48D100200121FFF7FD
:109B400075FF43E00DF10700F8F727FE9DF8073099
:109B5000022B06D00AA82021FEF79AFD0AA8F8F7E2
:109B6000CCFE12A8F7F708FF022C36D1264B30683E
:109B70001860B188B2799A71998023481EF01DFF50
:109B80002149024612A8F7F721FF28482021FCF7B7
:109B9000BAF930B925482021FEF77AFD2348FCF7B1
:109BA000C5F9202212A82149F7F710FF12A802A92F
:109BB000F7F72DFF02A8FFF771FC012C1C48B4D168
:109BC000FCF7F2F800202146FFF740FE0E48F8F7B8
:109BD000A1F80320FDF7C0FF11E0032CCDD10A4D01
:109BE00033461036186859682A4603C20833B34210
:109BF0001546F7D1C1E7002C9AD10B4895E72EB056
:109C000070BD00BF74BAFF1FFCBAFF1FF0A10200B5
:109C10002EA2020027A1020078BAFF1F3CA1020079
:109C200063A1020095A10200D9A102009090FF1F3C
:109C3000C4A1020070B5784D2B68032BC4BF00236C
:109C40002B602B68ACB006460C46032B00F2E2807A
:109C5000DFE803F0020D44527048F8F75BF8012387
:109C60009C422B6001D16E483DE06E4841E00223EA
:109C70006A482B601EF0A1FE073803281AD86A48EC
:109C800014B9FDF75BFE01E0FCF78EF80025634E8A
:109C900030461EF092FE854204D8644BAA5DEA5419
:109CA0000135F4E730466149F8F725F83046F8F712
:109CB00031F80BE05E4814B9FDF740FE01E0FCF717
:109CC00073F85648F8F726F800232B60012C40F073
:109CD000A18000202146FFF7ADFF9BE0032301296F
:109CE0002B6005D15348FCF75FF8FDF77FFE91E04C
:109CF0005148FDF723FE8DE0002348482B601EF0FD
:109D00005CFE0738032802D9A31E012B07D843485D
:109D1000F8F704F890B9A31E012B77D80EE0444859
:109D20001CB9FDF70BFE52E04448FCF73DF8012C4E
:109D30004DD100200121FFF77DFF48E0202108A838
:109D4000FEF7A6FC08A8F8F7D8FD10A8F7F714FE50
:109D5000022C4AD13A4B314A1B78092B3ED1394B60
:109D6000154603F11006186859682A4603C20833DD
:109D7000B3421546F7D129481EF01FFE2749024677
:109D800010A8F7F723FE304B1B6833B92F4820216A
:109D9000FEF77EFC2D48FCF7C9F8202210A82B49BD
:109DA000F7F714FE10A86946F7F731FE6846FFF78B
:109DB00003FB012C2648B4D1FBF7F6FF204B1B78A0
:109DC000092B4FF0000021461DD0FFF72FFE13484E
:109DD000F7F7A0FF0320FDF7BFFE1BE0306810601F
:109DE000B188B37993719180C5E7032CC3D10B4D32
:109DF00033461036186859682A4603C20833B342FE
:109E00001546F7D1B7E7FFF721FDE0E7002C8BD12E
:109E10000A4886E72CB070BD74BAFF1FFCBAFF1F5A
:109E20004FA202002EA2020027A10200D0BAFF1FFB
:109E30003CA1020063A1020095A10200D9A1020089
:109E4000B78CFF1F7290FF1F149CFF1F9090FF1F85
:109E5000C4A10200114B124810B5032202211A605E
:109E6000FFF7E8FE0020F8F738FC20210D48FCF74A
:109E70004AF80D4B202118600C48FCF787F80C4B72
:109E80000C4801241C70F7F75FFF28B10A4B1C70C7
:109E9000BDE810400CF05EBE10BD00BF74BAFF1FDD
:109EA0000CBAFF1F9090FF1F149CFF1FB090FF1F64
:109EB0005CBAFF1FFCBAFF1F99BAFF1F08B51A4B07
:109EC0001A781A4B2AB91A4A127812B91A78F72A4C
:109ED0000AD11B780833DBB2012B02D81548FDF7F5
:109EE0002DFD0120FDF7E2FE134B1868D0B9134B8E
:109EF0001B68032B03DC0121FFF79CFE12E0062BFD
:109F000003DC0121FFF7A2FC0CE0092B07DC0C4B62
:109F10001B78092B06D00121FFF788FD02E0022003
:109F2000FFF73EFB002008BD55BAFF1FD5B9FF1F44
:109F300000BAFF1F8EA20200149CFF1F74BAFF1FFD
:109F4000B78CFF1F10B50D4B1B78022B02460C4639
:109F500013D04379013B032B0BD906230021D154A5
:109F60000133272BFAD121461046BDE81040FFF7F8
:109F700047B8BDE81040FFF7C9B810BD30BBFF1FA0
:109F8000F0B5394839493A4C3A4F3B4E3B4DA7B0B2
:109F9000F7F7E4FD34483A49F7F7E0FD394A012381
:109FA00013700022337022703A70FDF71FFD6B783A
:109FB000C82B02D92046F8F7BCFB6B78042B02D9DA
:109FC000653B0F2B02D82B48F8F7C0FB20782E4CAE
:109FD0000021FAF7BDFC08B93B78DBB103233370ED
:109FE000236829786A7829480093294BFEF714FCE6
:109FF000284B2268254900251D60274B1A60274BF6
:10A0000018681EF050FA264B25601878FDF74AFABA
:10A0100027B0F0BD0AA8F7F7AFFC22681B490AA8D1
:10A02000F7F7D4FC02A90AA8F7F7F1FC9DF808207D
:10A030000623B2FBF3F103FB11221A4931320A70F5
:10A040009DF81720B2FBF3F103FB112216493132C0
:10A050000A709DF82720B2FBF3F103FB112313498B
:10A0600031330B70BCE700BF8490FF1FDCB9FF1FCA
:10A070009CBAFF1F98BAFF1F00BAFF1F999BFF1FD2
:10A08000A8BAFF1F55BAFF1F50BAFF1F6898FF1FDD
:10A090001091FF1FA0BAFF1F4CBAFF1FB88CFF1F03
:10A0A000D6B9FF1F48BBFF1F49BBFF1F4ABBFF1F9D
:10A0B00070B50446FDF710FA254B21792A221A7053
:10A0C000244B1A78184642B95D7835B962795A70CE
:10A0D000214A197012689A7005E0914203D04278C3
:10A0E00063799A4232D1A2791C4DFF2A12D12A6893
:10A0F000B2F5327F12DA1A49E31D11443F3453F8A6
:10A10000040B41F8040BA342F9D11B780B703932D0
:10A110002A6070BD2E68B6F5327F04DB1148BDE8B9
:10A120007040FDF70BBC531E382BF7D80C48E11DCF
:10A13000304411F025FAA3790B481E4402212E6009
:10A14000FEF7A6FABDE87040FFF71ABF70BD00BF6A
:10A15000D5B9FF1F999BFF1FD8B9FF1F50BAFF1F2A
:10A160006898FF1FC8A202009C9BFF1F30B5044DDA
:10A170002D78022D03D0BDE83040FBF715BC30BD73
:10A1800030BBFF1FF0B51B4B1B78022B93B007466B
:10A190000D4601D100202BE0174C2046F9F7B0FD09
:10A1A0002278482A264601D0322AF3D1294602A82D
:10A1B000FCF706FE152300932946104B0DF13300E2
:10A1C0001D22FFF7D3FF0DAC3B4611AD224603CA5B
:10A1D000AA4218605960144603F10803F6D11068CA
:10A1E00018609DF8330009233370431E58425841CC
:10A1F00013B0F0BD30BBFF1FFC91FF1F1091FF1F7C
:10A20000F7B5214B1B78022B054607D0A0F1650757
:10A21000FBB21F2B04D91D48FDF790FB002031E055
:10A220001B4E29463046F9F727FE3478ACB9194859
:10A23000FDF784FB184B1D681DB10120FDF736FDAD
:10A24000ECE7164B1A782D2AE8D02B2AE6D001220B
:10A2500002201A70FDF780FCE0E7790104F00F039B
:10A260000F48337001F578312022FBF7DDFD202304
:10A270000B480093294622460A4BFFF777FFFAF76F
:10A280007DFB204603B0F0BD30BBFF1FAF9A02003C
:10A29000FC91FF1FF3A20200D8B9FF1FD6B9FF1F20
:10A2A000AC92FF1F1091FF1FF7B5214B1B78022BBB
:10A2B000064606D0471EFBB2032B04D91D48FDF706
:10A2C0003DFB002031E01C4D31462846F9F7C8FE21
:10A2D0002C789CB91948FDF731FB194B1D681DB14D
:10A2E0000120FDF7E3FCECE7164B1A782D2AE8D0A5
:10A2F000012202201A70FDF72FFCE2E704F00F02A2
:10A3000079022A70104801F57A31D201FBF78CFDF1
:10A310002B780D48DB010093314622460B4BFFF7AB
:10A3200025FF2878FAF73AFA204603B0F0BD00BFBF
:10A3300030BBFF1F409B0200FC91FF1F1DA30200CA
:10A34000D8B9FF1FD6B9FF1FCC92FF1F1091FF1F76
:10A350002DE9F04F052BADF60C0D0D4616469A462D
:10A3600018D100214FF4763002F03CF90A2012F0A7
:10A37000E1F800214FF47C3002F034F90A2012F0A9
:10A38000D9F800214FF47E3002F02CF90A2012F0A7
:10A39000D1F8B5E0032B17D10846F8F7B0F92B78C0
:10A3A0004BB96B783BB9EB782BB92B791BB96B792F
:10A3B000002B00F0A580284600960021FF22534B79
:10A3C000FFF7D4FE01209CE0042B0AD1009208463E
:10A3D000FF2200214D4BFFF7C9FE2846F8F797F9F9
:10A3E0008EE00B2800F28C80B2F5007F00F38880AD
:10A3F00000F10109B9F1040F0BDDB9F1080FD9BF64
:10A40000A0F1030B4FF47C38A0F1070B4FF47E381A
:10A4100002E0CB464FF476383D4C02A841464FF45B
:10A4200000624FF40077FBF7FFFC00213A4620461C
:10A430001EF054F820462946324611F0A1F8BAF130
:10A44000010F39D102AB0BF1FF3B03EB4B2B59460C
:10A450003A46204611F094F828465946324611F003
:10A460008FF82378FF2B09D16378FF2B0ED1E37887
:10A47000FF2B0BD12379FF2B08D141E033B963784F
:10A4800023B9E37813B92379002B39D04FF4007442
:10A490006FEA09021D4B00941D480021D2B2FFF75C
:10A4A00065FE324628461A4911F06AF80021224614
:10A4B00017481EF013F823E0BAF1020F1FD16FEA1C
:10A4C0000902002520460021D2B2104B0097FEF76A
:10A4D000A3F93B46584602A922460095FCF7C5FF62
:10A4E0003A46294620461DF0F9FF2946404602F02B
:10A4F00079F802A841464FF40062FBF7A9FC00E09E
:10A5000000200DF60C0DBDE8F08F00BF1091FF1F6D
:10A51000CC92FF1F2DE9F041AE4F3B78022BADF5F9
:10A52000856D804600F06C82AB4D2C6854B944F2C6
:10A5300050601DF099FFA94B214644F2506218600B
:10A540001DF0CCFF98F80520FF2A44F217631CD1B8
:10A550009C420DD8A14B1868002308EB03029179A7
:10A560000219D1540133392BF7D139342C6047E229
:10A570009B48FDF7E3F99B4B012206201A70FDF77B
:10A58000EBFA994B994A1A603AE29C42934E0CD8E6
:10A59000392A0AD8306808F10601204410F0F0FF8B
:10A5A00098F805301C442C600BE08D48FDF7C6F987
:10A5B0008C4B012206201A70FDF7CEFA8A4B8B4A8B
:10A5C0001A602B6813B9884B884A1A600DF10F0086
:10A5D000F8F76EF82B689DF80F007F4C013B2B605D
:10A5E00008B9834848E0642836D9FFF709FE814B53
:10A5F0003168226818788B5C643B98423BD10C3AF6
:10A6000022600A4405AB1068516803C39068186063
:10A6100088A97948F9F794FD08A8F7F7ADF908A8D3
:10A6200088A92022F7F7D2F908A873492022F7F762
:10A63000CDF908A805A90C22F7F7C8F908A888A938
:10A64000F7F7E5F93B78022B42D000230093634BE8
:10A6500005A9186888AA38E0042839D84FF00008FE
:10A66000CDF81080FFF720FE624B31681878236820
:10A67000CA5C82420CD06148FDF760F9594B012257
:10A6800006201A70FDF768FA574B584A1A601FE007
:10A69000A3EBC2131944D20188A8236010F070FF05
:10A6A00088A908AA04A8F9F739FF554A1068516823
:10A6B00005AB03C3906818603B78022B08D0474B6A
:10A6C000CDF80080186805A908AA2368FBF72AFAC4
:10A6D00034682B682344FC225A702378934208D8AC
:10A6E0004848FDF72BF90620FDF736FA3E4B3F4A66
:10A6F0001A602D20FDF7E6F92778002F00F0688119
:10A70000FF2F40F09F8088AE3046002140F20722A4
:10A710001DF0E4FEBA233370E6237770B770F7704C
:10A72000337194F8018086F80580A378B3710A2B01
:10A7300037D1E71C0DF22723B8F1000F0BD11F34DE
:10A7400057F8042B43F8042BA742F9D13046FEF703
:10A750006FF83C460DE004F1270257F8041B43F85C
:10A76000041B9742F9D13A881A803046FEF760F808
:10A7700029342278637843EA022303F596739BB267
:10A780001A0A08A841468DF820208DF82130F8F7E4
:10A790005BFD3046002140F2072202341DF09EFE90
:10A7A000AAE7092B04F10407E47801D01D2B2BD173
:10A7B000224639460DF2272010F0E2FE3046FEF721
:10A7C00037F83046002140F207221DF087FE3C4456
:10A7D00092E700BF30BBFF1F04BAFF1F64BBFF1F1F
:10A7E00047A30200D6B9FF1F0CED00E00400FA05F4
:10A7F00063A30200FC91FF1F7895FF1F7BA302005B
:10A8000048A40200A9A302000B2BF4710AD1304620
:10A81000FEF70EF83046002140F207221DF05EFEE2
:10A820003C4669E708233A78111DC9B203293C4622
:10A8300007F1010702D9F2540133F4E73046FDF77E
:10A84000F7FF59E7FE2F40F0BC80607840B9A11CAB
:10A850000423D022FFF77CFD2B68D234D23BA0E04A
:10A86000C7282AD994F88A31FE2B04F1010703D1B5
:10A8700094F88B2182420ED894F8BB21FE2A03D192
:10A8800094F8BC21824209D8002B40F2B91608BFC7
:10A890004FF4C47604E04FF4C47601E040F2B916F8
:10A8A000A11C32460223C838FFF752FD2B68023341
:10A8B000741C9E1B3C442E601EE740F2072288A8B1
:10A8C00000211DF00BFEBA238DF82032FF238DF8F6
:10A8D00021328DF822328DF82332EF238DF8243285
:10A8E00062788DF82522A3788DF82632642A10D953
:10A8F000E61C0DF22723233456F8042B43F8042BCF
:10A90000A642F9D188A8FEF701FD2B683446233B07
:10A9100047E003F00F03012B0CD1E11C80220DF264
:10A92000272010F02DFE88A8FEF7F0FC2B6883345A
:10A93000833B36E0022B10D1E11C4FF480720DF204
:10A94000272010F01DFE88A8FEF7E0FC2B686FF4AE
:10A95000817104F203140B4423E0032B10D1E11C9A
:10A960004FF4C0720DF2272010F00AFE88A8FEF7FF
:10A97000CDFC2B686FF4C17204F28314134410E011
:10A98000042B10D1E11C4FF400720DF2272010F0BF
:10A99000F7FD88A8FEF7BAFC2B6804F20324A3F2A3
:10A9A00003232B60A8E61848FCF7C8FF174B0122C9
:10A9B00006201A70FDF7D0F8154B164A1A600234BB
:10A9C0009AE6FD2F04D12B68253B2B60253493E6B6
:10A9D0001148FCF7B3FF4FF47A7011F0ABFD0F484C
:10A9E000FCF7ACFF0020FDF761F94FF4FA7011F0AD
:10A9F000A1FD074B074A1A600320FDF7ADF8FBE7FE
:10AA00000DF5856DBDE8F081C8A30200D6B9FF1F22
:10AA10000CED00E00400FA05FDA3020018A40200FA
:10AA2000F0B5504B1B78022BAFB0064600F0988073
:10AA3000042105A810ADFDF72BFE1EAC002111224C
:10AA400028461DF04BFD2046002140221DF046FD0A
:10AA500046BB2046F8F71BFC21AF0DF17E00F8F74E
:10AA60000BFC3846F8F7CEFB1C23009320463146FA
:10AA70000A223D4BFFF77AFB94E80300BDF88230D1
:10AA80001090DDF87E00ADF844100690ADF81C3053
:10AA900097E80F000DF1300E8EE80F0015A829463B
:10AAA000062236E0731E172B35D820463146FCF7B8
:10AAB000D0FC26230093204631460A222A4BFFF77A
:10AAC00055FB94E80F0085E80F000F23DAB2E85C2D
:10AAD000511CC9B218B9013B012BF7D100E00A465D
:10AAE0002EA911440B460DF1300E53F8400D06907F
:10AAF0009B88ADF81C30A1F12A0CA1F13A0318682B
:10AB00005968774603C708336345BE46F7D115A891
:10AB1000294606F019FB08A806A9062206F014FB30
:10AB20004022204600211DF0D9FC314604A8F8F748
:10AB300074FB9DF810209DF811300C4C43EA022361
:10AB400094F8275000930A4B0193059B02932046EB
:10AB50000CA915AA08AB013504F0E4FE84F82750CF
:10AB60002FB0F0BD30BBFF1F1091FF1F689BFF1F70
:10AB70000302010073B5114B1B78022B06460D46EC
:10AB800018D00F4C0846FFF74BFF2946204604F02B
:10AB90005FFF238D8DF805301A0A01A829468DF82C
:10ABA0000420F8F751FB3046214604F0F3FE94F8F8
:10ABB000260000E0002002B070BD00BF30BBFF1FC8
:10ABC000689BFF1F2DE9F04F504B1B78ADF59A4D58
:10ABD000022B8DB000F03D864D4B15AE324603F191
:10ABE000180518685968144603C40833AB42224656
:10ABF000F7D1186899889B79A371464B2060A18092
:10AC00000DAA03F1180518685968144603C40833DF
:10AC1000AB422246F7D118681B7923713E4B206066
:10AC20000DF1200818683D499B8808900DF1B40982
:10AC30006E224846A8F80430002710F0A1FC384DD9
:10AC40000DF11A000DF5DC64F7F7A7FD394644F263
:10AC5000506220462F601DF041FC2D20FCF732FF92
:10AC6000BA46304F16F80A001AF034FF3B784FF01E
:10AC7000030B13FB03F393FBFBF000FA0BF011F053
:10AC800059FC1AF073FF3B7813FB03F393FBFBF0C3
:10AC900000FA0BF00AF1010A11F04CFCBAF11F0F97
:10ACA000DFD101238DF818309DF818A0BAF13D0FBF
:10ACB000B8AE39D800214FF4007230461DF00EFCBA
:10ACC00030465146FCF76CF83378013BDBB2FD2B84
:10ACD00018D82A689DF81810FF23A354A318B64665
:10ACE000597001219970D31CE6180DF53C7C734610
:10ACF00003CB6345306071609E4606F10806F6D1CD
:10AD000013322A609DF818300133CBE730BBFF1FA8
:10AD10008BA40200AAA40200C1A40200C7A40200DE
:10AD20004CBAFF1FA48CFF1F01238DF81830B246C8
:10AD30009DF818B0BBF1180F00F2508200214FF4BB
:10AD4000007230461DF0CAFB59463046FBF794F9B5
:10AD5000B0F1000B25DD9DF818100C2903D99DF8E2
:10AD60001A30022B06D0CDF800B030460F22B34B7C
:10AD7000FFF7FCF9D5F800A09DF81820FF2304F890
:10AD80000A3004EB0A030AF103005A700F229A708A
:10AD9000204431465A46DA4410F0F2FB0AF103032C
:10ADA0002B609DF818100DF11900F8F749FD9DF87A
:10ADB00019A00AF00403CAF3C001CAF3011CCAF3C4
:10ADC00080104FEADA1EDBB21AF0030A05938DF801
:10ADD00019100FD02B689DF818B0FF22E254E2182A
:10ADE000043382F801B04FF0100B82F802B082F801
:10ADF00003A02B60BCF1000F0FD02B689DF818A0AA
:10AE0000FF22E254E218043382F801A04FF0030A53
:10AE100082F802A082F803C02B6010B9BEF1000FC7
:10AE200011D02B689DF818C0FF22E254E2180EF1F1
:10AE3000010E82F801C070444FF0060C043382F812
:10AE400002C0D0702B60059B63B12B689DF8180081
:10AE5000FF22E254E2180433507012209070012057
:10AE6000D0702B6061B12B689DF81810FF22E2545E
:10AE7000E21804335170132191700121D1702B60BD
:10AE80009DF818103046F8F767FD317859B12B68F6
:10AE90009DF81800FF22E254E2180433507011208C
:10AEA0009070D1702B6030469DF81810FBF72EFC87
:10AEB000B0F1000B25DD9DF818100C2903D99DF881
:10AEC0001A30022B06D0CDF800B0304602225B4B80
:10AED000FFF74CF9D5F800A09DF81820FF2304F8DF
:10AEE0000A3004EB0A030AF103005A7002229A7036
:10AEF000204431465A46DA4410F042FB0AF103037B
:10AF00002B609DF818103046F8F7B2FD317859B132
:10AF10002B689DF81800FF22E254E21850700420BC
:10AF200003449070D1702B6030469DF81810F8F7EC
:10AF3000B9F9B0F1000B25DD9DF818100C2903D9E3
:10AF40009DF81A30022B06D0CDF800B0304605220D
:10AF50003A4BFFF70BF9D5F800A09DF81820FF2316
:10AF600004F80A3004EB0A030AF103005A700522C0
:10AF70009A70204431465A46DA4410F001FB0AF137
:10AF800003032B609DF818103046F8F7FDFD31786B
:10AF900059B12B689DF81800FF22E254E2180433DF
:10AFA000507007209070D1702B6030469DF81810BB
:10AFB000F8F7A6FE96F800A0BAF1000F6DD02B6846
:10AFC0009DF81810FF22E254E21808200433BAF169
:10AFD000670F5170907082F803A02B6005D0BAF112
:10AFE000320F02D0BAF1480F4ED13046FBF7E8FEDF
:10AFF0002B689DF81810FF22E2542344BAF1670F22
:10B00000834659701CD10C2903D99DF81A30022BA4
:10B0100006D0CDF800B030460922084BFFF7A6F85D
:10B020002B680393181D5A462044314610F0A8FAA5
:10B03000039B234409229A701FE000BF1091FF1F59
:10B0400015230DF20B3B009358461D22614BFFF771
:10B050008DF8614B1A68131D584623440DF21F31B9
:10B0600050F804EB43F804EB8842F9D101781970E9
:10B0700022441D2393704FF0150B2B68E2185B449C
:10B08000043382F803B02B60BAF1790F07D0BAF11C
:10B09000590F3CD0BAF1320F39D0B2467BE00021D3
:10B0A00007A8F8F7BAF83046F8F7F1F80DF2E620FD
:10B0B000F8F7E2F8BBA8F8F7A5F81C2300930A22DA
:10B0C000444B30460021FFF751F8D5F800E0FF234C
:10B0D00004F80E3004EB0E0300225A700A229A7014
:10B0E0000EF10303B44623440DF53E7A624603CACB
:10B0F000524518605960944603F10803F6D1106870
:10B1000018600EF11F032B600DF53B7A39E09DF8B6
:10B1100018104B1E172B33D807A8F8F77EF83046C7
:10B120009DF81810FCF795F9262300930A22294B65
:10B130009DF818103046FFF719F8D5F800C09DF8B3
:10B140001820FF2304F80C3004EB0C030DF5407AB3
:10B150005A700A229A700CF1030332462344964631
:10B16000BEE80300D64518605960724603F1080333
:10B17000F5D11068186092889A800CF129032B6031
:10B18000B2462B689DF81C20E254E2189DF81D1071
:10B19000517002332B6050469DF81810F7F70AFBE8
:10B1A0009AF8003083B1C3F10B038AF800302B68A2
:10B1B0009DF81810FF22E254E218043351700D215B
:10B1C00091703178D1702B609DF8183001338DF873
:10B1D0001830ADE51091FF1F4CBAFF1F50460021FB
:10B1E000F7F7E8FA9AF8003083B1C3F10B038AF855
:10B1F00000302B68FF22E254E218002151700D212B
:10B20000917004339DF8E012D1702B605046F7F72F
:10B210001EFB9AF8003063B12B68FF22E254E2185B
:10B22000002151700E21917004339DF8E012D1700D
:10B230002B605046F7F749FA9AF8003063B12B6853
:10B24000FF22E254E218002151700B219170043367
:10B250009DF8E012D1702B605046F7F784FA9AF807
:10B26000003063B12B68FF22E254E21800215170D4
:10B270001A21917004339DF8E012D1702B60504672
:10B28000F7F77EFA9AF8003063B12B68FF22E25498
:10B29000E218002151701B21917004339DF8E012D7
:10B2A000D1702B605046F7F751FA9AF8003063B12D
:10B2B0002B68FF22E254E218002151701621917090
:10B2C00004339DF8E012D1702B605046F7F731FA45
:10B2D0009AF8003063B12B68FF22E254E218002193
:10B2E00051701521917004339DF8E012D1702B60DC
:10B2F0000DF11B00F7F7DCF94FF0010A00214FF4C4
:10B30000007230461DF0EAF85046FEF7CDFF9DF87A
:10B310001B30C0B2534508BF80F08000F8B1D5F8AB
:10B3200000B09649FE2304F80B3004EB0B034FF0FA
:10B33000800C987083F801A0914B1B7803930BF15C
:10B34000030003FB0CF22044CDF810C010F018F9F4
:10B35000039BDDF810C01CFB03B303332B600AF121
:10B36000010A5FFA8AFABAF1050FC7D14FF0650AF0
:10B3700000214FF4007230461DF0B0F85046FEF741
:10B380003FFF9DF81B30C0B2534508BF80F08000DE
:10B39000A0B12B68FE22E254E2180DF2E361907036
:10B3A00082F801A0774A194402F1200052F804EB18
:10B3B00041F804EB8242F9D123332B600AF1010AF0
:10B3C0005FFA8AFABAF1850FD2D1D5F800B0FE2320
:10B3D00004F80B3004EB0B034FF0000A83F801A0D4
:10B3E000694B03930BF102001946D022204410F060
:10B3F000C7F8039B0BF1D202B3F84AB02A60DA45D2
:10B400001DDA504649A90BF0B9FC9DF8AA319BB151
:10B410002B68FE22E254E218AAF138010DF2E26034
:10B420005170184449A940F2B912039310F0A8F8DA
:10B43000039B03F2BB132B600AF1010ADFE706A8A6
:10B44000F7F736F930462021FDF722F99DF818A0CC
:10B45000BAF1000F1FD14D48FCF770FA19F80A0035
:10B460001AF038FB3B78032413FB03F393FBF4F04F
:10B47000A04011F05FF81AF079FB3B7813FB03F35F
:10B4800093FBF4F0A0400AF1010A11F053F8BAF16D
:10B490006E0FE3D1DDE1BAF1640F4AD996E80700F7
:10B4A0000DF1280989E807005046FEF7A9FE384843
:10B4B0001DA9F8F745FE824608B136485AE00DF559
:10B4C0009C60F6F759FA0DF59C601DA92022F6F74D
:10B4D0007DFA0DF59C602E492022F6F777FA0DF5DE
:10B4E0009C6049460C22F6F771FA0DF59C601DA987
:10B4F000F6F78DFA284B1B78022B07D0CDF800A069
:10B50000204649461DAA2B68FAF7CEFA4B4603CBD4
:10B510002A68A05018681A4B1B7804EB020E64339B
:10B520000D32CEF80410CEF808008EF80C302A60E8
:10B530004EE0BAF1040F4BD85046FEF7B5FE174A5D
:10B54000106851681DAB03C390681860124B1B78DC
:10B55000022B07D00023009320461DA932462B68FA
:10B56000FAF7A2FA202031460DF59C62F9F756F958
:10B57000C0B10B48FCF7E2F96BE100BFCC92FF1FB2
:10B58000FC91FF1FAC92FF1FACDDFF1F63A3020005
:10B590007895FF1F54A4020030BBFF1F48A402008F
:10B5A00071A40200AD4BD5F800A093F800904FF0C5
:10B5B000800B04EB0A001BFB09AA0DF59C6109FB3B
:10B5C0000BF20FF0DDFF0AF1010304F80A902B6083
:10B5D0001DA8002120221CF081FF4FF000092B68DC
:10B5E000DFF884A299454FF2280000F3B38044F2BB
:10B5F0005C63994500F0AE801AF06CFA3B784FF02E
:10B60000030B13FB03F393FBFBF000FA0BF010F0BA
:10B6100091FF1AF0ABFA3B7813FB03F393FBFBF0BB
:10B6200000FA0BF010F086FF3046142105F0D4FD2F
:10B63000DAF80030C9EB0303382B0DF59C6044DCCD
:10B64000F6F79AF90DF59C601DA92022F6F7BEF9D0
:10B65000DAF8002004EB090BC9EB02020DF59C603F
:10B660005946F6F7B3F90DF59C601DA9F6F7CFF929
:10B67000DAF800205846C9EB02023146002303F0F5
:10B680008FFF4FF0000A024692455ADA16F80A0078
:10B6900004921AF01FFA3B784FF0030B13FB03F3ED
:10B6A00093FBFBF000FA0BF010F044FF1AF05EFA87
:10B6B0003B7813FB03F393FBFBF000FA0BF010F065
:10B6C00039FF0AF1010A049ADEE7F6F755F904EBAF
:10B6D000090A0DF59C601DA92022F6F777F951465D
:10B6E00039220DF59C60F6F771F90DF59C601DA9E6
:10B6F000F6F78DF9504631463922002303F050FF0A
:10B700004FF0000A16F80A001AF0E4F93B784FF0FF
:10B71000030B13FB03F393FBFBF000FA0BF010F0A9
:10B7200009FF1AF023FA3B7813FB03F393FBFBF0BA
:10B7300000FA0BF00AF1010A10F0FCFEBAF14C0F0E
:10B74000E0D1304600214FF4007209F139091CF0B4
:10B75000C5FE44E71AF0BEF93B78032413FB03F35C
:10B7600093FBF4F0A04010F0E5FE1AF0FFF93B78EF
:10B7700013FB03F393FBF4F0A04010F0DBFE1DA8D5
:10B7800031462022002303F00BFF0024814618F8E5
:10B7900004001AF09FF93B78032513FB03F393FB96
:10B7A000F5F0A84010F0C6FE1AF0E0F93B7813FB64
:10B7B00003F393FBF5F0A840013410F0BBFE022C1C
:10B7C000E5D10024E3B24B4504F1010416DAF05C44
:10B7D0001AF080F93B78032513FB03F393FBF5F094
:10B7E000A84010F0A7FE1AF0C1F93B7813FB03F351
:10B7F00093FBF5F0A84010F09DFEE3E718481AF01F
:10B80000A1FF00240DAB174E185D1AF063F93378D1
:10B81000032513FB03F393FBF5F0A84010F08AFE19
:10B820001AF0A4F9337813FB03F393FBF5F0A84067
:10B83000013410F07FFE1D2CE4D109481AF082FF7C
:10B84000094B00210DF5DC6044F2506219601CF0D8
:10B8500045FE0DF59A4D0DB0BDE8F08FFC91FF1F30
:10B8600000E5FF1FA48CFF1F4CBAFF1F7FB50646E3
:10B870000D4614466846002110221CF02FFE30466B
:10B8800069462A462346F9F7A1FF04B070BD7FB58B
:10B8900006460D4614466846002110221CF01EFE86
:10B8A000304669462A462346F9F7BCFF04B070BD0E
:10B8B0002DE9F04100AF05461DF07FF800F10903C6
:10B8C00023F00703ADEB030D044600F10108284601
:10B8D0001DF073F82946024668460FF051FE0B4BE7
:10B8E0001B78092B6E4606D1094B1B78012B0CBF28
:10B8F0006E23702300E063230DF8043030460023EC
:10B9000006F80830BD46BDE8F08100BFB78CFF1FC8
:10B9100088BAFF1F38B52B4B1A782B4B05461B787E
:10B9200012B9002B4DD004E0002B4AD0274B1B68E6
:10B930000BB9274803E0274B27481B782BB1FFF7AB
:10B94000B7FFBDE83840FBF7F9BFFFF7B1FFFBF7E2
:10B95000F5FFF6F787FE002833D10346EA181F4C9F
:10B96000117A6FF007025A4301FA02F22168013B93
:10B970000A43191D2260F1D1194B1A491868096848
:10B98000401A40F6B731884206D819684FF47A73E6
:10B99000B1FBF3F31A4422602068F6F70BFEFAF7C6
:10B9A000D3F92268104B9A420BD9104B134405224D
:10B9B000B3FBF2F3834204D91846BDE83840FAF7E6
:10B9C000D2B938BD5CBAFF1F99BAFF1F149CFF1F84
:10B9D00035A5020028BBFF1F7490020008BAFF1FA4
:10B9E000CCE2FF1F4CBBFF1F6EA72B5D9258D4A269
:10B9F00070B5854C2378022B054604D0834B1B7809
:10BA0000242B00F051825DB9294681481AF096FC3A
:10BA1000804B1B6805461BB110B10020FAF7B8F93E
:10BA20007D4B1A687D4B1B689A4203D07C4B0022E9
:10BA30001A70DDE1002D40F326827A4B744A1B78A0
:10BA400073B11179F1290BD0F42909D001F1120059
:10BA5000C0B2012804D91F31C9B2062900F22482DC
:10BA60001179E139132900F2D881DFE811F01400CF
:10BA70003600420049004E0068009F00D601D60102
:10BA8000D601D601730136011601B00055018B01B4
:10BA9000D601D601A50121780229634912D009688F
:10BAA00011B1002B00F000825379FF2B04D1032049
:10BAB000BDE87040FDF774BD55480021BDE87040F9
:10BAC000FEF7B8B80A6812B1002B00F0ED815048BB
:10BAD0000021BDE87040FDF7A9BF534A126812B1BA
:10BAE000002B00F0E1814A480021BDE87040FDF7DD
:10BAF000ADBE4D4A1268002AE9D0002BE7D170BDD7
:10BB00004348BDE87040FFF705BF484B1978444BE8
:10BB10001B7811B9E3B146481BE0CBB1454B1B780C
:10BB2000442B15D153796B2B4FF0020003D1BDE8A4
:10BB30007040FBF7B3BDBDE87040FBF759BE3B4911
:10BB4000087837490D78B0B93DB9374D2D68CDB17A
:10BB50003948BDE87040FBF7F1BE93790C2B01D05A
:10BB6000142BD8D11378BA2B00F09E812848BDE859
:10BB70007040FCF75DBE002DE7D02E4D2D78442D92
:10BB8000E3D104E009780029E2D00028E0D012785F
:10BB9000BA2A00F089812278022AE7D0274A12784F
:10BBA000002AE3D0002BE1D12548D2E71F4B1A78B9
:10BBB0001B4B1B78002AADD0002BC9D01D4B1B7826
:10BBC000442BC5D11248BDE87040FBF7DDBF1749D3
:10BBD000097800293AD012480078002836D0154854
:10BBE0000078442800D113B90F4D2D6855BB237838
:10BBF000022B00F059811378BA2B00F055810448CC
:10BC0000BDE87040FDF782BB30BBFF1FD5B9FF1FF9
:10BC10000CBAFF1FD8B9FF1F8890FF1F8C90FF1F21
:10BC200099BAFF1F28BBFF1F149CFF1F5CBAFF1FA0
:10BC30004EA502000200024076A5020020BBFF1FB5
:10BC400032990200442801D1002BADD09379802B8A
:10BC50007FF67EAF954B1B78092B7FF479AF0029D7
:10BC60007FF476AF924C934B226803F1400153F876
:10BC7000040B42F8040B8B42F9D1FEF7EBF8206875
:10BC8000FDF744FB0120F6F74FFD4022206800211C
:10BC90001CF024FC0022884BACE0884A1178884ACA
:10BCA00029B91378002B3FF453AF864851E7127837
:10BCB000002A3FF44DAF844A1278442A7FF448AFFB
:10BCC000002B3FF445AF2378022B00F0ED8079483C
:10BCD0000121BDE87040FEF735B9784B1A78784BF2
:10BCE000002A3BD01B78002B3FF432AF764B1B78F9
:10BCF000442B7FF42DAF754B1B78002B7FF428AFBE
:10BD00002378022B00F0D080D520FBF7CBFB6948CD
:10BD1000BDE87040F9F75EB9684B1A78684BEAB134
:10BD20001B78002B3FF414AF674B1B78442B7FF438
:10BD30000FAF664B1B78002B7FF40AAF2378022BE2
:10BD400000F0B2808020FBF7ADFB5A48BDE87040A0
:10BD5000F9F754BA594B1A78594B0AB91B78A1E72D
:10BD60001B78002B3FF4F4AE574B1B78442B7FF429
:10BD7000EFAE2378022B00F097804E48BDE870406C
:10BD8000F8F7FCBF4D4A11784D4A002989D0127846
:10BD9000002A3FF4DDAE4C4A1278442A00D11BB988
:10BDA00045490968002931D12378022B7CD04148CC
:10BDB000BDE87040FEF7AEBB404A12783AB1404948
:10BDC000097821B140490978442900D113B93A4989
:10BDD000096889B93E48FBF7B1FD002001211AF03E
:10BDE000D1F8012001461AF0CDF8642010F0A2FB32
:10BDF000384A394B1A6070BD002A3FF4A9AE304A68
:10BE00001278002A3FF4A4AE2F4A1278442A7FF415
:10BE10009FAE002B7FF49CAEC6E62378022B43D066
:10BE2000294B1B78442B3FD1204B244C1B78092BEA
:10BE300009D123783BB91F480EF09AFCFEF70AF8A7
:10BE40000120F6F771FC237873B31D4B1B785BB3AD
:10BE5000224C267876B9642010F06CFB15482570CA
:10BE600031461AF06BFA00B120701248BDE87040FC
:10BE70000AF09CBDAE42F8D00E4825700AF096FD3F
:10BE80000023237070BD2378022B0DD00B4B1B7841
:10BE900053B10B4B1B783BB10B4B1B78442B03D19D
:10BEA000BDE870400AF080BD70BD00BFB78CFF1FB9
:10BEB000B88CFF1F0CBAFF1F149CFF1F5CBAFF1F3A
:10BEC00099BAFF1F8AA502000200024000BAFF1FB4
:10BED000AFA502000400FA050CED00E054BAFF1F04
:10BEE0002DE9F043A74EA84F337893B073B1A74A1A
:10BEF00014785CB921465022A5481CF0EFFAA548F9
:10BF0000214609221CF0EAFAFC714FE2A04C94F899
:10BF10004050012D02D0EA1E182A22D80BB39B4AAA
:10BF20001278F2B19C4A11780229914619D094F8FE
:10BF30002D20052A00D0A2B9954E964800218923CC
:10BF400009227971FB711CF0C9FA3046FCF750FCEC
:10BF5000002800F09B80914B1B78002B40F09680CE
:10BF60009CE0AF228B49FA7100220A72D1B20132F1
:10BF7000A018407D3F28F9D0092905D900210922C0
:10BF800084481CF0ABFA81E005F0F702302A02D0B9
:10BF9000013D0B2D53D8002B59D07C4B1B78002B27
:10BFA00000F000827C4D2B78022B00F0FF8112A85C
:10BFB000002300F8403DF6F7D6FB94F84030302BD4
:10BFC00019D0382B19D02A781AB1714A0C3382F85B
:10BFD000403094F840104B1E172B00F2E781704858
:10BFE000FEF7D0F800218DF8080020226C481CF0E4
:10BFF00075FA012302E0822300E081239DF80820E6
:10C00000664C012A01D09A4207D104232370F9F724
:10C0100035F9002121705F480FE003232370614B45
:10C0200061496248F5221A70F5F798FD2B20FBF75D
:10C0300039FAFBF7DBFC57480021092229E0202AC6
:10C0400005D123B1514B1B78002B40F0AF812378F1
:10C050004F4DFF2B40F0AA816B78FF2B40F0A6815B
:10C06000AB78FF2B40F0A281EB78FF2B40F09E8154
:10C070002846FCF7BDFB002880D0484B1B78002BDE
:10C080007FF47CAF4A4B05F1400278E14048002143
:10C09000502213B0BDE8F0431CF020BA454A1360AB
:10C0A00096F82E3003F0DF02402A40F0B880424973
:10C0B0003F4E0B46022D53F8062BC6F8172086BFBD
:10C0C000033D5FFA85F84FF00108F21D163153F871
:10C0D000040B42F8040B8B42F9D1354D002105F1D8
:10C0E0001B0025221CF0FAF9EF23337194F840303D
:10C0F000012B01D1822302E0032B02D181236B713A
:10C1000001E085F805800923B37196F80790337A2A
:10C11000274D9944737A9944B37A9944F37A19EB89
:10C12000030916D16B798DF80D304846F6F723FBDD
:10C130006B797F33DBB2012B04D802A84946FDF7A7
:10C1400001FF08E1E7232B711D2385F80580AB7102
:10C1500062E000230DF107008DF807308DF80830FC
:10C16000F6F701FB642010F0E5F99DF80730012B8C
:10C1700026D06A79934223D003B301238DF8073088
:10C180001EE000BF5CBAFF1FAC8CFF1F99BAFF1FF7
:10C1900071BBFF1F5DBAFF1F30BBFF1F00BAFF1F3F
:10C1A000AC92FF1F999BFF1FDCB9FF1F8490FF1FFC
:10C1B0000CBAFF1FD8B9FF1F81BBFF1F8DF80720E6
:10C1C00073797C4D03F17F02D2B2012A15D828463B
:10C1D000FDF79CF894F84030012B0CBF822181219F
:10C1E00002A8F7F749FE9DF80830092B40F0B3800C
:10C1F0000DF10700F6F7BFFAADE0002B00F0AB80C1
:10C20000E6232B7105F108001D23E91D142285F892
:10C210000580AB711CF047F90120E87199E01BB96A
:10C2200096F82C3063B99AE0202B09D0102B07D058
:10C23000082B05D0042B03D0013B012B00F28F808B
:10C240005C4E5D48E623022D337194F82F3086BF93
:10C2500005F1FF355FFA85F84FF00108042B03D094
:10C26000082B0CBF0523032300210370F6F7C5FA42
:10C2700099F800301BB108F10C05EDB200E045461D
:10C2800094F82E30042B0DF10700294608D1F7F75A
:10C29000D7FA9DF8073003F03F0363F07F0310E007
:10C2A000202B08D1F7F7CCFA9DF8073003F03F03B5
:10C2B00043F0400305E0F7F7C3FA9DF8073003F0B9
:10C2C0003F0302A829468DF80830F7F701FB0A233F
:10C2D000B3713A4B3A4886F8058003F110021146D3
:10C2E00053F8044B40F8044B9342F9D10B68354A9C
:10C2F000C6F817308B889380334B063203F1100158
:10C3000053F8040B42F8040B8B42F9D112222F4848
:10C3100000211CF0E3F8F279337A1344727A134463
:10C32000B27A1344F27AD34212D12248FBF72CFCA2
:10C3300029460DF10700F7F783FA9DF8073002A8A8
:10C3400003F03F0329468DF80830F7F7C1FA02E001
:10C350000120FFF74DFB1E4B1A7801321A701C4B5F
:10C3600016481B783B7100240323214650227B7121
:10C37000FC711CF0B3F80F482146402289E655F8BD
:10C38000041B43F8041B9542F9D1337833B1114BA8
:10C390001B781BB91048FBF7D1FA07E00120FFF723
:10C3A00027FB03E0202A7FF452AE4BE613B0BDE832
:10C3B000F08300BF0CBAFF1FA48CFF1F71BBFF1FCF
:10C3C00013BAFF1F23BAFF1F87BBFF1F3ABAFF1F15
:10C3D000B58CFF1F99BAFF1FBC90020038B5064C00
:10C3E00004F1100514F8011F2F2904D90348F5F7AB
:10C3F00084FCAC42F6D138BD10BAFF1FFCBAFF1F57
:10C4000070B50024944204D0CD18065D2E55013439
:10C41000F8E770BD13B580210DF10700F7F72CFD8B
:10C420009DF80730612B1BD00E4B0F4C04221A6075
:10C43000EF232371802320216371E01D6123A37109
:10C44000FCF726F92046FCF761FF00214022204638
:10C450001CF044F80020014602460523FDF778FF52
:10C4600002B010BDD8B9FF1F0CBAFF1F10B51B4C8E
:10C4700019F03EFD0323204602210A2203F028F989
:10C4800020461749174A1BF095FF174B17481A68A3
:10C49000174B0F211A60174AF5F7D4FB0A21164AE9
:10C4A0001648F5F7CFFB41F28831154A15480023AD
:10C4B000F5F7D8FB44F62061134A14480023F5F73A
:10C4C000D1FB40F6C4111248124A0023F5F7CAFB0B
:10C4D00011481249BDE81040F5F708BCE0BAFF1F4B
:10C4E0002FF700007C8CFF1FCCE2FF1F34BBFF1F27
:10C4F0004CBBFF1F215C0000F17C000050BBFF1F04
:10C50000517F0000DCB9FF1FBD9E0000F09BFF1FA4
:10C51000A8BAFF1FF55B0000FCBAFF1FD9A50200F7
:10C52000074B1A781206FBD530221A70C1F3074266
:10C53000D8719A71C1F30722C9B25A711971704743
:10C540000000024020F4FF6110B521F00701012036
:10C55000FFF7E6FF084B02221A70084A0023137007
:10C5600002F8013C72B6064C204620F061F962B632
:10C57000207800F0310010BD0B0002400A0002409C
:10C580000000024010B50C4620F00301B1F5006F29
:10C5900000D2EAB1A1F5A0620C2A00D8DBB10620D6
:10C5A000FFF7BEFF0D4BE2781A70A27803F8012C5A
:10C5B000627803F8022C227803F8032C72B6084C38
:10C5C000204620F035F962B6207800F0310010BD29
:10C5D0004FF0FF3010BD6FF0010010BD0B000240A6
:10C5E0000000024010B520F4FF6424F00704B4F505
:10C5F000006F00D231B12046FFF7A4FF90B124B9FB
:10C60000204610BD4FF0FF3010BD09202146FFF736
:10C6100087FF72B6044C204620F00AF962B62078F3
:10C6200000F0310010BD00BF0000024010B5124CF8
:10C6300023781B06FBD530232370104B06221A707B
:10C64000002203F8012C042203F8022C0C2203F828
:10C65000032C0B4AFF23137002F8013C02F8023C42
:10C66000084B187072B6204620F0E2F862B62078C7
:10C6700000F0310010BD00BF000002400700024082
:10C680000B00024008000240014B0360704700BFEE
:10C69000F0A5020010B5034B036004461AF062F8DF
:10C6A000204610BDF0A50200014B0360704700BF9B
:10C6B000F0A50200014B0360704700BF20A60200F6
:10C6C00010B5034B036004461AF04CF8204610BD29
:10C6D00020A60200014B0360704700BF20A60200A5
:10C6E0002DE9F8431E4603689DF82070DB68044678
:10C6F0000D4691469847236880461B692046984717
:10C70000464505D82846494632460EF039FF14E022
:10C710002368324649465B6920469847236820468D
:10C720009B689847236806469B69204629463246FF
:10C730009847236820461B699847AB191846394625
:10C74000C6EB08021BF0CAFE03469D4205D015F851
:10C75000012B7A4005F8012CF7E7BDE8F88310209B
:10C760007047FFFF184B0A789A5C02704A799A5C0E
:10C7700042708A7A9A5C8270CA7B9A5CC2700A792B
:10C780009A5C02714A7A9A5C42718A7B9A5C8271E5
:10C79000CA789A5CC2710A7A9A5C02724A7B9A5C85
:10C7A00042728A789A5C8272CA799A5CC2720A7BF7
:10C7B0009A5C02734A789A5C42738A799A5C8273B3
:10C7C000CA7A9B5CC373704750A60200184B0A7864
:10C7D0009A5C02704A7B9A5C42708A7A9A5C827098
:10C7E000CA799A5CC2700A799A5C02714A789A5C3A
:10C7F00042718A7B9A5C8271CA7A9A5CC2710A7AA7
:10C800009A5C02724A799A5C42728A789A5C827265
:10C81000CA7B9A5CC2720A7B9A5C02734A7A9A5CFF
:10C8200042738A799A5C8273CA789B5CC37370473F
:10C8300050A702002DE9F0430C788B78CA784D7828
:10C8400061000E1277003E4406EBC6064E406900BA
:10C850000F124FEA470CBC440CEBCC0C8CEA010CD9
:10C8600059000F124FEA4708474407EBC7074FEA42
:10C8700042084F404FEA28214FEA4109494401EB61
:10C88000C10181EA080183EA0508F6B282EA0808D4
:10C890005FFA8CFC86EA08088CEA080880F80080B9
:10C8A00083EA040882EA08086C40FFB262408CEA1E
:10C8B000080C5C40C9B287EA0C0C664057404F40F8
:10C8C000714080F801C08770C170BDE8F083FFFF40
:10C8D0002DE9F04F0C784D788A78C97863001E12E4
:10C8E00077003E4406EBC60687B07340DBB2009388
:10C8F0006B001E124FEA4609B14409EBC90989EAE7
:10C90000030953001E1277003E4406EBC60673402F
:10C91000DBB201934B001E1277003E4406EBC606C5
:10C920007340DBB2AE00029337124A4BDF5D7E40AC
:10C93000F6B20396960037124FEA840ADF5D7E4016
:10C94000F6B204968E0037125FFA89F9DF5D7E40F9
:10C95000F6B20596E600371213F8078088EA060853
:10C96000EE0037125FFA88F813F807C08CEA060C5D
:10C97000D60037125FFA8CFCDF5D7740CE004FEABD
:10C98000262BFFB213F80BB08BEA06064FEA2A2BD0
:10C99000F6B213F80B30DDF810B083EA0A0A82EA27
:10C9A00005034B408BEA03038CEA0303DDF800B078
:10C9B0007B40734088EA0A0A8BEA03035FFA8AFA2B
:10C9C00089EA03038AEA0303DDF80CB0037082EA04
:10C9D00004034B408BEA0303DDF814B08BEA030336
:10C9E0006C40DDF810B088EA03038CEA0303614071
:10C9F0007B408BEA010173408CEA010189EA030361
:10CA00007940DDF80490DDF814B0714089EA030341
:10CA100089EA0101DDF80C904370544089EA04046E
:10CA20008BEA0404029BDDF8089088EA04088CEA8B
:10CA3000080C594087EA0C07009B7E405E408AEA5A
:10CA4000010A89EA060680F802A0C67007B0BDE8B0
:10CA5000F08F00BF48A60200F0B5856889B00F4688
:10CA60000023EC5CD15C61400DF803100133102B06
:10CA7000F7D10679103504AC012E204669461FD93E
:10CA8000FFF770FE68462146FFF7D4FE01A805A90E
:10CA9000FFF7D0FE02A806A9FFF7CCFE03A807A95E
:10CAA000FFF7C8FE0023E95C1DF803204A400DF89B
:10CAB00003200133102BF6D1013E1035F6B2DAE730
:10CAC000FFF750FE0023E95CE25C4A40FA54013370
:10CAD000102BF8D109B0F0BD2DE9F041836805793C
:10CAE00088B003EB051506460F460023E85CD15CD1
:10CAF00041400DF803100133102BF7D104AC204650
:10CB00006946FFF763FE3679012E23D9A5F1100897
:10CB10000023EA1812F8101CE25C4A40E254013388
:10CB2000102BF6D168462146FFF7D2FE01A805A9D1
:10CB3000FFF7CEFE02A806A9FFF7CAFE03A807A9C1
:10CB4000FFF7C6FE013E20466946FFF73FFEF6B2FC
:10CB50004546D9E70023EA1812F8101CE25C4A4067
:10CB6000FA540133102BF6D108B0BDE8F081FFFF75
:10CB700010B5034B0360044602F028FA204610BDAE
:10CB800058A8020010B50446FFF7F2FF204619F03E
:10CB9000E9FD204610BD017980680131090100F0EE
:10CBA00073BBFFFF10B5044602F020FA034B23606D
:10CBB00000232371A360204610BD00BF58A80200C7
:10CBC00030B508485478084D045DEB5C5C400C704F
:10CBD0009378C35C4B70D378C35C8B701378C35C61
:10CBE000CB7030BD50A6020078A802001078064B2A
:10CBF000185C08705078185C48709078185C8870E1
:10CC0000D2789B5CCB70704750A60200CB692DE9AF
:10CC1000F047DD0F23F000460B46132401EB820C96
:10CC200043F81C6F8246A5FB04450CF11C0C6345C0
:10CC30000FD053F8049F53F8200C261845F1000735
:10CC40004FF02608E8FB096743F8206C3C460025B6
:10CC5000EDE7072A0FD80FFA82FC013251F82C3089
:10CC6000D2B2E61845F10007082A41F82C603C468C
:10CC70004FF00005EFD12626A4FB0623CC6906FB66
:10CC80000533E60F132524F00044E5FB0623CC61B1
:10CC900000268F59D4198C5106F1040643F1000582
:10CCA000202E2A464FF00003F3D11E461322002304
:10CCB0008F59D41901EB060706F1040643F100056C
:10CCC000202E3C622A464FF00003F1D1CC6BE217D4
:10CCD00024F00044D643CC63CC18256ACC581540C8
:10CCE00034402C434AF803400433202BF4D1BDE8F0
:10CCF000F08770B5002188B013220023465894199C
:10CD00004DF8014001F1040143F1000520292A46B4
:10CD10004FF00003F2D1079CE11724F00044CA430E
:10CD200007945DF8034001EA0405C45814402C43FD
:10CD3000C4500433202BF4D1104608B070BDD1F894
:10CD400000C02DE9F04700238A4600240025D6586C
:10CD5000A046A946ECFB068940F803800433202B4B
:10CD60004C464FF00005F2D1C0F82090AC4604309C
:10CD70000AEB0C030024D3F8048000250023C658D6
:10CD8000D1580027E8FB01673619C65003F10403A8
:10CD900047EB0507202B3C464FF00005EFD10CF187
:10CDA000040CBCF11C0F076200F10400E0D1BDE8E7
:10CDB000F08710B590B004466846FFF7C0FF2046E4
:10CDC00069460822FFF722FF10B010BD0A46FFF7A0
:10CDD000F0BFFFFF2DE97043002290B00026002332
:10CDE0008C590B4D90469946E5FB04894DF8068019
:10CDF0000436202E4A464FF00003F1D16946012245
:10CE0000CDF82090FFF702FF10B0BDE8708300BF9F
:10CE100041DB01002DE9F047D2F800E090B08246F6
:10CE2000002300240025CE58A046A946EEFB068923
:10CE30004DF803800433202B4C464FF00005F2D10F
:10CE4000CDF8209001AB0DF1200852F804CF4FF03F
:10CE5000000E0024002553F80E6051F80E00002744
:10CE6000ECFB0067361943F80E600EF1040E47EB39
:10CE70000507BEF1200F3C464FF00005EBD11F62C5
:10CE800004334345E1D1504669460822FFF7BEFE10
:10CE900010B0BDE8F0872DE9F04300230024002501
:10CEA000D758CE584FF0000916EB070849F1000992
:10CEB00018EB0406C65003F1040349EB0507202BC9
:10CEC0003C464FF00005EBD1BDE8F043FFF711BF42
:10CED0002DE9F04F002300252E46012400250027D0
:10CEE00006EA040A07EA050BD458CD582C1B65EB5B
:10CEF0000505B4EB0A0465EB0B05C4500433202B85
:10CF0000EAD12A4613241440002502683D4000233C
:10CF1000121B63EB05030260014600F11C064A6820
:10CF20004FF00009012400251C4005EA09050023F3
:10CF3000121B63EB050341F8042FB142EFD122F03D
:10CF40000043C361BDE8F08F2DE970430024012543
:10CF5000B4EB000865F1000900250E4609F1FF3425
:10CF60002B46F058D158414021404840F050D0580D
:10CF70004140D1500433202BF3D1BDE870832DE91B
:10CF8000704300240125B4EB000865F10009002579
:10CF90000E4609F1FF342B46F158D0584840204046
:10CFA0004140F1500433202BF6D1BDE8708320219D
:10CFB00000F06AB970B588B0044668460E46FFF7BF
:10CFC00005FF092568466946013DFFF7FFFE15F09C
:10CFD000FF05F7D1204669463246FFF7EAFE1725DE
:10CFE0000A2668466946013EFFF7F0FE16F0FF0686
:10CFF000F7D1204621466A46013DFFF7DAFE15F0DB
:10D00000FF05EDD168462146FFF7E0FE20462146A8
:10D010006A46FFF7CEFE082568466946FFF7D6FE4A
:10D02000013D204621466A46FFF7C3FE15F0FF0585
:10D03000F2D16846FFF7BBFF08B070BD38B50446B3
:10D040000D46FFF7B7FF20462146FFF7BFFE2046FB
:10D050002146FFF7BBFE2A4620462146FFF7A9FEE0
:10D0600020462146FFF7B2FE20462146FFF7AEFEDE
:10D070002A4620462146FFF79CFE20462146FFF720
:10D08000A5FE204621462A46BDE83840FFF791BE5E
:10D090002DE9F04FF1B0074688466846114642B187
:10D0A0002023082101F0CCF8079B23F000430793CD
:10D0B00004E020221BF012FA092300936846FFF7D0
:10D0C00018FE0021202200F0010608A81BF006FA35
:10D0D0006D4601230021202218A808931BF0FEF9B9
:10D0E0000FCD10AC0FC495E80F0008AD84E80F0019
:10D0F0000FCD20AC0FC495E80F004FF0FF0B84E874
:10D100000F004FF01F090024402518F809A005EA78
:10D110000A0A84EA0A04204608A910AAFFF714FFA5
:10D12000204618A920AAFFF70FFF18AA28A808A9C7
:10D13000FFF7B1FE50A828A9FFF748FE18AA30A8AB
:10D1400008A9FFF7C5FE58A830A9FFF73FFE48A879
:10D1500050A958AAFFF7BCFE38A810A920AAFFF7CB
:10D160009AFE40A810A920AAFFF7B2FE60A840A925
:10D1700028AAFFF71EFE68A838A930AAFFF719FEF3
:10D1800068AA10A860A9FFF786FE10A80146FFF75D
:10D190001DFE68AA20A860A9FFF79AFE20A80146F4
:10D1A000FFF714FE20A801466A46FFF702FE58AAC0
:10D1B00008A850A9FFF7FDFD18A848A9FFF70AFE27
:10D1C00018A8014650AAFFF766FE18A8014648AA0B
:10D1D000FFF7EFFD6D0808D109F1FF394FEACA14D6
:10D1E0005FFA89F9E4B2802501E04FEA5A040BF1B5
:10D1F000FF3B1BF0FF0B88D1204608A910AAFFF7C0
:10D20000A3FE20AA204618A9FFF79EFE20A818A971
:10D21000FFF714FF08A8014620AAFFF7CAFD202146
:10D220000DEB01020823384601F020F86846FFF7AD
:10D23000BEFE08A8FFF7BBFE10A8FFF7B8FE18A8AF
:10D24000FFF7B5FE20A8FFF7B2FE28A8FFF7AFFE54
:10D2500030A8FFF7ACFE38A8FFF7A9FE40A8FFF7FB
:10D26000A6FE48A8FFF7A3FE50A8FFF7A0FE58A807
:10D27000FFF79DFE60A8FFF79AFE68A8FFF797FEEC
:10D28000304671B0BDE8F08F0144884203D00023DE
:10D2900003700130F9E77047002370B51C469342D4
:10D2A00005D0CE5CC55C75402C430133F7E7C4F56F
:10D2B0008070C0F3002070BD08B540680368DB686B
:10D2C000984708BD0C207047102070472DE9F047A3
:10D2D0001F4690F8703006468A4690462BB90830B3
:10D2E00000F020FE012386F870303D46D146002D27
:10D2F00043D096F871300F2B21D996F83F3096F82D
:10D300003E207068013386F83F3002EB132396F815
:10D310003D2086F83E3002EB132396F83C2086F839
:10D320003D3002EB132386F83C30036806F14001E0
:10D330005B6906F130029847002386F8713096F851
:10D340007130C3F11000C0B2A84288BFE8B203F147
:10D3500040020344324486F871302D1A0024E3B2AF
:10D36000984207D0115D18F804304B4009F804309A
:10D370000134F4E780448144B9E706F108005146DE
:10D380003A4600F0A0FDD6E91A45E41945F100053A
:10D39000C6E91A45BDE8F0872DE9F04F0C2A824610
:10D3A00087B014460AF1300311D10A68CAF8302058
:10D3B0004A685A608A689A6000228AF83C208AF893
:10D3C0003D208AF83E2001228AF83F202CE00AF115
:10D3D000080B58460193670F00F075FD584600F0A2
:10D3E000A1FDE6000021102202A800244FEA0768F0
:10D3F0001BF074F835BA1022584602A944EA080412
:10D40000CDE9044500F05FFD02A81021FFF73CFFC5
:10D41000019B58461946102200F091FD58460AF12A
:10D42000500100F042FD019B002000210022CAE9CA
:10D430001801CAE91A018AF87020DAF804001022EB
:10D440008AF8712002680AF1500154691A46A0470F
:10D45000012007B0BDE8F08F10B5044640680368AE
:10D46000DB69984704F1080000F07AFD04F1300010
:10D470004821FFF709FF102384F8713010BD70B503
:10D480000546406803681B699847064688B105F160
:10D4900050040021102220461BF020F86868036821
:10D4A00021465B692246984705F10800214600F0B5
:10D4B000FCFC304670BDF8B590F870300646174653
:10D4C0004BB9083000F0FFFCD6E91845E41945F1E6
:10D4D0000005C6E91845F8BD102A70B50E46144679
:10D4E0000DD8036800F1300529461022DB6A984701
:10D4F000284631462246BDE87040FFF7CDBE0020E9
:10D5000070BD2DE9F04F804600F1080985B048460E
:10D510008B46924600F006FDD8F86420D8F86030BB
:10D52000D50045EA5375DC002ABA23BACDE90023B9
:10D53000D8F86C20D8F86830D500DC0045EA53757F
:10D54000102227BA484669462EBACDE9026708F18B
:10D55000400400F0B8FC68461021FFF795FE102249
:10D560004846214600F0EBFC4346002293F8401069
:10D5700093F8500001324140102A83F8401003F123
:10D580000103F3D158462146BAF1100F34BF524679
:10D59000102205B0BDE8F04F0DF0F2BF10B5084BFA
:10D5A0000446482140F8303BFFF76EFE04F10800C6
:10D5B00000F074FC204601F0E7FD204610BD00BFDE
:10D5C00090A8020010B50446FFF7E8FF204619F0C6
:10D5D000C9F8204610BD2DE9F8431F4690F8703079
:10D5E00006468946904600F108042BB9204600F013
:10D5F00099FC012386F87030204641463A4600F0F7
:10D6000062FCD6E91A45E41945F10005C6E91A4558
:10D61000002F43D096F871300F2B21D996F83F3068
:10D6200096F83E207068013386F83F3002EB1323F2
:10D6300096F83D2086F83E3002EB132396F83C2006
:10D6400086F83D3002EB132386F83C30036806F180
:10D6500040015B6906F130029847002386F871307B
:10D6600096F87120C2F11003DBB2BB4288BFFBB257
:10D6700002F140001A4486F871203044FF1A00225B
:10D68000D1B28B4207D0845C18F80210614009F8CF
:10D6900002100132F4E799449844B9E7BDE8F883F1
:10D6A00038B50446002501F083FD0A4B2360656010
:10D6B00004F1080000F0EEFB00220023C4E9182367
:10D6C000C4E91A23102384F8713084F8705020467E
:10D6D00038BD00BF90A802004020704780207047EE
:10D6E00010B50446D8210830FFF7CEFD2368204648
:10D6F0001B69984710BDFFFF70B50C4D044600F143
:10D70000080205F140062B4603CBB342106051607E
:10D710001D4602F10802F6D10023002284F8D83019
:10D720000023C4E93223C4E9342370BDC8A8020031
:10D7300010B5064B0446D82140F8083BFFF7A4FD7E
:10D740002046FEF7B7FF204610BD00BF10A902001B
:10D7500010B50446FFF7ECFF204619F003F8204609
:10D7600010BDFFFF10B50446FEF7B4FF034B236066
:10D770002046FFF7C1FF204610BD00BF10A90200E0
:10D780002DE9F04F0021C3B000F14806D6E900456D
:10D7900008312ABA23BA8029E6E80223F6D1D0E973
:10D7A0000223D0E90445D0E90667D0E90889CDE92C
:10D7B0001423CDE91645D0E90A23D0E90C45CDE97B
:10D7C0001867CDE91A89D0E90E67D0E91089CDE94B
:10D7D0001C23CDE91E45CDE92067CDE92289CDE99D
:10D7E0000C89CDE90667CDE9084592469B46DDE9FF
:10D7F0001845DDE91A23DDE91667DDE91489CDE96D
:10D800000023CDE90A45CDE90467CDE9028900216D
:10D81000694EDDF80CC042187318D2E91245D3E9FD
:10D82000002312194FEA9A4444EA8B340E944FEACB
:10D830009B4444EA8A340F944FEA9A3444EA8B4476
:10D8400024944FEA9B3444EA8A444FEACA57259409
:10D8500047EA5B27DDE9248943EB05032697DDE9E9
:10D860000E454FEACB5747EA5A27279784EA080420
:10D8700085EA0905DDE9268984EA0804121985EAA2
:10D88000090543EB0503DDE90689DDE9084528EADA
:10D890000A0804EA0A0405EA0B0529EA0B0988EAE2
:10D8A000040889EA0509DDE90C4518EB020849EB93
:10D8B000030914EB080445EB0905DDE90423DDE960
:10D8C0000A8988EA020889EA0309DDE9022302EAF3
:10D8D000080203EA0903CDE90C23DDE90489DDE947
:10D8E0000A2302EA080203EA0903DDE90C8988EA4F
:10D8F000020889EA0309CDE90C89DDF808904FEAAE
:10D90000897343EA9C0328934FEA8C7343EA990393
:10D9100029934FEA197343EA0C134F462A934FEAAF
:10D920001C7343EA07132B93DDE92A89DDE92823D9
:10D9300083EA0903B9467F0647EADC172C974FEACA
:10D940004C6747EAD9172D9782EA0802DDE92C894E
:10D9500082EA080283EA0903DDE90C8918EB020870
:10D9600049EB0309DDE90023121943EB05030831F4
:10D9700018EB040849EB05098029CDE900231DD0E7
:10D98000DDE90645DDE90867CDE90C45CDE908ABE1
:10D99000DDE90445CDE906679246DDE902679B466D
:10D9A000DDE90A23CDE90467CDE90023CDE90A4585
:10D9B000CDE902892CE700BF38A9020078360E961F
:10D9C000012101F00F0300EBC303D3E9124501F17C
:10D9D0000D0303F00F0300EBC303D3E91267CDE996
:10D9E0000C67260A46EA05662E962E0A46EA046663
:10D9F0002F96660846EAC57630966E0846EAC476E3
:10DA00003196DDE93023DDE92E675F40E3095640BA
:10DA100043EA4562EB0910921193DDE9104501F1EB
:10DA20000F0C0CF00F0C00EBCC0C66406F40DCE9E7
:10DA30001245361901F1080404F00F0400EBC40488
:10DA400047EB0507D4E91245361947EB05070C9D4E
:10DA50000D9AEC0044EA52743294D40044EA5574AE
:10DA600013463394EC0C44EA43342A463494DC0CD9
:10DA700044EA42343594DDE93423DDE932455D4042
:10DA80000C9B54400D9A9B0943EA82620D9B1292B3
:10DA90009B091393DDE912235440361985EA0305E7
:10DAA000009C47EB0507019DA30C43EA85333693A1
:10DAB000AB0C43EA84333793A30B43EA8543CCE9A9
:10DAC00012673893AB0B43EA84433993AC46DDE9E4
:10DAD0003623DDE938456B40009D6240EC0544EAA1
:10DAE0005C243A944FEACC54DDF800C044EA5C244C
:10DAF0003B94DDE93A4554405D40DDE9002302EA0C
:10DB00000A0203EA0B03CDE92445CDE92623DDE92A
:10DB10000045DDE9082322EA040423EA050522463C
:10DB20002B46DDE9264554405D40DDE924231219EA
:10DB300043EB0503CDE90C230E9BF3E902450E935D
:10DB4000DDE90C23121943EB0503DDE906459219C3
:10DB500043EB0703A41845EB0305DDE90267CDE9B4
:10DB60000645DDE90445DDE904237D403B4005EA47
:10DB700009055D404FEA887343EA99033C934FEAF5
:10DB8000897343EA98033D934FEA187343EA0913F4
:10DB90003E934FEA1973744043EA081332403F93AF
:10DBA00004EA0804DDE93E675440DDE93C237240A5
:10DBB0004FEA486646EAD91640964FEA496646EA71
:10DBC000D8167B40419640AFD7E900677240A41851
:10DBD00083EA070345EB0305DDE90667DDE90A2370
:10DBE000921943EB07030131A41945EB07054129BD
:10DBF00016D0DDE90867CDE908ABCDE90667DDE9B8
:10DC000000ABDDE90267CDE90023DDE90423CDE9BE
:10DC10000289CDE90A23CDE90467A046A946D0E6EA
:10DC2000DDE91467A41945EB0705C0E90245DDE904
:10DC3000164518EB040849EB0509DDE91867DDE92D
:10DC40000245A41945EB0705C0E90489C0E906456A
:10DC5000DDE91A89DDE9044514EB080445EB090503
:10DC6000C0E90845DDE91C45121943EB0503DDE970
:10DC70001E67C0E90A23DDE90023921943EB07037D
:10DC8000C0E90C23DDE9202312EB0A0243EB0B036E
:10DC9000DDE92289C0E90E23DDE9082312EB080241
:10DCA00043EB0903C0E9102343B0BDE8F08F00BF88
:10DCB0002DE9F84F9346D0E932234FEACB06B61848
:10DCC0004FEA5B7747EB03079F4208BF96428246C5
:10DCD0000D46C0E93267D0E9348927D218F101082E
:10DCE00049F10009C0E9348920E09AF8D820C2F14E
:10DCF0008004E4B25C4588BF5FFA8BF40AF1480007
:10DD00001044294622460DF03BFC9AF8D8202244C4
:10DD1000D2B2802A8AF8D820C4EB0B0B254405D157
:10DD20005046FFF72DFD00228AF8D820BBF1000FE6
:10DD3000DBD1BDE8F88F2DE9F84300F1480890F8F1
:10DD4000D8309146802208F8032090F8D820064663
:10DD50006F2B02F101000F4640444FF0000114D830
:10DD6000C2F16F021AF0BAFBD6F8D010D6F8D40080
:10DD70000BBA02BAD6F8C810D6F8CC00C6E92E23E2
:10DD800002BA0BBAC6E930231BE0C2F17F021AF0D7
:10DD9000A5FB3046FFF7F4FC7022404600211AF044
:10DDA0009DFBD6F8D030D6F8D4201DBA14BAD6F8D8
:10DDB000C830D6F8CC20C6E92E4514BA1DBAC6E93B
:10DDC00030453046FFF7DCFC06F14003002053F8F5
:10DDD000382C53F8341C08300CBA15BA4028E3E943
:10DDE0000245F4D138464146B9F1400F34BF4A46A6
:10DDF0004022BDE8F8430DF0C3BB37B513460D46CE
:10DE000036220446009200F148012A46FEF768FCDB
:10DE1000D4E9322312F5806243F100032046C4E9BD
:10DE2000322303B0BDE83040FFF7AABC2DE9F04132
:10DE300005461E4655F8483B92B08846174602A94B
:10DE40009B694022044698475C232946009320465C
:10DE500042463B46FEF744FCD4E9322312F5806289
:10DE600043F10003C4E932232046FFF789FC22680E
:10DE70002046536902A940229847226820469369A8
:10DE8000189A3146984702A84021FFF7FDF912B0D1
:10DE9000BDE8F081002280F82020704710B52421D1
:10DEA0000446FFF7F1F9204610BD10B5044601F015
:10DEB00027F804F11000002110221AF00FFB0023B4
:10DEC00084F8203010BDF8B504460F46164646B318
:10DED00094F82020C2F11003DBB2B34204F1100029
:10DEE00088BFF3B202440025E9B2994207D217F87D
:10DEF00005C0515D8CEA010151550135F4E794F8F4
:10DF000020201A44D2B2102A84F82020C3EB06063F
:10DF10001F44DCD1214601F00AF8002384F82030A8
:10DF2000D5E7F8BD10B590F82030044633B1103075
:10DF3000214600F0FCFF002384F8203010BD70B5AE
:10DF400004460E461546FFF7EDFF304604F110017A
:10DF5000102D34BF2A461022BDE870400DF010BBD2
:10DF60002421FFF791B910B540210446FFF78CF941
:10DF700004F140004021FFF787F9204610BDFFFF64
:10DF8000B0F88410002262F30E01A0F88410C1F3EF
:10DF9000072141F0800180F885100649C0F88020F3
:10DFA000C0F88820C0F88C1080F8A02080F8A1204C
:10DFB000704700BF80EE36002F29B0F8840007D9E3
:10DFC000C0F30E00B0F5C07FB4BF00200120704741
:10DFD000C0F3CB0081428CBF00200120704738B5D0
:10DFE000036B0446013300F1400503631422284605
:10DFF000214601F0B0F9284604F1100304F1700243
:10E0000050F8041B43F8041B9042F9D10EF072FA49
:10E01000636B5840606338BD2DE9F047B0F8843039
:10E020001646C3F30E02B6EBD20F96BFA2EBC602A2
:10E030006FF30E0362F30E0304468946A0F88430A2
:10E040003546002709EB060AC5EB0A0A35B30F2F40
:10E0500004D92046FFF7C3FF012701E00137FFB2D3
:10E06000236B04F140080133236340462146142208
:10E0700001F071F93F2D05D8504641462A460DF072
:10E080007FFA0BE04346524608F1400153F8040B77
:10E0900042F8040B8B42F9D1403DD3E72046BDE85E
:10E0A000F047FFF79CBFFFFF036B10B50133044639
:10E0B000036321464030142201F04DF92046FFF75A
:10E0C0008EFF024B1B68C4F8883010BDCCE2FF1FE6
:10E0D00038B50446002394F8A0205D1CDBB29A42B8
:10E0E00007D9243354F823000368DB6898472B468C
:10E0F000F1E7074B1A68D4F88830D21AD4F88C307C
:10E100009A4204D32046BDE83840FFF7CDBF38BD62
:10E11000CCE2FF1FB2EBD30FF8B504460E4615460E
:10E1200001D802B1D300B4F88420C2F30E01C1F5C6
:10E13000C07098428CBF5B184FF4C07363F30E023B
:10E14000A4F88420ADB1302D34BF2A46302204F12A
:10E150001001AD1A0023CF5CF05C7840C854013345
:10E160009342F8D120461E44FFF739FF002DEAD133
:10E1700002E02046FFF733FF94F88530DA090FD02C
:10E18000B4F88420C2F30E02B2F5C07F08DB6FF34F
:10E19000C71384F885302046BDE8F840FFF784BFF8
:10E1A000F8BDFFFF38B51B4BC0F880200D46044674
:10E1B000024603F1100153F8040B42F8040B8B42A2
:10E1C000F9D1154B04F1100203F1300153F8040B9F
:10E1D00042F8040B8B42F9D1B4F884306FF30E038C
:10E1E000A4F88430C3F3072343F0800384F8853018
:10E1F0002046FFF7F4FE45B128461AF0DEFB29461B
:10E20000024600232046FFF785FF2046BDE8384040
:10E21000FFF74ABFB8AB0200C8AB020010B5054C0F
:10E220002046FFF7ADFE20460349044ABDE81040F2
:10E230001AF0C0B8C4BBFF1F67DF00007C8CFF1F53
:10E2400070B58D00AB4206461C46114609D21A46EF
:10E250000DF096F930192A1B0021BDE870401AF024
:10E260003DB92A46BDE870400DF08AB970B50D463B
:10E270009C00A5420646114604D82A46BDE87040D7
:10E280000DF07EB922460DF07BF930192A1B0021D2
:10E29000BDE870401AF022B92DE9F0418C46804665
:10E2A00000260020002183B15CF8067094590025F7
:10E2B000E41945F10005241845EB010548F806402E
:10E2C00028460021013B0436EDE7BDE8F0812DE949
:10E2D000F0434FF0000C0025C3B12E460124002569
:10E2E000002706EA040807EA050952F80C4051F82D
:10E2F0000C502C1B65EB0505B4EB080465EB090518
:10E3000040F80C40013B0CF1040CE5E705F001007E
:10E31000BDE8F0832DE9F0434FF0000C0025C3B1B8
:10E320002E4601240025002706EA040807EA05090D
:10E3300052F80C4051F80C502C1B65EB0505B4EB62
:10E34000080465EB090540F80C40013B0CF1040C96
:10E35000E5E705F00100BDE8F083D3F800C02DE942
:10E36000F74F002400254FF0000890450CD051F8DD
:10E370002860A246AB46ECFB06AB40F828A05C4602
:10E38000002508F10108F0E74FF0010B40F82240AA
:10E390004FEA820804309C46CDF804B0019C0C9BE7
:10E3A0009C4223D25CF8049F03464FF0000A4FF0D2
:10E3B000000B002696420FD01F681AEB070451F895
:10E3C00026704BF10005E9FB074543F8044BAA46CC
:10E3D0004FF0000B0136EDE740F808A0DDF804A08F
:10E3E0000AF1010ACDF804A00430D7E703B0BDE874
:10E3F000F08F2DE9F047984681469246FFF78AFF55
:10E400000024404200230025B8F1000F14D05AF830
:10E41000032059F803600240B6184FF0000747F197
:10E420000007361947EB050749F803603C4600250D
:10E4300008F1FF380433E7E7BDE8F0872020704794
:10E44000402070470E4B83600E4BC3600E4B036140
:10E450000E4B43610E4B83610E4BC3610E4B036247
:10E4600003F17453A3F52303A3F6924343620023FD
:10E4700080F8703000220023C0E91A23704700BFE3
:10E4800067E6096A85AE67BB72F36E3C3AF54FA545
:10E490007F520E518C68059BABD9831F10B5044683
:10E4A00070210830FEF7F0FE236820461B6998476C
:10E4B00010BDFFFF10B5064B0446702140F8083B25
:10E4C000FEF7E2FE2046FEF7F5F8204610BD00BF3D
:10E4D00000AD020010B50446FFF7ECFF204618F02F
:10E4E00041F9204610BDFFFF10B50446FEF7F2F8D3
:10E4F000034B23602046FFF7A5FF204610BD00BF59
:10E5000000AD02002DE9F04F00238DB0C218043396
:10E51000916A402B09BA9162F8D18268C36803926C
:10E5200004938269C36905690595079208931E469D
:10E53000134603AA4769069792E81401476A056AD9
:10E5400006990A97B946099502950027C519DFF87B
:10E5500070C1D5F828B057F80C504FEAB31A8AEAC0
:10E56000F32AAB448AEA736ADA44DDF808B02BEA8E
:10E57000030506EA030B85EA0B055544A94488EA1E
:10E58000040508EA040A154085EA0A054FEAB20ABA
:10E590008AEA723A8AEAB25A04375544402F49440B
:10E5A0004D4409D0DDF8089002961E460B464146C0
:10E5B000A04614462A46C9E70CF13C070B974FF0DA
:10E5C000010C0CF00F070A370CF10F0A50F82770F6
:10E5D0000AF00F0A00EB8A0A4FEAF71B8BEAB74BE7
:10E5E0008BEAD70BDAF828700CF10D09BB440CF15B
:10E5F000080709F00F0907F00F0709F10A090A37A0
:10E6000050F8299050F827705F444FEA794B8BEA15
:10E61000F94B8BEA99294F444FEAB119CAF828708F
:10E62000019726EA010B0B9F89EAF12903EA010A07
:10E630008BEA0A0A89EA7169D14457F804AF0B974B
:10E64000019FDDF808B0D144B94484EA020704EA26
:10E65000020A2F4087EA0A074FEAB50A8AEA753AA2
:10E660008AEAB55A0CF1010CD9445744BCF1310F78
:10E67000C844B94408D002961E460B464146A046FF
:10E6800014462A464D469CE7039FB944049FC0F8B0
:10E6900008903D44C560059D069F2A440261079A83
:10E6A000099D42443C4482610A9F089A4461114496
:10E6B0002B443E44C161036246620DB0BDE8F08F59
:10E6C000F8AB02002DE9F044550FD4001646D0E90E
:10E6D0001A23A41845EB0305C0E91A4507468A46E4
:10E6E00006B397F87030C3F14004E4B2B44288BF77
:10E6F000F4B207F128001844514622460CF040FFBE
:10E7000097F870302344DBB2402B87F87030C4EBAD
:10E710000606A244E4D13846FFF7F4FE002387F84A
:10E720007030DDE7BDE8F0842DE9F04B00F1280BF7
:10E7300090F87030904680220BF8032090F87020FB
:10E740000746372B02F10100894658444FF000017B
:10E7500015D8C2F1370219F0C1FED7E91A23190EF4
:10E760001C4641EA03611B0A03F47F4324020B4366
:10E7700004F47F041C4312BA3C667A661BE0C2F1C3
:10E780003F0219F0ABFE3846FFF7BCFE00213822ED
:10E79000584619F0A3FED7E91A010A0E0B0A42EAFD
:10E7A000016203F47F430C02134304F47F041C430F
:10E7B00006BA3C667E663846FFF7A4FE3B4600225A
:10E7C0009968043209BA202A996203F10403F7D147
:10E7D00048465946B8F1200F34BF42462022BDE8D2
:10E7E000F04B0CF0CDBE37B513460D46362204462D
:10E7F000009200F128012A46FDF772FFD4E91A239E
:10E8000012F5007243F100032046C4E91A2303B055
:10E81000BDE83040FFF776BE2DE9F04105461E46C3
:10E8200055F8283B8AB08846174602A99B692022E2
:10E83000044698475C2329460093204642463B46BF
:10E84000FDF74EFFD4E91A2312F5007243F10003DD
:10E85000C4E91A232046FFF755FE22682046536973
:10E8600002A920229847226820469369109A3146CF
:10E87000984702A82021FEF707FD0AB0BDE8F08105
:10E880002020704710B5064B0446F02140F80C3BA1
:10E89000FEF7FAFC2046FEF76BF9204610BD00BFDC
:10E8A00030AD020010B50446FFF7ECFF204617F02C
:10E8B00059FF204610BD202A2DE9F04106466FD1B0
:10E8C00000F10C04234601F1200251F8040B43F837
:10E8D000040B9142F9D106F1DC0801270825082D27
:10E8E00023D13B4604F11C02304604F12001FEF71F
:10E8F00067F9227894F82030534084F82030627809
:10E9000094F82130534084F82130A27894F82230D2
:10E91000534084F82230E27894F823300137534092
:10E9200084F82330FFB2002532E0042D1CD104F11D
:10E930001C02304604F12001FEF758F9227894F8C1
:10E940002030534084F82030627894F821305340CE
:10E9500084F82130A27894F82230534084F8223091
:10E96000E27894F8233010E02278237F534084F833
:10E9700020306278637F534084F82130A278A37FEF
:10E98000534084F82230E278E37F534084F8233008
:10E99000043401354445EDB2A1D10120BDE8F08138
:10E9A0000020BDE8F081FFFF10B50446FEF7FAF83D
:10E9B000044B23600E23237104F10C03A360204653
:10E9C00010BD00BF30AD02002DE9F0419CB0164DE6
:10E9D000164B4FF009080746082403A8CDF800801D
:10E9E00010220E46FFF7B9FC03A813A942462B4696
:10E9F0000094FFF7B2FC314603AA23463046FFF7E6
:10EA000066FC384631462A462346FFF7F2FC384674
:10EA100039462A462346FFF7ECFC03A86421FEF79B
:10EA200033FC1CB0BDE8F08190AD0200B0AD020037
:10EA300038B50B4614460546102110461A464023A9
:10EA4000FFF7FEFB0023236428462146BDE838403B
:10EA5000FFF7BABF2DE9F04101F160060C46074609
:10EA600040313046FEF7EAFA04F1200520462146FF
:10EA70003246FEF79EF9284629463246FEF799F9B6
:10EA80002268E36B43EAC273E36338462A462021D7
:10EA90000823BDE8F041FFF7E9BB03682DE9F04129
:10EAA00004461B6900F148050E461746984723683F
:10EAB000204639465B69202298472368204629462C
:10EAC0009B690022984794F8483023F0070384F8A4
:10EAD000483094F8673003F07F0343F0400384F834
:10EAE000673030462A4608212023BDE8F041FFF771
:10EAF000A7BB8021FEF7C8BB2DE9F04FC5B0054686
:10EB000003911446002180220293012619F0E6FCAD
:10EB1000FF232E622E6401934FF00009039A029B9B
:10EB200052F82970374013B9002F00F0908005F19A
:10EB3000200804F1200A04A841462A46FEF7C8F935
:10EB4000514614A82246FEF7C3F904A8014614AAA8
:10EB5000FEF72FF90CA841462A46FEF79CF95146CC
:10EB600014A82246FEF797F90CA8014614AA05F14D
:10EB7000600AFEF71EF914A8514604F16002FEF780
:10EB800018F914A801466F4A05F1400BFEF742F947
:10EB90001CA8594604F14002FEF70BF91CA80146D7
:10EBA0000246FEF778F93CA80CA904AAFEF790F9F2
:10EBB00034A81CA914AAFEF78BF91CA8014614AAB4
:10EBC000FEF769F90CA8014604AAFEF764F9029B56
:10EBD000002B28D024A83CA934AAFEF7EAF82CA8D8
:10EBE0001CA90CAAFEF7E5F834A801461CAAFEF7FA
:10EBF000E0F83CA801460CAAFEF7DBF838462946A7
:10EC000024AAFEF7BCF9384641462CAAFEF7B7F90C
:10EC10003846594634AAFEF7B2F9384651463CAA5E
:10EC2000FEF7ADF913E028463CA934AAFEF7C1F877
:10EC300040461CA90CAAFEF7BCF8584634A91CAAE9
:10EC4000FEF7B7F850463CA90CAAFEF7B2F804F15B
:10EC5000200A04A851462246FEF73AF904A80146C4
:10EC60000246FEF7A6F80CA851462246FEF713F915
:10EC70000CA804F1600701460246FEF79AF814A8B2
:10EC800039463A46FEF795F814A804F140080146C3
:10EC90002C4AFEF7BFF81CA841464246FEF789F809
:10ECA0001CA801460246FEF7F6F838460CA904AA4D
:10ECB000FEF70EF940461CA914AAFEF709F91CA894
:10ECC000014614AAFEF7E7F80CA8014604AAFEF7CD
:10ECD000E2F8204639464246FEF76BF850461CA93A
:10ECE0000CAAFEF766F8404641461CAAFEF761F8FA
:10ECF0000CAA38463946FEF75CF8019AB6F1004F87
:10ED000008BF09F1010902F1FF3312BF76005FFA73
:10ED100089F9012613F0FF0301937FF4FFAE24A8C5
:10ED2000FFF7E7FE04A8FEF742F90CA8FEF73FF94B
:10ED300014A8FEF73CF91CA8FEF739F945B0BDE868
:10ED4000F08F00BF50AD0200F0B5174D86460F465C
:10ED500016460FCDA1B06C460FC495E80F00134DB9
:10ED600084E80F000FCD08AC0FC495E80F00104DDC
:10ED700084E80F000FCD10AC0FC495E80F000D4DC7
:10ED800084E80F000FCD18AC0FC495E80F0084E89D
:10ED90000F00704639466A463346FFF7ADFE6846B7
:10EDA000FFF7A7FE21B0F0BDF4AD020014AE0200E3
:10EDB000D4AD020070AD02002DE9F041ADF5027D49
:10EDC000044688464AA81E461746889DFEF7CAFC98
:10EDD00001A942464AA8FFF760FE4AA8FEF78CFC4C
:10EDE0004AA864A92022FEF763FF4AA831462A46B2
:10EDF000FEF75EFF4AA85CA90022FEF79CFF09A867
:10EE00005CA919AAFFF714FE01222AA809A9FFF795
:10EE10009BFF2AA92046FFF71DFE4AA8FEF76CFCBF
:10EE20004AA821462022FEF743FF4AA8394620225D
:10EE3000FEF73EFF4AA831462A46FEF739FF4AA8A8
:10EE40005CA90022FEF777FF11A85CA919AAFFF7B9
:10EE5000EFFD01AA19A811A9FDF771FF19A8002358
:10EE600001462993FFF7B0FD19A809AA0146082316
:10EE7000FFF712FA19A80146104A0823FFF7B9FA5A
:10EE800019AA0823202104F12000FFF7EFF901A8B7
:10EE9000FEF78DF809A8FEF78AF811A8FEF787F8A3
:10EEA000442119A8FEF7F0F92AA8FFF722FE4AA884
:10EEB000FEF73EFC0DF5027DBDE8F08190AD02004D
:10EEC00030B5E1B00D46044628A8FEF74BFC28A853
:10EED00069462A46FFF7E1FD012208A86946FFF7C7
:10EEE00033FF08A92046FFF7B5FD6846FEF75FF837
:10EEF00008A8FFF7FEFD28A8FEF71AFC61B030BD98
:10EF000010B5034601F1100251F8044B43F8044BCD
:10EF10009142F9D103681BBA036043681BBA43608E
:10EF200083681BBA8360C3681BBAC36010BD2DE938
:10EF3000F74F00230E684D688C68CA681F469C46D0
:10EF400098469946082110F803A001914AF3C01190
:10EF500001EA060B89EA0B0901EA050B88EA0B08AE
:10EF600001EA040B8CEA0B0C11404FEAC47B4F40C2
:10EF700042F300014BEA52024FEAC57B4BEA5404CC
:10EF80004FEAC67B4BEA5505DDF804B001F061415C
:10EF900081EA56060BF1FF314FEA4A0A11F0FF01F0
:10EFA0005FFA8AFA0191D1D10133102BCAD199FAB3
:10EFB00089F3036098FA88F343603FBA9CFA8CF3B4
:10EFC0008360C76003B0BDE8F08FFFFF014B0360B3
:10EFD000704700BF40AE020010B5034B036004460B
:10EFE00017F0C0FB204610BD40AE0200014B03608D
:10EFF000704700BF40AE020008B540680368DB6898
:10F00000984708BD102070472DE9F04706460F4687
:10F0100090469A460024C4EB0A020F2A08EB040328
:10F0200007EB040919D9002570195A5D017A0135D9
:10F030004A40102D0272F7D17068036806F108018A
:10F040005B690A469847002573191B7A09F8053051
:10F050000135102DF8D11034DDE7BDE8F0872DE93A
:10F06000F74F07468A4691469B460024C4EB0B02A5
:10F070000F2A0AEB040309EB040818D97868026820
:10F0800007F11801956901934246A847019B3E4646
:10F090000025307A317E18F8052041405955013558
:10F0A000102D327206F10106F3D11034DEE703B001
:10F0B000BDE8F08F70B50446406803689B680E4653
:10F0C00015469847102806D16068036831461B69C9
:10F0D0002A46984770BD002070BD102A10B50ED189
:10F0E00000F1080301F1100251F8044B43F8044BFE
:10F0F0009142F9D1102380F82830012010BD002062
:10F1000010BDFFFF10B5084B0446102140F8083B26
:10F11000FEF7BAF804F118001021FEF7B5F8204602
:10F12000FDF7B2FA204610BD68AE020010B50446E5
:10F13000FFF7E8FF204617F015FB204610BD10B57D
:10F14000044640680368DB69984704F10800102111
:10F15000FEF79AF804F118001021FEF795F8102335
:10F1600084F8283010BDFFFF10B50446FDF79CFA67
:10F17000044B236000236360102384F8283020466A
:10F1800010BD00BF68AE020010B5034B036004461B
:10F19000FDF77AFA204610BD98AE020010B504467D
:10F1A000FFF7F2FF204617F0DDFA204610BDFFFF03
:10F1B00010B50446FDF778FA014B2360204610BDD8
:10F1C00098AE0200202070470820704710B50468F0
:10F1D000A469A04710BDFFFF102A70B5154604466C
:10F1E0000E4600F1040223D8214B03F1100153F81D
:10F1F000040B42F8040B8B42F9D131462A4604F144
:10F2000014000CF0BDF904F1240031462A460CF03C
:10F21000B7F9102D27D0C5F110066019002132462C
:10F22000143019F05BF9601924300021324618E0DF
:10F23000104B202D28BF202503F1100153F8040B9B
:10F2400042F8040B8B42F9D104F1140031462A46EE
:10F250000CF096F9202D06D0601914300021C5F16C
:10F26000200219F03BF9402384F88530012070BD5D
:10F2700000AF020011AF0200082A38B504460D465F
:10F2800007D13430002119F029F92B68E3636B684A
:10F290000BE00C2A0FD134300021042219F01EF9A2
:10F2A0002B68A3636B68E363AB682364402384F833
:10F2B0008530012038BD002038BD10B540210446FE
:10F2C0000430FDF7E1FF04F144004021FDF7DCFFCD
:10F2D000402384F8853010BD10B5084B044640210A
:10F2E00040F8043BFDF7D0FF04F144004021FDF756
:10F2F000CBFF2046FDF7C8F9204610BDD8AE02006E
:10F3000010B50446FFF7E8FF204617F02BFA204619
:10F3100010BDFFFF38B504460D46FDF7C5F9044B97
:10F320002360402384F8845084F88530204638BD1B
:10F33000D8AE0200042A10B5044601D0082A08D12C
:10F3400004F134000CF01CF9402384F885300120CE
:10F3500010BD002010BD2DE9F04F002387B0CC5820
:10F36000C4500433402BFAD1012A40F2CC80046807
:10F370000369056A4669476B03EB0408046B88EA76
:10F3800004044FEA344425446B404FEA3353984415
:10F3900088EA04044FEA3464651900956B404568B7
:10F3A0004FEA7363354401936F40436A4FEA37472E
:10F3B0003B445E404FEA365635446F404FEA37676C
:10F3C00002971F44039783697E40876803EB070910
:10F3D000876B89EA07074FEA374A876A0AEB070C07
:10F3E0008CEA03034FEA33539944CDF81090C76871
:10F3F00089EA0A0AD0F81C904FEA3A6AD444CDF858
:10F4000014A009EB070AC76B8AEA07074FEA374BD4
:10F41000C76A5F4487EA09098CEA03034FEA39594E
:10F42000CA444FEA73631D448AEA0B0B4FEA7666BF
:10F430004FEA3B6B6C405F44B0444FEA344487EA88
:10F44000090988EA0B0B27444FEA3B4B7B40DC441D
:10F450004FEA33531D448CEA06064FEA36566C4099
:10F46000B0444FEA3464274488EA0B0B4FEA3B6B05
:10F470007B40DC4445604FEA7363049D83614FEA3F
:10F480007969029BC7628CEA06064D444FEA7666AC
:10F490004661009F046385EA03064FEA3646374417
:10F4A00087EA09094FEA3954254485EA06034FEAF9
:10F4B0003363C0F83CB0C0F80080C0F828C0436394
:10F4C0003B445C404FEA7464C461019C8560059DC7
:10F4D0000362A2448AEA0503039D4FEA33431D44B5
:10F4E0006C404FEA345404EB0A077B404FEA336325
:10F4F00083632B445C404FEA7464023AC760046142
:10F500004362D2B230E70023C458CA582244C250E2
:10F510000433402BF8D107B0BDE8F08FF8B50446AE
:10F520000E4617461D46CDB394F885303F2B08D8BC
:10F5300094F88500C0F14000C0B2A84218D9E8B2E2
:10F5400016E094F8842004F14400211DFFF703FF26
:10F55000002384F885300122E118013391F834004A
:10F56000082B024481F83420C2F30F22F4D1DFE7E4
:10F570002D1A0023DAB290420DD094F88520F95C60
:10F5800002F1010C224484F885C092F844204A40DC
:10F59000F2540133EEE706440744C4E7F8BDFFFF29
:10F5A0002DE9F74F04460320B2FBF0F000EB4005D5
:10F5B0000195571B51B9800007B10430002B00F0B2
:10F5C00082803923B2FBF3F210447CE0002625460A
:10F5D00030463246DDF804C0624548D214F802C015
:10F5E000DFF8E8804FEA9C0C01EB000B18F80CC028
:10F5F00001F800C014F8029095F801A009F0030981
:10F600004FEA091949EA1A1900F1010C18F8099092
:10F6100001F80C9095F801A095F802900AF00F0AF5
:10F620004FEA991949EA8A0918F809908BF802906B
:10F6300095F8029009F03F0918F809808BF80380CB
:10F6400000F10408C6EB080A4FF04C09BAFBF9FBBD
:10F6500009FB1BA9B9F1000F05D123B10A2001F85C
:10F66000080001366046033204300335B2E7012F4B
:10F670000ED1A55C154BAD085D5D0D54A25C02F08A
:10F680000302120101449B5C4B703D238B7018E018
:10F69000022F18D1A55C0D4BAD085D5D0D54551CB6
:10F6A000A25C665D02F00302120142EA16120144F6
:10F6B0009A5C4A70625D02F00F0213F822308B7080
:10F6C0003D23CB70043003B0BDE8F08F22AF0200C1
:10F6D000F8B50180044601EB41018EB20027468057
:10F6E00002714771E373076130461D4618F0BCFE96
:10F6F000A06018B13946324618F0F0FE15F001004E
:10F7000005D0012323730023637302230CE005F06B
:10F71000040505F0FF01012202231DB1227363736A
:10F72000A07302E021736273A3732046F8BD10B585
:10F730000446806808B118F09FFE207900210CF083
:10F74000D9FD204610BD10B50446012100790CF00A
:10F75000D1FD20790021BDE810400CF09DBDFFFFD8
:10F76000F8B583680446002B00F08A800CF0C2FED6
:10F770002369C01A3128F9D972B6424B2179A2689F
:10F7800053F83100404B6788196841F08071196067
:10F790003E4B196841F001011960E37B13F0020F41
:10F7A0003B4B1744196837D05A31BA422BD212F862
:10F7B00001CB08258026D3F800E0C1EB0E0EBEF188
:10F7C000590FF8D932494FF0010E16EA0C0F0968AB
:10F7D00080F880E007D0D3F800E0C1EB0E0EBEF158
:10F7E000380FF8D906E0D3F800E0C1EB0E0EBEF1F9
:10F7F000110FF8D94FF0010E013D80F800E126FA13
:10F800000EF6D8D1D1E71A68521A592AFBD962B636
:10F810000CF070FE2061F8BDB431BA422BD212F860
:10F8200001CB08258026D3F800E0C1EB0E0EBEF117
:10F83000B30FF8D916494FF0010E16EA0C0F0968FC
:10F8400080F880E007D0D3F800E0C1EB0E0EBEF1E7
:10F85000550FF8D906E0D3F800E0C1EB0E0EBEF16B
:10F86000230FF8D94FF0010E013D80F800E126FA90
:10F870000EF6D8D1D1E71A68521AB32AFBD9C6E7D7
:10F88000F8BD00BFECC40200FCED00E0001000E099
:10F89000041000E003888B4230B516D94379C2F3D7
:10F8A0000745C2F30724D2B22BB15D435C435A43F0
:10F8B0002D0A240A120A836801EB41011944037BD3
:10F8C000CD54437BCC54837BCA5430BD42EA0122E1
:10F8D00042EA004070474A1C4379D2B29A4270B55E
:10F8E0001FD0013B13F0FF0384680CD0FF2904D123
:10F8F0004FF6FF7191FBF3F106E01102013991FB24
:10F90000F3F189B200E0194623461D1B4688ADB2CB
:10F91000AE4205D91D784D432D1203F8015BF4E783
:10F92000427170BD2DE9F843DDF82480BDF82090C8
:10F930000A9F16460D4604460246103155F8040B40
:10F9400042F8040B8D42F9D11946062204F1100049
:10F9500001F016FC304619F030F8C0F347001028CB
:10F960008ABF102384F8260084F8263094F82620D5
:10F9700022B104F11600314601F002FC002384F8A4
:10F980002730A4F82890C4F82C803846BDE8F84306
:10F9900016F074BD30B50B46054653F8100F97B0FE
:10F9A0009B88ADF8043091F827308DF80B300B8D23
:10F9B000ADF80630CB6A0090ADF808304FF48030D7
:10F9C0001B0C0C468DF80A3016F080FD0E21ADF8A8
:10F9D0000C00684601F000FC94F82620C043ADF806
:10F9E0000E008AB104A804F1160101F00DFC94F890
:10F9F00026200123284603EB420204A90BF0C0FD98
:10FA000094F8263005EB4305214668460DAA01F01F
:10FA10008FFB0DAC2B4615AD224603CAAA421860D7
:10FA20005960144603F10803F6D112781A7017B022
:10FA300030BDC36A0133C362704707B5014602A8EF
:10FA4000002220F8042DF3F7FFFB03B05DF804FB60
:10FA5000038D10B54FF6FF74A34204D10846FFF79B
:10FA6000ECFF012010BD013320F8283FF3F7ECFB39
:10FA7000002010BD70B50446002020C940CA4008CF
:10FA80007541404120C4013BF7D170BD70B50124E0
:10FA900020C940CA6408B541644120C0013BF7D188
:10FAA000D4F1010038BF002070BD2DE9F043013BC7
:10FAB00000249B002746254626465FF0000803E009
:10FAC0005FEA0608B8EB0308B6EB080952F809C06C
:10FAD00051F80890A9FB0C9C14EB090457EB0C0798
:10FAE00055F1000518F10408984501DCB045EBDD3F
:10FAF00084513C462F46002504369E42DDDDB6EBA0
:10FB0000430FDDDD8451BDE8F08300235AB28A4201
:10FB100004DA002240F823200133F7E7704710B5DC
:10FB200000231A465CB28C4204DA50F823400133B9
:10FB30002243F7E7D2F1010038BF002010BD4B117E
:10FB4000012250F8230001F01F0102FA01F10840E0
:10FB500070470139C9B24BB2002B0BDA013111F0F9
:10FB6000FF0315D059B201F18042013A002350F849
:10FB7000222004E050F82330002BEAD0EEE712B147
:10FB800052080133FBE7013903EB411398B200E05F
:10FB9000184600B2704710B500235CB2944205DAF3
:10FBA00051F8234040F823400133F6E710BD10B56B
:10FBB000013AD2B253B2002B09DB1BB250F82340FA
:10FBC00051F823309C4204D8F2D2FF2002E00020FA
:10FBD00000E0012040B210BD30B50B4689B014469C
:10FBE00005461A46294623466846FFF74FFF214639
:10FBF00005466846FFF793FF003518BF01256D00E5
:10FC0000002814BF6842C5F1010009B030BD00EB07
:10FC100081010023814207D951F8042C43EA5203A1
:10FC200041F8043DD307F5E7704770B59DF91040E2
:10FC30001D4623460646FFF71DFF30B928463146CC
:10FC40002246FFF7B4FF012807D0304631462A4646
:10FC50002346BDE87040FFF719BF70BD70B59DF930
:10FC600010401D4623460646FFF710FF38B13046C8
:10FC700031462A462346BDE87040FFF7FBBE70BD03
:10FC80002DE9F047B2B002AD9DF9E8401F4680462D
:10FC900023462846FFF709FF22AB384621468DE868
:10FCA0002800FFF756FFC0EB841086B2454A33B2F6
:10FCB00020251A4093FBF5F5002AEDB203DA013A4C
:10FCC00062F01F0201326DB25FFA82F912A8294672
:10FCD000FFF71BFF4FFA89F2002A28B214DD12AB9E
:10FCE00003EB800000231D46A54215D257F82510CE
:10FCF00001FA02FE43EA0E0340F82530C2F1200368
:10FD000021FA03F30135EFE70DF1480C0CEB80000D
:10FD100039462246FFF73FFFA7000DF148094FEA99
:10FD2000440AB9440125330440D400231A4659B289
:10FD3000514520DA0DF1C80C0CEB850E08B25EF8C7
:10FD4000C8EC0CEB81015EF820E051F8801CC1EB9F
:10FD50000E01891A714502D094BF00220122C5F11B
:10FD6000010E0DF1C80C0CEB8E0E01335EF8C8ECE1
:10FD70004EF82010DBE7AA1A554212A82146554139
:10FD8000FFF745FF32AA631E02EB83033A4448465D
:10FD900052F8801C53F8802C013E42EAC172214681
:10FDA00043F8802CB6B2FFF732FFBCE732AB03EB6F
:10FDB0008505404655F8C81C2246FFF7ECFE32B0D8
:10FDC000BDE8F0871F00008030B51C4691B00546A5
:10FDD00093F900306846FFF768FED4F8AC30284647
:10FDE0006946984711B030BD13460A46FFF7ECBF8D
:10FDF0002DE9F04115468AB004460E4602A80021BE
:10FE0000202218F06BFB95F8008003232046314632
:10FE10002A462F1D4FFA88F80293FFF7E5FF204688
:10FE2000214602AA3B46CDF80080FFF717FF204687
:10FE3000214632462B46FFF7C7FFCDF8008020460B
:10FE4000214605F184023B46FFF7EFFE0AB0BDE80C
:10FE5000F081FFFF2DE9F04F0C468BB008220546DC
:10FE6000FFF799FEE36A0593236B0693636B079391
:10FE7000A36B089302A8E36B099300260146024690
:10FE80000823049603960296FFF7F4FD294683465D
:10FE900002AA08232846FFF7EDFD236B0593636B49
:10FEA0000693A36B07938446E36B089302A801466D
:10FEB00002460823CDF800C00996FFF7DBFD29466E
:10FEC000824602AA08232846FFF7D4FD236A02933C
:10FED000636A0393A36A0493A36B0893E36B099388
:10FEE0008146294602AA08232846079606960596C3
:10FEF000FFF7C0FD636A0293A36A0393E36AA26BF0
:10FF00000493636B059306920893E26B236A07924E
:10FF100080460993294602AA08232846FFF7AAFD2E
:10FF2000E36A0293236B0393636B0493236A08933E
:10FF3000A36A09930746294602AA0823284607967A
:10FF400006960596FFF7A2FD236B0293636B03935E
:10FF5000A36B0493E36B0593636A0893E36A0190D0
:10FF60000993294602AA0823284607960696FFF712
:10FF70008DFDDDF800C0019B0896E344DA44D144CE
:10FF8000C8444744381AC71A636B0293A36B0393A0
:10FF9000E36B0493236A0593636A0693A36A07934A
:10FFA000236B0993294602AA08232846FFF76EFD12
:10FFB000A36B0293E36B0393636A0593A36A0693AF
:10FFC000E36A0793636B09933F1A2946284602AAFE
:10FFD000082304960896FFF759FD3C1A16D52846C3
:10FFE00029460D4A0823FFF745FD0419F7D410E010
:10FFF000094829460822FFF7DAFD012809D02846DA
:020000021000EC
:100000002946054A0823FFF741FD241A002CEFD0AA
:10001000F5E70BB0BDE8F08F18B0020073B50546E8
:1000200014460E46FFF7E0FE284629463246234690
:10003000FFF7CAFE082300932846294604F18402EC
:10004000231DFFF7F2FD02B070BD00232DE9F04142
:100050000A4680461C46D158002540F2D130E0FBCC
:10006000014548F803400433202B2C46F3D108F116
:100070000400C8F8205001460823FFF7FBFCC8F82D
:100080002400BDE8F081FFFF70B590B00D46044636
:1000900008216846FFF739FD08A80821FFF735FD5C
:1000A00005F120016846FFF7D0FF6A46082329467C
:1000B0002046FFF7DFFC082106462846FFF725FD0E
:1000C000284608A9FFF7C1FF2A46204621460823F3
:1000D000FFF7D0FC85193DB1204621460A4A082386
:1000E000013DFFF7D3FCF6E7204607490822FFF75A
:1000F0005EFD002805DD20462146034A0823FFF760
:10010000C5FC10B070BD00BF68AF0200F0B589B08B
:100110001C4607460E461546684611461A46FFF726
:1001200063FE384639466A462346FFF74DFE684669
:1001300069462A462346FFF747FE304631466A465F
:100140002346FFF741FE09B0F0BD2DE9F0478AB024
:100150008146129F3D46144615F9046B0096984659
:100160008A462B4602A811464A46FFF777FD02A8A9
:1001700001463A46FFF738FE4846494602AA3B4642
:10018000FFF722FE2046214602AA3B46FFF71CFE4F
:100190002B464046414652460096FFF75FFD02A8B7
:1001A00041463A46FFF720FE02A801464A462B4642
:1001B0000096FFF753FD02A8014622462B46009603
:1001C000FFF74CFD204621464A462B460096FFF796
:1001D00045FD5046514622463B46FFF7F5FD204679
:1001E000494602AA2B460096FFF738FD4046414695
:1001F00022463B46FFF7E8FD4046414652462B4625
:100200000096FFF72BFD204602A93246FFF7C3FCFC
:100210000AB0BDE8F0872DE9F0479AB08046229EEB
:100220003446174614F9045B009599468A462346DE
:1002300002A811464246FFF711FD02A801463246C8
:10024000FFF7D2FD4046414602AA3346FFF7BCFD08
:100250003846394602AA3346FFF7B6FD02A849469A
:10026000524623460095FFF7E0FC48464946524671
:1002700023460095FFF7F2FC0AA83946424623467A
:100280000095FFF7EBFC504651460AAA3346FFF7AC
:100290009BFD23460AA841463A460095FFF7C5FC58
:1002A000384649463246FFF79FFD384639460AAA86
:1002B00023460095FFF7D2FC12A841463A46234652
:1002C0000095FFF7CBFC4846494612AA3346FFF794
:1002D0007BFD23464846494652460095FFF7BEFC43
:1002E00012A802A93246FFF77FFD12A801460AAA0A
:1002F00023460095FFF7B2FC0AA812A942462346FE
:100300000095FFF7ABFC0AA8014602AA3346FFF7A7
:100310005BFD50460AA9524623460095FFF79EFC16
:10032000404612A92A46FFF736FC1AB0BDE8F0870E
:100330002DE9F843B3F90270914607F11F05202219
:1003400095FBF2F5044603F124086DB20E4608460B
:10035000424621462B46FFF78DFB50B9B7EB451FB0
:1003600009DA30463946FFF7EAFB041C18BF0124BE
:1003700002E0012400E004464846314642462B464E
:10038000FFF778FB2046BDE8F88370B5002463B220
:100390008B4204F101040BDA4D1EED1AAE0805F094
:1003A000030552F82660ED0026FA05F5C554EEE780
:1003B00070BDF8B504230F46D11C91FBF3F149B28F
:1003C00014460546FFF7A1FB002253B2A34202F1F7
:1003D00001020EDA661EF61AB008FB5C06F0030690
:1003E000F60003FA06F655F82030334345F820307E
:1003F000EBE7F8BD2DE9F84F05460F4608461146D4
:100400001446FFF7A6FB194B1A689B4612B9002049
:10041000BDE8F88FC0EB441005EB840800B24FF044
:10042000FF3A4FEA8409A8F104082AFA00FA4026A4
:10043000DBF800302846494698470028E7D0D8F82E
:10044000003003EA0A03C8F8003028462146FFF7C7
:1004500066FB10B1013EEBD1D9E73846294622466A
:10046000FFF7BAFB0128F5D1BDE8F88F68BCFF1F84
:100470002DE9F047B3F902501F4605F1070808239C
:1004800098FBF3F81F35202395FBF3F56EB2424538
:1004900038BF9046044689463146FFF736FB424650
:1004A00020464946FFF785FFB7F902304FEAC808F2
:1004B000984522D9C3EB080804EB85050022A54224
:1004C0000BD955F8043C23FA08F10A4345F8042DEA
:1004D000C8F1200203FA02F2F1E724373846214638
:1004E0003246FFF764FB012807D0204621463A46F2
:1004F0003346BDE8F047FFF7C9BABDE8F08738B525
:1005000043690569044603EB4505002322699342CC
:1005100005D2CA5C82F03602EA540133F6E7E2689B
:10052000934203D23622EA540133F8E72368204687
:1005300098476368E26820462946984738BD08B561
:100540004368984708BD70B543690669044603EBE4
:100550004606154600232269934205D2CA5C82F002
:100560005C02F2540133F6E7E268934203D25C2264
:10057000F2540133F8E72946A368204698472368D8
:10058000204698476368E26820463146984763688A
:100590002269204629469847A3682046294698475D
:1005A00070BD70B5044615460E46FFF7A8FF2046FD
:1005B00029462269FFF7C3FF204631462A46BDE897
:1005C0007040FFF7C0BFF8B5036813F0010604469A
:1005D0000F46154605D001463A462B46FFF74AFA24
:1005E000064620462946FFF712FB46B105F1804238
:1005F000013A54F8223043F0004344F82230F8BD69
:10060000F0B50646A1B00F460846194615461C46E9
:10061000FFF785FA20B130462146FFF776FA73E0FE
:10062000684639462246FFF7B6FA08A82946224608
:10063000FFF7B1FA10A82146FFF767FA012318A8BF
:1006400021461093FFF761FA684608A92246FFF792
:10065000AEFA002853D0009BDA0704D4684621463E
:10066000FFF7D5FA26E0089BDB0704D408A821464B
:10067000FFF7CDFA3DE000281EDD08AA23466946B3
:100680006846FFF703FA68462146FFF7C0FA10A84C
:1006900018A92246FFF78BFA002805DA10A80146B0
:1006A0002A462346FFF7E6F910A8014618AA234672
:1006B000FFF7ECF910A81DE008A86A46234601469A
:1006C000FFF7E4F908A82146FFF7A1FA18A810A936
:1006D0002246FFF76CFA002805DA18A801462A46D8
:1006E0002346FFF7C7F918A8014610AA2346FFF7CB
:1006F000CDF918A829462246FFF765FFA4E7304642
:1007000010A92246FFF747FA21B0F0BD2DE9F04FBE
:10071000AFB09046399C059094F9005016A82A462F
:100720000F469946FFF737FAAB0003933B4426A8E0
:1007300019462A460493FFF72EFA94F9006006A89A
:10074000B9F1000F04D049463246FFF724FA04E01D
:100750003146FFF7DAF90123069332460EA816A9AF
:10076000FFF719FA32461EA826A9FFF714FA16A8B1
:1007700026A906AA2346FFF7C9FCD4F8A46016A848
:1007800026A906AA2346B0470EA81EA906AA2346F4
:10079000FFF7BCFCBDF9E060023EB6B231B2002901
:1007A00029DD4046FFF7CBF9D0F1010038BF00202A
:1007B000C0F101091EAB4FEA401B4FEA49190DF188
:1007C000380A0DF1380CDC44CA449B449944624613
:1007D000504649465B460094CDF808C0FFF71BFD24
:1007E000DDF808C000946046594652464B46FFF774
:1007F000ACFC013ED1E7D8F80030009403F00109C9
:1008000089F00109C9F101061EAB76010DF1380826
:100810004FEA49190DF1380AB044CA441E449944BC
:100820004046314652464B4604F1040BFFF7F3FCB9
:1008300006A816A90EAA5B460095FFF70FFA06A8B0
:10084000014632462346FFF7BFFA06A801463A465C
:100850002346FFF7B9FA06A801465A462B46FFF78A
:10086000CFFE06A80146049A2346FFF7ADFA06A874
:10087000014642462346FFF7A7FA504649464246FC
:1008800033460094FFF761FC23460EA81EA906AA72
:10089000FFF73CFC05980EA92A46FFF77CF905985E
:1008A000039B1EA918442A46FFF775F92FB0BDE82F
:1008B000F08F30B595B0144604AB05460CAA0293F0
:1008C0000846194623460392FFF732FDD0F1010096
:1008D00038BF002014AA02EB80036288013212B2F2
:1008E0008DE81400284653F8482C04F144010023F5
:1008F000FFF70CFF21784900284649B2FFF70FF9AE
:10090000D0F1010038BF002015B030BD2DE9F04F07
:10091000ABB00DF12808359D059095F90090069132
:100920000DF1480B1846494607921E46CDF8208027
:10093000CDF824B0FFF7F3F8B5F802A0039008B1A2
:1009400000209BE00FFA8AF420231F3494FBF3F479
:1009500005F1240764B2384631462246FFF73CF9D8
:1009600001280490ECD141465A462B463046FFF709
:10097000DFFCD0F1010038BF00202AAA02EB80037F
:100980000AF1010212B28DE824001AA805F144010F
:1009900053F8882C039BFFF7B9FE1AA84946FFF7C6
:1009A000BEF80028CCD1374B1B6840462BB92146F6
:1009B000FFF7ABF8049B0A9305E039462246FFF7A0
:1009C00019FD0028BCD0304631460AAA3B460094A7
:1009D000FFF756F9304631463A462346FFF710FEF8
:1009E0003B46304631460AAA0094FFF749F934984D
:1009F00095F901101AAAFFF7C8FCB5F9022005996C
:100A00000823073292FBF3F20AA8FFF7D2FC2AAAC6
:100A1000631E02EB8303002243F8602C12A81AA97C
:100A20004A46FFF7B8F812A802460AA93B460094C6
:100A3000FFF726F90AA80699079A2B46FFF718FD33
:100A400012A802460AA93B460094FFF7EEF812A846
:100A5000014632463B460094FFF712F9214612A8A0
:100A6000FFF777F895F90110B0EBC10F3FF768AFCA
:100A7000349812AA0844FFF788FC01202BB0BDE887
:100A8000F08F00BF68BCFF1F2DE9F04793F90060AD
:100A900092B0044689461046314615469846FFF7FF
:100AA0003EF8002840F0978002A849464246FFF7EA
:100AB0009BF943460AA8214602AAFFF785F902A836
:100AC00001464246FFF790F94346484649462A46C2
:100AD000FFF77AF908F10407284629464246FFF74E
:100AE00083F9204621462A463B460096FFF79DF8AB
:100AF000284629462A463B460096FFF796F82846A0
:100B000021462A463B460096FFF7A8F82046214694
:100B10002A464346FFF758F92846214622463B46D7
:100B20000096FFF782F820463B46009621462A466B
:100B3000FFF77BF82368DB07204613D53A46334698
:100B40002146FEF797FF314682462046FFF75FF8C1
:100B500006F18043013B54F8232042EACA7244F86C
:100B6000232002E03146FFF752F82846214642464C
:100B7000FFF73AF9284629460AAA3B460096FFF7AE
:100B80006DF8284629460AAA3B460096FFF766F804
:100B90000AA801462A463B460096FFF75FF8204622
:100BA00021460AAA4346FFF70FF902A802463B4630
:100BB00021460096FFF752F8204629463246FEF7B6
:100BC000EAFF284649463246FEF7E5FF484602A9B5
:100BD0003246FEF7E0FF12B0BDE8F0872DE9F043A2
:100BE000054693B00C461046082117461E46FEF7F0
:100BF00096FF002874D10AA821463246FFF7F4F880
:100C0000334602A829460AAAFFF7DEF828462946F5
:100C10003246FFF7E9F80AA801463246FFF7E4F842
:100C20004FF0080838463A4621463346371DFFF74D
:100C3000CBF8204629462A463B46CDF80080FEF7F1
:100C4000F4FF20463B46CDF8008021462A46FEF7B9
:100C5000ECFF2368DB0720460ED5434621463A4683
:100C6000FEF708FF414681462046FEF7D0FFE369C4
:100C700043EAC973E36102E04146FEF7C8FF4FF063
:100C80000808284621463246FFF7AEF8284629468E
:100C90000DEB08023B46CDF80080FEF7DFFF28464B
:100CA00029460DEB08023B46CDF80080FEF7D6FF43
:100CB0000DEB080001462A463B46CDF80080FEF7C2
:100CC000CDFF204621460DEB08023346FFF77CF8A6
:100CD000CDF80080204621460AAA3B46FEF7BEFF1B
:100CE00013B0BDE8F083FFFF014B1860704700BFF1
:100CF00068BCFF1F0048704714B0020000487047EE
:100D000064AF0200F0B5064699B00F461446402580
:100D1000B4F9022020231F3292FBF3F2684604F15B
:100D2000240152B2FFF766FB08B9002024E008A8AE
:100D300069462246FFF7BDFDD8B1B4F90210082379
:100D4000073191FBF3F138466A46FFF71EFB304648
:100D500094F9011008AAFFF718FB94F9011094F90F
:100D6000002008AB701803EB8202FFF70EFB012096
:100D700002E0013DCCD1D8E719B0F0BD2DE9F04734
:100D80009146B3F902205D7893F80080A4B004AED8
:100D90001C460732082392FBF3F207466DB2304639
:100DA0000DF1300A0296CDF80CA0FFF702FB394690
:100DB00014A82A46FFF7FDFA4FFA88F814AA02EBA6
:100DC000880079192A46FFF7F4FA3046314623465F
:100DD0005246FFF7ADFA1A4B1E68074656B124AAD1
:100DE00002EB8003211D53F8886C42463046FFF722
:100DF00001FB08B3D7F1010738BF002724AB03EB91
:100E00008707638801331BB28DE8180014A80146D8
:100E1000334657F8882CFFF779FC4846294614AA30
:100E2000FFF7B3FA2178490014A849B2FEF777FE1C
:100E3000D0F1010038BF002024B0BDE8F08700BF2A
:100E400068BCFF1F2DE9B04195B00CAD80460F4640
:100E5000104604A92A461C4602910395FFF768FA3A
:100E6000D0F1010038BF002014AA02EB8003628891
:100E7000013212B28DE81400404653F8482C39462E
:100E80000023FFF743FC15B0BDE8B0812DE9F04128
:100E90001646B3F902205C7893F8008098B01D469E
:100EA0000732082364B2074692FBF3F26846FFF765
:100EB00080FA08A839462246FFF77BFA4FFA88F8ED
:100EC00008AB03EB8808404639192246FFF771FA50
:100ED00008A82B466A460146FFF7B4FF3046214674
:100EE00008AAFFF752FA301921464246FFF74DFA99
:100EF0002978490008A849B2FEF711FED0F1010097
:100F000038BF002018B0BDE8F08170B51446B2F9C2
:100F10000220034698B00E46073219460823684659
:100F200092FBF3F2FFF745FAB4F9025020231F3584
:100F300095FBF3F56DB268462946FEF7F0FD08B162
:100F4000002020E02A4604F124006946FEF744FE12
:100F500001280546F4D108A869462246FFF7A9FCF6
:100F60000028EDD0304694F9011008AAFFF70DFAD9
:100F700094F9011094F9002008AB701803EB820279
:100F8000FFF703FA284618B070BD2DE9F04F91B075
:100F90005D691B9F1E6997F801807F880FFA87FCA7
:100FA00093461C460CF11F02202392FBF3F381466B
:100FB0008A462E44CDF810C0DBB2002221698A4255
:100FC00005D20121B1540021A9540132F6E720468F
:100FD00029460293FFF793FA22690021B15422694E
:100FE0004FFA88F8204631460132FFF7A8FA424608
:100FF00020464946FFF7A3FA204651465A46FFF7D6
:101000009EFA204629462A46FFF79DFA3246204698
:101010002946FFF7C6FA20462946FFF770FA2269EB
:101020000121B1542269204631460132FFF787FA87
:10103000424620464946FFF782FA204651465A4624
:10104000FFF77DFA204629462A46FFF77CFA20461C
:1010500029463246FFF7A5FA029B4FFA83F80FFAAA
:1010600088F34FEA830CC7EB48175B013FB2069346
:101070004FF0FF33FB404027CDF814C00793039790
:101080000027294620463246FFF78BFA21690023C4
:101090008B42F6D00DF1400C4CFA87F07A1CD2B29C
:1010A00016F803E0059F00F820EC50B2B84202DACF
:1010B00001331746ECE7DDF818C0049FBC450BDD93
:1010C00008F1FF330DF1400C0CEB8303079F53F83D
:1010D000202C3A4043F8202C1A9F00971B9F019721
:1010E000484651465A4608ABFFF710FC074608B180
:1010F000012719E020462946FFF701FA2269B75473
:101100002269204631460132FFF719FA2046294666
:101110002A46FFF718FA294620463246FFF741FAD9
:10112000039901390391ABD1384611B0BDE8F08F76
:1011300038B50446154600F08DF8284621461022A1
:10114000BDE8384000F060B870B500230446934213
:1011500004F102040DD0CE5C084D3609AE5D04F8F2
:10116000026CCE5C06F00F060133AD5D04F8015C45
:10117000EDE7002200F8132070BD00BFC4B00200EC
:101180002DE9F041044615464F1E002617F8011FB1
:1011900009B9254416E0002DFBD0DFF83880404621
:1011A00017F0F4FB10B1C8EB0000C0B296F00106D6
:1011B00001D02070EAE7237840EA031004F8010B1D
:1011C000013DE3E7AC4203D0002304F8013BF9E71B
:1011D000BDE8F081C4B0020010B5034601444FF6EB
:1011E000FF708B420FD013F8012B5040082200F003
:1011F0000104400824B180F4044080F0080080B26B
:10120000013AF4D1EDE710BD70B5002304469342D6
:1012100004F102040DD0CE5C084D3609AE5D04F831
:10122000026CCE5C06F00F060133AD5D04F8015C84
:10123000EDE7002200F8132070BD00BFD5B002001A
:1012400010F0800F4FEA400018BF80F01B00C0B2C2
:101250007047FFFF2DE9F04F87B002AA04460E4603
:101260000B4601F11007924618685968154603C5E8
:101270000833BB422A46F7D10023F15CE25C4A40C6
:10128000E2540133102BF8D100275C4D23786279AA
:10129000EB5C23702379AA5CEB5C2371237AEB5C13
:1012A0002372237BEB5C237363786270627AEB5C5E
:1012B000AA5C6271627B6373AA5C6272A27AA37891
:1012C000AA5CA270A27BEB5CAA5CA372A379A27158
:1012D000E27AEB5CAA5CA373E37BE273E279EB5CFA
:1012E000AA5CE272E278E370FBB2AA5CE271092BBD
:1012F00027D19DF81530EA5C9DF808305340404AEC
:10130000BA5C53408DF808309DF81630EA5C9DF8C1
:10131000093053408DF809309DF81730EA5C9DF88C
:101320000A3053408DF80A309DF81430EA5C9DF87D
:101330000B3053408DF80B300DF113020DF1070304
:1013400044E0264604F1010804F1100218F801BC3B
:10135000B378707896F8039000928BEA000089EADF
:10136000030980EA0909FFF76BFF8BEA000089EAAD
:10137000000B08F801BC96F802B07378019383EA79
:101380000B00FFF75DFF019B584089EA0003F078EE
:1013900073708BEA0000FFF753FF8BEA000089EAC5
:1013A000000B5FFA8BFB86F802B0717818F8013CED
:1013B0004B4089EA03098BEA090B86F803B0009ACF
:1013C0000436964208F10408C0D192E7587913F820
:1013D000011F414093421971F8D10023E25C1AF8D1
:1013E00003104A40E2540133102BF7D101370A2F82
:1013F0007FF44BAF07B0BDE8F08F00BFE6B002004E
:10140000E6B102000021D82217F068B838B100F127
:10141000D803984203D0002202700130F9E77047E8
:1014200008B5D8220AF0ACF808BDFFFFFFFFFFFFA8
:1014300000220023C0E90023C0E9022331BB2AA314
:10144000D3E90023C0E9042329A3D3E90023C0E999
:10145000062329A3D3E90023C0E9082328A3D3E95D
:101460000023C0E90A2328A3D3E90023C0E90C2301
:1014700027A3D3E90023C0E90E2327A3D3E9002340
:10148000C0E9102326A3D3E9002325E026A3D3E94E
:101490000023C0E9042326A3D3E90023C0E90623DF
:1014A00025A3D3E90023C0E9082325A3D3E900231A
:1014B000C0E90A2324A3D3E90023C0E90C2324A311
:1014C000D3E90023C0E90E2323A3D3E90023C0E915
:1014D000102323A3D3E90023C0E91223C0F8D010BE
:1014E000704700BFAFF3008008C9BCF367E6096A24
:1014F0003BA7CA8485AE67BB2BF894FE72F36E3CA3
:10150000F1361D5F3AF54FA5D182E6AD7F520E51FF
:101510001F6C3E2B8C68059B6BBD41FBABD9831FB9
:1015200079217E1319CDE05BD89E05C15D9DBBCBB3
:1015300007D57C362A299A6217DD70305A015991F5
:1015400039590EF7D8EC2F15310BC0FF67263367DA
:1015500011155868874AB48EA78FF9640D2E0CDBDD
:10156000A44FFABE1D48B5472DE9F04FADF2844DAA
:101570007EAD0F9006914FF0000C069800EBCC0466
:1015800010F83C00E2794FEA006B60784FF0000AF7
:1015900006040996CDF820A0DDE90867A078CDF80B
:1015A00028A0002343EA0B033B43070242EA0A0256
:1015B0000B973243DDE90A673B43E77820791197BF
:1015C000CDF840A03243DDE910674FEA0068CDF85E
:1015D0001080CDF814A032433B43DDE90467607905
:1015E00032430604A0793B43324343EA0A034FEAFD
:1015F00000280CF1010C42EA080243EA0A03BCF19C
:10160000100FE5E90223B8D10DF50079D9E91223CD
:10161000D9E90001D9E91C67801841EB0301F30007
:1016200043EA57731293FB0043EA56731393F30C88
:1016300043EA47331493FB0C43EA46331593DDE941
:1016400014ABDDE9122383EA0B034FEA961B4BEA46
:10165000876882EA0A024FEA971ACDF804A0CDF80B
:101660000080DDE90067D9E9024572407B408018BF
:1016700041EB0301230A43EA056316932B0A43EA6D
:1016800004631793630843EAC57318936B0843EA2E
:10169000C4731993DDE918ABDDE9162383EA0B0364
:1016A0004FEAD41B4BEA4566EF090296039782EA9C
:1016B0000A02DDE902AB82EA0A02121883EA0B038E
:1016C0000CF1010C43EB0103BCF1500FC9E92023DD
:1016D00009F108099AD10F990F9D0F9B0F9FD1E92E
:1016E0000401D5E90845CDE910010F98CDE914456D
:1016F000D0E90CABD0E91045D3E90623D7E90A6756
:10170000CDE91C45CDE918ABCDE91223DDE91CABD1
:10171000D0E90E23CDE91667D0E91267DDE918019B
:10172000CDE908ABCDE91A23CDE91E67CDE90A67FB
:1017300092469B46CDE90601DDE91423DDE91267F7
:10174000DDE91001064CDDE91689CDE90423CDE978
:101750000267CDE900018EAD04F5207C02E000BFF8
:10176000A8B2020055E90E0154E90E23069E079F18
:10177000121843EB0103B10C41EA87312091B90CF7
:1017800041EA863138462191B10B41EA80412291EC
:101790003746810B41EA87412391DDE92201DDE9EA
:1017A0002067464006984F40C105079841EA5021FE
:1017B0002491C105069841EA50212591DDE92401D3
:1017C00046404F40921943EB0703DDE90867DDE926
:1017D000060186EA0A0687EA0B0706400F40DDE9A4
:1017E00008014640921987EA010743EB0703DDE948
:1017F0000A67B61847EB0307CDE90C6716EB080636
:1018000047EB0907DDE90023DDE90201CDE90A67BD
:10181000DDE90467104319433040DDE90223394014
:10182000DDE900673B401943B30743EA9703019F93
:10183000DDF800802693BB0743EA980327934FEA1D
:10184000187343EA071328933B0F43EA0813324007
:101850002993DDE928671043DDE9262372404FEA2A
:101860004866DDF8048046EAD8162A964FEA4866AC
:10187000DDF8008046EAD8162B967B40DDE92A6722
:10188000DDE90C897240121883EA070343EB010378
:1018900018EB020849EB030954E90C0155E90C2344
:1018A000121843EB0103DDE90801121843EB0103B1
:1018B000DDE90601DDE90A6780EA0A0081EA0B0139
:1018C000304080EA0A003940121881EA0B0143EBEC
:1018D0000103B10C41EA87310B9F0A982C91B90C96
:1018E00041EA80312D91810B41EA874106462E91D4
:1018F000B90B41EA86412F91DDE92E01DDE92C6724
:1019000046400A984F40C1050B9841EA502130915A
:10191000C1050A9841EA50213191DDE93001464084
:10192000901987EA010743EB0701DDE90423CDE9BC
:101930000C01801841EB0301CDE90801DDE900014C
:10194000DDE90267DDE9002341EA090103EA090351
:10195000394019434FEA887343EA990332934FEAB7
:10196000897343EA980333934FEA187343EA0913E0
:1019700034934FEA197343EA081340EA080002EA75
:101980000802359330401043DDE93467DDE9322346
:1019900072404FEA486646EAD91636964FEA4966DB
:1019A00046EAD81637967B40DDE936677240121852
:1019B00083EA070343EB0103DDE90C01801841EBE7
:1019C0000301CDE9040155E90A2354E90A0112187B
:1019D00043EB010312EB0A02DDE9066743EB0B035D
:1019E000DDE90AABDDE908018AEA060A0AEA000A2B
:1019F0008AEA060A8BEA070B099E0BEA010B810CA7
:101A000012EB0A0241EA8631DDF820A038914FEA54
:101A1000964141EA8A3139914FEA9A3141EA864149
:101A20003A914FEA963141EA8A418BEA070B3B91A2
:101A300043EB0B033046DDE93AABDDE9386787EA73
:101A40000B07DDF820B04FEACB5141EA50213C9121
:101A5000C10541EA5B213D9186EA0A06DDE93CAB1E
:101A600086EA0A06901987EA0B0743EB0701DDE9CE
:101A7000022310EB020A41EB030BCDE90C01DDE977
:101A80000401DDE90067DDE9042340EA080041EADA
:101A9000090102EA080230403940049F03EA0903C1
:101AA0001043059A1943BB0743EA92033E939307F9
:101AB00043EA970316463F933B0F43EA06133A4621
:101AC0004093330F43EA0213419340AFD7E90067D5
:101AD000DDE93E237B40049F72407E06059F46EA77
:101AE000D71642967E06049F46EAD716439642AF23
:101AF000D7E900677240121883EA070343EB01033A
:101B0000DDE90C01801841EB0301CDE9020155E943
:101B1000082354E90801DDE90667121843EB0103C5
:101B20009219DDE90A0143EB0703DDE908674F403D
:101B300007EA0B074F404FEA9A4141EA8B31449143
:101B40004FEA9B4141EA8A3145914FEA9A3141EA95
:101B50008B414640469106EA0A064FEA9B314640D1
:101B600041EA8A419219479146A844A943EB0703E9
:101B7000D1E90067D0E900014F404FEACA5141EA7C
:101B80005B2148914FEACB5141EA5A21499148A93A
:101B90004640D1E900014640901987EA010743EB2E
:101BA0000701DDE90023CDE90C01801841EB0301B9
:101BB000DDE90267CDE90601DDE90401DDE9022383
:101BC000064302400B400F4306EA080602991643FB
:101BD00007EA0907039A1F438B0743EA92034A93D4
:101BE000930743EA910310464B930B0F43EA00130C
:101BF0000A464C93030F43EA02134D934AA94CA89B
:101C0000D1E90023D0E90001424002984B4041064F
:101C1000039841EAD0114E914106029841EAD01151
:101C20004F914EA9D1E900014240921983EA010384
:101C300043EB0703DDE90C67B61855E9060147EBEE
:101C4000030754E90623121843EB0103DDE90A01F7
:101C5000CDE900671218DDE9086743EB0103DDE910
:101C6000060186EA0A0687EA0B0706400F40DDE90F
:101C700008014640921987EA0107069E43EB0703D5
:101C8000079FB10C41EA87315091B90C41EA863186
:101C900038465191B10B41EA804152913746810B50
:101CA00041EA8741539152A850A9D1E90067D0E990
:101CB0000001464006984F40C105079841EA50216F
:101CC0005491C105069841EA5021559154A9D1E992
:101CD00000014640901987EA010743EB0701CDE96F
:101CE0000C0110EB080041EB0901DDE90223CDE90D
:101CF0000A01DDE90001DDE90467104319433040C2
:101D0000DDE900233940DDE902673B40009FDDF853
:101D100004801943BB0743EA980356934FEA88733C
:101D200043EA970357933B0F43EA081358934FEA4C
:101D3000187343EA07133240599356AF58AE104315
:101D4000D7E90023D6E900677B40009F72407E06FA
:101D500046EAD8165A964FEA4866DDF8008046EA09
:101D6000D8165B965AAFD7E90067DDE90C89724057
:101D7000121883EA070343EB010318EB020849EB4F
:101D8000030955E9040154E90423121843EB010344
:101D9000DDE90801DDE90667121843EB0103DDE91F
:101DA0000A0186EA0A06064086EA0A06921987EAC6
:101DB0000B070B9E07EA01074FEA904141EA863183
:101DC0000A985C914FEA964187EA0B0741EA803115
:101DD00043EB07035D913746810B41EA8741064695
:101DE0005E91B90B41EA86415F915EA85CA9D1E999
:101DF0000067D0E9000146400A984F40C1050B98A2
:101E000041EA50216091C1050A9841EA502161914F
:101E100060A9D1E900014640901987EA010743EB28
:101E20000701DDE90423CDE90C01801841EB030132
:101E3000CDE90801DDE90001DDE90267DDE9002304
:101E400041EA0901394003EA090319434FEA88735B
:101E500043EA990362934FEA897343EA98036393D1
:101E60004FEA187343EA091364934FEA197343EA7C
:101E7000081340EA08006593304002EA080262AFA6
:101E800064AE1043D7E90023D6E9006772404FEAF9
:101E9000486646EAD91666964FEA496646EAD81673
:101EA0007B40679666AFD7E900677240121883EAF5
:101EB000070343EB0103DDE90C01801841EB03014B
:101EC000CDE9040154E9022355E90201121843EB5C
:101ED000010312EB0A02DDE9066743EB0B03DDE9C0
:101EE0000AABDDE908018AEA060A0AEA000A8AEA78
:101EF000060A8BEA070B099E0BEA010B810C12EB19
:101F00000A0241EA8631DDF820A068914FEA964145
:101F100041EA8A3169914FEA9A3141EA86416A91F0
:101F20004FEA963141EA8A4168A88BEA070B6B9128
:101F3000D0E900676AA843EB0B03D0E900AB86EA5F
:101F40000A06DDF820A087EA0B07DDF824B04FEA87
:101F5000CA5141EA5B216C914FEACB5141EA5A21C7
:101F60006D916CA9D1E9000146404F40DDE90201C5
:101F700012EB060A43EB070BCDE90CAB1AEB000A98
:101F80004BEB010BDDE90401DDE9002340EA080029
:101F900041EA090110401940DDE90423049E059F30
:101FA00003EA09031943B30743EA97036E93BB0798
:101FB00043EA960302EA080210436F933A46330F4E
:101FC00043EA021337467093130F43EA07137193E2
:101FD0006EAF70AED7E90023D6E900677B40049F5F
:101FE00072407E06059F46EAD71672967E06049FCB
:101FF00046EAD716739672AFD7E900677240121897
:1020000083EA070343EB0103DDE90C01801841EB90
:102010000301CDE90201F4E81023F5E81001DDE940
:102020000667121843EB01039219DDE90A0143EB3D
:102030000703DDE908674F4007EA0B074F404FEA07
:102040009A4141EA8B3174914FEA9B4141EA8A31CE
:10205000759146404FEA9A3141EA8B4106EA0A06F9
:10206000464076914FEA9B31921941EA8A4143EB0F
:102070000703779174AF76AED7E90001D6E9006720
:1020800070404FEACA5646EA5B2678964FEACB562E
:1020900046EA5A267940799678AFD7E900677040CA
:1020A000161881EA070143EB0107DDE90001CDE9DC
:1020B0000C67361847EB0107DDE90423DDE902016F
:1020C000CDE906671043DDE904671943DDE9022322
:1020D00000EA080032403B40029F104301EA090138
:1020E000039A1943BB0743EA92037A93930743EA9F
:1020F000970316467B933B0F43EA06133A467C93BD
:10210000330F43EA02137D937AAF7CAED7E9002305
:10211000D6E900677B40029F72407E06039F46EA35
:10212000D7167E967E06029F46EAD7167F967EAF2A
:10213000D7E900677240121883EA070343EB0103F3
:10214000DDE90C01801841EB03016445CDE9000194
:102150007FF408ABDDE91045021941EB05030F9D43
:10216000DDE91267C5E90423DDE90223921943EB97
:102170000703C5E90623DDE91401DDE9042312188C
:1021800043EB0103C5E90823DDE9162312EB08023E
:1021900043EB0903C5E90A23DDE91845DDE9062318
:1021A000121943EB05030F9DC5E90C23DDE91A2342
:1021B00012EB0A0243EB0B03DDE91C67C5E90E23B2
:1021C000DDE90823921943EB0703DDE91EABC5E9FE
:1021D0001023DDE90A2312EB0A0243EB0B03C5E9E6
:1021E00012230DF2844DBDE8F08F00BF2DE9F84FAA
:1021F000D0E90067002506F07F0BB61847EB05070E
:102200001446AF4208BFA64280468A469146C0E9BE
:10221000006706D2D0E90245013445F10005C0E966
:102220000245BBF1000F14D0CBF18004A14510D3BF
:102230000BF1500051462246404409F0A1F94046B6
:1022400008F15001FFF790F9A244C4EB09094FF0DF
:10225000000B4C460AEB09017F2CC4EB010104D9A9
:102260004046FFF781F9803CF4E729F07F0119F03F
:102270007F02514406D00BF150004044BDE8F84FB6
:1022800009F07EB9BDE8F88F0AB1FFF7AFBF70471C
:102290002DE9F04FC2688368D5000E4645EA5375B4
:1022A00041684FF0000B85B045EA0B050746DC009E
:1022B0004FEA517ACB0001688DF80350280E8DF853
:1022C0000000280C44EA0A048DF80100280A8DF861
:1022D0000200200E40EA05208DF80400200C43EA9D
:1022E000517340EA05408DF80500180E8DF808007E
:1022F000180CCA008DF80900180A8DF80A00100E93
:1023000040EA03208DF80C00100C40EA03408DF8E1
:102310000D00100A40EA03608DF80B303B688DF821
:102320000F2003F07F026F2A4FEA142894BFC2F1F6
:102330007002C2F1F0028DF80E008F498DF807404F
:10234000384648EA05688DF80680FFF79DFF384655
:1023500069461022FFF74AFFFA7D3270F88A7070E2
:102360007A69100AB0707869F0707A69F87C40EA8E
:10237000022030717A69788A40EA024070713C69C3
:102380007A69200A40EA0260B0713A69F271F87F16
:102390003072F88B7072FA69100AB072F869F072D4
:1023A000FA69F87E40EA02203073FA69788B40EAD5
:1023B00002407073BC69FA69200A40EA0260B07397
:1023C000BA69F27397F827003074F88C70747A6ADF
:1023D000100AB074786AF0747A6A97F8230040EAB9
:1023E000022030757A6A788C40EA024070753C6A47
:1023F0007A6A200A40EA0260B0753A6AF27597F884
:102400002F003076F88D7076FA6A100AB076F86A86
:10241000F076FA6A97F82B0040EA02203077FA6AE1
:10242000788D40EA02407077BC6AFA6A200A40EA76
:102430000260B077BA6AF27797F8370086F8200022
:10244000F88E86F821007A6B100A86F82200786BE5
:1024500086F823007A6B97F8330040EA022086F86A
:1024600024007A6B788E40EA024086F825003C6BA7
:102470007A6B200A40EA026086F826003A6B86F8FA
:10248000272097F83F0086F82800F88F86F8290063
:10249000FA6B100A86F82A00F86B86F82B00F96BA5
:1024A00097F83B2042EA012286F82C20F96B7A8FBC
:1024B00042EA014286F82D20B86BF96B020A42EA23
:1024C000016286F82E20BB6B86F82F30D7F8D0102B
:1024D00000294DD197F8472086F83020B7F84620DC
:1024E00086F83120786C020A86F832207A6C86F8F9
:1024F0003320786C97F8432042EA002286F8342093
:10250000786CB7F8422042EA004286F835203C6CED
:10251000786C220A42EA006286F836203B6C86F824
:10252000373097F84F2086F83820B7F84E2086F8D5
:102530003920F86C020A86F83A20FA6C86F83B20BB
:10254000F96C97F84B2042EA012286F83C20F96C9E
:10255000B7F84A2042EA014286F83D20B86CF96C8F
:10256000020A42EA016286F83E20BB6C86F83F30E0
:1025700005B0BDE8F08F00BFF0B10200F0B5B7B014
:102580001F460646684614460D46FEF73BFF684662
:102590003946FEF74DFF2A4668463146FFF774FE7E
:1025A00068462146FFF774FE6846FEF72FFF37B0F6
:1025B000F0BDFFFF0538C0B203289ABF024B53F8A5
:1025C00020000020704700BFF0B4020000B1007A84
:1025D000704701F09DBC01F045BCFFFF10B50446FB
:1025E00001F036FC024B20461B68984710BD00BF27
:1025F000C48CFF1F054B10B51B6801206C21984748
:10260000044608B101F020FC204610BDC08CFF1F1D
:10261000012301F0EBBD002301F0E8BD01F064BD32
:1026200001F05EBD012101F023BC002101F020BCBE
:10263000FEF79ABFFEF7F4BE10B50446FEF7E6FEBD
:10264000024B20461B68984710BD00BFC48CFF1F7B
:10265000054B10B51B680120D8219847044608B1E6
:10266000FEF7D0FE204610BDC08CFF1F0123FFF7F0
:1026700085BF0023FFF782BFFFF70ABEFFF704BE46
:102680000121FEF7D5BE0021FEF7D2BE00232DE9C1
:10269000F04115461C46844205F104054FEA8406C4
:1026A00017D055F804CCC3EB0C0645F8046C51F870
:1026B0002470BE422CBF4FF000084FF00108F61BFB
:1026C0009C452CBF434608F1010345F8046C0134D6
:1026D000E1E7324443B11168C81A994242F8040B49
:1026E0002CBF00230123F5E7BDE8F0812DE9F0417F
:1026F00086B084460193002303910292059380469D
:10270000B8F10F0F40F2CA8003980299059A019B15
:1027100050F8044B4FF000050E68E3FB0425B71892
:1027200045F1000241F8047B50F8044B4FF00005DE
:102730000E68E3FB0425B71845F1000241F8047B5D
:1027400050F8044B4FF000050E68E3FB0425B71862
:1027500045F1000241F8047B50F8044B4FF00005AE
:102760000E68E3FB0425B71845F1000241F8047B2D
:1027700050F8044B4FF000050E68E3FB0425B71832
:1027800045F1000241F8047B50F8044B4FF000057E
:102790000E68E3FB0425B71845F1000241F8047BFD
:1027A00050F8044B4FF000050E68E3FB0425B71802
:1027B00045F1000241F8047B50F8044B4FF000054E
:1027C0000E68E3FB0425B71845F1000241F8047BCD
:1027D00050F8044B4FF000050E68E3FB0425B718D2
:1027E00045F1000241F8047B50F8044B4FF000051E
:1027F0000E68E3FB0425B71845F1000241F8047B9D
:1028000050F8044B4FF000050E68E3FB0425B718A1
:1028100045F1000241F8047B50F8044B4FF00005ED
:102820000E68E3FB0425B71845F1000241F8047B6C
:1028300050F8044B4FF000050E68E3FB0425B71871
:1028400045F1000241F8047B50F8044B4FF00005BD
:102850000E68E3FB0425B71845F1000241F8047B3C
:1028600050F8044B4FF000050E68E3FB0425B71841
:1028700045F1000241F8047B50F8044B4FF000058D
:102880000E68E3FB0425B71845F1000241F8047B0C
:10289000059202910390A8F1100831E70CF00F089F
:1028A000B8F1070F69D903980299059A019B50F86E
:1028B000044B4FF000050E68E3FB0425B71845F103
:1028C000000241F8047B50F8044B4FF000050E68FD
:1028D000E3FB0425B71845F1000241F8047B50F8EA
:1028E000044B4FF000050E68E3FB0425B71845F1D3
:1028F000000241F8047B50F8044B4FF000050E68CD
:10290000E3FB0425B71845F1000241F8047B50F8B9
:10291000044B4FF000050E68E3FB0425B71845F1A2
:10292000000241F8047B50F8044B4FF000050E689C
:10293000E3FB0425B71845F1000241F8047B50F889
:10294000044B4FF000050E68E3FB0425B71845F172
:10295000000241F8047B50F8044B4FF000050E686C
:10296000E3FB0425B71845F1000241F8047B05920A
:1029700002910390A8F1080892E70CF0070CBCF153
:10298000000F15D003980299059A019B50F8044B4B
:102990004FF000050E68E3FB0425B71845F100026F
:1029A00041F8047B0592029103900CF1FF3CE6E7AD
:1029B000029B1968059A0A4443F8042B05998A4238
:1029C0002CBF002201220592002AF2D106B0BDE8F8
:1029D000F08120B1012303600023436083607047CE
:1029E00010B5044688B1806850B16368024613F19F
:1029F000FF3303D3002111600432F8E715F03CFDEA
:102A00000123236000236360A36010BDF8B542F288
:102A10001073994204460D4602D96FF00F00F8BDBD
:102A200046688E4219D20846042115F0C9FC0746B3
:102A30000028F2D0A16871B1B20008F0A1FDA06831
:102A40006368024613F1FF3303D30021116004329F
:102A5000F8E715F011FD6560A7600020F8BD884219
:102A6000F8B504460D4623D08E6816B9FFF7B8FFB7
:102A700020E04B68591E06EB830621B156F8043D51
:102A80000BB90139F9E72B6823604F1C2046394602
:102A9000FFF7BCFF064668B96268A068314692003D
:102AA00015F01CFDA068A968BA0008F069FD01E0F6
:102AB0000020F8BD3046F8BD70B50E460121044631
:102AC000FFF7A4FF054688B96268A068920029460E
:102AD00015F004FDA36886EAE672A2EBE672002E0A
:102AE0001A60ACBF01234FF0FF332360284670BD4E
:102AF00070B5002345681946A94210D0826852F883
:102B00002140002224FA02F6F60706D40132202AD8
:102B100003F10103F6D10131EEE7184670BD002044
:102B200070BD10B504464068D0B100F18042013A52
:102B3000431E9200A16823B18858043A08B9013BAA
:102B4000F8E751F8231000204FF000420A4204D168
:102B5000013020284FEA5202F8D1C0EB4310203058
:102B600010BD08B5FFF7DDFF0730C00808BD2DE92F
:102B7000F04107460E4615460024AC4201D0335DB5
:102B800063B1291B11F0030318BF012303EB91016B
:102B90003846FFF73BFF034600BB01E00134ECE79A
:102BA00019463846FFF788FF0346B8B971190D4634
:102BB000A81BA042C5EB010210D94FEA920CB868DD
:102BC00015F8018D02F00302D20008FA02F850F85D
:102BD0002C2042EA080840F82C80E9E71846BDE8B6
:102BE000F081F8B5144607460D46FFF7BAFF844258
:102BF000064616D322462846002115F06FFC2C44C9
:102C00000023B3420BD09808BA6803F0030152F8CE
:102C10002020C900CA4004F8012D0133F1E700204B
:102C2000F8BD6FF00700F8BD2DE9F04105460F46ED
:102C30004C0901F01F06FFF774FF6B68C119B1EB77
:102C4000431F01D87CB90CE011F01F0318BF01230A
:102C5000284603EB5111FFF7D9FE0028F2D0BDE85A
:102C6000F08106BB1CE06B6803F18042013A6FF013
:102C7000030792006743A34206D9A9688818013B5D
:102C8000C0598850043AF6E703F18042013A9200B5
:102C9000002BE6D0A96800208850013B043AF7E7F2
:102CA0000020BDE8F0816F68A3000022BC42F7D28B
:102CB000A868C15801FA06F842EA0802C6F1200CD9
:102CC000C2500134043321FA0CF2EFE74368F0B547
:102CD0004D099D4201F01F0101D805D121B100210C
:102CE000BDE8F040FFF7E8BE35B949B303F18042D3
:102CF000013A9200002414E000245A1B944207D2A7
:102D00008268661952F8266042F824600134F4E7BC
:102D100094009A42E9D2856800262E51013204348B
:102D2000F7E76BB18668B55825FA01FC44EA0C0454
:102D3000C1F12007B450013B043A05FA07F4F0E76B
:102D40000020F0BD436870B503F18042013A920063
:102D50002BB18468A458043A0CB9013BF8E74A68DF
:102D600002F18044013CA400FAB18D682E59043C64
:102D70000EB9013AF8E7934212D89A4212D803F1F9
:102D80008042013A92004BB181688C58A9588C421C
:102D900006D8A2F1040205D3013BF4E7184670BD42
:102DA000012070BD4FF0FF3070BD181C18BF01200E
:102DB00070BD2DE9F04F85B0164603930E9B5A68FF
:102DC000736801339A4207468B4653D30E9B98682B
:102DD00000284FD09200002115F080FB0E9AD6F803
:102DE0000480DBF80430D2F808C0984538BF434669
:102DF00008F1010901934FEA890965460024444519
:102E0000B86820D0DBF8081050F824A00A682B68B6
:102E10000198CDF800C002FB0A33039A5343029392
:102E20002A465346FFF762FC2A46029BB168404699
:102E3000FFF75CFC45F804AB002345F8093001348A
:102E4000DDF800C0DBE7A9F1040161444A4608F05F
:102E500097FB38463146FFF775FF0028204602DB16
:102E6000B168BA6802E00E9BB9689A68FFF70EFC79
:102E7000002001E06FF0030005B0BDE8F08F43686B
:102E800070B503F18042013A92002BB18468A458D6
:102E9000043A0CB9013BF8E74A6802F18044013C6E
:102EA000A4006AB38D682E59043C0EB9013AF8E7C4
:102EB000934201D9026826E09A42096801D94A4240
:102EC00021E00268002A01DD002917DB002904DC6B
:102ED00003F180410139890005E0002AF8DA4FF05A
:102EE000FF3210E0013B6BB1846866586C58A64213
:102EF00009D8A1F10401F5D2524204E0012202E016
:102F0000002BD7D11A46104670BD1FB581EAE17378
:102F1000A3EBE17300290093ACBF01234FF0FF3313
:102F200001930123029301A900AB0393FFF7A7FFCD
:102F300005B05DF804FB90422DE9F84305461746BD
:102F400006D0884205D0FFF78AFD064608B14CE05E
:102F50000F467C6801232B6004F18043013B9B00FA
:102F60002CB1BA68D258043B0AB9013CF8E72846AC
:102F70002146FFF74BFD0646002836D1AB68D7F84F
:102F80000880184637463246A24212D0016858F8E7
:102F900022C0CF19674434BF4FF000094FF0010938
:102FA00040F8047B013267452CBF4F4609F1010709
:102FB000EAE74FEA84084344BFB16A68944204F1E7
:102FC000010406D328462146FFF720FD60B9AB680F
:102FD00043441A683A44BA4243F8042B2CBF0027F2
:102FE000012708F10408E7E706463046BDE8F88304
:102FF000F0B5044685B008460F4611461546FFF762
:10300000A1FE002830DB01230193AC424FF0000306
:103010000293039306D101A82146FFF720FD06463F
:10302000E8B901ADBC4207D168680123236000F113
:103030008043013B9B000BE020463946FFF70FFD24
:10304000064660B9F0E7AA68D258043B12B90138C5
:103050000028F8D1A968A268FFF718FB002601A88C
:10306000FFF7BEFC304601E06FF0090005B0F0BD8F
:10307000F8B50D6813686B4304460E46174612D523
:1030800008461146FFF75EFE0028204604DB314665
:103090003A46FFF7ADFF08E039463246FFF7A8FF92
:1030A00028B96D4202E0FFF746FF00B92560F8BD80
:1030B000F8B50D6813686B43002B04460E4617469F
:1030C00012DD08461146FFF73DFE0028204604DBCE
:1030D00031463A46FFF78CFF08E039463246FFF7A3
:1030E00087FF28B96D4202E0FFF725FF00B9256090
:1030F000F8BD1FB582EAE273A3EBE273002A0093E6
:10310000ACBF01234FF0FF3301930123029301AAC7
:1031100000AB0393FFF7CCFF05B05DF804FB2DE98E
:10312000F04786B00023174688424FF0010206465A
:1031300088468DE80C00029303920493059306D110
:103140006846FFF78CFC044600284ED1E846BE4294
:1031500007D103A83146FFF782FC0446002844D17A
:1031600003AFD8F8049009F18043013B9B00B9F10B
:10317000000F07D0D8F80820D258043B12B909F143
:10318000FF39F4E77D6805F18043013B9B002DB1D9
:10319000BA68D258043B0AB9013DF8E7304605EB5E
:1031A0000901FFF733FC0446F8B921463046FFF722
:1031B00083FC0446C8B905F1804A0AF1FF3A4FEA98
:1031C0008A0A6DB1B268BB68D8F8081053F80A30A3
:1031D00052444846FFF78AFA013DAAF1040AF0E793
:1031E000D8F800303A685343336003A8FFF7F8FB80
:1031F0006846FFF7F5FB204606B0BDE8F0871FB52F
:10320000012301930293009200AB01AA0393FFF7FD
:1032100086FF05B05DF804FB2DE9F04F9BB08846B2
:1032200001900021184617460493FFF76EFE002810
:1032300000F0AD8100240125384604990B950C94CB
:103240000D940E950F941094119512941394149557
:1032500015941694179518941994FFF773FDA042CE
:1032600018DA019818B9B8F1000F09D110E00198E7
:103270002146FFF721FC0646002840F07781F2E75F
:1032800040463946FFF7EBFB0646002840F06E81CA
:1032900000207EE10BA83946FFF7E1FB0646002837
:1032A00040F064810EA80499FFF7D9FB0646002878
:1032B00040F05C8179680E9511A802310B95FFF7FB
:1032C000A5FB0646002840F05181314611A8FFF7C2
:1032D000F3FB0646002840F0498114A80221FFF7BD
:1032E00095FB0646002840F0418117A80321FFF70F
:1032F0008DFB0646002840F039810EA8FFF711FC2F
:1033000000F01F001F2813D0C0F11F000290029987
:103310000BA8FFF789FC0646002840F027810EA87D
:103320000299FFF781FC0646002840F01F8100E06B
:1033300002960C9C0F9D04F1FF39691EC1EB090B2D
:103340004FEA4B1A00910EA85146FFF76DFC064656
:10335000002840F00B814FEA8B0B0BA80EA9FFF75A
:103360008EFD00280EDB139B53F80B200BA80132B7
:1033700043F80B2001460EAAFFF79AFE06460028E6
:10338000EBD0F3E00EA85146FFF7A0FC064600285C
:1033900040F0EC80009A4FEA820BABF104030893F3
:1033A00004F10063013B5B1B5B01039304F1804468
:1033B0006FF00303013C6B43A4000593009B994508
:1033C00040F2AE800D99109A0B5952F80BE0139D04
:1033D000734505D3254405984FF0FF332B5022E069
:1033E000DDF814A02144A24451F8040CBEF1000FF2
:1033F00015D0002106910793DDE9062342EA000279
:10340000104619467246002314F0FEFC4FF0FF32BE
:1034100000238B4208BF824203D2104601E04FF0E6
:10342000FF3045F80A00059D139B2544A4F1040ACA
:103430005A5901325A51A4F108030993139B5A595E
:10344000013A5A5114A80021FFF736FB002840F03A
:103450008A800098169B109A10B10898115800E0C5
:103460000099196052F80B205A60139B14A801466A
:103470005A59FFF7C4FE0146002876D117A8FFF776
:103480001BFB00286FD1B9F1010F0D9A18BF0999E4
:10349000199B18BF5058186052F80A1059601259F9
:1034A0009A6014A817A9FFF7EAFC0028C6DC139B52
:1034B00014A80EA95A59FFF7A2FE002853D114A848
:1034C0000399FFF7B1FB00284DD10BA8014614AAC0
:1034D000FFF7EEFD0146002847D10BA8FFF715FDC9
:1034E000002816DA14A80EA9FFF7B9FA00283AD175
:1034F00014A80399FFF798FB002834D10BA80146C4
:1035000014AAFFF7B5FD00282DD1139B5A59013A93
:103510005A51039A203A09F1FF390392043C4DE7CE
:10352000019848B111A9FFF79AFAE0B904993B68EC
:103530000A685343019A1360B8F1000F16D00BA824
:103540000299FFF7C3FB70B93B680B930BA9404688
:10355000FFF785FA014640B94046FFF7D6FC28B987
:103560000123C8F80030064600E00E460BA8FFF71E
:1035700037FA0EA8FFF734FA11A8FFF731FA14A8AA
:10358000FFF72EFA17A8FFF72BFA304601E06FF08D
:103590000B001BB0BDE8F08F70B504460E46104618
:1035A00000211546FFF7B1FC002822DB0020214650
:1035B00032462B46FFF730FEF8B920460021FFF7D0
:1035C000A4FC002807DA204621462A46FFF750FDD2
:1035D0000028F2D070BD20462946FFF750FC002895
:1035E0000ADB204621462A46FFF762FD0028F2D07A
:1035F00070BD6FF0090070BD002070BD2DE9F04F67
:10360000ADF2546D05460F461846002103921C4644
:10361000FFF77BFC0028DDF87886C0F21082A368F3
:103620001E68F10740F10B8203980021FFF76DFC43
:103630000028C0F2048206F1020909F0040906EB31
:103640004909032106FB09F3C3F10203013903FB16
:1036500009F9F7D101234FF4C06214A80893099126
:103660000A910B930C910D910E930F91109114F000
:1036700035FF0398FFF755FAB0F5287F08D2EF28F9
:1036800008D84F2808D8182834BF0126032604E09C
:10369000062602E0052600E00426636803F1010A1D
:1036A00028465146FFF7B2F90346002840F09E81B4
:1036B00017A85146FFF7AAF90346002840F0968163
:1036C0000BA84FEA4A01FFF7A1F90346002840F092
:1036D0008D813B68B3F1FF3253425341059353B19F
:1036E0000EA83946FFF7BBF90346002840F07E815B
:1036F00001230E930EAFB8F1000F02D0D8F80830B6
:1037000033BB08A80121FFF7D7F90346002840F092
:103710006D81616808A88901FFF786FA03460028D1
:1037200040F0648108A801462246FFF735FF0346B2
:10373000002840F05B81B8F1000F12D008AB03CB3A
:10374000C8F800001868C8F80410C8F8080008E0B5
:10375000D8F80000D8F8041008AB03C3D8F8080064
:10376000186021463846FFF78AFB0028394617A81B
:1037700015DB2246FFF710FF0346002840F0368194
:10378000C9F100090BAF4B46009717A808A92246BC
:10379000FFF70FFB0346002840F0288102E0FFF707
:1037A0005EF9E9E7284608A9FFF759F9034600281A
:1037B00040F01C8107AA4FF0010A13924B46009774
:1037C000284611A92246CDF81CA0CDF844A0CDF87A
:1037D00048A0FFF7EEFA0346002840F0078156455F
:1037E00007D1039B00275B680493BC46BB46BA46DF
:1037F00076E006F1FF3B14AA61680AFA0BFA0C277F
:1038000007FB0A2738460131FFF700F90346002875
:1038100040F0EC80384617A9FFF721F9034600284D
:1038200040F0E48084460BAB009338464B46394663
:103830002246CDF808C0FFF7BCFADDF808C0034601
:10384000002840F0D3800CF1010CDC45EBD30AF1E9
:10385000010A01274FF00C0B14ABB7400BFB0A3BDE
:10386000BA45BED2616858460131FFF7CFF803462A
:10387000002840F0BB805846ABF10C01FFF7EFF891
:103880000346002840F0B2800BAB009358464B46ED
:1038900017A92246FFF78DFA0BF10C0B03460028FF
:1038A00040F0A4800AF1010ADAE7049B013B04938B
:1038B0004FF0200B039A9368049A53F822300BF1CF
:1038C000FF3B23FA0BF313F0010314D00CF1010CAE
:1038D000CCEB06029340B4454AEA030A1FD0022704
:1038E000BBF1000FE6D1049A002ADED10123B340D8
:1038F000039393464FE0002FF2D0012FE6D10BAB9C
:10390000009328464B4629462246CDF808C0FFF7CB
:1039100050FADDF808C00346002867D1E0E74FF011
:10392000000C0BAF4B460097284629462246CDF89F
:1039300008C0FFF73EFADDF808C00346002855D15D
:103940000CF1010CB445ECD314AB0C2101FB0A3192
:1039500000974B4628462246FFF72BFA03460028DD
:1039600044D1012782468446BAE74B460097284651
:1039700029462246CDF808C0FFF71BFADDF808C03B
:103980000346002832D1039A4FEA4A0A12EA0A0F84
:1039900005D10BF1010BE3450BAFE6D10CE04B4633
:1039A0000097284617A92246FFF703FADDF808C05A
:1039B00003460028EDD019E00123079311931293D9
:1039C00007AB139300974B46284611A92246FFF7F1
:1039D000F0F9034650B9059A42B14FF0FF332B601E
:1039E000284621462A46FFF743FB0346741E012260
:1039F00002FA04F402FA06F6B44209D214AA0C2020
:103A000000FB042002930134FEF7EAFF029BF3E778
:103A100017A80293FEF7E4FF0BA8FEF7E1FF0EA83C
:103A2000FEF7DEFF029BB8F1000F02D0D8F80820A5
:103A300042B908A80293FEF7D3FF029B02E06FF0A1
:103A4000030000E018460DF2546DBDE8F08FF0B5AC
:103A50008BB000230125074604A816460195029362
:103A60000393049505930693079508930993FEF72E
:103A7000F6FF0446002862D107A83146FEF7EFFFA3
:103A8000044600285BD104A8FFF732F8064607A8D1
:103A9000FFF72EF8B04238BF0646314604A8FFF7BC
:103AA00015F9044600284AD107A83146FFF70EF958
:103AB0000446002843D10795049504A80021FFF788
:103AC00024FA002830D004A8FFF712F8014604A811
:103AD000FFF7FCF80446002831D107A8FFF708F8E3
:103AE000014607A8FFF7F2F8044640BB04A807A95F
:103AF000FFF7C5F9002808DB04A8014607AAFFF76D
:103B000077FA0446D8B904A807E007A8014604AA32
:103B1000FFF76EFA044690B907A80121FFF7D6F81F
:103B200004460028C9D00AE007A83146FFF77CF810
:103B3000044620B9384607A9FEF791FF044601A8BC
:103B4000FEF74EFF04A8FEF74BFF07A8FEF748FF5D
:103B500020460BB0F0BD70B5B1F5806FADF5806D4E
:103B600005460C4616460AD8184669462246B0470E
:103B700038B9284669462246FEF7F9FF01E06FF0A2
:103B800003000DF5806D70BD2DE9F04180469CB0BD
:103B90000F46104600211646FFF7B7F9002840F3FC
:103BA0004E810023012501A839463246049505932C
:103BB00006930795089309930A950B930C930D951B
:103BC0000E930F9301950293039310951193129303
:103BD00013951493159316951793189319951A9393
:103BE0001B93FFF734FF0446002840F00B8101A827
:103BF0002946FFF78AF9002840F0028104A83946D7
:103C00003246FFF7C9FC0446002840F0FB8007A8B5
:103C100004A9FEF724FF0446002840F0F38010A812
:103C20003146FEF71CFF0446002840F0EB8013A845
:103C30003146FEF714FF0446002840F0E3800AA84E
:103C40002946FEF739FF0446002840F0DB80214674
:103C50000DA8FEF731FF0446002840F0D38021462E
:103C600016A8FEF729FF0446002840F0CB8019A8CB
:103C70002946FEF721FF0446002840F0C380099B37
:103C80001B68D8074CD407A80121FFF71FF804468A
:103C9000002840F0B7800C9B1B68DD0710D40F9BF9
:103CA0001B68DC070CD40AA80121FFF70FF80446B3
:103CB000002840F0A7800DA80121FFF707F8DAE7F8
:103CC0000AA8014610AAFFF7D3F90446002840F0DD
:103CD00099800DA8014604AAFFF7EAF904460028D6
:103CE000E1D08FE013A80121FEF7F0FF0446002881
:103CF00040F08880189B1B68DA0716D41B9B1B6852
:103D0000DB0712D416A80121FEF7E0FF04460028C5
:103D100078D119A80121FEF7D9FF0446002871D1F6
:103D2000159B1B68D90711D4DCE716A8014610AA19
:103D3000FFF79EF90446002864D119A8014604AA99
:103D4000FFF7B6F904460028DCD05BE007A813A90A
:103D5000FFF795F800281FDB07A8014613AAFFF715
:103D6000A7F9044600284DD10AA8014616AAFFF774
:103D70009FF90446002845D10DA8014619AAFFF76E
:103D800097F9044600283DD107A80021FFF7BDF8A8
:103D900000287FF474AF19E013A8014607AAFFF7C3
:103DA00087F9044600282DD116A801460AAAFFF774
:103DB0007FF9044630BB19A801460DAADFE716A813
:103DC00001463246FFF754F90446D8B916A8002137
:103DD000FFF79BF80028F2DB06E016A80146324602
:103DE000FFF766F9044668B916A83146FFF747F8A9
:103DF0000028F2DA404616A9FEF731FE044601E03B
:103E00006FF00D0404A8FEF7EBFD07A8FEF7E8FD30
:103E10000AA8FEF7E5FD0DA8FEF7E2FD01A8FEF7F2
:103E2000DFFD10A8FEF7DCFD13A8FEF7D9FD16A8EC
:103E3000FEF7D6FD19A8FEF7D3FD204601E06FF08E
:103E400003001CB0BDE8F08100216C2214F046BBD9
:103E500038B100F16C03984203D0002202700130A7
:103E6000F9E7704708B56C2207F08AFB08BDFFFF31
:103E7000002303604360A1B9184B8360184BC360F3
:103E8000184B0361184B4361184B8361184BC36196
:103E9000184B036203F17453A3F52303A3F6924373
:103EA00018E0154B8360154BC36003F1794303F5AC
:103EB000740303F501630361114B4361114B83618B
:103EC00003F1D14303F5C01303F51E63C3610E4B29
:103ED00003620E4B43628166704700BF67E6096A62
:103EE00085AE67BB72F36E3C3AF54FA57F520E511B
:103EF0008C68059BABD9831FD89E05C107D57C363E
:103F000039590EF7310BC0FFA78FF964A44FFABEE1
:103F10002DE9F04FCFB0002304900591049A1A4484
:103F200003F118016846043392680A50202BF5D13A
:103F30000D9B0393099B089D02930A990B9E0C9C71
:103F4000069A0798019500231F460F2F0DF1380898
:103F500014D8DDF814C0059D9C4415F803A09CF806
:103F6000039049EA0A699CF801A049EA0A499CF8C9
:103F700002A049EA0A2948F803901AE008EB030C6A
:103F80005CF808AC5CF83C9C5CF840BC5CF81CCC71
:103F9000DC444FEA7A4B8BEAFA4B8BEA9A2AD444F8
:103FA0004FEAF91A8AEAB94A8AEAD909CC4448F8A8
:103FB00003C00DF1380C039D53F80C80DFF89CC052
:103FC00053F80CC0E0444FEAB11C8CEAF12C8CEAA7
:103FD000716CE04484EA060C0CEA010C8CEA040CD7
:103FE000E044A844019DDDF808C040EA020A00EA66
:103FF00002090AEA050A4AEA090A4FEAB20989EA05
:10400000723989EAB2590137D144402FC44403F1CF
:104010000403C84408D003940190344610460E4669
:1040200002954246614690E7089001980D94CDF8BC
:1040300028C00B910C96CDF81880079209900023A8
:10404000049A06AC1A44E158906804330144202BCA
:104050009160F5D14FB0BDE8F08F00BF1CB60200F3
:1040600003682DE9F04103F03F07134493420546EE
:104070000E461446036002D24368013343609FB189
:10408000C7F1400844450FD307F1280031464246A6
:10409000284407F075FA284605F12801FFF738FF94
:1040A0004644C8EB04040027A0463119B8F13F0F7D
:1040B000C8EB010105D92846FFF72AFFA8F14008FF
:1040C000F3E724F03F0114F03F02314406D007F13A
:1040D00028002844BDE8F04107F052BABDE8F0815D
:1040E0000AB1FFF7BDBF704737B590E80C000D4629
:1040F000510F41EAC3010446080ED3008DF80000B9
:10410000080C8DF801008DF80310080A190E02F052
:104110003F028DF80410190C372A8DF805104FEA6C
:10412000132194BFC2F13802C2F178028DF8020067
:104130008DF8061020462C498DF80730FFF7D0FF88
:10414000204669460822FFF78BFFE37A2B706389CC
:104150006B70A3681B0AAB70A368EB70E37B2B71D9
:10416000E3896B71E3681B0AAB71E368EB71E37C75
:104170002B72638A6B7223691B0AAB722369EB7221
:10418000E37D2B73E38A6B7363691B0AAB7363690B
:10419000EB73E37E2B74638B6B74A3691B0AAB74A4
:1041A000A369EB74E37F2B75E38B6B75E3691B0AE3
:1041B000AB75E369EB7594F823302B76638C6B76E3
:1041C000236A1B0AAB76236AEB76A36E4BB994F88D
:1041D00027302B77E38C6B77636A1B0AAB77636AB4
:1041E000EB7703B030BD00BFDCB50200F0B59DB089
:1041F0001F46064601A814460D46FFF725FE01A8F6
:104200003946FFF735FE2A4601A83146FFF768FF19
:1042100001A82146FFF768FF01A8FFF719FE1DB0AE
:10422000F0BDFFFF70B5094B53F8144CA3F1140512
:104230004CB1143313F8186C8642F5D16B680C60DE
:104240000020136070BD6FF02D0070BDC8B8020073
:1042500000207047704770B504460E461546002191
:10426000AC2214F03BF9C4F8A460C4F8A85070BDA7
:10427000026938B50446D2B1C369C3B11268D20726
:1042800015D51B68DB0712D500F108052846FEF797
:1042900048FC7F280BD92846FEF743FCB0F5005FA9
:1042A00005D814342046FEF73CFC012801D8054807
:1042B00038BD20462946FEF7E2FD0028F7DA002047
:1042C00038BD00BF00BEFFFF2DE9F043A9B0054691
:1042D000FFF7CEFF002840F0FA806B6B0BB97D48EA
:1042E000F5E02B6C002BFAD0AB6A002BF7D001A8BD
:1042F000FEF76FFB04A8FEF76CFB07A8FEF769FB4F
:104300000AA8FEF766FB0DA8FEF763FB10A8FEF7F0
:1043100060FB13A8FEF75DFB16A8FEF75AFB19A871
:10432000FEF757FB1CA8FEF754FB1FA8FEF751FB36
:1043300022A8FEF74EFB05F12C0625A805F138074B
:10434000FEF747FB01A831463A46FEF7E8FE044671
:10435000002840F0898005F1200805F1140904A81F
:1043600041464A46FEF7DBFE044600287CD107A8FA
:1043700031460122FEF7BDFE0446002874D10AA88A
:1043800039460122FEF7B5FE044600286CD10DA87F
:1043900007A90AAAFEF7C3FE0446002864D113A8A1
:1043A00049460DAAFFF753FB044600285CD116A826
:1043B00007A90AAAFFF74BFB0446002854D119A805
:1043C0001CA90DAA16ABFEF727FF044600284BD107
:1043D00010A804A919AAFFF7DFF80446002843D162
:1043E0001FA8414607AAFFF7D7F8044600283BD18B
:1043F00022A841460AAAFFF7CFF80446002833D185
:1044000025A839463246FFF7BFFB044660BB01A82A
:1044100005F10801FEF733FD002856D11FA805F16C
:104420004401FEF72CFD00284FD122A805F15001D0
:10443000FEF725FD002848D125A805F15C01FEF70F
:104440001EFD002841D11CA80021FEF75EFD0028BA
:104450003BD110A80121FEF758FD002835D113A843
:104460000121FEF752FD80BB01A8FEF7B9FA04A8AE
:10447000FEF7B6FA07A8FEF7B3FA0AA8FEF7B0FAF5
:104480000DA8FEF7ADFA10A8FEF7AAFA13A8FEF7DA
:10449000A7FA16A8FEF7A4FA19A8FEF7A1FA1CA815
:1044A000FEF79EFA1FA8FEF79BFA22A8FEF798FADD
:1044B00025A8FEF795FA14F5844F3FF410AF14B118
:1044C000A4F5844003E0204601E0024CCCE729B08B
:1044D000BDE8F08300BEFFFFF0B5054687B00C468F
:1044E00003A81746FEF775FA214603A86A68FEF787
:1044F0003EFB0446E8B905F1080403A82146FEF78F
:10450000BEFC002813DA05F1680303A800930146F6
:10451000234605F114026E68FFF770F8044640B9AF
:1045200003A839463246FEF75CFB044601E06FF013
:10453000030403A8FEF754FA14B1A4F5854000E083
:10454000204607B0F0BDFFFF2DE9F04F9346426BC8
:104550008DB0054688461C46002A00F03681026C64
:10456000002A00F03281826A002A00F02E8103A81E
:10457000FEF72FFA06A8FEF72CFA09A8FEF729FA8B
:10458000214603A86A68FEF7F2FA0446002840F0C4
:104590000F8105F1080603A83146FEF770FC0028DC
:1045A00080F20481B8F1000F16D102F04FFB05F143
:1045B0002C0902F04BFB02F049FB05F17403009358
:1045C00006A803A905F144024B46FFF717F8044675
:1045D000002840F0ED8074E0D5F8A03023B305F159
:1045E0008C07384639463A46FEF799FD04460028BE
:1045F00040F0DE80384639463246FEF7CDFF0446AD
:10460000002840F0D58005F19807384639463A46EB
:10461000FEF785FD0446002840F0CA80384639463A
:104620003246FEF7B9FF36E04FF00C0ABAF1010A44
:1046300000F0CF80696805F1980948460139424683
:104640005B46FFF788FA0446002840F0B18005F188
:104650008C07384649463246FFF7F9F904460028E8
:1046600040F0A68038460121FEF74FFC0028DDD13E
:10467000384649463246FFF787FA0446002840F09C
:10468000978005F1680300933846394605F1140216
:104690003346FEF7B3FF0446002840F0898003A8A4
:1046A000014605F18C02FEF73AFD044600287FD151
:1046B00003A801463246FEF76FFF0446002877D173
:1046C00073E702F0C3FA05F1380702F0BFFA02F00F
:1046D000BDFA05F18003009309A803A905F1500272
:1046E0003B46FEF78BFF0446002861D102F0AEFA8C
:1046F00002F0ACFA02F0AAFA03A806A909AAFEF78A
:10470000D7FC0446002853D102F0A0FA02F09EFA2A
:1047100002F09CFA06A803A905F15C02FEF7FFFC73
:104720000446002844D102F091FA02F08FFA02F018
:104730008DFA03A806A94A46FEF72EFF0446002874
:1047400036D102F083FA02F081FA02F07FFA06A86D
:1047500003A93A46FEF7E3FC044648BB02F076FAAA
:1047600002F074FA02F072FA03A809A906AAFEF789
:104770007FFC0446E0B9B8F1000F06D103A81699F2
:104780006A68FEF72EFA044612E003A8014605F116
:104790009802FEF7C4FC044650B903A8014632460D
:1047A000FEF7FAFE04460028E8D001E06FF00304AB
:1047B00003A8FEF715F906A8FEF712F909A8FEF7F7
:1047C0000FF924B1A4F5864005E0044803E0204633
:1047D00001E0034CECE70DB0BDE8F08F80BFFFFFB8
:1047E00080BBFFFF2DE9F74F012B06468846914617
:1047F0009A460C9FDDF834B00E9D03D1D0F8A4305A
:10480000002B5AD1B8F1000F57D0BBF1000F54D094
:10481000002D52D017F10B0273684ED293424CD345
:104820002C46A3F1030C0023C7EB0C0C04F8023B4D
:10483000BAF1000F1AD102236B70A44464451FD053
:1048400064230122484621460193CDF800C0C047A9
:104850002278019BDDF800C0002A30D1013B02D153
:10486000A0F589402FE00028EBD0F9E7012320468E
:104870006B706444A04203D0FF2300F8013BF9E7CA
:104880002046002300F8013B59463A4606F078FEE0
:10489000BAF1000F07D1304629462A4603B0BDE8D9
:1048A000F04FFFF719BE304641464A462B460C955D
:1048B00003B0BDE8F04FFFF747BE044803E000280F
:1048C000CED10134BAE703B0BDE8F08F80BFFFFF5F
:1048D000F0B51E46ADF20C4D012EDDF8243403D1A7
:1048E000D0F8A440002C61D14568A5F11004B4F5BE
:1048F0007C7F5BD802AC26B919462246FFF7ECFD57
:1049000002E00094FFF720FE002854D1012E237806
:104910006678A5F103071BD186F002061E43024606
:104920000346BA4227D2A11801328978C1F1000C9E
:1049300041EA0C01C1F3C01181F001010843C0B28A
:1049400041420143C1F3C01181F001010B44E8E78A
:1049500086F001061E4301460346B9420BD2621897
:1049600001319278FF2A18BF40F00100C0B280F0F8
:1049700001021344F1E70DF10A02D118D25C16438B
:10498000072B98BF46F0010676B2013186B9641A4A
:10499000DDF82C3462199A420CD8DDF82034DDF8A9
:1049A00028041A6006F0ECFD304604E0034802E0FB
:1049B000034800E003480DF20C4DF0BD80BFFFFF3F
:1049C00000BFFFFF00BCFFFF2DE9F04F89B002AF31
:1049D000012B3A604FF0000204467960994697F83F
:1049E0004060D7F844B0FD6C3A617A6104D1D0F8E8
:1049F000A4200AB15848AAE0D4F804A0AAF10308F8
:104A0000BEB13046FDF7D6FD83460028F2D03046D1
:104A100007F1140107F11002FFF704FC0028E9D1A7
:104A20003A695846C2EB0808FDF7D0FDA8F10A081C
:104A30008346CBEB0808B8F1070FDBD9D045D9D8AE
:104A40002B464FF0000A03F802AB01226A701846A9
:104A5000FF21424613F042FD0346404403F808A0FC
:104A60000EB901301FE0302141703A69C17002F186
:104A700008065FFA8BF8D1B2464486700E1D0671A7
:104A800006264671C61D81717969304606F078FDAB
:104A90003A690521B018B154042280F801A082704F
:104AA00080F803801044B96C5A4606F069FDB9F1EC
:104AB000000F05D1204629462A46FFF70DFD46E0A6
:104AC0006368073323F00703ADEB030D6A4612F169
:104AD00008083AD0ADEB030D6B4613F1080904D179
:104AE0001E4B40461B6898472FE0CDF800802046BB
:104AF00079683A682B46FFF727FD0646E0B920465D
:104B000041464A46FFF7E8FC0646A8B961680346F5
:104B100002468A4207D0AC5C19F8020060400343A9
:104B2000DBB20132F5E7FB73FB7B23B92846414634
:104B300006F026FD00E00A4E084C404623689847E0
:104B4000484623689847304601E06FF00F001C3755
:104B5000BD46BDE8F08F00BF80BFFFFFC48CFF1FC4
:104B600000BDFFFF10B504468C30FDF739FF04F19E
:104B70009800FDF735FF04F18000FDF731FF04F1E7
:104B80007400FDF72DFF04F16800FDF729FF04F123
:104B90005C00FDF725FF04F15000FDF721FF04F153
:104BA0004400FDF71DFF04F13800FDF719FF04F183
:104BB0002C00FDF715FF04F12000FDF711FF04F1B3
:104BC0001400FDF70DFF04F10800BDE81040FDF7EB
:104BD00007BF8378C27843EA02224378007843EA29
:104BE000022240EA022070472DE9F74F01464FF0BC
:104BF0000009D1E9004514F5803445F10005220C87
:104C000042EA0542B9F10E0FE1E802454FEA2543B9
:104C1000CCBF4FF000084FF0010812F1FF3443F110
:104C2000FF35CDE90045009D2524A5FB0467019DC6
:104C300004FB0577B9F10F0409F1010CD4F1000967
:104C400059EB0409A6FB094509FB0755DDE9006797
:104C500008FB0CF8A41900EBC80845EB0705D8E9D8
:104C60000067A41945EB0705C8E9004551E902456D
:104C70004FEA034B4BEA124B4FEA024AB4EB0A04E9
:104C800065EB0B05BCF1100F41E9024501D0E1468F
:104C9000AFE703B0BDE8F08F2DE9F0415242D317E2
:104CA0004FF0000C00EB0C08D8E90067D1E9004593
:104CB00074407D4014401D4066406F40C8E9006765
:104CC000D1E900670CF1080C74407D40BCF1800F05
:104CD000E1E80245E6D1BDE8F081FFFF2DE9F04FA4
:104CE0008046C7B000200B1826ACD3E9002304444B
:104CF00008308028C4E90023F5D126A8FFF774FF07
:104D000026A8FFF771FF26A8FFF76EFF4FF00209F4
:104D1000DDE926233C484FF0FF31121846AE43EB45
:104D2000010366E94023012726A800EBC703D3E966
:104D30000001364AB6F802A012184FF0FF3343EBD9
:104D40000103716801244AEA014A4FEA214B002518
:104D50000AEA04000BEA0501121A63EB0103C6E933
:104D600002230137328800230F2FE6E80223DBD12C
:104D700044A9DDE92223D1E9006725484FF0FF313E
:104D800036184FEA124047EB010740EA0341181476
:104D900000910190DDE9000104400D40361B67EBF6
:104DA00005074FF6FF70002102400B40310CCDE9A2
:104DB000222341EA0742029202F001023B1426A894
:104DC00006A9C2F10102CDE924670393FFF764FF4E
:104DD000B9F101099CD124A9F1E90223160A46EA96
:104DE000036708F8092008EB0900049709F1020994
:104DF0001C129DF810600594B9F1200F4670EBD19C
:104E000047B0BDE8F08F00BF1300FFFF0100FFFFB8
:104E10000180FFFF2DE9F0414FF0000C8846A0F122
:104E2000080108EB0C0618F80C4076783202A4183A
:104E30004FF000054FF000030CF1020C45EB0305A9
:104E4000BCF1200FE1E90245EBD1D0E91E2347F682
:104E5000FF74002522402B40C0E91E23BDE8F081ED
:104E6000F0B50023CD18D418D5E90067D4E9004582
:104E700000EB030CA41903F1080345EB0705802B95
:104E8000CCE90045EED1F0BDF0B50023CC18D61822
:104E9000D4E90045D6E9006700EB030C0833A41BF6
:104EA00065EB0705802BCCE90045EFD1F0BD2DE97E
:104EB000F04FBFB08046ADF108030DF1F00C0024B7
:104EC0000025E3E902456345F9D14FF0000E01EBFF
:104ED0000E0300A8D3E9004570440023D718D0E999
:104EE00000AB7F68D65804FB07F906FB0599A6FBC3
:104EF000046716EB0A064F4403F1080347EB0B0760
:104F0000802BE0E80267E9D10EF1080EBEF1800FB8
:104F1000DDD11EAC54E91E010834226865682626DE
:104F2000A2FB0623121806FB053343EB010364457D
:104F300044E92023EED100213EAB0B4453E93E234C
:104F400008EB010008318029C0E90023F4D1404674
:104F5000FFF74AFE40463FB0BDE8F04FFFF744BEC2
:104F60000A46FFF7A4BFF0B50023A1B006460F46DE
:104F7000F91800AAD1E900451A440833802BC2E988
:104F80000045F5D1FD2468466946FFF7E9FF022C8C
:104F900006D0042C04D0684669463A46FFF787FFDE
:104FA00014F1FF34EFD2002100AB0B44D3E900230E
:104FB000701808318029C0E90023F5D121B0F0BD77
:104FC0002DE9F04F0646B5B00F46924698460025AB
:104FD00008EB0500FFF7FDFD14AC05EB850304EBC2
:104FE0000509E0500AEB0500FFF7F3FDC9F80400DE
:104FF0007819FFF7EEFDC9F818000AF110002844EF
:10500000FFF7E7FD0435102DC9F82C00E0D100238F
:1050100024A8E2581A500433402BF9D11425002259
:105020004FEA820909EB0201002303EB010C0CF0AB
:105030000F0C0DF1D00A0AEB8C0C5CF880CC4DF80B
:1050400003C00433102BF0D1DDF800C0DDF80CA054
:1050500001990AEB0C0381EA7361029B019101EB58
:105060000C0B83EAFB5319448AEAF14102930B4487
:105070008CEAB33303910093002101EB020C0CF096
:10508000030C34ABCC4403EB8C0C5DF821304CF8B2
:10509000C03C01310429F0D10132042AC0D10022E0
:1050A00004ABD358A3500432402AF9D1013DB6D104
:1050B0003E9B002B3BD06359425913446351043546
:1050C000402DF8D1002505EB850908EB0500FFF719
:1050D00080FD54F80930181A44F8090004EB05095A
:1050E0007819FFF776FDD9F818300435181A102D05
:1050F000C9F81800E7D1002303EB83029819A158DF
:10510000002281540132042A4FEA1121F9D1E21818
:1051100006F1100091691844002281540132042ADA
:105120004FEA1121F9D10433102BE5D10EE03E9B5B
:10513000E258C158F51811440022A9540132042A3A
:105140004FEA1121F9D10433402BF1D135B0BDE83C
:10515000F08F13B500240094FFF732FF204602B011
:1051600010BD13B501240094FFF72AFF002002B000
:1051700010BDFFFF2DE9F04F144695B01D4654EACF
:1051800005038A4683461E9964D0002200230DF849
:1051900002300132102AF9D1CA5C0DF80320013324
:1051A000082BF9D1A046A9460BEB0407B9F1000F73
:1051B00008BFB8F1400FC8EB07072AD304AE274B4E
:1051C0001F9A30466946FFF7C4FF0023BAF1000F6B
:1051D00002D01AF8032000E05246F15C4A40FA542B
:1051E0000133402BF2D1082301221DF803100A4499
:1051F0000DF803200133102B4FEA1222F5D1B8F13C
:10520000400849F1FF39BAF1000FCDD00AF1400A48
:10521000CAE7A60900233F2246EA856614401D40DE
:1052200054EA05030BEB861614D004AD0B4B1F9A02
:1052300028466946FFF78DFF0023BAF1000F02D020
:105240001AF8032000E05246E95C4A40F254013368
:10525000A342F2D1002015B0BDE8F08F98B902004A
:105260002DE9F0438BB002AF129E8146884614466A
:105270001D463146139A084B38461036FFF771FF2A
:105280008DE8C0004846414622462B46FFF772FF94
:105290000BB0BDE8F08300BF98B902002DE9F043E0
:1052A0000023ADF2A45D8046C85C0DF80300013315
:1052B0001F2BF9D1CB7F03F03F0343F040038DF860
:1052C0001F309DF80030114623F00703C8A88DF861
:1052D0000030FFF79FFD0021C8AB0B44D3E900234A
:1052E00028A80844C0E9002348A808440022002355
:1052F000C0E9002308A80844C0E9002368A84418AE
:1053000008318029C4E90023E6D101220023C0E945
:105310000023CDE90823FE240025E60846EA457669
:1053200000AB334408A893F8009004F0070349FA4F
:1053300003F909F0010928A94A46FFF7ADFC48A87E
:1053400068A94A46FFF7A8FC88A808A948AAFFF759
:1053500087FD08A8014648AAFFF796FD48A828A996
:1053600068AAFFF77DFD28A868AA0146FFF78CFD13
:1053700068A888A9FFF7F4FDA8A808A9FFF7F0FD21
:1053800008A8024648A9FFF792FD48A828A988AABC
:10539000FFF78DFD88A808A948AAFFF761FD08A8B6
:1053A000014648AAFFF770FD28A808A9FFF7D8FD15
:1053B00048A868A9A8AAFFF767FD08A848A9344A21
:1053C000FFF775FD08A8014668AAFFF749FD48A840
:1053D000014608AAFFF76BFD08A868A9A8AAFFF76D
:1053E00066FDC8AA68A828A9FFF761FD28A888A9B2
:1053F000FFF7B6FD08A828A94A46FFF74DFC48A8C4
:1054000068A94A46FFF748FC14F1FF3445F1FF351F
:10541000B5F1FF3F08BFB4F1FF3F7FF47EAFC8A8EE
:10542000002108AB0B44D3E90023C0E9202348AB9B
:105430000B44D3E9002300F58074C4E9002328ABB2
:105440000B44D3E9002300F5C074C4E9002368AB22
:105450000B44D3E90023083100F500748029C4E926
:10546000002300F10800DCD10DF584600146FFF750
:105470007AFDE8A801460DF58462FFF718FD404665
:10548000E8A9FFF72BFC00200DF2A45DBDE8F08336
:1054900018B90200014AFFF701BF00BFE8B90200D6
:1054A00038B505460C4608462021F3F7F1F82846A2
:1054B0002146BDE83840FFF7EDBFFFFF10B50B46B2
:1054C0008AB00446114602A81A46FFF7E7FE0123F8
:1054D000009320460349044B02AAFFF771FD002008
:1054E0000AB010BD6CBCFF1F98B902002DE9F04F47
:1054F000F5B0CDE90A23239122900021229E0020BD
:105500000E44002200231D0245EA12651402325C9B
:1055100001300023082842EA040243EA0503F2D1DD
:1055200074A8084440E9302324A8084408314029DD
:10553000C0E90023E2D1DDE90A01CDE90001DDE99E
:105540000001002908BF8028C0F0888100210A9A44
:10555000239C009B1444E41A0C44002000220023E6
:105560001D0245EA1266170203960297DDE90289D9
:10557000225C01300023082842EA080243EA0903BA
:10558000EED174A808440831802940E92023DED1F7
:10559000B1480D900027002374A9194434AA51E999
:1055A00030011A440833402BC2E90001F4D14CA960
:1055B000D1E90023910C41EA83310E91990C41EA23
:1055C00082310F91910B41EA83411091990B41EA8D
:1055D00082411191D10541EA53211291D90541EA45
:1055E0005221DDE91089DDE90E451391DDE912ABA9
:1055F00084EA080485EA090550A84EA9D0E9008983
:1056000084EA0A0485EA0B05D1E900AB28EA02081E
:105610000AEA020052AA0BEA0301D2E900AB29EA26
:10562000030980EA0800241881EA090145EB010515
:1056300007F00F061AEB040A74AC04EBC60353E937
:1056400020234BEB050B0D9D1AEB020A4BEB030BD2
:10565000F5E9022344A81AEB020A46AC0D9548ADC1
:10566000D5E900894BEB030BD0E90023D4E9000115
:1056700089EA01051D4001EA09014D40910741EA0F
:1056800093011491990741EA92011591110F41EA92
:1056900003111691190F88EA000441EA021100EA89
:1056A0000800144017914FEA426CDDE91689444026
:1056B0004CEAD31CDDE914015B0643EAD2131993CB
:1056C000CDF860C080EA080081EA0901DDE91889A7
:1056D00080EA0800001981EA090141EB050110EB9D
:1056E0000A0041EB0B0142AAC2E90001DDE93A23BD
:1056F00012EB0A0243EB0B03CDE93A2332AA002353
:10570000013374AC03F0070104EBC101F2E9024577
:10571000082B41E93045F3D10F2E05D00137502F2A
:105720007FF439AF00247BE00DF5A47C002606F160
:10573000090374AD03F00F0305EBC303013653E90E
:10574000208906F00F0305EBC30353E92001040A87
:1057500044EA01641A940C0A44EA00641B94440865
:1057600044EAC1741C944C0844EAC07406F10D0369
:105770001D9403F00F03DDE91CAB05EBC303DDE96A
:105780001A4585EA0B054FEAD01B84EA0A044BEA66
:10579000416A4FEAD11BCDF810A0CDF814B0DDE975
:1057A00004ABFCE9020153E9202384EA0A0414EB68
:1057B000080485EA0B0545EB0905241845EB0105AE
:1057C000D10041EA53711E91D90041EA52711F91F3
:1057D000D10C41EA43312091D90C41EA4231219167
:1057E000DDE92089DDE91E0181EA09014FEA92190C
:1057F00049EA836A4FEA931BCDF818A0CDF81CB094
:1058000080EA0800DDE9068980EA0800001981EADB
:10581000090141EB0501102ECCE9000187D17DE79C
:1058200044AE24AD26442544D5E90001D6E9002341
:105830000834121843EB0103402CC6E90023C5E9E4
:105840000023EDD1DDE900ABBAF1800A4BF1FF3B5B
:10585000CDE900AB73E600BF00BA0200DDE90A2320
:105860007F201040002424AB2344229ED3E9002350
:1058700026440725170A47EA03684FEA1329725599
:10588000CDF82080CDF8249015F1FF35DDE908230F
:10589000F0D20834402CE6D175B0BDE8F08F00BFDF
:1058A0002DE9F0431D46D1B08046894614460023B9
:1058B0002E4A9A5C0DF803200133402BF8D149465B
:1058C00022462B466846FFF711FE7F222240A14464
:1058D00000232B401146C2EB09094FF0000C0DF1DB
:1058E000400E00200CF80E000CF1010CBCF5807F7E
:1058F000F5D1884205D019F800C00EF800C001307B
:10590000F7E7002B08BF702A0EEB020134BF80229C
:105910004FF4807280200EEB020C08706146680F15
:1059200001F8090CA2F1080CE90041EA5471E00009
:105930000023F4440724060A0CF8040046EA016632
:105940000F0A14F1FF3430463946F4D268467146E6
:10595000FFF7CCFD00231DF8032008F803200133D6
:10596000402BF8D1002051B0BDE8F083A8B9020067
:105970002DE9F041164607460C4608464721984651
:1059800005F0ECF83578E42D1DD00ED8142D13D089
:10599000152D20D12046472101F0DEF940B2012823
:1059A0000CBF00202120BDE8F081F02D0BD0F32D9D
:1059B00009D0ED2D0FD106E0002004232370607084
:1059C000A070BDE8F0813846314642462346BDE826
:1059D000F04104F05DB90120BDE8F081C27BD2073F
:1059E00001D505F07FBB80890021704738B50C4692
:1059F0000546FFF7F3FF2060EB7B9B0744BFC043E6
:105A00002060002038BD10B5C37B5B070C460CD46A
:105A1000FFF7E4FF002302468B4208BF824220606A
:105A20000CBF00204FF4806010BD022010BD10B5E7
:105A3000C37B5B070C460CD4FFF7D0FF0023024664
:105A40008B4208BF824220600CBF00204FF4806070
:105A500010BD022010BD10B5C37B5B070C460CD4F3
:105A6000FFF7BCFF002302468B4208BF8242206042
:105A70000CBF00204FF4806010BD022010BD7047A5
:105A800030B58B7BA02B8DB004460D4601D0132082
:105A90009EE0084602A905F06AFB08B1102097E0D5
:105AA000284601A9FFF7D7FF0028F7D10546019B3B
:105AB0009D4280F088809DF81630602BE7D1182336
:105AC00000930DEB030102A86A46002305F0B0FB2A
:105AD000B0F1004F01D115207AE00028DED18DF819
:105AE0002F0002A805F0F4FB0028D7D106A83949F9
:105AF00012F059FF034698B99DF81620402AC6D1E6
:105B0000009202A804F5A4716A4605F091FBB0F179
:105B1000004FE0D0009B84F8883100284BD0BDE7CF
:105B200006A82D4912F03FFF034688B99DF81620BC
:105B3000602AACD14122009202A804F289116A467F
:105B400005F076FB30F00040A8D184F8C90132E0BE
:105B500006A8224912F027FF034698B99DF816209F
:105B6000602A94D14022009202A804F5E5716A46A9
:105B700005F05EFB20F0004000288FD1002384F860
:105B8000093218E006A8164912F00DFF98B99DF8E1
:105B90001630602B7FF47BAF8023009302A804F2C1
:105BA0000A216A46002305F043FB30F000407FF4F1
:105BB00075AF84F8890202A805F08AFB00287FF4FB
:105BC0006DAF013573E7236843F0040323600020C1
:105BD0000DB030BD5EBD0200D294020061BD020076
:105BE0006DBD020070B58EB010230193837BA02B96
:105BF00004460D46164618BF13242FD1194902AA90
:105C000005F076FB08B1102428E02046164906AAC4
:105C100005F06EFB0028F6D19DF81630602B1CD1E4
:105C20009DF82640CCB902A80AA901AA234605F08E
:105C3000FFFA0028E7D10AA80C498DF8374012F086
:105C4000B2FE08B9012300E03F232B7006A83146BD
:105C500005F0CCFA0028D6D100E0142420460EB07E
:105C600070BD00BF699B020072BD020076BD0200DC
:105C700070B58B7B802B88B004460D4618BF13236C
:105C80004CD1084604A905F072FA08B1102345E08A
:105C9000284602A9FFF7CBFE0028F7D10646029B53
:105CA0009E420FD204A80DF1070103AAFFF79AFF45
:105CB0000346002832D104A805F00AFB0028E5D1EC
:105CC0000136ECE7284604A905F051FA0028DDD199
:105CD0000546029B9D4217D204A80DF1070103AAB5
:105CE000FFF780FF034640B99DF80710039A01298A
:105CF00003D102F10800012808D904A805F0E8FA48
:105D00000028C3D10135E4E7262307E0C4F88C223C
:105D1000226884F88A1242F008022260184608B00D
:105D200070BD13B5837B402B144618BF13200DD1D3
:105D300002AA002342F8044D05F07AFA28B9019826
:105D4000A04214BF0320002000E0102002B010BDCC
:105D500013B5FD2301938B7B602B044618BF1320E2
:105D600012D1084601AA2146002305F061FAB0F1DC
:105D7000004F06D038B9019B84F8FD00C4F800310B
:105D800002E0152000E0102002B010BD30B58B7B82
:105D9000A02B89B004460D4601D013205CE00846D4
:105DA00004A905F0E4F908B1102055E0284601A93E
:105DB000FFF751FE0028F7D1C4F800010546019B0A
:105DC0009D4241D29DF81E30602BE6D108230093FE
:105DD0000DEB030104A86A46002305F029FAB0F18F
:105DE000004F38D00028DFD18DF80F0004A805F04F
:105DF0006FFA0028D8D19DF81E30602BCDD102A8B3
:105E0000164912F0D0FD28B9204604A9FFF7A0FFDB
:105E100098B121E002A8124912F0C5FD034660B90D
:105E20002022009204A804F582716A4605F000FA67
:105E300030F00040B8D184F8230104A805F048FAF6
:105E40000028B1D10135BAE7D4F80031002B14BFD6
:105E50000020142000E0152009B030BD5EBD020016
:105E6000D2940200F0B51F46837BA02B89B0044674
:105E70000D4616465DD104A905F079F908B1102048
:105E800058E0204601A9FFF7E6FD0028F7D10446B7
:105E90000198844249D29DF81E30602B49D10823D5
:105EA00000930DEB030104A86A46002305F0C0F936
:105EB000B0F1004F3BD00028E1D18DF80F0004A8CD
:105EC00005F006FA0028DAD19DF81E30F52B30D106
:105ED00002A81949022212F078FD30B9BDF81C3031
:105EE000003318BF01232B7018E002A813490222C7
:105EF00012F06BFD30B9BDF81C30003318BF012320
:105F000033700BE002A80E49022212F05EFD28B9A0
:105F1000BDF81C30003318BF01233B7004A805F006
:105F2000D7F90028ABD10134B2E7002002E01520F8
:105F300000E0132009B0F0BD81BD020084BD020065
:105F400015A402002DE9F04300230B70837BA02BE6
:105F500089B007460C4618BF13236AD1374904AAF3
:105F600005F0C6F9064608B1102362E09DF81E3020
:105F7000402B01D014235CE008AD462304F1010856
:105F800045F8203D04A8334641466A4605F050F9DD
:105F9000009B302B02D1412323701CE0462B1AD0EA
:105FA000422323704FF48073414600936A46334680
:105FB000DFF8989042F2151804A805F039F9009B13
:105FC00009F8083004A833461D496A4605F030F93F
:105FD000009B09F8083006460028C5D13846194903
:105FE00004AA05F085F90028BED19DF81E30602B6B
:105FF000C0D10C23009304A801A96A46334605F0DA
:1060000017F9B0F1004F02D13F23237001E00028BF
:10601000AAD101A80C490B2212F0D7FC20B9237891
:1060200033B90122227004E03F232370002300E0F3
:106030000346184609B0BDE8F08300BF5EBD02000C
:10604000A9DCFF1F699B020076BD020094BCFF1F04
:1060500010B5837B802B0446E8B018BF13201DD1F8
:106060006946FFF7E4FC08B1102017E0204601A9BB
:1060700005F07DF80028F7D10446009B9C420CD225
:1060800001A805A9FFF75EFF0028EDD101A805F0E2
:106090001FF90028E8D10134EFE7002068B010BDF7
:1060A00030B58B7B802B054687B00C4618BF13207C
:1060B0002DD1084602A905F05AF808B1102026E0B3
:1060C000204601A9FFF7B3FC0028F7D1C5F84C0121
:1060D0000446019B9C4217D2142C17D0D5F84C31A2
:1060E0000133C5F84C31D5F86C3140F2891102A862
:1060F00001FB0431FFF726FF48B902A805F0E8F8D4
:106100000028DBD10134E4E7002000E0172007B0CD
:1061100030BDF0B597B00F46164600214FF45972C6
:106120000AAD044612F0DAF900953846314640F6D9
:10613000FF7208AB04F0EBFF08B11020AEE09DF851
:106140003630A02B01D01320A8E028460EA905F078
:106150000EF80028F1D1284604A9FFF77CFC00289E
:10616000EBD10546049B9D4280F097809DF8463018
:10617000002BE8D10EA803A905F038F80028DCD1DF
:106180000EA805F0A5F80028D7D1039B013B032BEF
:106190007BD8DFE803F0021064709DF84630002BD6
:1061A000D1D10EA8214605F021F80028C5D12368D9
:1061B00084F8AD3169E0202307939DF84630A02B89
:1061C000BBD10EA812A904F0D2FF0028B5D1139FAD
:1061D0000EA805A9013FFFF73EFC0028ADD10646F9
:1061E000059B9E422CD29DF85630002BA5D112A8BB
:1061F00006A9FFF7FBFB00289FD112A805F068F85D
:106200000346002899D1069A012A07D0022A0FD105
:1062100012A804F12401FFF795FE07E012A8211D42
:1062200007AA05F005F8B0F1004F86D0002884D108
:1062300012A805F04DF800287FF47FAF0136CFE7B4
:10624000139EF61BB6F5CD7FBFF477AF04F5D7707C
:106250003946324612F027F9C4F8486315E09DF834
:106260004630002B7FF46FAF0EA804F5587104F090
:10627000BDFF50B161E70EA804F553711022FFF77E
:1062800050FD58B9012384F85C330EA805F020F8BE
:1062900000287FF452AF013564E7002017B0F0BD4D
:1062A000F0B500230B644B64837BA02B87B00546BD
:1062B0000C465DD102A904F05AFF08B1102058E045
:1062C00028466946FFF7C7FB0028F7D10546074671
:1062D0000646009B9E423FD29DF81630002B47D1C8
:1062E00002A801A904F082FF0028E7D102A804F067
:1062F000EFFF0028E2D1019B0333042B25D8DFE810
:1063000003F01C140A2403009DF8163083BB02A876
:1063100004F1400105E09DF816304BBB02A804F1E2
:10632000440104F063FF80B1C8E702A8214620229F
:10633000FFF7F7FCE8B9012707E002A804F1200104
:106340002022FFF7EEFCA0B9012502A804F0C0FF4F
:106350000028B3D10136BCE747B13DB1236C2BB166
:10636000636C002B14BF0020142002E0142000E016
:10637000132007B0F0BD70B5837BA02B88B0044616
:106380000E4601D013205CE004A904F0F0FE08B131
:10639000102056E0204601A9FFF75DFB0028F7D149
:1063A00005460446019B9D4245D29DF81E30002BB8
:1063B000E8D104A803A9FFF719FB0028E8D104A835
:1063C00004F086FF03460028E2D1039A022A0AD08D
:1063D000032A1CD0012A27D104A806F16401FFF783
:1063E0005FFFF8B12DE008AA402142F8181D04A86B
:1063F000711C04F01DFF029B202B01D0402B1FD1EC
:10640000B0F1004F1CD00028C2D133700AE008AAB6
:10641000202142F8181D04A806F1410104F008FFEC
:106420000028B5D10134E4B204A804F051FF0028DB
:10643000AED10135B6E7032C0CBF0020142000E0DC
:10644000032008B070BDFFFF30B5837BA02B8BB05D
:1064500005460C4665D102A904F089FE08B110205A
:1064600060E0284601A9FFF7F6FA0028F7D10546B3
:10647000019B9D4253D29DF81630602B51D11023C1
:10648000009302A806A96A46002304F0D1FEB0F1E9
:10649000004F0BD102A804F01BFF02A804F018FF64
:1064A0000028DCD102A804F013FF31E00028D6D187
:1064B0008DF8270002A804F00BFF0028CFD106A812
:1064C00019490B2212F081FA90B99DF81630F52B7C
:1064D00004D1BDF81430DBB1012307E0A02B17D1A4
:1064E00002A8211DFFF747FFE0B9022323700FE048
:1064F00006A80E490B2212F068FA48B99DF816302A
:1065000033B902A804F1B401FFF770FA0028A6D14C
:1065100002A804F0DDFE0028A1D10135A8E7002083
:1065200000E013200BB030BD87BD020093BD020018
:10653000F0B5002191B0044616464FF45E721F4636
:1065400008AD11F0CBFFFF2384F8A9320095304647
:10655000394640F6FF7206AB04F0D9FDC8B99DF884
:106560002E30A02B01D01120B6E028460CA904F053
:10657000FEFD08B11020AFE0284604A9FFF76BFA32
:106580000028F7D1054617E020460CA9FFF778FA56
:1065900060B1C0B2A0E00CA8211D2022FFF7C1FB12
:1065A0000028F6D1236843F0010323600CA804F00F
:1065B0008FFE0028DED10135049B9D427BD29DF8E1
:1065C0003E30002BCFD10CA803A904F00FFE002809
:1065D000D0D10CA804F07CFE0028CBD1039B013B5A
:1065E000082BE3D801A252F823F000BF9765010001
:1065F000116601008965010027660100316601000E
:106600005566010069660100816601009F66010010
:1066100004F124000CA9FFF7B9FB0028B9D12368C5
:1066200043F00203C1E720460CA9FFF721FBAFE7C7
:106630000CA8FFF70DFD00289CD10CA804F52571CE
:1066400004F095FD002895D10CA804F52971FFF7F9
:10665000EEF92CE09DF83E30A02B2ED10CA804F5CD
:106660003071FFF7F1FE08E00CA804F5247104F581
:106670002A7204F2A923FFF7F5FB002896D02BE03D
:106680009DF83E30402B1AD10CA805A9FFF7BBF9A5
:10669000A8B9059B9BB9012384F8BB3286E79DF816
:1066A0003E3053B90CA804F52F7104F09FFD00286B
:1066B0003FF47CAF5EE700200EE013200CE00CA856
:1066C00004F2AA211022FFF72CFB032800D018B9EE
:1066D000012384F8BA3269E711B0F0BDF0B5044681
:1066E00091B00F46164600214FF40B7211F0F6FEE2
:1066F0004F4BC4F86C3108ADFF2384F8523100953C
:106700003846314640F6FF7206AB04F000FD08B192
:1067100010208AE09DF82E30A02B01D0132084E0B9
:1067200028460CA904F023FD0028F1D1284604A92D
:10673000FFF791F90028EBD10546049B9D4265D2F5
:106740009DF83E30002BE9D10CA803A904F04EFDC2
:106750000028DDD10CA804F0BBFD0028D8D1039B94
:10676000013B062B4BD8DFE803F00F04151F253043
:106770003F000CA8211D2022FFF7D3FA002854D196
:10678000012384F824303AE004F128000CA9FFF733
:10679000DFFA18E020460CA9FFF782FC0028B7D1E9
:1067A000012384F870312AE00CA804F5BA71FFF7D0
:1067B0004BFE08E00CA804F5A87104F2511204F590
:1067C000A973FFF74FFBD0B12FE09DF83E30402B6F
:1067D0001ED10CA805A9FFF716F9C8B9059BBBB9CE
:1067E000012384F864310AE09DF83E30002B95D1F6
:1067F0000CA804F5B47104F0F9FC002888D10CA8A9
:1068000004F066FD002883D1013596E700200CE0F6
:106810000CA804F253111022FFF783FA032800D0CA
:1068200018B9012384F86331E9E711B0F0BD00BF66
:10683000E4BDFF1FF0B591B00F46164600214FF49E
:10684000BE7208AD044611F049FE00953846314647
:1068500040F6FF7206AB04F05AFC08B11020A1E02C
:106860009DF82E30A02B01D013209BE028460CA9C8
:1068700004F07DFC0028F1D1284604A9FFF7EBF8CD
:106880000028EBD10546049B9D4280F088809DF84E
:106890003E30002BE8D10CA803A904F0A7FC002887
:1068A000DCD10CA804F014FD0028D7D1039B013BD8
:1068B000072B6CD8DFE803F0040B141F2B48535F41
:1068C0009DF83E30002BCFD10CA8214605E09DF865
:1068D0003E30002BC8D10CA8211D04F087FC56E0E7
:1068E0000CA804F10801FFF7DBFC00285AD10123B2
:1068F00084F850304BE00CA804F151011022FFF74E
:1069000010FA00284ED1012384F861303FE09DF851
:106910003E30402BA8D10CA805A904F0E1FC0346A9
:1069200000289BD1059AA2F14001C02939D8C4F8AA
:1069300064214FF4807205920CA804F1620105AA4B
:1069400004F076FC18B389E70CA804F5B4711022A2
:10695000FFF7E7F930BB012384F8783117E09DF8A1
:106960003E30F52B80D1BDF83C30003318BF0123F9
:1069700084F879310BE09DF83E30F52B7FF474AF4D
:10698000BDF83C30003318BF012384F87A310CA8DD
:1069900004F09EFC00287FF461AF013573E700200E
:1069A00000E0372011B0F0BD03F05CBE08B503F085
:1069B000DFFE034800214022BDE8084011F08EBDF3
:1069C0000CBAFF1F1830EAF7D7BF1830EAF7FEBF3E
:1069D0001830EBF71CB8FFFFF0B52D4B91B007AAAC
:1069E00006460C4603F1200E1746186859681546EE
:1069F00003C5083373452A46F7D11B782B70254B06
:106A000003AA03F1080C964618685968154603C591
:106A1000083363452A46F7D11F4A18681B792B7142
:106A20002860106851686B4603C390681860694617
:106A30000C22704611F028FD3146054620223846CA
:106A400011F022FD05B138B9144B01211878EDF78A
:106A50007FFF08B9022018E02378FF2B02D163786A
:106A6000FF2B01D0002010E0A378FF2BFAD1E378B0
:106A7000FF2BF7D12379E42BF4D1084B02211878AE
:106A8000EDF766FF0028EDD0012011B0F0BD00BF8A
:106A90009FBD0200C0BD0200209CFF1F9CBAFF1FCB
:106AA000F8B50C4605461746F0F7A6FFB4F5806F1B
:106AB00028DA012F144E02D12846214605E0022F84
:106AC00007D105F12000A4F120010022EFF768F8BA
:106AD0000DE028460D4911F066FF40B14FF4806289
:106AE0003068002111F0FAFC094B00221A70094BA2
:106AF00030681C602946224611F0D5FCBDE8F840FC
:106B0000F0F7EABCF8BD00BFA88CFF1FCDBD0200A6
:106B100000BAFF1FA0BAFF1F38B5074B074D1A6810
:106B2000074B04461A6028B12B68834202D040B25A
:106B300003F0C6FD2C6038BDCCE2FF1F88BCFF1FF0
:106B40007CBCFF1F08B503F085FDBDE8084002F0DE
:106B5000A7BBFFFF30B545F6B033ADF5057D1C781A
:106B6000012C19D103A84FF4B44140F20122EFF7F0
:106B70005BF9009473AA7BA870A92023EEF7D2FFDB
:106B8000084A7BAC83AD234603CBAB421060516017
:106B90001C4602F10802F6D1FFF7D4FF0DF5057D82
:106BA00030BD00BFCC8CFF1F044B1B78022B4FF075
:106BB000640101D10FF02CBC0FF0F4BB54BAFF1FDD
:106BC00008B5AB20F0F77EFF4FF4FA70BDE808403F
:106BD00005F0B0BC30B5B5B0044669460323D022F9
:106BE0000020F3F7B5FB69460546D022204604F0A5
:106BF000C7FC284635B030BD10B5D024B4B001462E
:106C00002246684604F0BCFC694622460423002064
:106C1000F3F79EFB34B010BD10B50446EFF794F8BF
:106C20002CB9441C2046EFF79EF8204610BDB4F561
:106C3000807F8CBF20460019EFF795F810BDFFFF4D
:106C4000014B1870704700BF84BCFF1F00B591B0A6
:106C500000216846402211F041FC684600210FF0F7
:106C60006DFB08B9002009E0684603F081FD91281A
:106C7000F8D10120F1F71AF84FF0FF3011B05DF8AC
:106C800004FBFFFFF8B5304B304E1C783768002C02
:106C900054D140F2EE239842074432D9AB20F0F7AA
:106CA00001FC33689F4204D20120F0F7FFFF00206F
:106CB000F8BDF1F783FB10B1254B01221A60FFF7F5
:106CC000C5FF14F0FF03054601D1AB2002E0802B85
:106CD00002D10020F0F7F6FE002D31D11C4B1B68CD
:106CE000012B04F10104DCD11EE0AA20F0F7EAFE3A
:106CF000F1F764FB164B08B101221A601B68012BE7
:106D00000CD0144B1A68542A04BF2A221A601C465D
:106D100033689F42E9D20020F0F7C8FF23682A2B8E
:106D200002D10C4B54221A60094E35680024012D03
:106D3000204607D1F0F7BAFF346001E00220F8BD29
:106D40002846F8BDF8BD00BF84BCFF1FCCE2FF1F82
:106D500080BCFF1FCCBAFF1F08B5F1F799FC0120DA
:106D600008BD0020014602460523F3F7F1BA0C20C6
:106D7000704740F2B9120223F3F7EABA40F2B912AF
:106D80000123F3F7E5BAFFF7F4BF10B5F0B00446FE
:106D900040F2B91201A8FF2111F0A0FB204601A981
:106DA000FFF7E7FF70B010BD45F6B0331B78012B3D
:106DB00009D10A4B03F1100253F8041B40F8041BDD
:106DC0009342F9D17047064B03F1100253F8041BAC
:106DD00040F8041B9342F9D1704700BFD3BD0200B5
:106DE000E4BD020045F6B0331B78012B0CBF024B0B
:106DF000024B1888704700BFCA8CFF1FEE8CFF1F24
:106E000010B545F6B03304461B78012B05D1FFF7CA
:106E1000E9FF06490246204604E0FFF7E3FF044984
:106E200002462046BDE8104011F03DBB34C10200CF
:106E300060BE0200704770B5064688B000200C4660
:106E4000154601466A4603F01BF906F110002021A1
:106E500003F008F92046202103F004F900206A46D7
:106E6000014603F03DF96C462A4604AD234603CBA8
:106E7000AB42106051601C4602F10802F6D108B026
:106E800070BDFFFF0D4B70B51C6841F20205024654
:106E9000635B0E46581804F580510988884202DD6C
:106EA000012011F0A7FAE0181146324611F0FBFA62
:106EB000635B1E446653002070BD00BF8CBCFF1F87
:106EC000014B186802F0DEB98CBCFF1F70B5044698
:106ED0000E46103020211546FFF73EFF2046314672
:106EE0002246FFF7A8FF204630212A4605F120035D
:106EF00003F0BAF9002070BD70B5ADF59C6D0023AC
:106F00008DF80430042304468DF80530FFF76AFF3E
:106F1000B0F5806F054602D949F210205DE040F2DD
:106F2000EE20FFF7AFFE002855D004F120060AA896
:106F3000314616AAFFF7CAFF0130EDD003F078F80A
:106F400001A8012103F08EF83046202103F08AF8D1
:106F50002046202103F086F80AA8302103F082F8A9
:106F60000DF10500012103F07DF8402116A803F082
:106F700079F802A803F07EF803F0FCF8224602A894
:106F8000202103F005F90523022101A88DF8043022
:106F9000FFF778FF402116A8FFF774FF3026012184
:106FA00001A88DF80460FFF76DFF31460AA8FFF7CE
:106FB00069FF38A8FFF724FF294638A8FFF762FFCA
:106FC00026A9204601F08CF881B226A8FFF75AFFC7
:106FD0004FF4104001E046F6851000B20DF59C6DAF
:106FE00070BD30B5462985B0044615460ED1114610
:106FF0002230202211F048FAC0B9284604F11001CD
:10700000D4F842206B4600F027FF05E030290DD16F
:1070100011466A46FFF70FFF20466946102211F01D
:1070200033FAD0F1010038BF002000E0002005B0A5
:1070300030BDFFFF07B5084B18689A8800909B7910
:10704000ADF80420684606218DF80630FFF71AFFD8
:10705000024803B05DF804FBF5BD02000090FFFF9D
:107060002DE9F04706469CB018461C4617460D46CB
:1070700002F008F9734B32781C609846002A40F001
:10708000CA80304629463A4603F03AFE84B2B4F547
:10709000104F00F0B98046F685139C4200F0B48092
:1070A0007378032B00F0A68004D8012B0AD0022BA2
:1070B00014D0A4E0C02B02D0FF2B40F0A0804FF4EE
:1070C0001044A1E0402F40F09D80AA20F0F7EAF99B
:1070D000F0F702FA2846FFF70FFF8EE0AA20F0F73C
:1070E000E1F9F0F7F9F9B4780123072C8DF80730AE
:1070F0000BD105F1410095F8401005F12002FFF792
:1071000070FF30B146F6851472E0032C04D0082CD1
:1071100002D04FF4D5446BE005F1410705F120069C
:10712000384695F840103246FFF75BFF0028F0D054
:1071300000221346384695F8401003F083F8082CD7
:1071400004BF00238DF807309DF80730002B48D18D
:107150000020FFF761FDC4B24FEA106AC0F307498F
:10716000C0F307278DF80B408DF808A08DF8099023
:107170008DF80A7002F05CFF3046202102F072FFA9
:107180000DF10700012102F06DFF02A8042102F0B9
:1071900069FF2021284602F065FF02A802F06AFF7D
:1071A0002A4602A8202102F0F3FF01210DF1070079
:1071B000FFF768FE042102A88DF80B408DF808A0A7
:1071C0008DF809908DF80A70FFF75CFE0AA9284631
:1071D00000F086FF81B20AA8FFF754FE4FF4104476
:1071E00006E040F2EE20FFF74DFD00288AD0AFE721
:1071F000A4B209E037B9FFF71DFF84B204E04FF4F1
:10720000DA4401E04FF4CE440020FFF785FCB4F5EA
:10721000104F06D001E04FF4DC44D8F8000002F033
:1072200031F8230A0AA801218DF82830FFF72AFE39
:107230000AA801218DF82840FFF724FE1CB0BDE804
:10724000F08700BF8CBCFF1F30B5057942792D0453
:1072500045EA022582790B462A43C11DBDE830402C
:10726000FFF7FEBED1F84330D0F84300181A70473C
:1072700010B588B004466A460120002102F000FFE4
:1072800004F110000E2102F0EDFE012000216A46FB
:1072900002F026FFD4F81E00009B584008B010BD35
:1072A00038B50C461546FFF7E3FF80B2022802D03E
:1072B000032801D005E025B9002C0CBF30200020A8
:1072C00038BD002038BDFFFF70B588B004460E46BB
:1072D00015460C486A46102102F0D2FE3046294677
:1072E00002F0C0FE6A460748102102F0F9FE20466F
:1072F0006946102211F0C8F8002814BF332000207E
:1073000008B070BD80DEFF1FF8B5202205460C4690
:107310002230223111F0B8F8064678B995F8867017
:1073200005F1460004F146013A4611F0ADF838B9CE
:1073300094F88600C31B58425841F8BD0020F8BDA0
:107340003046F8BD08B50220FFF7E6FB44F63820CA
:10735000FFF798FC012805DC06D000280CBF3A2076
:107360002D2008BD212008BD002008BD0148202196
:10737000FFF7F2BCD1DEFF1FF8B5002407460E462A
:107380002546FFF7F4FC84420DD220463146FFF734
:10739000F5FCD6F84230013B033302D8BD4205D09C
:1073A00001350134EDE74FF0FF30F8BD2046F8BD60
:1073B000F0B5431CF9B0044609D1002009A9FFF734
:1073C000DDFCDDF86630013B03332ED90024FFF7E6
:1073D000CEFC013484422AD2204609A9FFF7CEFC14
:1073E0000DF1460301AD0DF166071E461868596898
:1073F0002A4603C20833BB421546F7D1DDF8663092
:10740000013B0333E3D80025A5420CDA284609A93D
:10741000FFF7B4FC304601A9202211F035F800280E
:10742000D5D00135F0E7204603E0002001E04FF021
:10743000FF3079B0F0BD70B50446F8B071B10B46BD
:1074400001AC01F1200518685968224603C20833CF
:10745000AB421446F7D14FF0FF340FE009A9FFF714
:107460008DFC01AD0DF146030DF1660618685968F3
:107470002A4603C20833B3421546F7D1FFF777FC1B
:10748000013484420DD2204609A9FFF777FC0DF1A3
:10749000460001A9202210F0F7FF0028EED1204677
:1074A00001E04FF0FF3078B070BD10B50446002009
:1074B000FFF7B2FB034610B9FFF7AEFB03461A0E07
:1074C00084F821201A0C84F822201A0A84F8232038
:1074D00084F82430184610BD38B5124CD022FF2154
:1074E000204610F0FBFF802104F14E00FFF734FC32
:1074F000A5232370082384F84830012500236370F6
:10750000A4F84A3084F8CE50FFF72BFC04F1220097
:107510002021FFF721FCA84202D0284610F06AFF84
:1075200038BD00BFACDDFF1F2DE9FF4113F1080F8F
:107530000F46164669460CBF0422052205461C4626
:1075400003F0ECFF40F2271180465B4AFEF797FA02
:10755000B8F1000F01D01020AAE0012268460023F4
:1075600003F099FF4FF496718046534AFEF787FA6D
:10757000B8F1000FEFD114F1080F14BF022201225D
:107580000023684603F087FF4FF4977180464A4A0C
:10759000FEF775FAB8F1000FDDD10322684600232B
:1075A00003F079FF40F233118046434AFEF767FA51
:1075B000B8F1000FCFD122466846E31703F06BFF06
:1075C00040F2351180463C4AFEF759FAB8F1000FF7
:1075D000C1D14FF0FF3268464FF0FF3303F05BFF3D
:1075E0004FF49D718046344AFEF749FAB8F1000F16
:1075F000B1D114F1080F14BF0122062200236846FE
:1076000003F049FF4FF49E7180462B4AFEF737FA8C
:10761000B8F1000F9FD16FF0010268464FF0FF33C1
:1076200003F039FF4FF4A1718046234AFEF727FA91
:10763000B8F1000F8FD139462022684603F047FF8A
:107640004FF4A27107461C4AFEF719FA002F82D1A7
:1076500008340ED16946284603F070FF4FF4A87134
:107660000446154AFEF70BFA002C7FF474AF20464F
:107670001EE06FF0020268464FF0FF3303F00BFF8D
:107680004FF4A57104460C4AFEF7F9F9002C7FF47B
:1076900062AF31462022684603F019FF4FF4A6710D
:1076A0000446054AFEF7EBF9002C7FF454AFD1E70E
:1076B00004B0BDE8F08100BFFCBD020030B5012A76
:1076C000054691B008461C461FD113F1080F07D09C
:1076D00007331AD146216A4608AB02F0C5FD03E024
:1076E00046216A4602F0F2FD2346694608AA28466A
:1076F000FFF71AFF4FF4B8710446064AFEF7BFF9C8
:10770000002C0CBF0020102001E04FF0FF3011B022
:1077100030BD00BFFCBD0200F0B585B00E4614467A
:1077200069460222054603F0F9FE40F21B41074676
:10773000294AFEF7A4F90FB110204BE02749022295
:10774000684603F0D6FE40F21F410746224AFEF784
:1077500096F9002FF0D1412C06D0422C06D142F2EE
:1077600015131F4AD25C02E0302200E04622314667
:10777000684603F0ACFE40F223410446164AFEF789
:107780007EF9002CD8D117490422684603F0B1FED7
:107790004FF485610446104AFEF771F9002CCBD1F5
:1077A00011490A22684603F0A4FE40F22B41044628
:1077B000094AFEF764F9002CBED16946284603F059
:1077C000BDFE4FF486610446034AFEF758F9002CCB
:1077D000B2D1204605B0F0BDFCBD02005EBD020086
:1077E00094BCFF1F699B020076BD020038B50546B8
:1077F00008460C4611F0E1F8214602462846BDE84D
:10780000384003F076BEFFFF2DE9F0470578022DE2
:10781000C0B004468846174672D130AB451D00F112
:10782000450E1E46286869681A4603C20835754524
:107830001346F7D108AA04F168007A4902F0AEFDB8
:1078400002F0F6FB202108A802F00CFC08A802F0C8
:1078500011FC10AA08A8202102F012FC3046217960
:1078600002F000FC08A8202110AA02F039FC2846EA
:1078700010A9102210F008FE0546002840F0CE8026
:1078800018AA0220294602F0FBFBD4F8B0004621DA
:1078900002F0E8FB6448012102F0E4FB02202946E3
:1078A00018AA02F01DFC304608A92279F3F7EFFF71
:1078B00020AA18A8202102F0E3FB3046202102F084
:1078C000D1FB18A8202120AA02F00AFC2379402B22
:1078D0000DD128AA18A8202102F0D2FB38A8202117
:1078E00002F0C0FB18A8202128AA02F0F9FB20A86A
:1078F00008A922790126F3F7B9FF0025304604E0F4
:10790000012D18BF002500262846D4F8B430013BCD
:10791000022B05D801305FFA80FA4FF0010905E02B
:10792000002879D04FF000094FF0010A684641461F
:107930003A68002303F0A0FD524604A9684603F00C
:10794000EDFD40F225218246384AFEF798F8BAF15B
:10795000000F5FD11EB9B9F1000F33D019E03449DF
:1079600004A8FFF743FF40F2292106462F4AFEF7FD
:1079700086F8002E4ED120A9227904A803F0A7FD95
:107980004FF40B710646294AFEF779F8002E41D1D3
:10799000E1E7284904A8FFF729FF40F23221064613
:1079A000224AFEF76CF8002E34D1D4F8B42004A893
:1079B000002303F070FD40F2352104461B4AFEF718
:1079C0005EF83CBBADB11A4904A8FFF70FFF40F2C7
:1079D0003B210446154AFEF752F8DCB9152104A8EC
:1079E00003F064FD40F23E210446104AFEF747F8DA
:1079F00084B904A9684603F0A1FD40F2422104467F
:107A00000A4AFEF73CF82CB9009BC8EB03033B6025
:107A1000204604E0102002E0386000E0E02040B0A2
:107A2000BDE8F087D1DEFF1FA8DCFF1FFCBD020010
:107A300087BD020093BD02002022FFF745BCFFFF77
:107A400030B595B0044610A8FFF7AEF904A9082296
:107A5000204603F063FD8F210546034AFEF70FF829
:107A600025B11020F4E100BFFCBD0200012204A8F2
:107A7000002303F008FD93210546B14AFDF7FFFFFF
:107A8000002DEED16946032204A803F044FD96219F
:107A90000546AB4AFDF7F3FF002DE2D1A949684640
:107AA000FFF7A4FE99210546A54AFDF7E8FF002D42
:107AB000D7D1A5496846FFF799FE9B210546A04A04
:107AC000FDF7DDFF002DCCD1A0496846FFF78EFE03
:107AD0009D2105469A4AFDF7D2FF002DC1D1694686
:107AE00004A803F02BFDA0210546954AFDF7C7FF2A
:107AF000002DB6D1022204A8002303F0C4FCA42167
:107B000005468F4AFDF7BBFF002DAAD16946022228
:107B100004A803F000FDA7210546894AFDF7AFFF41
:107B2000002D9ED18A496846FFF760FEAA210546CE
:107B3000834AFDF7A4FF002D93D186496846FFF7DD
:107B400055FEAD2105467E4AFDF799FF002D88D1EF
:107B5000694604A803F0F2FCB0210546784AFDF717
:107B60008EFF002D7FF47DAF032204A8002303F0D5
:107B70008AFCB4210546724AFDF781FF002D7FF48F
:107B800070AF10A9102204A803F0A1FCB72105468C
:107B90006B4AFDF774FF002D7FF463AF042204A845
:107BA000002303F070FCBB210546654AFDF767FF23
:107BB000002D7FF456AF08A9052204A803F0AEFCFF
:107BC000BE2105465E4AFDF75AFF002D7FF449AFFE
:107BD0006149022208A803F08CFCC1210546584ADD
:107BE000FDF74DFF002D7FF43CAF152108A803F0F1
:107BF0005DFCC4210546524AFDF741FF002D7FF48C
:107C000030AF5649022208A803F073FCC82105468C
:107C10004B4AFDF734FF002D7FF423AF152108A850
:107C200003F044FCCB210546454AFDF728FF002D13
:107C30007FF417AF4A49042208A803F05AFCD9215F
:107C400005463F4AFDF71BFF002D7FF40AAF1421C4
:107C500008A803F02BFCDC210546394AFDF70FFF8D
:107C6000002D7FF4FEAE3F49082208A803F041FC36
:107C7000E0210546324AFDF702FF002D7FF4F1AE08
:107C8000152108A803F012FCE32105462C4AFDF754
:107C9000F6FE002D7FF4E5AE3349092208A803F073
:107CA00028FCE7210546264AFDF7E9FE002D7FF472
:107CB000D8AE2E4B597808A801290CBF15211421E4
:107CC00003F0F4FBEA2105461D4AFDF7D8FE002D1E
:107CD0007FF4C7AE08A904A803F030FCF2210546E2
:107CE000174AFDF7CCFE002D7FF4BBAE052204A899
:107CF000002303F0C8FBF6210546114AFDF7BFFE3D
:107D0000002D7FF4AEAE4FF4966204A8002303F07A
:107D1000C2FBF92105460A4AFDF7B1FE002D7FF4AA
:107D2000A0AE062204A8002303F0ADFBFD2105460A
:107D3000034AFDF7A4FE002D7FF493AE18E000BFC8
:107D4000FCBD0200F5BD020023BE02002CBE0200F5
:107D500093BD020087BD020081BD020015A4020090
:107D600039BE02003EBE020047BE0200ACDDFF1F6E
:107D70000CA9012204A803F0CEFB4FF48071054644
:107D8000344AFDF77CFE002D7FF46BAE01220CA877
:107D9000002303F080FB40F2031105462D4AFDF756
:107DA0006EFE002D7FF45DAE0CA904A803F0C6FBA7
:107DB0004FF483710546274AFDF761FE002D7FF4DD
:107DC00050AE072204A8002303F05DFB40F20B1124
:107DD0000546204AFDF753FE002D7FF442AE1422E3
:107DE00004A8002303F04FFB4FF487710546194A9E
:107DF000FDF745FE002D7FF434AE082204A80023D1
:107E000003F041FB4FF489710546124AFDF737FE36
:107E1000002D7FF426AE4FF4807204A8002303F0F7
:107E200032FB40F2151105460A4AFDF728FE002DE7
:107E30007FF417AE204604A903F080FB4FF48D7148
:107E40000446044AFDF71BFE002C7FF40AAE2046D0
:107E500015B030BDFCBD020070B58AB005460C46B9
:107E600001920021202202A81E4610F037FB02AA30
:107E70000120002102F004F92846202102F0F2F846
:107E80002046122102F0EEF801A8042102F0EAF8DF
:107E90000120002102AA02F023F902AC334606AD0C
:107EA000224603CAAA4218605960144603F1080327
:107EB000F6D10AB070BDFFFF0148FEF79DBE00BFBE
:107EC000ACDDFF1F2DE9F04FADF56F7D914680468B
:107ED00040F2B9120C4610A800211D4610F0FEFA1F
:107EE0007FA8002140F2B91210F0F8FAD9F800305A
:107EF000242B02D8012010F07DFA02F099F8D8F86E
:107F00000011404602F0AEF8204602F0B3F82046D9
:107F1000FFF7CBFA0290FFF715FA2128064601D1A8
:107F2000002308E04FF425716B4AFDF7A8FD002EF1
:107F300040F0CD800123DFF8A4A184F82030012097
:107F4000FEF7EAFD9AF801305A1E5342534194F865
:107F5000202042EA83031DB984F820302523B2E0B3
:107F600043F0400384F8203004F17D020192D9F8F7
:107F70000020019900237D3A04A803F07DFA04F162
:107F80002500FEF711FF00264FF0460C04F13707DD
:107F900084F836C0624604F1470B84F835603146F8
:107FA0003846CDF800C010F099FA12215846FEF775
:107FB000D3FED5F844210832F89A116814BF002086
:107FC000012041EA004108AA03910120314602F054
:107FD00057F858460E2102F045F80120314608AA0C
:107FE00002F07EF8039B089A5A40C4F85520029A82
:107FF000C4F879202146202204F1590010F053FAE8
:108000003B4620465946029AFFF726FF95F848312D
:10801000DDF800C0002B4AD06246394610A803F0B4
:10802000AFFA29464FF4A1720DF1860003F0A8FAC9
:10803000D8F800412F2C88BF3024224672A8414630
:1080400003F09EFA8DF8F841BAF84A40A64210D2E1
:108050007FA93046FFF790F97FA9804610A8FFF767
:1080600053F920B1404610A9FEF78DFE1FE00136FE
:10807000ECE70024FEF77BFE844216D220467FA95F
:10808000FEF77CFEDDF83E32013B03330BD9BAF834
:108090004A300133AAF84A30FFF70EFF204610A9F4
:1080A000FEF767FE03E00134E4E7282010E095F8CE
:1080B0004221D5F8443104A83946FFF7FFFA049B62
:1080C000019A9B1A7D33C9F80030002000E0304649
:1080D0000DF56F7DBDE8F08FFCBD0200ACDDFF1F2C
:1080E0002DE9F74F00230D46C25CDCB20AB1002334
:1080F0000AE001330134202BE4B2F5D1F7E7013374
:108100000137202BFFB205D0C218DFB292F8202031
:10811000002AF4D007F12003065D10F8038000EB7D
:10812000030B0021031948222846019310F0D6F9C9
:108130003022F6092A70C4F1440232444FEAD818BA
:10814000D21B42446A70AA194FF0020A4FF000098C
:1081500085F802A082F80390019BC4F12002B118B7
:10816000301DE9702844194610F09DF906F12403EA
:108170001B1BC4F1260005F803A006F1250303EB41
:108180000802121B1B1B05F802903044C7F12002A5
:1081900008EB02014044E9542844594608F14608D6
:1081A00010F081F94644301BC01B03B0BDE8F08FCE
:1081B0002DE9F7431D460C9B0A9C0B9E0833814614
:1081C0008846174618D001F033FF4846414601F073
:1081D00049FF3846202101F045FF284601F04AFFBB
:1081E00028462021224601F0D3FF2046314603B025
:1081F000BDE8F043FFF774BF0096202302F08AF831
:10820000402003B0BDE8F083F0B5ADF2244D044644
:108210000E461546FEF7E6FDB0F5806F00F295803C
:1082200008A8FEF7EDFD03222046002303F033F9F2
:1082300040F243310746474AFDF721FC0FB11020B9
:1082400084E069460322204603F068F940F2453194
:108250000746404AFDF713FC002FF0D13E4968461F
:10826000FFF7C4FA4FF4527107463A4AFDF707FC8C
:10827000002FE4D16FF0060268464FF0FF3303F0A1
:108280000AF940F24A310746324AFDF7F8FB002F5F
:10829000D5D132496846FFF7A9FA40F24E31074678
:1082A0002C4AFDF7ECFB002FC9D12A46314668461F
:1082B00003F00DF94FF454710546264AFDF7DFFB34
:1082C000002DBCD126496846FFF790FA4FF455714E
:1082D0000546204AFDF7D3FB002DB0D104A90122A9
:1082E000684603F018F940F256310546194AFDF781
:1082F000C6FB002DA3D1FEF775FD08A9024604A810
:1083000003F0E5F840F259310546124AFDF7B7FB94
:10831000002D94D104A9684603F010F940F25B31B6
:1083200005460C4AFDF7ABFB002D88D12046694677
:1083300003F004F94FF458710446064AFDF79FFB19
:10834000002C7FF47CAF204600E021200DF2244D6C
:10835000F0BD00BFFCBD020072BD020051BE0200B4
:1083600055BE020030B50B78412B8DB005460C464A
:1083700026D0422B34D0012B3AD101F059FED5F84A
:108380000011284601F06EFE04A801F073FE04F10E
:10839000230004A9202210F077F848BB04A804F1B8
:1083A0001101D4F843206B46FFF756FD601C694667
:1083B000102210F069F8D0F1010038BF002018E059
:1083C00001F036FED5F80011284601F04BFE04A856
:1083D00001F050FE601C302104AAFEF702FE08E006
:1083E00042F21513044A0548D15C02F0A5FB00E0F7
:1083F00000200DB030BD00BF94BCFF1FA9DCFF1FE3
:10840000F0B50C46ADF2D44D0546134656A82246AB
:108410002946FEF78DF80446002840F024819DF897
:1084200013447CB1FEF78EFF4FF468710446904A06
:10843000FDF725FB0CBB8F4B5B78012B14BF35245C
:10844000332410E1569B03F00F030F2B40F0F6800E
:10845000884B5B78012B9DF8123404D1002B40F03F
:10846000F3803624FFE0002B40F0EE809DF80134CD
:10847000012B40F2E580002609E0E4B2F3E0FBA81E
:1084800008A9FDF75FFD1128074604D10136FF9BBF
:108490009E42F4D32DE04FF47171754AFDF7EFFA67
:1084A000002F40F0CF805FA808A9FFF75BFF98B1CD
:1084B0000DF121009DF812140122FEF7F1FE58B9CA
:1084C000FEF740FF40F2CD310446694AFDF7D7FA86
:1084D000002CD2D11924C6E0FBA802F0F9FE4FF41B
:1084E00075710746624AFDF7CAFA002FCED01024F4
:1084F000B9E004A90322284603F010F840F2DA316B
:1085000006465B4AFDF7BBFA002EF0D1012204A813
:10851000002302F0C0FF40F2DE310646544AFDF768
:10852000AEFA002EE3D1544904A8FFF75FF94FF4E7
:10853000787106464E4AFDF7A2FA002ED7D14FF4C5
:108540009B7302930DF2CC43009308A902AA5FA883
:10855000A8ABFFF7B7FC40F2E7310646444AFDF707
:108560008EFA8EB90299C1F59B73039308AB194437
:1085700003AA0DF58360FFF747F940F2EE31064696
:108580003B4AFDF77CFA0EB1F4B26CE0039B43B1B9
:108590009DF8402062F07F028DF84020029A13443B
:1085A0000293022204A8002302F075FF4FF47E71AB
:1085B00006462F4AFDF763FA002E98D108A9029AC1
:1085C00004A802F084FF40F2FA310646284AFDF77B
:1085D00056FA002E8BD101F0CDFD029E01F028FD50
:1085E000314608A801F03EFD202157A801F03AFDD0
:1085F00008A801F03FFD10AA08A8202101F0C8FD3D
:1086000020A910A8FFF76CFD20A9024604A8FFF7D7
:10861000FBFD40F202410646154AFDF730FA0EBB5B
:10862000284604A902F08AFF40F205410546104A97
:10863000FDF725FA002D7FF45AAF14E0142412E060
:108640002C2410E03C460EE057A90DF20240FFF743
:10865000F3F940F2B3310646054AFDF710FA002E51
:108660003FF404AF344620460DF2D44DF0BD00BFB8
:10867000FCBD0200ACDDFF1F59BE0200F0B591F851
:10868000415085B006460C4655B1151C18BF012552
:1086900035B191F8C230002B0CBF0322042200E058
:1086A00001226946304602F039FF40F24141074657
:1086B000424AFDF7E4F90FB110207DE04049022263
:1086C000684602F016FF40F2444107463B4AFDF778
:1086D000D6F9002FF0D1214694F84020684602F0E8
:1086E000F6FE40F247410746344AFDF7C8F9002F2D
:1086F000E2D16DB96946304602F020FF40F2624196
:1087000004462E4AFDF7BBF9002CD5D1204653E094
:1087100094F8C2306BB92B490422684602F0E9FE96
:1087200040F254410546254AFDF7A9F9002DC3D171
:108730001AE025490422684602F0DBFE40F24E4171
:1087400005461E4AFDF79BF9002DB5D104F1C20183
:108750006846FFF74BF84FF48A610546174AFDF764
:108760008EF9002DA8D1D6E704F141016846FFF744
:108770003DF840F257410546104AFDF780F9002DBB
:108780009AD112490B22684602F0B3FE40F25A41D8
:1087900005460A4AFDF773F9002D8DD104F18201D7
:1087A0006846FFF723F840F25D410446034AFDF7AF
:1087B00066F9002C80D19DE705B0F0BDFCBD02003C
:1087C0005EBD0200D29402006DBD020061BD0200D8
:1087D0002DE9F0479146ADF5167D0222984600231B
:1087E0000D46064602F057FE40F2215104464D4A1E
:1087F000FDF745F90CB110248FE04946424630465A
:1088000002F065FE40F223510446464AFDF737F96F
:10881000002CF0D12B78412B06D0422B06D142F20E
:108820001513414AD75C02E0302700E046276C1C54
:108830002046FEF71DFDC0F30740012839462046BB
:1088400004D101F053FD6FF0070A05E00022134642
:1088500001F0F8FC6FF0060A15AF204629463A46AB
:1088600002F026FA70B1314B1B780A33DBB2012BD0
:1088700013D82F4B1C6840F2012301349C4288BF5F
:1088800048240BE005AB8DE88804484641469E9A93
:108890004B46FFF78DFC044600E048240322304697
:1088A000002302F0F8FD40F2475180461D4AFDF7D3
:1088B000E6F8B8F1000F9ED122463946304602F064
:1088C00006FE40F249510446164AFDF7D8F8002C3E
:1088D00091D195F887300BB900241EE00422304670
:1088E000002302F0D8FD40F2515104460D4AFDF735
:1088F000C6F8002C7FF47FAF42F214030A4A05F158
:108900004701D25C3046FFF7B9FE40F254510446AD
:10891000044AFDF7B4F8002CDED020460DF5167D94
:10892000BDE8F087FCBD020094BCFF1FD5B9FF1F56
:10893000A0BAFF1F2DE9F0470025F8B004462F46E6
:10894000D4F84C319F425BD2D4F86C1140F28916B6
:108950007E4304F128003144FFF704FDD4F86C3164
:1089600098B998190130462102F0E6F808B10135AE
:1089700044E0D4F86C311E4486F8430086F8440085
:1089800086F8450086F8460038E09819444B0130D7
:1089900019780122FEF784FCD4F86C91014650B19D
:1089A0004E44002386F8433086F8443086F845303C
:1089B00086F8463022E03B4B0135B3F84AA0FEF77B
:1089C0000BF8D8B94E448046D04517DA09A940467D
:1089D000FEF7D2FC09A8711CFEF796FC58B106F10F
:1089E00047000DF16A014FF4A17201370FF05BFDF2
:1089F000C4F84C7104E008F10108E5E701379FE78E
:108A0000D4F84C61002E3DD101F012FB04F1280096
:108A1000D4F8281101F026FB01A801F02BFBFEF78A
:108A2000A6F9864218D2304609A9FEF7A7F9DDF863
:108A30006630013B033323D8194B09A8197800226B
:108A4000FEF72EFCE0B90DF1460001A920220FF03F
:108A50001BFDA8B9132D02DDC4F84C5112E040F201
:108A600089136B43D4F86C210121D154D4F86C01E3
:108A7000184408444FF4C47209A90FF014FD0135DD
:108A80000136CCE7D4F86C01D4F84C11064B40F217
:108A900089120FF00BFE284678B0BDE8F08700BFC2
:108AA000A8DCFF1FACDDFF1F657201002DE9F04758
:108AB00090461F46012200230C460646DDF8209012
:108AC00002F0E9FC40F21A5105460F4AFCF7D7FFC5
:108AD000ADB9611C22783046FEF71EFE40F21D51F2
:108AE0000546094AFCF7CBFF55B9CDF82090304632
:108AF000214642463B46BDE8F047FFF769BE1025D8
:108B00002846BDE8F08700BFFCBD0200F0B542F288
:108B10000803384CE15889B00746002966D042F274
:108B20000C02A3588B4261D240F2891505FB034524
:108B3000591C05F5A8752046A150FEF7B6FC05F1B5
:108B40002301204620220FF0AEFC95F887303846EE
:108B500004A90BB1042200E0032202F0DFFC40F282
:108B600075510646244AFCF78AFF0EB110243EE0F8
:108B700042F21403E35C2BB905F18800314641222F
:108B80000FF0ACFC08AA1B4C502342F8143D04F132
:108B9000780004F12501FEF737FE039B48B994F8ED
:108BA000202013B162F07F0201E002F07F0284F81E
:108BB0002020124A00922946A2F5987204A8253373
:108BC000FFF774FF4FF4B26104460B4AFCF757FFFE
:108BD0006CB904A9384602F0B1FC40F29351054645
:108BE000054AFCF74CFF002DC0D100E030242046A0
:108BF00009B0F0BD94BCFF1FFCBD0200C4BDFF1F47
:108C00007FB502226946054602F088FC40F29C517D
:108C10000446274AFCF733FF0CB1102046E001223E
:108C20006846002302F037FC40F29E510446204A79
:108C3000FCF725FF002CF0D11E4C6846B4F84A2002
:108C4000002302F028FC4FF4B4610646184AFCF7F2
:108C500016FF002EE1D102226846002302F01BFC21
:108C600040F2A2510646124AFCF709FF002ED4D169
:108C7000FEF77DF8B4F84A20821AD317684602F04E
:108C80000AFC40F2A5510446094AFCF7F8FE002C04
:108C9000C3D16946284602F051FC40F2A751044670
:108CA000034AFCF7ECFE002CB7D1204604B070BD9F
:108CB000FCBD0200ACDDFF1FF0B5F9B0154606465D
:108CC000084609A9FEF75AF8002DD4BF0222032254
:108CD00001A9304602F022FC40F2B3510446524A48
:108CE000FCF7CDFE002C40F08180032201A8002378
:108CF00002F0D1FB40F2B55104464B4AFCF7BFFEEF
:108D0000002C73D105A9022201A802F007FC40F251
:108D1000B9510446444AFCF7B2FE002C66D14349DF
:108D200005A8FEF763FD40F2BB5104463E4AFCF73E
:108D3000A6FE002C5AD19DF8DC21302A8ABF22469B
:108D40006BA93B4905A802F0D4FB40F2C45104468C
:108D5000354AFCF794FE002C48D1364905A8FEF7A9
:108D600045FD40F2C65107462F4AFCF788FE002F0A
:108D70003CD10DF1AB0105A8FEF738FD4FF4B96108
:108D80000746294AFCF77BFE87BB05A901A802F02C
:108D9000D5FB40F2CA510746234AFCF770FE2FBBB1
:108DA000042201A8002302F076FB40F2CD510746D1
:108DB0001D4AFCF764FECFB90DF14601202201A83F
:108DC00002F085FB204640F2CF51174AFCF757FED0
:108DD000002D1ADD052201A8002302F05CFB40F201
:108DE000D3510446104AFCF74AFE0CB1102019E09A
:108DF0002A4601A8EB1702F04EFB40F2D55104467B
:108E0000094AFCF73CFE002CF0D101A9304602F0E3
:108E100095FB4FF4BB610446034AFCF730FE002C7F
:108E2000E4D1204679B0F0BDFCBD02005EBD020079
:108E30007BB70200D29402002DE9F041F4B006465F
:108E4000084605A91546FDF799FF05A8FEF710FA93
:108E5000431E032B044605A828BF0124FEF708FA89
:108E6000C0F3074001280CBF6FF007076FF006073B
:108E7000002DD4BF0422052201A9304602F04EFB8A
:108E800040F2ED5180464F4AFCF7F9FDB8F1000F72
:108E900001D0102093E0062201A8002302F0FBFA83
:108EA0004FF4BE618046474AFCF7E9FDB8F1000F78
:108EB000EFD10DF15A01012201A8FFF7DFFB40F2CB
:108EC000F35180463F4AFCF7DAFDB8F1000FE0D1DC
:108ED000072201A8002302F0DEFA40F2F751804693
:108EE000384AFCF7CCFDB8F1000FD2D105A9012218
:108EF00001A8FEF711FC40F2FA518046314AFCF716
:108F0000BEFDB8F1000FC4D1082201A8002302F071
:108F1000C2FA40F2FE5180462A4AFCF7B0FDB8F191
:108F2000000FB6D101A805A901223B46FEF7C6FBFA
:108F3000002D0DDC0A2201A8002302F0ACFA40F259
:108F40000C6105461F4AFCF79AFD002DA1D11AE0DD
:108F5000092201A8002302F09EFA40F206610746AA
:108F6000184AFCF78CFD002F93D12A46EB1701A875
:108F700002F091FA4FF4C1610546124AFCF77FFDF9
:108F8000002D86D1D6E7224601A8002302F083FAFD
:108F900040F20E6104460B4AFCF771FD002C7FF491
:108FA00078AF01A9304602F0C9FA40F211610446D7
:108FB000044AFCF764FD002C7FF46BAF204674B0CC
:108FC000BDE8F081FCBD02002DE9F04FADF5157D47
:108FD000824609A8FDF782FB0446002840F0448140
:108FE0009DF888418CB1FEF7ADF940F22971044635
:108FF000A04AFCF744FD0CB1E4B235E19E4B5B782E
:10900000012B14BF352433242EE19DF887319BB109
:109010000AA90DF27710FEF70FFD40F22F710546F9
:10902000944AFCF72CFD002D40F0178142F2140306
:10903000924A0121D15403E042F214038F4AD454DE
:10904000539B002B00F00B819DF84830002B00F063
:10905000068109A8FFF76EFC0546002800F0018193
:1090600040F28919649B09FB00F94B446FF4C47109
:109070000B44012893F88730CCBF0422032203B1AC
:10908000013205A9504602F049FA4FF4EB61064659
:10909000784AFCF7F4FC0EB11024E5E0012D649849
:1090A000764E03DD42F21403F35C3BB90378422BA6
:1090B00004D08830002141220FF010FADDF890B181
:1090C00025230BF1010046219290039301F034FD1A
:1090D000074660B100F0ACFF13A8539900F0C2FF3F
:1090E000664800F0C7FF052386F8203047E09DF86A
:1090F0007601624ED0F1010038BF0020FDF7A0FDDF
:1091000093AB314603AA009313A83B46FEF7DAFE61
:1091100080463846FDF794FD404640F28571554A39
:10912000FCF7ADFCB8F1000F02D05FFA88F49BE0C9
:1091300042F2140306F12501F25C96F8203023F088
:10914000040343EA820386F8203004AA502366A869
:109150000493FEF759FB40F28E710746454AFCF72F
:109160008EFC0FB1FCB27FE0049B43B196F8202047
:1091700062F07F0286F82020039A134403930AAE1C
:1091800059463E4A009605A8039BFFF78FFC40F224
:1091900099710746374AFCF772FC002F63D1012D05
:1091A0000DDC05A9504602F0C9F940F2A47107464A
:1091B000304AFCF764FC002F7FF46EAF1CE0052200
:1091C00005A8002302F067F940F29E710746294A7C
:1091D000FCF755FC002F7FF45FAF2A4605A8EB177C
:1091E00002F059F94FF4F4610746224AFCF747FCB4
:1091F000002F7FF451AFD4E7649B6F1E03F2891EEA
:1092000017D0132F1ED80FCE1D4D0FC596E80F0097
:1092100085E80F006FF4C473714609EB030205F192
:1092200010000FF040F9A5F1C80066A9B82202F0BD
:10923000A7F9124B42F2080200259F5042F20C029D
:109240009D5000E017256EB2304640F2AA71094ADF
:10925000FCF715FC46B1ECB206E02C4604E0142401
:1092600002E02E2400E03C4620460DF5157DBDE8C9
:10927000F08F00BFFCBD0200ACDDFF1F94BCFF1FE0
:10928000C4BDFF1F10B50446002141F2040204F5DD
:1092900080540FF023F94FF48053238010BDFFFF5B
:1092A00010B500F059FF1148FDF794FC044600206A
:1092B000FDF732FC24B9FEF70FF90C48FDF79CFCD2
:1092C0000A4801F0BDF80A4800F0B8FE094810212C
:1092D000FDF742FD012802D001200FF08BF8FEF7C8
:1092E00045F8BDE81040FDF7A5BD00BFACDDFF1F90
:1092F000FADDFF1F80DEFF1F30B50B1F3B2B89B04F
:1093000005460C4602D901200FF074F800F090FEDB
:109310002146284600F0A6FE684600F0ABFE0D4C44
:1093200000F086FE6846102100F09CFE2022684670
:1093300000210FF0D3F8202104F1220000F092FE6A
:10934000A01C00F097FE012320466370FDF754FC3B
:1093500009B030BDACDDFF1F044B082283F8482064
:10936000034B03221A70FEF7A7BD00BFACDDFF1F41
:10937000C88CFF1F0248002142F218120FF0AEB84D
:1093800094BCFF1F08B5FEF7A7F80A48FDF734FCA8
:1093900009481021FDF7E0FC012802D001200FF060
:1093A00029F8FFF7E7FFFDF7E1FF0448BDE80840B3
:1093B00000F044BEACDDFF1F80DEFF1FFADDFF1FA3
:1093C00010B5084C0848002110220FF087F8A01CA7
:1093D000002120220FF082F82046BDE81040FDF762
:1093E0000BBC00BFACDDFF1F80DEFF1F10B50F4BB5
:1093F0000F4C1A7851B20029C4BF02F1FF321A7023
:1094000094F848305AB2002A0BDD013B84F848300A
:10941000FEF752FD94F94830002B04DCFFF7D0FF33
:1094200001E0FF2010BD002010BD00BFC88CFF1F51
:10943000ACDDFF1F03685A1E012A10B5014603D98F
:1094400023F00203042B17D1D1F8482301F5537000
:10945000013201F2AD11FDF737FF3328044608D180
:10946000FFF7C4FF064B93F90030002BD8BF34241C
:1094700003E0FFF771FF00E00024204610BD00BFAD
:10948000C88CFF1F2DE9F043ADF2245D07466FA89D
:10949000FCF73FFE0546002840F0E1806FA8FFF78B
:1094A000C9FF40F2B26104466F4AFCF7E8FA002CAB
:1094B00040F0D0806D4BB3F84A2098461AB96F9BA4
:1094C000012B40F0CC806F9B022B1FD1684B4FF0DB
:1094D000FF301860674B01221A70674B00261E7020
:1094E000FDF766FF654B18609946D9F80000634C9C
:1094F000002804DBFDF75CFF01362060F5E74FF044
:10950000FF30FDF755FF206000242FE0042B1CD115
:1095100070A90020FDF78FFF554B574A18600121B5
:10952000117000249946D9F80000514E002805DB3F
:109530000021FDF780FF01343060F4E7002070A9BE
:10954000FDF779FF3060002610E0052B4FF0000496
:109550000BD0032B09D0484B454A1C70454B1C705F
:109560004FF0FF331360454A136026466F9B013B63
:10957000052B71D8DFE803F0051212303003002408
:109580004EE03846FFF73CFB4FF4DD610446364AB7
:10959000FCF775FA002C62D0102560E0374C21688A
:1095A000002902DB334B1B782BB9324A002313709E
:1095B000314A137052E032463846FFF77DFB40F2E5
:1095C000F4610646284AFCF75AFA002EE4D12068D6
:1095D000FDF7EEFE206042E0254E31680029E4DB15
:1095E000254B1B78002BE0D022463846FFF724FCA1
:1095F00040F2027104461C4AFCF741FA002CCBD120
:1096000030682146FDF717FF306028E020466946A4
:10961000FDF7B4FBDDF84230013B033305D90134DB
:10962000FDF7A5FB8442F1D318E068460DF2E11185
:1096300046220EF029FF0028F1D1002C0EDB204637
:10964000FDF7A3FBB8F84A30013BA8F84A30FEF713
:1096500033FC04E0254602E0012500E02E252846E3
:109660000DF2245DBDE8F083FCBD0200ACDDFF1F00
:1096700090BCFF1FD0DEFF1FF1DEFF1F7CDEFF1F4F
:109680002DE9F04399B03F2905460C469946209EA6
:1096900040F390804B4F7B78012BB8460AD197F965
:1096A0004830002B40F38880474B93F90030002B63
:1096B00040F38480104645496A4600F06FFE00F092
:1096C000B7FC2021684600F0CDFC684600F0D2FCD3
:1096D000202168460DEB010200F0D2FC284621460D
:1096E00000F0C0FC1EB13046102100F0BBFC202170
:1096F0000DEB0102684600F0F3FC08A84946102271
:109700000EF0C2FE002851D1230701D00134FBE73F
:10971000284669462246F2F7BAF83F23EA5CC3F1CD
:109720003F072AB1C7F140073B1F3B2B40D803E05E
:10973000002BF7D0013BF1E798F80130214C012BC9
:109740002ED194F94830002B36DDDFF87C8098F973
:109750000030002B32DD102230466946F2F797F8D0
:1097600000F066FC3046102100F07CFC202104F162
:10977000220000F077FC10A800F07CFC10A8A11CCF
:1097800010220EF081FE48B1FDF7F0FDFFF72EFE2E
:1097900098F90030002B11DD312010E0FFF7DCFDDF
:1097A00028463946FFF7A8FD002008E0332006E0F0
:1097B000372004E07F2002E0322000E0342019B09E
:1097C000BDE8F083ACDDFF1FC88CFF1FD1DEFF1F9B
:1097D00030B591B0154604466A4608461F4900F068
:1097E000DDFD00F025FC2021684600F03BFC6846CA
:1097F00000F040FC102228466946F2F748F800F0D5
:1098000017FC2846102100F02DFC2021144800F000
:1098100029FC08A800F02EFC08A8124910220EF01E
:1098200033FE054658B1FDF7A1FDFFF7DFFD0E4BF6
:1098300093F90030002BCCBF312034200CE0FFF72F
:109840008BFD0A49102220460EF02DFE2046694667
:109850001022F2F70BF8284611B030BDD1DEFF1F01
:10986000CEDDFF1FAEDDFF1FC88CFF1F80DEFF1F98
:10987000F0B5EBB006460BA8FCF7DCFF0C9BDA1E3C
:10988000022A04460BD8954A92F94820002A40F350
:109890001781934A92F90020002A40F31381002C8B
:1098A00040F019810B9A012A40F00E81002B00F044
:1098B0000B81013B9DF8A651042B00F20581DFE8E6
:1098C00003F0031547658B0003A90122304601F020
:1098D00025FE40F68E010746824AFCF7D0F8002F9D
:1098E00040F08B8001238DF8A631B7E0013503A944
:1098F0002A46304601F012FE40F697010746794AA3
:10990000FCF7BDF8002F78D1012203A8002301F055
:10991000C2FD40F69A010746724AFCF7B0F8002FE4
:109920006BD17148714900F033FD704903A801F112
:1099300020026FF01803FDF7F7FD40F6A10107467E
:10994000684AFCF79CF8002F00F08880FCB2C2E067
:10995000624B5B78012B00F0B980649909B914243B
:10996000B9E09DF88D30002BF9D09DF87C30002BAC
:10997000F5D0002300930DF18E000DAA0DF17D03AB
:10998000FFF77EFE40F6B10107461FE0534B5B78C0
:10999000012B40F09D8064990029E0D09DF88D3026
:1099A000002BDCD09DF87C30002BD8D09DF8A43162
:1099B000002BD4D065AB00930DF18E000DAA0DF1F4
:1099C0007D03FFF75DFE40F6C1010746454AFCF7FF
:1099D00056F8002F42D07DE0404B5B78012B77D1C9
:1099E000013503A92A46304601F098FD40F6CA0128
:1099F00007463C4AFCF743F80FB110246BE09DF892
:109A00007C30002BABD09DF8A431002BA7D00222D4
:109A100003A8002301F03FFD40F6D3010746314A79
:109A2000FCF72DF8002FE8D10DA965AA07A8FFF7CC
:109A3000CFFE40F6D70107462A4AFCF720F8002F50
:109A400048D107A9102203A801F041FD40F6DA0130
:109A50000746244AFCF713F8002FCED19DF8A63113
:109A60000BB9EDB11FE0032203A8002301F013FDA1
:109A700040F6E80107461B4AFCF701F8002FBCD16D
:109A8000164B93F9482003A8D31701F004FD40F6C4
:109A9000EA010746134AFBF7F2FF002FADD1E0E7DA
:109AA0009DF8A631BBB103A9304601F047FD4FF444
:109AB0000F6105460B4AFBF7E2FF002D9DD10AE03E
:109AC000322408E0342406E07F2404E0302402E05D
:109AD000352400E03C4620466BB0F0BDACDDFF1FF6
:109AE000C88CFF1FFCBD0200D1DEFF1F90DEFF1FF0
:109AF0002DE9FF411446054610228846684600219C
:109B00000EF0ECFC04F580532E781A883E4F684620
:109B10002146002301F0B0FC0A2E06D003D8731EA4
:109B2000012B0CD801E0412E09D1384B93F9483074
:109B3000002B54DD364B93F90030002B51DD062EFF
:109B400005F1010108F1FF321FD010D8022E18D004
:109B500005D8012E47D16846FEF752FC38E0032EA7
:109B60000DD0042E3FD16846FDF76AFF30E0082E85
:109B700016D00ED30A2E28D0412E26D033E0002551
:109B800032E06846FFF720FA22E06846FFF770FEF1
:109B90001EE0FDF7D7FBC5B235BBFFF7F3FB23E0B3
:109BA00042F20403FB5C022B18BF30251CD168462F
:109BB000FEF7ACFF009B41F202021B1BA3520546BD
:109BC000002814BF082602260EE06846FFF75AFC5C
:109BD000009B41F202021B1B0546A35204E0322502
:109BE00002E0342500E001250020FCF795FF42F259
:109BF0000403FE541DB141F202030022E252284642
:109C000004B0BDE8F08100BF94BCFF1FACDDFF1FB6
:109C1000C88CFF1F38B5184B1B78022B2BD0174C64
:109C20002378242B24D0164D296869B189B200F01D
:109C300095FF144B2988186800F09EFFEDF74CFC47
:109C4000F7232370002014E00F4B1B7813B90F4B40
:109C50001B6843B10B4B002118684FF480620EF073
:109C60003DFC232005E00120EEF720F82A2000E04B
:109C7000184600B238BD38BD30BBFF1FD5B9FF1F35
:109C8000A0BAFF1FA88CFF1F00BAFF1F50BAFF1F0A
:109C90002DE9F04FADF5297DA2F10A0591F800807C
:109CA0004E78CC78019383468B7800930A3128A8AC
:109CB0002A4601F065FC584628A9FCF78DFE0028CD
:109CC00000F0A881B74B0422B8F1E40F1A6099465E
:109CD00040F0F380B44B93F800A0BAF1000F40F0CD
:109CE000EC80B24B28A8C3F800A0F1F713FE412284
:109CF0005146AF480EF0F2FBAE49AD48FBF7D0FB42
:109D0000AD48F1F7D5FDAD4B00F1140250F8041B3E
:109D100043F8041B9042F9D102781A70A449012338
:109D2000412268A8C9F8003001F02AFCA04A0DF1D0
:109D3000A9030DF1C90153F8040B42F8040B8B423F
:109D4000F9D19F4B9A489F499DF8CA504FF001089E
:109D500083F80080EAF7F4F98346002840F0AB80EE
:109D60000CA8E7F709FE20220CA89649E7F72EFE7B
:109D70000CA89449E7F74BFE934BF6221A709946CC
:109D8000002E00F09180002C03A859464FF02102CC
:109D900018BF02240EF0A2FBF31E434502D88DF833
:109DA0000C8007E0894B03211878EAF7D1FD0028E1
:109DB00000F030810DF1CB030DF10D020DF1EB0838
:109DC00053F8041B42F8041B4345F9D1009ADFF80D
:109DD000E0B1531C5FFA83FA5846002141220EF08D
:109DE0007DFBBAF1010F02D0BAF1040F06D10420B5
:109DF00003A98022EAF78AFF202714E0BAF1020FB4
:109E000002D0BAF1030F0ED1504603A98022EAF71F
:109E10007DFF0BF10100594640220EF044FB042364
:109E20008BF8003041270DF2D51061493A4601F018
:109E3000A7FB022E01D0042E2CD1572D06D1644B46
:109E4000DA78572A02D10022DA70DDE0042E13D12D
:109E50000220FCF761FE44F63820FCF713FF0128CE
:109E60001EDC00281EDB03D189F800003A20D4E074
:109E7000572D04BF564BDD7068AB07F1350119440F
:109E80004046EAF75DF90346A8B968A807F155010D
:109E900022460DE068A807F135012246002307E0BD
:109EA0002120BAE02D20B8E068A8352122463346AB
:109EB000EDF72CFBA8E02720AFE0584628A9FCF7D7
:109EC0008BFD012840F3A08028A829460122EBF74A
:109ED00067FEB8F1F30F344B0FD11B780122C9F89C
:109EE0000020002B40F090803A4B1B68002B40F084
:109EF0008B803948EDF722FD86E01878002840F085
:109F00008380334AD378934613B9D47028AF3EE0A8
:109F10009C42FBD881E03148DFF8C0A000214022FC
:109F20000EF0DCFA382D35DD3A460AF1070107F16B
:109F3000380052F804EB41F804EB8242F9D1127870
:109F40000A70DFF898C004226046FF210EF0C6FABE
:109F5000009B8AF80480FF228AF805608AF80620B0
:109F600013B1392DD8BF8571B8F1F00F3AD11C4B20
:109F70001A488BF8034080221A700C4B00221A609A
:109F80000123C9F80030EBF739F9393D3937002D95
:109F9000C1DC39E00AF1070039462A4601F0F0FA3F
:109FA000CFE700BFD8B9FF1F00BAFF1F4CBAFF1F91
:109FB0007895FF1FAC92FF1F749002009895FF1FC9
:109FC000FC91FF1FF2DEFF1FD5B9FF1F9CBAFF1FD8
:109FD000999BFF1FA0BAFF1F889002000CBAFF1FB9
:109FE000D6B9FF1FB8F1ED0FCFD10E4B0E488BF84D
:109FF0000340D5221A700D4B00221A600123C9F8C4
:10A000000030EAF7E7FFC0E70198FFF703FE40B230
:10A0100080B202E0EDF760FA182000B20DF5297D5C
:10A02000BDE8F08FD6B9FF1F0CBAFF1F4CBAFF1F57
:10A030000148E7F7A1BC00BFC0DFFF1F10B5044611
:10A040002146402205480EF02EFA04F14001044852
:10A050002022BDE810400EF026BA00BF12DFFF1F1D
:10A0600072DFFF1F03460A4601481946E7F7AEBCF8
:10A07000C0DFFF1F01460148E7F7C9BCC0DFFF1F73
:10A0800030B591B004460D466846002140220EF0DE
:10A0900025FA34B1012C1DD0402D04D901200EF039
:10A0A000A9F90D4C2025214668462A4601F068FA98
:10A0B00000241DF8043083F036030DF80430013419
:10A0C000402CF6D1FFF7B4FF68462146FFF7CAFFE0
:10A0D00011B030BD014CE5E712DFFF1F72DFFF1F3B
:10A0E00070B5044690B010460E461546FFF7C2FF05
:10A0F0006846002140220EF0F1F934B1022C24D040
:10A10000402E04D901200EF075F9114C202621466D
:10A110006846324601F034FA00241DF8043083F01A
:10A120005C030DF804300134402CF6D1FFF780FFBA
:10A1300068462146FFF796FF28462021FFF792FF49
:10A140002846FFF797FF10B070BD024CDEE700BF56
:10A1500012DFFF1F72DFFF1F08B50448F6F7C4FDCA
:10A16000F6F7C8FD024B186008BD00BF596D01002D
:10A17000B8DFFF1F034B044A1A60044B20221A6009
:10A18000704700BF30E0FF1FCC8CFF1F94DFFF1F24
:10A1900070B5C4B006460D4614460021882222A898
:10A1A0000EF09CF90E4B22930E4B23930E4B2493EF
:10A1B000402325932023269302AB27930B4B009437
:10A1C0001B6801930A4B314618682A4622ABF6F702
:10A1D000DCFE10B901200EF00DF944B070BD00BFD7
:10A1E000C5690100CB690100D1690100B8DFFF1F1B
:10A1F00030E0FF1F2DE9F041069C074600200E4687
:10A200001546014622469846FFF73AFF3846314642
:10A21000FFF728FF28460A4D4146FFF723FF28464F
:10A220002021FFF71FFF002001462246FFF758FFBD
:10A23000204605F120012022BDE8F041F1F716BBD0
:10A2400012DFFF1F13B5054C0094FFF7D3FF044B3B
:10A250001C60044B20221A6002B010BD52DFFF1FA9
:10A2600030E0FF1F94DFFF1FF0B59BB0164602AC35
:10A2700000221F4600941346FFF7BCFF0021402236
:10A280000AA80EF02BF9104B20461A680AA9F6F717
:10A290003CFE0AAD324612AE2C4603CCB4421060EE
:10A2A0005160254602F10802F6D134463B461AAD0C
:10A2B000224603CAAA4218605960144603F10803F3
:10A2C000F6D11BB0F0BD00BFB8DFFF1F30B58BB0BB
:10A2D000154602AC002213460094FFF78BFF284678
:10A2E0002146F4F7EDFD0BB030BDFFFF13B50022A2
:10A2F000054C00941346FFF77DFF044B1C60044B94
:10A3000020221A6002B010BD98DFFF1F30E0FF1F4F
:10A3100094DFFF1F2DE9F04F95B002AFB1F5007F3C
:10A3200086460C4693461E46D7F87090E84602D8FB
:10A33000B3F5007F05D94846002140220EF0CEF843
:10A340001FE001EB030A0AF1070323F00703ADEB5B
:10A35000030D02AD71462246284601F011F9281975
:10A360000A4C3246594601F00BF9381D2168F4F7C2
:10A37000A7FDCDF800A0484621683A1D2B46F4F70A
:10A380001BFD4C37C546BD46BDE8F08F30E0FF1FD2
:10A39000014B1A68F6F7B9BDB8DFFF1F08B5054BCA
:10A3A0001B68F6F7EBFC012802D001200EF022F822
:10A3B00008BD00BFB8DFFF1F70B591F8CE30FF2B8E
:10A3C00088B005460C4601D0002029E001F12206A4
:10A3D00030462021FCF7C0FC0128F5D16B78D3B1C1
:10A3E000FFF726FE696CA81CFFF73CFE6846FFF7E6
:10A3F00041FEFFF71DFE68461021FFF733FE0021E6
:10A40000202268460EF06AF830462021FFF72AFE27
:10A41000A01CFFF72FFEFF230120636484F8CE0009
:10A4200008B070BD10B5044621460448D0220EF095
:10A430003AF82046BDE81040FCF7DEBBACDDFF1F5C
:10A4400010B50378E8B00446DBB134A8FCF7C2FBD2
:10A450006846FCF7BFFB94F8CE30FF2B07D134A839
:10A460006946FFF7A9FF10B16846FFF7DBFF00213F
:10A47000D02268460EF032F834A80021D0220EF027
:10A480002DF868B010BDFFFF10B500230A4A18214F
:10A4900001FB03210C7C4CB901230B74074B0860B2
:10A4A0001A680023C1E90223204603E00133092B87
:10A4B000ECD1FF2040B210BD50E0FF1FCCE2FF1FE7
:10A4C00010B5002318210A4C59430A59824209D178
:10A4D000084B1A6821440023C1E9022301230B74AD
:10A4E000002003E00133092BECD1FF2040B210BD66
:10A4F00050E0FF1FCCE2FF1F10B5002318220749D0
:10A500005A435458844203D10A440020107403E093
:10A510000133092BF2D1FF2040B210BD50E0FF1FE4
:10A52000044A00231380044A1360044A1360044A57
:10A530001360704744E0FF1F40E0FF1F9CE1FF1FD6
:10A5400098E1FF1F044B188828B1044B1B68834215
:10A5500014BF01200220704744E0FF1F40E0FF1FAE
:10A56000F8B5044617460E4609B1002536E0C36823
:10A570007BB903696BB9211D042215300DF093FFDF
:10A580002378E26863762389E376190A0732A17695
:10A59000E260E268002A3EDDA01815300021C2F119
:10A5A00040020DF09BFF04F11500BDE8F840FCF7F8
:10A5B000FBBAE368ABB1E1684B1CE3602144725D18
:10A5C0004A752269402B02F10102226105D104F192
:10A5D0001500FCF7E9FA0023E3600135BD42E8DB32
:10A5E00019E0042204F11500211D0DF05CFFE36861
:10A5F0001A1DE26022693AB9227862762289E276EF
:10A60000110AA176073304E0217D61764A1C227588
:10A610000533E360CFE7F8BD10B598B004468DF878
:10A62000071002A8002158220DF058FFBF23012275
:10A6300002A80DF107018DF80830ADF81020039441
:10A64000FFF78EFF002102A80A46FFF789FF18B026
:10A6500010BDFFFF024B00221A60FFF761BF00BF71
:10A66000A0E1FF1F38B5134C04F1F005237AEBB1DC
:10A67000114BD4E900011A680023121A63EB01039D
:10A6800040F2ED200021994208BF90420ED254F8CA
:10A69000080C0521FFF7C0FF084A00232372126847
:10A6A00054F8083C934201D1FFF73AFF1834AC420A
:10A6B000DCD138BD58E0FF1FCCE2FF1F98E1FF1F3F
:10A6C00000B599B000218DF80700582202A80DF0BE
:10A6D00005FF0B4B1B6803930122BB2302A80DF15E
:10A6E00007018DF80830ADF81020FFF739FF002181
:10A6F00002A80A46FFF734FF19B05DF804FB00BF5B
:10A7000098E1FF1F38B514460846FEF7BBFD2378D5
:10A71000E02B0FD0E12B27D1144904222281002500
:10A7200020460A704D708D70CD70FFF719FF2046DE
:10A73000294614E00D4B1B7803B939232381228964
:10A740000A4800210DF0CAFE21890848FCF704FBE5
:10A75000204606492289FFF703FF204600210A46CA
:10A76000FFF7FEFE012038BD002038BD1C9CFF1FF6
:10A770002DE9F04702790568ADF5805D862A86B03F
:10A7800006465FD14279837943EA0223082B03D03E
:10A7900003260024374699E0002D7ED0FFF75AFFAC
:10A7A0003468601C0ED1A14B1F680137791E03313C
:10A7B00007F1010201D91746F8E738461F60FFF795
:10A7C00063FE0FE000239A4A9A58A24206D018333B
:10A7D000D82BF8D12046FFF757FE02E02046FFF7BE
:10A7E0006FFE274601305AD005A8002158220DF0EF
:10A7F00075FE4FF011088623F11D68460822069465
:10A800008DF81430ADF81C800DF04DFE02230024AD
:10A810008DF80C3005A80523694642468DF81030A6
:10A8200002978DF80D408DF80E408DF80F40FFF720
:10A8300097FE05A821462246FFF792FE3846FFF70D
:10A840005BFE41E0691C2CD0002379495858A8428E
:10A850000C460AD01833D82BF7D1130605D5FFF7CD
:10A8600071FE10B92846FFF70FFE37680023E25843
:10A87000BA4203D01833D82BF9D107E0FFF762FEB4
:10A88000012819D16B4B1B689F4210D096F90430F8
:10A89000002B4FF0000417DA06E02C4602E00024FB
:10A8A00002E000240B2600E0062603270EE096F9BE
:10A8B0000430002BC0F2E88033791A0600F1E780FB
:10A8C000002840F0D280044626460427DFF8708135
:10A8D0000021404658220DF001FE042FC8F8045014
:10A8E00088F8006077D0032F09D12846FFF704FECF
:10A8F000042E01D1FFF714FE2846314669E0012FEE
:10A9000006D14D4B4D491A680023C1E9002362E08E
:10A91000A6F18103102B7FD8DFE803F00C7E527E76
:10A920007E097E147E7E7E7E7E7E7E1C84000120DB
:10A930000DF060FD42484349A8F808402246FFF761
:10A940000FFE01E0FCF73CF900213D480A46FFF705
:10A9500007FE7FE0002C34D0DFF8EC9099F800700F
:10A96000002F34D14FF0010A05A889F800A0FEF7A6
:10A9700089FC214605AA3348FFF7BAF80DF5805245
:10A980001632138800905344A8F808302C48C8F8B1
:10A99000045090236946524688F80030FFF7E0FDE6
:10A9A0000DF58053163326481A8805A9FFF7D8FD00
:10A9B000234839463A46FFF7D3FD89F8007049E04D
:10A9C00014B92846032104E01F4F3C782CB12846D7
:10A9D0000621FFF721FE00209AE0012305A80DF1D2
:10A9E00018093B70FEF74EFC164805A9FCF72CFC35
:10A9F000B9F8FE2F1248A8F80820832305A988F883
:10AA00000030C8F80450FFF7ABFD0D482146224640
:10AA1000FFF7A6FD3C701DE0204605A9084AFFF798
:10AA200071FE98B1084B00221A7013E0F08CFF1FE2
:10AA300050E0FF1F98E1FF1FCCE2FF1F38E0FF1F2F
:10AA400040E1FF1F1C9CFF1F34E0FF1F284601212F
:10AA5000FFF7E2FD2846FFF74FFDFFF761FD2F4BA3
:10AA60001B78002BB7D1304652E02D4A126897422E
:10AA70003ED12C4A2C49B2F800800A682B4F013293
:10AA80009A423C680A6020D0002404260DE77179C0
:10AA9000B27942EA012241F6B9518A423FF778AED3
:10AAA0002049234892B20A8022490B601C4B382A65
:10AAB0001F601E4B88BF39221A601B4B4FF0FF31BD
:10AAC0001960F11D0DF0EFFC14E0C4EB080218480A
:10AAD0003B2A06F10501204404DC0DF0E4FCC7F834
:10AAE000008007E03B223B340DF0DDFC3C6001E0E0
:10AAF0000024E9E63068FFF7E3FC00287FF417AF95
:10AB0000084B1C880B4B1E78FFF71CFD0746DDE643
:10AB10000DF5805D06B0BDE8F08700BF34E0FF1F93
:10AB200098E1FF1F44E0FF1F9CE1FF1F40E0FF1F73
:10AB30001C9CFF1F48E0FF1F172908B509DD0649C7
:10AB4000042204300DF0A0FCD0F1010038BF002039
:10AB500008BD002008BD00BF12C40200034B1860EE
:10AB6000034B00221A80034B19807047A8E1FF1F96
:10AB7000A4E1FF1FA6E1FF1F38B50A4C2388024657
:10AB80000D46581808490988884209DC07490868B1
:10AB9000114618442A460DF086FC23881D44258062
:10ABA00038BD00BFA4E1FF1FA6E1FF1FA8E1FF1F02
:10ABB0002DE9F0471D46ADF5047D01238DF80730E2
:10ABC0002B78103B0024012B0F4616468DF80640CB
:10ABD0001BD82046FCF720F882462046FCF71CF8DC
:10ABE00081462046FCF718F880462046FCF714F80A
:10ABF0004FEA0A6A4AEA106009F47F4940EA092AE2
:10AC000008F47F084AEA182301E04FF0206301218D
:10AC10000DF107000293FCF735F9042102A8FCF7B7
:10AC200031F901210DF10600FCF72CF933463846C5
:10AC300003A92A46FAF79CFE1B4B8DF806001C88D8
:10AC400040F20123601C98420CD83E2C06DD03AB79
:10AC500018440021C4F500720DF040FC03A8214601
:10AC6000FCF710F99DF90630C3B1FCF729F9012171
:10AC70000DF10700FCF706F9042102A8FCF702F920
:10AC8000002103A840F201220DF028FC9DF80630B7
:10AC90008DF80C3003A84821FCF7F4F803480DF5B3
:10ACA000047DBDE8F08700BFA6E1FF1F0090FFFF15
:10ACB00038B50B780F49422B0546144600F10400C5
:10ACC0004FF0040209D10DF0DFFB88B942F21513F1
:10ACD000094D0A4AEB5C611C05E00DF0D5FB38B963
:10ACE000611C2A464623FAF743FE2070012038BD36
:10ACF000002038BD12C4020094BCFF1FA9DCFF1F56
:10AD000070B54378022B0D461DD1837891F84060D1
:10AD100001F14104072B2046314608D1FFF70CFF13
:10AD2000002846F6851008BF4FF4D54070BDFFF7E8
:10AD300003FF78B1284605F1200132462346BDE8DD
:10AD40007040FFF735BF032B07D14AB9BDE870400B
:10AD5000FCF770B94FF4D54070BD4FF4DA4070BDC8
:10AD60004FF4CE4070BD00F0DF00402803D08038A3
:10AD700018BF01207047002070470120704782B043
:10AD80000388ADF80630BDF8060040BA80B202B0C4
:10AD9000704700F0F5BBFF230168426870B583730C
:10ADA0000B689A42044602D140F2011070BD13783C
:10ADB00003F0E00503F01F0385731B2B4FF0000029
:10ADC000E073A38117D91F2B07D040F2051340F27F
:10ADD0000310E02D18BF184670BD2846FFF7C3FFCB
:10ADE00010B90423E37370BDE02D40F2051008BFD5
:10ADF0004FF4817070BD172B04D9A3F11800012600
:10AE000006FA00F009680130891A8842CCD86D0929
:10AE1000012D04D10221E1730021A1731DE0072D52
:10AE20001BD1143B072B2AD8DFE803F0040B0B0BD4
:10AE30000E0B0909F5230020A373A08170BD012327
:10AE4000E3731378A3731AE05378A3811F2B16D8EA
:10AE5000FF23A3734FF4837070BD172B0FD9182BEA
:10AE600002D15378A3810AE0192B04D1501CFFF7BB
:10AE700086FFA08103E0E37B43F00103E37300203E
:10AE800070BD8268531C07D190E80A0009688B42A4
:10AE900002D01978FF2901D0FFF77DBF013343604D
:10AEA0000023827383601846704783685A1C05D05C
:10AEB000827BC02A02D0013B83600BB1FFF7E1BF68
:10AEC000FF2282731846704708B50DF0DDFAD0F105
:10AED000010038BF002008BD2DE9F3411646026885
:10AEE0001346074613F8010B3B6000F01F001728BC
:10AEF00004D8C0B20021C6E900012DE01B282DD8DE
:10AF000018384FF0010808FA00F8C91A884528D8FF
:10AF1000B8F1010F01D1547811E0B8F1020F07D157
:10AF20001846FFF72CFF002180B2C6E9000110E0AF
:10AF3000B8F1040F05D118680090009C24BA0025D0
:10AF400005E0186859686A4603C20CBA05BAC6E932
:10AF500000453B6843443B60002004E040F205109C
:10AF600001E040F2011002B0BDE8F08113B50368C2
:10AF70000446196804306A46FFF7AEFFA37B03F06E
:10AF8000DF03402B04D1DDE9002361680A446260DD
:10AF90002046FFF78AFF02B010BD2DE9F04390462E
:10AFA000C27B12F0020F894685B0034602F004010D
:10AFB00001D039B913E029B1416842F002020131F0
:10AFC0004160C27393E8060009688A4202D140F2E8
:10AFD00001103EE01078FF280AD101325A600022A9
:10AFE000C9F800201846C8F80020FFF75EFF30E0DF
:10AFF0009A7B00F0E000824218BF4FF4827028D1A3
:10B00000181D02AA0193FFF767FF019B18B10023E7
:10B01000C8F800301DE0DDE9024500272646BD42A4
:10B0200008BFB442C8F8004002D04FF4806010E07E
:10B030001C6859682468D8F80020641AA242C6D84F
:10B04000C9F8001059680A445A60DA7B42F00202DB
:10B05000DA7305B0BDE8F0832DE9F04786B0894684
:10B060000E9DDDF83C8017461E4605B902AD0FC89F
:10B0700085E80F000123337000242846694601AAA1
:10B08000FFF78BFF58BB0099B9B1019A14EB020A84
:10B0900010D2337853B13B68534507D309EB040012
:10B0A000C047003018BF0120307001E0002333702A
:10B0B0005446E2E74FF4806011E033786BB13B68AF
:10B0C000A3420AD98DF8041009EB040001A901225A
:10B0D000C047003018BF012030703C60002006B02F
:10B0E000BDE8F087436813F8012BD20782B005D47E
:10B0F000186800900098002100BA06E059681868A6
:10B100006A4603C2009B08BA19BA02B070472DE91B
:10B11000F0410646884617461846002108221D467B
:10B12000069C0DF0DBF906EB080385E88800012397
:10B1300084E86000A3602046BDE8F041FFF72BBE25
:10B14000836800B51BB15DF804EBFFF70FBF032068
:10B150005DF804FB10B50446A37BC02B05D1204647
:10B16000FFF7EEFF0028F7D000E0002010BDF7B594
:10B1700007460E460FC886E80F00FB7B5B0705D528
:10B180004FF0FF330131B360716026E003466A4639
:10B190001968301DFFF7A0FEDDE9004500232246B7
:10B1A000AB4208BFA242B46004D1002B08BFB2F189
:10B1B000FF3F04D17B6873604FF4806010E0B17B87
:10B1C000A02903D1002CF5DB6100B16052EA030134
:10B1D00003D1FF23B373002002E03046FFF751FE96
:10B1E00003B0F0BD4B684360FFF75FBE70B5C37B33
:10B1F000DB0704460D4602D5FFF774FF01E08089A6
:10B200000021E47B04F002046FF0004200233CB113
:10B210008B4208BF824207D3C0432860002070BD24
:10B220008B4208BF8242F8D24FF4806070BDFFFFAE
:10B2300030B50B4C0B4D85B0002908BF2C468DE86E
:10B2400018000DF10F03FFF707FF30B99DF80F301D
:10B25000002B0CBF4FF00040002005B030BD00BFF8
:10B2600093AD01007BAD01007FB5867B044630467F
:10B270000D46FFF778FD18B12046FFF777FE25E071
:10B2800006F0DF01B1F180035942594151B904AAD6
:10B290004FF0FF3342F8103D20466A462346FFF741
:10B2A000C7FF13E085B120466946FFF760FF68B924
:10B2B000029B23B16846691EFFF7D6FFF7E72046D9
:10B2C0006946FFF78FFF01E040F2014004B070BD16
:10B2D00083681BB14FF48061FFF7C6BF032070473E
:10B2E0004FF0FF330B600A4600210B46FFF7A0BF6B
:10B2F000F0B5074685B008460D4614460DF05DFBD7
:10B30000214606463846FFF732FF60BBA36833B3D9
:10B310002046FFF71FFF30BBA37B602B13D104AA8D
:10B32000134B42F8046D20460193009429460DF119
:10B330000B03FFF791FEB0B99DF80B303BB12046EF
:10B34000FFF729FD11E02046FFF7C2FF58B920465C
:10B35000FFF700FF38B92046FFF7BAFFD5E7FF2215
:10B36000A273184601E0FF23A37305B0F0BD00BF30
:10B37000C9AE010070B5044609C81E1AB61A002EDF
:10B3800015460BDA23B1C01A00230544636023601D
:10B3900023681D4425604FF0004070BD00F0F0F8B8
:10B3A00023681D442560002070BD7FB5002B08BFB9
:10B3B000182A1CBA15BA9DF82060CDE902450DF196
:10B3C0000F0105D29DF80F301E448DF80F6015E077
:10B3D000002B08BFB2F5807F16D3002B08BFB2F553
:10B3E000803F13D3012B08BF002A2CBF0323022365
:10B3F00001229A40891A183633440B7004AB5A1A4A
:10B40000FFF7B8FF04B070BD0023F1E70123EFE7B9
:10B4100010B581689DF8084009B101398160029436
:10B42000BDE81040FFF7C1BF1FB5044608462168BC
:10B43000016061684160A16809B10139A16003F050
:10B440002001541CC9B2B2F1FF3F8460C1600AD12F
:10B4500041F00401C16004A91F3301F8013D01223C
:10B46000FFF788FF06E009B11444846000930023CD
:10B47000FFF79BFF04B010BD0A4442600222016046
:10B480008260C360704707B500210091FFF7C0FFDD
:10B4900003B05DF804FB37B5DC1704F02001009120
:10B4A00062406340FFF7B4FF03B030BDA1F1190360
:10B4B000062B07B506D9E0230093CAB20023FFF795
:10B4C000A7FF01E04FF4837003B05DF804FB73B590
:10B4D0004023144600932246002305460E46FFF7FC
:10B4E00097FF28463146224602B0BDE87040FFF77C
:10B4F00041BF73B5602314460093224600230546DE
:10B500000E46FFF785FF28463146224602B0BDE8C9
:10B510007040FFF72FBF8023FFF786BF064B10B5A3
:10B5200002F100449C4204D9A023BDE81040FFF77B
:10B530007BBF4FF4806010BDFEFFFF7F07B50B6837
:10B540000360CA684B684360520707D502A9FF230E
:10B5500001F8013D0122FFF70DFF0EE08A68012A84
:10B5600006D0002A40F2013008BF4FF4407004E0DA
:10B57000002B14BF00204FF0004003B05DF804FB27
:10B58000844641EA000313F003036DD1403A41D3EE
:10B5900051F8043B40F8043B51F8043B40F8043BAD
:10B5A00051F8043B40F8043B51F8043B40F8043B9D
:10B5B00051F8043B40F8043B51F8043B40F8043B8D
:10B5C00051F8043B40F8043B51F8043B40F8043B7D
:10B5D00051F8043B40F8043B51F8043B40F8043B6D
:10B5E00051F8043B40F8043B51F8043B40F8043B5D
:10B5F00051F8043B40F8043B51F8043B40F8043B4D
:10B6000051F8043B40F8043B51F8043B40F8043B3C
:10B61000403ABDD2303211D351F8043B40F8043BDC
:10B6200051F8043B40F8043B51F8043B40F8043B1C
:10B6300051F8043B40F8043B103AEDD20C3205D3EC
:10B6400051F8043B40F8043B043AF9D2043208D0E4
:10B65000D2071CBF11F8013B00F8013B01D30B8856
:10B6600003806046704700BF082A13D38B078DD034
:10B6700010F003038AD0C3F10403D21ADB071CBF06
:10B6800011F8013B00F8013B80D331F8023B20F870
:10B69000023B7BE7043AD9D3013A11F8013B00F8A9
:10B6A000013BF9D20B7803704B7843708B78837031
:10B6B00060467047F0B50C4B0C4C1A7842F002050E
:10B6C00004EBC50682F00102706009481A70067822
:10B6D000002E0CBF8827C82786F0010647EA0141E3
:10B6E000067044F83510F0BD30E2FF1F0080FF1FE8
:10B6F000C9E2FF1F2DE9F0413E4C04F1E00625466A
:10B70000236A1B0603D5606A08380AF073FC083404
:10B71000B442F5D100242646374FE05928B1D0F87D
:10B7200004800AF067FC4046F8E73851334B344F49
:10B73000E050E05928B1D0F804800AF05BFC4046A4
:10B74000F8E7304B3851E0502F4B23F816002F4BC1
:10B75000F25C023A032A07D8DFE802F0020402048E
:10B76000002200E001229A550136072E04F104045C
:10B77000D2D1274F00233B700124264A264B224476
:10B78000234412F8012C9B0012F0080F1A704FEAA4
:10B79000840621D00AF010FC38B105EB44130830C0
:10B7A00058601E4B45F8363004E03B7845F83600CB
:10B7B00001333B700AF000FC46F0010338B105EBA1
:10B7C000C30208305060164A45F8332004E045F8BB
:10B7D00033003B7801333B7046F00202013446F0FF
:10B7E00003060023082C45F8323045F83630C4D122
:10B7F000BDE8F0810080FF1F14E2FF1FB0E1FF1FD2
:10B8000074E2FF1F94E2FF1FC0E6FF1FCCE1FF1FA1
:10B81000BFE2FF1F17C4020030C8011088004000BB
:10B82000C8004000431E062B10B510D872B6094A56
:10B8300052F8230048B1416842F82310064A0188B3
:10B8400032F81340611A22F8131062B610BD0020BE
:10B8500010BD00BF14E2FF1FC0E6FF1F013806281D
:10B860000AD872B6054B53F82030002013B10130CE
:10B870005B68FBE762B670470020704774E2FF1F09
:10B8800010B572B60123174A1A4412F8012C120798
:10B890001CD59900144A52F831402CB902EB4313DD
:10B8A00008305860114B09E041F0010152F8314075
:10B8B00064B902EBC103083058600D4B42F83130D7
:10B8C0000C4B1A78013A1A7062B610BD0133082B7E
:10B8D000D9D162B6074B00221A70BDE810400AF0B9
:10B8E00089BB00BF17C402000080FF1F8800400012
:10B8F000C8004000BFE2FF1F431E062B30B532D800
:10B90000194A400140F01000104472B6174CE25C36
:10B91000032A09D8DFE802F01602180508300222CF
:10B9200013E00830042210E01148124A50F8234076
:10B9300014B940F8231002E052F82300416042F8A5
:10B9400023100FE0032200E00522E25410F0080F5C
:10B9500001F108030A8843600CBF8823C82343EA27
:10B960000243036062B630BD0080FF1FCCE1FF1FC1
:10B9700074E2FF1F94E2FF1F2DE9F047AB4E3478CD
:10B98000E4B214F0040F354619D0A94B1B78A3B1CB
:10B99000A84A117801F0FF0321B1013BDBB213701B
:10B9A00003B900BEA44A117801F0FF0329B1013B9D
:10B9B000DBB213700BB90AF077FA0423337004F08A
:10B9C000080303F0FF02002B00F094839B4B9C4C78
:10B9D0001A78D2B215094FEA920740F0108354F852
:10B9E000372004EBC703C2F38302013A5B680C2AD9
:10B9F00000F20283DFE812F058028C020003000319
:10BA00000003000300030003DC0200030003000343
:10BA10000D001A688B4D5B682A6012066B6013D4A8
:10BA2000EB888BB1884B87F0010707F001071F7087
:10BA3000864B44F8373087F00107403B44F83730F5
:10BA4000834B01221A7002E0804B44F83730814A60
:10BA5000814F7C49012010702A8840F2816C0023BC
:10BA600062453B602361A3611ED8B2F5D06F80F0C0
:10BA70003081B2F5817F00F0098106D8802A00F07C
:10BA8000C180822A00F0C280DDE140F202308242B1
:10BA900000F00D81B2F5A06F00F0D98140F2A11144
:10BAA0008A4200F03A81CEE140F6211C624500F066
:10BAB0002A810ED8B2F5086F00F09E80B2F5106FA3
:10BAC00040F0C1815A4B5E4F8A781A7007F1E00846
:10BAD0000AE040F621239A4200F0B98140F6213372
:10BAE0009A4200F0B481AEE13B6A1B0603D5786A46
:10BAF00008380AF07FFA08374745F5D10027B846DD
:10BB0000DFF8809157F8090028B1D0F804A00AF0B6
:10BB100071FA5046F8E749F80700504BDFF8689192
:10BB2000F85057F8090028B1D0F804A00AF062FADA
:10BB30005046F8E74A4B49F80700F850494B23F8BC
:10BB40001800494B18F80320023A032A08D8DFE806
:10BB500002F002040204002200E0012203F808209F
:10BB600008F10108B8F1070F07F10407C8D13F4BEE
:10BB700000221A70012799463D4A3E4B3A443B4405
:10BB800012F8012C9B0012F0080F1A704FEA870878
:10BB900025D00AF011FA38B104EB47130830586089
:10BBA000354B44F8383006E099F8003044F8380056
:10BBB000013389F800300AF0FFF948F0010338B189
:10BBC00004EBC30208305060204A44F8332006E0FA
:10BBD00044F8330099F80030013389F8003048F018
:10BBE0000202013748F003080023082F44F83230DE
:10BBF00044F83830C0D12AE10D4B204C1B7823701B
:10BC000003462AE11D4C2370637023E18A88072ACA
:10BC100000F21981194C920023706370184B9B5CE1
:10BC20009F0740F11781207014E100BF802007407A
:10BC3000C8E2FF1F31E2FF1FE0E4FF1F9020074032
:10BC40000080FF1FB0E2FF1FBEE2FF1FC8004000E0
:10BC5000B8E2FF1FC9E2FF1F90E2FF1FB0E1FF1F24
:10BC600094E2FF1FC0E6FF1FCCE1FF1FBFE2FF1FF2
:10BC700017C4020030C8011088004000C0E2FF1F56
:10BC8000C020074014E2FF1F74E2FF1F8A8802F001
:10BC90007F02072A00F3D7804B88002B40F0D38027
:10BCA0009100A14A0A44117821F002010FE08A882C
:10BCB00002F07F02072A00F3C6804B88002B40F079
:10BCC000C2809100984A0A44117841F00201117033
:10BCD000BEE04A88954B898853F8084CA3F10C00C4
:10BCE000002C00F0B08033F80C7C974209D133F877
:10BCF0000A7C8F4205D1120A032A0CBF23780389DC
:10BD0000ABE00C33E8E7CA88002A00F0A080884A3C
:10BD10003A60884A082111809AE08549C879A0F1E3
:10BD20008002D4B2092C8E460FD8C2EBC202824CDC
:10BD30001EF803701444E7540133072BF7D100F1C8
:10BD40007F03DBB2072B02D921E08F28F7D17B4B91
:10BD50007B4C02225A709A700322DA705A71794A27
:10BD6000247812789A718F284FF000021C71DA71D2
:10BD70001A7204D00023CB71704C08236DE0134677
:10BD80006D4A002098540133502BF9D1F2E74C78DA
:10BD9000674B6A4A102C16D19F786B2F13D1DF782E
:10BDA0005B2F10D1BF2191709121D170ED211171C4
:10BDB00045215171C02000215470D9719171D07109
:10BDC0000823144649E0D3795C4CA02B30D9237A60
:10BDD0005948432B01D0A92B13D1022353709370E0
:10BDE0000323D3705371574B55481B78937100232D
:10BDF0000078D37113728F23CB71107108234E4CCE
:10BE00002BE03BB10133DBB2237203F00F0300EBF5
:10BE1000C30421E090F84F30C92B01D1A02303E0E7
:10BE2000C37FC32B18D1402323720823044614E098
:10BE3000892811D1A37903F0FD03052B0CD101232F
:10BE4000E0710B7208E0384B0F221A7029E00023D2
:10BE50001C4602E0022300E00823EF88BB4238BF03
:10BE60001F46402F34BF3D46402520462946FFF758
:10BE700021FC7F1B2C4403D1402D12D13D4603E011
:10BE8000402F34BF3D46402520462946FFF712FC8F
:10BE90007F1B2C4401D1402D03D12B4B2B4A1C601E
:10BEA000178001222A4BA6E02A4D286800287BD063
:10BEB000294F3A7804EBC20354F83210D3F80480C7
:10BEC000C1F3074100235FFA83FC614505D018F8F0
:10BED00003C000F803C00133F5E7204BDFF88C8086
:10BEE00093F800C0DFF88890BCF1000F08BFC84687
:10BEF0008CF0010C83F800C00E4B44F8328082F0C5
:10BF000001023A701A880844511A2860198073E0B7
:10BF1000134A1448116881422CD15268B2F5803F0F
:10BF200042D11A78104B3AE0C02007402CC40200DE
:10BF30005DBAFF1FBCE2FF1F71BBFF1FAC8CFF1F70
:10BF4000B58CFF1FB68CFF1FACE1FF1FBAE2FF1FCD
:10BF50009420074090E2FF1FBEE2FF1FB8E2FF1FE0
:10BF6000B0E2FF1F21090002D0E4FF1FC80040001B
:10BF7000880040007B48814216D151687A4A91423C
:10BF800012D11A78A92A0FD15A78452A0CD19A7859
:10BF9000C22A09D1DB786B2B06D1744B0522002015
:10BFA0001A700146FFF786FB714B44F8373023E0E7
:10BFB000704F3D68B5B1DFF80482B8F80090B9F170
:10BFC000400F34BF4C46402428462146FFF772FB01
:10BFD000C4EB09039BB2A8F800300BB9402C00D188
:10BFE0002B193B60644B1A88B2F5A06F04D1002274
:10BFF0005A709A78614B1A700122614B6DE0B84615
:10C0000004EBC707013D7B6802F00802A3F10800BA
:10C01000EDB202F0FF01002A36D009F0EBFF5948DB
:10C02000594B50F82520EAB1516840F8251002F12B
:10C0300008017960595D03290BD8DFE801F002049B
:10C040000608032104E0022102E0052100E00421AA
:10C05000595517F0080F12880CBF8823C82343EAEC
:10C06000024342E05A5D032A07D8DFE802F040406D
:10C070000204002206E0012204E017F0080F0CBFC2
:10C08000022203225A5532E054F83820120C23F8C9
:10C09000082C22B3DFF828E123F8061C43F8041C1F
:10C0A0005EF82530394913B94EF8250002E051F801
:10C0B00025305860364B41F8250033F815100A44F6
:10C0C00023F8152009F078FF10B10830786006E0F9
:10C0D000304B44F838001A7801321A7007E0244BCC
:10C0E0002D4A17F0080F08BF134644F838300823CC
:10C0F000337043E4E0071FD521492748274C02232A
:10C100000B70274B1A70274B186098602648D86030
:10C110001A619A615C60254B0D2018702448FF233A
:10C1200003702B700274234A1370234B9F221A70E2
:10C1300001230B70BDE8F087210604D51B4B0D22AF
:10C140001A7080232B70A20705D5194B1A78D2B22A
:10C150001A7002232B70E30644BF10232B70BDE836
:10C16000F08700BF210900030300040031E2FF1F34
:10C17000C8004000ACE1FF1FB0E2FF1F982007405D
:10C180009420074074E2FF1FCCE1FF1FB0E1FF1FC6
:10C19000C0E6FF1FBFE2FF1F88004000D4E1FF1F81
:10C1A00030E2FF1F0080FF1F34E2FF1FC020074066
:10C1B000882007408C20074084200740BAE2FF1FF8
:10C1C00014E2FF1F08B500F03DF800221A4B0021D1
:10C1D000D15098180832E82A4160F7D1174A106800
:10C1E00040F48020106002F528326832C3F3072043
:10C1F0001070C3F307401B0E10751376FF2302F86F
:10C200001C3C02F8143C02F88C3C012302F8083C68
:10C2100082F8641002F8183C094B70226FF45071D8
:10C220001A700B444FF400721A6003F1C04303F517
:10C23000C82310221A7008BD0080FF1F34800440FC
:10C2400049E400E01FB501AC094821460A2209F083
:10C2500015FA0023E15C074A29B102EB43000133E0
:10C260000A2B4180F6D101335B00137004B010BD7E
:10C2700000CA9A3B668EFF1F044B054900221A60D4
:10C280000A60044A106010221A60704714D00340FC
:10C2900004D0034000D00340212810B518D80D4A1F
:10C2A00052F8303093F880423CB1012211B183F84A
:10C2B000802010BD83F8002110BD02EBC000436850
:10C2C0001A6811B142F0030201E022F002021A6082
:10C2D00010BD00BFECC40200212806D8044B53F85F
:10C2E000303093F80002C0B270470020704700BFA2
:10C2F000ECC40200212816D80B4A02EBC003012926
:10C300005B6852F8302004D182F880124FF4A27298
:10C3100008E0002082F8800211B94FF4807201E039
:10C3200040F203121A607047ECC40200282838B5A6
:10C33000604A04460B4611D112780B2A04D8C2F188
:10C340000C0201FA02F304E00C2A1CBF0C3A41FA79
:10C3500002F31846BDE8384009F0D6BF1178012530
:10C36000002B05FA01F2D8BF002102DD934205D36C
:10C370002946FFF791FF2046294697E00338C2B2CD
:10C38000012A01D84C4A06E0202C01D0192C01D1F9
:10C390004A4A00E04A4A126802FB0332CA401D289A
:10C3A0007BD8DFE800F0575F4E337A7A212A7A7A19
:10C3B0007A7A7A7A7A7A7A3C450F187A707A7A7A27
:10C3C0007A7A7A673F4B1A6003F5973340F244421A
:10C3D00003F5FA735FE03C4B1A6003F5973340F2C4
:10C3E000444203F5F87356E0384B1A6003F597336F
:10C3F00040F2444203F5F6734DE0354B1A6003F505
:10C40000973340F2444203F5F47344E0314B1A6031
:10C4100003F59F3340F2444203F5F0733BE02E4BAB
:10C420001A6003F59F3340F2444203F5EE7332E0A5
:10C430002A4B1A6003F59F3340F2444203F5EC7334
:10C4400029E0274B1A6003F59F3340F2444203F57D
:10C45000EA7320E0234B1A6003F580334FF45172E6
:10C46000203318E0204B1A6003F580334FF45172EB
:10C470001C3310E01D4B1A60A3F5DB234FF45172FF
:10C48000A3F5F96307E01A4B1A60A3F5DB234FF419
:10C490005172A3F2CC731A6038BD7F2B2046D4BFF3
:10C4A00000210121FFF7F8FE20460121BDE83840B8
:10C4B000FFF720BF7C8EFF1F0890034008800B40D1
:10C4C0000880034010800340188003402080034010
:10C4D0002880034030800340388003404080034080
:10C4E00048800340109003401890034010800B4098
:10C4F00018800B4072B60C4B0C491A680C4B1B6829
:10C50000096862B6490102D5322A88BF0133C2F5F3
:10C510008C32482102F23F12B2FBF1F24FF47A70F2
:10C5200000FB0320704700BF18E000E004ED00E0CE
:10C53000CCE2FF1F38B50446FFF7DCFF054624B9FF
:10C5400038BD013C0AD005F57A75FFF7D3FF401BD3
:10C55000B0F57A7FF5D209F0C5FFF6E738BDFFFFE9
:10C560001F4B4FF4000210B51A604FF080721A6032
:10C570004FF000721A604FF080621A604FF0006254
:10C580001A60184B184A194C002048F6FF711860C1
:10C59000596028231360936013619361136293625F
:10C5A000136393630922226004F5805404342060ED
:10C5B0006160A360236144F8042C04F5FE2420602C
:10C5C0000B4801600B490B608B600B4B1A6009F044
:10C5D000A5FDFA20FFF7AEFFBDE81040FFF7F2BD62
:10C5E00008E100E0048003400C8003400080034029
:10C5F00008800B400C800B4000800B40764B774846
:10C600007749DFF8A4C200222DE9F04F1A80754B5C
:10C61000754D1A80754B2A801A80754B754D1A809E
:10C62000754B2A801A80754B754D1A80754B2A8080
:10C630001A80754B754D1A80754B2A801A80754B80
:10C64000754D1A80754B764C1A80764BDFF85C82FC
:10C650001A80754B754F1A80754B764E1A80764B43
:10C66000DFF84C921A80754BDFF848B21A80744B91
:10C67000DFF844A21A80734B2A8002800A80ACF84B
:10C6800000202280A8F800203A803280A9F80020FB
:10C69000ABF80020AAF800201A806B4B6B4D1A8073
:10C6A0006B4B2A801A806B4B1A806B4B1A806B4B3A
:10C6B0001A806B4B1A806B4B1A806B4B1A806B4B3A
:10C6C0001A806B4B1A806B4B1A806B4B1A806B4B2A
:10C6D0001A806B4B1A806B4B1A806B4B1A806B4B1A
:10C6E0001A806B4B1A806B4B1A806B4B1A806B4B0A
:10C6F0001A806B4B1B781C2BADF5357D02D0012BBE
:10C7000000F21D82354C40222280664A7F211C2B7C
:10C710004FF000031180B393B293B1930193B093A0
:10C72000AF93AE93AD930C93AC93AB93AA93A993B1
:10C73000A8930B93A793A693A5930A93A493A3936B
:10C74000A293A193A0939F939E9309939D939C93EF
:10C750009B939A931E4699931F469893979396930B
:10C760009593949393939293919390938F938E93A5
:10C770008D938C938B938A938993889387938693D5
:10C780008593849383938293819380937F9308937B
:10C790007E9300937D937C937B937A939C4607933F
:10C7A00098461C461D460693799378930593779394
:10C7B0007693759374937393729371939946709370
:10C7C0006F936E936D936C936B936A9304936993D9
:10C7D000689307F0518671E07CE4FF1FA6E4FF1F19
:10C7E000A4E3FF1FB8E3FF1F84E4FF1FB8E4FF1FAB
:10C7F00086E4FF1FAEE4FF1FACE3FF1F9CE3FF1FB7
:10C8000082E4FF1F7EE4FF1FBAE3FF1FB0E3FF1FB8
:10C81000AEE3FF1F9EE4FF1FD6E2FF1F98E3FF1F5A
:10C82000AAE4FF1FB6E4FF1FBAE4FF1FB2E4FF1F34
:10C83000B6E3FF1FB2E3FF1FA6E3FF1FA2E3FF1F44
:10C8400094E4FF1FA0E3FF1FACE4FF1FAAE3FF1F58
:10C8500088E4FF1F8AE4FF1F8CE4FF1F8EE4FF1FA4
:10C8600090E4FF1F92E4FF1FBCE4FF1FBEE4FF1F24
:10C8700098E4FF1F9AE4FF1FD0E2FF1FD4E2FF1FDE
:10C88000B4E3FF1F9CE4FF1F9AE3FF1FA0E4FF1F18
:10C89000A2E4FF1FA4E4FF1F9EE3FF1FA8E4FF1F05
:10C8A000CEE6FF1FB4E4FF1F96E4FF1FA8E3FF1FBF
:10C8B000B0E4FF1FD2E2FF1F80E4FF1F4FF22A0AFD
:10C8C0004FF2750B4FF270004FF271014FF26F0291
:10C8D000CDF89CA1CDF898B16590039164924FF288
:10C8E0001D0A4FF21C0B4FF21B004FF21A014FF2C0
:10C8F0001902CDF88CA1CDF888B1619060915F925A
:10C900004FF2180A4FF2170B4FF216004FF21501B3
:10C910004FF21402CDF878A1CDF874B15C905B9120
:10C920005A924FF2130A4FF2120B4FF211004FF2CC
:10C9300010014FF20F02CDF864A1CDF860B157900D
:10C94000569155924FF20E0A4FF20D0B4FF20C001A
:10C950004FF20B014FF20A02CDF850A1CDF84CB1C5
:10C960005290519150924FF2090A4FF2080B4FF238
:10C9700007004FF206014FF20502CDF83CA1CDF8B9
:10C9800038B14D904C914B924FF2040A4FF2350B57
:10C990004FF26D004FF263014FF23002CDF828A143
:10C9A000CDF824B148904FF2310A47914FF22F0B46
:10C9B00046924FF25D004FF25C014FF25B02CDF800
:10C9C00014A1CDF810B14390429141924FF25A0A0E
:10C9D0004FF2590B4FF258004FF257014FF25602E7
:10C9E000CDF800A1CDF8FCB03E903D913C924FF2C5
:10C9F000550A4FF2540B4FF253004FF252014FF2CF
:10CA00005102CDF8ECA0CDF8E8B0399038913792CA
:10CA10004FF2500A4FF24F0B4FF24E004FF24D01C2
:10CA20004FF24C02CDF8D8A0CDF8D4B03490339169
:10CA300032924FF24B0A4FF24A0B4FF249004FF23B
:10CA400048014FF24702CDF8C4A0CDF8C0B02F90F6
:10CA50002E912D924FF2460A4FF2450B4FF24400B1
:10CA60004FF25F014FF27802CDF8B0A0CDF8ACB034
:10CA70002A90299128924FF2770A4FF22E0B4FF20B
:10CA800076004FF233014FF27302CDF89CA0CDF83F
:10CA900098B04FF2260A25904FF2250B249123924D
:10CAA0004FF223014FF22202CDF888A0CDF884B0D6
:10CAB0004FF2210A4FF2200B1F911E924FF21E01DE
:10CAC0004FF227024FF22400CDF874A0CDF870B0D9
:10CAD0004FF2380A4FF2370B1A9119924FF2360182
:10CAE0004FF26E022090CDF860A04FF21F004FF27F
:10CAF000650ACDF85CB015914FF2660B4FF2340128
:10CB000014924FF264021B90CDF808A04FF22D0052
:10CB1000CDF84CB0129111924FF2620A4FF2610BB4
:10CB20004FF260014FF274021690CDF840A04FF220
:10CB30006700CDF83CB00E910D9201F09DBC172B13
:10CB400040F0A7824023038080230B804FF4E063F2
:10CB500023804FF400733B80D04CD1484FF4407396
:10CB600033804FF4806323804FF4A0630380CD4B68
:10CB7000CD4C40F2FF7119804FF26303A9F80030E9
:10CB80004FF23403ABF80030C8494FF23503AAF82E
:10CB900000304FF22C0B4FF27503A5F800B00B805C
:10CBA000C34D4FF2740323804FF2A2032B80C14C7C
:10CBB000C14D42F2AC004EF25C0A20802B804FF255
:10CBC0001C29CDF8C8A24FF218304FF293044FF24F
:10CBD00012454FF2920ACDF8CC920190B094AF95E5
:10CBE0004EF25609CDF8B4A24FF212304FF2910432
:10CBF0004FF287054EF2500A4FF244014FF2980C63
:10CC0000CDF8B8920C90AC94AB954FF20C59CDF88E
:10CC1000A4A24FF28C004FF20C344FF208554FF2A1
:10CC2000082AA8F80010CDF8C4C2CDF8A892A890A0
:10CC30000B944EF24C09A7954FF20830CDF894A210
:10CC40004FF2B6044FF29D054FF2045ACDF8989278
:10CC50000A90A494A3954FF29A09CDF884A24FF2BA
:10CC600004404EF248044FF284054FF2960ACDF884
:10CC70008892A0909F949E954FF20439CDF874A2AB
:10CC80004FF2D7004FF25C244FF2DC054FF2D80A86
:10CC9000CDF824909C909B949A954EF29C09CDF8E7
:10CCA00060A24FF258304FF2CF044FF2AE054FF270
:10CCB000524ACDF864929790969495954FF2D30985
:10CCC000CDF84CA24EF296004FF2D2044FF25235FC
:10CCD0004FF2C70ACDF850929290919490954FF2EE
:10CCE000D109CDF838A24FF24C504EF290044FF2D9
:10CCF000CC054FF2485ACDF83C928D908C948B9590
:10CD00004FF24C39CDF824A24EF28C004FF2C804F9
:10CD10004FF248354FF2DD0ACDF82892889087947B
:10CD20004FF2DA008695CDF810A24FF2D4044FF2FC
:10CD300044454FF2443A4FF2F6098390829481952C
:10CD40000C46CDF8FCA14FF2B8004FF2A5014FF20E
:10CD5000A4054FF2B00ACDF8149208904FF2C4091E
:10CD60007E910095CDF8F0A115464FF2DE007A9243
:10CD700007924FF2B3014FF290024FF2A00ACDF8A2
:10CD800000927B904FF2A30906917992CDF814A0FE
:10CD90004FF29F004FF2F3014FF295024FF2860AD5
:10CDA000CDF8F49177904FF2B40975917392CDF864
:10CDB000BCA14FF2F4004FF2D6014FF2F1024FF254
:10CDC000AD0ACDF8E0916E904FF2B1096D916C9281
:10CDD000CDF8ACA14FF2A1004FF2E1014FF2C60233
:10CDE0004FF29E0ACDF8C491769574957295709520
:10CDF0006A9004916992CDF8A0A14FF22A004FF2F7
:10CE00002C414FF270024FF2710A67906691659261
:10CE1000CDF80CA04FF26F004FF21D014FF21C0233
:10CE20004FF21B0A649063916292CDF884A14FF295
:10CE30001A004FF219014FF218024FF2170A6090D0
:10CE40005F915E92CDF874A14FF216004FF215017A
:10CE50004FF214024FF2130A5C905B915A92CDF894
:10CE600064A14FF212004FF211014FF210024FF283
:10CE70000F0A589057915692CDF854A14FF20E00D8
:10CE80004FF20D014FF20C024FF20B0A54905391E6
:10CE90005292CDF844A14FF20A000FE084E4FF1F44
:10CEA000B8E3FF1FB4E4FF1FB8E4FF1FAEE4FF1FA9
:10CEB00082E4FF1F88E4FF1FD0E2FF1F4FF2090149
:10CEC0004FF208024FF2070A50904F914E92CDF860
:10CED00034A14FF206004FF205014FF204024FF267
:10CEE0002C3A4C904B914FF26D004A924FF22C111C
:10CEF000CDF824A14FF230024FF2310A4890479109
:10CF00004692CDF814A14FF22F004FF25D014FF27F
:10CF10005C024FF25B0A449043914292CDF804A127
:10CF20004FF25A004FF259014FF258024FF2570A8E
:10CF300040903F913E92CDF8F4A04FF256004FF250
:10CF400055014FF254024FF2530A3C903B913A92F2
:10CF5000CDF8E4A04FF252004FF251014FF25002CF
:10CF60004FF24F0A389037913692CDF8D4A04FF255
:10CF70004E004FF24D014FF24C024FF24B0A3490EB
:10CF800033913292CDF8C4A04FF24A004FF24901DA
:10CF90004FF248024FF2470A30902F912E92CDF86F
:10CFA000B4A04FF246004FF245014FF25F024FF23C
:10CFB000780A2C902B9129924FF22E014FF2760293
:10CFC0002A94CDF8A0A04FF2330A4FF277002691B1
:10CFD00025924FF226014FF22502CDF890A04FF294
:10CFE000240A279022914FF273004FF222012192DE
:10CFF000CDF880A04FF221024FF2200A23901E911B
:10D000004FF223004FF21E011D92CDF870A04FF297
:10D0100027024FF2380A1F901A914FF21F004FF269
:10D020002D011992CDF860A04FF236024FF26E0A30
:10D030001B9016914FF237004FF266011592CDF812
:10D0400050A04FF22C224FF2640A179013914FF226
:10D0500065004FF262011292CDF844A04FF26102D6
:10D060004FF2600A029010914FF21C534FF2970654
:10D070004FF29C074FF28F0C4FF2EE084FF2AF09C0
:10D080004FF267000F92CDF838A04FF22C5107F005
:10D0900072BD092B40F029824023038080230B803E
:10D0A0004FF4E06323804FF480633B804FF4A06330
:10D0B0003380C84BC84C40F2FF7119804FF23503E2
:10D0C000A9F800304FF22E03ABF800304FF26E0398
:10D0D000AAF80030C14B4FF28800188042F2AC032E
:10D0E0003F2123804FF22C0BBD4BACF80010A5F86C
:10D0F00000B04FF21D444FF244054FF2184A4FF270
:10D10000185CA8F800501880B39413464EF25C09DE
:10D11000CDF8C4A2CDF804C04EF256044FF2125A14
:10D120001646944690464FF23302CDF8C892B0921C
:10D13000AE944FF21249CDF830A04EF250024FF2A9
:10D140000C444EF24C0ACDF8B492A992A8944FF236
:10D150000C59CDF898A24FF208424FF208544EF203
:10D16000480ACDF82C90A5924FF234094FF20442B0
:10D17000AF93AC93AB93AA93A7930A94CDF87CA2F8
:10D180004FF204544FF25D4ACDF884929E92099476
:10D190004FF22D09CDF86CA24FF26F024EF29C04B3
:10D1A0004FF2585ACDF874929A9299944FF2584986
:10D1B000CDF85CA24FF273024EF296044FF2525A2F
:10D1C000CDF86092949292944FF25249CDF840A2D9
:10D1D0004EF290024FF24C444EF28C0ACDF844923B
:10D1E0008C928B944FF24C59CDF820A24FF24842CA
:10D1F0004FF248544FF2444ACDF8289287928694D1
:10D200004FF274094FF24452A493A393A293A093B4
:10D210009C939693959393938F938E938D938993E9
:10D2200085938493CDF800A24FF2A00ACDF808921E
:10D230007F924FF29009CDF814A04FF29F024FF267
:10D24000600ACDF8E49177924FF27509CDF8B4A158
:10D250006A904FF2B0024FF22A004FF2A70ACDF8BF
:10D26000D4918393819308937E9300937D937C93D1
:10D270007B937A930793069378937693749373933F
:10D280007293719370936F936E936C936B930493FB
:10D290006993689367906692CDF894A1BF204FF28E
:10D2A000A4024FF21C0A03906492CDF88CA14FF2B5
:10D2B0001D004FF21B024FF21A0A62906192CDF8E4
:10D2C00080A14FF219004FF218024FF2170A5F9037
:10D2D0005E92CDF874A14FF216004FF215024FF294
:10D2E000140A5C905B92CDF868A14FF213004FF2E4
:10D2F00012024FF2110A59905892CDF85CA14FF2E8
:10D3000010004FF20F024FF20E0A56905592CDF8D0
:10D3100050A14FF20D004FF20C024FF20B0A539046
:10D320005292CDF844A14FF20A004FF209024FF297
:10D33000080A50904F92CDF838A14FF207004FF2F3
:10D3400006024FF2050A4D904C92CDF82CA14FF2F7
:10D3500004004FF22C524FF2780A4A904992CDF8CD
:10D3600020A14FF22C304FF2A6024FF2AD0A4790A7
:10D370004692CDF814A14FF2A5004FF25C024FF295
:10D380005D0A44904392CDF808A14FF25B004FF242
:10D390005A024FF2590A41904092CDF8FCA04FF248
:10D3A00058004FF257024FF2560A3E903D92CDF888
:10D3B000F0A04FF255004FF254024FF2530A3B9047
:10D3C0003A92CDF8E4A04FF252004FF251024FF2E0
:10D3D000500A07E0B4E4FF1F88E4FF1F82E4FF1F48
:10D3E000D0E2FF1F38903792CDF8D8A04FF24F000F
:10D3F0004FF24E024FF24D0A35903492CDF8CCA048
:10D400004FF24C004FF24B024FF24A0A32903192E7
:10D41000CDF8C0A04FF249004FF248024FF2470A40
:10D420002F902E92CDF8B4A04FF246004FF2450255
:10D430004FF2940A2C462C902B92CDF8A4A04FF2D8
:10D440006D007F224FF2670A28902792CDF898A0AE
:10D450004FF276004FF226024FF2250A2A942591C8
:10D460004FF27701249023914FF224004FF22301D1
:10D470002292CDF884A04FF222024FF2210A20908E
:10D480001F914FF220004FF21F011E92CDF874A0A1
:10D490004FF21E024FF2270A1C901B914FF26400BC
:10D4A0004FF237011A92CDF864A04FF238024FF2D2
:10D4B000360A189017914FF230004FF27001169211
:10D4C000CDF854A04FF265024FF2710A1490029108
:10D4D0004FF22F071D4699464FF266001392CDF882
:10D4E00048A04FF2630105F093B90A2B40F09182F6
:10D4F0004023038080230B804FF4E06323804FF4AC
:10D5000080733B80CD4CCE484FF4007333804FF492
:10D51000806323804FF4A0630380CA4BCA4C40F25F
:10D52000FF7119804FF22E03ABF800304FF26E03FB
:10D53000AAF80030C5494FF2E303A9F800304FF2D2
:10D540002C0B4FF29803A5F800B00B80C04D4FF2A2
:10D55000910323804FF288013F23BE4C2980ACF811
:10D560000030BD4D42F2AC03164623804FF21D1928
:10D570004EF25C0A4FF218224FF233042980CDF8A4
:10D58000CC92CDF8C8A20192B0944FF212554EF24F
:10D5900056094FF2121A4FF212224FF211544FF263
:10D5A00044004FF2181CAF95CDF8B892CDF8B4A254
:10D5B0000C92AC944FF20C454EF250094FF20C1AFB
:10D5C0004FF20C224FF20844A8F80000CDF8C4C274
:10D5D000AA95CDF8A492CDF8A0A24EF24C054FF238
:10D5E00008194FF2082AAB960B92A7944FF28602C5
:10D5F0004FF2B404A695CDF89492CDF828A0A49249
:10D60000A3944FF284054FF234094FF2045A4EF2BC
:10D6100048024FF20414A295CDF88492CDF880A26E
:10D620009F929E944FF204254FF22D094FF25D1AFE
:10D630004FF26F024EF29C040995CDF87492CDF82A
:10D640006CA29A9299944FF258154FF258294FF2C2
:10D65000D20A4FF273024FF252549895CDF85C9271
:10D66000CDF858A2949293944EF296054FF2521927
:10D670004FF2522A4FF251524FF24C449295CDF84C
:10D680004492CDF840A28F928D944EF290054FF2C5
:10D690004C194FF24C2A4FF248424EF28C048C95B2
:10D6A000CDF82C92CDF828A289924FF2C60A9C960A
:10D6B00095968E9688944FF2C404CDF814A24FF23A
:10D6C000F40283944FF2441A04464FF244204FF27E
:10D6D00048298492CDF800A27F904FF2AD024FF21C
:10D6E000A00A4FF290004FF24815CDF81892089218
:10D6F0004FF24459CDF818A079904FF22C124FF206
:10D70000EF0A4FF2E7008795CDF804924FF27405C7
:10D710004FF2E6097892CDF8D4A174904FF29502B9
:10D720004FF28B0A4FF28A008295CDF81C904FF28F
:10D73000D4054FF2B0097392CDF8C0A16F904FF2AB
:10D740002C424FF2600A4FF29D007C95CDF8D891A3
:10D750006E92CDF8B4A14FF2A1027E9600967D960E
:10D760007B967A9605967796729671966C966B90E4
:10D770006A914FF2E101049169924FF29E0A4FF2D1
:10D780002A004FF22C514FF2A602CDF8A0A16790CB
:10D79000669165924FF2A40A4FF2A5004FF21C0168
:10D7A0004FF21D02CDF80CA06490639162924FF28B
:10D7B0001B0A4FF21A004FF219014FF21802CDF86E
:10D7C00084A160905F915E924FF2170A4FF21600AB
:10D7D0004FF215014FF21402CDF874A15C905B91E9
:10D7E0005A924FF2130A4FF212004FF211014FF208
:10D7F0001002CDF864A15890579156924FF20F0A3B
:10D800004FF20E004FF20D014FF20C02CDF854A171
:10D810005490539152924FF20B0A4FF20A004FF27A
:10D8200009014FF20802CDF844A150904F914E9259
:10D830004FF2070A4FF2060010E000BFB8E3FF1FE7
:10D8400084E4FF1FB4E4FF1FAEE4FF1FB8E4FF1F32
:10D8500082E4FF1F88E4FF1FD0E2FF1F4FF20501A3
:10D860004FF20402CDF834A14C904FF22C2A4B9188
:10D870004FF278004A924FF22C314FF2A302CDF8CA
:10D8800024A14890479146924FF2E40A4FF2A20039
:10D890004FF25C014FF25D02CDF814A14490439128
:10D8A00042924FF25B0A4FF25A004FF259014FF287
:10D8B0005802CDF804A140903F913E924FF2570A92
:10D8C0004FF256004FF255014FF25402CDF8F4A03A
:10D8D0003C903B913A924FF2530A4FF252004FF272
:10D8E00051014FF25002CDF8E4A0389037913692B2
:10D8F0004FF24F0A4FF24E004FF24D014FF24C02E1
:10D90000CDF8D4A03490339132924FF24B0A4FF2BB
:10D910004A004FF249014FF24802CDF8C4A03090BE
:10D920002F912E924FF2470A4FF246004FF24501D7
:10D930004FF28F02CDF8B4A02C902B914FF26D0ACC
:10D940004FF267012A9429924FF235024FF2750087
:10D95000CDF8A0A026914FF2760A4FF2260125922B
:10D960004FF225022790CDF890A04FF277004FF2AA
:10D97000240A229121924FF222014FF22102239098
:10D98000CDF880A04FF223004FF2200A1E911D9285
:10D990004FF21E014FF227021F90CDF870A04FF2F8
:10D9A0001F004FF2640A1A9119924FF238014FF298
:10D9B00036021B90CDF860A04FF237004FF2300ACC
:10D9C000169115924FF265014FF271021790CDF842
:10D9D00050A04FF270004FF2630A139112924FF26F
:10D9E00062014FF261020290CDF844A04FF21D4354
:10D9F0004FF22F074FF2920CB0464FF28D054FF2C7
:10DA000094094FF2660010910F924FF2310A07F01D
:10DA1000AEB8022B40F05D824023038080230B8050
:10DA20004FF4E06323804FF400733B80C94CCA4835
:10DA30004FF4407333804FF4806323804FF4A0632E
:10DA40000380C64BC64C40F2FF7119804FF22F0382
:10DA5000A9F800304FF2B803ABF80030C1494FF2DB
:10DA60003403AAF800304FF270030B803F21ACF86A
:10DA700000104FF244004FF230034FF2183C4FF2C7
:10DA80002C0B16462380A8F80000A5F800B04EF233
:10DA90005C094FF21C254FF2182ACDF804C04EF253
:10DAA0005604944690464FF21242B395CDF8C89270
:10DAB000CDF8C4A2B092AE944FF212254FF21239B3
:10DAC0004FF20C4A4EF250024FF20C24AD95CDF8B5
:10DAD0003090CDF8A8A2A992A8944FF20C354FF23D
:10DAE00008494EF24C0A4FF238024FF208340B95B7
:10DAF000CDF89C92CDF898A24FF206554FF204490A
:10DB00004EF2480AAF96AC96AB96A5920A944FF2A5
:10DB100004224FF20434A495CDF88492CDF87CA26F
:10DB20009E9209944FF25C254EF29C094FF2582ABE
:10DB30004FF258324FF252449B95CDF86492CDF893
:10DB400060A2979294944EF296054FF252294FF2AA
:10DB5000523A4FF24C424EF290049295CDF84492D4
:10DB6000CDF840A28D928C944FF24C254FF24C3957
:10DB70004FF2484A4EF28C024FF278048B95CDF862
:10DB80002892CDF824A2889287944FF248354FF21C
:10DB900046594FF2444A04464FF244324FF2442071
:10DBA0004FF218478695A396A296A0969D969C96AE
:10DBB0009A979696959693968F968E96CDF8149200
:10DBC000CDF808A280907F924FF2AD094FF2A70ADC
:10DBD0007F204FF29302CDF80090CDF8F4A17C9015
:10DBE00006924FF290094FF2A60A4FF2A5004FF2AB
:10DBF0009E02CDF8E491CDF814A0779076924FF084
:10DC0000BF094FF2B60A4FF2B7004FF2A302CDF8A8
:10DC1000D491CDF8D0A1729071924FF2920A4FF246
:10DC2000A4004FF2A00289464FF2A2014FF2AE05C6
:10DC3000CDF8B4A16C906A9104924FF2A10A4FF210
:10DC40002A004FF2B3014FF2B1027E95849683967B
:10DC5000819608967B967A96079678967396709634
:10DC60006F966E966B96CDF8A4A1679066916592BB
:10DC70004FF2750A4FF2B4004FF21D014FF21C0231
:10DC8000CDF80CA06490639162924FF21B0A4FF2A0
:10DC90001A004FF219014FF21802CDF884A16090DA
:10DCA0005F915E924FF2170A4FF216004FF2150184
:10DCB0004FF21402CDF874A15C905B915A924FF22E
:10DCC000130A4FF212004FF211014FF21002CDF879
:10DCD00064A15890579156924FF20F0A4FF20E00DE
:10DCE0004FF20D014FF20C02CDF854A15490539114
:10DCF00052924FF20B0A4FF20A004FF209014FF213
:10DD00000802CDF844A150904F914E924FF2070A6D
:10DD10004FF206004FF205014FF20402CDF834A194
:10DD20004C904B914A924FF22C3A4FF26D004FF2C9
:10DD30002C114FF2B002CDF824A168964FF2B50A2B
:10DD40004890479146924FF2AF004FF25D014FF27B
:10DD50005C0209E0B8E3FF1F86E4FF1FB4E4FF1F85
:10DD6000B0E3FF1FB8E4FF1FCDF814A14490439126
:10DD700042924FF25B0A4FF25A004FF259014FF2B2
:10DD80005802CDF804A140903F913E924FF2570ABD
:10DD90004FF256004FF255014FF25402CDF8F4A065
:10DDA0003C903B913A924FF2530A4FF252004FF29D
:10DDB00051014FF25002CDF8E4A0389037913692DD
:10DDC0004FF24F0A4FF24E004FF24D014FF24C020C
:10DDD000CDF8D4A03490339132924FF24B0A4FF2E7
:10DDE0004A004FF249014FF24802CDF8C4A03090EA
:10DDF0002F912E924FF2470A4FF246004FF2450103
:10DE00004FF29F02CDF8B4A02C902B9129924FF2A3
:10DE1000630A4FF271004FF22E014FF23102CDF83A
:10DE2000A0A027904FF2330A2A9426914FF22601A0
:10DE300025924FF225024FF27300CDF890A0229167
:10DE40004FF2240A4FF2220121924FF22102239035
:10DE5000CDF880A04FF223004FF2200A1E911D92B0
:10DE60004FF21E014FF227021F90CDF870A04FF223
:10DE70001F004FF2600A1A9119924FF22D014FF2D2
:10DE800036021B90CDF860A04FF237004FF26E0AB9
:10DE9000169115924FF266014FF276021790CDF867
:10DEA00050A04FF26500139112924FF262014FF2AF
:10DEB000640A4FF26102029010914FF21C43354602
:10DEC0004FF26700CDF844A00F924FF2750104F0B5
:10DED000A9BC032B40F0D682402303808023D54881
:10DEE0000B804FF4006303804FF4E0632380D24C37
:10DEF000D2484FF4007121804FF4407139804FF4C3
:10DF000080610180CE48CF4C03804FF4A061318006
:10DF1000CD4BCE484FF4C061218040F6FF7119808F
:10DF20004FF22F03CA49A9F800304FF26F030B805C
:10DF3000C84CC9494FF63303ABF800304FF62E03F7
:10DF400023804FF2AF03AAF800304FF2B0030380F2
:10DF50004FF66F030B804FF2AC033F202B804FF244
:10DF60001C344EF25C054FF218394FF2122A4FF270
:10DF7000126BACF80000B394B295CDF8C492019046
:10DF8000CDF8C0A2CDF8BCB24EF256004FF212341A
:10DF90004FF212554FF211694FF6070A4FF20C2B50
:10DFA0004FF24401AE90AD940C95CDF8B092CDF8FF
:10DFB000ACA2CDF8A8B24EF250004FF20C344FF2A2
:10DFC0000C554FF208294EF24C0A4FF2380BA8F8C4
:10DFD0000010A990A8940B95CDF89C92CDF898A22A
:10DFE000CDF894B24FF234004FF230044FF60405EE
:10DFF0004FF204794FF2042A4FF2046B0A90A49472
:10E00000A395CDF88892CDF884A2CDF880B24EF2D7
:10E0100048004FF204344FF231054FF616094FF61F
:10E02000530A4FF25C3B9F909E940995CDF87492F1
:10E03000CDF870A2CDF86CB24EF29C004FF258347D
:10E040007F254FF652094FF6760A4FF2522B9990E0
:10E0500098949795CDF85892CDF854A2CDF850B237
:10E060004FF252604EF296044FF252354FF252592F
:10E070004FF2516A4FF6470B939092949195CDF8D9
:10E080004092CDF83CA2CDF838B24FF24C204EF27F
:10E0900090044FF24C354FF24C594FF2482A4EF251
:10E0A0008C0B4FF218278D908C948B954FF2780043
:10E0B0004FF274049A97CDF82892CDF824A2CDF8A7
:10E0C00020B24FF2447A4FF2442B879086944FF659
:10E0D0004409CDF80CA2CDF808B24FF244600C46CA
:10E0E0004FF6230A4FF244314FF6220BCDF810922F
:10E0F000819080914FF66D09CDF8F8A1CDF800B070
:10E100004FF621004FF29B014FF22C4A4FF6150BB0
:10E110000792CDF820907D907C914FF61E09CDF8A6
:10E12000E8A1CDF818B04FF610004FF22C314FF6A1
:10E1300020024FF6660A4FF2B30B4FF27005CDF88E
:10E14000EC9179907891079805924FF61F09CDF8D8
:10E15000D8A1CDF8D4B14FF655014FF675024FF660
:10E16000490A4FF6460B8595CDF8DC914FF27105C3
:10E170007490739172924FF2AE09CDF8C0A1CDF8B0
:10E18000BCB14FF22C204FF6560140F67F024FF6FD
:10E190005C0A4FF6610B7F95CDF8C4916E906D913E
:10E1A0006C92CDF8ACA1CDF8A8B14FF660004FF657
:10E1B00006014FF65E024FF22A0A4FF6300B04902A
:10E1C00069916892CDF89CA1CDF898B14FF2A50065
:10E1D0004FF2B5014FF2A4024FF21D0A4FF21C0B91
:10E1E000659003916492CDF88CA1CDF888B14FF27F
:10E1F0001B004FF21A014FF219024FF2180A4FF2A8
:10E20000170B619060915F92CDF878A1CDF874B151
:10E210004FF216004FF215014FF214024FF2130A9B
:10E220004FF2120B5C905B915A92CDF864A1CDF83D
:10E2300060B113E07CE4FF1FB8E3FF1F86E4FF1F1B
:10E24000ACE3FF1F84E4FF1FB4E4FF1FAEE4FF1F35
:10E25000B8E4FF1FB0E3FF1FD6E2FF1F4FF211002B
:10E260004FF210014FF20F024FF20E0A4FF20D0B58
:10E27000579056915592CDF850A1CDF84CB14FF230
:10E280000C004FF20B014FF20A024FF2090A4FF253
:10E29000080B529051915092CDF83CA14FF20700DB
:10E2A000CDF838B14FF206014FF205024FF2040AE1
:10E2B0004FF22C5B4D904C914B92CDF828A1CDF8AC
:10E2C00024B14FF26D004FF22C114FF2A7024FF222
:10E2D000750A4FF2A60B489047914692CDF814A1CB
:10E2E000CDF810B14FF25D004FF25C014FF25B02CE
:10E2F0004FF25A0A4FF2590B439042914192CDF896
:10E3000000A1CDF8FCB04FF258004FF257014FF288
:10E3100056024FF2550A4FF2540B3E903D913C92FB
:10E32000CDF8ECA0CDF8E8B04FF253004FF2520117
:10E330004FF251024FF2500A4FF24F0B3990389181
:10E340003792CDF8D8A0CDF8D4B04FF24E004FF2AE
:10E350004D014FF24C024FF24B0A4FF24A0B3490F0
:10E3600033913292CDF8C4A0CDF8C0B04FF249003D
:10E370004FF248014FF247024FF2460A4FF2450B67
:10E380002F902E912D924FF26301CDF8B0A04FF255
:10E39000B7024FF22E0ACDF8ACB04FF2B60B4FF2E7
:10E3A0005F00289127924FF273014FF22602CDF8B9
:10E3B00098A0CDF894B04FF2250A4FF2240B299083
:10E3C00023914FF233004FF222012292CDF884A024
:10E3D0004FF221024FF2200ACDF880B04FF21F0B0E
:10E3E00024901E914FF223004FF227011D92CDF889
:10E3F00070A04FF235024FF2370ACDF86CB04FF2F1
:10E400002D0B1F9019914FF21E004FF26E011892C2
:10E41000CDF85CA04FF265024FF2660ACDF858B015
:10E420004FF2760B1A9014914FF236004FF26401BE
:10E430000292CDF84CA0CDF848B04FF262024FF2F4
:10E44000610A4FF2600B159011914FF21C234FF6A9
:10E4500013064FF6120C4FF677084FF650054FF2A1
:10E460009D092A944FF267001092CDF83CA0CDF898
:10E4700038B04FF277010D914FF25E0A4FF22C0B3C
:10E4800006F03CBC162B40F0CD8140234FF22C0B04
:10E490000380A5F800B08023B64D0B8042F2AC009B
:10E4A000B54B2880FF21B54CB54819804FF2A10328
:10E4B0003F2123800380B3921346B2924FF292041D
:10E4C0004FF28C054FF288094FF2840A4FF2D800C0
:10E4D000164617464FF29802ACF80010B192AD9470
:10E4E000A895CDF894924FF2D2024FF2CC044FF29D
:10E4F000C8054FF2C4090193B093AF93AE930C9348
:10E50000AC93AB93AA93A9930B93A793A6930A9367
:10E51000A493A393A293A193A0939F93CDF878A2E1
:10E5200098904FF2750A4FF2B50091928B948795AF
:10E53000CDF800924FF2600209939D939C939B93B8
:10E540009A93999397939693959394939393929385
:10E5500090938F938E938D938C938A9389938893C2
:10E560008693859384938393829381937F93089377
:10E570007E93CDF8C4A16C904FF22A0A4FF271003D
:10E580000492CDF89CA166904FF270024FF07F0A82
:10E590004FF26F006592CDF80CA064904FF21D020F
:10E5A0004FF21C0A4FF21B00639200934FF21A02C3
:10E5B0007D937C937B937A930793069379937893D7
:10E5C0000593779376937593749373937293709383
:10E5D0006F936E936D936B936A9369936893CDF881
:10E5E00088A161904FF2190A4FF218006092CDF89D
:10E5F0007CA15E904FF217024FF2160A4FF21500FF
:10E600005D92CDF870A15B904FF214024FF2130AA5
:10E610004FF212005A92CDF864A158904FF21102B5
:10E620004FF2100A4FF20F005792CDF858A15590B3
:10E630004FF20E024FF20D0A4FF20C005492CDF839
:10E640004CA152904FF20B024FF20A0A4FF209000E
:10E650005192CDF840A14F904FF208024FF2070AB5
:10E660004FF206004E92CDF834A14C904FF20502C5
:10E670004FF2040A4FF235004B92CDF828A1499091
:10E680004FF26D024FF2630A4FF2300045914FF2A4
:10E690002F014892CDF81CA1469044914FF25D02A3
:10E6A0004FF25C0A4FF25B004FF25A014392CDF8F1
:10E6B00008A141904FF2590240914FF2580A4FF28F
:10E6C00056013F92CDF8F8A04FF257003C914FF21F
:10E6D00055024FF2540A4FF252013D903B92CDF851
:10E6E000E8A04FF2530038914FF251024FF2500A16
:10E6F0004FF24E0139903792CDF8D8A04FF24F002B
:10E7000034914FF24D024FF24C0A4FF24A013590CC
:10E710003392CDF8C8A04FF24B0030914FF249022E
:10E720004FF2480A4FF2460131902F92CDF8B8A02F
:10E730004FF247002C914FF245024FF2440A4FF23C
:10E7400078012D902B92CDF8A8A04FF2740028915B
:10E750004FF277024FF22E0A4FF23301299027929F
:10E76000CDF898A04FF2760024914FF273024FF249
:10E77000260A07E088E4FF1FB4E4FF1F82E4FF1FBE
:10E78000D0E2FF1F4FF2240125902392CDF888A0FC
:10E790004FF2250020914FF223024FF2220A4FF24E
:10E7A000200121901F92CDF878A04FF21F024FF266
:10E7B0001E0A1C914FF238014FF221001B92CDF836
:10E7C00068A04FF237024FF22D0A18914FF26E01F6
:10E7D0001D9017924FF227004FF26502CDF858A016
:10E7E00014914FF2660A4FF23401199002924FF2DF
:10E7F00036004FF26402CDF84CA012914FF2620A3B
:10E800004FF26101159011929C4698461C461D4698
:10E8100099464FF26700CDF840A00F914FF23102B8
:10E8200003F0E9BD052B40F0B7824023038080232D
:10E830000B804FF4E06323804FF48073A8F800301E
:10E840004FF400733B80DA48DA49DB4C4FF44073F5
:10E8500033804FF4806303804FF4A0630B80D74B69
:10E86000D74840F2FF7119804FF27003A9F80030C9
:10E870004FF22E03ABF800304FF26E03AAF80030CF
:10E880004FF2B00323804FF2300303804FF2AC030A
:10E890002B80CC4DCC4C42F2AC004FF28803288048
:10E8A000CA4823804FF2183A4FF21C244FF2330B20
:10E8B00090460380B3944FF218154FF21829CDF803
:10E8C00004A0CDF8C0B24FF212404FF212124FF234
:10E8D00012244FF2870A4FF20C5B3F21B295CDF81C
:10E8E000C492AF90AE92AD944FF212354FF21149EF
:10E8F000CDF8ACA2CDF8A8B24FF20C104FF20C221A
:10E900004FF20C344FF2082A4FF2083BACF80010DB
:10E910000C95CDF8B092A990A8924FF208550B949F
:10E920004FF20819CDF894A2CDF828B04FF2B400F8
:10E930004FF22F024FF2042A4FF2043BA795CDF875
:10E940009892A390A2924FF234044FF204454FF2F2
:10E950000419CDF878A2CDF824B04FF296004FF20A
:10E96000D7024FF2582A4FF2583BA194A095CDF808
:10E970007C929D909C924FF25C244FF258554FF23E
:10E980005819CDF860A2CDF85CB24FF2F3004FF207
:10E990009B024FF2522A4FF2523B9B949A95CDF82C
:10E9A0006492969095924FF273044FF252454FF253
:10E9B0005219CDF844A2CDF840B24FF251404FF277
:10E9C000C7024FF24C3A4FF2485B94949395CDF8BE
:10E9D00048928F908E924FF24C544FF24C154FF25A
:10E9E0004C29CDF828A2CDF824B24FF248104FF2AE
:10E9F00048224FF2740A4FF2444B8D948C95CDF817
:10EA00002C92CDF890824FF26F0988908792CDF8C2
:10EA100008A2CDF804B24FF244204FF244324FF234
:10EA2000E00A4FF2DB0B4FF2F405CDF80C92809028
:10EA30007F924FF27509CDF8F0A1CDF81CB04FF2DE
:10EA400090004FF22C224FF2B80A4FF22C5B4FF29B
:10EA500048348495CDF800904FF2ED057990789286
:10EA60004FF2E709CDF8C8A1CDF8B8B14FF23500A3
:10EA70004FF261024FF2A00A4FF2DE0B8694089526
:10EA8000CDF8D4916D90CDF814824FF22A00CDF8D4
:10EA9000F881CDF8F481CDF8EC81CDF8E881CDF89E
:10EAA0001880CDF81480CDF8DC81CDF8D881CDF870
:10EAB000D081CDF8CC81CDF8C481CDF8C081CDF81E
:10EAC000BC81CDF8B081CDF8AC816A92CDF810A0B0
:10EAD000CDF8A0B14FF22C424FF2A70A4FF0BF0B76
:10EAE00067906692CDF894A1CDF80CB04FF2A400D7
:10EAF0004FF21D024FF21C0A4FF21B0B64906392FF
:10EB0000CDF888A1CDF884B14FF21A004FF2190266
:10EB10004FF2180A4FF2170B60905F92CDF878A170
:10EB2000CDF874B14FF216004FF215024FF2140AED
:10EB30004FF2130B5C905B92CDF868A1CDF864B1F5
:10EB40004FF212004FF211024FF2100A4FF20F0B68
:10EB500058905792CDF858A1CDF854B14FF20E000D
:10EB60004FF20D024FF20C0A4FF20B0B54905392DE
:10EB7000CDF848A1CDF844B14FF20A004FF2090296
:10EB80004FF2080A4FF2070B50904F92CDF838A180
:10EB9000CDF834B14FF206004FF205024FF2040AED
:10EBA0004FF22C3B4C90CDF8A4814FF278000FE04F
:10EBB00084E4FF1FB8E3FF1FAEE4FF1FB4E4FF1FB0
:10EBC000B8E4FF1F88E4FF1F82E4FF1FD0E2FF1FAD
:10EBD0004B92CDF828A1CDF824B14FF22C124FF270
:10EBE000A60A4FF2AD0B48904792CDF818A1CDF888
:10EBF00014B14FF2A5004FF25D024FF25C0A4FF2E2
:10EC00005B0B44904392CDF808A1CDF804B14FF2CC
:10EC10005A004FF259024FF2580A4FF2570B4090E8
:10EC20003F92CDF8F8A0CDF8F4B04FF256004FF275
:10EC300055024FF2540A4FF2530B3C903B92CDF8E1
:10EC4000E8A0CDF8E4B04FF252004FF251024FF27B
:10EC5000500A4FF24F0B38903792CDF8D8A0CDF82C
:10EC6000D4B04FF24E004FF24D024FF24C0A4FF229
:10EC70004B0B34903392CDF8C8A0CDF8C4B04FF20E
:10EC80004A004FF249024FF2480A4FF2470B3090C8
:10EC90002F92CDF8B8A0CDF8B4B04FF246004FF2A5
:10ECA00045024FF2440A4FF29F0B2C902B92CDF865
:10ECB000A8A07F22CDF8A4B04FF2670A4FF2760BDE
:10ECC0004FF26D002792CDF898A04FF225024FF237
:10ECD000240A2591CDF890B04FF226014FF2230B74
:10ECE000289022914FF277004FF221012192CDF826
:10ECF00080A04FF220024FF21F0ACDF87CB04FF2F5
:10ED00001E0B23901D914FF222004FF264011C92C2
:10ED1000CDF86CA04FF237024FF2380ACDF868B048
:10ED20004FF2360B1E9018914FF227004FF27101EF
:10ED30001792CDF858A04FF265024FF2310ACDF884
:10ED400054B04FF2630B199002914FF22D001392C1
:10ED5000CDF848A0CDF844B04FF262014FF2A102C5
:10ED60004FF2600A4FF25F0B14904FF21C534FF2B8
:10ED700097064FF218574FF2B30C4FF24414454622
:10ED80004FF2E1094FF2660010910F92CDF838A0D2
:10ED9000CDF834B0FFF770BB062B40F05D82BE4B60
:10EDA000BE4840221A80BE4B80221A80BD4B4FF4D1
:10EDB000E0621A80BC4B4FF400721A80BB4B4FF4D8
:10EDC00040721A80BA4B4FF480621A80B94B40F2FD
:10EDD000FF721A80B84B4FF22F021A80B74B4FF2D6
:10EDE000A4021A80B64B4FF26F021A80B54B4FF255
:10EDF0009F021A80B44B3F221A80B44B4FF22C0B67
:10EE0000A3F800B0B24B4FF2540119804FF28803BF
:10EE10000380B04842F2AC040480AF484FF2123491
:10EE200003804FF233000190B0944FF212454EF23E
:10EE300066094FF2122A4FF211404FF20C340026AD
:10EE40004EF26C0CAF95CDF8B892CDF830A0AC90E6
:10EE5000AA944EF260054FF20C294FF2083A4EF296
:10EE60005C004FF21F04CDF8C8C2A995CDF82C90D4
:10EE7000CDF89CA24FF224054FF226094FF2143A26
:10EE8000B396B196AD96AB96A896A690A5944FF280
:10EE900014404EF268040A95CDF89092CDF884A201
:10EEA000A0909F944FF227054EF2AC094FF2582ADA
:10EEB0004FF252304FF252440995CDF86492CDF89A
:10EEC0005CA2949093944EF2A6054FF252294FF211
:10EED000514A4FF24C304EF2A0049295CDF8409238
:10EEE000CDF83CA28D908C944FF24C254FF24839CE
:10EEF0004EF29C0A4FF248204FF254344FF218372A
:10EF00008A95CDF82492CDF820A2A3964FF2710AEB
:10EF1000A2969E969D969C969B969A979896969664
:10EF2000959691968E968B968796869082944FF2C0
:10EF300035000C464FF26D01CDF8E4A17790759144
:10EF40004FF22C3A4FF278004FF2B0014FF2544595
:10EF50004FF25429CDF8B8A16D906A914FF2700A22
:10EF60004FF22A004FF22C418195CDF8FC91859605
:10EF700084968396809608967E9600967D967C96DB
:10EF80007B967A9607960696789605967696749668
:10EF900073967296719670966F966C966B96CDF886
:10EFA00010A0679066914FF2AE0A4FF2A3004FF2A5
:10EFB000A101CDF894A1039064914FF21A0A4FF287
:10EFC0001C004FF21B01CDF88CA1629061914FF2B1
:10EFD0001D0A4FF219004FF21801CDF880A15F9081
:10EFE0005E914FF2170A4FF216004FF21501CDF85D
:10EFF00074A15C905B914FF2040A4FF213004FF240
:10F000001201CDF868A1599058914FF2110A4FF2B0
:10F0100033004FF20F01CDF85CA1569055914FF29D
:10F020000E0A4FF20D004FF20C01CDF850A1539093
:10F0300052914FF20B0A4FF20A004FF20901CDF83C
:10F0400044A150904F914FF2080A4FF207004FF23F
:10F050000601CDF838A14D904C914FF2050A4FF2C0
:10F0600014004FF22C21CDF82CA14A904FF2250A22
:10F070004FF2A6006996689649914FF2AD01CDF81E
:10F0800020A1479046914FF2A50A4FF2A2004FF2FD
:10F090005A01CDF814A121E0A6E4FF1F82E4FF1F6E
:10F0A000A4E3FF1FAAE4FF1FB2E3FF1FB8E3FF1FA3
:10F0B00084E4FF1FB4E4FF1FB0E4FF1F80E4FF1FE0
:10F0C000B8E4FF1FAEE4FF1F96E4FF1FAAE3FF1F93
:10F0D000A8E3FF1F88E4FF1FD0E2FF1F4490439185
:10F0E0004FF25C0A4FF25B004FF25D01CDF808A1D0
:10F0F000419040914FF2590A4FF258004FF2570198
:10F10000CDF8FCA03E903D914FF2560A4FF25500CB
:10F110004FF24401CDF8F0A03B903A914FF2530AE0
:10F120004FF252004FF25101CDF8E4A038903791E0
:10F130004FF2730A4FF24F004FF24E01CDF8D8A0B4
:10F14000359034914FF24D0A4FF24C004FF24B0183
:10F15000CDF8CCA0329031914FF24A0A4FF24900DB
:10F160004FF24801CDF8C0A02F902E914FF2470AE0
:10F170004FF246004FF24501CDF8B4A02C902B91F0
:10F180004FF2A70A4FF250007F21CDF8A4A028909B
:10F190004FF22E0A2A9427914FF2370125924FF20F
:10F1A0006602CDF898A023914FF2650A4FF26301F1
:10F1B00022924FF262024FF23600CDF884A01F91E6
:10F1C0004FF2610A4FF25F011E924FF25E022490ED
:10F1D000CDF874A04FF264004FF2670A1B911A92A7
:10F1E0004FF276014FF223022090CDF864A04FF247
:10F1F00060004FF2100A179116924FF231014FF250
:10F2000022021C90CDF854A04FF277004FF2210A51
:10F21000029113924FF21E014FF274021890CDF832
:10F2200048A04FF26E004FF2300A119110924FF247
:10F23000A0014FF220021490CDF83CA04FF21C33F5
:10F24000B446B0463546B1464FF22D000E910D92B0
:10F250004FF2380A05F052BD042B02D01B2B40F0B0
:10F26000AF82274C274D28482849402222808022FF
:10F270002A804FF4E0620280254C264D26484FF448
:10F2800080720A804FF4007222804FF4407223494A
:10F290002A804FF4806202804FF4A0620A80204AE4
:10F2A0002048214C40F2FF711180204A4FF270013A
:10F2B00011801F4A4FF22E0111801E4A4FF26E013B
:10F2C00011801D4A4FF2B00111801C4A4FF23001EB
:10F2D00011801B494FF22C0BA1F800B04FF28801AE
:10F2E00001803F221748228042F2AC040480164875
:10F2F0001B2B01804FF21C5305F0FE8126E000BF5E
:10F30000A6E4FF1FA4E3FF1FAAE4FF1FA8E3FF1F5B
:10F31000B2E4FF1FB2E3FF1F84E4FF1FB8E3FF1F47
:10F32000B4E4FF1F82E4FF1F96E4FF1FB0E4FF1F59
:10F33000D2E2FF1F80E4FF1FAEE4FF1FB8E4FF1F0F
:10F34000AAE3FF1F88E4FF1FD0E2FF1F4FF21C2536
:10F350004FF218194FF2182A4FF212504FF2124181
:10F36000B395CDF8C892CDF8C4A2B090AF914FF24A
:10F3700012144FF212254FF212394FF2114A4FF286
:10F3800087004FF20C51AE94AD95CDF83090CDF88A
:10F39000B0A2AB90AA914FF20C144FF20C254FF291
:10F3A0000C394FF2085A4FF208104FF20821A99475
:10F3B000A895CDF82C90CDF89CA2A690A5914FF2DF
:10F3C00008344FF233054FF22F094FF2045A4FF22F
:10F3D00004404FF204110A94A395CDF88892CDF819
:10F3E00084A2A0909F914FF204244FF204354FF273
:10F3F00096094FF2D70A4FF25C204FF258514FF066
:10F4000000084FF2183C9E940995CDF87492CDF8FF
:10F4100070A29B909A914FF258144FF258254FF2D8
:10F4200058394FF2740A4FF252504FF25241CDF810
:10F4300004C099949895CDF890824FF25225CDF85A
:10F440005C92CDF858A2949093914FF252394FF2BA
:10F45000514A4FF2C7004FF24C514FF2521491955E
:10F46000CDF84092CDF83CA28E908D914FF24C2574
:10F470004FF24C394FF2485A4FF248104FF24821A0
:10F4800092948B954FF24C14CDF82892CDF824A28B
:10F49000889087914FF273054FF26F094FF2445AEB
:10F4A0004FF244404FF244218C9484954FF24834FB
:10F4B000CDF80C92CDF808A2819080914FF244359E
:10F4C0004FF235094FF2900A4FF22C204FF22C5197
:10F4D00086947F95CDF80090CDF85482CDF81482B3
:10F4E000CDF82080CDF8F881CDF8F481CDF8F08109
:10F4F000CDF8EC81CDF8E881CDF81C80CDF81880EE
:10F50000CDF8E4A178906E914FF2750A4FF2610048
:10F510004FF2A001CDF8B4A16A9004914FF22A0AEB
:10F520004FF22C404FF2A701CDF89CA16690659157
:10F530004FF2AE0A4FF2A4004FF21D01CDF80CA01D
:10F54000649063914FF21C0A4FF21B004FF21A01B4
:10F55000CDF888A1619060914FF2190A4FF218001E
:10F560004FF21701CDF87CA15E905D914FF2160A23
:10F570004FF215004FF21401CDF870A15B904FF2DD
:10F58000130A4FF21200CDF81480CDF8DC81CDF8CB
:10F59000D881CDF8D481CDF8D081CDF8CC81CDF80B
:10F5A000C881CDF8C481CDF8C081CDF8BC81CDF83B
:10F5B000B081CDF8AC81CDF8A481CDF8A0815A916D
:10F5C0004FF21101CDF864A1589057914FF2100AF3
:10F5D0004FF20F004FF20E01CDF858A15590549103
:10F5E0004FF20D0A4FF20C004FF20B01CDF84CA177
:10F5F000529051914FF20A0A4FF209004FF208015E
:10F60000CDF840A14F904E914FF2070A4FF20600FD
:10F610004FF20501CDF834A14C904B914FF2040A02
:10F620004FF22C304FF27801CDF828A14990489143
:10F630004FF22C1A4FF2A600BF21CDF81CA1469024
:10F6400045914FF2A50A4FF25D004FF25C01CDF8F3
:10F6500010A1439042914FF25B0A4FF25A004FF2D1
:10F660005901CDF804A140903F914FF2580A4FF252
:10F6700057004FF25601CDF8F8A03D903C914FF263
:10F68000550A4FF254004FF25301CDF8ECA03A90D6
:10F6900039914FF2520A4FF251004FF25001CDF81A
:10F6A000E0A0379036914FF24F0A4FF24E004FF2E2
:10F6B0004D01CDF8D4A0349033914FF24C0A4FF263
:10F6C0004B004FF24A01CDF8C8A0319030914FF273
:10F6D000490A4FF248004FF24701CDF8BCA02E90E6
:10F6E0002D914FF2460A4FF245004FF24401CDF8FA
:10F6F000B0A02B902A914FF29F0A4FF26D007F210C
:10F70000CDF8A4A0289027914FF2670A4FF2760017
:10F710004FF27701CDF898A02592249023914FF2D3
:10F7200026024FF2250A4FF224004FF223012292C3
:10F73000CDF884A020901F914FF222024FF2200AB0
:10F740004FF21F004FF21E011E92CDF870A01B90C9
:10F750001A914FF227024FF2640A4FF237004FF22C
:10F7600038014FF221091992CDF860A017904FF29D
:10F7700036024FF22D0ACDF8749016914FF26501C2
:10F780004FF271001592CDF850A04FF23102139153
:10F790004FF2630A4FF26201029012924FF2970603
:10F7A0004FF218574FF2340C4FF2441445464FF2C3
:10F7B0006600CDF844A010914FF2A10205F0D4B933
:10F7C0000F2B40F0F681CE4BCE4940221A80CE4B13
:10F7D00080221A80CD4B4FF4E0621A80CC4B4FF45C
:10F7E00080721A80CB4B4FF400721A80CA4B4FF4D0
:10F7F00040721A80C94B4FF480621A80C84B4FF494
:10F80000A0621A80C74B40F2FF721A80C64B4FF2BB
:10F8100070021A80C54B4FF2AE021A80C44B4FF2F1
:10F820006E021A80C34B4FF2B0021A80C24B4FF2E5
:10F8300030021A80C14B3F221A80C14B4FF22C0B71
:10F84000A3F800B04FF288030B80BE4942F2AC002F
:10F850000880BD494FF21C240B804FF218154FF25F
:10F8600018294FF2183A4FF212504FF21241B39446
:10F87000B295CDF8C492CDF804A0B090AF914FF2FC
:10F8800012144FF212254FF212394FF2114A4FF271
:10F8900087004FF20C51AE94AD95CDF83090CDF875
:10F8A000B0A2AB90AA914FF20C144FF20C254FF27C
:10F8B0000C394FF2085A4FF208104FF20821A99460
:10F8C000A8954FF20834CDF82C904FF23405CDF8BE
:10F8D0009CA2A690A5914FF22F094FF2045A4FF225
:10F8E00004404FF204110A94A395CDF88892CDF804
:10F8F00084A2A0909F914FF204244FF204354FF25E
:10F9000096094FF2D70A4FF25C204FF258519E945D
:10F910000995CDF87492CDF870A29B909A914FF210
:10F9200058144FF258254FF258394FF2730A4FF2DC
:10F9300052504FF2524199949895CDF85C92CDF87F
:10F9400058A2949093914FF252144FF252254FF2D5
:10F9500052394FF2514A4FF2C7004FF24C514FF01B
:10F96000000892949195CDF84092CDF83CA28E90EB
:10F970008D914FF24C144FF24C254FF24C394FF20F
:10F98000485A4FF248104FF248218C948B95CDF88D
:10F990002892CDF824A2CDF890824FF2445ACDF8A7
:10F9A0005482889087914FF244404FF244214FF2A5
:10F9B00074054FF26F09CDF808A2819080914FF243
:10F9C000900A4FF22C204FF22C514FF2483484957C
:10F9D000CDF80C924FF244354FF23509CDF8E4A141
:10F9E00078906E914FF2750A4FF261004FF2A001CC
:10F9F00086947F95CDF80090CDF8B4A1CDF814820F
:10FA0000CDF82080CDF8F881CDF8F481CDF8F081E3
:10FA1000CDF8EC81CDF8E881CDF81C80CDF81880C8
:10FA2000CDF81480CDF8DC81CDF8D881CDF8D48123
:10FA3000CDF8D081CDF8CC81CDF8C881CDF8C48186
:10FA4000CDF8C081CDF8BC81CDF8B081CDF8AC81C6
:10FA50006A9004914FF22C404FF2A7014FF22A0A0C
:10FA6000669065914FF235004FF2A401CDF89CA14C
:10FA7000039064914FF21D0A4FF21C004FF21B01DC
:10FA8000CDF88CA1629061914FF21A0A4FF21900E1
:10FA90004FF21801CDF880A15F905E914FF2170AE6
:10FAA0004FF216004FF21501CDF874A15C905B91F6
:10FAB0004FF2140A4FF213004FF21201CDF868A171
:10FAC000599058914FF2110A4FF210004FF20F0166
:10FAD000CDF85CA1569055914FF20E0A4FF20D00F1
:10FAE0004FF20C01CDF850A1539052914FF20B0AF6
:10FAF0004FF20A004FF20901CDF844A1509025E0E1
:10FB0000A6E4FF1F82E4FF1FA4E3FF1FAAE4FF1F78
:10FB1000A8E3FF1FB2E4FF1FB2E3FF1F84E4FF1F4F
:10FB2000B8E3FF1FB4E4FF1FB0E4FF1FD2E2FF1FE2
:10FB300080E4FF1FAEE4FF1FB8E4FF1F96E4FF1F41
:10FB4000AAE3FF1F88E4FF1FD0E2FF1F4F914FF28F
:10FB5000080A4FF207004FF20601CDF838A14D9088
:10FB60004C914FF2050A4FF204004FF22C31CDF8C0
:10FB7000A481CDF8A081CDF82CA14FF2780A4A904B
:10FB800049914FF22C104FF2A601CDF820A14FF26F
:10FB90001C534FF297064FF218574FF2330C4FF2A7
:10FBA000441445464FF22109479046914FF22E0AE0
:10FBB000F2E1142B40F0AA82CF4BD04940221A80A8
:10FBC000CF4B80221A80CF4B4FF4E0621A80CE4B8D
:10FBD0004FF480721A80CD4B4FF400721A80CC4BD8
:10FBE0004FF440721A80CB4B4FF480621A80CA4B9C
:10FBF0004FF4A0621A80C94B40F2FF721A80C84BC2
:10FC00004FF270021A80C74B4FF22E021A80C64B79
:10FC10004FF26E021A80C54B4FF2B0021A80C44BED
:10FC20004FF230021A80C34B3F221A80C24B4FF270
:10FC30002C0BA3F800B04FF288030B80BF4942F2AF
:10FC4000AC000880BE494FF21C240B804FF21815FF
:10FC50004FF218294FF2183A4FF233004FF2124187
:10FC6000B394B295CDF8C492CDF804A0B090AF9102
:10FC70004FF212144FF212254FF212394FF2114A7D
:10FC80004FF287004FF20C51AE94AD95CDF8309005
:10FC9000CDF8B0A2AB90AA914FF20C144FF20C2504
:10FCA0004FF20C394FF2085A4FF208104FF2082168
:10FCB000A994A8954FF20834CDF82C904FF22F0557
:10FCC000CDF89CA2A690A5914FF234094FF2044AB8
:10FCD0004FF204104FF204210A94A295CDF88492B9
:10FCE000CDF880A29F909E914FF204344FF296057A
:10FCF0004FF2D7094FF25C2A4FF258504FF2581189
:10FD000009949D95CDF87092CDF86CA29A90999136
:10FD10004FF258244FF258354FF273094FF2524ABE
:10FD20004FF252104FF2522198949795CDF850927D
:10FD3000CDF84CA2929091914FF252344FF251452E
:10FD40004FF2C7094FF24C5A4FF24C104FF24C2170
:10FD50004FF0000C90948F95CDF83892CDF834A2E6
:10FD60008C908B914FF24C344FF248554FF248191A
:10FD70004FF2482A4FF248304FF26F018A9489952A
:10FD8000CDF890C2CDF88CC2CDF858C2CDF854C28F
:10FD9000CDF82092CDF81CA2869083914FF2442991
:10FDA0004FF2443A4FF275004FF290014FF2740453
:10FDB0004FF24445CDF80092CDF8FCA10090799126
:10FDC0004FF22C294FF22C5A4FF235004FF26101BD
:10FDD00082948195CDF8E091CDF8B8A16D904FF265
:10FDE000A00A4FF22A00CDF814C2CDF810C2CDF807
:10FDF00020C0CDF8F8C1CDF8F4C1CDF8F0C1CDF8F0
:10FE0000ECC1CDF8E8C1CDF81CC0CDF818C0CDF8D4
:10FE100014C0CDF8DCC1CDF8D8C1CDF8D4C1CDF82F
:10FE2000D0C1CDF8CCC1CDF8C8C1CDF8C4C1CDF892
:10FE3000C0C1CDF8BCC1CDF8B0C1CDF8ACC16A919C
:10FE40004FF22C41CDF810A0679066914FF2A70AAF
:10FE5000BF204FF2A401CDF894A1039064914FF21A
:10FE60001D0A4FF21C004FF21B01CDF88CA16290CD
:10FE700061914FF21A0A4FF219004FF21801CDF8B2
:10FE800080A15F905E914FF2170A4FF216004FF279
:10FE90001501CDF874A15C905B914FF2140A4FF2FA
:10FEA00013004FF21201CDF868A1599058914FF20A
:10FEB000110A4FF210004FF20F01CDF85CA15690DD
:10FEC00055914FF20E0A4FF20D004FF20C01CDF892
:10FED00050A1539052914FF20B0A4FF20A004FF289
:10FEE0000901CDF844A150904F914FF2080A4FF20A
:10FEF00007004FF2060125E0A6E4FF1F82E4FF1F82
:10FF0000A4E3FF1FAAE4FF1FA8E3FF1FB2E4FF1F43
:10FF1000B2E3FF1F84E4FF1FB8E3FF1FB4E4FF1F39
:10FF2000B0E4FF1FD2E2FF1F80E4FF1FAEE4FF1F1B
:10FF3000B8E4FF1F96E4FF1FAAE3FF1F88E4FF1F3A
:10FF4000D0E2FF1FCDF838A14D904C914FF2050A39
:10FF50004FF204004FF22C31CDF8A4C1CDF8A0C16E
:10FF6000CDF82CA14FF2780A4A9049914FF22C100B
:10FF70004FF2A601CDF820A14FF21C534FF2970685
:10FF80004FF21857E0464FF2441465464FF22109EC
:10FF9000479046914FF2AD0ACDF814A14FF2A5005B
:10FFA0004FF25D014FF25C0A44904391CDF808A1F5
:10FFB0004FF25B004FF25A014FF2590A41904091C3
:10FFC000CDF8FCA04FF258004FF257014FF2560AFD
:10FFD0003E903D91CDF8F0A04FF255004FF2540104
:10FFE0004FF2530A3B903A91CDF8E4A04FF2520001
:10FFF0004FF251014FF2500A38903791CDF8D8A006
:020000022000DC
:100000004FF24F004FF24E014FF24D0A35903491AE
:10001000CDF8CCA04FF24C004FF24B014FF24A0A00
:1000200032903191CDF8C0A04FF249004FF2480113
:100030004FF2470A2F902E91CDF8B4A04FF2460010
:100040004FF245014FF2440A2C902B91CDF8A8A015
:100050004FF29F004FF26D014FF07F0A29902891D7
:10006000CDF89CA04FF2670025924FF276014FF237
:1000700077024FF2260A269024914FF22401239210
:10008000CDF888A04FF223024FF2220A4FF225004A
:1000900020911F924FF21F014FF21E02CDF878A05F
:1000A0004FF2270A21901B914FF220004FF23701A7
:1000B0001A92CDF864A04FF238024FF2360A1C9023
:1000C00017914FF264004FF271011692CDF854A0CF
:1000D0004FF265024FF2310A189002914FF22D0053
:1000E0004FF263011392CDF848A04FF262024FF233
:1000F000A10A14901191CDF874904FF266001092FD
:10010000CDF83CA04FF2600102F08CBB122B40F006
:100110008482C24BC24940221A80C24B80221A807C
:10012000C14B4FF4E0621A80C04B4FF480721A80CA
:10013000BF4B4FF400721A80BE4B4FF440721A80CE
:10014000BD4B4FF480621A80BC4B4FF4A0621A8002
:10015000BB4B40F2FF721A80BA4B4FF26F021A800B
:10016000B94B4FF234021A80B84B4FF22F021A806B
:10017000B74B4FF2A1021A80B64B4FF274021A80AD
:10018000B54B3F221A80B54B4FF22C0BA3F800B0B1
:100190004FF2A2030B80B24942F2AC000880B14991
:1001A0004FF21C240B804FF218154FF218294FF212
:1001B000183A4FF212504FF21241B394B295CDF863
:1001C000C492CDF804A0B090AF914FF212144FF248
:1001D00012254FF212394FF2330A4FF20C504FF200
:1001E0000C110026AE94AD95CDF83090CDF8B0A2AC
:1001F000AA90A9914FF20C244FF20C354FF20859F6
:100200004FF2081A4FF208204FF20831A894AB962B
:100210004FF231040B95CDF89C92CDF898A2A590A1
:100220000A914FF204554FF204494FF2041A4FF26B
:1002300004204FF20431A494A195CDF88092CDF81A
:100240007CA29E9009914FF25C244FF258554FF2D8
:1002500058194FF2582A4FF258304FF252519B948E
:100260009A95CDF86492CDF860A2979094914FF250
:1002700052444FF252154FF252294FF2523A4FF276
:1002800073004FF24C5193949295CDF84492CDF86F
:1002900040A28F908D914FF24C144FF24C254FF2AB
:1002A0004C394FF2485A4FF248104FF248218C9483
:1002B0008B95CDF82892CDF824A2A3964FF2444A0C
:1002C000A2969D969C96969695968E9688908791E6
:1002D0004FF244204FF244314FF271054FF244592E
:1002E000CDF804A280907F914FF22C2A4FF2A30008
:1002F0004FF275014FF248348595CDF808924FF2D0
:100300002E054FF26009CDF8E0A1719070914FF287
:100310002C5A4FF22E004FF22A0186940895CDF800
:100320001C90CDF8B8A184964FF22C4A83967E9605
:1003300000967D967C967B967A960696799605969B
:100340007796769675967496739672966F966D9666
:100350006C966B96689067914FF2B1004FF29E01D8
:10036000CDF898A1659003914FF2B40A4FF21D00A9
:100370004FF21C01CDF890A1639062914FF21B0ADD
:100380004FF21A004FF21901CDF884A160905F91ED
:100390004FF2180A4FF217004FF21601CDF878A16C
:1003A0005D905C914FF2150A4FF214004FF2130169
:1003B000CDF86CA15A9059914FF2120A4FF21100E8
:1003C0004FF21001CDF860A1579056914FF20F0AED
:1003D0004FF20E004FF20D01CDF854A154905391FD
:1003E0004FF20C0A4FF20B004FF20A01CDF848A170
:1003F000519050914FF2090A4FF208004FF2070155
:10040000CDF83CA14E904D914FF2060A4FF20500F7
:100410004FF20401CDF830A126E000BFA6E4FF1F93
:1004200082E4FF1FA4E3FF1FAAE4FF1FA8E3FF1F4E
:10043000B2E4FF1FB2E3FF1F84E4FF1FB8E3FF1F16
:10044000B4E4FF1FB0E4FF1FD2E2FF1F80E4FF1FF0
:10045000AEE4FF1FB8E4FF1F96E4FF1FAAE3FF1FEF
:1004600088E4FF1FD0E2FF1F6A964FF22C3A0496F1
:1004700069964B904A914FF278004FF22C11CDF8CB
:1004800024A1489047914FF2B00A4FF2B5004FF2C5
:10049000AF01CDF818A1459044914FF25D0A4FF29B
:1004A0005C004FF25B01CDF80CA1429041914FF2FC
:1004B0005A0A4FF259004FF25801CDF800A13F906F
:1004C0003E914FF2570A4FF256004FF25501CDF8C8
:1004D000F4A03C903B914FF2540A4FF253004FF27C
:1004E0005201CDF8E8A0399038914FF2510A4FF2FD
:1004F00050004FF24F01CDF8DCA0369035914FF20D
:100500004E0A4FF24D004FF24C01CDF8D0A033907F
:1005100032914FF24B0A4FF24A004FF24901CDF8A7
:10052000C4A030902F914FF2480A4FF247004FF28B
:100530004601CDF8B8A02D902C914FF2450A4FF20C
:1005400044004FF29F01CDF8ACA02A904FF26D0A03
:1005500029914FF2670125924FF27602CDF8A0A0C3
:1005600026914FF2770A4FF2250124924FF224028E
:100570007F20CDF88CA021914FF2230A4FF2210168
:1005800020924FF220022790CDF87CA04FF2260057
:100590004FF21F0A1D911C924FF227014FF2640285
:1005A0002290CDF86CA04FF222004FF2370A199139
:1005B00018924FF236014FF230021E90CDF85CA037
:1005C0004FF21E004FF2700A159114924FF265011E
:1005D0004FF22D021A90CDF808A04FF238004FF2DA
:1005E000630A139112924FF262014FF26102169068
:1005F000CDF844A04FF21C534FF21857B446B04602
:100600004FF244144FF23505B1464FF26600109197
:100610000F924FF2A00A04F0AABA102B40F0788291
:10062000C44BC549C54840221A80C54B80221A8058
:10063000C44B4FF4E0621A80C34B4FF480721A80AF
:10064000C24B4FF400721A80C14B4FF440721A80B3
:10065000C04B4FF480621A80BF4B4FF4A0621A80E7
:10066000BE4B40F2FF721A80BD4A4FF23103138035
:100670004FF270020A80BB490A80BB4A1380BB4B11
:100680004FF26F011980BA4B3F221A80B94B4FF2DB
:100690002C0BA3F800B04FF288030380B64842F257
:1006A000AC040480B5484FF21C2403804FF21815A7
:1006B0004FF218294FF2183A4FF21250B394B295F4
:1006C000CDF8C492CDF804A0B0904FF212444FF28E
:1006D00012154FF212294FF2123A4FF21140002632
:1006E000AF94AE95CDF8B492CDF830A0AC904FF267
:1006F0000C544FF20C154FF20C294FF20C3A4FF2FA
:100700000850AA94A995CDF8A0924FF20814AB9680
:10071000CDF82CA0A7904FF2330A4FF20450A694C4
:100720004FF208254FF20839CDF890A2A1904FF270
:1007300004444FF2043A4FF25C20A595CDF828907E
:10074000A0944FF204154FF20429CDF824A09B90F9
:100750004FF258544FF2583A4FF252509F95CDF8FD
:1007600078929A944FF258154FF25829CDF85CA21E
:1007700094904FF252444FF2523A4FF251409995B1
:10078000CDF8609293944FF252154FF25229CDF862
:1007900040A28F904FF24C544FF24C3A4FF24850D7
:1007A0009295CDF844928D944FF24C154FF24C290E
:1007B000CDF828A289904FF248144FF2730A4FF2F5
:1007C00044508C95CDF82C92A396A2969D969C961B
:1007D000969695968E968894CDF814A282904FF2B4
:1007E0006E0A4FF22C204FF248254FF24839CDF8CF
:1007F000F0A178904FF2740A4FF22C508795CDF803
:1008000018924FF244444FF244254FF24439CDF848
:10081000C0A16E904FF2A10A4FF2A0008194809582
:10082000CDF8FC91CDF8B4A184964FF22A0A8396B4
:1008300008967E9600967D967B967A960796069603
:1008400079960596779676967596749673967296BF
:1008500071966F966C966B9604904FF22C40CDF883
:100860009CA166904FF2A70A4FF27500CDF894A1B3
:1008700003904FF2A40A4FF21D00CDF890A16390AF
:100880004FF21C0A4FF21B00CDF888A161904FF285
:100890001A0A4FF21900CDF880A15F904FF2180AA2
:1008A0004FF21700CDF878A15D904FF2160A4FF283
:1008B0001500CDF870A15B904FF2140A4FF21300AF
:1008C000CDF868A159904FF2120A4FF21100CDF8FD
:1008D00060A157904FF2100A4FF20F00CDF858A1C7
:1008E00055904FF20E0A4FF20D00CDF850A15390E3
:1008F0004FF20C0A4FF20B00CDF848A151904FF285
:100900000A0A4FF20900CDF840A14F904FF2080AB1
:100910004FF20700CDF838A14D904FF2060A4FF282
:100920000500CDF830A16A964FF2040A69966896E0
:1009300026E000BFA6E4FF1FD2E2FF1F82E4FF1FF4
:10094000A4E3FF1FAAE4FF1FA8E3FF1FB2E4FF1FF9
:10095000B2E3FF1F84E4FF1FB8E3FF1FB4E4FF1FEF
:10096000B0E4FF1F80E4FF1FAEE4FF1FB8E4FF1FE9
:1009700096E4FF1FAAE3FF1F88E4FF1FD0E2FF1FDA
:100980004B904FF22C30CDF828A149904FF2780AC5
:100990004FF22C10CDF820A147904FF2A60A4FF24B
:1009A000B500CDF818A145904FF2A50A4FF25D00B1
:1009B000CDF810A143904FF25C0A4FF25B00CDF8E6
:1009C00008A141904FF25A0A4FF25900CDF800A108
:1009D0003F904FF2580A4FF25700CDF8F8A03D90E3
:1009E0004FF2560A4FF25500CDF8F0A03B904FF26F
:1009F000540A4FF25300CDF8E8A039904FF2520A52
:100A00004FF25100CDF8E0A037904FF2500A4FF26C
:100A10004F00CDF8D8A035904FF24E0A4FF24D005E
:100A2000CDF8D0A033904FF24C0A4FF24B00CDF8E6
:100A3000C8A031904FF24A0A4FF24900CDF8C0A049
:100A40002F904FF2480A4FF24700CDF8B8A02D90F2
:100A50004FF2460A4FF24500CDF8B0A02B904FF26E
:100A6000440A4FF29F00CDF8A8A029904FF26D0ADA
:100A70007F20CDF8A0A027904FF2670A4FF27600B2
:100A800025924FF27702CDF898A024904FF2260AD3
:100A90004FF2250023924FF22402CDF888A0219036
:100AA0004FF2230A4FF2220020924FF22102CDF89A
:100AB0007CA01E904FF2200A4FF21F001D924FF2B1
:100AC0001E02CDF870A01B904FF2270A4FF264006F
:100AD0001A924FF23702CDF864A0189017924FF295
:100AE000380A4FF236004FF22F024FF21C534FF2EA
:100AF0001857B446B0464FF244144FF234054FF243
:100B00002E09CDF858A015901492029101F05EBC08
:100B10000E2B40F0BE81B74B40221A80B64B80228C
:100B20001A80B64BFF221A80B54B3F221A80B54B74
:100B30004FF22E014FF22C0BA3F800B04FF2310C04
:100B400000234FF233000B914FF26F044FF22F0549
:100B50004FF273094FF2340A4FF27101CDF804C01D
:100B60000C90A5940A95CDF89092CDF824A04FF260
:100B700074004FF2600AB393B293B193B093AF9302
:100B8000AE93AD93AC93AB93AA93A993A893A79379
:100B9000A693A393A293A193A0939F939E939D93B7
:100BA0009C939B939A9399939893979396939593E9
:100BB000949393939293919390938F938E938D9319
:100BC0008C938B938A938993889387938693859349
:100BD000849383938293819380937F9308937E93EE
:100BE00000937D937C936D914FF2F0017590CDF859
:100BF00010A04FF22A0065914FF2750A4FF21D01C5
:100C00006790CDF80CA04FF2EF0063914FF21C0AF1
:100C10004FF21A016490CDF888A14FF21B00609149
:100C20004FF2190A4FF2170161907B934FF21800AF
:100C30007A930793069379937893059377937693B2
:100C4000749373937293719370936F936E936C9389
:100C50006B936A93699368936693CDF87CA15D91D9
:100C60004FF2160A4FF214015E90CDF870A14FF2C8
:100C700015005A914FF2130A4FF211015B90CDF813
:100C800064A14FF2120057914FF2100A4FF20E0179
:100C90005890CDF858A14FF20F0054914FF20D0A21
:100CA0004FF20B015590CDF84CA14FF20C00519131
:100CB0004FF20A0A4FF208015290CDF840A14FF2CC
:100CC00009004E914FF2070A4FF205014F90CDF8FF
:100CD00034A14FF206004B914FF2040A4FF26E011D
:100CE0004C90CDF828A14FF2780047914FF2B00A0E
:100CF0004FF2AF014890CDF818A14FF23500449162
:100D00004FF25D0A4FF25B014590CDF80CA14FF216
:100D10005C0041914FF25A0A4FF258014290CDF8CF
:100D200000A14FF259003E914FF2570A4FF2550180
:100D30003F9049934FF25600CDF8F4A03B914FF20B
:100D4000540A4FF252013C90CDF8E8A04FF2530004
:100D500038914FF2510A4FF24F013990CDF8DCA093
:100D60004FF2500035914FF24E0A4FF24C0136903F
:100D7000CDF8D0A04FF24D0032914FF24B0A4FF216
:100D800049013390CDF8C4A04FF24A002F914FF2A1
:100D9000480A4FF246013090CDF8B8A04FF2470014
:100DA0002C914FF2450A4FF2B3012D90CDF8ACA033
:100DB0004FF2440029914FF26D0A4FF267012592DC
:100DC0004FF276022A90CDF8A0A07F20269124929F
:100DD0004FF2770A4FF225014FF224022790CDF807
:100DE0008CA04FF22600219120924FF2230A4FF25D
:100DF000210109E0A6E4FF1FA4E3FF1FB4E4FF1FE5
:100E000096E4FF1FAAE3FF1F4FF220022290CDF8C5
:100E10007CA04FF222001D911C924FF21F0A4FF24C
:100E200027014FF264021E90CDF86CA04FF2370AF2
:100E3000199118924FF236014FF230024FF21E0014
:100E4000CDF85CA015914FF2700A4FF26501149233
:100E50004FF22D021A90CDF808A04FF238004FF251
:100E6000630A139112924FF262014FF261021690DF
:100E7000CDF844A01E461F469C4698461C461D467B
:100E800099464FF2660010910F924FF2B40A03F0A8
:100E90006EBE112B40F07782C34B40221A80C34BA9
:100EA00080221A80C24B4FF4E0621A80C14B4FF48B
:100EB00080721A80C04B4FF400721A80BF4B4FF4FF
:100EC00040721A80BE4B4FF480621A80BD4B4FF4C3
:100ED000A0621A80BC4B40F2FF721A80BB4B4FF2EB
:100EE00074021A80BA4B4FF22F021A80B94B4FF29C
:100EF0006F021A80B84B4FF234021A80B74B4FF290
:100F000063021A80B64B3F224FF21C244FF2181591
:100F10004FF218294FF2183A4FF212504FF2124185
:100F20001A80B394AF4BB295CDF8C492CDF804A01B
:100F3000B090AF914FF212144FF212254FF21239C6
:100F40004FF2114A4FF20C504FF20C110026AE94A2
:100F5000AD95CDF83090CDF8B0A2AA90A9914FF2FE
:100F60000C244FF20C354FF208594FF2081A4FF289
:100F700008204FF208314FF22C0BA3F800B0A894D0
:100F80000B95CDF89C92CDF898A2AB964FF2042A1F
:100F9000A5900A914FF25C214FF204544FF20445A0
:100FA0004FF20419CDF878A24FF204309B914FF222
:100FB000583A4FF25241A194A095CDF87C920990F5
:100FC0004FF258544FF258154FF25829CDF85CA201
:100FD0004FF2525093914FF2514A4FF24C119A9462
:100FE0009995CDF8609294904FF252144FF2522599
:100FF0004FF25239CDF83CA24FF24C508C914FF247
:10100000481A4FF2483192949195CDF840928D90C4
:101010004FF24C244FF24C354FF24859CDF820A2F4
:101020004FF2482086914FF2443A4FF22C218B9494
:101030008A95CDF8249287904FF244294FF29E0072
:10104000A496A396A2969D969C96969695968E9615
:101050008596CDF8FCA178914FF2B00A4FF2880145
:10106000CDF800927B904FF29F097591CDF8C0A109
:101070004FF22C504FF2AE014FF2A10A4FF24454FE
:101080004FF24445CDF81490CDF8DC916E904FF2BC
:10109000A3096D91CDF810A04FF2A2004FF22A01E2
:1010A0004FF22C4A82948195CDF8C4918496839610
:1010B00008967E9600967D967C967A96079606967A
:1010C000799676967496739672966F966C966B96E2
:1010D0006A9669906791CDF898A14FF271007F21CF
:1010E0004FF2700A65900391CDF890A14FF21D0068
:1010F0004FF21C014FF21B0A63906291CDF884A15C
:101100004FF21A004FF219014FF2180A60905F91E6
:10111000CDF878A14FF217004FF216014FF2150AE1
:101120005D905C91CDF86CA14FF214004FF2130169
:101130004FF2120A5A905991CDF860A14FF2110066
:101140004FF210014FF20F0A57905691CDF854A16B
:101150004FF20E004FF20D014FF20C0A54905391D2
:10116000CDF848A14FF20B004FF20A014FF2090AE5
:1011700051905091CDF83CA14FF208004FF2070179
:101180004FF2060A4E904D91CDF830A14FF2050076
:101190004FF204014FF22C3A4B904A91CDF824A122
:1011A0004FF26D0020E000BFA6E4FF1FA4E3FF1F85
:1011B000AAE4FF1FA8E3FF1FB2E4FF1FB2E3FF1F73
:1011C00084E4FF1FB8E3FF1FB4E4FF1FB0E4FF1F78
:1011D000D2E2FF1F80E4FF1FAEE4FF1FB8E4FF1F51
:1011E00096E4FF1FAAE3FF1F4FF22C114FF2310AC2
:1011F000689648904791CDF818A145924FF230007B
:101200004FF25D014FF25C024FF25B0A4490439152
:101210004292CDF804A14FF25A004FF259014FF219
:1012200058024FF2570A40903F913E92CDF8F4A0F9
:101230004FF256004FF255014FF254024FF2530A4B
:101240003C903B913A92CDF8E4A04FF252004FF21D
:1012500051014FF250024FF24F0A389037913692B7
:10126000CDF8D4A04FF24E004FF24D014FF24C0298
:101270004FF24B0A349033913292CDF8C4A04FF222
:101280004A004FF249014FF248024FF2470A3090AC
:101290002F912E92CDF8B4A04FF246004FF24501A7
:1012A0004FF244024FF25F0A2C902B912A92CDF814
:1012B000A4A04FF29A004FF277014FF22E024FF2A4
:1012C000760A2890279126924FF278014FF2260253
:1012D000CDF894A04FF2250A4FF2380023912292C4
:1012E0004FF223014FF22202CDF884A04FF2210ADF
:1012F00024901F914FF224004FF21F011E92CDF84F
:1013000074A04FF21E024FF2270A20901B914FF259
:1013100020004FF237011A92CDF864A04FF22D024F
:101320004FF2360A1C9017914FF294004FF264016D
:101330001692CDF854A04FF266024FF2350A18907B
:1013400002914FF26E001392CDF848A011914FF226
:1013500061024FF262014FF2A00A149010914FF215
:101360001C534FF21857B446B0464FF244144FF294
:10137000B105B1464FF267000F92CDF838A04FF299
:10138000750103F0F8BB072B40F08682C24BC348BF
:1013900040221A80C24B80221A80C24B4FF4E06276
:1013A0001A80C14B4FF400721A80C04B4FF4407248
:1013B0001A80BF4B4FF480621A80BE4B4FF4A0627C
:1013C0001A80BD4B40F2FF721A80BC4B4FF22F02C5
:1013D0001A80BB4B4FF2B4021A80BA4B4FF2B102E3
:1013E0001A80B94B4FF26F021A80B84B4FF2B80215
:1013F0001A80B74B3F221A80B64B4FF22C0BA3F842
:1014000000B0B54B4FF2540119804FF288030380AE
:10141000B24842F2AC040480B1484FF21C5403803D
:10142000B3944EF26C054FF218594FF2340A4FF252
:1014300012304FF21244B295CDF8C492CDF804A008
:10144000B090AF944EF266054FF212594FF2122A45
:101450004FF211404FF20C340026AE95CDF8B49205
:10146000CDF830A0AC90AA944EF260054FF20C5922
:101470004FF20C2A4FF208304EF25C04A995CDF8D9
:10148000A0924FF21F054FF22409AB96CDF82CA085
:10149000A790A6944FF2260A4FF214304FF214444C
:1014A000A595CDF82890CDF890A2A190A0944EF2E9
:1014B00068054FF214594FF2270A4FF25C504EF272
:1014C000AC049F95CDF87892CDF824A09B90999488
:1014D0004FF258554FF258294FF2523A4FF25240BC
:1014E0004EF2A6049895CDF85C92CDF850A2939058
:1014F00092944FF252554FF252294FF2514A4FF205
:101500004C304EF2A0049195CDF84092CDF83CA21B
:101510008D908C944FF24C554FF24C294FF2483A33
:101520004EF29C004FF248544FF218378B95CDF88D
:101530002892CDF824A24FF254394FF2544AA39680
:10154000A2969D969C969A97969695968E9688903A
:1015500087944FF254500C464FF25421CDF8089224
:10156000CDF804A280907F914FF231094FF22C5AAE
:101570004FF275004FF235014FF24825CDF8E49156
:10158000CDF8E0A1059077914FF26D094FF22C3A1A
:101590004FF223004FF271018695CDF8D491CDF82A
:1015A000B8A16D904FF22A0A4FF22C40859684968E
:1015B000839608967E9600967D967C967B967A9684
:1015C00007960696769674967396729671967096AE
:1015D0006F966C966B9604914FF2A701CDF89CA183
:1015E000669065914FF29E0A4FF2A6004FF21A01E3
:1015F000CDF80CA0649063914FF21C0A4FF21B00CF
:101600004FF21D01CDF888A1619060914FF2190A47
:101610004FF218004FF21701CDF87CA15E905D915A
:101620004FF2160A4FF215004FF20401CDF870A1E7
:101630005B905A914FF2130A4FF212004FF21101D0
:10164000CDF864A1589057914FF2330A4FF20F0032
:101650004FF20E01CDF858A1559054914FF20D0A5A
:101660004FF20C004FF20B01CDF84CA1529051916A
:101670004FF20A0A4FF209004FF20801CDF840A1DB
:101680004F904E914FF2070A4FF206004FF20501BC
:10169000CDF834A14C9025E0A6E4FF1F82E4FF1FA3
:1016A000A4E3FF1FAAE4FF1FB2E3FF1FB8E3FF1F7D
:1016B00084E4FF1FB2E4FF1FB4E4FF1FB0E4FF1F88
:1016C000D2E2FF1F80E4FF1FB8E4FF1FAEE4FF1F5C
:1016D00096E4FF1FAAE3FF1FA8E3FF1F88E4FF1F94
:1016E000D0E2FF1F4FF2140A4FF22C206A9669963F
:1016F00068964B914FF26E01CDF828A14990489120
:101700004FF2A30A4FF2AF00BF21CDF81CA14690C3
:1017100045914FF2B00A4FF25A004FF25C01CDF8FA
:1017200010A1439042914FF25B0A4FF25D004FF2DD
:101730005901CDF804A140903F914FF2580A4FF261
:1017400057004FF25601CDF8F8A03D903C914FF272
:10175000550A4FF244004FF25301CDF8ECA03A90F5
:1017600039914FF2520A4FF251004FF27301CDF806
:10177000E0A0379036914FF24F0A4FF24E004FF2F1
:101780004D01CDF8D4A0349033914FF24C0A4FF272
:101790004B004FF24A01CDF8C8A0319030914FF282
:1017A000490A4FF248004FF24701CDF8BCA02E90F5
:1017B0002D914FF2460A4FF245004FF29F01CDF8AE
:1017C000B0A02B904FF2500A2A9429914FF2380181
:1017D000CDF8A0A026914FF2370A4FF2650125926D
:1017E0004FF236022492CDF88CA04FF264024FF2F1
:1017F000630A21914FF261017F202092CDF87CA0F5
:101800004FF260024FF25F0A1D914FF2670127907D
:101810001C924FF266004FF27702CDF86CA019913E
:101820004FF2760A4FF21001229018924FF26200A6
:101830004FF27802CDF85CA015914FF2700A4FF28A
:1018400022011E9014924FF25E004FF22102CDF859
:1018500008A013914FF21E0A4FF274011A901292CF
:101860004FF22E00CDF844A010914FF2A00A4FF293
:1018700030024FF220011690CDF838A04FF21C3301
:10188000B446B0463546B1464FF22D000F920D9149
:101890004FF2250A03F032BA0B2B40F0C980514BAE
:1018A000514840221A80514B80221A80504B4FF4ED
:1018B000E0621A804F4B4FF400721A804E4B4FF487
:1018C00040721A804D4B4FF480621A804C4B4FF49B
:1018D000A0621A804B4B40F2FF721A804A4B4FF2C3
:1018E0002E021A80494B4FF2AD021A80484B4FF23C
:1018F0006E021A80474B4FF230021A80464B4FF26D
:10190000AE021A80454B3F221A80454B4FF22C0BFA
:10191000A3F800B0434B4FF2440119804FF2880303
:101920000380414842F2AC04048040484FF21C540A
:101930004EF25C054FF218590380B394B295CDF87E
:10194000C4924FF2182A4FF233004FF212444EF273
:1019500056054FF21259CDF804A0B090AF94AE9551
:10196000CDF8B4924FF2122A4FF211404FF20C34DC
:101970004EF250054FF20C590026CDF830A0AC9035
:10198000AA94A995CDF8A0924FF20C2A4FF20830F4
:101990004EF24C044FF273054FF26F09AB96CDF83F
:1019A0002CA04FF2610AA790A694A595CDF8289097
:1019B0004FF234004FF204444EF248054FF20459FE
:1019C000CDF890A24FF21C334FF22F07B446B04629
:1019D000A396A296A190A0949F95CDF878924FF2ED
:1019E000740AF1E0A6E4FF1F82E4FF1FA4E3FF1FD7
:1019F000AAE4FF1FB2E3FF1FB8E3FF1F84E4FF1F49
:101A0000B2E4FF1FB4E4FF1FB0E4FF1FD2E2FF1FE8
:101A100080E4FF1FB8E4FF1FAEE4FF1F96E4FF1F42
:101A2000AAE3FF1FA8E3FF1F88E4FF1FD0E2FF1F08
:101A3000082B40F08882514B514840221A80514B6C
:101A400080221A80504B4FF4E0621A804F4B4FF4C3
:101A500000721A804E4B4FF440721A804D4B4FF477
:101A600080621A804C4B4FF4A0621A804B4B40F2BC
:101A7000FF721A804A4B4FF22E021A80494B4FF2E6
:101A8000AD021A80484B4FF26E021A80474B4FF25C
:101A900030021A80464B4FF2AE021A80454B3F226D
:101AA0001A80454B4FF22C0BA3F800B0434B4FF27A
:101AB000440119804FF288030380414842F2AC048C
:101AC000048040484FF21C544EF25C054FF2185906
:101AD0000380B394B295CDF8C4924FF2182A4FF216
:101AE00073004FF212444EF256054FF21259CDF8E0
:101AF00004A0B090AF94AE95CDF8B4924FF2122AF4
:101B00004FF211404FF20C344EF250054FF20C5987
:101B10000026CDF830A0AC90AA94A995CDF8A0925B
:101B20004FF20C2A4FF208304EF24C044FF23305BC
:101B30004FF22F09AB96CDF82CA04FF2610AA79077
:101B4000A694A595CDF828904FF274004FF2044466
:101B50004EF248054FF20459CDF890A24FF21C33D3
:101B60004FF26F07B446B046A396A296A190A094F8
:101B70009F95CDF878924FF2340A25E0A6E4FF1F36
:101B800082E4FF1FA4E3FF1FAAE4FF1FB2E3FF1FCD
:101B9000B8E3FF1F84E4FF1FB2E4FF1FB4E4FF1F9C
:101BA000B0E4FF1FD2E2FF1F80E4FF1FB8E4FF1F75
:101BB000AEE4FF1F96E4FF1FAAE3FF1FA8E3FF1F89
:101BC00088E4FF1FD0E2FF1F4FF25C504FF2583401
:101BD000CDF824A09B909A944EF29C054FF2582A7F
:101BE0004FF252304FF2524499954FF25859CDF876
:101BF0005CA2949093944EF296054FF2522A4FF2C3
:101C000051404FF24C34CDF8609292954FF25259B8
:101C1000CDF840A28F908D944EF290054FF24C2A51
:101C20004FF248304EF28C04CDF844928C954FF22E
:101C30004C59CDF828A2899088944FF248554FF21C
:101C4000443A4FF244400C464FF24451CDF82C92A6
:101C500087954FF24829CDF808A2819080914FF2E4
:101C600044254FF2A10A4FF2A3004FF22C31CDF8D8
:101C700018927F959D969C96969695968E968596AB
:101C80008496839608967E96CDF8D4A171906E9135
:101C90004FF2A20A4FF29E004FF27101CDF8B4A1AB
:101CA0006C9004914FF2A50A4FF22A004FF22C419A
:101CB000CDF8A4A1679066914FF2B10A4FF2A4004B
:101CC0004FF2B4014FF22C59CDF894A103906491D6
:101CD0004FF21C0A4FF21D004FF21B01CDF8E091AC
:101CE000CDF88CA100964FF21A0A7D967C967B96D1
:101CF0007A960796069679960596779676967496CE
:101D00007396729670966F966B966A9668966290C6
:101D100061914FF219004FF21801CDF880A15F9048
:101D20005E914FF2170A4FF216004FF21501CDF8EF
:101D300074A15C905B914FF2140A4FF213004FF2C2
:101D40001201CDF868A1599058914FF2110A4FF243
:101D500010004FF20F01CDF85CA1569055914FF253
:101D60000E0A4FF20D004FF20C01CDF850A1539026
:101D700052914FF20B0A4FF20A004FF20901CDF8CF
:101D800044A150904F914FF2080A4FF207004FF2D2
:101D90000601CDF838A14D904C914FF2050A4FF253
:101DA00004004FF22C21CDF82CA14A9049914FF21A
:101DB000780A4FF22C104FF2B001CDF820A14790D5
:101DC00046914FF0BF0A4FF2AF004FF25C01CDF8E1
:101DD00014A1449043914FF25D0A4FF25B004FF221
:101DE0005A01CDF808A141904FF2590A40914FF2A3
:101DF00058004FF25701CDF8FCA03E903D914FF2B4
:101E0000560A4FF255004FF25401CDF8F0A03B9026
:101E10003A914FF2530A4FF252004FF25101CDF86E
:101E2000E4A0389037914FF2500A4FF24F004FF232
:101E30004E01CDF8D8A0359034914FF24D0A4FF2B3
:101E40004C004FF24B01CDF8CCA0329031914FF2C3
:101E50004A0A4FF249004FF24801CDF8C0A02F9036
:101E60002E914FF2470A4FF246004FF24501CDF84E
:101E7000B4A02C902B914FF29F0A4FF26D007F215E
:101E8000CDF8A4A0289027914FF2670A25924FF22F
:101E900076004FF277014FF22602CDF898A02490F9
:101EA000239122924FF2250A4FF224004FF2230190
:101EB0004FF22202CDF884A020901F914FF2210A08
:101EC0004FF21F012A941E924FF21E02CDF874A009
:101ED0001B914FF2270A4FF237011A924FF2380244
:101EE0004FF22000CDF864A017914FF2360A4FF25E
:101EF000600116924FF265021C90CDF854A04FF28B
:101F000064004FF22D0A029113924FF263014FF2D7
:101F100062021890CDF848A04FF25E004FF2310AED
:101F2000119110924FF2A0014FF25F021490CDF880
:101F30003CA03546B1464FF266000E910D924FF22D
:101F4000700A02F0DBBE132B40F05A82C04B4022D5
:101F50001A80C04B80221A80BF4B4FF4E0621A8077
:101F6000BE4B4FF480721A80BD4B4FF400721A8042
:101F7000BC4B4FF440721A80BB4B4FF480621A8006
:101F8000BA4B40F2FF721A80B94B4FF2B4021A807A
:101F9000B84B4FF22F021A80B74B4FF2B1021A80A2
:101FA000B64B4FF26F021A80B54B3F224FF21C2402
:101FB0004FF218154FF218294FF2183A4FF212400B
:101FC0004FF212111A80B394AE4BB295CDF8C49271
:101FD000CDF804A0B090AE914FF212244FF212351A
:101FE0004FF233094FF20C4A4FF20C104FF20C2112
:101FF0000026AD940C95CDF8B092CDF8A8A2A9908A
:10200000A8914FF20C344FF208454FF208194FF2E5
:10201000082A4FF208304FF204414FF22C0BA3F87C
:1020200000B00B94A795CDF89892CDF894A20A90A1
:102030004FF204144FF204254FF204394FF25C2A98
:102040004FF25840AF96AB96A496A1914FF258111B
:102050009F949E95CDF82490CDF86CA29A9099917A
:102060004FF258244FF258354FF252494FF2521A5C
:102070004FF252204FF2523198949795CDF85092EA
:10208000CDF848A2919090914FF273044FF24C45D5
:102090004FF24C194FF24C2A4FF24C304FF248415C
:1020A0008F948D95CDF83092CDF82CA28A9089919D
:1020B0004FF248144FF248254FF248394FF2444A44
:1020C0004FF244204FF2443188948795CDF818920E
:1020D000A396A296A0969D969C9696969596939674
:1020E0008E96859684968396CDF808A280907F91EF
:1020F0004FF2750A4FF2B5004FF22C414FF22E0508
:102100004FF22C29CDF8D4A171906E914FF26E0A46
:102110004FF22A004FF2B0010895CDF8E091CDF8CA
:10212000A0A181964FF2310A7E9600967D967C960C
:102130007B967A9607960696799605967796769682
:1021400074967396729670966F966D966C966B9663
:102150006A9604966996679066914FF235004FF241
:102160003401CDF894A1039064914FF21D0A4FF20F
:102170001C004FF21B01CDF88CA1629061914FF2CF
:102180001A0A4FF219004FF21801CDF880A15F90A2
:102190005E914FF2170A4FF216004FF21501CDF87B
:1021A00074A15C905B914FF2140A4FF213004FF24E
:1021B0001201CDF868A1599058914FF2110A4FF2CF
:1021C00010004FF20F01CDF85CA1569055914FF2DF
:1021D0000E0A4FF20D004FF20C01CDF850A15390B2
:1021E00052914FF20B0A4FF20A004FF20901CDF85B
:1021F00044A150904F914FF2080A4FF207004FF25E
:102200000601CDF838A14D904C914FF2050A4FF2DE
:1022100004004FF22C31CDF82CA14A9049914FF295
:10222000780A4FF22C104FF27101CDF820A147909F
:102230004FF2AD0A46914FF274004FF25D01CDF8B6
:1022400014A1449043914FF25C0A4FF25B001BE0F3
:10225000A6E4FF1FA4E3FF1FAAE4FF1FA8E3FF1FDC
:10226000B2E4FF1FB2E3FF1FB8E3FF1FB4E4FF1F98
:10227000B0E4FF1FD2E2FF1F80E4FF1FB8E4FF1F9E
:1022800096E4FF1FAAE3FF1F4FF25A01CDF808A101
:10229000419040914FF2590A4FF258004FF25701C6
:1022A000CDF8FCA03E903D914FF2560A4FF25500FA
:1022B0004FF25401CDF8F0A03B903A914FF2530AFF
:1022C0004FF252004FF25101CDF8E4A0389037910F
:1022D0004FF2500A4FF24F004FF24E01CDF8D8A006
:1022E000359034914FF24D0A4FF24C004FF24B01B2
:1022F000CDF8CCA0329031914FF24A0A4FF249000A
:102300004FF24801CDF8C0A02F902E914FF2470A0E
:102310004FF246004FF24501CDF8B4A02C902B911E
:102320004FF2440A4FF294004FF26D01CDF8A8A08D
:10233000299028914FF07F0A4FF2670025924FF2C3
:1023400076014FF27702CDF89CA026904FF2260A34
:1023500024914FF225004FF2240123924FF22302E1
:10236000CDF888A021904FF2220A4FF2210020914F
:102370001F924FF220014FF21F02CDF878A01D905E
:102380004FF21E0A4FF227001C911B924FF264017C
:102390004FF23702CDF868A01990189117924FF2BA
:1023A000380A4FF236004FF230014FF270024FF20E
:1023B0001C434FF21847B446B0464FF2441435461A
:1023C000B146CDF858A01590149102924FF2650ACB
:1023D0004FF22D014FF26302CDF84CA012914FF253
:1023E000620A4FF2610111924FF26600CDF840A0EF
:1023F0000F914FF2A0020E924FF25F0A00F06FBFF2
:102400000D2B40F01582B74BB74940221A80B74BCD
:1024100080221A80B64B4FF440721A80B54B4FF4AD
:1024200080721A80B44B4FF400721A80B34B40F2A2
:10243000FF321A80B24B4FF2B4021A80B14B4FF206
:1024400035021A80B04B3F221A80B04B4FF22C0B52
:10245000A3F800B04FF2A1030B80AD4942F2AC00EB
:102460000880AC494FF298000B804FF21811B190E0
:1024700001914FF292044FF288004FF208110023AD
:102480004FF21C2CAD944FF212154FF28C094FF203
:102490000C1AA5900A914FF284044FF218104FF2D3
:1024A000D201CDF8CCC20C95CDF8A092CDF82CA0DD
:1024B0004FF204154FF2D80AB293B093AF93AE9394
:1024C000AC93AB93AA93A993A793A693A493A39336
:1024D0009E94979091914FF212144FF20C104FF27C
:1024E000C80109954FF25C29CDF860A290944FF293
:1024F000CC058A9087914FF208144FF204104FF2E6
:1025000075014FF2B50ACDF86C928B9586944FF217
:10251000C405A293A193A0939F939D939C939A9398
:102520009993969395939493939392938F938E9379
:102530008D938C93899388938593849383938293CB
:102540007F907191CDF8B0A14FF260004FF22A0157
:102550004FF2710A8095049067914FF270007F21CD
:10256000819308937E9300937D937C937B937A93DE
:10257000079306937993789305937793769375935E
:1025800074937393729370936F936E936D936B9335
:102590006A9369936893CDF898A14FF26F0A65909A
:1025A0000391CDF890A14FF21D004FF21C014FF2A4
:1025B0001B0A63906291CDF884A14FF21A004FF28A
:1025C00019014FF2180A60905F91CDF878A14FF28F
:1025D00017004FF216014FF2150A5D905C91CDF88D
:1025E0006CA14FF214004FF213014FF2120A5A90ED
:1025F0005991CDF860A14FF211004FF210014FF246
:102600000F0A57905691CDF854A14FF20E004FF299
:102610000D014FF20C0A54905391CDF848A14FF29E
:102620000B004FF20A014FF2090A51905091CDF878
:102630003CA14FF208004FF207014FF2060A4E90FC
:102640004D91CDF830A14FF205004FF204014FF249
:10265000F40A4B904A91CDF824A14FF26D004FF24D
:1026600063014FF2300A48904791CDF818A14FF21C
:102670002F0045924FF25D014FF25C024FF25B0A70
:10268000449043914292CDF804A14FF25A004FF288
:1026900059014FF258024FF2570A40903F913E9233
:1026A000CDF8F4A04FF256004FF255014FF254020C
:1026B0004FF2530A3C903B913A92CDF8E4A04FF28E
:1026C00052004FF251014FF250024FF24F0A389030
:1026D00037913692CDF8D4A04FF24E004FF24D0113
:1026E0001AE000BFA6E4FF1F82E4FF1FA4E3FF1F60
:1026F000AAE4FF1FB2E3FF1FB2E4FF1FB4E4FF1F11
:10270000D2E2FF1F80E4FF1F96E4FF1FAAE3FF1F32
:1027100088E4FF1FD0E2FF1F4FF24C024FF24B0A3A
:10272000349033913292CDF8C4A04FF24A004FF268
:1027300049014FF248024FF2470A30902F912E92F2
:10274000CDF8B4A04FF246004FF245014FF24402DB
:102750004FF2740A2C902B912A92CDF8A4A04FF23C
:1027600078004FF277014FF22E024FF2760A28904E
:1027700027912692CDF894A04FF233004FF27301C7
:102780004FF226024FF2250A249023914FF22400A3
:102790004FF223012292CDF884A04FF222024FF291
:1027A000210A20901F914FF220004FF21F011E922C
:1027B000CDF874A04FF21E024FF2270A1C901B9115
:1027C0004FF238004FF237011A92CDF864A04FF261
:1027D0002D024FF2360A189017914FF26E004FF209
:1027E00065011692CDF854A04FF266024FF2340AFA
:1027F000149002911E461F469C4698461C461D4654
:1028000099464FF267001392CDF848A04FF2640149
:102810004FF262024FF2610A11911092CDF83CA082
:102820004FF231014FF25F020E910D9202F0A4B906
:102830000C2B40F09282D24BD24840221A80D24BCD
:1028400080221A80D14B4FF4E0621A80D04B4FF4B3
:1028500000721A80CF4B4FF440721A80CE4B4FF467
:1028600080621A80CD4B4FF4A0621A80CC4B40F2AC
:10287000FF721A80CB4B4FF2B4021A80CA4B4FF250
:1028800034021A80C94B4FF2B1021A80C84B4FF282
:1028900075021A80C74B4FF235021A80C64B3F2291
:1028A0001A80C64B4FF22C0BA3F800B0C44B4FF26A
:1028B000440119804FF2A2030380C24842F2AC04E3
:1028C0000480C1484FF21C240380B3944EF25C058F
:1028D0004FF218294FF2183A4FF212404EF25604B6
:1028E000B295CDF8C492CDF804A0B090AE944FF25A
:1028F00012254FF212394FF22F0A4FF20C404EF2CE
:1029000050044FF0000CAD95CDF83090CDF8ACA24E
:10291000AA90A9944FF20C254FF20C394FF2084AB5
:102920004EF24C004FF20824A895CDF8BCC24FF2ED
:102930000835CDF8B0C2CDF82C90CDF89CA2A69069
:10294000A5944FF233094FF2045A4FF204404EF26D
:1029500048040A95CDF88C92CDF888A2A1909F9456
:102960004FF204254FF204394FF2780A4FF25C20FF
:102970004FF258449E95CDF82490CDF870A29B90CC
:102980009A944EF29C054FF258294FF2583A4FF262
:1029900052404EF296049995CDF86092CDF85CA223
:1029A000949092944FF252254FF252394FF26F0A9F
:1029B0004FF24C404EF290049195CDF84092CDF8F4
:1029C00038A28D908C944FF24C254FF24C394FF237
:1029D000484A4EF28C004FF248248B95CDF828924D
:1029E000CDF824A2CDF890C24FF2445ACDF880C25F
:1029F000CDF874C2CDF858C2CDF854C2CDF84CC24F
:102A0000CDF83CC2889087944FF244400C464FF278
:102A100084214FF248354FF27309CDF80CA2829011
:102A200080914FF22C2A4FF2B5004FF22C4186953F
:102A3000CDF810924FF244354FF29009CDF8E0A155
:102A400075906E914FF22A0A4FF2B0004FF2A70133
:102A50007F95CDF8E491CDF814C2CDF804C2CDF83D
:102A600020C0CDF8F8C1CDF800C0CDF8F4C1CDF844
:102A7000F0C1CDF8ECC1CDF8E8C1CDF81CC0CDF85F
:102A800018C0CDF814C0CDF8DCC1CDF8D8C1CDF850
:102A9000D0C1CDF8CCC1CDF8C8C1CDF8C4C1CDF8F6
:102AA000C0C1CDF8BCC1CDF8B4C1CDF8B0C1CDF82E
:102AB000ACC1CDF89CA1669065914FF0BF0A4FF272
:102AC000A4004FF21D01CDF80CA0649063914FF269
:102AD0001C0A4FF21B004FF21A01CDF888A1619039
:102AE00060914FF2190A4FF218004FF21701CDF81A
:102AF0007CA15E905D914FF2160A4FF215004FF2E5
:102B00001401CDF870A15B905A914FF2130A4FF265
:102B100012004FF21101CDF864A1589057914FF275
:102B2000100A4FF20F004FF20E01CDF858A1559048
:102B300054914FF20D0A4FF20C004FF20B01CDF8F9
:102B40004CA1529051914FF20A0A4FF209004FF2F4
:102B50000801CDF840A14F904E914FF2070A4FF275
:102B600006004FF20501CDF834A14C904FF2040A53
:102B70004FF22C30CDF8A8C1CDF810C026E000BF30
:102B8000A6E4FF1F82E4FF1FA4E3FF1FAAE4FF1FC8
:102B9000B2E4FF1FB2E3FF1FB8E3FF1FACE3FF1F68
:102BA000B4E4FF1FB0E4FF1FD2E2FF1F80E4FF1F69
:102BB000B8E4FF1FD6E2FF1F96E4FF1FAAE3FF1F42
:102BC000A8E3FF1F88E4FF1FD0E2FF1FCDF8A4C1D8
:102BD000CDF8A0C14B914FF26E01CDF828A14990DC
:102BE00048914FF22C1A4FF2A6004FF2AD01CDF8EA
:102BF0001CA1469045914FF2A50A4FF25D004FF29D
:102C00005C01CDF810A1439042914FF25B0A4FF264
:102C10005A004FF25901CDF804A140903F914FF274
:102C2000580A4FF257004FF25601CDF8F8A03D90E8
:102C30003C914FF2550A4FF254004FF25301CDF838
:102C4000ECA03A9039914FF2520A4FF251004FF2F4
:102C50005001CDF8E0A0379036914FF24F0A4FF275
:102C60004E004FF24D01CDF8D4A0349033914FF285
:102C70004C0A4FF24B004FF24A01CDF8C8A03190F8
:102C800030914FF2490A4FF248004FF24701CDF818
:102C9000BCA02E902D914FF2460A4FF245004FF204
:102CA0009401CDF8B0A02B904FF2700A2A9429918C
:102CB0004FF267017F20CDF8A0A026914FF2770A4E
:102CC0004FF2250125924FF27602279024924FF27F
:102CD00026004FF22402CDF88CA021914FF2230A56
:102CE0004FF22101229020924FF222004FF2200257
:102CF000CDF87CA01D914FF21F0A4FF227011E90C4
:102D00001C924FF21E004FF26402CDF86CA0199194
:102D10004FF2370A4FF236011A9018924FF22E00F6
:102D20004FF23102CDF85CA015914FF2710A4FF2CB
:102D30006501169014924FF21C434FF238064FF281
:102D40001847E0466546E146CDF808A04FF2660018
:102D500013914FF2740201F09DB8152B40F0C3821D
:102D6000BD4BBE4940221A80BD4B80221A80BD4B0C
:102D70004FF4E0621A80BC4B4FF400721A80BB4BD8
:102D80004FF440721A80BA4B4FF480621A80B94BEC
:102D90004FF4A0621A80B84B40F2FF721A80B74B12
:102DA0004FF260021A80B64B4FF2B3021A80B54B55
:102DB0004FF2B1021A80B44B4FF2B0021A80B34BFB
:102DC0004FF2AF021A80B24B4FF22C0BA3F800B0B7
:102DD000B04B4FF244021A804FF288030B80AE4989
:102DE00042F2AC000880AD490B80AD4B4FF48F71BF
:102DF0001980AC4B4FF26F011980AB4B40F21F11A1
:102E00001980AA4B4FF22F011980A94B4FF49871EA
:102E10001980A84B4FF274011980A74B40F2311171
:102E20001980A64B4FF20C011980A54B4FF4AF71DE
:102E30001980A44B4FF273011980A34B40F251113A
:102E40001980A24B4FF233014FF21C241980B39426
:102E50004EF25C054FF218294FF2183A4FF2360045
:102E60004FF212414EF25604B295CDF8C4924FF291
:102E70001225CDF804A04FF21239B090AF91AE9464
:102E80004FF2114A4FF20C504EF250014FF20C2407
:102E9000AD95CDF83090CDF8B0A2AA90A991A894A4
:102EA0004FF20C354FF208594EF24C0A4FF27500B2
:102EB0004FF208314FF237040B95CDF89C92CDF8C4
:102EC00098A2A5900A91A4944FF204554FF2044998
:102ED0004EF2480A4FF204204FF204314FF29604AA
:102EE000A195CDF88092CDF87CA29E9009919D94F9
:102EF0004FF25C254FF270094EF29C0A4FF25820B7
:102F00004FF258314FF2760400269B95CDF8689227
:102F1000CDF864A29890979194944FF252454EF256
:102F200096094FF2522A4FF252304FF251414FF26E
:102F30004C54AB96A396A2969C969696959693958E
:102F4000CDF84892CDF844A290908F918D944EF296
:102F500090054FF24C294FF24C3A4FF248504EF246
:102F60008C014FF248248C95CDF82C92CDF828A2F4
:102F70008990889187944FF248354FF277094FF244
:102F8000840A4FF244504FF2444114464FF2442217
:102F90008695CDF81492CDF810A2829081918092FE
:102FA0004FF244354FF2A2094FF22C2A4FF22C5027
:102FB0004FF29F014FF22A027F95CDF80090CDF895
:102FC000E0A18E964FF22C4A839608967E967D96C7
:102FD0007C967B967A9607960696799605967796CE
:102FE00076966E90049167924FF2A7004FF2AE0171
:102FF0004FF2A402CDF898A16590039164924FF22C
:103000001D0A4FF21C004FF21B014FF21A02CDF8BD
:103010008CA16290619160924FF2190A4FF21800F0
:103020004FF217014FF21602CDF87CA15E905D9130
:103030005C924FF2150A4FF214004FF213014FF257
:103040001202CDF86CA15A90599158924FF2110A80
:103050004FF210003CE000BFA6E4FF1F82E4FF1F18
:10306000A4E3FF1FAAE4FF1FB2E4FF1FB2E3FF1FA8
:1030700084E4FF1FB8E3FF1FB4E4FF1FB0E4FF1FA9
:10308000D2E2FF1F80E4FF1FAEE4FF1FB8E4FF1F82
:10309000AAE3FF1FA8E3FF1F88E4FF1FD0E2FF1F82
:1030A0008AE4FF1FD4E2FF1F8CE4FF1FB4E3FF1F7D
:1030B0008EE4FF1F9CE4FF1F90E4FF1F9AE3FF1FB5
:1030C00092E4FF1FA0E4FF1FBCE4FF1FA2E4FF1F68
:1030D0004FF20F014FF20E02CDF85CA175964FF240
:1030E0000D0A749673967296719670966F966D9699
:1030F0006C966B966A96699668965690559154921E
:103100004FF234004FF20B014FF20A02CDF84CA1FE
:103110005290519150924FF2090A4FF208004FF22B
:1031200007014FF20602CDF83CA14E904D914C9212
:103130004FF2050A4FF204004FF22C314FF26E02AB
:10314000CDF82CA14A90499148924FF22C1A4FF297
:10315000A6004FF2AD014FF2A502CDF81CA146909A
:10316000459144924FF25D0A4FF25C004FF25B01D1
:103170004FF25A02CDF80CA14290419140924FF289
:10318000590A4FF258004FF257014FF25602CDF84C
:10319000FCA03E903D913C924FF2550A4FF25400F4
:1031A0004FF253014FF25202CDF8ECA03A90399110
:1031B00038924FF2510A4FF250004FF24F014FF246
:1031C0004E02CDF8DCA0369035914FF24D0A349284
:1031D0004FF24B014FF24A02CDF8CCA04FF24C0017
:1031E000319130924FF2490A4FF247014FF24602B5
:1031F0003290CDF8BCA04FF248002D912C924FF2A6
:10320000450A4FF26D014FF29E022E90CDF8ACA010
:103210004FF29400289127924FF2670A4FF2710102
:103220004FF278022990CDF898A04FF2B500249182
:1032300023924FF2260A4FF224014FF223022590E7
:10324000CDF888A04FF2250020911F924FF2220A5C
:103250004FF220014FF21F022190CDF878A04FF2DB
:1032600021001C911B924FF21E0A4FF264014FF293
:1032700038021D90CDF868A04FF2270018911792E0
:103280004FF22E0A4FF261014FF22D021990CDF844
:1032900058A04FF23100149102924FF2650A4FF29A
:1032A0005F014FF2630215902A94CDF84CA04FF2C3
:1032B000620A129111924FF2A1014FF2A002CDF8D1
:1032C00040A04FF21C534FF23007B446B04635468B
:1032D000B1464FF266000F910E924FF2350ACDF8CB
:1032E00034A001F049BC182B40F0D782A64BA74967
:1032F00040221A80A64B80221A80A64B4FF470629F
:103300001A80A54B4FF480721A80A44B4FF40072C0
:103310001A80A34B4FF440721A80A24B4FF4A06264
:103320001A80A14B4FF4C0621A80A04B4FF4006288
:103330001A809F4B4FF410621A809E4B4FF43062FC
:103340001A809D4B40F6FF721A809C4B4FF22E0262
:103350001A809B4B4FF275021A809A4B4FF26E0205
:103360001A80994B4FF2A1021A80984B4FF2A30298
:103370001A80974B4FF2A5021A80964B4FF2A70284
:103380001A80954B4FF2AD021A80944B4FF2AE0269
:103390001A80934B3F221A80924B4FF22C0BA3F8CA
:1033A00000B04FF288030B808F4940F21B10088059
:1033B0008E494FF21F0008808D4940F2611008804D
:1033C0008C494FF2200008808B4940F20D10088094
:1033D0008A494FF221000880894940F2591008803B
:1033E00088494FF22200088087494FF4BF70088057
:1033F00086494FF223000880854940F26F1008800B
:1034000084494FF233000880834940F2111008804C
:1034100082494FF29600088081494FF488700880F5
:1034200080494FF2870008807F494FF4A1700880DF
:103430007E494FF28E0008807D4940F2411008809D
:103440007C494FF28F0008807B4942F2AC00088033
:103450007A494FF22F000B804FF2121100234FF2E6
:10346000240CB190AD914FF226044FF227054FF690
:1034700006394FF2250A4FF2B4004FF25D11CDF834
:10348000CCC2A894A595CDF89092B2930193B09335
:10349000AF93AE930C93AC93AB93AA93A9930B9376
:1034A000A793A6930A93A393A293CDF878A29D9095
:1034B0009B914FF24C1A4FF248104FF646314FF2A3
:1034C00058144FF2B0054FF25219CDF82CA2879044
:1034D00085914FF22C1A4FF22C204FF23401989420
:1034E0009595CDF84492A193A0939F9309939C93B3
:1034F0009A9399939793969394939393929390938B
:103500008F938E938D938C938A93899388938693CC
:103510008493839382938193CDF8E0A175906D910C
:103520004FF2B10A4FF22A004FF29E014FF24415BA
:103530004FF62C39CDF8A8A1679066914FF2910A09
:103540007F204FF285018095CDF8E8917F93089315
:103550007E9300937D937C937B930793069379935B
:103560000593779376937493739372937193709397
:103570006F936E936C936B93049369936893CDF8F8
:1035800094A1039064915BE0A6E4FF1F82E4FF1F17
:10359000A4E3FF1FAAE4FF1FB2E4FF1F9CE3FF1F89
:1035A0007EE4FF1FBAE3FF1FAEE3FF1F9EE4FF1F91
:1035B00098E3FF1F86E4FF1FB4E4FF1FD2E2FF1F62
:1035C000B6E4FF1FBAE4FF1FB6E3FF1FA6E3FF1F29
:1035D000A2E3FF1F94E4FF1FB8E4FF1FB0E3FF1F47
:1035E00096E4FF1FAAE3FF1F88E4FF1FD0E2FF1F3E
:1035F0008AE4FF1FD4E2FF1F8CE4FF1FB4E3FF1F28
:103600008EE4FF1F9CE4FF1F90E4FF1F9AE3FF1F5F
:1036100092E4FF1FA0E4FF1FBCE4FF1FA2E4FF1F12
:10362000BEE4FF1FA4E4FF1F98E4FF1F9EE3FF1FFB
:103630009AE4FF1FA8E4FF1FA0E3FF1FACE4FF1FF5
:103640004FF21C0A4FF21D004FF21B01CDF88CA166
:10365000629061914FF21A0A4FF219004FF218016D
:10366000CDF880A15F905E914FF2170A4FF21600DD
:103670004FF21501CDF874A15C905B914FF2140AE2
:103680004FF213004FF21201CDF868A159905891F2
:103690004FF2110A4FF210004FF20F01CDF85CA16A
:1036A000569055914FF20E0A4FF20D004FF20C0159
:1036B000CDF850A1539052914FF20B0A4FF20A00ED
:1036C0004FF20901CDF844A150904F914FF2080AF2
:1036D0004FF207004FF20601CDF838A14D904C9102
:1036E0004FF2050A4FF204004FF2A401CDF82CA1CD
:1036F0004A9049914FF2780A4FF2A0004FF28A01A6
:10370000CDF820A14790469145924FF25C0A4FF2C6
:1037100089024FF25D004FF25B014492CDF80CA19B
:10372000429041914FF25A024FF2590A4FF258001B
:103730004FF257014092CDF8FCA03E903D914FF2E0
:1037400056024FF2550A4FF254004FF253013C9289
:10375000CDF8ECA03A9039914FF252024FF2510A53
:103760004FF250004FF24F013892CDF8DCA0369066
:1037700035914FF24E024FF24D0A4FF24C004FF28C
:103780004B013492CDF8CCA0329031914FF24A02E5
:103790004FF2490A4FF248004FF247013092CDF8FC
:1037A000BCA02E902D914FF246024FF2450A4FF2E7
:1037B00044004FF299012C92CDF8ACA02A902991A7
:1037C0004FF276024FF2B70A4FF22D004FF2B601D8
:1037D0002892CDF89CA0269025914FF235024FF209
:1037E000770A4FF266004FF265012492CDF88CA063
:1037F0004FF2640222904FF2630A21914FF261016D
:103800002092CDF87CA04FF260024FF25F0A1D912A
:103810004FF267011C92CDF86CA04FF26F024FF28D
:10382000370A19914FF236014FF262001892CDF823
:103830005CA04FF21E024FF2B80A15914FF27001D0
:103840001E9014924FF25E004FF27102CDF808A064
:1038500013914FF2860A4FF26D011A9012924FF2B5
:103860003800CDF844A010914FF29B0A4FF2B302FA
:103870004FF273011690CDF838A01E461F469C46A5
:103880004FF2AF081C461D4699464FF230000F928A
:103890000D914FF2740A01F031BA192B40F00683F2
:1038A000B54B40221A80B54B80221A80B44B4FF49E
:1038B00070621A80B34B4FF480721A80B24B4FF48F
:1038C00000721A80B14B4FF480621A80B04B4FF4F3
:1038D000A0621A80AF4B4FF4C0621A80AE4B4FF417
:1038E000E0621A80AD4B4FF400621A80AC4B4FF48B
:1038F00010621A80AB4B4FF420621A80AA4B40F63C
:10390000FF721A80A94B4FF235021A80A84B4FF272
:103910009F021A80A74B4FF2A0021A80A64B4FF2CB
:10392000A1021A80A54B4FF2A2021A80A44B4FF2BB
:10393000A3021A80A34B4FF2A5021A80A24B4FF2AA
:10394000A6021A80A14B4FF2A7021A80A04B4FF299
:10395000AD021A809F4B3F221A809F4B4FF22C0BD7
:10396000A3F800B09D4B4FF2440119809C4B4FF2DD
:10397000880018809B4B4FF4B07018809A4B4FF220
:103980006F001880994B40F261101880984B4FF2ED
:103990002F001880974B4FF488701880964B4FF289
:1039A00070001880954B40F211101880944B4FF224
:1039B00030001880934B4FF486701880924B4FF272
:1039C00073001880914B40F20D101880904B4FF20D
:1039D000330018808F4B4FF4837018808E4B4FF25A
:1039E000740018808D4B40F2071018808C4B4FF2FA
:1039F000340018808B4B40F27D1018808A4B4FF2B8
:103A000071001880894B4FF4BF701880884B4FF2BB
:103A100031004FF61D041880B3944EF25C054FF64A
:103A200018094FF6122A4EF256004FF61204B295BC
:103A3000CDF8C492CDF8C0A2AE90AD944FF60C254F
:103A40004EF250094FF60C0A4FF608204EF24C0485
:103A50000023AA95CDF8A492CDF8A0A2A790A69491
:103A60004FF608054FF206194FF6042A4EF24800A9
:103A70004FF60404A595CDF890924FF2B4054FF699
:103A80005D090193AF930C93AC93AB930B930A93A3
:103A9000A393CDF884A29F909E944FF6582A4EF29D
:103AA0009C004FF658049D95CDF86C92CDF868A215
:103AB000999098944FF2B0054FF652294EF2960A1B
:103AC0004FF652004FF64C249595CDF85092CDF814
:103AD00048A291908D944EF290054FF64C094FF606
:103AE000482A4EF28C004FF648048C95CDF82C9263
:103AF000CDF824A2889087944FF246154FF64429BA
:103B00000C464FF6440A4FF22C104FF62C018595C7
:103B1000A293A09309939C939793969393939093D6
:103B20008F938E938A93869384938393CDF8089290
:103B3000CDF800A27A9078914FF62C2A4FF290009F
:103B40004FF2B1014FF22C59CDF8B8A16D906A91A6
:103B50004FF22A0A4FF29E004FF29101CDF8D49114
:103B6000CDF89CA181934FF29A0A7F9308937E939C
:103B700000937D935EE000BFA6E4FF1FA4E3FF1F58
:103B8000AAE4FF1F86E4FF1F7EE4FF1FBAE3FF1FC6
:103B90009CE3FF1FAEE3FF1F9EE4FF1FB2E4FF1F85
:103BA00098E3FF1FB8E3FF1FB4E4FF1FB0E3FF1F5C
:103BB000BAE4FF1FB0E4FF1FB6E3FF1FB6E4FF1F28
:103BC000A6E3FF1FA2E3FF1FD2E2FF1F94E4FF1F43
:103BD000B8E4FF1F96E4FF1FAAE3FF1FA8E3FF1F3F
:103BE00082E4FF1F88E4FF1FD0E2FF1F8AE4FF1F6B
:103BF000D4E2FF1F8CE4FF1FB4E3FF1F8EE4FF1F1E
:103C00009CE4FF1F90E4FF1F9AE3FF1F92E4FF1F55
:103C1000A0E4FF1FBCE4FF1FA2E4FF1FBEE4FF1FE0
:103C2000A4E4FF1F98E4FF1F9EE3FF1F9AE4FF1F19
:103C3000A8E4FF1F7C937B930793069379930593E6
:103C400077937693749373937293719370936F9346
:103C50006C936B93049369936893669065914FF2AC
:103C600085004FF21C01CDF80CA0649063914FF2D7
:103C70001D0A4FF21B004FF21A01CDF888A1619086
:103C800060914FF2190A4FF218004FF21701CDF868
:103C90007CA15E905D914FF2160A4FF215004FF233
:103CA0001401CDF870A15B905A914FF2130A4FF2B4
:103CB00012004FF21101CDF864A1589057914FF2C4
:103CC000100A4FF20F004FF20E01CDF858A1559097
:103CD00054914FF20D0A4FF20C004FF20B01CDF848
:103CE0004CA1529051914FF20A0A4FF209004FF243
:103CF0000801CDF840A14F904E914FF2070A4FF2C4
:103D000006004FF20501CDF834A14C904B914FF2D3
:103D1000040A4FF2A4004FF27801CDF828A149908F
:103D200048914FF22C3A4FF28A004FF29401CDF8AD
:103D30001CA146904FF2890A45914FF25D01CDF8E2
:103D400010A14FF25C0042914FF25B0A4FF2590111
:103D50004390CDF804A14FF25A003F914FF2580A18
:103D60004FF256014090CDF8F8A04FF257003C9129
:103D70004FF2550A4FF253013D90CDF8ECA04FF2AF
:103D8000540039914FF2520A4FF250013A90CDF857
:103D9000E0A04FF2510036914FF24F0A4FF24D0121
:103DA0003790CDF8D4A04FF24E0033914FF24C0A29
:103DB0004FF24A013490CDF8C8A04FF24B00309139
:103DC0004FF2490A4FF247013190CDF8BCA04FF2B3
:103DD00048002D914FF2460A4FF299012E90CDF8EE
:103DE000B0A04FF2450029914FF26D0A4FF26701E2
:103DF0002B90CDF8A0A07F20269125924FF2770A34
:103E00004FF276024FF22501279024924FF22600BE
:103E10004FF224022A94CDF88CA04FF2230A21916C
:103E20004FF22101229020924FF222004FF2200205
:103E3000CDF87CA01D914FF21F0A4FF227011E9072
:103E40001C924FF21E004FF26402CDF86CA0199143
:103E50004FF2370A4FF236011A9018924FF238009B
:103E60004FF22E02CDF85CA015914FF26E0A4FF280
:103E70006501169014921E464FF618279C464FF285
:103E8000AF081D469946CDF808A04FF26600139181
:103E90004FF22D024FF2630A4FF262011292CDF8F7
:103EA00044A010914FF2610200F05EBE1A2B40F068
:103EB0006686AB4B40221A80AA4B80221A80AA4BFE
:103EC0004FF470621A80A94B4FF480721A80A84B8D
:103ED0004FF400721A80A74B4FF440721A80A64B21
:103EE0004FF480621A80A54B4FF4A0621A80A44B55
:103EF0004FF4C0621A80A34B4FF4E0621A80A24BC9
:103F00004FF400621A80A14B4FF410621A80A04B4C
:103F10004FF420621A809F4B4FF430621A809E4B00
:103F200040F6FF721A809D4A4FF2A70313809C4A05
:103F30004FF2A20111809B4A9B494FF26E041480FC
:103F40004FF2A0020A8099494FF2A10008809849D7
:103F50004FF2A300088097484FF2A40101809648D1
:103F60004FF2A505058095480380954B4FF2AD00B3
:103F70001880944B4FF2AE001880934B3F251D8064
:103F8000924B4FF22C0BA3F800B0914B40F2511022
:103F90001880904B4FF22F0018808F4B4FF4A87071
:103FA00018808E4B4FF26F0018808D4B40F27110CD
:103FB00018808C4B4FF2310018808B4BA8954FF432
:103FC000B8701880894B4FF271001880884B40F20E
:103FD00011101880874B4FF287001880864B4FF4E2
:103FE00088761E80854B4FF296061E80844B4FF4D8
:103FF000A1761E80834B4FF28E061E80824B40F2CC
:1040000041161E80814B4FF28F061E80804B42F27C
:10401000AC061E804FF2270A7E4BCDF8C0A24FF2AD
:1040200098064FF230094FF2330A1E80CDF8C49241
:1040300000234FF22E09CDF894A24FF606354FF229
:10404000340ACDF8B492A4954FF284094FF2B40526
:10405000B393B2930193AF93AE930C93AC93AB93A2
:10406000AA93A9930B93A793A6930A93A393A293BE
:10407000CDF878A24FF2700ACDF884929D954FF258
:104080006D09CDF860A24FF2B0058E904FF07F0A17
:104090004FF27300CDF8689295954FF267099194AD
:1040A000CDF82CA287904FF646344FF288054FF694
:1040B0002C3A4FF22C10CDF8509285948295A09313
:1040C0009F9309939C939B93999397939693939320
:1040D000929390938F938D938C938A9389938893E3
:1040E0008693849383938193CDF8E8A178904FF2DF
:1040F000750A4FF2B1004FF27409CDF8B4A16A907D
:104100004FF22A0A4FF29E00CDF80092CDF89CA102
:104110004FF22C2966904FF2910A4FF29A00CDF897
:10412000D4917F9308937E9300937D937C937B93AC
:104130000793069379930593779376937493739388
:104140007293719370936F936E936C936B930493CC
:1041500069936893CDF894A103904FF2850A5BE0D0
:10416000A6E4FF1FA4E3FF1FAAE4FF1FB2E4FF1FA2
:104170009CE3FF1F7EE4FF1FA8E3FF1FBAE3FF1FBE
:10418000AEE3FF1FB2E3FF1F9EE4FF1F98E3FF1F94
:10419000B8E3FF1F86E4FF1FB4E4FF1FD2E2FF1F56
:1041A000B6E4FF1FBAE4FF1FB0E4FF1FB6E3FF1F32
:1041B000A6E3FF1F80E4FF1FA2E3FF1F94E4FF1F9D
:1041C000B8E4FF1FB0E3FF1F96E4FF1FAAE3FF1F41
:1041D00088E4FF1FD0E2FF1F8AE4FF1FD4E2FF1F25
:1041E0008CE4FF1FB4E3FF1F8EE4FF1F9CE4FF1F5E
:1041F00090E4FF1F9AE3FF1F92E4FF1FA0E4FF1F5C
:10420000BCE4FF1FA2E4FF1FBEE4FF1FA4E4FF1FE6
:1042100098E4FF1F9EE3FF1F4FF21C00CDF890A112
:1042200063904FF21D0A4FF21B00CDF888A16190F8
:104230004FF21A0A4FF21900CDF880A15F904FF2A9
:10424000180A4FF21700CDF878A15D904FF2160AC8
:104250004FF21500CDF870A15B904FF2140A4FF2A7
:104260001300CDF868A159904FF2120A4FF21100D5
:10427000CDF860A157904FF2100A4FF20F00CDF821
:1042800058A155904FF20E0A4FF20D00CDF850A1F3
:1042900053904FF20C0A4FF20B00CDF848A1519009
:1042A0004FF20A0A4FF20900CDF840A14F904FF2A9
:1042B000080A4FF20700CDF838A14D904FF2060AD8
:1042C0004FF20500CDF830A14B904FF2040A49910E
:1042D0004FF278004FF28A01CDF828A1489047921A
:1042E00046914FF294024FF2890A4FF25C004FF26E
:1042F0005D014592CDF810A14FF25B0243904291CF
:104300004FF25A0A4FF259004FF258014192CDF83C
:1043100000A13F903E914FF257024FF2560A4FF2E2
:1043200055004FF254013D92CDF8F0A03B903A91E8
:104330004FF253024FF2520A4FF251004FF2500126
:104340003992CDF8E0A0379036914FF24F024FF2FC
:104350004E0A4FF24D004FF24C013592CDF8D0A0ED
:10436000339032914FF24B024FF24A0A4FF249001A
:104370004FF248013192CDF8C0A02F902E914FF20C
:1043800047024FF2460A4FF245004FF244012D9288
:10439000CDF8B0A02B902A914FF299024FF2760AF5
:1043A0004FF29D004FF264012992CDF8A0A0279012
:1043B0002691BF224FF2B60A4FF277004FF2260144
:1043C0002592CDF890A023904FF2250222914FF232
:1043D000240A4FF222012192CDF880A04FF221024F
:1043E0004FF2200A1E914FF21E014FF223001D9240
:1043F000CDF870A04FF235024FF2630A1A914FF2D6
:1044000038011F9019924FF21F004FF23602CDF87B
:1044100060A016914FF2600A4FF265011B90159251
:104420004FF237004FF25E02CDF850A013914FF2D9
:10443000860A4FF26201179012924FF2B800CDF83F
:1044400044A010914FF29B0A4FF2B3024FF25F016A
:104450000290CDF838A01E464FF22D079C464FF231
:10446000AF081C461D4699464FF266000F920D910B
:104470004FF2610A00F042BC4FF22A024FF2750A75
:104480004FF26E0B6792CDF898A1CDF894B14FF230
:1044900071004FF26D014FF238024FF2170A4FF2DE
:1044A000050B039064916392CDF888A1CDF884B197
:1044B0004FF236004FF237014FF209024FF20E0A67
:1044C0004FF2330B60905F915E92CDF874A1CDF8FE
:1044D00070B14FF212004FF21B014FF215024FF272
:1044E000160A4FF20F0B5B905A915992CDF860A1CA
:1044F000CDF85CB14FF210004FF213014FF21902E8
:104500004FF2060A4FF20A0B569055915492CDF88D
:104510004CA1CDF848B14FF20D004FF218014FF207
:104520001C024FF2070A4FF20B0B519050914F9221
:10453000CDF838A1CDF834B14FF20C004FF2110193
:104540004FF204024FF2350A4FF2740B4C904B912C
:104550004A92CDF824A1CDF820B14FF263004FF27A
:104560002E014FF231024FF22D0A4FF2780B479095
:1045700046914592CDF810A1CDF80CB14FF25700FD
:104580004FF245014FF276024FF2770A4FF2490B94
:10459000429041914092CDF8FCA0CDF8F8B04FF296
:1045A0004E004FF273014FF252024FF25B0A4FF28C
:1045B000550B3D903C913B92CDF8E8A0CDF8E4B08E
:1045C0004FF256004FF24F014FF250024FF2530A92
:1045D0004FF2590B389037913692CDF8D4A0CDF8E0
:1045E000D0B04FF246004FF24A014FF24D024FF267
:1045F000580A4FF25C0B339032913192CDF8C0A043
:10460000CDF8BCB04FF247004FF24B014FF24C02D5
:104610004FF2510A4FF2440B2E902D912C92CDF86F
:10462000ACA0CDF8A8B04FF25F004FF26F014FF28F
:1046300048024FF2300A4FF25A0B299028912792E4
:10464000CDF898A04FF25D01CDF894B04FF226025C
:104650004FF2250A4FF2240B4FF21D0023912292B4
:104660004FF222014FF22102CDF884A0CDF880B0A4
:104670004FF2200A4FF21F0B24901E914FF223009D
:104680004FF227011D92CDF870A04FF22F024FF28A
:10469000080ACDF86CB04FF2340B1F9019914FF20D
:1046A0001E004FF270011892CDF85CA04FF2650227
:1046B0004FF2660ACDF858B04FF2140B1A901491CD
:1046C0004FF21A004FF264010292CDF84CA0CDF8DF
:1046D00048B04FF262024FF2610A4FF2600B159040
:1046E00011914FF267001092CDF83CA0CDF838B090
:1046F0004FF25401F9F7BFBE4FF21C224FF21814CB
:104700004FF218254FF218394FF2125A4FF2124059
:104710004FF21211B392B294B195CDF80490CDF846
:10472000C0A2AF90AE914FF212224FF212344FF26C
:1047300011454FF287094FF20C5A4FF20C104FF20D
:104740000C21AD920C94AC95CDF8AC92CDF8A8A20A
:10475000A990A8914FF20C324FF208544FF208156D
:104760004FF208294FF2083A4FF286004FF2330118
:104770000B92A794A695CDF89492CDF828A0A4907A
:10478000A3914FF22F024FF204544FF204454FF21F
:1047900004194FF2042A4FF204304FF2960100261A
:1047A000A292A194A095CDF87C92CDF878A2099020
:1047B0009D914FF25C224FF258544FF258154FF230
:1047C00058294FF2583A4FF274004FF252519B92CF
:1047D0009A949995CDF860924FF252424FF2522539
:1047E0004FF252399C96CDF85CA2969094914FF27C
:1047F000514A4FF24C504FF24C1193924FF25214D7
:104800009195CDF84092CDF83CA28D908C914FF2CD
:104810004C224FF248554FF248194FF2482A4FF2B6
:1048200048304FF2C60192948B924FF24C348995E6
:10483000CDF82092CDF81CA2869085914FF273029C
:104840004FF244554FF244494FF2442A4FF244305C
:104850004FF2ED018A9484924FF26F048295CDF865
:104860000492CDF800A27F9008914FF235024FF2EA
:10487000CB054FF2B7094FF2A40A4FF290004FF266
:104880002C21839400927C95CDF81C90CDF818A033
:104890004FF2AD024FF2E70A95968E967E967D9680
:1048A0007B967A96799078914FF295004FF28F012E
:1048B0007692CDF8D0A1739071914FF284024FF2AD
:1048C0008A0A4FF22C504FF29C017092CDF8BCA195
:1048D0006E906B914FF261024FF2A10A4FF2E1002C
:1048E0004FF29E016A92CDF810A0699068914FF244
:1048F0002A024FF22C4A4FF2E6004FF2AE016792C5
:10490000CDF898A1659003914FF2A4024FF21D0AD1
:104910004FF21C004FF21B016492CDF88CA1629003
:1049200061914FF21A024FF2190A4FF218004FF23A
:1049300017014FF294096092CDF87CA15E905D91D1
:104940004FF216024FF2150A4FF214004FF2130104
:10495000CDF8D4915C92CDF86CA14FF212024FF2D7
:10496000110A0596779672966D966C965A905991A3
:104970004FF210004FF20F015892CDF85CA1569003
:1049800055914FF20E024FF20D0A4FF20C004FF20A
:104990000B015492CDF84CA1529051914FF20A0262
:1049A0004FF2090A4FF208004FF207015092CDF87A
:1049B0003CA14E904D914FF206024FF2050A4FF284
:1049C00004004FF22C314C92CDF82CA14A90499121
:1049D0004FF278024FF22C1A4FF2A6004FF2E40188
:1049E0004892CDF81CA1469045914FF2A5024FF296
:1049F0005D0A4FF25C004FF25B014492CDF80CA1CE
:104A0000429041914FF25A024FF2590A4FF2580028
:104A10004FF257014092CDF8FCA03E903D914FF2ED
:104A200056024FF2550A4FF254004FF253013C9296
:104A3000CDF8ECA03A9039914FF252024FF2510A60
:104A40004FF250004FF24F013892CDF8DCA0369073
:104A500035914FF24E024FF24D0A4FF24C004FF299
:104A60004B013492CDF8CCA0329031914FF24A02F2
:104A70004FF2490A4FF248004FF247013092CDF809
:104A8000BCA02E902D914FF246024FF2450A4FF2F4
:104A900044004FF2B1012C92CDF8ACA02A9029919C
:104AA0004FF26D024FF2750A4FF267004FF2350177
:104AB0002892CDF89CA0269025914FF276024FF2D5
:104AC000770A4FF226004FF225012492CDF88CA0F0
:104AD000229021914FF224024FF2230A4FF222003A
:104AE0004FF221012092CDF87CA01E901D914FF233
:104AF00020024FF21F0A4FF21E004FF227011C92B4
:104B0000CDF86CA01A9019914FF264024FF2370A57
:104B10004FF238004FF236011892CDF85CA04FF2F8
:104B20002D0216904FF2710A15914FF26501149201
:104B3000CDF808A04FF2310213914FF2630A4FF201
:104B4000620112924FF218574FF2340CB0464FF2F6
:104B500044144FF2F1054FF28B094FF26600CDF885
:104B600044A010914FF2E0020F924FF2600ACDF88C
:104B700038A04FF25F010D914FF25E0ABEE00023B4
:104B8000B393B293B1930193B093AF93AE93AD93BC
:104B90000C93AC93AB93AA93A993A8930B93A7936D
:104BA000A693A5930A93A493A393A293A193A093EE
:104BB0009F939E9309939D939C939B939A93999310
:104BC00098931E4697931F46969395939493939329
:104BD0009293919390938F938E938D938C938B93C9
:104BE0008A938993889387938693859384938393F9
:104BF0008293819380937F9308937E9300937D9318
:104C00007C937B937A93079306939C46799398467B
:104C100078930593779376937593749373937293C4
:104C2000719370936F936E936D936C936B936A9380
:104C3000049369936893679366936593039364936E
:104C400063936293619360935F935E935D935C93D0
:104C50005B931C465A931D4659935893579356930A
:104C60005593549353935293519350934F934E9320
:104C70004D934C934B934A93499348934793469350
:104C80004593449343934293419340933F933E9380
:104C90003D933C933B933A93399399463893184606
:104CA00037933693359334933393329331933093D0
:104CB0002F932E932D932C932B932A932993289300
:104CC0002793269325932493239322932193209330
:104CD0001F931E931D931C931B931A931993189360
:104CE00017939A4616939B46159314930293139326
:104CF0001293119310930F930E930D93F04AF14971
:104D000012880BEA020BA1F800B0DDF834B00AEA11
:104D1000020AA1F802A00BEA020ADDF838B0A1F8F5
:104D200004A00BEA020ADDF83CB0A1F806A00BEAE9
:104D3000020ADDF840B0A1F808A00BEA020ADDF88B
:104D400044B0A1F80AA00BEA020ADDF848B0A1F8C5
:104D50000CA00BEA020ADDF84CB0A1F80EA00BEA99
:104D6000020AA1F810A0DDF808A0DDF850B010404C
:104D700048820AEA0200DDF854A088820BEA0200A9
:104D8000DDF858B0C8820AEA0200DDF85CA00883AA
:104D90000BEA0200DDF860B048830AEA0200DDF8A1
:104DA00064A088830BEA0200DDF868B0C8830AEAD1
:104DB000020008840BEA02004884DDF86CA0DDF8EC
:104DC00070B00AEA0200DDF874A088840BEA0200E1
:104DD000DDF878B0C8840AEA0200DDF87CA0088516
:104DE0000BEA0200DDF880B048850AEA0200DDF82F
:104DF00084A088850BEA0200DDF888B0C8850AEA3D
:104E00000200DDF88CA008860BEA0200DDF890B005
:104E100048860AEA0200DDF894A088860BEA0200C0
:104E2000DDF898B0C8860AEA0200DDF89CA0088781
:104E30000BEA0200DDF8A0B048870AEA0200DDF8BC
:104E4000A4A088870BEA0200DDF8A8B0C8870AEAA8
:104E50000200DDF8ACA0A1F840000BEA0200A1F8C6
:104E600042000AEA0200A1F84400DDF8B0B0DDF823
:104E7000B4A00BEA0200DDF8B8B0A1F846000AEAD7
:104E80000200DDF8BCA0A1F848000BEA0200DDF842
:104E9000C0B0A1F84A000AEA0200DDF8C4A0A1F8F7
:104EA0004C000BEA0200DDF8C8B0A1F84E000AEA97
:104EB0000200DDF8CCA0A1F850000BEA0200DDF8FA
:104EC000D0B0A1F852000AEA0200DDF8D4A0A1F89F
:104ED00054000BEA0200DDF8D8B0A1F856000AEA47
:104EE0000200DDF8DCA0A1F858000BEA0200DDF8B2
:104EF000E0B0A1F85A000AEA0200DDF8E4A0A1F847
:104F00005C000BEA0200DDF8E8B0A1F85E000AEAF6
:104F10000200DDF8ECA0A1F860000BEA0200DDF869
:104F2000F0B0A1F862000AEA0200A1F864000BEAFE
:104F30000200A1F86600DDF8F4A0DDF8F8B00AEA96
:104F40000200DDF8FCA0A1F868000BEA0200DDF821
:104F500000B1A1F86A000AEA0200DDF804A1A1F894
:104F60006C000BEA0200DDF808B1A1F86E000AEA55
:104F70000200DDF80CA1A1F870000BEA0200DDF8D8
:104F800010B1A1F872000AEA0200DDF814A1A1F83C
:104F900074000BEA0200DDF818B1A1F876000AEA05
:104FA0000200DDF81CA1A1F878000BEA0200DDF890
:104FB00020B1A1F87A000AEA0200DDF824A1A1F8E4
:104FC0007C000BEA0200DDF828B1A1F87E000AEAB5
:104FD0000200DDF82CA1A1F880000BEA0200DDF848
:104FE00030B1A1F882000AEA0200DDF834A1A1F88C
:104FF00084000BEA0200A1F886000AEA0200A1F888
:105000008800DDF838B1DDF83CA10BEA0200DDF8DC
:1050100040B1A1F88A000AEA0200DDF844A1A1F833
:105020008C000BEA0200DDF848B1A1F88E000AEA14
:105030000200DDF84CA1A1F890000BEA0200DDF8B7
:1050400050B1A1F892000AEA0200DDF854A1A1F8DB
:1050500094000BEA0200DDF858B1A1F896000AEAC4
:105060000200DDF85CA1A1F898000BEA0200DDF86F
:1050700060B1A1F89A000AEA0200DDF864A1A1F883
:105080009C000BEA0200DDF868B1A1F89E000AEA74
:105090000200DDF86CA1A1F8A0000BEA0200DDF827
:1050A00070B1A1F8A2000AEA0200DDF874A1A1F82B
:1050B000A4000BEA0200DDF878B1A1F8A60003E035
:1050C000B4E4FF1FD8E2FF1F0AEA0200A1F8A8001B
:1050D0000BEA0200A1F8AA00DDF87CA1DDF880B19E
:1050E0000AEA0200DDF884A1A1F8AC000BEA020094
:1050F000DDF888B1A1F8AE000AEA0200DDF88CA163
:10510000A1F8B0000BEA0200DDF890B1A1F8B200FE
:105110000AEA0200DDF80CA0A1F8B4000BEA0200D4
:10512000DDF894B1A1F8B6000AEA0200DDF898A112
:10513000A1F8B8000BEA0200DDF89CB1A1F8BA00B2
:105140000AEA0200A1F8BC000BEA0200A1F8BE00C6
:10515000E048E1490088DDF8A0A1DDF8A4B11040E5
:1051600008800AEA0200DDF810A048800BEA02007D
:10517000DDF8A8B188800AEA0200DDF8ACA1C88099
:105180000BEA0200DDF8B0B108810AEA02004881AA
:105190000BEA02008881DDF8B4A1DDF8B8B10AEAB3
:1051A0000200DDF8BCA1C8810BEA0200DDF8C0B145
:1051B00008820AEA020048820BEA0200888209EAB1
:1051C0000200DDF8C491DDF8C8A1DDF8CCB1C882D9
:1051D00009EA02000883DDF8D0910AEA0200488358
:1051E000DDF8D4A10BEA02008883DDF8D8B109EA22
:1051F0000200C883DDF8DC910AEA02000884DDF8C9
:1052000014A00BEA02004884DDF8E0B109EA0200CC
:105210008884DDF8E4910AEA0200C884DDF818A069
:105220000BEA02000885DDF81CB009EA0200488597
:10523000DDF8E8910AEA020088850BEA0200C885D9
:1052400009EA02000886DDF8ECA1DDF8F0B1DDF82E
:1052500000900AEA0200488605EA02007D9D8886E1
:105260000BEA0200DDF8F8A1C88605EA0200DDF8C5
:1052700020B0088709EA02007F9D48870AEA0200F9
:10528000DDF8009288870BEA0200C88705EA020071
:10529000DDF804A2A1F8400009EA0200DDF808B236
:1052A000A1F8420004EA0200A1F84400839C849D16
:1052B000DDF814920AEA0200A1F846000BEA0200A7
:1052C000A1F8480004EA0200DDF818A2A1F84A009B
:1052D00005EA0200DDF81CB2A1F84C0009EA020060
:1052E000889CA1F84E000AEA0200A1F850000BEADF
:1052F0000200A1F8520004EA0200A1F85400899DBE
:10530000DDF82892DDF82CA2DDF830B28D9C05EA9C
:105310000200A1F8560009EA0200A1F858000AEAC2
:1053200002008E9DA1F85A000BEA0200DDF83C92C3
:10533000A1F85C0004EA0200DDF840A2A1F85E00DA
:1053400005EA0200DDF844B2A1F8600009EA0200B3
:10535000929CA1F862000AEA0200939DA1F8640001
:105360000BEA0200DDF85092A1F8660004EA0200A0
:10537000DDF854A2A1F8680005EA0200DDF858B291
:10538000A1F86A0009EA0200979CA1F86C000AEAF9
:105390000200989DA1F86E000BEA0200DDF864920D
:1053A000A1F8700004EA0200A1F8720005EA020008
:1053B000A1F8740009EA0200A1F87600DDF868A2FD
:1053C000DDF86CB29C9C9D9DDDF824900AEA0200F9
:1053D000A1F878000BEA0200A1F87A0004EA0200C2
:1053E000DDF878A2A1F87C0005EA0200DDF87CB2C5
:1053F000A1F87E0009EA0200A09CA1F880000AEA58
:105400000200A19DA1F882000BEA0200DDF888925B
:10541000A1F8840004EA0200DDF88CA2A1F886005D
:1054200005EA0200DDF890B2A1F8880009EA02005E
:105430000A9CA1F88A000AEA0200A59DA1F88C0046
:105440000BEA0200DDF89892A1F88E0004EA02004F
:10545000DDF89CA2A1F8900005EA0200DDF82CB06E
:10546000A1F8920009EA0200A1F894000AEA0200F9
:10547000A1F896000BEA0200A1F89800A89CA99D4B
:10548000DDF8A892DDF8ACA2DDF8B0B204EA0200C3
:10549000A1F89A0005EA0200A1F89C0009EA0200BE
:1054A0000C9CA1F89E000AEA0200AD9DA1F8A000A4
:1054B0000BEA0200DDF8B892A1F8A20004EA0200AB
:1054C000A1F8A400DDF8BCA2DDF8C0B2B19C05EAE9
:1054D000020003E0AAE3FF1FBCE3FF1FA1F8A60040
:1054E00009EA0200A1F8A8000AEA0200A1F8AA004D
:1054F0000BEA0200A1F8AC0008EA0200A1F8AE0035
:105500000CEA0200DDF804C0A1F8B000B29DDDF89D
:10551000CC920CEA0200A1F8B20004EA0200A1F861
:10552000B40005EA0200A1F8B60007EA0200A1F8FB
:10553000B80009EA0200A1F8BA00134006EA020026
:10554000A1F8BC00A1F8BE300DF5357DBDE8F08FA7
:10555000024B1A6801321A60704700BFCCE2FF1F8D
:1055600008B50B4C2368580301D5F6F705FA2368F4
:10557000590501D502F05EF823681A0501D501F03E
:1055800093FD2368DB04ECD501F0ECFAE9E700BFFA
:105590003480044008B5FFF7E3FFFFFF014B102202
:1055A0001A807047002005407047FFFF024A1368C9
:1055B0001844106018467047808EFF1FFEE7FEE714
:1055C000EFF313839BB9EFF3108098B9EFF30583E2
:1055D00023B10F2B04D9084A985C01E04FF4807086
:1055E000EFF311833BB1834238BF184670474FF049
:1055F000FF30704718467047F0E300E021282AD8B2
:10560000164B1B5CFF2B26D0154A02EBC000002175
:1056100042681160134A106840F020001060124A7E
:1056200001201160114998400860114841F8040CAC
:1056300010491160F02101397FF4FDAF116889052F
:10564000FCD41822013A7FF4FDAF0B4A1BB232F8AA
:10565000130080B270470020704700BFFCC50200F5
:10566000ECC402003880044000500440085004405C
:105670000000020380014A000051044010B50023DD
:10568000B0FBF2F402FB1400092894BF303037302D
:10569000C0B2C85420460CB10133F1E7CA185470A7
:1056A00022469A4206DA885CCC5C8C54C85401329B
:1056B000013BF6E7084610BD324B1B88002B5DD03E
:1056C00018405ED0304B1B881BB1984201D12F4B44
:1056D00052E02F4B1B881BB1984201D12D4B4BE060
:1056E0002D4B1B881BB1984201D12C4B44E02C4B15
:1056F0001B881BB1984201D12A4B3DE02A4B1B88E5
:105700001BB1984201D1294B36E0294B1B881BB1B4
:10571000984201D1274B2FE0274B1B881BB19842A1
:1057200001D1264B28E0264B1B881BB1984201D1A2
:10573000244B21E0244B1B881BB1984201D1234B01
:105740001AE0234B1B881BB1984201D1214B13E077
:10575000214B1B881BB1984201D1204B0CE0204B00
:105760001B881BB1984201D11E4B05E01E4B1B88C4
:1057700023B1984204D11D4B1888704718467047D2
:1057800000207047AAE4FF1FB2E4FF1FD2E2FF1F10
:1057900086E4FF1FB0E3FF1FA8E3FF1FB0E4FF1F75
:1057A000B8E3FF1FB8E4FF1FB2E3FF1F80E4FF1F51
:1057B00084E4FF1FAEE4FF1FACE3FF1FD6E2FF1F30
:1057C0009CE3FF1FB6E4FF1F7EE4FF1FBAE4FF1F48
:1057D000BAE3FF1FB6E3FF1FAEE3FF1FA6E3FF1F01
:1057E0009EE4FF1FA2E3FF1F98E3FF1F94E4FF1F47
:1057F0000C4A0346108818B103420CBF0020022057
:10580000094A128822B113421CBF40F04000C0B2C6
:10581000064A128822B113421CBF40F01000C0B2E9
:10582000704700BFA6E4FF1FA4E3FF1F7CE4FF1F37
:10583000044B1B8800F03F0013B1984208BF64205E
:10584000704700BF96E4FF1F1F28034612D80A289E
:1058500006D13B4B188820F47D6020F0070007E05C
:105860000B286BD1364B188820F47D6020F00400A3
:1058700080B270477F2805D8A0F12003314A32F862
:1058800013007047304A128842B1A0F1A00291B2D1
:105890005F2903D82D4B33F8120070472C4A10882B
:1058A00018B12C4A12889A4245D02B4A108818B158
:1058B0002A4A12889A423ED0294A108818B1294AA9
:1058C00012889A4237D0284A108818B1274A12887D
:1058D0009A4230D0264A108818B1264A12889A4235
:1058E00029D0254A108818B1244A12889A4222D019
:1058F000234A108818B1234A12889A421BD0224AA0
:10590000108818B1214A12889A4214D0204A10886F
:1059100018B1204A12889A420DD01F4A108818B137
:105920001E4A12889A4206D01D4A108838B11D4A74
:1059300012889A4202D1C0F30D00704700207047D0
:10594000B4E4FF1FD8E2FF1FAAE3FF1FBCE3FF1F61
:10595000D0E2FF1F88E4FF1FD4E2FF1F8AE4FF1F8D
:10596000B4E3FF1F8CE4FF1F9CE4FF1F8EE4FF1FC6
:105970009AE3FF1F90E4FF1FA0E4FF1F92E4FF1FC4
:10598000A2E4FF1FBCE4FF1FA4E4FF1FBEE4FF1F4F
:105990009EE3FF1F98E4FF1FA8E4FF1F9AE4FF1F88
:1059A000ACE4FF1FA0E3FF1F10B546F20144174B04
:1059B0001B7843B30720F5F751FF032803D9013CB7
:1059C000134B18D119E000F0F7FA01460028F6D081
:1059D000104B1B780372104B1B7843720F4B1A68E5
:1059E0009B88C3810823C0F80A2003800720F5F7AD
:1059F00083FF002010BD1A7812B101221A7002E054
:105A000000F070FDD3E74FF0FF3010BDC8E2FF1F7C
:105A1000CCE4FF1FCAE4FF1FCBE4FF1FC4E4FF1F59
:105A200010B5044661B10F4A137811EA030006D09D
:105A300023EA01011170FFF7B7FF012100E00146E1
:105A400054B10023084A985CA04202D10021995425
:105A500001210133062BF5D119B1BDE81040FFF744
:105A6000A3BF10BDCAE4FF1FC4E4FF1F10B5044666
:105A7000A1B1164B1A7801EA020088420DD01143F9
:105A80001970FFF791FFFFF78FFFFFF78DFFFFF70B
:105A90008BFFFFF789FF012100E0002184B1002383
:105AA0000B4A985CA0420BD00133062BF8D100239F
:105AB000D05C10B9064AD45403E00133062BF7D169
:105AC00019B1BDE81040FFF76FBF10BDCAE4FF1F5A
:105AD000C4E4FF1FF8B5030AC12B01460FD9DF2B21
:105AE00004D803F01F0363F39F1108E0F02B02D1E9
:105AF000C0B2002131E0E02B33D100202CE0084679
:105B0000FFF7A2FE064660B3164B1C88DCB1FFF718
:105B1000D3FD0546B0B1144B1C781CB100221A709D
:105B2000FFF742FF2846FFF763FE07462846FFF7C8
:105B30007FFE39460546FFF799FF28463946FFF7AD
:105B40006FFF00E004463046FFF752FE0546304640
:105B5000FFF76EFE45EA0401C9B2BDE8F840FFF761
:105B600085BFF8BDAAE4FF1FCAE4FF1F0A4B00214E
:105B700018781970094B1A781970094B0243991D4E
:105B800058780243002003F8010F8B42F8D10AB184
:105B9000FFF70ABF704700BFCAE4FF1FCBE4FF1F37
:105BA000C3E4FF1F38B50A4C0A4D2070002329704A
:105BB0006370A370E37023716371FFF7F5FE28B97A
:105BC00028702070BDE83840FFF7EEBE38BD00BF3A
:105BD000C4E4FF1FCAE4FF1F38B50546FFF728FEDF
:105BE00004462846FFF704FE01462046BDE838403B
:105BF000FFF7D8BF10B5FFF727FE044660B1074B8B
:105C00001B8823B1FFF758FD08B1FFF7E5FF2046D9
:105C1000BDE81040FFF7E0BF10BD00BFAAE4FF1FC2
:105C200010F0800F164B02D100221A600BE0BF2843
:105C300012D81968012900F03F0206D1002119602D
:105C4000104B18881043FFF7D5BF022916D10D4914
:105C5000088840EA821205E0DF2806D800F01F021B
:105C6000084992010A80012207E0EF2804D805497B
:105C700002030A80022200E0FF221A60704700BF80
:105C8000C0E4FF1FCEE4FF1F38B5124B1B78EBB109
:105C9000114C23681BB90220F5F7C4FD2060206871
:105CA0000D4D98B14388C218147A5CB10288013353
:105CB000934204D300F09EF900232B6000E0438060
:105CC000204638BD00F096F92C60DEE74FF0FF303B
:105CD00038BD00BFC8E2FF1FDCE4FF1F10B50D4B4D
:105CE0001B788BB10C4C23681BB90220F5F79AFD89
:105CF0002060206840B1438803441C7A3CB900F01E
:105D000079F9054B1C60EAE74FF0FF3010BD2046E3
:105D100010BD00BFC8E2FF1FDCE4FF1F38B5104D07
:105D20002B6823B128680024028843880FE00D4BBC
:105D30001B781BB10220F5F775FD28602C68002C3C
:105D4000F0D10BE0C1182144097A19B10134E118EE
:105D50009142F7DB14B900F04DF92C60204638BDB4
:105D6000DCE4FF1FC8E2FF1F2DE9F843324D012399
:105D700007460C462B70002C5AD0304E3368B14683
:105D80005BBB43F601482E4B1B7803F0FF020BB9B7
:105D90002A7018E00120F5F761FD052804D9B8F153
:105DA0000108284A09D10AE001232B7000F004F908
:105DB000C9F800000028F2D00FE013783BB10123AE
:105DC000137000232B704FF0FF30BDE8F8832B7069
:105DD00000F088FB01232B70D5E73168194A488809
:105DE00000231370C0F14002944238BF224600F1F4
:105DF000080C10448C444880A41A934204D0F85CE8
:105E00000CF803000133F8E71F444B883F2B0E4B7F
:105E100002D805221A70AEE740220A804FF000082F
:105E2000012083F80080F5F767FDC6F80080A2E73F
:105E30002C702046BDE8F883D1E4FF1FD4E4FF1F97
:105E4000C8E2FF1FD8E4FF1FE0E4FF1F07B502AB65
:105E5000012103F8010D1846FFF786FF03B05DF836
:105E600004FBFFFF10B50D4B1B78B3B10C4B196849
:105E70001C4691B14B8883B10A4A002010703F2B19
:105E800004DCCA18002010720133F8E740230B80AD
:105E90000120F5F731FD0023236010BDC8E2FF1F8C
:105EA000D4E4FF1FE0E4FF1F10B50B4B1B788BB948
:105EB0000A4A11684B8814463F2B04DCCA1800209C
:105EC00010720133F8E740230B800120F5F714FD31
:105ED0000023236010BD00BFD1E4FF1FD4E4FF1FE7
:105EE000024B1B78DB07FBD5704700BF0100024067
:105EF0007FB5174B6A4603F110056E46186859685E
:105F0000144603C40833AB422246F7D1114B1A782A
:105F100012F0020F1D4612D080229A7133229A721B
:105F200003225A7272B60C4C46F001062046B04766
:105F300062B6237813F0700301D0237006E044F6B4
:105F400021632A78D20701D4013BFAD104B070BD95
:105F50001EC602000100024000000240B0F5006FC2
:105F600010B5044609D2064B1B78DB0701D4FFF7B6
:105F7000BFFF04F1A054207810BD002010BD00BF69
:105F800001000240B0F5006F38B504460D460FD24F
:105F9000084B1B78DB0701D4FFF7AAFF04F1A054DC
:105FA0002378AB4204D02570BDE83840FFF798BF96
:105FB00038BD00BF0100024072B60C4A1168B1FA48
:105FC00081F31D2B02D962B6002070474FF00040CC
:105FD000D84021EA0001116062B6054948225343C6
:105FE000C8180022CA504260704700BF848EFF1F4D
:105FF0000084FF1F0C4B4822C31AB3FBF2F31D2B86
:1060000011D80A4A127822B1094A12780AB1F5F772
:1060100037BC72B6074A4FF0004121FA03F311680A
:106020001943116062B670470084FF1FBFE2FF1F73
:10603000C8E2FF1F848EFF1FF0B5304B1B681B06A4
:10604000FBD42F4B1B6813F08002F6D172B62D4B98
:106050001978002950D02C4908684F688E68CD689F
:106060000C693844143130440968284420440844F9
:10607000C0F34E00254940F400400860C86A0F6B29
:106080004E6B8D6BCC6B38444031304409682844EA
:1060900020440844C0F34E001D4940F4004008600D
:1060A00001F10811143151F8140C51F8107C51F819
:1060B0000C6C51F8085C51F8044C096838443044C1
:1060C000284420440844C0F34E00124940F40040E4
:1060D0000860C86A0F6B4E6B8D6BCC6B38444031D7
:1060E00030440968284420440844C0F34E000A495B
:1060F00040F4004008601A7062B6F0BD24B003405E
:1061000024B00B40E2E4FF1F38B003402CB0034042
:1061100030B003402CB00B4030B00B4010B5204BDA
:106120002048214960221A70E1225A701F4B204AF0
:106130001C78204B082C01D1012402E00A2C03D149
:1061400019240460132005E00C2C0CBF15243D24F9
:1061500004601220086014601860174B17491B7800
:10616000174A03B101230B601360164B164A1978C6
:10617000164B012901D880210BE0042901D8842184
:1061800007E0082901D8852103E0102994BF862162
:106190008721116019600E4B01221A7010BD00BFDB
:1061A0000040074008B003400CB00340888EFF1F3A
:1061B00008B00B400CB00B40E5E4FF1F20B00340DB
:1061C00020B00B40898EFF1F24B0034024B00B4049
:1061D000E2E4FF1F0C2804D9102828BF1020102348
:1061E00007E00A2804D8092834BF08230A2300E05E
:1061F0000C23094AD9B2081A1070084A1078834251
:1062000008D0074B11701B7813B1064B00221A609F
:10621000FFF784BF704700BFE1E4FF1F888EFF1FB8
:10622000E2E4FF1F24B003400D2838B50FD917282A
:1062300001D80E380AE0A0F11A03052B01D809385D
:1062400004E0A0F12203062B47D81838C0B2244B33
:106250001C5C244B1B780BB1FFF7EEFE210614D417
:1062600072B6214B214D1C6001232B7062B672B6B1
:106270001D4B1B681A0601D51D4B1FE02B78002B08
:10628000EFD062B600F02EF9F1E772B6194B1A4D55
:106290001A6814F0400F14BF22F0100242F01002EE
:1062A0001A60164B04F03F021A6001232B7062B68D
:1062B00072B6124B1B681B0608D5114B18680023D9
:1062C0002B7062B60F4B1B78184138BD2B78002B12
:1062D000DCD062B600F006F9EAE7002038BD00BF66
:1062E0002EC60200E2E4FF1F00B00340E4E4FF1FFB
:1062F00010B003400CB00B40E3E4FF1F00B00B40B4
:1063000010B00B40E1E4FF1F084B1A6842F48052C2
:106310001A60074B1A78074B0AB1802200E0C022AE
:106320001A70054B80F30C00188070472C800440D5
:10633000E5E4FF1F21C00C4000C00C40F8B5174B2E
:106340001E6805460C461F46154B1B7803B30420F8
:10635000F5F768FA58B90620F5F764FA48B93B68CA
:106360009B1BA34218D8B4B100F0BCF8ECE70124A1
:1063700000E0022400F108032A4600F1480153F826
:10638000045B42F8045B8B42F9D1FFF733FE02E075
:106390004FF0FF30F8BD2046F8BD00BFCCE2FF1F34
:1063A000C8E2FF1FF8B5184B1D6804460E461F468D
:1063B000164B1B781BB30320F5F750FA032806D9B8
:1063C0003B685B1BB3421DD800F08CF8F0E7FFF789
:1063D000F3FD03460028F3D0204603F1080204F140
:1063E000400150F8044B42F8044B8842F9D1402454
:1063F0001C8003201946F5F77FFA2046F8BD4FF0C0
:10640000FF30F8BD0020F8BDCCE2FF1FC8E2FF1F3F
:10641000F8B5184B1D6804460E461F46164B1B78F0
:106420001BB30520F5F71AFA032806D93B685B1B56
:10643000B3421DD800F056F8F0E7FFF7BDFD034664
:106440000028F3D0204603F1080204F1400150F87F
:10645000044B42F8044B8842F9D140241C800520AB
:106460001946F5F749FA2046F8BD4FF0FF30F8BD60
:106470000020F8BDCCE2FF1FC8E2FF1F08B1014BAE
:1064800018607047E8E4FF1F0C4A0D481368114676
:106490000C4A002B08BF134693FBF0F200FB1233AB
:1064A0000948424344F2A71000FB03200028BCBF68
:1064B00000F1004000F1FF3008607047E8E4FF1F82
:1064C0001DF3010024D95B07ECF4FFFF10B504466F
:1064D00030B1FFF7D9FFB0FBF4F303FB140010BD9C
:1064E00010BDFFFF10B50E4C2378BBB901232370FC
:1064F000FFF714FC08B100F04CF901F025F808B1E1
:1065000001F01CF900F05AFD08B100F0F2F800F0BB
:10651000C5FA08B101F095F90023237010BD00BF42
:10652000ECE4FF1F08B50368C9B21B68984708BDB3
:1065300008B50368C9B21B68984708BD08B5036869
:10654000C9B21B68984708BD08B50368C9B21B6883
:10655000984708BD08B50368C9B21B68984708BDCD
:1065600008B50368C9B21B68984708BD08B5036839
:10657000C9B21B68984708BD08B50368C9B21B6853
:10658000984708BD034800EB5100B0FBF1F000F064
:106590000FBE00BF0044950810B5064800EB51003F
:1065A0001446B0FBF1F000F003FE2046BDE81040B9
:1065B00000F044BE0044950800F06ABE084600F0B2
:1065C0009BBE08B5084600F0B3FE003018BF01209E
:1065D00008BD08B5084600F0CDFE003018BF012008
:1065E00008BD00F0B1BF00F0E9BF00F0BDBF00F092
:1065F0008FBF00F0FBBF00F095BF08B5084600F064
:10660000DFFE012008BD08B5084600F0D9FE0120D4
:1066100008BD10B508461446114600F01BFF204681
:1066200010BD38B508460D4602F0C7F904462146AC
:10663000284600F00FFF204638BDFFFF034800EB5F
:106640005100B0FBF1F000F0F5BA00BF004495082E
:1066500010B5064800EB51001446B0FBF1F000F015
:10666000E9FA2046BDE8104000F02ABB0044950836
:1066700000F050BB084600F081BB08B5084600F0AA
:1066800099FB003018BF012008BD08B5084600F08E
:10669000B3FB003018BF012008BD00F08FBC00F034
:1066A000C7BC00F09BBC00F06DBC00F0D9BC00F092
:1066B00073BC08B5084600F0BDFB012008BD08B555
:1066C000084600F0B7FB012008BD10B50846144687
:1066D000114600F0F9FB204610BD38B508460D46BE
:1066E00002F06BF904462146284600F0EDFB2046F7
:1066F00038BD7047044B00221A714FF47A711A7337
:10670000024A99601A607047F0E4FF1F50C6020009
:1067100008B5DAF72FFEDBF78FFAFFF7E3FEFAE7AB
:10672000F8B506460C468F180025BC4207D03368E2
:1067300014F8011B1B68304698470544F5E72846C6
:10674000F8BDFFFF07B5064B1B88ADF804300368A2
:1067500001A95B680222984703B05DF804FB00BF03
:10676000A0C6020001F088BEFFF7D8BAFFF78CBAC6
:10677000FFF7B4BAFFF776BB0846FFF767BB0846DA
:106780001146FFF7F1BA08B50846FFF749FA0120AC
:1067900008BD7047064B0749196000221A71064B65
:1067A0004FF47A711A711A73044A99601A6070472B
:1067B00000E5FF1FD0C6020008E5FF1FB0C60200BB
:1067C000174B1A6842F480521A60164A002313705D
:1067D000154A1370154A1370154A1370154A137031
:1067E000154A40F2133111604FF451715160134A50
:1067F000C0F344311170C0F3471100F01F00517015
:106800009072937013742C23D3700D4B40226FF44D
:106810004B711A700B444FF400321A60704700BF7E
:106820003480044086E5FF1F1DE5FF1F8CE5FF1F38
:1068300087E5FF1F1CE5FF1F08C0044000C006409D
:1068400031E400E0134A937800F0030103F0EC0315
:106850000B43410748BF43F01003937000F00F0350
:10686000042B0C4903D18B7943F040038B7153798E
:10687000C20603F0EF03074A48BF43F01003537109
:106880009379810603F0EF0348BF43F0100393713F
:10689000704700BF00C0064008B5114B1B68DB0401
:1068A00000D408BD0F4B1A7802F0FF0312B1FFF7B6
:1068B00019FEF7E70C4A4FF4003111600B4A0C49FE
:1068C000D37040F203120A604A600A4A13700A4AFF
:1068D00013700A4B1B680BB101221A7008BD00BF70
:1068E000348004401CE5FF1F84E100E000C0064046
:1068F00008C0044086E5FF1F1DE5FF1F18E5FF1FC8
:1069000038B50446094B1B7803F0FF05002BF9D17D
:1069100020460121F5F7EEFC20462946F5F7BCFCA0
:10692000034B53F83420034B1A6038BD1CE5FF1F9E
:10693000ECC4020088E5FF1F0D4A38B5146814F452
:1069400080524FF0000410D021280A4D0AD80A4A7C
:10695000012152F830302B60F5F7CCFC2B681C700D
:10696000012038BD2C60204638BD104638BD00BF20
:106970003480044018E5FF1FECC402000B4B1B6879
:1069800013F4805310D00E28094B09D1094A40F264
:10699000023111605A7B42F001025A7301207047A4
:1069A0005A7B02F0FE025A73002070473480044084
:1069B00000C0064004C00440F8B51D4B1B68DA0453
:1069C000064633D51B4B1B680BB101221A701A4BBC
:1069D0001C780134282C1F4628BF0024174D2B7823
:1069E000A34218D1FEF7ECFD40280FDC144A1379BE
:1069F0001B06F3D52B7813490133282B28BF00231E
:106A0000C95CDBB2C9B2D1712B70E7E7FF28E5DDC5
:106A1000FFF768FDE2E70B4BF6B21E550A4B012269
:106A20001A70074BE4B2AC223C70DA70F8BD00BFBC
:106A30003480044088E5FF1F8CE5FF1F87E5FF1FBA
:106A400000C006401EE5FF1F1CE5FF1F38B50446C9
:106A50004518AC4204D014F8010BFFF7ADFFF8E77E
:106A600038BDFFFF08B5034B1B7813B1FFF73AFDA4
:106A7000F9E708BD1CE5FF1F064A074B1B78107895
:106A8000DBB2C0B283422CBF273000F1FF30C01A06
:106A9000704700BF87E5FF1F8CE5FF1F054B187887
:106AA000054B1B78C0B2DBB2984238BF4030C01AE9
:106AB000704700BF86E5FF1F1DE5FF1F10B5104B97
:106AC00010491A780B78D2B2DBB29A4214D0013353
:106AD000402B28BF00230C48DCB2C05C0C700B4973
:106AE0000968C0B251B19A4238BF4032D31A1A2B4A
:106AF00004DC00230B7010BD4FF0FF3010BD00BF51
:106B000086E5FF1F1DE5FF1F46E5FF1F18E5FF1F78
:106B1000084B1A78084B1B78DBB29A4207D0013336
:106B2000402B28BF0023054AD05CC0B270474FF00D
:106B3000FF30704786E5FF1F1DE5FF1F46E5FF1F7D
:106B4000054B1A78054BD2B21A70054B1B680BB176
:106B500000221A70704700BF1DE5FF1F86E5FF1F6A
:106B600018E5FF1F10B5294B1A79920620D5284A3F
:106B7000D879137827490133402B097828BF00239F
:106B80008B42C0B203D02449C854D9B21170234AF1
:106B9000116869B1224A1278D2B2934236BFC2F16B
:106BA0004002C2EB03039B18272BC4BF01230B70C9
:106BB000164AD178C9B20C0616D51379180613D522
:106BC000184B17481C780378DBB29C4202D16C2327
:106BD000D37009E00133282B28BF0023124CE45C5A
:106BE000DBB2E4B2D47103704B060ED5074B1A79B1
:106BF00012F0400F194608D00C4B00221A700C4BB3
:106C00001B6803B11A702C23CB7010BD00C0064066
:106C100086E5FF1F1DE5FF1F46E5FF1F18E5FF1F67
:106C200087E5FF1F8CE5FF1F1EE5FF1F1CE5FF1F0B
:106C300088E5FF1F194B1A6842F400621A60184A6F
:106C400000231370174A1370174A1370174A1370F2
:106C5000174A1370174B40F213321A604FF45172F7
:106C60005A60154BC0F344321A70C0F347125A7081
:106C700000F01F000422022198729A70D9745A758C
:106C800088221A743C22DA700C4B40221A70A3F24C
:106C90002B334FF400421A60704700BF3480044029
:106CA000FEE5FF1F95E5FF1F04E6FF1FFFE5FF1F41
:106CB00094E5FF1F0CB0044000B006402FE400E054
:106CC000134A937800F0030103F0EC030B434107F0
:106CD00048BF43F01003937000F00F03042B0C49DE
:106CE00003D18B7943F040038B715379C20603F0D3
:106CF000EF03074A48BF43F01003537193798106AD
:106D000003F0EF0348BF43F010039371704700BFD7
:106D100000B0064008B5114B1B681B0500D408BD28
:106D20000F4B1A7802F0FF0312B1FFF7DBFBF7E716
:106D30000C4A4FF4004111600B4A0C49D37040F2E9
:106D400003120A604A600A4A13700A4A13700A4B17
:106D50001B680BB101221A7008BD00BF34800440CB
:106D600094E5FF1F84E100E000B006400CB0044051
:106D7000FEE5FF1F95E5FF1F90E5FF1F38B50446B0
:106D8000094B1B7803F0FF05002BF9D120460121A8
:106D9000F5F7B0FA20462946F5F77EFA034B53F88B
:106DA0003420034B1A6038BD94E5FF1FECC4020089
:106DB00000E6FF1F0D4A38B5146814F400624FF066
:106DC000000410D021280A4D0AD80A4A012152F89D
:106DD00030302B60F5F78EFA2B681C70012038BD1F
:106DE0002C60204638BD104638BD00BF34800440BA
:106DF00090E5FF1FECC402000B4B1B6813F400630B
:106E000010D01728094B09D1094A40F2023111600C
:106E10005A7B42F001025A73012070475A7B02F0FC
:106E2000FE025A73002070473480044000B00640D0
:106E300008B00440F8B51D4B1B681A05064633D54B
:106E40001B4B1B680BB101221A701A4B1C780134C2
:106E5000282C1F4628BF0024174D2B78A34218D199
:106E6000FEF7AEFB40280FDC144A13791B06F3D55E
:106E70002B7813490133282B28BF0023C95CDBB2D0
:106E8000C9B2D1712B70E7E7FF28E5DDFFF72AFBD8
:106E9000E2E70B4BF6B21E550A4B01221A70074B64
:106EA000E4B2BC223C70DA70F8BD00BF348004400C
:106EB00000E6FF1F04E6FF1FFFE5FF1F00B00640CE
:106EC00096E5FF1F94E5FF1F274B1B681A052DE968
:106ED000F04707468A4644D5244B1B680BB1012274
:106EE0001A703D4607EB0A039D4237D2DFF89080C7
:106EF0001F4E98F8004096F800900134282C28BFC7
:106F000000245FFA89F9A1451DD11A4BBC22DA7021
:106F1000FEF756FB40280FDC164A13791B060FD5E7
:106F2000337815490133282B28BF0023C95CDBB215
:106F3000C9B2D171337003E0FF2801DDFFF7D2FA47
:106F400033784B45E4D00C4B15F8012B1A550B4BFD
:106F50000122E4B21A7088F80040C3E7054BBC2256
:106F6000DA70BDE8F08700BF3480044000E6FF1F00
:106F7000FFE5FF1F00B0064096E5FF1F94E5FF1FE9
:106F800004E6FF1F08B5034B1B7813B1FFF7AAFAFD
:106F9000F9E708BD94E5FF1F064A074B1B781078F8
:106FA000DBB2C0B283422CBF273000F1FF30C01AE1
:106FB000704700BFFFE5FF1F04E6FF1F054B187871
:106FC000054B1B78C0B2DBB2984238BF4030C01AC4
:106FD000704700BFFEE5FF1F95E5FF1F10B5104B82
:106FE00010491A780B78D2B2DBB29A4214D001332E
:106FF000402B28BF00230C48DCB2C05C0C700B494E
:107000000968C0B251B19A4238BF4032D31A1A2B24
:1070100004DC00230B7010BD4FF0FF3010BD00BF2B
:10702000FEE5FF1F95E5FF1FBEE5FF1F90E5FF1F73
:10703000084B1A78084B1B78DBB29A4207D0013311
:10704000402B28BF0023054AD05CC0B270474FF0E8
:10705000FF307047FEE5FF1F95E5FF1FBEE5FF1FF0
:107060000C4B1B681B0514D50B4BDA7802F0CB02D6
:10707000DA7040225A74DA7842F03402DA70074B40
:107080001A78074BD2B21A70064B1B680BB100225C
:107090001A7070473480044000B0064095E5FF1F29
:1070A000FEE5FF1F90E5FF1F30B5374B1A7912F050
:1070B000300F31D072B69A7D02F0FF0022B9DA7932
:1070C00040225A7462B627E062B6304A30491378DB
:1070D0000978DBB2C9B214462B4AD5795A1C402A2A
:1070E00028BF00228A42EDB202D02A4B9D5413469B
:1070F000421E12F0FF00EFD1DAB22270264A126867
:1071000052B18B4236BFC1F14001C1EB03035B18A2
:10711000272BC4BF012313701B4BD978C9B20C06AF
:1071200020D51B7918061DD51C4B1D4A1D781378D8
:10713000EDB2DBB21046AB420CD0134A0133282B20
:107140001479184C28BF0023E45CE4B2D471127D9A
:10715000072AF0D9DBB203700B4B1A79120644BF31
:107160007C22DA704B060ED5074B1A7912F0400FCD
:10717000194608D00C4B00221A700C4B1B6803B147
:107180001A703C23CB7030BD00B00640FEE5FF1FF7
:1071900095E5FF1FBEE5FF1F90E5FF1F04E6FF1FFB
:1071A000FFE5FF1F96E5FF1F94E5FF1F00E6FF1FA9
:1071B000194B1A6842F480621A60184A002313704F
:1071C000174A1370174A1370174A1370174A13702F
:1071D000174B40F213321A604FF451725A60154B3C
:1071E000C0F344321A70C0F347125A7002210422CD
:1071F00000F01F0098729A70D9745A7588221A7418
:107200003C22DA700C4B40226FF44A711A700B4426
:107210004FF400521A607047348004408EE6FF1F1E
:107220000DE6FF1F94E6FF1F8FE6FF1F0CE6FF1F12
:1072300040A0044000A006402DE400E0134A9378EB
:1072400000F0030103F0EC030B43410748BF43F098
:107250001003937000F00F03042B0C4903D18B79BA
:1072600043F040038B715379C20603F0EF03074AE2
:1072700048BF43F0100353719379810603F0EF0385
:1072800048BF43F010039371704700BF00A0064051
:1072900008B5114B1B685B0500D408BD0F4B1A786D
:1072A00002F0FF0312B1FFF71DF9F7E70C4A4FF4A4
:1072B000005111600B4A0C49D37040F203120A606E
:1072C0004A600A4A13700A4A13700A4B1B680BB1D2
:1072D00001221A7008BD00BF348004400CE6FF1F75
:1072E00084E100E000A0064040A004408EE6FF1FBD
:1072F0000DE6FF1F08E6FF1F38B50446094B1B7853
:1073000003F0FF05002BF9D120460121F4F7F2FF2D
:1073100020462946F4F7C0FF034B53F83420034BB3
:107320001A6038BD0CE6FF1FECC4020090E6FF1F98
:107330000D4A38B5146814F480624FF0000410D080
:1073400021280A4D0AD80A4A012152F830302B6010
:10735000F4F7D0FF2B681C70012038BD2C6020464C
:1073600038BD104638BD00BF3480044008E6FF1F1A
:10737000ECC402000E4B1B6813F4806316D0122875
:107380000C4B03D140F202310B4A04E0142809D11E
:107390000A4A40F2023111605A7B42F001025A73EC
:1073A000012070475A7B02F0FE025A73002070479A
:1073B0003480044000A006400CA0044014C00440E7
:1073C000F8B51D4B1B685A05064633D51B4B1B6889
:1073D0000BB101221A701A4B1C780134402C1F4645
:1073E00028BF0024174D2B78A34218D1FEF7E8F8E8
:1073F00040280FDC144A13791B06F3D52B78134968
:107400000133402B28BF0023C95CDBB2C9B2D17164
:107410002B70E7E7FF28E5DDFFF764F8E2E70B4BA9
:10742000F6B21E550A4B01221A70074BE4B2BC2279
:107430003C70DA70F8BD00BF3480044090E6FF1F56
:1074400094E6FF1F8FE6FF1F00A006400EE6FF1F19
:107450000CE6FF1F274B1B685A052DE9F04707462E
:107460008A4644D5244B1B680BB101221A703D4655
:1074700007EB0A039D4237D2DFF890801F4E98F841
:10748000004096F800900134402C28BF00245FFA99
:1074900089F9A1451DD11A4BBC22DA70FEF790F88C
:1074A00040280FDC164A13791B060FD5337815498F
:1074B0000133402B28BF0023C95CDBB2C9B2D171B4
:1074C000337003E0FF2801DDFFF70CF833784B45FC
:1074D000E4D00C4B15F8012B1A550B4B0122E4B2EA
:1074E0001A7088F80040C3E7054BBC22DA70BDE88B
:1074F000F08700BF3480044090E6FF1F8FE6FF1F37
:1075000000A006400EE6FF1F0CE6FF1F94E6FF1FDB
:1075100008B5034B1B7813B1FEF7E4FFF9E708BD8C
:107520000CE6FF1F064A074B1B781078DBB2C0B28F
:1075300083422CBF3F3000F1FF30C01A704700BFBC
:107540008FE6FF1F94E6FF1F054B1878054B1B784D
:10755000C0B2DBB2984238BF4030C01A704700BF9B
:107560008EE6FF1F0DE6FF1F10B5104B10491A786D
:107570000B78D2B2DBB29A4214D00133402B28BF31
:1075800000230C48DCB2C05C0C700B490968C0B227
:1075900051B19A4238BF4032D31A1A2B04DC00236F
:1075A0000B7010BD4FF0FF3010BD00BF8EE6FF1F07
:1075B0000DE6FF1F4EE6FF1F08E6FF1F084B1A7877
:1075C000084B1B78DBB29A4207D00133402B28BF0F
:1075D0000023054AD05CC0B270474FF0FF307047BF
:1075E0008EE6FF1F0DE6FF1F4EE6FF1F0C4B1B68CC
:1075F0005B0514D50B4BDA7802F0CB02DA7040222F
:107600005A74DA7842F03402DA70074B1A78074B72
:10761000D2B21A70064B1B680BB100221A70704769
:107620003480044000A006400DE6FF1F8EE6FF1FD9
:1076300008E6FF1F30B5374B1A7912F0300F31D002
:1076400072B69A7D02F0FF0022B9DA7940225A74AC
:1076500062B627E062B6304A304913780978DBB267
:10766000C9B214462B4AD5795A1C402A28BF002299
:107670008A42EDB202D02A4B9D541346421E12F0AC
:10768000FF00EFD1DAB22270264A126852B18B4263
:1076900036BFC1F14001C1EB03035B18272BC4BF08
:1076A000012313701B4BD978C9B20C0620D51B7966
:1076B00018061DD51C4B1D4A1D781378EDB2DBB2A0
:1076C0001046AB420CD0134A0133402B1479184CAE
:1076D00028BF0023E45CE4B2D471127D072AF0D9FC
:1076E000DBB203700B4B1A79120644BF7C22DA70AE
:1076F0004B060ED5074B1A7912F0400F194608D0E9
:107700000C4B00221A700C4B1B6803B11A703C23FF
:10771000CB7030BD00A006408EE6FF1F0DE6FF1FB8
:107720004EE6FF1F08E6FF1F94E6FF1F8FE6FF1FD0
:107730000EE6FF1F0CE6FF1F90E6FF1F7047FFFFDE
:10774000044B00221A714FF47A711A73024A99603D
:107750001A60704798E6FF1FE0C6020008B503688C
:10776000C9B21B68984708BD08B50368C9B21B6851
:10777000984708BD08B50368C9B21B68984708BD9B
:1077800008B50368C9B21B68984708BD034800EBF9
:107790005100B0FBF1F0FFF713B800BF00A24A049C
:1077A00010B5064800EB51001446B0FBF1F0FFF7AE
:1077B00007F82046BDE81040FFF744B800A24A048D
:1077C000FFF76AB80846FFF79BB808B50846FFF709
:1077D000B3F8003018BF012008BD08B50846FFF710
:1077E000CDF8003018BF012008BDFFF757B9FFF7EB
:1077F0008FB9FFF763B9FFF735B9FFF7A1B9FFF705
:107800003BB908B50846FFF7D7F8012008BD08B511
:107810000846FFF7D1F8012008BD10B50846144608
:107820001146FFF713F9204610BD38B508460D463E
:1078300001F0C3F8044621462846FFF707F9204621
:1078400038BD7047044B00221A714FF47A711A73D5
:10785000024A99601A607047A8E6FF1F38C7020005
:1078600080F0004002E000BF81F0004142001FBFF5
:107870005FEA410392EA030F7FEA226C7FEA236CFE
:107880006AD04FEA1262D2EB1363C1BFD2184140F3
:1078900048404140B8BF5B42192B88BF704710F089
:1078A000004F40F4000020F07F4018BF404211F02C
:1078B000004F41F4000121F07F4118BF494292EA94
:1078C000030F3FD0A2F1010241FA03FC10EB0C00C0
:1078D000C3F1200301FA03F100F0004302D549424D
:1078E00060EB4000B0F5000F13D3B0F1807F06D3FA
:1078F00040084FEA310102F10102FE2A51D2B1F1F2
:10790000004F40EBC25008BF20F0010040EA0300E6
:107910007047490040EB000010F4000FA2F1010293
:10792000EDD1B0FA80FCACF1080CB2EB0C0200FA1D
:107930000CF0AABF00EBC25052421843BCBFD0406B
:107940001843704792F0000F81F4000106BF80F4E5
:1079500000000132013BB5E74FEA41037FEA226CA8
:1079600018BF7FEA236C21D092EA030F04D092F073
:10797000000F08BF0846704790EA010F1CBF0020A7
:10798000704712F07F4F04D1400028BF40F0004004
:10799000704712F100723CBF00F50000704700F024
:1079A000004343F0FE4040F4000070477FEA22624B
:1079B00016BF08467FEA23630146420206BF5FEA1C
:1079C000412390EA010F40F4800070474FF000031C
:1079D00004E000BF10F0004348BF40425FEA000CE3
:1079E00008BF704743F0964301464FF000001CE08B
:1079F00050EA010208BF70474FF000030AE000BFE1
:107A000050EA010208BF704711F0004302D540421E
:107A100061EB41015FEA010C02BF84460146002090
:107A200043F0B64308BFA3F18053A3F50003BCFAAB
:107A30008CF2083AA3EBC25310DB01FA02FC634458
:107A400000FA02FCC2F12002BCF1004F20FA02F25F
:107A500043EB020008BF20F00100704702F1200252
:107A600001FA02FCC2F1200250EA4C0021FA02F2B3
:107A700043EB020008BF20EADC7070474FF0FF0CB8
:107A80001CEAD0521EBF1CEAD15392EA0C0F93EAB3
:107A90000C0F6FD01A4480EA010C400218BF5FEA55
:107AA00041211ED04FF0006343EA501043EA5111C8
:107AB000A0FB01310CF00040B1F5000F3EBF4900C2
:107AC00041EAD3715B0040EA010062F17F02FD2AC6
:107AD0001DD8B3F1004F40EBC25008BF20F00100A9
:107AE000704790F0000F0CF0004C08BF49024CEAC0
:107AF000502040EA51207F3AC2BFD2F1FF0340EA52
:107B0000C250704740F400004FF00003013A5DDCC2
:107B100012F1190FDCBF00F000407047C2F1000203
:107B2000410021FA02F1C2F1200200FA02FC5FEAF0
:107B3000310040F1000053EA4C0308BF20EADC703A
:107B4000704792F0000F00F0004C02BF400010F4AC
:107B5000000F013AF9D040EA0C0093F0000F01F059
:107B6000004C02BF490011F4000F013BF9D041EA7B
:107B70000C018FE70CEAD15392EA0C0F18BF93EA7D
:107B80000C0F0AD030F0004C18BF31F0004CD8D1A7
:107B900080EA010000F00040704790F0000F17BF2E
:107BA00090F0004F084691F0000F91F0004F14D074
:107BB00092EA0C0F01D142020FD193EA0C0F03D1CC
:107BC0004B0218BF084608D180EA010000F00040CF
:107BD00040F0FE4040F40000704740F0FE4040F4AA
:107BE000400070474FF0FF0C1CEAD0521EBF1CEA49
:107BF000D15392EA0C0F93EA0C0F69D0A2EB030267
:107C000080EA010C49024FEA402037D04FF0805300
:107C100043EA111143EA10130CF000408B4238BFC5
:107C20005B0042F17D024FF4000C8B4224BF5B1AD3
:107C300040EA0C00B3EB510F24BFA3EB510340EA21
:107C40005C00B3EB910F24BFA3EB910340EA9C00CF
:107C5000B3EBD10F24BFA3EBD10340EADC001B013F
:107C600018BF5FEA1C1CE0D1FD2A3FF650AF8B42E3
:107C700040EBC25008BF20F0010070470CF0004CF0
:107C80004CEA50207F32C2BFD2F1FF0340EAC2501B
:107C9000704740F400004FF00003013A37E792F0DC
:107CA000000F00F0004C02BF400010F4000F013A3A
:107CB000F9D040EA0C0093F0000F01F0004C02BF35
:107CC000490011F4000F013BF9D041EA0C0195E79E
:107CD0000CEAD15392EA0C0F08D142027FF47DAF37
:107CE00093EA0C0F7FF470AF084676E793EA0C0F27
:107CF00004D14B023FF44CAF08466EE730F0004C25
:107D000018BF31F0004CCAD130F000427FF45CAFB4
:107D100031F000437FF43CAF5FE700BF4FF0FF3C22
:107D200006E000BF4FF0010C02E000BF4FF0010C75
:107D30004DF804CD4FEA40024FEA41037FEA226C3E
:107D400018BF7FEA236C11D001B052EA530C18BF60
:107D500090EA010F58BFB2EB030088BFC81738BFC5
:107D60006FEAE17018BF40F0010070477FEA226CB3
:107D700002D15FEA402C05D17FEA236CE4D15FEAAF
:107D8000412CE1D05DF8040B704700BF84460846E3
:107D90006146FFE70FB5FFF7C9FF002848BF10F1A4
:107DA000000F0FBD4DF808EDFFF7F4FF0CBF0120E9
:107DB00000205DF808FB00BF4DF808EDFFF7EAFF73
:107DC00034BF012000205DF808FB00BF4DF808ED2E
:107DD000FFF7E0FF94BF012000205DF808FB00BF23
:107DE0004DF808EDFFF7D2FF94BF012000205DF8A9
:107DF00008FB00BF4DF808EDFFF7C8FF34BF0120B6
:107E000000205DF808FB00BF4BB942B9002908BF4C
:107E1000002802D04FF0FF31084600F03BB882B096
:107E2000EC462DE9005000F01DF8DDF804E002B04A
:107E30000CBC70472DE97043069E14461D468046D3
:107E4000894600F029F804FB01F300FB0533A4FB8D
:107E500000451D44B8EB040469EB0505C6E900457F
:107E6000BDE870832DE97043069E1446804689461E
:107E70001D4600F05DF900FB05F504FB0153A0FB76
:107E800004451D44B8EB040469EB0505C6E900454B
:107E9000BDE87083704700BF00292DE9F00FC0F2E4
:107EA0009F800024002BC0F29680154606460F46A0
:107EB000002B3ED18A4257D9B2FA82F34BB1C3F1BB
:107EC000200201FA03F720FA02F29D40174300FA5C
:107ED00003F6290CB7FBF1F2330C01FB127CA8B2BC
:107EE00043EA0C4700FB02F3BB4209D97F1902F1B8
:107EF000FF3C80F00181BB4240F2FE80023A2F44F9
:107F0000FF1AB7FBF1F3B6B201FB137146EA014168
:107F100000FB03F0884208D9491903F1FF3780F0CC
:107F2000ED80884240F2EA80023B43EA02420023AD
:107F300003E08B420AD900231A461046194614B1B1
:107F4000404261EB4101BDE8F00F7047B3FA83F89E
:107F5000B8F1000F40F084808B4202D3824200F2DD
:107F6000DE8000230122E8E712B90123B3FBF2F51A
:107F7000B5FA85F2002A39D17F1B280C1FFA85FC3F
:107F80000123B7FBF0F1320C00FB117742EA0747FF
:107F90000CFB01F2BA4207D97F1901F1FF3802D276
:107FA000BA4200F2C1804146BF1AB7FBF0F2B6B246
:107FB00000FB127046EA00400CFB02FC844507D926
:107FC000401902F1FF3702D2844500F2AB803A46F5
:107FD00042EA0142B1E7E443524263EB430364E700
:107FE000404261EB41014FF0FF345BE79540C2F145
:107FF000200327FA03F1280C26FA03F39740B1FB7C
:10800000F0F81F433B0C00FB18111FFA85FC43EAF4
:1080100001410CFB08F38B4206FA02F608D9491914
:1080200008F1FF3279D28B4277D9A8F102082944AE
:10803000C91AB1FBF0F3BFB200FB131147EA0147C5
:108040000CFB03F2BA4207D97F1903F1FF3160D26A
:10805000BA425ED9023B2F44BF1A43EA084390E775
:10806000C8F1200203FA08FC25FA02F343EA0C0CDB
:108070004FEA1C4921FA02F301FA08F720FA02F24A
:10808000B3FBF9F1174309FB11333A0C1FFA8CFBD0
:1080900042EA03430BFB01FA9A4505FA08F008D9B6
:1080A00013EB0C0301F1FF3235D29A4533D9023973
:1080B0006344CAEB0303B3FBF9F209FB1233BFB20B
:1080C00047EA03470BFB02F9B94508D917EB0C0740
:1080D00002F1FF331BD2B94519D9023A674442EA8B
:1080E0000145A5FB0001C9EB07078F424FF00003D4
:1080F0000AD305D02A4620E7624601E73B4614E74B
:1081000006FA08F68642F5D26A1E002315E71A46DB
:10811000E5E70B46A0E71146CBE7904688E74346E4
:1081200042460AE7023A53E702392F443CE700BFD0
:108130002DE9F00F144605460E46002B43D18A4226
:1081400053D9B2FA82F757B1C7F1200620FA06F6E2
:1081500001FA07F302FA07F41E4300FA07F5210CAF
:10816000B6FBF1F22B0C01FB1267A0B243EA074603
:1081700000FB02F3B34209D9361902F1FF3780F050
:10818000F680B34240F2F380023A2644F61AB6FB78
:10819000F1F3ADB201FB136145EA014100FB03F0CD
:1081A000884208D9091903F1FF3680F0E28088423D
:1081B00040F2DF80023B43EA0242002310461946A8
:1081C000BDE8F00F70478B424AD8B3FA83F6002E11
:1081D0004DD18B4202D3824200F2D680002301228D
:1081E00010461946BDE8F00F704712B90124B4FBE0
:1081F000F2F4B4FA84F2002A7CD1091B260CA7B24F
:108200000123B1FBF6F02A0C06FB101142EA0141F2
:1082100007FB00F28A4207D9091900F1FF3C02D29C
:108220008A4200F2C3806046891AB1FBF6F2ADB211
:1082300006FB121145EA014507FB02F7AF4208D9D8
:108240002C1902F1FF3180F09680A74240F2938012
:10825000023A42EA004210461946BDE8F00F704764
:1082600000231A4610461946BDE8F00F7047C6F1C4
:10827000200522FA05F4B3401C434FEA144821FAC2
:1082800005F301FA06F720FA05F5B3FBF8FC2F43D6
:1082900008FB1C333D0C1FFA84FA45EA03430AFB32
:1082A0000CF9994502FA06FB04D91B190CF1FF32AF
:1082B0006DD39446C9EB0303B3FBF8F508FB153304
:1082C000BFB247EA03470AFB05F8B84504D93F198E
:1082D00005F1FF3361D31D4645EA0C4CACFB0B2383
:1082E000C8EB07079F424FF0000549D345D06246CF
:1082F0002B4663E79440C2F1200321FA03FC260CCD
:1083000020FA03F301FA02F5BCFBF6F843EA050193
:108310000B0C06FB18CCA7B243EA0C4C07FB08F386
:10832000634500FA02F509D91CEB040C08F1FF3291
:108330003AD2634538D9A8F10208A444C3EB0C0C27
:10834000BCFBF6F389B206FB13CC41EA0C4107FBF8
:1083500003F28A4207D9091903F1FF3022D28A4277
:1083600020D9023B2144891A43EA084349E73A46A7
:108370000CE733461FE70A466BE7B0409042B6D29F
:108380000CF1FF32002319E73346324616E79945D0
:108390008FD9ACF1020C23448CE7B8459BD9023D40
:1083A000274499E70346DEE79046C7E702382144B1
:1083B0003AE700BF03460846194600F00BB8FFFF36
:1083C0000A46034903460868194600F08FB800BF03
:1083D000EC8EFF1F70B5064C06460D4613462CB1B9
:1083E00031462A460220AFF3008070BD204670BDA2
:1083F0000000000008B5074B044613B10021AFF39D
:108400000080054B1868836A03B198472046FDF742
:10841000D5F800BF00000000ECC7020070B50E4B9D
:108420000E4DED1AAD1000241E46AC4204D056F895
:10843000242090470134F8E704F0F4F9084D094B83
:10844000ED1AAD1000241E46AC4204D056F824208C
:1084500090470134F8E770BD40C8020040C80200F0
:108460006CC8020040C80200024B0146186800F0C8
:108470008FB800BFEC8EFF1F024B0146186800F05A
:1084800043B800BFEC8EFF1F30B50023934208D0E5
:10849000C55C0133CC1814F8014CA542F6D0281B5A
:1084A00030BD002030BD814270B501D300230EE005
:1084B0008C18A042FAD28518134613F1FF3305D366
:1084C000514266182944F65CCE54F6E770BD9342DB
:1084D00003D0CC5CC4540133F9E770BD02440346B9
:1084E000934202D003F8011BFAE7704738B502FB4C
:1084F00001F4214600F04CF8054618B1002122464F
:10850000FFF7ECFF284638BD30B500293CD051F8C4
:10851000042C0B1F1D49002AB8BF9B180A680C4683
:1085200012B95A600B6030BD93420DD219685818C9
:10853000904203D15A581144426819605A6023602E
:1085400030BD994203D80A4651680029F9D1146810
:1085500015199D420AD11B682344D0188842136024
:1085600012D10868034413604B680CE002D90C2355
:10857000036030BD18681C188C4203D10C68496830
:10858000204418605960536030BD00BFBCE6FF1F37
:1085900070B5CD1C25F0030508350C2D38BF0C2512
:1085A000002D06463FDB8D423DD3214B1C6818460B
:1085B0002146A1B10B685B1B0ED40B2B03D90B60BA
:1085C000CC18CD501FE08C4202D1626802601AE0E4
:1085D0004B6863600C4616E00C464968E9E7154CA9
:1085E00023681BB9304600F09DF9206029463046CB
:1085F00000F098F9431C014615D0C41C24F0030474
:1086000084420AD1256004F10B00231D20F00700ED
:10861000C31A0BD05A42E25070BD3046611A00F0C6
:1086200081F90130EED10C233360002070BD00BF12
:10863000BCE6FF1FB8E6FF1F012B30B50ADC92082D
:10864000013A04680B6840F8043B002A41F8044BE7
:10865000F6DC30BD0023C45CCD5CC554CC54013382
:10866000D41A002CF7DC30BDF8B50E461446074688
:108670001D4698470028214630460ADAA8470028B8
:1086800012DB38462146A84737EA200028BF20469B
:10869000F8BDA847002807DC38462146A84734EA39
:1086A000200028BF3846F8BD3046F8BD2DE9F04F10
:1086B00085B00546894614460293AA0705D1A3074B
:1086C00003D1261F18BF012600E002262A19B9F19E
:1086D000060F019222D8934604FB0959CB4580F03E
:1086E0001E815F46AF4217D9C4EB070A5046394690
:1086F000029B984700280FDD36B93A68DAF8003057
:108700003B60CAF8002005E0384651462246334611
:10871000FFF792FF5746E5E7A344DFE74FEA590723
:10872000B9F1070F04FB075736D009F1FF38B9F14B
:10873000280F04FB085827D94FEAD90A04FB0AFA84
:108740004FEA4A0C05EB0C0205EB0A01029BCDF83F
:1087500000C02846FFF788FFCAF1000B394607EB37
:108760000A020390029B07EB0B00FFF77DFFDDF889
:1087700000C0029B08EB0B0142460746CCEB080009
:10878000FFF772FF804600E0039539460398029B8D
:108790004246FFF769FF074626B92A683B682B6007
:1087A0003A6005E02846394622463346FFF744FF43
:1087B00009F1FF38019F04FB0858C346BA4600235D
:1087C000474525D8009338462946029A9047002805
:1087D000009B1DDC0FD136B9DAF800203B68CAF8DF
:1087E00000303A6005E05046394622463346FFF7EE
:1087F00023FFA24401232744E2E700934046294691
:10880000029A90470028009B19DB04D0C4EB0808AB
:108810004745F2D926E046B9D8F80020DBF8003009
:10882000C8F80030CBF8002005E040465946224603
:108830003346FFF701FFC4EB0B0B0123E6E736B924
:108840003A68D8F800303B60C8F8002005E03846A8
:10885000414622463346FFF7EFFE2744C4EB0808A3
:108860000123ADE704FB09F9A9440BBB019B4B4570
:1088700055D21F46AF4217D9C4EB070A50463946B6
:10888000029B984700280FDD36B93A68DAF80030C5
:108890003B60CAF8002005E0384651462246334680
:1088A000FFF7CAFE5746E5E7019A22440192DDE749
:1088B000CAEB070CC5EB0A0AE245B4BF5246624652
:1088C000002A08DD2846B91A3346CDF800C0FFF764
:1088D000B3FEDDF800C0CBEB0902C8EB0B08121B9E
:1088E000424528BF4246002A09DD3846C2EB09014D
:1088F0003346CDF800C0FFF79FFEDDF800C0A44569
:1089000006D92846BCFBF4F12246029BFFF7CEFEB7
:10891000A04504D9C8EB0905B8FBF4F9CDE605B0CC
:10892000BDE8F08F38B5064C0023054608462360A5
:10893000FCF73CFE431C02D1236803B12B6038BD19
:10894000D0E6FF1F0EB400B59CB04FF40271ADF835
:1089500014106FF00041049107914FF6FF711DABA9
:10896000ADF81610084953F8042B029006900868D9
:10897000019302A900F09CF8029B00221A701CB01F
:108980005DF804EB03B07047EC8EFF1FC9B20246DE
:1089900010F8013B1BB18B42F9D1104670470029FA
:1089A000FBD01846704710F8012B11F8013B012A43
:1089B00028BF9A42F7D0D01A7047034613F8012B0C
:1089C000002AFBD1181A0138704770B592B10B46D6
:1089D00005461C7810F8016BB44201F1010101D188
:1089E000012A03D128781B78C01A70BD013A002CE7
:1089F000EDD1F7E7104670BD2DE9F0478D68AB4229
:108A000081460C4692461F4643D38B8913F4906FE0
:108A10003DD026680969C1EB06086669022206EBAB
:108A2000460696FBF2F608F101023A44964238BF38
:108A300016465B050FD53146FFF7AAFD054698B1EE
:108A400021694246F2F79CFDA38923F4906343F029
:108A50008003A38113E0324600F0ADFA054670B9F9
:108A600048462169FFF750FD0C23C9F80030A3895F
:108A700043F04003A3814FF0FF30BDE8F08725614C
:108A800066614544C8EB06062560A6603D46AF42D8
:108A900000D23D462A4620685146FFF704FDA368F0
:108AA0005B1BA36023681D4425600020BDE8F087A0
:108AB0002DE9F0439DB0074603938B891C060D46B4
:108AC00016460CD50B6953B94021FFF761FD2860AC
:108AD000286110B90C233B60C8E040236B61002380
:108AE000099320238DF8293030238DF82A3033461E
:108AF0001C4613F8012B1AB9B4EB06090FD002E09B
:108B0000252AF5D1F8E73846294632464B46FFF785
:108B100073FF013000F0A580099B4B440993237833
:108B2000002B00F09E8000234FF0FF320493079348
:108B3000059206938DF853301A9304F101094C46BF
:108B40004D4E21783046052200F026FA09F1010940
:108B5000049B28B1861B0120B04003430493EEE739
:108B6000D90644BF20228DF853201A0744BF2B2278
:108B70008DF8532022782A2A02D0079B21460EE046
:108B8000039A111D12680391002A01DB079204E089
:108B9000524243F002030792049301340AE00C4668
:108BA00001312278303A092A03D80A2000FB032336
:108BB000F5E7079323782E2B1AD163782A2B0AD155
:108BC000039B1A1D1B680392002B04F10204B8BF1B
:108BD0004FF0FF330BE0611C00230C46013122787B
:108BE000303A092A03D80A2000FB0323F5E705934E
:108BF000224E21783046032200F0CEF930B1861B98
:108C0000049B4020B04003430493013421781C4866
:108C10008DF828100622661C00F0BEF988B1194BA9
:108C200033B9039B073323F007030833039314E09E
:108C300003AB0093384604A92A46134BAFF30080D8
:108C400007E003AB0093384604A92A460E4B00F018
:108C50008FF8B0F1FF3F804603D0099B434409934E
:108C600045E7AB895B0601D4099801E04FF0FF307E
:108C70001DB0BDE8F08300BFF0C70200F6C70200D8
:108C8000FAC7020000000000F98902002DE9F8434C
:108C900015461F468A680B69DDF820809A42A8BFF6
:108CA00013462B6091F8432006460C460AB1013367
:108CB0002B602368990602D52B6802332B6023684A
:108CC00013F006091DD094F843302268003318BF12
:108CD000012392061FD5E1185A1C302081F8430069
:108CE000224494F8451082F84310023313E03046D2
:108CF000394604F119020123C047013007D009F1B8
:108D00000109E2682B68D31A9945F0DBDBE74FF0E5
:108D1000FF30BDE8F8833046394604F14302C047CE
:108D20000130F4D023682A68E16803F00603042BBD
:108D300008BFC2EB01052369A2680CBF25EAE575EF
:108D400000259A42C4BFC3EB0203ED184FF000099F
:108D5000A9450ADA3046394604F11A020123C04710
:108D60000130D4D009F10109F2E70020BDE8F88311
:108D70002DE9FF470E7E0C9D6E2E80460C469146D7
:108D80009A4601F1430000F0A58011D8632E22D04D
:108D900009D8002E00F0AF80582E40F0BF8081F837
:108DA00045607B4A4FE0642E1ED0692E1CD0B5E092
:108DB000732E00F0A48009D86F2E2BD0702E40F0B7
:108DC000AD800B6843F020030B6038E0752E21D096
:108DD000782E34D0A2E02B681A1D1B682A6001F19E
:108DE000420781F842309DE022682B6812F0800F24
:108DF00003D01A1D2A601D6805E05106F9D51A1D19
:108E00002A60B3F90050002D39DA2D236D4284F821
:108E1000433034E022682B6812F0800F03D01A1D13
:108E20002A601D6804E05206F9D51A1D2A601D88C3
:108E3000237E574A6F2B14BF0A2308231BE0782395
:108E4000544A84F845302368296813F0800F01F1F3
:108E500004062E6001D00D6802E05F06FBD50D8888
:108E6000DE0744BF43F0200323601DB9236823F0CD
:108E7000200323601023002184F8431001E0444ABA
:108E80000A236668A660002E03DB216821F0040136
:108E9000216005B96EB104F14201B5FBF3F603FBA5
:108EA00016550F46555D01F801593546002EF4D18F
:108EB00000E00746082B0AD12368DD0707D5626862
:108EC00023699A4203DC302307F8013C013FC01BB1
:108ED00020612CE009682B68626911F0800F04D0D2
:108EE000191D29601B681A6005E04906F8D5191D8F
:108EF00029601B681A8000232361074617E02B684E
:108F00001A1D2A601F683846FFF757FD6368206105
:108F1000984288BF23612369636005E004F142073A
:108F200084F8426001232361002384F84330CDF8A4
:108F300000A04046214603AA4B46FFF7A7FE01309A
:108F400002D14FF0FF301FE0404649463A462369C0
:108F5000D0470130F5D023689B0705D4E068039B18
:108F60009842B8BF18460FE00025E268039BD31A69
:108F70009D42F3DA4046494604F119020123D047E5
:108F80000130DED00135F0E704B0BDE8F08700BF66
:108F900001C8020012C8020010B5C9B202449042D2
:108FA000034606D01C788C4200F10100F7D1184628
:108FB00010BD002010BDF8B5064614460D4621B977
:108FC0001146BDE8F840FFF7E3BA1AB9FFF79CFA7B
:108FD0002046F8BD00F015F8A0420ED230462146DA
:108FE000FFF7D6FA074650B129462246F2F7C8FAEB
:108FF00030462946FFF788FA01E02846F8BD384692
:10900000F8BD51F8040C002802DA04390B58184452
:10901000043870474572726F722070617373776F96
:10902000726420617474656D70747320666F722051
:10903000746869732073657373696F6E20657863F4
:1090400065656465642C2072656D6F7665204F6E72
:109050006C794B657920616E64207265696E736509
:10906000727420746F20617474656D7074206C6FFD
:1090700067696E00554E4C4F434B454476332E3056
:109080002E322D70726F64004572726F7220696E9D
:10909000636F7272656374206368616C6C656E6780
:1090A000652077617320656E746572656400494E52
:1090B000495449414C495A45442D4400494E49546C
:1090C00049414C495A454400982F8A42914437718E
:1090D000CFFBC0B5A5DBB5E95BC25639F111F1593B
:1090E000A4823F92D55E1CAB98AA07D8015B83127D
:1090F000BE853124C37D0C55745DBE72FEB1DE8029
:10910000A706DC9B74F19BC1C1699BE48647BEEF57
:10911000C69DC10FCCA10C246F2CE92DAA84744AE2
:10912000DCA9B05CDA88F97652513E986DC631A858
:10913000C82703B0C77F59BFF30BE0C64791A7D537
:109140005163CA0667292914850AB72738211B2EBF
:10915000FC6D2C4D130D385354730A65BB0A6A76A7
:109160002EC9C281852C7292A1E8BFA24B661AA8B3
:10917000708B4BC2A3516CC719E892D1240699D6C3
:1091800085350EF470A06A1016C1A419086C371E3C
:109190004C774827B5BCB034B30C1C394AAAD84E1A
:1091A0004FCA9C5BF36F2E68EE828F746F63A57855
:1091B0001478C8840802C78CFAFFBE90EB6C50A4E8
:1091C000F7A3F9BEF27871C62530386C58202530E7
:1091D000386C58202530386C58202530386C5800B1
:1091E000000000000000000095230000216702003D
:1091F0002530366C6400FFFF000000000000000016
:1092000091580000E15B0000B9D20000C5D2000017
:109210007FD4000099D30000CDD20000D7D5000044
:1092200059D40000C9D20000B7D4000003D5000013
:10923000D9D4000000000000000000000000000081
:10924000B15700007D580000F9EF000005F0000064
:10925000B5F00000DBF0000009F000005FF0000056
:109260003FF10000000000004572726F722045431C
:1092700043207479706520696E636F7272656374E0
:10928000004572726F7220696E76616C6964206B42
:1092900065792C206B657920636865636B20666156
:1092A000696C6564004572726F722077697468201A
:1092B000525341206461746120746F207369676E3A
:1092C00020696E76616C69642073697A6500457205
:1092D000726F7220776974682052534120736967F6
:1092E0006E696E67004572726F7220696E76616C8E
:1092F000696420646174612C206F72206461746100
:1093000020646F6573206E6F74206D6174636820D4
:109310006B6579004572726F7220776974682052AC
:109320005341206461746120746F206465637279B5
:10933000707420696E76616C69642073697A650067
:109340004572726F722077697468205253412064AD
:10935000656372797074696F6E004572726F722006
:1093600067656E65726174696E6720525341207043
:1093700075626C6963204E004572726F72206E6F69
:10938000206B65792073657420696E207468697339
:1093900020736C6F74004572726F72206B65792058
:1093A0006E6F7420736574206173207369676E61DA
:1093B00074757265206B6579004572726F72206BEF
:1093C0006579206E6F742073657420617320646505
:1093D0006372797074696F6E206B657900475245CE
:1093E000454E00424C55450059454C4C4F57005096
:1093F0005552504C4500466F72204F6E6C794B654C
:1094000079206F6E2D7468652D676F20766973699A
:10941000742068747470733A2F2F617070732E63A8
:1094200072702E746F00666163746F72792072655A
:1094300073657420686173206265656E20636F6D6B
:10944000706C6574656400537563636573736675EA
:109450006C6C79207769706564204C6162656C0082
:109460005375636365737366756C6C792077697087
:1094700065642055524C005375636365737366755C
:109480006C6C7920776970656420416464697469E3
:109490006F6E616C20436861726163746572730002
:1094A0005375636365737366756C6C792077697047
:1094B00065642044656C6179203100537563636590
:1094C000737366756C6C7920776970656420557369
:1094D00065726E616D650053756363657373667560
:1094E0006C6C792077697065642044656C617920C3
:1094F00032005375636365737366756C6C7920779E
:10950000697065642050617373776F72640053757E
:10951000636365737366756C6C79207769706564D5
:109520002044656C61792033005375636365737300
:1095300066756C6C792077697065642032464120CD
:1095400054797065005375636365737366756C6CED
:109550007920776970656420324641204B65790037
:109560005375636365737366756C6C79207365748A
:10957000204C6162656C0053756363657373667537
:109580006C6C79207365742055524C00537563637D
:1095900065737366756C6C7920736574206166748D
:1095A000657220557365726E616D652041646469F2
:1095B000746F6E616C2043686172616374657200E0
:1095C0005375636365737366756C6C79207365742A
:1095D0002044656C6179310053756363657373660C
:1095E000756C6C7920736574206265666F72652096
:1095F000557365726E616D65204164646974696F4D
:109600006E616C20436861726163746572005375AA
:10961000636365737366756C6C792073657420621F
:1096200065666F7265204F545020416464697469A7
:109630006F6E616C20436861726163746572005380
:1096400075636365737366756C6C792073657420DC
:10965000557365726E616D650053756363657373F1
:1096600066756C6C792073657420616464697469D3
:109670006F6E616C206368617261637465722061F2
:10968000667465722070617373776F7264005375CE
:10969000636365737366756C6C79207365742044BD
:1096A000656C617932004572726F72204D464120BF
:1096B000616C726561647920656E61626C656420BD
:1096C0006F6E207468697320736C6F742C206465EE
:1096D000766963652050494E2072657175697265BF
:1096E00064005375636365737366756C6C7920737E
:1096F00065742050617373776F7264005375636390
:1097000065737366756C6C7920736574206166741B
:109710006572204F545020436861726163746572B2
:10972000005375636365737366756C6C792073653C
:10973000742044656C617933004572726F722070D9
:10974000617373776F726420616C726561647920F4
:10975000656E61626C6564206F6E20746869732049
:10976000736C6F742C206465766963652050494E74
:109770002072657175697265640053756363657302
:109780007366756C6C792073657420324641205481
:10979000797065005375636365737366756C6C7976
:1097A0002073657420324641204B65790053756300
:1097B0006365737366756C6C7920736574204145BD
:1097C00053204B65792C205072697661746520496D
:1097D000442C20616E64205075626C69632049449A
:1097E000005375636365737366756C6C792073657C
:1097F000742069646C652074696D656F75740053BD
:1098000075636365737366756C6C7920736574201A
:1098100057697065204D6F646520746F2046756CC4
:109820006C20576970650053756363657373667563
:109830006C6C79207365742057697065204D6F6476
:109840006520746F2064656661756C74207365743F
:1098500074696E67004572726F7220576970652077
:109860004D6F6465206D6179206E6F742062652094
:109870006368616E676564005375636365737366DF
:10988000756C6C7920736574204261636B75702010
:109890004B6579204D6F646520746F204C6F636B4E
:1098A0006564005375636365737366756C6C7920CA
:1098B000736574204261636B7570204B6579204D30
:1098C0006F646520746F205065726D6974204675F1
:1098D00074757265204368616E67657300457272C6
:1098E0006F72204261636B7570204B6579204D6FFC
:1098F0006465206D6179206E6F74206265206368F5
:10990000616E676564005375636365737366756C38
:109910006C79207365742064657269766564206B68
:109920006579206368616C6C656E6765206D6F6436
:1099300065004572726F72206E6F7420696E2063CD
:109940006F6E666967206D6F64650053756363654C
:10995000737366756C6C79207365742073746F72A1
:109960006564206B6579206368616C6C656E676502
:10997000206D6F6465005375636365737366756C02
:109980006C792073657420484D4143204368616CB5
:109990006C656E6765204D6F646500537563636524
:1099A000737366756C6C7920736574205379736179
:1099B000646D696E204D6F6465005365636F6E64FE
:1099C0002050726F66696C65204D6F6465206D6113
:1099D00079206F6E6C79206265206368616E6765BF
:1099E00064206F6E2066697273742075736500530E
:1099F00075636365737366756C6C79207365742029
:109A00004C4544206272696768746E6573730053D5
:109A100075636365737366756C6C79207365742008
:109A2000546F7563682053656E73697469766974E1
:109A300079004572726F7220746F75636873656E1A
:109A400073652076616C7565206F7574206F662074
:109A500072616E6765005375636365737366756CD9
:109A60006C7920736574206C6F636B2062757474FD
:109A70006F6E005375636365737366756C6C7920E4
:109A800073657420747970657370656564005375CF
:109A9000636365737366756C6C7920736574206B92
:109AA0006579626F617264206C61796F75740045CD
:109AB00072726F7220696E76616C696420454343EF
:109AC00020736C6F74005375636365737366756C94
:109AD0006C7920736574204261636B7570205061EE
:109AE0007373706872617365005375636365737334
:109AF00066756C6C792073657420454343204B6513
:109B000079005375636365737366756C6C79207740
:109B10006970656420454343204B65790053756344
:109B20006365737366756C6C792077697065642002
:109B30005253412050726976617465204B657900FB
:109B40004572726F7220696E76616C69642052533F
:109B50004120736C6F74004572726F7220696E766B
:109B6000616C6964205253412074797065005375AB
:109B7000636365737366756C6C79207365742052CA
:109B80005341204B6579004572726F7220626163A8
:109B90006B7570206B6579206D6F646520736574DB
:109BA00020746F206C6F636B6564002A2A2A20572B
:109BB000454C434F4D4520544F204F4E4C594B453B
:109BC0005920515549434B205345545550202A2A7A
:109BD0002A0052554E20544849532053455455505D
:109BE0002046524F4D204120545255535445442055
:109BF000434F4D505554455220414E44204341520D
:109C00004546554C4C5920575249544520444F57CE
:109C10004E0050494E7320414E4420504153535002
:109C200048524153452E2053544F524520494E200F
:109C30004120534543555245204C4F434154494FD1
:109C40004E2053554348204153204120534146451F
:109C5000005748454E2046494E4953484544204404
:109C6000454C4554452054484953205445585400C8
:109C7000546872656520646966666572656E7420F5
:109C800050494E20636F6465732077696C6C206265
:109C90006520736574207570206F6E20796F757202
:109CA000204F6E6C794B6579005468652066697247
:109CB00073742050494E20756E6C6F636B732079FE
:109CC0006F7572207072696D6172792070726F6643
:109CD000696C652028692E6520506572736F6E610E
:109CE0006C204163636F756E74732900546865203E
:109CF0007365636F6E642050494E20756E6C6F63A0
:109D00006B7320616E206164646974696F6E616C4D
:109D10002070726F66696C652028692E652E205749
:109D20006F726B204163636F756E747329005468A2
:109D3000652074686972642050494E2069732079E7
:109D40006F75722073656C662D64657374727563CC
:109D5000742050494E2075736520746869732074AF
:109D60006F20776970652F666163746F7279206404
:109D7000656661756C742064657669636500546F0F
:109D80002063686F6F7365207468652050494E7357
:109D900020796F757273656C6620707265737320BD
:109DA00031206F6E204F6E6C794B65792C20666F79
:109DB000722072616E646F6D2050494E7320707214
:109DC000657373203200596F7520686176652032A3
:109DD00030207365636F6E6473207374617274698D
:109DE0006E67206E6F772E2E2E00596F7520776963
:109DF0006C6C206E6F7720656E74657220612050E8
:109E0000494E206F6E20746865204F6E6C794B65EB
:109E100079203620627574746F6E206B657970617D
:109E2000640043686F6F736520612050494E20378E
:109E30002D313020646967697473206C6F6E670020
:109E4000596F7572204F6E6C794B65792077696C0C
:109E50006C206E6F7720626520636F6E6669677530
:109E6000726564206175746F6D61746963616C6C97
:109E70007920776974682072616E646F6D20504933
:109E80004E732F5061737370687261736500594F20
:109E90005552204F4E4C594B45592050494E204960
:109EA000533A00594F5552204F4E4C594B4559206B
:109EB0005345434F4E442050524F46494C45205045
:109EC000494E2049533A00594F5552204F4E4C5954
:109ED0004B45592053454C462D4445535452554308
:109EE000542050494E2049533A002A2A2A205745E7
:109EF0004C434F4D4520544F204F4E4C594B4559E4
:109F00002044554F20515549434B205345545550FB
:109F1000202A2A2A00594F5552204241434B55507E
:109F200020504153535048524153452E2053544FD3
:109F3000524520494E204120534543555245204C1F
:109F40004F434154494F4E205355434820415320DD
:109F500041205341464500594F5552204F4E4C59D0
:109F60004B4559204241434B55502050415353508B
:109F700048524153452049533A00546F207374614D
:109F80007274207573696E67204F6E6C794B6579BA
:109F900020656E74657220796F7572207072696DBC
:109FA000617279206F72207365636F6E646172797C
:109FB0002050494E206F6E20746865204F6E6C797A
:109FC0004B6579203620627574746F6E206B6579ED
:109FD000706164004F6E6C794B65792069732072F3
:109FE0006561647920666F722075736520617320E6
:109FF00061207365637572697479206B65792028B7
:10A000004649444F322F5532462920616E642066FE
:10A010006F72206368616C6C656E67652D72657325
:10A02000706F6E736500466F722061646469746955
:10A030006F6E616C206665617475726573207375EF
:10A0400063682061732070617373776F7264206D31
:10A05000616E6167656D656E7420696E7374616CA5
:10A060006C20746865204F6E6C794B65792064654F
:10A07000736B746F70206170700068747470733AE1
:10A080002F2F6F6E6C796B65792E696F2F617070F1
:10A0900020002A2A2A20534554555020434F4D5022
:10A0A0004C4554452C2044454C4554452054484982
:10A0B000532054455854202A2A2A00596F75206885
:10A0C000617665203230207365636F6E647320742F
:10A0D0006F20656E7465722073656C662D646573A0
:10A0E00074727563742050494E2C207374617274BD
:10A0F000696E67206E6F77004F6E6C794B657920C3
:10A1000069732072656164792C20656E74657220B4
:10A11000796F75722073656C662D646573747275E2
:10A1200063742050494E005375636365737366759D
:10A130006C2050494E20656E747279004572726FC2
:10A14000722050494E206973206E6F7420626574CE
:10A150007765656E2037202D20313020646967696E
:10A16000747300596F7520686176652032302073F2
:10A1700065636F6E647320746F2072652D656E74F5
:10A1800065722050494E2C207374617274696E6739
:10A19000206E6F77004F6E6C794B65792069732064
:10A1A00072656164792C2072652D656E746572200C
:10A1B000796F75722050494E20746F20636F6E6600
:10A1C00069726D005375636365737366756C6C7942
:10A1D000207365742050494E004572726F72205092
:10A1E000494E7320446F6E2774204D61746368007C
:10A1F000596F752068617665203230207365636F12
:10A200006E647320746F20656E746572207365636D
:10A210006F6E642070726F66696C652050494E2CB9
:10A22000207374617274696E67206E6F77004F6E71
:10A230006C794B65792069732072656164792C2093
:10A24000656E74657220796F75722050494E0059A1
:10A250006F752068617665203230207365636F6E9C
:10A26000647320746F20656E746572207072696DFE
:10A270006172792070726F66696C652050494E2C4E
:10A28000207374617274696E67206E6F7700546911
:10A290006D656F7574206F63637572656420776890
:10A2A000696C652077616974696E6720666F7220DA
:10A2B000636F6E6669726D6174696F6E206F6E2078
:10A2C0004F6E6C794B6579004572726F72207061C8
:10A2D000636B657473207265636569766564206578
:10A2E000786365656465642073697A65206C696D5F
:10A2F0006974004572726F72206E6F20454343206F
:10A3000050726976617465204B657920736574209D
:10A31000696E207468697320736C6F740045727283
:10A320006F72206E6F2052534120507269766174B3
:10A3300065204B65792073657420696E20746869A7
:10A340007320736C6F74004572726F722062616368
:10A350006B75702066696C6520746F6F206C61721C
:10A360006765004572726F72206E6F206261636B69
:10A370007570206B657920736574004572726F7219
:10A38000206B65792074797065207573656420662B
:10A390006F72206261636B757020646F6573206EED
:10A3A0006F74206D61746368004572726F7220690A
:10A3B0006E636F7272656374206261636B75702087
:10A3C0006B657920736574004572726F72206B65DE
:10A3D0007920636F6E66696775726174696F6E204C
:10A3E0006261636B75702066696C6520666F726D63
:10A3F000617420696E636F72726563740053756374
:10A400006365737366756C6C79206C6F61646564E9
:10A41000206261636B75700052656D6F76652061B7
:10A420006E64205265696E73657274204F6E6C792C
:10A430004B657920746F20636F6D706C6574652057
:10A44000726573746F7265004241434B55503132EF
:10A45000333435004572726F722077697468204515
:10A460004343205368617265642053656372657469
:10A47000004572726F7220776974682052534120D0
:10A48000456E6372797074696F6E002D2D2D2D2DC0
:10A49000424547494E204F4E4C594B455920424169
:10A4A000434B55502D2D2D2D2D002D2D2D2D2D4572
:10A4B0004E44204F4E4C594B4559204241434B5539
:10A4C000502D2D2D2D2D004E6F204261636B757028
:10A4D000204B6579202D20466F6C6C6F7720696E5C
:10A4E000737472756374696F6E732068657265202A
:10A4F00068747470733A2F2F646F63732E63727075
:10A500002E746F2F757365727367756964652E6835
:10A51000746D6C237365637572652D656E637279F6
:10A52000707465642D6261636B75702D616E7977EF
:10A530006865726500554E494E495449414C495A27
:10A54000454476332E302E322D70726F6400457282
:10A55000726F72204F6E6C794B6579206D757374D4
:10A5600020626520696E697469616C697A6564202E
:10A570006669727374004572726F722064657669E1
:10A580006365206C6F636B6564004E6F2050494EAD
:10A59000207365742C20596F75206D75737420734A
:10A5A000657420612050494E2066697273740053AF
:10A5B00055434345535346554C4C204657204C4F2A
:10A5C000414420524551554553542C205245424F49
:10A5D0004F54494E472E2E2E006E6F7420757365B2
:10A5E0006400FFFFFFFFFFFF00000000000000000D
:10A5F00089C6000095C60000BF550200BF55020085
:10A60000BF550200BF550200BF550200BF550200F2
:10A61000BF55020000000000000000000000000024
:10A62000B5C60000C1C60000BF550200BF550200FC
:10A63000BF550200BF550200BF550200BF550200C2
:10A64000BF550200BF550200001B362D6C775A41E2
:10A65000637C777BF26B6FC53001672BFED7AB76DF
:10A66000CA82C97DFA5947F0ADD4A2AF9CA472C08A
:10A67000B7FD9326363FF7CC34A5E5F171D83115F7
:10A6800004C723C31896059A071280E2EB27B27518
:10A6900009832C1A1B6E5AA0523BD6B329E32F8490
:10A6A00053D100ED20FCB15B6ACBBE394A4C58CF88
:10A6B000D0EFAAFB434D338545F9027F503C9FA85C
:10A6C00051A3408F929D38F5BCB6DA2110FFF3D22A
:10A6D000CD0C13EC5F974417C4A77E3D645D1973DE
:10A6E00060814FDC222A908846EEB814DE5E0BDBD8
:10A6F000E0323A0A4906245CC2D3AC629195E4790F
:10A70000E7C8376D8DD54EA96C56F4EA657AAE0868
:10A71000BA78252E1CA6B4C6E8DD741F4BBD8B8A03
:10A72000703EB5664803F60E613557B986C11D9E69
:10A73000E1F8981169D98E949B1E87E9CE5528DFE0
:10A740008CA1890DBFE6426841992D0FB054BB160C
:10A7500052096AD53036A538BF40A39E81F3D7FB96
:10A760007CE339829B2FFF87348E4344C4DEE9CBE0
:10A77000547B9432A6C2233DEE4C950B42FAC34E55
:10A78000082EA16628D924B2765BA2496D8BD1250B
:10A7900072F8F66486689816D4A45CCC5D65B692AF
:10A7A0006C704850FDEDB9DA5E154657A78D9D8453
:10A7B00090D8AB008CBCD30AF7E45805B8B3450673
:10A7C000D02C1E8FCA3F0F02C1AFBD0301138A6B8D
:10A7D0003A9111414F67DCEA97F2CFCEF0B4E673BD
:10A7E00096AC7422E7AD3585E2F937E81C75DF6E6B
:10A7F00047F11A711D29C5896FB7620EAA18BE1BD1
:10A80000FC563E4BC6D279209ADBC0FE78CD5AF476
:10A810001FDDA8338807C731B11210592780EC5FBC
:10A8200060517FA919B54A0D2DE57A9F93C99CEF18
:10A83000A0E03B4DAE2AF5B0C8EBBB3C8353996119
:10A84000172B047EBA77D626E169146355210C7D57
:10A85000000000000000000071CB000085CB00006C
:10A860005FC70000BF550200BF55020059CA000073
:10A87000D9CA000097CB0000000102040810204054
:10A88000801B36FFFFFFFFFF0000000000000000FC
:10A890009DD50000C5D50000B9D20000C5D200008A
:10A8A0007FD4000099D30000CDD20000D7D500009E
:10A8B00059D40000C9D20000B7D4000003D500006D
:10A8C000D9D400000000000008C9BCF367E6096A9B
:10A8D0003BA7CA8485AE67BB2BF894FE72F36E3C2F
:10A8E000F1361D5F3AF54FA5D182E6AD7F520E518C
:10A8F0001F6C3E2B8C68059B6BBD41FBABD9831F46
:10A9000079217E1319CDE05B0000000000000000FB
:10A9100031D7000051D70000D9D60000DDD60000A5
:10A92000F9D60000B1DC000037DD0000E1D6000000
:10A93000FBDD00002DDE000022AE28D7982F8A42D2
:10A94000CD65EF23914437712F3B4DECCFFBC0B564
:10A95000BCDB8981A5DBB5E938B548F35BC2563964
:10A9600019D005B6F111F1599B4F19AFA4823F924E
:10A9700018816DDAD55E1CAB420203A398AA07D8F2
:10A98000BE6F7045015B83128CB2E44EBE853124EC
:10A99000E2B4FFD5C37D0C556F897BF2745DBE7246
:10A9A000B196163BFEB1DE803512C725A706DC9BAB
:10A9B000942669CF74F19BC1D24AF19EC1699BE490
:10A9C000E3254F388647BEEFB5D58C8BC69DC10FAA
:10A9D000659CAC77CCA10C2475022B596F2CE92D0A
:10A9E00083E4A66EAA84744AD4FB41BDDCA9B05CA2
:10A9F000B5531183DA88F976ABDF66EE52513E9893
:10AA00001032B42D6DC631A83F21FB98C82703B082
:10AA1000E40EEFBEC77F59BFC28FA83DF30BE0C65F
:10AA200025A70A934791A7D56F8203E05163CA0611
:10AA3000706E0E0A67292914FC2FD246850AB727A3
:10AA400026C9265C38211B2EED2AC45AFC6D2C4DDC
:10AA5000DFB3959D130D3853DE63AF8B54730A65D6
:10AA6000A8B2773CBB0A6A76E6AEED472EC9C28132
:10AA70003B358214852C72926403F14CA1E8BFA28D
:10AA8000013042BC4B661AA89197F8D0708B4BC22C
:10AA900030BE5406A3516CC71852EFD619E892D1B4
:10AAA00010A96555240699D62A20715785350EF4CC
:10AAB000B8D1BB3270A06A10C8D0D2B816C1A419E0
:10AAC00053AB4151086C371E99EB8EDF4C7748270A
:10AAD000A8489BE1B5BCB034635AC9C5B30C1C3956
:10AAE000CB8A41E34AAAD84E73E363774FCA9C5B93
:10AAF000A3B8B2D6F36F2E68FCB2EF5DEE828F740E
:10AB0000602F17436F63A57872ABF0A11478C884E7
:10AB1000EC39641A0802C78C281E6323FAFFBE9022
:10AB2000E9BD82DEEB6C50A41579C6B2F7A3F9BE7D
:10AB30002B5372E3F27871C69C6126EACE3E27CA97
:10AB400007C2C021C7B886D11EEBE0CDD67DDAEAB8
:10AB500078D16EEE7F4F7DF5BA6F1772AA67F00657
:10AB6000A698C8A2C57D630AAE0DF9BE04983F1130
:10AB70001B471C13350B711B847D0423F577DB28E1
:10AB80009324C7407BABCA32BCBEC9150ABE9E3CEB
:10AB90004C0D109CC4671D43B6423ECBBED4C54C81
:10ABA0002A7E65FC9C297F59ECFAD63AAB6FCB5FC5
:10ABB0001758474A8C19446C657870616E6420336D
:10ABC000322D62797465206BB02AAE7DEECBBBB1BD
:10ABD000FC036FDDDC7D76670CE81F0DA3A0AA1EC9
:10ABE000B0BD726B2B4C8A7E34FC3760F41E22A001
:10ABF0000BFB188460A57772982F8A4291443771B5
:10AC0000CFFBC0B5A5DBB5E95BC25639F111F159EF
:10AC1000A4823F92D55E1CAB98AA07D8015B831231
:10AC2000BE853124C37D0C55745DBE72FEB1DE80DD
:10AC3000A706DC9B74F19BC1C1699BE48647BEEF0C
:10AC4000C69DC10FCCA10C246F2CE92DAA84744A97
:10AC5000DCA9B05CDA88F97652513E986DC631A80D
:10AC6000C82703B0C77F59BFF30BE0C64791A7D5EC
:10AC70005163CA0667292914850AB72738211B2E74
:10AC8000FC6D2C4D130D385354730A65BB0A6A765C
:10AC90002EC9C281852C7292A1E8BFA24B661AA868
:10ACA000708B4BC2A3516CC719E892D1240699D678
:10ACB00085350EF470A06A1016C1A419086C371EF1
:10ACC0004C774827B5BCB034B30C1C394AAAD84ECF
:10ACD0004FCA9C5BF36F2E68EE828F746F63A5780A
:10ACE0001478C8840802C78CFAFFBE90EB6C50A49D
:10ACF000F7A3F9BEF27871C6000000000000000062
:10AD0000B5E40000D5E400003DE4000041E40000AB
:10AD100045E40000C5E6000029E700009DE40000CE
:10AD2000E7E7000019E80000000000000000000054
:10AD300085E80000A5E800005FC7000081E800008A
:10AD4000B7E8000059CA0000D9CA000097CB00003C
:10AD500059F1B226949BD6EB56B183829A14E00047
:10AD600030D1F3EEF2808E19E7FCDF56DCD90624F1
:10AD7000A3DDB7A5B38ADE6DF5525177809FF02031
:10AD80007DE3AB648E4EEA6665768BD70F5F87678F
:10AD9000EDD3F55C1A631258D69CF7A2DEF9DE14E7
:10ADA0000000000000000000000000000000001093
:10ADB0001B132C0AA3E59CEDA72963085D2106213E
:10ADC000EBFFFFFFFFFFFFFFFFFFFFFFFFFFFFFFA7
:10ADD0000F00000001000000000000000000000063
:10ADE0000000000000000000000000000000000063
:10ADF000000000001AD5258F602D56C9B2A72595F1
:10AE000060C72C695CDCD6FD31E2A4C0FE536ECD78
:10AE1000D3366921586666666666666666666666E5
:10AE200066666666666666666666666666666666C2
:10AE300066666666FFFFFFFF00000000000000007E
:10AE4000CDEF0000D9EF0000BF550200BF55020052
:10AE5000BF550200BF550200BF550200BF5502009A
:10AE6000000000000000000005F100002DF10000CE
:10AE7000F9EF000005F00000B5F00000DBF0000085
:10AE800009F000005FF000003FF10000000000004A
:10AE9000000000000000000089F100009DF10000AA
:10AEA000BF550200BF550200BF550200BF5502004A
:10AEB000BF550200BF550200BF550200BF5502003A
:10AEC000BF550200BF550200BF5502000000000040
:10AED0000000000000000000D9F2000001F30000B3
:10AEE000C5F10000C9F10000D9F1000079F20000BD
:10AEF0001DF50000CDF10000BBF2000000000000D5
:10AF0000657870616E642031362D62797465206BCE
:10AF100000657870616E642033322D62797465202B
:10AF20006B004142434445464748494A4B4C4D4ECD
:10AF30004F505152535455565758595A6162636491
:10AF400065666768696A6B6C6D6E6F707172737439
:10AF500075767778797A3031323334353637383917
:10AF60002B2F00FF082000012FFCFFFFFEFFFFFF3B
:10AF7000FFFFFFFFFFFFFFFFFFFFFFFFFFFFFFFFE1
:10AF8000FFFFFFFFFFFFFFFF414136D08C5ED2BFC6
:10AF90003BA048AFE6DCAEBAFEFFFFFFFFFFFFFFBE
:10AFA000FFFFFFFFFFFFFFFF9817F8165B81F259C5
:10AFB000D928CE2DDBFC9B02070B87CE9562A055CE
:10AFC000ACBBDCF97E66BE79B8D410FB8FD0479C51
:10AFD000195485A648B417FDA808110EFCFBA45D02
:10AFE00065C4A32677DA3A48070000000000000095
:10AFF0000000000000000000000000000000000051
:10B000000000000000000000DD0B01001D00010039
:10B010008900010008200001FFFFFFFFFFFFFFFF85
:10B02000FFFFFFFF00000000000000000000000024
:10B0300001000000FFFFFFFF512563FCC2CAB9F306
:10B04000849E17A7ADFAE6BCFFFFFFFFFFFFFFFFDF
:10B0500000000000FFFFFFFF96C298D84539A1F419
:10B06000A033EB2D817D0377F240A463E5E6BCF8C5
:10B0700047422CE1F2D1176BF551BF376840B6CB90
:10B08000CE5E316B5733CE2B169E0F7C4AEBE78E8C
:10B090009B7F1AFEE242E34F4B60D2273E3CCE3B01
:10B0A000F6B053CCB0061D65BC86987655BDEBB3A3
:10B0B000E7933AAAD835C65A890A0100F1FD000083
:10B0C00055FE00003031323334353637383961625D
:10B0D000636465660063626465666768696A6B6C71
:10B0E0006E7274757600637C777BF26B6FC530018E
:10B0F000672BFED7AB76CA82C97DFA5947F0ADD42B
:10B10000A2AF9CA472C0B7FD9326363FF7CC34A5FE
:10B11000E5F171D8311504C723C31896059A0712B3
:10B1200080E2EB27B27509832C1A1B6E5AA0523BA2
:10B13000D6B329E32F8453D100ED20FCB15B6ACB59
:10B14000BE394A4C58CFD0EFAAFB434D338545F961
:10B15000027F503C9FA851A3408F929D38F5BCB60A
:10B16000DA2110FFF3D2CD0C13EC5F974417C4A77C
:10B170007E3D645D197360814FDC222A908846EE23
:10B18000B814DE5E0BDBE0323A0A4906245CC2D317
:10B19000AC629195E479E7C8376D8DD54EA96C56B0
:10B1A000F4EA657AAE08BA78252E1CA6B4C6E8DDA6
:10B1B000741F4BBD8B8A703EB5664803F60E613531
:10B1C00057B986C11D9EE1F8981169D98E949B1ECE
:10B1D00087E9CE5528DF8CA1890DBFE642684199E9
:10B1E0002D0FB054BB1601020408102040801B36FE
:10B1F00080000000000000000000000000000000CF
:10B20000000000000000000000000000000000003E
:10B21000000000000000000000000000000000002E
:10B22000000000000000000000000000000000001E
:10B23000000000000000000000000000000000000E
:10B2400000000000000000000000000000000000FE
:10B2500000000000000000000000000000000000EE
:10B2600000000000000000000000000000000000DE
:10B2700022AE28D7982F8A42CD65EF2391443771AB
:10B280002F3B4DECCFFBC0B5BCDB8981A5DBB5E91D
:10B2900038B548F35BC2563919D005B6F111F159EA
:10B2A0009B4F19AFA4823F9218816DDAD55E1CAB1B
:10B2B000420203A398AA07D8BE6F7045015B8312B0
:10B2C0008CB2E44EBE853124E2B4FFD5C37D0C556B
:10B2D0006F897BF2745DBE72B196163BFEB1DE8063
:10B2E0003512C725A706DC9B942669CF74F19BC154
:10B2F000D24AF19EC1699BE4E3254F388647BEEFF1
:10B30000B5D58C8BC69DC10F659CAC77CCA10C24A8
:10B3100075022B596F2CE92D83E4A66EAA84744A1A
:10B32000D4FB41BDDCA9B05CB5531183DA88F97652
:10B33000ABDF66EE52513E981032B42D6DC631A887
:10B340003F21FB98C82703B0E40EEFBEC77F59BF6B
:10B35000C28FA83DF30BE0C625A70A934791A7D556
:10B360006F8203E05163CA06706E0E0A67292914C2
:10B37000FC2FD246850AB72726C9265C38211B2E0A
:10B38000ED2AC45AFC6D2C4DDFB3959D130D385337
:10B39000DE63AF8B54730A65A8B2773CBB0A6A764A
:10B3A000E6AEED472EC9C2813B358214852C7292E0
:10B3B0006403F14CA1E8BFA2013042BC4B661AA85D
:10B3C0009197F8D0708B4BC230BE5406A3516CC716
:10B3D0001852EFD619E892D110A96555240699D6CE
:10B3E0002A20715785350EF4B8D1BB3270A06A108F
:10B3F000C8D0D2B816C1A41953AB4151086C371E3E
:10B4000099EB8EDF4C774827A8489BE1B5BCB03458
:10B41000635AC9C5B30C1C39CB8A41E34AAAD84E3A
:10B4200073E363774FCA9C5BA3B8B2D6F36F2E6801
:10B43000FCB2EF5DEE828F74602F17436F63A578C7
:10B4400072ABF0A11478C884EC39641A0802C78C76
:10B45000281E6323FAFFBE90E9BD82DEEB6C50A488
:10B460001579C6B2F7A3F9BE2B5372E3F27871C611
:10B470009C6126EACE3E27CA07C2C021C7B886D142
:10B480001EEBE0CDD67DDAEA78D16EEE7F4F7DF50A
:10B49000BA6F1772AA67F006A698C8A2C57D630A9C
:10B4A000AE0DF9BE04983F111B471C13350B711BE1
:10B4B000847D0423F577DB289324C7407BABCA3215
:10B4C000BCBEC9150ABE9E3C4C0D109CC4671D43F2
:10B4D000B6423ECBBED4C54C2A7E65FC9C297F5922
:10B4E000ECFAD63AAB6FCB5F1758474A8C19446CCD
:10B4F00000B50200ACB5020030B502007CB5020018
:10B500000500000075B502001C00000040000000AE
:10B5100025260100212601001D260100112601001B
:10B52000F5250100DD250100D7250100D325010007
:10B530000700000067B50200300000008000000036
:10B54000812601007D260100792601006D2601007B
:10B55000512601003926010035260100312601005F
:10B560005348413531320053484133383400534851
:10B570004132353600534841323234000800000071
:10B5800060B5020040000000800000008726010036
:10B590007D26010079260100732601005126010055
:10B5A0003926010035260100312601000600000081
:10B5B0006EB5020020000000400000002B260100B4
:10B5C000212601001D26010017260100F525010096
:10B5D000DD250100D7250100D325010080000000F2
:10B5E000000000000000000000000000000000005B
:10B5F000000000000000000000000000000000004B
:10B60000000000000000000000000000000000003A
:10B61000000000000000000000000000982F8A4297
:10B6200091443771CFFBC0B5A5DBB5E95BC2563994
:10B63000F111F159A4823F92D55E1CAB98AA07D8AC
:10B64000015B8312BE853124C37D0C55745DBE72CF
:10B65000FEB1DE80A706DC9B74F19BC1C1699BE44F
:10B660008647BEEFC69DC10FCCA10C246F2CE92DDF
:10B67000AA84744ADCA9B05CDA88F97652513E9803
:10B680006DC631A8C82703B0C77F59BFF30BE0C60A
:10B690004791A7D55163CA0667292914850AB72798
:10B6A00038211B2EFC6D2C4D130D385354730A6535
:10B6B000BB0A6A762EC9C281852C7292A1E8BFA20C
:10B6C0004B661AA8708B4BC2A3516CC719E892D174
:10B6D000240699D685350EF470A06A1016C1A419F7
:10B6E000086C371E4C774827B5BCB034B30C1C39F6
:10B6F0004AAAD84E4FCA9C5BF36F2E68EE828F74B5
:10B700006F63A5781478C8840802C78CFAFFBE90CE
:10B71000EB6C50A4F7A3F9BEF27871C625642E2510
:10B7200064006086480165030402040069642D73A7
:10B73000686132323400608648016503040201000A
:10B7400069642D736861323536006086480165038F
:10B750000402020069642D73686133383400608626
:10B76000480165030402030069642D736861353183
:10B7700032002A864886F70D010101007273614587
:10B780006E6372797074696F6E00525341002A863D
:10B7900048CE3D02010069642D65635075626C6995
:10B7A000634B65790047656E657269632045432088
:10B7B0006B6579002B8104010C0069642D6563447D
:10B7C00048004543206B657920666F7220454344ED
:10B7D00048002A864886F70D01010E007368613221
:10B7E000323457697468525341456E63727970748C
:10B7F000696F6E0052534120776974682053484145
:10B800002D323234002A864886F70D01010B007371
:10B81000686132353657697468525341456E6372B8
:10B82000797074696F6E0052534120776974682093
:10B830005348412D323536002A864886F70D0101DE
:10B840000C0073686133383457697468525341454A
:10B850006E6372797074696F6E005253412077691C
:10B860007468205348412D333834002A864886F7BF
:10B870000D01010D007368613531325769746852EA
:10B880005341456E6372797074696F6E0052534113
:10B890002077697468205348412D353132002A865B
:10B8A0004886F70D01010A005253415353412D5070
:10B8B000535300FF22B70200090000002CB702001A
:10B8C000FDB702000500000036B7020009000000C5
:10B8D00040B7020030B80200060000004AB702007C
:10B8E0000900000054B7020063B80200070000001E
:10B8F0005EB702000900000068B7020096B80200B7
:10B90000080000000000000000000000000000002F
:10B91000000000000000000041DB0000000000000B
:10B920000100000000000000000000000000000016
:10B930000000000000000000000000000000000007
:10B9400000000000000000000000000000000000F7
:10B9500000000000000000000000000000000000E7
:10B9600000000000000000000000000000000000D7
:10B9700000000000000000000000000000000000C7
:10B9800000000000000000000000000000000000B7
:10B990000000000000000000657870616E642033D4
:10B9A000322D62797465206B6A09E667F3BCC908B9
:10B9B000BB67AE8584CAA73B3C6EF372FE94F82B3E
:10B9C000A54FF53A5F1D36F1510E527FADE682D19B
:10B9D0009B05688C2B3E6C1F1F83D9ABFB41BD6B55
:10B9E0005BE0CD19137E2179090000000000000002
:10B9F0000000000000000000000000000000000047
:10BA0000000000000000000022AE28D7982F8A42D4
:10BA1000CD65EF23914437712F3B4DECCFFBC0B583
:10BA2000BCDB8981A5DBB5E938B548F35BC2563983
:10BA300019D005B6F111F1599B4F19AFA4823F926D
:10BA400018816DDAD55E1CAB420203A398AA07D811
:10BA5000BE6F7045015B83128CB2E44EBE8531240B
:10BA6000E2B4FFD5C37D0C556F897BF2745DBE7265
:10BA7000B196163BFEB1DE803512C725A706DC9BCA
:10BA8000942669CF74F19BC1D24AF19EC1699BE4AF
:10BA9000E3254F388647BEEFB5D58C8BC69DC10FC9
:10BAA000659CAC77CCA10C2475022B596F2CE92D29
:10BAB00083E4A66EAA84744AD4FB41BDDCA9B05CC1
:10BAC000B5531183DA88F976ABDF66EE52513E98B2
:10BAD0001032B42D6DC631A83F21FB98C82703B0A2
:10BAE000E40EEFBEC77F59BFC28FA83DF30BE0C67F
:10BAF00025A70A934791A7D56F8203E05163CA0631
:10BB0000706E0E0A67292914FC2FD246850AB727C2
:10BB100026C9265C38211B2EED2AC45AFC6D2C4DFB
:10BB2000DFB3959D130D3853DE63AF8B54730A65F5
:10BB3000A8B2773CBB0A6A76E6AEED472EC9C28151
:10BB40003B358214852C72926403F14CA1E8BFA2AC
:10BB5000013042BC4B661AA89197F8D0708B4BC24B
:10BB600030BE5406A3516CC71852EFD619E892D1D3
:10BB700010A96555240699D62A20715785350EF4EB
:10BB8000B8D1BB3270A06A10C8D0D2B816C1A419FF
:10BB900053AB4151086C371E99EB8EDF4C77482729
:10BBA000A8489BE1B5BCB034635AC9C5B30C1C3975
:10BBB000CB8A41E34AAAD84E73E363774FCA9C5BB2
:10BBC000A3B8B2D6F36F2E68FCB2EF5DEE828F742D
:10BBD000602F17436F63A57872ABF0A11478C88407
:10BBE000EC39641A0802C78C281E6323FAFFBE9042
:10BBF000E9BD82DEEB6C50A41579C6B2F7A3F9BE9D
:10BC00002B5372E3F27871C69C6126EACE3E27CAB6
:10BC100007C2C021C7B886D11EEBE0CDD67DDAEAD7
:10BC200078D16EEE7F4F7DF5BA6F1772AA67F00676
:10BC3000A698C8A2C57D630AAE0DF9BE04983F114F
:10BC40001B471C13350B711B847D0423F577DB2800
:10BC50009324C7407BABCA32BCBEC9150ABE9E3C0A
:10BC60004C0D109CC4671D43B6423ECBBED4C54CA0
:10BC70002A7E65FC9C297F59ECFAD63AAB6FCB5FE4
:10BC80001758474A8C19446C43626F72496E746549
:10BC9000676572547970650043626F7242797465AA
:10BCA000537472696E67547970650043626F7254A1
:10BCB000657874537472696E675479706500436275
:10BCC0006F724172726179547970650043626F726C
:10BCD0004D6170547970650043626F7254616754AE
:10BCE0007970650043626F7253696D706C65547949
:10BCF00070650043626F72426F6F6C65616E54795C
:10BD000070650043626F724E756C6C54797065009B
:10BD100043626F72556E646566696E6564547970CE
:10BD2000650043626F7248616C66466C6F61745463
:10BD30007970650043626F72466C6F6174547970FC
:10BD4000650043626F72446F75626C65547970650B
:10BD500000496E76616C696420747970650069646D
:10BD600000646973706C61794E616D650069636F21
:10BD70006E00616C67007075626C69632D6B65792C
:10BD800000726B00757600686D61632D7365637278
:10BD90006574006372656450726F7465637400EB60
:10BDA000AEE329090A5B5192E0BD132D5C22C6D196
:10BDB0008A4D23FC8EFD4A21AFA8E4C8FD935400B0
:10BDC000617070732E6372702E746F020045727210
:10BDD0006F7200998F358B2DD24CBEA43AE8107447
:10BDE00038DFB30079D699DF01914B10B90354675E
:10BDF000E7CE8231005532465F5632002F776F72A0
:10BE00006B2F61726475696E6F2F6C6962726172FB
:10BE10006965732F6669646F322F637461702E6376
:10BE20007070004649444F5F325F30004649444FCE
:10BE30005F325F315F50524500706C617400637215
:10BE400065644D676D7400636C69656E7450696EEE
:10BE50000073696700783563007061636B65640027
:10BE6000308202CF30820275A0030201020201007B
:10BE7000300A06082A8648CE3D040302307B310B87
:10BE800030090603550406130255533117301506C1
:10BE9000035504080C0E4E6F727468204361726F74
:10BEA0006C696E6131143012060355040A0C0B43A1
:10BEB000727970746F54727573743110300E06039A
:10BEC00055040B0C07526F6F74204341310F300D36
:10BED00006035504030C066372702E746F311A301A
:10BEE0001806092A864886F70D010901160B696EA6
:10BEF000666F406372702E746F3020170D313930C9
:10BF00003830393132323630385A180F323036390B
:10BF1000303732373132323630385A30818D310B4A
:10BF20003009060355040613025553311730150620
:10BF3000035504080C0E4E6F727468204361726FD3
:10BF40006C696E6131143012060355040A0C0B4300
:10BF5000727970746F5472757374312230200603D5
:10BF600055040B0C1941757468656E7469636174CE
:10BF70006F72204174746573746174696F6E310FF0
:10BF8000300D06035504030C066372702E746F3176
:10BF90001A301806092A864886F70D010901160B82
:10BFA000696E666F406372702E746F30593013067D
:10BFB000072A8648CE3D020106082A8648CE3D0360
:10BFC00001070342000478076610CF5B050795D28E
:10BFD000B6425D4EADF065340A90C8AA8A6213DBA2
:10BFE00095A04B0C95FC828F2DF84B79DD3EE9F046
:10BFF0000228A68CE862154E3BA9E684602D757672
:10C00000DD9D9A2C4C6AA381D43081D1301D06036A
:10C01000551D0E04160414DBA0676363C4F7F571A5
:10C02000ED00820F92D365657687483081970603CD
:10C03000551D2304818F30818CA17FA47D307B31FD
:10C040000B300906035504061302555331173015FA
:10C0500006035504080C0E4E6F727468204361721B
:10C060006F6C696E6131143012060355040A0C0BB3
:10C0700043727970746F54727573743110300E0698
:10C080000355040B0C07526F6F74204341310F307E
:10C090000D06035504030C066372702E746F311A7B
:10C0A000301806092A864886F70D010901160B6922
:10C0B0006E666F406372702E746F820900A5857B77
:10C0C00046325AE6E130090603551D1304023000DA
:10C0D000300B0603551D0F0404030204F0300A065A
:10C0E000082A8648CE3D0403020348003045022159
:10C0F00000A56A92506A981821E59B3C2E7652C999
:10C10000CED1B40F9629BC3C891D241589B3FF9369
:10C1100036022039DD7435FD8BEF381EC38DE53FC7
:10C1200074CD68B077184184A2408F58281BA81797
:10C1300015B73200308202D930820280A00302019A
:10C1400002020101300A06082A8648CE3D04030295
:10C15000307B310B30090603550406130255533169
:10C1600017301506035504080C0E4E6F72746820C4
:10C170004361726F6C696E613114301206035504AD
:10C180000A0C0B43727970746F54727573743110AA
:10C19000300E060355040B0C07526F6F7420434199
:10C1A000310F300D06035504030C066372702E74B4
:10C1B0006F311A301806092A864886F70D010901E1
:10C1C000160B696E666F406372702E746F302017A5
:10C1D0000D3232303232313230313133315A180F80
:10C1E00032303732303230393230313133315A3007
:10C1F000818D310B30090603550406130255533166
:10C2000017301506035504080C0E4E6F7274682023
:10C210004361726F6C696E6131143012060355040C
:10C220000A0C0B43727970746F54727573743122F7
:10C230003020060355040B0C1941757468656E7443
:10C24000696361746F722041747465737461746999
:10C250006F6E310F300D06035504030C06637270C8
:10C260002E746F311A301806092A864886F70D0198
:10C270000901160B696E666F406372702E746F3021
:10C2800059301306072A8648CE3D020106082A8641
:10C2900048CE3D03010703420004F0C70606BB7702
:10C2A000AB8D81A523135E50871BE0C9E4ED521DC1
:10C2B000EE4C62425E1D4CFF9A79FCDFDCDC416390
:10C2C000A20D06A0E3747CC6692198FA383EF458A2
:10C2D0002D485CEA554387DB7ED6A381DF3081DCC5
:10C2E000301D0603551D0E04160414C16DDB03C07A
:10C2F000DE975740F696D94817BDE125CBB4A43058
:10C3000081A20603551D2304819A308197A17FA441
:10C310007D307B310B30090603550406130255535B
:10C320003117301506035504080C0E4E6F727468F1
:10C33000204361726F6C696E6131143012060355CF
:10C34000040A0C0B43727970746F547275737431F4
:10C3500010300E060355040B0C07526F6F74204308
:10C3600041310F300D06035504030C066372702E25
:10C37000746F311A301806092A864886F70D0109AC
:10C3800001160B696E666F406372702E746F8214B3
:10C39000537A3BBC6720A6FBE3CDE9AA2AA0B804E8
:10C3A000FA56940C30090603551D13040230003070
:10C3B0000B0603551D0F0404030204F0300A06089F
:10C3C0002A8648CE3D040302034700304402205C25
:10C3D0003C9E62C4EB26CC11A7CE7218265E97074E
:10C3E000E0D22C7705A50EE7EB79D2FE07E0A2029A
:10C3F00020475ACCBBEF0D3D782FEC123A157069EF
:10C4000026C11719913B66AD8A0DCE0BA28D8315FF
:10C41000B5008C2790F60015191519151915FFFF91
:10C42000000100003F8DFF1F12000000000200000D
:10C430006A8DFF1F8200000000220300EC8DFF1FA9
:10C440002100000000210300D58DFF1F090000001E
:10C4500000220000F48CFF1F4B00000000210000B0
:10C460007C8DFF1F09000000002201000D8EFF1FC0
:10C470002200000000210100958DFF1F090000002F
:10C48000002202002F8EFF1F220000000021020068
:10C49000B58DFF1F0900000000030000628EFF1F22
:10C4A0000000000000030904628EFF1F000000006E
:10C4B00001020000628EFF1F00000000010309045A
:10C4C000528DFF1F0000000002030904528EFF1F5F
:10C4D0000000000003030904668EFF1F0000000037
:10C4E0000000000000000000000000004008FE43C3
:10C4F00040A004404408FE4344A004400018FE430A
:10C5000000C004403000FE43309004403400FE433D
:10C51000349004401C18FE431CC004401018FE4315
:10C5200010C004400818FE4308C004400C18FE4325
:10C530000CC004400C10FE430CB004401010FE432D
:10C5400010B004401810FE4318B004401C10FE4305
:10C550001CB004401410FE4314B004400418FE4301
:10C5600004C004400010FE4300B004400008FE4335
:10C5700000A004400408FE4304A004400C08FE434D
:10C580000CA004400808FE4308A004401418FE4311
:10C5900014C004401818FE4318C004400410FE43A1
:10C5A00004B004400810FE4308B004401400FE43E9
:10C5B000149004404C08FE434CA004400420FE4369
:10C5C00004D004402410FE4324B004402010FE4355
:10C5D00020B004402810FE4328B004402C10FE4335
:10C5E0002CB004400020FE4300D004404808FE4325
:10C5F00048A004401000FE4310900440090AFFFFC9
:10C60000FFFFFFFFFFFFFFFFFFFFFF0D0006080713
:10C61000FFFF0E0FFF0CFFFFFFFFFFFF0B056FF08B
:10C620007F030370037813F0800FFBD07047050E73
:10C6300008090D0C06070F04001303931A9217C57F
:10C6400085848687C4FFFFFF000000000000000013
:10C65000B3660200CB6602009B660200A36602007E
:10C660009F660200A76602003D6602005166020056
:10C6700071660200756602007B6602008B6602002E
:10C68000AB660200AF6602005565020061650200FC
:10C690006D65020079650200DB660200BF6602007C
:10C6A0000D0AFFFFFFFFFFFF000000000000000079
:10C6B000796702007F670200696702006D67020008
:10C6C00071670200756702000000000000000000B2
:10C6D00087670200216702000000000000000000E0
:10C6E000FB65020013660200E3650200EB650200D1
:10C6F000E7650200EF6502008565020099650200AA
:10C70000B9650200BD650200C3650200D365020081
:10C71000F3650200F765020025650200316502003D
:10C720003D650200496502002366020007660200BB
:10C730000000000000000000037802001B780200E7
:10C74000EB770200F3770200EF770200F777020041
:10C750008D770200A1770200C1770200C577020041
:10C76000CB770200DB770200FB770200FF77020045
:10C770005D77020069770200757702008177020019
:10C780002B7802000F78020000000000000000007B
:10C790000000000000000000000000000000000099
:10C7A0000000000000000000000000000000000089
:10C7B0000000000000000000000000000000000079
:10C7C0000000000000000000000000000000000069
:10C7D0000000000000000000000000000000000059
:10C7E00000000000000000004300FFFF8C8EFF1FD0
:10C7F000232D302B2000686C4C006566674546474A
:10C8000000303132333435363738394142434445CC
:10C81000460030313233343536373839616263643B
:10C82000656600FFF8B500BFF8BC08BC9E467047BF
:10C8300001B40248844601BC604700BF718CFF1FF1
:10C8400035040000F11700002D1B00002922000014
:10C85000092500006DC400001DE20000F56602001D
:0CC8600095670200417702004578020055
:08C86C002CB6FF7F0100000063
:10C874008023037003781B06FCD57047000000007A
:10C8840001000000010000000123456789ABCDEFE2
:10C89400FEDCBA9876543210F0E1D2C32C010000C9
:10C8A4003000000003000000D5B5FF1F00020203A2
:10C8B4000303050000030505D5B1FF1F1E0000009A
:10C8C40051420100554201000300DD0211C5D7E3C6
:10C8D4002BD5642DF81CEA3BCDA79A64B788EECA21
:10C8E400977603AD44ED327A61C71F920000D302FC
:10C8F4000100000005010906A101050719E029E767
:10C904001500250175019508810295017508050C2E
:10C9140009B88101950575010508190129059102D8
:10C92400950175039101950675081500257F050786
:10C934001900297F8100097695087508B102C01293
:10C9440001000200000040501DFC600001010203D0
:10C9540001001803430052005900500054004F00D6
:10C96400540052005500530054000902820004018F
:10C9740000803209040000010301010209211101B0
:10C984000001224B00070587030800050904010084
:10C9940002030000020921110100012222000705FF
:10C9A4008303400005070504034000050904020051
:10C9B40002030000020921110100012222000705DF
:10C9C400850340000507050603400005090403002C
:10C9D40002030000000921110100012221000705C2
:10C9E40081034000050705020320000206C9FF0970
:10C9F40004A15C7508150026FF00954009758102A5
:10CA040095200976910295040976B102C006D0F109
:10CA14000901A1010920150026FF00750895408130
:10CA2400020921150026FF00750895409102C006F1
:10CA3400ABFF0902A1010920150026FF0075089526
:10CA44004081020921150026FF00750895409102D6
:10CA5400C00010034F004E004C0059004B0045002D
:10CA64005900040309040C03000000000000000046
:10CA740000000000000000000000000008000000AA
:10CA8400D4E6FF1FFFFFFFFF0A04000000000000C0
:10CA940088C70200A8C70200C8C70200000000003F
:10CAA400000000000000000000000000E8C70200D1
:10CAB4000000000000000000000000000000000072
:10CAC4000000000000000000000000000000000062
:10CAD4000000000000000000000000000000000052
:10CAE4000000000000000000000000008C8EFF1F0A
:00000001FF
