:1000000000800020BD0100007912020045120200AC
:10001000451202004512020045120200451202007C
:100020004512020045120200451202007912020038
:100030007912020045120200791202003512020004
:10004000791202007912020079120200791202007C
:10005000791202007912020079120200791202006C
:10006000791202007912020079120200791202005C
:10007000791202007912020079120200791202004C
:10008000791202007912020079120200791202003C
:10009000791202007912020079120200791202002C
:1000A000791202007912020079120200791202001C
:1000B000791202007912020079120200791202000C
:1000C00079120200791202007912020079120200FC
:1000D00079120200791202007912020079120200EC
:1000E00079120200791202007912020079120200DC
:1000F00079120200791202007912020079120200CC
:1001000079120200791202007912020079120200BB
:1001100079120200791202007912020079120200AB
:10012000791202007912020079120200791202009B
:10013000791202007912020079120200791202008B
:10014000791202007912020079120200791202007B
:10015000791202007912020079120200791202006B
:1001600079120200250502007912020079120200BC
:10017000791202007912020079120200791202004B
:10018000791202007912020079120200791202003B
:10019000791202007912020079120200791202002B
:1001A000791202007912020079120200791202001B
:1001B000791202007912020079120200564B4CF2B9
:1001C000205210B51A804DF628121A8000BF00BFC9
:1001D00021F056F8514B4FF010621A60504A9A6065
:1001E000504ADA60A3F53043203B1A6812F480725B
:1001F00004D14D490A604FF4A8521A604B4B1A784B
:10020000110703D51A7842F008021A70484B2A22C7
:100210001A700023474A48499818884204D247492F
:10022000595899500433F5E7454A464B9A424FF0E6
:10023000000302D242F8043BF7E74349434A5958C6
:1002400099500433B3F5DE7FF7D1414B802103F899
:10025000011B40498B42F9D13F4B1A603F4B0A22A8
:100260001A70A3F5805324225A70A0221A709A792A
:100270009207FCD59A79D406FCD4394B9A7902F0CE
:100280000C02082AF9D105221A7143225A719A796F
:100290009006FCD5324B9A795106FBD5314A4FF086
:1002A000817111600521516020221A702C4B9B79BD
:1002B00003F00C030C2BF9D12B4B2C4A1A602C4B5E
:1002C0002C4A1A6000225A60072243F8042C2A4A5A
:1002D000C3F80C2D62B620F019FF134B1B68DA0728
:1002E00005D5264820F09EFD254B264A1A60264B50
:1002F0001B785B0609D5224C224A2368934204D11D
:100300001E4820F08FFD0023236022F087FD20F09F
:10031000BDFF21F042FFFEE70E2005403080044083
:10032000823F04000100002B14D0034002D007409C
:1003300000E00740708CFF1FF08EFF1FC0B102006D
:10034000F08EFF1FE0FFFF1F000000000082FF1F74
:1003500000E400E05FE400E008ED00E0005006404B
:10036000004006404480044004800440C010050062
:1003700014E000E03F190100000020204E32BD6A69
:100380001CE00340A5C3945A00F00740FFFFFFFFA5
:10039000FFFFFFFFFFFFFFFFFFFFFFFFFFFFFFFF6D
:1003A000FFFFFFFFFFFFFFFFFFFFFFFFFFFFFFFF5D
:1003B000FFFFFFFFFFFFFFFFFFFFFFFFFFFFFFFF4D
:1003C000FFFFFFFFFFFFFFFFFFFFFFFFFFFFFFFF3D
:1003D000FFFFFFFFFFFFFFFFFFFFFFFFFFFFFFFF2D
:1003E000FFFFFFFFFFFFFFFFFFFFFFFFFFFFFFFF1D
:1003F000FFFFFFFFFFFFFFFFFFFFFFFFFFFFFFFF0D
:10040000FFFFFFFFFFFFFFFFFFFFFFFFFEFFFFFFFD
:1004100010B5054C237833B9044B13B10448AFF33E
:1004200000800123237010BDF08EFF1F000000002C
:10043000C0B1020008B5064B1BB106480649AFF330
:1004400000800648036813B1054B03B1984708BD07
:1004500000000000C0B10200F48EFF1FF08EFF1FED
:10046000000000007047FFFF08B5C82020F038FEEC
:10047000074A0023137053709370D3701371537134
:10048000044A1370044A1370BDE8084021F0E0B834
:1004900084FFFF1F8AFFFF1F8BFFFF1FF8B51A4B5A
:1004A0001A481B4E1B4F00251D701B4B01241C704E
:1004B00001F0C8FB194B1A481C602022294622F083
:1004C0000DFD0823337021F0C3F80F233B7021F09A
:1004D000BFF8FFF7C9FF347021F0BAF80923337071
:1004E00021F0B6F814233B7021F0B2F84FF4FA7003
:1004F00020F0F6FD0B4B1D7021F0AAF8FFF7B4FFBA
:10050000094B0A4A1A60F8BDFDC7FF1FBCC7FF1F91
:100510008AFFFF1F84FFFF1F808CFF1F848CFF1F3B
:100520001091FF1F8BFFFF1F0CED00E00400FA0588
:100530002DE9F04F964C9FB0002305460DF10F00BA
:10054000237002F05DF9934B1B7823B99DF80F30AF
:1005500003F00F0305E0012B08D19DF80F301B09B4
:100560000C339D4202D1FFF799FFBFE18A4E294625
:10057000304602F0D1F8317811B9304602F0CCF8AB
:10058000337813B9844B04221A700DF10E002946FA
:1005900003F008F99DF80E90C9F3C0038DF80E30F2
:1005A0007E4B1F78002F40F0A1817D4E39464022BE
:1005B0000EA822F093FC3946FB22304622F08EFC36
:1005C0000EA8294607F074FAB0F1000826DD754B35
:1005D000CDF800800EA8E9B20F220AF0ADFE9DF81A
:1005E0003830082B0CD108F1FF380DF139003146B5
:1005F000424623780DF07CF8012784F800800DE056
:10060000424623780EA831460DF072F85FFA88F35F
:10061000022208F10108F25484F8008000214022EF
:100620000EA822F05BFC0EA8294603F047F99DF8BE
:100630003830C9F3800A5BB1AFB91E2B00F250818C
:100640009846237808F10A02F2540133237048E1F6
:10065000BAF1000F0AD05FB9B84623780122F254EC
:100660001344237005E04FF0000802E0D04600E09C
:1006700098460EA8294607F09FFBB0F1000A11DD4D
:10068000CDF800A00EA8E9B20222464B0AF054FEB3
:100690005246237842490EA80DF02AF823789A444E
:1006A00084F800A009F0030A0EA80021402222F0DD
:1006B00015FCBAF1000F0BD057B9BAF1010F02D0F7
:1006C000BAF1020F04D1237806F803A00133237096
:1006D000002140220EA822F001FC0EA8294603F0BA
:1006E00079F99DF838B00BF1FF331D2B07D837B9D6
:1006F00023780BF10A02F2540133237001E04FF02A
:10070000000B0EA8294602F07FFDB0F1000A11DDB2
:10071000CDF800A00EA8E9B20522224B0AF00CFE8B
:10072000524623781E490EA80CF0E2FF23789A4423
:1007300084F800A0C9F3011A0EA80021402222F07B
:10074000CDFBBAF1000F0BD057B9BAF1010F02D0AF
:10075000BAF1020F04D1237806F803A00133237005
:10076000002140220EA822F0B9FB0EA8294603F072
:10077000BDF99DF838A00AF1FF331D2B14D89FB99D
:1007800023780AF10A02F254013323700EE000BF0D
:10079000348FFF1FB4D5FF1FA48CFF1FA1C7FF1FFD
:1007A000508FFF1F1091FF1F4FF0000A0EA800216D
:1007B000402222F093FB9DF80E302BB127B923780D
:1007C0000122F254134423700EA8294603F04AFA7A
:1007D0009DF83830002B6ED0672B46D129460EA8E5
:1007E00007F07CFC434F00900646E9B20EA80922B0
:1007F000414B0AF0A1FD237832460EA839460CF091
:1008000077FF32460EA904A801F020FE01F086FE13
:10081000404400EB0B01514404A801F01BFE0646C6
:1008200001F0B8FE237858B94E22FA541F445322DF
:100830004F237B70FA7054234522BB703A710BE052
:100840003278FA541F4472787A70B378BB70F378B8
:10085000FB7033793B7173797B7123780EA8063373
:1008600000214022237022F039FB9DF83830214EC0
:10087000792B07D12078002130440BF073FA2378CC
:100880002C3323709DF83830322B01D0592B09D1ED
:100890002078E9B230440BF065FA2378203303EB7B
:1008A000400020709DF83830752B04D12378092240
:1008B000F254013323705FEAD9130E4B04D022782F
:1008C000012199540A44227019F0400F04D0227873
:1008D000022199540132227022780021995405E0B6
:1008E000B846BAF1000F7FF4B8AEC2E61FB0BDE85B
:1008F000F08F00BF508FFF1F1091FF1F0A4B1A7817
:100900000A4B18681AB90A4A5278022A01D12438C7
:1009100007E0012A01D12A3803E0032A0CBF1E3860
:100920003038FFF705BE00BFB4D5FF1F30ADFF1F45
:10093000E8C7FF1F0D4B1A780D4B18681AB90D4AFE
:100940005278022A01D1243807E0012A01D12A383D
:1009500003E0032A0CBF1E383038074B1B78092BE5
:100960000CBF03300630FFF7E3BD00BFB4D5FF1F57
:1009700030ADFF1FE8C7FF1FB78CFF1F10B5464BF8
:100980001B6804461878A0F13103082B06D84FF4F1
:100990007A733038584320F0A3FB42E074285CD0CF
:1009A00072285ED03D4B1B78002B3AD01CB120F052
:1009B000EDFE002435E0702832D0682855D0752827
:1009C00055D06F2855D0652855D0642855D0622859
:1009D00055D04C2855D0522855D0552855D04428AC
:1009E00055D0452855D0632804D12D4B1A7842F0B4
:1009F000010213E0732804D1294B1A7842F0020255
:100A00000CE0612804D1264B1A7842F0040205E07C
:100A1000672806D1224B1A7842F008021A7000E0CB
:100A20004624204B1A780AB91C7012E05A780AB989
:100A30005C700EE09A780AB99C700AE0DA780AB91C
:100A4000DC7006E01A790AB91C7102E05A7902B921
:100A50005C71BDE8104020F0FBBD002CA7D12B2419
:100A6000DFE7002CA3D12824DBE74A24D9E74B2475
:100A7000D7E74E24D5E74D24D3E74C24D1E72A24E9
:100A8000CFE75024CDE74F24CBE75224C9E75124C8
:100A9000C7E72924C5E700BF4C90FF1FACD5FF1F57
:100AA0008AFFFF1F84FFFF1F2DE9F0415F4B604A63
:100AB0001B7810785F4C4BB1AA2807D121680A78BF
:100AC00022B1092A02D001312160F3E722685A4E8F
:100AD00015783778DFF85C819DB95848584900F09F
:100AE000D5FF5648574901F002F83046294601F033
:100AF00013FE3378002B40F0968004233370BDE85A
:100B0000F08117FB07F7032697FBF6F6012D4FEA56
:100B1000C6064FEA470704D1002B73D14FF22B00D2
:100B200066E0022D04D1002B6CD14FF228005FE06B
:100B3000092D11D1444C01232360444B1E681D46EE
:100B400006F57A662268002A61D02B68B3425ED22D
:100B500000200CF04FF8F5E7A5F10A01C8B21528FE
:100B60000DD8002B5FD14FF47A70484320F0B8FACB
:100B7000D8F800300133C8F80030BDE8F081202DEE
:100B800034D151785C2931D10132C8F800209BB1B1
:100B9000BDE8F0815C2B14D1264B01321A60002095
:100BA000FFF7ECFE304620F09BFA23685A1C2260C7
:100BB0005A78202A07D04AB122681378002BE9D14D
:100BC00012E00120ECE71B4A0233136020F02AFEFA
:100BD000304620F085FA20F025FEFFF745FC384628
:100BE000BDE8F04120F07CBABDE8F08153B9284659
:100BF00020F0CCFD304620F073FA20F013FE38468A
:100C000020F06EFA236801332360BDE8F0810023F1
:100C10000A480B49236000F039FF08480949BDE83C
:100C2000F04100F064BFBDE8F08100BFA1C7FF1F25
:100C300026C7FF1F4C90FF1FA48CFF1F8490FF1F2F
:100C4000388FFF1F0C8FFF1F44D7FF1F8CFDFF1F26
:100C500008B5054807F09AFE044B012205201A70DA
:100C600007F0A2FFF5E700BF143A020026C7FF1FF6
:100C70002DE9F74F9B4F3B7804465BB99A4B1B78A5
:100C8000092B05D1142803DD984B1A6803321A602A
:100C90002D2000E0002007F03DFF954B1A68022A46
:100CA000994601DDFFF7D4FF924E3368013333607C
:100CB000914B1A789A46002A35D0684601F0BAFD61
:100CC0009DF80030D3B101A801F0A7FD9DF80430D4
:100CD000132B0DD900238948FF221A540133202BEE
:100CE000F9D109F0A7FC02A8002300F8013D03E0B8
:100CF00001338DF8043001A801F097FD804B1A688C
:100D000001321A609DF8003032680133DBB20132E3
:100D10000A2B8DF8003032602FD8684601F092FD22
:100D200000238AF80030DFF8D881704DD8F8003001
:100D3000297874480133C8F8003000F076FF336832
:100D400001333360704B1B680321B3FBF1F202EBFC
:100D50004202981A0B40184420F0C2F93B78C3466F
:100D6000A3BB684800F088FF80BB664801F0BEF86E
:100D700060BB644801F0B8F910B107F023FEF6E15A
:100D8000D8F80030614C0133C8F800302368092BD3
:100D900002DC01332360EAE1D9F8003001252B445D
:100DA000C9F800305A4B8AF8005003201D7007F034
:100DB000FBFE684601F03EFD524800F043FFD9F8C3
:100DC00000302560022B40F3D2816BE7DBF8003066
:100DD00097F800800133CBF80030B8F1000F3FD115
:100DE00002AC04F8018D204601F02CFD454800F0CE
:100DF00029FF484BC9F800801A781E4622B9464898
:100E00000BF064FE07F0C2FD414D4449444800F038
:100E10003DFE287807F06AFB552007F073FF1AF0B3
:100E200047FB002320463F4C8DF8073001F0FDFCC6
:100E30000CF068FC3C4B22681A6033780120387053
:100E400013B1287007F052FB2568C8352368AB4200
:100E500003D200200BF0CEFEF8E71FF021FA86E166
:100E6000324B1B682BB9324B1B68002B00F07F8183
:100E70000FE0092B0DDC274B1B78002B00F077814E
:100E8000234C2D230120237007F08EFE01232370B5
:100E90006DE1284900230B70224B1868224B186023
:100EA00025480378012B884602460BD1234991F847
:100EB0000090296849454ED12149097800294AD036
:100EC00002230CE0022B3FD11E4991F800902968C3
:100ED000494540D11A49097800293CD003230370C1
:100EE00045E100BFFDC7FF1FB78CFF1F30ADFF1FDF
:100EF0004C8FFF1F8890FF1F808CFF1FB090FF1F3B
:100F00008C90FF1FBCC7FF1F5CC8FF1F848CFF1F96
:100F100026C7FF1FAFD5FF1F743A0200208FFF1FA7
:100F20008490FF1F8CFDFF1F10D6FF1FB8C7FF1F47
:100F300028D6FF1F508FFF1F50C7FF1F0CD6FF1F63
:100F4000A1C7FF1F0DD6FF1F032B04D189490878C5
:100F50002968814204D088490978012906D173B1F2
:100F60008649097811B18649097879B9032B06D1E8
:100F700083490978F52902D18049097831B9804936
:100F80000978F62907D17D49097821B10423137026
:100F90000CF0BAF8EBE0EBB1774B1D78774B1C788F
:100FA00000231370774A1370774A1370714A012037
:100FB000137007F0A7FE0CB9744803E0012D0CBFB5
:100FC0007348744807F0E2FC734BFF2118781FF058
:100FD00083FFCCE0A4F148036B2B10D82B68312B96
:100FE0000DD1664B1B7853B96C486D4900F04EFD2E
:100FF0000AF0E0FE69486A4900F079FDB7E0694B04
:10100000197809290BD1B4F5B47F08DB2B68322B92
:1010100007D1654B1B7823B107F0D4FC7AE0472C4D
:1010200078DD2B68322B0DD154480078002848D148
:10103000012007F005FC8B2C40F39980012007F07C
:1010400055FB94E0332B3CD14C480078002838D134
:1010500009291ED1B32C1CDC544B5A7822B9544AAE
:1010600054211170012205E0012A05D1504AD621F0
:10107000117002225A707AE0022A04D14C4A80216F
:1010800011700322F6E7032A71D1494A5870107093
:101090006DE00024012647483C708AF8006000F0AB
:1010A000D1FD454B45481E602022214621F016FF08
:1010B0003A48434900F01BFD424B434A2C601A60FA
:1010C00055E0092903D1B32C24DD312B02E0472C54
:1010D00020DD362B1ED1294B1B78DBB9316801315D
:1010E0003160314901240C7030490978A1420BD09C
:1010F00030483B708AF8004000F0A4FD2E4B274892
:101100002F491C6000F0F3FCDBF800300133CBF812
:1011100000302CE0002007F0FDFC142C05DC224BF5
:101120001B7813B9FFF7EAFB14E0A4F11503442B75
:1011300005D81D4B1B786BB9FFF7FCFB0AE0592C57
:1011400008DD194B1B782BB9204B012202201A70A5
:1011500007F02AFD1E4B11481149C3F8008000F02A
:1011600095FC1C4B0D481C491A7800F0A1FC03B0FB
:10117000BDE8F08F0ED6FF1F51C7FF1FA1C7FF1F8D
:10118000E5ACFF1F0CD6FF1F0DD6FF1F883A0200EB
:10119000C73A0200EB3A020059C8FF1F8490FF1FB4
:1011A0000C8FFF1FB78CFF1FAFD5FF1FE8C7FF1FB6
:1011B00030C8FF1FBCC7FF1F848CFF1F1091FF1F8B
:1011C000208FFF1F0CED00E00400FA0526C7FF1F6B
:1011D0004C90FF1FA48CFF1F388FFF1FF8B52120F4
:1011E0001FF050FEE8B94F4B1D6804461E4632689A
:1011F00040F6B733521B9A4207D864201FF070FFA5
:1012000021201FF03FFE0444F1E754B9204601219C
:1012100020F014FD0120014620F010FD424B434A0E
:101220001A60434B434D1B7A012B0DD1424B1B7867
:101230000BB12B7843B1414B1B78032B02D0032019
:1012400005F044FD0BF0B2FF3D4B3E4C1A680132F5
:101250001A603D4B1A680623B2FBF3F003FB102023
:101260001FF03EFF2278394B22B31A68002001326A
:101270001A600BF0BFFC364B1B782BB1354B1B783B
:10128000042B01D10BF040FF334B1B78ABB1334B38
:101290001B6893B107F0BEF8314B1B786BB1214A44
:1012A0001168304A12688A1A4EF660214B439A42FE
:1012B00021D202E01A6801321A602B784BB12378F0
:1012C0003BB11D4B1B7823B9274B0120187007F049
:1012D0000DF908F057F9254A12780A32D2B2012ADC
:1012E00004D82D20BDE8F84007F014BCC8B1BDE813
:1012F000F840FFF7BDBC1E4B1E48002601271F709B
:10130000267000F09FFC1C4B1C481F6020223146B9
:1013100021F0E4FD1A481B4900F0E9FB034A024BA7
:10132000CAE7F8BD8CFDFF1F0CED00E00400FA05D4
:10133000A3C7FF1FAFD5FF1FA1C7FF1F28C7FF1FF0
:101340008890FF1FFDC7FF1F5CC8FF1F8C90FF1F09
:1013500060C8FF1F50C7FF1FA2C7FF1F28D6FF1F6F
:10136000BC8CFF1F10D6FF1F26C7FF1F25C7FF1FFE
:10137000808CFF1FBCC7FF1F848CFF1F1091FF1FB5
:101380008490FF1F208FFF1FF8B51D4F3B78092B5E
:1013900030D11C4C0021204620F02CFE40B3237994
:1013A000E12B25D163792F2B22D9174B1B78FBB169
:1013B000164E3578E5B93B78092B19D1144B1548F1
:1013C00001221A7000F03EFC0CF080F9124B0A204A
:1013D0001860124B1D60FFF74BFC20462946402247
:1013E00021F07CFD337853B10D480BF06FFB02E028
:1013F0000C4800E00C48BDE8F84007F0C7BAF8BD5B
:10140000B78CFF1F58C7FF1FA2C7FF1FFDC7FF1FD5
:10141000808CFF1FBCC7FF1F848CFF1F30ADFF1FD8
:10142000743A0200113B02001F3B020008B520F095
:10143000BBFB3221084A094800F09CFB3221084AD4
:10144000084800F097FB0848084A4FF47A71BDE855
:10145000084000F08FBB00BFDD1100000C8FFF1FA4
:10146000A90A0000388FFF1F208FFF1F891300007B
:1014700070B5B8B0044668460E46154611F02CF813
:10148000684610F0F3FF684631462A4611F0CAFA62
:1014900068462146402211F008FB684611F002F828
:1014A00038B070BDF0B5ADF5844D9BB0054646F241
:1014B0006004684621464FF4804205F053FC46F232
:1014C00060039C4204D1284669464FF4804210E0F4
:1014D0002B460DF5804605F14007186859683246DD
:1014E00003C20833BB421646F7D12846694644F288
:1014F0004002FFF7BDFF044B04F580449C42D8D165
:101500000DF5844D1BB0F0BD60A003007FB5102029
:1015100020F0BCFC6D4B6E4E6E4C6F486F4D002240
:101520001A706F4B06221A706E4B01221A706E4BA6
:1015300016221A706D4B17221A706D4B11221A70F9
:101540006C4B0F221A706C4B10221A700E23202144
:1015500033701523237006F0F1F9286000F06AFA61
:10156000307820F0BDFC0290207820F0B9FC634B6D
:1015700003901A6801321A60614B1B78442B16D015
:101580006048FFF78FFF02245E4EA319204613F830
:10159000021C013420F052FB422CF5D130460021D0
:1015A0004FF4006221F09AFC44200FF0F9FE2C6801
:1015B0007CB905F0BFFB4FF4F860032120F03EFB3F
:1015C000514801F022F8514B01221A70504B1C7007
:1015D00035E04B4B1B78442B2ED120214D484E4CEF
:1015E00006F0F0F94D4806F003FA4D4806F036FAD9
:1015F0000021204601F090F84A4801F073F8237862
:101600000BB904232370484801F0E0F8474801F083
:10161000EAF83D4800F0F1FF454801F0CAF81FF034
:10162000C3FD3A4B4348444900221A70384B01220B
:101630001A7000F05CFA02E0404B414A1A60414BDC
:1016400041481A68414901321A6040F2FD7211F0B6
:1016500063FC3D4802A90222042311F015FC3A481C
:1016600003A90222042311F00FFC07F07BFD07F011
:1016700031FA07F063FF2F48354900F038FA2D683A
:101680009DB93448344E01240470347000F0F1FFE9
:10169000304600F0FBFF04A800F80A4D01F003F803
:1016A00004A800F8095D01F00BF82C4B1B78092BFE
:1016B00009D1174B1B7833B1294800F0DDFA10B17E
:1016C0000A20FFF7D5FA04B070BD00BFB4D5FF1FE4
:1016D000A1D5FF1FE4ACFF1F9090FF1F28D6FF1F6E
:1016E00059C8FF1F2CD6FF1F2DD6FF1FFEC7FF1F97
:1016F00034D6FF1FADD5FF1F85D6FF1F8890FF1F73
:10170000020002406CADFF1FBC8CFF1FFDC7FF1F16
:10171000A2C7FF1FB090FF1FA48CFF1FF090FF1FF8
:10172000D090FF1FACD5FF1FA2D5FF1FFFC7FF1F23
:10173000DAFFFF1F8490FF1F208FFF1F0CED00E0DA
:101740000400FA058C90FF1F88D6FF1F7C3A020028
:101750000C8FFF1F00C8FF1FFCC7FF1FB78CFF1FA8
:10176000BCC7FF1F2DE9F04F0A46C9B00023CD5C6E
:10177000D47844EA0564557844EA0544957803F141
:10178000200644EA052404336D46402B745102F1CF
:101790000402ECD108AB002208AF9C6B5E6ABD5816
:1017A000596835444FEA744686EAF44686EA94243A
:1017B0002C444FEAF11585EAB14585EAD10104329E
:1017C0002144C02A196403F10403E5D1026D00929B
:1017D000436D426E0193856D836EC66D076E0295F3
:1017E0000396C56E0497059217469DE8140006936C
:1017F0001E46DDF80CC0049B02990795A8460025FB
:1018000005F1200BE9465BF809A0DFF8989055F840
:101810000990D1444FEAB31A8AEAF32A8AEA736A32
:10182000D14426EA030B07EA030A8BEA0A0AD144E9
:10183000C84481EA040901EA040A09EA020989EABA
:101840000A094FEAB20A8AEA723A8AEAB25A0435B7
:10185000D144B5F5807FC444C14408D0B0463E466B
:101860001F4663468C46214614464A46C8E7009DFB
:101870004D440565019D2A444265029A039D144426
:10188000049A846562440266059A134429444366B7
:10189000079D069BC1651F442E448766C66649B0F6
:1018A000BDE8F08F2C3B02000023036400220023DC
:1018B000C0E912230A4B03650A4B43650A4B836553
:1018C0000A4BC3650A4B03660A4B43660A4B8366A1
:1018D00003F17453A3F52303A3F69243C366704741
:1018E00067E6096A85AE67BB72F36E3C3AF54FA5B1
:1018F0007F520E518C68059BABD9831F2DE9F041B7
:1019000006460F4601EB0208474516D0336C17F820
:10191000012BF2540133402B3364F5D1304631466C
:10192000FFF720FFD6E9124514F5007445F10005D4
:101930000023C6E912453364E6E7BDE8F081026C96
:101940002DE9F84F372A88464FF08001814602F191
:101950000103815406D8382B14D0002209F8032043
:101960000133F8E73F2B04D8002209F803200133A4
:10197000F8E748464946FFF7F5FE48460021382279
:1019800021F0ACFAD9F84030D900D9E91223521825
:1019900043F100034FEA122A160C140E4AEA036AB6
:1019A0004FEA132B46EA03461F0C44EA03241D0E9C
:1019B000C9E9122389F83B30494689F83F2089F864
:1019C0003EA089F83D6089F83C4089F83AB089F832
:1019D000397089F838504846FFF7C4FE4346032162
:1019E000D9F85000CA00D0401870D9F85400D0403F
:1019F0001871D9F85800D0401872D9F85C00D0405E
:101A00001873D9F86000D0401874D9F86400D04039
:101A10001875D9F86800D0401876D9F86C000139EB
:101A200020FA02F21A774A1C03F10103D8D1BDE86B
:101A3000F88FFFFF07B5064B06499A680092DA68EF
:101A400001920CCB044821F07DFC03B05DF804FB4F
:101A50005090FF1F2C3C02006090FF1F064B1A683D
:101A6000064B1A60064A12685A60064A12689A6063
:101A7000054A1268DA607047548004405090FF1F96
:101A8000588004405C80044060800440036873B167
:101A90008B4205D11B69036070478A4204D013460C
:101AA0001A69002AF9D102E00A691A617047704781
:101AB00070B506460C461546FFF7E8FF33680BB9CC
:101AC000346004E01A690AB11346FBE71C611FF099
:101AD000E7FA23680322C01A4FF4FA536B43B5FBAD
:101AE000F2F55D43002360602560236170BD38B569
:101AF00005460C46FFF7CAFF2B680BB92C6004E0C3
:101B00001A690AB11346FBE71C611FF0C9FA236882
:101B1000C01A00236060236138BD38B50C461FF041
:101B2000BFFA6268236813449842054605D3626889
:101B3000934208D26268824205D86268954207D211
:101B400062689A4204D8A560E368204698476560B9
:101B500038BD38B505462C68002CFCD021462846F7
:101B6000FFF7DBFF2469F7E708B50148FFF7F1FF4E
:101B70008490FF1F10B54FF47A746143C260002255
:101B800001604260026110BD4FF47A7359430160F5
:101B90007047FFFFF8B504460E4615461F46044A37
:101BA000FFF7E8FF6661E561A7612046F8BD00BF69
:101BB000D51B000010B50021044680F82010FFF767
:101BC000E3FF21460248BDE81040FFF790BF00BF89
:101BD0008490FF1F10B590F8203004463BB90123D4
:101BE00080F820304169BDE81040FFF7CDBF012BE0
:101BF00010D109482146FFF749FFE36913B9A069ED
:101C000020B910BD2046984720B1F8E7BDE8104044
:101C1000FFF7D0BF10BD00BF8490FF1F00224161BD
:101C200042740270704741617047437C102B07D0AB
:101C30005A1CD2B24274C15400238354012070470D
:101C400000207047002343740370704710B5446947
:101C500002782178002321B9D2F1010038BF002099
:101C600010BD914206D1E2185178C2180133102BF1
:101C70005278F0D1002010BD2DE9F043B9B00446F0
:101C800021F09BFB8C4B00221A708C4A1278092A97
:101C9000054619460ED168B9894B224603F110005A
:101CA00053F8045B42F8045B8342F9D101230B70C3
:101CB000102505E0062803D81E201FF011FAF6E0D3
:101CC0001CA8FFF7F1FD21462A461CA8FFF716FEC7
:101CD00020221CA87B497C4CFFF710FE1CA80CA9F5
:101CE000FFF72DFE9DF8303023F007038DF83030DC
:101CF0009DF84F3003F03F0343F040030CA900224E
:101D000020468DF84F3010F07DF81CA8FFF7CCFD71
:101D100014A800F09CFD1CA814A91022FFF7EEFDEA
:101D20001CA86A491022FFF7E9FD20221CA82146C1
:101D3000FFF7E4FD21461CA8FFF701FE1CA8FFF7F2
:101D4000B3FD1CA814A91022FFF7D8FD1CA85F49F9
:101D50001022FFF7D3FD20221CA85D49FFF7CEFD1E
:101D60001CA804A9FFF7EBFD5A4B9DF81050D3F8BF
:101D70000080594B20781A68531C02F11F0902F1A8
:101D8000200CC2EB08014B4503F1FF37C2F10006FE
:101D9000194477D14F4B504C19608542276004D0CD
:101DA0004D4B1A6801321A6081E00DF10F0000F00E
:101DB000A6FC9DF80F504448012D28D105F064FE83
:101DC00018B94148454A0CA927E00CA9434A04A880
:101DD00010F018F81CA8FFF767FD1CA814A9202212
:101DE000FFF78CFD1CA83E491022FFF787FD1CA8B9
:101DF00004A92022FFF782FD1CA832492022FFF708
:101E00007DFD1CA80CA9FFF79AFD00952AE005F0BE
:101E10003BFE28B92C482E4A0CA90FF0F3FF27E00F
:101E20000CA92B4A04A80FF0EDFF1CA8FFF73CFDFE
:101E30001CA814A92022FFF761FD1CA82849102224
:101E4000FFF75CFD1CA804A92022FFF757FD1CA882
:101E50001C492022FFF752FD1CA80CA9FFF76FFDBB
:101E60000123009318481E490CAA202304F04AFCC1
:101E700023681C4A01332360002313701A4A01208F
:101E8000136015E0854204D0124B1960124B1F609D
:101E900086E704A830442644C55CF05C1E46013346
:101EA00063457FF46EAF0B4B19600B4B1E60002037
:101EB00039B0BDE8F08300BFE8C7FF1FB78CFF1F34
:101EC0007290FF1F9090FF1F1091FF1F7090FF1FD7
:101ED000B090FF1F8890FF1F8C90FF1FD090FF1FB6
:101EE0006090FF1FB4D5FF1F30C8FF1F2DE9F043DE
:101EF000B9B0054621F061FA0628044603D81E2031
:101F00001FF0EEF873E01CA8FFF7CEFC294622462E
:101F10001CA8FFF7F3FC20221CA86849684CFFF7B7
:101F2000EDFC1CA80CA9FFF70AFD9DF8303023F04A
:101F300007038DF830309DF84F3003F03F0343F036
:101F400040030CA9002220468DF84F300FF05AFFB5
:101F50001CA8FFF7A9FC14A800F079FC1CA814A980
:101F60001022FFF7CBFC1CA856491022FFF7C6FC35
:101F700020221CA82146FFF7C1FC21461CA8FFF720
:101F8000DEFC1CA8FFF790FC1CA814A91022FFF788
:101F9000B5FC1CA84B491022FFF7B0FC20221CA85E
:101FA0004949FFF7ABFC1CA804A9FFF7C8FC474B45
:101FB0009DF81050D3F80080454B20781A68531CC8
:101FC00002F11F0902F1200CC2EB08014B4503F19D
:101FD000FF37C2F10006194457D13C4B3C4C196005
:101FE0008542276005D03A4B1A6801321A600020FA
:101FF00060E00DF10F0000F082FB9DF80F30022B26
:1020000038D02F4805F040FD28B90CA9314A2C489A
:102010000FF0F8FE27E00CA92E4A04A80FF0F2FEFC
:102020001CA8FFF741FC1CA814A92022FFF766FC9E
:102030001CA829491022FFF761FC1CA804A9202232
:10204000FFF75CFC20221CA81C49FFF757FC1CA8CA
:102050000CA9FFF774FC0123009319481E490CAA30
:10206000202304F04FFB1D4B01221A701C4B5422FD
:102070001A7005E01B4A1278002AB8D1174A13706B
:10208000236801332360012014E0854204D00F4B04
:1020900019600F4B1F60A6E704A830442644C55CB6
:1020A000F05C1E46013363458ED1084B1960084B26
:1020B0001E609CE739B0BDE8F08300BF9090FF1F21
:1020C0001091FF1F7090FF1FD090FF1F8890FF1F7F
:1020D0008C90FF1FB090FF1F6090FF1FB4D5FF1FB3
:1020E00030C8FF1FAFD5FF1F30B59DB0054621F0AA
:1020F00064F90628044603D81E201EF0F1FF22E0F2
:102100006846FFF7D1FB2246684629460F4CFFF789
:10211000F5FB202268460E49FFF7F0FB6846214692
:10212000FFF70DFC0B4920780A78002382420AD180
:10213000CA18E01801331E2B52784078F6D1131AD2
:102140005842584100E000201DB030BD1091FF1FE3
:102150009090FF1FF090FF1F1FF026BD10B5084B99
:1021600000F14C0203F1140153F8044B42F8044B04
:102170008B42F9D10023036680F8483010BD00BFC0
:10218000888CFF1F2DE9F04F416D826DC36DD0F833
:102190004C80D0F850C085B09946019102920393CB
:1021A0004646134600240A466146E5B20F2D07D87D
:1021B00083EA020A0AEA010A8AEA030A334F3FE085
:1021C00004F10D0B04F108070BF00F0B07F00F07DC
:1021D0000BF1020B023705F00F0A50F8277050F888
:1021E0002BB000EB8A0A8BEA070BDAF808708BEA4F
:1021F000070BA71C07F00F070237132D50F82770A5
:102200008BEA07074FEAF777CAF80870D0D9272D6D
:1022100005D882EA010A8AEA030A1D4F10E03B2D25
:1022200009D842EA010A02EA01070AEA030A4AEA6D
:10223000070A184F04E082EA010A174F8AEA030AE4
:1022400005F00F050235574450F82550013405EBD1
:10225000F6653D44502C4D444FEAB10105D09946F6
:1022600013460A4631462E469FE7019C21444165AC
:1022700002990A448265039A454466441344C5643E
:102280000665C36505B0BDE8F08F00BF9979825A35
:10229000A1EBD96EDCBC1B8FD6C162CA90F8483066
:1022A00083F003020133DBB20244402B10B51172FC
:1022B000044680F8483004D1FFF764FF002384F817
:1022C000483010BD08B5026E01320266FFF7E6FF26
:1022D000012008BD10B580210446FFF7DFFF94F808
:1022E0004830382B20464FF00001F6D1FFF7D6FFDB
:1022F00020460021FFF7D2FF20460021FFF7CEFF46
:10230000216E2046490FFFF7C9FF216E2046C1F319
:102310004751FFF7C3FF216E2046C1F34731FFF756
:10232000BDFF216E2046C1F34711FFF7B7FF216EB5
:10233000C900204601F0F801BDE81040FFF7AEBF2C
:1023400010B50446FFF7C6FF0023E2180433D16C32
:10235000142B09BAD164F8D104F14C0010BDF8B5C2
:1023600000F16406174604460D463046002140221F
:1023700020F0B4FD402F18DD2046FFF7EFFE2F447C
:10238000BD4206D0236815F8011B1B6820469847FC
:10239000F6E72046FFF7D4FF00F1140250F8041BC3
:1023A00046F8041B9042F9D104E0304629463A46EB
:1023B0001DF0BCFE2046FFF7D1FE254604F1400685
:1023C00095F86410236820461B6881F036010135BA
:1023D0009847B542F4D1F8BD70B50446FFF7B0FF99
:1023E00004F1A40300F1140250F8041B43F8041B89
:1023F0009042F9D12046FFF7B1FE04F14006254690
:1024000095F86410236820461B6881F05C01013553
:102410009847B542F4D104F114062546236895F88F
:10242000A4101B68204601359847B542F6D12046D6
:10243000BDE87040FFF784BF024B00221A71024AC8
:102440001A6070473091FF1F503C020080E8060080
:102450007047FFFF1E2391FBF3F10B0E70B51E4E6C
:1024600003740B140446002543740B1281608374BB
:10247000C174057394E8060045738573C5733046CF
:10248000FFF76DFF336804F10C015B6808223046EA
:1024900098473046FFF7A0FF6061C37CE56103F019
:1024A0000F03A361E269C1181202E261495D0135BF
:1024B0000A43042DE261F5D1084B22F0004292FB61
:1024C000F3F103FB1122E26120342046044920F09D
:1024D00039FF204670BD00BF3091FF1F40420F0002
:1024E000583C0200074B1860074B1B681844074B09
:1024F0001860074B02221A70064B1A68064B1A60C6
:10250000704700BFE891FF1F9C8CFF1FF891FF1FD1
:10251000EC91FF1F8CFDFF1FF491FF1F70B5164952
:10252000164C0A68236816480068801AB0F57A7F4E
:1025300002F57A7603F1010502D32B463246F2E723
:10254000104D0A602A6823609A4213D80E4B1B680C
:1025500083B1984710B1FFF7C5FF0BE00B4B1A682A
:10256000064B1B6813442B60094B1A78003218BFC6
:1025700001221A70206870BDF491FF1FE891FF1FBF
:102580008CFDFF1FF891FF1FF091FF1F9C8CFF1F18
:10259000EC91FF1F08B5FFF7C1FF014B187808BD8C
:1025A000EC91FF1FF8B506460D468F180C46BC424D
:1025B00006D020461FF02EFB731B18550134F6E79A
:1025C000F8BDF8B506460D468F180C46BC4206D03D
:1025D000731B2046195D1FF031FB0134F6E7F8BD8F
:1025E00008B54FF4D5610122FFF7DCFF012008BDDB
:1025F0004FF4D5610122FFF7E4BF08B540F2A961AD
:102600000122FFF7CFFF012008BD40F2A96101229E
:10261000FFF7D7BF08B540F2AA610122FFF7C2FF5A
:10262000012008BD40F2AA610122FFF7CABF08B528
:1026300040F2D561D022FFF7B5FFD02008BD40F2AF
:10264000D561D022FFF7BDBF08B540F2AB610122D2
:10265000FFF7A8FF012008BD40F2AB610122FFF7A0
:10266000B0BF08B540F2AC610122FFF79BFF01202B
:1026700008BD40F2AC610122FFF7A3BF08B540F2EC
:10268000AD610122FFF78EFF012008BD40F2AD6170
:102690000122FFF796BF08B54FF4FB610122FFF757
:1026A00081FF012008BD4FF4FB610122FFF789BFC4
:1026B00008B540F2D9710122FFF774FF012008BD6F
:1026C00040F2D9710122FFF77CBF08B540F2A57135
:1026D0000122FFF767FF012008BD40F2A57101222A
:1026E000FFF76FBF08B540F2A6710122FFF75AFF4E
:1026F000012008BD40F2A6710122FFF762BF08B5B4
:1027000040F2AE610122FFF74DFF012008BD40F20B
:10271000AE610122FFF755BF10B5044629B940F25A
:10272000AF610122FFF73EFF17E04B1E0B2B08D8CD
:1027300001F2CB710122FFF735FF237803F00F037D
:102740000AE0A1F10D030B2B07D801F2CB71012296
:10275000FFF728FF23781B092370012010BD70B5F7
:1027600001F2CB760D460446314601300122FFF7D7
:1027700019FF1DB9204640F2AF6114E06B1E0B2B10
:1027800005D86378227823F00F03134408E00D3D49
:102790000B2D0DD86378227803F00F0303EB02139F
:1027A0002370204631460122BDE87040FFF709BF83
:1027B00070BD08B54FF4D6610122FFF7F3FE01208A
:1027C00008BD4FF4D6610122FFF7FBBE08B540F209
:1027D000D3610122FFF7E6FE012008BD40F2D3617C
:1027E0000122FFF7EEBE08B540F2BF710122FFF7EC
:1027F000D9FE012008BD40F2BF710122FFF7E1BE02
:1028000008B540F2D4610122FFF7CCFE012008BDDB
:1028100040F2D4610122FFF7D4BE08B540F2B161A5
:102820000122FFF7BFFE012008BD40F2B161012285
:10283000FFF7C7BE08B540F2B2610122FFF7B2FE52
:10284000012008BD40F2B2610122FFF7BABE08B50F
:1028500040F2B3612022FFF7A5FE202008BD40F220
:10286000B3612022FFF7ADBE08B540F21C61012222
:10287000FFF798FE012008BD40F21C610122FFF71E
:10288000A0BE08B540F21D610122FFF78BFE0120BA
:1028900008BD40F21D610122FFF793BE08B540F26A
:1028A0001E610122FFF77EFE012008BD40F21E617D
:1028B0000122FFF786BE08B540F21F610122FFF733
:1028C00071FE012008BD40F21F610122FFF779BEB1
:1028D00008B54FF4C4610122FFF764FE012008BD72
:1028E0004FF4C4610122FFF76CBE08B540F22161CC
:1028F0000122FFF757FE012008BD40F221610122AD
:10290000FFF75FBE08B540F222610122FFF74AFEE1
:10291000012008BD40F222610122FFF752BE08B536
:1029200040F223610122FFF73DFE012008BD40F285
:1029300023610122FFF745BE08B540F22461012260
:10294000FFF730FE012008BD40F224610122FFF7AD
:1029500038BE08B540F225610122FFF723FE0120B1
:1029600008BD40F225610122FFF72BBE08B540F2F9
:1029700026610122FFF716FE012008BD40F2266104
:102980000122FFF71EBE08B540F227610122FFF7C2
:1029900009FE012008BD40F227610122FFF711BEA8
:1029A00008B54FF4C5610122FFF7FCFD012008BD09
:1029B0004FF4C5610122FFF704BE08B540F229615A
:1029C0000122FFF7EFFD012008BD40F2296101223D
:1029D000FFF7F7BD08B540F22A610122FFF7E2FDDB
:1029E000012008BD40F22A610122FFF7EABD08B5C7
:1029F00040F22B610122FFF7D5FD012008BD40F216
:102A00002B610122FFF7DDBD08B540F22C610122E8
:102A1000FFF7C8FD012008BD40F22C610122FFF73D
:102A2000D0BD08B540F22D610122FFF7BBFD0120AA
:102A300008BD40F22D610122FFF7C3BD08B540F289
:102A40002E610122FFF7AEFD012008BD40F22E618C
:102A50000122FFF7B6BD08B540F22F610122FFF752
:102A6000A1FD012008BD40F22F610122FFF7A9BDA1
:102A700008B54FF4C6610122FFF794FD012008BD9F
:102A80004FF4C6610122FFF79CBD08B540F23161E9
:102A90000122FFF787FD012008BD40F231610122CC
:102AA000FFF78FBD08B540F232610122FFF77AFDD2
:102AB000012008BD40F232610122FFF782BD08B556
:102AC00040F233610122FFF76DFD012008BD40F2A5
:102AD00033610122FFF775BD08B5AC210122FFF774
:102AE00061FD012008BDAC210122FFF76ABD08B5D8
:102AF000AD210122FFF756FD012008BDAD210122C5
:102B0000FFF75FBD08B5AE210122FFF74BFD0120A5
:102B100008BDAE210122FFF754BD08B5AF21012247
:102B2000FFF740FD012008BDAF210122FFF749BD9D
:102B300008B5B0210122FFF735FD012008BDB02105
:102B40000122FFF73EBD08B5B1210122FFF72AFDA2
:102B5000012008BDB1210122FFF733BD08B5B22124
:102B60000122FFF71FFD012008BDB2210122FFF75E
:102B700028BD08B5B3210122FFF714FD012008BDCF
:102B8000B3210122FFF71DBD08B5B4210122FFF7D3
:102B900009FD012008BDB4210122FFF712BD08B5CF
:102BA000B5210122FFF7FEFC012008BDB52101225D
:102BB000FFF707BD08B5B6210122FFF7F3FC01209E
:102BC00008BDB6210122FFF7FCBC08B5B7210122E0
:102BD000FFF7E8FC012008BDB7210122FFF7F1BC97
:102BE00008B5B8210122FFF7DDFC012008BDB8219E
:102BF0000122FFF7E6BC08B5B9210122FFF7D2FC9C
:102C0000012008BDB9210122FFF7DBBC08B5BA21BC
:102C10000122FFF7C7FC012008BDBA210122FFF7FE
:102C2000D0BC08B5BB210122FFF7BCFC012008BDC8
:102C3000BB210122FFF7C5BC08B5BC210122FFF76B
:102C4000B1FC012008BDBC210122FFF7BABC08B5C8
:102C5000BD210122FFF7A6FC012008BDBD210122F4
:102C6000FFF7AFBC08B5BE210122FFF79BFC012096
:102C700008BDBE210122FFF7A4BC08B5BF21012277
:102C8000FFF790FC012008BDBF210122FFF799BC8E
:102C900008B5C0210122FFF785FC012008BDC02135
:102CA0000122FFF78EBC08B5C1210122FFF77AFC93
:102CB000012008BDC1210122FFF783BC08B5C22154
:102CC0000122FFF76FFC012008BDC2210122FFF79E
:102CD00078BC08B5C3210122FFF764FC012008BDC0
:102CE000C3210122FFF76DBC08B564210122FFF763
:102CF00059FC012008BD64210122FFF762BC08B520
:102D000065210122FFF74EFC012008BD652101224B
:102D1000FFF757BC08B566210122FFF743FC0120ED
:102D200008BD66210122FFF74CBC08B567210122CE
:102D3000FFF738FC012008BD67210122FFF741BCE5
:102D400008B568210122FFF72DFC012008BD68218C
:102D50000122FFF736BC08B569210122FFF722FCEA
:102D6000012008BD69210122FFF72BBC08B56A21AB
:102D70000122FFF717FC012008BD6A210122FFF79D
:102D800020BC08B56B210122FFF70CFC012008BD17
:102D90006B210122FFF715BC08B56C210122FFF75A
:102DA00001FC012008BD6C210122FFF70ABC08B517
:102DB0006D210122FFF7F6FB012008BD6D210122E4
:102DC000FFF7FFBB08B56E210122FFF7EBFB0120E7
:102DD00008BD6E210122FFF7F4BB08B56F21012267
:102DE000FFF7E0FB012008BD6F210122FFF7E9BBDF
:102DF00008B570210122FFF7D5FB012008BD702125
:102E00000122FFF7DEBB08B571210122FFF7CAFBE3
:102E1000012008BD71210122FFF7D3BB08B5722143
:102E20000122FFF7BFFB012008BD72210122FFF73D
:102E3000C8BB08B573210122FFF7B4FB012008BD10
:102E400073210122FFF7BDBB08B574210122FFF7F2
:102E5000A9FB012008BD74210122FFF7B2BB08B510
:102E600075210122FFF79EFB012008BD752101227B
:102E7000FFF7A7BB08B576210122FFF793FB0120DE
:102E800008BD76210122FFF79CBB08B577210122FE
:102E9000FFF788FB012008BD77210122FFF791BBD6
:102EA00008B578210122FFF77DFB012008BD7821BC
:102EB0000122FFF786BB08B579210122FFF772FBDB
:102EC000012008BD79210122FFF77BBB08B57A21DB
:102ED0000122FFF767FB012008BD7A210122FFF7DD
:102EE00070BB08B57B210122FFF75CFB012008BD08
:102EF0007B210122FFF765BB08B540F26461012226
:102F0000FFF750FB012008BD40F264610122FFF78A
:102F100058BB08B540F265610122FFF743FB012071
:102F200008BD40F265610122FFF74BBB08B540F2D6
:102F300066610122FFF736FB012008BD40F26661A1
:102F40000122FFF73EBB08B540F267610122FFF79F
:102F500029FB012008BD40F267610122FFF731BB68
:102F600008B54FF4CD610122FFF71CFB012008BD1D
:102F70004FF4CD610122FFF724BB08B540F269612F
:102F80000122FFF70FFB012008BD40F26961012219
:102F9000FFF717BB08B540F26A610122FFF702FB99
:102FA000012008BD40F26A610122FFF70ABB08B5A3
:102FB00040F26B610122FFF7F5FA012008BD40F2F3
:102FC0006B610122FFF7FDBA08B540F26C61012286
:102FD000FFF7E8FA012008BD40F26C610122FFF71B
:102FE000F0BA08B540F26D610122FFF7DBFA01206B
:102FF00008BD40F26D610122FFF7E3BA08B540F267
:103000006E610122FFF7CEFA012008BD40F26E6129
:103010000122FFF7D6BA08B540F26F610122FFF72F
:10302000C1FA012008BD40F26F610122FFF7C9BA61
:1030300008B54FF4CE610122FFF7B4FA012008BDB4
:103040004FF4CE610122FFF7BCBA08B540F27161BE
:103050000122FFF7A7FA012008BD40F271610122A9
:10306000FFF7AFBA08B540F272610122FFF79AFA92
:10307000012008BD40F272610122FFF7A2BA08B533
:1030800040F273610122FFF78DFA012008BD40F282
:1030900073610122FFF795BA08B540F2746101220D
:1030A000FFF780FA012008BD40F274610122FFF7AA
:1030B00088BA08B540F275610122FFF773FA012062
:1030C00008BD40F275610122FFF77BBA08B540F2F6
:1030D00076610122FFF766FA012008BD40F27661B1
:1030E0000122FFF76EBA08B540F277610122FFF7BF
:1030F00059FA012008BD40F277610122FFF761BA59
:1031000008B54FF4CF610122FFF74CFA012008BD4A
:103110004FF4CF610122FFF754BA08B540F279614C
:103120000122FFF73FFA012008BD40F27961012238
:10313000FFF747BA08B540F27A610122FFF732FA89
:10314000012008BD40F27A610122FFF73ABA08B5C2
:1031500040F27B610122FFF725FA012008BD40F211
:103160007B610122FFF72DBA08B546211022FFF737
:1031700019FA102008BD46211022FFF722BA38B5EF
:1031800005460C4611B9622102220BE04B1E172B9B
:103190000AD801F263610122FFF704FA681C04F205
:1031A000A6710122FFF7FEF9022038BD38B50546A9
:1031B0000C4611B9622102220BE04B1E172B0CD8D2
:1031C00001F263610122FFF7FCF9681C04F2A671A9
:1031D0000122BDE83840FFF7F4B938BD08B55C21DD
:1031E0000622FFF7DFF9062008BD5C210622FFF763
:1031F000E8B908B556210622FFF7D4F9062008BD24
:1032000056210622FFF7DDB937B5013904461729E3
:1032100000F25581DFE811F01800240031003E0073
:103220004B005800650072007F008C009900A600DA
:10323000B300C000CD00DA00E700F40001010E0188
:103240001B012801350142010DF10700FFF70CFBBE
:103250009DF807502046382DA8BF3825DC2129E1EC
:103260000DF10700FFF70DFB9DF807502046382DA4
:10327000A8BF38254FF48A711CE10DF10700FFF754
:103280000DFB9DF807502046382DA8BF38254FF478
:10329000A6710FE10DF10700FFF70DFB9DF8075038
:1032A0002046382DA8BF38254FF4C27102E10DF138
:1032B0000700FFF70DFB9DF807502046382DA8BFEB
:1032C00038254FF4DE71F5E00DF10700FFF70DFB37
:1032D0009DF807502046382DA8BF38254FF4FA71C5
:1032E000E8E00DF10700FFF70DFB9DF807502046C1
:1032F000382DA8BF38254FF40B71DBE00DF1070026
:10330000FFF70DFB9DF807502046382DA8BF382544
:103310004FF41971CEE00DF10700FFF70DFB9DF89A
:1033200007502046382DA8BF38254FF42771C1E03B
:103330000DF10700FFF70DFB9DF807502046382DD3
:10334000A8BF38254FF43571B4E00DF10700FFF741
:103350000DFB9DF807502046382DA8BF38254FF4A7
:103360004371A7E00DF10700FFF70DFB9DF8075033
:103370002046382DA8BF38254FF451719AE00DF141
:103380000700FFF70DFB9DF807502046382DA8BF1A
:1033900038254FF45F718DE00DF10700FFF70DFB4D
:1033A0009DF807502046382DA8BF38254FF46D7181
:1033B00080E00DF10700FFF70DFB9DF80750204658
:1033C000382DA8BF38254FF47B7173E00DF107004D
:1033D000FFF70DFB9DF807502046382DA8BF382574
:1033E00040F2244166E00DF10700FFF70DFB9DF868
:1033F00007502046382DA8BF382540F25C4159E0DF
:103400000DF10700FFF70DFB9DF807502046382D02
:10341000A8BF382540F294414CE00DF10700FFF7BA
:103420000DFB9DF807502046382DA8BF382540F2E7
:10343000CC413FE00DF10700FFF70DFB9DF8075071
:103440002046382DA8BF382540F2045132E00DF156
:103450000700FFF70DFB9DF807502046382DA8BF49
:10346000382540F23C5125E00DF10700FFF70DFB38
:103470009DF807502046382DA8BF382540F27451DA
:1034800018E00DF10700FFF70DFB9DF807502046EF
:10349000382DA8BF382540F2AC510BE00DF10700E4
:1034A000FFF70DFB9DF807502046382DA8BF3825A3
:1034B00040F2E4513822FFF775F8284600E000207A
:1034C00003B030BD013A13B50C46172A00F26881EB
:1034D000DFE812F018002500330041004F005D00C6
:1034E0006B00790087009500A300B100BF00CD00FC
:1034F000DB00E900F7000501130121012F013D0167
:103500004B015901DC213822FFF75BF802A8382C67
:10351000A8BF382400F8014DFFF7AEF940E14FF4A1
:103520008A713822FFF74DF802A8382CA8BF38243A
:1035300000F8014DFFF7ADF932E14FF4A6713822E2
:10354000FFF73FF802A8382CA8BF382400F8014D37
:10355000FFF7ACF924E14FF4C2713822FFF731F8DC
:1035600002A8382CA8BF382400F8014DFFF7ABF9AA
:1035700016E14FF4DE713822FFF723F802A8382C49
:10358000A8BF382400F8014DFFF7AAF908E14FF46D
:10359000FA713822FFF715F802A8382CA8BF382492
:1035A00000F8014DFFF7A9F9FAE04FF40B7138224A
:1035B000FFF707F802A8382CA8BF382400F8014DFF
:1035C000FFF7A8F9ECE04FF419713822FEF7F9FF84
:1035D00002A8382CA8BF382400F8014DFFF7A7F93E
:1035E000DEE04FF427713822FEF7EBFF02A8382CFB
:1035F000A8BF382400F8014DFFF7A6F9D0E04FF43A
:1036000035713822FEF7DDFF02A8382CA8BF382418
:1036100000F8014DFFF7A5F9C2E04FF443713822DD
:10362000FEF7CFFF02A8382CA8BF382400F8014DC0
:10363000FFF7A4F9B4E04FF451713822FEF7C1FF4F
:1036400002A8382CA8BF382400F8014DFFF7A3F9D1
:10365000A6E04FF45F713822FEF7B3FF02A8382CC2
:10366000A8BF382400F8014DFFF7A2F998E04FF405
:103670006D713822FEF7A5FF02A8382CA8BF3824A8
:1036800000F8014DFFF7A1F98AE04FF47B71382271
:10369000FEF797FF02A8382CA8BF382400F8014D88
:1036A000FFF7A0F97CE040F224413822FEF789FFC1
:1036B00002A8382CA8BF382400F8014DFFF79FF965
:1036C0006EE040F25C413822FEF77BFF02A8382C06
:1036D000A8BF382400F8014DFFF79EF960E040F2E2
:1036E00094413822FEF76DFF02A8382CA8BF382479
:1036F00000F8014DFFF79DF952E040F2CC4138222D
:10370000FEF75FFF02A8382CA8BF382400F8014D4F
:10371000FFF79CF944E040F204513822FEF751FFD4
:1037200002A8382CA8BF382400F8014DFFF79BF9F8
:1037300036E040F23C513822FEF743FF02A8382C15
:10374000A8BF382400F8014DFFF79AF928E040F2AD
:1037500074513822FEF735FF02A8382CA8BF382450
:1037600000F8014DFFF799F91AE040F2AC51382208
:10377000FEF727FF02A8382CA8BF382400F8014D17
:10378000FFF798F90CE040F2E4513822FEF719FFF8
:1037900002A8382CA8BF382400F8014DFFF797F98C
:1037A00002B010BD013908B5172941D8DFE801F092
:1037B0000C0E10121416181A1C1E20222426282A59
:1037C0002C2E30323436383A7C212CE07D212AE010
:1037D0007E2128E07F2126E0802124E0812122E053
:1037E000822120E083211EE084211CE085211AE053
:1037F000862118E0872116E0882114E0892112E053
:103800008A2110E08B210EE08C210CE08D210AE052
:103810008E2108E08F2106E0902104E0912102E052
:10382000922100E093210122FEF7BCFE012008BD99
:10383000002008BD013917293FD8DFE801F00C0E40
:1038400010121416181A1C1E20222426282A2C2E88
:1038500030323436383A7C212CE07D212AE07E213A
:1038600028E07F2126E0802124E0812122E08221BE
:1038700020E083211EE084211CE085211AE08621BE
:1038800018E0872116E0882114E0892112E08A21BE
:1038900010E08B210EE08C210CE08D210AE08E21BE
:1038A00008E08F2106E0902104E0912102E09221BE
:1038B00000E093210122FEF784BE7047013908B56C
:1038C000172941D8DFE801F00C0E10121416181A4F
:1038D0001C1E20222426282A2C2E30323436383A38
:1038E00094212CE095212AE0962128E0972126E0DA
:1038F000982124E0992122E09A2120E09B211EE0DA
:103900009C211CE09D211AE09E2118E09F2116E0D9
:10391000A02114E0A12112E0A22110E0A3210EE0D9
:10392000A4210CE0A5210AE0A62108E0A72106E0D9
:10393000A82104E0A92102E0AA2100E0AB21012294
:10394000FEF730FE012008BD002008BD013917290F
:103950003FD8DFE801F00C0E10121416181A1C1EC6
:1039600020222426282A2C2E30323436383A94212C
:103970002CE095212AE0962128E0972126E0982145
:1039800024E0992122E09A2120E09B211EE09C2145
:103990001CE09D211AE09E2118E09F2116E0A02145
:1039A00014E0A12112E0A22110E0A3210EE0A42145
:1039B0000CE0A5210AE0A62108E0A72106E0A82145
:1039C00004E0A92102E0AA2100E0AB210122FEF7D8
:1039D000F8BD7047013908B5172941D8DFE801F073
:1039E0000C0E10121416181A1C1E20222426282A27
:1039F0002C2E30323436383AC4212CE0C5212AE04E
:103A0000C62128E0C72126E0C82124E0C92122E000
:103A1000CA2120E0CB211EE0CC211CE0CD211AE000
:103A2000CE2118E0CF2116E0D02114E0D12112E000
:103A3000D22110E0D3210EE0D4210CE0D5210AE000
:103A4000D62108E0D72106E0D82104E0D92102E000
:103A5000DA2100E0DB210122FEF7A4FD012008BDF0
:103A6000002008BD013917293FD8DFE801F00C0E0E
:103A700010121416181A1C1E20222426282A2C2E56
:103A800030323436383AC4212CE0C5212AE0C62130
:103A900028E0C72126E0C82124E0C92122E0CA216C
:103AA00020E0CB211EE0CC211CE0CD211AE0CE216C
:103AB00018E0CF2116E0D02114E0D12112E0D2216C
:103AC00010E0D3210EE0D4210CE0D5210AE0D6216C
:103AD00008E0D72106E0D82104E0D92102E0DA216C
:103AE00000E0DB210122FEF76CBD7047013908B50B
:103AF000172959D8DFE801F00C0F1215181B1E21E9
:103B000024272A2D303336393C3F4245484B4E510D
:103B100040F2346143E040F2356140E040F236610A
:103B20003DE040F237613AE04FF4C76137E040F2E0
:103B3000396134E040F23A6131E040F23B612EE01D
:103B400040F23C612BE040F23D6128E040F23E61F2
:103B500025E040F23F6122E04FF4C8611FE040F2EF
:103B600041611CE040F2426119E040F2436116E01D
:103B700040F2446113E040F2456110E040F24661DA
:103B80000DE040F247610AE04FF4C96107E040F2FE
:103B9000496104E040F24A6101E040F24B610122D8
:103BA000FEF700FD012008BD002008BD01391729DE
:103BB00057D8DFE801F00C0F1215181B1E2124271F
:103BC0002A2D303336393C3F4245484B4E5140F266
:103BD000346143E040F2356140E040F236613DE05F
:103BE00040F237613AE04FF4C76137E040F23961A3
:103BF00034E040F23A6131E040F23B612EE040F2C5
:103C00003C612BE040F23D6128E040F23E6125E05E
:103C100040F23F6122E04FF4C8611FE040F2416191
:103C20001CE040F2426119E040F2436116E040F2CC
:103C3000446113E040F2456110E040F246610DE05E
:103C400040F247610AE04FF4C96107E040F2496180
:103C500004E040F24A6101E040F24B610122FEF7CC
:103C6000B0BC7047013908B5172959D8DFE801F011
:103C70000C0F1215181B1E2124272A2D303336391C
:103C80003C3F4245484B4E5140F24C6143E040F2CC
:103C90004D6140E040F24E613DE040F24F613AE05C
:103CA0004FF4CA6137E040F2516134E040F25261B2
:103CB00031E040F253612EE040F254612BE040F2DB
:103CC000556128E040F2566125E040F2576122E05C
:103CD0004FF4CB611FE040F259611CE040F25A61A1
:103CE00019E040F25B6116E040F25C6113E040F2E3
:103CF0005D6110E040F25E610DE040F25F610AE05C
:103D00004FF4CC6107E040F2616104E040F262618F
:103D100001E040F263610122FEF744FC012008BD8E
:103D2000002008BD0139172957D8DFE801F00C0F32
:103D30001215181B1E2124272A2D303336393C3FFB
:103D40004245484B4E5140F24C6143E040F24D61D8
:103D500040E040F24E613DE040F24F613AE04FF406
:103D6000CA6137E040F2516134E040F2526131E023
:103D700040F253612EE040F254612BE040F2556175
:103D800028E040F2566125E040F2576122E04FF40E
:103D9000CB611FE040F259611CE040F25A6119E02A
:103DA00040F25B6116E040F25C6113E040F25D615D
:103DB00010E040F25E610DE040F25F610AE04FF416
:103DC000CC6107E040F2616104E040F2626101E031
:103DD00040F263610122FEF7F4BB7047653908B514
:103DE0001F2975D8DFE801F0101316191C1F2225B2
:103DF000282B2E3134373A3D404346494C4F5255DB
:103E0000585B5E6164676A6D40F27C615BE040F222
:103E10007D6158E040F27E6155E040F27F6152E002
:103E20004FF4D0614FE040F281614CE040F282619A
:103E300049E040F2836146E040F2846143E040F2B1
:103E4000856140E040F286613DE040F287613AE002
:103E50004FF4D16137E040F2896134E040F28A6189
:103E600031E040F28B612EE040F28C612BE040F2B9
:103E70008D6128E040F28E6125E040F28F6122E002
:103E80004FF4D2611FE040F291611CE040F2926178
:103E900019E040F2936116E040F2946113E040F2C1
:103EA000956110E040F296610DE040F297610AE002
:103EB0004FF4D36107E040F2996104E040F29A6167
:103EC00001E040F29B610122FEF76CFB012008BD7E
:103ED000002008BD65391F2973D8DFE801F01013F1
:103EE00016191C1F2225282B2E3134373A3D40430A
:103EF00046494C4F5255585B5E6164676A6D40F2AB
:103F00007C615BE040F27D6158E040F27E6155E00B
:103F100040F27F6152E04FF4D0614FE040F28161A6
:103F20004CE040F2826149E040F2836146E040F2B9
:103F3000846143E040F2856140E040F286613DE00B
:103F400040F287613AE04FF4D16137E040F2896195
:103F500034E040F28A6131E040F28B612EE040F2C1
:103F60008C612BE040F28D6128E040F28E6125E00B
:103F700040F28F6122E04FF4D2611FE040F2916184
:103F80001CE040F2926119E040F2936116E040F2C9
:103F9000946113E040F2956110E040F296610DE00B
:103FA00040F297610AE04FF4D36107E040F2996173
:103FB00004E040F29A6101E040F29B610122FEF7C9
:103FC00000BB7047013908B5032913D8DFE801F0B9
:103FD0000205080B40F29C6107E040F29D6104E09D
:103FE00040F29E6101E040F29F610122FEF7DAFAA1
:103FF000012008BD002008BD0139032911D8DFE8E0
:1040000001F00205080B40F29C6107E040F29D615F
:1040100004E040F29E6101E040F29F610122FEF760
:10402000D0BA704708B50846114605F015FC0020C7
:1040300008BDFFFFF0B5A3B006460C466F4601F180
:10404000200E206861683D4603C5083474452F463C
:10405000F7D108AD02F12007106851682C4603C45F
:104060000832BA422546F7D110AC03F12005186892
:104070005968224603C20833AB421446F7D1289B45
:1040800018AC03F1200518685968224603C20833AA
:10409000AB421446F7D1094B186820909B88ADF8C5
:1040A00084303046694686220CF096FC6846002132
:1040B00086221EF013FF23B0F0BD00BFB740020000
:1040C000094B0A4810B500241C60094B21462022E8
:1040D0001C701EF003FF074B214618684FF48C62DA
:1040E000BDE810401EF0FABE4496FF1FCC92FF1FA1
:1040F0008D96FF1FB88CFF1F034B044819780122CF
:10410000C901134604F026BAFC91FF1F8E96FF1FCB
:1041100038B52C4B1B78042B05460C4622D00DD805
:10412000022B13D015D8012B47D10846264A294621
:1041300016F07CF8003018BF012038BD062B3AD0AD
:1041400037D3662B20D0672B29D036E011F08CFCBA
:1041500001E011F08DFC03461B492846224611F070
:10416000C7FC0CE008462A4617490DF04BFE002319
:104170001846E25C0133202B40EA0200F9D1D0F16D
:10418000010038BF002038BD11F06EFC0E49034617
:104190002246284611F034FD08B1002038BD11F048
:1041A00067FC094903462246284611F029FD0028EC
:1041B000F3D1064802E0064800E0064804F0E6FBBA
:1041C000012038BDFC91FF1FAC92FF1FE13C0200B3
:1041D0000B3D0200353D0200014B00221A60704782
:1041E0004896FF1F2DE9F04F91B0DFF8E481734D41
:1041F00098F8003092466A46A2EBC3128B46002123
:1042000004AF0646954628460A4614F0DCFE07F140
:104210000C0013F096FA07F1180013F092FA07F168
:10422000240013F08EFA98F8003005F11400DB0139
:104230004FF001116B6013F0F7FA0DF1100904460D
:1042400000286CD15E4B98F800207B60194605F180
:104250002C00920113F043FB7B68044600285ED1DA
:1042600098F80020920105F13800991813F037FBF7
:104270000446002853D105F1080005F12C0105F191
:10428000380213F004FE0446002848D107F10C0060
:1042900005F12C01012213F0E4FD044600283ED173
:1042A00007F1180005F13801012213F0DAFD044688
:1042B000A8BB07F1240007F10C0107F1180213F065
:1042C000E6FD044658BB05F1200005F1140107F195
:1042D000240214F011FB044608BB05F1440005F16B
:1042E000200107F10C0214F00FF80446B8B905F1EB
:1042F000500005F1200107F1180214F005F80446FA
:1043000068B905F15C00A0F12401A0F1300214F0BD
:10431000F3FA044618B9284614F08EFE044607F155
:104320000C0013F015FA07F1180013F011FA07F159
:10433000240013F00DFA0CB1224836E098F8003052
:1043400080226FF0090112FB0311B142DCBF6FF054
:104350000A0612FB0366202E0CD003DC1C2E0BD1A8
:1043600005230AE0302E03D0402E05D1082304E0B7
:10437000072302E0062300E000238DE848081249E5
:10438000CDF80C90012300220C4815F0D5F998F8CF
:10439000002004464946D20150461BF0C7FE07489C
:1043A00015F098FA204624B1084804F0EFFA4FF0CF
:1043B000FF303437BD46BDE8F08F00BF9895FF1F32
:1043C000EC92FF1F4E3D020025400000B83D020068
:1043D000FC91FF1F2DE9F04F95B0464B19784FF037
:1043E000FF3202EBC11202F1010A083222F0070289
:1043F00002AFE846ADEB020D3F4A117802AC9B4696
:1044000021B90A4606F03AFFF8226CE0042969D186
:104410003A4E3B4D33681C2BB14611D023F01002AD
:10442000202A0DD0402B0BD0364804F0AFFA0120E3
:1044300004F068FC0021316028684FF48C624EE083
:10444000314E3178727800932868304B06F074FF53
:104450002F4B2D6824221A702946D9F800207B6042
:1044600007F108001BF062FE284600214FF48C6221
:104470001EF034FD2246D9F80000264D07F1080150
:10448000FFF7B0FE7B680246A0B9F6211970B37839
:104490009BF800102B60012B20464FEAC11103D17D
:1044A0001A4604F057F80AE0134604F053F804F0F3
:1044B00011FD04E0002218481A7004F067FA552034
:1044C00004F020FC2046002152461EF007FD2B6818
:1044D000012B0AD0114B186800214FF454621EF0D2
:1044E000FDFC02E023220A4B1A704C37C546BD463C
:1044F000BDE8F08FFC91FF1F50C7FF1F98C7FF1F3B
:10450000B88CFF1F723D0200E5ACFF1F1091FF1F2A
:1045100025C7FF1F28C7FF1F9B3D0200A88CFF1F58
:104520002DE9F0434E4C4F4D884600218FB0814617
:10453000174620460A4614F046FD05A813F001F977
:1045400008A813F0FEF80BA813F0FBF82B7804F181
:104550001400DB014FF00111636013F065F90028CE
:104560004FD1414E2A7804F12C003146920113F0CC
:10457000B6F9002845D12A78920104F13800B11823
:1045800013F0ADF900283CD104F1080004F12C012E
:1045900004F1380213F07BFC98BB05A804F12C0150
:1045A000012213F05EFC60BB08A804F1380101226F
:1045B00013F057FC28BB0BA805A908AA13F067FC49
:1045C000F8B904F1200004F114010BAA14F094F9D5
:1045D000B8B904F1440004F1200105AA13F094FED7
:1045E00078B904F1500004F1200108AA13F08CFE00
:1045F00038B904F15C00A0F12401A0F1300214F0FC
:104600007BF905A813F0A4F808A813F0A1F80BA8EB
:1046100013F09EF8124814F00FFD044668B11348D9
:1046200004F0B4F90E4815F055F92046ACB1104825
:1046300004F0ACF94FF0FF300FE04FF40073039338
:1046400021462246CDF80090CDF804800297044818
:10465000012314F0F5FF0446E4E70FB0BDE8F08352
:104660000092FF1FFC91FF1FEC92FF1F4E3D0200C6
:10467000B23D02002DE9F04F85B03F4B02AF1978F3
:1046800000247C6021B90A4606F0F8FDF9226CE0AE
:10469000042969D1394DDFF804B12B689BF800205B
:1046A000374EB3EBC21FEA460BD0364804F06EF922
:1046B000012004F027FB2C60306821464FF48C6207
:1046C0004EE0DFF8DC80DFF8D09098F8001098F822
:1046D0000120009330682C4B06F02EFE242389F82D
:1046E00000309BF800303668AAEBC31295460DF1F6
:1046F000080B31462A68254D58461BF017FD3046F9
:1047000021464FF48C621EF0E9FB2A68204E381DCA
:104710005946FFF705FF024698B9F62389F800309D
:1047200098F802303360012B2868796803D11A4663
:1047300003F010FF0AE0134603F00CFF04F0CAFB7D
:1047400004E0144889F8004004F020F9552004F0F2
:10475000D9FA3368012B05D0286800214FF4546240
:104760001EF0BCFBD54602E023220B4B1A700C371F
:10477000BD46BDE8F08F00BF50C7FF1F98C7FF1FA1
:10478000B88CFF1FE13D02001091FF1FA88CFF1F96
:1047900028C7FF1F0D3E020025C7FF1FFC91FF1F0A
:1047A000E5ACFF1FF0B58BB0064601A812F0C9FFBB
:1047B00036B204A8184F12F0C4FFB50107A812F0D2
:1047C000C0FF01A839462A4613F089F8044698B973
:1047D00004A879192A4613F082F8044660B907A89C
:1047E00001A904AA13F053FB044628B907A80B49F2
:1047F000F20113F0AEF8044601A812F0A9FF04A8D4
:1048000012F0A6FF07A812F0A3FF14B1044804F0A9
:10481000BDF80BB0F0BD00BFEC92FF1F8E96FF1FDE
:10482000273E02002DE9F043474C484D88460021C1
:104830008FB08146174620460A4614F0C4FB05A8EF
:1048400012F07FFF08A812F07CFF0BA812F079FF8E
:104850002B7804F11400DB014FF00111636012F0BA
:10486000E3FF00284FD13A4E2A7804F12C0031465C
:10487000920113F034F8002845D12A78920104F10E
:104880003800B11813F02BF800283CD104F10800CF
:1048900004F12C0104F1380213F0F9FA98BB05A8D1
:1048A00004F12C01012213F0DCFA60BB08A804F12A
:1048B0003801012213F0D5FA28BB0BA805A908AAD4
:1048C00013F0E5FAF8B904F1200004F114010BAA81
:1048D00014F012F8B8B904F1440004F1200105AA5B
:1048E00013F012FD78B904F1500004F1200108AA78
:1048F00013F00AFD38B904F15C00A0F12401A0F125
:10490000300213F0F9FF05A812F022FF08A812F0F8
:104910001FFF0BA812F01CFF0B4814F061FB0246AE
:1049200070B90C49CDF800901346CDF80480029779
:10493000054814F00FFE0446034814F0CBFF204650
:104940000FB0BDE8F08300BFEC94FF1FFC91FF1F88
:10495000EC92FF1F25400000F0B5C51D99B004463C
:104960002021284604F078FF2B4604F127026D46EB
:10497000186859682E4603C6083393423546F7D166
:104980002523A37120460021012205F059FC202394
:1049900008A840216A460BF069FF002120226846E2
:1049A0001EF09CFA1A4808AAA0F516610CF0E7FA66
:1049B000044698B1174803F0E9FF002004F0A2F97B
:1049C00008A8002140221EF089FA134800214FF464
:1049D000606219B0BDE8F0401EF080BA0F4B0C4881
:1049E000F6221A70012213464FF4946103F0B2FDCF
:1049F000214608A840221EF071FA21464FF4606259
:104A000005481EF06BFA552004F07CF919B0F0BD92
:104A1000CCB6FF1F453E02006CADFF1F25C7FF1F30
:104A2000F0B54B4B19789BB031B90A4606F026FC1D
:104A3000484BF9221A7089E0042940F08780464CDF
:104A4000464D474E236800933178464B727828686C
:104A500006F072FC2368B3F5886F2F460CD04248ED
:104A600003F094FF002004F04DF9286800214FF472
:104A70008C621EF033FA69E00AA840213B4A2023E9
:104A80000BF0F4FE3A480AAAA0F516610CF077FA8A
:104A90000446A8B1374803F079FF002140220AA854
:104AA0001EF01CFA00214FF4606233481EF016FA23
:104AB000286800214FF48C621EF010FA002043E0B9
:104AC000214640220AA81EF009FA02A829682A4AAB
:104AD0000CF05BFBA8B1294803F058FF21462022C7
:104AE00002A81EF0FBF921464FF4606222481EF036
:104AF000F5F9286821464FF48C621EF0EFF9204644
:104B000022E0144B1E4CF6221A70B3782360012267
:104B1000134602A8202103F01DFD2368012B01D0BC
:104B200004F0D8F90021202202A81EF0D7F90021B4
:104B30004FF4606210481EF0D1F9386800214FF43C
:104B40008C621EF0CBF9552004F0DCF81BB0F0BDF0
:104B500050C7FF1F25C7FF1F98C7FF1FB88CFF1F37
:104B6000E5ACFF1F1091FF1F603E0200AC92FF1FDB
:104B7000CCB6FF1F7B3E02006CADFF1F9D3E0200C6
:104B800028C7FF1F10B590B068464021174A202360
:104B90000BF06CFE16486A46A0F516610CF0EFF9B2
:104BA0000446684674B1002140221EF097F90021A6
:104BB0004FF460620F481EF091F90F4803F0E6FED3
:104BC00010B010BD214640221EF088F90122134684
:104BD00007484FF4946103F0BDFC064821464FF4AA
:104BE000606210B0BDE810401EF078B9AC92FF1FB3
:104BF000CCB6FF1F6CADFF1FB83E0200F0B5C51D5F
:104C0000A9B004462021284604F026FE2B4604F1D4
:104C100027026D46186859682E4603C6083393422A
:104C20003546F7D12623A37120460021012210AC7E
:104C300005F006FB204660216A4620230BF016FE95
:104C40000021202268461EF049F924482246A0F59A
:104C500016610CF094F998B1214803F097FE0020FA
:104C600004F050F82046002160221EF037F91D485C
:104C700000214FF4606229B0BDE8F0401EF02EB96B
:104C800008A820A915F0BEFA174A08AD2B4603CB99
:104C9000A342106051601D4602F10802F6D1134B89
:104CA0000E48F6221A70012213464FF4986103F061
:104CB00051FC2046002160221EF010F908A80021B6
:104CC00020221EF00BF900214FF4626208481EF00A
:104CD00005F9552004F016F829B0F0BDCCB6FF1F39
:104CE000CC3E02006CADFF1F6CBBFF1F25C7FF1F32
:104CF0006CADFF1F10B50446234810F0AFFE63797A
:104D0000642B3FD9A37903F00F03052B04D1204670
:104D1000BDE81040FFF720BE062B04D12046BDE8B9
:104D20001040FFF76BBF012B04D1E11D174815F0B0
:104D30006FFA20E0022B02D110F096FE03E0032B65
:104D400007D110F095FE0246E11D104810F094FEC8
:104D500011E0042B0FD1E01D202104F07DFD94F81B
:104D6000263023F0070384F82630E37903F03F036D
:104D700043F04003E371054800214122BDE81040A3
:104D80001EF0ACB810BD00BF599800004C96FF1F34
:104D90002DE9F047604B1978BAB031B90A4606F0F0
:104DA0006DFA5E4BF9221A70B2E0042940F0B0802F
:104DB0005B4C5C4D5C4F236839787A7828680093A7
:104DC0005A4B06F0B9FAD4F80080B8F58C6FAA46B1
:104DD0000CD0574803F0DAFD002003F093FF286859
:104DE00000214FF48C621EF079F891E022A8602136
:104DF000504AD5F8009020230BF038FD4E4822AAE7
:104E0000A0F516610CF0BBF80446A0B14B4803F0C6
:104E1000BDFD0021602222A81EF060F800214FF4A1
:104E2000606247481EF05AF82868002142461EF08A
:104E300055F800206AE01AAE32A9304615F0E2F9C2
:104E400002A849463E4A0CF0A0F9C8B13D4803F01B
:104E50009DFD2146202202A81EF040F82146602236
:104E600022A81EF03BF821464FF4606234481EF041
:104E700035F82868214642461EF030F8204645E0C5
:104E800009F5886932A94A460AA815F0BFF812A8A0
:104E900002A90AAA4B460096FFF7CCF81F4B2A4CF2
:104EA000F6221A70BB7823600122134612A8202133
:104EB00003F050FB2368012B01D004F00BF8002114
:104EC000202202A81EF00AF8002120220AA81EF0C3
:104ED00005F80021202212A81EF000F8002160220F
:104EE00022A81DF0FBFF0021202230461DF0F6FF16
:104EF00000214FF4606212481DF0F0FFDAF8000064
:104F000000214FF48C621DF0E9FF552003F0FAFEFA
:104F10003AB0BDE8F08700BF50C7FF1F25C7FF1F8D
:104F200098C7FF1FB88CFF1FE5ACFF1F1091FF1F34
:104F3000EE3E0200AC92FF1FCCB6FF1F093F0200FD
:104F40006CADFF1F2B3F020028C7FF1F30B5A1B07B
:104F500008AC20466021224A20230BF087FC214820
:104F60002246A0F516610CF00AF878B1204600211F
:104F700060221DF0B3FF00214FF462621A481DF059
:104F8000ADFF1A4803F002FD21B030BD684618A9F4
:104F900015F038F9164A6D462B4603CBA342106034
:104FA00051601D4602F10802F6D1012213460D4858
:104FB0004FF4986103F0CEFA2046002160221DF0E4
:104FC0008DFF6846002120221DF088FF094800213E
:104FD0004FF4626221B0BDE830401DF07FBF00BFDA
:104FE000AC92FF1FCCB6FF1F6CADFF1FB83E020096
:104FF0006CBBFF1F6CADFF1FF0B50025ECB20B1BA7
:105000000444DBB2E4B29C4205F1010504D2165D12
:10501000D75C1755D654F1E7F0BDFFFF08B5412224
:10502000174800211DF05AFF164B1B785A1F012A02
:1050300025D9012B05D112481349BDE808400EF0CF
:10504000F9BD022B02D110F00FFD03E0032B08D1B4
:1050500010F00EFD02460A490B48BDE8084010F06A
:105060000EBE042B0BD100201F21074AFFF7C4FFFF
:10507000034805490022BDE808400CF0C3BE08BD46
:105080004C96FF1FFC91FF1FAC92FF1F38B5144DCB
:105090000446407906F09AF92B78012B05D1A379C3
:1050A000042B02D12B70FFF7B9FF2B78042B04D00F
:1050B000012B14BF4021202100E0202101221346B2
:1050C000084803F047FA0021402206481DF006FF79
:1050D000054800212022BDE838401DF0FFBE00BF7A
:1050E000FC91FF1F4C96FF1FAC92FF1F38B5054681
:1050F0002C460DF08FF9044B44F8783B20460EF017
:105100000DFB6C60284638BD683C02002DE9F04F6D
:10511000ABB080460CA89B4689469246349F00253A
:105120000EF09CF801238DF80F302C46BC422ED295
:105130000CA8414620220EF010FA25B10CA804A9B3
:105140002A460EF079F90CA8494652460EF074F939
:1051500020250CA80DF10F0101223E1B0EF06CF969
:10516000AE4228BF2E4604AB0CA841462A46009505
:105170000EF00CFA0BEB040004A932461AF0D6FF2D
:105180009DF80F30013334448DF80F30CEE7002105
:10519000202204A81DF0A2FE0CA80EF045F82BB0AA
:1051A000BDE8F08F30B5B3B0044621220D460BA800
:1051B00000211DF093FE20460DF12D0204F1200385
:1051C00050F8041B42F8041B9842F9D1802006F0E5
:1051D000FDF814A80EF042F814A80BA921220EF035
:1051E000BCF9202414A8134920220EF025F914A894
:1051F0000BA903AB009421220EF0C8F92B4603A89B
:1052000000940D491522FFF781FF224603A80021D3
:105210001DF064FE0BA8002121221DF05FFE00217D
:10522000224604481DF05AFE14A80DF0FDFF33B0CD
:1052300030BD00BFAC92FF1FA140020030B5A1B04D
:105240000D466946FFF7AEFF08A860216A46202395
:105250000BF00CFB204808AAA0F516610BF08FFE9E
:105260000446D0B16846002120221DF037FE08A870
:10527000002160221DF032FE00214FF460621748C9
:105280001DF02CFE00214FF4986228461DF026FEEA
:10529000134803F07BFB21B030BD4FF494622846E5
:1052A0000D491AF043FF18A905F5946014F0AAFF00
:1052B0002146684620221DF011FE214608A86022E2
:1052C0001DF00CFE054821464FF4606221B0BDE898
:1052D00030401DF003BE00BF25BEFF1FC5B4FF1F39
:1052E000B83E0200F0B5BBB00D4602A91746FFF765
:1052F00059FF22A8602102AA20230BF0B7FA234805
:1053000022AAA0F516610BF03AFE1AAC10B14FF0CC
:10531000FF3619E032A9204614F074FF0AA8294686
:105320001B4A0BF032FF06460028F0D105F58865D0
:1053300032A92A4612A814F069FE009438460AA938
:1053400012AA2B46FEF776FE02A8002120221DF0AD
:10535000C5FD22A8002160221DF0C0FD0AA8002181
:1053600020221DF0BBFD12A8002120221DF0B6FD59
:105370002046002120221DF0B1FD00214FF4606283
:1053800003481DF0ABFD30463BB0F0BD25BEFF1F0E
:10539000C5B4FF1FF0B50D46B3B016461F46044610
:1053A00028B921460BA821221DF098FD0BAC14A8AA
:1053B0000DF054FF14A8214621220EF0CEF814A8B7
:1053C0002946202220250EF037F8214603AB14A8E9
:1053D000212200950EF0DAF814A80DF019FF3346DB
:1053E00003A83899399A0097FFF790FE00212A46C2
:1053F00003A81DF073FD14A80DF016FF33B0F0BD27
:1054000013B5044C009415240194FFF7C3FF02B0B8
:1054100010BD00BF8B40020070B506469EB00D4621
:105420001446CAB9842005F0D1FF214641222D48F7
:105430001DF054FD02A8FCF737FA02A82A492022E1
:10544000FCF75CFA02A829462022FCF757FA02A8CA
:105450002549FCF774FA3FE0802A09D1104605F08F
:10546000B5FF214928460A462023FFF7C9FF26E059
:10547000842A24D1104605F0A9FF002141221948B1
:105480001DF02CFD20238DF8083029460DF109036D
:1054900005F1200251F8040B43F8040B9142F9D1B5
:1054A0001149124B009310230A46019302A82023AE
:1054B000FFF770FF02A8002121221DF00FFD042E2E
:1054C0000AD1094BDA7F22F00702DA771A7802F064
:1054D0003F0242F040021A70054B1E70FFF79EFD1E
:1054E0001EB070BD4C96FF1FAC92FF1FD03C020057
:1054F000FC91FF1F70B504464079042815D8A379A4
:10550000ABB905F0B7FF002853D02A4B1B7803F046
:105510000F03072B04D12848BDE8704003F036BACA
:105520002046BDE87040FEF7E7BD742816D805F0A8
:105530004DFF00283DD01F4B1B78052B204603D183
:10554000BDE87040FFF71EBB062B03D1BDE87040DD
:10555000FFF7FCBCBDE87040FFF798BD842805D17B
:10556000A079042825D8E11D002207E0E8280BD106
:10557000A079431E032B1CD8E11D8422FFF74CFFAA
:105580000E48402100220FE0802812D1A37903F0B9
:105590000F03062B0DD10A4DE01D2968FFF74EFEC3
:1055A00028684FF4986101221346BDE8704002F06C
:1055B000D1BF70BDFC91FF1F4D3F02004C96FF1FF5
:1055C000A88CFF1F2DE9F0416D4C6E4E6E4D236887
:1055D00031787278F0B00746009328686B4B05F07D
:1055E000ABFE4EA8002188221DF078FC684B4E933C
:1055F000684B4F93684B5093787940235193202305
:105600005293C8282EAB5393B0463ED900F13703CE
:10561000DBB2022B0CD9D32819D0D4281CD0D52822
:105620001FD000F12303DBB2022B21D95B4858E0E5
:1056300021682B68C928A1F1200101D1012003E0D4
:10564000CA280CBF022003201944002217E0216859
:105650002B682039012008E021682B6820390220BE
:1056600003E021682B68203903201944802206E0DA
:1056700021682B6824302039C0B219448422FFF7F6
:10568000CBFE2368203B236005E0A0F165030F2BD0
:1056900073D805F09BFE2268394E414F202A01D075
:1056A000402A04D102A829681AF040FD10E012A88F
:1056B000FCF7FAF812A829683268FCF71FF912A85B
:1056C00002A9FCF73CF93B78012B1CBF2023336077
:1056D000344A242313703B78591E0229174606D9F1
:1056E000314803F053F9002003F00CFB45E0012B97
:1056F00012AE08D12368009330462C492C4A2B68FF
:105700000EF014FA0EE0022B02D110F0ADF901E018
:1057100010F0AEF9019000962448226802A94EAB21
:1057200010F0EDFAF62398F802203B70214B012A85
:105730001A6030464FF0400103D1134602F00AFFD1
:1057400005E00122134602F005FF03F0C3FB5520DC
:1057500003F0D8FA286800214FF48C621DF0BEFBDC
:105760000021412212481DF0B9FB104800212022DF
:1057700070B0BDE8F0411DF0B1BB70B0BDE8F08184
:1057800098C7FF1FE5ACFF1FB88CFF1F1091FF1FCC
:10579000C9B20100CFB20100D5B201007A3F0200C8
:1057A000FC91FF1F25C7FF1F993F0200AC92FF1F0E
:1057B0004C96FF1F28C7FF1F08B5094B197821B960
:1057C0000A4605F05BFDF82206E0042903D1BDE896
:1057D0000840FFF7F7BE2322024B1A7008BD00BF36
:1057E00050C7FF1F25C7FF1F10B50446214810F002
:1057F00035F96079642816D805F03CFE1E4B1B78FD
:105800000BB91E4827E003F00F03072B04D12046F5
:10581000BDE8104000F0CABF42061BD52046BDE8D7
:105820001040FEF7D7BD00F13702D2B2032A19D9D2
:1058300000F12302D2B2032A14D9A0F165020F2A83
:1058400015D805F0C3FDC0B20B4B1B78002BD8D088
:10585000430607D40A4803F099F80020BDE8104039
:1058600003F050BA2046BDE81040FFF7A5BF002066
:10587000EAE700BF59980000FC91FF1FBC3F0200FF
:10588000993F0200F0B595B000210746412203A8D8
:105890001DF024FB6A4B197839B90A46384605F0E1
:1058A000EDFC684BF9221A70C8E0042940F0C6806C
:1058B000654C664E664D236831787278286800938F
:1058C000644B05F039FD7879C828374655D900F181
:1058D0003603DBB2022B10D900F12C03DBB2022B12
:1058E0000BD900F12203DBB2022B06D95A4803F090
:1058F0004DF8002003F006FAA0E0CA2804D1216880
:105900002B682039022005E0CB2806D121682B68BE
:10591000203903201944002229E0CC2804D1216831
:105920002B6820390420F5E7D42804D121682B689E
:10593000203902200CE0D52804D121682B682039B9
:10594000032005E0D62806D121682B6820390420E1
:10595000194480220BE000F12203DBB2022B08D8AD
:1059600021682B6824302039C0B219448422FFF703
:1059700053FD2368203B236005E0A0F165030F2B56
:105980005CD805F023FD354B1A78911E01299CBF88
:1059900064321A701B78012B06D1304B04221A7026
:1059A0002026FFF73BFB00E040262268212A01D099
:1059B000412A05D129682A48013A2260013105E0CF
:1059C000202A01D0402A03D1254829681AF0AEFBCD
:1059D0001C4A232313702368402B144601D0202B2C
:1059E00003D11F4803A9FEF793FBF623BA7823706F
:1059F0001C4B012A1A6003A8314603D1134602F05A
:105A0000A9FD05E00122134602F0A4FD03F062FAAD
:105A1000552003F077F9286800214FF48C621DF0BF
:105A20005DFA002141220E481DF058FA0E4800216F
:105A3000202215B0BDE8F0401DF050BA15B0F0BD01
:105A400050C7FF1F25C7FF1F98C7FF1FE5ACFF1FEB
:105A5000B88CFF1F1091FF1F7A3F0200FC91FF1FBF
:105A60004C96FF1F28C7FF1FAC92FF1FF0B50446DE
:105A7000A5B088480FF0F2FF6179802940F0B1802D
:105A8000854B1D78042D33D1844B9A78844B1A6052
:105A9000844B1D78012D01D08348BDE0834E84489E
:105AA0003168002408AA1C70FFF71CFC30B1814843
:105AB00002F06CFF204603F025F905E008A820213C
:105AC0002A462B4602F046FD0021202208A81DF0A0
:105AD00005FA0021202276481DF000FA30680021E6
:105AE0004FF48C621DF0FAF9552003F00BF9CFE06A
:105AF000002D40F0CD80A379A3F13A01FF2BC9B26C
:105B000014BF1A463922C42906D8FEF7D9FA6A48C2
:105B100002F03CFF2846E8E7FF2B684809D00368FD
:105B20006FF49065991829440E2902D8D3F5906234
:105B300006D401688E18B6F5906F01DC0B460BE0B9
:105B4000FEF7BEFA5E4867E0651A1D441F2BEF7929
:105B500006DC574D5F5501335D1A9542F4DB05E0D5
:105B6000524D2D681D4405F8207CF4E7066002F0D4
:105B7000D7FCA379514DFF2B00F08A802B68B3F539
:105B8000906FDDD1474B0024012208A81A702C60C9
:105B9000FBF78AFE08A846492022FBF7AFFE434BDD
:105BA00008A819684FF48C62FBF7A8FE08A869469C
:105BB000FBF7C5FE6A46F0208021202303F038FA67
:105BC000374B1A68354B68469A70214620221DF0E3
:105BD00085F93C4BF9221A703B4B187802F086FC91
:105BE00056E064291CD8084605F044FC374B1B7866
:105BF0000BB9374810E003F00F03072B03D1204601
:105C000000F0B0FE44E0820605D52046FEF732FDE6
:105C10003EE083060ED42F4802F0B8FE002064E771
:105C200001F13703DBB2032B04D901F12303DBB20B
:105C3000032B03D82046FFF725FE29E0A1F16503D9
:105C40000F2B224D15D82B78053B012B0CD8124B6E
:105C50001B7813F0FB0F07D02846FEF7BFF82B7810
:105C600003F00F032B7004E0084605F0AFFBC0B251
:105C700000E000202B78002BBBD0052B03D1204661
:105C8000FEF7CEFE04E0062BC3D12046FFF780F8D6
:105C900025B0F0BD5998000050C7FF1FE5ACFF1FAD
:105CA00028C7FF1F8D96FF1FDA3F0200B88CFF1F29
:105CB000CC92FF1F02400200254002004496FF1FC5
:105CC0004540020025C7FF1F26C7FF1FFC91FF1F8D
:105CD000BC3F020067400200F0B55D4B5D4E1B7893
:105CE00096F84050042B89B0344640F0AF803046DF
:105CF00003F062FE074660B93946092256481DF096
:105D0000EDF830463946502209B0BDE8F0401DF0AC
:105D1000E5B8524B0022382D1A601E4601D1812071
:105D200002E0302D03D1822005F050FB06E06B1E0F
:105D3000172B03D84A48294605F00AFB494B1B7824
:105D400053B9EA180DF803200133202BF9D10020B4
:105D500069460246FFF760FB94F839200323202AA6
:105D600033603C4B17D193F83A20202A13D193F893
:105D70003B20202A0FD193F83C20202A0BD193F806
:105D80003D20202A07D193F83E20202A03D193F802
:105D90003F60202E07D03F22A35C13B9013A0E2AA0
:105DA000FAD10132D6B2304D2D4928461422FCF7E3
:105DB000D6FA2B6827495B6832462846984728461A
:105DC000FCF70AFB6A46034600F11006186859689A
:105DD000154603C50833B3422A46F7D11868286030
:105DE000202200211E481DF079F81421684610F089
:105DF000ADF8BDF80420A28008AA054652F8191D86
:105E000000989DF8063020601848A160A371918821
:105E10009279C023E3718271C1228180E27308AA62
:105E2000103052F8121D2161928820F8042CC222F1
:105E3000E275002138221DF051F8E84380B2C323F7
:105E4000A075E37700124B232076237709B0F0BDCD
:105E500050C7FF1F35D6FF1FA3C7FF1F28C7FF1F4F
:105E6000AC92FF1FFC91FF1F3091FF1F3DD6FF1F1B
:105E70002DE9F04FB5B00C460DF110080021064693
:105E80009246404618229B461DF028F8206861681B
:105E9000434603C3BBF1010FA068186076D19DF89B
:105EA00011309DF810501D4405F0030505F5B4555B
:105EB0001035AD000FCD0AAC0FC495E80F0084E893
:105EC0000F00142112A80EF0DFF80AAF002312A869
:105ED000029303930EF0ABF8394612A820220EF07D
:105EE00035F8414612A808220EF080F802A912A83F
:105EF00008220EF0D9F86FF002019AFBF1F151443B
:105F000003239AFBF3FA314412A853460A460EF0D3
:105F1000BFF99DF811309DF810401C4404F00304B3
:105F200004F5B4541834A4000FCCB946A9E80F0006
:105F300094E80F004FEAEA7589E80F0031465246AF
:105F40002B46CDF800800197304613F0CBFF9DF82B
:105F500011309DF810E09E440EF0030E0EF5B55E74
:105F60004FEA8E0EBEE80F00BC46ACE80F009EE87C
:105F70000F0089E80F0006EB0A00CDF800800197BA
:105F8000014652462B4614F023F828E1BBF1020FDC
:105F900052D19DF811309DF810501D4405F00305B5
:105FA00005F5B455AD000FCD0AAC0FC495E80F0050
:105FB00084E80F00142112A80EF066F80AAF00233F
:105FC00012A8029303930EF032F8394612A8202249
:105FD0000DF0BCFF414612A808220EF007F802A9F6
:105FE00012A808220EF060F89AFBFBFB12A83146BB
:105FF00032465B460EF04CF99DF811309DF810507A
:106000001D4405F0030505F5B4550835AD000FCD69
:106010003C460FC495E80F00CBEB0A0A84E80F005A
:1060200006EB0A00CDF80080019701465A464FEA78
:10603000EB7313F057FFD2E0BBF1030F76D19DF85D
:1060400011309DF810401C4404F0030404F5B554CD
:10605000A4000FCC0DF12809A9E80F0094E80F0067
:106060009AFBFBFB89E80F000AAF4FEAEB7506EBE2
:106070000B002B4601465A46CDF80080019713F0DD
:10608000A7FF9DF811309DF810E09E440EF0030E1E
:106090000EF5B45E0EF1180E4FEA8E0EBEE80F003C
:1060A000BC46ACE80F009EE80F0089E80F002B46C5
:1060B00031465A46CDF800800197304613F012FF62
:1060C0009DF811309DF810401C4404F0030404F5C1
:1060D000B4541034A4000FCC3D460FC594E80F0013
:1060E00089E80F00142112A80DF0CEFF002312A89A
:1060F000029303930DF09BFF3946202212A80DF066
:1061000025FF4146082212A80DF070FF02A90822BF
:1061100012A80DF0C9FF6FF002019AFBF1F18A4459
:1061200006EB0A0112A80A465B4656E0BBF1040FD3
:1061300058D19DF811309DF810501D4405F003050D
:1061400005F5B4550835AD000FCD0AAC0FC495E880
:106150000F0084E80F0002239AFBF3F0C0EB0A0063
:106160000DF128099AFBF3FA3044014652464FEAF2
:10617000EA73CDF80080CDF8049013F0B3FE9DF8DB
:1061800011309DF810501D4405F0030505F5B45578
:10619000AD000FCD4F460FC795E80F0084E80F0004
:1061A000142112A80DF070FF002312A8029303938C
:1061B0000DF03DFF4946202212A80DF0C7FE4146D2
:1061C000082212A80DF012FF02A9082212A80DF051
:1061D0006BFF12A83146324653460DF0B1FE12A8AD
:1061E0000DF034FF35B0BDE8F08F30B545F6B03571
:1061F0009DF80C402D7805F0FD05012D04D11CB152
:10620000BDE83040FFF734BE30BDFFFF10B5054B91
:10621000044640F82C3B0DF0EFF920460DF02CFE23
:10622000204610BDA83C02002DE9F041CAB0054649
:106230000BAC68460E4690461F460DF04FFE0F4BC6
:10624000009320460DF06AFA684601940DF031FE85
:106250004146684620220DF0E7FD3146684610228F
:106260000DF0F5FD684629462A463B460DF086FDB1
:106270006846FFF7CBFF4AB0BDE8F081A83C0200BA
:106280002DE9F041CAB005460BAC68460E46904673
:106290001F460DF023FE0F4B009320460DF03EFAF3
:1062A000684601940DF005FE4146684620220DF037
:1062B000BBFD3146684610220DF0C9FD68462946EF
:1062C0002A463B460DF085FD6846FFF79FFF4AB022
:1062D000BDE8F081A83C020010B50446FFF796FF28
:1062E00020461BF083FF204610BDFFFF10B5054B75
:1062F000044640F8783B0DF07FF920460CF008F892
:10630000204610BD683C02002DE9F047234B1D6874
:10631000E2B00446071D6A1C4FEA156AC5F3074937
:10632000C5F3072804A8EDB21A600E46FEF7DEFE9C
:1063300084F800A084F8019084F80280E5700C24B1
:106340002246002101A81CF0C9FD04A88DF805A073
:106350008DF806908DF807808DF808500BF036FF09
:1063600004A80F4920220BF044FF01A9224604A8EB
:106370000BF0CCFE334604A839463A460BF060FEDB
:1063800004A8B91910220BF076FF04A8FFF7AEFF9E
:1063900006F1140062B0BDE8F08700BF4896FF1F09
:1063A000B7F9FF1F2DE9F043E7B088460446071D03
:1063B00008A8FEF79BFEB8F1140604D5204600217C
:1063C00028EAE8724AE094F8019023784FEA0949F4
:1063D00049EA0369E37849EA0309A378BD1949EA60
:1063E000032904AA05F1100E28686968134603C33F
:1063F000083575451A46F7D100210C2201A81CF07A
:106400006DFD01238DF804304FEA19638DF80530D6
:106410004FEA19438DF8063008A84FEA19238DF882
:1064200007308DF808900BF0D1FE1749202208A8FC
:106430000BF0DFFE01A90C2208A80BF067FE08A8EC
:1064400039463A4633460BF080FF04A908A81022CB
:106450000BF0FCFE0146204629B942461CF03EFDE9
:106460004FF0FF3608E0394632461CF01CFDA019FB
:10647000002114221CF032FD08A8FFF737FF304638
:1064800067B0BDE8F08300BFB7F9FF1F2DE9F04307
:10649000ADF5257D06460C4646A898461546AC9FA8
:1064A000FEF724FE8DF8084003AC0C2120468DF841
:1064B000095001F043FA0EA8FBF7F6F90EA82146A1
:1064C0000C22FBF71BFA0EA802A90222FBF716FA10
:1064D00006AD0EA820222B49FBF710FA0EA829467C
:1064E000FBF72DFA95E8070084E807002AA8FBF7D8
:1064F000DBF92AA841461022FBF700FA2AA802A9D4
:106500000222FBF7FBF92AA820221E49FBF7F6F925
:106510002AA82946FBF713FA237803F00103002B7E
:106520004FF001080CBF0223434621463A4630464D
:10653000CDF800800CBFC1464FF00209FFF755FEB1
:1065400046A80BF043FE294646A820220BF051FE38
:10655000214646A80C220BF0D9FD46A8314632460A
:106560003B460BF06DFD304621463A464B46CDF892
:106570000080FFF73AFE46A8FFF7B8FE0DF5257D2F
:10658000BDE8F0836090FF1F2DE9F043ADF5257D58
:1065900006460C4646A898461546AC9FFEF7A6FD53
:1065A0008DF8084003AC0C2120468DF8095001F00D
:1065B000C5F90EA8FBF778F90EA821460C22FBF7C7
:1065C0009DF90EA802A90222FBF798F906AD0EA8C4
:1065D00020222C49FBF792F90EA82946FBF7AFF9C8
:1065E00095E8070084E807002AA8FBF75DF92AA8C8
:1065F00041461022FBF782F92AA802A90222FBF7E2
:106600007DF92AA820221F49FBF778F92AA82946F4
:10661000FBF795F9237803F00103002B4FF00108F5
:106620000CBF0323042321463A463046CDF80080B0
:106630000CBF4FF004094FF00309FFF7D6FD46A841
:106640000BF0C4FD294646A820220BF0D2FD2146BE
:1066500046A80C220BF05AFD46A8314632463B466E
:106660000BF073FE304621463A464B46CDF800808B
:10667000FFF7BBFD46A8FFF739FE0DF5257DBDE808
:10668000F08300BF6090FF1F2DE9F0430C46E1B09E
:10669000054602A81E4691469DF8A071FEF726FD0C
:1066A0002378009703F00103002B0CBF0223012382
:1066B0002146324628460CBF4FF001084FF0020831
:1066C000FFF793FD02A80BF081FD494602A82022A6
:1066D0000BF08FFD214602A80C220BF017FD02A83B
:1066E00029462A4633460BF0ABFC28462146324663
:1066F00043460097FFF779FD02A8FFF7F7FD61B069
:10670000BDE8F0832DE9F0430C46E1B0054602A850
:106710001E4691469DF8A071FEF7E8FC237800978D
:1067200003F00103002B0CBF032304232146324650
:1067300028460CBF4FF004084FF00308FFF755FD43
:1067400002A80BF043FD494602A820220BF051FDA0
:10675000214602A80C220BF0D9FC02A829462A46A1
:1067600033460BF0F2FD2846214632464346009759
:10677000FFF73BFD02A8FFF7B9FD61B0BDE8F0836C
:1067800010B50446FFF7B2FD20461BF02FFD204652
:1067900010BDFFFF08B503460A46034819460CF032
:1067A000F5FA002008BD00BF88D6FF1F2DE9F04391
:1067B0005F4B1978ADF2F47D31B90A4604F05EFD05
:1067C0005C4BF9221A70AEE0042940F0AC805A4DBF
:1067D0005A4C2B685A4F2178627800933868594B8D
:1067E00004F0AAFD5349A2783E68F2230B70564B81
:1067F0001A602A6816F8013B002ACCBF02F1FF3864
:106800004FF00008022B0D461FD15049504A14A8E2
:1068100008F0DFF9002104464FF47C624B481CF07D
:106820005DFB386800214FF48C621CF057FB1CB1F3
:1068300000232B70474863E0F12301222B7014A83A
:106840002021134601F086FE6AE073BB424C04AB84
:1068500004F1200E206861681A4603C208347445AA
:106860001346F7D10CA804A90DF0E4F9334614A897
:1068700004A90CAACDF800800DF058F900212022BF
:1068800004A81CF02BFB00214FF48C6238681CF02C
:1068900025FB0122F1232B7014A84021134601F09F
:1068A00059FE14A80021402238E0DFF8A090284AC1
:1068B000002314A849460C9308F08BF9044650B9FC
:1068C00000900190CDF8089024480CA93246434628
:1068D00008F01BF9044600214FF47C621B481CF0B1
:1068E000FDFA386800214FF48C621CF0F7FA24B9E5
:1068F0000C9E40F6ED439E4205D0002318482B70B5
:1069000002F044F80FE00122F1232B7013483146C6
:10691000134601F01FFE1148214632461CF0DEFAF4
:10692000552002F0EFF90DF2F47DBDE8F08300BFD1
:1069300050C7FF1F25C7FF1F98C7FF1FE5ACFF1FEC
:10694000B88CFF1F1091FF1F28C7FF1F8E98FF1FD5
:106950000C93FF1FBD400200EC92FF1F6CADFF1FA8
:10696000D1400200F0B5644B1978ADF2EC4D31B96D
:106970000A4604F083FC614BF9221A70B8E004293E
:1069800040F0B6805E4E5F4D33685F4C6A78297880
:1069900000935A4F5D4B206804F0CEFCF2233B700D
:1069A0005B4BAA781A603368202B3D4626464DD1B2
:1069B000584A23680AACA64602F1200C10685168B8
:1069C000774603C708326245BE46F7D112AF03F1DE
:1069D000200E186859683A4603C2083373451746B3
:1069E000F7D1237823F007032370E37F03F03F03FD
:1069F00043F04003214612AA02A8E3770BF002FA03
:106A000000210746202220461CF068FA3068002149
:106A10004FF48C621CF062FA17B92F703E483BE0CD
:106A20003E4B1A6802AE1F46334603CBA3421060AA
:106A300051601E4602F10802F6D102A80021202270
:106A40001CF04CFAF1232B7038683DE0B3F5886FE9
:106A500040D112AF38463249324A0AF090FA044621
:106A600028B90AA831682E4A0AF08FFB0446002193
:106A70004FF416622A481CF031FA306800214FF4B6
:106A80008C621CF02BFA54B10AA8002120221CF0C1
:106A900025FA002324482B7001F078FF28E01F4BD3
:106AA0001A680AAC1E46234603CBBB4210605160F5
:106AB0001C4602F10802F6D10AA8002120221CF08F
:106AC0000DFAF12330682B7001222021134601F0CA
:106AD00041FD0AE0154801F059FF206800214FF4FC
:106AE0008C621CF0FBF900233B70552002F00AF980
:106AF0000DF2EC4DF0BD00BF50C7FF1F25C7FF1FB3
:106B000098C7FF1FE5ACFF1FB88CFF1F1091FF1F38
:106B100028C7FF1F2C93FF1FE3400200A88CFF1F14
:106B20008E98FF1F4C93FF1FF040020004410200AB
:106B300010B5064C06492046FAF7A8FF204605493D
:106B4000FAF7A4FF044B0020187010BD8490FF1FBB
:106B5000B8D5FF1F14D6FF1FA1C7FF1F38B5434B81
:106B6000434C1D78012D12D100210A4620780DF0EA
:106B700067FD002102463F480DF046FD00210A4610
:106B800020780DF05DFD294602463A4858E02B2D4D
:106B90000FD820784008014600220DF051FD002159
:106BA000024634480DF030FD2078400801460022AE
:106BB00041E0552D0CD80020217802460DF040FD13
:106BC000002102462B480DF01FFD0020217831E006
:106BD000802D0FD8217849080A4600200DF030FD9D
:106BE0000021024623480DF00FFD217849080020BE
:106BF0000A4620E0AA2D0DD80020014622780DF08B
:106C00001FFD002102461B480DF0FEFC002001463E
:106C1000227810E0D52D15D82078400800210246B2
:106C20000DF00EFD0021024612480DF0EDFC20781B
:106C30000021400802460DF003FD02460D480121E7
:106C40000DF0E2FC0B480DF045FC23780833DBB275
:106C500023704BB908480949FAF718FF0648084954
:106C6000BDE83840FAF743BF38BD00BF26C7FF1F55
:106C700058C8FF1F44C8FF1F8490FF1FB8D5FF1FCF
:106C800014D6FF1F13B5422420461AF0C3FF02ABEF
:106C900023440134462C03F8460CF5D1019802B088
:106CA00010BD37B54224019002AB2344204613F8AF
:106CB000465C1AF0AFFF854203D0204629461AF001
:106CC000BDFF0134462CEFD103B030BD034B002192
:106CD0001860402202481CF001B900BF28C7FF1FFE
:106CE000EAACFF1F70B5044614F8010BC0B1FF28D1
:106CF000FAD00E4E1AF04AFD3378032513FB03F346
:106D000093FBF5F0A8401AF0EBF91AF08BFD3378FD
:106D100013FB03F393FBF5F0A8401AF0E1F9E3E766
:106D20000348BDE870401BF051BA00BFA48CFF1FA0
:106D3000ACFFFF1F10B542242046002101341AF099
:106D40007DFFB4F5006FF7D110BD10B54FF46A3474
:106D50002046002104F500640AF0FEFAB4F57E3FF7
:106D6000F6D110BD30B50023D41E9C420DDDCC58A9
:106D7000240EC454CD58C4182D0C6570CD582D0A5E
:106D8000A570CD58E5700433EEE730BDF7B50F467A
:106D90001646C41C0025F31EAB4207EB050004F1A8
:106DA000040416DD14F8062C14F8053C120442EA1B
:106DB000032214F8043C1A4314F8073C02A942EADF
:106DC000036241F8042D002213460AF095FA0435B7
:106DD000E1E703B0F0BD70B5ADF6080D1546064607
:106DE0000C4602A84FF46E314FF40062FFF7BAFF71
:106DF000013D38206843002302AA0244F15CD154CB
:106E00000133382BF8D14FF46E3000210AF0A4FA88
:106E1000172D00F2B181DFE815F0180029003A00C3
:106E20004B005C006D007E008F00A000B100C2002E
:106E3000D300E400F50006011701280139014A01D9
:106E40005B016C017D018E019F0102A84FF46E3140
:106E50004FF40062FFF79AFF382CA8BF38240DF1D9
:106E600007008DF80740FBF746FF85E102A84FF4C5
:106E70006E314FF40062FFF789FF382CA8BF382429
:106E80000DF107008DF80740FBF740FF74E102A801
:106E90004FF46E314FF40062FFF778FF382CA8BF33
:106EA00038240DF107008DF80740FBF73AFF63E146
:106EB00002A84FF46E314FF40062FFF767FF382CE1
:106EC000A8BF38240DF107008DF80740FBF734FF09
:106ED00052E102A84FF46E314FF40062FFF756FF03
:106EE000382CA8BF38240DF107008DF80740FBF7B8
:106EF0002EFF41E102A84FF46E314FF40062FFF71C
:106F000045FF382CA8BF38240DF107008DF8074045
:106F1000FBF728FF30E102A84FF46E314FF4006216
:106F2000FFF734FF382CA8BF38240DF107008DF887
:106F30000740FBF722FF1FE102A84FF46E314FF428
:106F40000062FFF723FF382CA8BF38240DF107009B
:106F50008DF80740FBF71CFF0EE102A84FF46E31DD
:106F60004FF40062FFF712FF382CA8BF38240DF150
:106F700007008DF80740FBF716FFFDE002A84FF46D
:106F80006E314FF40062FFF701FF382CA8BF3824A0
:106F90000DF107008DF80740FBF710FFECE002A8A9
:106FA0004FF46E314FF40062FFF7F0FE382CA8BFAB
:106FB00038240DF107008DF80740FBF70AFFDBE0EE
:106FC00002A84FF46E314FF40062FFF7DFFE382C59
:106FD000A8BF38240DF107008DF80740FBF704FF28
:106FE000CAE002A84FF46E314FF40062FFF7CEFE04
:106FF000382CA8BF38240DF107008DF80740FBF7A7
:10700000FEFEB9E002A84FF46E314FF40062FFF7C4
:10701000BDFE382CA8BF38240DF107008DF80740BD
:10702000FBF7F8FEA8E002A84FF46E314FF40062BF
:10703000FFF7ACFE382CA8BF38240DF107008DF8FF
:107040000740FBF7F2FE97E002A84FF46E314FF4D1
:107050000062FFF79BFE382CA8BF38240DF1070013
:107060008DF80740FBF7ECFE86E002A84FF46E3186
:107070004FF40062FFF78AFE382CA8BF38240DF1C8
:1070800007008DF80740FBF7E6FE75E002A84FF415
:107090006E314FF40062FFF779FE382CA8BF382418
:1070A0000DF107008DF80740FBF7E0FE64E002A851
:1070B0004FF46E314FF40062FFF768FE382CA8BF22
:1070C00038240DF107008DF80740FBF7DAFE53E096
:1070D00002A84FF46E314FF40062FFF757FE382CD0
:1070E000A8BF38240DF107008DF80740FBF7D4FE48
:1070F00042E002A84FF46E314FF40062FFF746FE03
:10710000382CA8BF38240DF107008DF80740FBF795
:10711000CEFE31E002A84FF46E314FF40062FFF76B
:1071200035FE382CA8BF38240DF107008DF8074034
:10713000FBF7C8FE20E002A84FF46E314FF4006266
:10714000FFF724FE382CA8BF38240DF107008DF876
:107150000740FBF7C2FE0FE002A84FF46E314FF478
:107160000062FFF713FE382CA8BF38240DF107008A
:107170008DF80740FBF7BCFE0DF6080D70BD70B52D
:10718000ADF6080D154606460C4602A84FF47031C0
:107190004FF40062FFF7E6FD013D3820684300230D
:1071A00002AA0244F15CD1540133382BF8D14FF4D8
:1071B000703000210AF0D0F8172D00F2B181DFE81D
:1071C00015F0180029003A004B005C006D007E00AD
:1071D0008F00A000B100C200D300E400F50006015A
:1071E0001701280139014A015B016C017D018E0103
:1071F0009F0102A84FF470314FF40062FFF7C6FD03
:10720000382CA8BF38240DF107008DF80740FBF794
:107210006AFC85E102A84FF470314FF40062FFF779
:10722000B5FD382CA8BF38240DF107008DF80740B4
:10723000FBF764FC74E102A84FF470314FF4006274
:10724000FFF7A4FD382CA8BF38240DF107008DF8F6
:107250000740FBF75EFC63E102A84FF470314FF486
:107260000062FFF793FD382CA8BF38240DF107000A
:107270008DF80740FBF758FC52E102A84FF470313B
:107280004FF40062FFF782FD382CA8BF38240DF1BF
:1072900007008DF80740FBF752FC41E102A84FF4CC
:1072A00070314FF40062FFF771FD382CA8BF38240D
:1072B0000DF107008DF80740FBF74CFC30E102A808
:1072C0004FF470314FF40062FFF760FD382CA8BF17
:1072D00038240DF107008DF80740FBF746FC1FE14D
:1072E00002A84FF470314FF40062FFF74FFD382CC5
:1072F000A8BF38240DF107008DF80740FBF740FCCC
:107300000EE102A84FF470314FF40062FFF73EFD2A
:10731000382CA8BF38240DF107008DF80740FBF783
:107320003AFCFDE002A84FF470314FF40062FFF721
:107330002DFD382CA8BF38240DF107008DF807402B
:10734000FBF734FCECE002A84FF470314FF400621C
:10735000FFF71CFD382CA8BF38240DF107008DF86D
:107360000740FBF72EFCDBE002A84FF470314FF42E
:107370000062FFF70BFD382CA8BF38240DF1070081
:107380008DF80740FBF728FCCAE002A84FF47031E3
:107390004FF40062FFF7FAFC382CA8BF38240DF137
:1073A00007008DF80740FBF722FCB9E002A84FF474
:1073B00070314FF40062FFF7E9FC382CA8BF382485
:1073C0000DF107008DF80740FBF71CFCA8E002A8B0
:1073D0004FF470314FF40062FFF7D8FC382CA8BF8F
:1073E00038240DF107008DF80740FBF716FC97E0F5
:1073F00002A84FF470314FF40062FFF7C7FC382C3D
:10740000A8BF38240DF107008DF80740FBF710FCEA
:1074100086E002A84FF470314FF40062FFF7B6FC2B
:10742000382CA8BF38240DF107008DF80740FBF772
:107430000AFC75E002A84FF470314FF40062FFF7C8
:10744000A5FC382CA8BF38240DF107008DF80740A3
:10745000FBF704FC64E002A84FF470314FF40062C3
:10746000FFF794FC382CA8BF38240DF107008DF8E5
:107470000740FBF7FEFB53E002A84FF470314FF4D6
:107480000062FFF783FC382CA8BF38240DF10700F9
:107490008DF80740FBF7F8FB42E002A84FF470318B
:1074A0004FF40062FFF772FC382CA8BF38240DF1AE
:1074B00007008DF80740FBF7F2FB31E002A84FF41C
:1074C00070314FF40062FFF761FC382CA8BF3824FC
:1074D0000DF107008DF80740FBF7ECFB20E002A858
:1074E0004FF470314FF40062FFF750FC382CA8BF06
:1074F00038240DF107008DF80740FBF7E6FB0FE09D
:1075000002A84FF470314FF40062FFF73FFC382CB3
:10751000A8BF38240DF107008DF80740FBF7E0FB0A
:107520000DF6080D70BD30B50D01B5F5006FADF667
:10753000040D04461DD868464FF472314FF40062C2
:10754000FFF710FC103D002300AA2A44E15CD1544F
:107550000133102BF8D1237823B14FF4723000217E
:1075600009F0FAFE68464FF472314FF40062FFF7FB
:107570000DFC0DF6040D30BD70B51546ADF6080DC9
:1075800006460C4602A84FF474314FF40062013DE8
:10759000FFF7E8FBA801002302AA0244F15CD154E2
:1075A0000133402BF8D14FF47430002109F0D4FEA0
:1075B000172D00F2B181DFE815F0180029003A001C
:1075C0004B005C006D007E008F00A000B100C20087
:1075D000D300E400F50006011701280139014A0132
:1075E0005B016C017D018E019F0102A84FF4743193
:1075F0004FF40062FFF7CAFB402CA8BF40240DF1F6
:1076000007008DF80740FBF77FFC85E102A84FF4E7
:1076100074314FF40062FFF7B9FB402CA8BF40243F
:107620000DF107008DF80740FBF77BFC74E102A821
:107630004FF474314FF40062FFF7A8FB402CA8BF51
:1076400040240DF107008DF80740FBF777FC63E15C
:1076500002A84FF474314FF40062FFF797FB402CFF
:10766000A8BF40240DF107008DF80740FBF773FC1D
:1076700052E102A84FF474314FF40062FFF786FB29
:10768000402CA8BF40240DF107008DF80740FBF700
:107690006FFC41E102A84FF474314FF40062FFF730
:1076A00075FB402CA8BF40240DF107008DF8074062
:1076B000FBF76BFC30E102A84FF474314FF4006229
:1076C000FFF764FB402CA8BF40240DF107008DF8A4
:1076D0000740FBF767FC1FE102A84FF474314FF439
:1076E0000062FFF753FB402CA8BF40240DF10700B8
:1076F0008DF80740FBF763FC0EE102A84FF47431EC
:107700004FF40062FFF742FB402CA8BF40240DF16C
:1077100007008DF80740FBF75FFCFDE002A84FF47F
:1077200074314FF40062FFF731FB402CA8BF4024B6
:107730000DF107008DF80740FBF75BFCECE002A8B9
:107740004FF474314FF40062FFF720FB402CA8BFC8
:1077500040240DF107008DF80740FBF757FCDBE0F4
:1077600002A84FF474314FF40062FFF70FFB402C76
:10777000A8BF40240DF107008DF80740FBF753FC2C
:10778000CAE002A84FF474314FF40062FFF7FEFA2A
:10779000402CA8BF40240DF107008DF80740FBF7EF
:1077A0004FFCB9E002A84FF474314FF40062FFF7C8
:1077B000EDFA402CA8BF40240DF107008DF80740DA
:1077C000FBF74BFCA8E002A84FF474314FF40062C1
:1077D000FFF7DCFA402CA8BF40240DF107008DF81C
:1077E0000740FBF747FC97E002A84FF474314FF4D1
:1077F0000062FFF7CBFA402CA8BF40240DF1070030
:107800008DF80740FBF743FC86E002A84FF4743183
:107810004FF40062FFF7BAFA402CA8BF40240DF1E4
:1078200007008DF80740FBF73FFC75E002A84FF416
:1078300074314FF40062FFF7A9FA402CA8BF40242E
:107840000DF107008DF80740FBF73BFC64E002A850
:107850004FF474314FF40062FFF798FA402CA8BF40
:1078600040240DF107008DF80740FBF737FC53E08B
:1078700002A84FF474314FF40062FFF787FA402CEE
:10788000A8BF40240DF107008DF80740FBF733FC3B
:1078900042E002A84FF474314FF40062FFF776FA29
:1078A000402CA8BF40240DF107008DF80740FBF7DE
:1078B0002FFC31E002A84FF474314FF40062FFF75F
:1078C00065FA402CA8BF40240DF107008DF8074051
:1078D000FBF72BFC20E002A84FF474314FF4006258
:1078E000FFF754FA402CA8BF40240DF107008DF893
:1078F0000740FBF727FC0FE002A84FF474314FF468
:107900000062FFF743FA402CA8BF40240DF10700A6
:107910008DF80740FBF723FC0DF6080D70BD70B520
:1079200005460C4616460846002109F015FD284676
:1079300021463246BDE87040FFF728BA10B50A4626
:107940004FF46C310446FFF70DFA00231846E15C52
:107950000133202B0844FAD1B0F5FF5018BF0120A5
:1079600010BDFFFF30B5154BC1B0012205461A709E
:107970004FF46C31FE226846FFF7F4F9104A2B46AB
:1079800005F1200153F8040B42F8040B8B42F9D1A6
:1079900000242B5D0DF804300134202CF9D1684609
:1079A0004FF46C31FE22FFF7BAFF28464FF46C31DA
:1079B0002246FFF7D7F941B030BD00BFA2C7FF1F75
:1079C0009090FF1F10B5044608492022FFF7CAF91E
:1079D0002378FF2B07D16378FF2B04D1A078FF38E1
:1079E00018BF012010BD012010BD00BF20B0030052
:1079F00010B5044608492022FFF7B4F92378FF2B7D
:107A000007D16378FF2B04D1A078FF3818BF01207D
:107A100010BD012010BD00BF40B0030030B5C1B0A3
:107A200005464FF46C316846FE22FFF79BF90024AF
:107A300000AB23442A5D83F840200134202CF7D189
:107A400068464FF46C31FE22FFF769FF28464FF479
:107A50006C312246FFF786F941B030BD10B50446BF
:107A600008492022FFF77EF92378FF2B07D163789E
:107A7000FF2B04D1A078FF3818BF012010BD0120D2
:107A800010BD00BF60B0030010B5084920220446B5
:107A9000FFF768F900231846E15C0133202B084406
:107AA000FAD1B0F5FF5018BF012010BD80B003001F
:107AB00037B501390446172900F23F81DFE811F09C
:107AC0001800250031003D004900550061006D009F
:107AD0007900850091009D00A900B500C100CD008E
:107AE000D900E500F100FD000901150121012D017A
:107AF0000DF10700FBF7F8F89DF807502046382DE8
:107B0000A8BF38254FF46E3112E10DF10700FBF7E5
:107B1000F6F89DF807508A49382DA8BF3825204629
:107B200006E10DF10700FBF7F5F89DF807508549D0
:107B3000382DA8BF38252046FAE00DF10700FBF7E5
:107B4000F4F89DF807508049382DA8BF3825204605
:107B5000EEE00DF10700FBF7F3F89DF807507B49C5
:107B6000382DA8BF38252046E2E00DF10700FBF7CD
:107B7000F2F89DF807507649382DA8BF38252046E1
:107B8000D6E00DF10700FBF7F1F89DF807507149B9
:107B9000382DA8BF38252046CAE00DF10700FBF7B5
:107BA000F0F89DF807506C49382DA8BF38252046BD
:107BB000BEE00DF10700FBF7EFF89DF807506749AD
:107BC000382DA8BF38252046B2E00DF10700FBF79D
:107BD000EEF89DF807506249382DA8BF3825204699
:107BE000A6E00DF10700FBF7EDF89DF807505D49A1
:107BF000382DA8BF382520469AE00DF10700FBF785
:107C0000ECF89DF807505849382DA8BF3825204674
:107C10008EE00DF10700FBF7EBF89DF80750534994
:107C2000382DA8BF3825204682E00DF10700FBF76C
:107C3000EAF89DF807504E49382DA8BF3825204650
:107C400076E00DF10700FBF7E9F89DF80750494988
:107C5000382DA8BF382520466AE00DF10700FBF754
:107C6000E8F89DF807504449382DA8BF382520462C
:107C70005EE00DF10700FBF7E7F89DF807503F497C
:107C8000382DA8BF3825204652E00DF10700FBF73C
:107C9000E6F89DF807503A49382DA8BF3825204608
:107CA00046E00DF10700FBF7E5F89DF80750354970
:107CB000382DA8BF382520463AE00DF10700FBF724
:107CC000E4F89DF807503049382DA8BF38252046E4
:107CD0002EE00DF10700FBF7E3F89DF807502B4964
:107CE000382DA8BF3825204622E00DF10700FBF70C
:107CF000E2F89DF807502649382DA8BF38252046C0
:107D000016E00DF10700FBF7E1F89DF80750214957
:107D1000382DA8BF382520460AE00DF10700FBF7F3
:107D2000E0F89DF807501C49382DA8BF382520469B
:107D30003822FFF717F8284600E0002003B030BDD6
:107D400038B8030070B80300A8B80300E0B8030017
:107D500018B9030050B9030088B90300C0B9030083
:107D6000F8B9030030BA030068BA0300A0BA0300F0
:107D7000D8BA030010BB030048BB030080BB03005C
:107D8000B8BB0300F0BB030028BC030060BC0300C9
:107D900098BC0300D0BC030008BD0300131E10B53F
:107DA00008DD38246343B3F5006F03D8BDE8104005
:107DB000FFF711B810BDFFFF37B501390446172989
:107DC00000F23F81DFE811F01800250031003D008E
:107DD0004900550061006D007900850091009D000B
:107DE000A900B500C100CD00D900E500F100FD00FB
:107DF0000901150121012D010DF10700FAF76CFEB3
:107E00009DF807502046382DA8BF38254FF4703113
:107E100012E10DF10700FAF76AFE9DF807508A4952
:107E2000382DA8BF3825204606E10DF10700FAF7E6
:107E300069FE9DF807508549382DA8BF3825204692
:107E4000FAE00DF10700FAF768FE9DF80750804947
:107E5000382DA8BF38252046EEE00DF10700FAF7CF
:107E600067FE9DF807507B49382DA8BF382520466E
:107E7000E2E00DF10700FAF766FE9DF8075076493B
:107E8000382DA8BF38252046D6E00DF10700FAF7B7
:107E900065FE9DF807507149382DA8BF382520464A
:107EA000CAE00DF10700FAF764FE9DF807506C492F
:107EB000382DA8BF38252046BEE00DF10700FAF79F
:107EC00063FE9DF807506749382DA8BF3825204626
:107ED000B2E00DF10700FAF762FE9DF80750624923
:107EE000382DA8BF38252046A6E00DF10700FAF787
:107EF00061FE9DF807505D49382DA8BF3825204602
:107F00009AE00DF10700FAF760FE9DF80750584916
:107F1000382DA8BF382520468EE00DF10700FAF76E
:107F20005FFE9DF807505349382DA8BF38252046DD
:107F300082E00DF10700FAF75EFE9DF807504E490A
:107F4000382DA8BF3825204676E00DF10700FAF756
:107F50005DFE9DF807504949382DA8BF38252046B9
:107F60006AE00DF10700FAF75CFE9DF807504449FE
:107F7000382DA8BF382520465EE00DF10700FAF73E
:107F80005BFE9DF807503F49382DA8BF3825204695
:107F900052E00DF10700FAF75AFE9DF807503A49F2
:107FA000382DA8BF3825204646E00DF10700FAF726
:107FB00059FE9DF807503549382DA8BF3825204671
:107FC0003AE00DF10700FAF758FE9DF807503049E6
:107FD000382DA8BF382520462EE00DF10700FAF70E
:107FE00057FE9DF807502B49382DA8BF382520464D
:107FF00022E00DF10700FAF756FE9DF807502649DA
:10800000382DA8BF3825204616E00DF10700FAF7F5
:1080100055FE9DF807502149382DA8BF3825204628
:108020000AE00DF10700FAF754FE9DF807501C49CD
:10803000382DA8BF382520463822FEF793FE284663
:1080400000E0002003B030BD38C0030070C0030062
:10805000A8C00300E0C0030018C1030050C1030022
:1080600088C10300C0C10300F8C1030030C203008F
:1080700068C20300A0C20300D8C2030010C30300FB
:1080800048C3030080C30300B8C30300F0C3030068
:1080900028C4030060C4030098C40300D0C40300D4
:1080A00008C50300131E10B508DD38246343B3F57B
:1080B000006F03D8BDE81040FFF761B810BD0B0694
:1080C00007D4090101F5713101F57C711022FEF729
:1080D00049BE704709B1FFF726BA704737B5013975
:1080E0000446172900F24081DFE811F0180025004E
:1080F00031003D004900550061006D0079008500A8
:1081000091009D00A900B500C100CD00D900E60096
:10811000F200FE000A01160122012E010DF10700F6
:10812000FAF7EAFE9DF807502046402DA8BF4025EB
:108130004FF4743113E10DF10700FAF7EAFE9DF8F0
:1081400007508B49402DA8BF4025204607E10DF17F
:108150000700FAF7EBFE9DF807508649402DA8BFAF
:1081600040252046FBE00DF10700FAF7ECFE9DF8F4
:1081700007508149402DA8BF40252046EFE00DF172
:108180000700FAF7EDFE9DF807507C49402DA8BF87
:1081900040252046E3E00DF10700FAF7EEFE9DF8DA
:1081A00007507749402DA8BF40252046D7E00DF164
:1081B0000700FAF7EFFE9DF807507249402DA8BF5F
:1081C00040252046CBE00DF10700FAF7F0FE9DF8C0
:1081D00007506D49402DA8BF40252046BFE00DF156
:1081E0000700FAF7F1FE9DF807506849402DA8BF37
:1081F00040252046B3E00DF10700FAF7F2FE9DF8A6
:1082000007506349402DA8BF40252046A7E00DF147
:108210000700FAF7F3FE9DF807505E49402DA8BF0E
:10822000402520469BE00DF10700FAF7F4FE9DF88B
:1082300007505949402DA8BF402520468FE00DF139
:108240000700FAF7F5FE9DF807505449402DA8BFE6
:108250004025204683E00DF10700FAF7F6FE9DF871
:1082600007504F49402DA8BF4025204677E00DF12B
:108270000700FAF7F7FE9DF807504A49402DA8BFBE
:10828000402520466BE00DF10700FAF7F8FE9DF857
:1082900007504549402DA8BF402520465FE00DF11D
:1082A0000700FAF7F9FE9DF807502046402DA8BFB9
:1082B00040254FF4753152E00DF10700FAF7F9FE51
:1082C0009DF807503949402DA8BF4025204646E07B
:1082D0000DF10700FAF7FAFE9DF807503449402DDA
:1082E000A8BF402520463AE00DF10700FAF7FBFE53
:1082F0009DF807502F49402DA8BF402520462EE06D
:108300000DF10700FAF7FCFE9DF807502A49402DB1
:10831000A8BF4025204622E00DF10700FAF7FDFE38
:108320009DF807502549402DA8BF4025204616E05E
:108330000DF10700FAF7FEFE9DF807502049402D89
:10834000A8BF402520460AE00DF10700FAF7FFFE1E
:108350009DF807501B49402DA8BF402520464022CC
:10836000FEF700FD284600E0002003B030BD00BF4E
:1083700040D0030080D00300C0D0030000D1030030
:1083800040D1030080D10300C0D1030000D203001C
:1083900040D2030080D20300C0D2030000D3030008
:1083A00040D3030080D30300C0D3030040D40300B4
:1083B00080D40300C0D4030000D5030040D50300DF
:1083C00080D50300C0D50300131E05DD9B01B3F566
:1083D000006F01D8FFF7D0B8704710B50446FFF71B
:1083E0007DFE04F1260000211A22BDE810401AF09B
:1083F00075BDF0B501389DF81460584300249C42C7
:1084000007DA0D180EB1002700E0175D2F55013473
:10841000F5E7F0BD034B1B78022B02D002480CF0AD
:10842000C2B97047B4D5FF1FB0ACFF1F07B502A893
:10843000FF2300F8023DFAF73BF99DF8060000F033
:10844000FC03802B02D100F003000FE002A8002300
:1084500000F8013DFAF705F99DF80700FF281DBF58
:1084600000F0020040F00100C0B2012003B05DF84E
:1084700004FB13B502A8012400F8014DFAF70BF92B
:108480009DF80730022B88BF8DF807409DF8070044
:1084900002B010BD802813B5044602D1FFF7E9FFF2
:1084A00021E0C82C02A84FF0000394BF002401244F
:1084B00000F8023D14B1FAF7D4F801E0FAF7DEF85B
:1084C0009DF8060000F0030044B1022808D102A87C
:1084D000FF2300F8013DFAF7EBF803E0022801D092
:1084E000032800D1002002B010BDFFFF08B5074BE4
:1084F000AA28187002D1064BF6221A7005480649C0
:10850000F9F7F5FA054B01221A7008BD26C7FF1FBF
:10851000E5ACFF1F8490FF1FB8D5FF1FA1C7FF1F49
:1085200008B508480849F9F7B1FA0748F9F742FBD6
:10853000064B1B78AA2B064B1CBF00221A70002288
:108540005A7008BD8490FF1F2CC7FF1F26C7FF1F4E
:10855000E5ACFF1FF8B5604B1C6805460E46F4B944
:10856000B44280F2AE80321B3F2A05EB040109DDE4
:108570005A4B01F1400251F8040B43F8040B9142AD
:10858000F9D102E0554817F0D1FD05275348642181
:1085900019F09AFD08B9013FF8D14034E0E7504B9B
:1085A0001B78022B05D0012C03D1BDE8F84012F056
:1085B000DBBE032C40F085804A4C2B682360AB88DF
:1085C000A380AB79A371C023E3712B46284653F8EF
:1085D000071FA1609988A1819B79A373C123E373CD
:1085E0002B4653F80E1F21619988A1829B79A375B0
:1085F000C223E3752B4653F8151FA1619988A18307
:108600009B79A377C323E3772B4653F81C1F216282
:108610009988A1849B7984F82630C42384F8273074
:108620002B4653F8231FA1629988A1859B7984F872
:108630002E30C52384F82F302B4653F82A1F216390
:108640009988A1869B7984F83630C62384F8373020
:108650002B4653F8311FA1639988A1879B7984F831
:108660003E30C72384F83F302B4653F8381F21642F
:108670009988A4F844109B7984F84630C82384F87C
:10868000473095F83F3084F848304021C92384F8BA
:108690004F300DF05BFCC04387B200210922124825
:1086A0001AF01CFC2846002140221AF017FC84F81E
:1086B00049704B233F1284F84A7084F84C30FFF71E
:1086C0002FFF0020FEF702FB284632460021BDE8BE
:1086D000F8401AF003BC00BF28C7FF1FEAACFF1F19
:1086E000B4D5FF1F35D6FF1FA3C7FF1F70B5524B70
:1086F0001B78022B86B0054601D100209AE068461F
:10870000002117221AF0EAFB19240DF1020021467C
:10871000FFF7D5FC7C23012D8DF800408DF801304A
:108720001DD10DF105000DF1020110221AF0BBFB65
:1087300052238DF8003053238DF8013041238DF8FA
:10874000023004F118038DF8033020238DF8043033
:10875000684600238DF81530FEF7C4FA17E0022DA5
:1087600009D10022684615211346FFF7F3FE1420B5
:1087700018F0B6FC0BE0032D09D10DF105002F49CF
:1087800010221AF081FB10B9183CE0B252E001341B
:10879000E4B21D2CB9D1E6B20DF102003146FFF76B
:1087A0008EFC7C23032D8DF800608DF8013009D1FB
:1087B0000DF10200214910221AF066FBB0BB183EF1
:1087C000F0B237E0012D26D10DF106000DF10201C6
:1087D00010221AF068FB45238DF80030252C4FF04D
:1087E00043038DF801308DF8023004DC30238DF81E
:1087F0000330143603E031238DF803300A3620238A
:108800008DF80530684600238DF804608DF8163029
:10881000FEF768FA0AE0022D08D100226846162108
:108820001346FFF797FE142018F05AFC01342D2C44
:10883000B1D162E706B070BDB4D5FF1F5EC7FF1FA0
:108840002DE9F04389B01B220646002101A81AF049
:1088500045FB474B1B78002B464B1A7814BF4FF053
:108860000C084FF00008092A994614BF0C27182756
:108870000124E5B205EB08010DF10600C9B2FFF7CE
:108880001EFC092CC6BFAB1D8DF804308DF80450BA
:108890007C23012E8DF8053056D199F80030092B34
:1088A00033D1012C03D13448FEF71CFA31E0072CF8
:1088B00003D13248FEF716FA13E00D2C03D13048ED
:1088C000FEF710FA15E0132C03D12E48FEF70AFA32
:1088D00019E0032C1DDD062CD8BF2D351EDD092C1B
:1088E00001DC2A3516E00C2CD8BF273516DD0F2CFD
:1088F00001DC24350EE0122CD8BF21350EDD152CFD
:10890000C8BF1B350ADC1E3504E0062CC8BF2A355B
:1089100004DC30358DF80450612302E08DF80450FA
:1089200062230DF107000DF1060110228DF80530CC
:108930001AF0B9FA20238DF8063001A800238DF82B
:108940001730FEF7CFF908E0002201A812211346E4
:10895000FFF700FE142018F0C3FB0134BC4288DD91
:10896000012E02D10848FEF7BDF909B0BDE8F08339
:10897000B4D5FF1FB78CFF1F264102002C41020017
:1089800031410200384102003F41020010B5002190
:10899000044640220A481AF0A1FA0021635C43B160
:1089A000402906D0FF2B064A08BF0023535401314B
:1089B000F4E7002202481346BDE81040FFF7CABDA5
:1089C000EAACFF1F13B50DF10700F9F723FEFEF720
:1089D000B1F99DF80730012B02D8FEF7B6F911E086
:1089E000FEF7B3F9022420460021013419F026F9DC
:1089F000432CF8D10120014619F020F90020012173
:108A000019F01CF9084B094800221A70084B012282
:108A10001A70FFF7BBFF642018F062FB054A064B93
:108A20001A6002B010BD00BFA2C7FF1F9141020033
:108A3000FDC7FF1F0400FA050CED00E00148F9F73F
:108A4000B9B800BF40ADFF1F01480249F9F71EB891
:108A50008490FF1F40ADFF1FC043C2B2542A07D805
:108A6000A2EB8200013802EB4202C0B200210AE010
:108A7000A92A0AD8553AD2B202EB4201A2EB8202ED
:108A8000013A0020C9B2D2B209E05632D2B202EBAA
:108A90004200A2EB8202511EC0B2C9B200220BF00A
:108AA000CFBD38B50A250024242019F019FA044452
:108AB000012018F015FB013DF6D10A2394FBF3F4D5
:108AC000A4F5724441F28630313C84428CBF0020D0
:108AD000012038BD08B50C480BF0EFFC0B4B1B78A0
:108AE000092B0B4B1B780CBF0B2116211BB15943D3
:108AF0000548C9B201E00448C9000BF0A6FD0248D0
:108B0000BDE808400BF0E6BC44C8FF1FB78CFF1F50
:108B1000A2D5FF1F10B5044670B9014602460BF0FE
:108B20008FFD214602461D480BF06EFD2046214672
:108B300022460BF085FD11E0552815D1184C206810
:108B40005530C0B2FFF788FF0021024613480BF0F2
:108B50005BFD20685530C0B2FFF77EFF0246012161
:108B60000E480BF051FD10E0FFF776FF00210246A2
:108B70000A480BF049FD2046FFF76EFF012102462F
:108B800006480BF041FD074B1C7004480BF0A2FC9B
:108B90000120BDE8104018F0A3BA00BF44C8FF1F71
:108BA00030C8FF1F26C7FF1F38B505460024AC425A
:108BB0000EDA084B1878FFF7ADFF642018F090FA32
:108BC0000020FFF7A7FF642018F08AFA0134EEE7CF
:108BD00038BD00BF26C7FF1FF7B58779467900214A
:108BE000402205461AF07AF90A2F34460CD15EB9B4
:108BF000E81DFAF7C0FA05F11700FAF7F6FA05F1E1
:108C00001D00FAF7FDFA62E0731E172B5FD8324B96
:108C10001B781BB10C2ED8BF06F10C040735E6B249
:108C200031462846FFF756FA2C48FFF7AFFE22469A
:108C300000212846FFF7B2F82948FFF7A7FE214692
:108C40002846FAF7F7FD2748FFF7A0FE21462846F9
:108C5000FAF77CFE2448FFF799FE224600212846B9
:108C6000FFF720FA2148FFF791FE21462846FAF740
:108C7000F9FE1F48FFF78AFE224600212846FAF730
:108C800021FC1C48FFF782FE21462846FAF78EFF9A
:108C90001948FFF77BFE21462846FBF743F81748A3
:108CA000FFF774FE002122462846FFF78DFB14488B
:108CB000FFF76CFE002301A821468DF804308DF8E3
:108CC0000530FBF72FF801A83146FAF76FFA0120BB
:108CD000FFF76AFF03B0F0BDB4D5FF1FB241020039
:108CE000CB410200E24102000B4202002642020098
:108CF000424202005D4202007942020094420200B8
:108D0000B042020010B504460A48F8F753FFFFF7D7
:108D100007FC64B908480949F8F7B8FE064808494D
:108D2000F8F7B4FE5520BDE81040FFF7F3BE054B41
:108D30001C7010BD0CC8FF1F8490FF1FB8D5FF1F0B
:108D400014D6FF1F26C7FF1F38B5574C574B227844
:108D50001D78083AD2B2012D227012D1002110469E
:108D60000A460BF06DFC0021024651480BF04CFC0A
:108D700000210A4620780BF063FC294602464C4845
:108D800014E02B2D15D85008014600220BF058FC9A
:108D90000021024646480BF037FC20784008014687
:108DA00000220BF04DFC0246414801210BF02CFC47
:108DB00049E0552D0DD80020114602460BF040FC2D
:108DC000002102463A480BF01FFC002021780246A1
:108DD000E7E7802D0ED851080A4600200BF030FC42
:108DE0000021024632480BF00FFC21784908002090
:108DF0000A46D6E7AA2D0CD8002001460BF020FC2D
:108E0000002102462A480BF0FFFB00200146227891
:108E1000C7E7D52D17D85008002102460BF010FCEB
:108E20000021024622480BF0EFFB20784008002189
:108E300002460BF005FC012102461D480BF0E4FB45
:108E40001B480BF047FB257865BB1A481A491B4C99
:108E5000F8F71CFE17481A49F8F749FEE37903F1C1
:108E60005F02D2B20E2A1DD8A12B19D10120FFF723
:108E700049FF5022134829461AF030F8124AE5718A
:108E80001278A2710223114A6370A3700323E37066
:108E90002371637113700E4B25721D705D7038BDA8
:108EA000013BE37138BD00BF58C8FF1F26C7FF1F35
:108EB00044C8FF1F8490FF1F14D6FF1FAE8CFF1FF6
:108EC000B8D5FF1F35D6FF1FAD8CFF1FAC8CFF1F21
:108ED000E5ACFF1F10B5324B3248002421464FF459
:108EE00000721C6019F0FAFF214620222E4819F06A
:108EF000F5FF214641F6B9122C4819F0EFFF2C4B33
:108F0000214618684FF4546219F0E8FF21465022B8
:108F1000284819F0E3FF05222748214619F0DEFF13
:108F2000264B2748DA79C471BF2A12D902225A7017
:108F30009A700322DA7023495A71234A0978127809
:108F400019719A71214609221C70DC711C7219F08A
:108F5000C5FF1E4A1E4C002313601E4A2370136077
:108F60001D4A13701D4A13701D4A13701D4A137059
:108F70001D4A13701D4A13701D4A13701D4A137049
:108F80001D4A1370FBF79CF81C4B1B780BB9237818
:108F900023B10120BDE81040FFF7B4BE10BD00BFF3
:108FA0009CC7FF1FEC92FF1FAC92FF1F6CADFF1F11
:108FB000A88CFF1F35D6FF1FE5ACFF1FAE8CFF1F2F
:108FC000A3C7FF1FAC8CFF1FAD8CFF1F04C8FF1F82
:108FD00050C7FF1F68ADFF1FAED5FF1F0CD6FF1F88
:108FE0000DD6FF1F0ED6FF1F00C8FF1FFCC7FF1FB7
:108FF00051C7FF1F60C8FF1F25C7FF1FA1C7FF1F65
:1090000010B5094A1378232B144601D0F62B04D14E
:10901000FFF714FDF723237004E0044B1B780BB912
:10902000FFF758FF002010BD25C7FF1FAFD5FF1F5A
:109030002DE9F0470E46A4B082463A493A483B4FE4
:1090400091469846F8F722FD37483949F8F71EFD52
:10905000384B87F800A001251D70374B7E70002427
:109060001C70364B1C70364C2570FFF7E7FC304601
:10907000FFF710FA334B0228187004D10423237031
:10908000314B1D7046E0012801D1032341E008A8BF
:10909000F8F70AFC424608A84946F8F72FFC08A84A
:1090A0006946F8F74CFC294B294E1B789DF80000C7
:1090B000284D9DF80F10284C9DF81F20092B16D124
:1090C0000323B0FBF3F707EB4707C01B31303070C9
:1090D000B1FBF3F0B2FBF3F300EB400003EB43030F
:1090E000091AD21A313131322970227012E0062366
:1090F000B0FBF3F703FB170031303070B1FBF3F036
:1091000003FB101131312970B2FBF3F103FB112382
:109110003133237068460021202219F0DFFE24B08D
:10912000BDE8F0872CC7FF1F8490FF1FE5ACFF1F31
:109130000CC8FF1FA1C7FF1F00C8FF1FFCC7FF1FF0
:1091400050C7FF1F51C7FF1F60C8FF1FB78CFF1F0D
:109150000CD6FF1F0DD6FF1F0ED6FF1F262018F0BE
:10916000BFBEFFFF2DE9F04F85B0FFF7F7FF04A961
:10917000022241F80C0D01235448554C554E564FD0
:10918000564D09F081FE564B187818F0A9FE04A937
:109190000222134641F8080D4C4809F075FE514B68
:1091A000187818F07FF8504A504B12781860092A46
:1091B0009A4605D1207818F075F83060387804E0C8
:1091C000387818F06FF83060207818F06BF8326853
:1091D000DAF80030286003241344B3FBF4F202EB06
:1091E0004202981A029B424FDFF82CB1DFF82C8123
:1091F000DFF82C91B3FBF4F202EB42029B1A184405
:1092000017F06EFF3B6801333B603A4B187818F05B
:1092100049F8394BCBF80000187818F043F8374B71
:10922000C8F80000187818F03DF8354BC9F8000070
:10923000187818F055FE04A9022241F8040D1346CF
:10924000224809F021FE039BD9F80020DBF800003A
:109250002C491A442B681A44D8F800301A44029B4F
:109260001344326803441344DAF8002017481344C7
:109270000B602246042309F007FE144809F0E2FDC2
:109280002A68D9F800301344D8F800201344B3FBFF
:10929000F4F202EB4202981A039BB3FBF4F404EBE2
:1092A00044041C1B204417F01BFF174A13680133AA
:1092B00013603A689A4205D0144B00221A70144B7E
:1092C000144A1A6005B0BDE8F08F00BF88D6FF1FB2
:1092D000ADD5FF1F30D6FF1F2DD6FF1FB0C7FF1F14
:1092E000A1D5FF1F2CD6FF1FB78CFF1FF4C7FF1F90
:1092F0008890FF1FFEC7FF1F34D6FF1F85D6FF1FB4
:10930000E4ACFF1F5CC8FF1F8C90FF1FFDC7FF1F51
:109310000CED00E00400FA0534ADFF1FACC7FF1FE1
:10932000B4C7FF1F2DE9F04F85B00446FFF71AFFC1
:10933000704B1B78092B25D06F4B18686F4B1B683F
:1093400018446F4B1B68184419F040F86D4B0546E4
:1093500018686D4B1B6818446C4B1B68184419F057
:1093600035F80146284619F03DF96949054619F0D6
:1093700041FA08B90120B9E02846664919F01CFAFB
:109380000028F7D0C72C40F2B080C82C5B4B624A53
:1093900015D1196811605C4908686049086059492D
:1093A00008685F490860544908685E490860544984
:1093B00008685D490860554908685C490860166896
:1093C000D3F800A006EB56035345D3D353484E4B76
:1093D0000568D3F8009005EB55034B45CAD3494BBC
:1093E0004F491B6802930868029A00EB50039342AE
:1093F000C0D34C4B1968404B1B680193019A01EB99
:1094000051039342B6D3484B1A683D4BD3F80080C2
:1094100002EB52034345ADD3444FDFF8F0C03B6845
:10942000DCF800C003EB530BE345A3D3B2443A4E40
:109430004FEA5A0AC6F800A04D44384E6D08356010
:10944000029D374E28444008306063440198354DF2
:10945000354E5B08014442443B6040F22B134908FF
:1094600052089C42296032603FD1314B214C1B682D
:1094700003F00F03052B36D0FFF713FBA8B9FFF756
:1094800010FB10B12B4B2C4A1A60FFF70AFB10B1EE
:10949000284B294A1A60FFF704FB10B1254B264AD6
:1094A0001A60FFF7FEFAF0B11AE02378092B02D117
:1094B000204B214A1A60FFF7F4FA10B91D4B1E4ADF
:1094C0001A60FFF7EEFA10B91A4B1B4A1A60FFF741
:1094D000E8FA10B9174B184A1A60FFF7E2FA10B908
:1094E000144B154A1A6009232370002005B0BDE80B
:1094F000F08F00BFB78CFF1FACC7FF1FF4C7FF1F63
:10950000B0C7FF1F34ADFF1F30D6FF1FB4C7FF1F0A
:109510009A99193FCDCCCC3FA4D5FF1FF8C7FF1FA8
:10952000E4C7FF1F08C8FF1FE0C7FF1FA8D5FF1F24
:10953000248004400CED00E00400FA0538B5002456
:10954000E5B22846FFF788FA002102460C480BF0E6
:109550005BF82846FFF780FA0121024608480BF025
:1095600053F807480AF0B6FF2046FFF7DBFE002855
:1095700018BF14240134A4B2B4F5967FE0D338BDEB
:1095800044C8FF1F2DE9F041FFF7ECFD9B4803782D
:109590000BB90C2303709A4F9A4C39789A4D0929CC
:1095A00062D09A4B1A689A4B1E681423B2FBF3FCE4
:1095B0009444B44546D2DFF864C2DCF800C0BCFB7A
:1095C000F3F8C444DFF85882D8F80080C44539D293
:1095D000DFF854C2DCF800C0BCFBF3F8C444DFF889
:1095E0004C82D8F80080C4452CD2DFF84CC2DCF89D
:1095F00000C0BCFBF3F8C444DFF84082D8F8008018
:10960000C4451FD2DFF838C2DCF800C0BCFBF3F859
:10961000C444DFF83082D8F80080C44512D2DFF8A5
:1096200028C2DCF800C0BCFBF3F39C44794B1B68F8
:109630009C4507D2002626602E60FFF77FFF30464C
:10964000BDE8F081322390F800C0B2FBF3F30CFBCD
:109650000322964208D9704A002313602B602368C6
:1096600001332360352262E06C4B027818683223A4
:10967000B0FBF3F602FB0600694E36688642664E82
:1096800022D9002030602668286001362660654EA9
:109690000929336040F08D8063490968B1FBF3F319
:1096A00002FB0312614B1B689342614B04D9614A70
:1096B00011680131116005E01A680132022A1A604E
:1096C00077DD5C4B186074E057480068B0FBF3FC32
:1096D00002FB0C00DFF854C1DCF800C0844513D94C
:1096E0002268013222604F4A002331200929336069
:1096F0002B6010605DD14E490A680132022A0A606F
:1097000057DD4C4A136054E0092937D04A490968AB
:10971000B1FBF3F002FB001148480068884209D908
:10972000002333602B6023680133236033223D4BD9
:109730001A603EE042490968B1FBF3F002FB0011F8
:1097400040480068884207D9002333602B602368B3
:10975000013323603422EAE73B490968B1FBF3F3A4
:1097600002FB03122B4B1B68934207D90023336083
:109770002B602368013323603622D8E7D4F80080B9
:10978000404618F027FE4FF07C5119F033F808B12D
:10979000C5F800803368013333602C4B187830B142
:1097A0002B4B1B782BB92B4B1B6813B15520FFF7A4
:1097B000B1F9284B1B6833B9174B1B68022B02DD2C
:1097C0005520FFF7A7F92868002814DD124B1B6805
:1097D000022B10DD3B78174A092B04D1136813B113
:1097E000104B3321196000231360114A236013606A
:1097F0002B60BDE8F0810020BDE8F081FFC7FF1FAE
:10980000B78CFF1F3CADFF1F40C8FF1FA4D5FF1F33
:10981000F4C7FF1FB4C7FF1F64ADFF1FF8C7FF1FCA
:1098200030D6FF1F30ADFF1FE4C7FF1F34ADFF1F51
:1098300038ADFF1FB0D5FF1F08C8FF1FACC7FF1F03
:10984000E0C7FF1FB0C7FF1FA8D5FF1FFDC7FF1F41
:10985000A1C7FF1F28D6FF1F70B506460D46094C4D
:109860000948216809F062FA10B9FFF77BFCF6E7B6
:10987000054831462A4609F089FA20232360012051
:1098800070BD00BFA08CFF1F88D6FF1F10B5072139
:109890000446FFF7E1FF0023E15C0622B1FBF2F092
:1098A00002FB10123132E2540133072BF4D10023B2
:1098B000E37110BD10B51B210446FFF7CDFF002357
:1098C000E25C2421B2FBF1F001FB1022D2B202F1E2
:1098D0006101C9B27A298ABF1632E154E2540133D8
:1098E0001B2BEDD10023E37610BDFFFF30B5E7B0B1
:1098F00004460AA8F7F7D8FF02A8F8F7A8FF0AA8B5
:1099000002A92022F7F7FAFF0AA827491022F7F741
:10991000F5FF0AA821462022F7F7F0FF0AA82349FD
:109920002022F7F7EBFF0AA826A9F8F708F8204647
:109930002021FEF747F818B91D482021FFF78CFFBA
:109940001B4B224603F1200153F8040B42F8040B91
:109950008B42F9D1174B1B78022B07D001230093C0
:109960002046114926AA2023FCF78EFE26A84FF494
:109970006C31FE22FDF7F6F9002526AB2B44625D23
:1099800083F880200135202DF7D126A84FF46C31C3
:10999000FE22FDF7C4FF20464FF46C312A46FDF746
:1099A000E1F967B030BD00BF6090FF1F9090FF1FCE
:1099B0001091FF1FB4D5FF1F10B5402104460CF0D5
:1099C000C5FA94F84120C3B29A4207D194F84230C4
:1099D000C0F307201B1A5842584110BD002010BD8B
:1099E00030B5044D2D78022D03D0BDE83040FCF792
:1099F0004DBD30BDB4D5FF1F2DE9F041457990F83C
:109A000006808EB0044603460026D9791A7A0A44A5
:109A1000597A0A44997ACA4204D00136362E03F1A3
:109A20000103F2D12378A34FBA2B06D10C2D04DD0C
:109A30000DF10F00F8F763FE02E03B788DF80F3070
:109A40003B782BB10C2D03DC2278BA2A18BF0C35D9
:109A500008F1FF321E2A00F2B683DFE812F01F0081
:109A60009800AC00C700D400F7001E014B0168014C
:109A7000FC01900298028F03A10325003B005500D2
:109A800062007D00CB02E302F60244035103780337
:109A90002C0338036303910107031603E01DE9B2A9
:109AA000FEF718FB844812E09DF80F30022B04F1FA
:109AB000070706D000963846E9B20F227F4BFFF722
:109AC0008FFF384631462A46FEF768F97C48FEF794
:109AD0005DFF72E3E3792F2B84BF303BE3712946AE
:109AE0000DF10E00F9F75EFEE2799DF80E3020468A
:109AF00002F0030223F00303134300F8073F294653
:109B0000F9F798FE6F48E2E7E379302B88BF303BE6
:109B100004F1070088BFE3712946F9F717FF6A4887
:109B2000D5E7E3792F2B84BF303BE37129460DF154
:109B30000E00F9F737FEE3799DF80E209B002046D2
:109B400022F0040203F00403134300F8073F294600
:109B5000F9F770FE5D48BAE7E3792F2B84BF303BFD
:109B6000E37129460DF10E00F9F71CFEE3799DF82B
:109B70000E20DB00204622F0080203F00803134306
:109B800000F8073F2946F9F755FE51489FE79DF831
:109B90000F30022B04F1070706D000963846E9B2D1
:109BA0000222464BFFF71CFF384631462A46FEF795
:109BB00079FA48488BE7E3792F2B84BF303BE37178
:109BC00029460DF10E00F9F7EDFDE3799DF80E2021
:109BD0001B01204622F0300203F03003134300F84B
:109BE000073F2946F9F726FE3B4870E7E379302B1B
:109BF00088BF303B04F1070088BFE3712946F9F7BD
:109C000031FF364863E79DF80F30022B17D0344BF5
:109C10001F78012F0CD10DF10E002946FAF722F81A
:109C20009DF80E3023B12F48FEF7B0FE3846C8E24B
:109C30000096E01DE9B20522204BFFF7D1FEE01DA2
:109C400031462A46F9F73EFC274840E7E3792F2BB7
:109C500084BF303BE3710DF10E002946F9F7A2FDF8
:109C6000E379022B01D1402306E0012B01D18023AF
:109C700002E0032B01D1C023E371E2799DF80E309D
:109C8000204622F03F0203F03F03134300F8073F52
:109C90002946F9F7CFFD154819E7E379302B88BF3E
:109CA000303B04F1070088BFE3712946F9F77EFFD6
:109CB0000F480CE7B4D5FF1FCB4202001091FF1FE5
:109CC000E2420200F74202002B430200434302003B
:109CD00079430200AA430200C4430200F943020090
:109CE000E8C7FF1F114402004D4402006744020010
:109CF0008C440200AE4B1B78012B12D1AD4E29468D
:109D00003068F9F781FA00218DF80E0040223068A2
:109D100019F0E4F89DF80E301BB1A748FEF736FEA7
:109D20004EE2E01D2946F9F7FDFFA448CFE6A04B1F
:109D30001B78012B0FD19F4F29463868F9F764FA39
:109D400000218DF80E004022386819F0C7F89DF800
:109D50000E30002BE1D1E71D3846E9B2984B009652
:109D60000922FFF73DFE384631462A46FEF72CFB16
:109D70000EA8672300F82A3D2946F9F7D3FF68E0CB
:109D80008B4B1B78012B0FD18A4E29463068F9F78F
:109D90003BFA00218DF80E004022306819F09EF841
:109DA0009DF80E30002BB8D129460DF10E00F9F7C1
:109DB00059FFE61D152300931D22814B3046E9B261
:109DC000FFF70EFE04AA334604F1170E1746186873
:109DD0005968164603C6083373453246F7D11868EA
:109DE00030601B79337120462946FEF777F93A46F1
:109DF00004F12B0308AF164603CEBE42186059602B
:109E0000324603F10803F6D13068186032791A71CE
:109E10009DF80E30322B01D0592B08D132230DF191
:109E20000E0029468DF80E30F9F77CFF0CE0482330
:109E30000DF10E0029468DF80E30F9F773FF20461C
:109E400000212B2219F04AF8204600212A46FEF76D
:109E5000BBFA5C483BE69DF80F30022B00F0AD8169
:109E6000A5B9E61D1C2329460A2200933046544B0F
:109E7000FFF7B6FD3046F9F7C3F904F10D00F9F725
:109E8000B4F904F11300F9F776F96FE06B1E172BA4
:109E90006CD8474B1E78012E13D1464F294638689F
:109EA000F9F7B2F900218DF80E004022386819F058
:109EB00015F89DF80E3023B13F48FEF767FD304698
:109EC0007FE129460DF10E00F9F7CCFEE61D2623B1
:109ED00000930A223A4B3046E9B2FFF781FD04AA0B
:109EE000334604F1270E174618685968164603C60C
:109EF000083373453246F7D1186830609B88B380C9
:109F000020462946FEF7EAF83A4623460CAF1646A5
:109F100003CEBE4218605960324603F10803F6D101
:109F200030681860B2889A809DF80E30322B01D0CC
:109F3000482B08D132230DF10E0029468DF80E3042
:109F4000F9F7F0FE0DE059230DF10E0029468DF8CA
:109F50000E30F9F7E7FE04F12B000021152218F06E
:109F6000BDFF204600212A46FEF72EFA0EA8002348
:109F700020F8283DE9B2F9F719F91348A7E5E01DE3
:109F8000F8F743FB114BE2791A7011489FE5E2792B
:109F9000022A25D10F4A127822B90F4A12680AB153
:109FA000022B1DD1E01DF8F73DFB0C488FE500BFEB
:109FB000E8C7FF1FB88CFF1FA4440200E54402005D
:109FC0001091FF1FFF44020018450200BC8CFF1FC8
:109FD0004C450200AFD5FF1F28D6FF1F6A4502007F
:109FE0007A4B1B6823B9E01DF8F71CFB78486EE537
:109FF00078486CE5E379012B0AD1774B1B7813B9CC
:10A00000724B1B6823B9E01DF8F726FB73485EE529
:10A010006E4B1B6823B9E01DF8F71EFB704856E530
:10A02000704854E56C4B1B7813B9684B1B6893B9A7
:10A03000E379022B01D96C4849E501D16B4846E52B
:10A04000E01DF8F716FB6A4841E5634B1B7823B91E
:10A050005E4B1B680BB1674839E5E379022BEAD800
:10A06000ECD0E01DF8F712FB634830E55A4B1B7843
:10A070001BB9564B1B68002BEDD1E379022BDAD8C4
:10A08000E01DF8F710FB5D4821E5534B1B781BB929
:10A090004E4B1B68002BDED1E37913F0FC0F01D08F
:10A0A000574814E50EA863F07F0300F8283DF8F741
:10A0B00007FB54480BE5484B1B781BB9434B1B6807
:10A0C000002BC8D1E01DF8F708FB4F48FFE4424BD6
:10A0D0001B781BB93D4B1B68002BBCD1E01DF8F76A
:10A0E00009FB4A48F3E49DF80F30022B6BD0374B45
:10A0F0001B681BB9E01DF8F70AFB5EE04448E6E484
:10A10000E01DF8F76BFBE379424A4348137003EB19
:10A11000830103EB4103590001F0FE010AF095FAB7
:10A120003E48D4E42C4B1B781BB9284B1B68002BF2
:10A1300091D1E379023B622B07D8E01DF8F75BFB76
:10A14000374BE2791A703748C1E43748BFE404A8B6
:10A15000F8F756FB3978E3799DF8102021B102F029
:10A160000F0202EB031302E022F00F02134404A8D3
:10A170008DF81030F8F74CFB2C48A8E4E3790A2B53
:10A180000CD82046C3F10B0300F8073F2946F8F727
:10A19000E6FA237A13B9264BE2791A70254896E439
:10A1A0002046254B10F8072F1A70F8F70AFB16F017
:10A1B000FBFF2248FEF7EAFB05E02378BA2B02D02A
:10A1C0000120FEF7F1FC0EB0BDE8F08128D6FF1F9C
:10A1D00092450200C0450200AFD5FF1FE3450200D3
:10A1E0000E46020048460200714602008F460200F9
:10A1F000B1460200DD460200F64602002147020099
:10A20000514702006F47020090470200B547020025
:10A21000D4470200A2D5FF1F44C8FF1F094802000F
:10A22000FFC7FF1F294802004C4802007048020087
:10A23000A48CFF1F8D480200DAFFFF1FA848020010
:10A240002DE9F041404B1B78022BADF6080D04467A
:10A250000E46174674D04179A1F165021F2A09D82C
:10A2600001F0FB02802A07D1384A127822B9384A15
:10A2700012680AB137484DE0A01DF9F72BFE237A8A
:10A28000E5791D44637A1D44A37A1D44E37A1D4495
:10A29000237B1D44637B1D44A37B1D44B5F5FF6FE9
:10A2A00013D020236179A2790093E01D2A4BFFF798
:10A2B00097FB02A84FF478314FF40062FCF752FD8F
:10A2C00060796538400100230CE094F8068008F0BE
:10A2D0000F082046A8F10508FAF70CFDB8F1010FA8
:10A2E000DFD82DE0E218D17902AA0244D15401331B
:10A2F000202BF7D100214FF4783007F02DF802A879
:10A300004FF478314FF40062FCF740FD6379832B02
:10A3100003D11248FEF73AFB12E055B10C4B1B6813
:10A320003BB137B90E48FEF731FB2378BA2B04D185
:10A3300006E02EB10B48FEF729FB0220FEF734FCA5
:10A340000DF6080DBDE8F081B4D5FF1FAFD5FF1F96
:10A3500028D6FF1FC94802001091FF1FE0480200E5
:10A36000034902001C490200F0B57E4B1B78022B0A
:10A37000ADF60C0D044600F0F280D1B102A84FF406
:10A380007A314FF40062FCF7EDFC01236079009311
:10A3900002A922464FF40073FEF72BF802A84FF4EF
:10A3A0007A314FF40062FCF7F1FC6F48FEF7EEFAE9
:10A3B000D2E04379013B032B01D96C4874E08379E7
:10A3C00003F00F03012B13D10378BA2B6FD0684E23
:10A3D0003568722D6BDC6748C5F180022844E11DA9
:10A3E000392AA8BF3922393515F0A0FE35605EE064
:10A3F000022B13D10378BA2B5BD05D4E3568E42D68
:10A4000057DC5C48C5F580722844E11D392AA8BF95
:10A410003922393515F08AFE35604AE0032B14D114
:10A420000378BA2B48D0524E3568B5F5AB7F43DC84
:10A430005048C5F5C0722844E11D392AA8BF392209
:10A44000393515F073FE356036E0042B14D10378EE
:10A45000BA2B34D0464E3568B5F5E47F2FDC45483D
:10A46000C5F500722844E11D392AA8BF39223935C3
:10A4700015F05CFE356022E0072B14D10378BA2B6F
:10A4800020D03B4B1D689F2D1E461BDC3948C5F173
:10A49000A0022844E11D392AA8BF3922393515F018
:10A4A00045FE35600EE03448FEF770FA57E080252F
:10A4B00009E04FF4807506E04FF4C07503E04FF4F7
:10A4C000007500E0A0252A4A1368AB42174623789E
:10A4D00002DABA2B43D101E0BA2B04D12548E11DA1
:10A4E0002A4615F023FE234E6179A01DF9F784FD5D
:10A4F0000021C5F50072701918F0F0FC1F4B61794E
:10A50000A27900953046FFF76BFA02A84FF47A3132
:10A510004FF40062FCF726FC60790138400200230A
:10A5200002AA0244F15CD1540133B3F5007FF7D1A4
:10A5300000214FF47A3006F00FFF02A84FF47A3171
:10A540004FF40062FCF722FC00230D483B60FEF74D
:10A550001DFA2378BA2B02D00220FEF725FB0DF658
:10A560000C0DF0BDB4D5FF1F374902005A49020057
:10A570009CC7FF1FEC92FF1F714902001091FF1F43
:10A580008849020073B5264E264D044602A80023D2
:10A590008DF8063000F8013D336801333360F8F779
:10A5A0001FF82B680DF1060001332B60F8F74CF80B
:10A5B00033689DF8062001333360A379802B01D9DD
:10A5C00032B90FE072B19DF807106279914209D15A
:10A5D000154A126832B11548FEF7D8F92B680133D5
:10A5E0002B601AE02A6801322A60114A1278022A86
:10A5F00013D0802B04D9803BA371601DF7F7F8FFBF
:10A600006379013B032B20464FF0000102D8FFF78E
:10A61000ABFE02E00A46FFF713FE02B070BD00BFBA
:10A620008C90FF1F8890FF1F28D6FF1FA1490200B2
:10A63000B4D5FF1FF0B5037823F007030370C37F81
:10A6400003F03F03044643F04003CBB00022C3773E
:10A6500021462D4807F0D6FB0DF10700F8F74FF81B
:10A660009DF80730012B21460CBF284A264A02A834
:10A6700007F0C8FB02A8FFF739F9234B224603F184
:10A68000200153F8040B42F8040B8B42F9D10AA8BD
:10A690004FF46C31FE22FCF765FB00260AAB334415
:10A6A000A25D83F820200136202EF7D10AA84FF4AE
:10A6B0006C31FE22FDF733F9154B1F68DFB9154DDC
:10A6C000EF232B71842331466B71E81D6123AB713D
:10A6D000FFF7C2F82846FFF755FF80233146E81DF3
:10A6E0006B71FFF7B9F82846FFF74CFF284639464B
:10A6F000402218F0F3FB20464FF46C312022FCF787
:10A7000031FB4BB0F0BD00BFB090FF1FD090FF1FDA
:10A7100028D6FF1F58C7FF1FF0B5037823F00703A3
:10A720000370C37F03F03F0343F040030446CBB004
:10A73000C37721460022354807F064FB0DF107007E
:10A74000F7F7DDFF9DF80730022B15D0304B1B6863
:10A7500033B901230DF107008DF80730F7F7D7FF64
:10A7600020212C48FDF72EF902A82146294A07F09E
:10A7700049FB02A8FFF7BAF8244B224603F1200157
:10A7800053F8040B42F8040B8B42F9D10AA84FF49A
:10A790006C31FE22FCF7E6FA00260AAB3344A25DD8
:10A7A00083F860200136202EF7D10AA84FF46C31CF
:10A7B000FE22FDF7B4F89DF80730022B1ED0144B93
:10A7C0001F68DFB9144DEF232B71842331466B7161
:10A7D000E81D6123AB71FFF73FF82846FFF7D2FE73
:10A7E00080233146E81D6B71FFF736F82846FFF7E6
:10A7F000C9FE28463946402218F070FB20464FF427
:10A800006C312022FCF7AEFA4BB0F0BDD090FF1FA8
:10A8100028D6FF1FB090FF1F58C7FF1F30B5ADB03F
:10A82000044600216846402218F058FB874B00255B
:10A830001D7016F0B9FC54BB8548FCF753FA8548E7
:10A84000FCF750FA8448FCF74DFA8448FCF74AFAC2
:10A85000834817F0BBFC834B1B78092B0BD0824835
:10A86000FCF740FA8148FCF73DFA8148FCF73AFAD8
:10A870008048FCF737FA8048FCF734FA7F48FCF749
:10A8800031FA7F4B0A221A60FEF7D8F8DCE0012C7F
:10A890000CD17B4B7B481D60FCF724FA7A48FCF70F
:10A8A00021FA2846214600F003FBCDE0022C38D1E6
:10A8B0007648734DFCF716FA032368462B60FEF7C3
:10A8C000E5FF2146684600F0F3FA654817F07EFC84
:10A8D0006F48FCF707FA6846FCF704FA614B1B78EF
:10A8E000092B0ED0092368462B60FEF7CFFF684680
:10A8F000214600F0D9F96748FCF7F4F96846FCF7FF
:10A90000F1F9062368462B60FEF7C0FF6846022176
:10A9100000F0DAF86048FCF7E5F96846FCF7E2F980
:10A920004FE0052C0FD15D48FCF7DCF94948FCF7F6
:10A93000D9F95B48FCF7D6F94848FCF7D3F9484801
:10A9400017F044FC3DE0062C02D100F0C1FB38E0DA
:10A95000032C36D12846FCF7B9F9524B6C4603F16B
:10A96000400518685968224603C20833AB421446B2
:10A97000F7D19DF806302F2B06D9414B03210DF15D
:10A980000600196000F094FA364B1B78092B0BD0A7
:10A990009DF816302F2B07D9394B09220DF11600DF
:10A9A00003211A6000F080F99DF826302F2B4BD937
:10A9B000334B06220DF1260003211A6000F084F8C3
:10A9C00042E083238DF8053010A8A1238DF80630CE
:10A9D000F6F76AFF062C2ED03348FCF783F90DF109
:10A9E0000700FEF767FF0DF10700FCF77BF91C4835
:10A9F00017F0ECFB1B2210A80DF10701F6F77EFF04
:10AA000010A80DF10701F6F79AFF6846FFF7BAFDA7
:10AA1000144B1B78092B02D02448FCF763F9244817
:10AA2000FCF760F92348FCF75DF92348FCF75AF975
:10AA30002248FCF757F9053C012C02D80120F7F712
:10AA40000BFE1F4B1F4A1A602DB030BDDAFFFF1FEF
:10AA5000C5490200EC4902002C4A02006B4A020080
:10AA6000ACFFFF1FB78CFF1F8A4A0200C34A0200D7
:10AA7000064B0200484B0200984B0200E04B0200DC
:10AA8000B8C7FF1F044C02003C4C02005A4C0200A5
:10AA9000A84C0200BD4C0200E14C0200044D020033
:10AAA0002F4D020058C7FF1F714D0200944D020048
:10AAB000EE4D0200404E0200944E0200AC4E0200E9
:10AAC0000CED00E00400FA0570B56B4D2B68043BFB
:10AAD000022B84BF00232B602B68A4B006460C46D3
:10AAE000062B00F2C780DFE803F004C5C5C50F469A
:10AAF00054006248F7F7A6F80423012C2B6001D11B
:10AB00005F483DE05F4841E005235C482B6018F05A
:10AB100054FC073803281AD85B4814B9FDF736FFF0
:10AB200001E0FCF7DFF80025544E304618F045FCF4
:10AB3000854204D8554BAA5DEA540135F4E7304606
:10AB40005249F7F770F83046F7F77CF80BE05048B9
:10AB500014B9FDF71BFF01E0FCF7C4F84748F7F70D
:10AB600071F800232B60012C40F0848000202146E6
:10AB7000FFF7AAFF7EE0062301292B6005D1454897
:10AB8000FCF7B0F8FDF75AFF74E04348FDF7FEFE0E
:10AB900070E0002339482B6018F00FFC07380328B9
:10ABA00002D9A31E012B51D83448F7F74FF820B92A
:10ABB000022C04D0032C44D10CE0022C08D12F4BE2
:10ABC00030681860B188B2799A71998000250DE0DB
:10ABD000032CFBD1294D33461036186859682A4694
:10ABE00003C20833B3421546F7D1EFE7234E304690
:10ABF00018F0E3FB854204D8AB5D0DF80530013554
:10AC0000F4E708A8F6F750FE304618F0D6FB694680
:10AC1000024608A8F6F772FE202208A81F49F6F798
:10AC20006DFE08A86946F6F78AFE6846FCF7F6FE50
:10AC3000012C1B4807D1FCF755F80720FFF7EEFD64
:10AC40000FE0ACB91748FDF7A1FE0AE01048002C50
:10AC5000F9D0FCF747F8012C03D100200121FFF7C0
:10AC600033FF0648F6F7EEFF0320FDF79DFF01E0F6
:10AC70000C48EEE724B070BDB8C7FF1FBCC7FF1F6C
:10AC8000D54E0200124F0200414F0200EAC7FF1FDB
:10AC9000564F02007D4F0200AF4F02009090FF1F01
:10ACA000DE4F0200F34F020070B5754D2B68062B86
:10ACB000DCBF00232B602B68AEB006460C46092B88
:10ACC00000F2DB80DFE813F00A00D900D900D900D8
:10ACD000D900D900D90015004C005A006948F6F790
:10ACE000B1FF0723012C2B6001D167483DE0674885
:10ACF00041E0082363482B6018F05FFB0738032806
:10AD00001AD8634814B9FDF741FE01E0FBF7EAFFEA
:10AD100000255C4E304618F050FB854204D85D4B50
:10AD2000AA5DEA540135F4E730465A49F6F77BFF4D
:10AD30003046F6F787FF0BE0574814B9FDF726FEBB
:10AD400001E0FBF7CFFF4F48F6F77CFF00232B60B5
:10AD5000012C40F0928000202146FFF7A5FF8CE0F7
:10AD6000092301292B6005D14C48FBF7BBFFFDF7F8
:10AD700065FE82E04A48FDF709FE7EE00023414877
:10AD80002B6018F01AFB0738032802D9A31E012BE9
:10AD900007D83C48F6F75AFF90B9A31E012B68D894
:10ADA0000EE03D481CB9FDF7F1FD4DE03D48FBF7D5
:10ADB00099FF012C48D100200121FFF775FF43E0E6
:10ADC0000DF10700F7F79BFC9DF80730022B06D02A
:10ADD0000AA82021FEF740FD0AA8F7F740FD12A8B7
:10ADE000F6F762FD022C36D1264B30681860B18828
:10ADF000B2799A719980234818F0DFFA2149024606
:10AE000012A8F6F77BFD28482021FCF797FD30B902
:10AE100025482021FEF720FD2348FCF7A3FD202232
:10AE200012A82149F6F76AFD12A802A9F6F787FDD4
:10AE300002A8FFF771FC012C1C48B4D1FBF752FFAC
:10AE400000202146FFF740FE0E48F6F7FBFE0320E8
:10AE5000FDF7AAFE11E0032CCDD10A4D3346103682
:10AE6000186859682A4603C20833B3421546F7D119
:10AE7000C1E7002C9AD10B4895E72EB070BD00BFFA
:10AE8000B8C7FF1FBCC7FF1F0A500200485002008E
:10AE9000414F0200D4C7FF1F564F02007D4F0200F2
:10AEA000AF4F0200F34F02009090FF1FDE4F0200F1
:10AEB00070B5784D2B68032BC4BF00232B602B6823
:10AEC000ACB006460C46032B00F2E280DFE803F04C
:10AED000020D44527048F6F7B5FE01239C422B60E8
:10AEE00001D16E483DE06E4841E002236A482B6084
:10AEF00018F063FA073803281AD86A4814B9FDF71E
:10AF000045FD01E0FBF7EEFE0025634E304618F0EC
:10AF100054FA854204D8644BAA5DEA540135F4E73B
:10AF200030466149F6F77FFE3046F6F78BFE0BE0C0
:10AF30005E4814B9FDF72AFD01E0FBF7D3FE564841
:10AF4000F6F780FE00232B60012C40F0A18000204A
:10AF50002146FFF7ADFF9BE0032301292B6005D1BC
:10AF60005348FBF7BFFEFDF769FD91E05148FDF73F
:10AF70000DFD8DE0002348482B6018F01EFA0738BD
:10AF8000032802D9A31E012B07D84348F6F75EFE1B
:10AF900090B9A31E012B77D80EE044481CB9FDF7E9
:10AFA000F5FC52E04448FBF79DFE012C4DD10020FA
:10AFB0000121FFF77DFF48E0202108A8FEF74CFCA7
:10AFC00008A8F7F74CFC10A8F6F76EFC022C4AD143
:10AFD0003A4B314A1B78092B3ED1394B154603F1C8
:10AFE0001006186859682A4603C20833B34215464A
:10AFF000F7D1294818F0E1F92749024610A8F6F7D9
:10B000007DFC304B1B6833B92F482021FEF724FC10
:10B010002D48FCF7A7FC202210A82B49F6F76EFC60
:10B0200010A86946F6F78BFC6846FFF703FB012C76
:10B030002648B4D1FBF756FE204B1B78092B4FF066
:10B04000000021461DD0FFF72FFE1348F6F7FAFD4A
:10B050000320FDF7A9FD1BE030681060B188B379CB
:10B0600093719180C5E7032CC3D10B4D3346103645
:10B07000186859682A4603C20833B3421546F7D107
:10B08000B7E7FFF721FDE0E7002C8BD10A4886E700
:10B090002CB070BDB8C7FF1FBCC7FF1F69500200AE
:10B0A00048500200414F020034C8FF1F564F0200B3
:10B0B0007D4F0200AF4F0200F34F0200B78CFF1F1D
:10B0C0007290FF1F28D6FF1F9090FF1FDE4F0200D7
:10B0D00013B5124B1248032202211A60FFF7E8FE53
:10B0E00002A8002300F8013DF7F78FFA20210D4850
:10B0F000FCF724FC0C4B202118600C48FCF762FC88
:10B100000B4B0C4801241C70F6F7B6FD18B10A4B26
:10B110001C7010F0CDF902B010BD00BFB8C7FF1F02
:10B1200058C7FF1F9090FF1F28D6FF1FB090FF1F2A
:10B13000A2C7FF1FBCC7FF1FFDC7FF1F08B51A4BE3
:10B140001A781A4B2AB91A4A127812B91A78F72AB9
:10B150000AD11B780833DBB2012B02D81548FDF762
:10B1600015FC0120FDF7CEFD134B1868D0B9134B29
:10B170001B68032B03DC0121FFF79AFE12E0062B6C
:10B1800003DC0121FFF7A0FC0CE0092B07DC0C4BD2
:10B190001B78092B06D00121FFF786FD02E0022073
:10B1A000FFF73CFB002008BDA1C7FF1F25C7FF1FFD
:10B1B00050C7FF1FA850020028D6FF1FB8C7FF1FA7
:10B1C000B78CFF1F30B50D4B1B78022B04460D4684
:10B1D00013D04379013B032B0BD906230022E25401
:10B1E0000133272BFAD120462946BDE83040FFF72E
:10B1F00027B8BDE83040FFF7B7B830BDB4D5FF1F62
:10B2000073B5144D144C154E28786978236832466E
:10B21000FDF70EFF236829786A7800933046104BBB
:10B22000FEF7DEFB0F4B226800251D600E4B1D60F4
:10B230000E4B1D700E4B1A600E4B3146186817F0FE
:10B2400032FE0D4B2560187802B0BDE87040FDF766
:10B250004DB900BFE5ACFF1F9CC7FF1F4EA8FF1FE5
:10B260001091FF1F04C8FF1F68ADFF1FAED5FF1F61
:10B2700098C7FF1FB88CFF1F26C7FF1F70B5044675
:10B28000FDF74EF9254B21792A221A70244B1A78A2
:10B29000184642B95D7835B962795A70214A1970F9
:10B2A00012689A7005E0914237D1427863799A42E8
:10B2B00033D1A2791C4DFF2A12D12A68B2F5856FCD
:10B2C00013DA1A49E31D11443F3453F8040B41F8D3
:10B2D000040BA342F9D11B780B7039322A6070BD80
:10B2E0002E68B318B3F58C6F04DD1148BDE87040CB
:10B2F000FDF74CBB531E382BF7D80C48E11D3044EA
:10B3000014F014FFA3790B481E4402212E60FEF7AF
:10B31000A3FABDE87040FFF773BF70BD25C7FF1FDC
:10B32000E5ACFF1F28C7FF1F9CC7FF1F4EA8FF1FCC
:10B33000E2500200E8ACFF1F30B5044D2D78022D1D
:10B3400003D0BDE83040FBF71FB930BDB4D5FF1FB7
:10B35000F0B51B4B1B78022B93B007460D4601D16D
:10B3600000202BE0174C2046F8F77CFC2278482A76
:10B37000264601D0322AF3D1294602A8FCF7AEFEB8
:10B38000152300932946104B0DF133001D22FFF7C2
:10B39000D3FF0DAC3B4611AD224603CAAA4218604A
:10B3A0005960144603F10803F6D1106818609DF83F
:10B3B000330009233370431E5842584113B0F0BD87
:10B3C000B4D5FF1FFC91FF1F1091FF1FF7B5214B54
:10B3D0001B78022B054607D0A0F16507FBB21F2B97
:10B3E00004D91D48FDF7D2FA002031E01B4E294652
:10B3F0003046F8F7F3FC3478ACB91948FDF7C6FAD3
:10B40000184B1D681DB10120FDF77CFCECE7164BC5
:10B410001A782D2AE8D02B2AE6D0012202201A70B1
:10B42000FDF7C2FBE0E7790104F00F030F4833702A
:10B4300001F578312022FBF795FC20230B4800937F
:10B44000294622460A4BFFF777FFF9F7E7FD20462A
:10B4500003B0F0BDB4D5FF1FC9480200FC91FF1F27
:10B460000D51020028C7FF1F26C7FF1FAC92FF1F08
:10B470001091FF1FF7B5294B1B78022B06464AD0C7
:10B48000471EFBB2032B03D92548FDF77FFA42E0A4
:10B49000244D31462846F8F795FD2C789CB9224872
:10B4A000FDF774FA214B1D681DB10120FDF72AFC40
:10B4B0002DE01F4B1A782D2A2BD0012202201A7062
:10B4C000FDF772FB25E004F00F027902072A2A70CB
:10B4D000184801F57A310BD1A022FBF743FCA023D9
:10B4E00000931448144B31462246FFF725FF0EE027
:10B4F000D201FBF737FC2B780E48DB010093314675
:10B5000022460D4BFFF718FF2878F9F74BF9204634
:10B5100002E0284600E0002003B0F0BDB4D5FF1FD4
:10B520005A490200FC91FF1F3751020028C7FF1F34
:10B5300026C7FF1FEC92FF1F1091FF1F2DE9F04F50
:10B54000052BADF60C0D0D4616469A4618D1002176
:10B550004FF4763005F000FF0A2015F0C1FD002100
:10B560004FF47C3005F0F8FE0A2015F0B9FD0021FB
:10B570004FF47E3005F0F0FE0A2015F0B1FD8CE0AE
:10B58000032B16D10846F7F752F82B7843B96B789E
:10B5900033B9EB7823B92B7913B96B79002B7CD0B5
:10B5A000284600960021FF22514BFFF7C5FE0120DF
:10B5B00099E0042B0AD100920846FF2200214C4B4F
:10B5C000FFF7BAFE2846F7F73AF866E00B2864D88A
:10B5D000B2F5007F61DC00F10109B9F1040F0BDD68
:10B5E000B9F1080FD9BFA0F1030B4FF47C38A0F1DB
:10B5F000070B4FF47E3802E0CB464FF476383D4CD3
:10B6000002A841464FF400624FF40077FBF7AAFB13
:10B6100000213A46204617F061FC20462946324672
:10B6200014F084FDBAF1010F39D102AB0BF1FF3BED
:10B6300003EB4B2B59463A46204614F077FD28463B
:10B640005946324614F072FD2378FF2B09D16378F6
:10B65000FF2B0DD1E378FF2B0AD12379FF2B07D1E4
:10B660001BE02BB963781BB9E3780BB92379A3B13D
:10B670004FF400746FEA09021E481D4B009400212C
:10B68000D2B2FFF759FE1B493246284614F04EFD50
:10B6900018480021224617F021FC002023E0BAF1CF
:10B6A000020FFAD16FEA0902002520460021D2B22A
:10B6B0000F4B0097FEF794F93B46584602A92246E5
:10B6C0000095FCF796FE3A462946204617F006FC00
:10B6D0002946404605F040FE02A841464FF400626C
:10B6E000FBF754FB28460DF60C0DBDE8F08F00BFAC
:10B6F0001091FF1FEC92FF1F2DE9F041AE4F3B78F8
:10B70000022BADF5856D804600F06C82AB4D2C6848
:10B7100054B944F2506017F0A7FBA94B214644F2FC
:10B720005062186017F0DAFB98F80520FF2A44F2FF
:10B7300017631CD19C420DD8A14B1868002308EB5D
:10B74000030291790219D1540133392BF7D13934DD
:10B750002C6047E29B48FDF719F99B4B012206201C
:10B760001A70FDF721FA994B994A1A603AE29C4205
:10B77000934E0CD8392A0AD8306808F106012044C3
:10B7800014F0D4FC98F805301C442C600BE08D4874
:10B79000FDF7FCF88C4B012206201A70FDF704FA25
:10B7A0008A4B8B4A1A602B6813B9884B884A1A60F7
:10B7B0000DF10F00F6F714FF2B689DF80F007F4C7A
:10B7C000013B2B6008B9834848E0642836D9FFF76D
:10B7D000FDFD814B3168226818788B5C643B984290
:10B7E0003BD10C3A22600A4405AB1068516803C390
:10B7F0009068186088A97948F8F78AFC08A8F6F7D5
:10B8000053F808A888A92022F6F778F808A8734901
:10B810002022F6F773F808A805A90C22F6F76EF8AF
:10B8200008A888A9F6F78BF83B78022B42D00023B2
:10B830000093634B05A9186888AA38E0042839D812
:10B840004FF00008CDF81080FFF714FE624B31680E
:10B8500018782368CA5C82420CD06148FDF796F8DC
:10B86000594B012206201A70FDF79EF9574B584A92
:10B870001A601FE0A3EBC2131944D20188A8236009
:10B8800014F054FC88A908AA04A8F8F749FE554A00
:10B890001068516805AB03C3906818603B78022BB1
:10B8A00008D0474BCDF80080186805A908AA23687E
:10B8B000FAF728FF34682B682344FC225A70237857
:10B8C000934208D84848FDF761F80620FDF76CF967
:10B8D0003E4B3F4A1A602D20FDF71CF92778002FB8
:10B8E00000F06881FF2F40F09F8088AE3046002135
:10B8F00040F2072217F0F2FABA233370E62377708A
:10B90000B770F770337194F8018086F80580A378DA
:10B91000B3710A2B37D1E71C0DF22723B8F1000FC2
:10B920000BD11F3457F8042B43F8042BA742F9D14D
:10B930003046FEF761F83C460DE004F1270257F867
:10B94000041B43F8041B9742F9D13A881A80304609
:10B95000FEF752F829342278637843EA022303F58C
:10B9600096739BB21A0A08A841468DF820208DF8DC
:10B970002130F7F71BFC3046002140F20722023449
:10B9800017F0ACFAAAE7092B04F10407E47801D018
:10B990001D2B2BD1224639460DF2272014F0C6FB71
:10B9A0003046FEF729F83046002140F2072217F012
:10B9B00095FA3C4492E700BFB4D5FF1F2CADFF1FA2
:10B9C000E0ACFF1F6151020026C7FF1F0CED00E035
:10B9D0000400FA057D510200FC91FF1F4C96FF1FE9
:10B9E0009551020062520200C35102000B2BF47108
:10B9F0000AD13046FEF700F83046002140F2072217
:10BA000017F06CFA3C4669E708233A78111DC9B271
:10BA100003293C4607F1010702D9F2540133F4E748
:10BA20003046FDF7E9FF59E7FE2F40F0BC80607813
:10BA300040B9A11C0423D022FFF780FD2B68D2342B
:10BA4000D23BA0E0C7282AD994F88A31FE2B04F112
:10BA5000010703D194F88B2182420ED894F8BB21C0
:10BA6000FE2A03D194F8BC21824209D8002B40F26F
:10BA7000B91608BF4FF4C47604E04FF4C47601E071
:10BA800040F2B916A11C32460223C838FFF756FD12
:10BA90002B680233741C9E1B3C442E601EE740F250
:10BAA000072288A8002117F019FABA238DF820324E
:10BAB000FF238DF821328DF822328DF82332EF23C7
:10BAC0008DF8243262788DF82522A3788DF82632FD
:10BAD000642A10D9E61C0DF22723233456F8042BD0
:10BAE00043F8042BA642F9D188A8FEF74BFD2B683A
:10BAF0003446233B47E003F00F03012B0CD1E11C3C
:10BB000080220DF2272014F011FB88A8FEF73AFDE1
:10BB10002B688334833B36E0022B10D1E11C4FF4B9
:10BB200080720DF2272014F001FB88A8FEF72AFD91
:10BB30002B686FF4817104F203140B4423E0032B90
:10BB400010D1E11C4FF4C0720DF2272014F0EEFA70
:10BB500088A8FEF717FD2B686FF4C17204F28314F6
:10BB6000134410E0042B10D1E11C4FF400720DF2CD
:10BB7000272014F0DBFA88A8FEF704FD2B6804F2F6
:10BB80000324A3F203232B60A8E61848FCF7FEFE6B
:10BB9000174B012206201A70FDF706F8154B164ABE
:10BBA0001A6002349AE6FD2F04D12B68253B2B60E6
:10BBB000253493E61148FCF7E9FE4FF47A7015F04E
:10BBC0008FFA0F48FCF7E2FE0020FDF79BF84FF4D8
:10BBD000FA7015F085FA074B074A1A600320FCF744
:10BBE000E3FFFBE70DF5856DBDE8F081E251020052
:10BBF00026C7FF1F0CED00E00400FA0517520200F3
:10BC000032520200F0B5534B1B78022BAFB0054601
:10BC100000F09E80042105A8FDF71EFE1EAC002149
:10BC2000112210A817F05AF920460021402217F0DF
:10BC300055F94DBB2046F7F7DCFA21AE0DF17E0039
:10BC4000F7F7CCFA3046F7F78FFA1C23009320461B
:10BC500029460A22404BFFF76FFB94E80300BDF82A
:10BC600082301090DDF87E00ADF844100690ADF8FB
:10BC70001C3096E80F000CAF87E80F0015A810A93C
:10BC800006220AF01BF93EE06B1E172B3BD820461C
:10BC90002946FCF7A2FB2623009320462E4B29467B
:10BCA0000A22FFF749FB2523DAB2E15CA2F115066F
:10BCB000F6B229B9013BA2F11606012BF6B2F3D177
:10BCC000324610A8214614F031FA2EAA3244134607
:10BCD0000CAF53F8400D06909B88ADF81C30A2F1D4
:10BCE0002A0EA2F13A03186859683A4603C208338B
:10BCF00073451746F7D115A810A932460AF0DEF8A9
:10BD0000164B83F8266008A806A906220AF0D6F882
:10BD100040222046002117F0E1F8294604A8F7F751
:10BD20002EFA9DF810209DF811300C4C43EA0223A6
:10BD300094F8275000930A4B0193059B02932046E9
:10BD40000CA915AA08AB013508F0A6FC84F8275009
:10BD50002FB0F0BDB4D5FF1F1091FF1FB0ACFF1F77
:10BD60000302010073B5114B1B78022B06460D46EA
:10BD700018D00F4C0846FFF745FF2946204608F02B
:10BD800021FD238D8DF805301A0A01A829468DF86A
:10BD90000420F7F70BFA3046214608F0B5FC94F87A
:10BDA000260000E0002002B070BD00BFB4D5FF1F28
:10BDB000B0ACFF1F2DE9F04F504B1B78ADF59A4DFD
:10BDC000022B8DB000F052864D4B15AE324603F17A
:10BDD000180518685968144603C40833AB42224654
:10BDE000F7D1186899889B79A371464B2060A18090
:10BDF0000DAA03F1180518685968144603C40833DE
:10BE0000AB422246F7D118681B7923713E4B206064
:10BE10000DF1200818683D499B8808900DF1B40980
:10BE20006E224846A8F80430002714F07FF9384DF8
:10BE30000DF11A000DF5DC64F6F761FC394644F2A9
:10BE4000506220462F6017F049F82D20FCF762FE63
:10BE5000BA46304F16F80A0015F098FC3B784FF0C0
:10BE6000030B13FB03F393FBFBF000FA0BF015F04D
:10BE700037F915F0D7FC3B7813FB03F393FBFBF08A
:10BE800000FA0BF00AF1010A15F02AF9BAF11F0FB6
:10BE9000DFD101238DF818309DF818A0BAF13D0FBD
:10BEA000B8AE39D800214FF40072304617F016F8BA
:10BEB00030465146FCF703F93378013BDBB2FD2BEA
:10BEC00018D82A689DF81810FF23A354A318B64663
:10BED000597001219970D31CE6180DF53C7C73460E
:10BEE00003CB6345306071609E4606F10806F6D1CB
:10BEF00013322A609DF818300133CBE7B4D5FF1F09
:10BF0000A5520200C4520200DB520200E1520200BC
:10BF100098C7FF1FA48CFF1F01238DF81830B2466D
:10BF20009DF818B0BBF1180F00F2508200214FF4B9
:10BF30000072304616F0D2FF59463046FBF7B8FD86
:10BF4000B0F1000B25DD9DF818100C2903D99DF8E0
:10BF50001A30022B06D0CDF800B030460F22B34B7A
:10BF6000FFF7EAF9D5F800A09DF81820FF2304F8A0
:10BF70000A3004EB0A030AF103005A700F229A7088
:10BF8000204431465A46DA4414F0D0F80AF103034B
:10BF90002B609DF818100DF11900F7F703FC9DF8C0
:10BFA00019A00AF00403CAF3C001CAF3011CCAF3C2
:10BFB00080104FEADA1EDBB21AF0030A05938DF8FF
:10BFC00019100FD02B689DF818B0FF22E254E21828
:10BFD000043382F801B04FF0100B82F802B082F8FF
:10BFE00003A02B60BCF1000F0FD02B689DF818A0A8
:10BFF000FF22E254E218043382F801A04FF0030A52
:10C0000082F802A082F803C02B6010B9BEF1000FC5
:10C0100011D02B689DF818C0FF22E254E2180EF1EF
:10C02000010E82F801C070444FF0060C043382F810
:10C0300002C0D0702B60059B63B12B689DF818007F
:10C04000FF22E254E2180433507012209070012055
:10C05000D0702B6061B12B689DF81810FF22E2545C
:10C06000E21804335170132191700121D1702B60BB
:10C070009DF818103046F7F721FC317859B12B683C
:10C080009DF81800FF22E254E2180433507011208A
:10C090009070D1702B6030469DF81810FBF78CFE25
:10C0A000B0F1000B25DD9DF818100C2903D99DF87F
:10C0B0001A30022B06D0CDF800B0304602225B4B7E
:10C0C000FFF73AF9D5F800A09DF81820FF2304F8EF
:10C0D0000A3004EB0A030AF103005A7002229A7034
:10C0E000204431465A46DA4414F020F80AF103039A
:10C0F0002B609DF818103046F7F76CFC317859B179
:10C100002B689DF81800FF22E254E21850700420BA
:10C1100003449070D1702B6030469DF81810F7F7EB
:10C1200073F8B0F1000B25DD9DF818100C2903D928
:10C130009DF81A30022B06D0CDF800B0304605220B
:10C140003A4BFFF7F9F8D5F800A09DF81820FF2327
:10C1500004F80A3004EB0A030AF103005A700522BE
:10C160009A70204431465A46DA4413F0DFFF0AF150
:10C1700003032B609DF818103046F7F7B7FC3178B1
:10C1800059B12B689DF81800FF22E254E2180433DD
:10C19000507007209070D1702B6030469DF81810B9
:10C1A000F7F760FD96F800A0BAF1000F6DD02B688C
:10C1B0009DF81810FF22E254E21808200433BAF167
:10C1C000670F5170907082F803A02B6005D0BAF110
:10C1D000320F02D0BAF1480F4ED13046FBF77EFF46
:10C1E0002B689DF81810FF22E2542344BAF1670F20
:10C1F000834659701CD10C2903D99DF81A30022BA3
:10C2000006D0CDF800B030460922084BFFF794F86D
:10C210002B680393181D5A462044314613F086FFBD
:10C22000039B234409229A701FE000BF1091FF1F57
:10C2300015230DF20B3B009358461D22614BFFF76F
:10C240007BF8614B1A68131D584623440DF21F31C9
:10C2500050F804EB43F804EB8842F9D101781970E7
:10C2600022441D2393704FF0150B2B68E2185B449A
:10C27000043382F803B02B60BAF1790F07D0BAF11A
:10C28000590F3CD0BAF1320F39D0B2467BE00021D1
:10C2900007A8F6F774FF3046F6F7ABFF0DF2E6207D
:10C2A000F6F79CFFBBA8F6F75FFF1C2300930A225A
:10C2B000444B30460021FFF73FF8D5F800E0FF235C
:10C2C00004F80E3004EB0E0300225A700A229A7012
:10C2D0000EF10303B44623440DF53E7A624603CAC9
:10C2E000524518605960944603F10803F6D110686E
:10C2F00018600EF11F032B600DF53B7A39E09DF8B5
:10C3000018104B1E172B33D807A8F6F738FF304606
:10C310009DF81810FCF761F8262300930A22294B98
:10C320009DF818103046FFF707F8D5F800C09DF8C3
:10C330001820FF2304F80C3004EB0C030DF5407AB1
:10C340005A700A229A700CF103033246234496462F
:10C35000BEE80300D64518605960724603F1080331
:10C36000F5D11068186092889A800CF129032B602F
:10C37000B2462B689DF81C20E254E2189DF81D106F
:10C38000517002332B6050469DF81810F6F7C4F92F
:10C390009AF8003083B1C3F10B038AF800302B68A0
:10C3A0009DF81810FF22E254E218043351700D2159
:10C3B00091703178D1702B609DF8183001338DF871
:10C3C0001830ADE51091FF1F98C7FF1F50460021A0
:10C3D000F6F7A2F99AF8003083B1C3F10B038AF89B
:10C3E00000302B68FF22E254E218002151700D2129
:10C3F000917004339DF8E012D1702B605046F6F72F
:10C40000D8F99AF8003063B12B68FF22E254E218A1
:10C41000002151700E21917004339DF8E012D1700B
:10C420002B605046F6F7E9F89AF8003063B12B68B4
:10C43000FF22E254E218002151700B219170043365
:10C440009DF8E012D1702B605046F6F73EF99AF84D
:10C45000003063B12B68FF22E254E21800215170D2
:10C460001A21917004339DF8E012D1702B60504670
:10C47000F6F738F99AF8003063B12B68FF22E254DE
:10C48000E218002151701B21917004339DF8E012D5
:10C49000D1702B605046F6F7F1F89AF8003063B18E
:10C4A0002B68FF22E254E21800215170162191708E
:10C4B00004339DF8E012D1702B605046F6F7D1F8A6
:10C4C0009AF8003063B12B68FF22E254E218002191
:10C4D00051701521917004339DF8E012D1702B60DA
:10C4E0005046F6F7D8F89AF8003063B12B68FF226F
:10C4F000E254E218002151701E21917004339DF81E
:10C50000E012D1702B600DF11B00F6F769F84FF0C7
:10C51000010A00214FF40072304616F0DFFC50464D
:10C52000FEF7A8FF9DF81B30C0B2534508BF80F04E
:10C530008000F8B1D5F800B09549FE2304F80B301F
:10C5400004EB0B034FF0800C987083F801A0914B23
:10C550001B7803930BF1030003FB0CF22044CDF88E
:10C5600010C013F0E3FD039BDDF810C01CFB03B308
:10C5700003332B600AF1010A5FFA8AFABAF1050F58
:10C58000C7D14FF0650A00214FF40072304616F013
:10C59000A5FC5046FEF71AFF9DF81B30C0B253456C
:10C5A00008BF80F08000A0B12B68FE22E254E218A0
:10C5B0000DF2E361907082F801A0774A194402F10C
:10C5C000200052F804EB41F804EB8242F9D1233306
:10C5D0002B600AF1010A5FFA8AFABAF1850FD2D10B
:10C5E000D5F800B0FE2304F80B3004EB0B034FF03A
:10C5F000000A83F801A0694B03930BF1020019466E
:10C60000D022204413F092FD039B0BF1D202B3F829
:10C610004AB02A60DA451DDA504649A90FF0B8F849
:10C620009DF8AA319BB12B68FE22E254E218AAF1D0
:10C6300038010DF2E2605170184449A940F2B91274
:10C64000039313F073FD039B03F2BB132B600AF1FA
:10C65000010ADFE706A8F5F7C3FF30462021FDF702
:10C66000FBF89DF818A0BAF1000F1FD14C48FCF759
:10C670008DF919F80A0015F089F83B78032413FBAB
:10C6800003F393FBF4F0A04014F02AFD15F0CAF870
:10C690003B7813FB03F393FBF4F0A0400AF1010A8B
:10C6A00014F01EFDBAF16E0FE3D1DFE1BAF1640FB1
:10C6B0004AD996E807000DF1280989E80700504695
:10C6C000FEF784FE37481DA9F7F722FD824608B120
:10C6D00035485AE00DF59C60F5F7E6F80DF59C60DD
:10C6E0001DA92022F5F70AF90DF59C602D4920229D
:10C6F000F5F704F90DF59C6049460C22F5F7FEF8B4
:10C700000DF59C601DA9F5F71AF9284B1B78022B33
:10C7100007D0CDF800A0204649461DAA2B68F9F79E
:10C72000B3FF4B4603CB2A68A0501868194B1B78FF
:10C7300004EB020E64330D32CEF80410CEF808007C
:10C740008EF80C302A604DE0BAF1040F4AD85046FA
:10C75000FEF790FE164A106851681DAB03C390683F
:10C760001860124B1B78022B07D000230093204641
:10C770001DA932462B68F9F787FF202031460DF5B9
:10C780009C62F8F74FF8B8B10A48FCF7FFF86DE182
:10C79000EC92FF1FFC91FF1FAC92FF1F70F8FF1F70
:10C7A0007D5102004C96FF1F6E520200B4D5FF1F50
:10C7B000625202008B520200AF4BD5F800A093F8F2
:10C7C00000904FF0800B04EB0A001BFB09AA0DF54B
:10C7D0009C6109FB0BF213F0A9FC0AF1010304F8B8
:10C7E0000A902B601DA80021202216F077FB4FF045
:10C7F00000092B68DFF888B2DFF888A299454FF26C
:10C80000280000F3B18044F25C63994500F0AC80ED
:10C8100014F0BCFF3B7813FB03F0032390FBF3F011
:10C820009840039314F05CFC14F0FCFF3A78039BEF
:10C8300012FB02F292FBF3F0C00014F051FCDBF8A3
:10C840000030C9EB0303382B0DF59C6047DCF5F78E
:10C850002BF80DF59C601DA92022F5F74FF8DBF8A9
:10C86000002004EB09031946C9EB02020DF59C6098
:10C870000393F5F743F80DF59C601DA9F5F75FF8F4
:10C88000DBF80020039B31461846C9EB0202002367
:10C8900007F040FD4FF0000B01468B455BDA16F8C0
:10C8A0000B00049114F072FF9AF8003013FB03F0B0
:10C8B000032390FBF3F09840039314F011FC14F061
:10C8C000B1FF9AF80020039B12FB02F292FBF3F0F7
:10C8D000C00014F005FC0BF1010B0499DDE7F4F73F
:10C8E000E3FF04EB090A0DF59C601DA92022F5F772
:10C8F00005F8514639220DF59C60F4F7FFFF0DF560
:10C900009C601DA9F5F71BF85046314639220023DB
:10C9100007F000FD4FF0000A16F80A0014F036FF89
:10C920003B784FF0030B13FB03F393FBFBF000FA90
:10C930000BF014F0D5FB14F075FF3B7813FB03F3F9
:10C9400093FBFBF000FA0BF00AF1010A14F0C8FBAC
:10C95000BAF14C0FE0D1304600214FF4007209F1DA
:10C96000390916F0BBFA44E714F010FF3B780324B2
:10C9700013FB03F393FBF4F0A04014F0B1FB14F0AD
:10C9800051FF3B7813FB03F393FBF4F0A04014F04A
:10C99000A7FB1DA831462022002307F0BBFC002482
:10C9A000814618F8040014F0F1FE3B78032513FBD0
:10C9B00003F393FBF5F0A84014F092FB14F032FF60
:10C9C0003B7813FB03F393FBF5F0A840013414F01C
:10C9D00087FB022CE5D10024E3B24B4504F10104AE
:10C9E00018DAF05C14F0D2FE9AF80030032513FB3D
:10C9F00003F393FBF5F0A84014F072FB14F012FF60
:10CA00009AF8003013FB03F393FBF5F0A84014F001
:10CA100067FBE1E7194815F0D9FB00240DAB0325AE
:10CA2000185D14F0B3FE9AF8003013FB03F393FB88
:10CA3000F5F0A84014F054FB14F0F4FE9AF800301E
:10CA400013FB03F393FBF5F0A840013414F048FB0B
:10CA50001D2CE3D1094815F0B9FB094B00210DF558
:10CA6000DC6044F25062196016F038FA0DF59A4D08
:10CA70000DB0BDE8F08F00BFFC91FF1FACFFFF1FA2
:10CA800098C7FF1FA48CFF1F7FB506460D461446AE
:10CA900068460021102216F021FA304669462A46DF
:10CAA0002346F9F7C1FB04B070BD7FB506460D46BD
:10CAB000144668460021102216F010FA30466946E6
:10CAC0002A462346F9F7DCFB04B070BD38B50546AD
:10CAD00016F073FC0D4B3E2834BF04463E2422461C
:10CAE0001846294613F022FB094A1278092A06D172
:10CAF000084B1B78012B0CBF6E23702300E06323CF
:10CB00000355044400236370004838BDCCD5FF1F93
:10CB1000B78CFF1FE8C7FF1F38B52B4B1A782B4B7C
:10CB200005461B7812B9002B4DD004E0002B4AD0EB
:10CB3000274B1B680BB9274803E0274B27481B7876
:10CB40002BB1FFF7C3FFBDE83840FBF71FBFFFF76E
:10CB5000BDFFFBF71BFFF5F71DFD002833D1034692
:10CB6000EA181F4C117A6FF007025A4301FA02F2D9
:10CB70002168013B0A43191D2260F1D1194B1A4962
:10CB800018680968401A40F6B731884206D8196813
:10CB90004FF47A73B1FBF3F31A4422602068F5F77F
:10CBA000A1FCFAF76FF82268104B9A420BD9104B90
:10CBB00013440522B3FBF2F3834204D91846BDE8BF
:10CBC0003840FAF76EB838BDA2C7FF1FFDC7FF1F78
:10CBD00028D6FF1F4F530200AFD5FF1F743A020043
:10CBE00054C7FF1F8CFDFF1F10D6FF1F6EA72B5DC4
:10CBF0009258D4A270B58D4C2378022B054604D0F0
:10CC00008B4B1B78242B00F063825DB92946894841
:10CC100015F0F0F9884B1B6805461BB110B10020D8
:10CC2000FAF754F8854B1A68854B1B689A4203D073
:10CC3000844B00221A70EFE1002D40F33882824BC2
:10CC40007C4A1B7873B11179F1290BD0F42909D0F2
:10CC500001F11200C0B2012804D91F31C9B206295E
:10CC600000F236821179E139132900F2EA81DFE816
:10CC700011F014003600420049004E0068009F0089
:10CC8000E801E801E801E801850148012801B00058
:10CC900067019D01E801E801B701217802296B498C
:10CCA00012D0096811B1002B00F012825379FF2BCA
:10CCB00004D10320BDE87040FDF7B0BD5D48002100
:10CCC000BDE87040FEF7F4B80A6812B1002B00F01E
:10CCD000FF8158480021BDE87040FDF7E5BF5B4A81
:10CCE000126812B1002B00F0F38152480021BDE818
:10CCF0007040FDF7E9BE554A1268002AE9D0002BC2
:10CD0000E7D170BD4B48BDE87040FFF705BF504B01
:10CD100019784C4B1B7811B9E3B14E481BE0CBB1ED
:10CD20004D4B1B78442B15D153796B2B4FF00200E0
:10CD300003D1BDE87040FBF7D9BCBDE87040FBF7FC
:10CD40007FBD434908783F490D78B0B93DB93F4DA3
:10CD50002D68CDB14148BDE87040FBF717BE93790F
:10CD60000C2B01D0142BD8D11378BA2B00F0B08142
:10CD70003048BDE87040FCF73FBE002DE7D0364D8F
:10CD80002D78442DE3D104E009780029E2D0002871
:10CD9000E0D01278BA2A00F09B812278022AE7D0EC
:10CDA0002F4A1278002AE3D0002BE1D12D48D2E798
:10CDB000274B1A78234B1B78002AADD0002BC9D003
:10CDC000254B1B78442BC5D11A48BDE87040FBF7B2
:10CDD00003BF1F49097800294CD01A480078002861
:10CDE00048D01D480078442800D11BB9174D2D6844
:10CDF000002D3BD12378022B00F06A8112780D4B75
:10CE0000BA2A00F065815A79A2F175010F2907D875
:10CE1000832A03D193F90630002B01DB12489AE7ED
:10CE20000448BDE87040FDF7ADBB00BFB4D5FF1F9F
:10CE300025C7FF1F58C7FF1F28C7FF1F8890FF1F68
:10CE40008C90FF1FFDC7FF1FAFD5FF1F28D6FF1F08
:10CE5000A2C7FF1F68530200020002409053020065
:10CE6000ACD5FF1FDD460200A4530200442801D1C7
:10CE7000002B9BD09379802B7FF66CAF954B1B7862
:10CE8000092B7FF467AF00297FF464AF924C934B7A
:10CE9000226803F1400153F8040B42F8040B8B4263
:10CEA000F9D1FEF715F92068FDF76CFB0120F5F7C5
:10CEB000D3FB40222068002116F010F80022884B96
:10CEC000ACE0884A1178884A29B91378002B3FF4DE
:10CED00041AF86483FE71278002A3FF43BAF844ACF
:10CEE0001278442A7FF436AF002B3FF45FAF2378EB
:10CEF000022B00F0ED8079480121BDE87040FEF77B
:10CF000061B9784B1A78784B002A3BD01B78002BFC
:10CF10003FF420AF764B1B78442B7FF41BAF754B4F
:10CF20001B78002B7FF416AF2378022B00F0D08003
:10CF3000D520FBF7DBFA6948BDE87040F8F754BC30
:10CF4000684B1A78684BEAB11B78002B3FF402AFAC
:10CF5000674B1B78442B7FF4FDAE664B1B78002B90
:10CF60007FF4F8AE2378022B00F0B2808020FBF72C
:10CF7000BDFA5A48BDE87040F8F778BD594B1A78A9
:10CF8000594B0AB91B78A1E71B78002B3FF4E2AE9E
:10CF9000574B1B78442B7FF4DDAE2378022B00F037
:10CFA00097804E48BDE87040F8F7A4BA4D4A117812
:10CFB0004D4A002989D01278002A3FF4CBAE4C4A62
:10CFC0001278442A00D11BB945490968002931D19A
:10CFD0002378022B7CD04148BDE87040FEF78CBB23
:10CFE000404A12783AB14049097821B1404909785C
:10CFF000442900D113B93A49096889B93E48FBF779
:10D00000C5FC0020012114F019FE0120014614F096
:10D0100015FE642014F064F8384A394B1A6070BD6C
:10D02000002A3FF497AE304A1278002A3FF492AEBD
:10D030002F4A1278442A7FF48DAE002B7FF48AAEFB
:10D04000B4E62378022B43D0294B1B78442B3FD1E5
:10D05000204B244C1B78092B09D123783BB91F485E
:10D0600012F066F9FEF734F80120F5F7F5FA2378A7
:10D0700073B31D4B1B785BB3224C267876B96420C2
:10D0800014F02EF815482570314614F0B3FF00B1A6
:10D0900020701248BDE870400EF00AB9AE42F8D0D8
:10D0A0000E4825700EF004F90023237070BD23781C
:10D0B000022B0DD00B4B1B7853B10B4B1B783BB1A4
:10D0C0000B4B1B78442B03D1BDE870400EF0EEB83B
:10D0D00070BD00BFB78CFF1FB88CFF1F58C7FF1F64
:10D0E00028D6FF1FA2C7FF1FFDC7FF1FD453020092
:10D0F0000200024050C7FF1FF95302000400FA0566
:10D100000CED00E0A0C7FF1F1F4AF8B50023137005
:10D110001E4C1F4A13702378ED2B06D11D48037156
:10D1200063784371F8F760FB1EE0F02B06D11948D5
:10D13000037163784371F8F799FC15E0F52B02D180
:10D14000F8F7CAFD10E0F62B0ED1134D01232B602A
:10D15000124B1F681E4607F57A672A6812B13368BA
:10D16000BB420DD300232B600D4B002018700D4BDC
:10D17000207018700C4B1870BDE8F840FBF7C2BD6A
:10D180000020FFF737FDE8E700C8FF1FE5ACFF1FF1
:10D19000FCC7FF1F58C7FF1F44D7FF1F8CFDFF1F91
:10D1A00050C7FF1F51C7FF1F60C8FF1F2DE9F04385
:10D1B000A94AAA4F137893B0904673B1A84A14783D
:10D1C0005CB921465022A74815F088FEA6482146A2
:10D1D000092215F083FEFC7164E2A24D95F84040EF
:10D1E000012C02D0E21E182A22D80BB39C4A1278D6
:10D1F000F2B19E4E3278022A1AD095F82D20052AD7
:10D2000000D0AAB9DFF85C8297480021892309225F
:10D210007971FB7115F062FE4046FCF7CDFB0028EA
:10D2200000F09B80924B1B78002B40F096809CE096
:10D23000AF228D49FA7100220A72D1B20132A818C8
:10D24000407D3F28F9D0092905D9002109228648C7
:10D2500015F044FE81E004F0F702302A02D0013CD0
:10D260000B2C53D8002B59D07D4B1B78002B00F092
:10D2700015827E4C2378022B00F0148212A8002322
:10D2800000F8403DF5F721FA95F84030302B19D0E1
:10D29000382B19D022781AB1724A0C3382F84030F8
:10D2A00095F840104B1E172B00F2FC817148FEF7D9
:10D2B0004FF800218DF8080020226E4815F00EFE70
:10D2C000012302E0822300E081239DF80820684CBE
:10D2D000012A01D09A4207D104232370F8F7FCFCFD
:10D2E0000021217060480FE003232370624B6349E3
:10D2F0006348F5221A70F4F7C9FB2B20FBF7F6F808
:10D30000FBF79CFB58480021092229E0202A05D17F
:10D3100023B1534B1B78002B40F0C4812B78514C28
:10D32000FF2B40F0BF816378FF2B40F0BB81A378D7
:10D33000FF2B40F0B781E378FF2B40F0B38120460C
:10D34000FCF73AFB002880D0494B1B78002B7FF478
:10D350007CAF4C4B04F140028CE14248002150224A
:10D3600013B0BDE8F04315F0B9BD474A136098F813
:10D370002E3003F0DF02402A40F0BB804349414E8B
:10D380000B46022C53F8062BC6F8172086BF033C29
:10D390005FFA84F84FF00108F21D163153F8040BC0
:10D3A00042F8040B8B42F9D1364C002104F11B00EA
:10D3B000252215F093FDEF23337195F84030012BB2
:10D3C00001D1822302E0032B02D18123637101E0AA
:10D3D00084F805800923B37196F80790337A294CB5
:10D3E0009944737A9944B37A9944F37A19EB03090F
:10D3F00019D163798DF80D300DF107008DF8079084
:10D40000F5F76BF963797F33DBB2012B04D802A8FF
:10D410004946FDF7D7FE19E1E72323711D2384F860
:10D420000580A37162E000230DF107008DF807303D
:10D430008DF80830F5F749F9642013F051FE9DF896
:10D440000730012B26D06279934223D003B3012306
:10D450008DF807301EE000BFA2C7FF1FAE8CFF1F74
:10D46000FDC7FF1F35D6FF1FA3C7FF1FB4D5FF1F82
:10D4700050C7FF1FAC92FF1FE5ACFF1F2CC7FF1F5B
:10D480008490FF1F58C7FF1F28C7FF1F45D6FF1FE7
:10D490008DF807207379854C03F17F02D2B2012AFF
:10D4A00015D82046FDF76EF895F84030012B0CBFDB
:10D4B0008221812102A8F6F791FC9DF80830092B02
:10D4C00040F0C4800DF10700F5F707F9BEE0002B2E
:10D4D00000F0BC80E623237104F108001D23E11D48
:10D4E000142284F80580A37115F0DDFC0120E071A1
:10D4F000AAE01BB998F82C3063B9ABE0202B09D017
:10D50000102B07D0082B05D0042B03D0013B012B97
:10D5100000F2A080022C84BF04F1FF345FFA84F88B
:10D52000624C63484FF0E603237195F82F3098BFA3
:10D530004FF00108042B03D0082B0CBF0523032355
:10D5400000210370F5F70BF933781BB108F10C06D5
:10D55000F6B200E0464695F82E30042B0DF1070098
:10D56000314608D1F6F71EF99DF8073003F03F0366
:10D5700063F07F0310E0202B08D1F6F713F99DF834
:10D58000073003F03F0343F0400305E0F6F70AF9E4
:10D590009DF8073003F03F0302A831468DF80830AC
:10D5A000F6F748F90A23002139224248A37184F88A
:10D5B000058015F093FC404B3E4803F110021146E4
:10D5C00053F8045B40F8045B9342F9D10023E5185B
:10D5D000D8B2AD7D00F11002D2B235B9013B00F1F5
:10D5E0000F0213F10F0FD2B2F1D1D31DE0180D6865
:10D5F000E5508B888380314B0D32224403F11001BA
:10D6000053F8040B42F8040B8B42F9D1E279237AE8
:10D610001344627A1344A27A1344E27AD34212D1B9
:10D620002248FBF7D9FA31460DF10700F6F7BAF8B0
:10D630009DF8073002A803F03F0331468DF808300B
:10D64000F6F7F8F802E00120FFF7D4FA1C4B1A783D
:10D6500001321A701A4B18481B783B7100240323BF
:10D66000214650227B71FC7115F038FC0F48214691
:10D67000402275E654F8041B43F8041B9442F9D188
:10D6800098F8003033B10F4B1B781BB90E48FBF7ED
:10D690007DF907E00120FFF7ADFA03E0202A7FF4CF
:10D6A0003DAE36E613B0BDE8F08300BF58C7FF1F9C
:10D6B000A48CFF1F5FC7FF1F35D6FF1F4BD6FF1F70
:10D6C000AC8CFF1FFDC7FF1F1F3B020038B5064C87
:10D6D00004F1100514F8011F2F2904D90348F4F7A9
:10D6E000A4FAAC42F6D138BD5CC7FF1FBCC7FF1F10
:10D6F00070B50024944204D0CD18065D2E55013437
:10D70000F8E770BD13B580210DF10700F6F766FB51
:10D710009DF80730612B1BD00E4B0F4C04221A6072
:10D72000EF232371802320216371E01D6123A37106
:10D73000FCF792F82046FCF725FF00214022204606
:10D7400015F0CCFB0020014602460523FDF7F6FE4E
:10D7500002B010BD28C7FF1F58C7FF1F10B51B4CD4
:10D7600014F022FA0323204602210A2206F06AFE60
:10D7700020461749174A15F01DFB174B17481A6822
:10D78000174B0F211A60174AF4F7F4F90A21164AC9
:10D790001648F4F7EFF941F28831154A154800238D
:10D7A000F4F7F8F944F62061134A14480023F4F71B
:10D7B000F1F940F6C4111248124A0023F4F7EAF9CD
:10D7C00011481249BDE81040F4F728BA44C8FF1FB9
:10D7D000A34401007C8CFF1F8CFDFF1FB8D5FF1FE9
:10D7E00010D6FF1F5D6B0000498D000014D6FF1F8F
:10D7F000019000002CC7FF1F3DB1000040ADFF1F8E
:10D800000CC8FF1F316B0000BCC7FF1F2354020070
:10D8100070B5002146583246F317D40F44EA43044A
:10D820002346054A3244724013405E40465004315C
:10D83000B1F5806FEED170BD01E07F002DE9F04FB2
:10D84000082689B00423334AB340D3184FF4807CB0
:10D850002CFA06FC06936FF0030303FB0CF300EBBA
:10D860008C0707934FF000080699DDF81C9051F8DB
:10D87000043D06915B420193B944C246002108EB86
:10D880000C039A451FD259F801407A58224449F8AE
:10D8900001207B58019AC3EB040B8BFB0245C4EBC0
:10D8A000C40204EB82221C4B04EB4232019C82FB3B
:10D8B0000323C4FB0B23DC177B50029303940AF170
:10D8C000010A0431DBE703EB0C086FF00B07B8F13A
:10D8D000FF0F07FB1C97C7D9013EB3D187590E4BE9
:10D8E0004AF2FA3187FB0145C4EBC40204EB822201
:10D8F00004EB423282FB0323C1FB0723835104362E
:10D90000DC17B6F5806F04930594E7D109B0BDE844
:10D91000F08F00BF2C540200FF1F80FF2DE9F04361
:10D920004FF0000C50F80C9051F80C800A4B89FB1A
:10D930000845C4EBC40204EB822204EB423282FBB2
:10D940000323C8FB092340F80C300CF1040CBCF590
:10D95000806FE7D1BDE8F083FF1F80FF4FF0000C20
:10D960002DE9F047824660465AF80C301C46DD1718
:10D970004FEAD47848EA450844465D425D402C4071
:10D9800063404A1ED21AD317D60F0CF1040C46EA94
:10D990004306BCF5806F40EA0600E5D1BDE8F0879C
:10D9A000F0B500268A5902F17F03DB1103EB8323D4
:10D9B00003F50013C3F383538351A3EB832302EBDB
:10D9C0004327C7F57F1202F54052D317D40F44EA1C
:10D9D00043042346054A3A447A4013405F408F513E
:10D9E0000436B6F5806FDDD1F0BD00BFFF1F80FFAC
:10D9F00030B5024600230C78C4504D7844EA052423
:10DA0000C4508D7844EA0544C4F31304C4508C78A0
:10DA100024095460CD7844EA051454600D7944EA31
:10DA200005345460C458C4F50024C4505468083305
:10DA3000C4F50024B3F5806F546001F1050102F1D3
:10DA40000802D8D130BD10B50A460021044615F0B1
:10DA500045FA10BD2DE9F047089E07460C46924650
:10DA60001D46C4EB0A08464538462946224604EBC3
:10DA700006090AD3434602F047FE3846CAEB0906B8
:10DA8000454403F005FC0024EBE7334602F03CFE7E
:10DA90004846BDE8F08770B50024FF291AD89C429B
:10DAA00018D0155D05F00F06082E04F101044FEAA9
:10DAB000151504D8C6F1040640F821600131082D7F
:10DAC000EBD8B1F5807F05D0C5F1040540F82150B1
:10DAD0000131E2E7084670BDF0B50024FF2916D8F1
:10DAE00003349C4213D8151915F8036C15F8027C01
:10DAF00015F8015C2D0445EA07253543054EC5F3AD
:10DB00001605B5429CBF40F821500131E6E70846B2
:10DB1000F0BD00BF00E07F002DE9F04F87B0012588
:10DB2000049004226B1E02FA03F3244A049E4FF46D
:10DB3000807A2AFA05FAD3184FF0000C05934FEAC1
:10DB40008A0B6746059850F80C00039006EB0B080B
:10DB5000B946002407EB0A03994521D258F804205E
:10DB6000039B82FB0301C0EBC00200EB8222144B3B
:10DB7000039900EB423258F8040082FB0323C1FBF7
:10DB800000230093D8170099335901905B1A48F885
:10DB9000043033590B44335109F101090434D9E7F6
:10DBA00003EB0A07FF2F0CF1040C08EB0B06C9D995
:10DBB0000135092DB5D107B0BDE8F08F2C54020016
:10DBC000FF1F80FFF0B5079C254604F1200655F89D
:10DBD000047B40F8047BB542F9D105F1200055F8EB
:10DBE000046B42F8046B8542F9D104F1400202F162
:10DBF000400052F8045B41F8045B8242F9D1059A77
:10DC000004F180011160069A04F5407104F5C064C6
:10DC100011601C60F0BD01F1300351F8042B40F895
:10DC2000042B9942F9D170472DE9F84F00F54B6765
:10DC3000804689469246384600213D2215F04EF92D
:10DC400000242546A30209EB03010AEB030200238B
:10DC500051F82300DFF84CB052F823C000F57F36AE
:10DC600006F540765E4505D80D4EB04206D1BCF1B2
:10DC7000000F03D0372D0FD07B5501350133B3F59D
:10DC8000807FE5D108EB04030134062C83F8E75CC0
:10DC9000D8D10020BDE8F88F4FF0FF30BDE8F88FF5
:10DCA0000001FCFF00FE070010B50023C258064C1F
:10DCB00002F58001C91504FB0122C2500433B3F5FB
:10DCC000806FF3D110BD00BFFF1F80FF10B5002390
:10DCD000C458CA582244C2500433B3F5806FF7D1F8
:10DCE00010BD10B50023C458CA58A21AC25004333C
:10DCF000B3F5806FF7D110BD30B50023D55805F6C8
:10DD0000FF746413C450A5EB4434CC500433B3F512
:10DD1000806FF3D130BD10B500F5A0740B680370AF
:10DD200091E80C00121242EA830343704A688B6840
:10DD3000921142EA031383708A68CB68121142EA97
:10DD40008313C370CB689B1003710530A04201F1AF
:10DD50001001E3D110BD2DE9F04700230A684E6899
:10DD6000CD680C69CF69C2F580588A68C6F58056BF
:10DD7000C2F5805C4A694FEA461AC2F580598A6941
:10DD800080F800804AEA182880F801804FEAD60817
:10DD900080F802804FEA8C08C5F5805548EAD626FF
:10DDA000C670EE01C4F5805446EA9C1C6E084671AC
:10DDB000260146EA552585712509C5714FEA4905B1
:10DDC000C2F5805245EA143404729401C7F58057B5
:10DDD00044EAD919940884720133FC0044EA92227F
:10DDE0007F09202B80F804C080F80990C272077365
:10DDF00001F1200100F10D00B0D1BDE8F08730B590
:10DE0000034600220C7884504D7844EA0524C4F37C
:10DE10000C0484504C7864095C608D7844EAC50435
:10DE20005C60CD7844EAC524C4F30C045C60CC7813
:10DE3000A4089C600D7944EA8514C4F30C049C602A
:10DE40000C79E409DC604D7944EA4504DC608D79A5
:10DE500044EA4524C4F30C04DC608C7924091C6179
:10DE6000CD7944EA05141C610D7A44EA0534C4F303
:10DE70000C041C610C7A64085C614D7A44EAC51498
:10DE8000C4F30C045C614C7AA4099C618D7A44EA69
:10DE900085049C61CD7A44EA8524C4F30C049C611A
:10DEA000CC7AE408DC610D7B44EA4514DC618458DB
:10DEB000C4F5805484505C68C4F580545C609C68F0
:10DEC000C4F580549C60DC68C4F58054DC601C6937
:10DED000C4F580541C615C69C4F580545C619C6924
:10DEE000C4F580549C61DC692032C4F58054B2F5DD
:10DEF000806FDC6101F10D0103F1200382D130BD9F
:10DF000010B500234C6851F8082B42EA0412C254A1
:10DF10000133802BF6D110BD10B500234A6851F8AB
:10DF2000084BC2F10402D2B2C4F1040444EA021262
:10DF3000C2540133802BF1D110BD10B50023CA5C4F
:10DF400002F00F020260CC5CC2F10402240901332A
:10DF50000260802BC4F10402426000F10800EED19F
:10DF600010BD30B50023CA18CC585268C4F500243F
:10DF7000C2F500220470250A240C44EA0214083376
:10DF80008470B3F5806F4FEA12144FEA1232457075
:10DF9000C470027100F10500E5D130BD4FF420736B
:10DFA00003FB02003030FFF7DCBF38B50546002424
:10DFB000281904F58064FFF7AFFDB4F5A05FF7D131
:10DFC00038BD38B505460024281904F58064FFF7EC
:10DFD0006BFEB4F5C05FF7D138BD38B505460024F7
:10DFE000281904F58064FFF713FCB4F5C05FF7D17E
:10DFF00038BD38B505460024281904F58064FFF7BC
:10E000001DFCB4F5C05FF7D138BD70B506460D46AE
:10E0100000243019291904F58064FFF7C1FCB4F518
:10E02000C05FF6D170BD70B506460D4600243019AC
:10E0300005EBC4018034FFF763FFB4F5407FF6D1F0
:10E0400070BD70B506460D460024301905EBC401BD
:10E050008034FFF761FFB4F5407FF6D170BDF0B5B5
:10E06000059D044601F1200651F8047B44F8047B29
:10E07000B142F9D100F1200403F1200153F8046BFF
:10E0800044F8046B8B42F9D100F1400302F14001E6
:10E0900052F8044B43F8044B8A42F9D1294600F563
:10E0A0004070BDE8F040FFF7CCBF70B506460D46A6
:10E0B0000024301905EBC4018034FFF72DFFB4F5BF
:10E0C000207FF6D170BD8030FFF7EFBF00F5806094
:10E0D00001F1200351F8042B40F8042B9942F9D1A7
:10E0E0007047FFFF2DE9F041069D079FFF2D064673
:10E0F0008846144649D8A7B1002943D07A1E0B2A76
:10E1000043D8DFE802F0060A080C060A060A080CE3
:10E110000A0C1C2C04E0302C02E0202C00E0402CE7
:10E1200033D13A1C18BF01223270757025B1B01C72
:10E1300019462A4611F0FAFF17B9A81CBDE8F0816C
:10E140000022134813011958B9420CD10344043377
:10E1500003CB7719C7F8061019889B78C7F8020017
:10E1600079813B7302E001320C2AEAD105F10D00FE
:10E1700030444146224611F0D9FF04F10D002844F5
:10E18000BDE8F0810846BDE8F0810020BDE8F081DF
:10E190002C58020010B500210446C82214F09EFE3F
:10E1A0000023C4F8C83010BD13B500920B46A82256
:10E1B000D0F8C8100446FFF74DFCC4F8C80002B000
:10E1C00010BD13B51F238DF8073080230446D0F807
:10E1D000C8208DF806300DF10701012302F094FAF2
:10E1E00020460DF10601A722012302F08DFAA82393
:10E1F000C4F8C83002B010BD2DE9F843D2F8C840C9
:10E2000081460E4615464FF00008AEB1A82C03D14A
:10E21000284603F03DF80024C4F1A807B74228BF00
:10E22000374609EB0801224628463B4602F014FA1D
:10E23000F61B3C44B844E8E7C5F8C840BDE8F8839D
:10E24000D021FFF700BCF0B5B5B000AF0646ADF584
:10E250005A7D0D463846FFF79DFF0DF11F042946F4
:10E2600022223846FFF7A0FF24F01F043846FFF7AC
:10E27000A8FF20464FF452713A46FFF7BDFF3046E3
:10E28000002122464FF45273FFF726FCFF28054673
:10E2900009D82046A8213A46FFF7AEFF3046294666
:10E2A0002246A823F0E73846FFF7CAFF20464FF47E
:10E2B0005271FFF7C8FBD437BD46F0BD2DE9F047DA
:10E2C00000AF98B00DF11F0424F01F049146804662
:10E2D0000D4601F58066224601F5846C3068716850
:10E2E0009646AEE80300083666457246F6D15FFAF8
:10E2F00083FA40460023214684F8203084F821A088
:10E30000FFF7A1FF40464946FFF708FB01262846D4
:10E31000214684F8206084F821A0FFF794FF09EBE0
:10E3200086212846FFF7FAFA013640462946FFF7CC
:10E33000CDFC052EEBD14046FFF7B6FC2046402130
:10E34000FFF781FBBD46BDE8F0872DE9F04F83B0B4
:10E3500000AFADF5446D0DF11F0626F01F06796084
:10E360008146396B304693469A46FFF7AFFE00254B
:10E3700006F502642B465A4631462046FFF79EFFBB
:10E380002046FFF75BFA0AEB85212046FFF79EFC4B
:10E390002046FFF789FC06F584682046FFF738FA27
:10E3A000224640462146FFF7A7FC4FF4A07000FB31
:10E3B00005904146FFF7AFFC7B684FF4D07000FB3F
:10E3C000053021460135FFF7C6FC062DD0D1404669
:10E3D0004FF48061FFF737FB20464FF48061FFF771
:10E3E00032FB30464FF48461FFF72DFB00200C37E1
:10E3F000BD46BDE8F08F10B500210446C82214F0D8
:10E400006DFD0023C4F8C83010BD13B500920B4653
:10E410008822D0F8C8100446FFF71CFBC4F8C800D7
:10E4200002B010BD13B51F238DF8073080230446BA
:10E43000D0F8C8208DF806300DF10701012302F055
:10E4400063F920460DF106018722012302F05CF9F1
:10E450008823C4F8C83002B010BD2DE9F843D2F8C3
:10E46000C84081460E4615464FF00008AEB1882CD4
:10E4700003D1284602F00CFF0024C4F18807B742FC
:10E4800028BF374609EB0801224628463B4602F0E2
:10E49000E3F8F61B3C44B844E8E7C5F8C840BDE8DB
:10E4A000F883D021FFF7CFBA2DE9F041B4B000AF27
:10E4B000E2B00DF11F0424F01F0404F590768046AD
:10E4C0000B46B64601F1400C18685968754603C5FD
:10E4D00008336345AE46F7D10025384684F86021FD
:10E4E00084F86151FFF787FF314642223846FFF733
:10E4F0008CFF3846FFF796FF20464FF488713A4666
:10E50000FFF7ABFF4046294622464FF48873FFF7DA
:10E51000C2FAFF28054609D8204688213A46FFF767
:10E520009CFF4046294622468823F0E73846FFF7FD
:10E53000B8FF20464FF48871FFF785FA3046422134
:10E54000FFF781FAD037BD46BDE8F0812DE9F041F3
:10E55000B4B000AFADF54A7D0DF11F0424F01F04E7
:10E5600004F5307680460B46B64601F1400C18683B
:10E570005968754603C508336345AE46F7D184F83C
:10E5800000233846120A84F80123FFF734FF31468E
:10E5900038464222FFF739FF3846FFF743FF3A4635
:10E5A00020464FF42A71FFF758FF21464046FFF7F7
:10E5B0001FFA3846FFF775FF20464FF42A71FFF720
:10E5C00042FA30464221FFF73EFAD037BD46BDE859
:10E5D000F0812DE9F04F83B000AF98B00DF11F042A
:10E5E00024F01F04994682460E467A6001F5806346
:10E5F000254601F5846E186859682A4603C2083317
:10E6000073451546F7D100257B689A8819682A4416
:10E61000484692B2FFF79AFF4846FFF77DFAD04688
:10E620004FF0000B84F8205084F821B045B94046E3
:10E630002146FFF708FE40464946FFF76FF90BE019
:10E6400030462146FFF7FFFD30464946FFF766F9A1
:10E6500040463146FFF73AFB0BF1010BBBF1060FC9
:10E6600008F58068DED10135052DCDD14021204649
:10E67000FFF7E9F95046FFF7A4FC5046FFF7B9FC55
:10E680000C37BD46BDE8F08F2DE9F043B7B000AFC1
:10E690000C46AAB0804607F10800FFF7ACFE0DF16A
:10E6A0001F062146302207F10800FFF7AEFE26F0D4
:10E6B0001F0607F10800FFF7B5FE3046882107F175
:10E6C0000802FFF7CAFE002400254FF0000916F8E3
:10E6D00009004FEAC902002113F0B6FD09F1010952
:10E6E000B9F1080F40EA040041EA050102D00446EE
:10E6F0000D46ECE7C7E900014FF480624046002177
:10E7000014F0ECFB4D46CF24872D2B4606D930461E
:10E71000882107F10802FFF7A0FE002316F803E0A6
:10E72000A64503F10105EFD858F82E3048F82430FB
:10E73000D7E9002301201040001801345B084FEA9C
:10E740003202C0F10100B4F5807F48F82E00C7E91D
:10E750000023D9D107F10800FFF7A3FE3046882136
:10E76000FFF771F938460821FFF76DF9DC37BD4630
:10E77000BDE8F0832DE9F043B5B0914698463D9D44
:10E780003F9C074668460E46FFF735FE68464946F9
:10E790004246FFF73AFE25B168463C992A46FFF704
:10E7A00034FE24B168463E992246FFF72EFE6846A5
:10E7B000FFF738FE31466A463846FFF74EFE684698
:10E7C000FFF76FFE6846D021FFF73DF935B0BDE891
:10E7D000F083FFFF2DE9F04F87B004AFADF5715D19
:10E7E0008AB00DF12F0424F01F0404F5715604F5CE
:10E7F000C059824688463260396BB38032464B46F8
:10E800002046FFF7E6FE2046FFF7E7FB4846214695
:10E81000FFF7FBFB50464946FFF705FC002504F5D2
:10E8200070514FF440734246084604F550587960E1
:10E83000019330214023CDF800A002950395FFF706
:10E8400099FF40467968FFF71FFF4046FFF764F9DC
:10E85000A8467A6B116804F5405501EBC8112846AB
:10E86000FFF76BFB2846FFF757F904F5505319469D
:10E8700028463B60FFF752F82846FEF7DFFFB288D4
:10E88000316804F5605342449B46184692B2FFF744
:10E890005DFE59462846FFF719FA2846FFF704FAA5
:10E8A00028464649FFF75AF8834610B14FF0FF3526
:10E8B0005BE042465046294608F10108FFF76EFB2F
:10E8C000B8F1050FC5D1D846BA6B116804F560558B
:10E8D00001EBC8112846FFF730FB2846FFF71CF96B
:10E8E00039682846FFF71AF804EB882B2846FEF70C
:10E8F000A5FF29465846FFF7F4F95846FFF7D4F923
:10E9000058462F49FFF72AF80028CFD1F96B0B683A
:10E910004FF4D07101FB08312846FFF770FA284602
:10E92000FFF7FAF839682846FEF7F8FF2846FEF7A1
:10E9300085FF2846FFF7B8F928462249FFF70EF869
:10E940000028B3D15846294608F10108FFF7BEF95F
:10E95000B8F1060FB8D150467968FFF75CF9504618
:10E9600021464A46FFF760F9054604F540504FF44A
:10E970008061FFF768F838684FF48061FFF763F84B
:10E9800020464FF4C051FFF75EF848464FF4C0519F
:10E99000FFF759F804F560504FF48061FFF753F822
:10E9A00030460821FFF74FF878683021FFF74BF821
:10E9B00028460C37BD46BDE8F08F00BF3CFF07007E
:10E9C0003CFE030000FF03002DE9F04F8BB004AFC5
:10E9D000ADF5B16D0DF12F0424F01F047B6104F53A
:10E9E000AC6304F5886C3B61009304F58466FB6CB2
:10E9F000F86004F5906B04F5A86804F5A469B960A3
:10EA00000293614643469246CDF8049030465A46FA
:10EA1000C7F804C0FFF7D6F83B6DD7F804C004F57B
:10EA2000946573B93B6C00937B6C019340217B69C7
:10EA30000393CDF808A0284662460B46FFF79AFEDE
:10EA40000BE05346AE460AF1400C1868596872460E
:10EA500003C2083363459646F7D104F59C637B6196
:10EA6000BB6C0093402120235A460193039178699F
:10EA70000295FFF77FFE20463146FFF727FB4FF058
:10EA8000000B3B6901930094CDF80890CDF80C8001
:10EA9000F8687A6929465B46FFF79CFE824620B9F2
:10EAA000BB6840F6ED421A6014E0B0F1FF3F09D1B7
:10EAB0000BF1050B1FFA8BFB4FF6FA739B45E0D168
:10EAC0006FF0030ABB68F8680021196040F6ED4258
:10EAD00014F004FA48460421FEF7B5FF404604212D
:10EAE000FEF7B1FF38690421FEF7ADFF20464FF471
:10EAF0008461FEF7A8FF30464FF48071FEF7A3FF54
:10EB000050461C37BD46BDE8F08F2DE9F04F87B069
:10EB100006AFE8B00DF1370424F01F0489469A4689
:10EB20000021FB6A009380469346019120460A46E5
:10EB3000BB6AFFF7D7FA04F5B0760546D0B1304688
:10EB40002021F7F727FEC0B93B6B03938DE87000D7
:10EB50000490494640465A465346FFF735FF05465E
:10EB600070B10021C9F80010404640F6ED4214F0A3
:10EB7000B5F905E04FF0FF35F3E76FF00205F0E778
:10EB800030462021FEF75FFF20464FF4A671FEF7C6
:10EB90005AFF28460437BD46BDE8F08FF0B5B5B042
:10EBA0001E461746054668460C46FFF724FC3946C4
:10EBB00032466846FFF729FC6846FFF733FC2846D3
:10EBC00021466A46FFF749FC6846FFF76AFC35B004
:10EBD000F0BD2DE9F04F85B0ADF53455A5F1080332
:10EBE0001F3525F01F0502AF05F5335678608A46BC
:10EBF0009D46344602F1200E10685168234603C337
:10EC0000083272451C46F7D1062386F8203005F5F8
:10EC10003054052386F821302046802132462223B5
:10EC2000FFF7BCFF4FF0000905F5C05808EB89203D
:10EC30005FFA89F204F1200109F10109FFF734FCC0
:10EC4000B9F1050FF0D14FF0000B0BF1050204F103
:10EC5000200905EB8B204946D2B20BF1010BFFF7DF
:10EC600023FCBBF1060FF0D150464146FFF72BFACB
:10EC70004046FFF79AF97A68A646734603CB4B45A0
:10EC8000106051609E4602F10802F6D100947B6844
:10EC90000AF5C06103F1200042462B46FFF755FB01
:10ECA00005F53259834670B9484640217A684FF4D9
:10ECB000F463FFF773FF0095504621464A4604F17E
:10ECC0006003FFF7CCF928464FF4C051FEF7BBFEB6
:10ECD00040464FF4A051FEF7B6FE48464021FEF7ED
:10ECE000B2FE30462221FEF7AEFE20468021FEF71E
:10ECF000AAFE58460C37BD46BDE8F08F0023F0B59C
:10ED00001C461D46934206D0CF5CC65C7E40354310
:10ED100074400133F6E7684284EA2040C0B26040A4
:10ED2000F0BD00EB400303EBC30303EBC30300EBB5
:10ED300003234FF2FF2213FB020000147047FFFF72
:10ED400037B500F1800200230093019331F913409D
:10ED5000164D6C4304F10064240F0DF80340013399
:10ED6000082BF3D19DF801409DF8003043EA0413CD
:10ED700003709DF803409DF8023043EA041343708A
:10ED80009DF805409DF8043043EA041383709DF814
:10ED900007409DF8063043EA0413C37004309042E4
:10EDA00001F11001CFD103B030BD00BFB0AF1300EF
:10EDB0002DE9F7434FF000084FF0000C01EB08037A
:10EDC000DFF86C9033F90C60A6FB0923F7170032CB
:10EDD00009FB073343F101035C08C4F309032DF871
:10EDE0000C300CF1020CBCF1080FE7D1BDF800208B
:10EDF000BDF802300270120A42EA83024270BDF886
:10EE000004209B0943EA02138370BDF806301209FF
:10EE100008F1080842EA8312B8F5007F4FEA93032D
:10EE2000C270037100F10500C6D103B0BDE8F083E4
:10EE300000BC7D9D10B50023CC5C40F6015204F06F
:10EE40000F045443083424090480CC5C2409624331
:10EE5000083201331209802B428000F10400EBD10B
:10EE600010BD37B50023CA18CD5C547845EA042597
:10EE7000C5F30905ADF800509578A40844EA851457
:10EE8000C4F30904ADF80240D47812792D0945EA9B
:10EE90000415A40944EA8204C5F30905ADF8045039
:10EEA000ADF8064000223DF8024040F601556C43A3
:10EEB00004F50074A40A84520232082AF3D10533FF
:10EEC000B3F5A07F00F10800CDD103B030BD10B57F
:10EED0000023CA18CC5A528804700433240A44EA26
:10EEE0000214B3F5007F4FEA12124470827000F1F1
:10EEF0000300EED110BD70B500234A788D7811F86B
:10EF0000036B1402C4F30B043443C4521209C41833
:10EF1000043342EA0512B3F5007F6280EDD170BD83
:10EF2000F8B50E46054600240C4B70882344023485
:10EF3000B3F8807010FB07F0FFF7F3FE2880F0882D
:10EF40007F4210FB07F0FFF7ECFE802C688006F193
:10EF5000080605F10405E7D1F8BD00BF005902001D
:10EF60002DE9F04F814685B0002439F9040040F2C4
:10EF7000A1535843FFF7D5FE29F804000234B4F535
:10EF8000007FF2D10725274A02234FF48077AB4058
:10EF9000EF4013446FF001027A4309EB47060392F6
:10EFA0004FF00008DDF80CA033F8022D0292B244B5
:10EFB000C346002408EB0702934524D23AF8042004
:10EFC000315B114489B21FFA81FC44F6BF6E4FF0E9
:10EFD00000701CFB0E00801600EB400E00EB8E0E46
:10EFE00000EB0E20091A2AF80410315B0193881AED
:10EFF000029A10FB02F0FFF794FE0BF1010B305365
:10F00000019B0234D6E702EB07086FF00506B8F162
:10F01000FF0F06FB17A6C5D9013DB4D105B0BDE869
:10F02000F08F00BF005902002DE9F84F9B460646BD
:10F030008F1C90464FF0000900252C462846AA4612
:10F040000BEB09023B5B525B08F1020E13FB020063
:10F05000BA1E3EF804E0115B38F8042004F5007491
:10F0600011FB0EAAB4F5C06F11FB020013FB02AA3C
:10F0700005F58075E4D1FFF754FE30805046FFF768
:10F0800050FE09F10209B9F5807F708007F104078D
:10F0900006F1040608F10408CED1BDE8F88FFFFFA1
:10F0A0002DE9F04FD0E90023ADF5317DD0E90245DF
:10F0B000D0E90467D0E906ABCDE90A23D0E90823FB
:10F0C000CDE90C45CDE90E67D0E90A45D0E90C67DA
:10F0D000CDE910ABCDE91223D0E90EABD0E9102376
:10F0E000CDE91445CDE91667D0E91245D0E914679A
:10F0F000CDE918ABCDE91A23D0E916ABD0E9182336
:10F10000CDE91C45CDE91E67D0E91A45D0E91C6759
:10F11000CDE920ABCDE92223D0E91EABD0E92023F5
:10F12000CDE92445CDE92667CDE928ABCDE92A23F1
:10F13000D0E92245D0E92467D0E926ABD0E92823DD
:10F14000CDE92C45CDE92E67CDE930ABCDE93223B1
:10F15000D0E92A45D0E92C67D0E92EABD0E930239D
:10F16000CDE93445CDE93667CDE938ABCDE93A2371
:10F170000349044D1031A94200F0F18704E000BFBB
:10F18000005A0200D05A0200DDE90A45DDE914AB5D
:10F19000DDE91E67DDE928238AEA040A8BEA050B0C
:10F1A000DDE932458AEA060A8BEA070B8AEA020A97
:10F1B000DDE90C678BEA030BDDE9168984EA0A04B2
:10F1C00085EA0B05DDE920ABDDE92A23CDE902451F
:10F1D00088EA0608DDE9344589EA070988EA0A0869
:10F1E00089EA0B0988EA020889EA030988EA04081F
:10F1F00089EA0509DDE90E67DDE91845DDE922AB9D
:10F20000DDE92C2374407D40DDE9366784EA0A0499
:10F2100085EA0B055440DDE910AB5D40DDE91A23BA
:10F2200066406F40DDE92445CDE90867DDE92E67DA
:10F2300082EA0A0283EA0B03DDE938AB62406B40E5
:10F240007240DDE912457B40DDE91C6782EA0A0273
:10F2500083EA0B03DDE926AB66406F404FEA480CBA
:10F26000DDE930454CEAD97C86EA0A0687EA0B07D5
:10F27000DDE93AABCDF870C24FEA490C66404CEA82
:10F28000D87C8AEA060ACDF874C29CAE6F40D6E9F3
:10F2900000458BEA070B089FCDE900AB84EA0A041E
:10F2A000DDF824A04FEA470C85EA0B054CEADA7C2E
:10F2B000CDE90445CDF878C24FEA4A0C4CEAD77C38
:10F2C000CDF87CC29EACDDE902ABD4E900674FEA21
:10F2D000420C4CEAD37CCDF880C24FEA430C86EA5C
:10F2E0000A0687EA0B074CEAD27CCDE90667CDF81F
:10F2F00084C2A0AFD7E90067DDF800A0DDF804B054
:10F30000029D89EA07094FEA4A0C4FEA4B074CEA8B
:10F31000DB7C47EADA77CDF888C2A397A2AC88EA0B
:10F320000608DDE908ABD4E9006786EA0A0687EA41
:10F330000B07CDE90867039E6C0044EAD674A494D9
:10F34000740044EAD574A594A4ACD4E900ABDDE91B
:10F350000A67DDE904458AEA020A8BEA030B744076
:10F360007D40DDE90623DDE9166772407B40160D1E
:10F3700046EA03361B0D43EA02333D93DDE92223BF
:10F3800082EA080283EA09033C96560D46EAC32640
:10F390005B0D43EAC2233E963F93DDE92E67DDE92C
:10F3A000082372407B40560546EAD3265B0543EAB4
:10F3B000D2234193DDE93A2382EA0A0283EA0B036E
:10F3C0004096960346EA93469B0343EA924342964D
:10F3D000439351E9042382EA040683EA0507CDE951
:10F3E0000A67DDE93E23DDE93C6722EA060623EAF7
:10F3F0000707DDE90A2372407B4040AFD7E9006789
:10F40000CDE90A23DDE93E2326EA020227EA0303C7
:10F41000DDE93C6756405F40CDE9226740AF42AE30
:10F42000D7E90023D6E9006726EA020227EA0303A8
:10F43000DDE93E6756405F40CDE93A6742AED6E926
:10F44000002324EA020225EA0303CDE9162340AA99
:10F45000D2E90067DDE9162356405F40CDE9166723
:10F46000DDE93C6726EA040442AED6E9002327EA38
:10F47000050562406B40CDE92E23DDE91045DDE94D
:10F48000082362406B40140744EA13141B0743EA45
:10F4900012134593DDE91C2382EA0A0283EA0B0377
:10F4A0004494140544EA13341B0543EA1233DDE99E
:10F4B0001E674793DDE9042372407B404694D400E5
:10F4C00044EA5374DB0043EA527348944993DDE9FC
:10F4D0002A45DDE9062362406B40D40C44EA4334FC
:10F4E000DB0C43EA42334B93DDE9362382EA080220
:10F4F0004A9483EA0903D40844EA4374DB0843EAE4
:10F50000427346AF48AE4D93D7E90023D6E9006772
:10F5100026EA020244AE4C94D6E9004527EA0303EA
:10F5200054405D404AAA48ABCDE92A45D3E900459D
:10F53000D2E9002322EA040446AAD2E9006723EABA
:10F54000050566406F404CAC4AADD5E90023D4E9CF
:10F55000004524EA020248ACCDE91067D4E900670F
:10F5600025EA030356405F40CDE91E674CAF44AE29
:10F57000D7E90045D6E9006726EA04044AAED6E991
:10F58000002327EA050562406B4046AC44ADCDE957
:10F590003623D5E90023D4E9004524EA02024CAC25
:10F5A000D4E9006725EA030356405F40DDE90645DC
:10F5B000CDE91C67DDE90C6774407D40630043EAD8
:10F5C000D5734E936B0043EAD4734F93DDE9182350
:10F5D00082EA080283EA0903940144EA93649B01E6
:10F5E00043EA926350945193DDE92445DDE9082311
:10F5F00062406B40540644EAD3145B0643EAD213DC
:10F600005393DDE9302382EA0A02529483EA0B0322
:10F61000140244EA13641B0243EA12635593DDE9C2
:10F620003267DDE90423724054947B40940444EA39
:10F6300093349B04569443EA923350AD52AC5793A3
:10F64000D5E90023D4E9004524EA02024EACD4E90E
:10F65000006725EA030356405F40CDE9186752AFC3
:10F6600054AED7E90023D6E9006726EA020250AE7D
:10F67000D6E9004527EA030354405D4056AA54AB3F
:10F68000CDE93045D3E90045D2E9002322EA04045C
:10F6900052AAD2E9006723EA050566406F404EACE6
:10F6A00056ADD5E90023D4E9004524EA020254AC62
:10F6B000CDE90C67D4E9006725EA030356405F40B3
:10F6C000CDE924674EAF50AED7E90023D6E90067F5
:10F6D00026EA020256AED6E9004527EA0303544063
:10F6E0005D40DDE9122382EA0A02CDE9324583EA70
:10F6F0000B03D40644EA5314DB0643EA521358942E
:10F700005993DDE91445DDE9042362406B40140F91
:10F7100044EA03141B0F43EA02135B93DDE92067FD
:10F72000DDE9062372405A947B40940244EA9354E4
:10F730009B0243EA92535D93DDE92C2382EA08029F
:10F740005C9483EA0903D40344EA5344DB0343EAA9
:10F7500052435E945F93DDE93845DDE9082362405A
:10F760006B40140A44EA03641B0A43EA02635AAF7B
:10F770005CAE6193D7E90023D6E9006726EA02026E
:10F7800058AE6094D6E9004527EA030354405D4033
:10F79000CDE938455CAD5EACD5E90023D4E9004540
:10F7A00024EA02025AACD4E9006725EA0303564072
:10F7B0005F40CDE914675EAF60AED7E90023D6E9BC
:10F7C000006726EA02025CAED6E9004527EA030399
:10F7D00054405D40CDE92C4560AD58ACD5E90023DF
:10F7E000D4E9004524EA02025EACD4E9006725EAC8
:10F7F000030356405F40CDE9126758AF5AAED7E9D0
:10F800000023D6E9006726EA020260AED6E9004589
:10F8100027EA030354405D40CDE92045DDE90E238E
:10F8200088EA0208DDE91A6789EA0309DDE9084583
:10F830004FEA980343EA897362934FEA990374404D
:10F8400043EA887363937D40630A43EAC553649334
:10F850006B0A43EAC4536593DDE9262382EA0A0270
:10F8600083EA0B03540E44EAC3145B0E43EAC2134B
:10F870006793DDE928ABDDE9042382EA0A02669496
:10F8800083EA0B03D40D44EA4324DB0D43EA42230D
:10F8900068946993DDE93445DDE9062362406B40F5
:10F8A000940044EA93749B0043EA927364AF66AE9B
:10F8B0006A946B9362ACD7E90023D6E90067D4E978
:10F8C00000AB26EA020227EA030368AE66AF8AEAC3
:10F8D000020A8BEA030B64ACD7E90023D6E9006780
:10F8E000CDE926ABD4E900AB26EA020227EA0303FE
:10F8F0006AAE68AF8AEA020A8BEA030B66ACD7E904
:10F900000023D6E90067CDE934ABD4E900AB26EAA1
:10F91000020227EA030362AE6AAF8AEA020A8BEAAE
:10F92000030B68ACD7E90023D6E90067CDE91AAB31
:10F93000D4E900AB26EA020227EA03038AEA020AB4
:10F940008BEA030B62AF64AECDE928AB6AACD7E9B2
:10F950000023D6E90067D4E900AB26EA020227EAD1
:10F9600003038AEA020A8BEA030BDDE90A67CDE9A1
:10F970000EABDDE92AABDDE91823DDE938458AEA7B
:10F98000060A8BEA070BDDE926678AEA020A8BEA98
:10F99000030B8AEA040A8BEA050B86EA0A0687EA61
:10F9A0000B07DDE91089DDE922ABDDE93023DDE974
:10F9B000144588EA0A0889EA0B09CDE9026788EA52
:10F9C0000208DDE9346789EA0309DDE93AAB88EA30
:10F9D000040889EA0509DDE91E45DDE90C2388EA0A
:10F9E000060889EA0709DDE92C6784EA0A0485EA42
:10F9F0000B05DDE91AAB54405D4074407D408AEA56
:10FA0000040A8BEA050BDDE93623DDE91645DDE95D
:10FA10002467CDE908ABDDE912AB62406B40DDE95C
:10FA2000284572407B4082EA0A02DDE91C6783EACE
:10FA30000B03DDE932AB62406B40DDE92E4586EA1F
:10FA40000A0687EA0B07DDE920AB66406F40DDE977
:10FA50000E454FEA480C86EA0A0687EA0B074CEA8D
:10FA6000D97C74407D40CDF898C24FEA490CCDE96D
:10FA700000454CEAD87CA6ACCDF89CC2D4E900671E
:10FA8000DDE9004566406F40089DCDE90467099EA9
:10FA90004FEA450C4CEAD67CCDF8A0C24FEA460CA2
:10FAA0004CEAD57CCDF8A4C2A8AFD7E90045DDE982
:10FAB00002674FEA420C74407D404CEAD37CCDE9AA
:10FAC0000645019E009DCDF8A8C24FEA430C4CEAC2
:10FAD000D27CCDF8ACC277004FEA450C47EAD57727
:10FAE000AAAC4CEAD67CD4E900ABAD97CDF8B0C255
:10FAF000ACAFD7E90045DDE9086788EA0A08DDF818
:10FB000008A089EA0B097440DDF80CB07D40CDE90E
:10FB100008454FEA4A0444EADB74AE944FEA4B04CA
:10FB200044EADA74AF94AEAFD7E900ABDDE90A4539
:10FB30008AEA020A8BEA030BDDE90423DDE9106798
:10FB400062406B40DDE9064574407D40260D46EA83
:10FB500005362D0D45EA04356D95DDE90C4584EA41
:10FB6000080485EA09056C96660D46EAC5266D0D02
:10FB700045EAC4256E966F95DDE91267DDE9084513
:10FB800074407D40660546EAD5266D0545EAD425D4
:10FB90007195DDE90E4584EA0A04709685EA0B0545
:10FBA000A60346EA9546AD0345EA9445739551E9A7
:10FBB0000245729685EA030784EA02066CAD6EACD4
:10FBC000CDE90A67D5E90067D4E9004524EA0606CD
:10FBD00025EA0707DDE90A4574407D40CDE90A457D
:10FBE0006EAD70ACD5E90067D4E9004524EA06069D
:10FBF00025EA0707CDE90C676CAED6E90045DDE9DB
:10FC00000C6774407D4072AE70AFCDE90C45D7E90A
:10FC10000045D6E9006726EA040427EA0505CDE990
:10FC20000E456EACD4E90067DDE90E4566406F40D5
:10FC300072ACCDE90E67D4E9006722EA060623EA32
:10FC40000707CDE9106770AED6E90045DDE910671A
:10FC500074407D40CDE910456CADD5E9004524EAFE
:10FC6000020272ACD4E9006725EA030356405F4004
:10FC7000CDE91267DDE90823DDE9166772407B40B4
:10FC8000140744EA13141B0743EA12137494759380
:10FC9000DDE91C2382EA0A0283EA0B03140544EA25
:10FCA00013341B0543EA123376947793DDE9184544
:10FCB000DDE9042362406B40D40044EA5374DB0066
:10FCC00043EA52737993DDE91467DDE90623724054
:10FCD00078947B40D40C44EA4334DB0C43EA42334F
:10FCE0007B93DDE91A2382EA08027A9483EA090306
:10FCF000D40844EA4374DB087C9443EA427376AD4B
:10FD000078AC7D93D5E90023D4E9004524EA0202CA
:10FD100074ACD4E9006725EA030356405F40CDE99F
:10FD2000146778AF7AAED7E90023D6E9006726EAF0
:10FD3000020276AED6E9004527EA030354405D404F
:10FD4000CDE916457AAD7CACD5E90023D4E9004570
:10FD500024EA020278ACD4E9006725EA030356409E
:10FD60005F40CDE918677CAF74AED7E90045D6E9AE
:10FD7000006726EA04047AAED6E9002327EA0505DF
:10FD800062406B4076AC74ADCDE91A23D5E900230F
:10FD9000D4E9004524EA02027CACD4E9006725EAF4
:10FDA000030356405F40CDE91C67DDE92267DDE9CA
:10FDB000062372407B40540044EAD3745B0043EA5C
:10FDC000D2737F93DDE91E2382EA08027E9483EAE0
:10FDD0000903940144EA93649B0143EA926380948B
:10FDE0008193DDE92445DDE9082362406B40540638
:10FDF00044EAD3145B0643EAD2138393DDE920235C
:10FE000082EA0A02829483EA0B03140244EA13642E
:10FE10001B0243EA12638593DDE92667DDE90423CB
:10FE2000724084947B40940444EA93349B04869407
:10FE300043EA923380AD82AC8793D5E90023D4E9BD
:10FE4000004524EA02027EACD4E9006725EA0303F8
:10FE500056405F40CDE91E6782AF84AED7E90023EC
:10FE6000D6E9006726EA020280AED6E9004527EA15
:10FE7000030354405D40CDE9204584AD86ACD5E90F
:10FE80000023D4E9004524EA020282ACD4E90067E9
:10FE900025EA030356405F40CDE9226786AF7EAE78
:10FEA000D7E90023D6E9006726EA020284AED6E944
:10FEB000004527EA030354405D40CDE924457EAD6B
:10FEC00080ACD5E90023D4E9004524EA020286ACDF
:10FED000D4E9006725EA0303DDE92E4584EA0A0434
:10FEE00085EA0B055F40E30643EA55138893EB066A
:10FEF000564043EA54138993CDE92667DDE904238C
:10FF0000DDE92A6772407B40140F44EA03141B0F9B
:10FF100043EA02138A948B93DDE93045DDE9062339
:10FF200062406B40940244EA93549B0243EA92532A
:10FF30008D93DDE92C2382EA08028C9483EA09037D
:10FF4000D40344EA5344DB0343EA5243DDE9286720
:10FF50008F93DDE9082372408E947B40140A44EAB3
:10FF600003641B0A909443EA02638AAD8CAC9193BC
:10FF7000D5E90023D4E9004524EA020288ACD4E99B
:10FF8000006725EA030356405F40CDE928678CAF40
:10FF90008EAED7E90023D6E9006726EA02028AAED0
:10FFA000D6E9004527EA030354405D40CDE92A45E0
:10FFB0008EAD90ACD5E90023D4E9004524EA0202D5
:10FFC0008CACD4E9006725EA030356405F40CDE9D5
:10FFD0002C6790AF88AED7E90023D6E9006726EA00
:10FFE00002028EAED6E9004527EA030354405D4085
:10FFF000CDE92E4588AD8AACD5E90023D4E900458A
:020000021000EC
:1000000024EA020290ACD4E9006725EA03035640D3
:100010005F40CDE93067DDE93A6788EA060889EA9A
:1000200007094FEA980343EA897392934FEA9903C9
:1000300043EA88739393DDE90845DDE936235440AC
:100040005D40630A43EAC55394936B0A43EAC45381
:100050009593DDE9322382EA0A0283EA0B03540E08
:1000600044EAC3145B0E43EAC21396949793DDE906
:100070003845DDE9042362406B40D40D44EA432453
:10008000DB0D43EA4223DDE934679993DDE906237A
:10009000724098947B40940044EA93749B009A9435
:1000A00043EA927394AC9B93D4E9002396ACD4E9D1
:1000B00000AB92ACD4E900672AEA02022BEA030300
:1000C00056405F40CDE9326798AED6E9006794AC00
:1000D00026EA0A0227EA0B03D4E900AB98AF9AAEEE
:1000E0008AEA020A8BEA030B96ACD7E90023D6E929
:1000F0000067CDE934ABD4E900AB26EA020227EA77
:1001000003038AEA020A8BEA030B9AAF92AECDE9A7
:1001100036AB98ACD7E90023D6E90067D4E900AB49
:1001200026EA020227EA030394AE92AF8AEA020AA1
:100130008BEA030B9AACD7E90023D6E90067CDE937
:1001400038ABD4E900AB26EA020227EA03038AEAC5
:10015000020A8BEA030BCDE93AABFFF70AB8DDE9F7
:100160000A67DDE90CABDDE90E23DDE91045C0E9E6
:100170000067DDE91267C0E902ABC0E90423DDE9ED
:1001800014ABDDE91623C0E90645C0E90867DDE9DF
:100190001845DDE91A67C0E90AABC0E90C23DDE9BF
:1001A0001CABDDE91E23C0E90E45C0E91067DDE99F
:1001B0002045DDE92267C0E912ABC0E91423DDE97F
:1001C00024ABDDE92623C0E91645C0E91867DDE95F
:1001D0002845DDE92A67C0E91AABC0E91C23C0E95C
:1001E0001E45C0E92067DDE92CABDDE92E23DDE902
:1001F0003045DDE93267C0E922ABC0E92423C0E91C
:100200002645C0E92867DDE934ABDDE93623DDE9C1
:100210003845DDE93A67C0E92AABC0E92C23C0E9DB
:100220002E45C0E930670DF5317DBDE8F08F00BF88
:1002300010B50A460021044612F050FE10BDFFFF23
:100240002DE9F74F4FF4807828FA01F84FF0010BB1
:1002500001390BFA01FB174B0BF1FF3B4FEA480A40
:1002600003EB4B0B054600263BF8022F05EB0A0774
:10027000B146002406EB0803994511D2385B019280
:1002800010FB02F0FEF74DFD2B5B019A80B21B1AAA
:100290003B532B5B1844285309F101090234E9E769
:1002A00003EB0806FF2E07EB0A05DDD903B0BDE816
:1002B000F08F00BF00590200F0B50025FF2923D8B8
:1002C00003359D4220D8541914F8027C14F803CC4D
:1002D00014F8016C4CEA072CCCF30B0CBCF5506FF6
:1002E00006DC4C1CB4F5807F20F811C00AD02146F2
:1002F0003F0947EA0616B6F5506FDABF20F81160DD
:100300004C1C0C462146D9E70846F0BD10B5002329
:10031000C45A4FF0007244F6BF6114FB01218916E4
:1003200001EB410201EB820201EB0222A21A92B21E
:1003300011B2090C494202F60154544004EA214129
:100340004A40C2520233B3F5007FE1D110BD70B50F
:10035000002200EB0215002301249C408E5C3440F7
:100360006442261440F28164344025F8134001337E
:10037000082BF1D10132202AEBD170BD70B50023DA
:100380000022C25401EB031636F91240074D6C43AC
:1003900004F18044C55CE40F944001322C43082AE8
:1003A000C454F1D10133202BEAD170BDB8AF130092
:1003B00010B50023CC5AC25A2244C2520233B3F5BC
:1003C000007FF7D110BD10B50023C45ACA5AA21A33
:1003D000C2520233B3F5007FF7D110BD38B50546E0
:1003E0000C46FEF7E5FC05F5A07004F50071FEF77C
:1003F000DFFC05F5207004F58061BDE83840FEF7AC
:10040000D7BC38B505460C46FEF72BFD05F5007048
:1004100004F5A071FEF725FD05F5806004F5207157
:10042000BDE83840FEF71DBD38B505460C46FEF761
:100430004EFD05F5C07004F50071FEF748FD05F5A9
:10044000407004F58061BDE83840FEF740BD38B526
:1004500005460C46FEF74FFD05F5007004F5C0712A
:10046000FEF749FD05F5806004F54071BDE83840B0
:10047000FEF741BDF8B50646002437190125294687
:1004800038460135FFF7DCFE082DF8D104F500747D
:10049000B4F5C06FF1D1F8BD10B50446FEF760FDAC
:1004A00004F50070FEF75CFD04F58060BDE81040C7
:1004B000FEF756BD38B505460C46FEF731FD05F58D
:1004C000807004F50071FEF72BFD05F5007004F552
:1004D0008061BDE83840FEF723BD2DE9F04700AF4D
:1004E000ADF5995D0DF11F0424F01F0404F5C065FE
:1004F00004F588568246884628469146FFF781FFD4
:10050000304608F57071FEF795FC49462046FFF726
:100510009EFF04F540692846FFF7ACFF04F57068BC
:1005200048462946FFF7C6FF2A464B462146404625
:10053000FEF77AFD4046FEF713FD41463046FFF7D1
:1005400042FF3046FFF7E2FE50463146FFF716FF06
:1005500048464FF44071FFF76BFE40464FF4007180
:10056000FFF766FE30464FF40071FFF761FE20464C
:100570004FF4C061FFF75CFE28464FF4C061FFF7FF
:1005800057FE0020BD46BDE8F08710B50446FFF7D2
:10059000BDFE04F50070FFF7B9FE04F58060BDE80C
:1005A0001040FFF7B3BE38B505460C46FFF700FF15
:1005B00005F5007004F50071FFF7FAFE05F580609F
:1005C00004F58061BDE83840FFF7F2BEF8B5074694
:1005D00000257E190024305F40F249535843FEF74E
:1005E000A0FB30530234B4F5007FF4D105F500755B
:1005F000B5F5C06FEDD1F8BDF0B50023CA18CD5CDC
:1006000094785678D278240444EA06242C4344EAA9
:100610000262540802F0553504F055342C4400EBC6
:1006200083060022550024FA05F7023524FA05F561
:1006300007F0030705F003057D1BB5520232102AAF
:10064000F0D10433802BD9D1F0BDE021FFF7F0BD0C
:100650004FF44871FFF7ECBD10B5024400249C42F2
:1006600003D0105D08550134F9E710BD2DE9F047BE
:10067000099D0A9C089F0646914698462A462346AD
:10068000FFF7EAFF06F1C80049462A462346FFF76E
:10069000E3FF06F5C87041462A462346FFF7DCFF14
:1006A00006F5167039462A462346BDE8F047FFF79F
:1006B000D3BF2DE9F04105460C46174698467CB15C
:1006C000444534BF264646463846FEF7E9FC2946EF
:1006D000384600223346FFF7BFFF3544A41BEEE740
:1006E000BDE8F08170B505460C4616465CB1304653
:1006F000FEF7D6FC294630460022A823FFF7ACFFC0
:10070000A835013CF2E770BD30B5024400249C429C
:1007100005D00D5D105D684010550134F7E730BD20
:100720002DE9F047099D0A9C089F06469146984688
:100730002A462346FFF7E8FF06F1C80049462A4645
:100740002346FFF7E1FF06F5C87041462A462346D7
:10075000FFF7DAFF06F5167039462A462346BDE84C
:10076000F047FFF7D1BF2DE9F8431E4607468846FC
:1007700091460023FA18083300240025C82BC2E94B
:100780000045F7D146450CD349463846002243463A
:10079000FFF7BAFF3846FEF783FCC8EB0606C144F4
:1007A000F0E72EB13846494600223346FFF7ACFF4A
:1007B00008F1FF38464509D19DF8203063F07F03EA
:1007C0008DF82030384608A932460BE0384608A993
:1007D00032460123FFF798FF80238DF820303846FA
:1007E00008A942460123FFF78FFFBDE8F88313B540
:1007F00013460C461F220092A8212246FFF7B3FFA2
:1008000002B010BD2DE9F04100AFADF5407D0DF116
:100810001F0424F01F0404F5007580462222284698
:10082000FFF7E5FF204603212A46FFF75BFF40461E
:10083000002122464FF4FC73FFF73EFDFF280646D9
:1008400009D8204601212A46FFF74CFF4046314691
:100850002246A823F0E72846FFF7F7FE20464FF48C
:10086000FC71FFF7E5FCBD46BDE8F081F0B583B053
:1008700002AFC0B00DF1270424F01F040D461F2164
:100880000646009120468821FFF76DFF3046294635
:1008900022468823FFF70DFF2046E021FFF7C8FC22
:1008A0000437BD46F0BD2DE9F04F83B000AFADF584
:1008B000487D1D460DF11F043B6B7A6024F01F0438
:1008C00083468A461A4604F5007E03F1200C106820
:1008D0005168764603C608326245B646F7D11A46D5
:1008E00004F5107E03F1200C10685168764603C6AB
:1008F00008326245B646F7D11A4604F5207E03F168
:10090000200C10685168764603C608326245B64628
:10091000F7D104F5307C664603F1200E186859685B
:10092000324603C2083373451646F7D197F8343080
:1009300084F8203297F8383084F8603297F83C30E9
:1009400084F8A03204F5007697F8403084F8E0325D
:10095000204680213246212304F18009C7F800C0D7
:1009600004F58078FFF782FF4846802104F5107275
:100970002123FFF77BFF4046802104F520722123CD
:10098000FFF774FFD7F800C035B104F5C0708021BF
:1009900062462123FFF76AFF58462146FFF72CFEE7
:1009A00050464946FFF728FE78684146FFF724FE87
:1009B00025B1284604F5C071FFF71EFE20464FF40E
:1009C0000071FFF735FC30464FF48071FFF730FCC3
:1009D0000C37BD46BDE8F08F30B5B5B00D461346B7
:1009E00006220446009202A82A468821FFF7BBFE91
:1009F000204602AA88232021FFF75BFE02A8C82117
:100A0000FFF716FC35B030BDB0B500AF90B00DF1BA
:100A10001F04054624F01F04204605F590614FF49D
:100A20009462FFF7D9FF2146202205F51260FEF7F8
:100A300065F9202105462046FFF7FAFB281C18BF60
:100A400001204042BD46B0BD30B5B5B00D4613469D
:100A500006220446009202A82A464821FFF783FE98
:100A6000204602AA48234021FFF723FE02A8C821FE
:100A7000FFF7DEFB35B030BD10B50446FEF710FBC6
:100A800004F1C800FEF70CFB04F5C870FEF708FB84
:100A900004F51670BDE81040FEF702BB2DE9F04FDB
:100AA00087B08046109D894692469B460024129A44
:100AB0000BEB0403059309EB04070AEB040308EBB3
:100AC000040614448DB111980493FFF7D5FF059ADD
:100AD00000920020129A019002921198049B3146D4
:100AE0003A46FFF7C3FD013DE1E707B0BDE8F08FEF
:100AF0001FB5069C0094079C0194A8240294FFF75C
:100B0000CDFF04B010BD2DE9F04D86B09B460F9F80
:100B1000109D1F2306460C4692468DF817304FF065
:100B200000080E9BA54207EB080043440BEB0802AC
:100B30000AEB0801A0440BD300900020019002941E
:100B40003046FFF7EDFD3046FFF796FF2D1BE8E737
:100B500035B100900020019002953046FFF7E0FD8E
:100B6000671EBD420DF117040AD19DF8173063F0DE
:100B70007F038DF8173001238DE8300002930FE0DA
:100B80008DE8300001252346029530462146224655
:100B9000FFF7C6FD8DE8900080238DF81730029591
:100BA0003046214622462346FFF7BAFD06B0BDE88F
:100BB000F08DF0B585B01C460E46154600214FF469
:100BC0004872074612F08AF900940A9C01940B9C23
:100BD00002943846A82132462B46FFF794FF05B011
:100BE000F0BD2DE9F04F89B002AFADF5346D7961FC
:100BF000396CFB600DF1270424F01F0401F1C003E0
:100C000004F500680093222382463A61404601F1D0
:100C10004002019301F18003FFF7CBFF04F500765A
:100C200004F5806504F5C06903238DE808013146A9
:100C30002A4620464B46FFF75BFF002122464FF431
:100C4000FC735046FFF738FB324600214FF4FC732B
:100C500080467869FFF730FB2A4600214FF4FC7389
:100C600006463869FFF728FB0546F86800214A4622
:100C70004FF4FC73FFF720FBB8F1FF0F81462FD82C
:100C8000012204F5007C04F5806304F5C06B00923A
:100C900004F500626146019220461A46BB605B463D
:100CA000C7F804C0FFF724FF41462246A823504658
:100CB000FFF702FBD7F804C031466246A8238046FE
:100CC0007869FFF7F9FA2946BA68A8230646386911
:100CD000FFF7F2FA494605465A46F868A823C9E7DD
:100CE000FF2ECDD9FF2DCBD9FF28C9D904F500603F
:100CF000FFF7AEFC20464FF40061FFF799FA1C376E
:100D0000BD46BDE8F08F2DE9F04182B002AFC8B01A
:100D10000DF127040546904624F01F0400230A46DF
:100D2000E01801F1200652F804EB40F804EBB2425F
:100D3000F9D14033B3F5807FF1D123460026032259
:100D4000B6FBF2F2D1B202EB4202B21AD2B2B8F161
:100D5000000F14D183F8202083F821100136042ECF
:100D600003F14003EBD105F5C0630094284605F577
:100D7000007105F58062FFF734FF234604E083F835
:100D8000201083F82120E9E70322B6FBF2F2D1B26A
:100D900002EB4202B21AD2B2B8F1000F25D183F8A9
:100DA000202083F821100136082E03F14003EBD1F7
:100DB00005F5406205F5006005F5206105F5606305
:100DC0000094FFF70EFF022305F58050214684F8BA
:100DD000203084F82130FFF715FD20464FF4807154
:100DE000FFF726FABD46BDE8F08183F8201083F8AE
:100DF0002120D8E72DE9F04F8BB006AFADF51E5D91
:100E00000DF1370424F01F0404F51D58F860B96093
:100E1000454602F12006106851682B4603C308328C
:100E2000B2421D46F7D14FF0030B04F51C5688F86B
:100E300020B0304641462122FFF706FE20463146CB
:100E40000022FFF760FF01230293022306F1200C2A
:100E50004FF0000A04F590550393FF23CDF800C02E
:100E60000493284604F5A05104F5B0525346CDF83A
:100E700004A0C7F804C0FFF716FD0423029305235E
:100E8000D7F804C0039304F5F059FF23CDF800C050
:100E900004F5005104F50852CDF804B00493484617
:100EA0005346FFF700FD2846FFF7E4FA04F5105B10
:100EB0004846FFF7DFFA58462946FFF7FBFAD446C3
:100EC0000CEB4C0104F5C05A0AEB0C0021442A46F5
:100ED00004F51053C7F804C0FEF7A6F8D7F804C00D
:100EE0000CF5007CBCF5C06FEAD15046FFF76EFBF5
:100EF00049465046FFF757FB5046FFF746FB28464A
:100F0000FFF743FBB8682946FFF78EFAF8685146A9
:100F1000FFF78AFAFB68B64603F5906206F1200CEB
:100F2000734603CB6345106051609E4602F1080290
:100F3000F6D158464FF44071FFF77AF928464FF43E
:100F4000C061FFF775F950464FF4C061FFF770F9C3
:100F500048464FF4C061FFF76BF920464FF49051BB
:100F6000FFF766F940462121FFF762F9304640213C
:100F7000FFF75EF900201437BD46BDE8F08FF8B5E5
:100F800005460C461746FFF735FF0646D0B904F56F
:100F9000906029464FF494620FF0C8F804F512608F
:100FA0004FF494622946FFF717FD07F1200204F57C
:100FB000146402F1200352F8041B44F8041B9A4203
:100FC000F9D109E028464FF49461FFF731F9204642
:100FD0004FF41661FFF72CF93046F8BD2DE9F04FBC
:100FE0008DB006AFADF54D5D0DF1370424F01F0453
:100FF00004F5F05B386188465846114691461E4616
:10100000FFF725FA04F54C5109F5906579610A4618
:1010100009F5946928686968134603C308354D4586
:101020001A46F7D1414604F53C50FFF790F92046A7
:1010300079690122FFF767FE01230293022304F579
:10104000105800250393FF230493404604F51851DC
:1010500004F520522B4600960195FFF724FC03234C
:1010600001930423029305230393062304F5D0512F
:10107000049304F5C05004F5E05204F5345300968F
:10108000FFF711FC04F5285A4046FFF7F3F95046E4
:101090004146FFF70FFA05EB450104F5905909EBBE
:1010A000050021444246534605F50075FDF7BCFF97
:1010B000B5F5C06FEFD104F5445642465946534644
:1010C0003046FDF7B1FF4846FFF7E6F93046FDF739
:1010D00047FF04F5C053194648467B60FFF763FAA3
:1010E00004F5345C61463046C7F80CC0FFF760F980
:1010F00004F53C5211463046BA60FFF759F94846AC
:10110000FFF743FA3046FFF701F938694946FFF720
:1011100065F9396901F570703146FDF711FE5046E9
:101120004FF44071FFF784F8D7F80CC04FF400710A
:101130006046FFF77DF8BA684FF400711046FFF77C
:1011400077F830464FF40071FFF772F848462946A9
:10115000FFF76EF87B6829461846FFF769F858468E
:101160002946FFF765F840462946FFF761F8204613
:101170004FF49051FFF75CF878692021FFF758F899
:1011800000201C37BD46BDE8F08F2DE9F04F83B03D
:10119000814600AF1046ADF5A06D8A461546FFF7B3
:1011A00033FC0DF11F0424F01F04064604F5946877
:1011B00000285AD1404651462A46FFF78EF9064686
:1011C000002852D105F5126B04F5986205F51466F6
:1011D000DBF80000DBF80410134603C30BF1080B27
:1011E000B3451A46F4D104F58C604146402278603C
:1011F000FFF72AFC2046414605F5906204F590630E
:10120000FFF7ECFE064680BB504621464FF488624D
:10121000FDF774FD05F5166538605B46A64618684F
:101220005968724603C20833AB429646F7D151461D
:101230004FF4886204F120000EF078FF4FF48C63C5
:10124000484620212246FFF711FB00237A683868C0
:10125000D15C424219F80300484000EA2242514062
:1012600009F803100133202BF0D120464FF48C6194
:10127000FEF7DEFF04F58C604021FEF7D9FF404603
:101280004021FEF7D5FF30460C37BD46BDE8F08F54
:10129000FDF706BF074B1A781206FBD530221A70ED
:1012A000C1F30742D8719A71C1F30722C9B25A71CA
:1012B000197170470000024020F4FF6110B521F061
:1012C00007010120FFF7E6FF084B02221A70084AC7
:1012D0000023137002F8013C72B6064C204619F048
:1012E00053FF62B6207800F0310010BD0B000240C1
:1012F0000A0002400000024010B50C4620F0030135
:10130000B1F5006F00D2EAB1A1F5A0620C2A00D8B5
:10131000DBB10620FFF7BEFF0D4BE2781A70A27812
:1013200003F8012C627803F8022C227803F8032CCE
:1013300072B6084C204619F027FF62B6207800F0FC
:10134000310010BD4FF0FF3010BD6FF0010010BD37
:101350000B0002400000024010B520F4FF6424F0AE
:101360000704B4F5006F00D231B12046FFF7A4FFA7
:1013700090B124B9204610BD4FF0FF3010BD0920B8
:101380002146FFF787FF72B6044C204619F0FCFE99
:1013900062B6207800F0310010BD00BF00000240AE
:1013A00010B5124C23781B06FBD530232370104B4D
:1013B00006221A70002203F8012C042203F8022CE2
:1013C0000C2203F8032C0B4AFF23137002F8013C94
:1013D00002F8023C084B187072B6204619F0D4FE91
:1013E00062B6207800F0310010BD00BF000002405E
:1013F000070002400B00024008000240014B03605E
:10140000704700BFC85A020010B5034B0360044682
:1014100010F0ECFE204610BDC85A0200014B0360DC
:10142000704700BFC85A0200014B0360704700BFFD
:10143000F85A020010B5034B0360044610F0D6FEC4
:10144000204610BDF85A0200014B0360704700BFF0
:10145000F85A02002DE9F8431E4603689DF82070F3
:10146000DB6804460D4691469847236880461B6911
:1014700020469847464505D82846494632460EF04C
:1014800055FE14E02368324649465B69204698477A
:10149000236820469B689847236806469B69204638
:1014A000294632469847236820461B699847AB195E
:1014B00018463946C6EB080211F010FD03469D425E
:1014C00005D015F8012B7A4005F8012CF7E7BDE8A7
:1014D000F88310207047FFFF184B0A789A5C02705F
:1014E0004A799A5C42708A7A9A5C8270CA7B9A5C6A
:1014F000C2700A799A5C02714A7A9A5C42718A7B5C
:101500009A5C8271CA789A5CC2710A7A9A5C027299
:101510004A7B9A5C42728A789A5C8272CA799A5C37
:10152000C2720A7B9A5C02734A789A5C42738A7927
:101530009A5C8273CA7A9B5CC3737047285B020013
:10154000184B0A789A5C02704A7B9A5C42708A7ADD
:101550009A5C8270CA799A5CC2700A799A5C02714C
:101560004A789A5C42718A7B9A5C8271CA7A9A5CE8
:10157000C2710A7A9A5C02724A799A5C42728A78DB
:101580009A5C8272CA7B9A5CC2720A7B9A5C027312
:101590004A7A9A5C42738A799A5C8273CA789B5CB5
:1015A000C3737047285C02002DE9F0430C788B78F8
:1015B000CA784D7861000E1277003E4406EBC606ED
:1015C0004E4069000F124FEA470CBC440CEBCC0CA8
:1015D0008CEA010C59000F124FEA4708474407EB09
:1015E000C7074FEA42084F404FEA28214FEA410916
:1015F000494401EBC10181EA080183EA0508F6B21A
:1016000082EA08085FFA8CFC86EA08088CEA080877
:1016100080F8008083EA040882EA08086C40FFB280
:1016200062408CEA080C5C40C9B287EA0C0C664048
:1016300057404F40714080F801C08770C170BDE8CD
:10164000F083FFFF2DE9F04F0C784D788A78C97848
:1016500063001E1277003E4406EBC60687B0734057
:10166000DBB200936B001E124FEA4609B14409EB4E
:10167000C90989EA030953001E1277003E4406EBAC
:10168000C6067340DBB201934B001E1277003E4446
:1016900006EBC6067340DBB2AE00029337124A4B2C
:1016A000DF5D7E40F6B20396960037124FEA840A59
:1016B000DF5D7E40F6B204968E0037125FFA89F93C
:1016C000DF5D7E40F6B20596E600371213F807801C
:1016D00088EA0608EE0037125FFA88F813F807C0A8
:1016E0008CEA060CD60037125FFA8CFCDF5D77407F
:1016F000CE004FEA262BFFB213F80BB08BEA06069A
:101700004FEA2A2BF6B213F80B30DDF810B083EA5B
:101710000A0A82EA05034B408BEA03038CEA0303BF
:10172000DDF800B07B40734088EA0A0A8BEA0303C5
:101730005FFA8AFA89EA03038AEA0303DDF80CB048
:10174000037082EA04034B408BEA0303DDF814B014
:101750008BEA03036C40DDF810B088EA03038CEADF
:10176000030361407B408BEA010173408CEA010175
:1017700089EA03037940DDF80490DDF814B0714084
:1017800089EA030389EA0101DDF80C9043705440B3
:1017900089EA04048BEA0404029BDDF8089088EAD5
:1017A00004088CEA080C594087EA0C07009B7E402D
:1017B0005E408AEA010A89EA060680F802A0C6703D
:1017C00007B0BDE8F08F00BF205B0200F0B5856870
:1017D00089B00F460023EC5CD15C61400DF803102A
:1017E0000133102BF7D10679103504AC012E2046B9
:1017F00069461FD9FFF770FE68462146FFF7D4FE01
:1018000001A805A9FFF7D0FE02A806A9FFF7CCFEA4
:1018100003A807A9FFF7C8FE0023E95C1DF8032011
:101820004A400DF803200133102BF6D1013E10354C
:10183000F6B2DAE7FFF750FE0023E95CE25C4A40CB
:10184000FA540133102BF8D109B0F0BD2DE9F04165
:101850008368057988B003EB051506460F4600231B
:10186000E85CD15C41400DF803100133102BF7D137
:1018700004AC20466946FFF763FE3679012E23D972
:10188000A5F110080023EA1812F8101CE25C4A4087
:10189000E2540133102BF6D168462146FFF7D2FE01
:1018A00001A805A9FFF7CEFE02A806A9FFF7CAFE08
:1018B00003A807A9FFF7C6FE013E20466946FFF7C9
:1018C0003FFEF6B24546D9E70023EA1812F8101C8D
:1018D000E25C4A40FA540133102BF6D108B0BDE85F
:1018E000F081FFFF10B5034B0360044602F028FAB5
:1018F000204610BD305D020010B50446FFF7F2FF30
:10190000204610F073FC204610BD0179806801313B
:10191000090100F073BBFFFF10B5044602F020FA86
:10192000034B236000232371A360204610BD00BF3A
:10193000305D020030B508485478084D045DEB5C1A
:101940005C400C709378C35C4B70D378C35C8B7035
:101950001378C35CCB7030BD285B0200505D020081
:101960001078064B185C08705078185C48709078B6
:10197000185C8870D2789B5CCB707047285B020043
:10198000CB692DE9F047DD0F23F000460B46132409
:1019900001EB820C43F81C6F8246A5FB04450CF159
:1019A0001C0C63450FD053F8049F53F8200C2618E5
:1019B00045F100074FF02608E8FB096743F8206C63
:1019C0003C460025EDE7072A0FD80FFA82FC0132CA
:1019D00051F82C30D2B2E61845F10007082A41F838
:1019E0002C603C464FF00005EFD12626A4FB0623D1
:1019F000CC6906FB0533E60F132524F00044E5FB14
:101A00000623CC6100268F59D4198C5106F10406A7
:101A100043F10005202E2A464FF00003F3D11E4665
:101A2000132200238F59D41901EB060706F104068F
:101A300043F10005202E3C622A464FF00003F1D10D
:101A4000CC6BE21724F00044D643CC63CC18256A53
:101A5000CC58154034402C434AF803400433202B23
:101A6000F4D1BDE8F08770B5002188B013220023BF
:101A7000465894194DF8014001F1040143F1000565
:101A800020292A464FF00003F2D1079CE11724F0E9
:101A90000044CA4307945DF8034001EA0405C458B2
:101AA00014402C43C4500433202BF4D1104608B00A
:101AB00070BDD1F800C02DE9F04700238A4600240C
:101AC0000025D658A046A946ECFB068940F80380BD
:101AD0000433202B4C464FF00005F2D1C0F8209083
:101AE000AC4604300AEB0C030024D3F80480002534
:101AF0000023C658D1580027E8FB01673619C650A5
:101B000003F1040347EB0507202B3C464FF000058B
:101B1000EFD10CF1040CBCF11C0F076200F10400C2
:101B2000E0D1BDE8F08710B590B004466846FFF7F5
:101B3000C0FF204669460822FFF722FF10B010BD03
:101B40000A46FFF7F0BFFFFF2DE97043002290B077
:101B5000002600238C590B4D90469946E5FB0489DD
:101B60004DF806800436202E4A464FF00003F1D18E
:101B700069460122CDF82090FFF702FF10B0BDE8C2
:101B8000708300BF41DB01002DE9F047D2F800E08F
:101B900090B08246002300240025CE58A046A946D6
:101BA000EEFB06894DF803800433202B4C464FF0A2
:101BB0000005F2D1CDF8209001AB0DF1200852F8CC
:101BC00004CF4FF0000E0024002553F80E6051F8AA
:101BD0000E000027ECFB0067361943F80E600EF18B
:101BE000040E47EB0507BEF1200F3C464FF0000501
:101BF000EBD11F6204334345E1D1504669460822C8
:101C0000FFF7BEFE10B0BDE8F0872DE9F0430023DA
:101C100000240025D758CE584FF0000916EB0708CE
:101C200049F1000918EB0406C65003F1040349EB1F
:101C30000507202B3C464FF00005EBD1BDE8F043F3
:101C4000FFF711BF2DE9F04F002300252E46012498
:101C50000025002706EA040A07EA050BD458CD58E8
:101C60002C1B65EB0505B4EB0A0465EB0B05C450B2
:101C70000433202BEAD12A4613241440002502689D
:101C80003D400023121B63EB05030260014600F197
:101C90001C064A684FF00009012400251C4005EA93
:101CA00009050023121B63EB050341F8042FB14221
:101CB000EFD122F00043C361BDE8F08F2DE97043FE
:101CC00000240125B4EB000865F1000900250E464B
:101CD00009F1FF342B46F058D1584140214048408B
:101CE000F050D0584140D1500433202BF3D1BDE8FF
:101CF00070832DE9704300240125B4EB000865F1E1
:101D0000000900250E4609F1FF342B46F158D05842
:101D1000484020404140F1500433202BF6D1BDE82B
:101D20007083202100F06AB970B588B00446684617
:101D30000E46FFF705FF092568466946013DFFF796
:101D4000FFFE15F0FF05F7D1204669463246FFF742
:101D5000EAFE17250A2668466946013EFFF7F0FEAF
:101D600016F0FF06F7D1204621466A46013DFFF7EF
:101D7000DAFE15F0FF05EDD168462146FFF7E0FEDB
:101D8000204621466A46FFF7CEFE0825684669468A
:101D9000FFF7D6FE013D204621466A46FFF7C3FE07
:101DA00015F0FF05F2D16846FFF7BBFF08B070BD24
:101DB00038B504460D46FFF7B7FF20462146FFF72A
:101DC000BFFE20462146FFF7BBFE2A46204621469D
:101DD000FFF7A9FE20462146FFF7B2FE2046214626
:101DE000FFF7AEFE2A4620462146FFF79CFE20461E
:101DF0002146FFF7A5FE204621462A46BDE8384089
:101E0000FFF791BE2DE9F04FF1B0074688466846CE
:101E1000114642B12023082101F0CCF8079B23F0A2
:101E20000043079304E0202211F058F8092300939F
:101E30006846FFF718FE0021202200F0010608A8DE
:101E400011F04CF86D4601230021202218A80893B8
:101E500011F044F80FCD10AC0FC495E80F0008AD99
:101E600084E80F000FCD20AC0FC495E80F004FF0B1
:101E7000FF0B84E80F004FF01F090024402518F8DD
:101E800009A005EA0A0A84EA0A04204608A910AA59
:101E9000FFF714FF204618A920AAFFF70FFF18AA82
:101EA00028A808A9FFF7B1FE50A828A9FFF748FE07
:101EB00018AA30A808A9FFF7C5FE58A830A9FFF74F
:101EC0003FFE48A850A958AAFFF7BCFE38A810A9A1
:101ED00020AAFFF79AFE40A810A920AAFFF7B2FE99
:101EE00060A840A928AAFFF71EFE68A838A930AA52
:101EF000FFF719FE68AA10A860A9FFF786FE10A8D0
:101F00000146FFF71DFE68AA20A860A9FFF79AFE08
:101F100020A80146FFF714FE20A801466A46FFF7F5
:101F200002FE58AA08A850A9FFF7FDFD18A848A965
:101F3000FFF70AFE18A8014650AAFFF766FE18A888
:101F4000014648AAFFF7EFFD6D0808D109F1FF39F6
:101F50004FEACA145FFA89F9E4B2802501E04FEA3A
:101F60005A040BF1FF3B1BF0FF0B88D1204608A958
:101F700010AAFFF7A3FE20AA204618A9FFF79EFE8D
:101F800020A818A9FFF714FF08A8014620AAFFF708
:101F9000CAFD20210DEB01020823384601F020F88C
:101FA0006846FFF7BEFE08A8FFF7BBFE10A8FFF7C4
:101FB000B8FE18A8FFF7B5FE20A8FFF7B2FE28A8C4
:101FC000FFF7AFFE30A8FFF7ACFE38A8FFF7A9FE79
:101FD00040A8FFF7A6FE48A8FFF7A3FE50A8FFF70A
:101FE000A0FE58A8FFF79DFE60A8FFF79AFE68A81C
:101FF000FFF797FE304671B0BDE8F08F014488428C
:1020000003D0002303700130F9E77047002370B557
:102010001C46934205D0CE5CC55C75402C43013311
:10202000F7E7C4F58070C0F3002070BD08B54068C4
:102030000368DB68984708BD0C2070471020704784
:102040002DE9F0471F4690F8703006468A469046C4
:102050002BB9083000F020FE012386F870303D4691
:10206000D146002D43D096F871300F2B21D996F828
:102070003F3096F83E207068013386F83F3002EB1F
:10208000132396F83D2086F83E3002EB132396F892
:102090003C2086F83D3002EB132386F83C30036881
:1020A00006F140015B6906F130029847002386F88B
:1020B000713096F87130C3F11000C0B2A84288BFE9
:1020C000E8B203F140020344324486F871302D1A1D
:1020D0000024E3B2984207D0115D18F804304B4059
:1020E00009F804300134F4E780448144B9E706F18B
:1020F000080051463A4600F0A0FDD6E91A45E41919
:1021000045F10005C6E91A45BDE8F0872DE9F04F15
:102110000C2A824687B014460AF1300311D10A68AE
:10212000CAF830204A685A608A689A6000228AF8A1
:102130003C208AF83D208AF83E2001228AF83F2080
:102140002CE00AF1080B58460193670F00F075FD6B
:10215000584600F0A1FDE6000021102202A800244C
:102160004FEA076810F0BAFE35BA1022584602A9A5
:1021700044EA0804CDE9044500F05FFD02A81021FF
:10218000FFF73CFF019B58461946102200F091FDD5
:1021900058460AF1500100F042FD019B0020002149
:1021A0000022CAE91801CAE91A018AF87020DAF88F
:1021B000040010228AF8712002680AF15001546963
:1021C0001A46A047012007B0BDE8F08F10B50446BD
:1021D00040680368DB69984704F1080000F07AFD65
:1021E00004F130004821FFF709FF102384F8713013
:1021F00010BD70B50546406803681B6998470646E0
:1022000088B105F1500400211022204610F066FE2E
:102210006868036821465B692246984705F1080013
:10222000214600F0FCFC304670BDF8B590F87030E7
:10223000064617464BB9083000F0FFFCD6E91845B2
:10224000E41945F10005C6E91845F8BD102A70B536
:102250000E4614460DD8036800F1300529461022B9
:10226000DB6A9847284631462246BDE87040FFF7B2
:10227000CDBE002070BD2DE9F04F804600F1080969
:1022800085B048468B46924600F006FDD8F864209B
:10229000D8F86030D50045EA5375DC002ABA23BA75
:1022A000CDE90023D8F86C20D8F86830D500DC00E0
:1022B00045EA5375102227BA484669462EBACDE939
:1022C000026708F1400400F0B8FC68461021FFF7EF
:1022D00095FE10224846214600F0EBFC43460022C2
:1022E00093F8401093F8500001324140102A83F8CF
:1022F000401003F10103F3D158462146BAF1100F03
:1023000034BF5246102205B0BDE8F04F0DF00EBFAD
:1023100010B5084B0446482140F8303BFFF76EFEED
:1023200004F1080000F074FC204601F0E7FD2046AF
:1023300010BD00BF685D020010B50446FFF7E8FF5E
:1023400020460FF053FF204610BD2DE9F8431F46ED
:1023500090F8703006468946904600F108042BB983
:10236000204600F099FC012386F870302046414653
:102370003A4600F062FCD6E91A45E41945F1000539
:10238000C6E91A45002F43D096F871300F2B21D99A
:1023900096F83F3096F83E207068013386F83F305B
:1023A00002EB132396F83D2086F83E3002EB132310
:1023B00096F83C2086F83D3002EB132386F83C303B
:1023C000036806F140015B6906F13002984700237B
:1023D00086F8713096F87120C2F11003DBB2BB426F
:1023E00088BFFBB202F140001A4486F871203044E5
:1023F000FF1A0022D1B28B4207D0845C18F8021079
:10240000614009F802100132F4E799449844B9E7B1
:10241000BDE8F88338B50446002501F083FD0A4B7A
:102420002360656004F1080000F0EEFB0022002349
:10243000C4E91823C4E91A23102384F8713084F8FE
:102440007050204638BD00BF685D020040207047D4
:102450008020704710B50446D8210830FFF7CEFD24
:10246000236820461B69984710BDFFFF70B50C4DCF
:10247000044600F1080205F140062B4603CBB342A7
:10248000106051601D4602F10802F6D100230022BF
:1024900084F8D8300023C4E93223C4E9342370BD62
:1024A000A05D020010B5064B0446D82140F8083B59
:1024B000FFF7A4FD2046FEF7B7FF204610BD00BF82
:1024C000E85D020010B50446FFF7ECFF20460FF070
:1024D0008DFE204610BDFFFF10B50446FEF7B4FF89
:1024E000034B23602046FFF7C1FF204610BD00BF0D
:1024F000E85D02002DE9F04F0021C3B000F148066D
:10250000D6E9004508312ABA23BA8029E6E8022331
:10251000F6D1D0E90223D0E90445D0E90667D0E935
:102520000889CDE91423CDE91645D0E90A23D0E97D
:102530000C45CDE91867CDE91A89D0E90E67D0E9D5
:102540001089CDE91C23CDE91E45CDE92067CDE9F1
:102550002289CDE90C89CDE90667CDE90845924687
:102560009B46DDE91845DDE91A23DDE91667DDE95B
:102570001489CDE90023CDE90A45CDE90467CDE909
:1025800002890021694EDDF80CC042187318D2E9A7
:102590001245D3E9002312194FEA9A4444EA8B34D6
:1025A0000E944FEA9B4444EA8A340F944FEA9A34DB
:1025B00044EA8B4424944FEA9B3444EA8A444FEA29
:1025C000CA57259447EA5B27DDE9248943EB0503D5
:1025D0002697DDE90E454FEACB5747EA5A2727975A
:1025E00084EA080485EA0905DDE9268984EA080405
:1025F000121985EA090543EB0503DDE90689DDE9E2
:10260000084528EA0A0804EA0A0405EA0B0529EA4B
:102610000B0988EA040889EA0509DDE90C4518EB8D
:10262000020849EB030914EB080445EB0905DDE951
:102630000423DDE90A8988EA020889EA0309DDE959
:10264000022302EA080203EA0903CDE90C23DDE9CB
:102650000489DDE90A2302EA080203EA0903DDE945
:102660000C8988EA020889EA0309CDE90C89DDF8BA
:1026700008904FEA897343EA9C0328934FEA8C73CE
:1026800043EA990329934FEA197343EA0C134F461F
:102690002A934FEA1C7343EA07132B93DDE92A8937
:1026A000DDE9282383EA0903B9467F0647EADC17F8
:1026B0002C974FEA4C6747EAD9172D9782EA080210
:1026C000DDE92C8982EA080283EA0903DDE90C8945
:1026D00018EB020849EB0309DDE90023121943EB6B
:1026E0000503083118EB040849EB05098029CDE9F9
:1026F00000231DD0DDE90645DDE90867CDE90C457D
:10270000CDE908ABDDE90445CDE906679246DDE990
:1027100002679B46DDE90A23CDE90467CDE9002382
:10272000CDE90A45CDE902892CE700BF105E020021
:1027300078360E96012101F00F0300EBC303D3E9B5
:10274000124501F10D0303F00F0300EBC303D3E9BE
:102750001267CDE90C67260A46EA05662E962E0A10
:1027600046EA04662F96660846EAC57630966E08F5
:1027700046EAC4763196DDE93023DDE92E675F4015
:10278000E309564043EA4562EB0910921193DDE9F3
:10279000104501F10F0C0CF00F0C00EBCC0C664057
:1027A0006F40DCE91245361901F1080404F00F040A
:1027B00000EBC40447EB0507D4E91245361947EB93
:1027C00005070C9D0D9AEC0044EA52743294D40033
:1027D00044EA557413463394EC0C44EA43342A46D5
:1027E0003494DC0C44EA42343594DDE93423DDE9E9
:1027F00032455D400C9B54400D9A9B0943EA82622E
:102800000D9B12929B091393DDE912235440361954
:1028100085EA0305009C47EB0507019DA30C43EAED
:1028200085333693AB0C43EA84333793A30B43EAE7
:102830008543CCE912673893AB0B43EA8443399361
:10284000AC46DDE93623DDE938456B40009D62404A
:10285000EC0544EA5C243A944FEACC54DDF800C01D
:1028600044EA5C243B94DDE93A4554405D40DDE9AF
:10287000002302EA0A0203EA0B03CDE92445CDE96D
:102880002623DDE90045DDE9082322EA040423EAE2
:10289000050522462B46DDE9264554405D40DDE92D
:1028A0002423121943EB0503CDE90C230E9BF3E916
:1028B00002450E93DDE90C23121943EB0503DDE914
:1028C0000645921943EB0703A41845EB0305DDE920
:1028D0000267CDE90645DDE90445DDE904237D40D5
:1028E0003B4005EA09055D404FEA887343EA9903D6
:1028F0003C934FEA897343EA98033D934FEA187378
:1029000043EA09133E934FEA1973744043EA0813EC
:1029100032403F9304EA0804DDE93E675440DDE9B4
:102920003C2372404FEA486646EAD91640964FEA81
:10293000496646EAD8167B40419640AFD7E9006722
:102940007240A41883EA070345EB0305DDE9066737
:10295000DDE90A23921943EB07030131A41945EB82
:102960000705412916D0DDE90867CDE908ABCDE9B7
:102970000667DDE900ABDDE90267CDE90023DDE9AB
:102980000423CDE90289CDE90A23CDE90467A046F5
:10299000A946D0E6DDE91467A41945EB0705C0E9AF
:1029A0000245DDE9164518EB040849EB0509DDE9A8
:1029B0001867DDE90245A41945EB0705C0E904895C
:1029C000C0E90645DDE91A89DDE9044514EB080490
:1029D00045EB0905C0E90845DDE91C45121943EB43
:1029E0000503DDE91E67C0E90A23DDE9002392192A
:1029F00043EB0703C0E90C23DDE9202312EB0A02B5
:102A000043EB0B03DDE92289C0E90E23DDE908234E
:102A100012EB080243EB0903C0E9102343B0BDE801
:102A2000F08F00BF2DE9F84F9346D0E932234FEAEB
:102A3000CB06B6184FEA5B7747EB03079F4208BF08
:102A4000964282460D46C0E93267D0E9348927D2E2
:102A500018F1010849F10009C0E9348920E09AF829
:102A6000D820C2F18004E4B25C4588BF5FFA8BF4E1
:102A70000AF148001044294622460DF057FB9AF807
:102A8000D8202244D2B2802A8AF8D820C4EB0B0B7B
:102A9000254405D15046FFF72DFD00228AF8D820A5
:102AA000BBF1000FDBD1BDE8F88F2DE9F84300F151
:102AB000480890F8D8309146802208F8032090F812
:102AC000D82006466F2B02F101000F4640444FF01C
:102AD000000114D8C2F16F0210F000FAD6F8D0103D
:102AE000D6F8D4000BBA02BAD6F8C810D6F8CC0083
:102AF000C6E92E2302BA0BBAC6E930231BE0C2F1A5
:102B00007F0210F0EBF93046FFF7F4FC70224046EC
:102B1000002110F0E3F9D6F8D030D6F8D4201DBA51
:102B200014BAD6F8C830D6F8CC20C6E92E4514BA67
:102B30001DBAC6E930453046FFF7DCFC06F140031C
:102B4000002053F8382C53F8341C08300CBA15BA4E
:102B50004028E3E90245F4D138464146B9F1400F37
:102B600034BF4A464022BDE8F8430DF0DFBA37B51E
:102B700013460D4636220446009200F148012A46CB
:102B8000FEF768FCD4E9322312F5806243F10003BA
:102B90002046C4E9322303B0BDE83040FFF7AABCA9
:102BA0002DE9F04105461E4655F8483B92B088464F
:102BB000174602A99B694022044698475C23294690
:102BC0000093204642463B46FEF744FCD4E93223BC
:102BD00012F5806243F10003C4E932232046FFF777
:102BE00089FC22682046536902A94022984722683E
:102BF00020469369189A3146984702A84021FFF76A
:102C0000FDF912B0BDE8F081002280F82020704765
:102C100010B524210446FFF7F1F9204610BD10B588
:102C2000044601F027F804F110000021102210F0F2
:102C300055F9002384F8203010BDF8B504460F463E
:102C4000164646B394F82020C2F11003DBB2B3421B
:102C500004F1100088BFF3B202440025E9B29942A2
:102C600007D217F805C0515D8CEA010151550135B5
:102C7000F4E794F820201A44D2B2102A84F82020D5
:102C8000C3EB06061F44DCD1214601F00AF80023FD
:102C900084F82030D5E7F8BD10B590F82030044610
:102CA00033B11030214600F0FCFF002384F82030BF
:102CB00010BD70B504460E461546FFF7EDFF3046D1
:102CC00004F11001102D34BF2A461022BDE87040D7
:102CD0000DF02CBA2421FFF791B910B5402104461C
:102CE000FFF78CF904F140004021FFF787F92046F7
:102CF00010BDFFFFB0F88410002262F30E01A0F8AF
:102D00008410C1F3072141F0800180F88510064945
:102D1000C0F88020C0F88820C0F88C1080F8A0206F
:102D200080F8A120704700BF80EE36002F29B0F850
:102D3000840007D9C0F30E00B0F5C07FB4BF0020F7
:102D400001207047C0F3CB0081428CBF00200120DE
:102D5000704738B5036B0446013300F14005036347
:102D600014222846214601F0B0F9284604F1100348
:102D700004F1700250F8041B43F8041B9042F9D18F
:102D80000EF08EF9636B5840606338BD2DE9F04753
:102D9000B0F884301646C3F30E02B6EBD20F96BFDE
:102DA000A2EBC6026FF30E0362F30E0304468946DC
:102DB000A0F884303546002709EB060AC5EB0A0A5D
:102DC00035B30F2F04D92046FFF7C3FF012701E0D9
:102DD0000137FFB2236B04F14008013323634046FF
:102DE0002146142201F071F93F2D05D85046414685
:102DF0002A460DF09BF90BE04346524608F140018C
:102E000053F8040B42F8040B8B42F9D1403DD3E751
:102E10002046BDE8F047FFF79CBFFFFF036B10B5EE
:102E200001330446036321464030142201F04DF97A
:102E30002046FFF78EFF024B1B68C4F8883010BD98
:102E40008CFDFF1F38B50446002394F8A0205D1CBC
:102E5000DBB29A4207D9243354F823000368DB68B5
:102E600098472B46F1E7074B1A68D4F88830D21AF6
:102E7000D4F88C309A4204D32046BDE83840FFF79E
:102E8000CDBF38BD8CFDFF1FB2EBD30FF8B50446A4
:102E90000E46154601D802B1D300B4F88420C2F31F
:102EA0000E01C1F5C07098428CBF5B184FF4C0731F
:102EB00063F30E02A4F88420ADB1302D34BF2A464E
:102EC000302204F11001AD1A0023CF5CF05C784091
:102ED000C85401339342F8D120461E44FFF739FF0E
:102EE000002DEAD102E02046FFF733FF94F8853049
:102EF000DA090FD0B4F88420C2F30E02B2F5C07F15
:102F000008DB6FF3C71384F885302046BDE8F8402E
:102F1000FFF784BFF8BDFFFF38B51B4BC0F880201A
:102F20000D460446024603F1100153F8040B42F823
:102F3000040B8B42F9D1154B04F1100203F130015F
:102F400053F8040B42F8040B8B42F9D1B4F88430E7
:102F50006FF30E03A4F88430C3F3072343F0800318
:102F600084F885302046FFF7F4FE45B1284610F07E
:102F700024FA2946024600232046FFF785FF204613
:102F8000BDE83840FFF74ABF90600200A060020031
:102F900010B5054C2046FFF7ADFE20460349044A14
:102FA000BDE810400FF006BF88D6FF1FDB2C0100E4
:102FB0007C8CFF1F70B58D00AB4206461C46114647
:102FC00009D21A460DF0B2F830192A1B0021BDE8CB
:102FD00070400FF083BF2A46BDE870400DF0A6B8E0
:102FE00070B50D469C00A5420646114604D82A46F7
:102FF000BDE870400DF09AB822460DF097F83019F0
:103000002A1B0021BDE870400FF068BF2DE9F04198
:103010008C46804600260020002183B15CF80670B3
:1030200094590025E41945F10005241845EB0105E4
:1030300048F8064028460021013B0436EDE7BDE88C
:10304000F0812DE9F0434FF0000C0025C3B12E466E
:1030500001240025002706EA040807EA050952F8BA
:103060000C4051F80C502C1B65EB0505B4EB080423
:1030700065EB090540F80C40013B0CF1040CE5E759
:1030800005F00100BDE8F0832DE9F0434FF0000C9E
:103090000025C3B12E4601240025002706EA0408B6
:1030A00007EA050952F80C4051F80C502C1B65EB4F
:1030B0000505B4EB080465EB090540F80C40013B3D
:1030C0000CF1040CE5E705F00100BDE8F083D3F84E
:1030D00000C02DE9F74F002400254FF0000890456F
:1030E0000CD051F82860A246AB46ECFB06AB40F88A
:1030F00028A05C46002508F10108F0E74FF0010B1D
:1031000040F822404FEA820804309C46CDF804B0D3
:10311000019C0C9B9C4223D25CF8049F03464FF019
:10312000000A4FF0000B002696420FD01F681AEBE2
:10313000070451F826704BF10005E9FB074543F8F9
:10314000044BAA464FF0000B0136EDE740F808A00B
:10315000DDF804A00AF1010ACDF804A00430D7E795
:1031600003B0BDE8F08F2DE9F047984681469246BE
:10317000FFF78AFF0024404200230025B8F1000F2A
:1031800014D05AF8032059F803600240B6184FF0E3
:10319000000747F10007361947EB050749F80360B8
:1031A0003C46002508F1FF380433E7E7BDE8F08727
:1031B00020207047402070470E4B83600E4BC36049
:1031C0000E4B03610E4B43610E4B83610E4BC3618B
:1031D0000E4B036203F17453A3F52303A3F692434A
:1031E0004362002380F8703000220023C0E91A23D4
:1031F000704700BF67E6096A85AE67BB72F36E3C35
:103200003AF54FA57F520E518C68059BABD9831FB1
:1032100010B5044670210830FEF7F0FE2368204602
:103220001B69984710BDFFFF10B5064B044670217F
:1032300040F8083BFEF7E2FE2046FEF7F5F8204690
:1032400010BD00BFD861020010B50446FFF7ECFFC7
:1032500020460EF0CBFF204610BDFFFF10B5044600
:10326000FEF7F2F8034B23602046FFF7A5FF204648
:1032700010BD00BFD86102002DE9F04F00238DB0D2
:10328000C2180433916A402B09BA9162F8D182685E
:10329000C368039204938269C3690569059507921F
:1032A00008931E46134603AA4769069792E814013D
:1032B000476A056A06990A97B94609950295002753
:1032C000C519DFF870C1D5F828B057F80C504FEA8F
:1032D000B31A8AEAF32AAB448AEA736ADA44DDF85D
:1032E00008B02BEA030506EA030B85EA0B055544F3
:1032F000A94488EA040508EA040A154085EA0A0593
:103300004FEAB20A8AEA723A8AEAB25A0437554454
:10331000402F49444D4409D0DDF8089002961E46DE
:103320000B464146A04614462A46C9E70CF13C0725
:103330000B974FF0010C0CF00F070A370CF10F0A36
:1033400050F827700AF00F0A00EB8A0A4FEAF71BC1
:103350008BEAB74B8BEAD70BDAF828700CF10D0922
:10336000BB440CF1080709F00F0907F00F0709F13A
:103370000A090A3750F8299050F827705F444FEA3D
:10338000794B8BEAF94B8BEA99294F444FEAB119F3
:10339000CAF82870019726EA010B0B9F89EAF129E8
:1033A00003EA010A8BEA0A0A89EA7169D14457F8EB
:1033B00004AF0B97019FDDF808B0D144B94484EA0B
:1033C000020704EA020A2F4087EA0A074FEAB50A11
:1033D0008AEA753A8AEAB55A0CF1010CD944574485
:1033E000BCF1310FC844B94408D002961E460B46C2
:1033F0004146A04614462A464D469CE7039FB944E1
:10340000049FC0F808903D44C560059D069F2A446E
:103410000261079A099D42443C4482610A9F089ACE
:10342000446111442B443E44C161036246620DB0C5
:10343000BDE8F08FD06002002DE9F044550FD400B4
:103440001646D0E91A23A41845EB0305C0E91A452E
:1034500007468A4606B397F87030C3F14004E4B2D9
:10346000B44288BFF4B207F12800184451462246FE
:103470000CF05CFE97F870302344DBB2402B87F8E9
:103480007030C4EB0606A244E4D13846FFF7F4FEE0
:10349000002387F87030DDE7BDE8F0842DE9F04BBC
:1034A00000F1280B90F87030904680220BF8032032
:1034B00090F870200746372B02F1010089465844E6
:1034C0004FF0000115D8C2F137020FF007FDD7E920
:1034D0001A23190E1C4641EA03611B0A03F47F43B9
:1034E00024020B4304F47F041C4312BA3C667A6640
:1034F0001BE0C2F13F020FF0F1FC3846FFF7BCFEC3
:103500000021382258460FF0E9FCD7E91A010A0ECB
:103510000B0A42EA016203F47F430C02134304F4F2
:103520007F041C4306BA3C667E663846FFF7A4FE5D
:103530003B4600229968043209BA202A996203F1B5
:103540000403F7D148465946B8F1200F34BF42462C
:103550002022BDE8F04B0CF0E9BD37B513460D460F
:1035600036220446009200F128012A46FDF772FF38
:10357000D4E91A2312F5007243F100032046C4E98E
:103580001A2303B0BDE83040FFF776BE2DE9F041C5
:1035900005461E4655F8283B8AB08846174602A9BC
:1035A0009B692022044698475C23294600932046C5
:1035B00042463B46FDF74EFFD4E91A2312F500724E
:1035C00043F10003C4E91A232046FFF755FE2268A1
:1035D0002046536902A92022984722682046936911
:1035E000109A3146984702A82021FEF707FD0AB03D
:1035F000BDE8F0812020704710B5064B0446F0214D
:1036000040F80C3BFEF7FAFC2046FEF76BF920462B
:1036100010BD00BF0862020010B50446FFF7ECFFC2
:1036200020460EF0E3FD204610BD202A2DE9F04192
:1036300006466FD100F10C04234601F1200251F837
:10364000040B43F8040B9142F9D106F1DC08012781
:103650000825082D23D13B4604F11C02304604F115
:103660002001FEF767F9227894F82030534084F85F
:103670002030627894F82130534084F82130A278C9
:1036800094F82230534084F82230E27894F82330C2
:103690000137534084F82330FFB2002532E0042D77
:1036A0001CD104F11C02304604F12001FEF758F948
:1036B000227894F82030534084F82030627894F8CF
:1036C0002130534084F82130A27894F822305340BE
:1036D00084F82230E27894F8233010E02278237FB7
:1036E000534084F820306278637F534084F821305F
:1036F000A278A37F534084F82230E278E37F5340DE
:1037000084F82330043401354445EDB2A1D10120C1
:10371000BDE8F0810020BDE8F081FFFF10B5044650
:10372000FEF7FAF8044B23600E23237104F10C0317
:10373000A360204610BD00BF086202002DE9F041E1
:103740009CB0164D164B4FF009080746082403A8F5
:10375000CDF8008010220E46FFF7B9FC03A813A98C
:1037600042462B460094FFF7B2FC314603AA23469B
:103770003046FFF766FC384631462A462346FFF7B7
:10378000F2FC384639462A462346FFF7ECFC03A8EC
:103790006421FEF733FC1CB0BDE8F08168620200D2
:1037A0008862020038B50B461446054610211046C3
:1037B0001A464023FFF7FEFB0023236428462146D8
:1037C000BDE83840FFF7BABF2DE9F04101F16006CE
:1037D0000C46074640313046FEF7EAFA04F1200570
:1037E000204621463246FEF79EF9284629463246B3
:1037F000FEF799F92268E36B43EAC273E363384644
:103800002A4620210823BDE8F041FFF7E9BB036801
:103810002DE9F04104461B6900F148050E461746A4
:1038200098472368204639465B69202298472368D9
:10383000204629469B690022984794F8483023F097
:10384000070384F8483094F8673003F07F0343F0AF
:10385000400384F8673030462A4608212023BDE81B
:10386000F041FFF7A7BB8021FEF7C8BB2DE9F04F61
:10387000C5B005460391144600218022029301261B
:103880000FF02CFBFF232E622E6401934FF00009F2
:10389000039A029B52F82970374013B9002F00F0A9
:1038A000908005F1200804F1200A04A841462A4628
:1038B000FEF7C8F9514614A82246FEF7C3F904A83A
:1038C000014614AAFEF72FF90CA841462A46FEF736
:1038D0009CF9514614A82246FEF797F90CA8014618
:1038E00014AA05F1600AFEF71EF914A8514604F166
:1038F0006002FEF718F914A801466F4A05F1400B63
:10390000FEF742F91CA8594604F14002FEF70BF9F4
:103910001CA801460246FEF778F93CA80CA904AAA7
:10392000FEF790F934A81CA914AAFEF78BF91CA87D
:10393000014614AAFEF769F90CA8014604AAFEF78D
:1039400064F9029B002B28D024A83CA934AAFEF7D6
:10395000EAF82CA81CA90CAAFEF7E5F834A8014641
:103960001CAAFEF7E0F83CA801460CAAFEF7DBF81B
:103970003846294624AAFEF7BCF9384641462CAA07
:10398000FEF7B7F93846594634AAFEF7B2F9384679
:1039900051463CAAFEF7ADF913E028463CA934AAEB
:1039A000FEF7C1F840461CA90CAAFEF7BCF8584621
:1039B00034A91CAAFEF7B7F850463CA90CAAFEF79A
:1039C000B2F804F1200A04A851462246FEF73AF95B
:1039D00004A801460246FEF7A6F80CA85146224666
:1039E000FEF713F90CA804F1600701460246FEF742
:1039F0009AF814A839463A46FEF795F814A804F147
:103A0000400801462C4AFEF7BFF81CA84146424632
:103A1000FEF789F81CA801460246FEF7F6F838467C
:103A20000CA904AAFEF70EF940461CA914AAFEF739
:103A300009F91CA8014614AAFEF7E7F80CA80146EC
:103A400004AAFEF7E2F8204639464246FEF76BF834
:103A500050461CA90CAAFEF766F8404641461CAA2F
:103A6000FEF761F80CAA38463946FEF75CF8019A71
:103A7000B6F1004F08BF09F1010902F1FF3312BF8F
:103A800076005FFA89F9012613F0FF0301937FF4B2
:103A9000FFAE24A8FFF7E7FE04A8FEF742F90CA842
:103AA000FEF73FF914A8FEF73CF91CA8FEF739F918
:103AB00045B0BDE8F08F00BF28620200F0B5174D99
:103AC00086460F4616460FCDA1B06C460FC495E84A
:103AD0000F00134D84E80F000FCD08AC0FC495E81C
:103AE0000F00104D84E80F000FCD10AC0FC495E807
:103AF0000F000D4D84E80F000FCD18AC0FC495E8F2
:103B00000F0084E80F00704639466A463346FFF7D7
:103B1000ADFE6846FFF7A7FE21B0F0BDCC62020003
:103B2000EC620200AC620200486202002DE9F04142
:103B3000ADF5027D044688464AA81E461746889D74
:103B4000FEF7CAFC01A942464AA8FFF760FE4AA850
:103B5000FEF78CFC4AA864A92022FEF763FF4AA85E
:103B600031462A46FEF75EFF4AA85CA90022FEF70E
:103B70009CFF09A85CA919AAFFF714FE01222AA834
:103B800009A9FFF79BFF2AA92046FFF71DFE4AA8B7
:103B9000FEF76CFC4AA821462022FEF743FF4AA804
:103BA00039462022FEF73EFF4AA831462A46FEF754
:103BB00039FF4AA85CA90022FEF777FF11A85CA98B
:103BC00019AAFFF7EFFD01AA19A811A9FDF771FFC6
:103BD00019A8002301462993FFF7B0FD19A809AAE7
:103BE00001460823FFF712FA19A80146104A0823D4
:103BF000FFF7B9FA19AA0823202104F12000FFF7E2
:103C0000EFF901A8FEF78DF809A8FEF78AF811A8C8
:103C1000FEF787F8442119A8FEF7F0F92AA8FFF764
:103C200022FE4AA8FEF73EFC0DF5027DBDE8F081BC
:103C30006862020030B5E1B00D46044628A8FEF7E0
:103C40004BFC28A869462A46FFF7E1FD012208A897
:103C50006946FFF733FF08A92046FFF7B5FD684620
:103C6000FEF75FF808A8FFF7FEFD28A8FEF71AFC8C
:103C700061B030BD10B5034601F1100251F8044B9C
:103C800043F8044B9142F9D103681BBA03604368BF
:103C90001BBA436083681BBA8360C3681BBAC360E6
:103CA00010BD2DE9F74F00230E684D688C68CA6877
:103CB0001F469C4698469946082110F803A001919A
:103CC0004AF3C01101EA060B89EA0B0901EA050B68
:103CD00088EA0B0801EA040B8CEA0B0C11404FEA4E
:103CE000C47B4F4042F300014BEA52024FEAC57BCE
:103CF0004BEA54044FEAC67B4BEA5505DDF804B0A5
:103D000001F0614181EA56060BF1FF314FEA4A0AA0
:103D100011F0FF015FFA8AFA0191D1D10133102B22
:103D2000CAD199FA89F3036098FA88F343603FBADD
:103D30009CFA8CF38360C76003B0BDE8F08FFFFF8F
:103D4000014B0360704700BF1863020010B5034BBE
:103D5000036004460EF04AFA204610BD18630200C4
:103D6000014B0360704700BF1863020008B540684C
:103D70000368DB68984708BD102070472DE9F047BD
:103D800006460F4690469A460024C4EB0A020F2AC4
:103D900008EB040307EB040919D9002570195A5DD3
:103DA000017A01354A40102D0272F7D1706803681C
:103DB00006F108015B690A469847002573191B7ACA
:103DC00009F805300135102DF8D11034DDE7BDE8D4
:103DD000F0872DE9F74F07468A4691469B46002417
:103DE000C4EB0B020F2A0AEB040309EB040818D9F1
:103DF0007868026807F11801956901934246A8475F
:103E0000019B3E460025307A317E18F8052041405E
:103E100059550135102D327206F10106F3D11034D7
:103E2000DEE703B0BDE8F08F70B504464068036874
:103E30009B680E4615469847102806D160680368AF
:103E400031461B692A46984770BD002070BD102A74
:103E500010B50ED100F1080301F1100251F8044B26
:103E600043F8044B9142F9D1102380F82830012007
:103E700010BD002010BDFFFF10B5084B04461021F7
:103E800040F8083BFEF7BAF804F118001021FEF7DD
:103E9000B5F82046FDF7B2FA204610BD4063020097
:103EA00010B50446FFF7E8FF20460EF09FF92046C4
:103EB00010BD10B5044640680368DB69984704F1FB
:103EC00008001021FEF79AF804F118001021FEF7FF
:103ED00095F8102384F8283010BDFFFF10B5044674
:103EE000FDF79CFA044B236000236360102384F8E1
:103EF0002830204610BD00BF4063020010B5034BC0
:103F000003600446FDF77AFA204610BD7063020094
:103F100010B50446FFF7F2FF20460EF067F9204681
:103F200010BDFFFF10B50446FDF778FA014B236082
:103F3000204610BD706302002020704708207047A3
:103F400010B50468A469A04710BDFFFF102A70B522
:103F5000154604460E4600F1040223D8214B03F116
:103F6000100153F8040B42F8040B8B42F9D131468F
:103F70002A4604F114000CF0D9F804F1240031466B
:103F80002A460CF0D3F8102D27D0C5F11006601981
:103F90000021324614300EF0A1FF601924300021B8
:103FA000324618E0104B202D28BF202503F11001C8
:103FB00053F8040B42F8040B8B42F9D104F11400BE
:103FC00031462A460CF0B2F8202D06D06019143084
:103FD0000021C5F120020EF081FF402384F88530D6
:103FE000012070BDD8630200E9630200082A38B5D9
:103FF00004460D4607D1343000210EF06FFF2B68C8
:10400000E3636B680BE00C2A0FD1343000210422EB
:104010000EF064FF2B68A3636B68E363AB682364F3
:10402000402384F88530012038BD002038BD10B50C
:10403000402104460430FDF7E1FF04F14400402133
:10404000FDF7DCFF402384F8853010BD10B5084B28
:104050000446402140F8043BFDF7D0FF04F1440042
:104060004021FDF7CBFF2046FDF7C8F9204610BDE3
:10407000B063020010B50446FFF7E8FF20460EF0DB
:10408000B5F8204610BDFFFF38B504460D46FDF7D4
:10409000C5F9044B2360402384F8845084F88530AC
:1040A000204638BDB0630200042A10B5044601D092
:1040B000082A08D104F134000CF038F8402384F8C1
:1040C0008530012010BD002010BD2DE9F04F0023E8
:1040D00087B0CC58C4500433402BFAD1012A40F2A7
:1040E000CC8004680369056A4669476B03EB0408E2
:1040F000046B88EA04044FEA344425446B404FEAD9
:104100003353984488EA04044FEA346465190095EF
:104110006B4045684FEA7363354401936F40436ACF
:104120004FEA37473B445E404FEA365635446F40CE
:104130004FEA376702971F44039783697E40876879
:1041400003EB0709876B89EA07074FEA374A876A53
:104150000AEB070C8CEA03034FEA33539944CDF87A
:104160001090C76889EA0A0AD0F81C904FEA3A6AA8
:10417000D444CDF814A009EB070AC76B8AEA0707F5
:104180004FEA374BC76A5F4487EA09098CEA0303A1
:104190004FEA3959CA444FEA73631D448AEA0B0B4C
:1041A0004FEA76664FEA3B6B6C405F44B0444FEA9F
:1041B000344487EA090988EA0B0B27444FEA3B4B52
:1041C0007B40DC444FEA33531D448CEA06064FEA39
:1041D00036566C40B0444FEA3464274488EA0B0BEF
:1041E0004FEA3B6B7B40DC4445604FEA7363049DC0
:1041F00083614FEA7969029BC7628CEA06064D44E7
:104200004FEA76664661009F046385EA03064FEA3B
:104210003646374487EA09094FEA3954254485EA86
:1042200006034FEA3363C0F83CB0C0F80080C0F822
:1042300028C043633B445C404FEA7464C461019C02
:104240008560059D0362A2448AEA0503039D4FEA47
:1042500033431D446C404FEA345404EB0A077B405F
:104260004FEA336383632B445C404FEA7464023A41
:10427000C76004614362D2B230E70023C458CA5811
:104280002244C2500433402BF8D107B0BDE8F08F70
:10429000F8B504460E4617461D46CDB394F8853052
:1042A0003F2B08D894F88500C0F14000C0B2A84266
:1042B00018D9E8B216E094F8842004F14400211DD6
:1042C000FFF703FF002384F885300122E118013352
:1042D00091F83400082B024481F83420C2F30F22F5
:1042E000F4D1DFE72D1A0023DAB290420DD094F812
:1042F0008520F95C02F1010C224484F885C092F813
:1043000044204A40F2540133EEE706440744C4E730
:10431000F8BDFFFF2DE9F74F04460320B2FBF0F094
:1043200000EB40050195571B51B9800007B10430DF
:10433000002B00F082803923B2FBF3F210447CE0C2
:104340000026254630463246DDF804C0624548D294
:1043500014F802C0DFF8E8804FEA9C0C01EB000B78
:1043600018F80CC001F800C014F8029095F801A0EC
:1043700009F003094FEA091949EA1A1900F1010C79
:1043800018F8099001F80C9095F801A095F80290A2
:104390000AF00F0A4FEA991949EA8A0918F80990B0
:1043A0008BF8029095F8029009F03F0918F80980FF
:1043B0008BF8038000F10408C6EB080A4FF04C09A3
:1043C000BAFBF9FB09FB1BA9B9F1000F05D123B119
:1043D0000A2001F808000136604603320430033534
:1043E000B2E7012F0ED1A55C154BAD085D5D0D54F4
:1043F000A25C02F00302120101449B5C4B703D235E
:104400008B7018E0022F18D1A55C0D4BAD085D5DD7
:104410000D54551CA25C665D02F00302120142EAD3
:10442000161201449A5C4A70625D02F00F0213F8A2
:1044300022308B703D23CB70043003B0BDE8F08F89
:10444000FA630200F8B50180044601EB41018EB227
:104450000027468002714771E373076130461D46AD
:104460000EF002FDA06018B1394632460EF036FD5E
:1044700015F0010005D00123237300236373022389
:104480000CE005F0040505F0FF01012202231DB137
:1044900022736373A07302E021736273A3732046D7
:1044A000F8BD10B50446806808B10EF0E5FC20792F
:1044B00000210CF0F5FC204610BD10B5044601218A
:1044C00000790CF0EDFC20790021BDE810400CF0E3
:1044D000B9BCFFFFF8B583680446002B00F08A8062
:1044E0000CF0DEFD2369C01A3128F9D972B6424BAF
:1044F0002179A26853F83100404B6788196841F070
:10450000807119603E4B196841F001011960E37B2D
:1045100013F0020F3B4B1744196837D05A31BA4297
:104520002BD212F801CB08258026D3F800E0C1EB8E
:104530000E0EBEF1590FF8D932494FF0010E16EAAE
:104540000C0F096880F880E007D0D3F800E0C1EBD9
:104550000E0EBEF1380FF8D906E0D3F800E0C1EB3B
:104560000E0EBEF1110FF8D94FF0010E013D80F88B
:1045700000E126FA0EF6D8D1D1E71A68521A592A64
:10458000FBD962B60CF08CFD2061F8BDB431BA42A3
:104590002BD212F801CB08258026D3F800E0C1EB1E
:1045A0000E0EBEF1B30FF8D916494FF0010E16EA00
:1045B0000C0F096880F880E007D0D3F800E0C1EB69
:1045C0000E0EBEF1550FF8D906E0D3F800E0C1EBAE
:1045D0000E0EBEF1230FF8D94FF0010E013D80F809
:1045E00000E126FA0EF6D8D1D1E71A68521AB32A9A
:1045F000FBD9C6E7F8BD00BFF4770200FCED00E090
:10460000001000E0041000E003888B4230B516D99A
:104610004379C2F30745C2F30724D2B22BB15D43FD
:104620005C435A432D0A240A120A836801EB4101B4
:104630001944037BCD54437BCC54837BCA5430BD97
:1046400042EA012242EA004070474A1C4379D2B252
:104650009A4270B51FD0013B13F0FF0384680CD061
:10466000FF2904D14FF6FF7191FBF3F106E011022F
:10467000013991FBF3F189B200E0194623461D1B75
:104680004688ADB2AE4205D91D784D432D1203F8D0
:10469000015BF4E7427170BD2DE9F843DDF8248039
:1046A000BDF820900A9F16460D460446024610317A
:1046B00055F8040B42F8040B8D42F9D11946062235
:1046C00004F1100001F016FC30460EF076FEC0F347
:1046D000470010288ABF102384F8260084F826306B
:1046E00094F8262022B104F11600314601F002FCB4
:1046F000002384F82730A4F82890C4F82C8038468A
:10470000BDE8F8430DF016BD30B50B46054653F82D
:10471000100F97B09B88ADF8043091F827308DF8D2
:104720000B300B8DADF80630CB6A0090ADF8083039
:104730004FF480301B0C0C468DF80A300DF022FD32
:104740000E21ADF80C00684601F000FC94F826201C
:10475000C043ADF80E008AB104A804F1160101F0BF
:104760000DFC94F826200123284603EB420204A9FD
:104770000BF0DCFC94F8263005EB43052146684637
:104780000DAA01F08FFB0DAC2B4615AD224603CAD6
:10479000AA4218605960144603F10803F6D1127852
:1047A0001A7017B030BDC36A0133C362704707B5D2
:1047B000014602A8002220F8042DEEF7F7FC03B012
:1047C0005DF804FB038D10B54FF6FF74A34204D1CE
:1047D0000846FFF7ECFF012010BD013320F8283F09
:1047E000EEF7E4FC002010BD70B50446002020C99F
:1047F00040CA40087541404120C4013BF7D170BD1B
:1048000070B5012420C940CA6408B541644120C084
:10481000013BF7D1D4F1010038BF002070BD2DE974
:10482000F043013B00249B002746254626465FF0C7
:10483000000803E05FEA0608B8EB0308B6EB0809D6
:1048400052F809C051F80890A9FB0C9C14EB09041C
:1048500057EB0C0755F1000518F10408984501DCE9
:10486000B045EBDD84513C462F46002504369E4280
:10487000DDDDB6EB430FDDDD8451BDE8F0830023C1
:104880005AB28A4204DA002240F823200133F7E7C3
:10489000704710B500231A465CB28C4204DA50F817
:1048A000234001332243F7E7D2F1010038BF002053
:1048B00010BD4B11012250F8230001F01F0102FA34
:1048C00001F1084070470139C9B24BB2002B0BDA35
:1048D000013111F0FF0315D059B201F18042013AC4
:1048E000002350F8222004E050F82330002BEAD0B7
:1048F000EEE712B152080133FBE7013903EB411334
:1049000098B200E0184600B2704710B500235CB2C0
:10491000944205DA51F8234040F823400133F6E78A
:1049200010BD10B5013AD2B253B2002B09DB1BB255
:1049300050F8234051F823309C4204D8F2D2FF2093
:1049400002E0002000E0012040B210BD30B50B466F
:1049500089B0144605461A46294623466846FFF79D
:104960004FFF214605466846FFF793FF003518BF05
:1049700001256D00002814BF6842C5F1010009B08F
:1049800030BD00EB81010023814207D951F8042C8E
:1049900043EA520341F8043DD307F5E7704770B589
:1049A0009DF910401D4623460646FFF71DFF30B90E
:1049B000284631462246FFF7B4FF012807D030468B
:1049C00031462A462346BDE87040FFF719BF70BD47
:1049D00070B59DF910401D4623460646FFF710FFAF
:1049E00038B1304631462A462346BDE87040FFF7CD
:1049F000FBBE70BD2DE9F047B2B002AD9DF9E840B5
:104A00001F46804623462846FFF709FF22AB38465B
:104A100021468DE82800FFF756FFC0EB841086B2D0
:104A2000454A33B220251A4093FBF5F5002AEDB232
:104A300003DA013A62F01F0201326DB25FFA82F9C5
:104A400012A82946FFF71BFF4FFA89F2002A28B265
:104A500014DD12AB03EB800000231D46A54215D2E6
:104A600057F8251001FA02FE43EA0E0340F82530FC
:104A7000C2F1200321FA03F30135EFE70DF1480CF1
:104A80000CEB800039462246FFF73FFFA7000DF1EF
:104A900048094FEA440AB9440125330440D40023AD
:104AA0001A4659B2514520DA0DF1C80C0CEB850EAF
:104AB00008B25EF8C8EC0CEB81015EF820E051F81A
:104AC000801CC1EB0E01891A714502D094BF0022EF
:104AD0000122C5F1010E0DF1C80C0CEB8E0E013355
:104AE0005EF8C8EC4EF82010DBE7AA1A554212A86F
:104AF00021465541FFF745FF32AA631E02EB8303AF
:104B00003A44484652F8801C53F8802C013E42EA51
:104B1000C172214643F8802CB6B2FFF732FFBCE7E2
:104B200032AB03EB8505404655F8C81C2246FFF71B
:104B3000ECFE32B0BDE8F0871F00008030B51C46A7
:104B400091B0054693F900306846FFF768FED4F847
:104B5000AC3028466946984711B030BD13460A4626
:104B6000FFF7ECBF2DE9F04115468AB004460E462A
:104B700002A8002120220EF0B1F995F8008003234D
:104B8000204631462A462F1D4FFA88F80293FFF738
:104B9000E5FF2046214602AA3B46CDF80080FFF7FC
:104BA00017FF2046214632462B46FFF7C7FFCDF8B8
:104BB00000802046214605F184023B46FFF7EFFEC8
:104BC0000AB0BDE8F081FFFF2DE9F04F0C468BB035
:104BD00008220546FFF799FEE36A0593236B0693C7
:104BE000636B0793A36B089302A8E36B09930026FA
:104BF000014602460823049603960296FFF7F4FD49
:104C00002946834602AA08232846FFF7EDFD236BB9
:104C10000593636B0693A36B07938446E36B08933A
:104C200002A8014602460823CDF800C00996FFF706
:104C3000DBFD2946824602AA08232846FFF7D4FD59
:104C4000236A0293636A0393A36A0493A36B089392
:104C5000E36B09938146294602AA08232846079652
:104C600006960596FFF7C0FD636A0293A36A039355
:104C7000E36AA26B0493636B059306920893E26B5D
:104C8000236A079280460993294602AA08232846E8
:104C9000FFF7AAFDE36A0293236B0393636B04930C
:104CA000236A0893A36A09930746294602AA0823A0
:104CB0002846079606960596FFF7A2FD236B0293FA
:104CC000636B0393A36B0493E36B0593636A08938D
:104CD000E36A01900993294602AA08232846079609
:104CE0000696FFF78DFDDDF800C0019B0896E344B2
:104CF000DA44D144C8444744381AC71A636B029354
:104D0000A36B0393E36B0493236A0593636A06938F
:104D1000A36A0793236B0993294602AA082328460E
:104D2000FFF76EFDA36B0293E36B0393636A059336
:104D3000A36A0693E36A0793636B09933F1A2946B4
:104D4000284602AA082304960896FFF759FD3C1A44
:104D500016D5284629460D4A0823FFF745FD0419B4
:104D6000F7D410E0094829460822FFF7DAFD0128A8
:104D700009D028462946054A0823FFF741FD241A91
:104D8000002CEFD0F5E70BB0BDE8F08FF064020027
:104D900073B5054614460E46FFF7E0FE2846294641
:104DA00032462346FFF7CAFE0823009328462946C9
:104DB00004F18402231DFFF7F2FD02B070BD002351
:104DC0002DE9F0410A4680461C46D158002540F2A4
:104DD000D130E0FB014548F803400433202B2C463A
:104DE000F3D108F10400C8F8205001460823FFF76A
:104DF000FBFCC8F82400BDE8F081FFFF70B590B05F
:104E00000D46044608216846FFF739FD08A8082129
:104E1000FFF735FD05F120016846FFF7D0FF6A4630
:104E2000082329462046FFF7DFFC082106462846CE
:104E3000FFF725FD284608A9FFF7C1FF2A462046AF
:104E400021460823FFF7D0FC85193DB120462146B5
:104E50000A4A0823013DFFF7D3FCF6E7204607493D
:104E60000822FFF75EFD002805DD20462146034AA3
:104E70000823FFF7C5FC10B070BD00BF40640200FE
:104E8000F0B589B01C4607460E46154668461146E1
:104E90001A46FFF763FE384639466A462346FFF74F
:104EA0004DFE684669462A462346FFF747FE3046D0
:104EB00031466A462346FFF741FE09B0F0BD2DE9B1
:104EC000F0478AB08146129F3D46144615F9046B9F
:104ED000009698468A462B4602A811464A46FFF796
:104EE00077FD02A801463A46FFF738FE4846494694
:104EF00002AA3B46FFF722FE2046214602AA3B4675
:104F0000FFF71CFE2B464046414652460096FFF7EF
:104F10005FFD02A841463A46FFF720FE02A801467F
:104F20004A462B460096FFF753FD02A8014622464B
:104F30002B460096FFF74CFD204621464A462B465D
:104F40000096FFF745FD5046514622463B46FFF787
:104F5000F5FD2046494602AA2B460096FFF738FD8C
:104F60004046414622463B46FFF7E8FD4046414663
:104F700052462B460096FFF72BFD204602A93246EB
:104F8000FFF7C3FC0AB0BDE8F0872DE9F0479AB0FF
:104F90008046229E3446174614F9045B00959946D4
:104FA0008A46234602A811464246FFF711FD02A891
:104FB00001463246FFF7D2FD4046414602AA33463B
:104FC000FFF7BCFD3846394602AA3346FFF7B6FD67
:104FD00002A84946524623460095FFF7E0FC4846A2
:104FE0004946524623460095FFF7F2FC0AA8394687
:104FF000424623460095FFF7EBFC504651460AAA6D
:105000003346FFF79BFD23460AA841463A460095E2
:10501000FFF7C5FC384649463246FFF79FFD384644
:1050200039460AAA23460095FFF7D2FC12A841464A
:105030003A4623460095FFF7CBFC4846494612AA5C
:105040003346FFF77BFD23464846494652460095C6
:10505000FFF7BEFC12A802A93246FFF77FFD12A897
:1050600001460AAA23460095FFF7B2FC0AA812A936
:10507000424623460095FFF7ABFC0AA8014602AA68
:105080003346FFF75BFD50460AA95246234600957A
:10509000FFF79EFC404612A92A46FFF736FC1AB0DD
:1050A000BDE8F0872DE9F843B3F90270914607F1A6
:1050B0001F05202295FBF2F5044603F124086DB28A
:1050C0000E460846424621462B46FFF78DFB50B957
:1050D000B7EB451F09DA30463946FFF7EAFB041CF7
:1050E00018BF012402E0012400E00446484631468E
:1050F00042462B46FFF778FB2046BDE8F88370B5A3
:10510000002463B28B4204F101040BDA4D1EED1A48
:10511000AE0805F0030552F82660ED0026FA05F505
:10512000C554EEE770BDF8B504230F46D11C91FBC2
:10513000F3F149B214460546FFF7A1FB002253B232
:10514000A34202F101020EDA661EF61AB008FB5CF9
:1051500006F00306F60003FA06F655F8203033434E
:1051600045F82030EBE7F8BD2DE9F84F05460F462E
:10517000084611461446FFF7A6FB194B1A689B46D2
:1051800012B90020BDE8F88FC0EB441005EB84088D
:1051900000B24FF0FF3A4FEA8409A8F104082AFA56
:1051A00000FA4026DBF80030284649469847002898
:1051B000E7D0D8F8003003EA0A03C8F800302846E0
:1051C0002146FFF766FB10B1013EEBD1D9E7384627
:1051D00029462246FFF7BAFB0128F5D1BDE8F88F32
:1051E0002CD7FF1F2DE9F047B3F902501F4605F1F8
:1051F0000708082398FBF3F81F35202395FBF3F5E8
:105200006EB2424538BF9046044689463146FFF7A4
:1052100036FB424620464946FFF785FFB7F9023084
:105220004FEAC808984522D9C3EB080804EB850566
:105230000022A5420BD955F8043C23FA08F10A4391
:1052400045F8042DC8F1200203FA02F2F1E72437F1
:10525000384621463246FFF764FB012807D0204636
:1052600021463A463346BDE8F047FFF7C9BABDE8E4
:10527000F08738B543690569044603EB450500230B
:105280002269934205D2CA5C82F03602EA540133A5
:10529000F6E7E268934203D23622EA540133F8E794
:1052A0002368204698476368E26820462946984765
:1052B00038BD08B54368984708BD70B543690669AD
:1052C000044603EB4606154600232269934205D2A5
:1052D000CA5C82F05C02F2540133F6E7E268934262
:1052E00003D25C22F2540133F8E72946A368204632
:1052F00098472368204698476368E268204631460D
:10530000984763682269204629469847A368204643
:105310002946984770BD70B5044615460E46FFF7FE
:10532000A8FF204629462269FFF7C3FF20463146E1
:105330002A46BDE87040FFF7C0BFF8B5036813F018
:10534000010604460F46154605D001463A462B464F
:10535000FFF74AFA064620462946FFF712FB46B1F8
:1053600005F18042013A54F8223043F0004344F8FA
:105370002230F8BDF0B50646A1B00F4608461946E2
:1053800015461C46FFF785FA20B130462146FFF747
:1053900076FA73E0684639462246FFF7B6FA08A85F
:1053A00029462246FFF7B1FA10A82146FFF767FA0F
:1053B000012318A821461093FFF761FA684608A94F
:1053C0002246FFF7AEFA002853D0009BDA0704D438
:1053D00068462146FFF7D5FA26E0089BDB0704D490
:1053E00008A82146FFF7CDFA3DE000281EDD08AAF7
:1053F000234669466846FFF703FA68462146FFF7E9
:10540000C0FA10A818A92246FFF78BFA002805DA7F
:1054100010A801462A462346FFF7E6F910A80146E0
:1054200018AA2346FFF7ECF910A81DE008A86A4661
:1054300023460146FFF7E4F908A82146FFF7A1FA41
:1054400018A810A92246FFF76CFA002805DA18A858
:1054500001462A462346FFF7C7F918A8014610AAB5
:105460002346FFF7CDF918A829462246FFF765FF26
:10547000A4E7304610A92246FFF747FA21B0F0BD55
:105480002DE9F04FAFB09046399C059094F900504B
:1054900016A82A460F469946FFF737FAAB00039342
:1054A0003B4426A819462A460493FFF72EFA94F99E
:1054B000006006A8B9F1000F04D049463246FFF754
:1054C00024FA04E03146FFF7DAF901230693324665
:1054D0000EA816A9FFF719FA32461EA826A9FFF74B
:1054E00014FA16A826A906AA2346FFF7C9FCD4F881
:1054F000A46016A826A906AA2346B0470EA81EA98E
:1055000006AA2346FFF7BCFCBDF9E060023EB6B236
:1055100031B2002929DD4046FFF7CBF9D0F1010077
:1055200038BF0020C0F101091EAB4FEA401B4FEA13
:1055300049190DF1380A0DF1380CDC44CA449B447A
:1055400099446246504649465B460094CDF808C0EF
:10555000FFF71BFDDDF808C000946046594652462F
:105560004B46FFF7ACFC013ED1E7D8F80030009481
:1055700003F0010989F00109C9F101061EAB7601AA
:105580000DF138084FEA49190DF1380AB044CA4400
:105590001E4499444046314652464B4604F1040BA2
:1055A000FFF7F3FC06A816A90EAA5B460095FFF7C5
:1055B0000FFA06A8014632462346FFF7BFFA06A8AF
:1055C00001463A462346FFF7B9FA06A801465A466D
:1055D0002B46FFF7CFFE06A80146049A2346FFF7A5
:1055E000ADFA06A8014642462346FFF7A7FA504601
:1055F0004946424633460094FFF761FC23460EA815
:105600001EA906AAFFF73CFC05980EA92A46FFF73B
:105610007CF90598039B1EA918442A46FFF775F9E3
:105620002FB0BDE8F08F30B595B0144604AB0546F9
:105630000CAA02930846194623460392FFF732FD4F
:10564000D0F1010038BF002014AA02EB8003628869
:10565000013212B28DE81400284653F8482C04F1A8
:1056600044010023FFF70CFF21784900284649B286
:10567000FFF70FF9D0F1010038BF002015B030BDA1
:105680002DE9F04FABB00DF12808359D059095F947
:10569000009006910DF1480B1846494607921E46A8
:1056A000CDF82080CDF824B0FFF7F3F8B5F802A0CC
:1056B000039008B100209BE00FFA8AF420231F34E6
:1056C00094FBF3F405F1240764B2384631462246D0
:1056D000FFF73CF901280490ECD141465A462B468D
:1056E0003046FFF7DFFCD0F1010038BF00202AAAC6
:1056F00002EB80030AF1010212B28DE824001AA81D
:1057000005F1440153F8882C039BFFF7B9FE1AA852
:105710004946FFF7BEF80028CCD1374B1B684046FE
:105720002BB92146FFF7ABF8049B0A9305E03946F5
:105730002246FFF719FD0028BCD0304631460AAAA0
:105740003B460094FFF756F9304631463A46234629
:10575000FFF710FE3B46304631460AAA0094FFF799
:1057600049F9349895F901101AAAFFF7C8FCB5F960
:10577000022005990823073292FBF3F20AA8FFF7EB
:10578000D2FC2AAA631E02EB8303002243F8602C9A
:1057900012A81AA94A46FFF7B8F812A802460AA9A1
:1057A0003B460094FFF726F90AA80699079A2B466C
:1057B000FFF718FD12A802460AA93B460094FFF71E
:1057C000EEF812A8014632463B460094FFF712F964
:1057D000214612A8FFF777F895F90110B0EBC10F39
:1057E0003FF768AF349812AA0844FFF788FC0120FD
:1057F0002BB0BDE8F08F00BF2CD7FF1F2DE9F0477D
:1058000093F9006092B00446894610463146154629
:105810009846FFF73EF8002840F0978002A84946D6
:105820004246FFF79BF943460AA8214602AAFFF722
:1058300085F902A801464246FFF790F943464846DB
:1058400049462A46FFF77AF908F10407284629460F
:105850004246FFF783F9204621462A463B460096FA
:10586000FFF79DF8284629462A463B460096FFF753
:1058700096F8284621462A463B460096FFF7A8F8A8
:10588000204621462A464346FFF758F92846214636
:1058900022463B460096FFF782F820463B4600969C
:1058A00021462A46FFF77BF82368DB07204613D5FD
:1058B0003A4633462146FEF797FF31468246204658
:1058C000FFF75FF806F18043013B54F8232042EADA
:1058D000CA7244F8232002E03146FFF752F8284606
:1058E00021464246FFF73AF9284629460AAA3B468E
:1058F0000096FFF76DF8284629460AAA3B4600960F
:10590000FFF766F80AA801462A463B460096FFF7CD
:105910005FF8204621460AAA4346FFF70FF902A87E
:1059200002463B4621460096FFF752F8204629469C
:105930003246FEF7EAFF284649463246FEF7E5FFC3
:10594000484602A93246FEF7E0FF12B0BDE8F087F4
:105950002DE9F043054693B00C4610460821174642
:105960001E46FEF796FF002874D10AA8214632464B
:10597000FFF7F4F8334602A829460AAAFFF7DEF833
:10598000284629463246FFF7E9F80AA8014632467A
:10599000FFF7E4F84FF0080838463A462146334608
:1059A000371DFFF7CBF8204629462A463B46CDF85F
:1059B0000080FEF7F4FF20463B46CDF800802146EC
:1059C0002A46FEF7ECFF2368DB0720460ED5434648
:1059D00021463A46FEF708FF414681462046FEF73B
:1059E000D0FFE36943EAC973E36102E04146FEF791
:1059F000C8FF4FF00808284621463246FFF7AEF8A8
:105A0000284629460DEB08023B46CDF80080FEF7FC
:105A1000DFFF284629460DEB08023B46CDF8008003
:105A2000FEF7D6FF0DEB080001462A463B46CDF8AF
:105A30000080FEF7CDFF204621460DEB08023346DD
:105A4000FFF77CF8CDF80080204621460AAA3B46A5
:105A5000FEF7BEFF13B0BDE8F083FFFF014B1860F7
:105A6000704700BF2CD7FF1F00487047EC6402004E
:105A7000004870473C640200F0B5064699B00F46F6
:105A800014464025B4F9022020231F3292FBF3F282
:105A9000684604F1240152B2FFF766FB08B9002002
:105AA00024E008A869462246FFF7BDFDD8B1B4F945
:105AB00002100823073191FBF3F138466A46FFF7DD
:105AC0001EFB304694F9011008AAFFF718FB94F961
:105AD000011094F9002008AB701803EB8202FFF765
:105AE0000EFB012002E0013DCCD1D8E719B0F0BD9A
:105AF0002DE9F0479146B3F902205D7893F80080D4
:105B0000A4B004AE1C460732082392FBF3F207460A
:105B10006DB230460DF1300A0296CDF80CA0FFF7B9
:105B200002FB394614A82A46FFF7FDFA4FFA88F817
:105B300014AA02EB880079192A46FFF7F4FA3046D6
:105B4000314623465246FFF7ADFA1A4B1E68074608
:105B500056B124AA02EB8003211D53F8886C4246FB
:105B60003046FFF701FB08B3D7F1010738BF002724
:105B700024AB03EB8707638801331BB28DE8180061
:105B800014A80146334657F8882CFFF779FC48469D
:105B9000294614AAFFF7B3FA2178490014A849B29C
:105BA000FEF777FED0F1010038BF002024B0BDE839
:105BB000F08700BF2CD7FF1F2DE9B04195B00CAD89
:105BC00080460F46104604A92A461C4602910395BA
:105BD000FFF768FAD0F1010038BF002014AA02EBE9
:105BE00080036288013212B28DE81400404653F8F7
:105BF000482C39460023FFF743FC15B0BDE8B081BF
:105C00002DE9F0411646B3F902205C7893F8008044
:105C100098B01D460732082364B2074692FBF3F2A0
:105C20006846FFF780FA08A839462246FFF77BFA54
:105C30004FFA88F808AB03EB88084046391922462A
:105C4000FFF771FA08A82B466A460146FFF7B4FF32
:105C50003046214608AAFFF752FA3019214642463B
:105C6000FFF74DFA2978490008A849B2FEF711FE5E
:105C7000D0F1010038BF002018B0BDE8F08170B548
:105C80001446B2F90220034698B00E460732194670
:105C90000823684692FBF3F2FFF745FAB4F9025085
:105CA00020231F3595FBF3F56DB268462946FEF7B4
:105CB000F0FD08B1002020E02A4604F124006946E6
:105CC000FEF744FE01280546F4D108A8694622469D
:105CD000FFF7A9FC0028EDD0304694F9011008AA7E
:105CE000FFF70DFA94F9011094F9002008AB701831
:105CF00003EB8202FFF703FA284618B070BD2DE9C6
:105D0000F04F91B05D691B9F1E6997F801807F88F5
:105D10000FFA87FC93461C460CF11F02202392FBCE
:105D2000F3F381468A462E44CDF810C0DBB2002240
:105D300021698A4205D20121B1540021A9540132BE
:105D4000F6E7204629460293FFF793FA22690021DD
:105D5000B15422694FFA88F8204631460132FFF7E4
:105D6000A8FA424620464946FFF7A3FA2046514684
:105D70005A46FFF79EFA204629462A46FFF79DFA23
:105D8000324620462946FFF7C6FA20462946FFF745
:105D900070FA22690121B15422692046314601324C
:105DA000FFF787FA424620464946FFF782FA204627
:105DB00051465A46FFF77DFA204629462A46FFF704
:105DC0007CFA204629463246FFF7A5FA029B4FFA95
:105DD00083F80FFA88F34FEA830CC7EB48175B018F
:105DE0003FB206934FF0FF33FB404027CDF814C07D
:105DF000079303970027294620463246FFF78BFA80
:105E0000216900238B42F6D00DF1400C4CFA87F04B
:105E10007A1CD2B216F803E0059F00F820EC50B2CD
:105E2000B84202DA01331746ECE7DDF818C0049FE8
:105E3000BC450BDD08F1FF330DF1400C0CEB830387
:105E4000079F53F8202C3A4043F8202C1A9F0097C4
:105E50001B9F0197484651465A4608ABFFF710FC76
:105E6000074608B1012719E020462946FFF701FA45
:105E70002269B7542269204631460132FFF719FAE8
:105E8000204629462A46FFF718FA29462046324678
:105E9000FFF741FA039901390391ABD1384611B0AC
:105EA000BDE8F08F38B50446154600F08DF8284659
:105EB00021461022BDE8384000F060B870B50023DC
:105EC0000446934204F102040DD0CE5C084D36091D
:105ED000AE5D04F8026CCE5C06F00F060133AD5DDA
:105EE00004F8015CEDE7002200F8132070BD00BF4C
:105EF0009C6502002DE9F041044615464F1E002620
:105F000017F8011F09B9254416E0002DFBD0DFF872
:105F1000388040460DF03AFA10B1C8EB0000C0B22C
:105F200096F0010601D02070EAE7237840EA0310DA
:105F300004F8010B013DE3E7AC4203D0002304F871
:105F4000013BF9E7BDE8F0819C65020010B503460E
:105F500001444FF6FF708B420FD013F8012B5040D5
:105F6000082200F00104400824B180F4044080F0CD
:105F7000080080B2013AF4D1EDE710BD70B50023FE
:105F80000446934204F102040DD0CE5C084D36095C
:105F9000AE5D04F8026CCE5C06F00F060133AD5D19
:105FA00004F8015CEDE7002200F8132070BD00BF8B
:105FB000AD65020010F0800F4FEA400018BF80F07E
:105FC0001B00C0B27047FFFF2DE9F04F87B002AA57
:105FD00004460E460B4601F11007924618685968B0
:105FE000154603C50833BB422A46F7D10023F15CAE
:105FF000E25C4A40E2540133102BF8D100275C4D9B
:1060000023786279EB5C23702379AA5CEB5C2371C3
:10601000237AEB5C2372237BEB5C237363786270DF
:10602000627AEB5CAA5C6271627B6373AA5C6272E7
:10603000A27AA378AA5CA270A27BEB5CAA5CA37292
:10604000A379A271E27AEB5CAA5CA373E37BE273AF
:10605000E279EB5CAA5CE272E278E370FBB2AA5CE4
:10606000E271092B27D19DF81530EA5C9DF80830C4
:106070005340404ABA5C53408DF808309DF81630C2
:10608000EA5C9DF8093053408DF809309DF81730CF
:10609000EA5C9DF80A3053408DF80A309DF81430C0
:1060A000EA5C9DF80B3053408DF80B300DF1130274
:1060B0000DF1070344E0264604F1010804F1100243
:1060C00018F801BCB378707896F8039000928BEAC8
:1060D000000089EA030980EA0909FFF76BFF8BEAF0
:1060E000000089EA000B08F801BC96F802B073784A
:1060F000019383EA0B00FFF75DFF019B584089EA9B
:106100000003F07873708BEA0000FFF753FF8BEA0F
:10611000000089EA000B5FFA8BFB86F802B0717809
:1061200018F8013C4B4089EA03098BEA090B86F811
:1061300003B0009A0436964208F10408C0D192E7F1
:10614000587913F8011F414093421971F8D1002387
:10615000E25C1AF803104A40E2540133102BF7D1E5
:1061600001370A2F7FF44BAF07B0BDE8F08F00BFB7
:10617000BE650200BE6602000021D8220CF0AEBE51
:1061800038B100F1D803984203D0002202700130E8
:10619000F9E7704708B5D82209F0C8FF08BDFFFF2E
:1061A00000220023C0E90023C0E9022331BB2AA357
:1061B000D3E90023C0E9042329A3D3E90023C0E9DC
:1061C000062329A3D3E90023C0E9082328A3D3E9A0
:1061D0000023C0E90A2328A3D3E90023C0E90C2344
:1061E00027A3D3E90023C0E90E2327A3D3E9002383
:1061F000C0E9102326A3D3E9002325E026A3D3E991
:106200000023C0E9042326A3D3E90023C0E9062321
:1062100025A3D3E90023C0E9082325A3D3E900235C
:10622000C0E90A2324A3D3E90023C0E90C2324A353
:10623000D3E90023C0E90E2323A3D3E90023C0E957
:10624000102323A3D3E90023C0E91223C0F8D01000
:10625000704700BFAFF3008008C9BCF367E6096A66
:106260003BA7CA8485AE67BB2BF894FE72F36E3CE5
:10627000F1361D5F3AF54FA5D182E6AD7F520E5142
:106280001F6C3E2B8C68059B6BBD41FBABD9831FFC
:1062900079217E1319CDE05BD89E05C15D9DBBCBF6
:1062A00007D57C362A299A6217DD70305A01599138
:1062B00039590EF7D8EC2F15310BC0FF672633671D
:1062C00011155868874AB48EA78FF9640D2E0CDB20
:1062D000A44FFABE1D48B5472DE9F04FADF2844DED
:1062E0007EAD0F9006914FF0000C069800EBCC04A9
:1062F00010F83C00E2794FEA006B60784FF0000A3A
:1063000006040996CDF820A0DDE90867A078CDF84D
:1063100028A0002343EA0B033B43070242EA0A0298
:106320000B973243DDE90A673B43E7782079119701
:10633000CDF840A03243DDE910674FEA0068CDF8A0
:106340001080CDF814A032433B43DDE90467607947
:1063500032430604A0793B43324343EA0A034FEA3F
:1063600000280CF1010C42EA080243EA0A03BCF1DE
:10637000100FE5E90223B8D10DF50079D9E9122310
:10638000D9E90001D9E91C67801841EB0301F3004A
:1063900043EA57731293FB0043EA56731393F30CCB
:1063A00043EA47331493FB0C43EA46331593DDE984
:1063B00014ABDDE9122383EA0B034FEA961B4BEA89
:1063C000876882EA0A024FEA971ACDF804A0CDF84E
:1063D0000080DDE90067D9E9024572407B40801802
:1063E00041EB0301230A43EA056316932B0A43EAB0
:1063F00004631793630843EAC57318936B0843EA71
:10640000C4731993DDE918ABDDE9162383EA0B03A6
:106410004FEAD41B4BEA4566EF090296039782EADE
:106420000A02DDE902AB82EA0A02121883EA0B03D0
:106430000CF1010C43EB0103BCF1500FC9E920231F
:1064400009F108099AD10F990F9D0F9B0F9FD1E970
:106450000401D5E90845CDE910010F98CDE91445AF
:10646000D0E90CABD0E91045D3E90623D7E90A6798
:10647000CDE91C45CDE918ABCDE91223DDE91CAB14
:10648000D0E90E23CDE91667D0E91267DDE91801DE
:10649000CDE908ABCDE91A23CDE91E67CDE90A673E
:1064A00092469B46CDE90601DDE91423DDE912673A
:1064B000DDE91001064CDDE91689CDE90423CDE9BB
:1064C0000267CDE900018EAD04F5207C02E000BF3B
:1064D0008067020055E90E0154E90E23069E079FCE
:1064E000121843EB0103B10C41EA87312091B90C3A
:1064F00041EA863138462191B10B41EA804122912F
:106500003746810B41EA87412391DDE92201DDE92C
:106510002067464006984F40C105079841EA502140
:106520002491C105069841EA50212591DDE9240115
:1065300046404F40921943EB0703DDE90867DDE968
:10654000060186EA0A0687EA0B0706400F40DDE9E6
:1065500008014640921987EA010743EB0703DDE98A
:106560000A67B61847EB0307CDE90C6716EB080678
:1065700047EB0907DDE90023DDE90201CDE90A6700
:10658000DDE90467104319433040DDE90223394057
:10659000DDE900673B401943B30743EA9703019FD6
:1065A000DDF800802693BB0743EA980327934FEA60
:1065B000187343EA071328933B0F43EA081332404A
:1065C0002993DDE928671043DDE9262372404FEA6D
:1065D0004866DDF8048046EAD8162A964FEA4866EF
:1065E000DDF8008046EAD8162B967B40DDE92A6765
:1065F000DDE90C897240121883EA070343EB0103BB
:1066000018EB020849EB030954E90C0155E90C2386
:10661000121843EB0103DDE90801121843EB0103F3
:10662000DDE90601DDE90A6780EA0A0081EA0B017B
:10663000304080EA0A003940121881EA0B0143EB2E
:106640000103B10C41EA87310B9F0A982C91B90CD8
:1066500041EA80312D91810B41EA874106462E9116
:10666000B90B41EA86412F91DDE92E01DDE92C6766
:1066700046400A984F40C1050B9841EA502130919D
:10668000C1050A9841EA50213191DDE930014640C7
:10669000901987EA010743EB0701DDE90423CDE9FF
:1066A0000C01801841EB0301CDE90801DDE900018F
:1066B000DDE90267DDE9002341EA090103EA090394
:1066C000394019434FEA887343EA990332934FEAFA
:1066D000897343EA980333934FEA187343EA091323
:1066E00034934FEA197343EA081340EA080002EAB8
:1066F0000802359330401043DDE93467DDE9322389
:1067000072404FEA486646EAD91636964FEA49661D
:1067100046EAD81637967B40DDE936677240121894
:1067200083EA070343EB0103DDE90C01801841EB29
:106730000301CDE9040155E90A2354E90A011218BD
:1067400043EB010312EB0A02DDE9066743EB0B039F
:10675000DDE90AABDDE908018AEA060A0AEA000A6D
:106760008AEA060A8BEA070B099E0BEA010B810CE9
:1067700012EB0A0241EA8631DDF820A038914FEA97
:10678000964141EA8A3139914FEA9A3141EA86418C
:106790003A914FEA963141EA8A418BEA070B3B91E5
:1067A00043EB0B033046DDE93AABDDE9386787EAB6
:1067B0000B07DDF820B04FEACB5141EA50213C9164
:1067C000C10541EA5B213D9186EA0A06DDE93CAB61
:1067D00086EA0A06901987EA0B0743EB0701DDE911
:1067E000022310EB020A41EB030BCDE90C01DDE9BA
:1067F0000401DDE90067DDE9042340EA080041EA1D
:10680000090102EA080230403940049F03EA090303
:106810001043059A1943BB0743EA92033E9393073B
:1068200043EA970316463F933B0F43EA06133A4663
:106830004093330F43EA0213419340AFD7E9006717
:10684000DDE93E237B40049F72407E06059F46EAB9
:10685000D71642967E06049F46EAD716439642AF65
:10686000D7E900677240121883EA070343EB01037C
:10687000DDE90C01801841EB0301CDE9020155E986
:10688000082354E90801DDE90667121843EB010308
:106890009219DDE90A0143EB0703DDE908674F4080
:1068A00007EA0B074F404FEA9A4141EA8B31449186
:1068B0004FEA9B4141EA8A3145914FEA9A3141EAD8
:1068C0008B414640469106EA0A064FEA9B31464014
:1068D00041EA8A419219479146A844A943EB07032C
:1068E000D1E90067D0E900014F404FEACA5141EABF
:1068F0005B2148914FEACB5141EA5A21499148A97D
:106900004640D1E900014640901987EA010743EB70
:106910000701DDE90023CDE90C01801841EB0301FB
:10692000DDE90267CDE90601DDE90401DDE90223C5
:10693000064302400B400F4306EA0806029916433D
:1069400007EA0907039A1F438B0743EA92034A9316
:10695000930743EA910310464B930B0F43EA00134E
:106960000A464C93030F43EA02134D934AA94CA8DD
:10697000D1E90023D0E90001424002984B40410692
:10698000039841EAD0114E914106029841EAD01194
:106990004F914EA9D1E900014240921983EA0103C7
:1069A00043EB0703DDE90C67B61855E9060147EB31
:1069B000030754E90623121843EB0103DDE90A013A
:1069C000CDE900671218DDE9086743EB0103DDE953
:1069D000060186EA0A0687EA0B0706400F40DDE952
:1069E00008014640921987EA0107069E43EB070318
:1069F000079FB10C41EA87315091B90C41EA8631C9
:106A000038465191B10B41EA804152913746810B92
:106A100041EA8741539152A850A9D1E90067D0E9D2
:106A20000001464006984F40C105079841EA5021B1
:106A30005491C105069841EA5021559154A9D1E9D4
:106A400000014640901987EA010743EB0701CDE9B1
:106A50000C0110EB080041EB0901DDE90223CDE94F
:106A60000A01DDE90001DDE9046710431943304004
:106A7000DDE900233940DDE902673B40009FDDF896
:106A800004801943BB0743EA980356934FEA88737F
:106A900043EA970357933B0F43EA081358934FEA8F
:106AA000187343EA07133240599356AF58AE104358
:106AB000D7E90023D6E900677B40009F72407E063D
:106AC00046EAD8165A964FEA4866DDF8008046EA4C
:106AD000D8165B965AAFD7E90067DDE90C8972409A
:106AE000121883EA070343EB010318EB020849EB92
:106AF000030955E9040154E90423121843EB010387
:106B0000DDE90801DDE90667121843EB0103DDE961
:106B10000A0186EA0A06064086EA0A06921987EA08
:106B20000B070B9E07EA01074FEA904141EA8631C5
:106B30000A985C914FEA964187EA0B0741EA803157
:106B400043EB07035D913746810B41EA87410646D7
:106B50005E91B90B41EA86415F915EA85CA9D1E9DB
:106B60000067D0E9000146400A984F40C1050B98E4
:106B700041EA50216091C1050A9841EA5021619192
:106B800060A9D1E900014640901987EA010743EB6B
:106B90000701DDE90423CDE90C01801841EB030175
:106BA000CDE90801DDE90001DDE90267DDE9002347
:106BB00041EA0901394003EA090319434FEA88739E
:106BC00043EA990362934FEA897343EA9803639314
:106BD0004FEA187343EA091364934FEA197343EABF
:106BE000081340EA08006593304002EA080262AFE9
:106BF00064AE1043D7E90023D6E9006772404FEA3C
:106C0000486646EAD91666964FEA496646EAD816B5
:106C10007B40679666AFD7E900677240121883EA37
:106C2000070343EB0103DDE90C01801841EB03018D
:106C3000CDE9040154E9022355E90201121843EB9E
:106C4000010312EB0A02DDE9066743EB0B03DDE902
:106C50000AABDDE908018AEA060A0AEA000A8AEABA
:106C6000060A8BEA070B099E0BEA010B810C12EB5B
:106C70000A0241EA8631DDF820A068914FEA964188
:106C800041EA8A3169914FEA9A3141EA86416A9133
:106C90004FEA963141EA8A4168A88BEA070B6B916B
:106CA000D0E900676AA843EB0B03D0E900AB86EAA2
:106CB0000A06DDF820A087EA0B07DDF824B04FEACA
:106CC000CA5141EA5B216C914FEACB5141EA5A210A
:106CD0006D916CA9D1E9000146404F40DDE9020108
:106CE00012EB060A43EB070BCDE90CAB1AEB000ADB
:106CF0004BEB010BDDE90401DDE9002340EA08006C
:106D000041EA090110401940DDE90423049E059F72
:106D100003EA09031943B30743EA97036E93BB07DA
:106D200043EA960302EA080210436F933A46330F90
:106D300043EA021337467093130F43EA0713719324
:106D40006EAF70AED7E90023D6E900677B40049FA1
:106D500072407E06059F46EAD71672967E06049F0D
:106D600046EAD716739672AFD7E9006772401218D9
:106D700083EA070343EB0103DDE90C01801841EBD3
:106D80000301CDE90201F4E81023F5E81001DDE983
:106D90000667121843EB01039219DDE90A0143EB80
:106DA0000703DDE908674F4007EA0B074F404FEA4A
:106DB0009A4141EA8B3174914FEA9B4141EA8A3111
:106DC000759146404FEA9A3141EA8B4106EA0A063C
:106DD000464076914FEA9B31921941EA8A4143EB52
:106DE0000703779174AF76AED7E90001D6E9006763
:106DF00070404FEACA5646EA5B2678964FEACB5671
:106E000046EA5A267940799678AFD7E9006770400C
:106E1000161881EA070143EB0107DDE90001CDE91E
:106E20000C67361847EB0107DDE90423DDE90201B1
:106E3000CDE906671043DDE904671943DDE9022364
:106E400000EA080032403B40029F104301EA09017A
:106E5000039A1943BB0743EA92037A93930743EAE1
:106E6000970316467B933B0F43EA06133A467C93FF
:106E7000330F43EA02137D937AAF7CAED7E9002348
:106E8000D6E900677B40029F72407E06039F46EA78
:106E9000D7167E967E06029F46EAD7167F967EAF6D
:106EA000D7E900677240121883EA070343EB010336
:106EB000DDE90C01801841EB03016445CDE90001D7
:106EC0007FF408ABDDE91045021941EB05030F9D86
:106ED000DDE91267C5E90423DDE90223921943EBDA
:106EE0000703C5E90623DDE91401DDE904231218CF
:106EF00043EB0103C5E90823DDE9162312EB080281
:106F000043EB0903C5E90A23DDE91845DDE906235A
:106F1000121943EB05030F9DC5E90C23DDE91A2384
:106F200012EB0A0243EB0B03DDE91C67C5E90E23F4
:106F3000DDE90823921943EB0703DDE91EABC5E940
:106F40001023DDE90A2312EB0A0243EB0B03C5E928
:106F500012230DF2844DBDE8F08F00BF2DE9F84FEC
:106F6000D0E90067002506F07F0BB61847EB050750
:106F70001446AF4208BFA64280468A469146C0E901
:106F8000006706D2D0E90245013445F10005C0E9A9
:106F90000245BBF1000F14D0CBF18004A14510D302
:106FA0000BF1500051462246404409F0BFF84046DC
:106FB00008F15001FFF790F9A244C4EB09094FF022
:106FC000000B4C460AEB09017F2CC4EB010104D9EC
:106FD0004046FFF781F9803CF4E729F07F0119F082
:106FE0007F02514406D00BF150004044BDE8F84FF9
:106FF00009F09CB8BDE8F88F0AB1FFF7AFBF704742
:107000002DE9F04FC2688368D5000E4645EA5375F6
:1070100041684FF0000B85B045EA0B050746DC00E0
:107020004FEA517ACB0001688DF80350280E8DF895
:107030000000280C44EA0A048DF80100280A8DF8A3
:107040000200200E40EA05208DF80400200C43EADF
:10705000517340EA05408DF80500180E8DF80800C0
:10706000180CCA008DF80900180A8DF80A00100ED5
:1070700040EA03208DF80C00100C40EA03408DF824
:107080000D00100A40EA03608DF80B303B688DF864
:107090000F2003F07F026F2A4FEA142894BFC2F139
:1070A0007002C2F1F0028DF80E008F498DF8074092
:1070B000384648EA05688DF80680FFF79DFF384698
:1070C00069461022FFF74AFFFA7D3270F88A707025
:1070D0007A69100AB0707869F0707A69F87C40EAD1
:1070E000022030717A69788A40EA024070713C6906
:1070F0007A69200A40EA0260B0713A69F271F87F59
:107100003072F88B7072FA69100AB072F869F07216
:10711000FA69F87E40EA02203073FA69788B40EA17
:1071200002407073BC69FA69200A40EA0260B073D9
:10713000BA69F27397F827003074F88C70747A6A21
:10714000100AB074786AF0747A6A97F8230040EAFB
:10715000022030757A6A788C40EA024070753C6A89
:107160007A6A200A40EA0260B0753A6AF27597F8C6
:107170002F003076F88D7076FA6A100AB076F86AC9
:10718000F076FA6A97F82B0040EA02203077FA6A24
:10719000788D40EA02407077BC6AFA6A200A40EAB9
:1071A0000260B077BA6AF27797F8370086F8200065
:1071B000F88E86F821007A6B100A86F82200786B28
:1071C00086F823007A6B97F8330040EA022086F8AD
:1071D00024007A6B788E40EA024086F825003C6BEA
:1071E0007A6B200A40EA026086F826003A6B86F83D
:1071F000272097F83F0086F82800F88F86F82900A6
:10720000FA6B100A86F82A00F86B86F82B00F96BE7
:1072100097F83B2042EA012286F82C20F96B7A8FFE
:1072200042EA014286F82D20B86BF96B020A42EA65
:10723000016286F82E20BB6B86F82F30D7F8D0106D
:1072400000294DD197F8472086F83020B7F846201E
:1072500086F83120786C020A86F832207A6C86F83B
:107260003320786C97F8432042EA002286F83420D5
:10727000786CB7F8422042EA004286F835203C6C30
:10728000786C220A42EA006286F836203B6C86F867
:10729000373097F84F2086F83820B7F84E2086F818
:1072A0003920F86C020A86F83A20FA6C86F83B20FE
:1072B000F96C97F84B2042EA012286F83C20F96CE1
:1072C000B7F84A2042EA014286F83D20B86CF96CD2
:1072D000020A42EA016286F83E20BB6C86F83F3023
:1072E00005B0BDE8F08F00BFC8660200F0B5B7B0CA
:1072F0001F460646684614460D46FEF73DFF6846A3
:107300003946FEF74DFF2A4668463146FFF774FEC0
:1073100068462146FFF774FE6846FEF731FF37B036
:10732000F0BDFFFF0538C0B203289ABF024B53F8E7
:1073300020000020704700BFC869020000B1007A39
:10734000704701F09DBC01F045BCFFFF10B504463D
:1073500001F036FC024B20461B68984710BD00BF69
:10736000C48CFF1F054B10B51B6801206C2198478A
:10737000044608B101F020FC204610BDC08CFF1F60
:10738000012301F0EBBD002301F0E8BD01F064BD75
:1073900001F05EBD012101F023BC002101F020BC01
:1073A000FEF79ABFFEF7F6BE10B50446FEF7E8FEFC
:1073B000024B20461B68984710BD00BFC48CFF1FBE
:1073C000054B10B51B680120D8219847044608B129
:1073D000FEF7D2FE204610BDC08CFF1F0123FFF731
:1073E00085BF0023FFF782BFFFF70ABEFFF704BE89
:1073F0000121FEF7D5BE0021FEF7D2BE00232DE904
:10740000F04115461C46844205F104054FEA840606
:1074100017D055F804CCC3EB0C0645F8046C51F8B2
:107420002470BE422CBF4FF000084FF00108F61B3D
:107430009C452CBF434608F1010345F8046C013418
:10744000E1E7324443B11168C81A994242F8040B8B
:107450002CBF00230123F5E7BDE8F0812DE9F041C1
:1074600086B08446019300230391029205938046DF
:10747000B8F10F0F40F2CA8003980299059A019B58
:1074800050F8044B4FF000050E68E3FB0425B718D5
:1074900045F1000241F8047B50F8044B4FF0000521
:1074A0000E68E3FB0425B71845F1000241F8047BA0
:1074B00050F8044B4FF000050E68E3FB0425B718A5
:1074C00045F1000241F8047B50F8044B4FF00005F1
:1074D0000E68E3FB0425B71845F1000241F8047B70
:1074E00050F8044B4FF000050E68E3FB0425B71875
:1074F00045F1000241F8047B50F8044B4FF00005C1
:107500000E68E3FB0425B71845F1000241F8047B3F
:1075100050F8044B4FF000050E68E3FB0425B71844
:1075200045F1000241F8047B50F8044B4FF0000590
:107530000E68E3FB0425B71845F1000241F8047B0F
:1075400050F8044B4FF000050E68E3FB0425B71814
:1075500045F1000241F8047B50F8044B4FF0000560
:107560000E68E3FB0425B71845F1000241F8047BDF
:1075700050F8044B4FF000050E68E3FB0425B718E4
:1075800045F1000241F8047B50F8044B4FF0000530
:107590000E68E3FB0425B71845F1000241F8047BAF
:1075A00050F8044B4FF000050E68E3FB0425B718B4
:1075B00045F1000241F8047B50F8044B4FF0000500
:1075C0000E68E3FB0425B71845F1000241F8047B7F
:1075D00050F8044B4FF000050E68E3FB0425B71884
:1075E00045F1000241F8047B50F8044B4FF00005D0
:1075F0000E68E3FB0425B71845F1000241F8047B4F
:10760000059202910390A8F1100831E70CF00F08E1
:10761000B8F1070F69D903980299059A019B50F8B0
:10762000044B4FF000050E68E3FB0425B71845F145
:10763000000241F8047B50F8044B4FF000050E683F
:10764000E3FB0425B71845F1000241F8047B50F82C
:10765000044B4FF000050E68E3FB0425B71845F115
:10766000000241F8047B50F8044B4FF000050E680F
:10767000E3FB0425B71845F1000241F8047B50F8FC
:10768000044B4FF000050E68E3FB0425B71845F1E5
:10769000000241F8047B50F8044B4FF000050E68DF
:1076A000E3FB0425B71845F1000241F8047B50F8CC
:1076B000044B4FF000050E68E3FB0425B71845F1B5
:1076C000000241F8047B50F8044B4FF000050E68AF
:1076D000E3FB0425B71845F1000241F8047B05924D
:1076E00002910390A8F1080892E70CF0070CBCF196
:1076F000000F15D003980299059A019B50F8044B8E
:107700004FF000050E68E3FB0425B71845F10002B1
:1077100041F8047B0592029103900CF1FF3CE6E7EF
:10772000029B1968059A0A4443F8042B05998A427A
:107730002CBF002201220592002AF2D106B0BDE83A
:10774000F08120B101230360002343608360704710
:1077500010B5044688B1806850B16368024613F1E1
:10776000FF3303D3002111600432F8E70BF084FBF0
:107770000123236000236360A36010BDF8B542F2CB
:107780001073994204460D4602D96FF00F00F8BD00
:1077900046688E4219D2084604210BF011FB0746B9
:1077A0000028F2D0A16871B1B20008F0BFFCA06857
:1077B0006368024613F1FF3303D3002111600432E2
:1077C000F8E70BF059FB6560A7600020F8BD884220
:1077D000F8B504460D4623D08E6816B9FFF7B8FFFA
:1077E00020E04B68591E06EB830621B156F8043D94
:1077F0000BB90139F9E72B6823604F1C2046394645
:10780000FFF7BCFF064668B96268A068314692007F
:107810000BF064FBA068A968BA0008F087FC01E0DF
:107820000020F8BD3046F8BD70B50E460121044673
:10783000FFF7A4FF054688B96268A0689200294650
:107840000BF04CFBA36886EAE672A2EBE672002E10
:107850001A60ACBF01234FF0FF332360284670BD90
:1078600070B5002345681946A94210D0826852F8C5
:107870002140002224FA02F6F60706D40132202A1B
:1078800003F10103F6D10131EEE7184670BD002087
:1078900070BD10B504464068D0B100F18042013A95
:1078A000431E9200A16823B18858043A08B9013BED
:1078B000F8E751F8231000204FF000420A4204D1AB
:1078C000013020284FEA5202F8D1C0EB431020309B
:1078D00010BD08B5FFF7DDFF0730C00808BD2DE972
:1078E000F04107460E4615460024AC4201D0335DF8
:1078F00063B1291B11F0030318BF012303EB9101AE
:107900003846FFF73BFF034600BB01E00134ECE7DC
:1079100019463846FFF788FF0346B8B971190D4676
:10792000A81BA042C5EB010210D94FEA920CB8681F
:1079300015F8018D02F00302D20008FA02F850F89F
:107940002C2042EA080840F82C80E9E71846BDE8F8
:10795000F081F8B5144607460D46FFF7BAFF84429A
:10796000064616D32246284600210BF0B7FA2C44CF
:107970000023B3420BD09808BA6803F0030152F811
:107980002020C900CA4004F8012D0133F1E700208E
:10799000F8BD6FF00700F8BD2DE9F04105460F4630
:1079A0004C0901F01F06FFF774FF6B68C119B1EBBA
:1079B000431F01D87CB90CE011F01F0318BF01234D
:1079C000284603EB5111FFF7D9FE0028F2D0BDE89D
:1079D000F08106BB1CE06B6803F18042013A6FF056
:1079E000030792006743A34206D9A9688818013BA0
:1079F000C0598850043AF6E703F18042013A9200F8
:107A0000002BE6D0A96800208850013B043AF7E734
:107A10000020BDE8F0816F68A3000022BC42F7D2CD
:107A2000A868C15801FA06F842EA0802C6F1200C1B
:107A3000C2500134043321FA0CF2EFE74368F0B589
:107A40004D099D4201F01F0101D805D121B100214E
:107A5000BDE8F040FFF7E8BE35B949B303F1804215
:107A6000013A9200002414E000245A1B944207D2E9
:107A70008268661952F8266042F824600134F4E7FF
:107A800094009A42E9D2856800262E5101320434CE
:107A9000F7E76BB18668B55825FA01FC44EA0C0497
:107AA000C1F12007B450013B043A05FA07F4F0E7AE
:107AB0000020F0BD436870B503F18042013A9200A6
:107AC0002BB18468A458043A0CB9013BF8E74A6822
:107AD00002F18044013CA400FAB18D682E59043CA7
:107AE0000EB9013AF8E7934212D89A4212D803F13C
:107AF0008042013A92004BB181688C58A9588C425F
:107B000006D8A2F1040205D3013BF4E7184670BD84
:107B1000012070BD4FF0FF3070BD181C18BF012050
:107B200070BD2DE9F04F85B0164603930E9B5A6841
:107B3000736801339A4207468B4653D30E9B98686D
:107B400000284FD0920000210BF0C8F90E9AD6F809
:107B50000480DBF80430D2F808C0984538BF4346AB
:107B600008F1010901934FEA89096546002444455B
:107B7000B86820D0DBF8081050F824A00A682B68F9
:107B80000198CDF800C002FB0A33039A53430293D5
:107B90002A465346FFF762FC2A46029BB1684046DC
:107BA000FFF75CFC45F804AB002345F809300134CD
:107BB000DDF800C0DBE7A9F1040161444A4608F0A2
:107BC000B5FA38463146FFF775FF0028204602DB3C
:107BD000B168BA6802E00E9BB9689A68FFF70EFCBC
:107BE000002001E06FF0030005B0BDE8F08F4368AE
:107BF00070B503F18042013A92002BB18468A45819
:107C0000043A0CB9013BF8E74A6802F18044013CB0
:107C1000A4006AB38D682E59043C0EB9013AF8E706
:107C2000934201D9026826E09A42096801D94A4282
:107C300021E00268002A01DD002917DB002904DCAD
:107C400003F180410139890005E0002AF8DA4FF09C
:107C5000FF3210E0013B6BB1846866586C58A64255
:107C600009D8A1F10401F5D2524204E0012202E058
:107C7000002BD7D11A46104670BD1FB581EAE173BB
:107C8000A3EBE17300290093ACBF01234FF0FF3356
:107C900001930123029301A900AB0393FFF7A7FF10
:107CA00005B05DF804FB90422DE9F8430546174600
:107CB00006D0884205D0FFF78AFD064608B14CE0A1
:107CC0000F467C6801232B6004F18043013B9B003D
:107CD0002CB1BA68D258043B0AB9013CF8E72846EF
:107CE0002146FFF74BFD0646002836D1AB68D7F892
:107CF0000880184637463246A24212D0016858F82A
:107D000022C0CF19674434BF4FF000094FF001097A
:107D100040F8047B013267452CBF4F4609F101074B
:107D2000EAE74FEA84084344BFB16A68944204F129
:107D3000010406D328462146FFF720FD60B9AB6851
:107D400043441A683A44BA4243F8042B2CBF002734
:107D5000012708F10408E7E706463046BDE8F88346
:107D6000F0B5044685B008460F4611461546FFF7A4
:107D7000A1FE002830DB01230193AC424FF0000349
:107D80000293039306D101A82146FFF720FD064682
:107D9000E8B901ADBC4207D168680123236000F156
:107DA0008043013B9B000BE020463946FFF70FFD67
:107DB000064660B9F0E7AA68D258043B12B9013808
:107DC0000028F8D1A968A268FFF718FB002601A8CF
:107DD000FFF7BEFC304601E06FF0090005B0F0BDD2
:107DE000F8B50D6813686B4304460E46174612D566
:107DF00008461146FFF75EFE0028204604DB3146A8
:107E00003A46FFF7ADFF08E039463246FFF7A8FFD4
:107E100028B96D4202E0FFF746FF00B92560F8BDC2
:107E2000F8B50D6813686B43002B04460E461746E1
:107E300012DD08461146FFF73DFE0028204604DB10
:107E400031463A46FFF78CFF08E039463246FFF7E5
:107E500087FF28B96D4202E0FFF725FF00B92560D2
:107E6000F8BD1FB582EAE273A3EBE273002A009328
:107E7000ACBF01234FF0FF3301930123029301AA0A
:107E800000AB0393FFF7CCFF05B05DF804FB2DE9D1
:107E9000F04786B00023174688424FF0010206469D
:107EA00088468DE80C00029303920493059306D153
:107EB0006846FFF78CFC044600284ED1E846BE42D7
:107EC00007D103A83146FFF782FC0446002844D1BD
:107ED00003AFD8F8049009F18043013B9B00B9F14E
:107EE000000F07D0D8F80820D258043B12B909F186
:107EF000FF39F4E77D6805F18043013B9B002DB11C
:107F0000BA68D258043B0AB9013DF8E7304605EBA0
:107F10000901FFF733FC0446F8B921463046FFF764
:107F200083FC0446C8B905F1804A0AF1FF3A4FEADA
:107F30008A0A6DB1B268BB68D8F8081053F80A30E5
:107F400052444846FFF78AFA013DAAF1040AF0E7D5
:107F5000D8F800303A685343336003A8FFF7F8FBC2
:107F60006846FFF7F5FB204606B0BDE8F0871FB571
:107F7000012301930293009200AB01AA0393FFF740
:107F800086FF05B05DF804FB2DE9F04F9BB08846F5
:107F900001900021184617460493FFF76EFE002853
:107FA00000F0AD8100240125384604990B950C940E
:107FB0000D940E950F94109411951294139414959A
:107FC00015941694179518941994FFF773FDA04211
:107FD00018DA019818B9B8F1000F09D110E001982A
:107FE0002146FFF721FC0646002840F07781F2E7A2
:107FF00040463946FFF7EBFB0646002840F06E810D
:1080000000207EE10BA83946FFF7E1FB0646002879
:1080100040F064810EA80499FFF7D9FB06460028BA
:1080200040F05C8179680E9511A802310B95FFF73D
:10803000A5FB0646002840F05181314611A8FFF704
:10804000F3FB0646002840F0498114A80221FFF7FF
:1080500095FB0646002840F0418117A80321FFF751
:108060008DFB0646002840F039810EA8FFF711FC71
:1080700000F01F001F2813D0C0F11F0002900299CA
:108080000BA8FFF789FC0646002840F027810EA8C0
:108090000299FFF781FC0646002840F01F8100E0AE
:1080A00002960C9C0F9D04F1FF39691EC1EB090B70
:1080B0004FEA4B1A00910EA85146FFF76DFC064699
:1080C000002840F00B814FEA8B0B0BA80EA9FFF79D
:1080D0008EFD00280EDB139B53F80B200BA80132FA
:1080E00043F80B2001460EAAFFF79AFE0646002829
:1080F000EBD0F3E00EA85146FFF7A0FC064600289F
:1081000040F0EC80009A4FEA820BABF10403089335
:1081100004F10063013B5B1B5B01039304F18044AA
:108120006FF00303013C6B43A4000593009B99454A
:1081300040F2AE800D99109A0B5952F80BE0139D46
:10814000734505D3254405984FF0FF332B5022E0AB
:10815000DDF814A02144A24451F8040CBEF1000F34
:1081600015D0002106910793DDE9062342EA0002BB
:1081700010461946724600230AF046FB4FF0FF32C4
:1081800000238B4208BF824203D2104601E04FF029
:10819000FF3045F80A00059D139B2544A4F1040A0D
:1081A0005A5901325A51A4F108030993139B5A59A1
:1081B000013A5A5114A80021FFF736FB002840F07D
:1081C0008A800098169B109A10B10898115800E008
:1081D0000099196052F80B205A60139B14A80146AD
:1081E0005A59FFF7C4FE0146002876D117A8FFF7B9
:1081F0001BFB00286FD1B9F1010F0D9A18BF099927
:10820000199B18BF5058186052F80A10596012593B
:108210009A6014A817A9FFF7EAFC0028C6DC139B94
:1082200014A80EA95A59FFF7A2FE002853D114A88A
:108230000399FFF7B1FB00284DD10BA8014614AA02
:10824000FFF7EEFD0146002847D10BA8FFF715FD0B
:10825000002816DA14A80EA9FFF7B9FA00283AD1B7
:1082600014A80399FFF798FB002834D10BA8014606
:1082700014AAFFF7B5FD00282DD1139B5A59013AD6
:108280005A51039A203A09F1FF390392043C4DE711
:10829000019848B111A9FFF79AFAE0B904993B682F
:1082A0000A685343019A1360B8F1000F16D00BA867
:1082B0000299FFF7C3FB70B93B680B930BA94046CB
:1082C000FFF785FA014640B94046FFF7D6FC28B9CA
:1082D0000123C8F80030064600E00E460BA8FFF761
:1082E00037FA0EA8FFF734FA11A8FFF731FA14A8ED
:1082F000FFF72EFA17A8FFF72BFA304601E06FF0D0
:108300000B001BB0BDE8F08F70B504460E4610465A
:1083100000211546FFF7B1FC002822DB0020214692
:1083200032462B46FFF730FEF8B920460021FFF712
:10833000A4FC002807DA204621462A46FFF750FD14
:108340000028F2D070BD20462946FFF750FC0028D7
:108350000ADB204621462A46FFF762FD0028F2D0BC
:1083600070BD6FF0090070BD002070BD2DE9F04FA9
:10837000ADF2546D05460F461846002103921C4687
:10838000FFF77BFC0028DDF87886C0F21082A36836
:108390001E68F10740F10B8203980021FFF76DFC86
:1083A0000028C0F2048206F1020909F0040906EB74
:1083B0004909032106FB09F3C3F10203013903FB59
:1083C00009F9F7D101234FF4C06214A80893099169
:1083D0000A910B930C910D910E930F9110910AF04D
:1083E0007DFD0398FFF755FAB0F5287F08D2EF28F6
:1083F00008D84F2808D8182834BF0126032604E0DF
:10840000062602E0052600E00426636803F1010A5F
:1084100028465146FFF7B2F90346002840F09E81F6
:1084200017A85146FFF7AAF90346002840F09681A5
:108430000BA84FEA4A01FFF7A1F90346002840F0D4
:108440008D813B68B3F1FF3253425341059353B1E1
:108450000EA83946FFF7BBF90346002840F07E819D
:1084600001230E930EAFB8F1000F02D0D8F80830F8
:1084700033BB08A80121FFF7D7F90346002840F0D5
:108480006D81616808A88901FFF786FA0346002814
:1084900040F0648108A801462246FFF735FF0346F5
:1084A000002840F05B81B8F1000F12D008AB03CB7D
:1084B000C8F800001868C8F80410C8F8080008E0F8
:1084C000D8F80000D8F8041008AB03C3D8F80800A7
:1084D000186021463846FFF78AFB0028394617A85E
:1084E00015DB2246FFF710FF0346002840F03681D7
:1084F000C9F100090BAF4B46009717A808A92246FF
:10850000FFF70FFB0346002840F0288102E0FFF749
:108510005EF9E9E7284608A9FFF759F9034600285C
:1085200040F01C8107AA4FF0010A13924B460097B6
:10853000284611A92246CDF81CA0CDF844A0CDF8BC
:1085400048A0FFF7EEFA0346002840F007815645A1
:1085500007D1039B00275B680493BC46BB46BA4621
:1085600076E006F1FF3B14AA61680AFA0BFA0C27C1
:1085700007FB0A2738460131FFF700F903460028B8
:1085800040F0EC80384617A9FFF721F90346002890
:1085900040F0E48084460BAB009338464B463946A6
:1085A0002246CDF808C0FFF7BCFADDF808C0034644
:1085B000002840F0D3800CF1010CDC45EBD30AF12C
:1085C000010A01274FF00C0B14ABB7400BFB0A3B21
:1085D000BA45BED2616858460131FFF7CFF803466D
:1085E000002840F0BB805846ABF10C01FFF7EFF8D4
:1085F0000346002840F0B2800BAB009358464B4630
:1086000017A92246FFF78DFA0BF10C0B0346002841
:1086100040F0A4800AF1010ADAE7049B013B0493CD
:108620004FF0200B039A9368049A53F822300BF111
:10863000FF3B23FA0BF313F0010314D00CF1010CF0
:10864000CCEB06029340B4454AEA030A1FD0022746
:10865000BBF1000FE6D1049A002ADED10123B3401A
:10866000039393464FE0002FF2D0012FE6D10BABDE
:10867000009328464B4629462246CDF808C0FFF70E
:1086800050FADDF808C00346002867D1E0E74FF054
:10869000000C0BAF4B460097284629462246CDF8E2
:1086A00008C0FFF73EFADDF808C00346002855D1A0
:1086B0000CF1010CB445ECD314AB0C2101FB0A31D5
:1086C00000974B4628462246FFF72BFA0346002820
:1086D00044D1012782468446BAE74B460097284694
:1086E00029462246CDF808C0FFF71BFADDF808C07E
:1086F0000346002832D1039A4FEA4A0A12EA0A0FC7
:1087000005D10BF1010BE3450BAFE6D10CE04B4675
:108710000097284617A92246FFF703FADDF808C09C
:1087200003460028EDD019E001230793119312931B
:1087300007AB139300974B46284611A92246FFF733
:10874000F0F9034650B9059A42B14FF0FF332B6060
:10875000284621462A46FFF743FB0346741E0122A2
:1087600002FA04F402FA06F6B44209D214AA0C2062
:1087700000FB042002930134FEF7EAFF029BF3E7BB
:1087800017A80293FEF7E4FF0BA8FEF7E1FF0EA87F
:10879000FEF7DEFF029BB8F1000F02D0D8F80820E8
:1087A00042B908A80293FEF7D3FF029B02E06FF0E4
:1087B000030000E018460DF2546DBDE8F08FF0B5EF
:1087C0008BB000230125074604A8164601950293A5
:1087D0000393049505930693079508930993FEF771
:1087E000F6FF0446002862D107A83146FEF7EFFFE6
:1087F000044600285BD104A8FFF732F8064607A814
:10880000FFF72EF8B04238BF0646314604A8FFF7FE
:1088100015F9044600284AD107A83146FFF70EF99A
:108820000446002843D10795049504A80021FFF7CA
:1088300024FA002830D004A8FFF712F8014604A853
:10884000FFF7FCF80446002831D107A8FFF708F825
:10885000014607A8FFF7F2F8044640BB04A807A9A1
:10886000FFF7C5F9002808DB04A8014607AAFFF7AF
:1088700077FA0446D8B904A807E007A8014604AA75
:10888000FFF76EFA044690B907A80121FFF7D6F862
:1088900004460028C9D00AE007A83146FFF77CF853
:1088A000044620B9384607A9FEF791FF044601A8FF
:1088B000FEF74EFF04A8FEF74BFF07A8FEF748FFA0
:1088C00020460BB0F0BD70B5B1F5806FADF5806D91
:1088D00005460C4616460AD8184669462246B04751
:1088E00038B9284669462246FEF7F9FF01E06FF0E5
:1088F00003000DF5806D70BD2DE9F04180469CB000
:108900000F46104600211646FFF7B7F9002840F33E
:108910004E810023012501A839463246049505936E
:1089200006930795089309930A950B930C930D955D
:108930000E930F9301950293039310951193129345
:1089400013951493159316951793189319951A93D5
:108950001B93FFF734FF0446002840F00B8101A869
:108960002946FFF78AF9002840F0028104A8394619
:108970003246FFF7C9FC0446002840F0FB8007A8F8
:1089800004A9FEF724FF0446002840F0F38010A855
:108990003146FEF71CFF0446002840F0EB8013A888
:1089A0003146FEF714FF0446002840F0E3800AA891
:1089B0002946FEF739FF0446002840F0DB802146B7
:1089C0000DA8FEF731FF0446002840F0D380214671
:1089D00016A8FEF729FF0446002840F0CB8019A80E
:1089E0002946FEF721FF0446002840F0C380099B7A
:1089F0001B68D8074CD407A80121FFF71FF80446CD
:108A0000002840F0B7800C9B1B68DD0710D40F9B3B
:108A10001B68DC070CD40AA80121FFF70FF80446F5
:108A2000002840F0A7800DA80121FFF707F8DAE73A
:108A30000AA8014610AAFFF7D3F90446002840F01F
:108A400099800DA8014604AAFFF7EAF90446002818
:108A5000E1D08FE013A80121FEF7F0FF04460028C3
:108A600040F08880189B1B68DA0716D41B9B1B6894
:108A7000DB0712D416A80121FEF7E0FF0446002808
:108A800078D119A80121FEF7D9FF0446002871D139
:108A9000159B1B68D90711D4DCE716A8014610AA5C
:108AA000FFF79EF90446002864D119A8014604AADC
:108AB000FFF7B6F904460028DCD05BE007A813A94D
:108AC000FFF795F800281FDB07A8014613AAFFF758
:108AD000A7F9044600284DD10AA8014616AAFFF7B7
:108AE0009FF90446002845D10DA8014619AAFFF7B1
:108AF00097F9044600283DD107A80021FFF7BDF8EB
:108B000000287FF474AF19E013A8014607AAFFF705
:108B100087F9044600282DD116A801460AAAFFF7B6
:108B20007FF9044630BB19A801460DAADFE716A855
:108B300001463246FFF754F90446D8B916A8002179
:108B4000FFF79BF80028F2DB06E016A80146324644
:108B5000FFF766F9044668B916A83146FFF747F8EB
:108B60000028F2DA404616A9FEF731FE044601E07D
:108B70006FF00D0404A8FEF7EBFD07A8FEF7E8FD73
:108B80000AA8FEF7E5FD0DA8FEF7E2FD01A8FEF735
:108B9000DFFD10A8FEF7DCFD13A8FEF7D9FD16A82F
:108BA000FEF7D6FD19A8FEF7D3FD204601E06FF0D1
:108BB00003001CB0BDE8F08100216C220AF08EB9E0
:108BC00038B100F16C03984203D0002202700130EA
:108BD000F9E7704708B56C2207F0A8FA08BDFFFF57
:108BE000002303604360A1B9184B8360184BC36036
:108BF000184B0361184B4361184B8361184BC361D9
:108C0000184B036203F17453A3F52303A3F69243B5
:108C100018E0154B8360154BC36003F1794303F5EE
:108C2000740303F501630361114B4361114B8361CD
:108C300003F1D14303F5C01303F51E63C3610E4B6B
:108C400003620E4B43628166704700BF67E6096AA4
:108C500085AE67BB72F36E3C3AF54FA57F520E515D
:108C60008C68059BABD9831FD89E05C107D57C3680
:108C700039590EF7310BC0FFA78FF964A44FFABE24
:108C80002DE9F04FCFB0002304900591049A1A44C7
:108C900003F118016846043392680A50202BF5D17D
:108CA0000D9B0393099B089D02930A990B9E0C9CB4
:108CB000069A0798019500231F460F2F0DF13808DB
:108CC00014D8DDF814C0059D9C4415F803A09CF849
:108CD000039049EA0A699CF801A049EA0A499CF80C
:108CE00002A049EA0A2948F803901AE008EB030CAD
:108CF0005CF808AC5CF83C9C5CF840BC5CF81CCCB4
:108D0000DC444FEA7A4B8BEAFA4B8BEA9A2AD4443A
:108D10004FEAF91A8AEAB94A8AEAD909CC4448F8EA
:108D200003C00DF1380C039D53F80C80DFF89CC094
:108D300053F80CC0E0444FEAB11C8CEAF12C8CEAE9
:108D4000716CE04484EA060C0CEA010C8CEA040C19
:108D5000E044A844019DDDF808C040EA020A00EAA8
:108D600002090AEA050A4AEA090A4FEAB20989EA47
:108D7000723989EAB2590137D144402FC44403F112
:108D80000403C84408D003940190344610460E46AC
:108D900002954246614690E7089001980D94CDF8FF
:108DA00028C00B910C96CDF81880079209900023EB
:108DB000049A06AC1A44E158906804330144202B0D
:108DC0009160F5D14FB0BDE8F08F00BFF46A0200AA
:108DD00003682DE9F04103F03F0713449342054631
:108DE0000E461446036002D24368013343609FB1CC
:108DF000C7F1400844450FD307F1280031464246E9
:108E0000284407F093F9284605F12801FFF738FFB9
:108E10004644C8EB04040027A0463119B8F13F0FBF
:108E2000C8EB010105D92846FFF72AFFA8F1400841
:108E3000F3E724F03F0114F03F02314406D007F17C
:108E400028002844BDE8F04107F070B9BDE8F08182
:108E50000AB1FFF7BDBF704737B590E80C000D466B
:108E6000510F41EAC3010446080ED3008DF80000FB
:108E7000080C8DF801008DF80310080A190E02F095
:108E80003F028DF80410190C372A8DF805104FEAAF
:108E9000132194BFC2F13802C2F178028DF80200AA
:108EA0008DF8061020462C498DF80730FFF7D0FFCB
:108EB000204669460822FFF78BFFE37A2B7063890F
:108EC0006B70A3681B0AAB70A368EB70E37B2B711C
:108ED000E3896B71E3681B0AAB71E368EB71E37CB8
:108EE0002B72638A6B7223691B0AAB722369EB7264
:108EF000E37D2B73E38A6B7363691B0AAB7363694E
:108F0000EB73E37E2B74638B6B74A3691B0AAB74E6
:108F1000A369EB74E37F2B75E38B6B75E3691B0A25
:108F2000AB75E369EB7594F823302B76638C6B7625
:108F3000236A1B0AAB76236AEB76A36E4BB994F8CF
:108F400027302B77E38C6B77636A1B0AAB77636AF6
:108F5000EB7703B030BD00BFB46A0200F0B59DB03E
:108F60001F46064601A814460D46FFF725FE01A838
:108F70003946FFF735FE2A4601A83146FFF768FF5C
:108F800001A82146FFF768FF01A8FFF719FE1DB0F1
:108F9000F0BDFFFF70B5094B53F8144CA3F1140555
:108FA0004CB1143313F8186C8642F5D16B680C6021
:108FB0000020136070BD6FF02D0070BDA06D020029
:108FC00000207047704770B504460E4615460021D4
:108FD000AC2209F083FFC4F8A460C4F8A85070BDA7
:108FE000026938B50446D2B1C369C3B11268D20769
:108FF00015D51B68DB0712D500F108052846FEF7DA
:1090000048FC7F280BD92846FEF743FCB0F5005FEB
:1090100005D814342046FEF73CFC012801D8054849
:1090200038BD20462946FEF7E2FD0028F7DA002089
:1090300038BD00BF00BEFFFF2DE9F043A9B00546D3
:10904000FFF7CEFF002840F0FA806B6B0BB97D482C
:10905000F5E02B6C002BFAD0AB6A002BF7D001A8FF
:10906000FEF76FFB04A8FEF76CFB07A8FEF769FB91
:109070000AA8FEF766FB0DA8FEF763FB10A8FEF733
:1090800060FB13A8FEF75DFB16A8FEF75AFB19A8B4
:10909000FEF757FB1CA8FEF754FB1FA8FEF751FB79
:1090A00022A8FEF74EFB05F12C0625A805F138078E
:1090B000FEF747FB01A831463A46FEF7E8FE0446B4
:1090C000002840F0898005F1200805F1140904A862
:1090D00041464A46FEF7DBFE044600287CD107A83D
:1090E00031460122FEF7BDFE0446002874D10AA8CD
:1090F00039460122FEF7B5FE044600286CD10DA8C2
:1091000007A90AAAFEF7C3FE0446002864D113A8E3
:1091100049460DAAFFF753FB044600285CD116A868
:1091200007A90AAAFFF74BFB0446002854D119A847
:109130001CA90DAA16ABFEF727FF044600284BD149
:1091400010A804A919AAFFF7DFF80446002843D1A4
:109150001FA8414607AAFFF7D7F8044600283BD1CD
:1091600022A841460AAAFFF7CFF80446002833D1C7
:1091700025A839463246FFF7BFFB044660BB01A86D
:1091800005F10801FEF733FD002856D11FA805F1AF
:109190004401FEF72CFD00284FD122A805F1500113
:1091A000FEF725FD002848D125A805F15C01FEF752
:1091B0001EFD002841D11CA80021FEF75EFD0028FD
:1091C0003BD110A80121FEF758FD002835D113A886
:1091D0000121FEF752FD80BB01A8FEF7B9FA04A8F1
:1091E000FEF7B6FA07A8FEF7B3FA0AA8FEF7B0FA38
:1091F0000DA8FEF7ADFA10A8FEF7AAFA13A8FEF71D
:10920000A7FA16A8FEF7A4FA19A8FEF7A1FA1CA857
:10921000FEF79EFA1FA8FEF79BFA22A8FEF798FA1F
:1092200025A8FEF795FA14F5844F3FF410AF14B15A
:10923000A4F5844003E0204601E0024CCCE729B0CD
:10924000BDE8F08300BEFFFFF0B5054687B00C46D1
:1092500003A81746FEF775FA214603A86A68FEF7C9
:109260003EFB0446E8B905F1080403A82146FEF7D1
:10927000BEFC002813DA05F1680303A80093014639
:10928000234605F114026E68FFF770F8044640B9F2
:1092900003A839463246FEF75CFB044601E06FF056
:1092A000030403A8FEF754FA14B1A4F5854000E0C6
:1092B000204607B0F0BDFFFF2DE9F04F9346426B0B
:1092C0008DB0054688461C46002A00F03681026CA7
:1092D000002A00F03281826A002A00F02E8103A861
:1092E000FEF72FFA06A8FEF72CFA09A8FEF729FACE
:1092F000214603A86A68FEF7F2FA0446002840F007
:109300000F8105F1080603A83146FEF770FC00281E
:1093100080F20481B8F1000F16D102F047F905F18F
:109320002C0902F043F902F041F905F174030093AE
:1093300006A803A905F144024B46FFF717F80446B7
:10934000002840F0ED8074E0D5F8A03023B305F19B
:109350008C07384639463A46FEF799FD0446002800
:1093600040F0DE80384639463246FEF7CDFF0446EF
:10937000002840F0D58005F19807384639463A462E
:10938000FEF785FD0446002840F0CA80384639467D
:109390003246FEF7B9FF36E04FF00C0ABAF1010A87
:1093A00000F0CF80696805F19809484601394246C6
:1093B0005B46FFF788FA0446002840F0B18005F1CB
:1093C0008C07384649463246FFF7F9F9044600282B
:1093D00040F0A68038460121FEF74FFC0028DDD181
:1093E000384649463246FFF787FA0446002840F0DF
:1093F000978005F1680300933846394605F1140259
:109400003346FEF7B3FF0446002840F0898003A8E6
:10941000014605F18C02FEF73AFD044600287FD193
:1094200003A801463246FEF76FFF0446002877D1B5
:1094300073E702F0BBF805F1380702F0B7F802F065
:10944000B5F805F18003009309A803A905F15002BE
:109450003B46FEF78BFF0446002861D102F0A6F8D8
:1094600002F0A4F802F0A2F803A806A909AAFEF7E0
:10947000D7FC0446002853D102F098F802F096F881
:1094800002F094F806A803A905F15C02FEF7FFFCC0
:109490000446002844D102F089F802F087F802F06F
:1094A00085F803A806A94A46FEF72EFF04460028C1
:1094B00036D102F07BF802F079F802F077F806A8CE
:1094C00003A93A46FEF7E3FC044648BB02F06EF8F7
:1094D00002F06CF802F06AF803A809A906AAFEF7E0
:1094E0007FFC0446E0B9B8F1000F06D103A8169935
:1094F0006A68FEF72EFA044612E003A8014605F159
:109500009802FEF7C4FC044650B903A8014632464F
:10951000FEF7FAFE04460028E8D001E06FF00304ED
:1095200003A8FEF715F906A8FEF712F909A8FEF739
:109530000FF924B1A4F5864005E0044803E0204675
:1095400001E0034CECE70DB0BDE8F08F80BFFFFFFA
:1095500080BBFFFF2DE9F74F012B06468846914659
:109560009A460C9FDDF834B00E9D03D1D0F8A4309C
:10957000002B5AD1B8F1000F57D0BBF1000F54D0D7
:10958000002D52D017F10B0273684ED293424CD388
:109590002C46A3F1030C0023C7EB0C0C04F8023B90
:1095A000BAF1000F1AD102236B70A44464451FD096
:1095B00064230122484621460193CDF800C0C047EC
:1095C0002278019BDDF800C0002A30D1013B02D196
:1095D000A0F589402FE00028EBD0F9E701232046D1
:1095E0006B706444A04203D0FF2300F8013BF9E70D
:1095F0002046002300F8013B59463A4606F096FD06
:10960000BAF1000F07D1304629462A4603B0BDE81B
:10961000F04FFFF719BE304641464A462B460C959F
:1096200003B0BDE8F04FFFF747BE044803E0002851
:10963000CED10134BAE703B0BDE8F08F80BFFFFFA1
:10964000F0B51E46ADF20C4D012EDDF8243403D1E9
:10965000D0F8A440002C61D14568A5F11004B4F500
:109660007C7F5BD802AC26B919462246FFF7ECFD99
:1096700002E00094FFF720FE002854D1012E237849
:109680006678A5F103071BD186F002061E43024649
:109690000346BA4227D2A11801328978C1F1000CE1
:1096A00041EA0C01C1F3C01181F001010843C0B2CD
:1096B00041420143C1F3C01181F001010B44E8E7CD
:1096C00086F001061E4301460346B9420BD26218DA
:1096D00001319278FF2A18BF40F00100C0B280F03B
:1096E00001021344F1E70DF10A02D118D25C1643CE
:1096F000072B98BF46F0010676B2013186B9641A8D
:10970000DDF82C3462199A420CD8DDF82034DDF8EB
:1097100028041A6006F00AFD304604E0034802E01F
:10972000034800E003480DF20C4DF0BD80BFFFFF81
:1097300000BFFFFF00BCFFFF2DE9F04F89B002AF73
:10974000012B3A604FF0000204467960994697F881
:109750004060D7F844B0FD6C3A617A6104D1D0F82A
:10976000A4200AB15848AAE0D4F804A0AAF103083A
:10977000BEB13046FDF7D6FD83460028F2D0304614
:1097800007F1140107F11002FFF704FC0028E9D1EA
:109790003A695846C2EB0808FDF7D0FDA8F10A085F
:1097A0008346CBEB0808B8F1070FDBD9D045D9D8F1
:1097B0002B464FF0000A03F802AB01226A701846EC
:1097C000FF21424609F08AFB0346404403F808A003
:1097D0000EB901301FE0302141703A69C17002F1C9
:1097E00008065FFA8BF8D1B2464486700E1D0671EA
:1097F00006264671C61D81717969304606F096FCD1
:109800003A690521B018B154042280F801A0827091
:1098100080F803801044B96C5A4606F087FCB9F111
:10982000000F05D1204629462A46FFF70DFD46E0E8
:109830006368073323F00703ADEB030D6A4612F1AB
:1098400008083AD0ADEB030D6B4613F1080904D1BB
:109850001E4B40461B6898472FE0CDF800802046FD
:1098600079683A682B46FFF727FD0646E0B920469F
:1098700041464A46FFF7E8FC0646A8B96168034638
:1098800002468A4207D0AC5C19F8020060400343EC
:10989000DBB20132F5E7FB73FB7B23B92846414677
:1098A00006F044FC00E00A4E084C40462368984706
:1098B000484623689847304601E06FF00F001C3798
:1098C000BD46BDE8F08F00BF80BFFFFFC48CFF1F07
:1098D00000BDFFFF10B504468C30FDF739FF04F1E1
:1098E0009800FDF735FF04F18000FDF731FF04F12A
:1098F0007400FDF72DFF04F16800FDF729FF04F166
:109900005C00FDF725FF04F15000FDF721FF04F195
:109910004400FDF71DFF04F13800FDF719FF04F1C5
:109920002C00FDF715FF04F12000FDF711FF04F1F5
:109930001400FDF70DFF04F10800BDE81040FDF72D
:1099400007BF8378C27843EA02224378007843EA6B
:10995000022240EA022070472DE9F74F01464FF0FE
:109960000009D1E9004514F5803445F10005220CC9
:1099700042EA0542B9F10E0FE1E802454FEA2543FC
:10998000CCBF4FF000084FF0010812F1FF3443F153
:10999000FF35CDE90045009D2524A5FB0467019D09
:1099A00004FB0577B9F10F0409F1010CD4F10009AA
:1099B00059EB0409A6FB094509FB0755DDE90067DA
:1099C00008FB0CF8A41900EBC80845EB0705D8E91B
:1099D0000067A41945EB0705C8E9004551E90245B0
:1099E0004FEA034B4BEA124B4FEA024AB4EB0A042C
:1099F00065EB0B05BCF1100F41E9024501D0E146D2
:109A0000AFE703B0BDE8F08F2DE9F0415242D31724
:109A10004FF0000C00EB0C08D8E90067D1E90045D5
:109A200074407D4014401D4066406F40C8E90067A7
:109A3000D1E900670CF1080C74407D40BCF1800F47
:109A4000E1E80245E6D1BDE8F081FFFF2DE9F04FE6
:109A50008046C7B000200B1826ACD3E9002304448D
:109A600008308028C4E90023F5D126A8FFF774FF49
:109A700026A8FFF771FF26A8FFF76EFF4FF0020937
:109A8000DDE926233C484FF0FF31121846AE43EB88
:109A9000010366E94023012726A800EBC703D3E9A9
:109AA0000001364AB6F802A012184FF0FF3343EB1C
:109AB0000103716801244AEA014A4FEA214B00255B
:109AC0000AEA04000BEA0501121A63EB0103C6E976
:109AD00002230137328800230F2FE6E80223DBD16F
:109AE00044A9DDE92223D1E9006725484FF0FF3181
:109AF00036184FEA124047EB010740EA03411814B9
:109B000000910190DDE9000104400D40361B67EB38
:109B100005074FF6FF70002102400B40310CCDE9E4
:109B2000222341EA0742029202F001023B1426A8D6
:109B300006A9C2F10102CDE924670393FFF764FF90
:109B4000B9F101099CD124A9F1E90223160A46EAD8
:109B5000036708F8092008EB0900049709F10209D6
:109B60001C129DF810600594B9F1200F4670EBD1DE
:109B700047B0BDE8F08F00BF1300FFFF0100FFFFFB
:109B80000180FFFF2DE9F0414FF0000C8846A0F165
:109B9000080108EB0C0618F80C4076783202A4187D
:109BA0004FF000054FF000030CF1020C45EB0305EC
:109BB000BCF1200FE1E90245EBD1D0E91E2347F6C5
:109BC000FF74002522402B40C0E91E23BDE8F08130
:109BD000F0B50023CD18D418D5E90067D4E90045C5
:109BE00000EB030CA41903F1080345EB0705802BD8
:109BF000CCE90045EED1F0BDF0B50023CC18D61865
:109C0000D4E90045D6E9006700EB030C0833A41B38
:109C100065EB0705802BCCE90045EFD1F0BD2DE9C0
:109C2000F04FBFB08046ADF108030DF1F00C0024F9
:109C30000025E3E902456345F9D14FF0000E01EB41
:109C40000E0300A8D3E9004570440023D718D0E9DB
:109C500000AB7F68D65804FB07F906FB0599A6FB05
:109C6000046716EB0A064F4403F1080347EB0B07A2
:109C7000802BE0E80267E9D10EF1080EBEF1800FFB
:109C8000DDD11EAC54E91E01083422686568262621
:109C9000A2FB0623121806FB053343EB01036445C0
:109CA00044E92023EED100213EAB0B4453E93E238F
:109CB00008EB010008318029C0E90023F4D14046B7
:109CC000FFF74AFE40463FB0BDE8F04FFFF744BE05
:109CD0000A46FFF7A4BFF0B50023A1B006460F4621
:109CE000F91800AAD1E900451A440833802BC2E9CB
:109CF0000045F5D1FD2468466946FFF7E9FF022CCF
:109D000006D0042C04D0684669463A46FFF787FF20
:109D100014F1FF34EFD2002100AB0B44D3E9002350
:109D2000701808318029C0E90023F5D121B0F0BDB9
:109D30002DE9F04F0646B5B00F46924698460025ED
:109D400008EB0500FFF7FDFD14AC05EB850304EB04
:109D50000509E0500AEB0500FFF7F3FDC9F8040020
:109D60007819FFF7EEFDC9F818000AF11000284431
:109D7000FFF7E7FD0435102DC9F82C00E0D10023D2
:109D800024A8E2581A500433402BF9D1142500229C
:109D90004FEA820909EB0201002303EB010C0CF0EE
:109DA0000F0C0DF1D00A0AEB8C0C5CF880CC4DF84E
:109DB00003C00433102BF0D1DDF800C0DDF80CA097
:109DC00001990AEB0C0381EA7361029B019101EB9B
:109DD0000C0B83EAFB5319448AEAF14102930B44CA
:109DE0008CEAB33303910093002101EB020C0CF0D9
:109DF000030C34ABCC4403EB8C0C5DF821304CF8F5
:109E0000C03C01310429F0D10132042AC0D1002222
:109E100004ABD358A3500432402AF9D1013DB6D146
:109E20003E9B002B3BD06359425913446351043588
:109E3000402DF8D1002505EB850908EB0500FFF75B
:109E400080FD54F80930181A44F8090004EB05099C
:109E50007819FFF776FDD9F818300435181A102D47
:109E6000C9F81800E7D1002303EB83029819A15821
:109E7000002281540132042A4FEA1121F9D1E2185B
:109E800006F1100091691844002281540132042A1D
:109E90004FEA1121F9D10433102BE5D10EE03E9B9E
:109EA000E258C158F51811440022A9540132042A7D
:109EB0004FEA1121F9D10433402BF1D135B0BDE87F
:109EC000F08F13B500240094FFF732FF204602B054
:109ED00010BD13B501240094FFF72AFF002002B043
:109EE00010BDFFFF2DE9F04F144695B01D4654EA12
:109EF00005038A4683461E9964D0002200230DF88C
:109F000002300132102AF9D1CA5C0DF80320013366
:109F1000082BF9D1A046A9460BEB0407B9F1000FB5
:109F200008BFB8F1400FC8EB07072AD304AE274B90
:109F30001F9A30466946FFF7C4FF0023BAF1000FAD
:109F400002D01AF8032000E05246F15C4A40FA546D
:109F50000133402BF2D1082301221DF803100A44DB
:109F60000DF803200133102B4FEA1222F5D1B8F17E
:109F7000400849F1FF39BAF1000FCDD00AF1400A8B
:109F8000CAE7A60900233F2246EA856614401D4021
:109F900054EA05030BEB861614D004AD0B4B1F9A45
:109FA00028466946FFF78DFF0023BAF1000F02D063
:109FB0001AF8032000E05246E95C4A40F2540133AB
:109FC000A342F2D1002015B0BDE8F08F706E020000
:109FD0002DE9F0438BB002AF129E814688461446AD
:109FE0001D463146139A084B38461036FFF771FF6D
:109FF0008DE8C0004846414622462B46FFF772FFD7
:10A000000BB0BDE8F08300BF706E02002DE9F04395
:10A010000023ADF2A45D8046C85C0DF80300013357
:10A020001F2BF9D1CB7F03F03F0343F040038DF8A2
:10A030001F309DF80030114623F00703C8A88DF8A3
:10A040000030FFF79FFD0021C8AB0B44D3E900238C
:10A0500028A80844C0E9002348A808440022002397
:10A06000C0E9002308A80844C0E9002368A84418F0
:10A0700008318029C4E90023E6D101220023C0E988
:10A080000023CDE90823FE240025E60846EA4576AC
:10A0900000AB334408A893F8009004F0070349FA92
:10A0A00003F909F0010928A94A46FFF7ADFC48A8C1
:10A0B00068A94A46FFF7A8FC88A808A948AAFFF79C
:10A0C00087FD08A8014648AAFFF796FD48A828A9D9
:10A0D00068AAFFF77DFD28A868AA0146FFF78CFD56
:10A0E00068A888A9FFF7F4FDA8A808A9FFF7F0FD64
:10A0F00008A8024648A9FFF792FD48A828A988AAFF
:10A10000FFF78DFD88A808A948AAFFF761FD08A8F8
:10A11000014648AAFFF770FD28A808A9FFF7D8FD57
:10A1200048A868A9A8AAFFF767FD08A848A9344A63
:10A13000FFF775FD08A8014668AAFFF749FD48A882
:10A14000014608AAFFF76BFD08A868A9A8AAFFF7AF
:10A1500066FDC8AA68A828A9FFF761FD28A888A9F4
:10A16000FFF7B6FD08A828A94A46FFF74DFC48A806
:10A1700068A94A46FFF748FC14F1FF3445F1FF3562
:10A18000B5F1FF3F08BFB4F1FF3F7FF47EAFC8A831
:10A19000002108AB0B44D3E90023C0E9202348ABDE
:10A1A0000B44D3E9002300F58074C4E9002328ABF5
:10A1B0000B44D3E9002300F5C074C4E9002368AB65
:10A1C0000B44D3E90023083100F500748029C4E969
:10A1D000002300F10800DCD10DF584600146FFF793
:10A1E0007AFDE8A801460DF58462FFF718FD4046A8
:10A1F000E8A9FFF72BFC00200DF2A45DBDE8F08379
:10A20000F06D0200014AFFF701BF00BF806E02003F
:10A2100038B505460C4608462021EFF71DFB2846B9
:10A220002146BDE83840FFF7EDBFFFFF10B50B46F4
:10A230008AB00446114602A81A46FFF7E7FE01233A
:10A24000009320460349044B02AAFFF771FD00204A
:10A250000AB010BD30D7FF1F706E02002DE9F0412B
:10A26000164680460C46084647211F4605F04CFA24
:10A270003578E42D1DD00ED8142D13D0152D24D1F2
:10A280002046472101F072FA40B201280CBF00209D
:10A290002120BDE8F081F02D0BD0F32D09D0ED2D5C
:10A2A00013D106E00020042323706070A070BDE885
:10A2B000F0812046002105F027FA404631463A4613
:10A2C0002346BDE8F04104F021BA0120BDE8F08149
:10A2D000C27BD20701D505F0DBBC80890021704725
:10A2E00038B50C460546FFF7F3FF2060EB7B9B0774
:10A2F00044BFC0432060002038BD10B5C37B5B075E
:10A300000C460CD4FFF7E4FF002302468B4208BF43
:10A31000824220600CBF00204FF4806010BD0220FC
:10A3200010BD10B5C37B5B070C460CD4FFF7D0FF04
:10A33000002302468B4208BF824220600CBF0020EF
:10A340004FF4806010BD022010BD10B5C37B5B07C9
:10A350000C460CD4FFF7BCFF002302468B4208BF1B
:10A36000824220600CBF00204FF4806010BD0220AC
:10A3700010BD704730B58B7BA02B8DB004460D46C9
:10A3800001D013209EE0084602A905F0C6FC08B1E2
:10A39000102097E0284601A9FFF7D7FF0028F7D142
:10A3A0000546019B9D4280F088809DF81630602B09
:10A3B000E7D1182300930DEB030102A86A4600239E
:10A3C00005F00CFDB0F1004F01D115207AE0002816
:10A3D000DED18DF82F0002A805F050FD0028D7D15E
:10A3E00006A8394908F0DFFF034698B99DF8162002
:10A3F000402AC6D1009202A804F5A4716A4605F06D
:10A40000EDFCB0F1004FE0D0009B84F888310028CB
:10A410004BD0BDE706A82D4908F0C5FF034688B913
:10A420009DF81620602AACD14122009202A804F2C5
:10A4300089116A4605F0D2FC30F00040A8D184F8BA
:10A44000C90132E006A8224908F0ADFF034698B9D9
:10A450009DF81620602A94D14022009202A804F5AB
:10A46000E5716A4605F0BAFC20F0004000288FD163
:10A47000002384F8093218E006A8164908F093FF73
:10A4800098B99DF81630602B7FF47BAF8023009342
:10A4900002A804F20A216A46002305F09FFC30F06E
:10A4A00000407FF475AF84F8890202A805F0E6FC4D
:10A4B00000287FF46DAF013573E7236843F0040390
:10A4C000236000200DB030BD766F02003D420200D7
:10A4D000796F0200856F020070B58EB01023019372
:10A4E000837BA02B04460D46164618BF13242FD19C
:10A4F000194902AA05F0D2FC08B1102428E0204630
:10A50000164906AA05F0CAFC0028F6D19DF81630B7
:10A51000602B1CD19DF82640CCB902A80AA901AA3B
:10A52000234605F05BFC0028E7D10AA80C498DF80A
:10A53000374008F038FF08B9012300E03F232B70B3
:10A5400006A8314605F028FC0028D6D100E01424E6
:10A5500020460EB070BD00BF834902008A6F020022
:10A560008E6F020070B58B7B802B88B004460D4641
:10A5700018BF13234CD1084604A905F0CEFB08B13F
:10A58000102345E0284602A9FFF7CBFE0028F7D1AB
:10A590000646029B9E420FD204A80DF1070103AAB2
:10A5A000FFF79AFF0346002832D104A805F066FCA5
:10A5B0000028E5D10136ECE7284604A905F0ADFBFB
:10A5C0000028DDD10546029B9D4217D204A80DF15B
:10A5D000070103AAFFF780FF034640B99DF8071063
:10A5E000039A012903D102F10800012808D904A81F
:10A5F00005F044FC0028C3D10135E4E7262307E039
:10A60000C4F88C22226884F88A1242F00802226080
:10A61000184608B070BD13B5837B402B144618BF95
:10A6200013200DD102AA002342F8044D05F0D6FBF9
:10A6300028B90198A04214BF0320002000E0102098
:10A6400002B010BD13B5FD2301938B7B602B044634
:10A6500018BF132012D1084601AA2146002305F095
:10A66000BDFBB0F1004F06D038B9019B84F8FD0066
:10A67000C4F8003102E0152000E0102002B010BD47
:10A6800030B58B7BA02B89B004460D4601D013203A
:10A690005CE0084604A905F040FB08B1102055E035
:10A6A000284601A9FFF751FE0028F7D1C4F80001A0
:10A6B0000546019B9D4241D29DF81E30602BE6D19C
:10A6C000082300930DEB030104A86A46002305F05C
:10A6D00085FBB0F1004F38D00028DFD18DF80F0096
:10A6E00004A805F0CBFB0028D8D19DF81E30602BC4
:10A6F000CDD102A8164908F056FE28B9204604A973
:10A70000FFF7A0FF98B121E002A8124908F04BFE24
:10A71000034660B92022009204A804F582716A46BB
:10A7200005F05CFB30F00040B8D184F8230104A8A8
:10A7300005F0A4FB0028B1D10135BAE7D4F8003107
:10A74000002B14BF0020142000E0152009B030BDFC
:10A75000766F02003D420200F0B51F46837BA02BBE
:10A7600089B004460D4616465DD104A905F0D5FA18
:10A7700008B1102058E0204601A9FFF7E6FD0028A7
:10A78000F7D104460198844249D29DF81E30602BCF
:10A7900049D1082300930DEB030104A86A46002366
:10A7A00005F01CFBB0F1004F3BD00028E1D18DF843
:10A7B0000F0004A805F062FB0028DAD19DF81E30D6
:10A7C000F52B30D102A81949022208F0FEFD30B95C
:10A7D000BDF81C30003318BF01232B7018E002A80D
:10A7E0001349022208F0F1FD30B9BDF81C300033E6
:10A7F00018BF012333700BE002A80E49022208F0B3
:10A80000E4FD28B9BDF81C30003318BF01233B70AC
:10A8100004A805F033FB0028ABD10134B2E70020D7
:10A8200002E0152000E0132009B0F0BD996F02008E
:10A830009C6F02002F5202002DE9F04F00230B7095
:10A84000837BA02B89B080460C4618BF132372D19E
:10A850003B4904AA05F022FB064608B110236AE032
:10A860009DF81E30402B01D0142364E008AD671C16
:10A8700033464FF0460904A839466A4645F8209DFC
:10A8800005F0ACFA009B302B02D14123237024E069
:10A89000462B22D0422323704FF480730093294922
:10A8A00033466A4604A805F099FA42F21513264A7F
:10A8B000DDF800A002F803A0314683464A46384638
:10A8C00008F00CFB38461F49BAF1460F34BF524618
:10A8D000462205F02BFC5E4600E00646002EBDD168
:10A8E00040461A4904AA05F0D9FA0028B6D19DF8C5
:10A8F0001E30602BB8D10C23009304A801A96A462E
:10A90000334605F06BFAB0F1004F02D13F232370BC
:10A9100001E00028A2D101A80D490B2208F055FD45
:10A9200020B9237833B90122227004E03F23237039
:10A93000002300E00346184609B0BDE8F08F00BFD1
:10A94000766F02006DF7FF1F58D7FF1F8349020083
:10A950008E6F020010B5837B802B0446E8B018BFD1
:10A9600013201DD16946FFF7DCFC08B1102017E069
:10A97000204601A905F0D1F90028F7D10446009B33
:10A980009C420CD201A805A9FFF756FF0028EDD183
:10A9900001A805F073FA0028E8D10134EFE70020A0
:10A9A00068B010BD30B58B7B802B054687B00C4658
:10A9B00018BF13202DD1084602A905F0AEF908B141
:10A9C000102026E0204601A9FFF7ABFC0028F7D1B4
:10A9D000C5F84C010446019B9C4217D2142C17D099
:10A9E000D5F84C310133C5F84C31D5F86C3140F213
:10A9F000891102A801FB0431FFF71EFF48B902A824
:10AA000005F03CFA0028DBD10134E4E7002000E047
:10AA1000172007B030BDF0B597B00F46164600219D
:10AA20004FF459720AAD044608F058FA00953846BA
:10AA3000314640F6FF7208AB05F03FF908B110202F
:10AA4000AEE09DF83630A02B01D01320A8E02846B8
:10AA50000EA905F062F90028F1D1284604A9FFF7F4
:10AA600074FC0028EBD10546049B9D4280F0978042
:10AA70009DF84630002BE8D10EA803A905F08CF90B
:10AA80000028DCD10EA805F0F9F90028D7D1039BE6
:10AA9000013B032B7BD8DFE803F0021064709DF8C4
:10AAA0004630002BD1D10EA8214605F075F90028BB
:10AAB000C5D1236884F8AD3169E0202307939DF860
:10AAC0004630A02BBBD10EA812A905F026F900280C
:10AAD000B5D1139F0EA805A9013FFFF736FC00284A
:10AAE000ADD10646059B9E422CD29DF85630002BD8
:10AAF000A5D112A806A9FFF7F3FB00289FD112A841
:10AB000005F0BCF90346002899D1069A012A07D01E
:10AB1000022A0FD112A804F12401FFF78DFE07E0ED
:10AB200012A8211D07AA05F059F9B0F1004F86D0EF
:10AB3000002884D112A805F0A1F900287FF47FAF86
:10AB40000136CFE7139EF61BB6F5CD7FBFF477AF86
:10AB500004F5D7703946324608F0A5F9C4F84863C1
:10AB600015E09DF84630002B7FF46FAF0EA804F57A
:10AB7000587105F011F950B161E70EA804F5537151
:10AB80001022FFF748FD58B9012384F85C330EA862
:10AB900005F074F900287FF452AF013564E7002016
:10ABA00017B0F0BDF0B500230B644B64837BA02B82
:10ABB00087B005460C465DD102A905F0AEF808B194
:10ABC000102058E028466946FFF7BFFB0028F7D160
:10ABD000054607460646009B9E423FD29DF816302A
:10ABE000002B47D102A801A905F0D6F80028E7D12B
:10ABF00002A805F043F90028E2D1019B0333042B9E
:10AC000025D8DFE803F01C140A2403009DF8163051
:10AC100083BB02A804F1400105E09DF816304BBB50
:10AC200002A804F1440105F0B7F880B1C8E702A812
:10AC300021462022FFF7EFFCE8B9012707E002A830
:10AC400004F120012022FFF7E6FCA0B9012502A8AB
:10AC500005F014F90028B3D10136BCE747B13DB186
:10AC6000236C2BB1636C002B14BF0020142002E076
:10AC7000142000E0132007B0F0BD70B5837BA02B3B
:10AC800088B004460E4601D013205CE004A905F00C
:10AC900044F808B1102056E0204601A9FFF755FB03
:10ACA0000028F7D105460446019B9D4245D29DF8F8
:10ACB0001E30002BE8D104A803A9FFF711FB0028E0
:10ACC000E8D104A805F0DAF803460028E2D1039A97
:10ACD000022A0AD0032A1CD0012A27D104A806F18F
:10ACE0006401FFF75FFFF8B12DE008AA402142F8A8
:10ACF000181D04A8711C05F071F8029B202B01D0CF
:10AD0000402B1FD1B0F1004F1CD00028C2D13370AE
:10AD10000AE008AA202142F8181D04A806F1410102
:10AD200005F05CF80028B5D10134E4B204A805F0C0
:10AD3000A5F80028AED10135B6E7032C0CBF0020E2
:10AD4000142000E0032008B070BDFFFF30B5837B06
:10AD5000A02B8BB005460C4665D102A904F0DDFF9F
:10AD600008B1102060E0284601A9FFF7EEFA00289C
:10AD7000F7D10546019B9D4253D29DF81630602BBA
:10AD800051D11023009302A806A96A46002305F0BA
:10AD900025F8B0F1004F0BD102A805F06FF802A81A
:10ADA00005F06CF80028DCD102A805F067F831E066
:10ADB0000028D6D18DF8270002A805F05FF80028FA
:10ADC000CFD106A819490B2208F0FFFA90B99DF8D7
:10ADD0001630F52B04D1BDF81430DBB1012307E0A8
:10ADE000A02B17D102A8211DFFF747FFE0B90223CE
:10ADF00023700FE006A80E490B2208F0E6FA48B9C6
:10AE00009DF8163033B902A804F1B401FFF768FACF
:10AE10000028A6D102A805F031F80028A1D10135FB
:10AE2000A8E7002000E013200BB030BD9F6F0200A8
:10AE3000AB6F0200F0B5002191B0044616464FF406
:10AE40005E721F4608AD08F049F8FF2384F8A93266
:10AE500000953046394640F6FF7206AB04F02DFFF0
:10AE6000C8B99DF82E30A02B01D01120B6E028469D
:10AE70000CA904F052FF08B11020AFE0284604A945
:10AE8000FFF763FA0028F7D1054617E020460CA922
:10AE9000FFF770FA60B1C0B2A0E00CA8211D20221B
:10AEA000FFF7B9FB0028F6D1236843F001032360C4
:10AEB0000CA804F0E3FF0028DED10135049B9D427D
:10AEC0007BD29DF83E30002BCFD10CA803A904F013
:10AED00063FF0028D0D10CA804F0D0FF0028CBD10C
:10AEE000039B013B082BE3D801A252F823F000BFDB
:10AEF0009BAE010015AF01008DAE01002BAF01002C
:10AF000035AF010059AF01006DAF010085AF010001
:10AF1000A3AF010004F124000CA9FFF7B1FB002846
:10AF2000B9D1236843F00203C1E720460CA9FFF71B
:10AF300019FBAFE70CA8FFF70DFD00289CD10CA86A
:10AF400004F5257104F0E9FE002895D10CA804F55C
:10AF50002971FFF7E6F92CE09DF83E30A02B2ED1A9
:10AF60000CA804F53071FFF7F1FE08E00CA804F519
:10AF7000247104F52A7204F2A923FFF7EDFB0028DF
:10AF800096D02BE09DF83E30402B1AD10CA805A995
:10AF9000FFF7B3F9A8B9059B9BB9012384F8BB322D
:10AFA00086E79DF83E3053B90CA804F52F7104F0E4
:10AFB000F3FE00283FF47CAF5EE700200EE0132094
:10AFC0000CE00CA804F2AA211022FFF724FB0328AE
:10AFD00000D018B9012384F8BA3269E711B0F0BD86
:10AFE000F0B5044691B00F46164600214FF40B729F
:10AFF00007F074FF4F4BC4F86C3108ADFF2384F8A1
:10B00000523100953846314640F6FF7206AB04F0E7
:10B0100054FE08B110208AE09DF82E30A02B01D0FC
:10B02000132084E028460CA904F077FE0028F1D113
:10B03000284604A9FFF789F90028EBD10546049BAF
:10B040009D4265D29DF83E30002BE9D10CA803A9A2
:10B0500004F0A2FE0028DDD10CA804F00FFF0028A8
:10B06000D8D1039B013B062B4BD8DFE803F00F043C
:10B07000151F25303F000CA8211D2022FFF7CBFA19
:10B08000002854D1012384F824303AE004F1280048
:10B090000CA9FFF7D7FA18E020460CA9FFF782FCAD
:10B0A0000028B7D1012384F870312AE00CA804F5F8
:10B0B000BA71FFF74BFE08E00CA804F5A87104F282
:10B0C000511204F5A973FFF747FBD0B12FE09DF8AB
:10B0D0003E30402B1ED10CA805A9FFF70EF9C8B9C8
:10B0E000059BBBB9012384F864310AE09DF83E302A
:10B0F000002B95D10CA804F5B47104F04DFE002886
:10B1000088D10CA804F0BAFE002883D1013596E757
:10B1100000200CE00CA804F253111022FFF77BFA78
:10B12000032800D018B9012384F86331E9E711B08E
:10B13000F0BD00BFA8D8FF1FF0B591B00F4616466E
:10B1400000214FF4BE7208AD044607F0C7FE00951B
:10B150003846314640F6FF7206AB04F0AEFD08B14A
:10B160001020A1E09DF82E30A02B01D013209BE0F1
:10B1700028460CA904F0D1FD0028F1D1284604A9E5
:10B18000FFF7E3F80028EBD10546049B9D4280F0D1
:10B1900088809DF83E30002BE8D10CA803A904F06C
:10B1A000FBFD0028DCD10CA804F068FE0028D7D1F4
:10B1B000039B013B072B6CD8DFE803F0040B141F43
:10B1C0002B48535F9DF83E30002BCFD10CA8214671
:10B1D00005E09DF83E30002BC8D10CA8211D04F0DD
:10B1E000DBFD56E00CA804F10801FFF7DBFC0028AA
:10B1F0005AD1012384F850304BE00CA804F15101DE
:10B200001022FFF708FA00284ED1012384F861309C
:10B210003FE09DF83E30402BA8D10CA805A904F0D2
:10B2200035FE034600289BD1059AA2F14001C029B2
:10B2300039D8C4F864214FF4807205920CA804F147
:10B24000620105AA04F0CAFD18B389E70CA804F549
:10B25000B4711022FFF7DFF930BB012384F8783195
:10B2600017E09DF83E30F52B80D1BDF83C3000331F
:10B2700018BF012384F879310BE09DF83E30F52B9F
:10B280007FF474AFBDF83C30003318BF012384F85D
:10B290007A310CA804F0F2FD00287FF461AF01358B
:10B2A00073E7002000E0372011B0F0BD03F0BABF13
:10B2B00008B504F03DF8034800214022BDE80840ED
:10B2C00007F00CBE58C7FF1F1830E6F7EDBA18306C
:10B2D000E6F714BB1830E6F732BBFFFFF0B51D4BA5
:10B2E00085B004466A4603F1100718685968154688
:10B2F00003C50833BB422A46F7D1EDF797F8054658
:10B3000034B9154869460C2207F0BEFDB0B106E01D
:10B3100012482146202207F0B7FD78B1F1E734B991
:10B320000F486946102207F0AFFD38B10EE00D4816
:10B330002146202207F0A8FD0028F1D1AB0705D453
:10B3400015F0010F0CBF0120022000E0002005B025
:10B35000F0BD00BF70ADFF1FB76F0200C46F0200E9
:10B36000E56F0200F66F02002DE9F04116460C462B
:10B370000546EDF769FB731E012B94BF04F114031E
:10B380002346B3F5546F01DB324804E0022E06D1A8
:10B390001F2C14DC3048BDE8F041EDF7F7BA012E60
:10B3A0002E4F2F4E22D1306829462246043007F016
:10B3B0007AFD30682146EAF7A7FF386041E0284E61
:10B3C0003068203C05F120012246243007F06BFD57
:10B3D00029462022306807F066FD3068214620307B
:10B3E000EAF792FF1D4B203018602AE028461D49DD
:10B3F00007F0D9FFF8B13068854214D300F55463E3
:10B400009D4210D22A1A002102EB040807F066FDC3
:10B410003068B8F5546FA8BF4FF454684044002119
:10B42000C8F5546202E000214FF4546207F056FD63
:10B430000D4B00221A7030682946224607F033FD72
:10B440003C600A4A00231360094A1370BDE8F041CA
:10B45000EDF766B8177002003970020004C8FF1FCC
:10B46000A88CFF1F5270020050C7FF1F68ADFF1F5E
:10B47000AED5FF1F38B5074B074D1A68074B04467A
:10B480001A6028B12B68834202D040B203F0F8FE64
:10B490002C6038BD8CFDFF1F4CD7FF1F40D7FF1F0E
:10B4A00008B503F0B7FEBDE8084002F0FFBBFFFFA0
:10B4B00030B545F6B033ADF5057D1C78012C19D1BA
:10B4C00003A84FF4B44140F20122EBF74BFC009487
:10B4D00073AA7BA870A92023EBF714F9084A7BAC68
:10B4E00083AD234603CBAB42106051601C4602F192
:10B4F0000802F6D1FFF7D4FF0DF5057D30BD00BF82
:10B50000CC8CFF1F044B1B78022B4FF0640101D140
:10B5100006F0DABD06F0A2BDA0C7FF1F08B5AB203C
:10B52000EDF7F8FA4FF4FA70BDE8084005F0D8BD21
:10B5300030B5B5B0044669460323D0220020EFF7AA
:10B54000FDFF69460546D022204604F0EFFD28465F
:10B5500035B030BD10B5D024B4B00146224668469F
:10B5600004F0E4FD6946224604230020EFF7E6FFDD
:10B5700034B010BD10B50446EBF784FB54B1B4F5FC
:10B58000807F8CBF20460019EBF78BFBBDE8104095
:10B59000EBF778BB441C2046EBF783FB204610BD3D
:10B5A000014B1870704700BF48D7FF1F00B591B01E
:10B5B00000216846402207F091FC6846002106F011
:10B5C00019FD08B9002009E0684603F0B1FE912892
:10B5D000F8D10120EDF796FB4FF0FF3011B05DF888
:10B5E00004FBFFFFF8B5304B304E1C783768002C59
:10B5F00054D140F2EE239842074432D9AB20ECF705
:10B6000075FF33689F4204D20120EDF77BFB0020D9
:10B61000F8BDEDF7B7FF10B1254B01221A60FFF717
:10B62000C5FF14F0FF03054601D1AB2002E0802BDB
:10B6300002D10020EDF76EFA002D31D11C4B1B68B2
:10B64000012B04F10104DCD11EE0AA20EDF762FA1F
:10B65000EDF798FF164B08B101221A601B68012B09
:10B660000CD0144B1A68542A04BF2A221A601C46B4
:10B6700033689F42E9D20020EDF744FB23682A2B70
:10B6800002D10C4B54221A60094E35680024012D5A
:10B69000204607D1EDF736FB346001E00220F8BD0B
:10B6A0002846F8BDF8BD00BF48D7FF1F8CFDFF1F1F
:10B6B00044D7FF1F30C8FF1F2DE9F7438DF8052041
:10B6C000264A8DF806301478254B8DF804108046F4
:10B6D0001F689946002C3DD1AB20ECF707FF2546AB
:10B6E000D9F8003008EB07029A4204D20120EDF7A6
:10B6F00009FB00202FE0EDF745FFE8B1194A0026CD
:10B700001368166002AA2A44303B12F8042CDBB2FC
:10B710009A4207D00120EDF7F5FA134B6FF00100C4
:10B720001E6018E00135032D06D13046EDF7EAFA28
:10B730000D4B01201E600EE0FFF738FF58B914F0E2
:10B74000FF0301D1AB2001E0802B01D1EDF7E2F93D
:10B750000134C5E7022003B0BDE8F08348D7FF1FDE
:10B760008CFDFF1F30ADFF1F44D7FF1F08B5EEF75C
:10B7700073F8012008BD0020014602460523EFF7BB
:10B78000DDBE0C20704740F2B9120223EFF7D6BE9F
:10B7900040F2B9120123EFF7D1BEFFF7F4BF10B5A5
:10B7A000F0B0044640F2B91201A8FF2107F096FB61
:10B7B000204601A9FFF7E7FF70B010BD45F6B03392
:10B7C0001B78012B09D10A4B03F1100253F8041B1B
:10B7D00040F8041B9342F9D17047064B03F1100265
:10B7E00053F8041B40F8041B9342F9D1704700BF83
:10B7F000587002006970020045F6B0331B78012BC7
:10B800000CBF024B024B1888704700BFCA8CFF1F49
:10B81000EE8CFF1F10B545F6B03304461B78012BA4
:10B8200005D1FFF7E9FF06490246204604E0FFF78D
:10B83000E3FF044902462046BDE8104007F033BB51
:10B840003E7402006A710200704770B5064688B007
:10B8500000200C46154601466A4603F0F1F906F150
:10B860001000202103F0DEF92046202103F0DAF950
:10B8700000206A46014603F013FA6C462A4604ADDE
:10B88000234603CBAB42106051601C4602F1080214
:10B89000F6D108B070BDFFFF38B50D4B1C68B4F889
:10B8A000023802460D465818B4F80018884202DDE6
:10B8B000012007F09FFAE01811462A4607F0F3FA34
:10B8C000B4F802381D44A4F80258002038BD00BF67
:10B8D00050D7FF1F014B186802F0DCB950D7FF1F8B
:10B8E00070B504460E46103020211546FFF73EFF86
:10B8F000204631462246FFF7A8FF204630212A463F
:10B9000005F1200303F090FA002070BD70B5ADF58D
:10B910009C6D00238DF80430042304468DF8053017
:10B92000FFF76AFFB0F5806F054602D949F2102093
:10B930005DE040F2EE20FFF755FE002855D004F1FF
:10B9400020060AA8314616AAFFF7CAFF0130EDD03B
:10B9500003F04EF901A8012103F064F930462021DB
:10B9600003F060F92046202103F05CF90AA8302199
:10B9700003F058F90DF10500012103F053F94021BE
:10B9800016A803F04FF902A803F054F903F0D2F916
:10B99000224602A8202103F0DBF90523022101A899
:10B9A0008DF80430FFF778FF402116A8FFF774FFE9
:10B9B0003026012101A88DF80460FFF76DFF3146A4
:10B9C0000AA8FFF769FF38A8FFF724FF294638A81F
:10B9D000FFF762FF26A9204601F08CF881B226A865
:10B9E000FFF75AFF4FF4104001E046F6851000B211
:10B9F0000DF59C6D70BD30B5462985B004461546E1
:10BA00000ED111462230202207F03EFAC0B9284656
:10BA100004F11001D4F842206B4600F027FF05E046
:10BA200030290DD111466A46FFF70FFF20466946BF
:10BA3000102207F029FAD0F1010038BF002000E001
:10BA4000002005B030BDFFFF07B5084B18689A8885
:10BA500000909B79ADF80420684606218DF80630E9
:10BA6000FFF71AFF024803B05DF804FB7A7002008A
:10BA70000090FFFF2DE9F04706469CB018461C4693
:10BA800017460D4602F006F9734B32781C60984653
:10BA9000002A40F0CA80304629463A4603F006FFA5
:10BAA00084B2B4F5104F00F0B98046F685139C427D
:10BAB00000F0B4807378032B00F0A68004D8012B2B
:10BAC0000AD0022B14D0A4E0C02B02D0FF2B40F0F0
:10BAD000A0804FF41044A1E0402F40F09D80AA20A8
:10BAE000ECF704FDECF71CFD2846FFF70FFF8EE096
:10BAF000AA20ECF7FBFCECF713FDB4780123072C2C
:10BB00008DF807300BD105F1410095F8401005F193
:10BB10002002FFF770FF30B146F6851472E0032C67
:10BB200004D0082C02D04FF4D5446BE005F1410756
:10BB300005F12006384695F840103246FFF75BFFC6
:10BB40000028F0D000221346384695F8401003F044
:10BB500059F9082C04BF00238DF807309DF80730F1
:10BB6000002B48D10020FFF705FDC4B24FEA106A50
:10BB7000C0F30749C0F307278DF80B408DF808A0E4
:10BB80008DF809908DF80A7003F032F830462021C4
:10BB900003F048F80DF10700012103F043F802A873
:10BBA000042103F03FF82021284603F03BF802A8C7
:10BBB00003F040F82A4602A8202103F0C9F8012129
:10BBC0000DF10700FFF768FE042102A88DF80B4075
:10BBD0008DF808A08DF809908DF80A70FFF75CFECB
:10BBE0000AA9284600F086FF81B20AA8FFF754FE92
:10BBF0004FF4104406E040F2EE20FFF7F3FC00287B
:10BC00008AD0AFE7A4B209E037B9FFF71DFF84B2CD
:10BC100004E04FF4DA4401E04FF4CE440020FFF793
:10BC200029FCB4F5104F06D001E04FF4DC44D8F8FD
:10BC3000000002F02FF8230A0AA801218DF828300D
:10BC4000FFF72AFE0AA801218DF82840FFF724FEFD
:10BC50001CB0BDE8F08700BF50D7FF1F30B5057995
:10BC600042792D0445EA022582790B462A43C11DFB
:10BC7000BDE83040FFF7FEBED1F84330D0F84300B6
:10BC8000181A704710B588B004466A460120002192
:10BC900002F0D6FF04F110000E2102F0C3FF0120D4
:10BCA00000216A4602F0FCFFD4F81E00009B5840B9
:10BCB00008B010BD38B50C461546FFF7E3FF80B25B
:10BCC000022802D0032801D005E025B9002C0CBFC2
:10BCD0003020002038BD002038BDFFFF70B588B08F
:10BCE00004460E4615460C486A46102102F0A8FF8D
:10BCF0003046294602F096FF6A460748102102F0B6
:10BD0000CFFF20466946102207F0BEF8002814BF76
:10BD10003320002008B070BD44F9FF1FF8B5202281
:10BD200005460C462230223107F0AEF8064678B9B7
:10BD300095F8867005F1460004F146013A4607F091
:10BD4000A3F838B994F88600C31B58425841F8BD8F
:10BD50000020F8BD3046F8BD08B50220FFF78AFB89
:10BD600044F63820FFF73EFC012805DC06D0002809
:10BD70000CBF3A202D2008BD212008BD002008BDA1
:10BD800001482021FFF7F2BC95F9FF1FF8B5002408
:10BD900007460E462546FFF7F4FC84420DD22046A6
:10BDA0003146FFF7F5FCD6F84230013B033302D8A9
:10BDB000BD4205D001350134EDE74FF0FF30F8BD4D
:10BDC0002046F8BDF0B5431CF9B0044609D1002067
:10BDD00009A9FFF7DDFCDDF86630013B03332ED9FE
:10BDE0000024FFF7CEFC013484422AD2204609A960
:10BDF000FFF7CEFC0DF1460301AD0DF166071E46BF
:10BE0000186859682A4603C20833BB421546F7D161
:10BE1000DDF86630013B0333E3D80025A5420CDA98
:10BE2000284609A9FFF7B4FC304601A9202207F0F3
:10BE30002BF80028D5D00135F0E7204603E000209C
:10BE400001E04FF0FF3079B0F0BD70B50446F8B0B6
:10BE500071B10B4601AC01F1200518685968224602
:10BE600003C20833AB421446F7D14FF0FF340FE062
:10BE700009A9FFF78DFC01AD0DF146030DF1660632
:10BE8000186859682A4603C20833B3421546F7D1E9
:10BE9000FFF777FC013484420DD2204609A9FFF751
:10BEA00077FC0DF1460001A9202206F0EDFF0028E5
:10BEB000EED1204601E04FF0FF3078B070BD10B5F4
:10BEC00004460020FFF756FB034610B9FFF752FB6C
:10BED00003461A0E84F821201A0C84F822201A0A2C
:10BEE00084F8232084F82430184610BD38B5124C4D
:10BEF000D022FF21204606F0F1FF802104F14E0000
:10BF0000FFF734FCA5232370082384F8483001256B
:10BF100000236370A4F84A3084F8CE50FFF72BFC5E
:10BF200004F122002021FFF721FCA84202D028467C
:10BF300006F060FF38BD00BF70F8FF1F2DE9FF411C
:10BF400013F1080F0F46164669460CBF042205225E
:10BF500005461C4604F0B8F84FF48A7180465B4AE7
:10BF6000FEF707FAB8F1000F01D01020AAE0012275
:10BF70006846002304F065F840F219118046534AE0
:10BF8000FEF7F7F9B8F1000FEFD114F1080F14BF65
:10BF9000022201220023684604F053F840F21B11EC
:10BFA00080464A4AFEF7E5F9B8F1000FDDD10322D9
:10BFB0006846002304F045F84FF490718046434AE8
:10BFC000FEF7D7F9B8F1000FCFD122466846E31744
:10BFD00004F037F84FF4917180463C4AFEF7C9F9F6
:10BFE000B8F1000FC1D14FF0FF3268464FF0FF3378
:10BFF00004F027F840F227118046344AFEF7B9F9D9
:10C00000B8F1000FB1D114F1080F14BF01220622BC
:10C010000023684604F015F840F2291180462B4AA7
:10C02000FEF7A7F9B8F1000F9FD16FF00102684643
:10C030004FF0FF3304F005F840F22F118046234AF9
:10C04000FEF797F9B8F1000F8FD1394620226846E4
:10C0500004F013F840F2311107461C4AFEF789F943
:10C06000002F82D108340ED16946284604F03CF8EE
:10C070004FF49E710446154AFEF77BF9002C7FF4BD
:10C0800074AF20461EE06FF0020268464FF0FF33A7
:10C0900003F0D7FF4FF49B7104460C4AFEF769F991
:10C0A000002C7FF462AF31462022684603F0E5FFA2
:10C0B0004FF49C710446054AFEF75BF9002C7FF4AF
:10C0C00054AFD1E704B0BDE8F08100BF8170020039
:10C0D00030B5012A054691B008461C461FD113F120
:10C0E000080F07D007331AD146216A4608AB02F081
:10C0F0009BFE03E046216A4602F0C8FE23466946DD
:10C1000008AA2846FFF71AFF40F259110446064ACA
:10C11000FEF72FF9002C0CBF0020102001E04FF09B
:10C12000FF3011B030BD00BF81700200F0B585B0A6
:10C130000E46144669460222054603F0C5FF40F24A
:10C14000C53107462A4AFEF714F90FB110204DE019
:10C1500028490222684603F0A2FF40F2C93107468F
:10C16000234AFEF706F9002FF0D1412C314639D091
:10C17000422C39D142F215131F4A2049D25C68463D
:10C1800003F07BFF40F2D7310446194AFEF7F1F87D
:10C19000002CDBD11A490422684603F080FF4FF4DB
:10C1A00077710446124AFEF7E4F8002CCED1154907
:10C1B0000A22684603F073FF40F2DF3104460C4A5E
:10C1C000FEF7D7F8002CC1D16946284603F08CFF52
:10C1D0004FF479710446064AFEF7CBF8002CB5D12E
:10C1E000204603E03022CAE74622C8E705B0F0BD8A
:10C1F00081700200766F020058D7FF1F6DF7FF1F96
:10C20000834902008E6F020038B5054608460C4689
:10C2100007F0D3F8214602462846BDE8384003F02F
:10C220003EBFFFFF2DE9F0470578022DC0B0044660
:10C230008846174672D130AB451D00F1450E1E46AB
:10C24000286869681A4603C2083575451346F7D150
:10C2500008AA04F168007A4902F080FE02F0C8FCE6
:10C26000202108A802F0DEFC08A802F0E3FC10AAD6
:10C2700008A8202102F0E4FC3046217902F0D2FC2B
:10C2800008A8202110AA02F00BFD284610A91022B0
:10C2900006F0FAFD0546002840F0CE8018AA0220DC
:10C2A000294602F0CDFCD4F8B000462102F0BAFCD9
:10C2B0006448012102F0B6FC0220294618AA02F0C7
:10C2C000EFFC304608A92279F0F7EFFB20AA18A866
:10C2D000202102F0B5FC3046202102F0A3FC18A872
:10C2E000202120AA02F0DCFC2379402B0DD128AAC2
:10C2F00018A8202102F0A4FC38A8202102F092FC0A
:10C3000018A8202128AA02F0CBFC20A808A922798D
:10C310000126F0F7B9FB0025304604E0012D18BFD7
:10C32000002500262846D4F8B430013B022B05D85E
:10C3300001305FFA80FA4FF0010905E0002879D05A
:10C340004FF000094FF0010A684641463A68002361
:10C3500003F068FE524604A9684603F0B5FE4FF4A8
:10C36000FD718246384AFEF704F8BAF1000F5FD13A
:10C370001EB9B9F1000F33D019E0344904A8FFF712
:10C3800043FF4FF4FF7106462F4AFDF7F2FF002EE0
:10C390004ED120A9227904A803F06FFE40F20121BA
:10C3A0000646294AFDF7E5FF002E41D1E1E728497D
:10C3B00004A8FFF729FF40F207210646224AFDF7AD
:10C3C000D8FF002E34D1D4F8B42004A8002303F001
:10C3D00038FE40F20A2104461B4AFDF7CAFF3CBB67
:10C3E000ADB11A4904A8FFF70FFF4FF404710446DA
:10C3F000154AFDF7BEFFDCB9152104A803F02CFE99
:10C4000040F213210446104AFDF7B3FF84B904A992
:10C41000684603F069FE40F2172104460A4AFDF718
:10C42000A8FF2CB9009BC8EB03033B60204604E047
:10C43000102002E0386000E0E02040B0BDE8F08766
:10C4400095F9FF1F6CF7FF1F817002009F6F0200BC
:10C45000AB6F02002022FFF741BCFFFF30B595B063
:10C46000044610A8FFF7AAF904A90822204603F001
:10C470002BFE83210546034AFDF77BFF25B11020E3
:10C48000EFE100BF81700200012204A8002303F045
:10C49000D0FD87210546B14AFDF76BFF002DEED197
:10C4A0006946032204A803F00CFE8A210546AB4A24
:10C4B000FDF75FFF002DE2D1A9496846FFF7A4FE12
:10C4C0008D210546A54AFDF754FF002DD7D1A5497A
:10C4D0006846FFF799FE8F210546A04AFDF749FF00
:10C4E000002DCCD1A0496846FFF78EFE912105466C
:10C4F0009A4AFDF73EFF002DC1D1694604A803F01A
:10C50000F3FD94210546954AFDF733FF002DB6D182
:10C51000022204A8002303F08CFD982105468F4ACF
:10C52000FDF727FF002DAAD16946022204A803F0D7
:10C53000C8FD9B210546894AFDF71BFF002D9ED1B2
:10C540008A496846FFF760FE9E210546834AFDF74B
:10C5500010FF002D93D186496846FFF755FEA121B3
:10C5600005467E4AFDF705FF002D88D1694604A8DF
:10C5700003F0BAFDA4210546784AFDF7FAFE002D26
:10C580007FF47DAF032204A8002303F052FDA8210D
:10C590000546724AFDF7EDFE002D7FF470AF10A93D
:10C5A000102204A803F069FDAB2105466B4AFDF794
:10C5B000E0FE002D7FF463AF042204A8002303F003
:10C5C00038FDAF210546654AFDF7D3FE002D7FF407
:10C5D00056AF08A9052204A803F076FDB22105464E
:10C5E0005E4AFDF7C6FE002D7FF449AF6149022285
:10C5F00008A803F054FDB5210546584AFDF7B9FED9
:10C60000002D7FF43CAF152108A803F025FDB821CB
:10C610000546524AFDF7ADFE002D7FF430AF564976
:10C62000022208A803F03BFDBC2105464B4AFDF75A
:10C63000A0FE002D7FF423AF152108A803F00CFD08
:10C64000BF210546454AFDF794FE002D7FF417AF44
:10C650004A49042208A803F022FDCD2105463F4A9D
:10C66000FDF787FE002D7FF40AAF142108A803F020
:10C67000F3FCD0210546394AFDF77BFE002D7FF4FF
:10C68000FEAE3F49082208A803F009FDD421054663
:10C69000324AFDF76EFE002D7FF4F1AE152108A899
:10C6A00003F0DAFCD72105462C4AFDF762FE002D87
:10C6B0007FF4E5AE3349092208A803F0F0FCDB2142
:10C6C0000546264AFDF755FE002D7FF4D8AE2E4BC9
:10C6D000597808A801290CBF1521142103F0BCFCCE
:10C6E000DE2105461D4AFDF744FE002D7FF4C7AE4E
:10C6F00008A904A803F0F8FCE2210546174AFDF753
:10C7000038FE002D7FF4BBAE052204A8002303F001
:10C7100090FCE6210546114AFDF72BFE002D7FF423
:10C72000AEAE4FF4966204A8002303F08AFCE92120
:10C7300005460A4AFDF71DFE002D7FF4A0AE062235
:10C7400004A8002303F075FCED210546034AFDF71C
:10C7500010FE002D7FF493AE18E000BF8170020040
:10C760007A700200A8700200B1700200AB6F020084
:10C770009F6F0200996F02002F520200BE700200EC
:10C78000C3700200CC70020070F8FF1F0CA90122D8
:10C7900004A803F096FCF0210546334AFDF7E9FDB5
:10C7A000002D7FF46CAE01220CA8002303F049FC9D
:10C7B000F32105462C4AFDF7DCFD002D7FF45FAE2A
:10C7C0000CA904A803F090FCF6210546264AFDF7C3
:10C7D000D0FD002D7FF453AE072204A8002303F000
:10C7E00028FCFB210546204AFDF7C3FD002D7FF400
:10C7F00046AE142204A8002303F01BFCFE210546CC
:10C80000194AFDF7B6FD002D7FF439AE082204A8C1
:10C81000002303F00EFC4FF481710546124AFDF728
:10C82000A8FD002D7FF42BAE4FF4807204A80023E6
:10C8300003F0FFFB40F2051105460B4AFDF799FD99
:10C84000002D7FF41CAE204604A903F04DFC40F2FD
:10C8500009110446044AFDF78CFD002C7FF40FAE4D
:10C86000204615B030BD00BF8170020070B58AB09F
:10C8700005460C4601920021202202A81E4606F021
:10C880002DFB02AA0120002102F0DAF9284620211E
:10C8900002F0C8F92046122102F0C4F901A80421CF
:10C8A00002F0C0F90120002102AA02F0F9F902AC5D
:10C8B000334606AD224603CAAA42186059601446A0
:10C8C00003F10803F6D10AB070BDFFFF0148FEF77F
:10C8D00041BE00BF70F8FF1F2DE9F04FADF56F7D31
:10C8E0009146804640F2B9120C4610A800211D4620
:10C8F00006F0F4FA7FA8002140F2B91206F0EEFA31
:10C90000D9F80030242B02D8012006F073FA02F087
:10C910006FF9D8F80011404602F084F9204602F081
:10C9200089F92046FFF7CBFA0290FFF715FA212884
:10C93000064601D1002308E04FF416716B4AFDF75B
:10C9400018FD002E40F0CD800123DFF8A4A184F86B
:10C9500020300120FEF78EFD9AF801305A1E534216
:10C96000534194F8202042EA83031DB984F8203013
:10C970002523B2E043F0400384F8203004F17D0227
:10C980000192D9F80020019900237D3A04A803F010
:10C9900049FB04F12500FEF711FF00264FF0460C7D
:10C9A00004F1370784F836C0624604F1470B84F877
:10C9B000356031463846CDF800C006F08FFA1221B6
:10C9C0005846FEF7D3FED5F844210832F89A11688C
:10C9D00014BF0020012041EA004108AA0391012070
:10C9E000314602F02DF958460E2102F01BF90120C4
:10C9F000314608AA02F054F9039B089A5A40C4F839
:10CA00005520029AC4F879202146202204F15900C9
:10CA100006F049FA3B4620465946029AFFF726FFA0
:10CA200095F84831DDF800C0002B4AD062463946FF
:10CA300010A803F07BFB29464FF4A1720DF186008C
:10CA400003F074FBD8F800412F2C88BF3024224615
:10CA500072A8414603F06AFB8DF8F841BAF84A40E3
:10CA6000A64210D27FA93046FFF790F97FA98046F1
:10CA700010A8FFF753F920B1404610A9FEF78DFE2C
:10CA80001FE00136ECE70024FEF77BFE844216D25D
:10CA900020467FA9FEF77CFEDDF83E32013B0333E2
:10CAA0000BD9BAF84A300133AAF84A30FFF70EFF23
:10CAB000204610A9FEF767FE03E00134E4E72820D2
:10CAC00010E095F84221D5F8443104A83946FFF723
:10CAD000FFFA049B019A9B1A7D33C9F800300020AD
:10CAE00000E030460DF56F7DBDE8F08F81700200EB
:10CAF00070F8FF1F2DE9F74F00230D46C25CDCB232
:10CB00000AB100230AE001330134202BE4B2F5D14D
:10CB1000F7E701330137202BFFB205D0C218DFB28F
:10CB200092F82020002AF4D007F12003065D10F8C7
:10CB3000038000EB030B00210319482228460193D0
:10CB400006F0CCF93022F6092A70C4F144023244CE
:10CB50004FEAD818D21B42446A70AA194FF0020A51
:10CB60004FF0000985F802A082F80390019BC4F100
:10CB70002002B118301DE9702844194606F093F9D7
:10CB800006F124031B1BC4F1260005F803A006F1DF
:10CB9000250303EB0802121B1B1B05F8029030440F
:10CBA000C7F1200208EB02014044E95428445946E9
:10CBB00008F1460806F077F94644301BC01B03B065
:10CBC000BDE8F08F2DE9F7431D460C9B0A9C0B9E98
:10CBD000083381468846174618D002F009F84846BF
:10CBE000414602F01FF83846202102F01BF8284683
:10CBF00002F020F828462021224602F0A9F820461B
:10CC0000314603B0BDE8F043FFF774BF0096202320
:10CC100002F060F9402003B0BDE8F083F0B5ADF25A
:10CC2000244D04460E461546FEF7E6FDB0F5806F2E
:10CC300000F2958008A8FEF7EDFD032220460023B0
:10CC400003F0FFF940F2FD210746474AFDF791FB4B
:10CC50000FB1102084E069460322204603F034FA25
:10CC600040F2FF210746404AFDF783FB002FF0D139
:10CC70003E496846FFF7C8FA40F2023107463A4A91
:10CC8000FDF777FB002FE4D16FF0060268464FF006
:10CC9000FF3303F0D6F94FF441710746324AFDF7EE
:10CCA00068FB002FD5D132496846FFF7ADFA4FF443
:10CCB000427107462C4AFDF75CFB002FC9D12A467A
:10CCC0003146684603F0D9F940F20A310546264A52
:10CCD000FDF74FFB002DBCD126496846FFF794FABB
:10CCE00040F20E310546204AFDF743FB002DB0D13E
:10CCF00004A90122684603F0E4F94FF444710546A3
:10CD0000194AFDF736FB002DA3D1FEF775FD08A9E2
:10CD1000024604A803F0B1F940F213310546124A65
:10CD2000FDF727FB002D94D104A9684603F0DCF938
:10CD300040F2153105460C4AFDF71BFB002D88D14A
:10CD40002046694603F0D0F940F21A310446064AFB
:10CD5000FDF70FFB002C7FF47CAF204600E0212084
:10CD60000DF2244DF0BD00BF817002008A6F0200F9
:10CD7000D6700200DA70020030B50B78412B8DB00E
:10CD800005460C4626D0422B34D0012B3AD101F077
:10CD90002FFFD5F80011284601F044FF04A801F048
:10CDA00049FF04F1230004A9202206F06DF848BBD6
:10CDB00004A804F11101D4F843206B46FFF756FD97
:10CDC000601C6946102206F05FF8D0F1010038BF00
:10CDD000002018E001F00CFFD5F80011284601F002
:10CDE00021FF04A801F026FF601C302104AAFEF7F1
:10CDF00002FE08E042F21513044A0548D15C02F035
:10CE000071FC00E000200DB030BD00BF58D7FF1FFF
:10CE10006DF7FF1FF0B50C46ADF2D44D0546134635
:10CE200056A822462946FEF705F80446002840F099
:10CE300024819DF813447CB1FEF78EFF4FF45571A9
:10CE40000446904AFDF795FA0CBB8F4B5B78012B9B
:10CE500014BF3524332410E1569B03F00F030F2B2E
:10CE600040F0F680884B5B78012B9DF8123404D19A
:10CE7000002B40F0F3803624FFE0002B40F0EE80E2
:10CE80009DF80134012B40F2E580002609E0E4B270
:10CE9000F3E0FBA808A9FDF7CFFC1128074604D151
:10CEA0000136FF9B9E42F4D32DE04FF45C71754A2E
:10CEB000FDF75FFA002F40F0CF805FA808A9FFF7C9
:10CEC0005BFF98B10DF121009DF812140122FEF7CD
:10CED000F1FE58B9FEF740FF4FF45E710446694A0F
:10CEE000FDF747FA002CD2D11924C6E0FBA802F0C6
:10CEF000C5FF40F27F310746624AFDF73AFA002F3C
:10CF0000CED01024B9E004A90322284603F0DCF8AF
:10CF100040F2853106465B4AFDF72BFA002EF0D130
:10CF2000012204A8002303F08CF840F28931064660
:10CF3000544AFDF71EFA002EE3D1544904A8FFF726
:10CF400063F940F28B3106464E4AFDF712FA002E85
:10CF5000D7D14FF49B7302930DF2CC43009308A9F1
:10CF600002AA5FA8A8ABFFF7B7FC40F292310646D1
:10CF7000444AFDF7FEF98EB90299C1F59B730393FC
:10CF800008AB194403AA0DF58360FFF74BF940F293
:10CF9000993106463B4AFDF7ECF90EB1F4B26CE06C
:10CFA000039B43B19DF8402062F07F028DF8402042
:10CFB000029A13440293022204A8002303F041F8CA
:10CFC00040F2A23106462F4AFDF7D3F9002E98D140
:10CFD00008A9029A04A803F050F84FF469710646B4
:10CFE000284AFDF7C6F9002E8BD101F0A3FE029E60
:10CFF00001F0FEFD314608A801F014FE202157A8DB
:10D0000001F010FE08A801F015FE10AA08A82021C2
:10D0100001F09EFE20A910A8FFF76CFD20A9024692
:10D0200004A8FFF7FBFD40F2AD310646154AFDF7B7
:10D03000A0F90EBB284604A903F056F84FF46C7112
:10D040000546104AFDF795F9002D7FF45AAF14E01C
:10D05000142412E02C2410E03C460EE057A90DF2F7
:10D060000240FFF7F7F940F262310646054AFDF744
:10D0700080F9002E3FF404AF344620460DF2D44D23
:10D08000F0BD00BF8170020070F8FF1FDE7002006B
:10D09000F0B591F8415085B006460C4655B1151CC7
:10D0A00018BF012535B191F8C230002B0CBF032207
:10D0B000042200E001226946304603F005F840F200
:10D0C000F3310746424AFDF754F90FB110207DE0D5
:10D0D00040490222684602F0E2FF40F2F63107467C
:10D0E0003B4AFDF746F9002FF0D1214694F8402045
:10D0F000684602F0C2FF40F2F9310746344AFDF7B4
:10D1000038F9002FE2D16DB96946304602F0ECFFE4
:10D1100040F2114104462E4AFDF72BF9002CD5D1DF
:10D12000204653E094F8C2306BB92B49042268467C
:10D1300002F0B5FF40F204410546254AFDF719F912
:10D14000002DC3D11AE025490422684602F0A7FF4A
:10D1500040F2FE3105461E4AFDF70BF9002DB5D110
:10D1600004F1C2016846FFF74FF84FF480610546AD
:10D17000174AFDF7FEF8002DA8D1D6E704F14101CA
:10D180006846FFF741F840F207410546104AFDF7AF
:10D19000F0F8002D9AD112490B22684602F07FFF69
:10D1A00040F20A4105460A4AFDF7E3F8002D8DD109
:10D1B00004F182016846FFF727F840F20D4104466A
:10D1C000034AFDF7D6F8002C80D19DE705B0F0BDED
:10D1D00081700200766F02003D420200856F0200FE
:10D1E000796F02002DE9F0479146ADF5167D0222D8
:10D1F000984600230C46054602F023FF40F2B64154
:10D2000006464C4AFDF7B5F80EB110248DE04946AC
:10D210004246284602F031FF4FF497610646454AE0
:10D22000FDF7A7F8002EF0D12378412B06D0422B32
:10D2300006D142F21513404AD75C02E0302700E0E5
:10D240004627661C3046FEF71DFDC0F30740012847
:10D250003946304604D101F029FE6FF0070A05E097
:10D260000022134601F0CEFD6FF0060A15AF3046DE
:10D2700021463A4602F0F0FA58B1304B1B889BB178
:10D280002F4B1E8896B140F201239E420EDC0136E0
:10D290000DE005AB8DE88804484641469E9A4B4612
:10D2A000FFF790FC064602E0012600E04826032234
:10D2B0002846002302F0C5FE40F2DC4180461D4AAC
:10D2C000FDF757F8B8F1000F9FD13246394628468E
:10D2D00002F0D3FE40F2DE410646164AFDF749F859
:10D2E000002E92D194F887300BB900241DE004225F
:10D2F0002846002302F0A5FE40F2E54106460D4A0D
:10D30000FDF737F8002E80D142F214030A4A04F1E7
:10D310004701D25C2846FFF7BBFE4FF49D610446EF
:10D32000044AFDF726F8002CDFD020460DF5167DC7
:10D33000BDE8F0878170020058D7FF1F66FCFF1F11
:10D3400064FCFF1F2DE9F0470025F8B004462F4686
:10D35000D4F84C319F425BD2D4F86C1140F289165C
:10D360007E4304F128003144FFF706FDD4F86C3108
:10D3700098B998190130462102F0B4F908B1013585
:10D3800044E0D4F86C311E4486F8430086F844002B
:10D3900086F8450086F8460038E09819444B01307D
:10D3A00019780122FEF786FCD4F86C91014650B141
:10D3B0004E44002386F8433086F8443086F84530E2
:10D3C00086F8463022E03B4B0135B3F84AA0FDF722
:10D3D00085FFD8B94E448046D04517DA09A94046A2
:10D3E000FEF7D4FC09A8711CFEF798FC58B106F1B1
:10D3F00047000DF16A014FF4A172013705F053FDAA
:10D40000C4F84C7104E008F10108E5E701379FE733
:10D41000D4F84C61002E3DD101F0EAFB04F1280064
:10D42000D4F8281101F0FEFB01A801F003FCFEF77F
:10D43000A8F9864218D2304609A9FEF7A9F9DDF805
:10D440006630013B033323D8194B09A81978002211
:10D45000FEF730FCE0B90DF1460001A9202205F0ED
:10D4600013FDA8B9132D02DDC4F84C5112E040F2AF
:10D4700089136B43D4F86C210121D154D4F86C0189
:10D48000184408444FF4C47209A905F00CFD013595
:10D490000136CCE7D4F86C01D4F84C11064B40F2BD
:10D4A000891205F003FE284678B0BDE8F08700BF7A
:10D4B0006CF7FF1F70F8FF1F79BC01002DE9F047E2
:10D4C00090461F46012200230C460646DDF82090B8
:10D4D00002F0B7FD40F2AF4105460F4AFCF749FFA5
:10D4E000ADB9611C22783046FEF720FE40F2B24111
:10D4F0000546094AFCF73DFF55B9CDF82090304666
:10D50000214642463B46BDE8F047FFF76BBE10257B
:10D510002846BDE8F08700BF81700200F0B542F2F6
:10D520000803384CE15889B00746002966D042F21A
:10D530000C02A3588B4261D240F2891505FB0345CA
:10D54000591C05F5A8752046A150FEF7B8FC05F159
:10D5500023012046202205F0A6FC95F887303846A6
:10D5600004A90BB1042200E0032202F0ADFD40F259
:10D5700004510646244AFCF7FCFE0EB110243EE09E
:10D5800042F21403E35C2BB905F1880031464122D5
:10D5900005F0A4FC08AA1B4C502342F8143D04F1EA
:10D5A000780004F12501FEF73DFE039B48B994F88D
:10D5B000202013B162F07F0201E002F07F0284F8C4
:10D5C0002020124A00922946A2F5987204A8253319
:10D5D000FFF774FF40F21C5104460B4AFCF7C9FEEA
:10D5E0006CB904A9384602F07FFD40F21F51054690
:10D5F000054AFCF7BEFE002DC0D100E030242046D5
:10D6000009B0F0BD58D7FF1F8170020088D8FF1FF6
:10D610007FB502226946054602F056FD40F22751C9
:10D620000446274AFCF7A5FE0CB1102046E0012273
:10D630006846002302F005FD40F229510446204AC5
:10D64000FCF797FE002CF0D11E4C6846B4F84A2037
:10D65000002302F0F6FC40F22B510646184AFCF774
:10D6600088FE002EE1D102226846002302F0E9FC88
:10D6700040F22D510646124AFCF77BFE002ED4D113
:10D68000FEF77FF8B4F84A20821AD317684602F0F2
:10D69000D8FC4FF4A6610446094AFCF76AFE002C48
:10D6A000C3D16946284602F01FFD40F232510446BC
:10D6B000034AFCF75EFE002CB7D1204604B070BDD3
:10D6C0008170020070F8FF1FF0B5F9B015460646EC
:10D6D000084609A9FEF75CF8002DD4BF02220322F8
:10D6E00001A9304602F0F0FC40F23D510446524A96
:10D6F000FCF73FFE002C40F08180032201A80023AC
:10D7000002F09FFC40F23F5104464B4AFCF731FEC9
:10D71000002C73D105A9022201A802F0D5FC40F229
:10D7200043510446444AFCF724FE002C66D1434989
:10D7300005A8FEF769FD40F2455104463E4AFCF754
:10D7400018FE002C5AD19DF8DC21302A8ABF2246CF
:10D750006BA93B4905A802F0A2FC40F24B510446DC
:10D76000354AFCF706FE002C48D1364905A8FEF7DD
:10D770004BFD40F24D5107462F4AFCF7FAFD002FB2
:10D780003CD10DF1AB0105A8FEF73EFD40F24F5133
:10D790000746294AFCF7EDFD87BB05A901A802F061
:10D7A000A3FC40F251510746234AFCF7E2FD2FBB90
:10D7B000042201A8002302F044FC40F25451074621
:10D7C0001D4AFCF7D6FDCFB90DF14601202201A874
:10D7D00002F053FC204640F25651174AFCF7C9FDAF
:10D7E000002D1ADD052201A8002302F02AFC40F2D8
:10D7F00059510446104AFCF7BCFD0CB1102019E049
:10D800002A4601A8EB1702F01CFC40F25B510446CB
:10D81000094AFCF7AEFD002CF0D101A9304602F018
:10D8200063FC40F25E510446034AFCF7A2FD002C63
:10D83000E4D1204679B0F0BD81700200766F02001D
:10D84000536C02003D4202002DE9F041F4B006465F
:10D85000084605A91546FDF79BFF05A8FEF712FA35
:10D86000431E032B044605A828BF0124FEF70AFA2D
:10D87000C0F3074001280CBF6FF007076FF00607E1
:10D88000002DD4BF0422052201A9304602F01CFC61
:10D8900040F2715180464F4AFCF76BFDB8F1000F22
:10D8A00001D0102093E0062201A8002302F0C9FB5A
:10D8B00040F274518046474AFCF75BFDB8F1000F17
:10D8C000EFD10DF15A01012201A8FFF7E1FB40F26F
:10D8D000775180463F4AFCF74CFDB8F1000FE0D18C
:10D8E000072201A8002302F0ACFB40F27B518046E6
:10D8F000384AFCF73EFDB8F1000FD2D105A901224C
:10D9000001A8FEF713FC40F27E518046314AFCF735
:10D9100030FDB8F1000FC4D1082201A8002302F0A5
:10D9200090FB40F2825180462A4AFCF722FDB8F172
:10D93000000FB6D101A805A901223B46FEF7C8FB9E
:10D94000002D0DDC0A2201A8002302F07AFB40F230
:10D950008F5105461F4AFCF70CFD002DA1D11AE09E
:10D96000092201A8002302F06CFB40F2895107460E
:10D97000184AFCF7FEFC002F93D12A46EB1701A8AA
:10D9800002F05FFB40F28B510546124AFCF7F1FCB6
:10D99000002D86D1D6E7224601A8002302F051FBD4
:10D9A00040F2915104460B4AFCF7E3FC002C7FF453
:10D9B00078AF01A9304602F097FB40F2945104463B
:10D9C000044AFCF7D6FC002C7FF46BAF204674B001
:10D9D000BDE8F081817002002DE9F04FADF5157DB5
:10D9E000824609A8FDF7FCFA0446002840F044816D
:10D9F0009DF888418CB1FEF7AFF94FF4D161044630
:10DA0000A04AFCF7B6FC0CB1E4B235E19E4B5B7862
:10DA1000012B14BF352433242EE19DF887319BB1AF
:10DA20000AA90DF27710FEF715FD40F28D6105464B
:10DA3000944AFCF79EFC002D40F0178142F214033B
:10DA4000924A0121D15403E042F214038F4AD45484
:10DA5000539B002B00F00B819DF84830002B00F009
:10DA6000068109A8FFF76EFC0546002800F0018139
:10DA700040F28919649B09FB00F94B446FF4C471AF
:10DA80000B44012893F88730CCBF0422032203B152
:10DA9000013205A9504602F017FB40F2AE6106467E
:10DAA000784AFCF766FC0EB11024E5E0012D64987D
:10DAB000764E03DD42F21403F35C3BB90378422B4C
:10DAC00004D088300021412205F008FADDF890B139
:10DAD00025230BF1010046219290039301F002FEF1
:10DAE000074660B101F084F813A8539901F09AF841
:10DAF000664801F09FF8052386F8203047E09DF83E
:10DB00007601624ED0F1010038BF0020FDF748FDDC
:10DB100093AB314603AA009313A83B46FEF7DCFE05
:10DB200080463846FDF73CFD40464FF4DB61554AE0
:10DB3000FCF71FFCB8F1000F02D05FFA88F49BE0FD
:10DB400042F2140306F12501F25C96F8203023F02E
:10DB5000040343EA820386F8203004AA502366A80F
:10DB60000493FEF75FFB40F2E1610746454AFCF78C
:10DB700000FC0FB1FCB27FE0049B43B196F820207B
:10DB800062F07F0286F82020039A134403930AAEC2
:10DB900059463E4A009605A8039BFFF78FFC40F2CA
:10DBA000EA610746374AFCF7E4FB002F63D1012DF9
:10DBB0000DDC05A9504602F097FA40F2F4610746E1
:10DBC000304AFCF7D6FB002F7FF46EAF1CE0052235
:10DBD00005A8002302F035FA40F2EE610746294A13
:10DBE000FCF7C7FB002F7FF45FAF2A4605A8EB17B1
:10DBF00002F027FA4FF4DE610746224AFCF7B9FB30
:10DC0000002F7FF451AFD4E7649B6F1E03F2891E8F
:10DC100017D0132F1ED80FCE1D4D0FC596E80F003D
:10DC200085E80F006FF4C473714609EB030205F138
:10DC3000100005F038F9A5F1C80066A9B82202F075
:10DC400075FA124B42F2080200259F5042F20C0274
:10DC50009D5000E017256EB2304640F2FA61094A45
:10DC6000FCF787FB46B1ECB206E02C4604E0142436
:10DC700002E02E2400E03C4620460DF5157DBDE86F
:10DC8000F08F00BF8170020070F8FF1F58D7FF1F90
:10DC900088D8FF1F10B50021044640F6040205F0A5
:10DCA0001DF94FF40063A4F8003810BD10B501F061
:10DCB00033F81148FDF73CFC04460020FDF7DAFB81
:10DCC00024B9FEF713F90C48FDF744FC0A4801F0AB
:10DCD00097F90A4800F092FF09481021FDF746FD28
:10DCE000012802D0012005F085F8FEF749F8BDE8CB
:10DCF0001040FDF7A9BD00BF70F8FF1FBEF8FF1F61
:10DD000044F9FF1F30B50B1F3B2B89B005460C466D
:10DD100002D9012005F06EF800F06AFF214628467E
:10DD200000F080FF684600F085FF0D4C00F060FFBA
:10DD30006846102100F076FF20226846002105F099
:10DD4000CDF8202104F1220000F06CFFA01C00F0AF
:10DD500071FF012320466370FDF7FCFB09B030BD65
:10DD600070F8FF1F044B082283F84820034B03225E
:10DD70001A70FEF7ABBD00BF70F8FF1FC88CFF1F05
:10DD80000248002142F2181205F0A8B858D7FF1F28
:10DD900008B5FEF7ABF80A48FDF7DCFB094810218F
:10DDA000FDF7E4FC012802D0012005F023F8FFF77D
:10DDB000E7FFFDF7E5FF0448BDE8084000F01EBF9F
:10DDC00070F8FF1F44F9FF1FBEF8FF1F10B5084C85
:10DDD00008480021102205F081F8A01C0021202213
:10DDE00005F07CF82046BDE81040FDF7B3BB00BF4E
:10DDF00070F8FF1F44F9FF1F10B50F4B0F4C1A7836
:10DE000051B20029C4BF02F1FF321A7094F84830B1
:10DE10005AB2002A0BDD013B84F84830FEF756FD6C
:10DE200094F94830002B04DCFFF7D0FF01E0FF201D
:10DE300010BD002010BD00BFC88CFF1F70F8FF1F71
:10DE400003685A1E012A10B5014603D923F00203C4
:10DE5000042B17D1D1F8482301F55370013201F298
:10DE6000AD11FDF73BFF3328044608D1FFF7C4FF8F
:10DE7000064B93F90030002BD8BF342403E0FFF7A2
:10DE800071FF00E00024204610BD00BFC88CFF1FBA
:10DE90002DE9F043ADF2245D07466FA8FCF7BBFD0A
:10DEA0000546002840F0E1806FA8FFF7C9FF40F267
:10DEB0001D6104466F4AFCF75CFA002C40F0D080EC
:10DEC0006D4BB3F84A2098461AB96F9B012B40F06E
:10DED000CC806F9B022B1FD1684B4FF0FF30186036
:10DEE000674B01221A70674B00261E70FDF76AFF10
:10DEF000654B18609946D9F80000634C002804DB94
:10DF0000FDF760FF01362060F5E74FF0FF30FDF7C9
:10DF100059FF206000242FE0042B1CD170A90020A1
:10DF2000FDF793FF554B574A1860012111700024EB
:10DF30009946D9F80000514E002805DB0021FDF775
:10DF400084FF01343060F4E7002070A9FDF77DFF05
:10DF50003060002610E0052B4FF000040BD0032B9F
:10DF600009D0484B454A1C70454B1C704FF0FF339D
:10DF70001360454A136026466F9B013B052B71D801
:10DF8000DFE803F005121230300300244EE038467B
:10DF9000FFF73EFB40F24A610446364AFCF7E9F9D6
:10DFA000002C62D0102560E0374C2168002902DB8C
:10DFB000334B1B782BB9324A00231370314A13704C
:10DFC00052E032463846FFF77FFB40F25661064684
:10DFD000284AFCF7CEF9002EE4D12068FDF7F2FEC6
:10DFE000206042E0254E31680029E4DB254B1B7898
:10DFF000002BE0D022463846FFF726FC40F2646151
:10E0000004461C4AFCF7B5F9002CCBD130682146F8
:10E01000FDF71BFF306028E020466946FDF7B8FB9E
:10E02000DDF84230013B033305D90134FDF7A9FB8C
:10E030008442F1D318E068460DF2E111462204F063
:10E0400023FF0028F1D1002C0EDB2046FDF7A7FBB3
:10E05000B8F84A30013BA8F84A30FEF737FC04E034
:10E06000254602E0012500E02E2528460DF2245D1C
:10E07000BDE8F0838170020070F8FF1F54D7FF1FC6
:10E0800094F9FF1FB5F9FF1F40F9FF1F2DE9F04379
:10E0900099B03F2905460C469946209E40F3908052
:10E0A0004B4F7B78012BB8460AD197F94830002BAB
:10E0B00040F38880474B93F90030002B40F3848075
:10E0C000104645496A4600F049FF00F091FD2021C5
:10E0D000684600F0A7FD684600F0ACFD20216846C8
:10E0E0000DEB010200F0ACFD2846214600F09AFD40
:10E0F0001EB13046102100F095FD20210DEB0102EC
:10E10000684600F0CDFD08A84946102204F0BCFE88
:10E11000002851D1230701D00134FBE72846694686
:10E120002246EEF7C2FC3F23EA5CC3F13F072AB167
:10E13000C7F140073B1F3B2B40D803E0002BF7D033
:10E14000013BF1E798F80130214C012B2ED194F9D5
:10E150004830002B36DDDFF87C8098F90030002B4A
:10E1600032DD102230466946EEF79FFC00F040FD9C
:10E170003046102100F056FD202104F1220000F06D
:10E1800051FD10A800F056FD10A8A11C102204F0AB
:10E190007BFE48B1FDF7F4FDFFF72EFE98F9003045
:10E1A000002B11DD312010E0FFF7DCFD2846394659
:10E1B000FFF7A8FD002008E0332006E0372004E048
:10E1C0007F2002E0322000E0342019B0BDE8F08367
:10E1D00070F8FF1FC88CFF1F95F9FF1F30B591B075
:10E1E000154604466A4608461F4900F0B7FE00F08F
:10E1F000FFFC2021684600F015FD684600F01AFD7E
:10E20000102228466946EEF750FC00F0F1FC284643
:10E21000102100F007FD2021144800F003FD08A89C
:10E2200000F008FD08A81249102204F02DFE054652
:10E2300058B1FDF7A5FDFFF7DFFD0E4B93F9003058
:10E24000002BCCBF312034200CE0FFF78BFD0A49B6
:10E250001022204604F027FE204669461022EEF7E1
:10E2600013FC284611B030BD95F9FF1F92F8FF1F2F
:10E2700072F8FF1FC88CFF1F44F9FF1FF0B5EBB009
:10E2800006460BA8FCF758FF0C9BDA1E022A044630
:10E290000BD8954A92F94820002A40F31781934AF7
:10E2A00092F90020002A40F31381002C40F01981DC
:10E2B0000B9A012A40F00E81002B00F00B81013BEC
:10E2C0009DF8A651042B00F20581DFE803F0031549
:10E2D00047658B0003A90122304601F0F5FE40F2AC
:10E2E000C7710746824AFCF744F8002F40F08B8044
:10E2F00001238DF8A631B7E0013503A92A4630463F
:10E3000001F0E2FE4FF4FA610746794AFCF731F872
:10E31000002F78D1012203A8002301F092FE40F2E1
:10E32000D3710746724AFCF724F8002F6BD171486D
:10E33000714900F00DFE704903A801F120026FF051
:10E340001803FDF7FBFD40F2DA710746684AFCF757
:10E3500010F8002F00F08880FCB2C2E0624B5B78BE
:10E36000012B00F0B980649909B91424B9E09DF833
:10E370008D30002BF9D09DF87C30002BF5D0002398
:10E3800000930DF18E000DAA0DF17D03FFF77EFEC7
:10E390004FF4FD6107461FE0534B5B78012B40F0C3
:10E3A0009D8064990029E0D09DF88D30002BDCD051
:10E3B0009DF87C30002BD8D09DF8A431002BD4D010
:10E3C00065AB00930DF18E000DAA0DF17D03FFF7F3
:10E3D0005DFE40F2F6710746454AFBF7CAFF002F83
:10E3E00042D07DE0404B5B78012B77D1013503A90A
:10E3F0002A46304601F068FE40F2FE7107463C4A6C
:10E40000FBF7B7FF0FB110246BE09DF87C30002BB9
:10E41000ABD09DF8A431002BA7D0022203A8002383
:10E4200001F00FFE40F606010746314AFBF7A1FF57
:10E43000002FE8D10DA965AA07A8FFF7CFFE40F687
:10E440000A0107462A4AFBF794FF002F48D107A983
:10E45000102203A801F011FE40F60D010746244AE0
:10E46000FBF787FF002FCED19DF8A6310BB9EDB198
:10E470001FE0032203A8002301F0E3FD40F6190189
:10E4800007461B4AFBF775FF002FBCD1164B93F9CB
:10E49000482003A8D31701F0D4FD40F61B0107461E
:10E4A000134AFBF766FF002FADD1E0E79DF8A631D8
:10E4B000BBB103A9304601F017FE4FF402610546D7
:10E4C0000B4AFBF756FF002D9DD10AE0322408E0ED
:10E4D000342406E07F2404E0302402E0352400E008
:10E4E0003C4620466BB0F0BD70F8FF1FC88CFF1F84
:10E4F0008170020095F9FF1F54F9FF1F2DE9FF41BC
:10E5000005461446884610220021684604F0E6FCC1
:10E510002E78B4F800283D4F68462146002301F0CC
:10E5200081FD0A2E06D003D8731E012B0CD801E002
:10E53000412E09D1364B93F94830002B52DD354B33
:10E5400093F90030002B4FDD062E05F1010108F193
:10E55000FF321FD010D8022E18D005D8012E45D179
:10E560006846FEF757FC37E0032E0DD0042E3DD150
:10E570006846FDF773FF2FE0082E16D00ED30A2E43
:10E5800027D0412E25D031E0002530E06846FFF746
:10E5900023FA21E06846FFF771FE1DE0FDF7DCFB82
:10E5A000C5B225BBFFF7F4FB21E042F20403FB5C9C
:10E5B000022B18BF30251AD16846FEF7AFFF009B2B
:10E5C0001B1BA4F802380546002814BF08260226A3
:10E5D0000DE06846FFF75CFC009B1B1B0546A4F89A
:10E5E000023804E0322502E0342500E00125002055
:10E5F000FCF740FF42F20403FE5415B10023A4F8D7
:10E600000238284604B0BDE8F08100BF58D7FF1F8C
:10E6100070F8FF1FC88CFF1F2DE9F84F334B1B7894
:10E62000022B0E4601D100205CE0314B1D78242DD9
:10E63000994656D02F4B1F689A46002F3DD02E4B3F
:10E640001C68BC42984609DA51B12C4B1D7885B143
:10E65000A9428CBF002501255DB103E0012501E041
:10E660000D4606E02CB1013C4FF4007394FBF3F42B
:10E6700064023F1BB7F5007FA8BF4FF400771FFA75
:10E6800087FB594601F040F81D4B18685946204455
:10E6900001F048F8002DC6D1184B3C441E70C8F854
:10E6A0000040E9F73DFFD8F80020DAF800309A4240
:10E6B000B9DBF72389F8003013E0124B1B7813B94C
:10E6C000114B1B6843B10E4B002118684FF4546284
:10E6D00004F004FC232005E00120EAF713FB2A20C4
:10E6E00000E0284600B2BDE8F88F00BFB4D5FF1F98
:10E6F00025C7FF1F04C8FF1F68ADFF1FAED5FF1F52
:10E70000A88CFF1F50C7FF1F9CC7FF1F2DE9F04FAC
:10E71000A2F10A06F62EADF54D7D81461D4601D9C2
:10E72000002034E28B780F7891F80180CC78019347
:10E730000A3132464CA801F0F9FC48464CA9FCF7D6
:10E74000CDFD8346002800F01F82BE4B0422E42F3B
:10E750001A60994640F03981BB4B93F800A0BAF19A
:10E76000000F40F03281B94B4CA8C3F800A0EEF77F
:10E77000D3F941225146B64804F0B0FBB549B4483C
:10E78000FBF746FDB448EEF7A1F9B44B00F11402D3
:10E7900050F8041B43F8041B9042F9D102781A7018
:10E7A000AB49012341228CA8C9F8003001F0BEFC1E
:10E7B000A74A0DF239130DF2591153F8040B42F820
:10E7C000040B8B42F9D1A64BA148A6499DF85A717A
:10E7D00001221A70E5F79CFC0646002840F0F38001
:10E7E00014A8E3F761F8202214A89E49E3F786F8FD
:10E7F00014A89C49E3F7A3F8E5F7EEFC9A4BF62240
:10E800001A709946B8F1000F00F0D680B8F1020FE7
:10E8100000F2BA81002C31464FF021020BA818BF3C
:10E82000022404F05BFB0DF25B130DF12D020DF2DF
:10E830007B119A4653F8040B42F8040B8B42F9D132
:10E84000019B834E03F1010B5FFA8BFB30460021E5
:10E85000412204F043FBBBF1060F13D1B8F1020FC4
:10E8600001D18248DBE0824E8CA93522306804F069
:10E870001AFB316850463531E6F7E0FC306840F26B
:10E88000F54196E0BBF1010F02D0BBF1040F06D1B8
:10E8900004200BA98022E6F7BFFD202617E0BBF17C
:10E8A000020F02D0BBF1030F0DD158460BA98022F5
:10E8B000E6F7B2FD701C3146402204F0F4FA04235E
:10E8C0003370412603E0E9F72BFE26205FE10DF2CD
:10E8D00065205F49324601F029FCB8F1020F65D18D
:10E8E000572F06D1634BDA78572A02D10022DA700B
:10E8F00044E1E9F7BEFD0228804600F05281022083
:10E90000FCF7B8FDB8F1010F05D144F63820FCF74B
:10E9100069FE804634E030A8E2F7C6FF06F1200227
:10E9200030A85146E2F7EAFF30A803A9E3F707F859
:10E93000514B9DF80C201B78092B14BF0623032391
:10E94000B2FBF3F103FB1122511C9DF81B20B2FB1B
:10E95000F3F003FB10229DF82B00B0FBF3FE03FB4A
:10E960001E0301320133C9B2D2B244F63820DBB201
:10E97000FCF7A2FE00218046202203A804F0AEFA94
:10E9800018F1020F04D1002389F80030272006E196
:10E99000B8F1010F00F30081B8F1000FC0F2FE8062
:10E9A00040F0FF8089F800803A20F8E08CA806F15A
:10E9B00035012246002303E08CA835212246434638
:10E9C000E9F7C8FDDAE02720E1E031464CA8E7F797
:10E9D000E9FC061E13DA294B1B68002B40F0CE80A1
:10E9E000194B1B78002B40F0C9801F4B1B78242B40
:10E9F00000F0C4800123C9F8003021480FE0F32F54
:10EA0000114B0FD11B780122C9F80020002B40F0D8
:10EA1000B5801A4B1B68002B40F0B0801948E9F70D
:10EA2000B5FFABE01B78002B40F0A880BBF1010FD5
:10EA30002CDCB8F1800F29D00123C9F8003012482E
:10EA4000EDE700BF28C7FF1F50C7FF1F98C7FF1F74
:10EA50004C96FF1FAC92FF1F743A02006C96FF1F8A
:10EA6000FC91FF1FB7F9FF1F25C7FF1FE5700200CC
:10EA7000A88CFF1FE5ACFF1FB78CFF1F04C8FF1F4A
:10EA80001A710200EB3A02003E7102004F4A1378FD
:10EA90009346ABB9F02F147001D0ED2F0DD14C4B34
:10EAA0004FF454621868002104F018FA494A002310
:10EAB0001360494A1360494A13700DF5987A3CE097
:10EAC0009C42FAD82CE646480021402204F006FA7F
:10EAD000382E434B34DD5246D91D0AF1380052F826
:10EAE00004EB41F804EB8242F9D112780A70DFF8A6
:10EAF000F0C0009304226046FF2104F0EFF9009B70
:10EB0000FF221F7183F805809A71019B13B1392E82
:10EB1000D8BF8671F02F1BD1324B31488BF80040A3
:10EB200080221A70304B00221A600123C9F800308D
:10EB3000E6F79CFF393E0AF1390A002EC3DC18E0E3
:10EB4000D81D51463246009301F0F0FA009BCEE703
:10EB5000ED2FEFD1234B22488BF80040D5221A70BD
:10EB6000214B00221A600123C9F80030E6F73CFE71
:10EB7000E0E7019B13B100238BF8003028462146C3
:10EB8000FFF74AFD40B20AE0E9F7CAFC182000B2DC
:10EB90000DF54D7DBDE8F08F212000E02D2080B2E5
:10EBA000F5E7572F01D1114BDF708CAB06F1350122
:10EBB00019440DF27B10E5F7ABFA034600287FF409
:10EBC00002AF8CA806F155012246F9E6B6F9FF1FFF
:10EBD000A88CFF1F04C8FF1F68ADFF1FAED5FF1F25
:10EBE00058C7FF1F26C7FF1F98C7FF1FE5ACFF1FB1
:10EBF0000148E2F759BE00BF80FAFF1F10B5044676
:10EC000021464022054804F04EF904F14001044831
:10EC10002022BDE8104004F046B900BFD7F9FF1F1D
:10EC200037FAFF1F03460A4601481946E2F766BE57
:10EC300080FAFF1F01460148E2F781BE80FAFF1FFC
:10EC400030B591B004460D4668460021402204F0DC
:10EC500045F934B1012C1DD0402D04D9012004F018
:10EC6000C9F80D4C2025214668462A4601F05EFA77
:10EC700000241DF8043083F036030DF8043001340D
:10EC8000402CF6D1FFF7B4FF68462146FFF7CAFFD4
:10EC900011B030BD014CE5E7D7F9FF1F37FAFF1F70
:10ECA00070B5044690B010460E461546FFF7C2FFF9
:10ECB00068460021402204F011F934B1022C24D01E
:10ECC000402E04D9012004F095F8114C202621464D
:10ECD0006846324601F02AFA00241DF8043083F019
:10ECE0005C030DF804300134402CF6D1FFF780FFAF
:10ECF00068462146FFF796FF28462021FFF792FF3E
:10ED00002846FFF797FF10B070BD024CDEE700BF4A
:10ED1000D7F9FF1F37FAFF1F08B50448F6F79EFE24
:10ED2000F6F7A2FE024B186008BD00BF6DB70100E8
:10ED30007CFAFF1F034B044A1A60044B20221A601E
:10ED4000704700BFF0FAFF1FCC8CFF1F58FAFF1F5F
:10ED500070B5C4B006460D4614460021882222A88C
:10ED600004F0BCF80E4B22930E4B23930E4B2493CE
:10ED7000402325932023269302AB27930B4B00942B
:10ED80001B6801930A4B314618682A4622ABF6F7F6
:10ED9000B6FF10B9012004F02DF844B070BD00BFDB
:10EDA000C9B20100CFB20100D5B201007CFAFF1F49
:10EDB000F0FAFF1F2DE9F041069C074600200E46A1
:10EDC0001546014622469846FFF73AFF3846314637
:10EDD000FFF728FF28460A4D4146FFF723FF284644
:10EDE0002021FFF71FFF002001462246FFF758FFB2
:10EDF000204605F120012022BDE8F041EDF744BE98
:10EE0000D7F9FF1F13B5054C0094FFF7D3FF044B50
:10EE10001C60044B20221A6002B010BD17FAFF1FBD
:10EE2000F0FAFF1F58FAFF1FF0B59BB0164602AC70
:10EE300000221F4600941346FFF7BCFF002140222A
:10EE40000AA804F04BF8104B20461A680AA9F6F7F6
:10EE500016FF0AAD324612AE2C4603CCB442106007
:10EE60005160254602F10802F6D134463B461AAD00
:10EE7000224603CAAA4218605960144603F10803E7
:10EE8000F6D11BB0F0BD00BF7CFAFF1F30B58BB0D0
:10EE9000154602AC002213460094FFF78BFF28466C
:10EEA0002146F4F7C7FE0BB030BDFFFF13B50022BB
:10EEB000054C00941346FFF77DFF044B1C60044B88
:10EEC00020221A6002B010BD5CFAFF1FF0FAFF1F8B
:10EED00058FAFF1F2DE9F04F95B002AFB1F5007F52
:10EEE00086460C4693461E46D7F87090E84602D8F0
:10EEF000B3F5007F05D948460021402203F0EEFF1C
:10EF00001FE001EB030A0AF1070323F00703ADEB4F
:10EF1000030D02AD71462246284601F007F9281973
:10EF20000A4C3246594601F001F9381D2168F4F7C0
:10EF300081FECDF800A0484621683A1D2B46F4F723
:10EF4000F5FD4C37C546BD46BDE8F08FF0FAFF1F12
:10EF5000014B1A68F6F793BE7CFAFF1F08B5054B04
:10EF60001B68F6F7C5FD012802D0012003F042FF1F
:10EF700008BD00BF7CFAFF1F70B591F8CE30FF2BA3
:10EF800088B005460C4601D0002029E001F1220698
:10EF900030462021FCF7EAFB0128F5D16B78D3B18C
:10EFA000FFF726FE696CA81CFFF73CFE6846FFF7DA
:10EFB00041FEFFF71DFE68461021FFF733FE0021DA
:10EFC0002022684603F08AFF30462021FFF72AFE00
:10EFD000A01CFFF72FFEFF230120636484F8CE00FE
:10EFE00008B070BD10B5044621460448D02203F095
:10EFF0005AFF2046BDE81040FCF7ACBA70F8FF1F7E
:10F0000010B50378E8B00446DBB134A8FCF790FAF9
:10F010006846FCF78DFA94F8CE30FF2B07D134A860
:10F020006946FFF7A9FF10B16846FFF7DBFF002133
:10F03000D022684603F052FF34A80021D02203F00A
:10F040004DFF68B010BDFFFF10B500230A4A18211C
:10F0500001FB03210C7C4CB901230B74074B0860A6
:10F060001A680023C1E90223204603E00133092B7B
:10F07000ECD1FF2040B210BD10FBFF1F8CFDFF1F25
:10F0800010B5002318210A4C59430A59824209D16C
:10F09000084B1A6821440023C1E9022301230B74A1
:10F0A000002003E00133092BECD1FF2040B210BD5A
:10F0B00010FBFF1F8CFDFF1F10B50023182207490E
:10F0C0005A435458844203D10A440020107403E088
:10F0D0000133092BF2D1FF2040B210BD10FBFF1FFE
:10F0E000044A00231380044A1360044A1360044A4C
:10F0F0001360704704FBFF1F00FBFF1F5CFCFF1F3A
:10F1000058FCFF1F044B188828B1044B1B6883422E
:10F1100014BF01200220704704FBFF1F00FBFF1FEC
:10F12000F8B5044617460E4609B1002536E0C36817
:10F130007BB903696BB9211D0422153003F0B3FEBE
:10F140002378E26863762389E376190A0732A17689
:10F15000E260E268002A3EDDA01815300021C2F10D
:10F16000400203F0BBFE04F11500BDE8F840FCF7D7
:10F17000C9B9E368ABB1E1684B1CE3602144725D3F
:10F180004A752269402B02F10102226105D104F186
:10F190001500FCF7B7F90023E3600135BD42E8DB59
:10F1A00019E0042204F11500211D03F07CFEE36840
:10F1B0001A1DE26022693AB9227862762289E276E3
:10F1C000110AA176073304E0217D61764A1C22757D
:10F1D0000533E360CFE7F8BD10B598B004468DF86D
:10F1E000071002A80021582203F078FEBF23012255
:10F1F00002A80DF107018DF80830ADF81020039436
:10F20000FFF78EFF002102A80A46FFF789FF18B01A
:10F2100010BDFFFF024B00221A60FFF761BF00BF65
:10F2200060FCFF1F38B5134C04F1F005237AEBB1F5
:10F23000114BD4E900011A680023121A63EB010391
:10F2400040F2ED200021994208BF90420ED254F8BE
:10F25000080C0521FFF7C0FF084A0023237212683B
:10F2600054F8083C934201D1FFF73AFF1834AC42FE
:10F27000DCD138BD18FBFF1F8CFDFF1F58FCFF1FA2
:10F2800000B599B000218DF80700582202A803F0BC
:10F2900025FE0B4B1B6803930122BB2302A80DF133
:10F2A00007018DF80830ADF81020FFF739FF002175
:10F2B00002A80A46FFF734FF19B05DF804FB00BF4F
:10F2C00058FCFF1F38B514460846FEF7E3FC2378C8
:10F2D000E02B0FD0E12B27D11449042222810025F5
:10F2E00020460A704D708D70CD70FFF719FF2046D3
:10F2F000294614E00D4B1B7803B939232381228959
:10F300000A48002103F0EAFD21890848FCF72EFA9B
:10F31000204606492289FFF703FF204600210A46BE
:10F32000FFF7FEFE012038BD002038BD6CADFF1F89
:10F330002DE9F04702790568862AADF6180D0646D4
:10F340005FD14279837943EA0223082B03D0032655
:10F350000024374699E0002D7ED0FFF75BFF34682C
:10F36000601C0ED1A54B1F680137791E033107F1D0
:10F37000010201D91746F8E738461F60FFF764FE1F
:10F380000FE000239E4A9A58A24206D01833D82B89
:10F39000F8D12046FFF758FE02E02046FFF770FE46
:10F3A000274601305AD005A80021582203F096FDC7
:10F3B0004FF011088623F11D6846082206948DF847
:10F3C0001430ADF81C8003F06EFD022300248DF88C
:10F3D0000C3005A80523694642468DF81030029787
:10F3E0008DF80D408DF80E408DF80F40FFF798FE18
:10F3F00005A821462246FFF793FE3846FFF75CFE3C
:10F4000041E0691C2CD000237D495858A8420C4685
:10F410000AD01833D82BF7D1130605D5FFF772FEA3
:10F4200010B92846FFF710FE37680023E258BA42A9
:10F4300003D01833D82BF9D107E0FFF763FE01287A
:10F4400019D1704B1B689F4210D096F90430002BE5
:10F450004FF0000417DA06E02C4602E0002402E038
:10F4600000240B2600E0062603270EE096F9043060
:10F47000002BC0F2E28033791A0600F1E180002807
:10F4800040F0CC80044626460427DFF88481002122
:10F490004046582203F022FD042FC8F8045088F893
:10F4A000006072D0032F09D12846FFF705FE042E15
:10F4B00001D1FFF715FE2846314664E0012F06D141
:10F4C000514B52491A680023C1E900235DE0A6F1BF
:10F4D0008103102B78D8DFE803F00C774D7777099C
:10F4E0007714777777777777771C7D00012003F0A3
:10F4F00081FC47484749A8F808402246FFF710FE1C
:10F5000001E0FCF70BF8002141480A46FFF708FE2E
:10F5100068E084B3DFF8009199F80070002F30D1D3
:10F520004FF0010A05A889F800A0FEF7B3FB2146B9
:10F5300005AA3848FEF7E2FFBDF81638009053449C
:10F540006946A8F808303248C8F80450902352465B
:10F5500088F80030FFF7E4FD05A92D48B1F802282E
:10F56000FFF7DEFD2A4839463A46FFF7D9FD89F80C
:10F57000007037E014B92846032104E0264F3C7898
:10F580002CB128460621FFF727FE002099E0012331
:10F5900005A83B70FEF77EFB1E4805A9FCF75EFB45
:10F5A000BDF816281A48A8F80820832305A988F86A
:10F5B0000030C8F80450FFF7B3FD15482146224635
:10F5C000FFF7AEFD3C700DE0204605A9104AFFF79D
:10F5D00079FE18B1104B00221A7003E02846012171
:10F5E000FFF7FAFD2846FFF767FDFFF779FD0A4BA5
:10F5F0001B78002BC9D1304663E000BFF08CFF1FA1
:10F6000010FBFF1F58FCFF1F8CFDFF1FF8FAFF1FA8
:10F6100000FCFF1F6CADFF1FF4FAFF1F2B4A12689E
:10F6200097423ED12A4A2B49B2F800800A682A4FF5
:10F6300001329A423C680A6020D00024042613E775
:10F640007179B27942EA012241F6B9118A423FF753
:10F650007EAE1F49214892B20A8021490B601B4BA4
:10F66000382A1F601C4B88BF39221A60194B4FF093
:10F67000FF311960F11D03F016FC14E0C4EB080221
:10F6800016483B2A06F10501204404DC03F00BFC7C
:10F69000C7F8008007E03B223B3403F004FC3C60E9
:10F6A00001E00024EFE63068FFF7EAFC00287FF471
:10F6B0001DAF074B1C880A4B1E78FFF723FD07463A
:10F6C000E3E60DF6180DBDE8F08700BF58FCFF1FFC
:10F6D00004FBFF1F5CFCFF1F00FBFF1F6CADFF1F47
:10F6E00008FBFF1F172908B509DD0649042204306D
:10F6F00003F0CAFBD0F1010038BF002008BD002094
:10F7000008BD00BF1C770200034B1860034B0022AA
:10F710001A80034B1980704768FCFF1F64FCFF1FB1
:10F7200066FCFF1F38B50A4C238802460D46581860
:10F7300008490988884209DC0749086811461844C5
:10F740002A4603F0B0FB23881D44258038BD00BF46
:10F7500064FCFF1F66FCFF1F68FCFF1F2DE9F047DC
:10F760001D46ADF5047D01238DF807302B78103B45
:10F770000024012B0F4616468DF806401BD8204664
:10F78000FBF7F8FE82462046FBF7F4FE8146204652
:10F79000FBF7F0FE80462046FBF7ECFE4FEA0A6AD4
:10F7A0004AEA106009F47F4940EA092A08F47F0810
:10F7B0004AEA182301E04FF0206301210DF1070010
:10F7C0000293FCF769F8042102A8FCF765F801210F
:10F7D0000DF10600FCF760F83346384603A92A46C7
:10F7E000FAF73CFD1A4B8DF806001C88B4F5007F33
:10F7F0000DDC3E2C07DD601C03AB18440021C4F572
:10F80000007203F06BFB03A82146FCF745F89DF955
:10F810000630C3B1FCF75EF801210DF10700FCF7DB
:10F820003BF8042102A8FCF737F8002103A840F2B6
:10F83000012203F053FB9DF806308DF80C3003A82D
:10F840004821FCF729F803480DF5047DBDE8F08751
:10F8500066FCFF1F0090FFFF38B50B78422B054672
:10F8600014460CD142F215130D4AD55C2946FFF718
:10F8700039FF98B10020611C0A4A2B4608E0043089
:10F880000949042203F000FB38B9611C2A464623CB
:10F89000FAF7E4FC2070012000E0002000B238BD3F
:10F8A00058D7FF1F6DF7FF1F1C77020070B5437814
:10F8B000022B0D461DD1837891F8406001F141047F
:10F8C000072B2046314608D1FFF70CFF002846F6EB
:10F8D000851008BF4FF4D54070BDFFF703FF78B126
:10F8E000284605F1200132462346BDE87040FFF767
:10F8F00035BF032B07D14AB9BDE87040FCF7A4B867
:10F900004FF4D54070BD4FF4DA4070BD4FF4CE4097
:10F9100070BD00F0DF00402803D0803818BF012000
:10F920007047002070470120704782B00388ADF80F
:10F930000630BDF8060040BA80B202B0704700F051
:10F94000F5BBFF230168426870B583730B689A4268
:10F95000044602D140F2011070BD137803F0E005B7
:10F9600003F01F0385731B2B4FF00000E073A3818E
:10F9700017D91F2B07D040F2051340F20310E02DDA
:10F9800018BF184670BD2846FFF7C3FF10B90423FF
:10F99000E37370BDE02D40F2051008BF4FF4817095
:10F9A00070BD172B04D9A3F11800012606FA00F048
:10F9B00009680130891A8842CCD86D09012D04D11B
:10F9C0000221E1730021A1731DE0072D1BD1143B1F
:10F9D000072B2AD8DFE803F0040B0B0B0E0B0909E9
:10F9E000F5230020A373A08170BD0123E373137876
:10F9F000A3731AE05378A3811F2B16D8FF23A37398
:10FA00004FF4837070BD172B0FD9182B02D1537888
:10FA1000A3810AE0192B04D1501CFFF786FFA081B7
:10FA200003E0E37B43F00103E373002070BD8268D1
:10FA3000531C07D190E80A0009688B4202D019785C
:10FA4000FF2901D0FFF77DBF01334360002382739C
:10FA500083601846704783685A1C05D0827BC02A91
:10FA600002D0013B83600BB1FFF7E1BFFF2282733D
:10FA70001846704708B503F007FAD0F1010038BF07
:10FA8000002008BD2DE9F3411646026813460746DB
:10FA900013F8010B3B6000F01F00172804D8C0B218
:10FAA0000021C6E900012DE01B282DD818384FF0A1
:10FAB000010808FA00F8C91A884528D8B8F1010FDA
:10FAC00001D1547811E0B8F1020F07D11846FFF7C1
:10FAD0002CFF002180B2C6E9000110E0B8F1040F4C
:10FAE00005D118680090009C24BA002505E018682C
:10FAF00059686A4603C20CBA05BAC6E900453B68B4
:10FB000043443B60002004E040F2051001E040F275
:10FB1000011002B0BDE8F08113B50368044619680E
:10FB200004306A46FFF7AEFFA37B03F0DF03402BF0
:10FB300004D1DDE9002361680A4462602046FFF7D2
:10FB40008AFF02B010BD2DE9F0439046C27B12F04F
:10FB5000020F894685B0034602F0040101D039B98D
:10FB600013E029B1416842F0020201314160C273E1
:10FB700093E8060009688A4202D140F201103EE093
:10FB80001078FF280AD101325A600022C9F80020FB
:10FB90001846C8F80020FFF75EFF30E09A7B00F0BF
:10FBA000E000824218BF4FF4827028D1181D02AACB
:10FBB0000193FFF767FF019B18B10023C8F80030DD
:10FBC0001DE0DDE9024500272646BD4208BFB442DC
:10FBD000C8F8004002D04FF4806010E01C685968FB
:10FBE0002468D8F80020641AA242C6D8C9F80010C8
:10FBF00059680A445A60DA7B42F00202DA7305B0AF
:10FC0000BDE8F0832DE9F04786B089460E9DDDF80A
:10FC10003C8017461E4605B902AD0FC885E80F00A7
:10FC20000123337000242846694601AAFFF78BFFA1
:10FC300058BB0099B9B1019A14EB020A10D233787B
:10FC400053B13B68534507D309EB0400C04700306C
:10FC500018BF0120307001E0002333705446E2E702
:10FC60004FF4806011E033786BB13B68A3420AD94E
:10FC70008DF8041009EB040001A90122C0470030EF
:10FC800018BF012030703C60002006B0BDE8F0874E
:10FC9000436813F8012BD20782B005D4186800908E
:10FCA0000098002100BA06E0596818686A4603C245
:10FCB000009B08BA19BA02B070472DE9F041064618
:10FCC000884617461846002108221D46069C03F068
:10FCD00005F906EB080385E88800012384E8600045
:10FCE000A3602046BDE8F041FFF72BBE836800B556
:10FCF0001BB15DF804EBFFF70FBF03205DF804FBB9
:10FD000010B50446A37BC02B05D12046FFF7EEFFBC
:10FD10000028F7D000E0002010BDF7B507460E46DA
:10FD20000FC886E80F00FB7B5B0705D54FF0FF335C
:10FD30000131B360716026E003466A461968301DE0
:10FD4000FFF7A0FEDDE9004500232246AB4208BFD5
:10FD5000A242B46004D1002B08BFB2F1FF3F04D12E
:10FD60007B6873604FF4806010E0B17BA02903D101
:10FD7000002CF5DB6100B16052EA030103D1FF23DF
:10FD8000B373002002E03046FFF751FE03B0F0BD30
:10FD90004B684360FFF75FBE70B5C37BDB0704466B
:10FDA0000D4602D5FFF774FF01E080890021E47B56
:10FDB00004F002046FF0004200233CB18B4208BF04
:10FDC000824207D3C0432860002070BD8B4208BF29
:10FDD0008242F8D24FF4806070BDFFFF30B50B4C0B
:10FDE0000B4D85B0002908BF2C468DE818000DF199
:10FDF0000F03FFF707FF30B99DF80F30002B0CBF42
:10FE00004FF00040002005B030BD00BF3FF90100B9
:10FE100027F901007FB5867B044630460D46FFF783
:10FE200078FD18B12046FFF777FE25E006F0DF01E8
:10FE3000B1F180035942594151B904AA4FF0FF333F
:10FE400042F8103D20466A462346FFF7C7FF13E0FD
:10FE500085B120466946FFF760FF68B9029B23B170
:10FE60006846691EFFF7D6FFF7E720466946FFF7A9
:10FE70008FFF01E040F2014004B070BD83681BB108
:10FE80004FF48061FFF7C6BF032070474FF0FF3388
:10FE90000B600A4600210B46FFF7A0BFF0B50746EE
:10FEA00085B008460D46144603F087FA21460646FB
:10FEB0003846FFF732FF60BBA36833B32046FFF735
:10FEC0001FFF30BBA37B602B13D104AA134B42F856
:10FED000046D20460193009429460DF10B03FFF7B2
:10FEE00091FEB0B99DF80B303BB12046FFF729FDDC
:10FEF00011E02046FFF7C2FF58B92046FFF700FF88
:10FF000038B92046FFF7BAFFD5E7FF22A27318469B
:10FF100001E0FF23A37305B0F0BD00BF75FA010037
:10FF200070B5044609C81E1AB61A002E15460BDA1B
:10FF300023B1C01A002305446360236023681D4475
:10FF400025604FF0004070BD00F0F0F823681D44BC
:10FF50002560002070BD7FB5002B08BF182A1CBA91
:10FF600015BA9DF82060CDE902450DF10F0105D2CB
:10FF70009DF80F301E448DF80F6015E0002B08BF70
:10FF8000B2F5807F16D3002B08BFB2F5803F13D3A4
:10FF9000012B08BF002A2CBF0323022301229A4011
:10FFA000891A183633440B7004AB5A1AFFF7B8FF9E
:10FFB00004B070BD0023F1E70123EFE710B58168BD
:10FFC0009DF8084009B1013981600294BDE81040F4
:10FFD000FFF7C1BF1FB5044608462168016061688C
:10FFE0004160A16809B10139A16003F02001541CEE
:10FFF000C9B2B2F1FF3F8460C1600AD141F004018F
:020000022000DC
:10000000C16004A91F3301F8013D0122FFF788FFF9
:1000100006E009B11444846000930023FFF79BFFBE
:1000200004B010BD0A444260022201608260C360D5
:10003000704707B500210091FFF7C0FF03B05DF8DE
:1000400004FB37B5DC1704F02001009162406340E7
:10005000FFF7B4FF03B030BDA1F11903062B07B5BC
:1000600006D9E0230093CAB20023FFF7A7FF01E0FF
:100070004FF4837003B05DF804FB73B5402314465E
:1000800000932246002305460E46FFF797FF2846B9
:100090003146224602B0BDE87040FFF741BF73B55C
:1000A0006023144600932246002305460E46FFF7C0
:1000B00085FF28463146224602B0BDE87040FFF772
:1000C0002FBF8023FFF786BF064B10B502F1004417
:1000D0009C4204D9A023BDE81040FFF77BBF4FF43A
:1000E000806010BDFEFFFF7F07B50B680360CA6824
:1000F0004B684360520707D502A9FF2301F8013D71
:100100000122FFF70DFF0EE08A68012A06D0002ABF
:1001100040F2013008BF4FF4407004E0002B14BFE0
:1001200000204FF0004003B05DF804FB844641EA34
:10013000000313F003036DD1403A41D351F8043B5F
:1001400040F8043B51F8043B40F8043B51F8043BB1
:1001500040F8043B51F8043B40F8043B51F8043BA1
:1001600040F8043B51F8043B40F8043B51F8043B91
:1001700040F8043B51F8043B40F8043B51F8043B81
:1001800040F8043B51F8043B40F8043B51F8043B71
:1001900040F8043B51F8043B40F8043B51F8043B61
:1001A00040F8043B51F8043B40F8043B51F8043B51
:1001B00040F8043B51F8043B40F8043B403ABDD2C0
:1001C000303211D351F8043B40F8043B51F8043B62
:1001D00040F8043B51F8043B40F8043B51F8043B21
:1001E00040F8043B103AEDD20C3205D351F8043BF1
:1001F00040F8043B043AF9D2043208D0D2071CBFBD
:1002000011F8013B00F8013B01D30B8803806046E5
:10021000704700BF082A13D38B078DD010F003035B
:100220008AD0C3F10403D21ADB071CBF11F8013BCB
:1002300000F8013B80D331F8023B20F8023B7BE71A
:10024000043AD9D3013A11F8013B00F8013BF9D245
:100250000B7803704B7843708B78837060467047DF
:10026000F0B50C4B0C4C1A7842F0020504EBC506B5
:1002700082F00102706009481A700678002E0CBFE7
:100280008827C82786F0010647EA0141067044F82E
:100290003510F0BDF0FCFF1F0080FF1F89FDFF1F20
:1002A0002DE9F0413E4C04F1E0062546236A1B0689
:1002B00003D5606A083801F0F9FC0834B442F5D17E
:1002C00000242646374FE05928B1D0F8048001F0C9
:1002D000EDFC4046F8E73851334B344FE050E059DD
:1002E00028B1D0F8048001F0E1FC4046F8E7304B3B
:1002F0003851E0502F4B23F816002F4BF25C023A96
:10030000032A07D8DFE802F002040204002200E01A
:1003100001229A550136072E04F10404D2D1274F49
:1003200000233B700124264A264B2244234412F822
:10033000012C9B0012F0080F1A704FEA840621D09E
:1003400001F096FC38B105EB4413083058601E4BA1
:1003500045F8363004E03B7845F8360001333B7011
:1003600001F086FC46F0010338B105EBC30208300A
:100370005060164A45F8332004E045F833003B78D6
:1003800001333B7046F00202013446F003060023BD
:10039000082C45F8323045F83630C4D1BDE8F0813C
:1003A0000080FF1FD4FCFF1F70FCFF1F34FDFF1FE8
:1003B00054FDFF1FCCFFFF1F8CFCFF1F7FFDFF1FA5
:1003C0002177020030C8011088004000C8004000BA
:1003D000431E062B10B510D872B6094A52F82300F6
:1003E00048B1416842F82310064A018832F81340A8
:1003F000611A22F8131062B610BD002010BD00BFB4
:10040000D4FCFF1FCCFFFF1F013806280AD872B6A4
:10041000054B53F82030002013B101305B68FBE737
:1004200062B670470020704734FDFF1F10B572B6EA
:100430000123174A1A4412F8012C12071CD59900FF
:10044000144A52F831402CB902EB4313083058607B
:10045000114B09E041F0010152F8314064B902EB5F
:10046000C103083058600D4B42F831300C4B1A78FC
:10047000013A1A7062B610BD0133082BD9D162B6A9
:10048000074B00221A70BDE8104001F00FBC00BFFE
:10049000217702000080FF1F88004000C800400054
:1004A0007FFDFF1F431E062B30B532D8194A40018D
:1004B00040F01000104472B6174CE25C032A09D8D1
:1004C000DFE802F0160218050830022213E00830B7
:1004D000042210E01148124A50F8234014B940F8A1
:1004E000231002E052F82300416042F823100FE08D
:1004F000032200E00522E25410F0080F01F1080386
:100500000A8843600CBF8823C82343EA0243036080
:1005100062B630BD0080FF1F8CFCFF1F34FDFF1F43
:1005200054FDFF1F2DE9F047AB4E3478E4B214F0D0
:10053000040F354619D0A94B1B78A3B1A84A1178EE
:1005400001F0FF0321B1013BDBB2137003B900BE20
:10055000A44A117801F0FF0329B1013BDBB213700B
:100560000BB901F0FDFA0423337004F0080303F023
:10057000FF02002B00F094839B4B9C4C1A78D2B264
:1005800015094FEA920740F0108354F8372004EB26
:10059000C703C2F38302013A5B680C2A00F20283AC
:1005A000DFE812F058028C0200030003000300038E
:1005B00000030003DC020003000300030D001A68BF
:1005C0008B4D5B682A6012066B6013D4EB888BB18D
:1005D000884B87F0010707F001071F70864B44F82E
:1005E000373087F00107403B44F83730834B012216
:1005F0001A7002E0804B44F83730814A814F7C49C1
:10060000012010702A8840F2816C002362453B6013
:100610002361A3611ED8B2F5D06F80F03081B2F5AE
:10062000817F00F0098106D8802A00F0C180822AEB
:1006300000F0C280DDE140F20230824200F00D8124
:10064000B2F5A06F00F0D98140F2A1118A4200F00A
:100650003A81CEE140F6211C624500F02A810ED895
:10066000B2F5086F00F09E80B2F5106F40F0C181C6
:100670005A4B5E4F8A781A7007F1E0080AE040F69C
:1006800021239A4200F0B98140F621339A4200F0CA
:10069000B481AEE13B6A1B0603D5786A083801F0E5
:1006A00005FB08374745F5D10027B846DFF88091AC
:1006B00057F8090028B1D0F804A001F0F7FA504625
:1006C000F8E749F80700504BDFF86891F85057F801
:1006D000090028B1D0F804A001F0E8FA5046F8E784
:1006E0004A4B49F80700F850494B23F81800494B8A
:1006F00018F80320023A032A08D8DFE802F00204BF
:100700000204002200E0012203F8082008F1010899
:10071000B8F1070F07F10407C8D13F4B00221A7048
:10072000012799463D4A3E4B3A443B4412F8012C7E
:100730009B0012F0080F1A704FEA870825D001F0CD
:1007400097FA38B104EB471308305860354B44F83A
:10075000383006E099F8003044F83800013389F861
:10076000003001F085FA48F0010338B104EBC30210
:1007700008305060204A44F8332006E044F8330043
:1007800099F80030013389F8003048F0020201374F
:1007900048F003080023082F44F8323044F838307A
:1007A000C0D12AE10D4B204C1B78237003462AE16F
:1007B0001D4C2370637023E18A88072A00F2198197
:1007C000194C920023706370184B9B5C9F0740F19B
:1007D0001781207014E100BF8020074088FDFF1FB3
:1007E000F1FCFF1FA0FFFF1F902007400080FF1FAC
:1007F00070FDFF1F7EFDFF1FC800400078FDFF1F3A
:1008000089FDFF1F50FDFF1F70FCFF1F54FDFF1FE0
:10081000CCFFFF1F8CFCFF1F7FFDFF1F2177020015
:1008200030C801108800400080FDFF1FC020074035
:10083000D4FCFF1F34FDFF1F8A8802F07F02072AC5
:1008400000F3D7804B88002B40F0D3809100A14A61
:100850000A44117821F002010FE08A8802F07F0239
:10086000072A00F3C6804B88002B40F0C28091001D
:10087000984A0A44117841F002011170BEE04A889A
:10088000954B898853F8084CA3F10C00002C00F01C
:10089000B08033F80C7C974209D133F80A7C8F4240
:1008A00005D1120A032A0CBF23780389ABE00C336D
:1008B000E8E7CA88002A00F0A080884A3A60884A9F
:1008C000082111809AE08549C879A0F18002D4B24C
:1008D000092C8E460FD8C2EBC202824C1EF8037060
:1008E0001444E7540133072BF7D100F17F03DBB247
:1008F000072B02D921E08F28F7D17B4B7B4C0222BA
:100900005A709A700322DA705A71794A24781278F0
:100910009A718F284FF000021C71DA711A7204D09C
:100920000023CB71704C08236DE013466D4A002004
:1009300098540133502BF9D1F2E74C78674B6A4A4F
:10094000102C16D19F786B2F13D1DF785B2F10D12D
:10095000BF2191709121D170ED211171452151710B
:10096000C02000215470D9719171D07108231446B0
:1009700049E0D3795C4CA02B30D9237A5948432BDA
:1009800001D0A92B13D10223537093700323D3708A
:100990005371574B55481B78937100230078D371DE
:1009A00013728F23CB71107108234E4C2BE03BB197
:1009B0000133DBB2237203F00F0300EBC30421E029
:1009C00090F84F30C92B01D1A02303E0C37FC32B84
:1009D00018D1402323720823044614E0892811D13A
:1009E000A37903F0FD03052B0CD10123E0710B72F9
:1009F00008E0384B0F221A7029E000231C4602E061
:100A0000022300E00823EF88BB4238BF1F46402F77
:100A100034BF3D46402520462946FFF721FC7F1B79
:100A20002C4403D1402D12D13D4603E0402F34BF6A
:100A30003D46402520462946FFF712FC7F1B2C44EB
:100A400001D1402D03D12B4B2B4A1C601780012272
:100A50002A4BA6E02A4D286800287BD0294F3A78F7
:100A600004EBC20354F83210D3F80480C1F30741F9
:100A700000235FFA83FC614505D018F803C000F835
:100A800003C00133F5E7204BDFF88C8093F800C0FA
:100A9000DFF88890BCF1000F08BFC8468CF0010C4D
:100AA00083F800C00E4B44F8328082F001023A70A5
:100AB0001A880844511A2860198073E0134A1448B0
:100AC000116881422CD15268B2F5803F42D11A7828
:100AD000104B3AE0C020074034770200A3C7FF1F45
:100AE0007CFDFF1F35D6FF1FAE8CFF1FAC8CFF1F98
:100AF000AD8CFF1F6CFCFF1F7AFDFF1F9420074089
:100B000050FDFF1F7EFDFF1F78FDFF1F70FDFF1FC3
:100B10002109000290FFFF1FC8004000880040002C
:100B20007B48814216D151687A4A914212D11A7893
:100B3000A92A0FD15A78452A0CD19A78C22A09D10C
:100B4000DB786B2B06D1744B052200201A7001460E
:100B5000FFF786FB714B44F8373023E0704F3D6858
:100B6000B5B1DFF80482B8F80090B9F1400F34BF96
:100B70004C46402428462146FFF772FBC4EB09038C
:100B80009BB2A8F800300BB9402C00D12B193B6068
:100B9000644B1A88B2F5A06F04D100225A709A787B
:100BA000614B1A700122614B6DE0B84604EBC70738
:100BB000013D7B6802F00802A3F10800EDB202F0EB
:100BC000FF01002A36D001F071F85948594B50F80E
:100BD0002520EAB1516840F8251002F1080179603A
:100BE000595D03290BD8DFE801F002040608032150
:100BF00004E0022102E0052100E00421595517F02C
:100C0000080F12880CBF8823C82343EA024342E03E
:100C10005A5D032A07D8DFE802F0404002040022B0
:100C200006E0012204E017F0080F0CBF02220322A5
:100C30005A5532E054F83820120C23F8082C22B30D
:100C4000DFF828E123F8061C43F8041C5EF8253081
:100C5000394913B94EF8250002E051F825305860A3
:100C6000364B41F8250033F815100A4423F81520B7
:100C700000F0FEFF10B10830786006E0304B44F819
:100C800038001A7801321A7007E0244B2D4A17F009
:100C9000080F08BF134644F838300823337043E484
:100CA000E0071FD521492748274C02230B70274B0B
:100CB0001A70274B186098602648D8601A619A61AC
:100CC0005C60254B0D2018702448FF2303702B70A7
:100CD0000274234A1370234B9F221A7001230B7056
:100CE000BDE8F087210604D51B4B0D221A70802326
:100CF0002B70A20705D5194B1A78D2B21A700223AD
:100D00002B70E30644BF10232B70BDE8F08700BFB3
:100D10002109000303000400F1FCFF1FC80040008C
:100D20006CFCFF1F70FDFF1F9820074094200740B8
:100D300034FDFF1F8CFCFF1F70FCFF1FCCFFFF1F4B
:100D40007FFDFF1F8800400094FCFF1FF0FCFF1F89
:100D50000080FF1FF4FCFF1FC020074088200740D1
:100D60008C200740842007407AFDFF1FD4FCFF1F22
:100D700008B500F03DF800221A4B0021D150981818
:100D80000832E82A4160F7D1174A106840F4802001
:100D9000106002F528326832C3F307201070C3F3E5
:100DA00007401B0E10751376FF2302F81C3C02F857
:100DB000143C02F88C3C012302F8083C82F86410D1
:100DC00002F8183C094B70226FF450711A700B44F2
:100DD0004FF400721A6003F1C04303F5C8231022D8
:100DE0001A7008BD0080FF1F3480044049E400E011
:100DF0001FB501AC094821460A2200F093FA0023EE
:100E0000E15C074A29B102EB430001330A2B418020
:100E1000F6D101335B00137004B010BD00CA9A3BD9
:100E2000668EFF1F044B054900221A600A60044ABF
:100E3000106010221A60704714D0034004D00340A1
:100E400000D00340212810B518D80D4A52F8303090
:100E500093F880423CB1012211B183F8802010BD8B
:100E600083F8002110BD02EBC00043681A6811B17D
:100E700042F0030201E022F002021A6010BD00BF3E
:100E8000F4770200212806D8044B53F8303093F849
:100E90000002C0B270470020704700BFF477020024
:100EA000212816D80B4A02EBC00301295B6852F8CF
:100EB000302004D182F880124FF4A27208E00020A2
:100EC00082F8800211B94FF4807201E040F20312FF
:100ED0001A607047F4770200282838B5604A044643
:100EE0000B4611D112780B2A04D8C2F10C0201FA78
:100EF00002F304E00C2A1CBF0C3A41FA02F3184634
:100F0000BDE8384001F05CB811780125002B05FAE6
:100F100001F2D8BF002102DD934205D32946FFF735
:100F200091FF2046294697E00338C2B2012A01D832
:100F30004C4A06E0202C01D0192C01D14A4A00E08D
:100F40004A4A126802FB0332CA401D287BD8DFE8F8
:100F500000F0575F4E337A7A212A7A7A7A7A7A7A4F
:100F60007A7A7A3C450F187A707A7A7A7A7A7A673E
:100F70003F4B1A6003F5973340F2444203F5FA738E
:100F80005FE03C4B1A6003F5973340F2444203F5AF
:100F9000F87356E0384B1A6003F5973340F2444239
:100FA00003F5F6734DE0354B1A6003F5973340F2C5
:100FB000444203F5F47344E0314B1A6003F59F3368
:100FC00040F2444203F5F0733BE02E4B1A6003F508
:100FD0009F3340F2444203F5EE7332E02A4B1A602D
:100FE00003F59F3340F2444203F5EC7329E0274BAD
:100FF0001A6003F59F3340F2444203F5EA7320E0A0
:10100000234B1A6003F580334FF45172203318E0FC
:10101000204B1A6003F580334FF451721C3310E0FB
:101020001D4B1A60A3F5DB234FF45172A3F5F9634E
:1010300007E01A4B1A60A3F5DB234FF45172A3F2B9
:10104000CC731A6038BD7F2B2046D4BF002101210C
:10105000FFF7F8FE20460121BDE83840FFF720BF2A
:101060007C8EFF1F0890034008800B4008800340DF
:1010700010800340188003402080034028800340F4
:101080003080034038800340408003404880034064
:10109000109003401890034010800B4018800B40C4
:1010A00072B60C4B0C491A680C4B1B68096862B687
:1010B000490102D5322A88BF0133C2F58C3248215A
:1010C00002F23F12B2FBF1F24FF47A7000FB032000
:1010D000704700BF18E000E004ED00E08CFDFF1F4A
:1010E00038B50446FFF7DCFF054624B938BD013C9E
:1010F0000AD005F57A75FFF7D3FF401BB0F57A7F6C
:10110000F5D2DFF7AFF9F6E738BDFFFF1F4B4FF41D
:10111000000210B51A604FF080721A604FF0007232
:101120001A604FF080621A604FF000621A60184B2C
:10113000184A194C002048F6FF711860596028239E
:1011400013609360136193611362936213639363FB
:101150000922226004F58054043420606160A36099
:10116000236144F8042C04F5FE2420600B48016040
:101170000B490B608B600B4B1A6000F02BFEFA20C2
:10118000FFF7AEFFBDE81040FFF7F2BD08E100E059
:10119000048003400C8003400080034008800B4023
:1011A0000C800B4000800B4030B51B4B1B491B785B
:1011B0000C881C2B96BF1A4A002352F823300022B9
:1011C000184850F812500BB1985A00E018460232F5
:1011D0006E2A2880F4D113B1B3F82E2100E01A460C
:1011E0001148028003B90C80098800221BB19818AD
:1011F000B0F86E0000E018460C4C084010531BB1CC
:101200009818B0F82E0100E01846094C0840105319
:101210000232C02AEAD130BDDAFFFF1F7AFFFF1F7A
:1012200044A60200F47A020068FEFF1FA8FDFF1F1B
:1012300076FEFF1F024B1A6801321A60704700BF2A
:101240008CFDFF1F08B50B4C2368580301D5FFF731
:1012500069F92368590501D500F00EF823681A05CD
:1012600001D500F009F82368DB04ECD500F004F8A0
:10127000E9E700BF3480044008B5FFF7E3FFFFFF54
:10128000014B10221A807047002005407047FFFF75
:10129000024A13681844106018467047808EFF1F7A
:1012A000FEE7FEE721282AD8164B1B5CFF2B26D031
:1012B000154A02EBC000002142681160134A106811
:1012C00040F020001060124A01201160114998403E
:1012D0000860114841F8040C10491160F0210139EF
:1012E0007FF4FDAF11688905FCD41822013A7FF420
:1012F000FDAF0B4A1BB232F8130080B270470020DA
:10130000704700BF5EB00200F477020038800440EE
:1013100000500440085004400000020380014A00CD
:101320000051044010B50023B0FBF2F402FB14009E
:10133000092894BF30303730C0B2C85420460CB1B1
:101340000133F1E7CA18547022469A4206DA885CE3
:10135000CC5C8C54C8540132013BF6E7084610BD02
:10136000324B1B88002B5DD018405ED0304B1B8861
:101370001BB1984201D12F4B52E02F4B1B881BB160
:10138000984201D12D4B4BE02D4B1B881BB198424D
:1013900001D12C4B44E02C4B1B881BB1984201D14E
:1013A0002A4B3DE02A4B1B881BB1984201D1294BA7
:1013B00036E0294B1B881BB1984201D1274B2FE007
:1013C000274B1B881BB1984201D1264B28E0264BA6
:1013D0001B881BB1984201D1244B21E0244B1B8870
:1013E0001BB1984201D1234B1AE0234B1B881BB140
:1013F000984201D1214B13E0214B1B881BB198422D
:1014000001D1204B0CE0204B1B881BB1984201D12D
:101410001E4B05E01E4B1B8823B1984204D11D4B87
:101420001888704718467047002070473AFFFF1F22
:1014300070FFFF1F92FDFF1F4AFFFF1F70FEFF1F7F
:1014400042FFFF1F78FFFF1FA0FDFF1F6EFEFF1F63
:1014500072FEFF1F44FFFF1F94FDFF1F76FFFF1F5B
:101460006AFEFF1F36FFFF1F9AFDFF1F40FFFF1F91
:101470003EFFFF1F98FDFF1F38FFFF1FA2FDFF1F4C
:101480006CFEFF1FA4FDFF1FA6FDFF1F9EFDFF1F9B
:1014900096FDFF1F72FFFF1F0C4A0346108818B10C
:1014A00003420CBF00200220094A128822B11342D5
:1014B0001CBF40F04000C0B2064A128822B113425D
:1014C0001CBF40F01000C0B2704700BF9CFDFF1F62
:1014D0007CFFFF1F3CFFFF1F044B1B8800F03F00F9
:1014E00013B1984208BF6420704700BF48FFFF1F38
:1014F0001F28034612D80A2806D13B4B188820F42F
:101500007D6020F0070007E00B286BD1364B188870
:1015100020F47D6020F0040080B270477F2805D859
:10152000A0F12003314A32F813007047304A128884
:1015300042B1A0F1A00291B25F2903D82D4B33F83C
:10154000120070472C4A108818B12C4A12889A420F
:1015500045D02B4A108818B12A4A12889A423ED0A8
:10156000294A108818B1294A12889A4237D0284A45
:10157000108818B1274A12889A4230D0264A10881B
:1015800018B1264A12889A4229D0254A108818B1E3
:10159000244A12889A4222D0234A108818B1234A3A
:1015A00012889A421BD0224A108818B1214A128808
:1015B0009A4214D0204A108818B1204A12889A42C0
:1015C0000DD01F4A108818B11E4A12889A4206D0C0
:1015D0001D4A108838B11D4A12889A4202D1C0F3C0
:1015E0000D007047002070477AFFFF1FA8FDFF1F06
:1015F00068FEFF1F76FEFF1F5AFFFF1F4CFFFF1FF5
:101600005CFFFF1F4EFFFF1F74FEFF1F50FFFF1FF9
:1016100060FFFF1F52FFFF1F62FFFF1F54FFFF1FEE
:1016200064FFFF1F56FFFF1F66FFFF1F58FFFF1FCE
:1016300068FFFF1F7EFFFF1F6AFFFF1F90FDFF1F58
:101640006CFFFF1F5EFFFF1F74FFFF1F6EFFFF1F7A
:1016500010B546F20144174B1B7843B30720FEF741
:10166000D3FE032803D9013C134B18D119E000F035
:10167000FFFA01460028F6D0104B1B780372104B7E
:101680001B7843720F4B1A689B88C3810823C0F8EC
:101690000A2003800720FEF705FF002010BD1A78FE
:1016A00012B101221A7002E0DEF7DCFED3E74FF040
:1016B000FF3010BD88FDFF1F8CFFFF1F8AFFFF1F3B
:1016C0008BFFFF1F84FFFF1F10B50446A1B1134A13
:1016D000137811EA03000ED023EA01011170FFF71D
:1016E000B7FFFFF7B5FFFFF7B3FFFFF7B1FFFFF756
:1016F000AFFF012100E0014654B10023084A985C85
:10170000A04202D10021995401210133062BF5D1C9
:1017100019B1BDE81040FFF79BBF10BD8AFFFF1F46
:1017200084FFFF1F10B50446A1B1164B1A7801EAD9
:10173000020088420DD011431970FFF789FFFFF7AF
:1017400087FFFFF785FFFFF783FFFFF781FF012189
:1017500000E0002184B100230B4A985CA0420BD02A
:101760000133062BF8D10023D05C10B9064AD454BB
:1017700003E00133062BF7D119B1BDE81040FFF7A4
:1017800067BF10BD8AFFFF1F84FFFF1FF8B5030A64
:10179000C12B01460FD9DF2B04D803F01F0363F3DD
:1017A0009F1108E0F02B02D1C0B2002131E0E02B04
:1017B00033D100202CE00846FFF79AFE064660B3BE
:1017C000164B1C88DCB1FFF7CBFD0546B0B1144BBE
:1017D0001C781CB100221A70FFF73AFF2846FFF769
:1017E0005BFE07462846FFF777FE39460546FFF7BA
:1017F00099FF28463946FFF767FF00E00446304668
:10180000FFF74AFE05463046FFF766FE45EA04014B
:10181000C9B2BDE8F840FFF785BFF8BD3AFFFF1F2A
:101820008AFFFF1F0A4B002118781970094B1A789C
:101830001970094B0243991D58780243002003F8A0
:10184000010F8B42F8D10AB1FFF702BF704700BF0A
:101850008AFFFF1F8BFFFF1F83FFFF1F38B50A4C56
:101860000A4D2070002329706370A370E370237108
:101870006371FFF7EDFE28B928702070BDE838408D
:10188000FFF7E6BE38BD00BF84FFFF1F8AFFFF1FC2
:1018900038B50546FFF720FE04462846FFF7FCFD55
:1018A00001462046BDE83840FFF7D8BF10B5FFF726
:1018B0001FFE044660B1074B1B8823B1FFF750FDA4
:1018C00008B1FFF7E5FF2046BDE81040FFF7E0BF95
:1018D00010BD00BF3AFFFF1F10F0800F164B02D162
:1018E00000221A600BE0BF2812D81968012900F005
:1018F0003F0206D100211960104B18881043FFF7F2
:10190000D5BF022916D10D49088840EA821205E0A8
:10191000DF2806D800F01F02084992010A80012240
:1019200007E0EF2804D8054902030A80022200E0FC
:10193000FF221A60704700BF80FFFF1F8EFFFF1F4E
:1019400038B5124B1B78EBB1114C23681BB9022040
:10195000FEF73EFD206020680D4D98B14388C21807
:10196000147A5CB102880133934204D300F09EF9EB
:1019700000232B6000E04380204638BD00F096F93C
:101980002C60DEE74FF0FF3038BD00BF88FDFF1F41
:101990009CFFFF1F10B50D4B1B788BB10C4C2368BF
:1019A0001BB90220FEF714FD2060206840B1438877
:1019B00003441C7A3CB900F079F9054B1C60EAE756
:1019C0004FF0FF3010BD204610BD00BF88FDFF1F47
:1019D0009CFFFF1F38B5104D2B6823B128680024E9
:1019E000028843880FE00D4B1B781BB10220FEF7E5
:1019F000EFFC28602C68002CF0D10BE0C1182144CA
:101A0000097A19B10134E1189142F7DB14B900F0F9
:101A10004DF92C60204638BD9CFFFF1F88FDFF1F3D
:101A20002DE9F843324D012307460C462B70002C5C
:101A30005AD0304E3368B1465BBB43F601482E4B5B
:101A40001B7803F0FF020BB92A7018E00120FEF7A3
:101A5000DBFC052804D9B8F10108284A09D10AE0BD
:101A600001232B7000F004F9C9F800000028F2D01F
:101A70000FE013783BB10123137000232B704FF05C
:101A8000FF30BDE8F8832B70DEF7ECFC01232B70F0
:101A9000D5E73168194A488800231370C0F1400225
:101AA000944238BF224600F1080C10448C44488010
:101AB000A41A934204D0F85C0CF803000133F8E751
:101AC0001F444B883F2B0E4B02D805221A70AEE7FD
:101AD00040220A804FF00008012083F80080FEF7C2
:101AE000E1FCC6F80080A2E72C702046BDE8F88330
:101AF00091FFFF1F94FFFF1F88FDFF1F98FFFF1F2F
:101B0000A0FFFF1F07B502AB012103F8010D184626
:101B1000FFF786FF03B05DF804FBFFFF10B50D4B28
:101B20001B78B3B10C4B19681C4691B14B8883B13B
:101B30000A4A002010703F2B04DCCA1800201072E3
:101B40000133F8E740230B800120FEF7ABFC0023B4
:101B5000236010BD88FDFF1F94FFFF1FA0FFFF1F24
:101B600010B50B4B1B788BB90A4A11684B88144689
:101B70003F2B04DCCA18002010720133F8E7402321
:101B80000B800120FEF78EFC0023236010BD00BFF8
:101B900091FFFF1F94FFFF1F024B1B78DB07FBD554
:101BA000704700BF010002407FB5174B6A4603F142
:101BB00010056E4618685968144603C40833AB42D2
:101BC0002246F7D1114B1A7812F0020F1D4612D09F
:101BD00080229A7133229A7203225A7272B60C4C86
:101BE00046F001062046B04762B6237813F0700332
:101BF00001D0237006E044F621632A78D20701D48D
:101C0000013BFAD104B070BD80B002000100024077
:101C100000000240B0F5006F10B5044609D2064B33
:101C20001B78DB0701D4FFF7BFFF04F1A054207835
:101C300010BD002010BD00BF01000240B0F5006FD4
:101C400038B504460D460FD2084B1B78DB0701D48C
:101C5000FFF7AAFF04F1A0542378AB4204D025700B
:101C6000BDE83840FFF798BF38BD00BF0100024013
:101C700072B60C4A1168B1FA81F31D2B02D962B613
:101C8000002070474FF00040D84021EA0001116069
:101C900062B6054948225343C8180022CA50426020
:101CA000704700BF848EFF1F0084FF1F0C4B48222B
:101CB000C31AB3FBF2F31D2B11D80A4A127822B1D2
:101CC000094A12780AB1FEF7B1BB72B6074A4FF063
:101CD000004121FA03F311681943116062B670479D
:101CE0000084FF1F7FFDFF1F88FDFF1F848EFF1FE5
:101CF000F0B5304B1B681B06FBD42F4B1B6813F051
:101D00008002F6D172B62D4B1978002950D02C499B
:101D100008684F688E68CD680C69384414313044C7
:101D20000968284420440844C0F34E00254940F483
:101D300000400860C86A0F6B4E6B8D6BCC6B3844EB
:101D4000403130440968284420440844C0F34E0020
:101D50001D4940F40040086001F10811143151F8A8
:101D6000140C51F8107C51F80C6C51F8085C51F8C7
:101D7000044C096838443044284420440844C0F3E3
:101D80004E00124940F400400860C86A0F6B4E6B69
:101D90008D6BCC6B38444031304409682844204472
:101DA0000844C0F34E000A4940F4004008601A702D
:101DB00062B6F0BD24B0034024B00B40A2FFFF1F69
:101DC00038B003402CB0034030B003402CB00B407F
:101DD00030B00B4010B5204B2048214960221A70CA
:101DE000E1225A701F4B204A1C78204B082C01D14D
:101DF000012402E00A2C03D119240460132005E019
:101E00000C2C0CBF15243D240460122008601460C3
:101E10001860174B17491B78174A03B101230B6051
:101E20001360164B164A1978164B012901D88021E8
:101E30000BE0042901D8842107E0082901D8852175
:101E400003E0102994BF86218721116019600E4B91
:101E500001221A7010BD00BF0040074008B00340C7
:101E60000CB00340888EFF1F08B00B400CB00B4035
:101E7000A5FFFF1F20B0034020B00B40898EFF1F3D
:101E800024B0034024B00B40A2FFFF1F0C2804D94C
:101E9000102828BF1020102307E00A2804D809289A
:101EA00034BF08230A2300E00C23094AD9B2081AD8
:101EB0001070084A1078834208D0074B11701B78C5
:101EC00013B1064B00221A60FFF784BF704700BFB2
:101ED000A1FFFF1F888EFF1FA2FFFF1F24B003403A
:101EE0000D2838B50FD9172801D80E380AE0A0F10F
:101EF0001A03052B01D8093804E0A0F12203062BB0
:101F000047D81838C0B2244B1C5C244B1B780BB14B
:101F1000FFF7EEFE210614D472B6214B214D1C6052
:101F200001232B7062B672B61D4B1B681A0601D5D1
:101F30001D4B1FE02B78002BEFD062B6DEF792FA34
:101F4000F1E772B6194B1A4D1A6814F0400F14BF1E
:101F500022F0100242F010021A60164B04F03F0209
:101F60001A6001232B7062B672B6124B1B681B06F7
:101F700008D5114B186800232B7062B60F4B1B78E5
:101F8000184138BD2B78002BDCD062B6DEF76AFA38
:101F9000EAE7002038BD00BF90B00200A2FFFF1F9B
:101FA00000B00340A4FFFF1F10B003400CB00B4073
:101FB000A3FFFF1F00B00B4010B00B40A1FFFF1F9D
:101FC000084B1A6842F480521A60074B1A78074B84
:101FD0000AB1802200E0C0221A70054B80F30C0089
:101FE000188070472C800440A5FFFF1F21C00C40C3
:101FF00000C00C40F8B5174B1E6805460C461F463E
:10200000154B1B7803B30420FEF7E2F958B90620FC
:10201000FEF7DEF948B93B689B1BA34218D8B4B160
:10202000DEF720FAECE7012400E0022400F10803C7
:102030002A4600F1480153F8045B42F8045B8B42E6
:10204000F9D1FFF733FE02E04FF0FF30F8BD204634
:10205000F8BD00BF8CFDFF1F88FDFF1FF8B5184BB2
:102060001D6804460E461F46164B1B781BB3032003
:10207000FEF7CAF9032806D93B685B1BB3421DD89B
:10208000DEF7F0F9F0E7FFF7F3FD03460028F3D0A1
:10209000204603F1080204F1400150F8044B42F8D5
:1020A000044B8842F9D140241C8003201946FEF7D6
:1020B000F9F92046F8BD4FF0FF30F8BD0020F8BD1B
:1020C0008CFDFF1F88FDFF1FF8B5184B1D680446E7
:1020D0000E461F46164B1B781BB30520FEF794F9DE
:1020E000032806D93B685B1BB3421DD8DEF7BAF95B
:1020F000F0E7FFF7BDFD03460028F3D0204603F1CB
:10210000080204F1400150F8044B42F8044B8842A5
:10211000F9D140241C8005201946FEF7C3F920465A
:10212000F8BD4FF0FF30F8BD0020F8BD8CFDFF1F5B
:1021300088FDFF1F08B1014B18607047A8FFFF1F03
:102140000C4A0D48136811460C4A002B08BF134671
:1021500093FBF0F200FB12330948424344F2A7100C
:1021600000FB03200028BCBF00F1004000F1FF305D
:1021700008607047A8FFFF1F1DF3010024D95B070B
:10218000ECF4FFFF10B5044630B1FFF7D9FFB0FB08
:10219000F4F303FB140010BD10BD08B5DFF7B6F96A
:1021A000DFF7E2FCDEF75EF9FAE7F8B506460C4623
:1021B0008F180025BC4207D0336814F8011B1B6838
:1021C000304698470544F5E72846F8BD07B5064B65
:1021D0001B88ADF80430036801A95B6802229847A8
:1021E00003B05DF804FB00BFA7B0020000F044BEDE
:1021F000FFF7F0BBFFF7A4BBFFF7CCBBFFF78EBC2C
:102200000846FFF77FBC08461146FFF709BC08B532
:102210000846FFF761FB012008BDFFFF064B074999
:10222000196000221A71064B4FF47A711A711A73F1
:10223000044A99601A607047ACFFFF1FD8B00200D3
:10224000B4FFFF1FB8B002009140031C90409C46B1
:10225000203A9340194352426346D3401943704792
:1022600080F0004002E000BF81F0004142001FBF4B
:102270005FEA410392EA030F7FEA226C7FEA236C54
:102280006AD04FEA1262D2EB1363C1BFD218414049
:1022900048404140B8BF5B42192B88BF704710F0DF
:1022A000004F40F4000020F07F4018BF404211F082
:1022B000004F41F4000121F07F4118BF494292EAEA
:1022C000030F3FD0A2F1010241FA03FC10EB0C0016
:1022D000C3F1200301FA03F100F0004302D54942A3
:1022E00060EB4000B0F5000F13D3B0F1807F06D350
:1022F00040084FEA310102F10102FE2A51D2B1F148
:10230000004F40EBC25008BF20F0010040EA03003C
:102310007047490040EB000010F4000FA2F10102E9
:10232000EDD1B0FA80FCACF1080CB2EB0C0200FA73
:102330000CF0AABF00EBC25052421843BCBFD040C1
:102340001843704792F0000F81F4000106BF80F43B
:1023500000000132013BB5E74FEA41037FEA226CFE
:1023600018BF7FEA236C21D092EA030F04D092F0C9
:10237000000F08BF0846704790EA010F1CBF0020FD
:10238000704712F07F4F04D1400028BF40F000405A
:10239000704712F100723CBF00F50000704700F07A
:1023A000004343F0FE4040F4000070477FEA2262A1
:1023B00016BF08467FEA23630146420206BF5FEA72
:1023C000412390EA010F40F4800070474FF0000372
:1023D00004E000BF10F0004348BF40425FEA000C39
:1023E00008BF704743F0964301464FF000001CE0E1
:1023F00050EA010208BF70474FF000030AE000BF37
:1024000050EA010208BF704711F0004302D5404274
:1024100061EB41015FEA010C02BF844601460020E6
:1024200043F0B64308BFA3F18053A3F50003BCFA01
:102430008CF2083AA3EBC25310DB01FA02FC6344AE
:1024400000FA02FCC2F12002BCF1004F20FA02F2B5
:1024500043EB020008BF20F00100704702F12002A8
:1024600001FA02FCC2F1200250EA4C0021FA02F209
:1024700043EB020008BF20EADC7070474FF0FF0C0E
:102480001CEAD0521EBF1CEAD15392EA0C0F93EA09
:102490000C0F6FD01A4480EA010C400218BF5FEAAB
:1024A00041211ED04FF0006343EA501043EA51111E
:1024B000A0FB01310CF00040B1F5000F3EBF490018
:1024C00041EAD3715B0040EA010062F17F02FD2A1C
:1024D0001DD8B3F1004F40EBC25008BF20F00100FF
:1024E000704790F0000F0CF0004C08BF49024CEA16
:1024F000502040EA51207F3AC2BFD2F1FF0340EAA8
:10250000C250704740F400004FF00003013A5DDC18
:1025100012F1190FDCBF00F000407047C2F1000259
:10252000410021FA02F1C2F1200200FA02FC5FEA46
:10253000310040F1000053EA4C0308BF20EADC7090
:10254000704792F0000F00F0004C02BF400010F402
:10255000000F013AF9D040EA0C0093F0000F01F0AF
:10256000004C02BF490011F4000F013BF9D041EAD1
:102570000C018FE70CEAD15392EA0C0F18BF93EAD3
:102580000C0F0AD030F0004C18BF31F0004CD8D1FD
:1025900080EA010000F00040704790F0000F17BF84
:1025A00090F0004F084691F0000F91F0004F14D0CA
:1025B00092EA0C0F01D142020FD193EA0C0F03D122
:1025C0004B0218BF084608D180EA010000F0004025
:1025D00040F0FE4040F40000704740F0FE4040F400
:1025E000400070474FF0FF0C1CEAD0521EBF1CEA9F
:1025F000D15392EA0C0F93EA0C0F69D0A2EB0302BD
:1026000080EA010C49024FEA402037D04FF0805356
:1026100043EA111143EA10130CF000408B4238BF1B
:102620005B0042F17D024FF4000C8B4224BF5B1A29
:1026300040EA0C00B3EB510F24BFA3EB510340EA77
:102640005C00B3EB910F24BFA3EB910340EA9C0025
:10265000B3EBD10F24BFA3EBD10340EADC001B0195
:1026600018BF5FEA1C1CE0D1FD2A3FF650AF8B4239
:1026700040EBC25008BF20F0010070470CF0004C46
:102680004CEA50207F32C2BFD2F1FF0340EAC25071
:10269000704740F400004FF00003013A37E792F032
:1026A000000F00F0004C02BF400010F4000F013A90
:1026B000F9D040EA0C0093F0000F01F0004C02BF8B
:1026C000490011F4000F013BF9D041EA0C0195E7F4
:1026D0000CEAD15392EA0C0F08D142027FF47DAF8D
:1026E00093EA0C0F7FF470AF084676E793EA0C0F7D
:1026F00004D14B023FF44CAF08466EE730F0004C7B
:1027000018BF31F0004CCAD130F000427FF45CAF0A
:1027100031F000437FF43CAF5FE700BF4FF0FF3C78
:1027200006E000BF4FF0010C02E000BF4FF0010CCB
:102730004DF804CD4FEA40024FEA41037FEA226C94
:1027400018BF7FEA236C11D001B052EA530C18BFB6
:1027500090EA010F58BFB2EB030088BFC81738BF1B
:102760006FEAE17018BF40F0010070477FEA226C09
:1027700002D15FEA402C05D17FEA236CE4D15FEA05
:10278000412CE1D05DF8040B704700BF8446084639
:102790006146FFE70FB5FFF7C9FF002848BF10F1FA
:1027A000000F0FBD4DF808EDFFF7F4FF0CBF01203F
:1027B00000205DF808FB00BF4DF808EDFFF7EAFFC9
:1027C00034BF012000205DF808FB00BF4DF808ED84
:1027D000FFF7E0FF94BF012000205DF808FB00BF79
:1027E0004DF808EDFFF7D2FF94BF012000205DF8FF
:1027F00008FB00BF4DF808EDFFF7C8FF34BF01200C
:1028000000205DF808FB00BF4BB942B9002908BFA2
:10281000002802D04FF0FF31084600F03BB882B0EC
:10282000EC462DE9005000F01DF8DDF804E002B0A0
:102830000CBC70472DE97043069E14461D46804629
:10284000894600F029F804FB01F300FB0533A4FBE3
:1028500000451D44B8EB040469EB0505C6E90045D5
:10286000BDE870832DE97043069E14468046894674
:102870001D4600F05DF900FB05F504FB0153A0FBCC
:1028800004451D44B8EB040469EB0505C6E90045A1
:10289000BDE87083704700BF00292DE9F00FC0F23A
:1028A0009F800024002BC0F29680154606460F46F6
:1028B000002B3ED18A4257D9B2FA82F34BB1C3F111
:1028C000200201FA03F720FA02F29D40174300FAB2
:1028D00003F6290CB7FBF1F2330C01FB127CA8B212
:1028E00043EA0C4700FB02F3BB4209D97F1902F10E
:1028F000FF3C80F00181BB4240F2FE80023A2F444F
:10290000FF1AB7FBF1F3B6B201FB137146EA0141BE
:1029100000FB03F0884208D9491903F1FF3780F022
:10292000ED80884240F2EA80023B43EA0242002303
:1029300003E08B420AD900231A461046194614B107
:10294000404261EB4101BDE8F00F7047B3FA83F8F4
:10295000B8F1000F40F084808B4202D3824200F233
:10296000DE8000230122E8E712B90123B3FBF2F570
:10297000B5FA85F2002A39D17F1B280C1FFA85FC95
:102980000123B7FBF0F1320C00FB117742EA074755
:102990000CFB01F2BA4207D97F1901F1FF3802D2CC
:1029A000BA4200F2C1804146BF1AB7FBF0F2B6B29C
:1029B00000FB127046EA00400CFB02FC844507D97C
:1029C000401902F1FF3702D2844500F2AB803A464B
:1029D00042EA0142B1E7E443524263EB430364E756
:1029E000404261EB41014FF0FF345BE79540C2F19B
:1029F000200327FA03F1280C26FA03F39740B1FBD2
:102A0000F0F81F433B0C00FB18111FFA85FC43EA4A
:102A100001410CFB08F38B4206FA02F608D949196A
:102A200008F1FF3279D28B4277D9A8F10208294404
:102A3000C91AB1FBF0F3BFB200FB131147EA01471B
:102A40000CFB03F2BA4207D97F1903F1FF3160D2C0
:102A5000BA425ED9023B2F44BF1A43EA084390E7CB
:102A6000C8F1200203FA08FC25FA02F343EA0C0C31
:102A70004FEA1C4921FA02F301FA08F720FA02F2A0
:102A8000B3FBF9F1174309FB11333A0C1FFA8CFB26
:102A900042EA03430BFB01FA9A4505FA08F008D90C
:102AA00013EB0C0301F1FF3235D29A4533D90239C9
:102AB0006344CAEB0303B3FBF9F209FB1233BFB261
:102AC00047EA03470BFB02F9B94508D917EB0C0796
:102AD00002F1FF331BD2B94519D9023A674442EAE1
:102AE0000145A5FB0001C9EB07078F424FF000032A
:102AF0000AD305D02A4620E7624601E73B4614E7A1
:102B000006FA08F68642F5D26A1E002315E71A4631
:102B1000E5E70B46A0E71146CBE7904688E743463A
:102B200042460AE7023A53E702392F443CE700BF26
:102B30002DE9F00F144605460E46002B43D18A427C
:102B400053D9B2FA82F757B1C7F1200620FA06F638
:102B500001FA07F302FA07F41E4300FA07F5210C05
:102B6000B6FBF1F22B0C01FB1267A0B243EA074659
:102B700000FB02F3B34209D9361902F1FF3780F0A6
:102B8000F680B34240F2F380023A2644F61AB6FBCE
:102B9000F1F3ADB201FB136145EA014100FB03F023
:102BA000884208D9091903F1FF3680F0E280884293
:102BB00040F2DF80023B43EA0242002310461946FE
:102BC000BDE8F00F70478B424AD8B3FA83F6002E67
:102BD0004DD18B4202D3824200F2D68000230122E3
:102BE00010461946BDE8F00F704712B90124B4FB36
:102BF000F2F4B4FA84F2002A7CD1091B260CA7B2A5
:102C00000123B1FBF6F02A0C06FB101142EA014148
:102C100007FB00F28A4207D9091900F1FF3C02D2F2
:102C20008A4200F2C3806046891AB1FBF6F2ADB267
:102C300006FB121145EA014507FB02F7AF4208D92E
:102C40002C1902F1FF3180F09680A74240F2938068
:102C5000023A42EA004210461946BDE8F00F7047BA
:102C600000231A4610461946BDE8F00F7047C6F11A
:102C7000200522FA05F4B3401C434FEA144821FA18
:102C800005F301FA06F720FA05F5B3FBF8FC2F432C
:102C900008FB1C333D0C1FFA84FA45EA03430AFB88
:102CA0000CF9994502FA06FB04D91B190CF1FF3205
:102CB0006DD39446C9EB0303B3FBF8F508FB15335A
:102CC000BFB247EA03470AFB05F8B84504D93F19E4
:102CD00005F1FF3361D31D4645EA0C4CACFB0B23D9
:102CE000C8EB07079F424FF0000549D345D0624625
:102CF0002B4663E79440C2F1200321FA03FC260C23
:102D000020FA03F301FA02F5BCFBF6F843EA0501E9
:102D10000B0C06FB18CCA7B243EA0C4C07FB08F3DC
:102D2000634500FA02F509D91CEB040C08F1FF32E7
:102D30003AD2634538D9A8F10208A444C3EB0C0C7D
:102D4000BCFBF6F389B206FB13CC41EA0C4107FB4E
:102D500003F28A4207D9091903F1FF3022D28A42CD
:102D600020D9023B2144891A43EA084349E73A46FD
:102D70000CE733461FE70A466BE7B0409042B6D2F5
:102D80000CF1FF32002319E73346324616E7994526
:102D90008FD9ACF1020C23448CE7B8459BD9023D96
:102DA000274499E70346DEE79046C7E70238214407
:102DB0003AE700BF03460846194600F00BB8FFFF8C
:102DC0000A46034903460868194600F08FB800BF59
:102DD000EC8EFF1F70B5064C06460D4613462CB10F
:102DE00031462A460220AFF3008070BD204670BDF8
:102DF0000000000008B5074B044613B10021AFF3F3
:102E00000080054B1868836A03B198472046FEF797
:102E100047FA00BF0000000044B1020070B50E4B3D
:102E20000E4DED1AAD1000241E46AC4204D056F8EB
:102E3000242090470134F8E708F0A0F9084D094B29
:102E4000ED1AAD1000241E46AC4204D056F82420E2
:102E500090470134F8E770BD98B1020098B10200C4
:102E6000B8B1020098B10200024B0146186800F0A8
:102E70008FB800BFEC8EFF1F024B0146186800F0B0
:102E800043B800BFEC8EFF1F30B50023934208D03B
:102E9000C55C0133CC1814F8014CA542F6D0281BB0
:102EA00030BD002030BD814270B501D300230EE05B
:102EB0008C18A042FAD28518134613F1FF3305D3BC
:102EC000514266182944F65CCE54F6E770BD934231
:102ED00003D0CC5CC4540133F9E770BD024403460F
:102EE000934202D003F8011BFAE7704738B502FBA2
:102EF00001F4214600F04CF8054618B100212246A5
:102F0000FFF7ECFF284638BD30B500293CD051F81A
:102F1000042C0B1F1D49002AB8BF9B180A680C46D9
:102F200012B95A600B6030BD93420DD2196858181F
:102F3000904203D15A581144426819605A60236084
:102F400030BD994203D80A4651680029F9D1146866
:102F500015199D420AD11B682344D018884213607A
:102F600012D10868034413604B680CE002D90C23AB
:102F7000036030BD18681C188C4203D10C68496886
:102F8000204418605960536030BD00BFC8FFFF1F68
:102F900070B5CD1C25F0030508350C2D38BF0C2568
:102FA000002D06463FDB8D423DD3214B1C68184661
:102FB0002146A1B10B685B1B0ED40B2B03D90B6010
:102FC000CC18CD501FE08C4202D1626802601AE03A
:102FD0004B6863600C4616E00C464968E9E7154CFF
:102FE00023681BB9304600F09DF920602946304621
:102FF00000F098F9431C014615D0C41C24F00304CA
:1030000084420AD1256004F10B00231D20F0070043
:10301000C31A0BD05A42E25070BD3046611A00F01C
:1030200081F90130EED10C233360002070BD00BF68
:10303000C8FFFF1FC4FFFF1F012B30B50ADC920839
:10304000013A04680B6840F8043B002A41F8044B3D
:10305000F6DC30BD0023C45CCD5CC554CC540133D8
:10306000D41A002CF7DC30BDF8B50E4614460746DE
:103070001D4698470028214630460ADAA84700280E
:1030800012DB38462146A84737EA200028BF2046F1
:10309000F8BDA847002807DC38462146A84734EA8F
:1030A000200028BF3846F8BD3046F8BD2DE9F04F66
:1030B00085B00546894614460293AA0705D1A307A1
:1030C00003D1261F18BF012600E002262A19B9F1F4
:1030D000060F019222D8934604FB0959CB4580F094
:1030E0001E815F46AF4217D9C4EB070A50463946E6
:1030F000029B984700280FDD36B93A68DAF80030AD
:103100003B60CAF8002005E0384651462246334667
:10311000FFF792FF5746E5E7A344DFE74FEA590779
:10312000B9F1070F04FB075736D009F1FF38B9F1A1
:10313000280F04FB085827D94FEAD90A04FB0AFADA
:103140004FEA4A0C05EB0C0205EB0A01029BCDF895
:1031500000C02846FFF788FFCAF1000B394607EB8D
:103160000A020390029B07EB0B00FFF77DFFDDF8DF
:1031700000C0029B08EB0B0142460746CCEB08005F
:10318000FFF772FF804600E0039539460398029BE3
:103190004246FFF769FF074626B92A683B682B605D
:1031A0003A6005E02846394622463346FFF744FF99
:1031B00009F1FF38019F04FB0858C346BA460023B3
:1031C000474525D8009338462946029A904700285B
:1031D000009B1DDC0FD136B9DAF800203B68CAF835
:1031E00000303A6005E05046394622463346FFF744
:1031F00023FFA24401232744E2E7009340462946E7
:10320000029A90470028009B19DB04D0C4EB080801
:103210004745F2D926E046B9D8F80020DBF800305F
:10322000C8F80030CBF8002005E040465946224659
:103230003346FFF701FFC4EB0B0B0123E6E736B97A
:103240003A68D8F800303B60C8F8002005E03846FE
:10325000414622463346FFF7EFFE2744C4EB0808F9
:103260000123ADE704FB09F9A9440BBB019B4B45C6
:1032700055D21F46AF4217D9C4EB070A504639460C
:10328000029B984700280FDD36B93A68DAF800301B
:103290003B60CAF8002005E03846514622463346D6
:1032A000FFF7CAFE5746E5E7019A22440192DDE79F
:1032B000CAEB070CC5EB0A0AE245B4BF52466246A8
:1032C000002A08DD2846B91A3346CDF800C0FFF7BA
:1032D000B3FEDDF800C0CBEB0902C8EB0B08121BF4
:1032E000424528BF4246002A09DD3846C2EB0901A3
:1032F0003346CDF800C0FFF79FFEDDF800C0A445BF
:1033000006D92846BCFBF4F12246029BFFF7CEFE0D
:10331000A04504D9C8EB0905B8FBF4F9CDE605B022
:10332000BDE8F08F38B5064C0023054608462360FB
:10333000FDF7AEFF431C02D1236803B12B6038BDFB
:10334000DCFFFF1F0EB400B59CB04FF40271ADF866
:1033500014106FF00041049107914FF6FF711DABFF
:10336000ADF81610084953F8042B0290069008682F
:10337000019302A900F09CF8029B00221A701CB075
:103380005DF804EB03B07047EC8EFF1FC9B2024634
:1033900010F8013B1BB18B42F9D110467047002950
:1033A000FBD01846704710F8012B11F8013B012A99
:1033B00028BF9A42F7D0D01A7047034613F8012B62
:1033C000002AFBD1181A0138704770B592B10B462C
:1033D00005461C7810F8016BB44201F1010101D1DE
:1033E000012A03D128781B78C01A70BD013A002C3D
:1033F000EDD1F7E7104670BD2DE9F0478D68AB427F
:1034000081460C4692461F4643D38B8913F4906F36
:103410003DD026680969C1EB06086669022206EB01
:10342000460696FBF2F608F101023A44964238BF8E
:1034300016465B050FD53146FFF7AAFD054698B144
:1034400021694246FCF772FEA38923F4906343F09E
:103450008003A38113E0324600F0ADFA054670B94F
:1034600048462169FFF750FD0C23C9F80030A389B5
:1034700043F04003A3814FF0FF30BDE8F0872561A2
:1034800066614544C8EB06062560A6603D46AF422E
:1034900000D23D462A4620685146FFF704FDA36846
:1034A0005B1BA36023681D4425600020BDE8F087F6
:1034B0002DE9F0439DB0074603938B891C060D460A
:1034C00016460CD50B6953B94021FFF761FD286002
:1034D000286110B90C233B60C8E040236B610023D6
:1034E000099320238DF8293030238DF82A30334674
:1034F0001C4613F8012B1AB9B4EB06090FD002E0F1
:10350000252AF5D1F8E73846294632464B46FFF7DB
:1035100073FF013000F0A580099B4B440993237889
:10352000002B00F09E8000234FF0FF32049307939E
:10353000059206938DF853301A9304F101094C4615
:103540004D4E21783046052200F026FA09F1010996
:10355000049B28B1861B0120B04003430493EEE78F
:10356000D90644BF20228DF853201A0744BF2B22CE
:103570008DF8532022782A2A02D0079B21460EE09C
:10358000039A111D12680391002A01DB079204E0DF
:10359000524243F002030792049301340AE00C46BE
:1035A00001312278303A092A03D80A2000FB03238C
:1035B000F5E7079323782E2B1AD163782A2B0AD1AB
:1035C000039B1A1D1B680392002B04F10204B8BF71
:1035D0004FF0FF330BE0611C00230C4601312278D1
:1035E000303A092A03D80A2000FB0323F5E70593A4
:1035F000224E21783046032200F0CEF930B1861BEE
:10360000049B4020B04003430493013421781C48BC
:103610008DF828100622661C00F0BEF988B1194BFF
:1036200033B9039B073323F007030833039314E0F4
:1036300003AB0093384604A92A46134BAFF300802E
:1036400007E003AB0093384604A92A460E4B00F06E
:103650008FF8B0F1FF3F804603D0099B43440993A4
:1036600045E7AB895B0601D4099801E04FF0FF30D4
:103670001DB0BDE8F08300BF48B102004EB10200AA
:1036800052B1020000000000F93302002DE9F843B6
:1036900015461F468A680B69DDF820809A42A8BF4C
:1036A00013462B6091F8432006460C460AB10133BD
:1036B0002B602368990602D52B6802332B602368A0
:1036C00013F006091DD094F843302268003318BF68
:1036D000012392061FD5E1185A1C302081F84300BF
:1036E000224494F8451082F84310023313E0304628
:1036F000394604F119020123C047013007D009F10E
:103700000109E2682B68D31A9945F0DBDBE74FF03B
:10371000FF30BDE8F8833046394604F14302C04724
:103720000130F4D023682A68E16803F00603042B13
:1037300008BFC2EB01052369A2680CBF25EAE57545
:1037400000259A42C4BFC3EB0203ED184FF00009F5
:10375000A9450ADA3046394604F11A020123C04766
:103760000130D4D009F10109F2E70020BDE8F88367
:103770002DE9FF470E7E0C9D6E2E80460C4691462D
:103780009A4601F1430000F0A58011D8632E22D0A3
:1037900009D8002E00F0AF80582E40F0BF8081F88D
:1037A00045607B4A4FE0642E1ED0692E1CD0B5E0E8
:1037B000732E00F0A48009D86F2E2BD0702E40F00D
:1037C000AD800B6843F020030B6038E0752E21D0EC
:1037D000782E34D0A2E02B681A1D1B682A6001F1F4
:1037E000420781F842309DE022682B6812F0800F7A
:1037F00003D01A1D2A601D6805E05106F9D51A1D6F
:103800002A60B3F90050002D39DA2D236D4284F877
:10381000433034E022682B6812F0800F03D01A1D69
:103820002A601D6804E05206F9D51A1D2A601D8819
:10383000237E574A6F2B14BF0A2308231BE07823EB
:10384000544A84F845302368296813F0800F01F149
:1038500004062E6001D00D6802E05F06FBD50D88DE
:10386000DE0744BF43F0200323601DB9236823F023
:10387000200323601023002184F8431001E0444A10
:103880000A236668A660002E03DB216821F004018C
:10389000216005B96EB104F14201B5FBF3F603FBFB
:1038A00016550F46555D01F801593546002EF4D1E5
:1038B00000E00746082B0AD12368DD0707D56268B8
:1038C00023699A4203DC302307F8013C013FC01B07
:1038D00020612CE009682B68626911F0800F04D028
:1038E000191D29601B681A6005E04906F8D5191DE5
:1038F00029601B681A8000232361074617E02B68A4
:103900001A1D2A601F683846FFF757FD636820615B
:10391000984288BF23612369636005E004F1420790
:1039200084F8426001232361002384F84330CDF8FA
:1039300000A04046214603AA4B46FFF7A7FE0130F0
:1039400002D14FF0FF301FE0404649463A46236916
:10395000D0470130F5D023689B0705D4E068039B6E
:103960009842B8BF18460FE00025E268039BD31ABF
:103970009D42F3DA4046494604F119020123D0473B
:103980000130DED00135F0E704B0BDE8F08700BFBC
:1039900059B102006AB1020010B5C9B202449042A6
:1039A000034606D01C788C4200F10100F7D118467E
:1039B00010BD002010BDF8B5064614460D4621B9CD
:1039C0001146BDE8F840FFF7E3BA1AB9FFF79CFAD1
:1039D0002046F8BD00F015F8A0420ED23046214630
:1039E000FFF7D6FA074650B129462246FCF79EFB60
:1039F00030462946FFF788FA01E02846F8BD3846E8
:103A0000F8BD51F8040C002802DA04390B581844A8
:103A1000043870474572726F722070617373776FEC
:103A2000726420617474656D70747320666F7220A7
:103A3000746869732073657373696F6E206578634A
:103A400065656465642C2072656D6F7665204F6EC8
:103A50006C794B657920616E64207265696E73655F
:103A6000727420746F20617474656D7074206C6F53
:103A700067696E00554E4C4F434B454476332E31AB
:103A80002E302D70726F64004572726F7220636FFA
:103A90006E6669726D6174696F6E2077696E646FAE
:103AA0007720636C6F736564206265666F72652052
:103AB00074686520627574746F6E2077617320700E
:103AC000726573736564004572726F7220627574FB
:103AD000746F6E20707265737320776173206E6FE0
:103AE00074206163636570746564004572726F72FF
:103AF00020696E636F7272656374206368616C6CB9
:103B0000656E67652077617320656E7465726564A4
:103B100000494E495449414C495A45442D440049B5
:103B20004E495449414C495A454400FF982F8A4216
:103B300091443771CFFBC0B5A5DBB5E95BC25639FF
:103B4000F111F159A4823F92D55E1CAB98AA07D817
:103B5000015B8312BE853124C37D0C55745DBE723A
:103B6000FEB1DE80A706DC9B74F19BC1C1699BE4BA
:103B70008647BEEFC69DC10FCCA10C246F2CE92D4A
:103B8000AA84744ADCA9B05CDA88F97652513E986E
:103B90006DC631A8C82703B0C77F59BFF30BE0C675
:103BA0004791A7D55163CA0667292914850AB72703
:103BB00038211B2EFC6D2C4D130D385354730A65A0
:103BC000BB0A6A762EC9C281852C7292A1E8BFA277
:103BD0004B661AA8708B4BC2A3516CC719E892D1DF
:103BE000240699D685350EF470A06A1016C1A41962
:103BF000086C371E4C774827B5BCB034B30C1C3961
:103C00004AAAD84E4FCA9C5BF36F2E68EE828F741F
:103C10006F63A5781478C8840802C78CFAFFBE9039
:103C2000EB6C50A4F7A3F9BEF27871C62530386C5E
:103C300058202530386C58202530386C58202530D5
:103C4000386C5800FFFFFFFF00000000000000007C
:103C5000C5220000AB2102002530366C6400FFFF56
:103C60000000000000000000ED620000816700001D
:103C70002D20010039200100F32101000D21010058
:103C8000412001004B230100CD2101003D20010016
:103C90002B220100772201004D22010000000000CC
:103CA00000000000000000000D620000D96200006A
:103CB0006D3D0100793D0100293E01004F3E0100AC
:103CC0007D3D0100D33D0100B33E01000000000036
:103CD0006F6E6C796B65792F6167656E742F7632C4
:103CE000004572726F7220757365204D4C2D4B45E7
:103CF0004D2064656361707320666F72207468691B
:103D000073206B65792074797065004572726F72EB
:103D10002075736520582D57696E6720646563614F
:103D2000707320666F722074686973206B657920E8
:103D300074797065004572726F7220454343207438
:103D400079706520696E636F727265637400457285
:103D5000726F7220696E76616C6964206B65792C74
:103D6000206B657920636865636B206661696C65AB
:103D700064004572726F72207769746820525341F3
:103D8000206461746120746F207369676E20696EAE
:103D900076616C69642073697A65004572726F722E
:103DA000207769746820525341207369676E696E89
:103DB00067004572726F7220696E76616C6964206B
:103DC000646174612C206F72206461746120646F7F
:103DD0006573206E6F74206D61746368206B657904
:103DE000004572726F7220776974682052534120C7
:103DF0006461746120746F206465637279707420EB
:103E0000696E76616C69642073697A6500457272C7
:103E10006F72207769746820525341206465637221
:103E2000797074696F6E004572726F722067656E8B
:103E300065726174696E6720525341207075626CBF
:103E40006963204E004572726F72204D4C2D4B45B8
:103E50004D206B657967656E206661696C656400ED
:103E60004572726F72204D4C2D4B454D20435420AE
:103E700077726F6E672073697A65004572726F7230
:103E8000204D4C2D4B454D206B6579206578706138
:103E90006E73696F6E206661696C6564004572724D
:103EA0006F72204D4C2D4B454D20646563617073DE
:103EB000206661696C6564004572726F72204D4CBA
:103EC0002D4B454D206B657967656E004572726FAD
:103ED0007220582D57696E67204D4C2D4B454D2053
:103EE0006B657967656E206661696C656400457213
:103EF000726F7220582D57696E6720435420777275
:103F00006F6E672073697A65004572726F72205810
:103F10002D57696E67206B657920657870616E73C7
:103F2000696F6E206661696C6564004572726F72BC
:103F300020582D57696E67204D4C2D4B454D206400
:103F40006563617073206661696C656400457272B7
:103F50006F7220757365204F4B4745545055424B47
:103F600045592050514320666F7220636F6D706F0A
:103F700073697465206B657973004572726F722086
:103F8000696E76616C696420646572697665642027
:103F90006B657920736C6F74004572726F72206B61
:103FA0006579206E6F742073657420617320736966
:103FB000676E6174757265206B6579004572726F0A
:103FC00072206E6F206B65792073657420696E2096
:103FD0007468697320736C6F74004572726F72201D
:103FE0006E6F2064657269766564206465636170D4
:103FF0007320726571756573742070656E64696E87
:1040000067004572726F7220582D57696E67206481
:1040100065726976656420646563617073206661AA
:10402000696C6564004572726F72206465726976AE
:10403000656420646563617073206368756E6B20CE
:1040400073697A65004572726F7220646572697671
:10405000656420646563617073207061796C6F6161
:10406000642073697A65004572726F72206B65799E
:10407000206E6F74207365742061732064656372B1
:10408000797074696F6E206B6579006F6E6C796BF7
:1040900065792F6465726976652F6563632F763263
:1040A000006F6E6C796B65792F7877696E672F7307
:1040B0006565642F7633005C2E2F2F5E5C4572722F
:1040C0006F72204D4C2D445341206B657967656EAE
:1040D000004572726F72204D4C2D4453412073691C
:1040E000676E004572726F72205832353531390073
:1040F0004572726F72204D4C2D4B454D20646563A7
:10410000617073004572726F722050514320646574
:1041100063727970743A2062616420696E7075749C
:104120002073697A6500475245454E00424C55451B
:104130000059454C4C4F5700505552504C45004685
:104140006F72204F6E6C794B6579206F6E2D74689D
:10415000652D676F20766973697420687474707355
:104160003A2F2F617070732E6372702E746F00750A
:10417000736572737061636520776970652068612B
:1041800073206265656E20636F6D706C6574656425
:1041900000666163746F727920726573657420685C
:1041A0006173206265656E20636F6D706C65746508
:1041B00064005375636365737366756C6C792077FF
:1041C00069706564204C6162656C0053756363655A
:1041D000737366756C6C79207769706564205552CD
:1041E0004C005375636365737366756C6C792077E7
:1041F00069706564204164646974696F6E616C20E4
:1042000043686172616374657273005375636365BB
:10421000737366756C6C792077697065642044658A
:104220006C61792031005375636365737366756CD7
:104230006C7920776970656420557365726E616D65
:1042400065005375636365737366756C6C7920776D
:10425000697065642044656C617920320053756330
:104260006365737366756C6C79207769706564201B
:1042700050617373776F7264005375636365737312
:1042800066756C6C792077697065642044656C6133
:10429000792033005375636365737366756C6C794D
:1042A000207769706564203246412054797065003A
:1042B0005375636365737366756C6C792077697089
:1042C000656420324641204B657900537563636510
:1042D000737366756C6C7920736574204C616265CC
:1042E0006C005375636365737366756C6C792073CA
:1042F00065742055524C005375636365737366751E
:104300006C6C7920736574206166746572205573D6
:1043100065726E616D652041646469746F6E616C75
:1043200020436861726163746572005375636365ED
:10433000737366756C6C79207365742044656C6169
:104340007931005375636365737366756C6C79209E
:10435000736574206265666F726520557365726E51
:10436000616D65204164646974696F6E616C20439E
:10437000686172616374657200537563636573731A
:1043800066756C6C7920736574206265666F726502
:10439000204F5450204164646974696F6E616C20D1
:1043A000436861726163746572005375636365731A
:1043B0007366756C6C792073657420557365726EC5
:1043C000616D65005375636365737366756C6C79B5
:1043D00020736574206164646974696F6E616C2018
:1043E00063686172616374657220616674657220CE
:1043F00070617373776F7264005375636365737371
:1044000066756C6C79207365742044656C617932D3
:10441000004572726F72204D464120616C72656179
:10442000647920656E61626C6564206F6E207468CB
:10443000697320736C6F742C2064657669636520E2
:1044400050494E20726571756972656400537563D9
:104450006365737366756C6C792073657420506145
:104460007373776F726400537563636573736675F6
:104470006C6C7920736574206166746572204F548A
:1044800050204368617261637465720053756363A1
:1044900065737366756C6C79207365742044656C04
:1044A000617933004572726F722070617373776F38
:1044B000726420616C726561647920656E61626C02
:1044C0006564206F6E207468697320736C6F742C40
:1044D000206465766963652050494E207265717568
:1044E00069726564005375636365737366756C6C9C
:1044F00079207365742032464120547970650053E9
:1045000075636365737366756C6C7920736574206D
:10451000324641204B65790053756363657373665A
:10452000756C6C792073657420414553204B657917
:104530002C20507269766174652049442C20616E8C
:1045400064205075626C696320494400537563634D
:1045500065737366756C6C79207365742069646C1F
:10456000652074696D656F75740053756363657359
:104570007366756C6C79207365742057697065205B
:104580004D6F646520746F2046756C6C20576970A0
:1045900065005375636365737366756C6C7920731E
:1045A00065742057697065204D6F646520746F20B5
:1045B00064656661756C742073657474696E6700F8
:1045C0004572726F722057697065204D6F64652067
:1045D0006D6179206E6F74206265206368616E671B
:1045E0006564005375636365737366756C6C7920DD
:1045F000736574204261636B7570204B6579204D43
:104600006F646520746F204C6F636B656400537535
:10461000636365737366756C6C792073657420428F
:1046200061636B7570204B6579204D6F64652074F4
:104630006F205065726D69742046757475726520BF
:104640004368616E676573004572726F72204261E4
:10465000636B7570204B6579204D6F6465206D61CB
:1046600079206E6F74206265206368616E6765648F
:10467000004572726F7220696E76616C6964207594
:1046800073657220696E707574206D6F6465004586
:1046900072726F7220756E737570706F727465646C
:1046A000207573657220696E707574206D6F646516
:1046B000005375636365737366756C6C79207365FD
:1046C000742064657269766564206B65792063681F
:1046D000616C6C656E6765206D6F64650045727214
:1046E0006F72206E6F7420696E20636F6E666967EB
:1046F000206D6F6465005375636365737366756CD5
:104700006C79207365742073746F726564206B65B7
:1047100079206368616C6C656E6765206D6F646598
:10472000005375636365737366756C6C792073658C
:10473000742077656220616E64206167656E742005
:1047400064657269766564206B6579206D6F646558
:10475000004572726F7220696E76616C69642077B1
:104760006562637279707420706F6C69637900534D
:1047700075636365737366756C6C792073657420FB
:10478000776562637279707420706F6C6963790009
:104790005375636365737366756C6C7920736574A8
:1047A00020484D4143204368616C6C656E6765200D
:1047B0004D6F6465005375636365737366756C6CE8
:1047C00079207365742053797361646D696E204D2F
:1047D0006F6465005365636F6E642050726F666925
:1047E0006C65204D6F6465206D6179206F6E6C790A
:1047F000206265206368616E676564206F6E206665
:1048000069727374207573650053756363657373A0
:1048100066756C6C7920736574204C454420627217
:10482000696768746E65737300537563636573734A
:1048300066756C6C792073657420546F756368209D
:1048400053656E7369746976697479004572726F25
:104850007220746F75636873656E73652076616C22
:104860007565206F7574206F662072616E676500D4
:104870005375636365737366756C6C7920736574C7
:10488000206C6F636B20627574746F6E0053756378
:104890006365737366756C6C7920736574207479C5
:1048A00070657370656564005375636365737366E3
:1048B000756C6C7920736574206B6579626F6172B9
:1048C00064206C61796F7574004572726F72206933
:1048D0006E76616C69642045434320736C6F74008D
:1048E0005375636365737366756C6C792073657457
:1048F000204261636B7570205061737370687261E0
:104900007365005375636365737366756C6C7920AA
:1049100073657420454343204B6579005375636389
:1049200065737366756C6C79207769706564204572
:104930004343204B657900537563636573736675F4
:104940006C6C7920776970656420525341205072F5
:104950006976617465204B6579004572726F7220CB
:10496000696E76616C69642052534120736C6F7478
:10497000004572726F7220696E76616C69642052B4
:104980005341207479706500537563636573736672
:10499000756C6C792073657420525341204B657996
:1049A000004572726F72206261636B7570206B6577
:1049B00079206D6F64652073657420746F206C6F4F
:1049C000636B6564002A2A2A2057454C434F4D45A6
:1049D00020544F204F4E4C594B4559205155494377
:1049E0004B205345545550202A2A2A0052554E2018
:1049F000544849532053455455502046524F4D205A
:104A000041205452555354454420434F4D50555422
:104A1000455220414E44204341524546554C4C5945
:104A200020575249544520444F574E0050494E7329
:104A300020414E4420504153535048524153452E3B
:104A40002053544F524520494E2041205345435551
:104A50005245204C4F434154494F4E2053554348F3
:104A600020415320412053414645005748454E20A0
:104A700046494E49534845442044454C45544520F9
:104A80005448495320544558540054687265652071
:104A9000646966666572656E742050494E20636F66
:104AA0006465732077696C6C20626520736574207F
:104AB0007570206F6E20796F7572204F6E6C794B18
:104AC0006579005468652066697273742050494E98
:104AD00020756E6C6F636B7320796F7572207072C6
:104AE000696D6172792070726F66696C65202869E2
:104AF0002E6520506572736F6E616C204163636F29
:104B0000756E74732900546865207365636F6E64F5
:104B10002050494E20756E6C6F636B7320616E2060
:104B20006164646974696F6E616C2070726F66692C
:104B30006C652028692E652E20576F726B204163AB
:104B4000636F756E747329005468652074686972A8
:104B5000642050494E20697320796F757220736507
:104B60006C662D64657374727563742050494E20B1
:104B7000757365207468697320746F207769706538
:104B80002F666163746F72792064656661756C74F9
:104B90002064657669636500546F2063686F6F7386
:104BA00065207468652050494E7320796F75727363
:104BB000656C662070726573732031206F6E204FB4
:104BC0006E6C794B65792C20666F722072616E6411
:104BD0006F6D2050494E73207072657373203200E0
:104BE000596F752068617665203230207365636F78
:104BF0006E6473207374617274696E67206E6F7770
:104C00002E2E2E00596F752077696C6C206E6F7791
:104C100020656E74657220612050494E206F6E20B1
:104C2000746865204F6E6C794B657920362062750B
:104C300074746F6E206B65797061640043686F6F88
:104C4000736520612050494E20372D313020646932
:104C500067697473206C6F6E6700596F7572204FAF
:104C60006E6C794B65792077696C6C206E6F77205C
:104C7000626520636F6E6669677572656420617531
:104C8000746F6D61746963616C6C792077697468A5
:104C90002072616E646F6D2050494E732F506173A6
:104CA0007370687261736500594F5552204F4E4CB6
:104CB000594B45592050494E2049533A00594F55B8
:104CC00052204F4E4C594B4559205345434F4E446B
:104CD0002050524F46494C452050494E2049533AA6
:104CE00000594F5552204F4E4C594B455920534572
:104CF0004C462D44455354525543542050494E2060
:104D000049533A002A2A2A2057454C434F4D452003
:104D1000544F204F4E4C594B45592044554F20512C
:104D20005549434B205345545550202A2A2A0059AF
:104D30004F5552204241434B555020504153535000
:104D400048524153452E2053544F524520494E203E
:104D50004120534543555245204C4F434154494F00
:104D60004E2053554348204153204120534146454E
:104D700000594F5552204F4E4C594B4559204241F6
:104D8000434B5550205041535350485241534520B6
:104D900049533A00546F20737461727420757369BB
:104DA0006E67204F6E6C794B657920656E74657205
:104DB00020796F7572207072696D617279206F72DF
:104DC000207365636F6E646172792050494E206F65
:104DD0006E20746865204F6E6C794B6579203620A3
:104DE000627574746F6E206B6579706164004F6ECC
:104DF0006C794B65792069732072656164792066EE
:104E00006F7220757365206173206120736563750F
:104E100072697479206B657920284649444F322F96
:104E20005532462920616E6420666F722063686186
:104E30006C6C656E67652D726573706F6E7365005F
:104E4000466F72206164646974696F6E616C20667C
:104E50006561747572657320737563682061732072
:104E600070617373776F7264206D616E6167656DD9
:104E7000656E7420696E7374616C6C207468652053
:104E80004F6E6C794B6579206465736B746F70201D
:104E90006170700068747470733A2F2F6F6E6C7944
:104EA0006B65792E696F2F61707020002A2A2A2085
:104EB000534554555020434F4D504C4554452C209C
:104EC00044454C4554452054484953205445585472
:104ED000202A2A2A00596F752068617665203230B1
:104EE000207365636F6E647320746F20656E7465E4
:104EF000722073656C662D646573747275637420BB
:104F000050494E2C207374617274696E67206E6F05
:104F100077004F6E6C794B657920697320726561FB
:104F200064792C20656E74657220796F75722073B8
:104F3000656C662D64657374727563742050494E98
:104F4000005375636365737366756C2050494E201A
:104F5000656E747279004572726F722050494E20EE
:104F60006973206E6F74206265747765656E203793
:104F7000202D2031302064696769747300596F7582
:104F80002068617665203230207365636F6E6473CC
:104F900020746F2072652D656E7465722050494EC5
:104FA0002C207374617274696E67206E6F77004F86
:104FB0006E6C794B65792069732072656164792C18
:104FC0002072652D656E74657220796F7572205040
:104FD000494E20746F20636F6E6669726D00537561
:104FE000636365737366756C6C79207365742050A8
:104FF000494E004572726F722050494E7320446FC3
:105000006E2774204D6174636800596F7520686164
:105010007665203230207365636F6E647320746F21
:1050200020656E746572207365636F6E64207072A4
:105030006F66696C652050494E2C207374617274E0
:10504000696E67206E6F77004F6E6C794B657920C3
:1050500069732072656164792C20656E74657220B5
:10506000796F75722050494E00596F7520686176CE
:1050700065203230207365636F6E647320746F2017
:10508000656E746572207072696D617279207072DC
:105090006F66696C652050494E2C20737461727480
:1050A000696E67206E6F770054696D656F75742047
:1050B0006F636375726564207768696C65207761DA
:1050C0006974696E6720666F7220636F6E666972BD
:1050D0006D6174696F6E206F6E204F6E6C794B65D9
:1050E00079004572726F72207061636B6574732012
:1050F0007265636569766564206578636565646576
:10510000642073697A65206C696D697400457272F8
:105110006F72206E6F204543432050726976617430
:1051200065204B65792073657420696E2074686909
:105130007320736C6F74004572726F72206E6F20F3
:105140005253412050726976617465204B65792015
:1051500073657420696E207468697320736C6F7452
:10516000004572726F72206261636B7570206669B0
:105170006C6520746F6F206C617267650045727298
:105180006F72206E6F206261636B7570206B657942
:1051900020736574004572726F72206B657920749C
:1051A000797065207573656420666F722062616333
:1051B0006B757020646F6573206E6F74206D617401
:1051C0006368004572726F7220696E636F727265F8
:1051D0006374206261636B7570206B657920736501
:1051E00074004572726F72206B657920636F6E6612
:1051F000696775726174696F6E206261636B757047
:105200002066696C6520666F726D617420696E63DB
:105210006F7272656374005375636365737366754B
:105220006C6C79206C6F61646564206261636B757E
:10523000700052656D6F766520616E6420526569FD
:105240006E73657274204F6E6C794B657920746F44
:1052500020636F6D706C65746520726573746F7216
:1052600065004241434B555031323334350045726D
:10527000726F7220776974682045434320536861D8
:1052800072656420536563726574004572726F7253
:1052900020776974682052534120456E637279709B
:1052A00074696F6E002D2D2D2D2D424547494E20DE
:1052B0004F4E4C594B4559204241434B55502D2D93
:1052C0002D2D2D002D2D2D2D2D454E44204F4E4C96
:1052D000594B4559204241434B55502D2D2D2D2DD5
:1052E000004E6F204261636B7570204B6579202DF5
:1052F00020466F6C6C6F7720696E7374727563747F
:10530000696F6E7320686572652068747470733A93
:105310002F2F646F63732E6372702E746F2F7573EB
:1053200065727367756964652E68746D6C23736547
:10533000637572652D656E637279707465642D6234
:1053400061636B75702D616E797768657265005564
:105350004E494E495449414C495A454476332E31C1
:105360002E302D70726F64004572726F72204F6E16
:105370006C794B6579206D75737420626520696E58
:10538000697469616C697A65642066697273740016
:105390004572726F7220646576696365206C6F6315
:1053A0006B6564004572726F722063616E6E6F741C
:1053B00020736574206B657920696E207265736552
:1053C0007276656420736C6F7420283131372D310B
:1053D000333229004E6F2050494E207365742C20C3
:1053E000596F75206D75737420736574206120503A
:1053F000494E2066697273740053554343455353B5
:1054000046554C4C204657204C4F41442052455164
:10541000554553542C205245424F4F54494E472E28
:105420002E2E006E6F7420757365640000000000FE
:10543000F76400000231D8FF0315F8FF449E030013
:105440001821F4FF28A1F2FF241E07002BDE1B0009
:105450002BE92300AD84FAFF7F14E0FF759A2F003B
:1054600009FBD3FF497A2F0027E528005896290029
:1054700070A00F00A485EFFF88B73600909DF7FF5E
:10548000A0EAEEFF68F927007BD3DFFFD6ADDFFF90
:10549000E71AC5FFF7A4EAFF98FCCDFF35D01A0044
:1054A00022B4FFFF01323D00C5450400674A2900D0
:1054B00020760100CDF42E00C5DE350003A5E6FF01
:1054C0002C30C9FFD447D9FFAFBE3B008515C5FFBF
:1054D0007C8ED1FF968A3600413ED4FF0004360010
:1054E0004D6AFBFF9CD623005DC5F7FF3D12E6FF2A
:1054F000D6EAE6FF1E7E350059AFC5FF3F84350072
:105500001756DFFF5C94E7FF8C733800A8630C002C
:105510009A1B0800768F0E0053383B0034853B0001
:1055200030FCD8FF549D1F002D4FD5FFE506C4FF6A
:1055300081ACE8FFCFE1C7FF1998D1FF5DD6E9FF45
:10554000EE093500C7352100BBCFE7FF75CFECFF73
:1055500072971D0072B0C1FFF6BCF0FF8052CFFF02
:10556000AED2CFFFE090C8FFCAEF0100F2103400C6
:1055700085FEF0FF38C620009F6E2900A3B7D2FF3A
:105580004BA4C7FF6DBAF9FF0934DAFF82C2F5FFF9
:105590001341EDFF3BA6FFFFF709ECFFDD2BFAFF00
:1055A000D495140063451C00622CEAFFE9FBCCFF94
:1055B000F00A040017C4070088452F0000AD000062
:1055C000BE36EFFF44CD0D005A673C00CA2BC7FF23
:1055D0007EDEFFFF48391900C069CEFF6C752400DC
:1055E000DFC7FCFFA1980B0008E8EBFF6CE40200AA
:1055F00008C8C9FFC2363000F6BFE3FF933CDBFFAB
:10560000E04AFDFF0513140092771400259E130055
:10561000E0D0E7FF4499F3FF0208EAFFA2EED1FFD2
:105620009CC7C4FF57A0C8FFD9973A0093EA1F0050
:105630005AFF3300D4582300F8413A0072FFCCFFE0
:10564000FB3D22009FABDAFF22A4C9FFF512040044
:1056500087252500F024EDFF5D9B3500A048CAFF9B
:10566000FCA2C6FF56BBEDFFDE45CFFF5EBE0D00C0
:105670001A5E1C00E6E00D005A7F0C00838F0700C5
:105680008A62E7FF0457FFFFFC06F8FF2100F6FFE0
:10569000F65AD0FF84001F0086EF30007DB9C9FFA5
:1056A000D6FCF7FF9245F4FFC221C9FF1939050066
:1056B0000C61040041CDDAFF1BB03E00E7723400FC
:1056C0003B00CDFFC77C1A0024190300E55E2B00C8
:1056D000991129003A7AD8FF714D13001CE13D0061
:1056E0008409130051F02500465A18001885C6FF9A
:1056F000BE1413009138280090DBC9FF8950D2FFF7
:105700003F851C004B0B1D00A6F6EFFFBEA8EBFF6C
:105710001BE112003E5ECDFF2F2DEAFFE41DF9FFD5
:10572000C7061400837232006E0DE2FF5379ECFF5E
:1057300099401D007825D9FFAD05EBFF05E4160063
:10574000E7DB0B00E81D2200CFF8330034B9F7FF88
:105750000CCAD4FFF87FE6FF57D1E3FF1B91D8FFB7
:10576000122CC7FFD81009001F5EC6FF5846E1FF84
:105770008B1D2500B77325008F7CFDFF98DD1D0074
:1057800098683300BBD40200A793EDFFBE6CCFFF37
:105790001C7C020008AA180071FD2D00A55C0C00FD
:1057A0009A37190067A1C7FF3D8CE4FF3CA1D1FFE8
:1057B00039C5350015013B00C01D0400F7C42100A8
:1057C000F41BF1FFE7351A000E340700457DF9FFA1
:1057D000D04C1A00AE7CE4FF68261D00988EE6FFD0
:1057E0003326EFFFDA05FCFFDB7FC5FF6427D3FF1D
:1057F000AFE1DDFFDD93F9FF091DDDFF93CC020072
:105800000518F1FF2A9C1800A9E5C9FF508AF7FF87
:105810002CCF3B004E43FFFFDF36EBFFCA153C00A9
:10582000685E1500B616F3FFCE291E0001000000C9
:1058300006096086480165030402040002000000B6
:1058400006096086480165030402010003000000A8
:105850000609608648016503040202000400000096
:105860000609608648016503040203000500000084
:105870000609608648016503040205000600000071
:10588000060960864801650304020600070000005F
:10589000060960864801650304020700080000004D
:1058A000060960864801650304020800090000003B
:1058B0000609608648016503040209000A00000029
:1058C000060960864801650304020A000B00000017
:1058D000060960864801650304020B000C00000005
:1058E000060960864801650304020C00FFFFFFFF04
:1058F000FFFFFFFFFFFFFFFFFFFFFFFFFFFFFFFFB8
:10590000ECFB0AFD99FE13FAD5058E051F01CA00AE
:1059100055FF6E022906B600C2034EFB3EFABC05D7
:105920003D02D3FA08017F01C3FCB205BEF97EFF38
:1059300057FDF903DC026002FAF99B0133FFDDF940
:10594000C7048C02D8FDF703F3FAD305E6FEF8F995
:105950000402F8FFC0FE66FDAEF976FB7E00BD05D1
:10596000ABFCA6FFF1FE3E036B0073FA09FF49FC96
:1059700072FEC1031CFA2BFDC001D7FBA50205FB7B
:10598000B1FBAE012B024B031DFB67030E06690042
:10599000A6014B02B10015FFDDFE34FE260675069A
:1059A0000AFF0A0387046DFFF7FCCB05A6FD5F0421
:1059B000CAF9840298FC5D01A201490164FFB5FFA8
:1059C000310349045B0262022A05FBFA47FA8001AF
:1059D00041FB78FFC204C9FA96FCDC005DFB85F947
:1059E0005FFB06FA02FB1A031AFAAAFC9AFCDE0114
:1059F00094FFCCFEE403DF03BE034CFAF2055C0621
:105A00000100000000000000828000000000000093
:105A10008A8000000000008000800080000000807C
:105A20008B800000000000000100008000000000EA
:105A3000818000800000008009800000000000805C
:105A40008A00000000000000880000000000000044
:105A500009800080000000000A00008000000000B3
:105A60008B800080000000008B00000000000080A0
:105A7000898000000000008003800000000000809A
:105A80000280000000000080800000000000008014
:105A90000A800000000000000A0000800000008072
:105AA0008180008000000080808000000000008075
:105AB00001000080000000000880008000000080DD
:105AC0000000000000000000FD13010009140100A7
:105AD000A3120200A3120200A3120200A3120200EA
:105AE000A3120200A3120200A31202000000000091
:105AF000000000000000000029140100351401001E
:105B0000A3120200A3120200A3120200A3120200B9
:105B1000A3120200A3120200A3120200A3120200A9
:105B2000001B362D6C775A41637C777BF26B6FC517
:105B30003001672BFED7AB76CA82C97DFA5947F090
:105B4000ADD4A2AF9CA472C0B7FD9326363FF7CC6C
:105B500034A5E5F171D8311504C723C31896059A09
:105B6000071280E2EB27B27509832C1A1B6E5AA02C
:105B7000523BD6B329E32F8453D100ED20FCB15B17
:105B80006ACBBE394A4C58CFD0EFAAFB434D338580
:105B900045F9027F503C9FA851A3408F929D38F554
:105BA000BCB6DA2110FFF3D2CD0C13EC5F9744178B
:105BB000C4A77E3D645D197360814FDC222A908802
:105BC00046EEB814DE5E0BDBE0323A0A4906245C8E
:105BD000C2D3AC629195E479E7C8376D8DD54EA9F3
:105BE0006C56F4EA657AAE08BA78252E1CA6B4C6BF
:105BF000E8DD741F4BBD8B8A703EB5664803F60E18
:105C0000613557B986C11D9EE1F8981169D98E9406
:105C10009B1E87E9CE5528DF8CA1890DBFE642681F
:105C200041992D0FB054BB1652096AD53036A538AC
:105C3000BF40A39E81F3D7FB7CE339829B2FFF8774
:105C4000348E4344C4DEE9CB547B9432A6C2233D58
:105C5000EE4C950B42FAC34E082EA16628D924B209
:105C6000765BA2496D8BD12572F8F664866898162A
:105C7000D4A45CCC5D65B6926C704850FDEDB9DA89
:105C80005E154657A78D9D8490D8AB008CBCD30A77
:105C9000F7E45805B8B34506D02C1E8FCA3F0F0253
:105CA000C1AFBD0301138A6B3A9111414F67DCEA22
:105CB00097F2CFCEF0B4E67396AC7422E7AD35859B
:105CC000E2F937E81C75DF6E47F11A711D29C589A5
:105CD0006FB7620EAA18BE1BFC563E4BC6D2792087
:105CE0009ADBC0FE78CD5AF41FDDA8338807C73190
:105CF000B11210592780EC5F60517FA919B54A0D88
:105D00002DE57A9F93C99CEFA0E03B4DAE2AF5B0FC
:105D1000C8EBBB3C83539961172B047EBA77D62618
:105D2000E169146355210C7D0000000000000000B3
:105D3000E5180100F9180100D3140100A3120200B4
:105D4000A3120200CD1701004D1801000B1901002C
:105D50000001020408102040801B36FFFFFFFFFFF8
:105D600000000000000000001123010039230100A1
:105D70002D20010039200100F32101000D21010037
:105D8000412001004B230100CD2101003D200100F5
:105D90002B220100772201004D22010000000000AB
:105DA00008C9BCF367E6096A3BA7CA8485AE67BB2E
:105DB0002BF894FE72F36E3CF1361D5F3AF54FA559
:105DC000D182E6AD7F520E511F6C3E2B8C68059B35
:105DD0006BBD41FBABD9831F79217E1319CDE05BED
:105DE0000000000000000000A5240100C5240100FF
:105DF0004D240100512401006D240100252A0100D9
:105E0000AB2A0100552401006F2B0100A12B0100DA
:105E100022AE28D7982F8A42CD65EF23914437715F
:105E20002F3B4DECCFFBC0B5BCDB8981A5DBB5E9D1
:105E300038B548F35BC2563919D005B6F111F1599E
:105E40009B4F19AFA4823F9218816DDAD55E1CABCF
:105E5000420203A398AA07D8BE6F7045015B831264
:105E60008CB2E44EBE853124E2B4FFD5C37D0C551F
:105E70006F897BF2745DBE72B196163BFEB1DE8017
:105E80003512C725A706DC9B942669CF74F19BC108
:105E9000D24AF19EC1699BE4E3254F388647BEEFA5
:105EA000B5D58C8BC69DC10F659CAC77CCA10C245D
:105EB00075022B596F2CE92D83E4A66EAA84744ACF
:105EC000D4FB41BDDCA9B05CB5531183DA88F97607
:105ED000ABDF66EE52513E981032B42D6DC631A83C
:105EE0003F21FB98C82703B0E40EEFBEC77F59BF20
:105EF000C28FA83DF30BE0C625A70A934791A7D50B
:105F00006F8203E05163CA06706E0E0A6729291476
:105F1000FC2FD246850AB72726C9265C38211B2EBE
:105F2000ED2AC45AFC6D2C4DDFB3959D130D3853EB
:105F3000DE63AF8B54730A65A8B2773CBB0A6A76FE
:105F4000E6AEED472EC9C2813B358214852C729294
:105F50006403F14CA1E8BFA2013042BC4B661AA811
:105F60009197F8D0708B4BC230BE5406A3516CC7CA
:105F70001852EFD619E892D110A96555240699D682
:105F80002A20715785350EF4B8D1BB3270A06A1043
:105F9000C8D0D2B816C1A41953AB4151086C371EF2
:105FA00099EB8EDF4C774827A8489BE1B5BCB0340D
:105FB000635AC9C5B30C1C39CB8A41E34AAAD84EEF
:105FC00073E363774FCA9C5BA3B8B2D6F36F2E68B6
:105FD000FCB2EF5DEE828F74602F17436F63A5787C
:105FE00072ABF0A11478C884EC39641A0802C78C2B
:105FF000281E6323FAFFBE90E9BD82DEEB6C50A43D
:106000001579C6B2F7A3F9BE2B5372E3F27871C6C5
:106010009C6126EACE3E27CA07C2C021C7B886D1F6
:106020001EEBE0CDD67DDAEA78D16EEE7F4F7DF5BE
:10603000BA6F1772AA67F006A698C8A2C57D630A50
:10604000AE0DF9BE04983F111B471C13350B711B95
:10605000847D0423F577DB289324C7407BABCA32C9
:10606000BCBEC9150ABE9E3C4C0D109CC4671D43A6
:10607000B6423ECBBED4C54C2A7E65FC9C297F59D6
:10608000ECFAD63AAB6FCB5F1758474A8C19446C81
:10609000657870616E642033322D62797465206B8F
:1060A000B02AAE7DEECBBBB1FC036FDDDC7D766745
:1060B0000CE81F0DA3A0AA1EB0BD726B2B4C8A7EEC
:1060C00034FC3760F41E22A00BFB188460A57772A5
:1060D000982F8A4291443771CFFBC0B5A5DBB5E953
:1060E0005BC25639F111F159A4823F92D55E1CABC7
:1060F00098AA07D8015B8312BE853124C37D0C5555
:10610000745DBE72FEB1DE80A706DC9B74F19BC19C
:10611000C1699BE48647BEEFC69DC10FCCA10C248C
:106120006F2CE92DAA84744ADCA9B05CDA88F97670
:1061300052513E986DC631A8C82703B0C77F59BFDA
:10614000F30BE0C64791A7D55163CA066729291406
:10615000850AB72738211B2EFC6D2C4D130D3853A3
:1061600054730A65BB0A6A762EC9C281852C729265
:10617000A1E8BFA24B661AA8708B4BC2A3516CC793
:1061800019E892D1240699D685350EF470A06A10CC
:1061900016C1A419086C371E4C774827B5BCB0341B
:1061A000B30C1C394AAAD84E4FCA9C5BF36F2E68B9
:1061B000EE828F746F63A5781478C8840802C78C48
:1061C000FAFFBE90EB6C50A4F7A3F9BEF27871C64B
:1061D00000000000000000002932010049320100E7
:1061E000B1310100B5310100B9310100393401008C
:1061F0009D340100113201005B3501008D35010035
:106200000000000000000000F9350100193601000F
:10621000D3140100F53501002B360100CD17010024
:106220004D1801000B19010059F1B226949BD6EBD1
:1062300056B183829A14E00030D1F3EEF2808E19C9
:10624000E7FCDF56DCD90624A3DDB7A5B38ADE6DF3
:10625000F5525177809FF0207DE3AB648E4EEA6665
:1062600065768BD70F5F8767EDD3F55C1A6312589D
:10627000D69CF7A2DEF9DE1400000000000000004A
:1062800000000000000000101B132C0AA3E59CED89
:10629000A72963085D210621EBFFFFFFFFFFFFFF3A
:1062A000FFFFFFFFFFFFFFFF0F00000001000000E6
:1062B00000000000000000000000000000000000DE
:1062C0000000000000000000000000001AD5258F2B
:1062D000602D56C9B2A7259560C72C695CDCD6FD38
:1062E00031E2A4C0FE536ECDD3366921586666668E
:1062F000666666666666666666666666666666663E
:10630000666666666666666666666666FFFFFFFFC9
:106310000000000000000000413D01004D3D010073
:10632000A3120200A3120200A3120200A312020091
:10633000A3120200A31202000000000000000000EF
:10634000793E0100A13E01006D3D0100793D010053
:10635000293E01004F3E01007D3D0100D33D01007B
:10636000B33E01000000000000000000000000003B
:10637000FD3E0100113F0100A3120200A312020022
:10638000A3120200A3120200A3120200A312020031
:10639000A3120200A3120200A3120200A312020021
:1063A000A312020000000000000000000000000036
:1063B0004D40010075400100393F01003D3F0100A3
:1063C0004D3F0100ED3F010091420100413F0100BE
:1063D0002F40010000000000657870616E6420317C
:1063E000362D62797465206B00657870616E64206B
:1063F00033322D62797465206B0041424344454637
:106400004748494A4B4C4D4E4F50515253545556A4
:106410005758595A6162636465666768696A6B6C4C
:106420006D6E6F707172737475767778797A3031BA
:1064300032333435363738392B2F00FF082000012E
:106440002FFCFFFFFEFFFFFFFFFFFFFFFFFFFFFF30
:10645000FFFFFFFFFFFFFFFFFFFFFFFFFFFFFFFF4C
:10646000414136D08C5ED2BF3BA048AFE6DCAEBA2D
:10647000FEFFFFFFFFFFFFFFFFFFFFFFFFFFFFFF2D
:106480009817F8165B81F259D928CE2DDBFC9B02B8
:10649000070B87CE9562A055ACBBDCF97E66BE7952
:1064A000B8D410FB8FD0479C195485A648B417FD6B
:1064B000A808110EFCFBA45D65C4A32677DA3A4850
:1064C00007000000000000000000000000000000C5
:1064D00000000000000000000000000000000000BC
:1064E00051590100914D0100FD4D010008200001AE
:1064F000FFFFFFFFFFFFFFFFFFFFFFFF00000000A8
:10650000000000000000000001000000FFFFFFFF8E
:10651000512563FCC2CAB9F3849E17A7ADFAE6BC45
:10652000FFFFFFFFFFFFFFFF00000000FFFFFFFF77
:1065300096C298D84539A1F4A033EB2D817D03771D
:10654000F240A463E5E6BCF847422CE1F2D1176BB8
:10655000F551BF376840B6CBCE5E316B5733CE2B8B
:10656000169E0F7C4AEBE78E9B7F1AFEE242E34FBA
:106570004B60D2273E3CCE3BF6B053CCB0061D65F7
:10658000BC86987655BDEBB3E7933AAAD835C65A80
:10659000FD570100654B0100C94B0100303132331A
:1065A0003435363738396162636465660063626426
:1065B00065666768696A6B6C6E7274757600637C79
:1065C000777BF26B6FC53001672BFED7AB76CA8243
:1065D000C97DFA5947F0ADD4A2AF9CA472C0B7FDF3
:1065E0009326363FF7CC34A5E5F171D8311504C7B1
:1065F00023C31896059A071280E2EB27B275098328
:106600002C1A1B6E5AA0523BD6B329E32F8453D1C8
:1066100000ED20FCB15B6ACBBE394A4C58CFD0EFBD
:10662000AAFB434D338545F9027F503C9FA851A3F7
:10663000408F929D38F5BCB6DA2110FFF3D2CD0C15
:1066400013EC5F974417C4A77E3D645D19736081A6
:106650004FDC222A908846EEB814DE5E0BDBE03277
:106660003A0A4906245CC2D3AC629195E479E7C842
:10667000376D8DD54EA96C56F4EA657AAE08BA78B6
:10668000252E1CA6B4C6E8DD741F4BBD8B8A703E58
:10669000B5664803F60E613557B986C11D9EE1F80F
:1066A000981169D98E949B1E87E9CE5528DF8CA15D
:1066B000890DBFE6426841992D0FB054BB16010207
:1066C0000408102040801B368000000000000000FD
:1066D00000000000000000000000000000000000BA
:1066E00000000000000000000000000000000000AA
:1066F000000000000000000000000000000000009A
:106700000000000000000000000000000000000089
:106710000000000000000000000000000000000079
:106720000000000000000000000000000000000069
:106730000000000000000000000000000000000059
:10674000000000000000000022AE28D7982F8A42E7
:10675000CD65EF23914437712F3B4DECCFFBC0B596
:10676000BCDB8981A5DBB5E938B548F35BC2563996
:1067700019D005B6F111F1599B4F19AFA4823F9280
:1067800018816DDAD55E1CAB420203A398AA07D824
:10679000BE6F7045015B83128CB2E44EBE8531241E
:1067A000E2B4FFD5C37D0C556F897BF2745DBE7278
:1067B000B196163BFEB1DE803512C725A706DC9BDD
:1067C000942669CF74F19BC1D24AF19EC1699BE4C2
:1067D000E3254F388647BEEFB5D58C8BC69DC10FDC
:1067E000659CAC77CCA10C2475022B596F2CE92D3C
:1067F00083E4A66EAA84744AD4FB41BDDCA9B05CD4
:10680000B5531183DA88F976ABDF66EE52513E98C4
:106810001032B42D6DC631A83F21FB98C82703B0B4
:10682000E40EEFBEC77F59BFC28FA83DF30BE0C691
:1068300025A70A934791A7D56F8203E05163CA0643
:10684000706E0E0A67292914FC2FD246850AB727D5
:1068500026C9265C38211B2EED2AC45AFC6D2C4D0E
:10686000DFB3959D130D3853DE63AF8B54730A6508
:10687000A8B2773CBB0A6A76E6AEED472EC9C28164
:106880003B358214852C72926403F14CA1E8BFA2BF
:10689000013042BC4B661AA89197F8D0708B4BC25E
:1068A00030BE5406A3516CC71852EFD619E892D1E6
:1068B00010A96555240699D62A20715785350EF4FE
:1068C000B8D1BB3270A06A10C8D0D2B816C1A41912
:1068D00053AB4151086C371E99EB8EDF4C7748273C
:1068E000A8489BE1B5BCB034635AC9C5B30C1C3988
:1068F000CB8A41E34AAAD84E73E363774FCA9C5BC5
:10690000A3B8B2D6F36F2E68FCB2EF5DEE828F743F
:10691000602F17436F63A57872ABF0A11478C88419
:10692000EC39641A0802C78C281E6323FAFFBE9054
:10693000E9BD82DEEB6C50A41579C6B2F7A3F9BEAF
:106940002B5372E3F27871C69C6126EACE3E27CAC9
:1069500007C2C021C7B886D11EEBE0CDD67DDAEAEA
:1069600078D16EEE7F4F7DF5BA6F1772AA67F00689
:10697000A698C8A2C57D630AAE0DF9BE04983F1162
:106980001B471C13350B711B847D0423F577DB2813
:106990009324C7407BABCA32BCBEC9150ABE9E3C1D
:1069A0004C0D109CC4671D43B6423ECBBED4C54CB3
:1069B0002A7E65FC9C297F59ECFAD63AAB6FCB5FF7
:1069C0001758474A8C19446CD8690200846A02003F
:1069D000086A0200546A0200050000004D6A0200C5
:1069E0001C0000004000000095730100917301003D
:1069F0008D73010081730100657301004D73010007
:106A00004773010043730100070000003F6A020062
:106A10003000000080000000F1730100ED73010000
:106A2000E9730100DD730100C1730100A973010066
:106A3000A5730100A1730100534841353132005361
:106A400048413338340053484132353600534841C9
:106A50003232340008000000386A020040000000B2
:106A600080000000F7730100ED730100E97301007D
:106A7000E3730100C1730100A9730100A573010054
:106A8000A173010006000000466A02002000000019
:106A9000400000009B730100917301008D730100A1
:106AA00087730100657301004D7301004773010096
:106AB000437301008000000000000000000000009F
:106AC00000000000000000000000000000000000C6
:106AD00000000000000000000000000000000000B6
:106AE00000000000000000000000000000000000A6
:106AF00000000000982F8A4291443771CFFBC0B547
:106B0000A5DBB5E95BC25639F111F159A4823F9278
:106B1000D55E1CAB98AA07D8015B8312BE853124D1
:106B2000C37D0C55745DBE72FEB1DE80A706DC9B92
:106B300074F19BC1C1699BE48647BEEFC69DC10F3E
:106B4000CCA10C246F2CE92DAA84744ADCA9B05C7A
:106B5000DA88F97652513E986DC631A8C82703B03D
:106B6000C77F59BFF30BE0C64791A7D55163CA064B
:106B700067292914850AB72738211B2EFC6D2C4D57
:106B8000130D385354730A65BB0A6A762EC9C28145
:106B9000852C7292A1E8BFA24B661AA8708B4BC2DB
:106BA000A3516CC719E892D1240699D685350EF405
:106BB00070A06A1016C1A419086C371E4C774827BC
:106BC000B5BCB034B30C1C394AAAD84E4FCA9C5B32
:106BD000F36F2E68EE828F746F63A5781478C88483
:106BE0000802C78CFAFFBE90EB6C50A4F7A3F9BE65
:106BF000F27871C625642E2564006086480165031D
:106C00000402040069642D736861323234006086C6
:106C1000480165030402010069642D73686132351F
:106C200036006086480165030402020069642D7322
:106C3000686133383400608648016503040203004C
:106C400069642D736861353132002A864886F70DF4
:106C500001010100727361456E6372797074696F2E
:106C60006E00525341002A8648CE3D0201006964FD
:106C70002D65635075626C69634B65790047656E7D
:106C800065726963204543206B6579002B8104019F
:106C90000C0069642D65634448004543206B6579A9
:106CA00020666F722045434448002A864886F70DC7
:106CB00001010E00736861323234576974685253AF
:106CC00041456E6372797074696F6E005253412052
:106CD00077697468205348412D323234002A86483F
:106CE00086F70D01010B0073686132353657697400
:106CF00068525341456E6372797074696F6E0052C9
:106D000053412077697468205348412D323536004D
:106D10002A864886F70D01010C0073686133383408
:106D200057697468525341456E6372797074696F24
:106D30006E005253412077697468205348412D33C7
:106D40003834002A864886F70D01010D007368610A
:106D500035313257697468525341456E63727970A8
:106D600074696F6E005253412077697468205348EC
:106D7000412D353132002A864886F70D01010A007F
:106D80005253415353412D50535300FFFA6B0200AD
:106D900009000000046C0200D56C02000500000030
:106DA0000E6C020009000000186C0200086D020061
:106DB00006000000226C0200090000002C6C02009A
:106DC0003B6D020007000000366C02000900000065
:106DD000406C02006E6D0200080000000000000020
:106DE00000000000000000000000000000000000A3
:106DF00041DB000000000000010000000000000076
:106E00000000000000000000000000000000000082
:106E10000000000000000000000000000000000072
:106E20000000000000000000000000000000000062
:106E30000000000000000000000000000000000052
:106E40000000000000000000000000000000000042
:106E50000000000000000000000000000000000032
:106E60000000000000000000000000000000000022
:106E7000657870616E642033322D62797465206BA1
:106E800009000000000000000000000000000000F9
:106E900000000000000000000000000000000000F2
:106EA00043626F72496E74656765725479706500EC
:106EB00043626F7242797465537472696E67547974
:106EC00070650043626F7254657874537472696EB2
:106ED00067547970650043626F72417272617954D0
:106EE0007970650043626F724D617054797065000E
:106EF00043626F72546167547970650043626F72C8
:106F000053696D706C65547970650043626F7242AD
:106F10006F6F6C65616E547970650043626F724E7D
:106F2000756C6C547970650043626F72556E646560
:106F300066696E6564547970650043626F7248617A
:106F40006C66466C6F6174547970650043626F7251
:106F5000466C6F6174547970650043626F72446F60
:106F600075626C655479706500496E76616C696410
:106F7000207479706500696400646973706C61796C
:106F80004E616D650069636F6E00616C67007075BE
:106F9000626C69632D6B657900726B0075760068B1
:106FA0006D61632D7365637265740063726564500F
:106FB000726F7465637400617070732E6372702EEB
:106FC000746F0200EBAEE329090A5B5192E0BD1336
:106FD0002D5C22C6D18A4D23FC8EFD4A21AFA8E448
:106FE000C8FD935400617070732E6F6E6C796B6581
:106FF000792E696F0200AE3C14A610DEE7C1611C59
:107000008BDCE653705E43B54D089D25317C942C96
:10701000F05169DCC7AA004572726F722072657305
:10702000706F6E736520746F6F206C61726765207E
:10703000746F2073746F7265004572726F72206D89
:10704000616C666F726D656420726573706F6E73CC
:1070500065004572726F7200998F358B2DD24CBED0
:10706000A43AE8107438DFB30079D699DF01914B68
:1070700010B9035467E7CE8231005532465F56326D
:10708000002F776F726B2F61726475696E6F2F6C52
:1070900069627261726965732F6669646F322F630A
:1070A0007461702E637070004649444F5F325F30E8
:1070B000004649444F5F325F315F50524500706C6B
:1070C000617400637265644D676D7400636C69651B
:1070D0006E7450696E007369670078356300706183
:1070E000636B6564004572726F7220757365204F23
:1070F0004B4445435259505420666F722064657268
:107100006976656420582D57696E672064656361F0
:107110007073756C6174696F6E004572726F722066
:107120006D657373616765206661696C6564206174
:10713000757468656E7469636174696F6E00457219
:10714000726F722073746F726564206B657920753D
:107150007365206F766572204649444F32206E6F0A
:107160007420656E61626C656400308202CF30828B
:107170000275A003020102020100300A06082A86F5
:1071800048CE3D040302307B310B30090603550421
:1071900006130255533117301506035504080C0E1B
:1071A0004E6F727468204361726F6C696E61311446
:1071B0003012060355040A0C0B43727970746F5435
:1071C000727573743110300E060355040B0C0752A0
:1071D0006F6F74204341310F300D06035504030CCB
:1071E000066372702E746F311A301806092A8648A9
:1071F00086F70D010901160B696E666F40637270A8
:107200002E746F3020170D31393038303931323229
:107210003630385A180F323036393037323731324B
:10722000323630385A30818D310B3009060355041F
:1072300006130255533117301506035504080C0E7A
:107240004E6F727468204361726F6C696E613114A5
:107250003012060355040A0C0B43727970746F5494
:107260007275737431223020060355040B0C1941DA
:10727000757468656E74696361746F7220417474AB
:107280006573746174696F6E310F300D06035504B8
:10729000030C066372702E746F311A301806092AB7
:1072A000864886F70D010901160B696E666F40630B
:1072B00072702E746F3059301306072A8648CE3DFF
:1072C000020106082A8648CE3D0301070342000456
:1072D00078076610CF5B050795D2B6425D4EADF0DC
:1072E00065340A90C8AA8A6213DB95A04B0C95FC02
:1072F000828F2DF84B79DD3EE9F00228A68CE862FA
:10730000154E3BA9E684602D7576DD9D9A2C4C6A5E
:10731000A381D43081D1301D0603551D0E041604FF
:1073200014DBA0676363C4F7F571ED00820F92D39D
:1073300065657687483081970603551D2304818F44
:1073400030818CA17FA47D307B310B300906035541
:107350000406130255533117301506035504080C63
:107360000E4E6F727468204361726F6C696E61318A
:10737000143012060355040A0C0B43727970746FB3
:1073800054727573743110300E060355040B0C07DC
:10739000526F6F74204341310F300D0603550403C3
:1073A0000C066372702E746F311A301806092A8623
:1073B0004886F70D010901160B696E666F4063720E
:1073C000702E746F820900A5857B46325AE6E13043
:1073D000090603551D1304023000300B0603551D2A
:1073E0000F0404030204F0300A06082A8648CE3D42
:1073F0000403020348003045022100A56A92506A46
:10740000981821E59B3C2E7652C9CED1B40F96290F
:10741000BC3C891D241589B3FF9336022039DD74E5
:1074200035FD8BEF381EC38DE53F74CD68B07718FE
:107430004184A2408F58281BA81715B7320030820C
:1074400002D930820280A003020102020101300A47
:1074500006082A8648CE3D040302307B310B3009F2
:10746000060355040613025553311730150603550C
:1074700004080C0E4E6F727468204361726F6C6961
:107480006E6131143012060355040A0C0B437279F5
:1074900070746F54727573743110300E0603550496
:1074A0000B0C07526F6F74204341310F300D0603F0
:1074B0005504030C066372702E746F311A3018066F
:1074C000092A864886F70D010901160B696E666F59
:1074D000406372702E746F3020170D3232303232AA
:1074E000313230313133315A180F32303732303295
:1074F00030393230313133315A30818D310B3009EE
:10750000060355040613025553311730150603556B
:1075100004080C0E4E6F727468204361726F6C69C0
:107520006E6131143012060355040A0C0B43727954
:1075300070746F54727573743122302006035504D1
:107540000B0C1941757468656E74696361746F72B0
:10755000204174746573746174696F6E310F300DFE
:1075600006035504030C066372702E746F311A30D3
:107570001806092A864886F70D010901160B696E5F
:10758000666F406372702E746F3059301306072A8D
:107590008648CE3D020106082A8648CE3D030107F3
:1075A00003420004F0C70606BB77AB8D81A5231309
:1075B0005E50871BE0C9E4ED521DEE4C62425E1D39
:1075C0004CFF9A79FCDFDCDC4163A20D06A0E3747A
:1075D0007CC6692198FA383EF4582D485CEA554338
:1075E00087DB7ED6A381DF3081DC301D0603551D8D
:1075F0000E04160414C16DDB03C0DE975740F696E7
:10760000D94817BDE125CBB4A43081A20603551D8E
:107610002304819A308197A17FA47D307B310B3088
:107620000906035504061302555331173015060396
:107630005504080C0E4E6F727468204361726F6CB3
:10764000696E6131143012060355040A0C0B437243
:107650007970746F54727573743110300E0603555F
:10766000040B0C07526F6F74204341310F300D062D
:10767000035504030C066372702E746F311A3018B0
:1076800006092A864886F70D010901160B696E6600
:107690006F406372702E746F8214537A3BBC672004
:1076A000A6FBE3CDE9AA2AA0B804FA56940C300947
:1076B0000603551D1304023000300B0603551D0F41
:1076C0000404030204F0300A06082A8648CE3D046A
:1076D0000302034700304402205C3C9E62C4EB2658
:1076E000CC11A7CE7218265E9707E0D22C7705A59D
:1076F0000EE7EB79D2FE07E0A20220475ACCBBEF9F
:107700000D3D782FEC123A15706926C11719913B7F
:1077100066AD8A0DCE0BA28D8315B5008C2790F631
:107720000015191519151915000100003F8DFF1FCF
:1077300012000000000200006A8DFF1F820000009E
:1077400000220300EC8DFF1F210000000021030038
:10775000D58DFF1F0900000000220000F48CFF1FE0
:107760004B000000002100007C8DFF1F090000007D
:10777000002201000D8EFF1F2200000000210100E9
:10778000958DFF1F09000000002202002F8EFF1FB1
:107790002200000000210200B58DFF1F090000003B
:1077A00000030000628EFF1F0000000000030904B8
:1077B000628EFF1F0000000001020000628EFF1FAA
:1077C0000000000001030904528DFF1F00000000AB
:1077D00002030904528EFF1F000000000303090486
:1077E000668EFF1F00000000000000000000000087
:1077F000000000004008FE4340A004404408FE434F
:1078000044A004400018FE4300C004403000FE4382
:10781000309004403400FE43349004401C18FE4372
:107820001CC004401018FE4310C004400818FE435A
:1078300008C004400C18FE430CC004400C10FE436A
:107840000CB004401010FE4310B004401810FE436A
:1078500018B004401C10FE431CB004401410FE433A
:1078600014B004400418FE4304C004400010FE435A
:1078700000B004400008FE4300A004400408FE439A
:1078800004A004400C08FE430CA004400808FE437A
:1078900008A004401418FE4314C004401818FE4306
:1078A00018C004400410FE4304B004400810FE4316
:1078B00008B004401400FE43149004404C08FE43FA
:1078C0004CA004400420FE4304D004402410FE4396
:1078D00024B004402010FE4320B004402810FE4392
:1078E00028B004402C10FE432CB004400020FE437E
:1078F00000D004404808FE4348A004401000FE4366
:10790000109004404000800000003F00000754F049
:1079100000000002000400032FF00000A4F09FF01C
:107920006FF088F000000000000000000000000080
:107930000000000000000000000000000000000047
:107940000000000000000000AC200000000000006B
:1079500000000000000000000000000088F00000AF
:107960000000000000000000000000000000000017
:10797000FF072CF038F020F0A0F030F074F01EF08B
:1079800021F022F02DF031F06EF010F023F076F0BF
:1079900077F067F05EF05FF060F061F062F063F046
:1079A00064F065F066F037F036F03F002EF07F00AF
:1079B00050F0A7F054F045F046F047F048F049F099
:1079C0004AF04BF04CF04DF04EF04FF073F051F0A8
:1079D00052F053F044F055F056F057F058F059F08B
:1079E0005DF05BF05CF05AF0A2F0A5F0ADF0A6F00F
:1079F00025F02CF214F005F006F007F008F009F07D
:107A00000AF00BF00CF00DF00EF00FF033F011F067
:107A100012F013F004F015F016F017F018F019F04A
:107A20001DF01BF01CF01AF0A1F0A3F0AEF02CF446
:107A30002AF02CF00000000070F0B0F00000000010
:107A400078F02CF3000000000000000000000000AF
:107A500000006DF0000035F00000000071F0000043
:107A60000000000000000000000000000000000016
:107A7000000054F2000054F054F454F300000000ED
:107A8000000048F200009CE048F34CF20000A0E047
:107A90004CF3000051F452F20000A6E052F452F30D
:107AA0000000000058F20000ACE018F300000000F5
:107AB000000027F0000068E014F414F30000000058
:107AC00026F024F01FF05CE008F30CF2000060E008
:107AD0000CF3000011F412F2000066E012F412F34D
:107AE0000000000033F000006CE018F3000000001C
:107AF0001CF3FFFF9CFDFF1F7CFFFF1F3CFFFF1FD0
:107B000048FFFF1F3AFFFF1F42FFFF1F70FFFF1FCD
:107B100072FEFF1F94FDFF1FA0FDFF1F78FFFF1FD8
:107B200092FDFF1F44FFFF1F76FFFF1F6EFEFF1F2A
:107B300046FFFF1F4AFFFF1F70FEFF1F6AFEFF1F69
:107B400036FFFF1F9AFDFF1F3EFFFF1F38FFFF1F7D
:107B50006CFEFF1FA6FDFF1F96FDFF1F40FFFF1FCE
:107B600098FDFF1FA2FDFF1FA4FDFF1F9EFDFF1F2D
:107B700072FFFF1F6EFFFF1F74FFFF1F4CFFFF1FF1
:107B80004EFFFF1F50FFFF1F52FFFF1F54FFFF1F3D
:107B900056FFFF1F58FFFF1F7EFFFF1F90FDFF1FB7
:107BA0005EFFFF1F5AFFFF1F5CFFFF1F74FEFF1FDA
:107BB00060FFFF1F62FFFF1F64FFFF1F66FFFF1FC5
:107BC00068FFFF1F6AFFFF1F6CFFFF1F7AFFFF1F89
:107BD0004000800000003F00000F44F0000800005B
:107BE0000000000AA0F0A6F000000000ADF088F050
:107BF000000135F00000000000050002000400064E
:107C000000070009A2F09FF0A1F0A3F0A5F0A7F0F3
:107C10000000000060016101100111010C010D0163
:107C2000060107017D017E016FF02FF070F030F04A
:107C300073F033F074F034F071F031F0FF0F2CF08A
:107C40005EF05FF060F061F062F063F02DF065F0DF
:107C500066F06EF02EF036F038F037F064F027F072
:107C60001EF01FF020F021F022F023F024F025F088
:107C700026F077F076F03F0067F07F006DF099F026
:107C800044F045F046F047F048F049F04AF04BF038
:107C90004CF04DF04EF04FF050F051F052F053F0E8
:107CA00054F055F056F057F058F059F05AF05BF098
:107CB0005DF05CF089F094F08AF02CF378F0A4F099
:107CC00004F005F006F007F008F009F00AF00BF0F8
:107CD0000CF00DF00EF00FF010F011F012F013F0A8
:107CE00014F015F016F017F018F019F01AF01BF058
:107CF0001DF01CF085F09AF091F09EF02AF02CF027
:107D0000000000000000B1F00000000090F02CFA2C
:107D100000000000000000000000000000002CF542
:107D20000000000000002CF80000000000002CF112
:107D30000000000000000000000000000000000043
:107D400044F844F0000044FA0000000046F100004E
:107D500048F88CE048FA00004CF890E04CFA00003B
:107D60000000000052F896E0000052FAB0F0000067
:107D7000000058F89CE058FA5DF80000B4F00000EC
:107D800004F848E0000004FA0000000006F10000DA
:107D900008F84CE008FA00000CF850E00CFA00007B
:107DA0000000000012F856E0000012FAAFF00000E8
:107DB000000018F85CE018FA1DF800000000400010
:107DC000800000003F00000744F0000500020004AE
:107DD00000032EF0ADF06EF0AEF030F088F0000051
:107DE0000000000000000000000000000000000093
:107DF0000000000000000000000000000000000083
:107E00000000AC20000000000000000000000000A6
:107E100000000000000088F00000000000000000EA
:107E200000000000000000000000FF072CF070F0D0
:107E30005FF0A0F031F062F063F02DF065F066F0D5
:107E400060F05EF036F038F037F064F027F01EF0A6
:107E50001FF020F021F022F023F024F025F026F08E
:107E600077F076F03F0067F07F006DF09FF044F010
:107E700045F046F047F048F049F04AF04BF04CF03E
:107E80004DF04EF04FF050F051F052F053F054F0EE
:107E900055F056F057F058F059F05AF05BF05DF09D
:107EA0005CF0AFF0BF00B0F02CF178F02CF204F0F1
:107EB00005F006F007F008F009F00AF00BF00CF0FE
:107EC0000DF00EF00FF010F011F012F013F014F0AE
:107ED00015F016F017F018F019F01AF01BF01DF05D
:107EE0001CF0B4F0A4F0B1F02CF42AF02CF0000057
:107EF000A5F071F0000000009EF0A2F02CF300004D
:107F000000000000A3F0000000000000A1F000004D
:107F1000000000002CF50000000000000000000040
:107F200000000000000000000000000044F244F5E2
:107F300044F044F444F300000000000048F248F527
:107F40008CE048F34CF24CF590E04CF3000051F417
:107F500052F252F596E052F452F30000000058F24B
:107F600058F59CE058F35CF50000000034F004F58F
:107F700048E004F474F00000000061F02FF033F0EA
:107F80004CE008F30CF20CF550E00CF3000011F497
:107F900012F212F556E012F473F00000000018F22D
:107FA00018F55CE06FF01CF500001CF34000800049
:107FB00000003F0000070001000200030000000471
:107FC000B4F02FF0B1F000006FF0000000000000EE
:107FD00000000000000000000000000000000000A1
:107FE0000000000000000000000000000000000091
:107FF0000000000000000000000000000000000081
:108000000000000000000000000000000000000070
:108010000000000000000000FF072CF05EF05FF0A1
:10802000A0F061F062F063F02DF065F066F070F0A2
:1080300030F036F038F037F064F027F01EF01FF023
:1080400020F021F022F023F024F025F026F077F044
:1080500076F03F0067F07F006DF094F044F045F05B
:1080600046F047F048F049F04AF04BF04CF04DF044
:108070004EF04FF050F051F052F053F054F055F0F4
:1080800056F057F058F059F05AF05BF05CF05DF0A4
:1080900074F0ADF071F02CF178F02CF304F005F0F1
:1080A00006F007F008F009F00AF00BF00CF00DF004
:1080B0000EF00FF010F011F012F013F014F015F0B4
:1080C00016F017F018F019F01AF01BF01CF01DF064
:1080D00034F035F031F0B0F02AF02CF06EF0000002
:1080E000000000000000000000002CF40000000070
:1080F0000000B5F000000000000075F00000000076
:1081000000002CF200000000000000000000000051
:1081100000000000000000002EF044F344F244F19F
:10812000000044F400000000000048F348F248F169
:1081300048F44CF34CF24CF14CF4000073F052F361
:1081400052F252F1000052F40000000058F358F2CD
:1081500058F158F45CF20000000004F304F204F15A
:10816000000004F400000000000008F308F208F129
:1081700008F40CF30CF20CF10CF4000033F012F3E1
:1081800012F212F1000012F40000000018F318F2CD
:1081900018F118F41CF200001CF4400080000000EC
:1081A0003F00000744F000050002000400032EF029
:1081B000ADF06EF0AEF030F088F00000000000008E
:1081C00000000000000000000000000000000000AF
:1081D0000000000000000000000000000000AC20D3
:1081E000000000000000000000000000000000008F
:1081F000000088F000000000000000000000000007
:10820000000000000000FF072CF070F05FF0A0F00D
:1082100031F062F063F02DF065F066F060F05EF032
:1082200036F038F037F064F027F01EF01FF020F041
:1082300021F022F023F024F025F026F077F076F0FC
:108240003F0067F07F006DF09FF044F045F046F08E
:1082500047F048F049F04AF04BF04CF04DF04EF04A
:108260004FF050F051F052F053F054F055F056F0FA
:1082700057F058F059F05AF05BF05DF05CF0AFF059
:10828000BF00B0F02CF178F02CF204F005F006F00D
:1082900007F008F009F00AF00BF00CF00DF00EF00A
:1082A0000FF010F011F012F013F014F015F016F0BA
:1082B00017F018F019F01AF01BF01DF01CF0B4F0D4
:1082C000A4F0B1F02CF42AF02CF00000A5F071F02D
:1082D000000000009EF0A2F02CF30000000000005F
:1082E000A3F0000000000000A1F00000000000006A
:1082F0002CF500000000000000000000000000005D
:10830000000000000000000044F244F544F044F492
:1083100044F300000000000048F248F58CE048F308
:108320004CF24CF590E04CF3000051F452F252F54F
:1083300096E052F452F30000000058F258F59CE029
:1083400058F35CF50000000074F004F548E004F414
:1083500034F00000000061F06FF073F04CE008F3BF
:108360000CF20CF550E00CF3000011F412F212F5CF
:1083700056E012F433F00000000018F218F55CE04B
:108380002FF01CF500001CF340000000000000006E
:1083900000000000000000000000000000000000DD
:1083A00000000000000000000000000000000000CD
:1083B00000000000000000000000000000000000BD
:1083C00000000000000000000000000000000000AD
:1083D000000000000000000000000000000000009D
:1083E000000000000000000000000000000000008D
:1083F000000000007F002CF05EF054F060F061F0AF
:1084000062F064F014F066F067F065F070F01AF056
:1084100034F008F02FF027F01EF01FF020F021F0CC
:1084200022F023F024F025F026F05DF01DF05AF044
:1084300030F048F06FF05FF044F051F04CF04BF04A
:1084400047F05CF058F04DF04AF046F059F053F028
:1084500050F04FF056F055F05BF052F073F04EF0E4
:1084600049F077F076F045F057F078F02DF031F0E4
:108470002EF063F074F035F004F011F00CF00BF016
:1084800007F01CF018F00DF00AF006F019F013F0E8
:1084900010F00FF016F015F01BF012F033F00EF0A4
:1084A00009F037F036F005F017F038F06DF071F0A4
:1084B0006EF075F02AF000000000000000000000DF
:1084C00000000000000000000000000000000000AC
:1084D000000000000000000000000000000000009C
:1084E000000000000000000000000000000000008C
:1084F000000000000000000000000000000000007C
:10850000000000000000000000000000000000006B
:10851000000000000000000000000000000000005B
:10852000000000000000000000000000000000004B
:10853000000000000000000000000000000000003B
:10854000000000000000000000000000000000002B
:10855000000000000000000000000000000000001B
:10856000000000000000000000000000000000000B
:108570000000000000004000800000003F000007F5
:108580000001000200030004000570F02EF06EF000
:10859000B0F030F088F000000000000000000000A3
:1085A00000000000000000000000000000000000CB
:1085B00000000000000000000000AC2000000000EF
:1085C000000000000000000000000000000088F033
:1085D000000000000000000000000000000000009B
:1085E0000000FF072CF05EF05FF060F0A1F062F099
:1085F00063F031F065F066F071F02DF036F038F090
:1086000037F064F027F01EF01FF020F021F022F088
:1086100023F024F025F026F077F076F03F0067F0A5
:108620007F006DF09FF044F045F046F047F048F0D1
:1086300049F04AF04BF04CF04DF04EF04FF050F056
:1086400051F052F053F054F055F056F057F058F006
:1086500059F05AF05BF05CF05DF0A5F0BF00A6F0B9
:108660002CF178F02CF304F005F006F007F008F098
:1086700009F00AF00BF00CF00DF00EF00FF010F016
:1086800011F012F013F014F015F016F017F018F0C6
:1086900019F01AF01BF01CF01DF0A4F0AEF0A7F0DA
:1086A0002CF42AF02CF000000000A0F061F0000093
:1086B000000075F02CF50000000021F00000000023
:1086C0000000000000000000000000002CF290F00C
:1086D000000000000000000000000000000035F075
:1086E0000000000044F344F244F144F444F56FF018
:1086F00073F0000048F348F248F148F54CF34CF2AF
:108700004CF14CF5C7F051F452F352F252F152F4DD
:1087100052F5000074F058F358F258F158F55CF235
:10872000D7F096F004F304F204F104F404F52FF00A
:1087300033F0000008F308F208F108F50CF30CF22E
:108740000CF10CF587F011F412F312F212F112F49D
:1087500012F5000034F018F318F218F118F51CF2B5
:1087600097F01CF54000800000003F000000000072
:1087700000000000000000000000000000000000F9
:108780000000A1F000000000000000000000000058
:1087900000000000000000000000000000000000D9
:1087A0000000000000000000AC20000000000000FD
:1087B000000000000000000000000000A1F0000028
:1087C00000000000000000000000000000000000A9
:1087D000FF002CF05EF05FF031F061F062F064F0C9
:1087E00034F066F067F065F06EF036F02DF037F09B
:1087F00038F027F01EF01FF020F021F022F023F0D7
:1088000024F025F026F073F033F076F02EF077F0B8
:1088100078F074F044F045F046F047F048F049F045
:108820004AF04BF04CF04DF04EF04FF050F051F05C
:1088300052F053F054F055F056F057F058F059F00C
:108840005AF05BF05CF05DF02FF03F0030F063F029
:108850006DF035F004F005F006F007F008F009F0CF
:108860000AF00BF00CF00DF00EF00FF010F011F01C
:1088700012F013F014F015F016F017F018F019F0CC
:108880001AF01BF01CF01DF06FF07F0070F071F01B
:108890002AF02CF00000000060F000000000B5F0AD
:1088A0000000000000000000000075F00000000063
:1088B00000000000000000000000000000000000B8
:1088C00000000000000000000000000000000000A8
:1088D00000000000C4F000000000000000000000E4
:1088E00000000000C8F0000000000000CCF0000014
:1088F0000000000000000000D2F0000000000000B6
:10890000000000000000D8F000000000000000009F
:108910000000000084F000000000000000000000E3
:108920000000000088F00000000000008CF0000053
:10893000000000000000000092F0000000000000B5
:1089400000000000000098F000000000000000009F
:1089500000004000800000003F0000030000000213
:108960000001000000000000B4F035F0000000003D
:10897000A1F0000000000000000000000000000066
:1089800000000000000000000000000000000000E7
:10899000000000000000AC2000000000000000000B
:1089A00000000000000000000000A1F00000000036
:1089B0000000000000000000000000000000FF03B5
:1089C0002CF05EF05FF031F061F062F064F034F0B2
:1089D00066F067F065F06EF036F02DF037F038F0A5
:1089E00027F01EF01FF020F021F022F023F024F0F9
:1089F00025F026F073F033F076F02EF077F078F073
:108A000074F044F045F046F047F048F049F04AF081
:108A10004BF04CF04DF04EF04FF050F051F052F062
:108A200053F054F055F056F057F058F059F05AF012
:108A30005BF05CF05DF02FF03F0030F063F06DF024
:108A4000F4F004F005F006F007F008F009F00AF081
:108A50000BF00CF00DF00EF00FF010F011F012F022
:108A600013F014F015F016F017F018F019F01AF0D2
:108A70001BF01CF01DF06FF07F0070F071F02AF019
:108A80002CF00000000060F000000000B5F00000D5
:108A9000000000000000000075F000000000000071
:108AA00000000000000000000000000000000000C6
:108AB00000000000000000000000000000000000B6
:108AC00004F1C4F0000000000000000000000000FD
:108AD00008F1C8F0000000000CF1CCF0000000002C
:108AE0000000000012F1D2F00000000000000000C1
:108AF000000018F1D8F0000000005CF20000000057
:108B000004F184F0000000000000000000000000FC
:108B100008F188F0000000000CF18CF0000000006B
:108B20000000000012F192F00000000000000000C0
:108B3000000018F198F0000000001CF20000000096
:108B40004000800000003F00000700010002000319
:108B50000004000570F02EF06EF0B0F030F088F0F8
:108B60000000000000000000000000000000000005
:108B700000000000000000000000000000000000F5
:108B800000000000AC200000000000000000000019
:108B9000000000000000000088F00000000000005D
:108BA000000000000000000000000000FF072CF0A3
:108BB0005EF05FF060F0A1F062F063F031F065F01C
:108BC00066F071F02DF036F038F037F064F027F0F1
:108BD0001EF01FF020F021F022F023F024F025F009
:108BE00026F077F076F03F0067F07F006DF09FF0A1
:108BF00044F045F046F047F048F049F04AF04BF0B9
:108C00004CF04DF04EF04FF050F051F052F053F068
:108C100054F055F056F057F058F059F05AF05BF018
:108C20005CF05DF0A5F0ADF0A6F02CF178F02CF33F
:108C300004F005F006F007F008F009F00AF00BF078
:108C40000CF00DF00EF00FF010F011F012F013F028
:108C500014F015F016F017F018F019F01AF01BF0D8
:108C60001CF01DF0A4F0BF00A7F02CF42AF0ACF02B
:108C7000DEF00000A0F061F00000000035F02CF5FF
:108C800000000000E1F00000B8F000000000E7F094
:108C90000000000000002CF290F00000DBF000006B
:108CA00000000000E0F0000075F00000EDF044F37B
:108CB00044F244F144F474F06FF0F4F0000048F32F
:108CC00048F248F148F54CF34CF24CF14CF5C7F042
:108CD00051F452F352F252F152F473F09BF0F3F06C
:108CE00058F358F258F158F55CF2D7F096F004F3C7
:108CF00004F204F104F434F02FF0B4F0000008F3AF
:108D000008F208F108F50CF30CF20CF10CF587F001
:108D100011F412F312F212F112F433F00000B3F076
:108D200018F318F218F118F51CF297F01CF5400032
:108D3000800000003F000000000000000000000074
:108D40000000000000000000000000000000000023
:108D50000000000000000000000000000000000013
:108D60000000000000000000000000000000000003
:108D700000000000000000000000000000000000F3
:108D800000000000000000000000000000000000E3
:108D900000000000000000000000FF002CF05EF06A
:108DA0005FF0B4F061F062F063F02DF065F066F012
:108DB00070F030F036F038F037F064F027F01EF045
:108DC0001FF020F021F022F023F024F025F026F00F
:108DD00077F076F03F0067F07F006DF0B3F044F07D
:108DE00045F046F047F048F049F04AF04BF04CF0BF
:108DF0004DF04EF04FF050F051F052F053F054F06F
:108E000055F056F057F058F059F05AF05BF05CF01E
:108E10005DF0AFF035F0B0F06EF078F0000004F0E7
:108E200005F006F007F008F009F00AF00BF00CF07E
:108E30000DF00EF00FF010F011F012F013F014F02E
:108E400015F016F017F018F019F01AF01BF01CF0DE
:108E50001DF0EFF075F0F0F000002AF02CF00000AB
:108E6000000060F000000000000071F00000000051
:108E700000000000000000000000000074F000008E
:108E800000000000000000000000000000000000E2
:108E900000000000000000000000000000000000D2
:108EA00000000000000000000000000000000000C2
:108EB00000000000000000000000000000000000B2
:108EC00000000000000000000000000000000000A2
:108ED00000000000000000000000000034F000006E
:108EE0000000000000000000000073F02FF06FF0A1
:108EF000000000002EF00000000000000000000054
:108F000033F000000000000000000000000031F01D
:108F10000000000000000000000000004000800091
:108F200000083F00000744F00003000500060002AF
:108F30002FF033F8AFF0B0F06FF0000000042EF81F
:108F400000076FF8000000000000000000000000B3
:108F50000000000000000000000000000000000011
:108F60000000000000000000000000000000000001
:108F700000000000000000000000000000000000F1
:108F80000000000000000000FF0F2CF05EF077F002
:108F900060F061F062F064F076F066F067F065F022
:108FA0006EF036F02DF037F035F027F01EF01FF0A0
:108FB00020F021F022F023F024F025F026F073F0C9
:108FC00033F0B6F02EF0B7F063F05FF044F045F008
:108FD00046F047F048F049F04AF04BF04CF04DF0C5
:108FE0004EF04FF050F051F052F053F054F055F075
:108FF00056F057F058F059F05AF05BF05CF05DF025
:10900000A6F075F0A7F02CF16DF02CF504F005F04A
:1090100006F007F008F009F00AF00BF00CF00DF084
:109020000EF00FF010F011F012F013F014F015F034
:1090300016F017F018F019F01AF01BF01CF01DF0E4
:10904000A4F0B5F0A5F030F82AF0ACF05EF806F820
:1090500060F861F85CF87F0856F82CF246F849F899
:109060009DF0AEF075F855F80000B3F066F81FF803
:1090700020F82CF310F815F800002CF41EF850F826
:109080009BF021F822F823F86DF871F044F344F0D6
:1090900044F644F244F744F870F074F078F08CE051
:1090A00048F24CF54CF390E04CF247F851F652F58B
:1090B00052F396E052F652F276F852F87F0058F3E7
:1090C0009CE018F25CF353F816F831F004F348E032
:1090D00004F604F204F704F830F034F038F04CE011
:1090E00008F20CF50CF350E00CF207F811F612F54B
:1090F00012F356E012F612F277F812F83F0018F366
:109100005CE018F21CF313F81CF240008000000031
:109110003F00000754F000050002000400032FF098
:10912000B4F0B1F0B8F06FF088F00000000000007B
:10913000000000000000000000000000000000002F
:109140000000000000000000000000000000AC2053
:10915000000000000000000000000000000000000F
:10916000000088F000000000000000000000000087
:10917000000000000000FF072CF025F020F0A0F018
:1091800030F074F01EF021F022F02DF070F078F045
:1091900010F02EF076F077F067F05EF05FF060F0A0
:1091A00061F062F063F064F065F066F037F036F07D
:1091B0003F0038F07F0050F09FF054F045F046F04B
:1091C00047F048F049F04AF04BF04CF04DF04EF0CB
:1091D0004FF073F051F052F053F044F055F056F068
:1091E00057F058F059F05DF05BF05CF05AF0B0F0D9
:1091F000BF00AFF0A3F06EF02CF214F005F006F013
:1092000007F008F009F00AF00BF00CF00DF00EF08A
:109210000FF033F011F012F013F004F015F016F027
:1092200017F018F019F01DF01BF01CF01AF0A6F062
:109230009EF0A7F02CF42AF02CF00000000071F052
:1092400000000000000023F02CF3000000000000EC
:1092500000000000000000006DF0000035F075F027
:109260002CF531F0000000000000000000000000BC
:10927000000000000000000054F254F554F054F4D3
:1092800054F300000000000048F248F59CE048F369
:109290004CF24CF5A0E04CF3000051F452F252F5C0
:1092A000A6E052F452F30000000058F258F5ACE08A
:1092B00018F35CF50000000027F014F568E014F4E2
:1092C00014F30000000026F024F01FF05CE008F327
:1092D0000CF20CF560E00CF3000011F412F212F540
:1092E00066E012F412F30000000034F018F56CE0B0
:1092F00018F31CF500001CF34000800000003F0044
:10930000000F0004000100070000000AA0F0A7F011
:10931000A4F00000ADF00000000BAEF00000000073
:10932000000200030005000600080009A2F06EF02C
:10933000A1F0A3F0A5F0A7F000000000510150013A
:10934000710170011101100142014101AC200000C6
:109350002FF06FF031F071F087F096F08EF08FF013
:1093600098F00000FF0F2CF061F05FF09BF0B3F07D
:1093700062F086F05EF065F066F0B8F060F036F00E
:1093800038F037F063F035F01EF01FF020F021F0D8
:1093900022F023F024F025F026F077F0B6F0BF009D
:1093A00064F09DF076F099F044F045F046F047F017
:1093B00048F049F04AF04BF04CF04DF04EF04FF0D1
:1093C00050F051F052F053F054F055F056F057F081
:1093D00058F059F05AF05BF05DF05CF089F094F0D1
:1093E0008AF0A0F078F0A4F004F005F006F007F0A1
:1093F00008F009F00AF00BF00CF00DF00EF00FF091
:1094000010F011F012F013F014F015F016F017F040
:1094100018F019F01AF01BF01DF01CF085F09AF00E
:1094200091F09EF02AF02CF0000000000000B1F056
:109430000000000075F000000000000000000000C7
:109440000000000000002CF20000000000002CF1E1
:109450000000000000002CFB0000000000000000E5
:10946000000000000000000074F00000000088F020
:109470000000000046FB000073F000000000000048
:109480007F000000000087F0000000006EF0000088
:10949000000067F0B0F00000000070F000006DF018
:1094A00000000000B4F0000034F00000000084F080
:1094B0000000000006FB000033F000000000000088
:1094C0003F00000000000000000000002EF000003F
:1094D000000027F0AFF00000000030F000002DF099
:1094E000000000000000400000000000000000003C
:1094F000000000000000000000000000000000006C
:10950000000000000000000000000000000000005B
:10951000000000000000000000000000000000004B
:10952000000000000000000000000000000000003B
:10953000000000000000000000000000000000002B
:10954000000000000000000000000000000000001B
:1095500000007F002CF05EF074F060F061F062F0CB
:1095600064F034F066F067F065F06EF036F02DF0E0
:1095700037F038F027F01EF01FF020F021F022F035
:1095800023F024F025F026F073F033F076F02EF07F
:1095900077F078F05FF044F045F046F047F048F09F
:1095A00049F04AF04BF04CF04DF04EF04FF050F0D7
:1095B00051F052F053F054F055F056F057F058F087
:1095C00059F05AF05BF05CF05DF02FF031F030F0C4
:1095D00063F06DF035F004F005F006F007F008F0E8
:1095E00009F00AF00BF00CF00DF00EF00FF010F097
:1095F00011F012F013F014F015F016F017F018F047
:1096000019F01AF01BF01CF01DF06FF071F070F003
:1096100075F02AF0000000000000000000000000CB
:10962000000000000000000000000000000000003A
:10963000000000000000000000000000000000002A
:10964000000000000000000000000000000000001A
:10965000000000000000000000000000000000000A
:1096600000000000000000000000000000000000FA
:1096700000000000000000000000000000000000EA
:1096800000000000000000000000000000000000DA
:1096900000000000000000000000000000000000CA
:1096A00000000000000000000000000000000000BA
:1096B00000000000000000000000000000000000AA
:1096C000000000000000000000000000000000009A
:1096D000000000004000800000003F00000744F050
:1096E00000020003000000042FF0B8F034F0000086
:1096F00070F00000000530F00000000000000000E5
:109700000000000000000000000000000000000059
:109710000000000000000000000000000000000049
:109720000000000000000000000000000000000039
:109730000000000000000000000000000000000029
:10974000FF072CF05EF05FF075F061F062F064F0FE
:1097500076F066F067F065F06EF036F02DF037F0D9
:1097600060F027F01EF01FF020F021F022F023F02F
:1097700024F025F026F073F033F031F02EF071F084
:1097800063F09FF044F045F046F047F048F049F0B0
:109790004AF04BF04CF04DF04EF04FF050F051F0DD
:1097A00052F053F054F055F056F057F058F059F08D
:1097B0005AF05BF05CF05DF0AFF0B5F0B0F02CF17A
:1097C0006DF02CF304F005F006F007F008F009F056
:1097D0000AF00BF00CF00DF00EF00FF010F011F09D
:1097E00012F013F014F015F016F017F018F019F04D
:1097F0001AF01BF01CF01DF0B4F075F0B1F0B3F0EE
:109800002AF02CF00000A1F0A0F0A2F00000A4F0DB
:1098100092F00000000000003F00A3F0B7F000004D
:10982000B6F0BF009EF0A5F0A6F0000090F093F017
:1098300000000000000000007F00A7F0ADF0AEF0D7
:10984000000044F344F244F0000044F4000000003F
:1098500046F548F378F08CE048F44CF34CF290E095
:109860004CF40000000052F352F296E0000052F473
:109870000000000058F358F29CE018F45CF200007D
:10988000000004F304F248E0000004F400000000CB
:1098900006F508F338F04CE008F40CF30CF250E055
:1098A0000CF40000000012F312F256E0000012F473
:1098B0000000000018F318F25CE018F41CF200003D
:1098C0001CF44000800000003F00000744F000014D
:1098D000000200050004E3F02EF06EF091F098F025
:1098E00088F0000000000000000000000000000000
:1098F0000000000000000000000000000000000068
:10990000000000000000AC2000000000000000008B
:109910000000000000000000000088F000000000CF
:109920000000000000000000000000000000FF0731
:109930002CF05EF05FF031F061F062F063F071F0F6
:1099400065F066F070F030F036F038F037F064F023
:1099500027F01EF01FF020F021F022F023F024F079
:1099600025F026F077F076F035F067F075F06DF0C1
:109970008FF044F045F046F047F048F049F04AF0E7
:109980004BF04CF04DF04EF04FF050F051F052F0E3
:1099900053F054F055F056F057F058F059F05AF093
:1099A0005BF05DF05CF0A2F0E4F0A3F02CF378F053
:1099B0002CF204F005F006F007F008F009F00AF0C8
:1099C0000BF00CF00DF00EF00FF010F011F012F0A3
:1099D00013F014F015F016F017F018F019F01AF053
:1099E0001BF01DF01CF0A5F0A4F0A6F02CF52AF059
:1099F0002CF09EF0A1F0E1F088F09DF0000060F006
:109A00002CF48AF08BF094F00000000095F0E7F061
:109A1000EFF0B0F0000000002CF190F0A0F0E6F0C4
:109A2000000000008DF0D4F0000000000000ADF058
:109A300044F244F144F044F574F0C4F0F4F0C6F09C
:109A400048F248F18CE048F44CF24CF190E04CF4D0
:109A5000000051F552F252F196E052F573F0000019
:109A6000D2F058F258F19CE06FF05DF100002DF05B
:109A700004F204F148E004F534F084F0B4F086F028
:109A800008F208F14CE008F40CF20CF150E00CF490
:109A9000000011F512F212F156E012F533F0000059
:109AA00092F018F218F15CE02FF01DF100001DF4A7
:109AB0004000800000003F0000070001000200039A
:109AC0000004000574F02FF06FF034F063F0000034
:109AD0000000000000000000000000000000000086
:109AE0000000000000000000000000000000000076
:109AF0000000000000000000000000000000000066
:109B00000000000000000000000000000000000055
:109B1000000000000000000000000000FF072CF023
:109B20005EF075F0A0F061F062F064F035F066F080
:109B300067F064F06EF036F02DF037F094F027F017
:109B40001EF01FF020F021F022F023F024F025F089
:109B500026F078F038F076F02EF077F09AF05FF09B
:109B600044F045F046F047F048F049F04AF04BF039
:109B70004CF04DF04EF04FF050F051F052F053F0E9
:109B800054F055F056F057F058F059F05AF05BF099
:109B90005CF05DF030F03F0031F02CF16DF02CF313
:109BA00004F005F006F007F008F009F00AF00BF0F9
:109BB0000CF00DF00EF00FF010F011F012F013F0A9
:109BC00014F015F016F017F018F019F01AF01BF059
:109BD0001CF01DF070F07F0071F02CF42AF02CF0D6
:109BE0000000A2F0A1F0000000000000AEF02CF593
:109BF0000000B0F00000A3F000000000000088F0BA
:109C000000009FF09FF02CF2000000000000000018
:109C10009EF0B1F00000000000000000000044F3DE
:109C200044F244F144F444F500000000000048F31D
:109C300048F248F148F54CF34CF24CF14CF5000079
:109C400051F452F352F252F152F452F50000000076
:109C500058F358F258F158F55CF20000000004F394
:109C600004F204F104F404F500000000000008F31D
:109C700008F208F108F50CF30CF20CF10CF50000F9
:109C800011F412F312F212F112F412F500000000B6
:109C900018F318F218F118F51CF200001CF540003A
:109CA000800000003F0000070001000200030004E4
:109CB000000531F070F070F031F06FF088F00000C6
:109CC0000000000000000000000000000000000094
:109CD0000000000000000000000000000000000084
:109CE0000000AC20000000000000000000000000A8
:109CF00000000000000088F00000000000000000EC
:109D000000000000000000000000FF072CF05EF0E3
:109D10005FF0A0F061F062F063F02DF065F066F0A6
:109D20006FF02FF036F038F037F064F027F01EF0C7
:109D30001FF020F021F022F023F024F025F026F08F
:109D400077F076F03F0067F07F006DF09FF044F011
:109D500045F046F047F048F049F04AF04BF04CF03F
:109D60004DF04EF04FF050F051F052F053F054F0EF
:109D700055F056F057F058F059F05AF05BF05CF09F
:109D80005DF0A5F0B5F0A6F02CF178F02CF304F01E
:109D900005F006F007F008F009F00AF00BF00CF0FF
:109DA0000DF00EF00FF010F011F012F013F014F0AF
:109DB00015F016F017F018F019F01AF01BF01CF05F
:109DC0001DF0A4F075F0A7F02CF42AF02CF00000A0
:109DD0000000A0F0000000000000A1F02CF5000041
:109DE00074F02EF0000000000000000000000000F1
:109DF000000000002CF20000000000000000000045
:109E000034F06EF0000000000000000044F344F263
:109E100044F144F444F50000000073F048F348F2C4
:109E200048F148F54CF34CF24CF14CF5000051F47C
:109E300052F352F252F152F452F50000000058F37E
:109E400058F258F158F55CF20000000004F304F2F7
:109E500004F104F404F50000000033F008F308F204
:109E600008F108F50CF30CF20CF10CF5000011F4FC
:109E700012F312F212F112F412F50000000018F3BE
:109E800018F218F118F51CF200001CF540008000D3
:109E900000003F00000F0000000100000000000073
:109EA00000002EF000000000ADF088F0000BAEF0D6
:109EB0000000000000020003000500060008000981
:109EC00075F06EF0A1F0A3F0A5F0A7F0AC2088F03B
:109ED0001B0161010D0159017E016F01110110018A
:109EE000420141011FF020F021F022F023F033F075
:109EF00096F087F08EF08FF0FF0F2CF074F073F077
:109F00009BF0B3F06DF086F071F070F030F0B8F0C7
:109F10001EF036F038F037F06FF067F05EF05FF06B
:109F200060F061F062F063F064F065F066F077F085
:109F300035F0B6F02DF0B7F076F099F044F045F03A
:109F400046F047F048F049F04AF04BF04CF04DF045
:109F50004EF04FF050F051F052F053F054F055F0F5
:109F600056F057F058F059F05AF05BF05DF05CF0A5
:109F700089F03F008AF0A0F078F0A4F004F005F03A
:109F800006F007F008F009F00AF00BF00CF00DF005
:109F90000EF00FF010F011F012F013F014F015F0B5
:109FA00016F017F018F019F01AF01BF01DF01CF065
:109FB00085F07F0091F09EF02AF02CF00000000068
:109FC0000000B1F00000000034F0000000000000CC
:109FD000000000000000000000002CF20000000063
:109FE00000002CF10000000000002CFB000000002D
:109FF00000000000000000000000000044F100002C
:10A00000000000000000000046FB000048F10000D6
:10A01000000000004CF10000000000000000000003
:10A0200052F1000000000000B0F00000000058F104
:10A03000000000005DF10000B4F0000025F0000019
:10A04000000000000000000006FB000027F00000F8
:10A050000000000026F000000000000000000000EA
:10A0600012F1000000000000AFF0000000002FF02F
:10A070000000000024F0000000004000800000000C
:10A080003F000007000100020003000400056FF01C
:10A0900034F02FF0A1F074F0A2F0000000000000F6
:10A0A00000000000000000000000000000000000B0
:10A0B0000000000000000000000000000000AC20D4
:10A0C0000000000000000000000000000000000090
:10A0D0000000A2F0000000000000000000000000EE
:10A0E000000000000000FF072CF05EF05FF0A0F021
:10A0F00061F062F063F02DF065F066F070F030F022
:10A1000036F038F037F064F027F01EF01FF020F042
:10A1100021F022F023F024F025F026F077F076F0FD
:10A120003F0067F07F006DF09FF044F045F046F08F
:10A1300047F048F049F04AF04BF04CF04DF04EF04B
:10A140004FF050F051F052F053F054F055F056F0FB
:10A1500057F058F059F05AF05BF05CF05DF0AFF05A
:10A16000B5F0B0F02CF178F02CF304F005F006F027
:10A1700007F008F009F00AF00BF00CF00DF00EF00B
:10A180000FF010F011F012F013F014F015F016F0BB
:10A1900017F018F019F01AF01BF01CF01DF0B4F0D5
:10A1A0009EF0B1F02CF42AF02CF02EF0000000000C
:10A1B00000000000000000002CF5000075F0000019
:10A1C000A3F00000000000000000000000000000FC
:10A1D0002CF20000000060F00000000035F00000EC
:10A1E0000000000000002EF044F344F244F144F477
:10A1F00044F50000000071F048F348F248F148F5DA
:10A200004CF34CF24CF14CF5000073F052F352F267
:10A2100052F152F452F50000000058F358F258F190
:10A2200058F55CF20000000004F304F204F104F4B9
:10A2300004F50000000031F008F308F208F108F519
:10A240000CF30CF20CF10CF5000033F012F312F2E7
:10A2500012F112F412F50000000018F318F218F1D0
:10A2600018F51CF200001CF54000800000003F00C3
:10A2700000070001000200030004000570F02EF04A
:10A280006EF0B0F030F088F0000000000000000038
:10A2900000000000000000000000000000000000BE
:10A2A000000000000000000000000000AC200000E2
:10A2B000000000000000000000000000000000009E
:10A2C00088F0000000000000000000000000000016
:10A2D00000000000FF072CF05EF05FF060F0E0F09F
:10A2E00062F063F031F065F066F071F02DF036F059
:10A2F00038F037F064F027F01EF01FF020F021F066
:10A3000022F023F024F025F026F077F076F035F0F7
:10A3100067F075F06DF0B1F044F045F046F047F0AD
:10A3200048F049F04AF04BF04CF04DF04EF04FF051
:10A3300050F051F052F053F054F055F056F057F001
:10A3400058F059F05AF05BF05CF05DF0A5F0E4F0E5
:10A35000A6F02CF178F02CF304F005F006F007F0ED
:10A3600008F009F00AF00BF00CF00DF00EF00FF011
:10A3700010F011F012F013F014F015F016F017F0C1
:10A3800018F019F01AF01BF01CF01DF0A4F0AEF05C
:10A39000E6F02CF42AF02CF09EF0E1F0A1F061F050
:10A3A0009CF0000000002CF58AF084F08BF08FF018
:10A3B000000095F0E7F094F0ADF0000000002CF202
:10A3C00090F0A4F0B7F000000000F1F0CBF0000036
:10A3D00035F00000EDF044F344F244F144F444F568
:10A3E0006FF073F0C6F048F348F248F148F54CF3CB
:10A3F0004CF24CF14CF5000051F452F352F252F190
:10A4000052F452F5000074F058F358F258F158F530
:10A410005CF2000096F004F304F204F104F404F595
:10A420002FF033F086F008F308F208F108F50CF38A
:10A430000CF20CF10CF587F011F412F312F212F198
:10A4400012F412F5000034F018F318F218F118F5B0
:10A450001CF200001CF54000800000003F000007D7
:10A4600044F00002000300000004B4F034F0B1F046
:10A47000000075F0A2F000000000000535F00000BB
:10A4800000000000000000000000000000000000CC
:10A4900000000000000000000000AC2000000000F0
:10A4A0000000000000000000000000000000A2F01A
:10A4B000000000000000000000000000000000009C
:10A4C0000000FF072CF05EF05FF060F061F062F0DA
:10A4D00063F074F065F066F071F031F036F02EF054
:10A4E00037F064F027F01EF01FF020F021F022F08A
:10A4F00023F024F025F026F077F076F03F0067F0A7
:10A500007F0070F094F044F045F046F047F048F0DA
:10A5100049F04AF04BF04CF04DF04EF04FF050F057
:10A5200051F052F053F054F055F056F057F058F007
:10A5300059F05AF05BF05CF05DF0A5F0ADF0A6F0DC
:10A540002CF16EF02CF304F005F006F007F008F0A3
:10A5500009F00AF00BF00CF00DF00EF00FF010F017
:10A5600011F012F013F014F015F016F017F018F0C7
:10A5700019F01AF01BF01CF01DF0A4F0BF00A7F0BA
:10A58000B0F02AF02CF000000000000000000000F5
:10A59000000000002CF4000000000000000000009B
:10A5A00000000000B5F00000000000002CF290F068
:10A5B000000000000000000000000000000000009B
:10A5C0000000000044F384F244F0000044F444F539
:10A5D00073F0000048F348F28CE048F44CF34CF27E
:10A5E00090E04CF46FF0000052F352F296E000005D
:10A5F00052F40000000058F358F29CE058F45CF26A
:10A6000078F0000004F304F248E0000004F404F5DC
:10A6100033F0000008F308F24CE008F40CF30CF2FD
:10A6200050E00CF42FF0000012F312F256E000009C
:10A6300012F40000000018F318F25CE018F41CF2A9
:10A6400038F01CF4E6940200E6940200D49602006E
:10A650001C8F020076850200408B02000479020004
:10A660000A910200BE7D020094AA0200C298020074
:10A670009A81020056A40200528902002E8D020027
:10A68000B8A602009E9C0200B09A02007AA00200C6
:10A69000AC7F0200A6A8020070AE02006487020030
:10A6A00082AC02008C9E0200D07B0200F892020075
:10A6B00068A20200888302004000800000003F0082
:10A6C00000070001000200030004000570F0AEF076
:10A6D0006EF0B0F030F088F00000000000000000E4
:10A6E000000000000000000000000000000000006A
:10A6F000000000000000000000000000AC2000008E
:10A700000000000000000000000000000000000049
:10A7100088F00000000000000000000000000000C1
:10A7200000000000FF072CF05EF05FF060F0A1F089
:10A7300062F063F031F065F066F071F02DF036F004
:10A7400038F037F064F027F01EF01FF020F021F011
:10A7500022F023F024F025F026F077F076F03F0089
:10A7600067F07F006DF09FF044F045F046F047F051
:10A7700048F049F04AF04BF04CF04DF04EF04FF0FD
:10A7800050F051F052F053F054F055F056F057F0AD
:10A7900058F059F05AF05BF05CF05DF0A5F02EF047
:10A7A000A6F02CF178F02CF304F005F006F007F099
:10A7B00008F009F00AF00BF00CF00DF00EF00FF0BD
:10A7C00010F011F012F013F014F015F016F017F06D
:10A7D00018F019F01AF01BF01CF01DF0A4F035F081
:10A7E000A7F02CF42AF02CF000000000A0F061F09B
:10A7F0000000000075F02CF50000000021F00000C2
:10A8000000000000000000000000000000002CF22A
:10A8100090F00000000000000000000000000000B8
:10A8200035F00000000044F344F244F144F444F5F0
:10A830006FF074F0000048F348F248F148F54CF32B
:10A840004CF24CF14CF5C7F051F452F352F252F184
:10A8500052F452F5000073F058F358F258F158F5DD
:10A860005CF2D7F096F004F304F204F104F404F57A
:10A870002FF034F0000008F308F208F108F50CF3AB
:10A880000CF20CF10CF587F011F412F312F212F144
:10A8900012F412F5000033F018F318F218F118F55D
:10A8A0001CF297F01CF54000800000003F000007FC
:10A8B0000001000200030004000570F02EF06EF0AD
:10A8C000B0F030F088F00000000000000000000050
:10A8D0000000000000000000000000000000000078
:10A8E00000000000000000000000AC20000000009C
:10A8F000000000000000000000000000000088F0E0
:10A900000000000000000000000000000000000047
:10A910000000FF072CF05EF05FF060F0A1F062F045
:10A9200063F031F065F066F071F02DF036F038F03C
:10A9300037F064F027F01EF01FF020F021F022F035
:10A9400023F024F025F026F077F076F03F0067F052
:10A950007F006DF09FF044F045F046F047F048F07E
:10A9600049F04AF04BF04CF04DF04EF04FF050F003
:10A9700051F052F053F054F055F056F057F058F0B3
:10A9800059F05AF05BF05CF05DF0A5F0ADF0A6F088
:10A990002CF178F02CF304F005F006F007F008F045
:10A9A00009F00AF00BF00CF00DF00EF00FF010F0C3
:10A9B00011F012F013F014F015F016F017F018F073
:10A9C00019F01AF01BF01CF01DF0A4F0BF00A7F066
:10A9D0002CF42AF02CF000000000A0F061F0000040
:10A9E000000035F02CF50000000021F00000000010
:10A9F0000000000000000000000000002CF290F0B9
:10AA0000000000000000000000000000000075F0E1
:10AA10000000000044F344F244F144F474F06FF099
:10AA20000000000048F348F248F148F54CF34CF2BE
:10AA30004CF14CF5C7F051F452F352F252F152F48A
:10AA400073F00000000058F358F258F158F55CF22A
:10AA5000D7F096F004F304F204F104F434F02FF08C
:10AA60000000000008F308F208F108F50CF30CF2FE
:10AA70000CF10CF587F011F412F312F212F112F44A
:10AA800033F00000000018F318F218F118F51CF26A
:10AA900097F01CF54000800000003F00000744F0E4
:10AAA000000400050000000035F02EF06EF00000FC
:10AAB000000088F00000000000000000000000001E
:10AAC0000000000000000000000000000000000086
:10AAD0000000000000000000AC20000000000000AA
:10AAE00000000000000000000000000088F00000EE
:10AAF0000000000000000000000000000000000056
:10AB0000FF072CF05EF05FF031F061F062F063F06F
:10AB100071F065F066F070F030F036F038F037F034
:10AB200064F027F01EF01FF020F021F022F023F057
:10AB300024F025F026F077F076F03F0067F07F00F4
:10AB40006DF094F044F045F046F047F048F049F0DD
:10AB50004AF04BF04CF04DF04EF04FF050F051F009
:10AB600052F053F054F055F056F057F058F059F0B9
:10AB70005AF05BF05DF05CF0A5F0ADF0A6F02CF3C0
:10AB800078F02CF504F005F006F007F008F009F075
:10AB90000AF00BF00CF00DF00EF00FF010F011F0C9
:10ABA00012F013F014F015F016F017F018F019F079
:10ABB0001AF01BF01DF01CF0A4F0BF00A7F0B0F0DD
:10ABC0002AF02CF000000000000088F000000000D7
:10ABD00060F0000000000000000000000000000025
:10ABE000000075F000009FF0A0F0000090F0000061
:10ABF0000000000000000000000000000000000055
:10AC0000000044F544F444F0000074F0000000003B
:10AC1000000048F548F48CE000004CF54CF490E05E
:10AC200000000000000052F552F496E0000073F0BE
:10AC30000000000058F558F49CE06FF05DF400004F
:10AC40002DF004F504F448E0000034F000000000AA
:10AC5000000008F508F44CE000000CF50CF450E09E
:10AC600000000000000012F512F456E0000033F07E
:10AC70000000000018F518F45CE02FF01DF400004F
:10AC800000004000800000000000000744F00002C7
:10AC900000030004000563F034F035F075F074F043
:10ACA000A2F0000000000000000000000000000012
:10ACB0000000000000000000000000000000000094
:10ACC000000000000000AC200000000000000000B8
:10ACD00000000000000000000000A2F000000000E2
:10ACE0000000000000000000000000000000FF075E
:10ACF0002CF05EF02CF560F061F062F064F02CF264
:10AD000066F067F065F06EF036F02DF037F038F051
:10AD100027F01EF01FF020F021F022F023F024F0A5
:10AD200025F026F073F033F076F02EF077F078F01F
:10AD30005FF044F045F046F047F048F049F04AF043
:10AD40004BF04CF04DF04EF04FF050F051F052F00F
:10AD500053F054F055F056F057F058F059F05AF0BF
:10AD60005BF05CF05DF02FF031F030F02CF16DF025
:10AD70002CF304F005F006F007F008F009F00AF0F3
:10AD80000BF00CF00DF00EF00FF010F011F012F0CF
:10AD900013F014F015F016F017F018F019F01AF07F
:10ADA0001BF01CF01DF06FF071F070F02CF42AF025
:10ADB0002CF09EF0C6F0E1F0A1F0ADF0F1F0D6F08D
:10ADC000F4F086F00000AFF0B1F0000095F0000064
:10ADD000F3F000009FF0A0F0B4F090F0B3F00000AA
:10ADE0000000DEF00000B0F0A3F0A4F0A5F0B8F091
:10ADF00044F3C4F044F044F4D4F0DAF0DDF0F6F0BB
:10AE000048F3C8F08CE048F54CF3CCF090E04CF5FA
:10AE1000C7F0D1F052F3D2F096E052F4D3F0AEF096
:10AE2000CFF058F3D8F09CE0DCF05CF2D7F096F06D
:10AE300004F384F048E004F404F59AF09DF0B6F0D1
:10AE400008F308F24CE008F50CF38CF050E00CF538
:10AE500087F091F012F392F056E012F493F0EEF0D6
:10AE60008FF018F398F05CE09CF01CF297F01CF562
:10AE70004000800000000000000744F000020003D2
:10AE80000004000560F0B3F0B1F0B0F0AFF088F06E
:10AE900000000000000000000000000000000000B2
:10AEA00000000000000000000000000000000000A2
:10AEB00000000000AC201E011F01300131015E01C5
:10AEC000510100000000000088F06FF02FF074F0D6
:10AED0000CF073F033F0000000000000FF072CF0CE
:10AEE0005EF035F0A0F0A1F062F063F05FF065F085
:10AEF00066F02DF061F031F02EF038F064F027F0BC
:10AF00001EF01FF020F021F022F023F024F025F0B5
:10AF100026F078F071F0B5F067F09EF06DF094F0E7
:10AF200044F045F046F047F048F049F04AF04BF065
:10AF30004CF04DF04EF04FF050F051F052F053F015
:10AF400054F055F056F057F058F059F05AF05BF0C5
:10AF50005CF05DF0A5F0ADF0A6F02CF16EF02CF3F6
:10AF600004F005F006F007F008F009F00AF00BF025
:10AF700034F00DF00EF00FF010F011F012F013F0AD
:10AF800014F015F016F017F018F019F01AF01BF085
:10AF90001CF01DF0A4F0AEF0A7F02CF42AF02CF079
:10AFA000000000009FF000000000000000002CF5F1
:10AFB0000000000000000000000000000000000091
:10AFC0000000000000002CF2000000000000000063
:10AFD0000000000000000000A2F00000000044F3A8
:10AFE00044F244F044F444F5000084F077F048F370
:10AFF00048F28CE048F54CF34CF290E04CF5000040
:10B0000051F452F352F296E052F476F00000000050
:10B0100058F358F29CE070F05CF2000096F004F3F4
:10B0200004F248E004F404F50000000037F008F3EF
:10B0300075F04CE008F50CF30CF250E00CF5000054
:10B0400011F412F312F256E012F436F00000000090
:10B0500018F318F25CE030F01CF200001CF5090A4D
:10B06000FFFFFFFFFFFFFFFFFFFFFFFFFF0D0006DA
:10B070000807FFFF0E0FFF0CFFFFFFFFFFFF0B0591
:10B080006FF07F030370037813F0800FFBD07047DD
:10B09000050E08090D0C06070F04001303931A92FE
:10B0A00017C585848687C40D0AFFFFFFFFFFFFFFDA
:10B0B0000000000000000000012202000722020040
:10B0C000F1210200F5210200F9210200FD21020018
:10B0D00000000000000000000F220200AB2102006F
:10B0E0000000000000000000000000000000000060
:10B0F0000000000000000000000000000000000050
:10B10000000000000000000000000000000000003F
:10B11000000000000000000000000000000000002F
:10B12000000000000000000000000000000000001F
:10B13000000000000000000000000000000000000F
:10B140004300FFFF8C8EFF1F232D302B2000686CE7
:10B150004C0065666745464700303132333435363A
:10B160003738394142434445460030313233343573
:10B170003637383961626364656600FFF8B500BF31
:10B18000F8BC08BC9E46704701B40248844601BC26
:10B19000604700BF718CFF1F350400002D140000B4
:10B1A0005D1A000059210000392400005DD700001D
:08B1B000912F01001D22020095
:08B1B800E076FF7F01000000BA
:10B1C0008023037003781B06FCD570470000000045
:10B1D00001000000010000000123456789ABCDEFAD
:10B1E000FEDCBA9876543210F0E1D2C32C01000094
:10B1F000300000000300000061C8FF1F03050002CB
:10B200000203030305000005C5C2FF1F1E00000066
:10B21000C18F0100C58F01000300DD0211C5D7E316
:10B220002BD5642DF81CEA3BCDA79A64B788EECAEB
:10B23000977603AD44ED327A61C71F920000D302C6
:10B240000100000005010906A101050719E029E731
:10B250001500250175019508810295017508050CF9
:10B2600009B88101950575010508190129059102A3
:10B27000950175039101950675081500257F050751
:10B280001900297F8100097695087508B102C0125E
:10B2900001000200000040501DFC6000010102039B
:10B2A00001001803430052005900500054004F00A1
:10B2B000540052005500530054000902820004015A
:10B2C000008032090400000103010102092111017B
:10B2D0000001224B0007058703080005090401004F
:10B2E00002030000020921110100012222000705CA
:10B2F000830340000507050403400005090402001C
:10B3000002030000020921110100012222000705A9
:10B3100085034000050705060340000509040300F6
:10B32000020300000009211101000122210007058C
:10B3300081034000050705020320000206C9FF093A
:10B3400004A15C7508150026FF009540097581026F
:10B3500095200976910295040976B102C006D0F1D4
:10B360000901A1010920150026FF007508954081FB
:10B37000020921150026FF00750895409102C006BC
:10B38000ABFF0902A1010920150026FF00750895F1
:10B390004081020921150026FF00750895409102A1
:10B3A000C00010034F004E004C0059004B004500F8
:10B3B0005900040309040C03000000000000000011
:10B3C0000000000000000000000000000800000075
:10B3D000E0FFFF1FFFFFFFFF0A0400000000000066
:10B3E000E0B0020000B1020020B102000000000045
:10B3F00000000000000000000000000040B102005A
:10B40000000000000000000000000000000000003C
:10B41000000000000000000000000000000000002C
:10B42000000000000000000000000000000000001C
:10B430000000000000000000000000008C8EFF1FD4
:00000001FF
